encoder,task,fold,head,n_train,n_test,n_test_samples,gene,pearson,r2,mse,mean_pred,mean_target,std_pred,std_target,train_mean_pred,train_mean_target
hoptimus1,CCRCC,0,nointercept_f64,55849,18371,4,AKAP8,0.1439629767104698,-0.9892236288226419,0.4184197333869983,-0.10511973881751246,0.347701582039884,0.1519840549320257,0.45863191677140885,-7.328199534419913e-17,0.35207952698136546
hoptimus1,CCRCC,0,nointercept_f64,55849,18371,4,BLVRB,0.15249540698202602,-1.22993235263315,0.34834450820433016,-0.18016428576541615,0.2520582543169042,0.15486508146423822,0.39523795160372543,-3.2569775708532945e-17,0.37015096804314834
hoptimus1,CCRCC,0,nointercept_f64,55849,18371,4,BTF3,0.09721762664764316,-3.032679057189509,0.5974211528499918,-0.4164350492772468,0.2396368571471379,0.1797070702782944,0.38489606214542227,-3.2569775708532945e-17,0.6006411427288154
hoptimus1,CCRCC,0,nointercept_f64,55849,18371,4,CD109,0.2986058186640434,-0.5375132266981517,0.37011784672537623,-0.017927507347244628,0.3570388251776973,0.24778628010832124,0.49063732419033296,-4.885466356279942e-17,0.4874023668605807
hoptimus1,CCRCC,0,nointercept_f64,55849,18371,4,CD14,0.19975151017323853,-1.0366771522974618,0.7746181009507226,-0.14390454730808944,0.4735222755808179,0.29124741410532434,0.6167124627053123,-1.9541865425119767e-16,0.7004610575904594
hoptimus1,CCRCC,0,nointercept_f64,55849,18371,4,CHST15,0.17388793406279945,-1.1418931795994132,0.56911024509943,-0.1172386153998609,0.42651018973862326,0.21524080609223722,0.5154651375233041,-4.885466356279942e-17,0.47235765679396713
hoptimus1,CCRCC,0,nointercept_f64,55849,18371,4,CIB1,0.174242146024757,-2.047197191367353,0.8657841732647664,-0.20454805123441583,0.5336077414446135,0.3059767877340208,0.5330335457094174,-6.513955141706589e-17,0.7433766609134792
hoptimus1,CCRCC,0,nointercept_f64,55849,18371,4,CKB,0.11440889626152236,-1.0277082657855394,0.9021000502759142,-0.17897464533154814,0.4868601569352792,0.21667024908030758,0.6669981321784203,-1.1399421497986532e-16,0.5242236459322882
hoptimus1,CCRCC,0,nointercept_f64,55849,18371,4,CPD,0.1925483517989854,-0.7780332583779199,0.5193801674676917,0.1470706354662286,0.4983861116090874,0.4427085135393532,0.5404714292126986,-1.3027910283413178e-16,0.564075054961264
hoptimus1,CCRCC,0,nointercept_f64,55849,18371,4,CPE,0.32563841174676317,-1.6038747029968325,2.733516463414272,-0.0499067342315813,1.2817485996183213,0.48109954658472376,1.02459163471921,-1.4656399068839827e-16,1.1011824996369504
hoptimus1,CCRCC,0,nointercept_f64,55849,18371,4,DERL1,0.3701651705120255,-0.8895379723767249,0.5957299169758636,0.02459318887620103,0.5517190393005897,0.4218330104195765,0.561496292826326,-1.1399421497986532e-16,0.6185946883582205
hoptimus1,CCRCC,0,nointercept_f64,55849,18371,4,DNAJB12,0.08973446615485886,-0.9601006857761045,0.2441034525743444,-0.130318646143054,0.1934438191464182,0.15715779718208372,0.3528968409944552,-5.699710748993266e-17,0.33685407817164165
hoptimus1,CCRCC,0,nointercept_f64,55849,18371,4,EGFL7,0.12305376533259003,-1.6689228721223333,0.443211614486157,-0.2587182506910237,0.2591616815905794,0.15720962461028415,0.407509328259485,-4.071221963566618e-17,0.4487183465938687
hoptimus1,CCRCC,0,nointercept_f64,55849,18371,4,FLNB,0.2359993411398115,-1.7012633807095514,0.9098718879714521,-0.2324595337933881,0.5235467836480611,0.2792855934174977,0.580372275465458,-9.363810516203221e-17,0.6350858749964493
hoptimus1,CCRCC,0,nointercept_f64,55849,18371,4,GADD45B,0.30828937051004673,-1.2428862729275791,0.8309309307924538,-0.15062071738968036,0.5482276838168784,0.27295990972952366,0.6086657106019696,-4.071221963566618e-17,0.5517125632372767
hoptimus1,CCRCC,0,nointercept_f64,55849,18371,4,GPNMB,0.40430904543136625,-0.9542644510191789,0.7025290601374081,-0.23678771869859197,0.39709403686041694,0.24357578434629576,0.5995708094447445,-1.8727621032406443e-16,0.5627884393468424
hoptimus1,CCRCC,0,nointercept_f64,55849,18371,4,H3F3A,0.0699657457019657,-3.416756377552148,0.678236465027292,-0.4504163290727075,0.2360963699547845,0.2600728847644865,0.3918671383537749,-1.9541865425119767e-16,0.7055452922696459
hoptimus1,CCRCC,0,nointercept_f64,55849,18371,4,HMOX1,0.2825620140995883,-0.5746733252392249,0.7784857064684026,-0.0648031602769285,0.5029291032051185,0.23415030368080134,0.7031210276134029,-4.071221963566618e-17,0.4311843548711726
hoptimus1,CCRCC,0,nointercept_f64,55849,18371,4,HNRNPK,0.10000275134702982,-3.3150188077321,0.8972606442966492,-0.43186047784755166,0.3734790266296651,0.25255433792944143,0.45600327635890103,-1.6284887854266473e-16,0.8356579622651759
hoptimus1,CCRCC,0,nointercept_f64,55849,18371,4,HSPA1A,-0.03891613526011954,-1.1880067265643612,1.6519330964559418,0.14376011732580507,1.0359931270504263,0.2855635051786473,0.8689042086081593,8.142443927133236e-17,0.6820328400835965
hoptimus1,CCRCC,0,nointercept_f64,55849,18371,4,HTRA1,0.19101480162652243,-2.687438439888694,2.290615449588347,-0.2350107916055735,1.0581694446919006,0.2911608119274547,0.7881587537535076,-7.124638436241583e-18,0.9139458908642238
hoptimus1,CCRCC,0,nointercept_f64,55849,18371,4,IFI27,0.1847616344471929,-2.878431052888792,1.6736790896299263,-0.3474579882974344,0.7394761043902831,0.3960531584082491,0.6569133040292383,-4.0712219635666183e-16,1.2027191357270322
hoptimus1,CCRCC,0,nointercept_f64,55849,18371,4,IFI6,0.12892484928952158,-1.6337155981537341,1.152255105547326,-0.197101801580677,0.6172743946626952,0.3277976543334179,0.6614391283542602,-2.442733178139971e-16,0.8939899583219656
hoptimus1,CCRCC,0,nointercept_f64,55849,18371,4,IRF7,0.0474742498277123,-1.2580169907734677,0.3635209743839104,-0.1945962136774674,0.23679625416326314,0.148636655034345,0.40123714740525707,-9.770932712559884e-17,0.33066852011333364
hoptimus1,CCRCC,0,nointercept_f64,55849,18371,4,ISG15,0.17787246128783388,-0.943100427202745,0.45512056197971673,-0.13624284145884266,0.3254972060837241,0.20897989251061,0.483966838679216,-1.3027910283413178e-16,0.4916550929690349
hoptimus1,CCRCC,0,nointercept_f64,55849,18371,4,KRTCAP2,0.10996336157683329,-2.0641310753936866,0.5406818553428351,-0.30601730479159484,0.28170337445215127,0.1909148361926523,0.4200657066625613,-5.699710748993266e-17,0.5391301741247675
hoptimus1,CCRCC,0,nointercept_f64,55849,18371,4,LAPTM4B,0.362743025651716,-0.7353502177041427,0.6553583229989512,0.007155688957840137,0.5739159452578413,0.301541093497629,0.6145338959632896,-1.4656399068839827e-16,0.5353134475413208
hoptimus1,CCRCC,0,nointercept_f64,55849,18371,4,LRRC41,0.39072897766562503,-1.0921122486682067,0.7743418192516698,-0.029325076201500457,0.6136591411248165,0.4551858839817483,0.6083785117945949,-3.0941286923106297e-16,0.8226604270632815
hoptimus1,CCRCC,0,nointercept_f64,55849,18371,4,LY6E,0.07533337855026905,-4.247682869710667,2.5618973575939767,-0.4717317667788143,0.9269002957956876,0.3994796247270018,0.6987101819159491,-5.699710748993266e-17,1.0797822075600154
hoptimus1,CCRCC,0,nointercept_f64,55849,18371,4,NAMPT,0.15798974523632445,-0.9299055234688947,0.5866018094736024,0.009989333496109204,0.5111877871652439,0.28467615122223994,0.5513199074887374,-9.770932712559884e-17,0.635863086091204
hoptimus1,CCRCC,0,nointercept_f64,55849,18371,4,NOL3,0.19689679124101853,-2.260627838349842,0.771389020999826,-0.3583833102337927,0.37024690149579376,0.21014505061841252,0.4863916499212692,-1.6284887854266473e-17,0.535429681749164
hoptimus1,CCRCC,0,nointercept_f64,55849,18371,4,NOTCH3,0.19614411121293682,-1.7440063806062875,0.5730678719608461,-0.2748044533190347,0.3291772966269124,0.1760378365670343,0.4569939726513875,-1.2213665890699855e-17,0.5420306513125016
hoptimus1,CCRCC,0,nointercept_f64,55849,18371,4,NT5DC2,0.10513171926846483,-0.7525634490666446,0.20688181914753015,-0.10774265712648227,0.18041217807952298,0.12043016985453997,0.34357716215440365,0.0,0.3418296937876421
hoptimus1,CCRCC,0,nointercept_f64,55849,18371,4,PARP10,0.11351808869051101,-1.7545753046759485,0.46811016853181875,-0.25667461349057974,0.2746324393052449,0.1812349275882472,0.41223675685135697,-1.2213665890699854e-16,0.5014360841145483
hoptimus1,CCRCC,0,nointercept_f64,55849,18371,4,PTGS1,0.172083241460225,-0.9278642846637106,0.8145442265733376,-0.06210101167923052,0.5660425700552676,0.21175730532041273,0.6500086050423981,-1.791337663969312e-16,0.32812034499986964
hoptimus1,CCRCC,0,nointercept_f64,55849,18371,4,PXN,0.10409304692798665,-2.4489634018759623,1.0085077070576582,-0.309635545150478,0.5125220070198802,0.2644325566564901,0.5407484929616073,-5.699710748993266e-17,0.6266063179896617
hoptimus1,CCRCC,0,nointercept_f64,55849,18371,4,RXRA,0.1626024905804596,-1.00623731896505,0.4434251922055241,-0.1036960372703976,0.3631996598554406,0.1777068361803544,0.4701311515877909,-4.071221963566618e-17,0.42851234759641343
hoptimus1,CCRCC,0,nointercept_f64,55849,18371,4,S100A9,0.4974073692831061,-0.2964357456529383,0.6210488630188715,0.0038236756839089155,0.5041908873009388,0.24347213977997595,0.6921295427867123,-7.328199534419913e-17,0.4433532578167906
hoptimus1,CCRCC,0,nointercept_f64,55849,18371,4,SCARB1,0.3955978907698989,-1.3195491162685298,1.013982168245236,-0.14874649240636503,0.6490934251486578,0.3548301755486754,0.6611703541669429,-9.770932712559884e-17,0.6143035966452793
hoptimus1,CCRCC,0,nointercept_f64,55849,18371,4,SEMA4B,0.19390797615556682,-0.9641680906147911,0.43013439581135177,-0.08415566557262229,0.34886274373587794,0.2692719676941614,0.4679643405254676,-1.0585177105273208e-16,0.5149420740636461
hoptimus1,CCRCC,0,nointercept_f64,55849,18371,4,SLC15A4,0.2740028020975289,-0.7501020969422938,0.44327816861298935,-0.00825265294117981,0.4217498939678825,0.2931573236172236,0.5032762994512114,-1.0585177105273208e-16,0.5096740769956611
hoptimus1,CCRCC,0,nointercept_f64,55849,18371,4,SLC39A14,0.3626898275700803,-1.3083989231939799,0.9769208260958778,-0.043402545842169,0.7174714075825339,0.41046837815260534,0.6505403702032987,-1.791337663969312e-16,0.7381115722797981
hoptimus1,CCRCC,0,nointercept_f64,55849,18371,4,STK39,0.34673892010961355,-0.8671453856863605,1.0734326858138934,0.019017061799790753,0.7719374171378441,0.29042973143115247,0.7582254190870529,-1.2213665890699854e-16,0.41936094232522425
hoptimus1,CCRCC,0,nointercept_f64,55849,18371,4,TFRC,0.21507767914612194,-0.4837139901937546,0.3376289139378947,0.13123195885576674,0.3642186606678509,0.3601170416539516,0.4770289320292593,-1.791337663969312e-16,0.5276065159062566
hoptimus1,CCRCC,0,nointercept_f64,55849,18371,4,TM2D3,0.11916147185386439,-0.7712515174683843,0.31019513429206935,-0.05762792114370592,0.2904096012194385,0.17802344410670803,0.4184825688516833,-7.328199534419913e-17,0.31546759032082944
hoptimus1,CCRCC,0,nointercept_f64,55849,18371,4,TMEM91,0.4316798570275413,-0.8219711043592817,0.603676972979675,-0.024637855503006893,0.5503663922503456,0.3072870183286602,0.5756142841129211,-4.071221963566618e-17,0.49139794895827354
hoptimus1,CCRCC,0,nointercept_f64,55849,18371,4,TP53INP1,0.15075760293483217,-0.9598349776517912,0.49256279890819166,-0.11166906121141347,0.38048460631370284,0.14436124393923683,0.501326950306127,-2.442733178139971e-17,0.35339233105960755
hoptimus1,CCRCC,0,nointercept_f64,55849,18371,4,TRBC1,0.25507457344813655,-0.731210385267097,0.43689525217629543,-0.07508290859406513,0.3617956248347705,0.22857755044815506,0.502358480607802,-1.7099132246979797e-16,0.5053873122966834
hoptimus1,CCRCC,0,nointercept_f64,55849,18371,4,VMP1,0.14546088130186935,-3.487503050979347,1.2227110196390951,-0.4290499359566461,0.5287050781028855,0.272680479429185,0.5219868168407635,-1.3842154676126502e-16,0.9123802290630608
hoptimus1,CCRCC,0,nointercept_f64,55849,18371,4,YWHAE,0.10837883651171278,-3.411802586785967,0.5981678439330189,-0.4394428401129491,0.2196705300198896,0.21237841155726486,0.36821671217549845,-1.4656399068839827e-16,0.6586275174006492
hoptimus1,CCRCC,0,intercept_f64,55849,18371,4,AKAP8,0.1439629767104645,-0.06265121248504979,0.22352149379732125,0.24695978816385403,0.347701582039884,0.1519840549320247,0.45863191677140885,0.35207952698136585,0.35207952698136546
hoptimus1,CCRCC,0,intercept_f64,55849,18371,4,BLVRB,0.15249540698202618,-0.05868924778131457,0.16538106410453263,0.18998668227773277,0.2520582543169042,0.15486508146423678,0.39523795160372543,0.3701509680431485,0.37015096804314834
hoptimus1,CCRCC,0,intercept_f64,55849,18371,4,BTF3,0.09721762664764118,-0.14795234748071517,0.17006337601454077,0.18420609345156963,0.2396368571471379,0.17970707027829236,0.38489606214542227,0.6006411427288155,0.6006411427288154
hoptimus1,CCRCC,0,intercept_f64,55849,18371,4,CD109,0.2986058186640382,-0.005961051917205751,0.2421599580152985,0.4694748595133375,0.3570388251776973,0.24778628010831957,0.49063732419033296,0.48740236686058114,0.4874023668605807
hoptimus1,CCRCC,0,intercept_f64,55849,18371,4,CD14,0.19975151017324305,-0.052487098368612095,0.40029690346050373,0.5565565102823713,0.4735222755808179,0.2912474141053237,0.6167124627053123,0.7004610575904598,0.7004610575904594
hoptimus1,CCRCC,0,intercept_f64,55849,18371,4,CHST15,0.17388793406279646,-0.04832390624944671,0.2785441780718474,0.35511904139410744,0.42651018973862326,0.21524080609223628,0.5154651375233041,0.4723576567939676,0.47235765679396713
hoptimus1,CCRCC,0,intercept_f64,55849,18371,4,CIB1,0.17424214602475407,-0.129565249795204,0.32093745646428457,0.5388286096790651,0.5336077414446135,0.3059767877340192,0.5330335457094174,0.7433766609134798,0.7433766609134792
hoptimus1,CCRCC,0,intercept_f64,55849,18371,4,CKB,0.11440889626151,-0.07626951368491786,0.47881778596462343,0.3452490006007411,0.4868601569352792,0.216670249080307,0.6669981321784203,0.5242236459322885,0.5242236459322882
hoptimus1,CCRCC,0,intercept_f64,55849,18371,4,CPD,0.19254835179898397,-0.5104761905457504,0.44122424206919164,0.7111456904274935,0.4983861116090874,0.4427085135393522,0.5404714292126986,0.5640750549612639,0.564075054961264
hoptimus1,CCRCC,0,intercept_f64,55849,18371,4,CPE,0.3256384117467543,0.03473058823316144,1.0133282625535276,1.0512757654053724,1.2817485996183213,0.4810995465847227,1.02459163471921,1.101182499636951,1.1011824996369504
hoptimus1,CCRCC,0,intercept_f64,55849,18371,4,DERL1,0.37016517051202485,-0.03475254609264611,0.32623480310319736,0.6431878772344227,0.5517190393005897,0.4218330104195756,0.561496292826326,0.6185946883582208,0.6185946883582205
hoptimus1,CCRCC,0,intercept_f64,55849,18371,4,DNAJB12,0.08973446615485794,-0.1197766668452751,0.13945270897188283,0.20653543202858862,0.1934438191464182,0.1571577971820832,0.3528968409944552,0.33685407817164204,0.33685407817164165
hoptimus1,CCRCC,0,intercept_f64,55849,18371,4,EGFL7,0.12305376533258777,-0.08268784763225989,0.179795315161,0.1900000959028456,0.2591616815905794,0.15720962461028348,0.407509328259485,0.4487183465938686,0.4487183465938687
hoptimus1,CCRCC,0,intercept_f64,55849,18371,4,FLNB,0.23599934113980345,-0.04784614371186491,0.352948089361166,0.40262634120306284,0.5235467836480611,0.2792855934174965,0.580372275465458,0.63508587499645,0.6350858749964493
hoptimus1,CCRCC,0,intercept_f64,55849,18371,4,GADD45B,0.3082893705100422,0.01695976078901107,0.3641907977384097,0.4010918458475974,0.5482276838168784,0.2729599097295231,0.6086657106019696,0.5517125632372769,0.5517125632372767
hoptimus1,CCRCC,0,intercept_f64,55849,18371,4,GPNMB,0.4043090454313677,0.1494023188270851,0.30577723971687915,0.32600072064825175,0.39709403686041694,0.24357578434629562,0.5995708094447445,0.5627884393468428,0.5627884393468424
hoptimus1,CCRCC,0,intercept_f64,55849,18371,4,H3F3A,0.0699657457019624,-0.34995581946000986,0.20729901870680392,0.2551289631969397,0.2360963699547845,0.26007288476448553,0.3918671383537749,0.7055452922696461,0.7055452922696459
hoptimus1,CCRCC,0,intercept_f64,55849,18371,4,HMOX1,0.28256201409959136,0.03958108567002483,0.4748111148159574,0.36638119459424495,0.5029291032051185,0.2341503036808,0.7031210276134029,0.4311843548711728,0.4311843548711726
hoptimus1,CCRCC,0,intercept_f64,55849,18371,4,HNRNPK,0.10000275134702835,-0.20039122075379256,0.24960813570768084,0.40379748441762586,0.3734790266296651,0.25255433792943877,0.45600327635890103,0.8356579622651764,0.8356579622651759
hoptimus1,CCRCC,0,intercept_f64,55849,18371,4,HSPA1A,-0.03891613526011537,-0.19211124827211234,0.9000374641307946,0.8257929574094027,1.0359931270504263,0.28556350517864587,0.8689042086081593,0.6820328400835969,0.6820328400835965
hoptimus1,CCRCC,0,intercept_f64,55849,18371,4,HTRA1,0.19101480162651258,-0.22686108287056794,0.7621190147941399,0.678935099258652,1.0581694446919006,0.2911608119274525,0.7881587537535076,0.9139458908642241,0.9139458908642238
hoptimus1,CCRCC,0,intercept_f64,55849,18371,4,IFI27,0.18476163444719093,-0.1717692416021097,0.5056595439746758,0.8552611474296019,0.7394761043902831,0.3960531584082478,0.6569133040292383,1.2027191357270344,1.2027191357270322
hoptimus1,CCRCC,0,intercept_f64,55849,18371,4,IFI6,0.1289248492895152,-0.13230381600625307,0.49538486765182144,0.6968881567412912,0.6172743946626952,0.32779765433341673,0.6614391283542602,0.8939899583219666,0.8939899583219656
hoptimus1,CCRCC,0,intercept_f64,55849,18371,4,IRF7,0.04747424982770639,-0.16507467652172614,0.1875668267199886,0.13607230643586735,0.23679625416326314,0.14863665503434528,0.40123714740525707,0.3306685201133341,0.33066852011333364
hoptimus1,CCRCC,0,intercept_f64,55849,18371,4,ISG15,0.17787246128783044,-0.03666448830534175,0.2428116004179715,0.35541225151019357,0.3254972060837241,0.20897989251060964,0.483966838679216,0.4916550929690355,0.4916550929690349
hoptimus1,CCRCC,0,intercept_f64,55849,18371,4,KRTCAP2,0.10996336157683435,-0.1199856850701082,0.19762729571982135,0.23311286933317366,0.28170337445215127,0.1909148361926506,0.4200657066625613,0.5391301741247679,0.5391301741247675
hoptimus1,CCRCC,0,intercept_f64,55849,18371,4,LAPTM4B,0.36274302565171734,0.11259541282122176,0.33513003665880853,0.5424691364991623,0.5739159452578413,0.3015410934976277,0.6145338959632896,0.535313447541321,0.5353134475413208
hoptimus1,CCRCC,0,intercept_f64,55849,18371,4,LRRC41,0.39072897766562215,-0.062336450675493094,0.39319665586637614,0.7933353508617839,0.6136591411248165,0.4551858839817464,0.6083785117945949,0.8226604270632826,0.8226604270632815
hoptimus1,CCRCC,0,intercept_f64,55849,18371,4,LY6E,0.07533337855026069,-0.44898987197539086,0.7073909411753115,0.608050440781203,0.9269002957956876,0.3994796247270007,0.6987101819159491,1.0797822075600165,1.0797822075600154
hoptimus1,CCRCC,0,intercept_f64,55849,18371,4,NAMPT,0.15798974523632253,-0.1631263316376914,0.353536482738638,0.6458524195873143,0.5111877871652439,0.28467615122223994,0.5513199074887374,0.6358630860912043,0.635863086091204
hoptimus1,CCRCC,0,intercept_f64,55849,18371,4,NOL3,0.1968967912410118,-0.17430549723086042,0.27781348033943776,0.17704637151537242,0.37024690149579376,0.21014505061841143,0.4863916499212692,0.5354296817491645,0.535429681749164
hoptimus1,CCRCC,0,intercept_f64,55849,18371,4,NOTCH3,0.19614411121293351,-0.015649830689336675,0.21211185631497362,0.2672261979934677,0.3291772966269124,0.1760378365670333,0.4569939726513875,0.5420306513125015,0.5420306513125016
hoptimus1,CCRCC,0,intercept_f64,55849,18371,4,NT5DC2,0.10513171926846523,-0.0735678308229577,0.12672960053868812,0.2340870366611608,0.18041217807952298,0.1204301698545392,0.34357716215440365,0.34182969378764255,0.3418296937876421
hoptimus1,CCRCC,0,intercept_f64,55849,18371,4,PARP10,0.11351808869050815,-0.09871836992184702,0.18671525895118934,0.24476147062397002,0.2746324393052449,0.18123492758824647,0.41223675685135697,0.501436084114549,0.5014360841145483
hoptimus1,CCRCC,0,intercept_f64,55849,18371,4,PTGS1,0.17208324146022375,-0.2070539810993992,0.5099938098798192,0.26601933332064026,0.5660425700552676,0.21175730532041254,0.6500086050423981,0.32812034499987003,0.32812034499986964
hoptimus1,CCRCC,0,intercept_f64,55849,18371,4,PXN,0.10409304692797847,-0.26810404972398416,0.37080495165650346,0.31697077283918546,0.5125220070198802,0.264432556656489,0.5407484929616073,0.6266063179896625,0.6266063179896617
hoptimus1,CCRCC,0,intercept_f64,55849,18371,4,RXRA,0.16260249058045737,-0.026619736683176187,0.2269068817319973,0.32481631032601704,0.3631996598554406,0.17770683618035366,0.4701311515877909,0.4285123475964138,0.42851234759641343
hoptimus1,CCRCC,0,intercept_f64,55849,18371,4,S100A9,0.49740736928310925,0.21941898704243645,0.3739321074854035,0.4471769335007004,0.5041908873009388,0.2434721397799756,0.6921295427867123,0.44335325781679075,0.4433532578167906
hoptimus1,CCRCC,0,intercept_f64,55849,18371,4,SCARB1,0.39559789076989516,0.05953847870247053,0.41111921529411755,0.46555710423891566,0.6490934251486578,0.35483017554867363,0.6611703541669429,0.6143035966452796,0.6143035966452793
hoptimus1,CCRCC,0,intercept_f64,55849,18371,4,SEMA4B,0.19390797615556554,-0.13859185064607815,0.24934093985820083,0.43078640849102506,0.34886274373587794,0.2692719676941608,0.4679643405254676,0.5149420740636464,0.5149420740636461
hoptimus1,CCRCC,0,intercept_f64,55849,18371,4,SLC15A4,0.27400280209752675,-0.04515232074712294,0.2647235309710485,0.5014214240544824,0.4217498939678825,0.2931573236172221,0.5032762994512114,0.5096740769956617,0.5096740769956611
hoptimus1,CCRCC,0,intercept_f64,55849,18371,4,SLC39A14,0.36268982757007623,0.05834790254952904,0.3985097790911278,0.6947090264376309,0.7174714075825339,0.4104683781526039,0.6505403702032987,0.7381115722797988,0.7381115722797981
hoptimus1,CCRCC,0,intercept_f64,55849,18371,4,STK39,0.34673892010960994,-0.07462043559960829,0.6178055063409785,0.43837800412501576,0.7719374171378441,0.2904297314311518,0.7582254190870529,0.41936094232522436,0.41936094232522425
hoptimus1,CCRCC,0,intercept_f64,55849,18371,4,TFRC,0.21507767914612208,-0.6266148392608357,0.37014694557350736,0.6588384747620245,0.3642186606678509,0.36011704165395075,0.4770289320292593,0.527606515906257,0.5276065159062566
hoptimus1,CCRCC,0,intercept_f64,55849,18371,4,TM2D3,0.11916147185386237,-0.08564128203905619,0.19012581779263335,0.25783966917712436,0.2904096012194385,0.1780234441067074,0.4184825688516833,0.3154675903208297,0.31546759032082944
hoptimus1,CCRCC,0,intercept_f64,55849,18371,4,TMEM91,0.4316798570275412,0.15481370095038594,0.2800371012434856,0.4667600934552678,0.5503663922503456,0.3072870183286589,0.5756142841129211,0.49139794895827366,0.49139794895827354
hoptimus1,CCRCC,0,intercept_f64,55849,18371,4,TP53INP1,0.15075760293482823,-0.07270782460170788,0.2696022749474638,0.241723269848195,0.38048460631370284,0.1443612439392363,0.501326950306127,0.3533923310596077,0.35339233105960755
hoptimus1,CCRCC,0,intercept_f64,55849,18371,4,TRBC1,0.2550745734481352,0.006491380592406282,0.25072585198732833,0.4303044037026199,0.3617956248347705,0.2285775504481547,0.502358480607802,0.5053873122966841,0.5053873122966834
hoptimus1,CCRCC,0,intercept_f64,55849,18371,4,VMP1,0.14546088130186716,-0.12847269937435546,0.30747522379639947,0.4833302931064162,0.5287050781028855,0.2726804794291841,0.5219868168407635,0.9123802290630613,0.9123802290630608
hoptimus1,CCRCC,0,intercept_f64,55849,18371,4,YWHAE,0.10837883651171336,-0.20765128785652687,0.16373764529802554,0.21918467728770122,0.2196705300198896,0.2123784115572634,0.36821671217549845,0.6586275174006496,0.6586275174006492
hoptimus1,CCRCC,0,ycentered_f64,55849,18371,4,AKAP8,0.1439629767104644,-0.06265121248505001,0.2235214937973213,0.24695978816385364,0.347701582039884,0.1519840549320247,0.45863191677140885,0.35207952698136535,0.35207952698136546
hoptimus1,CCRCC,0,ycentered_f64,55849,18371,4,BLVRB,0.15249540698202604,-0.05868924778131501,0.16538106410453268,0.1899866822777327,0.2520582543169042,0.1548650814642368,0.39523795160372543,0.37015096804314834,0.37015096804314834
hoptimus1,CCRCC,0,ycentered_f64,55849,18371,4,BTF3,0.09721762664764148,-0.1479523474807154,0.1700633760145408,0.18420609345156957,0.2396368571471379,0.17970707027829244,0.38489606214542227,0.6006411427288154,0.6006411427288154
hoptimus1,CCRCC,0,ycentered_f64,55849,18371,4,CD109,0.29860581866403807,-0.005961051917205085,0.24215995801529835,0.4694748595133371,0.3570388251776973,0.24778628010831935,0.49063732419033296,0.4874023668605807,0.4874023668605807
hoptimus1,CCRCC,0,ycentered_f64,55849,18371,4,CD14,0.19975151017324286,-0.052487098368610985,0.40029690346050334,0.5565565102823709,0.4735222755808179,0.2912474141053237,0.6167124627053123,0.7004610575904592,0.7004610575904594
hoptimus1,CCRCC,0,ycentered_f64,55849,18371,4,CHST15,0.1738879340627964,-0.04832390624944716,0.27854417807184756,0.3551190413941071,0.42651018973862326,0.21524080609223628,0.5154651375233041,0.47235765679396713,0.47235765679396713
hoptimus1,CCRCC,0,ycentered_f64,55849,18371,4,CIB1,0.1742421460247542,-0.12956524979520423,0.3209374564642847,0.5388286096790647,0.5336077414446135,0.3059767877340192,0.5330335457094174,0.7433766609134792,0.7433766609134792
hoptimus1,CCRCC,0,ycentered_f64,55849,18371,4,CKB,0.11440889626150973,-0.07626951368491874,0.4788177859646238,0.3452490006007408,0.4868601569352792,0.216670249080307,0.6669981321784203,0.5242236459322881,0.5242236459322882
hoptimus1,CCRCC,0,ycentered_f64,55849,18371,4,CPD,0.19254835179898397,-0.5104761905457498,0.4412242420691914,0.7111456904274934,0.4983861116090874,0.4427085135393522,0.5404714292126986,0.5640750549612638,0.564075054961264
hoptimus1,CCRCC,0,ycentered_f64,55849,18371,4,CPE,0.3256384117467542,0.034730588233161,1.013328262553528,1.051275765405372,1.2817485996183213,0.4810995465847225,1.02459163471921,1.1011824996369501,1.1011824996369504
hoptimus1,CCRCC,0,ycentered_f64,55849,18371,4,DERL1,0.37016517051202474,-0.034752546092645886,0.32623480310319725,0.6431878772344224,0.5517190393005897,0.42183301041957555,0.561496292826326,0.6185946883582205,0.6185946883582205
hoptimus1,CCRCC,0,ycentered_f64,55849,18371,4,DNAJB12,0.08973446615485792,-0.11977666684527621,0.13945270897188297,0.20653543202858832,0.1934438191464182,0.15715779718208314,0.3528968409944552,0.3368540781716416,0.33685407817164165
hoptimus1,CCRCC,0,ycentered_f64,55849,18371,4,EGFL7,0.12305376533258786,-0.08268784763225989,0.17979531516100003,0.19000009590284575,0.2591616815905794,0.1572096246102836,0.407509328259485,0.4487183465938687,0.4487183465938687
hoptimus1,CCRCC,0,ycentered_f64,55849,18371,4,FLNB,0.23599934113980348,-0.04784614371186513,0.352948089361166,0.4026263412030622,0.5235467836480611,0.2792855934174965,0.580372275465458,0.6350858749964493,0.6350858749964493
hoptimus1,CCRCC,0,ycentered_f64,55849,18371,4,GADD45B,0.3082893705100422,0.016959760789010292,0.36419079773840995,0.4010918458475971,0.5482276838168784,0.27295990972952305,0.6086657106019696,0.5517125632372767,0.5517125632372767
hoptimus1,CCRCC,0,ycentered_f64,55849,18371,4,GPNMB,0.40430904543136786,0.14940231882708477,0.3057772397168792,0.32600072064825125,0.39709403686041694,0.24357578434629562,0.5995708094447445,0.5627884393468422,0.5627884393468424
hoptimus1,CCRCC,0,ycentered_f64,55849,18371,4,H3F3A,0.06996574570196243,-0.3499558194600101,0.20729901870680395,0.2551289631969398,0.2360963699547845,0.2600728847644856,0.3918671383537749,0.7055452922696458,0.7055452922696459
hoptimus1,CCRCC,0,ycentered_f64,55849,18371,4,HMOX1,0.28256201409959136,0.039581085670024496,0.47481111481595756,0.36638119459424495,0.5029291032051185,0.23415030368080003,0.7031210276134029,0.4311843548711726,0.4311843548711726
hoptimus1,CCRCC,0,ycentered_f64,55849,18371,4,HNRNPK,0.10000275134702824,-0.20039122075379145,0.24960813570768065,0.4037974844176254,0.3734790266296651,0.25255433792943877,0.45600327635890103,0.8356579622651759,0.8356579622651759
hoptimus1,CCRCC,0,ycentered_f64,55849,18371,4,HSPA1A,-0.03891613526011549,-0.19211124827211257,0.9000374641307948,0.8257929574094028,1.0359931270504263,0.2855635051786459,0.8689042086081593,0.6820328400835967,0.6820328400835965
hoptimus1,CCRCC,0,ycentered_f64,55849,18371,4,HTRA1,0.19101480162651255,-0.22686108287056816,0.76211901479414,0.678935099258652,1.0581694446919006,0.29116081192745263,0.7881587537535076,0.9139458908642238,0.9139458908642238
hoptimus1,CCRCC,0,ycentered_f64,55849,18371,4,IFI27,0.184761634447191,-0.1717692416021086,0.5056595439746753,0.8552611474295998,0.7394761043902831,0.3960531584082478,0.6569133040292383,1.2027191357270317,1.2027191357270322
hoptimus1,CCRCC,0,ycentered_f64,55849,18371,4,IFI6,0.12892484928951498,-0.1323038160062533,0.49538486765182155,0.6968881567412901,0.6172743946626952,0.3277976543334168,0.6614391283542602,0.8939899583219654,0.8939899583219656
hoptimus1,CCRCC,0,ycentered_f64,55849,18371,4,IRF7,0.04747424982770633,-0.16507467652172703,0.18756682671998873,0.13607230643586685,0.23679625416326314,0.14863665503434526,0.40123714740525707,0.33066852011333353,0.33066852011333364
hoptimus1,CCRCC,0,ycentered_f64,55849,18371,4,ISG15,0.17787246128783044,-0.03666448830534197,0.24281160041797156,0.3554122515101931,0.3254972060837241,0.2089798925106097,0.483966838679216,0.49165509296903476,0.4916550929690349
hoptimus1,CCRCC,0,ycentered_f64,55849,18371,4,KRTCAP2,0.1099633615768344,-0.11998568507010798,0.1976272957198213,0.2331128693331734,0.28170337445215127,0.1909148361926506,0.4200657066625613,0.5391301741247675,0.5391301741247675
hoptimus1,CCRCC,0,ycentered_f64,55849,18371,4,LAPTM4B,0.36274302565171734,0.11259541282122154,0.3351300366588086,0.542469136499162,0.5739159452578413,0.30154109349762775,0.6145338959632896,0.5353134475413207,0.5353134475413208
hoptimus1,CCRCC,0,ycentered_f64,55849,18371,4,LRRC41,0.39072897766562226,-0.06233645067549065,0.3931966558663752,0.7933353508617823,0.6136591411248165,0.4551858839817466,0.6083785117945949,0.8226604270632811,0.8226604270632815
hoptimus1,CCRCC,0,ycentered_f64,55849,18371,4,LY6E,0.0753333785502605,-0.4489898719753913,0.7073909411753118,0.6080504407812025,0.9269002957956876,0.3994796247270006,0.6987101819159491,1.0797822075600154,1.0797822075600154
hoptimus1,CCRCC,0,ycentered_f64,55849,18371,4,NAMPT,0.15798974523632242,-0.1631263316376914,0.3535364827386381,0.6458524195873141,0.5111877871652439,0.28467615122224,0.5513199074887374,0.635863086091204,0.635863086091204
hoptimus1,CCRCC,0,ycentered_f64,55849,18371,4,NOL3,0.1968967912410123,-0.17430549723086064,0.2778134803394378,0.17704637151537195,0.37024690149579376,0.21014505061841146,0.4863916499212692,0.535429681749164,0.535429681749164
hoptimus1,CCRCC,0,ycentered_f64,55849,18371,4,NOTCH3,0.19614411121293351,-0.015649830689335786,0.21211185631497345,0.267226197993468,0.3291772966269124,0.17603783656703342,0.4569939726513875,0.5420306513125016,0.5420306513125016
hoptimus1,CCRCC,0,ycentered_f64,55849,18371,4,NT5DC2,0.10513171926846529,-0.07356783082295659,0.126729600538688,0.23408703666116035,0.18041217807952298,0.12043016985453919,0.34357716215440365,0.3418296937876421,0.3418296937876421
hoptimus1,CCRCC,0,ycentered_f64,55849,18371,4,PARP10,0.11351808869050811,-0.09871836992184768,0.18671525895118946,0.24476147062396933,0.2746324393052449,0.18123492758824647,0.41223675685135697,0.5014360841145482,0.5014360841145483
hoptimus1,CCRCC,0,ycentered_f64,55849,18371,4,PTGS1,0.17208324146022355,-0.2070539810994001,0.5099938098798197,0.26601933332063976,0.5660425700552676,0.2117573053204125,0.6500086050423981,0.3281203449998695,0.32812034499986964
hoptimus1,CCRCC,0,ycentered_f64,55849,18371,4,PXN,0.10409304692797855,-0.2681040497239855,0.37080495165650385,0.3169707728391846,0.5125220070198802,0.26443255665648896,0.5407484929616073,0.6266063179896617,0.6266063179896617
hoptimus1,CCRCC,0,ycentered_f64,55849,18371,4,RXRA,0.16260249058045734,-0.02661973668317663,0.2269068817319974,0.32481631032601666,0.3631996598554406,0.17770683618035366,0.4701311515877909,0.4285123475964134,0.42851234759641343
hoptimus1,CCRCC,0,ycentered_f64,55849,18371,4,S100A9,0.4974073692831093,0.21941898704243623,0.3739321074854037,0.4471769335007001,0.5041908873009388,0.2434721397799755,0.6921295427867123,0.4433532578167906,0.4433532578167906
hoptimus1,CCRCC,0,ycentered_f64,55849,18371,4,SCARB1,0.39559789076989516,0.05953847870246998,0.4111192152941178,0.4655571042389153,0.6490934251486578,0.35483017554867363,0.6611703541669429,0.6143035966452793,0.6143035966452793
hoptimus1,CCRCC,0,ycentered_f64,55849,18371,4,SEMA4B,0.19390797615556557,-0.13859185064607793,0.24934093985820077,0.43078640849102484,0.34886274373587794,0.26927196769416084,0.4679643405254676,0.5149420740636461,0.5149420740636461
hoptimus1,CCRCC,0,ycentered_f64,55849,18371,4,SLC15A4,0.27400280209752675,-0.04515232074712294,0.26472353097104856,0.5014214240544819,0.4217498939678825,0.29315732361722213,0.5032762994512114,0.509674076995661,0.5096740769956611
hoptimus1,CCRCC,0,ycentered_f64,55849,18371,4,SLC39A14,0.36268982757007623,0.058347902549529373,0.39850977909112767,0.6947090264376301,0.7174714075825339,0.4104683781526039,0.6505403702032987,0.738111572279798,0.7381115722797981
hoptimus1,CCRCC,0,ycentered_f64,55849,18371,4,STK39,0.34673892010960994,-0.07462043559960829,0.6178055063409785,0.4383780041250155,0.7719374171378441,0.29042973143115186,0.7582254190870529,0.4193609423252241,0.41936094232522425
hoptimus1,CCRCC,0,ycentered_f64,55849,18371,4,TFRC,0.21507767914612205,-0.6266148392608337,0.3701469455735069,0.6588384747620241,0.3642186606678509,0.3601170416539508,0.4770289320292593,0.5276065159062564,0.5276065159062566
hoptimus1,CCRCC,0,ycentered_f64,55849,18371,4,TM2D3,0.11916147185386237,-0.08564128203905619,0.19012581779263335,0.2578396691771242,0.2904096012194385,0.1780234441067074,0.4184825688516833,0.31546759032082944,0.31546759032082944
hoptimus1,CCRCC,0,ycentered_f64,55849,18371,4,TMEM91,0.4316798570275412,0.15481370095038594,0.2800371012434856,0.466760093455268,0.5503663922503456,0.3072870183286588,0.5756142841129211,0.4913979489582735,0.49139794895827354
hoptimus1,CCRCC,0,ycentered_f64,55849,18371,4,TP53INP1,0.15075760293482837,-0.07270782460170833,0.2696022749474639,0.24172326984819478,0.38048460631370284,0.14436124393923633,0.501326950306127,0.35339233105960755,0.35339233105960755
hoptimus1,CCRCC,0,ycentered_f64,55849,18371,4,TRBC1,0.2550745734481353,0.006491380592406282,0.25072585198732833,0.4303044037026192,0.3617956248347705,0.22857755044815464,0.502358480607802,0.5053873122966833,0.5053873122966834
hoptimus1,CCRCC,0,ycentered_f64,55849,18371,4,VMP1,0.1454608813018671,-0.12847269937435546,0.30747522379639947,0.4833302931064159,0.5287050781028855,0.27268047942918416,0.5219868168407635,0.9123802290630606,0.9123802290630608
hoptimus1,CCRCC,0,ycentered_f64,55849,18371,4,YWHAE,0.10837883651171339,-0.20765128785652665,0.1637376452980255,0.21918467728770094,0.2196705300198896,0.21237841155726342,0.36821671217549845,0.6586275174006492,0.6586275174006492
hoptimus1,CCRCC,1,nointercept_f64,67651,6569,4,AKAP8,0.23991292132966838,-0.23318596501799882,0.3684718977649468,0.25169508772907645,0.4565588890063489,0.3430480859212364,0.54662299691393,1.1427332877666096e-16,0.3407455902226764
hoptimus1,CCRCC,1,nointercept_f64,67651,6569,4,BLVRB,0.28275663323422295,-0.20175656447135215,0.554107121347516,0.4909852004025635,0.8101450841999214,0.3594131032629143,0.6790294561850203,6.049764464646756e-17,0.29535824372423697
hoptimus1,CCRCC,1,nointercept_f64,67651,6569,4,BTF3,0.5003698683326281,-0.3316268352308438,0.9875621099677738,0.8620306812788198,1.510860252315041,0.534061398336807,0.8611740609742369,6.721960516274174e-17,0.4142249912854825
hoptimus1,CCRCC,1,nointercept_f64,67651,6569,4,CD109,0.20661555124061354,-0.31536574757075186,0.3767516565884176,0.22061951496456086,0.4480213630070587,0.336063727966948,0.5351854785908968,7.730254593715299e-17,0.45582537893811886
hoptimus1,CCRCC,1,nointercept_f64,67651,6569,4,CD14,0.25867308686076446,-0.5813011646028836,0.8663028769946336,0.37996284530266483,0.8975590916960402,0.48677756832129765,0.7401633606188013,2.016588154882252e-16,0.6196961117605576
hoptimus1,CCRCC,1,nointercept_f64,67651,6569,4,CHST15,0.07527182563725511,-0.614104048842159,0.4070028898358071,0.222095573642163,0.366835466384307,0.4056670560934965,0.5021494403138781,1.9661734510101957e-16,0.47015386751557264
hoptimus1,CCRCC,1,nointercept_f64,67651,6569,4,CIB1,0.28572114085961253,-0.4621774307106161,0.7408279425442775,0.47344539322531215,0.9040667888036256,0.503533963884188,0.7118010745585704,1.3443921032548348e-16,0.670809540402727
hoptimus1,CCRCC,1,nointercept_f64,67651,6569,4,CKB,0.2853406553458919,-0.22548203009948264,0.4932647761375605,0.6338785377048645,0.6221208359701917,0.5323012806152252,0.6344341883972486,1.571258270679088e-16,0.5045714412683062
hoptimus1,CCRCC,1,nointercept_f64,67651,6569,4,CPD,0.173747370022431,-0.4308992776318257,0.39274612613293186,0.24416508494608433,0.4278159026124013,0.39570599683786556,0.5239036483743967,1.8821489445567687e-16,0.559467802939222
hoptimus1,CCRCC,1,nointercept_f64,67651,6569,4,CPE,0.41742312768043127,-1.8952346447272408,2.245561965952439,0.024755372428116904,1.2674338388958375,0.6142946580980938,0.8806850791578282,2.1510273652077356e-16,1.1340729931280464
hoptimus1,CCRCC,1,nointercept_f64,67651,6569,4,DERL1,0.16623998597350556,-0.6612209390305195,0.5849801207265406,0.20697057572417177,0.5729883690551093,0.42820019777080853,0.5934127258374711,1.8821489445567687e-16,0.6048626720194288
hoptimus1,CCRCC,1,nointercept_f64,67651,6569,4,DNAJB12,0.16174809642868285,-0.19282395091118887,0.30970608570321057,0.3288057880618401,0.4074927033999137,0.30751032873474715,0.509549868968983,1.0755136826038678e-16,0.2910511336818795
hoptimus1,CCRCC,1,nointercept_f64,67651,6569,4,EGFL7,0.23323022250089756,-0.7560172108735181,1.3029794778507113,0.39420084723942966,1.1549373242132448,0.35128266343305137,0.8613990802296513,1.0082940774411261e-17,0.3286684144900253
hoptimus1,CCRCC,1,nointercept_f64,67651,6569,4,FLNB,0.39788808091446115,-0.3980870004487118,0.588407893157888,0.3591703745345399,0.7708398980044724,0.5124869624426309,0.6487421953624442,1.9157587471381394e-16,0.5916149311182961
hoptimus1,CCRCC,1,nointercept_f64,67651,6569,4,GADD45B,0.2711943089062259,-0.6357297141571241,0.756131314780473,0.21855560426310705,0.7403298747250979,0.42022530975546246,0.6798965551854436,1.747709734231285e-16,0.532451239103182
hoptimus1,CCRCC,1,nointercept_f64,67651,6569,4,GPNMB,0.150173397701275,-0.12303429445265635,0.6896414856158317,0.6137182780523207,0.6888804640430968,0.4070833306031145,0.783637445141896,1.3443921032548348e-16,0.5055495163699786
hoptimus1,CCRCC,1,nointercept_f64,67651,6569,4,H3F3A,0.4900984956839135,-0.20046944976500392,0.9066283806034937,1.105949938437848,1.6379138374459274,0.6491135305470124,0.8690386637461817,8.066352619529009e-17,0.48752966611320603
hoptimus1,CCRCC,1,nointercept_f64,67651,6569,4,HMOX1,0.3894936284716781,-0.31469628104311975,0.6425639905959126,0.2898408524849212,0.764552034804004,0.32334054625680386,0.6991099363954714,2.3526861806959606e-16,0.41829659980715506
hoptimus1,CCRCC,1,nointercept_f64,67651,6569,4,HNRNPK,0.46111880762015994,-0.6323897007451897,1.2385095529140338,0.88643961890872,1.6567280169472627,0.6202405068892318,0.8710393144356792,1.3443921032548348e-16,0.6304237688938051
hoptimus1,CCRCC,1,nointercept_f64,67651,6569,4,HSPA1A,0.019468796209916126,-1.4268783604760937,1.49501747055814,-0.04358432435230228,0.8240448483086591,0.3708725586117445,0.784872529871445,2.0165881548822522e-17,0.764363146358998
hoptimus1,CCRCC,1,nointercept_f64,67651,6569,4,HTRA1,0.3063876974291474,-1.3674175229770977,1.4240531210343041,0.17185567277865604,1.0593282788796845,0.5399365288055432,0.775578329777703,2.4871253910214444e-16,0.9389937689516829
hoptimus1,CCRCC,1,nointercept_f64,67651,6569,4,IFI27,0.30063434275508544,-0.5951706883225392,1.2334409310494536,0.5180381439889721,1.0715837271033148,0.7373067004166998,0.8793375067387043,2.823223416835153e-16,1.089656369035657
hoptimus1,CCRCC,1,nointercept_f64,67651,6569,4,IFI6,0.2782500041858239,-0.7388881855543861,0.9170505415294089,0.37165652477050637,0.870726610322506,0.6280171013999656,0.7262076297712737,3.0921018374861197e-16,0.8211052310159981
hoptimus1,CCRCC,1,nointercept_f64,67651,6569,4,IRF7,0.0698806162551454,-0.4503681885335322,0.33611781696735166,0.28304979654196294,0.33981908872113376,0.3534533402012323,0.4814006078149847,1.4452215109989472e-16,0.3042884594645127
hoptimus1,CCRCC,1,nointercept_f64,67651,6569,4,ISG15,0.2237825039875053,-0.3906421765278796,0.5328036069045469,0.20975340343014026,0.5720205199938057,0.33247043731372544,0.6189789495839735,9.410744722783843e-17,0.4387304203094177
hoptimus1,CCRCC,1,nointercept_f64,67651,6569,4,KRTCAP2,0.3457550681982456,-0.10711948667254556,0.6137139602510093,0.7286447748958089,1.0123464218429423,0.4699408272434676,0.7445360891254422,4.7053723613919216e-17,0.4232746026173792
hoptimus1,CCRCC,1,nointercept_f64,67651,6569,4,LAPTM4B,0.20161394837308483,-0.4362546961879967,0.4009793340790382,0.30014676358127507,0.4556255448733786,0.4366345552626816,0.5283786540671053,1.3443921032548348e-16,0.5535339663536948
hoptimus1,CCRCC,1,nointercept_f64,67651,6569,4,LRRC41,0.16793758215480242,-0.4616936874682076,1.1191658012618797,0.4468930062465161,0.888548473622959,0.5712562796435766,0.8750221156670728,2.823223416835153e-16,0.7595071669218784
hoptimus1,CCRCC,1,nointercept_f64,67651,6569,4,LY6E,0.43869065528523643,-2.148977430917673,2.2860262647355034,0.4044709973765415,1.6594473260199212,0.7270668153976825,0.8520318585659773,3.1929312452302323e-16,0.9819800499542803
hoptimus1,CCRCC,1,nointercept_f64,67651,6569,4,NAMPT,0.2076623753167426,-0.602877120344331,0.5879886668302347,0.2015636548359914,0.5964536762324656,0.4104434057199252,0.6056676292250541,1.8821489445567687e-16,0.6058335299396799
hoptimus1,CCRCC,1,nointercept_f64,67651,6569,4,NOL3,0.3281121398172306,-0.24864310695288183,0.7877593845444719,0.6700944168501555,1.0308600961209287,0.5682441480148361,0.794287322315166,2.016588154882252e-16,0.4424664550704337
hoptimus1,CCRCC,1,nointercept_f64,67651,6569,4,NOTCH3,0.3031584356357399,-1.4843903805144643,1.4443368711122235,0.3788584321911256,1.3211886294085171,0.3997214382368089,0.7624727543668623,9.410744722783843e-17,0.4085719036658787
hoptimus1,CCRCC,1,nointercept_f64,67651,6569,4,NT5DC2,0.13596618785666695,-0.5996070775908635,0.31065620896189733,-0.02700115604295264,0.302400746761455,0.1673110191495713,0.440690167214858,2.0165881548822522e-17,0.30182448428506514
hoptimus1,CCRCC,1,nointercept_f64,67651,6569,4,PARP10,0.2920758727448146,-0.24707217979917329,0.569777897344377,0.39240212727779333,0.7145592489821814,0.4166897814827783,0.6759382198801431,1.3443921032548348e-16,0.41915177451369695
hoptimus1,CCRCC,1,nointercept_f64,67651,6569,4,PTGS1,0.03615538923072514,-0.900117147731291,0.27626954885723937,0.09420545205358484,0.19589404287467466,0.36123848072998893,0.38130835431826793,2.8904430219978944e-16,0.40556877555009246
hoptimus1,CCRCC,1,nointercept_f64,67651,6569,4,PXN,0.22913567943732946,-0.38524806092739805,0.676802813261753,0.6013692000613114,0.7583634996000427,0.5951665077742785,0.698984108605793,1.9157587471381394e-16,0.5828323042600132
hoptimus1,CCRCC,1,nointercept_f64,67651,6569,4,RXRA,0.19012266828744526,-0.3679700203859766,0.3766527163881987,0.23301327348156964,0.4334833986375553,0.3663705255406271,0.5247256111727508,1.814929339394027e-16,0.41029363359693566
hoptimus1,CCRCC,1,nointercept_f64,67651,6569,4,S100A9,0.28712729012126925,-0.5289059989803,0.39393637195961045,-0.08234845728015946,0.3099042166493439,0.2062206761050092,0.5076012093001272,1.0755136826038678e-16,0.47283212498331056
hoptimus1,CCRCC,1,nointercept_f64,67651,6569,4,SCARB1,0.28589008452506776,-0.32050333252439533,0.7486499199980949,0.8106513895832227,0.8859812876535417,0.6868244400953302,0.7529560730191618,2.4871253910214444e-16,0.5973707085460981
hoptimus1,CCRCC,1,nointercept_f64,67651,6569,4,SEMA4B,0.22144247246040455,-0.2741736512547508,0.3386300332585185,0.26248531646372264,0.39424241854005215,0.3759562263185803,0.5155234517486971,2.3526861806959608e-17,0.4815624146304235
hoptimus1,CCRCC,1,nointercept_f64,67651,6569,4,SLC15A4,0.21566150441528378,-0.2662573467585041,0.5071172117030133,0.3656020176931668,0.5350215204920938,0.44721304689861546,0.6328389282667086,1.7140999316499144e-16,0.48333651328290905
hoptimus1,CCRCC,1,nointercept_f64,67651,6569,4,SLC39A14,0.37299117504251633,-0.8085269534209256,1.0172251265697398,0.2763655297044095,0.9521696167569996,0.555965826651235,0.7499737222685816,2.9576626271606363e-16,0.7117213081325692
hoptimus1,CCRCC,1,nointercept_f64,67651,6569,4,STK39,0.10036314029222357,-0.6953990069813021,0.37172219260060685,0.17688381513553594,0.3055924447745307,0.4186277778498733,0.46824514475369133,1.814929339394027e-16,0.5261520862727364
hoptimus1,CCRCC,1,nointercept_f64,67651,6569,4,TFRC,0.08407079008547781,-0.7671516794878179,0.3504887646149085,-0.026563796696200185,0.27609395734032355,0.2863453049565231,0.4453486461623627,6.721960516274174e-18,0.5076598441443442
hoptimus1,CCRCC,1,nointercept_f64,67651,6569,4,TM2D3,0.17653852020632788,-0.31337842707622166,0.2964870639485351,0.3238110645347128,0.34954259478713773,0.3615766855700053,0.4751250577944952,1.3780019058362055e-16,0.30535422877228124
hoptimus1,CCRCC,1,nointercept_f64,67651,6569,4,TMEM91,0.4852281333716897,-0.15519426971751615,0.47908528575771425,0.35077592420710385,0.7221020615287778,0.4678023128510904,0.6439896732898241,2.167832266498421e-16,0.4850094839872164
hoptimus1,CCRCC,1,nointercept_f64,67651,6569,4,TP53INP1,0.20070580086665626,-0.18309287618629821,0.34174468226248617,0.2820775858872457,0.4458037755100635,0.3020797852531708,0.5374542024359382,2.0165881548822522e-17,0.3517761156318672
hoptimus1,CCRCC,1,nointercept_f64,67651,6569,4,TRBC1,0.15472952364991446,-0.4208367889527753,0.8004574033944014,-0.0283363057347123,0.4568651107225376,0.23923992960640997,0.7505800485875134,8.066352619529009e-17,0.4711057710301502
hoptimus1,CCRCC,1,nointercept_f64,67651,6569,4,VMP1,0.36150246328890656,-0.38995309348092566,0.9470586603923358,0.8385808440033434,1.3094243189573178,0.6631577576548597,0.8254454304940229,1.6132705239058017e-16,0.7696376410036861
hoptimus1,CCRCC,1,nointercept_f64,67651,6569,4,YWHAE,0.5402646685457227,-0.20769908848188368,0.7771035705751406,0.9050731794171442,1.455631760669673,0.5688295711233254,0.8021583026133402,1.0755136826038678e-16,0.4620361929678078
hoptimus1,CCRCC,1,intercept_f64,67651,6569,4,AKAP8,0.23991292132967013,-0.15451937851497788,0.3449665812581737,0.5924406779517516,0.4565588890063489,0.34304808592123576,0.54662299691393,0.3407455902226764,0.3407455902226764
hoptimus1,CCRCC,1,intercept_f64,67651,6569,4,BLVRB,0.2827566332342251,0.017936966243142005,0.45281060799214223,0.7863434441267995,0.8101450841999214,0.3594131032629136,0.6790294561850203,0.29535824372423686,0.29535824372423697
hoptimus1,CCRCC,1,intercept_f64,67651,6569,4,BTF3,0.5003698683326306,0.16180663039281162,0.6216216065567465,1.2762556725643004,1.510860252315041,0.534061398336806,0.8611740609742369,0.41422499128548207,0.4142249912854825
hoptimus1,CCRCC,1,intercept_f64,67651,6569,4,CD109,0.2066155512406145,-0.3169916929955465,0.3772173655620967,0.6764448939026783,0.4480213630070587,0.33606372796694706,0.5351854785908968,0.4558253789381186,0.45582537893811886
hoptimus1,CCRCC,1,intercept_f64,67651,6569,4,CD14,0.25867308686076773,-0.11130874784436262,0.6088213852221174,0.9996589570632203,0.8975590916960402,0.4867775683212964,0.7401633606188013,0.6196961117605576,0.6196961117605576
hoptimus1,CCRCC,1,intercept_f64,67651,6569,4,CHST15,0.07527182563725579,-0.9509799186557968,0.4919475082626391,0.692249441157734,0.366835466384307,0.4056670560934955,0.5021494403138781,0.47015386751557253,0.47015386751557264
hoptimus1,CCRCC,1,intercept_f64,67651,6569,4,CIB1,0.28572114085961675,-0.21004730924790627,0.6130835011286547,1.1442549336280365,0.9040667888036256,0.5035339638841864,0.7118010745585704,0.6708095404027266,0.670809540402727
hoptimus1,CCRCC,1,intercept_f64,67651,6569,4,CKB,0.285340655345892,-0.8874772572017267,0.7597223165016684,1.1384499789731688,0.6221208359701917,0.532301280615224,0.6344341883972486,0.5045714412683059,0.5045714412683062
hoptimus1,CCRCC,1,intercept_f64,67651,6569,4,CPD,0.1737473700224338,-0.8225953182558914,0.5002569097230345,0.8036328878853044,0.4278159026124013,0.3957059968378644,0.5239036483743967,0.559467802939222,0.559467802939222
hoptimus1,CCRCC,1,intercept_f64,67651,6569,4,CPE,0.4174231276804334,0.0805806660452929,0.7131073437692027,1.1588283655561598,1.2674338388958375,0.614294658098092,0.8806850791578282,1.134072993128046,1.1340729931280464
hoptimus1,CCRCC,1,intercept_f64,67651,6569,4,DERL1,0.16623998597350892,-0.4427781578169885,0.5080579717674099,0.8118332477435986,0.5729883690551093,0.42820019777080714,0.5934127258374711,0.6048626720194287,0.6048626720194288
hoptimus1,CCRCC,1,intercept_f64,67651,6569,4,DNAJB12,0.1617480964286851,-0.34267285864465924,0.34861301629056424,0.6198569217437186,0.4074927033999137,0.3075103287347466,0.509549868968983,0.29105113368187946,0.2910511336818795
hoptimus1,CCRCC,1,intercept_f64,67651,6569,4,EGFL7,0.23323022250089978,-0.22767118437770906,0.9109423010706751,0.7228692617294536,1.1549373242132448,0.3512826634330509,0.8613990802296513,0.3286684144900251,0.3286684144900253
hoptimus1,CCRCC,1,intercept_f64,67651,6569,4,FLNB,0.39788808091446193,-0.072350768999766,0.45131644633766166,0.950785305652834,0.7708398980044724,0.5124869624426298,0.6487421953624442,0.5916149311182961,0.5916149311182961
hoptimus1,CCRCC,1,intercept_f64,67651,6569,4,GADD45B,0.27119430890622787,-0.04702468108187641,0.4839969231236922,0.7510068433662875,0.7403298747250979,0.4202253097554613,0.6798965551854436,0.5324512391031822,0.532451239103182
hoptimus1,CCRCC,1,intercept_f64,67651,6569,4,GPNMB,0.15017339770127958,-0.4154744718197154,0.8692253855638471,1.1192677944222973,0.6888804640430968,0.40708333060311364,0.783637445141896,0.5055495163699784,0.5055495163699786
hoptimus1,CCRCC,1,intercept_f64,67651,6569,4,H3F3A,0.4900984956839156,0.1716183365956072,0.6256171918085635,1.5934796045510513,1.6379138374459274,0.6491135305470115,0.8690386637461817,0.48752966611320553,0.48752966611320603
hoptimus1,CCRCC,1,intercept_f64,67651,6569,4,HMOX1,0.3894936284716822,0.1398632353343715,0.42039588909712317,0.7081374522920747,0.764552034804004,0.3233405462568034,0.6991099363954714,0.41829659980715506,0.41829659980715506
hoptimus1,CCRCC,1,intercept_f64,67651,6569,4,HNRNPK,0.4611188076201627,0.1238709118834046,0.6647274512470378,1.5168633878025224,1.6567280169472627,0.6202405068892308,0.8710393144356792,0.6304237688938047,0.6304237688938051
hoptimus1,CCRCC,1,intercept_f64,67651,6569,4,HSPA1A,0.019468796209924255,-0.2221924405667639,0.7529009614939877,0.7207788220066937,0.8240448483086591,0.37087255861174445,0.784872529871445,0.7643631463589983,0.764363146358998
hoptimus1,CCRCC,1,intercept_f64,67651,6569,4,HTRA1,0.30638769742915023,-0.062471854640129276,0.639099924676032,1.1108494417303365,1.0593282788796845,0.5399365288055401,0.775578329777703,0.9389937689516829,0.9389937689516829
hoptimus1,CCRCC,1,intercept_f64,67651,6569,4,IFI27,0.3006343427550912,-0.5706012478564211,1.2144429932452172,1.6076945130246252,1.0715837271033148,0.7373067004166983,0.8793375067387043,1.0896563690356569,1.089656369035657
hoptimus1,CCRCC,1,intercept_f64,67651,6569,4,IFI6,0.2782500041858267,-0.46325202465974247,0.7716862261505381,1.192761755786502,0.870726610322506,0.628017101399964,0.7262076297712737,0.8211052310159981,0.8211052310159981
hoptimus1,CCRCC,1,intercept_f64,67651,6569,4,IRF7,0.06988061625514694,-0.7008270921942195,0.39416080260645664,0.5873382560064746,0.33981908872113376,0.3534533402012316,0.4814006078149847,0.3042884594645126,0.3042884594645127
hoptimus1,CCRCC,1,intercept_f64,67651,6569,4,ISG15,0.22378250398750782,-0.0633662906103829,0.4074127799809055,0.6484838237395567,0.5720205199938057,0.3324704373137247,0.6189789495839735,0.43873042030941767,0.4387304203094177
hoptimus1,CCRCC,1,intercept_f64,67651,6569,4,KRTCAP2,0.34575506819824836,0.002933325973799805,0.5527079457250201,1.1519193775131862,1.0123464218429423,0.4699408272434667,0.7445360891254422,0.42327460261737876,0.4232746026173792
hoptimus1,CCRCC,1,intercept_f64,67651,6569,4,LAPTM4B,0.20161394837308688,-0.9172073221441506,0.5352536130013751,0.853680729934968,0.4556255448733786,0.4366345552626804,0.5283786540671053,0.553533966353695,0.5535339663536948
hoptimus1,CCRCC,1,intercept_f64,67651,6569,4,LRRC41,0.16793758215480775,-0.33888539891717984,1.025135952302297,1.2064001731683915,0.888548473622959,0.5712562796435753,0.8750221156670728,0.7595071669218781,0.7595071669218784
hoptimus1,CCRCC,1,intercept_f64,67651,6569,4,LY6E,0.4386906552852393,-0.08213882316893373,0.7855876474583809,1.386451047330819,1.6594473260199212,0.72706681539768,0.8520318585659773,0.9819800499542801,0.9819800499542803
hoptimus1,CCRCC,1,intercept_f64,67651,6569,4,NAMPT,0.2076623753167461,-0.29908525586110524,0.47654770162824167,0.8073971847756691,0.5964536762324656,0.4104434057199238,0.6056676292250541,0.6058335299396798,0.6058335299396799
hoptimus1,CCRCC,1,intercept_f64,67651,6569,4,NOL3,0.3281121398172314,-0.05292531373983245,0.6642825259710381,1.112560871920587,1.0308600961209287,0.568244148014835,0.794287322315166,0.44246645507043336,0.4424664550704337
hoptimus1,CCRCC,1,intercept_f64,67651,6569,4,NOTCH3,0.30315843563574135,-0.4470238471527177,0.8412485864594823,0.7874303358570025,1.3211886294085171,0.399721438236808,0.7624727543668623,0.4085719036658785,0.4085719036658787
hoptimus1,CCRCC,1,intercept_f64,67651,6569,4,NT5DC2,0.13596618785666872,-0.044814291036875176,0.20291110940292204,0.27482332824211175,0.302400746761455,0.16731101914957078,0.440690167214858,0.3018244842850653,0.30182448428506514
hoptimus1,CCRCC,1,intercept_f64,67651,6569,4,PARP10,0.29207587274481683,-0.040508812874466615,0.4754006489531189,0.8115539017914885,0.7145592489821814,0.4166897814827775,0.6759382198801431,0.4191517745136967,0.41915177451369695
hoptimus1,CCRCC,1,intercept_f64,67651,6569,4,PTGS1,0.03615538923072635,-1.4641117742887908,0.3582721460249917,0.4997742276036759,0.19589404287467466,0.3612384807299879,0.38130835431826793,0.4055687755500925,0.40556877555009246
hoptimus1,CCRCC,1,intercept_f64,67651,6569,4,PXN,0.22913567943733207,-0.7059553885517775,0.833493609439099,1.1842015043213228,0.7583634996000427,0.595166507774277,0.698984108605793,0.5828323042600129,0.5828323042600132
hoptimus1,CCRCC,1,intercept_f64,67651,6569,4,RXRA,0.19012266828744745,-0.3819079730551631,0.38049035000260933,0.643306907078504,0.4334833986375553,0.36637052554062627,0.5247256111727508,0.41029363359693566,0.41029363359693566
hoptimus1,CCRCC,1,intercept_f64,67651,6569,4,S100A9,0.2871272901212706,0.043048092735951116,0.24656725968689613,0.3904836677031495,0.3099042166493439,0.20622067610500847,0.5076012093001272,0.47283212498331095,0.47283212498331056
hoptimus1,CCRCC,1,intercept_f64,67651,6569,4,SCARB1,0.28589008452507003,-0.7911892495423849,1.0155019342570124,1.4080220981293186,0.8859812876535417,0.6868244400953286,0.7529560730191618,0.5973707085460979,0.5973707085460981
hoptimus1,CCRCC,1,intercept_f64,67651,6569,4,SEMA4B,0.22144247246040707,-0.6692747677545452,0.4436338560020272,0.7440477310941442,0.39424241854005215,0.3759562263185789,0.5155234517486971,0.4815624146304231,0.4815624146304235
hoptimus1,CCRCC,1,intercept_f64,67651,6569,4,SLC15A4,0.2156615044152875,-0.4406481541828102,0.5769581332455735,0.8489385309760743,0.5350215204920938,0.4472130468986145,0.6328389282667086,0.48333651328290894,0.48333651328290905
hoptimus1,CCRCC,1,intercept_f64,67651,6569,4,SLC39A14,0.3729911750425157,0.001167325940835462,0.5618040092628621,0.9880868378369764,0.9521696167569996,0.555965826651233,0.7499737222685816,0.7117213081325692,0.7117213081325692
hoptimus1,CCRCC,1,intercept_f64,67651,6569,4,STK39,0.10036314029222614,-1.3402935232672557,0.5131175824780331,0.7030359014082708,0.3055924447745307,0.4186277778498719,0.46824514475369133,0.5261520862727366,0.5261520862727364
hoptimus1,CCRCC,1,intercept_f64,67651,6569,4,TFRC,0.08407079008548135,-0.5171919901390214,0.3009129054850471,0.4810960474481427,0.27609395734032355,0.286345304956522,0.4453486461623627,0.5076598441443443,0.5076598441443442
hoptimus1,CCRCC,1,intercept_f64,67651,6569,4,TM2D3,0.17653852020632954,-0.6568063964066655,0.3740138058269302,0.6291652933069928,0.34954259478713773,0.3615766855700046,0.4751250577944952,0.30535422877228113,0.30535422877228124
hoptimus1,CCRCC,1,intercept_f64,67651,6569,4,TMEM91,0.4852281333716898,0.14611356117498275,0.3541260888085563,0.8357854081943185,0.7221020615287778,0.4678023128510892,0.6439896732898241,0.4850094839872164,0.4850094839872164
hoptimus1,CCRCC,1,intercept_f64,67651,6569,4,TP53INP1,0.20070580086665873,-0.21271483071595143,0.35030119176608676,0.6338537015191117,0.4458037755100635,0.3020797852531705,0.5374542024359382,0.3517761156318671,0.3517761156318672
hoptimus1,CCRCC,1,intercept_f64,67651,6569,4,TRBC1,0.1547295236499252,-0.003310906490037846,0.5652356760822808,0.44276946529543626,0.4568651107225376,0.23923992960640952,0.7505800485875134,0.47110577103015044,0.4711057710301502
hoptimus1,CCRCC,1,intercept_f64,67651,6569,4,VMP1,0.36150246328891006,-0.19561295993176553,0.8146430361509404,1.6082184850070265,1.3094243189573178,0.6631577576548574,0.8254454304940229,0.7696376410036856,0.7696376410036861
hoptimus1,CCRCC,1,intercept_f64,67651,6569,4,YWHAE,0.5402646685457237,0.25119421080381377,0.48182503241197183,1.3671093723849492,1.455631760669673,0.5688295711233247,0.8021583026133402,0.4620361929678073,0.4620361929678078
hoptimus1,CCRCC,1,ycentered_f64,67651,6569,4,AKAP8,0.2399129213296701,-0.15451937851497788,0.3449665812581737,0.5924406779517516,0.4565588890063489,0.3430480859212357,0.54662299691393,0.34074559022267653,0.3407455902226764
hoptimus1,CCRCC,1,ycentered_f64,67651,6569,4,BLVRB,0.2827566332342251,0.017936966243142005,0.45281060799214223,0.7863434441267997,0.8101450841999214,0.35941310326291365,0.6790294561850203,0.295358243724237,0.29535824372423697
hoptimus1,CCRCC,1,ycentered_f64,67651,6569,4,BTF3,0.5003698683326305,0.1618066303928123,0.621621606556746,1.276255672564301,1.510860252315041,0.534061398336806,0.8611740609742369,0.4142249912854825,0.4142249912854825
hoptimus1,CCRCC,1,ycentered_f64,67651,6569,4,CD109,0.20661555124061454,-0.3169916929955474,0.37721736556209684,0.6764448939026784,0.4480213630070587,0.33606372796694695,0.5351854785908968,0.455825378938119,0.45582537893811886
hoptimus1,CCRCC,1,ycentered_f64,67651,6569,4,CD14,0.25867308686076773,-0.11130874784436262,0.6088213852221174,0.9996589570632205,0.8975590916960402,0.4867775683212964,0.7401633606188013,0.6196961117605578,0.6196961117605576
hoptimus1,CCRCC,1,ycentered_f64,67651,6569,4,CHST15,0.07527182563725582,-0.9509799186557963,0.491947508262639,0.6922494411577342,0.366835466384307,0.4056670560934954,0.5021494403138781,0.4701538675155728,0.47015386751557264
hoptimus1,CCRCC,1,ycentered_f64,67651,6569,4,CIB1,0.2857211408596167,-0.21004730924790693,0.6130835011286552,1.1442549336280372,0.9040667888036256,0.5035339638841864,0.7118010745585704,0.6708095404027272,0.670809540402727
hoptimus1,CCRCC,1,ycentered_f64,67651,6569,4,CKB,0.285340655345892,-0.887477257201728,0.759722316501669,1.1384499789731692,0.6221208359701917,0.5323012806152239,0.6344341883972486,0.5045714412683062,0.5045714412683062
hoptimus1,CCRCC,1,ycentered_f64,67651,6569,4,CPD,0.1737473700224338,-0.8225953182558925,0.5002569097230347,0.8036328878853047,0.4278159026124013,0.39570599683786434,0.5239036483743967,0.5594678029392223,0.559467802939222
hoptimus1,CCRCC,1,ycentered_f64,67651,6569,4,CPE,0.4174231276804334,0.08058066604529301,0.7131073437692026,1.1588283655561598,1.2674338388958375,0.6142946580980916,0.8806850791578282,1.1340729931280467,1.1340729931280464
hoptimus1,CCRCC,1,ycentered_f64,67651,6569,4,DERL1,0.16623998597350892,-0.4427781578169885,0.50805797176741,0.8118332477435988,0.5729883690551093,0.4282001977708071,0.5934127258374711,0.604862672019429,0.6048626720194288
hoptimus1,CCRCC,1,ycentered_f64,67651,6569,4,DNAJB12,0.16174809642868515,-0.3426728586446599,0.3486130162905644,0.6198569217437189,0.4074927033999137,0.30751032873474654,0.509549868968983,0.2910511336818796,0.2910511336818795
hoptimus1,CCRCC,1,ycentered_f64,67651,6569,4,EGFL7,0.23323022250089975,-0.22767118437770906,0.9109423010706751,0.722869261729454,1.1549373242132448,0.3512826634330509,0.8613990802296513,0.3286684144900253,0.3286684144900253
hoptimus1,CCRCC,1,ycentered_f64,67651,6569,4,FLNB,0.39788808091446193,-0.072350768999766,0.45131644633766166,0.9507853056528343,0.7708398980044724,0.5124869624426297,0.6487421953624442,0.5916149311182963,0.5916149311182961
hoptimus1,CCRCC,1,ycentered_f64,67651,6569,4,GADD45B,0.27119430890622787,-0.047024681081876185,0.48399692312369214,0.7510068433662876,0.7403298747250979,0.4202253097554612,0.6798965551854436,0.5324512391031823,0.532451239103182
hoptimus1,CCRCC,1,ycentered_f64,67651,6569,4,GPNMB,0.1501733977012796,-0.4154744718197161,0.8692253855638475,1.119267794422298,0.6888804640430968,0.40708333060311364,0.783637445141896,0.5055495163699788,0.5055495163699786
hoptimus1,CCRCC,1,ycentered_f64,67651,6569,4,H3F3A,0.4900984956839156,0.17161833659560777,0.625617191808563,1.5934796045510524,1.6379138374459274,0.6491135305470115,0.8690386637461817,0.48752966611320614,0.48752966611320603
hoptimus1,CCRCC,1,ycentered_f64,67651,6569,4,HMOX1,0.38949362847168206,0.13986323533437162,0.4203958890971231,0.708137452292075,0.764552034804004,0.32334054625680336,0.6991099363954714,0.4182965998071553,0.41829659980715506
hoptimus1,CCRCC,1,ycentered_f64,67651,6569,4,HNRNPK,0.4611188076201627,0.12387091188340493,0.6647274512470376,1.5168633878025235,1.6567280169472627,0.6202405068892307,0.8710393144356792,0.6304237688938051,0.6304237688938051
hoptimus1,CCRCC,1,ycentered_f64,67651,6569,4,HSPA1A,0.019468796209924113,-0.22219244056676413,0.7529009614939879,0.7207788220066932,0.8240448483086591,0.37087255861174423,0.784872529871445,0.764363146358998,0.764363146358998
hoptimus1,CCRCC,1,ycentered_f64,67651,6569,4,HTRA1,0.3063876974291501,-0.062471854640129054,0.6390999246760319,1.1108494417303363,1.0593282788796845,0.5399365288055399,0.775578329777703,0.9389937689516831,0.9389937689516829
hoptimus1,CCRCC,1,ycentered_f64,67651,6569,4,IFI27,0.30063434275509127,-0.5706012478564217,1.2144429932452177,1.6076945130246256,1.0715837271033148,0.7373067004166984,0.8793375067387043,1.0896563690356573,1.089656369035657
hoptimus1,CCRCC,1,ycentered_f64,67651,6569,4,IFI6,0.27825000418582674,-0.4632520246597427,0.7716862261505382,1.192761755786502,0.870726610322506,0.6280171013999641,0.7262076297712737,0.8211052310159984,0.8211052310159981
hoptimus1,CCRCC,1,ycentered_f64,67651,6569,4,IRF7,0.06988061625514701,-0.7008270921942192,0.3941608026064566,0.5873382560064747,0.33981908872113376,0.3534533402012316,0.4814006078149847,0.3042884594645129,0.3042884594645127
hoptimus1,CCRCC,1,ycentered_f64,67651,6569,4,ISG15,0.2237825039875079,-0.06336629061038246,0.40741277998090536,0.6484838237395567,0.5720205199938057,0.3324704373137247,0.6189789495839735,0.4387304203094178,0.4387304203094177
hoptimus1,CCRCC,1,ycentered_f64,67651,6569,4,KRTCAP2,0.34575506819824847,0.002933325973799805,0.5527079457250201,1.1519193775131868,1.0123464218429423,0.46994082724346675,0.7445360891254422,0.4232746026173793,0.4232746026173792
hoptimus1,CCRCC,1,ycentered_f64,67651,6569,4,LAPTM4B,0.20161394837308688,-0.9172073221441488,0.5352536130013746,0.8536807299349678,0.4556255448733786,0.43663455526268025,0.5283786540671053,0.5535339663536949,0.5535339663536948
hoptimus1,CCRCC,1,ycentered_f64,67651,6569,4,LRRC41,0.16793758215480784,-0.3388853989171805,1.0251359523022974,1.206400173168392,0.888548473622959,0.5712562796435752,0.8750221156670728,0.7595071669218787,0.7595071669218784
hoptimus1,CCRCC,1,ycentered_f64,67651,6569,4,LY6E,0.4386906552852392,-0.08213882316893328,0.7855876474583807,1.3864510473308191,1.6594473260199212,0.7270668153976797,0.8520318585659773,0.9819800499542807,0.9819800499542803
hoptimus1,CCRCC,1,ycentered_f64,67651,6569,4,NAMPT,0.20766237531674614,-0.29908525586110524,0.47654770162824167,0.8073971847756692,0.5964536762324656,0.4104434057199237,0.6056676292250541,0.6058335299396801,0.6058335299396799
hoptimus1,CCRCC,1,ycentered_f64,67651,6569,4,NOL3,0.3281121398172315,-0.052925313739832225,0.6642825259710379,1.1125608719205877,1.0308600961209287,0.568244148014835,0.794287322315166,0.4424664550704339,0.4424664550704337
hoptimus1,CCRCC,1,ycentered_f64,67651,6569,4,NOTCH3,0.30315843563574135,-0.4470238471527166,0.8412485864594818,0.7874303358570031,1.3211886294085171,0.399721438236808,0.7624727543668623,0.4085719036658788,0.4085719036658787
hoptimus1,CCRCC,1,ycentered_f64,67651,6569,4,NT5DC2,0.13596618785666878,-0.0448142910368754,0.2029111094029221,0.27482332824211164,0.302400746761455,0.16731101914957083,0.440690167214858,0.30182448428506514,0.30182448428506514
hoptimus1,CCRCC,1,ycentered_f64,67651,6569,4,PARP10,0.2920758727448168,-0.040508812874466615,0.4754006489531189,0.811553901791489,0.7145592489821814,0.41668978148277747,0.6759382198801431,0.41915177451369706,0.41915177451369695
hoptimus1,CCRCC,1,ycentered_f64,67651,6569,4,PTGS1,0.036155389230726295,-1.4641117742887904,0.35827214602499163,0.49977422760367607,0.19589404287467466,0.3612384807299879,0.38130835431826793,0.40556877555009274,0.40556877555009246
hoptimus1,CCRCC,1,ycentered_f64,67651,6569,4,PXN,0.22913567943733212,-0.7059553885517771,0.8334936094390988,1.1842015043213232,0.7583634996000427,0.595166507774277,0.698984108605793,0.5828323042600133,0.5828323042600132
hoptimus1,CCRCC,1,ycentered_f64,67651,6569,4,RXRA,0.1901226682874474,-0.38190797305516266,0.3804903500026093,0.6433069070785041,0.4334833986375553,0.36637052554062616,0.5247256111727508,0.4102936335969359,0.41029363359693566
hoptimus1,CCRCC,1,ycentered_f64,67651,6569,4,S100A9,0.28712729012127075,0.043048092735951116,0.24656725968689613,0.39048366770314924,0.3099042166493439,0.20622067610500847,0.5076012093001272,0.4728321249833107,0.47283212498331056
hoptimus1,CCRCC,1,ycentered_f64,67651,6569,4,SCARB1,0.2858900845250701,-0.7911892495423856,1.0155019342570126,1.408022098129319,0.8859812876535417,0.6868244400953285,0.7529560730191618,0.5973707085460984,0.5973707085460981
hoptimus1,CCRCC,1,ycentered_f64,67651,6569,4,SEMA4B,0.22144247246040705,-0.6692747677545456,0.44363385600202737,0.7440477310941448,0.39424241854005215,0.3759562263185788,0.5155234517486971,0.4815624146304235,0.4815624146304235
hoptimus1,CCRCC,1,ycentered_f64,67651,6569,4,SLC15A4,0.21566150441528753,-0.44064815418281045,0.5769581332455737,0.8489385309760745,0.5350215204920938,0.44721304689861446,0.6328389282667086,0.4833365132829092,0.48333651328290905
hoptimus1,CCRCC,1,ycentered_f64,67651,6569,4,SLC39A14,0.3729911750425158,0.001167325940835462,0.5618040092628621,0.9880868378369765,0.9521696167569996,0.555965826651233,0.7499737222685816,0.7117213081325694,0.7117213081325692
hoptimus1,CCRCC,1,ycentered_f64,67651,6569,4,STK39,0.10036314029222608,-1.3402935232672553,0.513117582478033,0.7030359014082707,0.3055924447745307,0.41862777784987176,0.46824514475369133,0.5261520862727366,0.5261520862727364
hoptimus1,CCRCC,1,ycentered_f64,67651,6569,4,TFRC,0.08407079008548135,-0.5171919901390214,0.3009129054850471,0.4810960474481424,0.27609395734032355,0.28634530495652194,0.4453486461623627,0.5076598441443442,0.5076598441443442
hoptimus1,CCRCC,1,ycentered_f64,67651,6569,4,TM2D3,0.17653852020632954,-0.6568063964066664,0.37401380582693045,0.629165293306993,0.34954259478713773,0.3615766855700045,0.4751250577944952,0.30535422877228136,0.30535422877228124
hoptimus1,CCRCC,1,ycentered_f64,67651,6569,4,TMEM91,0.4852281333716898,0.1461135611749831,0.3541260888085561,0.8357854081943185,0.7221020615287778,0.46780231285108903,0.6439896732898241,0.4850094839872166,0.4850094839872164
hoptimus1,CCRCC,1,ycentered_f64,67651,6569,4,TP53INP1,0.20070580086665882,-0.21271483071595187,0.3503011917660868,0.6338537015191119,0.4458037755100635,0.30207978525317053,0.5374542024359382,0.3517761156318672,0.3517761156318672
hoptimus1,CCRCC,1,ycentered_f64,67651,6569,4,TRBC1,0.15472952364992532,-0.003310906490037846,0.5652356760822808,0.44276946529543615,0.4568651107225376,0.2392399296064096,0.7505800485875134,0.47110577103015033,0.4711057710301502
hoptimus1,CCRCC,1,ycentered_f64,67651,6569,4,VMP1,0.36150246328891,-0.1956129599317662,0.8146430361509409,1.6082184850070271,1.3094243189573178,0.6631577576548574,0.8254454304940229,0.7696376410036863,0.7696376410036861
hoptimus1,CCRCC,1,ycentered_f64,67651,6569,4,YWHAE,0.5402646685457236,0.2511942108038141,0.4818250324119716,1.3671093723849503,1.455631760669673,0.5688295711233244,0.8021583026133402,0.4620361929678079,0.4620361929678078
hoptimus1,CCRCC,2,nointercept_f64,63464,10756,4,AKAP8,0.08638003181654288,-0.6005020937208521,0.3914178280413875,0.07215360601551463,0.44075320555224834,0.1559320815357182,0.4945294710021387,8.419389532515999e-17,0.3357836535219495
hoptimus1,CCRCC,2,nointercept_f64,63464,10756,4,BLVRB,0.4158544146432957,-0.42646404990603726,0.5959047009319708,0.07326789176847809,0.5733416139880003,0.2868065972623675,0.6463354703095626,4.299262740008169e-17,0.3015293899571837
hoptimus1,CCRCC,2,nointercept_f64,63464,10756,4,BTF3,0.6351490729455063,-0.31453278646238636,0.9577575466090611,0.1984313393946584,0.9216616920885786,0.5474494009115202,0.8535757730605936,-4.6575346350088505e-17,0.44173362414608175
hoptimus1,CCRCC,2,nointercept_f64,63464,10756,4,CD109,0.34602944527143475,-0.5409066668580729,0.6090205221505043,0.013111298923826111,0.5232686438095885,0.18840574822362458,0.6286773249484177,9.315069270017701e-17,0.4435871913418649
hoptimus1,CCRCC,2,nointercept_f64,63464,10756,4,CD14,-0.17310000385390725,-3.0339578190832297,2.2273503174231744,0.005036147008661889,1.2282629120345452,0.31348450227894825,0.7430680492632045,1.2539516325023828e-16,0.545315949959366
hoptimus1,CCRCC,2,nointercept_f64,63464,10756,4,CHST15,0.2031470937887886,-1.0696010173302617,0.624071614776967,-0.025025567834102678,0.5451030469197862,0.21118939000344455,0.5491283936020482,1.6480507170031317e-16,0.446757107924261
hoptimus1,CCRCC,2,nointercept_f64,63464,10756,4,CIB1,0.1705277284759144,-2.129533052264791,1.3252795841548346,0.0619759755486944,0.9752177264930679,0.3940052116128811,0.6507497089392824,1.5047419590028592e-16,0.6433617340110371
hoptimus1,CCRCC,2,nointercept_f64,63464,10756,4,CKB,0.25026071941468264,-0.307063039109182,0.7173423207904105,0.11513799229165013,0.5584133238365057,0.2654125120350667,0.7408238572722007,2.9020023495055146e-16,0.5076134601277089
hoptimus1,CCRCC,2,nointercept_f64,63464,10756,4,CPD,0.018211088118598076,-1.9224076072414236,0.941203310104851,-0.08246841543909837,0.6358846071574181,0.33160537617053876,0.5675071376174899,5.732350320010892e-17,0.5328895778128858
hoptimus1,CCRCC,2,nointercept_f64,63464,10756,4,CPE,0.5182719313148935,-0.38361798361958055,1.3596640663506152,-0.0770742114677079,0.7230695891930029,0.5402620452921434,0.9913059455321481,0.0,1.2175344832417163
hoptimus1,CCRCC,2,nointercept_f64,63464,10756,4,DERL1,0.04022337203592111,-2.1018160514859354,0.9871850900578091,-0.09923726367281677,0.6494520773626961,0.3526977833853155,0.5641456895050232,8.95679737501702e-17,0.5940063449671661
hoptimus1,CCRCC,2,nointercept_f64,63464,10756,4,DNAJB12,-0.01756003468195621,-1.0538103021768386,0.5578114755822298,0.03580020186865953,0.5231678337135826,0.21168713697265143,0.5211509793989607,9.762909138768551e-17,0.26376412759869483
hoptimus1,CCRCC,2,nointercept_f64,63464,10756,4,EGFL7,0.47718664072176203,-0.16328323880076612,0.4628135516300038,0.10866522481880544,0.5024039209354496,0.27805760958481535,0.6307544137650046,9.315069270017701e-17,0.38474841828185763
hoptimus1,CCRCC,2,nointercept_f64,63464,10756,4,FLNB,0.020280842975521924,-1.705167307746426,1.1508358811785826,0.06423426369450395,0.8737295509803336,0.27838254532193807,0.6522433078829489,2.4362488860046294e-16,0.5623527345381754
hoptimus1,CCRCC,2,nointercept_f64,63464,10756,4,GADD45B,0.3347593086534038,-0.6022796082598723,0.5744548801224948,0.10365846098253526,0.592441111392982,0.33159360711659713,0.5987683123552152,1.8630138540035402e-16,0.5438010388487272
hoptimus1,CCRCC,2,nointercept_f64,63464,10756,4,GPNMB,0.46478694294517137,-0.9728151224847599,1.449496588506486,0.07387919697954097,1.0066363604904862,0.3396796281618832,0.8571669245838597,1.433087580002723e-17,0.4396004885731888
hoptimus1,CCRCC,2,nointercept_f64,63464,10756,4,H3F3A,0.7279916025778769,-0.5547592615757693,1.3958215449361535,0.18535820000900027,1.1693510181312448,0.6149399562024871,0.9475090624736783,1.791359475003404e-16,0.491046670386158
hoptimus1,CCRCC,2,nointercept_f64,63464,10756,4,HMOX1,0.3472613652115669,-0.8800527197127437,0.8062478421225017,0.039113080869632035,0.6941534436383004,0.23382313437073357,0.6548612138297556,-5.015806530009531e-17,0.4073838892979924
hoptimus1,CCRCC,2,nointercept_f64,63464,10756,4,HNRNPK,0.5684408208643956,-1.7902062660287772,1.7593001377587216,0.22557798981432092,1.3744638782533494,0.5635058571695387,0.7940572466286947,1.361433201002587e-16,0.6105526165742524
hoptimus1,CCRCC,2,nointercept_f64,63464,10756,4,HSPA1A,0.08273761429906784,-2.1271651459637426,1.287609347257861,-0.15657668341016268,0.7658500680253159,0.21984564124419453,0.6416772644329303,1.5943099327530295e-16,0.7702886438168389
hoptimus1,CCRCC,2,nointercept_f64,63464,10756,4,HTRA1,0.08229883076435336,-1.7073868455868522,1.588833878040029,-0.01696617748857939,0.9437319599992504,0.3511715689091286,0.7660622973037126,-1.1464700640021785e-16,0.9506462556025307
hoptimus1,CCRCC,2,nointercept_f64,63464,10756,4,IFI27,0.11825120069554915,-4.807930668619109,3.9408102315159312,0.2791094703548047,2.0592289833430244,0.4182654367789492,0.8237246250957638,2.239199343754255e-16,0.9234606955145491
hoptimus1,CCRCC,2,nointercept_f64,63464,10756,4,IFI6,0.2747721226415739,-2.183609082706474,1.9073195806336365,0.24446047679345353,1.393138819465233,0.3970261900859304,0.7740194359152262,2.4362488860046294e-16,0.7292920702209723
hoptimus1,CCRCC,2,nointercept_f64,63464,10756,4,IRF7,-0.0975430510339361,-0.7024803334694882,0.4911945446313084,0.13469607728190816,0.5149665133755373,0.19421709597920359,0.5371377992883926,7.881981690014977e-17,0.2722600268999054
hoptimus1,CCRCC,2,nointercept_f64,63464,10756,4,ISG15,0.1525555623053355,-1.2247986127581294,0.8955698340581576,0.07473695639841785,0.7755099704337413,0.2031655868221738,0.6344601882921606,8.598525480016339e-17,0.395448903602143
hoptimus1,CCRCC,2,nointercept_f64,63464,10756,4,KRTCAP2,0.5644891756248315,-0.7689487167424871,1.0027596546663666,0.10500896241102138,0.889016666368908,0.4680798434759496,0.7529060809251154,2.866175160005446e-17,0.40531309913164365
hoptimus1,CCRCC,2,nointercept_f64,63464,10756,4,LAPTM4B,0.012208089213752786,-2.101875008215182,1.3942103752397077,-0.13371965366939956,0.8025315962967353,0.2694078003743632,0.6704277904588687,-5.732350320010892e-17,0.5011991162280875
hoptimus1,CCRCC,2,nointercept_f64,63464,10756,4,LRRC41,0.2736939535450614,-1.103219054223644,1.365250680886688,0.012283221545878357,0.8801846949971711,0.32774021813688053,0.8056825306586172,9.315069270017701e-17,0.7524112519423868
hoptimus1,CCRCC,2,nointercept_f64,63464,10756,4,LY6E,-0.07288920896842357,-3.0513341589273013,2.755849514173005,0.07772515339889094,1.4156852212258988,0.4775581296089416,0.824762139417173,1.289778822002451e-16,0.9785978130054221
hoptimus1,CCRCC,2,nointercept_f64,63464,10756,4,NAMPT,0.037179644382012156,-1.2976979986324397,0.8154776291189488,0.04537882093912917,0.697616842964317,0.21094330307741976,0.5957438295616656,1.4151739852526892e-16,0.5893070334393696
hoptimus1,CCRCC,2,nointercept_f64,63464,10756,4,NOL3,0.4314741502787192,-0.26630460058716166,0.6549452964995678,0.2301286131176506,0.7116033309407729,0.35727710165736737,0.7191730781358671,1.289778822002451e-16,0.4577557780125636
hoptimus1,CCRCC,2,nointercept_f64,63464,10756,4,NOTCH3,0.3150725498362656,-0.19460361800861437,0.4070926510748387,0.15299497818591293,0.459988216810308,0.260742085880531,0.5837605176710363,7.523709795014296e-17,0.4943204446847541
hoptimus1,CCRCC,2,nointercept_f64,63464,10756,4,NT5DC2,0.4732627609564332,-0.5757289047044243,0.9614713146998441,0.04668696578587732,0.6935873044029227,0.10609004647709003,0.7811373697216729,8.598525480016339e-17,0.23548742035937073
hoptimus1,CCRCC,2,nointercept_f64,63464,10756,4,PARP10,0.10618562378253142,-1.1783709557773965,0.7846526749293099,0.1675268144038579,0.7922474427620422,0.2592711152859253,0.6001679654970421,1.379346795752621e-16,0.3864956969280464
hoptimus1,CCRCC,2,nointercept_f64,63464,10756,4,PTGS1,0.17876659394414396,-0.6603553917065657,0.34311057965352704,0.0006714802527923574,0.3242396490863816,0.27714576547773545,0.45458649180064015,1.791359475003404e-18,0.3976496838650246
hoptimus1,CCRCC,2,nointercept_f64,63464,10756,4,PXN,0.23555570772737972,-1.0863190130291183,1.1287091799322941,0.13308060777566538,0.9153685130431067,0.24907534555384264,0.7355304737310414,1.6122235275030636e-16,0.5446422273741834
hoptimus1,CCRCC,2,nointercept_f64,63464,10756,4,RXRA,0.17107081689474987,-0.9530981804281942,0.5645931121257599,0.042457377303731204,0.5646062342816456,0.19845711064291616,0.5376575516864851,1.5405691485029273e-16,0.3865407537530413
hoptimus1,CCRCC,2,nointercept_f64,63464,10756,4,S100A9,0.5510690443067585,-1.0458030054943408,1.6656877331520783,-0.11763768729597054,0.8927020137085707,0.21803767417442266,0.90232894214834,1.1106428745021104e-16,0.38480751334561475
hoptimus1,CCRCC,2,nointercept_f64,63464,10756,4,SCARB1,0.45567902422702466,-0.4711357749599068,1.5181138165048198,0.06851576201196027,0.8995615343880857,0.36381344411534894,1.0158411188108012,7.881981690014977e-17,0.5760281895022367
hoptimus1,CCRCC,2,nointercept_f64,63464,10756,4,SEMA4B,0.06314185649598521,-0.9579532865583975,0.66506664939954,-0.0021133146277100105,0.5311668784966829,0.2426123972550092,0.5828159411222249,1.0389884955019744e-16,0.464117080777166
hoptimus1,CCRCC,2,nointercept_f64,63464,10756,4,SLC15A4,0.3098781750541036,-0.789712422080104,0.6323211136560599,0.04347186161864511,0.6014297638253325,0.22446007751325028,0.5943978303325906,2.866175160005446e-17,0.46867162940421925
hoptimus1,CCRCC,2,nointercept_f64,63464,10756,4,SLC39A14,0.20890820246956604,-1.2031574342276978,0.8413089448208443,0.023083130227287977,0.6787989177904239,0.34391208741602886,0.6179523484380186,1.0031613060019062e-16,0.7421892611433154
hoptimus1,CCRCC,2,nointercept_f64,63464,10756,4,STK39,0.1792205880287636,-1.086633152621173,0.5852915682506474,-0.12663624816572797,0.41662513398468026,0.23156585680640993,0.5296184210794449,6.448894110012255e-17,0.5218853462911502
hoptimus1,CCRCC,2,nointercept_f64,63464,10756,4,TFRC,-0.059054962778072595,-1.4946982686496781,1.4771621270083957,-0.12449617410003463,0.7881658225309542,0.18726912524476996,0.7694937013714835,7.165437900013616e-17,0.43615034877780584
hoptimus1,CCRCC,2,nointercept_f64,63464,10756,4,TM2D3,0.12739166272238406,-0.7176664210049293,0.3773960544878781,0.00743971930467155,0.37069323272144716,0.23086867523291418,0.46873703108054326,1.2629084298773998e-16,0.2988542768290436
hoptimus1,CCRCC,2,nointercept_f64,63464,10756,4,TMEM91,0.386617612675209,-0.776260895395096,0.5650523527114075,-0.1252631884367113,0.4129433640763413,0.28749962952742875,0.5640154053527847,5.732350320010892e-17,0.5217642477530031
hoptimus1,CCRCC,2,nointercept_f64,63464,10756,4,TP53INP1,0.2030440683815511,-0.5691043623219083,0.45653417953497816,0.04891210020177815,0.46638467937829814,0.16691350865189394,0.5393997413858868,1.9704954225037443e-16,0.3420846052650965
hoptimus1,CCRCC,2,nointercept_f64,63464,10756,4,TRBC1,0.5240919014555043,-0.6757245480622369,1.1286980435327787,0.1462022049905836,0.9283882420539147,0.2618023466199241,0.8207059277468546,3.9409908450074887e-17,0.3921306488208297
hoptimus1,CCRCC,2,nointercept_f64,63464,10756,4,VMP1,0.4461651123245164,-1.264023842388518,1.3702050578189704,0.26034466069470147,1.1914677807902616,0.4830416757331777,0.7779510747177282,1.0031613060019062e-16,0.7540170325316864
hoptimus1,CCRCC,2,nointercept_f64,63464,10756,4,YWHAE,0.6501857181665401,-0.7750903541214069,1.2791035308327483,0.16758278352648523,1.0941809878867104,0.6194189968402142,0.8488727979182087,1.361433201002587e-16,0.4577436786303225
hoptimus1,CCRCC,2,intercept_f64,63464,10756,4,AKAP8,0.0863800318165429,-0.04935263989022243,0.2566290495755919,0.4079372595374649,0.44075320555224834,0.155932081535718,0.4945294710021387,0.3357836535219496,0.3357836535219495
hoptimus1,CCRCC,2,intercept_f64,63464,10756,4,BLVRB,0.4158544146432965,0.07779473560949712,0.38525082515098147,0.3747972817256629,0.5733416139880003,0.28680659726236674,0.6463354703095626,0.30152938995718404,0.3015293899571837
hoptimus1,CCRCC,2,intercept_f64,63464,10756,4,BTF3,0.6351490729455073,0.2946174352225508,0.513935811734421,0.6401649635407417,0.9216616920885786,0.5474494009115195,0.8535757730605936,0.4417336241460822,0.44173362414608175
hoptimus1,CCRCC,2,intercept_f64,63464,10756,4,CD109,0.3460294452714377,0.10637612792565687,0.35319159095247094,0.4566984902656921,0.5232686438095885,0.18840574822362535,0.6286773249484177,0.44358719134186503,0.4435871913418649
hoptimus1,CCRCC,2,intercept_f64,63464,10756,4,CD14,-0.17310000385390567,-1.1563513548589937,1.1906296719316232,0.5503520969680294,1.2282629120345452,0.3134845022789467,0.7430680492632045,0.5453159499593665,0.545315949959366
hoptimus1,CCRCC,2,intercept_f64,63464,10756,4,CHST15,0.20314709378879073,-0.042128505357117874,0.31424550611319135,0.4217315400901592,0.5451030469197862,0.2111893900034445,0.5491283936020482,0.4467571079242611,0.446757107924261
hoptimus1,CCRCC,2,intercept_f64,63464,10756,4,CIB1,0.17052772847591627,-0.3320835169575571,0.564104312026819,0.7053377095597332,0.9752177264930679,0.3940052116128794,0.6507497089392824,0.6433617340110374,0.6433617340110371
hoptimus1,CCRCC,2,intercept_f64,63464,10756,4,CKB,0.25026071941468114,0.04342278346733475,0.524988696023753,0.6227514524193603,0.5584133238365057,0.26541251203506605,0.7408238572722007,0.5076134601277092,0.5076134601277089
hoptimus1,CCRCC,2,intercept_f64,63464,10756,4,CPD,0.018211088118599603,-0.42694754201521623,0.45956893438231183,0.45042116237378843,0.6358846071574181,0.33160537617053737,0.5675071376174899,0.5328895778128858,0.5328895778128858
hoptimus1,CCRCC,2,intercept_f64,63464,10756,4,CPE,0.5182719313148958,0.09060716977915906,0.893648946520288,1.140460271774011,0.7230695891930029,0.5402620452921434,0.9913059455321481,1.2175344832417163,1.2175344832417163
hoptimus1,CCRCC,2,intercept_f64,63464,10756,4,DERL1,0.04022337203592186,-0.415747130381972,0.4505761899502985,0.4947690812943506,0.6494520773626961,0.3526977833853137,0.5641456895050232,0.5940063449671661,0.5940063449671661
hoptimus1,CCRCC,2,intercept_f64,63464,10756,4,DNAJB12,-0.017560034681955664,-0.3633470277667923,0.37028279412329157,0.2995643294673549,0.5231678337135826,0.21168713697265104,0.5211509793989607,0.263764127598695,0.26376412759869483
hoptimus1,CCRCC,2,intercept_f64,63464,10756,4,EGFL7,0.4771866407217629,0.22618237748534809,0.3078642159059154,0.4934136431006638,0.5024039209354496,0.2780576095848143,0.6307544137650046,0.38474841828185774,0.38474841828185763
hoptimus1,CCRCC,2,intercept_f64,63464,10756,4,FLNB,0.02028084297552483,-0.30842686922916496,0.5566327024192427,0.6265869982326806,0.8737295509803336,0.2783825453219377,0.6522433078829489,0.5623527345381756,0.5623527345381754
hoptimus1,CCRCC,2,intercept_f64,63464,10756,4,GADD45B,0.33475930865340603,0.055645079014001064,0.33857342384657885,0.6474594998312637,0.592441111392982,0.33159360711659813,0.5987683123552152,0.5438010388487274,0.5438010388487272
hoptimus1,CCRCC,2,intercept_f64,63464,10756,4,GPNMB,0.4647869429451735,-0.11967446155826278,0.8226641684611662,0.5134796855527309,1.0066363604904862,0.3396796281618822,0.8571669245838597,0.4396004885731891,0.4396004885731888
hoptimus1,CCRCC,2,intercept_f64,63464,10756,4,H3F3A,0.7279916025778767,0.25306812848592475,0.6705755833878467,0.6764048703951596,1.1693510181312448,0.6149399562024856,0.9475090624736783,0.49104667038615846,0.491046670386158
hoptimus1,CCRCC,2,intercept_f64,63464,10756,4,HMOX1,0.3472613652115668,-0.022526845542842233,0.43850369411832674,0.4464969701676255,0.6941534436383004,0.2338231343707335,0.6548612138297556,0.40738388929799274,0.4073838892979924
hoptimus1,CCRCC,2,intercept_f64,63464,10756,4,HNRNPK,0.5684408208643962,-0.15643607286000427,0.7291640647010063,0.8361306063885747,1.3744638782533494,0.5635058571695368,0.7940572466286947,0.6105526165742529,0.6105526165742524
hoptimus1,CCRCC,2,intercept_f64,63464,10756,4,HSPA1A,0.08273761429907457,-0.11690239538035052,0.45988423928382727,0.6137119604066779,0.7658500680253159,0.2198456412441937,0.6416772644329303,0.7702886438168391,0.7702886438168389
hoptimus1,CCRCC,2,intercept_f64,63464,10756,4,HTRA1,0.08229883076435689,-0.134859621704013,0.6659940069968786,0.9336800781139536,0.9437319599992504,0.35117156890912954,0.7660622973037126,0.9506462556025309,0.9506462556025307
hoptimus1,CCRCC,2,intercept_f64,63464,10756,4,IFI27,0.11825120069554784,-1.219306828655219,1.5058490805499019,1.202570165869356,2.0592289833430244,0.418265436778951,0.8237246250957638,0.9234606955145496,0.9234606955145491
hoptimus1,CCRCC,2,intercept_f64,63464,10756,4,IFI6,0.2747721226415735,-0.2748034239353494,0.7637424912306273,0.973752547014427,1.393138819465233,0.3970261900859312,0.7740194359152262,0.7292920702209725,0.7292920702209723
hoptimus1,CCRCC,2,intercept_f64,63464,10756,4,IRF7,-0.09754305103393578,-0.24171251401486749,0.3582551885586648,0.40695610418181427,0.5149665133755373,0.19421709597920297,0.5371377992883926,0.27226002689990564,0.2722600268999054
hoptimus1,CCRCC,2,intercept_f64,63464,10756,4,ISG15,0.15255556230533668,-0.23642411301191357,0.49770982926982144,0.47018586000056184,0.7755099704337413,0.20316558682217428,0.6344601882921606,0.39544890360214313,0.395448903602143
hoptimus1,CCRCC,2,intercept_f64,63464,10756,4,KRTCAP2,0.5644891756248316,0.06238915444527371,0.5315011785255533,0.5103220615426661,0.889016666368908,0.4680798434759483,0.7529060809251154,0.40531309913164404,0.40531309913164365
hoptimus1,CCRCC,2,intercept_f64,63464,10756,4,LAPTM4B,0.012208089213757213,-0.5727611384802132,0.7069143312465841,0.3674794625586892,0.8025315962967353,0.26940780037436296,0.6704277904588687,0.5011991162280877,0.5011991162280875
hoptimus1,CCRCC,2,intercept_f64,63464,10756,4,LRRC41,0.2736939535450555,0.0366472711049971,0.6253357045319442,0.7646944734882669,0.8801846949971711,0.32774021813687915,0.8056825306586172,0.7524112519423868,0.7524112519423868
hoptimus1,CCRCC,2,intercept_f64,63464,10756,4,LY6E,-0.07288920896841969,-0.6095283037091657,1.0948536012638004,1.0563229664043157,1.4156852212258988,0.4775581296089398,0.824762139417173,0.9785978130054226,0.9785978130054221
hoptimus1,CCRCC,2,intercept_f64,63464,10756,4,NAMPT,0.03717964438201574,-0.11020459359045365,0.39402350106800815,0.6346858543785003,0.697616842964317,0.21094330307741907,0.5957438295616656,0.58930703343937,0.5893070334393696
hoptimus1,CCRCC,2,intercept_f64,63464,10756,4,NOL3,0.4314741502787208,0.18081620762268524,0.423689980702452,0.6878843911302155,0.7116033309407729,0.35727710165736665,0.7191730781358671,0.45775577801256395,0.4577557780125636
hoptimus1,CCRCC,2,intercept_f64,63464,10756,4,NOTCH3,0.31507254983626864,-0.02101948336764936,0.3479392846441231,0.6473154228706683,0.459988216810308,0.26074208588053005,0.5837605176710363,0.4943204446847544,0.4943204446847541
hoptimus1,CCRCC,2,intercept_f64,63464,10756,4,NT5DC2,0.4732627609564386,-0.16728998527770744,0.7122518559062946,0.28217438614524853,0.6935873044029227,0.10609004647709022,0.7811373697216729,0.23548742035937079,0.23548742035937073
hoptimus1,CCRCC,2,intercept_f64,63464,10756,4,PARP10,0.10618562378253142,-0.2524318212606165,0.4511279293879608,0.554022511331905,0.7922474427620422,0.2592711152859241,0.6001679654970421,0.38649569692804664,0.3864956969280464
hoptimus1,CCRCC,2,intercept_f64,63464,10756,4,PTGS1,0.17876659394414485,-0.18027396218315794,0.24390229064055563,0.39832116411781815,0.3242396490863816,0.27714576547773634,0.45458649180064015,0.39764968386502497,0.3976496838650246
hoptimus1,CCRCC,2,intercept_f64,63464,10756,4,PXN,0.23555570772738355,-0.05952846832910752,0.573210281425919,0.6777228351498502,0.9153685130431067,0.2490753455538421,0.7355304737310414,0.5446422273741838,0.5446422273741834
hoptimus1,CCRCC,2,intercept_f64,63464,10756,4,RXRA,0.17107081689475195,-0.07357104820346727,0.3103432409426661,0.42899813105677337,0.5646062342816456,0.19845711064291646,0.5376575516864851,0.3865407537530415,0.3865407537530413
hoptimus1,CCRCC,2,intercept_f64,63464,10756,4,S100A9,0.5510690443067614,-0.2726542568303938,1.0361919395234878,0.2671698260496452,0.8927020137085707,0.21803767417442285,0.90232894214834,0.38480751334561486,0.38480751334561475
hoptimus1,CCRCC,2,intercept_f64,63464,10756,4,SCARB1,0.45567902422702883,0.13510804115387998,0.8925107082954301,0.6445439515141985,0.8995615343880857,0.3638134441153479,1.0158411188108012,0.5760281895022371,0.5760281895022367
hoptimus1,CCRCC,2,intercept_f64,63464,10756,4,SEMA4B,0.06314185649598812,-0.13479967004546078,0.38546242113030516,0.46200376614945693,0.5311668784966829,0.2426123972550086,0.5828159411222249,0.46411708077716624,0.464117080777166
hoptimus1,CCRCC,2,intercept_f64,63464,10756,4,SLC15A4,0.3098781750541045,0.06887077395431906,0.3289761315321294,0.5121434910228656,0.6014297638253325,0.22446007751324978,0.5943978303325906,0.46867162940421936,0.46867162940421925
hoptimus1,CCRCC,2,intercept_f64,63464,10756,4,SLC39A14,0.20890820246956704,-0.09678367301997359,0.41882341239432225,0.7652723913706053,0.6787989177904239,0.3439120874160295,0.6179523484380186,0.7421892611433157,0.7421892611433154
hoptimus1,CCRCC,2,intercept_f64,63464,10756,4,STK39,0.17922058802876834,-0.03607863824364643,0.2906155738237291,0.39524909812542375,0.41662513398468026,0.23156585680640954,0.5296184210794449,0.5218853462911505,0.5218853462911502
hoptimus1,CCRCC,2,intercept_f64,63464,10756,4,TFRC,-0.05905496277806582,-0.47144622486493204,0.8712735574536863,0.3116541746777721,0.7881658225309542,0.18726912524476957,0.7694937013714835,0.4361503487778058,0.43615034877780584
hoptimus1,CCRCC,2,intercept_f64,63464,10756,4,TM2D3,0.1273916627223846,-0.1359755949522563,0.24959020115132774,0.30629399613371583,0.37069323272144716,0.23086867523291363,0.46873703108054326,0.2988542768290438,0.2988542768290436
hoptimus1,CCRCC,2,intercept_f64,63464,10756,4,TMEM91,0.38661761267521205,0.1334648950729469,0.27565640892924514,0.39650105931629304,0.4129433640763413,0.28749962952742764,0.5640154053527847,0.5217642477530032,0.5217642477530031
hoptimus1,CCRCC,2,intercept_f64,63464,10756,4,TP53INP1,0.20304406838155128,0.010372530127874646,0.2879341717811493,0.3909967054668753,0.46638467937829814,0.1669135086518927,0.5393997413858868,0.3420846052650966,0.3420846052650965
hoptimus1,CCRCC,2,intercept_f64,63464,10756,4,TRBC1,0.5240919014555059,0.006728396821915061,0.6690262528529437,0.5383328538114139,0.9283882420539147,0.26180234661992435,0.8207059277468546,0.3921306488208296,0.3921306488208297
hoptimus1,CCRCC,2,intercept_f64,63464,10756,4,VMP1,0.44616511232451805,0.11669794514838716,0.5345813592946586,1.0143616932263895,1.1914677807902616,0.4830416757331754,0.7779510747177282,0.7540170325316868,0.7540170325316864
hoptimus1,CCRCC,2,intercept_f64,63464,10756,4,YWHAE,0.65018571816654,0.11135557807511332,0.6403438648065612,0.625326462156809,1.0941809878867104,0.619418996840213,0.8488727979182087,0.45774367863032295,0.4577436786303225
hoptimus1,CCRCC,2,ycentered_f64,63464,10756,4,AKAP8,0.08638003181654302,-0.04935263989022265,0.25662904957559196,0.40793725953746474,0.44075320555224834,0.155932081535718,0.4945294710021387,0.33578365352194955,0.3357836535219495
hoptimus1,CCRCC,2,ycentered_f64,63464,10756,4,BLVRB,0.4158544146432965,0.0777947356094969,0.3852508251509816,0.3747972817256626,0.5733416139880003,0.28680659726236685,0.6463354703095626,0.30152938995718376,0.3015293899571837
hoptimus1,CCRCC,2,ycentered_f64,63464,10756,4,BTF3,0.6351490729455074,0.29461743522255035,0.5139358117344214,0.6401649635407414,0.9216616920885786,0.5474494009115194,0.8535757730605936,0.44173362414608175,0.44173362414608175
hoptimus1,CCRCC,2,ycentered_f64,63464,10756,4,CD109,0.3460294452714377,0.1063761279256571,0.3531915909524709,0.45669849026569204,0.5232686438095885,0.1884057482236253,0.6286773249484177,0.44358719134186503,0.4435871913418649
hoptimus1,CCRCC,2,ycentered_f64,63464,10756,4,CD14,-0.1731000038539056,-1.156351354858994,1.1906296719316234,0.5503520969680292,1.2282629120345452,0.31348450227894664,0.7430680492632045,0.5453159499593663,0.545315949959366
hoptimus1,CCRCC,2,ycentered_f64,63464,10756,4,CHST15,0.20314709378879073,-0.042128505357117874,0.3142455061131913,0.4217315400901593,0.5451030469197862,0.2111893900034445,0.5491283936020482,0.44675710792426115,0.446757107924261
hoptimus1,CCRCC,2,ycentered_f64,63464,10756,4,CIB1,0.17052772847591627,-0.33208351695755733,0.5641043120268191,0.7053377095597331,0.9752177264930679,0.39400521161287944,0.6507497089392824,0.6433617340110374,0.6433617340110371
hoptimus1,CCRCC,2,ycentered_f64,63464,10756,4,CKB,0.2502607194146813,0.04342278346733475,0.524988696023753,0.6227514524193603,0.5584133238365057,0.26541251203506605,0.7408238572722007,0.5076134601277092,0.5076134601277089
hoptimus1,CCRCC,2,ycentered_f64,63464,10756,4,CPD,0.018211088118599554,-0.4269475420152169,0.459568934382312,0.45042116237378854,0.6358846071574181,0.3316053761705375,0.5675071376174899,0.5328895778128858,0.5328895778128858
hoptimus1,CCRCC,2,ycentered_f64,63464,10756,4,CPE,0.5182719313148958,0.09060716977915961,0.8936489465202876,1.1404602717740107,0.7230695891930029,0.5402620452921432,0.9913059455321481,1.2175344832417163,1.2175344832417163
hoptimus1,CCRCC,2,ycentered_f64,63464,10756,4,DERL1,0.04022337203592179,-0.41574713038197264,0.4505761899502987,0.49476908129435054,0.6494520773626961,0.3526977833853138,0.5641456895050232,0.5940063449671661,0.5940063449671661
hoptimus1,CCRCC,2,ycentered_f64,63464,10756,4,DNAJB12,-0.017560034681955657,-0.36334702776679206,0.37028279412329146,0.29956432946735484,0.5231678337135826,0.211687136972651,0.5211509793989607,0.26376412759869494,0.26376412759869483
hoptimus1,CCRCC,2,ycentered_f64,63464,10756,4,EGFL7,0.4771866407217629,0.2261823774853482,0.30786421590591534,0.49341364310066393,0.5024039209354496,0.2780576095848141,0.6307544137650046,0.38474841828185774,0.38474841828185763
hoptimus1,CCRCC,2,ycentered_f64,63464,10756,4,FLNB,0.0202808429755247,-0.3084268692291652,0.5566327024192428,0.6265869982326806,0.8737295509803336,0.2783825453219376,0.6522433078829489,0.5623527345381756,0.5623527345381754
hoptimus1,CCRCC,2,ycentered_f64,63464,10756,4,GADD45B,0.33475930865340603,0.055645079014001175,0.3385734238465788,0.6474594998312637,0.592441111392982,0.33159360711659813,0.5987683123552152,0.5438010388487274,0.5438010388487272
hoptimus1,CCRCC,2,ycentered_f64,63464,10756,4,GPNMB,0.4647869429451736,-0.11967446155826322,0.8226641684611665,0.5134796855527307,1.0066363604904862,0.3396796281618822,0.8571669245838597,0.4396004885731888,0.4396004885731888
hoptimus1,CCRCC,2,ycentered_f64,63464,10756,4,H3F3A,0.727991602577877,0.2530681284859245,0.6705755833878468,0.6764048703951595,1.1693510181312448,0.6149399562024855,0.9475090624736783,0.4910466703861582,0.491046670386158
hoptimus1,CCRCC,2,ycentered_f64,63464,10756,4,HMOX1,0.3472613652115667,-0.02252684554284312,0.43850369411832707,0.44649697016762513,0.6941534436383004,0.2338231343707334,0.6548612138297556,0.40738388929799235,0.4073838892979924
hoptimus1,CCRCC,2,ycentered_f64,63464,10756,4,HNRNPK,0.5684408208643962,-0.15643607286000472,0.7291640647010066,0.8361306063885745,1.3744638782533494,0.5635058571695368,0.7940572466286947,0.6105526165742525,0.6105526165742524
hoptimus1,CCRCC,2,ycentered_f64,63464,10756,4,HSPA1A,0.08273761429907465,-0.11690239538035052,0.45988423928382727,0.6137119604066779,0.7658500680253159,0.2198456412441937,0.6416772644329303,0.7702886438168391,0.7702886438168389
hoptimus1,CCRCC,2,ycentered_f64,63464,10756,4,HTRA1,0.0822988307643566,-0.13485962170401278,0.6659940069968785,0.9336800781139533,0.9437319599992504,0.3511715689091296,0.7660622973037126,0.9506462556025307,0.9506462556025307
hoptimus1,CCRCC,2,ycentered_f64,63464,10756,4,IFI27,0.11825120069554783,-1.2193068286552196,1.5058490805499023,1.2025701658693557,2.0592289833430244,0.4182654367789508,0.8237246250957638,0.9234606955145493,0.9234606955145491
hoptimus1,CCRCC,2,ycentered_f64,63464,10756,4,IFI6,0.27477212264157364,-0.2748034239353494,0.7637424912306273,0.9737525470144273,1.393138819465233,0.3970261900859312,0.7740194359152262,0.7292920702209725,0.7292920702209723
hoptimus1,CCRCC,2,ycentered_f64,63464,10756,4,IRF7,-0.09754305103393578,-0.24171251401486749,0.3582551885586648,0.4069561041818141,0.5149665133755373,0.19421709597920303,0.5371377992883926,0.2722600268999055,0.2722600268999054
hoptimus1,CCRCC,2,ycentered_f64,63464,10756,4,ISG15,0.15255556230533668,-0.23642411301191357,0.49770982926982144,0.47018586000056184,0.7755099704337413,0.20316558682217428,0.6344601882921606,0.3954489036021431,0.395448903602143
hoptimus1,CCRCC,2,ycentered_f64,63464,10756,4,KRTCAP2,0.5644891756248317,0.062389154445273265,0.5315011785255537,0.5103220615426659,0.889016666368908,0.4680798434759482,0.7529060809251154,0.40531309913164365,0.40531309913164365
hoptimus1,CCRCC,2,ycentered_f64,63464,10756,4,LAPTM4B,0.012208089213757189,-0.5727611384802134,0.7069143312465842,0.36747946255868913,0.8025315962967353,0.2694078003743629,0.6704277904588687,0.5011991162280875,0.5011991162280875
hoptimus1,CCRCC,2,ycentered_f64,63464,10756,4,LRRC41,0.27369395354505593,0.036647271104997436,0.625335704531944,0.7646944734882669,0.8801846949971711,0.32774021813687937,0.8056825306586172,0.7524112519423868,0.7524112519423868
hoptimus1,CCRCC,2,ycentered_f64,63464,10756,4,LY6E,-0.0728892089684198,-0.6095283037091666,1.0948536012638008,1.056322966404315,1.4156852212258988,0.47755812960893995,0.824762139417173,0.9785978130054223,0.9785978130054221
hoptimus1,CCRCC,2,ycentered_f64,63464,10756,4,NAMPT,0.03717964438201571,-0.11020459359045387,0.39402350106800826,0.6346858543785001,0.697616842964317,0.2109433030774191,0.5957438295616656,0.5893070334393697,0.5893070334393696
hoptimus1,CCRCC,2,ycentered_f64,63464,10756,4,NOL3,0.4314741502787209,0.18081620762268558,0.42368998070245184,0.6878843911302155,0.7116033309407729,0.35727710165736654,0.7191730781358671,0.45775577801256373,0.4577557780125636
hoptimus1,CCRCC,2,ycentered_f64,63464,10756,4,NOTCH3,0.3150725498362687,-0.021019483367648695,0.3479392846441229,0.6473154228706682,0.459988216810308,0.26074208588053005,0.5837605176710363,0.49432044468475417,0.4943204446847541
hoptimus1,CCRCC,2,ycentered_f64,63464,10756,4,NT5DC2,0.4732627609564387,-0.16728998527770766,0.7122518559062947,0.2821743861452486,0.6935873044029227,0.10609004647709025,0.7811373697216729,0.23548742035937084,0.23548742035937073
hoptimus1,CCRCC,2,ycentered_f64,63464,10756,4,PARP10,0.10618562378253144,-0.25243182126061603,0.45112792938796065,0.554022511331905,0.7922474427620422,0.25927111528592417,0.6001679654970421,0.38649569692804653,0.3864956969280464
hoptimus1,CCRCC,2,ycentered_f64,63464,10756,4,PTGS1,0.17876659394414496,-0.18027396218315683,0.24390229064055538,0.39832116411781776,0.3242396490863816,0.2771457654777364,0.45458649180064015,0.39764968386502453,0.3976496838650246
hoptimus1,CCRCC,2,ycentered_f64,63464,10756,4,PXN,0.23555570772738377,-0.0595284683291073,0.573210281425919,0.6777228351498501,0.9153685130431067,0.2490753455538421,0.7355304737310414,0.5446422273741837,0.5446422273741834
hoptimus1,CCRCC,2,ycentered_f64,63464,10756,4,RXRA,0.17107081689475195,-0.07357104820346749,0.3103432409426662,0.42899813105677337,0.5646062342816456,0.19845711064291646,0.5376575516864851,0.3865407537530414,0.3865407537530413
hoptimus1,CCRCC,2,ycentered_f64,63464,10756,4,S100A9,0.5510690443067614,-0.2726542568303938,1.0361919395234878,0.26716982604964495,0.8927020137085707,0.21803767417442285,0.90232894214834,0.38480751334561486,0.38480751334561475
hoptimus1,CCRCC,2,ycentered_f64,63464,10756,4,SCARB1,0.4556790242270287,0.13510804115387975,0.8925107082954303,0.6445439515141983,0.8995615343880857,0.36381344411534783,1.0158411188108012,0.5760281895022367,0.5760281895022367
hoptimus1,CCRCC,2,ycentered_f64,63464,10756,4,SEMA4B,0.06314185649598804,-0.13479967004546078,0.38546242113030516,0.46200376614945693,0.5311668784966829,0.24261239725500858,0.5828159411222249,0.4641170807771661,0.464117080777166
hoptimus1,CCRCC,2,ycentered_f64,63464,10756,4,SLC15A4,0.30987817505410453,0.06887077395431906,0.3289761315321294,0.5121434910228653,0.6014297638253325,0.2244600775132498,0.5943978303325906,0.4686716294042193,0.46867162940421925
hoptimus1,CCRCC,2,ycentered_f64,63464,10756,4,SLC39A14,0.2089082024695671,-0.09678367301997337,0.41882341239432214,0.765272391370605,0.6787989177904239,0.34391208741602947,0.6179523484380186,0.7421892611433154,0.7421892611433154
hoptimus1,CCRCC,2,ycentered_f64,63464,10756,4,STK39,0.17922058802876803,-0.036078638243646655,0.29061557382372916,0.3952490981254236,0.41662513398468026,0.23156585680640954,0.5296184210794449,0.5218853462911502,0.5218853462911502
hoptimus1,CCRCC,2,ycentered_f64,63464,10756,4,TFRC,-0.05905496277806614,-0.47144622486493204,0.8712735574536863,0.3116541746777721,0.7881658225309542,0.18726912524476955,0.7694937013714835,0.4361503487778059,0.43615034877780584
hoptimus1,CCRCC,2,ycentered_f64,63464,10756,4,TM2D3,0.12739166272238464,-0.1359755949522563,0.24959020115132774,0.3062939961337157,0.37069323272144716,0.23086867523291363,0.46873703108054326,0.29885427682904375,0.2988542768290436
hoptimus1,CCRCC,2,ycentered_f64,63464,10756,4,TMEM91,0.38661761267521216,0.13346489507294657,0.27565640892924526,0.39650105931629287,0.4129433640763413,0.28749962952742764,0.5640154053527847,0.5217642477530031,0.5217642477530031
hoptimus1,CCRCC,2,ycentered_f64,63464,10756,4,TP53INP1,0.2030440683815514,0.010372530127874868,0.2879341717811492,0.3909967054668754,0.46638467937829814,0.16691350865189267,0.5393997413858868,0.3420846052650967,0.3420846052650965
hoptimus1,CCRCC,2,ycentered_f64,63464,10756,4,TRBC1,0.5240919014555061,0.006728396821915283,0.6690262528529436,0.538332853811414,0.9283882420539147,0.2618023466199243,0.8207059277468546,0.3921306488208297,0.3921306488208297
hoptimus1,CCRCC,2,ycentered_f64,63464,10756,4,VMP1,0.446165112324518,0.11669794514838672,0.5345813592946588,1.0143616932263892,1.1914677807902616,0.4830416757331755,0.7779510747177282,0.7540170325316865,0.7540170325316864
hoptimus1,CCRCC,2,ycentered_f64,63464,10756,4,YWHAE,0.6501857181665402,0.11135557807511309,0.6403438648065614,0.6253264621568089,1.0941809878867104,0.6194189968402128,0.8488727979182087,0.4577436786303226,0.4577436786303225
hoptimus1,CCRCC,3,nointercept_f64,67098,7122,4,AKAP8,0.33595912309049997,-0.18967966532383373,0.6488213774773599,0.04114343643028628,0.43188369140233995,0.13708956762171506,0.7384949946381203,-2.541510277242601e-17,0.34241020024247404
hoptimus1,CCRCC,3,nointercept_f64,67098,7122,4,BLVRB,0.22393956034279003,-0.0009443666016870633,0.4194133268937311,0.4954669639751315,0.3834316323426827,0.23907162660078876,0.6473157040017357,-1.6604533811318327e-16,0.33640829113763526
hoptimus1,CCRCC,3,nointercept_f64,67098,7122,4,BTF3,0.3141979963742086,0.07090112423049078,0.6279778554545967,0.8989780294003672,0.795718983196536,0.34853730466281757,0.8221313274794769,-2.1009818291872168e-16,0.4810942991532676
hoptimus1,CCRCC,3,nointercept_f64,67098,7122,4,CD109,0.3119926889406734,-0.3154428678029333,0.4087605380960689,0.05797671878136506,0.4003185277171297,0.279131431479826,0.5574404579809594,-1.4910193626489926e-16,0.46095303123393616
hoptimus1,CCRCC,3,nointercept_f64,67098,7122,4,CD14,0.12446034452155381,-0.11336265603236995,1.0395344538179225,0.5271057826774321,0.8425544647312138,0.2644878048624573,0.9662758353612132,-2.304302651366625e-16,0.623244425053639
hoptimus1,CCRCC,3,nointercept_f64,67098,7122,4,CHST15,0.36440994651772085,-0.3744467972063179,1.184304495777448,-0.008626063297244678,0.6245092901410898,0.147979682700046,0.9282559082732406,-8.810568961107683e-17,0.4436550464334209
hoptimus1,CCRCC,3,nointercept_f64,67098,7122,4,CIB1,0.3149571142443015,-0.28113243967691415,1.8817553227517314,0.3408853395501591,1.0837142625841925,0.29899076257329166,1.2119496078788257,-1.9993214180975128e-16,0.6498187423665576
hoptimus1,CCRCC,3,nointercept_f64,67098,7122,4,CKB,0.4155214729995292,-0.25040299438305413,1.247227612957928,0.22009802702130096,0.8627343060628178,0.3200970417184596,0.9987294496403616,-1.8298873996146727e-16,0.4780631407337177
hoptimus1,CCRCC,3,nointercept_f64,67098,7122,4,CPD,0.4142809062318396,-0.6375973301885416,1.5938442890972682,0.034840751559207954,0.9001697895400346,0.21170428343425013,0.9865506442422654,-2.439849866152897e-16,0.5104156570955625
hoptimus1,CCRCC,3,nointercept_f64,67098,7122,4,CPE,0.20156855872976315,-1.5141221602241575,2.8116157820012533,-0.12823123393027064,1.1698490488699935,0.4449192343257376,1.0575107678580358,1.0843777182901764e-16,1.1433318432704422
hoptimus1,CCRCC,3,nointercept_f64,67098,7122,4,DERL1,0.3555260612252779,-0.5326188336422344,1.9708403481013599,0.00895749390228421,0.9072938626885783,0.20205997812207385,1.1339884818259178,-1.4317174561799987e-16,0.5696410970675927
hoptimus1,CCRCC,3,nointercept_f64,67098,7122,4,DNAJB12,0.2041045508969704,-0.10228186696566155,0.7969452022609312,0.160877075119287,0.4803218813767362,0.1285659119315327,0.8502916194628181,-1.1521513256833125e-16,0.28236113407525926
hoptimus1,CCRCC,3,nointercept_f64,67098,7122,4,EGFL7,0.16717958847446085,-0.06496126866605634,0.391597911105545,0.3586212718895032,0.48171472489181044,0.2392608009043634,0.6063917395729824,-1.7282269885249687e-16,0.3933166103422164
hoptimus1,CCRCC,3,nointercept_f64,67098,7122,4,FLNB,0.30990881505853507,-0.41381082609406494,1.723462167612667,0.04474454590577125,0.8200035944509895,0.19900548253642897,1.1040919051727114,-8.471700924142003e-17,0.5849194222688497
hoptimus1,CCRCC,3,nointercept_f64,67098,7122,4,GADD45B,0.1142132840347985,-0.40733592099376814,1.4889556022376238,-0.022345051285712167,0.6432474456922086,0.15928244037683528,1.0285892655445317,-6.438492702347923e-17,0.5410426155089365
hoptimus1,CCRCC,3,nointercept_f64,67098,7122,4,GPNMB,0.07745218152338552,-0.1961030326837816,0.7034772940387305,0.5850284851510493,0.8084516791740317,0.3219749783323024,0.7669035470043848,-2.507623473546033e-16,0.49134688427623874
hoptimus1,CCRCC,3,nointercept_f64,67098,7122,4,H3F3A,0.13636745418335736,-0.033528518665180584,1.3873539235158996,1.1053190768689336,0.967801992928704,0.38395588185072715,1.158597003499248,-2.507623473546033e-16,0.5491764232431454
hoptimus1,CCRCC,3,nointercept_f64,67098,7122,4,HMOX1,0.22701526457260554,-0.018932253909362373,0.3104712611267978,0.41331972250768984,0.3431442501303253,0.253948200307711,0.551998691111599,-2.575397080939169e-16,0.46017246774498755
hoptimus1,CCRCC,3,nointercept_f64,67098,7122,4,HNRNPK,0.20210213134320915,0.0019639234871957623,1.1431732984439409,0.9284468884266582,1.094975779880737,0.34592778139778874,1.0702442810990935,-2.914265117904849e-16,0.6815915113483378
hoptimus1,CCRCC,3,nointercept_f64,67098,7122,4,HSPA1A,0.0549956520900378,-0.7480045112853193,0.6072807835862178,-0.041353247039383596,0.4341443804869723,0.21901610707218488,0.58941813621926,-2.8295481086634294e-16,0.8052565731473955
hoptimus1,CCRCC,3,nointercept_f64,67098,7122,4,HTRA1,0.46325047163668115,-0.13147666559562432,0.6474548508309482,0.1822909396981008,0.6255567896001227,0.3897761209628467,0.7564529894804494,0.0,0.9840439278634068
hoptimus1,CCRCC,3,nointercept_f64,67098,7122,4,IFI27,-0.020955543014170557,-0.36808627230780466,2.5794227125087406,0.3863014520561835,1.0998688605152398,0.4020949171301686,1.3731074302758606,-3.5242275844430734e-16,1.086803041825142
hoptimus1,CCRCC,3,nointercept_f64,67098,7122,4,IFI6,0.13847161929718402,-0.21073306459207175,2.6990880275598363,0.23584462294178674,0.9477904208153026,0.2820227754678686,1.4930842796913504,-1.8298873996146727e-16,0.8125164641215125
hoptimus1,CCRCC,3,nointercept_f64,67098,7122,4,IRF7,0.3984288604859655,-0.2663124108472923,0.7914939120245971,0.13181912836034415,0.6088463436917823,0.11974526332761926,0.7905937153693177,-6.777360739313603e-17,0.27544019948836035
hoptimus1,CCRCC,3,nointercept_f64,67098,7122,4,ISG15,0.17098812059339918,-0.15475431199417478,0.8513692885641636,0.15949791015140097,0.5260170226484093,0.18308863353251298,0.8586460840149216,-8.132832887176323e-17,0.4425148473112426
hoptimus1,CCRCC,3,nointercept_f64,67098,7122,4,KRTCAP2,0.23013978792205958,0.03397934208894604,0.6968999661989491,0.727649425066459,0.7258557519427982,0.3124878465848706,0.8493604117320873,-2.1009818291872168e-16,0.44882871503499355
hoptimus1,CCRCC,3,nointercept_f64,67098,7122,4,LAPTM4B,0.32348370758830336,-0.17563104823269593,1.359646234698922,0.06439550031453534,0.6266451534746872,0.2583388817281609,1.0754183399329384,-1.5587929700421286e-16,0.5361883182661228
hoptimus1,CCRCC,3,nointercept_f64,67098,7122,4,LRRC41,0.1429942663156169,-0.35404632848230033,2.0810119028392284,0.09435178885950565,0.8408235327576827,0.3126718460141602,1.2397111868069404,-1.5587929700421286e-16,0.7635093307156844
hoptimus1,CCRCC,3,nointercept_f64,67098,7122,4,LY6E,0.339865918551113,-0.30145642210840906,2.5963612258315933,0.27512269756824653,1.1829119115959088,0.3920022579462227,1.4124326296638114,-1.2199249330764485e-16,1.02697760305368
hoptimus1,CCRCC,3,nointercept_f64,67098,7122,4,NAMPT,0.3989167631440662,-0.33759851877737,1.3526989707100492,0.1312004329791156,0.8071370248344634,0.187970807983939,1.0056287714498782,-1.923076109780235e-16,0.5835482196525872
hoptimus1,CCRCC,3,nointercept_f64,67098,7122,4,NOL3,0.4256175609561481,-0.13750506898311166,1.0902843436987644,0.36951910353301415,0.9081956039014676,0.29317932367067684,0.9790237277336803,-1.9654346144009448e-16,0.4506371133625747
hoptimus1,CCRCC,3,nointercept_f64,67098,7122,4,NOTCH3,0.18286154069612487,-0.2730651721229904,0.7845200685273622,0.2924999062223358,0.7169585475691314,0.23690883411539593,0.7850127495231086,-2.710944295725441e-17,0.4651853585158657
hoptimus1,CCRCC,3,nointercept_f64,67098,7122,4,NT5DC2,0.21018348389498023,-0.4758922291489289,0.3559544463113538,-0.04982436449434659,0.3043363966388804,0.10302654652815914,0.4910999478760866,-1.1521513256833125e-16,0.3016142787412864
hoptimus1,CCRCC,3,nointercept_f64,67098,7122,4,PARP10,0.2683701297915904,-0.21515535353332527,0.9021831819436806,0.30066492157354713,0.761587200490185,0.2036051427700904,0.8616511285711337,-1.2199249330764485e-16,0.4117254219544393
hoptimus1,CCRCC,3,nointercept_f64,67098,7122,4,PTGS1,0.48977751883675325,-0.4484118373135837,1.4668551041865507,-0.16061962717500894,0.5863673912946578,0.11996690708838698,1.0063465810233014,5.760756628416562e-17,0.36585073536591983
hoptimus1,CCRCC,3,nointercept_f64,67098,7122,4,PXN,0.2988982307465598,-0.13636160283368226,1.2660245965232548,0.27672100059706534,0.7780236313430756,0.32777123681399045,1.0555110793525544,-1.7960005959181047e-16,0.5792988426173873
hoptimus1,CCRCC,3,nointercept_f64,67098,7122,4,RXRA,0.2979740533988654,-0.15665767754767712,0.8971078283430418,0.04552653319852209,0.4641637259472357,0.13949054496141836,0.8806835832337334,-1.2876985404695845e-16,0.4068460013103249
hoptimus1,CCRCC,3,nointercept_f64,67098,7122,4,S100A9,0.16287084642465952,-0.4998760550508612,0.3995734245976475,-0.020197813857098366,0.3456349527524516,0.16407974945372947,0.5161436777129509,-1.8976610070078087e-16,0.47038234750532837
hoptimus1,CCRCC,3,nointercept_f64,67098,7122,4,SCARB1,0.2976932544595713,-0.12819253472341963,1.4357290978567105,0.4276833717943581,0.9317867623658302,0.483457948880201,1.1280923141297883,-1.8976610070078087e-16,0.5901301314626182
hoptimus1,CCRCC,3,nointercept_f64,67098,7122,4,SEMA4B,0.40688196042699515,-0.2703600117474374,1.248512344079481,0.1406609490205148,0.7775191123885273,0.25227934039175054,0.9913637007974411,-1.4401891571041406e-16,0.4415998426349711
hoptimus1,CCRCC,3,nointercept_f64,67098,7122,4,SLC15A4,0.2767237796291859,-0.22099936155649025,0.9517292267121046,0.112510424496756,0.5941145156615573,0.24711218680439093,0.8828745232005683,-1.4063023534075726e-16,0.4766382194353488
hoptimus1,CCRCC,3,nointercept_f64,67098,7122,4,SLC39A14,0.4086077538219788,-0.6124435077997947,1.5785588622823503,-0.07361178757234252,0.7890912346610927,0.2672932921784919,0.9894369763286849,1.3554721478627205e-17,0.7270492809874641
hoptimus1,CCRCC,3,nointercept_f64,67098,7122,4,STK39,0.3778392489574779,-0.5167447254672348,1.4367325655149128,-0.15932820316782292,0.6128631988558599,0.19910558695753933,0.9732663791252295,7.455096813244963e-17,0.4953551500180236
hoptimus1,CCRCC,3,nointercept_f64,67098,7122,4,TFRC,0.431048694342603,-0.3611283148443516,0.9199992062028097,-0.08337363012925897,0.4939618019601061,0.1636988481245278,0.8221369964971555,-2.372076258759761e-16,0.4864431334528263
hoptimus1,CCRCC,3,nointercept_f64,67098,7122,4,TM2D3,0.365097456019896,-0.16931924978230906,0.9916232650231249,0.07184131704649152,0.5330278801134684,0.12660635156643452,0.9208879794945968,-5.845473637657982e-17,0.28551431747089606
hoptimus1,CCRCC,3,nointercept_f64,67098,7122,4,TMEM91,0.4564228333221191,-0.2697366369778351,1.0813698836354324,0.011867086528368312,0.6242185440066155,0.24186671808467775,0.9228482853954441,-8.471700924142003e-17,0.4934451186769591
hoptimus1,CCRCC,3,nointercept_f64,67098,7122,4,TP53INP1,0.16253561235352168,-0.16154311913064268,0.5534739440003485,0.1725203046128034,0.4666962785956499,0.1671844225617871,0.6902889509492779,-4.913586536002362e-17,0.34878357184683356
hoptimus1,CCRCC,3,nointercept_f64,67098,7122,4,TRBC1,0.11977323856484352,-0.5077337501129722,0.35386678464054094,-0.00011342181585913756,0.29261050275188255,0.2499766274703746,0.48445960609394384,-6.777360739313603e-17,0.48865765637870184
hoptimus1,CCRCC,3,nointercept_f64,67098,7122,4,VMP1,0.3732814794372668,-0.39554623624698326,1.9979023187339304,0.6561381851270522,1.5247581390074483,0.3405400258116834,1.1965063575855635,-2.405963062456329e-16,0.7423326617300061
hoptimus1,CCRCC,3,nointercept_f64,67098,7122,4,YWHAE,0.22433603428381316,0.03684800286741419,1.167112255971921,0.8737276741143043,0.9796393296585362,0.3184732138246551,1.1008012145897998,-2.507623473546033e-16,0.5043706849753518
hoptimus1,CCRCC,3,intercept_f64,67098,7122,4,AKAP8,0.33595912309050563,0.08598788829858961,0.49847922481189527,0.38355363667275905,0.43188369140233995,0.1370895676217157,0.7384949946381203,0.34241020024247404,0.34241020024247404
hoptimus1,CCRCC,3,intercept_f64,67098,7122,4,BLVRB,0.22393956034279366,-0.45092488765448446,0.6079630941628946,0.8318752551127658,0.3834316323426827,0.23907162660078934,0.6473157040017357,0.33640829113763543,0.33640829113763526
hoptimus1,CCRCC,3,intercept_f64,67098,7122,4,BTF3,0.3141979963742113,-0.41852991726384503,0.9587842570617067,1.3800723285536338,0.795718983196536,0.3485373046628182,0.8221313274794769,0.48109429915326785,0.4810942991532676
hoptimus1,CCRCC,3,intercept_f64,67098,7122,4,CD109,0.3119926889406746,0.016440176420697616,0.30563124600572156,0.5189297500152996,0.4003185277171297,0.2791314314798276,0.5574404579809594,0.4609530312339363,0.46095303123393616
hoptimus1,CCRCC,3,intercept_f64,67098,7122,4,CD14,0.1244603445215602,-0.10825426164011831,1.0347648022172842,1.150350207731069,0.8425544647312138,0.2644878048624564,0.9662758353612132,0.6232444250536393,0.623244425053639
hoptimus1,CCRCC,3,intercept_f64,67098,7122,4,CHST15,0.36440994651772807,0.04910541520865197,0.8193469067466401,0.4350289831361748,0.6245092901410898,0.14797968270004663,0.9282559082732406,0.44365504643342096,0.4436550464334209
hoptimus1,CCRCC,3,intercept_f64,67098,7122,4,CIB1,0.3149571142443059,0.08864958285674174,1.3386114075636266,0.9907040819167147,1.0837142625841925,0.29899076257329305,1.2119496078788257,0.6498187423665579,0.6498187423665576
hoptimus1,CCRCC,3,intercept_f64,67098,7122,4,CKB,0.4155214729995317,0.1364765502550015,0.8613305436700783,0.6981611677550172,0.8627343060628178,0.3200970417184616,0.9987294496403616,0.478063140733718,0.4780631407337177
hoptimus1,CCRCC,3,intercept_f64,67098,7122,4,CPD,0.41428090623184344,0.002330999848139337,0.9710134530558548,0.5452564086547688,0.9001697895400346,0.21170428343425185,0.9865506442422654,0.5104156570955625,0.5104156570955625
hoptimus1,CCRCC,3,intercept_f64,67098,7122,4,CPE,0.2015685587297619,-0.028812108165236383,1.150550440943353,1.0151006093401667,1.1698490488699935,0.4449192343257408,1.0575107678580358,1.1433318432704422,1.1433318432704422
hoptimus1,CCRCC,3,intercept_f64,67098,7122,4,DERL1,0.3555260612252833,0.010931528148418246,1.2718726982674442,0.5785985909698749,0.9072938626885783,0.20205997812207527,1.1339884818259178,0.5696410970675927,0.5696410970675927
hoptimus1,CCRCC,3,intercept_f64,67098,7122,4,DNAJB12,0.2041045508969758,0.03695791865039333,0.6962754167585881,0.44323820919454543,0.4803218813767362,0.12856591193153322,0.8502916194628181,0.28236113407525937,0.28236113407525926
hoptimus1,CCRCC,3,intercept_f64,67098,7122,4,EGFL7,0.16717958847446246,-0.2223363968140497,0.44946646769626025,0.7519378822317186,0.48171472489181044,0.2392608009043625,0.6063917395729824,0.3933166103422165,0.3933166103422164
hoptimus1,CCRCC,3,intercept_f64,67098,7122,4,FLNB,0.3099088150585428,0.0495104585656756,1.1586647485924546,0.6296639681746191,0.8200035944509895,0.1990054825364296,1.1040919051727114,0.58491942226885,0.5849194222688497
hoptimus1,CCRCC,3,intercept_f64,67098,7122,4,GADD45B,0.11421328403481007,-0.0032694134820296927,1.061454903178257,0.5186975642232223,0.6432474456922086,0.15928244037683353,1.0285892655445317,0.5410426155089363,0.5410426155089365
hoptimus1,CCRCC,3,intercept_f64,67098,7122,4,GPNMB,0.07745218152338733,-0.23327979522454534,0.7253424742102209,1.0763753694272866,0.8084516791740317,0.3219749783323025,0.7669035470043848,0.4913468842762392,0.49134688427623874
hoptimus1,CCRCC,3,intercept_f64,67098,7122,4,H3F3A,0.13636745418336124,-0.3707267385462705,1.839990947948274,1.6544955001120771,0.967801992928704,0.3839558818507279,1.158597003499248,0.5491764232431459,0.5491764232431454
hoptimus1,CCRCC,3,intercept_f64,67098,7122,4,HMOX1,0.22701526457260868,-0.9258637388740532,0.5868156017954309,0.8734921902526761,0.3431442501303253,0.2539482003077113,0.551998691111599,0.4601724677449878,0.46017246774498755
hoptimus1,CCRCC,3,intercept_f64,67098,7122,4,HNRNPK,0.2021021313432139,-0.20543340291606138,1.380730929167347,1.610038399774994,1.094975779880737,0.34592778139778896,1.0702442810990935,0.6815915113483382,0.6815915113483378
hoptimus1,CCRCC,3,intercept_f64,67098,7122,4,HSPA1A,0.054995652090044096,-0.41020258151378886,0.4899237520201206,0.7639033261080098,0.4341443804869723,0.2190161070721839,0.58941813621926,0.8052565731473962,0.8052565731473955
hoptimus1,CCRCC,3,intercept_f64,67098,7122,4,HTRA1,0.46325047163668426,-0.2991676362233797,0.7434111667451933,1.1663348675615035,0.6255567896001227,0.3897761209628483,0.7564529894804494,0.9840439278634063,0.9840439278634068
hoptimus1,CCRCC,3,intercept_f64,67098,7122,4,IFI27,-0.0209555430141637,-0.17191097940672906,2.209549104107939,1.473104493881323,1.0998688605152398,0.4020949171301695,1.3731074302758606,1.0868030418251424,1.086803041825142
hoptimus1,CCRCC,3,intercept_f64,67098,7122,4,IFI6,0.1384716192971924,0.012095721007883031,2.202335667359634,1.0483610870632964,0.9477904208153026,0.2820227754678682,1.4930842796913504,0.8125164641215125,0.8125164641215125
hoptimus1,CCRCC,3,intercept_f64,67098,7122,4,IRF7,0.3984288604859709,0.03273742736673291,0.604576272814248,0.40725932784870356,0.6088463436917823,0.11974526332761952,0.7905937153693177,0.27544019948836035,0.27544019948836035
hoptimus1,CCRCC,3,intercept_f64,67098,7122,4,ISG15,0.17098812059340526,0.019619211921394375,0.7228083804485218,0.602012757462642,0.5260170226484093,0.1830886335325124,0.8586460840149216,0.4425148473112427,0.4425148473112426
hoptimus1,CCRCC,3,intercept_f64,67098,7122,4,KRTCAP2,0.23013978792206266,-0.24749228201699447,0.8999572856454804,1.1764781401014515,0.7258557519427982,0.3124878465848713,0.8493604117320873,0.4488287150349938,0.44882871503499355
hoptimus1,CCRCC,3,intercept_f64,67098,7122,4,LAPTM4B,0.3234837075883075,0.09712188560269386,1.04420075539667,0.6005838185806561,0.6266451534746872,0.25833888172816283,1.0754183399329384,0.5361883182661228,0.5361883182661228
hoptimus1,CCRCC,3,intercept_f64,67098,7122,4,LRRC41,0.14299426631562256,0.008329652968253942,1.5240821177654023,0.8578611195751875,0.8408235327576827,0.3126718460141619,1.2397111868069404,0.7635093307156847,0.7635093307156844
hoptimus1,CCRCC,3,intercept_f64,67098,7122,4,LY6E,0.33986591855112025,0.10450308401249586,1.7864858408052453,1.302100300621923,1.1829119115959088,0.39200225794622373,1.4124326296638114,1.0269776030536801,1.02697760305368
hoptimus1,CCRCC,3,intercept_f64,67098,7122,4,NAMPT,0.3989167631440736,0.10575107239588999,0.9043443058193003,0.714748652631701,0.8071370248344634,0.18797080798393992,1.0056287714498782,0.5835482196525872,0.5835482196525872
hoptimus1,CCRCC,3,intercept_f64,67098,7122,4,NOL3,0.425617560956151,0.15714817409877857,0.8078629053139297,0.8201562168955876,0.9081956039014676,0.2931793236706782,0.9790237277336803,0.45063711336257495,0.4506371133625747
hoptimus1,CCRCC,3,intercept_f64,67098,7122,4,NOTCH3,0.18286154069612884,0.01660284599188766,0.6060135958047586,0.7576852647381995,0.7169585475691314,0.23690883411539432,0.7850127495231086,0.46518535851586557,0.4651853585158657
hoptimus1,CCRCC,3,intercept_f64,67098,7122,4,NT5DC2,0.21018348389498603,0.03272846810808916,0.23328573439665232,0.2517899142469389,0.3043363966388804,0.10302654652815835,0.4910999478760866,0.3016142787412864,0.3016142787412864
hoptimus1,CCRCC,3,intercept_f64,67098,7122,4,PARP10,0.2683701297915953,0.06773385218990968,0.692154165476932,0.7123903435279852,0.761587200490185,0.20360514277009037,0.8616511285711337,0.41172542195443945,0.4117254219544393
hoptimus1,CCRCC,3,intercept_f64,67098,7122,4,PTGS1,0.4897775188367594,-0.04087642602057917,1.054130364722491,0.20523110819090912,0.5863673912946578,0.11996690708838778,1.0063465810233014,0.3658507353659198,0.36585073536591983
hoptimus1,CCRCC,3,intercept_f64,67098,7122,4,PXN,0.2988982307465637,0.08374441784749054,1.0208036779966672,0.8560198432144511,0.7780236313430756,0.32777123681399195,1.0555110793525544,0.5792988426173875,0.5792988426173873
hoptimus1,CCRCC,3,intercept_f64,67098,7122,4,RXRA,0.2979740533988729,0.06912527765986232,0.7219897613860523,0.45237253450884574,0.4641637259472357,0.13949054496141888,0.8806835832337334,0.4068460013103249,0.4068460013103249
hoptimus1,CCRCC,3,intercept_f64,67098,7122,4,S100A9,0.1628708464246621,-0.03853590368987292,0.2766704263379305,0.4501845336482287,0.3456349527524516,0.1640797494537301,0.5161436777129509,0.47038234750532854,0.47038234750532837
hoptimus1,CCRCC,3,intercept_f64,67098,7122,4,SCARB1,0.297693254459574,0.06567916653455907,1.1890094696194067,1.0178135032569744,0.9317867623658302,0.48345794888020277,1.1280923141297883,0.5901301314626183,0.5901301314626182
hoptimus1,CCRCC,3,intercept_f64,67098,7122,4,SEMA4B,0.40688196042699754,0.10353270845137885,0.8810498356464898,0.5822607916554842,0.7775191123885273,0.25227934039175204,0.9913637007974411,0.44159984263497115,0.4415998426349711
hoptimus1,CCRCC,3,intercept_f64,67098,7122,4,SLC15A4,0.2767237796291901,0.07653435657994545,0.719811385967463,0.5891486439321034,0.5941145156615573,0.24711218680439218,0.8828745232005683,0.4766382194353489,0.4766382194353488
hoptimus1,CCRCC,3,intercept_f64,67098,7122,4,SLC39A14,0.4086077538219834,0.12899193196907754,0.8527042952256761,0.6534374934151195,0.7890912346610927,0.2672932921784945,0.9894369763286849,0.7270492809874639,0.7270492809874641
hoptimus1,CCRCC,3,intercept_f64,67098,7122,4,STK39,0.3778392489574816,0.03183553602912015,0.9170913145801484,0.33602694685019896,0.6128631988558599,0.19910558695754127,0.9732663791252295,0.4953551500180236,0.4953551500180236
hoptimus1,CCRCC,3,intercept_f64,67098,7122,4,TFRC,0.4310486943426069,0.11978653506798376,0.5949444150084275,0.40306950332356595,0.4939618019601061,0.16369884812452912,0.8221369964971555,0.4864431334528263,0.4864431334528263
hoptimus1,CCRCC,3,intercept_f64,67098,7122,4,TM2D3,0.365097456019901,0.04509687534382112,0.8097909569423648,0.35735563451738656,0.5330278801134684,0.1266063515664351,0.9208879794945968,0.28551431747089606,0.28551431747089606
hoptimus1,CCRCC,3,intercept_f64,67098,7122,4,TMEM91,0.45642283332212236,0.15395388332344362,0.7205342935668224,0.5053122052053256,0.6242185440066155,0.24186671808467938,0.9228482853954441,0.4934451186769591,0.4934451186769591
hoptimus1,CCRCC,3,intercept_f64,67098,7122,4,TP53INP1,0.16253561235352568,0.013814106629476908,0.46991643007606626,0.5213038764596358,0.4666962785956499,0.1671844225617871,0.6902889509492779,0.3487835718468337,0.34878357184683356
hoptimus1,CCRCC,3,intercept_f64,67098,7122,4,TRBC1,0.11977323856484559,-0.30621246729616036,0.30656951588756715,0.48854423456284124,0.29261050275188255,0.24997662747037264,0.48445960609394384,0.48865765637870195,0.48865765637870184
hoptimus1,CCRCC,3,intercept_f64,67098,7122,4,VMP1,0.37328147943727114,0.12033667521219937,1.2593501746134244,1.398470846857056,1.5247581390074483,0.3405400258116845,1.1965063575855635,0.7423326617300064,0.7423326617300061
hoptimus1,CCRCC,3,intercept_f64,67098,7122,4,YWHAE,0.22433603428381726,-0.08491861413210566,1.3146645753269885,1.378098359089655,0.9796393296585362,0.31847321382465604,1.1008012145897998,0.5043706849753522,0.5043706849753518
hoptimus1,CCRCC,3,ycentered_f64,67098,7122,4,AKAP8,0.3359591230905055,0.0859878882985895,0.4984792248118953,0.38355363667275905,0.43188369140233995,0.13708956762171562,0.7384949946381203,0.34241020024247404,0.34241020024247404
hoptimus1,CCRCC,3,ycentered_f64,67098,7122,4,BLVRB,0.22393956034279347,-0.45092488765448446,0.6079630941628946,0.8318752551127656,0.3834316323426827,0.23907162660078923,0.6473157040017357,0.3364082911376351,0.33640829113763526
hoptimus1,CCRCC,3,ycentered_f64,67098,7122,4,BTF3,0.31419799637421136,-0.4185299172638437,0.9587842570617058,1.3800723285536334,0.795718983196536,0.3485373046628181,0.8221313274794769,0.48109429915326746,0.4810942991532676
hoptimus1,CCRCC,3,ycentered_f64,67098,7122,4,CD109,0.3119926889406746,0.01644017642069806,0.30563124600572145,0.5189297500152994,0.4003185277171297,0.27913143147982755,0.5574404579809594,0.460953031233936,0.46095303123393616
hoptimus1,CCRCC,3,ycentered_f64,67098,7122,4,CD14,0.12446034452156028,-0.10825426164011809,1.034764802217284,1.1503502077310686,0.8425544647312138,0.2644878048624563,0.9662758353612132,0.6232444250536388,0.623244425053639
hoptimus1,CCRCC,3,ycentered_f64,67098,7122,4,CHST15,0.3644099465177279,0.04910541520865197,0.8193469067466401,0.43502898313617466,0.6245092901410898,0.1479796827000466,0.9282559082732406,0.44365504643342085,0.4436550464334209
hoptimus1,CCRCC,3,ycentered_f64,67098,7122,4,CIB1,0.3149571142443059,0.08864958285674196,1.3386114075636264,0.9907040819167142,1.0837142625841925,0.298990762573293,1.2119496078788257,0.6498187423665573,0.6498187423665576
hoptimus1,CCRCC,3,ycentered_f64,67098,7122,4,CKB,0.4155214729995313,0.13647655025500094,0.8613305436700789,0.698161167755017,0.8627343060628178,0.32009704171846154,0.9987294496403616,0.47806314073371753,0.4780631407337177
hoptimus1,CCRCC,3,ycentered_f64,67098,7122,4,CPD,0.4142809062318432,0.0023309998481392258,0.971013453055855,0.5452564086547684,0.9001697895400346,0.21170428343425177,0.9865506442422654,0.5104156570955622,0.5104156570955625
hoptimus1,CCRCC,3,ycentered_f64,67098,7122,4,CPE,0.20156855872976193,-0.028812108165236383,1.150550440943353,1.015100609340167,1.1698490488699935,0.44491923432574065,1.0575107678580358,1.1433318432704425,1.1433318432704422
hoptimus1,CCRCC,3,ycentered_f64,67098,7122,4,DERL1,0.35552606122528324,0.010931528148417802,1.2718726982674446,0.5785985909698748,0.9072938626885783,0.2020599781220752,1.1339884818259178,0.5696410970675925,0.5696410970675927
hoptimus1,CCRCC,3,ycentered_f64,67098,7122,4,DNAJB12,0.20410455089697588,0.03695791865039344,0.696275416758588,0.4432382091945452,0.4803218813767362,0.12856591193153324,0.8502916194628181,0.28236113407525915,0.28236113407525926
hoptimus1,CCRCC,3,ycentered_f64,67098,7122,4,EGFL7,0.16717958847446246,-0.2223363968140497,0.44946646769626025,0.7519378822317183,0.48171472489181044,0.2392608009043625,0.6063917395729824,0.39331661034221616,0.3933166103422164
hoptimus1,CCRCC,3,ycentered_f64,67098,7122,4,FLNB,0.3099088150585426,0.04951045856567515,1.1586647485924553,0.6296639681746189,0.8200035944509895,0.19900548253642952,1.1040919051727114,0.5849194222688497,0.5849194222688497
hoptimus1,CCRCC,3,ycentered_f64,67098,7122,4,GADD45B,0.1142132840348097,-0.0032694134820299148,1.0614549031782572,0.5186975642232223,0.6432474456922086,0.15928244037683356,1.0285892655445317,0.5410426155089363,0.5410426155089365
hoptimus1,CCRCC,3,ycentered_f64,67098,7122,4,GPNMB,0.07745218152338722,-0.23327979522454445,0.7253424742102204,1.076375369427286,0.8084516791740317,0.3219749783323025,0.7669035470043848,0.49134688427623857,0.49134688427623874
hoptimus1,CCRCC,3,ycentered_f64,67098,7122,4,H3F3A,0.13636745418336124,-0.37072673854627003,1.8399909479482734,1.6544955001120767,0.967801992928704,0.3839558818507277,1.158597003499248,0.5491764232431452,0.5491764232431454
hoptimus1,CCRCC,3,ycentered_f64,67098,7122,4,HMOX1,0.22701526457260884,-0.9258637388740516,0.5868156017954304,0.8734921902526757,0.3431442501303253,0.2539482003077113,0.551998691111599,0.46017246774498727,0.46017246774498755
hoptimus1,CCRCC,3,ycentered_f64,67098,7122,4,HNRNPK,0.20210213134321392,-0.20543340291606094,1.3807309291673466,1.6100383997749936,1.094975779880737,0.34592778139778885,1.0702442810990935,0.6815915113483375,0.6815915113483378
hoptimus1,CCRCC,3,ycentered_f64,67098,7122,4,HSPA1A,0.05499565209004405,-0.4102025815137882,0.4899237520201204,0.7639033261080087,0.4341443804869723,0.2190161070721839,0.58941813621926,0.8052565731473953,0.8052565731473955
hoptimus1,CCRCC,3,ycentered_f64,67098,7122,4,HTRA1,0.46325047163668415,-0.29916763622338083,0.7434111667451939,1.1663348675615037,0.6255567896001227,0.3897761209628482,0.7564529894804494,0.9840439278634068,0.9840439278634068
hoptimus1,CCRCC,3,ycentered_f64,67098,7122,4,IFI27,-0.02095554301416374,-0.17191097940672884,2.2095491041079387,1.4731044938813216,1.0998688605152398,0.4020949171301695,1.3731074302758606,1.0868030418251415,1.086803041825142
hoptimus1,CCRCC,3,ycentered_f64,67098,7122,4,IFI6,0.13847161929719237,0.012095721007883031,2.202335667359634,1.0483610870632962,0.9477904208153026,0.28202277546786825,1.4930842796913504,0.8125164641215122,0.8125164641215125
hoptimus1,CCRCC,3,ycentered_f64,67098,7122,4,IRF7,0.3984288604859707,0.03273742736673302,0.6045762728142479,0.40725932784870345,0.6088463436917823,0.11974526332761949,0.7905937153693177,0.27544019948836024,0.27544019948836035
hoptimus1,CCRCC,3,ycentered_f64,67098,7122,4,ISG15,0.17098812059340515,0.019619211921394486,0.7228083804485217,0.6020127574626417,0.5260170226484093,0.18308863353251242,0.8586460840149216,0.44251484731124247,0.4425148473112426
hoptimus1,CCRCC,3,ycentered_f64,67098,7122,4,KRTCAP2,0.23013978792206263,-0.24749228201699425,0.8999572856454803,1.176478140101451,0.7258557519427982,0.31248784658487117,0.8493604117320873,0.44882871503499333,0.44882871503499355
hoptimus1,CCRCC,3,ycentered_f64,67098,7122,4,LAPTM4B,0.32348370758830747,0.09712188560269397,1.0442007553966697,0.6005838185806561,0.6266451534746872,0.25833888172816266,1.0754183399329384,0.5361883182661226,0.5361883182661228
hoptimus1,CCRCC,3,ycentered_f64,67098,7122,4,LRRC41,0.1429942663156226,0.008329652968253609,1.5240821177654027,0.8578611195751868,0.8408235327576827,0.3126718460141618,1.2397111868069404,0.7635093307156842,0.7635093307156844
hoptimus1,CCRCC,3,ycentered_f64,67098,7122,4,LY6E,0.33986591855111986,0.10450308401249575,1.7864858408052455,1.302100300621923,1.1829119115959088,0.3920022579462236,1.4124326296638114,1.0269776030536797,1.02697760305368
hoptimus1,CCRCC,3,ycentered_f64,67098,7122,4,NAMPT,0.3989167631440734,0.10575107239588999,0.9043443058193003,0.7147486526317007,0.8071370248344634,0.18797080798393986,1.0056287714498782,0.583548219652587,0.5835482196525872
hoptimus1,CCRCC,3,ycentered_f64,67098,7122,4,NOL3,0.425617560956151,0.15714817409877824,0.8078629053139299,0.8201562168955872,0.9081956039014676,0.29317932367067817,0.9790237277336803,0.45063711336257456,0.4506371133625747
hoptimus1,CCRCC,3,ycentered_f64,67098,7122,4,NOTCH3,0.18286154069612878,0.01660284599188766,0.6060135958047586,0.7576852647381995,0.7169585475691314,0.23690883411539435,0.7850127495231086,0.4651853585158657,0.4651853585158657
hoptimus1,CCRCC,3,ycentered_f64,67098,7122,4,NT5DC2,0.210183483894986,0.03272846810808927,0.2332857343966523,0.2517899142469388,0.3043363966388804,0.10302654652815835,0.4910999478760866,0.30161427874128627,0.3016142787412864
hoptimus1,CCRCC,3,ycentered_f64,67098,7122,4,PARP10,0.26837012979159547,0.06773385218990968,0.692154165476932,0.7123903435279849,0.761587200490185,0.20360514277009037,0.8616511285711337,0.4117254219544392,0.4117254219544393
hoptimus1,CCRCC,3,ycentered_f64,67098,7122,4,PTGS1,0.4897775188367594,-0.04087642602057895,1.0541303647224907,0.2052311081909093,0.5863673912946578,0.11996690708838777,1.0063465810233014,0.3658507353659199,0.36585073536591983
hoptimus1,CCRCC,3,ycentered_f64,67098,7122,4,PXN,0.29889823074656363,0.08374441784749065,1.020803677996667,0.8560198432144509,0.7780236313430756,0.3277712368139919,1.0555110793525544,0.5792988426173871,0.5792988426173873
hoptimus1,CCRCC,3,ycentered_f64,67098,7122,4,RXRA,0.29797405339887284,0.06912527765986254,0.7219897613860522,0.45237253450884546,0.4641637259472357,0.13949054496141888,0.8806835832337334,0.4068460013103248,0.4068460013103249
hoptimus1,CCRCC,3,ycentered_f64,67098,7122,4,S100A9,0.16287084642466224,-0.03853590368987292,0.2766704263379305,0.4501845336482282,0.3456349527524516,0.16407974945373002,0.5161436777129509,0.47038234750532826,0.47038234750532837
hoptimus1,CCRCC,3,ycentered_f64,67098,7122,4,SCARB1,0.29769325445957395,0.06567916653455907,1.1890094696194067,1.0178135032569742,0.9317867623658302,0.48345794888020266,1.1280923141297883,0.590130131462618,0.5901301314626182
hoptimus1,CCRCC,3,ycentered_f64,67098,7122,4,SEMA4B,0.4068819604269976,0.10353270845137863,0.8810498356464899,0.5822607916554841,0.7775191123885273,0.2522793403917519,0.9913637007974411,0.44159984263497093,0.4415998426349711
hoptimus1,CCRCC,3,ycentered_f64,67098,7122,4,SLC15A4,0.27672377962919004,0.07653435657994545,0.719811385967463,0.5891486439321031,0.5941145156615573,0.2471121868043921,0.8828745232005683,0.47663821943534873,0.4766382194353488
hoptimus1,CCRCC,3,ycentered_f64,67098,7122,4,SLC39A14,0.4086077538219832,0.12899193196907743,0.8527042952256763,0.6534374934151198,0.7890912346610927,0.26729329217849435,0.9894369763286849,0.7270492809874641,0.7270492809874641
hoptimus1,CCRCC,3,ycentered_f64,67098,7122,4,STK39,0.37783924895748155,0.03183553602912015,0.9170913145801484,0.33602694685019907,0.6128631988558599,0.19910558695754116,0.9732663791252295,0.4953551500180237,0.4953551500180236
hoptimus1,CCRCC,3,ycentered_f64,67098,7122,4,TFRC,0.4310486943426068,0.11978653506798365,0.5949444150084277,0.40306950332356567,0.4939618019601061,0.1636988481245291,0.8221369964971555,0.4864431334528261,0.4864431334528263
hoptimus1,CCRCC,3,ycentered_f64,67098,7122,4,TM2D3,0.36509745601990107,0.04509687534382112,0.8097909569423648,0.3573556345173865,0.5330278801134684,0.1266063515664351,0.9208879794945968,0.285514317470896,0.28551431747089606
hoptimus1,CCRCC,3,ycentered_f64,67098,7122,4,TMEM91,0.4564228333221224,0.15395388332344362,0.7205342935668224,0.5053122052053257,0.6242185440066155,0.24186671808467933,0.9228482853954441,0.493445118676959,0.4934451186769591
hoptimus1,CCRCC,3,ycentered_f64,67098,7122,4,TP53INP1,0.16253561235352562,0.013814106629476908,0.46991643007606626,0.5213038764596356,0.4666962785956499,0.1671844225617871,0.6902889509492779,0.34878357184683356,0.34878357184683356
hoptimus1,CCRCC,3,ycentered_f64,67098,7122,4,TRBC1,0.11977323856484574,-0.3062124672961595,0.306569515887567,0.4885442345628409,0.29261050275188255,0.2499766274703727,0.48445960609394384,0.48865765637870173,0.48865765637870184
hoptimus1,CCRCC,3,ycentered_f64,67098,7122,4,VMP1,0.37328147943727114,0.12033667521219926,1.2593501746134246,1.3984708468570557,1.5247581390074483,0.3405400258116844,1.1965063575855635,0.7423326617300058,0.7423326617300061
hoptimus1,CCRCC,3,ycentered_f64,67098,7122,4,YWHAE,0.22433603428381715,-0.084918614132105,1.3146645753269879,1.3780983590896545,0.9796393296585362,0.318473213824656,1.1008012145897998,0.5043706849753515,0.5043706849753518
hoptimus1,CCRCC,4,nointercept_f64,59472,14748,4,AKAP8,-0.011037312146246984,-0.7140672521021065,0.36293272066870935,-0.007215120598164336,0.3332953169186134,0.18273337817230922,0.4601496895485167,7.455250657692738e-17,0.3553853230448157
hoptimus1,CCRCC,4,nointercept_f64,59472,14748,4,BLVRB,0.16258963336859392,-0.6732726962898958,0.2573636403980004,-0.0796805483118709,0.23511484838417948,0.156095715029198,0.3921843265000617,-3.058564372386764e-17,0.3671584917327105
hoptimus1,CCRCC,4,nointercept_f64,59472,14748,4,BTF3,0.27604251208226066,-0.8243145628155795,0.347631048362279,-0.13151651813092627,0.2644934358395048,0.24204364169500042,0.4365252970994452,-8.411052024063602e-17,0.5724849793373464
hoptimus1,CCRCC,4,nointercept_f64,59472,14748,4,CD109,0.4234630387463912,-0.6960479789575793,0.5075576668574553,-0.08439049375741625,0.42706405416490717,0.2510520310217554,0.5470457260309345,1.529282186193382e-17,0.4620956815528652
hoptimus1,CCRCC,4,nointercept_f64,59472,14748,4,CD14,0.16456445528760394,-1.0760524252146273,0.7056072290370373,-0.08659601087271708,0.49333390922510173,0.29244327462047054,0.5829916742879915,-1.2234257489547057e-16,0.6817231442832421
hoptimus1,CCRCC,4,nointercept_f64,59472,14748,4,CHST15,0.09065026466737494,-0.7172680144931836,0.42033005232902454,0.030181176953660342,0.39927085488024266,0.24818909443711562,0.49473903824041493,8.315471887426516e-17,0.47631952687316215
hoptimus1,CCRCC,4,nointercept_f64,59472,14748,4,CIB1,0.41395569906887575,-0.8122277138266505,0.557936641718175,-0.04132397706236848,0.49463685916179495,0.35445355708469967,0.554863373740797,1.9116027327417276e-17,0.740261745939564
hoptimus1,CCRCC,4,nointercept_f64,59472,14748,4,CKB,0.2910054140076166,-0.9481848937711492,0.4582957752125062,-0.07194214463120165,0.3625069363899014,0.37401328236556974,0.48501798287428827,1.8733706780868932e-16,0.5527848743417425
hoptimus1,CCRCC,4,nointercept_f64,59472,14748,4,CPD,0.3645864216643552,-0.5126609249452849,1.158997984248689,0.03716323235327562,0.7385986102025037,0.26781183974442035,0.8753274462086045,-3.823205465483455e-17,0.5005048879747722
hoptimus1,CCRCC,4,nointercept_f64,59472,14748,4,CPE,0.4244065981836499,-2.2659164250127697,2.189882225201915,-0.2057671443244408,1.0667876026188743,0.49152932158145146,0.8188565849272434,2.752707935148088e-16,1.1654889928435073
hoptimus1,CCRCC,4,nointercept_f64,59472,14748,4,DERL1,0.3877770297829551,-0.47639879532040874,0.8944057353824869,0.05404437327050829,0.6702226721920358,0.2970362414856069,0.7783330044191521,6.690609564596047e-17,0.5851338655438063
hoptimus1,CCRCC,4,nointercept_f64,59472,14748,4,DNAJB12,0.07599363948554129,-0.5076581197284773,0.22004689039787848,0.016215865423456866,0.23539202996376313,0.19304098036274847,0.38203766529104655,1.0704975303353675e-16,0.31771519631828904
hoptimus1,CCRCC,4,nointercept_f64,59472,14748,4,EGFL7,0.07401854607407142,-0.8063080759578825,0.37077835811554644,-0.06974356384413277,0.3043463683755604,0.19690931948356566,0.45306579611481573,7.64641093096691e-18,0.4259656636840655
hoptimus1,CCRCC,4,nointercept_f64,59472,14748,4,FLNB,0.16710750595987522,-0.8795815198353434,0.44152142975277037,-0.008733298657779004,0.38802323947277434,0.3171300296987812,0.48466907577551127,2.638011771183584e-16,0.6618984103331105
hoptimus1,CCRCC,4,nointercept_f64,59472,14748,4,GADD45B,0.1512164766534724,-0.7065807008863845,0.5489111091878025,0.08500488776889899,0.5391958373039759,0.2540836708214267,0.567136495407358,1.1469616396450366e-17,0.5537400039527761
hoptimus1,CCRCC,4,nointercept_f64,59472,14748,4,GPNMB,0.17208788160549232,-0.7441226758789887,0.4568696910550204,-0.06672550572332736,0.35620643625681014,0.24237292509142697,0.5118086948277896,-9.175693117160293e-17,0.5628338306821544
hoptimus1,CCRCC,4,nointercept_f64,59472,14748,4,H3F3A,0.3626023907581856,-0.9713008820162967,0.42819196923231156,-0.13202414659391482,0.318569656274556,0.3600538928335156,0.4660610409059097,7.64641093096691e-17,0.6564948236089193
hoptimus1,CCRCC,4,nointercept_f64,59472,14748,4,HMOX1,0.24161013039069382,-0.847508428166992,0.45649951689914875,-0.09919563835655941,0.36540231985679833,0.20944698150626737,0.4970807523582949,-2.5997797165287497e-16,0.46965920394359173
hoptimus1,CCRCC,4,nointercept_f64,59472,14748,4,HNRNPK,0.2289128743271998,-1.5334016229433916,0.6516498309072415,-0.16882124377837956,0.4355057947578099,0.32272386528893127,0.5071718274817673,1.529282186193382e-17,0.7921207504653148
hoptimus1,CCRCC,4,nointercept_f64,59472,14748,4,HSPA1A,0.09127731892411937,-1.625813402179233,0.7606730002189027,-0.13038462949435625,0.5302019336212609,0.24153791497199242,0.538228970711094,-1.6630943774853032e-16,0.8290231319919593
hoptimus1,CCRCC,4,nointercept_f64,59472,14748,4,HTRA1,-0.17342537047895093,-1.3679939509994514,1.2423795538089786,0.3461092457031317,0.9565065277279119,0.47514849609273324,0.7243306344546381,-1.2234257489547057e-16,0.9479425049835166
hoptimus1,CCRCC,4,nointercept_f64,59472,14748,4,IFI27,0.14407507385053617,-1.4679308109583435,1.5818898150499965,-0.013002923402314426,0.918552649580498,0.40932264658143175,0.8006111329920864,2.752707935148088e-16,1.1300908334839879
hoptimus1,CCRCC,4,nointercept_f64,59472,14748,4,IFI6,0.06038514633459077,-1.4807581338614981,0.9532108092490599,0.06691322426804971,0.7232695517741732,0.41101712594251916,0.6198723537236281,2.5997797165287497e-16,0.8508476886115537
hoptimus1,CCRCC,4,nointercept_f64,59472,14748,4,IRF7,0.21246556840489045,-0.29380154384327106,0.18408290872890617,0.01801315189082632,0.21061669336543484,0.18563595721807058,0.37720105740907034,1.2616578036095404e-16,0.3314419419439307
hoptimus1,CCRCC,4,nointercept_f64,59472,14748,4,ISG15,0.07510289445643506,-0.45231663523973253,0.31770974623874315,0.0732741847387003,0.33215772373294133,0.21723222558420288,0.4677185696576552,2.293923279290073e-17,0.47988116005142434
hoptimus1,CCRCC,4,nointercept_f64,59472,14748,4,KRTCAP2,0.3555057802484359,-0.7252375571676608,0.36442257037767406,-0.11178590933041492,0.3071212161838572,0.22976170339763372,0.4595980544407091,-4.587846558580146e-17,0.5171447082740631
hoptimus1,CCRCC,4,nointercept_f64,59472,14748,4,LAPTM4B,0.18538914691974243,-0.4494569175162688,0.5974332808649133,0.12880984413280488,0.5590193325631949,0.23877953924615156,0.6420103808122086,6.499449291321874e-17,0.541359184917693
hoptimus1,CCRCC,4,nointercept_f64,59472,14748,4,LRRC41,0.3397886365331314,-1.0018258381181058,1.4420493941232075,0.010548460264064214,0.8795683423710413,0.5112337947730035,0.84874440218645,1.1469616396450366e-17,0.7439874286954045
hoptimus1,CCRCC,4,nointercept_f64,59472,14748,4,LY6E,0.1889376162750732,-0.5927902073932199,0.56385079264416,0.19305477898320347,0.5917217445819721,0.36450642019245283,0.5949806052903406,1.0704975303353675e-16,1.153587058699673
hoptimus1,CCRCC,4,nointercept_f64,59472,14748,4,NAMPT,0.3076798869385532,-0.9595737484922819,0.6855447688444968,0.01927977600202766,0.6229618299870688,0.2482239149637389,0.5914759687274955,3.823205465483455e-18,0.6005499607289322
hoptimus1,CCRCC,4,nointercept_f64,59472,14748,4,NOL3,0.1030891835025949,-0.7862591150157399,0.3675482033161653,-0.05721551770197338,0.2822441701841186,0.2675290240042091,0.45361240535076275,1.108729584990202e-16,0.5471899566436795
hoptimus1,CCRCC,4,nointercept_f64,59472,14748,4,NOTCH3,0.13134081093080496,-0.8037875900482747,0.4937249054457422,0.006562476028253221,0.4450679112489481,0.2488366879306402,0.5231784180197822,4.970167105128492e-17,0.5003249328488267
hoptimus1,CCRCC,4,nointercept_f64,59472,14748,4,NT5DC2,0.02095879404087976,-0.32952673162761204,0.21750854014564824,0.07562933384237608,0.25057755916268,0.1613662861869585,0.4044730779330975,6.117128744773528e-17,0.31459646302989197
hoptimus1,CCRCC,4,nointercept_f64,59472,14748,4,PARP10,0.09027299077577847,-0.8555413832058454,0.34299348962224163,-0.06979733808939952,0.2917837734334929,0.2088435753690258,0.4299397663007326,7.64641093096691e-17,0.4833661103307928
hoptimus1,CCRCC,4,nointercept_f64,59472,14748,4,PTGS1,0.013669726237094833,-0.8290170514948858,0.5285952984165432,0.036339619068824505,0.4061368843841139,0.32811993326817074,0.5375919672600308,-7.64641093096691e-18,0.38226820069084827
hoptimus1,CCRCC,4,nointercept_f64,59472,14748,4,PXN,0.07691744789373946,-0.7133794247676353,0.5003713285509555,0.031204974208569557,0.43138876519359676,0.2649818362222942,0.5404050945500363,5.54364792495101e-17,0.6397759707978825
hoptimus1,CCRCC,4,nointercept_f64,59472,14748,4,RXRA,0.06047403066940341,-0.653049641144066,0.3573506255320015,0.029298387671646896,0.3691925234124691,0.19071062950861925,0.4649479374734457,4.970167105128492e-17,0.4230474125105814
hoptimus1,CCRCC,4,nointercept_f64,59472,14748,4,S100A9,0.20648472945649893,-0.45492880505444533,0.41609892890558564,-0.010785034939512193,0.3573071136040063,0.19293524290434488,0.5347827963469414,-2.5997797165287497e-16,0.48348401894981835
hoptimus1,CCRCC,4,nointercept_f64,59472,14748,4,SCARB1,0.30747235252300115,-0.9735751097262995,0.7337177009686774,-0.10064350462043087,0.5022517362519077,0.3708085031377119,0.6097301472587713,2.293923279290073e-17,0.6528371044559635
hoptimus1,CCRCC,4,nointercept_f64,59472,14748,4,SEMA4B,0.44369469464166245,-0.49862219366369653,0.4498818928054748,-0.004321164980281485,0.45074950804838426,0.28425777141151504,0.5479023673002557,-2.485083552564246e-17,0.4795585084553204
hoptimus1,CCRCC,4,nointercept_f64,59472,14748,4,SLC15A4,0.2982697834428961,-0.6791179028018741,0.5957314090885042,-0.009261664134546859,0.5044581560801451,0.27039110870810396,0.5956410946288503,2.1027630060159005e-17,0.4838076059716281
hoptimus1,CCRCC,4,nointercept_f64,59472,14748,4,SLC39A14,0.3242445516100121,-1.0593600982537499,2.3685838724694466,-0.017443841150063,1.1391281642531004,0.3888567266108982,1.0724529226402715,7.64641093096691e-18,0.6322907967202792
hoptimus1,CCRCC,4,nointercept_f64,59472,14748,4,STK39,0.4519630632860845,-0.2920551406384353,0.4529781856123952,0.10031632988427559,0.5081123093262836,0.3554042494684611,0.5921041701414236,8.411052024063602e-17,0.5062636403722214
hoptimus1,CCRCC,4,nointercept_f64,59472,14748,4,TFRC,0.24991787970029333,-0.4201627814973192,0.7529783775841447,0.07478739391152349,0.5806417207682977,0.18240603730139857,0.7281522389133758,1.6057462955030513e-16,0.46398394579107416
hoptimus1,CCRCC,4,nointercept_f64,59472,14748,4,TM2D3,0.08556597922300217,-0.6073588727727837,0.2696462704659105,0.015816034328045465,0.26777128187789484,0.2341334753002709,0.40958192514250896,4.587846558580146e-17,0.3195549732764177
hoptimus1,CCRCC,4,nointercept_f64,59472,14748,4,TMEM91,0.44815736971087344,-0.49732763873432595,0.6005826320474258,0.018945185695005667,0.547963301550899,0.29720905750609283,0.6333269425350999,1.0704975303353675e-16,0.4955861963971122
hoptimus1,CCRCC,4,nointercept_f64,59472,14748,4,TP53INP1,0.06460305773824393,-0.8653317808134613,0.3684465317649231,-0.05648324234446437,0.31197493637936985,0.21841209018714103,0.44443596046871026,-6.117128744773528e-17,0.3720319585387092
hoptimus1,CCRCC,4,nointercept_f64,59472,14748,4,TRBC1,0.21473129153069342,-0.5631093154858768,0.5086929839629272,0.008488958660803835,0.44104743197839175,0.22811641508135397,0.570470509191432,-1.6822104048127204e-16,0.47698674841067595
hoptimus1,CCRCC,4,nointercept_f64,59472,14748,4,VMP1,0.3624282627760303,-1.4648422539057826,0.8800898440497621,-0.09541017664413602,0.6479720970075694,0.3481579947970236,0.5975426923189444,0.0,0.8594308568083024
hoptimus1,CCRCC,4,nointercept_f64,59472,14748,4,YWHAE,0.3812582500313415,-0.7922804738380425,0.3064555996981574,-0.12024153093348244,0.24687709147476847,0.31748751298881606,0.41350502734100114,1.8351386234320585e-16,0.6251397662973225
hoptimus1,CCRCC,4,intercept_f64,59472,14748,4,AKAP8,-0.011037312146254325,-0.16751330478996174,0.24720662483031647,0.34817020244664626,0.3332953169186134,0.18273337817231017,0.4601496895485167,0.3553853230448158,0.3553853230448157
hoptimus1,CCRCC,4,intercept_f64,59472,14748,4,BLVRB,0.1625896333685908,-0.04681694597612496,0.16100939233879452,0.28747794342083405,0.23511484838417948,0.15609571502919836,0.3921843265000617,0.3671584917327102,0.3671584917327105
hoptimus1,CCRCC,4,intercept_f64,59472,14748,4,BTF3,0.27604251208225977,-0.16476279213399092,0.2219505992968641,0.4409684612064112,0.2644934358395048,0.24204364169500137,0.4365252970994452,0.5724849793373457,0.5724849793373464
hoptimus1,CCRCC,4,intercept_f64,59472,14748,4,CD109,0.4234630387463881,0.16992241480378134,0.2484082099563063,0.3777051877954427,0.42706405416490717,0.25105203102175633,0.5470457260309345,0.4620956815528654,0.4620956815528652
hoptimus1,CCRCC,4,intercept_f64,59472,14748,4,CD14,0.16456445528760408,-0.11701532254427982,0.3796503773024414,0.5951271334105153,0.49333390922510173,0.29244327462047354,0.5829916742879915,0.6817231442832415,0.6817231442832421
hoptimus1,CCRCC,4,intercept_f64,59472,14748,4,CHST15,0.09065026466737289,-0.2076850454276271,0.29560110248218324,0.5065007038268156,0.39927085488024266,0.248189094437117,0.49473903824041493,0.47631952687316215,0.47631952687316215
hoptimus1,CCRCC,4,intercept_f64,59472,14748,4,CIB1,0.41395569906887536,-0.014772703593493697,0.3124214854626073,0.6989377688771851,0.49463685916179495,0.354453557084701,0.554863373740797,0.7402617459395637,0.740261745939564
hoptimus1,CCRCC,4,intercept_f64,59472,14748,4,CKB,0.2910054140076159,-0.2053655229879532,0.28355313119324665,0.4808427297105327,0.3625069363899014,0.37401328236557085,0.48501798287428827,0.5527848743417425,0.5527848743417425
hoptimus1,CCRCC,4,intercept_f64,59472,14748,4,CPD,0.36458642166435745,0.07679303622648959,0.7073594567113938,0.5376681203280409,0.7385986102025037,0.2678118397444207,0.8753274462086045,0.5005048879747723,0.5005048879747722
hoptimus1,CCRCC,4,intercept_f64,59472,14748,4,CPE,0.4244065981836437,0.1320998375179544,0.5819497169349195,0.9597218485190502,1.0667876026188743,0.4915293215814561,0.8188565849272434,1.1654889928435084,1.1654889928435073
hoptimus1,CCRCC,4,intercept_f64,59472,14748,4,DERL1,0.3877770297829552,0.14874237799275092,0.5156937961644082,0.6391782388143065,0.6702226721920358,0.29703624148560664,0.7783330044191521,0.5851338655438063,0.5851338655438063
hoptimus1,CCRCC,4,intercept_f64,59472,14748,4,DNAJB12,0.07599363948554025,-0.24505091949163904,0.18171864007902222,0.3339310617417411,0.23539202996376313,0.19304098036274883,0.38203766529104655,0.3177151963182888,0.31771519631828904
hoptimus1,CCRCC,4,intercept_f64,59472,14748,4,EGFL7,0.07401854607406705,-0.1376613592357574,0.23352617224237582,0.3562220998399262,0.3043463683755604,0.19690931948356646,0.45306579611481573,0.425965663684065,0.4259656636840655
hoptimus1,CCRCC,4,intercept_f64,59472,14748,4,FLNB,0.16710750595987528,-0.5087257819904969,0.35440589159850117,0.6531651116753217,0.38802323947277434,0.3171300296987823,0.48466907577551127,0.6618984103331105,0.6618984103331105
hoptimus1,CCRCC,4,intercept_f64,59472,14748,4,GADD45B,0.1512164766534697,-0.09603138607379469,0.35253170478368384,0.6387448917216669,0.5391958373039759,0.2540836708214285,0.567136495407358,0.5537400039527759,0.5537400039527761
hoptimus1,CCRCC,4,intercept_f64,59472,14748,4,GPNMB,0.17208788160549232,-0.13599127619396478,0.2975708019703222,0.496108324958819,0.35620643625681014,0.2423729250914293,0.5118086948277896,0.5628338306821542,0.5628338306821544
hoptimus1,CCRCC,4,intercept_f64,59472,14748,4,H3F3A,0.3626023907581855,-0.23175203666891542,0.2675524243907953,0.5244706770149938,0.318569656274556,0.36005389283351724,0.4660610409059097,0.6564948236089182,0.6564948236089193
hoptimus1,CCRCC,4,intercept_f64,59472,14748,4,HMOX1,0.24161013039068915,0.025963911424697894,0.2406738703314707,0.3704635655870259,0.36540231985679833,0.2094469815062693,0.4970807523582949,0.4696592039435917,0.46965920394359173
hoptimus1,CCRCC,4,intercept_f64,59472,14748,4,HNRNPK,0.2289128743271961,-0.25068446920667675,0.3217051396414358,0.623299506686923,0.4355057947578099,0.32272386528893227,0.5071718274817673,0.7921207504653138,0.7921207504653148
hoptimus1,CCRCC,4,intercept_f64,59472,14748,4,HSPA1A,0.0912773189241172,-0.21740050846019798,0.35266927058483594,0.6986385024975915,0.5302019336212609,0.24153791497199287,0.538228970711094,0.8290231319919594,0.8290231319919593
hoptimus1,CCRCC,4,intercept_f64,59472,14748,4,HTRA1,-0.1734253704789544,-0.8750068843926735,0.983731489447995,1.2940517506866356,0.9565065277279119,0.47514849609273113,0.7243306344546381,0.9479425049835168,0.9479425049835166
hoptimus1,CCRCC,4,intercept_f64,59472,14748,4,IFI27,0.14407507385051654,-0.17556306173350888,0.7535102791569372,1.1170879100816566,0.918552649580498,0.40932264658143,0.8006111329920864,1.1300908334839874,1.1300908334839879
hoptimus1,CCRCC,4,intercept_f64,59472,14748,4,IFI6,0.06038514633458656,-0.4580250379787867,0.560234070136377,0.917760912879591,0.7232695517741732,0.41101712594252154,0.6198723537236281,0.8508476886115535,0.8508476886115537
hoptimus1,CCRCC,4,intercept_f64,59472,14748,4,IRF7,0.21246556840488703,-0.16855595153762692,0.1662628859852244,0.34945509383475215,0.21061669336543484,0.18563595721807086,0.37720105740907034,0.3314419419439307,0.3314419419439307
hoptimus1,CCRCC,4,intercept_f64,59472,14748,4,ISG15,0.07510289445643402,-0.3692087390769099,0.29952900798949234,0.5531553447901175,0.33215772373294133,0.21723222558420344,0.4677185696576552,0.47988116005142417,0.47988116005142434
hoptimus1,CCRCC,4,intercept_f64,59472,14748,4,KRTCAP2,0.3555057802484357,0.059841576330652124,0.1985900132375279,0.40535879894364046,0.3071212161838572,0.22976170339763424,0.4595980544407091,0.5171447082740627,0.5171447082740631
hoptimus1,CCRCC,4,intercept_f64,59472,14748,4,LAPTM4B,0.18538914691974412,-0.030399544089778185,0.42470733195859717,0.6701690290504907,0.5590193325631949,0.23877953924615167,0.6420103808122086,0.5413591849176935,0.541359184917693
hoptimus1,CCRCC,4,intercept_f64,59472,14748,4,LRRC41,0.3397886365331224,0.024820828432457698,0.702486953032114,0.7545358889594579,0.8795683423710413,0.511233794773004,0.84874440218645,0.7439874286954042,0.7439874286954045
hoptimus1,CCRCC,4,intercept_f64,59472,14748,4,LY6E,0.1889376162750598,-1.7537132801494817,0.9748197901518846,1.3466418376828602,0.5917217445819721,0.36450642019244955,0.5949806052903406,1.1535870586996728,1.153587058699673
hoptimus1,CCRCC,4,intercept_f64,59472,14748,4,NAMPT,0.3076798869385522,0.08209739106767233,0.32112255654906346,0.6198297367309514,0.6229618299870688,0.24822391496373944,0.5914759687274955,0.6005499607289321,0.6005499607289322
hoptimus1,CCRCC,4,intercept_f64,59472,14748,4,NOL3,0.10308918350258349,-0.43595031427985487,0.2954671881745403,0.48997443894169806,0.2822441701841186,0.2675290240042084,0.45361240535076275,0.5471899566436792,0.5471899566436795
hoptimus1,CCRCC,4,intercept_f64,59472,14748,4,NOTCH3,0.1313408109308001,-0.11524325012805181,0.3052595390146454,0.5068874088770723,0.4450679112489481,0.24883668793064084,0.5231784180197822,0.5003249328488262,0.5003249328488267
hoptimus1,CCRCC,4,intercept_f64,59472,14748,4,NT5DC2,0.020958794040879296,-0.26164558827166884,0.20640328889831633,0.3902257968722637,0.25057755916268,0.16136628618695723,0.4044730779330975,0.314596463029892,0.31459646302989197
hoptimus1,CCRCC,4,intercept_f64,59472,14748,4,PARP10,0.09027299077577164,-0.22849003720491257,0.2270841753467517,0.41356877224138594,0.2917837734334929,0.20884357536902667,0.4299397663007326,0.48336611033079235,0.4833661103307928
hoptimus1,CCRCC,4,intercept_f64,59472,14748,4,PTGS1,0.013669726237089501,-0.356380124981156,0.3920008052110208,0.418607819759668,0.4061368843841139,0.32811993326817196,0.5375919672600308,0.3822682006908489,0.38226820069084827
hoptimus1,CCRCC,4,intercept_f64,59472,14748,4,PXN,0.07691744789372881,-0.3615664025945806,0.39762867461128193,0.6709809450064431,0.43138876519359676,0.26498183622229343,0.5404050945500363,0.6397759707978825,0.6397759707978825
hoptimus1,CCRCC,4,intercept_f64,59472,14748,4,RXRA,0.060474030669399735,-0.150619850729385,0.24873706945855073,0.45234580018222215,0.3691925234124691,0.19071062950861992,0.4649479374734457,0.4230474125105813,0.4230474125105814
hoptimus1,CCRCC,4,intercept_f64,59472,14748,4,S100A9,0.2064847294565059,-0.027727089737816124,0.29392238284206446,0.47269898401029947,0.3573071136040063,0.19293524290434472,0.5347827963469414,0.48348401894981863,0.48348401894981835
hoptimus1,CCRCC,4,intercept_f64,59472,14748,4,SCARB1,0.3074723525229957,-0.002577842662556229,0.37272921924036795,0.5521935998355237,0.5022517362519077,0.3708085031377131,0.6097301472587713,0.6528371044559642,0.6528371044559635
hoptimus1,CCRCC,4,intercept_f64,59472,14748,4,SEMA4B,0.44369469464166156,0.18922498852453296,0.24339222943859412,0.4752373434750322,0.45074950804838426,0.28425777141151587,0.5479023673002557,0.4795585084553202,0.4795585084553204
hoptimus1,CCRCC,4,intercept_f64,59472,14748,4,SLC15A4,0.2982697834428898,0.062206721010661936,0.3327180959680156,0.4745459418370745,0.5044581560801451,0.2703911087081046,0.5956410946288503,0.4838076059716282,0.4838076059716281
hoptimus1,CCRCC,4,intercept_f64,59472,14748,4,SLC39A14,0.32424455161,-0.1353213667511146,1.305795854565166,0.6148469555702076,1.1391281642531004,0.38885672661089876,1.0724529226402715,0.6322907967202798,0.6322907967202792
hoptimus1,CCRCC,4,intercept_f64,59472,14748,4,STK39,0.4519630632860816,0.15462863548711847,0.29637650501239654,0.6065799702564907,0.5081123093262836,0.3554042494684614,0.5921041701414236,0.5062636403722226,0.5062636403722214
hoptimus1,CCRCC,4,intercept_f64,59472,14748,4,TFRC,0.24991787970029766,0.05915209444778291,0.49884290639501333,0.5387713397025912,0.5806417207682977,0.18240603730139784,0.7281522389133758,0.46398394579107444,0.46398394579107416
hoptimus1,CCRCC,4,intercept_f64,59472,14748,4,TM2D3,0.0855659792230007,-0.2561866430349884,0.2107345466163106,0.3353710076044584,0.26777128187789484,0.2341334753002717,0.40958192514250896,0.3195549732764176,0.3195549732764177
hoptimus1,CCRCC,4,intercept_f64,59472,14748,4,TMEM91,0.44815736971086934,0.1976122207234391,0.3218401583824036,0.514531382092111,0.547963301550899,0.2972090575060927,0.6333269425350999,0.4955861963971125,0.4955861963971122
hoptimus1,CCRCC,4,intercept_f64,59472,14748,4,TP53INP1,0.06460305773824088,-0.17807796423316935,0.23269787419860594,0.3155487161942397,0.31197493637936985,0.21841209018714244,0.44443596046871026,0.3720319585387092,0.3720319585387092
hoptimus1,CCRCC,4,intercept_f64,59472,14748,4,TRBC1,0.21473129153068804,0.005766343105151672,0.3235600227518337,0.48547570707147364,0.44104743197839175,0.22811641508135555,0.570470509191432,0.47698674841067606,0.47698674841067595
hoptimus1,CCRCC,4,intercept_f64,59472,14748,4,VMP1,0.3624282627760265,0.045139414916770426,0.3409399129228359,0.7640206801641537,0.6479720970075694,0.3481579947970247,0.5975426923189444,0.8594308568083017,0.8594308568083024
hoptimus1,CCRCC,4,intercept_f64,59472,14748,4,YWHAE,0.3812582500313414,-0.39341150426355775,0.23825442747304476,0.5048982353638299,0.24687709147476847,0.3174875129888163,0.41350502734100114,0.6251397662973215,0.6251397662973225
hoptimus1,CCRCC,4,ycentered_f64,59472,14748,4,AKAP8,-0.01103731214625426,-0.16751330478996174,0.2472066248303165,0.3481702024466462,0.3332953169186134,0.18273337817231017,0.4601496895485167,0.35538532304481574,0.3553853230448157
hoptimus1,CCRCC,4,ycentered_f64,59472,14748,4,BLVRB,0.16258963336859064,-0.04681694597612518,0.16100939233879455,0.28747794342083416,0.23511484838417948,0.15609571502919836,0.3921843265000617,0.3671584917327104,0.3671584917327105
hoptimus1,CCRCC,4,ycentered_f64,59472,14748,4,BTF3,0.27604251208225966,-0.16476279213399292,0.2219505992968645,0.4409684612064119,0.2644934358395048,0.2420436416950014,0.4365252970994452,0.5724849793373464,0.5724849793373464
hoptimus1,CCRCC,4,ycentered_f64,59472,14748,4,CD109,0.42346303874638785,0.16992241480378123,0.24840820995630633,0.3777051877954426,0.42706405416490717,0.2510520310217563,0.5470457260309345,0.4620956815528652,0.4620956815528652
hoptimus1,CCRCC,4,ycentered_f64,59472,14748,4,CD14,0.1645644552876039,-0.11701532254428026,0.37965037730244156,0.5951271334105155,0.49333390922510173,0.2924432746204734,0.5829916742879915,0.6817231442832421,0.6817231442832421
hoptimus1,CCRCC,4,ycentered_f64,59472,14748,4,CHST15,0.09065026466737285,-0.2076850454276269,0.2956011024821832,0.5065007038268157,0.39927085488024266,0.248189094437117,0.49473903824041493,0.47631952687316226,0.47631952687316215
hoptimus1,CCRCC,4,ycentered_f64,59472,14748,4,CIB1,0.41395569906887536,-0.014772703593493919,0.3124214854626074,0.6989377688771851,0.49463685916179495,0.3544535570847011,0.554863373740797,0.740261745939564,0.740261745939564
hoptimus1,CCRCC,4,ycentered_f64,59472,14748,4,CKB,0.2910054140076159,-0.2053655229879532,0.28355313119324665,0.48084272971053293,0.3625069363899014,0.3740132823655708,0.48501798287428827,0.5527848743417427,0.5527848743417425
hoptimus1,CCRCC,4,ycentered_f64,59472,14748,4,CPD,0.36458642166435745,0.0767930362264897,0.7073594567113937,0.5376681203280408,0.7385986102025037,0.2678118397444208,0.8753274462086045,0.5005048879747722,0.5005048879747722
hoptimus1,CCRCC,4,ycentered_f64,59472,14748,4,CPE,0.4244065981836438,0.1320998375179544,0.5819497169349195,0.9597218485190493,1.0667876026188743,0.491529321581456,0.8188565849272434,1.1654889928435075,1.1654889928435073
hoptimus1,CCRCC,4,ycentered_f64,59472,14748,4,DERL1,0.3877770297829554,0.14874237799275103,0.5156937961644081,0.6391782388143065,0.6702226721920358,0.2970362414856067,0.7783330044191521,0.5851338655438064,0.5851338655438063
hoptimus1,CCRCC,4,ycentered_f64,59472,14748,4,DNAJB12,0.0759936394855402,-0.24505091949163926,0.18171864007902225,0.3339310617417413,0.23539202996376313,0.1930409803627489,0.38203766529104655,0.31771519631828915,0.31771519631828904
hoptimus1,CCRCC,4,ycentered_f64,59472,14748,4,EGFL7,0.07401854607406702,-0.13766135923575762,0.23352617224237587,0.3562220998399266,0.3043463683755604,0.1969093194835665,0.45306579611481573,0.4259656636840655,0.4259656636840655
hoptimus1,CCRCC,4,ycentered_f64,59472,14748,4,FLNB,0.16710750595987528,-0.5087257819904973,0.3544058915985013,0.6531651116753219,0.38802323947277434,0.3171300296987822,0.48466907577551127,0.6618984103331108,0.6618984103331105
hoptimus1,CCRCC,4,ycentered_f64,59472,14748,4,GADD45B,0.15121647665346977,-0.09603138607379491,0.3525317047836839,0.6387448917216673,0.5391958373039759,0.25408367082142846,0.567136495407358,0.5537400039527761,0.5537400039527761
hoptimus1,CCRCC,4,ycentered_f64,59472,14748,4,GPNMB,0.17208788160549224,-0.135991276193965,0.29757080197032226,0.4961083249588193,0.35620643625681014,0.24237292509142927,0.5118086948277896,0.5628338306821544,0.5628338306821544
hoptimus1,CCRCC,4,ycentered_f64,59472,14748,4,H3F3A,0.3626023907581855,-0.23175203666891653,0.2675524243907956,0.5244706770149947,0.318569656274556,0.3600538928335174,0.4660610409059097,0.6564948236089194,0.6564948236089193
hoptimus1,CCRCC,4,ycentered_f64,59472,14748,4,HMOX1,0.24161013039068915,0.025963911424697894,0.2406738703314707,0.3704635655870257,0.36540231985679833,0.20944698150626934,0.4970807523582949,0.4696592039435915,0.46965920394359173
hoptimus1,CCRCC,4,ycentered_f64,59472,14748,4,HNRNPK,0.22891287432719612,-0.25068446920667786,0.32170513964143616,0.6232995066869239,0.4355057947578099,0.32272386528893243,0.5071718274817673,0.7921207504653148,0.7921207504653148
hoptimus1,CCRCC,4,ycentered_f64,59472,14748,4,HSPA1A,0.09127731892411714,-0.21740050846019776,0.3526692705848359,0.6986385024975913,0.5302019336212609,0.2415379149719928,0.538228970711094,0.8290231319919591,0.8290231319919593
hoptimus1,CCRCC,4,ycentered_f64,59472,14748,4,HTRA1,-0.1734253704789542,-0.8750068843926717,0.983731489447994,1.2940517506866345,0.9565065277279119,0.47514849609273085,0.7243306344546381,0.9479425049835164,0.9479425049835166
hoptimus1,CCRCC,4,ycentered_f64,59472,14748,4,IFI27,0.14407507385051638,-0.17556306173350955,0.7535102791569377,1.1170879100816573,0.918552649580498,0.40932264658143,0.8006111329920864,1.1300908334839879,1.1300908334839879
hoptimus1,CCRCC,4,ycentered_f64,59472,14748,4,IFI6,0.060385146334586505,-0.4580250379787867,0.560234070136377,0.9177609128795913,0.7232695517741732,0.4110171259425215,0.6198723537236281,0.850847688611554,0.8508476886115537
hoptimus1,CCRCC,4,ycentered_f64,59472,14748,4,IRF7,0.21246556840488703,-0.16855595153762737,0.16626288598522446,0.34945509383475226,0.21061669336543484,0.18563595721807094,0.37720105740907034,0.33144194194393084,0.3314419419439307
hoptimus1,CCRCC,4,ycentered_f64,59472,14748,4,ISG15,0.075102894456434,-0.3692087390769101,0.2995290079894924,0.5531553447901177,0.33215772373294133,0.2172322255842034,0.4677185696576552,0.47988116005142434,0.47988116005142434
hoptimus1,CCRCC,4,ycentered_f64,59472,14748,4,KRTCAP2,0.3555057802484359,0.05984157633065157,0.198590013237528,0.40535879894364074,0.3071212161838572,0.2297617033976343,0.4595980544407091,0.517144708274063,0.5171447082740631
hoptimus1,CCRCC,4,ycentered_f64,59472,14748,4,LAPTM4B,0.18538914691974392,-0.030399544089778185,0.4247073319585972,0.6701690290504901,0.5590193325631949,0.23877953924615167,0.6420103808122086,0.5413591849176931,0.541359184917693
hoptimus1,CCRCC,4,ycentered_f64,59472,14748,4,LRRC41,0.3397886365331223,0.024820828432457587,0.7024869530321141,0.7545358889594582,0.8795683423710413,0.5112337947730039,0.84874440218645,0.7439874286954046,0.7439874286954045
hoptimus1,CCRCC,4,ycentered_f64,59472,14748,4,LY6E,0.1889376162750599,-1.753713280149483,0.974819790151885,1.3466418376828604,0.5917217445819721,0.36450642019244966,0.5949806052903406,1.1535870586996733,1.153587058699673
hoptimus1,CCRCC,4,ycentered_f64,59472,14748,4,NAMPT,0.30767988693855214,0.08209739106767233,0.32112255654906346,0.6198297367309514,0.6229618299870688,0.24822391496373947,0.5914759687274955,0.6005499607289322,0.6005499607289322
hoptimus1,CCRCC,4,ycentered_f64,59472,14748,4,NOL3,0.10308918350258321,-0.4359503142798553,0.29546718817454043,0.48997443894169845,0.2822441701841186,0.26752902400420836,0.45361240535076275,0.5471899566436796,0.5471899566436795
hoptimus1,CCRCC,4,ycentered_f64,59472,14748,4,NOTCH3,0.13134081093079997,-0.11524325012805181,0.3052595390146454,0.5068874088770727,0.4450679112489481,0.2488366879306409,0.5231784180197822,0.5003249328488268,0.5003249328488267
hoptimus1,CCRCC,4,ycentered_f64,59472,14748,4,NT5DC2,0.020958794040879233,-0.2616455882716686,0.20640328889831627,0.3902257968722636,0.25057755916268,0.16136628618695725,0.4044730779330975,0.314596463029892,0.31459646302989197
hoptimus1,CCRCC,4,ycentered_f64,59472,14748,4,PARP10,0.09027299077577154,-0.22849003720491345,0.22708417534675188,0.41356877224138644,0.2917837734334929,0.2088435753690267,0.4299397663007326,0.4833661103307929,0.4833661103307928
hoptimus1,CCRCC,4,ycentered_f64,59472,14748,4,PTGS1,0.013669726237089497,-0.3563801249811558,0.39200080521102076,0.4186078197596674,0.4061368843841139,0.328119933268172,0.5375919672600308,0.38226820069084827,0.38226820069084827
hoptimus1,CCRCC,4,ycentered_f64,59472,14748,4,PXN,0.0769174478937287,-0.3615664025945806,0.39762867461128193,0.670980945006443,0.43138876519359676,0.26498183622229354,0.5404050945500363,0.6397759707978825,0.6397759707978825
hoptimus1,CCRCC,4,ycentered_f64,59472,14748,4,RXRA,0.060474030669399645,-0.15061985072938522,0.2487370694585508,0.45234580018222226,0.3691925234124691,0.19071062950861994,0.4649479374734457,0.4230474125105814,0.4230474125105814
hoptimus1,CCRCC,4,ycentered_f64,59472,14748,4,S100A9,0.20648472945650573,-0.027727089737815458,0.29392238284206423,0.47269898401029914,0.3573071136040063,0.19293524290434463,0.5347827963469414,0.48348401894981813,0.48348401894981835
hoptimus1,CCRCC,4,ycentered_f64,59472,14748,4,SCARB1,0.30747235252299554,-0.002577842662556229,0.372729219240368,0.5521935998355232,0.5022517362519077,0.37080850313771296,0.6097301472587713,0.6528371044559635,0.6528371044559635
hoptimus1,CCRCC,4,ycentered_f64,59472,14748,4,SEMA4B,0.44369469464166156,0.18922498852453318,0.24339222943859404,0.4752373434750323,0.45074950804838426,0.2842577714115159,0.5479023673002557,0.4795585084553204,0.4795585084553204
hoptimus1,CCRCC,4,ycentered_f64,59472,14748,4,SLC15A4,0.2982697834428897,0.06220672101066149,0.33271809596801577,0.4745459418370744,0.5044581560801451,0.2703911087081047,0.5956410946288503,0.4838076059716281,0.4838076059716281
hoptimus1,CCRCC,4,ycentered_f64,59472,14748,4,SLC39A14,0.32424455161,-0.1353213667511146,1.305795854565166,0.6148469555702073,1.1391281642531004,0.38885672661089876,1.0724529226402715,0.6322907967202792,0.6322907967202792
hoptimus1,CCRCC,4,ycentered_f64,59472,14748,4,STK39,0.45196306328608166,0.1546286354871197,0.2963765050123961,0.6065799702564896,0.5081123093262836,0.35540424946846133,0.5921041701414236,0.5062636403722214,0.5062636403722214
hoptimus1,CCRCC,4,ycentered_f64,59472,14748,4,TFRC,0.24991787970029739,0.059152094447782466,0.4988429063950136,0.5387713397025911,0.5806417207682977,0.18240603730139776,0.7281522389133758,0.46398394579107427,0.46398394579107416
hoptimus1,CCRCC,4,ycentered_f64,59472,14748,4,TM2D3,0.08556597922300065,-0.2561866430349884,0.2107345466163106,0.33537100760445854,0.26777128187789484,0.23413347530027168,0.40958192514250896,0.3195549732764177,0.3195549732764177
hoptimus1,CCRCC,4,ycentered_f64,59472,14748,4,TMEM91,0.44815736971086956,0.19761222072343965,0.3218401583824034,0.514531382092111,0.547963301550899,0.2972090575060927,0.6333269425350999,0.4955861963971124,0.4955861963971122
hoptimus1,CCRCC,4,ycentered_f64,59472,14748,4,TP53INP1,0.06460305773824083,-0.17807796423316913,0.23269787419860588,0.3155487161942396,0.31197493637936985,0.2184120901871425,0.44443596046871026,0.3720319585387092,0.3720319585387092
hoptimus1,CCRCC,4,ycentered_f64,59472,14748,4,TRBC1,0.21473129153068793,0.005766343105151672,0.3235600227518337,0.4854757070714732,0.44104743197839175,0.2281164150813555,0.570470509191432,0.47698674841067584,0.47698674841067595
hoptimus1,CCRCC,4,ycentered_f64,59472,14748,4,VMP1,0.3624282627760265,0.04513941491677065,0.3409399129228358,0.7640206801641541,0.6479720970075694,0.34815799479702497,0.5975426923189444,0.8594308568083024,0.8594308568083024
hoptimus1,CCRCC,4,ycentered_f64,59472,14748,4,YWHAE,0.3812582500313414,-0.3934115042635613,0.23825442747304537,0.504898235363831,0.24687709147476847,0.3174875129888162,0.41350502734100114,0.6251397662973227,0.6251397662973225
hoptimus1,CCRCC,5,nointercept_f64,57566,16654,4,AKAP8,0.2258141024479693,-1.2062730134145792,0.33265623897423496,-0.18736851469620136,0.23610530187921305,0.1888625940053377,0.3883007327684972,4.739749340441901e-17,0.3842340542775349
hoptimus1,CCRCC,5,nointercept_f64,57566,16654,4,BLVRB,0.21922952620739591,-1.2259243539639506,0.26950319236637005,-0.19870185020157047,0.17927117128396244,0.18297801550849332,0.3479579442873892,4.344770228738409e-17,0.3876861605415441
hoptimus1,CCRCC,5,nointercept_f64,57566,16654,4,BTF3,0.21764547146388713,-2.255275342087448,0.5316954979807331,-0.35336517633963216,0.24853568107437313,0.20549506983193166,0.40414538812795753,-1.1849373351104752e-16,0.5872991462026035
hoptimus1,CCRCC,5,nointercept_f64,57566,16654,4,CD109,0.7385237445040655,-0.24603404623453762,0.7761374879914877,-0.07815378282439261,0.5704452801226023,0.31397316897926414,0.789231436831204,2.5673642260726963e-17,0.4217749947707714
hoptimus1,CCRCC,5,nointercept_f64,57566,16654,4,CD14,0.3071142956130039,-1.574683276229338,0.7045766868233568,-0.20636963028298494,0.4044930142372528,0.4497579893192326,0.5231210890583357,6.319665787255867e-17,0.7136625902608756
hoptimus1,CCRCC,5,nointercept_f64,57566,16654,4,CHST15,0.4512852238504588,-0.8517650073567433,0.606093707811503,-0.11996026949668998,0.4666524853356477,0.29467740429282385,0.5721065910886463,1.0269456904290785e-16,0.4593769061458959
hoptimus1,CCRCC,5,nointercept_f64,57566,16654,4,CIB1,0.4780301140625724,-1.412978788955101,1.173019485924725,-0.2876201985457277,0.6049879402247915,0.3683356760709721,0.6972296720565855,2.8438496042651406e-16,0.7164694749840569
hoptimus1,CCRCC,5,nointercept_f64,57566,16654,4,CKB,0.5631168427949028,-0.8820813687013711,0.8830329545874332,-0.2833144635574338,0.4619739938357791,0.30100460589866734,0.6849663837891555,1.1849373351104752e-16,0.5303088533403278
hoptimus1,CCRCC,5,nointercept_f64,57566,16654,4,CPD,0.19219900458590963,-1.861451965467059,0.49487729804448444,-0.09270957119813836,0.273163726511044,0.5209016673413724,0.41586803065223277,1.7379080914953637e-16,0.6272732220336179
hoptimus1,CCRCC,5,nointercept_f64,57566,16654,4,CPE,0.651653082683958,-0.4187383600470369,3.0104469424574622,0.002714297670653043,1.2809045000409571,0.5544913228053875,1.4566805887400696,3.159832893627934e-17,1.1068123788717321
hoptimus1,CCRCC,5,nointercept_f64,57566,16654,4,DERL1,0.4185718427395426,-1.0582175919237975,0.6855819074558098,-0.15205279474881828,0.4474742854645061,0.4683210634068802,0.5771437953293888,2.685857959583744e-16,0.6467583030084338
hoptimus1,CCRCC,5,nointercept_f64,57566,16654,4,DNAJB12,0.2456306412788566,-1.0620166682391083,0.29773689405751974,-0.16895453506736374,0.21715723109643284,0.2072456507983606,0.3799883142517429,7.899582234069836e-17,0.3257162784745661
hoptimus1,CCRCC,5,nointercept_f64,57566,16654,4,EGFL7,0.11024923132083744,-1.5015489953617833,0.40997163480093035,-0.22042407679335702,0.249222923688017,0.21048827957847238,0.40482972935699774,-2.251380936709903e-16,0.44593981899595725
hoptimus1,CCRCC,5,nointercept_f64,57566,16654,4,FLNB,0.5402208896084296,-0.9716545578705182,1.0496197811709331,-0.24962769436079066,0.5671187916966751,0.3196488080534561,0.72962648442145,8.689540457476818e-17,0.6191535392099294
hoptimus1,CCRCC,5,nointercept_f64,57566,16654,4,GADD45B,0.2294755297250106,-1.9242934107216128,0.7385120338566649,-0.26711631459583135,0.42294961488216853,0.2672278825340358,0.5025373153862587,9.479498680883802e-17,0.5878519062882761
hoptimus1,CCRCC,5,nointercept_f64,57566,16654,4,GPNMB,0.396387059333827,-0.8931840964043287,0.42113984727700865,-0.12134962793863138,0.3042758320135788,0.416049134535994,0.4716466389119294,1.8958997361767605e-16,0.5846988916007779
hoptimus1,CCRCC,5,nointercept_f64,57566,16654,4,H3F3A,0.10248639432905839,-3.568756802448277,0.787098996938797,-0.4858149829788139,0.2687674068926448,0.25987540184605185,0.4150645657150187,4.739749340441901e-17,0.6820913915508581
hoptimus1,CCRCC,5,nointercept_f64,57566,16654,4,HMOX1,0.12624997793076678,-1.344609265097933,0.36075758360866717,-0.10425093050338112,0.22575546512086092,0.36644381448803803,0.3922586201120232,-7.899582234069834e-18,0.5135113447878702
hoptimus1,CCRCC,5,nointercept_f64,57566,16654,4,HNRNPK,0.2572969519498861,-3.08509438022765,0.9796460136943159,-0.4463354799710432,0.40726700800584975,0.2905433765198028,0.48970387484547456,3.159832893627934e-17,0.8120977657199034
hoptimus1,CCRCC,5,nointercept_f64,57566,16654,4,HSPA1A,0.3422629088480352,-0.9202489919271859,0.8289590940597941,0.16409989952427154,0.8123468086186099,0.3910461977714093,0.657033899212736,1.1059415127697769e-16,0.7572917707003758
hoptimus1,CCRCC,5,nointercept_f64,57566,16654,4,HTRA1,0.05731094994010999,-1.114479250500676,2.553601506978418,-0.17808860611990338,0.9230023962231376,0.43378166621815983,1.09894219557338,-6.319665787255867e-17,0.9573517878715007
hoptimus1,CCRCC,5,nointercept_f64,57566,16654,4,IFI27,0.3469529559149819,-3.560022541953235,2.9022962020199614,-0.5277402559393595,0.9968944435233011,0.41071752686755963,0.7977877656655703,2.8438496042651406e-16,1.1144303314896964
hoptimus1,CCRCC,5,nointercept_f64,57566,16654,4,IFI6,0.2874274334152722,-3.665040539143275,2.011740625851956,-0.5465745596603702,0.708964705796492,0.388125628838777,0.656686793101457,1.4219248021325703e-16,0.8592102087401774
hoptimus1,CCRCC,5,nointercept_f64,57566,16654,4,IRF7,0.15888653079978762,-1.6453730953461019,0.34525420978916377,-0.2590562896534777,0.19538105647933574,0.16474634911059027,0.3612651138585876,1.579916446813967e-17,0.3398501554812914
hoptimus1,CCRCC,5,nointercept_f64,57566,16654,4,ISG15,0.2990118958031484,-1.498266893372509,0.7283505585278827,-0.27226169847303794,0.40317652843086405,0.24304504801869625,0.5399466019811194,4.739749340441901e-17,0.4642263237971045
hoptimus1,CCRCC,5,nointercept_f64,57566,16654,4,KRTCAP2,0.2815123077050869,-1.7261577666749086,0.47858859930433706,-0.29592193468765465,0.25210434877673477,0.2468469553238569,0.41899195255641214,7.899582234069836e-17,0.5400150776886855
hoptimus1,CCRCC,5,nointercept_f64,57566,16654,4,LAPTM4B,0.2697764026822101,-1.2925914821306015,0.5227146784105305,-0.10430078957193163,0.33411209187015734,0.4739270079274434,0.4774952004450465,7.899582234069836e-17,0.6058407355741485
hoptimus1,CCRCC,5,nointercept_f64,57566,16654,4,LRRC41,0.4802448305528428,-1.755993266671494,1.6326591089550642,-0.383028218091617,0.7013571259066941,0.40115081623543675,0.7696773063762825,2.290878847880252e-16,0.7910553572909552
hoptimus1,CCRCC,5,nointercept_f64,57566,16654,4,LY6E,0.391738247195683,-2.28501934750063,3.0368304567080533,-0.4782303599251214,1.0222964970822435,0.4282837853319435,0.9614823301631038,1.342928979791872e-16,1.0476238748857694
hoptimus1,CCRCC,5,nointercept_f64,57566,16654,4,NAMPT,0.34834529465325414,-1.7114437952194832,0.8619083155043223,-0.20144782078548365,0.5497043096848835,0.33194839314119984,0.5638066994832029,2.3698746702209504e-16,0.621001507133174
hoptimus1,CCRCC,5,nointercept_f64,57566,16654,4,NOL3,0.27329457463660844,-2.050572534976478,0.6026784753090165,-0.34952392141395944,0.2910280283493513,0.2192757057371968,0.44447993700387045,-3.949791117034918e-17,0.5534210704106277
hoptimus1,CCRCC,5,nointercept_f64,57566,16654,4,NOTCH3,0.20516557520145204,-1.5100693239612677,0.5254438936116586,-0.25574381818982106,0.2987455354670853,0.2260154345185309,0.4575307804161154,-9.08451956918031e-17,0.5444859433314121
hoptimus1,CCRCC,5,nointercept_f64,57566,16654,4,NT5DC2,0.27616874002907676,-0.6038954191640791,0.24407229564510882,-0.05272946454785787,0.22704151298900432,0.26657821266638787,0.39009575060429985,-1.579916446813967e-17,0.32352515954775496
hoptimus1,CCRCC,5,nointercept_f64,57566,16654,4,PARP10,0.31994012973615005,-1.654565327402453,0.5505046024597835,-0.29638451654148235,0.3039569790028031,0.20848434806494,0.4553902922416376,7.899582234069836e-17,0.48618762595763787
hoptimus1,CCRCC,5,nointercept_f64,57566,16654,4,PTGS1,0.1819363527285615,-1.6439560648211757,0.34628515270495014,-0.09708869459026612,0.20325616566490923,0.4256221314422747,0.3619010294863678,2.4093725813912996e-16,0.44017185525135744
hoptimus1,CCRCC,5,nointercept_f64,57566,16654,4,PXN,0.37717568298525284,-1.6461581809382384,0.941495567007814,-0.29866033731716374,0.49626137184698754,0.291419361294417,0.5964873514992473,7.899582234069836e-17,0.6279078129039208
hoptimus1,CCRCC,5,nointercept_f64,57566,16654,4,RXRA,0.3203991748442434,-1.2130071502086701,0.5114681632921335,-0.16672354759830385,0.37593993081814014,0.2519656348445245,0.4807484518864016,7.899582234069836e-17,0.4228784950191274
hoptimus1,CCRCC,5,nointercept_f64,57566,16654,4,S100A9,0.2014871776667449,-0.665347436885831,0.4140646426985959,-0.016289977696626656,0.3237657615141206,0.3451824745885874,0.49863372339247436,1.8958997361767605e-16,0.4973653179682333
hoptimus1,CCRCC,5,nointercept_f64,57566,16654,4,SCARB1,0.24416064480602107,-2.2960043344292536,0.5997485178902914,-0.27090884805777243,0.2863668006938432,0.4477759866327268,0.42657038865445446,1.342928979791872e-16,0.7202790567990295
hoptimus1,CCRCC,5,nointercept_f64,57566,16654,4,SEMA4B,0.5666983506613779,-0.5374513011073594,0.690357608193086,-0.12427326345540712,0.4966281757386804,0.3836774471790436,0.6700949940305024,3.7128036500128227e-16,0.4672395462738491
hoptimus1,CCRCC,5,nointercept_f64,57566,16654,4,SLC15A4,0.4275235479539161,-1.1374088434907832,0.6164322323353535,-0.20550382870263995,0.4089239913474988,0.2863562352157514,0.5370303973985048,1.0664436015994277e-16,0.5107621630183338
hoptimus1,CCRCC,5,nointercept_f64,57566,16654,4,SLC39A14,0.24613170748760002,-2.3056773078184727,0.6881294584763867,-0.2677892184099319,0.31506304121309503,0.5032681954954805,0.45625206891978154,1.8958997361767605e-16,0.8539137779347233
hoptimus1,CCRCC,5,nointercept_f64,57566,16654,4,STK39,0.26737816736436143,-1.2070606798896582,0.4436423237405642,-0.11093772407352366,0.3046583713740164,0.41019078797547864,0.44834192161794467,2.962343337776188e-16,0.565062207575616
hoptimus1,CCRCC,5,nointercept_f64,57566,16654,4,TFRC,0.4482645664374979,-0.7811006328219683,0.502029899770689,-0.03689288853068659,0.4259531321295945,0.48814139331870715,0.5309095809085745,2.053891380858157e-16,0.5048732560798275
hoptimus1,CCRCC,5,nointercept_f64,57566,16654,4,TM2D3,0.20453735725899672,-1.140484559485441,0.30482003969944227,-0.17263710411597216,0.21555856300084633,0.21013261582306814,0.37736855421767307,8.689540457476818e-17,0.3363748033147033
hoptimus1,CCRCC,5,nointercept_f64,57566,16654,4,TMEM91,0.4106971204279115,-0.8909073405453802,0.473749904691049,-0.15712751859985438,0.3441773473937299,0.3245730827777654,0.5005407544844924,6.319665787255867e-17,0.5528078292726009
hoptimus1,CCRCC,5,nointercept_f64,57566,16654,4,TP53INP1,0.1764825719726125,-1.0257717586659294,0.3069411566665557,-0.14716771485057162,0.2321888090998124,0.19609677391805697,0.3892533030592054,9.874477792587294e-18,0.3971027789526592
hoptimus1,CCRCC,5,nointercept_f64,57566,16654,4,TRBC1,0.24986186849990139,-1.25228495392613,0.6283447838688317,-0.1900536549728866,0.3993002061470511,0.2714112230324308,0.5281865516657323,-3.949791117034918e-17,0.49025427848250797
hoptimus1,CCRCC,5,nointercept_f64,57566,16654,4,VMP1,0.3713632031991483,-2.6973013766116054,1.1973138215547083,-0.4014564058745862,0.5477883786990231,0.3419966408780944,0.5690646020819142,2.3698746702209504e-16,0.8954156402028535
hoptimus1,CCRCC,5,nointercept_f64,57566,16654,4,YWHAE,0.253351335584995,-2.9119007684629774,0.7403029132534596,-0.4501780705764413,0.2903024995113688,0.23225683509800607,0.4350215929709423,8.689540457476818e-17,0.6251008876670588
hoptimus1,CCRCC,5,intercept_f64,57566,16654,4,AKAP8,0.2258141024479694,-0.027115893523832924,0.1548659245944803,0.19686553958133512,0.23610530187921305,0.18886259400533728,0.3883007327684972,0.3842340542775349,0.3842340542775349
hoptimus1,CCRCC,5,intercept_f64,57566,16654,4,BLVRB,0.21922952620739655,-0.046741392086096845,0.12673393246578857,0.18898431033997481,0.17927117128396244,0.18297801550849319,0.3479579442873892,0.3876861605415436,0.3876861605415441
hoptimus1,CCRCC,5,intercept_f64,57566,16654,4,BTF3,0.21764547146388624,-0.03851366224681363,0.16962406579531705,0.23393396986297274,0.24853568107437313,0.20549506983193158,0.40414538812795753,0.5872991462026024,0.5872991462026035
hoptimus1,CCRCC,5,intercept_f64,57566,16654,4,CD109,0.7385237445040652,0.3467412479716655,0.4069059014397838,0.34362121194638057,0.5704452801226023,0.31397316897926375,0.789231436831204,0.4217749947707714,0.4217749947707714
hoptimus1,CCRCC,5,intercept_f64,57566,16654,4,CD14,0.3071142956130056,-0.24971406741367685,0.34199134519738034,0.5072929599778936,0.4044930142372528,0.44975798931923244,0.5231210890583357,0.7136625902608755,0.7136625902608756
hoptimus1,CCRCC,5,intercept_f64,57566,16654,4,CHST15,0.45128522385045877,0.15012805743779112,0.2781681448704788,0.3394166366492079,0.4666524853356477,0.2946774042928235,0.5721065910886463,0.459376906145896,0.4593769061458959
hoptimus1,CCRCC,5,intercept_f64,57566,16654,4,CIB1,0.47803011406257223,0.16216715157426465,0.40729502540583307,0.4288492764383316,0.6049879402247915,0.36833567607097156,0.6972296720565855,0.7164694749840567,0.7164694749840569
hoptimus1,CCRCC,5,intercept_f64,57566,16654,4,CKB,0.5631168427949029,0.20330120847185562,0.3737943000226154,0.24699438978289598,0.4619739938357791,0.30100460589866695,0.6849663837891555,0.5303088533403277,0.5303088533403278
hoptimus1,CCRCC,5,intercept_f64,57566,16654,4,CPD,0.1921990045859094,-1.48252867966427,0.4293439485047118,0.5345636508354822,0.273163726511044,0.520901667341372,0.41586803065223277,0.6272732220336179,0.6272732220336179
hoptimus1,CCRCC,5,intercept_f64,57566,16654,4,CPE,0.651653082683957,0.3373698306451147,1.406047107409113,1.1095266765423895,1.2809045000409571,0.5544913228053864,1.4566805887400696,1.106812378871732,1.1068123788717321
hoptimus1,CCRCC,5,intercept_f64,57566,16654,4,DERL1,0.4185718427395425,0.014155076158572144,0.3283799759534156,0.4947055082596182,0.4474742854645061,0.46832106340687935,0.5771437953293888,0.6467583030084338,0.6467583030084338
hoptimus1,CCRCC,5,intercept_f64,57566,16654,4,DNAJB12,0.24563064127885603,-0.05478933960242571,0.15230221302061364,0.1567617434072035,0.21715723109643284,0.20724565079836044,0.3799883142517429,0.325716278474566,0.3257162784745661
hoptimus1,CCRCC,5,intercept_f64,57566,16654,4,EGFL7,0.11024923132083761,-0.1591232553856632,0.1899653601937588,0.22551574220260198,0.249222923688017,0.21048827957847294,0.40482972935699774,0.44593981899595664,0.44593981899595725
hoptimus1,CCRCC,5,intercept_f64,57566,16654,4,FLNB,0.54022088960843,0.20806964459263833,0.4215879313276146,0.369525844849141,0.5671187916966751,0.31964880805345525,0.72962648442145,0.6191535392099294,0.6191535392099294
hoptimus1,CCRCC,5,intercept_f64,57566,16654,4,GADD45B,0.22947552972501173,-0.08008513274482709,0.2727687533669525,0.3207355916924473,0.42294961488216853,0.26722788253403545,0.5025373153862587,0.5878519062882763,0.5878519062882761
hoptimus1,CCRCC,5,intercept_f64,57566,16654,4,GPNMB,0.396387059333826,-0.19256692955995502,0.2652871717739316,0.4633492636621485,0.3042758320135788,0.4160491345359947,0.4716466389119294,0.5846988916007778,0.5846988916007779
hoptimus1,CCRCC,5,intercept_f64,57566,16654,4,H3F3A,0.10248639432905904,-0.2941791192274912,0.22295935867219455,0.19627640857204548,0.2687674068926448,0.2598754018460527,0.4150645657150187,0.682091391550857,0.6820913915508581
hoptimus1,CCRCC,5,intercept_f64,57566,16654,4,HMOX1,0.1262499779307674,-0.8556789530581457,0.2855274288233077,0.4092604142844908,0.22575546512086092,0.3664438144880378,0.3922586201120232,0.51351134478787,0.5135113447878702
hoptimus1,CCRCC,5,intercept_f64,57566,16654,4,HNRNPK,0.25729695194988533,-0.0538825292498053,0.25273144818360865,0.36576228574886277,0.40726700800584975,0.29054337651980267,0.48970387484547456,0.8120977657199027,0.8120977657199034
hoptimus1,CCRCC,5,intercept_f64,57566,16654,4,HSPA1A,0.3422629088480353,0.025637918606960186,0.4206258207521127,0.9213916702246504,0.8123468086186099,0.3910461977714093,0.657033899212736,0.757291770700376,0.7572917707003758
hoptimus1,CCRCC,5,intercept_f64,57566,16654,4,HTRA1,0.05731094994010931,-0.12767280788277757,1.3618610733144787,0.7792631817516013,0.9230023962231376,0.4337816662181598,1.09894219557338,0.9573517878715005,0.9573517878715007
hoptimus1,CCRCC,5,intercept_f64,57566,16654,4,IFI27,0.3469529559149821,-0.1721814785400113,0.7460528587184574,0.5866900755503417,0.9968944435233011,0.41071752686755947,0.7977877656655703,1.1144303314896966,1.1144303314896964
hoptimus1,CCRCC,5,intercept_f64,57566,16654,4,IFI6,0.2874274334152722,-0.3738101143265342,0.5924384999459332,0.3126356490798109,0.708964705796492,0.38812562883877666,0.656686793101457,0.8592102087401775,0.8592102087401774
hoptimus1,CCRCC,5,intercept_f64,57566,16654,4,IRF7,0.15888653079978765,-0.1636521625471985,0.15187113249033846,0.08079386582781516,0.19538105647933574,0.16474634911059013,0.3612651138585876,0.3398501554812914,0.3398501554812914
hoptimus1,CCRCC,5,intercept_f64,57566,16654,4,ISG15,0.2990118958031472,-0.08644334745246551,0.3167442281787928,0.19196462532406852,0.40317652843086405,0.24304504801869614,0.5399466019811194,0.4642263237971045,0.4642263237971045
hoptimus1,CCRCC,5,intercept_f64,57566,16654,4,KRTCAP2,0.2815123077050861,-0.015754189648511163,0.17831997135452768,0.24409314300103246,0.25210434877673477,0.24684695532385698,0.41899195255641214,0.540015077688685,0.5400150776886855
hoptimus1,CCRCC,5,intercept_f64,57566,16654,4,LAPTM4B,0.26977640268220976,-0.5725363578297944,0.35854091013544215,0.5015399460022196,0.33411209187015734,0.473927007927443,0.4774952004450465,0.6058407355741487,0.6058407355741485
hoptimus1,CCRCC,5,intercept_f64,57566,16654,4,LRRC41,0.4802448305528414,0.0837151856367756,0.5428100157784728,0.4080271391993412,0.7013571259066941,0.401150816235436,0.7696773063762825,0.7910553572909551,0.7910553572909552
hoptimus1,CCRCC,5,intercept_f64,57566,16654,4,LY6E,0.3917382471956832,-0.07131004530904717,0.990370719322278,0.5693935149606516,1.0222964970822435,0.4282837853319416,0.9614823301631038,1.0476238748857691,1.0476238748857694
hoptimus1,CCRCC,5,intercept_f64,57566,16654,4,NAMPT,0.3483452946532549,0.010255561223371013,0.3146179771492117,0.41955368634769286,0.5497043096848835,0.3319483931411995,0.5638066994832029,0.621001507133174,0.621001507133174
hoptimus1,CCRCC,5,intercept_f64,57566,16654,4,NOL3,0.27329457463660867,-0.0121533780024905,0.1999634651002046,0.20389714899667014,0.2910280283493513,0.21927570573719588,0.44447993700387045,0.5534210704106272,0.5534210704106277
hoptimus1,CCRCC,5,intercept_f64,57566,16654,4,NOTCH3,0.20516557520145187,-0.04180441845439953,0.2180855185109446,0.28874212514159264,0.2987455354670853,0.2260154345185306,0.4575307804161154,0.5444859433314115,0.5444859433314121
hoptimus1,CCRCC,5,intercept_f64,57566,16654,4,NT5DC2,0.2761687400290769,-0.10212098413504012,0.16771492421661896,0.27079569499989886,0.22704151298900432,0.2665782126663878,0.39009575060429985,0.32352515954775524,0.32352515954775496
hoptimus1,CCRCC,5,intercept_f64,57566,16654,4,PARP10,0.31994012973615055,0.020515549278955714,0.20312579712903756,0.18980310941615744,0.3039569790028031,0.2084843480649395,0.4553902922416376,0.4861876259576377,0.48618762595763787
hoptimus1,CCRCC,5,intercept_f64,57566,16654,4,PTGS1,0.18193635272856162,-1.1044876672745954,0.275629706152911,0.34308316066109323,0.20325616566490923,0.425622131442274,0.3619010294863678,0.4401718552513577,0.44017185525135744
hoptimus1,CCRCC,5,intercept_f64,57566,16654,4,PXN,0.377175682985252,0.05145762158841238,0.337488684851377,0.32924747558675943,0.49626137184698754,0.29141936129441676,0.5964873514992473,0.6279078129039207,0.6279078129039208
hoptimus1,CCRCC,5,intercept_f64,57566,16654,4,RXRA,0.3203991748442435,-0.0009254136307428329,0.23133295473259666,0.25615494742082545,0.37593993081814014,0.2519656348445241,0.4807484518864016,0.4228784950191275,0.4228784950191274
hoptimus1,CCRCC,5,intercept_f64,57566,16654,4,S100A9,0.2014871776667465,-0.29978592510376423,0.3231730404972848,0.481075340271609,0.3237657615141206,0.3451824745885875,0.49863372339247436,0.49736531796823374,0.4973653179682333
hoptimus1,CCRCC,5,intercept_f64,57566,16654,4,SCARB1,0.24416064480602118,-0.7353181749608297,0.31576248023383235,0.4493702087412597,0.2863668006938432,0.4477759866327262,0.42657038865445446,0.7202790567990293,0.7202790567990295
hoptimus1,CCRCC,5,intercept_f64,57566,16654,4,SEMA4B,0.566698350661378,0.26852779867478715,0.3284509883356254,0.34296628281844355,0.4966281757386804,0.3836774471790433,0.6700949940305024,0.467239546273849,0.4672395462738491
hoptimus1,CCRCC,5,intercept_f64,57566,16654,4,SLC15A4,0.4275235479539154,0.134341787931184,0.24965725473162714,0.3052583343156959,0.4089239913474988,0.2863562352157508,0.5370303973985048,0.5107621630183337,0.5107621630183338
hoptimus1,CCRCC,5,intercept_f64,57566,16654,4,SLC39A14,0.24613170748760013,-1.0266861503554523,0.42188704863816495,0.5861245595247947,0.31506304121309503,0.5032681954954794,0.45625206891978154,0.8539137779347231,0.8539137779347233
hoptimus1,CCRCC,5,intercept_f64,57566,16654,4,STK39,0.26737816736436143,-0.4589404979766034,0.2932623278640057,0.4541244835020947,0.3046583713740164,0.41019078797547787,0.44834192161794467,0.5650622075756162,0.565062207575616
hoptimus1,CCRCC,5,intercept_f64,57566,16654,4,TFRC,0.44826456643749785,-0.027334953995943323,0.2895697494466397,0.46798036754914296,0.4259531321295945,0.4881413933187068,0.5309095809085745,0.5048732560798278,0.5048732560798275
hoptimus1,CCRCC,5,intercept_f64,57566,16654,4,TM2D3,0.2045373572589965,-0.10113644233506447,0.1568095656563693,0.1637376991987324,0.21555856300084633,0.210132615823068,0.37736855421767307,0.3363748033147032,0.3363748033147033
hoptimus1,CCRCC,5,intercept_f64,57566,16654,4,TMEM91,0.41069712042791184,0.10156082592482818,0.2250958912487243,0.3956803106727484,0.3441773473937299,0.3245730827777646,0.5005407544844924,0.5528078292726004,0.5528078292726009
hoptimus1,CCRCC,5,intercept_f64,57566,16654,4,TP53INP1,0.17648257197261275,-0.0780538917631417,0.16334471396944245,0.24993506410208918,0.2321888090998124,0.1960967739180582,0.3892533030592054,0.3971027789526591,0.3971027789526592
hoptimus1,CCRCC,5,intercept_f64,57566,16654,4,TRBC1,0.24986186849990227,-0.04246347512398252,0.2908275375307655,0.30020062350962395,0.3993002061470511,0.2714112230324318,0.5281865516657323,0.49025427848250824,0.49025427848250797
hoptimus1,CCRCC,5,intercept_f64,57566,16654,4,VMP1,0.37136320319914734,0.07623888874517737,0.299145737298202,0.4939592343282701,0.5477883786990231,0.34199664087809467,0.5690646020819142,0.8954156402028529,0.8954156402028535
hoptimus1,CCRCC,5,intercept_f64,57566,16654,4,YWHAE,0.2533513355849943,-0.08486473268176442,0.2053039096914012,0.1749228170906193,0.2903024995113688,0.23225683509800601,0.4350215929709423,0.6251008876670578,0.6251008876670588
hoptimus1,CCRCC,5,ycentered_f64,57566,16654,4,AKAP8,0.2258141024479693,-0.027115893523832924,0.1548659245944803,0.19686553958133526,0.23610530187921305,0.18886259400533725,0.3883007327684972,0.3842340542775349,0.3842340542775349
hoptimus1,CCRCC,5,ycentered_f64,57566,16654,4,BLVRB,0.2192295262073964,-0.04674139208609773,0.12673393246578868,0.1889843103399753,0.17927117128396244,0.18297801550849316,0.3479579442873892,0.3876861605415441,0.3876861605415441
hoptimus1,CCRCC,5,ycentered_f64,57566,16654,4,BTF3,0.2176454714638862,-0.03851366224681296,0.16962406579531694,0.23393396986297393,0.24853568107437313,0.20549506983193158,0.40414538812795753,0.5872991462026034,0.5872991462026035
hoptimus1,CCRCC,5,ycentered_f64,57566,16654,4,CD109,0.7385237445040653,0.3467412479716657,0.4069059014397836,0.3436212119463805,0.5704452801226023,0.3139731689792638,0.789231436831204,0.4217749947707714,0.4217749947707714
hoptimus1,CCRCC,5,ycentered_f64,57566,16654,4,CD14,0.3071142956130057,-0.2497140674136773,0.3419913451973805,0.5072929599778938,0.4044930142372528,0.44975798931923244,0.5231210890583357,0.7136625902608758,0.7136625902608756
hoptimus1,CCRCC,5,ycentered_f64,57566,16654,4,CHST15,0.45128522385045877,0.15012805743779134,0.27816814487047875,0.3394166366492079,0.4666524853356477,0.2946774042928235,0.5721065910886463,0.459376906145896,0.4593769061458959
hoptimus1,CCRCC,5,ycentered_f64,57566,16654,4,CIB1,0.4780301140625722,0.16216715157426498,0.4072950254058329,0.4288492764383321,0.6049879402247915,0.36833567607097156,0.6972296720565855,0.7164694749840572,0.7164694749840569
hoptimus1,CCRCC,5,ycentered_f64,57566,16654,4,CKB,0.5631168427949029,0.20330120847185573,0.3737943000226153,0.2469943897828962,0.4619739938357791,0.3010046058986669,0.6849663837891555,0.530308853340328,0.5303088533403278
hoptimus1,CCRCC,5,ycentered_f64,57566,16654,4,CPD,0.19219900458590936,-1.48252867966427,0.4293439485047118,0.5345636508354823,0.273163726511044,0.520901667341372,0.41586803065223277,0.627273222033618,0.6272732220336179
hoptimus1,CCRCC,5,ycentered_f64,57566,16654,4,CPE,0.6516530826839573,0.33736983064511505,1.4060471074091123,1.1095266765423895,1.2809045000409571,0.5544913228053865,1.4566805887400696,1.1068123788717321,1.1068123788717321
hoptimus1,CCRCC,5,ycentered_f64,57566,16654,4,DERL1,0.4185718427395425,0.014155076158571589,0.3283799759534158,0.4947055082596184,0.4474742854645061,0.46832106340687946,0.5771437953293888,0.6467583030084342,0.6467583030084338
hoptimus1,CCRCC,5,ycentered_f64,57566,16654,4,DNAJB12,0.24563064127885598,-0.05478933960242571,0.15230221302061364,0.15676174340720375,0.21715723109643284,0.20724565079836044,0.3799883142517429,0.3257162784745662,0.3257162784745661
hoptimus1,CCRCC,5,ycentered_f64,57566,16654,4,EGFL7,0.11024923132083761,-0.1591232553856632,0.1899653601937588,0.2255157422026023,0.249222923688017,0.21048827957847296,0.40482972935699774,0.445939818995957,0.44593981899595725
hoptimus1,CCRCC,5,ycentered_f64,57566,16654,4,FLNB,0.5402208896084297,0.2080696445926381,0.4215879313276147,0.36952584484914125,0.5671187916966751,0.3196488080534552,0.72962648442145,0.6191535392099294,0.6191535392099294
hoptimus1,CCRCC,5,ycentered_f64,57566,16654,4,GADD45B,0.22947552972501173,-0.08008513274482687,0.27276875336695244,0.32073559169244725,0.42294961488216853,0.2672278825340354,0.5025373153862587,0.5878519062882762,0.5878519062882761
hoptimus1,CCRCC,5,ycentered_f64,57566,16654,4,GPNMB,0.39638705933382606,-0.1925669295599557,0.26528717177393174,0.463349263662149,0.3042758320135788,0.4160491345359947,0.4716466389119294,0.5846988916007781,0.5846988916007779
hoptimus1,CCRCC,5,ycentered_f64,57566,16654,4,H3F3A,0.10248639432905898,-0.29417911922749096,0.22295935867219452,0.19627640857204667,0.2687674068926448,0.25987540184605273,0.4150645657150187,0.6820913915508581,0.6820913915508581
hoptimus1,CCRCC,5,ycentered_f64,57566,16654,4,HMOX1,0.1262499779307674,-0.8556789530581459,0.2855274288233078,0.40926041428449117,0.22575546512086092,0.3664438144880379,0.3922586201120232,0.5135113447878702,0.5135113447878702
hoptimus1,CCRCC,5,ycentered_f64,57566,16654,4,HNRNPK,0.25729695194988517,-0.053882529249804634,0.2527314481836085,0.36576228574886366,0.40726700800584975,0.2905433765198026,0.48970387484547456,0.8120977657199034,0.8120977657199034
hoptimus1,CCRCC,5,ycentered_f64,57566,16654,4,HSPA1A,0.34226290884803523,0.02563791860696052,0.4206258207521126,0.9213916702246502,0.8123468086186099,0.39104619777140925,0.657033899212736,0.7572917707003759,0.7572917707003758
hoptimus1,CCRCC,5,ycentered_f64,57566,16654,4,HTRA1,0.05731094994010948,-0.12767280788277713,1.361861073314478,0.7792631817516013,0.9230023962231376,0.4337816662181597,1.09894219557338,0.9573517878715004,0.9573517878715007
hoptimus1,CCRCC,5,ycentered_f64,57566,16654,4,IFI27,0.34695295591498176,-0.1721814785400113,0.7460528587184574,0.5866900755503419,0.9968944435233011,0.41071752686755936,0.7977877656655703,1.1144303314896966,1.1144303314896964
hoptimus1,CCRCC,5,ycentered_f64,57566,16654,4,IFI6,0.28742743341527227,-0.373810114326534,0.5924384999459331,0.312635649079811,0.708964705796492,0.3881256288387767,0.656686793101457,0.8592102087401775,0.8592102087401774
hoptimus1,CCRCC,5,ycentered_f64,57566,16654,4,IRF7,0.15888653079978773,-0.16365216254719894,0.1518711324903385,0.08079386582781507,0.19538105647933574,0.16474634911059013,0.3612651138585876,0.3398501554812914,0.3398501554812914
hoptimus1,CCRCC,5,ycentered_f64,57566,16654,4,ISG15,0.2990118958031472,-0.08644334745246529,0.31674422817879266,0.19196462532406858,0.40317652843086405,0.2430450480186961,0.5399466019811194,0.46422632379710455,0.4642263237971045
hoptimus1,CCRCC,5,ycentered_f64,57566,16654,4,KRTCAP2,0.2815123077050861,-0.015754189648511385,0.1783199713545277,0.24409314300103319,0.25210434877673477,0.24684695532385695,0.41899195255641214,0.5400150776886856,0.5400150776886855
hoptimus1,CCRCC,5,ycentered_f64,57566,16654,4,LAPTM4B,0.26977640268220976,-0.5725363578297942,0.3585409101354421,0.5015399460022196,0.33411209187015734,0.47392700792744313,0.4774952004450465,0.6058407355741486,0.6058407355741485
hoptimus1,CCRCC,5,ycentered_f64,57566,16654,4,LRRC41,0.4802448305528414,0.08371518563677594,0.5428100157784725,0.40802713919934164,0.7013571259066941,0.401150816235436,0.7696773063762825,0.7910553572909554,0.7910553572909552
hoptimus1,CCRCC,5,ycentered_f64,57566,16654,4,LY6E,0.3917382471956831,-0.07131004530904717,0.990370719322278,0.5693935149606519,1.0222964970822435,0.42828378533194167,0.9614823301631038,1.0476238748857696,1.0476238748857694
hoptimus1,CCRCC,5,ycentered_f64,57566,16654,4,NAMPT,0.3483452946532549,0.010255561223371346,0.3146179771492116,0.4195536863476931,0.5497043096848835,0.33194839314119945,0.5638066994832029,0.6210015071331743,0.621001507133174
hoptimus1,CCRCC,5,ycentered_f64,57566,16654,4,NOL3,0.27329457463660867,-0.012153378002489612,0.19996346510020443,0.20389714899667083,0.2910280283493513,0.21927570573719596,0.44447993700387045,0.5534210704106276,0.5534210704106277
hoptimus1,CCRCC,5,ycentered_f64,57566,16654,4,NOTCH3,0.20516557520145182,-0.04180441845439975,0.21808551851094465,0.28874212514159314,0.2987455354670853,0.22601543451853065,0.4575307804161154,0.544485943331412,0.5444859433314121
hoptimus1,CCRCC,5,ycentered_f64,57566,16654,4,NT5DC2,0.276168740029077,-0.10212098413504012,0.16771492421661896,0.27079569499989853,0.22704151298900432,0.2665782126663879,0.39009575060429985,0.32352515954775496,0.32352515954775496
hoptimus1,CCRCC,5,ycentered_f64,57566,16654,4,PARP10,0.3199401297361504,0.020515549278956158,0.20312579712903747,0.18980310941615766,0.3039569790028031,0.20848434806493954,0.4553902922416376,0.486187625957638,0.48618762595763787
hoptimus1,CCRCC,5,ycentered_f64,57566,16654,4,PTGS1,0.18193635272856168,-1.1044876672745958,0.27562970615291105,0.3430831606610931,0.20325616566490923,0.42562213144227407,0.3619010294863678,0.4401718552513577,0.44017185525135744
hoptimus1,CCRCC,5,ycentered_f64,57566,16654,4,PXN,0.3771756829852518,0.05145762158841205,0.3374886848513771,0.3292474755867599,0.49626137184698754,0.29141936129441676,0.5964873514992473,0.627907812903921,0.6279078129039208
hoptimus1,CCRCC,5,ycentered_f64,57566,16654,4,RXRA,0.3203991748442435,-0.0009254136307430549,0.23133295473259674,0.25615494742082545,0.37593993081814014,0.2519656348445241,0.4807484518864016,0.42287849501912744,0.4228784950191274
hoptimus1,CCRCC,5,ycentered_f64,57566,16654,4,S100A9,0.2014871776667464,-0.29978592510376423,0.3231730404972848,0.48107534027160875,0.3237657615141206,0.3451824745885874,0.49863372339247436,0.4973653179682335,0.4973653179682333
hoptimus1,CCRCC,5,ycentered_f64,57566,16654,4,SCARB1,0.24416064480602107,-0.7353181749608304,0.31576248023383247,0.4493702087412601,0.2863668006938432,0.44777598663272616,0.42657038865445446,0.7202790567990296,0.7202790567990295
hoptimus1,CCRCC,5,ycentered_f64,57566,16654,4,SEMA4B,0.566698350661378,0.2685277986747874,0.3284509883356253,0.34296628281844405,0.4966281757386804,0.3836774471790433,0.6700949940305024,0.4672395462738495,0.4672395462738491
hoptimus1,CCRCC,5,ycentered_f64,57566,16654,4,SLC15A4,0.4275235479539155,0.13434178793118412,0.2496572547316271,0.30525833431569616,0.4089239913474988,0.2863562352157509,0.5370303973985048,0.5107621630183339,0.5107621630183338
hoptimus1,CCRCC,5,ycentered_f64,57566,16654,4,SLC39A14,0.24613170748760005,-1.0266861503554532,0.4218870486381652,0.5861245595247951,0.31506304121309503,0.5032681954954794,0.45625206891978154,0.8539137779347237,0.8539137779347233
hoptimus1,CCRCC,5,ycentered_f64,57566,16654,4,STK39,0.2673781673643614,-0.4589404979766034,0.2932623278640057,0.4541244835020947,0.3046583713740164,0.4101907879754779,0.44834192161794467,0.5650622075756162,0.565062207575616
hoptimus1,CCRCC,5,ycentered_f64,57566,16654,4,TFRC,0.4482645664374978,-0.0273349539959431,0.28956974944663966,0.467980367549143,0.4259531321295945,0.4881413933187069,0.5309095809085745,0.5048732560798277,0.5048732560798275
hoptimus1,CCRCC,5,ycentered_f64,57566,16654,4,TM2D3,0.2045373572589964,-0.10113644233506447,0.1568095656563693,0.1637376991987325,0.21555856300084633,0.210132615823068,0.37736855421767307,0.3363748033147035,0.3363748033147033
hoptimus1,CCRCC,5,ycentered_f64,57566,16654,4,TMEM91,0.4106971204279118,0.1015608259248284,0.22509589124872426,0.39568031067274895,0.3441773473937299,0.32457308277776453,0.5005407544844924,0.5528078292726009,0.5528078292726009
hoptimus1,CCRCC,5,ycentered_f64,57566,16654,4,TP53INP1,0.1764825719726127,-0.0780538917631417,0.16334471396944245,0.24993506410208935,0.2321888090998124,0.19609677391805821,0.3892533030592054,0.3971027789526592,0.3971027789526592
hoptimus1,CCRCC,5,ycentered_f64,57566,16654,4,TRBC1,0.24986186849990238,-0.04246347512398252,0.2908275375307655,0.3002006235096235,0.3993002061470511,0.27141122303243187,0.5281865516657323,0.49025427848250797,0.49025427848250797
hoptimus1,CCRCC,5,ycentered_f64,57566,16654,4,VMP1,0.37136320319914723,0.07623888874517826,0.2991457372982017,0.493959234328271,0.5477883786990231,0.3419966408780946,0.5690646020819142,0.8954156402028538,0.8954156402028535
hoptimus1,CCRCC,5,ycentered_f64,57566,16654,4,YWHAE,0.2533513355849942,-0.08486473268176331,0.20530390969140097,0.17492281709062024,0.2903024995113688,0.23225683509800593,0.4350215929709423,0.6251008876670588,0.6251008876670588
hoptimus1,COAD,0,nointercept_f64,5079,10572,3,AQP8,0.12523589627553006,-1.1761005640586069,1.2379466323738717,-0.07582056354394615,0.7445557880167072,0.16494695732808334,0.7542433340644153,-4.196944688482576e-18,0.4178403824139449
hoptimus1,COAD,0,nointercept_f64,5079,10572,3,AREG,0.5202230383497687,-2.4236760012183587,11.30212853766148,-0.006825813204738459,2.917750132837126,0.36106054202291316,1.816911575417761,-3.637352063351566e-17,1.0040345233029844
hoptimus1,COAD,0,nointercept_f64,5079,10572,3,BANK1,0.5364335349011421,-0.6542001819403798,1.4636771306985754,0.36241298475831635,1.2527040095884963,0.7067164339015314,0.9406511948444587,4.4767410010480815e-17,1.1094703321077617
hoptimus1,COAD,0,nointercept_f64,5079,10572,3,CA1,0.05196277140545046,-1.096192168264456,3.840595834582939,-0.1952910564944938,1.2083514029673903,0.27806979161095646,1.3535794623150745,-5.141257243391156e-17,0.5075278135471678
hoptimus1,COAD,0,nointercept_f64,5079,10572,3,CA4,0.03820433447792816,-0.5794167457302437,2.431839829335177,-0.0692808600490743,0.8682999609547766,0.17118722285531043,1.2408495125753307,1.748726953534407e-18,0.3090023036124223
hoptimus1,COAD,0,nointercept_f64,5079,10572,3,CALB2,0.26358263605581334,-1.0390915143138417,1.0349523518892692,0.0699008043631891,0.819722120842156,0.20846162758732925,0.7124293769272585,-2.4482177349481695e-17,0.4614741812777533
hoptimus1,COAD,0,nointercept_f64,5079,10572,3,CCL20,0.5460269881665457,-1.202216578764289,6.1624044230120205,0.19310785177594328,2.2058657983623124,0.529691997798557,1.6728041005320005,-2.797963125655051e-17,1.2315176628217568
hoptimus1,COAD,0,nointercept_f64,5079,10572,3,CCR7,0.5601046248364255,-1.041439175543652,1.774649778104786,0.1699489314257402,1.2463101748260097,0.6618727605455825,0.9323696050291775,6.715111501572122e-17,1.0018474414466427
hoptimus1,COAD,0,nointercept_f64,5079,10572,3,CD177,0.0014017590508322137,-2.6320329642293165,5.149275693417675,-0.470391987349989,1.361795352143949,0.6137383204134367,1.1906885616119307,-5.595926251310102e-17,0.8341132806825647
hoptimus1,COAD,0,nointercept_f64,5079,10572,3,CEACAM6,0.5430849451137709,-2.365031603689965,20.981364477988365,-0.2403675863990594,3.726569711248666,0.43487308336062264,2.497021549707036,-3.357555750786061e-17,1.6401387703984383
hoptimus1,COAD,0,nointercept_f64,5079,10572,3,CEACAM7,0.18376339634243294,-1.452385290307756,4.6099572784918275,-0.20342055739181697,1.4669816186831297,0.19357800653557408,1.3710525444850437,1.0492361721206441e-17,0.6063840902093406
hoptimus1,COAD,0,nointercept_f64,5079,10572,3,CHGA,0.13809923268646876,-0.3711054096138575,0.9438198954564837,-0.0358837958086819,0.47959680078925393,0.16808951306245995,0.8296771736263828,4.057046532199824e-17,0.22836048900200923
hoptimus1,COAD,0,nointercept_f64,5079,10572,3,CHGB,0.2646831235338777,-1.0354636745657455,1.5795561799511753,-0.08422898058328533,0.841791831326223,0.25289687012254536,0.8809187632363267,1.6787778753930305e-17,0.5925152850540681
hoptimus1,COAD,0,nointercept_f64,5079,10572,3,CHI3L2,0.3965589720574748,-1.1013519737979132,1.5214108057068005,0.14618985593595854,1.097015871870396,0.4221833262971277,0.8508908374123566,-2.3782686568067933e-17,0.6997218916655104
hoptimus1,COAD,0,nointercept_f64,5079,10572,3,CLCA1,0.09011278457042002,-0.8946501831422795,6.625700783428596,-0.023151832704185547,1.7509408530596302,0.2666755498678044,1.8700421330773105,-3.2176575945033085e-17,0.5846104865046932
hoptimus1,COAD,0,nointercept_f64,5079,10572,3,CLCA4,0.035024726978788216,-1.2832232382712272,2.481690153686157,-0.11752963338401211,1.0536494587480774,0.19284517501919557,1.0425564772083313,6.994907814137627e-18,0.5911883716391728
hoptimus1,COAD,0,nointercept_f64,5079,10572,3,COL11A1,0.4325737627797166,-4.654115881695685,10.089254371331446,-1.483640378256603,1.4512049642716038,0.7372982433383539,1.3358176678373859,1.3430223003144244e-16,2.4252799596812786
hoptimus1,COAD,0,nointercept_f64,5079,10572,3,CTSE,0.10784722636838408,-0.6462563561980359,0.9290259612284955,-0.013874667290274164,0.5885155641058382,0.17260943199736356,0.7512166287026493,1.3989815628275255e-18,0.331219099994531
hoptimus1,COAD,0,nointercept_f64,5079,10572,3,CXCL10,0.4877197603327919,-2.2581707587143,4.321756393371508,-0.23056317903116821,1.5512658336421463,0.9303926085539864,1.1517102201432143,7.834296751834143e-17,2.660343014294999
hoptimus1,COAD,0,nointercept_f64,5079,10572,3,CXCL13,0.5178599941394281,-1.4038054997901055,2.620464431253794,0.04933162516827561,1.353419328464327,0.8900343568079767,1.0440936930194216,4.4767410010480815e-17,2.2849121855619177
hoptimus1,COAD,0,nointercept_f64,5079,10572,3,DMBT1,0.44147800390517233,-2.238435817387548,11.861732311724246,-0.7156437466856572,2.26498576149632,0.6755896088381732,1.9138434597715335,-3.357555750786061e-17,1.8700754643660122
hoptimus1,COAD,0,nointercept_f64,5079,10572,3,DUOX2,0.29868562402882104,-1.3890382077909664,5.411500404950235,-0.21477522819866374,1.5906460842669483,0.15137773002065918,1.505037426618689,-5.595926251310102e-18,0.39397874439905706
hoptimus1,COAD,0,nointercept_f64,5079,10572,3,FCRL1,0.5288922187252273,-0.0608486755240496,0.7345141978409025,0.39083162564924456,0.8476263882984865,0.6048541297058928,0.8320958925417912,1.1191852502620204e-17,0.5750095118310278
hoptimus1,COAD,0,nointercept_f64,5079,10572,3,GATA2,0.23223305901187755,-11.375760973540547,6.707332637950301,-1.3486507680770852,1.0379128123362589,0.8772982078163487,0.7361883932453372,-7.834296751834143e-17,2.9877887247913253
hoptimus1,COAD,0,nointercept_f64,5079,10572,3,GCG,0.22890366179290295,-0.9409279539774413,1.2896381483674328,-0.042984959164194876,0.7692695724616843,0.17073114678668577,0.8151344126755746,-8.743634767672034e-18,0.3089514309131482
hoptimus1,COAD,0,nointercept_f64,5079,10572,3,GUCA2A,-0.02321444803101147,-0.18680590992492596,0.6599831058069002,0.06042923816705527,0.3719147108988558,0.06730118840412781,0.7457213191879307,1.0492361721206441e-17,0.095714699496761
hoptimus1,COAD,0,nointercept_f64,5079,10572,3,GUCA2B,0.3041954139283413,-0.5145698463080954,0.7349420920677897,-0.06900351963827886,0.47162139332298975,0.16372412817005327,0.6965974936756711,-3.847199297775695e-17,0.21194252702142574
hoptimus1,COAD,0,nointercept_f64,5079,10572,3,HEPACAM2,0.28630429678862535,-0.8008508296324619,3.298721105960141,-0.06691319511330261,1.2008433916827652,0.2879585339067224,1.3534241744610502,-2.2383705005240407e-17,0.6395180695731473
hoptimus1,COAD,0,nointercept_f64,5079,10572,3,IL1B,0.21669385720618395,-1.1541604081806525,2.8561097014077754,-0.12179714653848871,1.1336809322886334,0.3771239178719608,1.1514588508294121,3.357555750786061e-17,0.7860379776022383
hoptimus1,COAD,0,nointercept_f64,5079,10572,3,INSL5,0.2958439029377294,-0.7802731180465978,1.0334198943613566,0.034209335055634615,0.7438991885382796,0.21632730962801094,0.7618949445889689,-2.028523266099912e-17,0.42144599273510397
hoptimus1,COAD,0,nointercept_f64,5079,10572,3,ITLN1,0.48073021942711724,-0.8437969177412472,5.4814876600756905,-0.06097950905763321,1.6175062194201606,0.21383304107092568,1.724219998814318,-3.357555750786061e-17,0.5624246655732869
hoptimus1,COAD,0,nointercept_f64,5079,10572,3,LCN2,0.5637969077201216,-1.4429920334971609,12.871031203186615,-0.004281945392561503,2.8482167516587316,0.22619288468482524,2.295332712617936,0.0,0.46141612630680007
hoptimus1,COAD,0,nointercept_f64,5079,10572,3,MMP1,0.15010417901748438,-1.2591694692293611,2.8805000757923787,0.04175787412053172,1.2907421406452917,0.44196378762474603,1.1291705437664403,-1.3430223003144244e-16,1.2778203164200352
hoptimus1,COAD,0,nointercept_f64,5079,10572,3,MMP3,-0.07786597806778854,-1.5347718263188397,2.5418687734157612,0.11656706145492625,1.2090749771383915,0.5149630966141805,1.0013989398162417,-2.2383705005240407e-17,1.1460058592416846
hoptimus1,COAD,0,nointercept_f64,5079,10572,3,MS4A1,0.6070428827188091,-0.1434033629137783,1.5131606460618472,0.5949313423920906,1.3544014897303196,1.0155873543160534,1.1503838768986594,8.953482002096163e-17,1.3632422351395903
hoptimus1,COAD,0,nointercept_f64,5079,10572,3,MS4A12,0.4366646062899531,-1.0524686668757428,4.1241210320152115,-0.0037540991454854187,1.5270356174968565,0.2257972146713329,1.4175142489942045,1.1541597893327085e-17,0.4488056026872957
hoptimus1,COAD,0,nointercept_f64,5079,10572,3,NXPE4,0.4147103739821237,-1.680560083157943,10.047554512845194,-0.08224504714890514,2.4856974585147413,0.21165494250902328,1.936053759778202,-2.9378612819378035e-17,0.42638958746768707
hoptimus1,COAD,0,nointercept_f64,5079,10572,3,OLFM4,0.10011429667524116,-1.7439348788069018,14.919678901459168,-0.44250287920880477,2.6377592657242044,0.45442670381971884,2.3318082694999247,-3.917148375917071e-17,0.9867847295792278
hoptimus1,COAD,0,nointercept_f64,5079,10572,3,OTOP2,0.25543122936020485,-0.5988502795830688,0.4710666260831222,0.017364827431622615,0.4574880105750921,0.1828390604939133,0.5427967888152835,-7.69439859555139e-18,0.276333267563416
hoptimus1,COAD,0,nointercept_f64,5079,10572,3,PI3,0.23949984928713436,-1.1616537129138869,7.138949863864832,0.09674844872516368,2.083233706875818,0.15289397454676493,1.8172894459116815,1.9585741879585356e-17,0.3158388021401144
hoptimus1,COAD,0,nointercept_f64,5079,10572,3,PRPH,0.21945053818316854,-1.3202696412148174,1.0149397805447584,0.04453758683303316,0.7954153426321356,0.3315934514898972,0.6613797728797217,5.595926251310102e-17,0.4590308969709483
hoptimus1,COAD,0,nointercept_f64,5079,10572,3,RETNLB,0.3618525372298851,-1.595850064941874,4.201379508945035,-0.19997575509123391,1.4647615480910094,0.30720766990912907,1.2722022354847113,-4.4767410010480815e-17,0.5650115834373404
hoptimus1,COAD,0,nointercept_f64,5079,10572,3,SCG2,0.14097457506533012,-0.735454709803754,0.8334833790028495,0.16644207929640611,0.6284017427554872,0.48415999531370035,0.693013715210607,4.4767410010480815e-17,1.545135284953522
hoptimus1,COAD,0,nointercept_f64,5079,10572,3,SCGN,0.20028487691558744,-1.4241947385500024,1.4312630916650944,-0.14700461363306147,0.7811254618905775,0.20969492875665802,0.7683798792496476,1.3290324846861492e-17,0.38641766155533586
hoptimus1,COAD,0,nointercept_f64,5079,10572,3,SLC26A3,0.09118211496785437,-1.7868589068810277,9.406354679683012,-0.13243517946915115,2.329092569392692,0.16081081585030144,1.8371862411810984,-4.4417664619773935e-17,0.383530465912035
hoptimus1,COAD,0,nointercept_f64,5079,10572,3,SPIB,0.5661762603036034,-0.9419314524260216,1.4498079764982827,0.11609735917214085,1.0691870566777464,0.6740500855724157,0.8640488459720238,0.0,0.9556654180497441
hoptimus1,COAD,0,nointercept_f64,5079,10572,3,TCL1A,0.40846007842800564,-0.12647528711475742,0.5433626215874201,0.33723634840031025,0.68643345150179,0.42348211460053947,0.694518862926372,2.5181668130895458e-17,0.5452605422779105
hoptimus1,COAD,0,nointercept_f64,5079,10572,3,TMIGD1,0.24430320334813707,-1.447382333412608,2.105661951491335,0.010443731712697323,1.146542093923405,0.30354755140904416,0.9275629955913377,-5.595926251310102e-18,0.5384154997136701
hoptimus1,COAD,0,nointercept_f64,5079,10572,3,TYMS,0.7359949502398005,-4.810124703892878,14.965125284244879,-0.6963283891824946,3.01582283957682,1.11347095326331,1.6048980581512515,-3.357555750786061e-17,4.757530287321827
hoptimus1,COAD,0,nointercept_f64,5079,10572,3,UGT2B17,0.36592620492901073,-1.5489971462406702,4.634610010616638,-0.022172644945449283,1.7033197339222461,0.20612300719182092,1.3484098708534462,-7.554500439268637e-17,0.5210105622699585
hoptimus1,COAD,0,intercept_f64,5079,10572,3,AQP8,0.12523589627553494,-0.2778804634879113,0.7269644806307846,0.34201981887000066,0.7445557880167072,0.16494695732808337,0.7542433340644153,0.4178403824139449,0.4178403824139449
hoptimus1,COAD,0,intercept_f64,5079,10572,3,AREG,0.5202230383497676,-0.9500564854134252,6.437463429950667,0.9972087100982505,2.917750132837126,0.3610605420229145,1.816911575417761,1.0040345233029844,1.0040345233029844
hoptimus1,COAD,0,intercept_f64,5079,10572,3,BANK1,0.5364335349011432,0.1872982132723685,0.7190985905440905,1.4718833168660839,1.2527040095884963,0.7067164339015315,0.9406511948444587,1.1094703321077617,1.1094703321077617
hoptimus1,COAD,0,intercept_f64,5079,10572,3,CA1,0.05196277140545496,-0.4591410178938853,2.673405139201612,0.3122367570526761,1.2083514029673903,0.2780697916109578,1.3535794623150745,0.5075278135471677,0.5075278135471678
hoptimus1,COAD,0,intercept_f64,5079,10572,3,CA4,0.03820433447793262,-0.26510585268936904,1.947892985946918,0.23972144356334923,0.8682999609547766,0.17118722285531077,1.2408495125753307,0.3090023036124223,0.3090023036124223
hoptimus1,COAD,0,intercept_f64,5079,10572,3,CALB2,0.26358263605581417,-0.09517932002789364,0.5558644156217628,0.5313749856409447,0.819722120842156,0.2084616275873295,0.7124293769272585,0.4614741812777533,0.4614741812777533
hoptimus1,COAD,0,intercept_f64,5079,10572,3,CCL20,0.5460269881665484,0.02741951589211189,2.721546252442013,1.4246255145977056,2.2058657983623124,0.5296919977985578,1.6728041005320005,1.2315176628217568,1.2315176628217568
hoptimus1,COAD,0,intercept_f64,5079,10572,3,CCR7,0.560104624836426,0.28489680815699703,0.6216485584921966,1.1717963728723875,1.2463101748260097,0.661872760545583,0.9323696050291775,1.001847441446643,1.0018474414466427
hoptimus1,COAD,0,intercept_f64,5079,10572,3,CD177,0.001401759050835906,-0.9668758354587326,2.788517073287989,0.36372129333257963,1.361795352143949,0.613738320413437,1.1906885616119307,0.8341132806825647,0.8341132806825647
hoptimus1,COAD,0,intercept_f64,5079,10572,3,CEACAM6,0.5430849451137766,-0.7094731327478072,10.65876434092918,1.3997711839993863,3.726569711248666,0.43487308336062563,2.497021549707036,1.6401387703984383,1.6401387703984383
hoptimus1,COAD,0,intercept_f64,5079,10572,3,CEACAM7,0.1837633963424392,-0.570311610364989,2.951848335704972,0.40296353281752645,1.4669816186831297,0.19357800653557478,1.3710525444850437,0.6063840902093406,0.6063840902093406
hoptimus1,COAD,0,intercept_f64,5079,10572,3,CHGA,0.13809923268647198,-0.10484768445657155,0.7605376061734126,0.19247669319332855,0.47959680078925393,0.16808951306245967,0.8296771736263828,0.22836048900200923,0.22836048900200923
hoptimus1,COAD,0,intercept_f64,5079,10572,3,CHGB,0.2646831235338808,-0.07377369424893399,0.8332675723047516,0.5082863044707857,0.841791831326223,0.2528968701225453,0.8809187632363267,0.5925152850540681,0.5925152850540681
hoptimus1,COAD,0,intercept_f64,5079,10572,3,CHI3L2,0.39655897205747415,0.06024906908389416,0.6803939743539067,0.8459117476014721,1.097015871870396,0.4221833262971284,0.8508908374123566,0.6997218916655104,0.6997218916655104
hoptimus1,COAD,0,intercept_f64,5079,10572,3,CLCA1,0.0901127845704272,-0.3992231231217387,4.893163828102252,0.5614586538005107,1.7509408530596302,0.26667554986780545,1.8700421330773105,0.5846104865046932,0.5846104865046932
hoptimus1,COAD,0,intercept_f64,5079,10572,3,CLCA4,0.03502472697879504,-0.3307452156967341,1.446418923696693,0.4736587382551635,1.0536494587480774,0.1928451750191954,1.0425564772083313,0.5911883716391728,0.5911883716391728
hoptimus1,COAD,0,intercept_f64,5079,10572,3,COL11A1,0.4325737627797203,0.027356273068028458,1.7355940661678622,0.9416395814246878,1.4512049642716038,0.7372982433383517,1.3358176678373859,2.425279959681279,2.4252799596812786
hoptimus1,COAD,0,intercept_f64,5079,10572,3,CTSE,0.10784722636838898,-0.13353854526353026,0.6396857528526505,0.3173444327042584,0.5885155641058382,0.1726094319973641,0.7512166287026493,0.33121909999453103,0.331219099994531
hoptimus1,COAD,0,intercept_f64,5079,10572,3,CXCL10,0.4877197603327908,-0.4464534966838818,1.9186286140125208,2.4297798352638433,1.5512658336421463,0.9303926085539914,1.1517102201432143,2.660343014294999,2.660343014294999
hoptimus1,COAD,0,intercept_f64,5079,10572,3,CXCL13,0.5178599941394292,-0.7262468950244434,1.881836358377932,2.3342438107302037,1.353419328464327,0.8900343568079782,1.0440936930194216,2.2849121855619177,2.2849121855619177
hoptimus1,COAD,0,intercept_f64,5079,10572,3,DMBT1,0.44147800390517516,-0.1496434484501048,4.2109103309150955,1.1544317176803627,2.26498576149632,0.6755896088381769,1.9138434597715335,1.8700754643660122,1.8700754643660122
hoptimus1,COAD,0,intercept_f64,5079,10572,3,DUOX2,0.29868562402882703,-0.8295243127018133,4.144124412395511,0.17920351620039515,1.5906460842669483,0.15137773002065996,1.505037426618689,0.39397874439905706,0.39397874439905706
hoptimus1,COAD,0,intercept_f64,5079,10572,3,FCRL1,0.5288922187252274,0.22033466772986288,0.5398274695812427,0.9658411374802751,0.8476263882984865,0.6048541297058933,0.8320958925417912,0.5750095118310278,0.5750095118310278
hoptimus1,COAD,0,intercept_f64,5079,10572,3,GATA2,0.23223305901187982,-1.5335537032266062,1.3731185888272754,1.6391379567142528,1.0379128123362589,0.8772982078163543,0.7361883932453372,2.9877887247913253,2.9877887247913253
hoptimus1,COAD,0,intercept_f64,5079,10572,3,GCG,0.22890366179290625,-0.3292235135325059,0.8831947354076997,0.2659664717489549,0.7692695724616843,0.17073114678668636,0.8151344126755746,0.3089514309131482,0.3089514309131482
hoptimus1,COAD,0,intercept_f64,5079,10572,3,GUCA2A,-0.023214448031008646,-0.09605578009967641,0.6095169326663937,0.15614393766381673,0.3719147108988558,0.06730118840412784,0.7457213191879307,0.09571469949676101,0.095714699496761
hoptimus1,COAD,0,intercept_f64,5079,10572,3,GUCA2B,0.3041954139283424,-0.13488119268292675,0.5506989063805188,0.14293900738314771,0.47162139332298975,0.16372412817005363,0.6965974936756711,0.21194252702142574,0.21194252702142574
hoptimus1,COAD,0,intercept_f64,5079,10572,3,HEPACAM2,0.28630429678863245,-0.13890542340243606,2.086197977117763,0.5726048744598472,1.2008433916827652,0.28795853390672305,1.3534241744610502,0.6395180695731473,0.6395180695731473
hoptimus1,COAD,0,intercept_f64,5079,10572,3,IL1B,0.2166938572061859,-0.13153828403857015,1.500258503630358,0.6642408310637534,1.1336809322886334,0.37712391787196037,1.1514588508294121,0.7860379776022384,0.7860379776022383
hoptimus1,COAD,0,intercept_f64,5079,10572,3,INSL5,0.2958439029377308,-0.055748010454906405,0.6128447294837851,0.4556553277907405,0.7438991885382796,0.21632730962801258,0.7618949445889689,0.42144599273510397,0.42144599273510397
hoptimus1,COAD,0,intercept_f64,5079,10572,3,ITLN1,0.48073021942712324,-0.31511995246499014,3.909765615503559,0.5014451565156561,1.6175062194201606,0.2138330410709271,1.724219998814318,0.5624246655732869,0.5624246655732869
hoptimus1,COAD,0,intercept_f64,5079,10572,3,LCN2,0.5637969077201245,-0.9837628493835038,10.451558246625424,0.4571341809142407,2.8482167516587316,0.22619288468482635,2.295332712617936,0.46141612630680007,0.46141612630680007
hoptimus1,COAD,0,intercept_f64,5079,10572,3,MMP1,0.15010417901748477,-0.036347317137470414,1.321369895539537,1.3195781905405732,1.2907421406452917,0.4419637876247476,1.1291705437664403,1.2778203164200355,1.2778203164200352
hoptimus1,COAD,0,intercept_f64,5079,10572,3,MMP3,-0.07786597806778797,-0.34738480018416396,1.3511572575496815,1.2625729206966163,1.2090749771383915,0.5149630966141797,1.0013989398162417,1.1460058592416844,1.1460058592416846
hoptimus1,COAD,0,intercept_f64,5079,10572,3,MS4A1,0.607042882718809,0.016984189584999587,1.3009064753719277,1.9581735775316873,1.3544014897303196,1.0155873543160543,1.1503838768986594,1.3632422351395903,1.3632422351395903
hoptimus1,COAD,0,intercept_f64,5079,10572,3,MS4A12,0.4366646062899548,-0.46888218815542304,2.951493498288347,0.44505150354181217,1.5270356174968565,0.2257972146713338,1.4175142489942045,0.4488056026872957,0.4488056026872957
hoptimus1,COAD,0,intercept_f64,5079,10572,3,NXPE4,0.4147103739821275,-1.1448298636130336,8.039474701884718,0.34414454031878405,2.4856974585147413,0.21165494250902375,1.936053759778202,0.42638958746768707,0.42638958746768707
hoptimus1,COAD,0,intercept_f64,5079,10572,3,OLFM4,0.10011429667524789,-0.8049873852133955,9.814311708548159,0.5442818503704272,2.6377592657242044,0.45442670381971917,2.3318082694999247,0.9867847295792278,0.9867847295792278
hoptimus1,COAD,0,intercept_f64,5079,10572,3,OTOP2,0.2554312293602053,-0.03243744911944724,0.3041853461885046,0.29369809499503974,0.4574880105750921,0.18283906049391388,0.5427967888152835,0.276333267563416,0.276333267563416
hoptimus1,COAD,0,intercept_f64,5079,10572,3,PI3,0.2394998492871384,-0.8119035889111645,5.983885763995564,0.4125872508652795,2.083233706875818,0.15289397454676507,1.8172894459116815,0.3158388021401144,0.3158388021401144
hoptimus1,COAD,0,intercept_f64,5079,10572,3,PRPH,0.21945053818316923,-0.22603684607021113,0.536296965398722,0.5035684838039837,0.7954153426321356,0.33159345148989655,0.6613797728797217,0.45903089697094823,0.4590308969709483
hoptimus1,COAD,0,intercept_f64,5079,10572,3,RETNLB,0.3618525372298911,-0.6307867034725461,2.6394258790069975,0.3650358283461092,1.4647615480910094,0.3072076699091294,1.2722022354847113,0.5650115834373405,0.5650115834373404
hoptimus1,COAD,0,intercept_f64,5079,10572,3,SCG2,0.1409745750653315,-2.734052737175668,1.7933460753395012,1.7115773642499352,0.6284017427554872,0.4841599953137029,0.693013715210607,1.545135284953522,1.545135284953522
hoptimus1,COAD,0,intercept_f64,5079,10572,3,SCGN,0.20028487691559016,-0.4621931310432619,0.8632899940209473,0.23941304792227638,0.7811254618905775,0.20969492875665832,0.7683798792496476,0.3864176615553358,0.38641766155533586
hoptimus1,COAD,0,intercept_f64,5079,10572,3,SLC26A3,0.09118211496786068,-1.2710320922481118,7.66530852921299,0.25109528644288587,2.329092569392692,0.1608108158503019,1.8371862411810984,0.383530465912035,0.383530465912035
hoptimus1,COAD,0,intercept_f64,5079,10572,3,SPIB,0.5661762603036042,0.27478054154925635,0.5414346393432791,1.0717627772218894,1.0691870566777464,0.674050085572417,0.8640488459720238,0.9556654180497441,0.9556654180497441
hoptimus1,COAD,0,intercept_f64,5079,10572,3,TCL1A,0.40846007842800597,0.04662853365202457,0.4598648769546471,0.8824968906782233,0.68643345150179,0.42348211460054,0.694518862926372,0.5452605422779105,0.5452605422779105
hoptimus1,COAD,0,intercept_f64,5079,10572,3,TMIGD1,0.24430320334814054,-0.36239411982492253,1.1721672669961292,0.5488592314263698,1.146542093923405,0.3035475514090453,0.9275629955913377,0.5384154997136701,0.5384154997136701
hoptimus1,COAD,0,intercept_f64,5079,10572,3,TYMS,0.7359949502398035,0.11562764256108637,2.2778759151466823,4.061201898139355,3.01582283957682,1.1134709532633198,1.6048980581512515,4.757530287321827,4.757530287321827
hoptimus1,COAD,0,intercept_f64,5079,10572,3,UGT2B17,0.36592620492901706,-0.709408654463632,3.1080625076007236,0.49883791732451155,1.7033197339222461,0.20612300719182255,1.3484098708534462,0.5210105622699585,0.5210105622699585
hoptimus1,COAD,0,ycentered_f64,5079,10572,3,AQP8,0.12523589627553514,-0.27788046348791107,0.7269644806307843,0.3420198188700008,0.7445557880167072,0.16494695732808337,0.7542433340644153,0.4178403824139449,0.4178403824139449
hoptimus1,COAD,0,ycentered_f64,5079,10572,3,AREG,0.5202230383497678,-0.9500564854134252,6.437463429950667,0.9972087100982505,2.917750132837126,0.3610605420229145,1.816911575417761,1.0040345233029844,1.0040345233029844
hoptimus1,COAD,0,ycentered_f64,5079,10572,3,BANK1,0.5364335349011432,0.18729821327236873,0.7190985905440904,1.4718833168660836,1.2527040095884963,0.7067164339015315,0.9406511948444587,1.1094703321077617,1.1094703321077617
hoptimus1,COAD,0,ycentered_f64,5079,10572,3,CA1,0.05196277140545506,-0.4591410178938853,2.673405139201612,0.31223675705267623,1.2083514029673903,0.2780697916109578,1.3535794623150745,0.5075278135471677,0.5075278135471678
hoptimus1,COAD,0,ycentered_f64,5079,10572,3,CA4,0.038204334477932686,-0.26510585268936926,1.9478929859469183,0.23972144356334937,0.8682999609547766,0.17118722285531082,1.2408495125753307,0.3090023036124223,0.3090023036124223
hoptimus1,COAD,0,ycentered_f64,5079,10572,3,CALB2,0.26358263605581417,-0.09517932002789342,0.5558644156217627,0.5313749856409447,0.819722120842156,0.20846162758732947,0.7124293769272585,0.4614741812777533,0.4614741812777533
hoptimus1,COAD,0,ycentered_f64,5079,10572,3,CCL20,0.5460269881665486,0.027419515892112,2.7215462524420126,1.4246255145977056,2.2058657983623124,0.5296919977985578,1.6728041005320005,1.2315176628217568,1.2315176628217568
hoptimus1,COAD,0,ycentered_f64,5079,10572,3,CCR7,0.560104624836426,0.28489680815699703,0.6216485584921966,1.1717963728723877,1.2463101748260097,0.661872760545583,0.9323696050291775,1.0018474414466427,1.0018474414466427
hoptimus1,COAD,0,ycentered_f64,5079,10572,3,CD177,0.001401759050836003,-0.9668758354587321,2.7885170732879883,0.36372129333257996,1.361795352143949,0.6137383204134371,1.1906885616119307,0.8341132806825647,0.8341132806825647
hoptimus1,COAD,0,ycentered_f64,5079,10572,3,CEACAM6,0.5430849451137767,-0.7094731327478072,10.65876434092918,1.3997711839993863,3.726569711248666,0.43487308336062575,2.497021549707036,1.6401387703984383,1.6401387703984383
hoptimus1,COAD,0,ycentered_f64,5079,10572,3,CEACAM7,0.1837633963424393,-0.570311610364989,2.951848335704972,0.40296353281752656,1.4669816186831297,0.19357800653557483,1.3710525444850437,0.6063840902093406,0.6063840902093406
hoptimus1,COAD,0,ycentered_f64,5079,10572,3,CHGA,0.138099232686472,-0.10484768445657155,0.7605376061734126,0.19247669319332855,0.47959680078925393,0.16808951306245967,0.8296771736263828,0.22836048900200925,0.22836048900200923
hoptimus1,COAD,0,ycentered_f64,5079,10572,3,CHGB,0.26468312353388074,-0.07377369424893421,0.8332675723047517,0.5082863044707858,0.841791831326223,0.25289687012254536,0.8809187632363267,0.5925152850540683,0.5925152850540681
hoptimus1,COAD,0,ycentered_f64,5079,10572,3,CHI3L2,0.39655897205747415,0.06024906908389427,0.6803939743539066,0.8459117476014721,1.097015871870396,0.4221833262971284,0.8508908374123566,0.6997218916655104,0.6997218916655104
hoptimus1,COAD,0,ycentered_f64,5079,10572,3,CLCA1,0.09011278457042728,-0.3992231231217387,4.893163828102252,0.5614586538005107,1.7509408530596302,0.26667554986780545,1.8700421330773105,0.5846104865046932,0.5846104865046932
hoptimus1,COAD,0,ycentered_f64,5079,10572,3,CLCA4,0.035024726978795204,-0.3307452156967341,1.446418923696693,0.4736587382551635,1.0536494587480774,0.19284517501919546,1.0425564772083313,0.5911883716391728,0.5911883716391728
hoptimus1,COAD,0,ycentered_f64,5079,10572,3,COL11A1,0.4325737627797205,0.027356273068028014,1.735594066167863,0.9416395814246868,1.4512049642716038,0.7372982433383518,1.3358176678373859,2.4252799596812786,2.4252799596812786
hoptimus1,COAD,0,ycentered_f64,5079,10572,3,CTSE,0.10784722636838903,-0.13353854526353026,0.6396857528526505,0.31734443270425833,0.5885155641058382,0.1726094319973641,0.7512166287026493,0.331219099994531,0.331219099994531
hoptimus1,COAD,0,ycentered_f64,5079,10572,3,CXCL10,0.4877197603327908,-0.4464534966838827,1.918628614012522,2.4297798352638433,1.5512658336421463,0.9303926085539914,1.1517102201432143,2.660343014294999,2.660343014294999
hoptimus1,COAD,0,ycentered_f64,5079,10572,3,CXCL13,0.5178599941394292,-0.7262468950244438,1.8818363583779323,2.3342438107302037,1.353419328464327,0.8900343568079782,1.0440936930194216,2.2849121855619177,2.2849121855619177
hoptimus1,COAD,0,ycentered_f64,5079,10572,3,DMBT1,0.4414780039051752,-0.1496434484501048,4.2109103309150955,1.154431717680363,2.26498576149632,0.6755896088381769,1.9138434597715335,1.8700754643660122,1.8700754643660122
hoptimus1,COAD,0,ycentered_f64,5079,10572,3,DUOX2,0.29868562402882715,-0.829524312701813,4.14412441239551,0.1792035162003952,1.5906460842669483,0.15137773002065996,1.505037426618689,0.39397874439905706,0.39397874439905706
hoptimus1,COAD,0,ycentered_f64,5079,10572,3,FCRL1,0.5288922187252274,0.220334667729863,0.5398274695812426,0.9658411374802754,0.8476263882984865,0.6048541297058933,0.8320958925417912,0.5750095118310278,0.5750095118310278
hoptimus1,COAD,0,ycentered_f64,5079,10572,3,GATA2,0.23223305901187982,-1.5335537032266089,1.373118588827277,1.6391379567142534,1.0379128123362589,0.8772982078163546,0.7361883932453372,2.9877887247913253,2.9877887247913253
hoptimus1,COAD,0,ycentered_f64,5079,10572,3,GCG,0.2289036617929062,-0.3292235135325061,0.8831947354076998,0.2659664717489549,0.7692695724616843,0.17073114678668636,0.8151344126755746,0.3089514309131482,0.3089514309131482
hoptimus1,COAD,0,ycentered_f64,5079,10572,3,GUCA2A,-0.02321444803100853,-0.09605578009967619,0.6095169326663937,0.15614393766381673,0.3719147108988558,0.06730118840412784,0.7457213191879307,0.09571469949676101,0.095714699496761
hoptimus1,COAD,0,ycentered_f64,5079,10572,3,GUCA2B,0.30419541392834243,-0.1348811926829263,0.5506989063805185,0.1429390073831478,0.47162139332298975,0.16372412817005363,0.6965974936756711,0.2119425270214257,0.21194252702142574
hoptimus1,COAD,0,ycentered_f64,5079,10572,3,HEPACAM2,0.28630429678863256,-0.13890542340243606,2.086197977117763,0.5726048744598474,1.2008433916827652,0.2879585339067231,1.3534241744610502,0.6395180695731473,0.6395180695731473
hoptimus1,COAD,0,ycentered_f64,5079,10572,3,IL1B,0.21669385720618584,-0.13153828403857015,1.500258503630358,0.6642408310637532,1.1336809322886334,0.3771239178719604,1.1514588508294121,0.7860379776022384,0.7860379776022383
hoptimus1,COAD,0,ycentered_f64,5079,10572,3,INSL5,0.2958439029377308,-0.05574801045490618,0.6128447294837849,0.45565532779074047,0.7438991885382796,0.21632730962801258,0.7618949445889689,0.42144599273510397,0.42144599273510397
hoptimus1,COAD,0,ycentered_f64,5079,10572,3,ITLN1,0.48073021942712324,-0.3151199524649906,3.90976561550356,0.5014451565156559,1.6175062194201606,0.21383304107092713,1.724219998814318,0.5624246655732869,0.5624246655732869
hoptimus1,COAD,0,ycentered_f64,5079,10572,3,LCN2,0.5637969077201247,-0.983762849383504,10.451558246625426,0.45713418091424085,2.8482167516587316,0.22619288468482637,2.295332712617936,0.46141612630680007,0.46141612630680007
hoptimus1,COAD,0,ycentered_f64,5079,10572,3,MMP1,0.15010417901748485,-0.03634731713747019,1.3213698955395365,1.3195781905405728,1.2907421406452917,0.44196378762474764,1.1291705437664403,1.277820316420035,1.2778203164200352
hoptimus1,COAD,0,ycentered_f64,5079,10572,3,MMP3,-0.07786597806778808,-0.3473848001841646,1.3511572575496822,1.2625729206966165,1.2090749771383915,0.5149630966141798,1.0013989398162417,1.1460058592416846,1.1460058592416846
hoptimus1,COAD,0,ycentered_f64,5079,10572,3,MS4A1,0.6070428827188089,0.016984189584999365,1.300906475371928,1.9581735775316873,1.3544014897303196,1.0155873543160543,1.1503838768986594,1.3632422351395903,1.3632422351395903
hoptimus1,COAD,0,ycentered_f64,5079,10572,3,MS4A12,0.43666460628995496,-0.4688821881554226,2.951493498288346,0.44505150354181217,1.5270356174968565,0.2257972146713338,1.4175142489942045,0.44880560268729575,0.4488056026872957
hoptimus1,COAD,0,ycentered_f64,5079,10572,3,NXPE4,0.4147103739821275,-1.144829863613034,8.03947470188472,0.34414454031878394,2.4856974585147413,0.21165494250902378,1.936053759778202,0.42638958746768707,0.42638958746768707
hoptimus1,COAD,0,ycentered_f64,5079,10572,3,OLFM4,0.10011429667524813,-0.8049873852133957,9.81431170854816,0.5442818503704273,2.6377592657242044,0.4544267038197193,2.3318082694999247,0.9867847295792278,0.9867847295792278
hoptimus1,COAD,0,ycentered_f64,5079,10572,3,OTOP2,0.2554312293602053,-0.03243744911944679,0.3041853461885045,0.29369809499503985,0.4574880105750921,0.1828390604939139,0.5427967888152835,0.276333267563416,0.276333267563416
hoptimus1,COAD,0,ycentered_f64,5079,10572,3,PI3,0.2394998492871387,-0.8119035889111643,5.983885763995563,0.4125872508652796,2.083233706875818,0.1528939745467651,1.8172894459116815,0.3158388021401144,0.3158388021401144
hoptimus1,COAD,0,ycentered_f64,5079,10572,3,PRPH,0.21945053818316917,-0.22603684607021135,0.5362969653987221,0.5035684838039836,0.7954153426321356,0.33159345148989655,0.6613797728797217,0.4590308969709483,0.4590308969709483
hoptimus1,COAD,0,ycentered_f64,5079,10572,3,RETNLB,0.361852537229891,-0.6307867034725461,2.6394258790069975,0.36503582834610904,1.4647615480910094,0.30720766990912945,1.2722022354847113,0.5650115834373404,0.5650115834373404
hoptimus1,COAD,0,ycentered_f64,5079,10572,3,SCG2,0.1409745750653315,-2.734052737175668,1.7933460753395012,1.7115773642499352,0.6284017427554872,0.484159995313703,0.693013715210607,1.545135284953522,1.545135284953522
hoptimus1,COAD,0,ycentered_f64,5079,10572,3,SCGN,0.20028487691559016,-0.46219313104326165,0.8632899940209471,0.23941304792227647,0.7811254618905775,0.20969492875665832,0.7683798792496476,0.38641766155533586,0.38641766155533586
hoptimus1,COAD,0,ycentered_f64,5079,10572,3,SLC26A3,0.09118211496786086,-1.2710320922481113,7.665308529212988,0.25109528644288587,2.329092569392692,0.16081081585030194,1.8371862411810984,0.383530465912035,0.383530465912035
hoptimus1,COAD,0,ycentered_f64,5079,10572,3,SPIB,0.5661762603036042,0.2747805415492568,0.5414346393432787,1.0717627772218896,1.0691870566777464,0.674050085572417,0.8640488459720238,0.9556654180497441,0.9556654180497441
hoptimus1,COAD,0,ycentered_f64,5079,10572,3,TCL1A,0.408460078428006,0.04662853365202446,0.45986487695464723,0.8824968906782236,0.68643345150179,0.42348211460054014,0.694518862926372,0.5452605422779107,0.5452605422779105
hoptimus1,COAD,0,ycentered_f64,5079,10572,3,TMIGD1,0.24430320334814062,-0.3623941198249223,1.1721672669961292,0.54885923142637,1.146542093923405,0.3035475514090453,0.9275629955913377,0.5384154997136701,0.5384154997136701
hoptimus1,COAD,0,ycentered_f64,5079,10572,3,TYMS,0.7359949502398035,0.11562764256108626,2.2778759151466828,4.061201898139355,3.01582283957682,1.1134709532633202,1.6048980581512515,4.757530287321827,4.757530287321827
hoptimus1,COAD,0,ycentered_f64,5079,10572,3,UGT2B17,0.3659262049290172,-0.709408654463632,3.1080625076007236,0.49883791732451155,1.7033197339222461,0.20612300719182255,1.3484098708534462,0.5210105622699583,0.5210105622699585
hoptimus1,COAD,1,nointercept_f64,10572,5079,1,AQP8,0.31079164615155935,-0.9382877425875356,0.4410416507438929,-0.023248386393759903,0.4178403824139449,0.3505364195560005,0.47701350832780814,-1.0753579050474464e-17,0.7445557880167072
hoptimus1,COAD,1,nointercept_f64,10572,5079,1,AREG,0.2952816562878626,-5.394627667181283,3.4656597003915133,-0.536093879031514,1.0040345233029844,0.991302602965836,0.7361822244709945,2.150715810094893e-17,2.917750132837126
hoptimus1,COAD,1,nointercept_f64,10572,5079,1,BANK1,0.5918746931749939,-1.642997436164455,2.0659812746714836,-0.13493267072852982,1.1094703321077617,0.425331209508767,0.8841273379689213,4.8391105727135085e-17,1.2527040095884963
hoptimus1,COAD,1,nointercept_f64,10572,5079,1,CA1,0.325987480199926,-1.2577926205102918,0.6066268839900436,-0.04990276974862188,0.5075278135471678,0.40512816489014214,0.518344866665027,-6.452147430284678e-17,1.2083514029673903
hoptimus1,COAD,1,nointercept_f64,10572,5079,1,CA4,0.1738635790236236,-2.4607370358159932,0.6267605510837921,-0.32377286756921264,0.3090023036124223,0.29921162438205084,0.4255656111866517,-3.226073715142339e-17,0.8682999609547766
hoptimus1,COAD,1,nointercept_f64,10572,5079,1,CALB2,0.22455259199222638,-0.29691228755297594,0.33340481773851494,0.22003462864094225,0.4614741812777533,0.2899185183217508,0.5070264702650578,6.989826382808401e-17,0.819722120842156
hoptimus1,COAD,1,nointercept_f64,10572,5079,1,CCL20,0.4678412009431962,-6.5885294312410565,5.694409374263412,-1.0137353687799886,1.2315176628217568,0.6642959589089903,0.8662545552493783,1.2904294860569356e-16,2.2058657983623124
hoptimus1,COAD,1,nointercept_f64,10572,5079,1,CCR7,0.55230181686865,-1.437293256697131,1.7808795160049462,-0.12601574787348158,1.0018474414466427,0.44033621340472134,0.8547977608260626,4.301431620189786e-17,1.2463101748260097
hoptimus1,COAD,1,nointercept_f64,10572,5079,1,CD177,0.3751430940042229,-1.6680627556765462,1.8044492585653786,-0.2697624028776977,0.8341132806825647,0.3775957622748382,0.822383364860825,-4.8391105727135085e-17,1.361795352143949
hoptimus1,COAD,1,nointercept_f64,10572,5079,1,CEACAM6,0.6781315836416298,-2.8898769547050445,4.391711475985351,-0.06074515384975087,1.6401387703984383,1.6633547222599705,1.0625490033037759,1.0753579050474464e-16,3.726569711248666
hoptimus1,COAD,1,nointercept_f64,10572,5079,1,CEACAM7,0.33668255693632165,-4.148098507009236,1.553507712331757,-0.48566940771975947,0.6063840902093406,0.4905147060542643,0.5493299560785336,-2.150715810094893e-17,1.4669816186831297
hoptimus1,COAD,1,nointercept_f64,10572,5079,1,CHGA,0.15885326031425476,-0.9909573260008291,0.40583539783312045,-0.1865033818995609,0.22836048900200923,0.25887711536161806,0.45148568659431804,1.1022418526736326e-16,0.47959680078925393
hoptimus1,COAD,1,nointercept_f64,10572,5079,1,CHGB,0.3898512709387025,-0.5417492634970855,0.6126596920326073,0.09655171310839777,0.5925152850540681,0.4180787031011814,0.6303805130089032,1.505501067066425e-16,0.841791831326223
hoptimus1,COAD,1,nointercept_f64,10572,5079,1,CHI3L2,0.35062455554363176,-0.5213448696272758,0.6192454892348322,0.2291495742310973,0.6997218916655104,0.4257099122230821,0.6379954606710062,9.678221145427017e-17,1.097015871870396
hoptimus1,COAD,1,nointercept_f64,10572,5079,1,CLCA1,0.04592958848601165,-12.567133006591686,3.783329876031017,-1.2374887402984753,0.5846104865046932,0.4543850447289771,0.5280719065753393,1.7205726480759143e-16,1.7509408530596302
hoptimus1,COAD,1,nointercept_f64,10572,5079,1,CLCA4,0.24359993467911042,-3.6708541241706563,1.368839637920956,-0.43834628458974384,0.5911883716391728,0.31416011646005787,0.5413499915699573,1.6130368575711695e-17,1.0536494587480774
hoptimus1,COAD,1,nointercept_f64,10572,5079,1,COL11A1,0.703803836955731,-0.3107134535341147,2.688844609444395,1.1500265738950284,2.4252799596812786,0.8428332319641244,1.4322834502574042,1.8281084385806589e-16,1.4512049642716038
hoptimus1,COAD,1,nointercept_f64,10572,5079,1,CTSE,0.21698747436895133,-0.6991666938636858,0.36988224231016925,-0.0465922884602702,0.331219099994531,0.24161599851169552,0.4665667092678477,1.0753579050474464e-17,0.5885155641058382
hoptimus1,COAD,1,nointercept_f64,10572,5079,1,CXCL10,0.44953841368382447,-3.037163900952426,8.85774472657564,0.005237626913435285,2.660343014294999,0.4260937724792339,1.4812330354455694,6.452147430284678e-17,1.5512658336421463
hoptimus1,COAD,1,nointercept_f64,10572,5079,1,CXCL13,0.5280960148542038,-3.2132028576001854,6.728203374916706,-0.07311910273726804,2.2849121855619177,0.5396042365356528,1.2636982096909772,7.527505335332125e-17,1.353419328464327
hoptimus1,COAD,1,nointercept_f64,10572,5079,1,DMBT1,0.4229221143206339,-2.856105084309572,9.131556688060149,-0.8036986667785861,1.8700754643660122,0.8456817939974881,1.5388559904680355,-6.452147430284678e-17,2.26498576149632
hoptimus1,COAD,1,nointercept_f64,10572,5079,1,DUOX2,0.22947384364176096,-4.826643854384025,1.3060866145489904,-0.5497660877337078,0.39397874439905706,0.5592872957248525,0.4734528690782527,8.602863240379572e-17,1.5906460842669483
hoptimus1,COAD,1,nointercept_f64,10572,5079,1,FCRL1,0.4920117380325873,-0.29210829603295596,0.6594848437244317,0.05367366336338536,0.5750095118310278,0.38071515023985497,0.7144189275572598,6.452147430284678e-17,0.8476263882984865
hoptimus1,COAD,1,nointercept_f64,10572,5079,1,GATA2,0.3172728428329373,-3.2856747566939752,12.58048663263053,-0.15143778753556003,2.9877887247913253,0.2507418848122243,1.7133224903996784,0.0,1.0379128123362589
hoptimus1,COAD,1,nointercept_f64,10572,5079,1,GCG,0.2545357523014095,-1.4679824900596374,0.45243527835257114,-0.18927887130666865,0.3089514309131482,0.2899714505422999,0.4281610863286963,1.0753579050474464e-16,0.7692695724616843
hoptimus1,COAD,1,nointercept_f64,10572,5079,1,GUCA2A,0.09154167511483158,-0.9585956687639956,0.12595599883138678,-0.05366354060534043,0.095714699496761,0.22289331473616666,0.25359286674891296,-2.4195552863567543e-17,0.3719147108988558
hoptimus1,COAD,1,nointercept_f64,10572,5079,1,GUCA2B,0.2755728947129245,-1.2956216030529557,0.32927018672812053,-0.21808564626025298,0.21194252702142574,0.21301488181959977,0.3787268131582133,1.0753579050474464e-17,0.47162139332298975
hoptimus1,COAD,1,nointercept_f64,10572,5079,1,HEPACAM2,0.41659356181956086,-3.795310966263523,1.9756566419720762,-0.6379654288886365,0.6395180695731473,0.323942966237692,0.6418703972002506,9.140542192903294e-17,1.2008433916827652
hoptimus1,COAD,1,nointercept_f64,10572,5079,1,IL1B,0.2644975995757151,-1.8464223115914566,1.9823729072022027,-0.345755784692283,0.7860379776022383,0.45245260883946026,0.8345320289189381,4.301431620189786e-17,1.1336809322886334
hoptimus1,COAD,1,nointercept_f64,10572,5079,1,INSL5,0.3211013641626963,-0.9098933058018002,0.4375224839055443,-0.02561057614661098,0.42144599273510397,0.33313224468088437,0.4786252814284606,1.1291258002998187e-16,0.7438991885382796
hoptimus1,COAD,1,nointercept_f64,10572,5079,1,ITLN1,0.27084158344464776,-7.06394599138523,2.2746937869650847,-0.8357706700649273,0.5624246655732869,0.3854130152260364,0.5311138973441591,1.1291258002998187e-16,1.6175062194201606
hoptimus1,COAD,1,nointercept_f64,10572,5079,1,LCN2,0.32036097243387135,-9.544481056589989,2.9244244480230903,-0.9489570430559433,0.46141612630680007,0.997201557483408,0.5266324276592693,1.2904294860569356e-16,2.8482167516587316
hoptimus1,COAD,1,nointercept_f64,10572,5079,1,MMP1,0.24468798048588583,-1.1204827442938536,2.404237651331929,0.17096493632801457,1.2778203164200352,0.5969632010954088,1.064808049855648,1.2904294860569356e-16,1.2907421406452917
hoptimus1,COAD,1,nointercept_f64,10572,5079,1,MMP3,-0.4342419587286561,-1.0564721197096505,2.193927615194699,0.5548183166349172,1.1460058592416846,0.5408004670491439,1.0328796818401385,1.9356442290854034e-16,1.2090749771383915
hoptimus1,COAD,1,nointercept_f64,10572,5079,1,MS4A1,0.5921639938697727,-0.9415331182820017,3.0129348082290677,-0.03973485537365576,1.3632422351395903,0.5455277553964972,1.2457258193491847,8.065184287855848e-17,1.3544014897303196
hoptimus1,COAD,1,nointercept_f64,10572,5079,1,MS4A12,0.3189892624655565,-3.8098337475785655,1.1609853408672488,-0.45704095957763524,0.4488056026872957,0.5083036454760115,0.49130177761137067,-6.452147430284678e-17,1.5270356174968565
hoptimus1,COAD,1,nointercept_f64,10572,5079,1,NXPE4,0.23574155497659133,-8.897456366759673,2.274555219575115,-0.7669590471773697,0.42638958746768707,0.9088970018375969,0.47938721167129844,4.301431620189786e-17,2.4856974585147413
hoptimus1,COAD,1,nointercept_f64,10572,5079,1,OLFM4,0.3077291684533611,-4.679132121570041,5.50388879211588,-1.1074075464744835,0.9867847295792278,0.793739422170584,0.9844503980793197,0.0,2.6377592657242044
hoptimus1,COAD,1,nointercept_f64,10572,5079,1,OTOP2,0.23703188211713644,-0.5097414013884922,0.24761564313234746,-0.004578655158835201,0.276333267563416,0.2139222234293052,0.40498389829566495,3.4949131914042004e-17,0.4574880105750921
hoptimus1,COAD,1,nointercept_f64,10572,5079,1,PI3,0.20443993694435936,-5.976523626153333,1.4263969749573788,-0.5446479207042592,0.3158388021401144,0.7924758668593044,0.45216888071418443,-1.0753579050474464e-17,2.083233706875818
hoptimus1,COAD,1,nointercept_f64,10572,5079,1,PRPH,0.2714353695361898,-0.4349888702582596,0.492960838300792,0.04421747209429815,0.4590308969709483,0.21077904374189588,0.5861137952407094,5.376789525237232e-17,0.7954153426321356
hoptimus1,COAD,1,nointercept_f64,10572,5079,1,RETNLB,0.450424927366114,-3.5944097703256643,1.725507207361217,-0.5905556112394433,0.5650115834373404,0.577368079641847,0.6128349503563776,1.6130368575711695e-16,1.4647615480910094
hoptimus1,COAD,1,nointercept_f64,10572,5079,1,SCG2,0.2083215136114308,-3.0492673381311795,3.342592832099993,-0.05265541822302082,1.545135284953522,0.1902228948647899,0.9085597924263805,8.602863240379572e-17,0.6284017427554872
hoptimus1,COAD,1,nointercept_f64,10572,5079,1,SCGN,0.30959976406217066,-1.00066251433058,0.5030193042469391,-0.11055881236279101,0.38641766155533586,0.324672396309737,0.5014243366036519,1.182893695552191e-16,0.7811254618905775
hoptimus1,COAD,1,nointercept_f64,10572,5079,1,SLC26A3,0.2562788794488431,-9.021743430750195,2.126102600252393,-0.8273707071115819,0.383530465912035,0.7974567987511791,0.4605963258318172,-1.182893695552191e-16,2.329092569392692
hoptimus1,COAD,1,nointercept_f64,10572,5079,1,SPIB,0.5701645362071158,-1.872839478097506,1.9341674685398367,-0.2572433178167504,0.9556654180497441,0.3749443283899341,0.8205241296690208,8.199604025986779e-17,1.0691870566777464
hoptimus1,COAD,1,nointercept_f64,10572,5079,1,TCL1A,0.4353507897759406,-0.4341304114002391,0.5697219720303652,0.04778505718210849,0.5452605422779105,0.29092717231211546,0.6302852760379785,1.0753579050474464e-17,0.68643345150179
hoptimus1,COAD,1,nointercept_f64,10572,5079,1,TMIGD1,0.3620461272319112,-2.3599888932448927,0.9386311145617613,-0.2785295665427121,0.5384154997136701,0.36015673768241013,0.5285408421434373,-4.8391105727135085e-17,1.146542093923405
hoptimus1,COAD,1,nointercept_f64,10572,5079,1,TYMS,0.8455731765220352,-9.270971502410468,26.92864170554631,-0.3337742597329575,4.757530287321827,0.859228486647088,1.6192036041413769,1.505501067066425e-16,3.01582283957682
hoptimus1,COAD,1,nointercept_f64,10572,5079,1,UGT2B17,0.2637135439056099,-6.4265199330066025,1.972664541727726,-0.7712394986522607,0.5210105622699585,0.37171708277233145,0.5153875741455427,6.452147430284678e-17,1.7033197339222461
hoptimus1,COAD,1,intercept_f64,10572,5079,1,AQP8,0.31079164615155946,-0.4879659512269121,0.33857458052319434,0.721307401622949,0.4178403824139449,0.3505364195560001,0.47701350832780814,0.744555788016707,0.7445557880167072
hoptimus1,COAD,1,intercept_f64,10572,5079,1,AREG,0.29528165628786285,-4.51974736298635,2.991505837067184,2.3816562538056196,1.0040345233029844,0.9913026029658353,0.7361822244709945,2.917750132837126,2.917750132837126
hoptimus1,COAD,1,intercept_f64,10572,5079,1,BANK1,0.5918746931749954,0.3379508408433699,0.5175113479166052,1.1177713388599695,1.1094703321077617,0.4253312095087667,0.8841273379689213,1.2527040095884963,1.2527040095884963
hoptimus1,COAD,1,intercept_f64,10572,5079,1,CA1,0.3259874801999253,-1.6782499277632317,0.7195959422785094,1.158448633218771,0.5075278135471678,0.4051281648901412,0.518344866665027,1.2083514029673896,1.2083514029673903
hoptimus1,COAD,1,intercept_f64,10572,5079,1,CA4,0.17386357902362315,-0.5561490025697615,0.2818280604175253,0.5445270933855654,0.3090023036124223,0.29921162438205073,0.4255656111866517,0.8682999609547762,0.8682999609547766
hoptimus1,COAD,1,intercept_f64,10572,5079,1,CALB2,0.2245525919922262,-1.3709831510323265,0.6095224888512228,1.0397567494831,0.4614741812777533,0.2899185183217504,0.5070264702650578,0.8197221208421559,0.819722120842156
hoptimus1,COAD,1,intercept_f64,10572,5079,1,CCL20,0.46784120094319676,0.12739577556843174,0.6547995524888323,1.1921304295823287,1.2315176628217568,0.6642959589089887,0.8662545552493783,2.2058657983623124,2.2058657983623124
hoptimus1,COAD,1,intercept_f64,10572,5079,1,CCR7,0.5523018168686517,0.28445503576323516,0.5228338305570164,1.1202944269525303,1.0018474414466427,0.4403362134047208,0.8547977608260626,1.2463101748260097,1.2463101748260097
hoptimus1,COAD,1,intercept_f64,10572,5079,1,CD177,0.3751430940042223,0.03531509840699576,0.6524302892520655,1.092032949266254,0.8341132806825647,0.37759576227483765,0.822383364860825,1.3617953521439485,1.361795352143949
hoptimus1,COAD,1,intercept_f64,10572,5079,1,CEACAM6,0.6781315836416293,-3.9619634479658226,5.602108259875205,3.665824557398925,1.6401387703984383,1.6633547222599687,1.0625490033037759,3.726569711248666,3.726569711248666
hoptimus1,COAD,1,intercept_f64,10572,5079,1,CEACAM7,0.33668255693632126,-0.6618912852002907,0.5014979657247175,0.9813122109633726,0.6063840902093406,0.49051470605426317,0.5493299560785336,1.466981618683129,1.4669816186831297
hoptimus1,COAD,1,intercept_f64,10572,5079,1,CHGA,0.1588532603142547,-0.16716300170546639,0.23791371866552993,0.2930934188896937,0.22836048900200923,0.25887711536161767,0.45148568659431804,0.47959680078925376,0.47959680078925393
hoptimus1,COAD,1,intercept_f64,10572,5079,1,CHGB,0.3898512709387029,-0.2237090759393634,0.48627701232168224,0.9383435444346221,0.5925152850540681,0.41807870310118067,0.6303805130089032,0.8417918313262229,0.841791831326223
hoptimus1,COAD,1,intercept_f64,10572,5079,1,CHI3L2,0.3506245555436323,-0.9414361968457376,0.7902387101936275,1.3261654461014953,0.6997218916655104,0.4257099122230816,0.6379954606710062,1.097015871870396,1.097015871870396
hoptimus1,COAD,1,intercept_f64,10572,5079,1,CLCA1,0.04592958848601092,-0.679509076720336,0.46834779786813574,0.5134521127611568,0.5846104865046932,0.45438504472897623,0.5280719065753393,1.7509408530596293,1.7509408530596302
hoptimus1,COAD,1,intercept_f64,10572,5079,1,CLCA4,0.24359993467910976,-0.05602863007160197,0.30947955324510157,0.6153031741583358,0.5911883716391728,0.3141601164600575,0.5413499915699573,1.0536494587480771,1.0536494587480774
hoptimus1,COAD,1,intercept_f64,10572,5079,1,COL11A1,0.7038038369557325,0.4669429451269197,1.0935323694565873,2.601231538166635,2.4252799596812786,0.8428332319641262,1.4322834502574042,1.4512049642716038,1.4512049642716038
hoptimus1,COAD,1,intercept_f64,10572,5079,1,CTSE,0.21698747436895155,-0.24738809579622134,0.2715370467008065,0.541923275645569,0.331219099994531,0.2416159985116952,0.4665667092678477,0.5885155641058379,0.5885155641058382
hoptimus1,COAD,1,intercept_f64,10572,5079,1,CXCL10,0.4495384136838268,-0.37946722648099285,3.0266218688726774,1.5565034605555848,2.660343014294999,0.42609377247923325,1.4812330354455694,1.5512658336421463,1.5512658336421463
hoptimus1,COAD,1,intercept_f64,10572,5079,1,CXCL13,0.5280960148542061,-0.36332381068800856,2.177137008162026,1.2803002257270621,2.2849121855619177,0.5396042365356518,1.2636982096909772,1.353419328464327,1.353419328464327
hoptimus1,COAD,1,intercept_f64,10572,5079,1,DMBT1,0.42292211432063276,0.09226100945812254,2.1495965148418126,1.46128709471774,1.8700754643660122,0.8456817939974869,1.5388559904680355,2.264985761496321,2.26498576149632
hoptimus1,COAD,1,intercept_f64,10572,5079,1,DUOX2,0.2294738436417609,-2.72021053407706,0.8339135363844663,1.0408799965332438,0.39397874439905706,0.5592872957248519,0.4734528690782527,1.5906460842669483,1.5906460842669483
hoptimus1,COAD,1,intercept_f64,10572,5079,1,FCRL1,0.49201173803258813,0.031808951495323146,0.49415929321005997,0.9013000516618735,0.5750095118310278,0.3807151502398543,0.7144189275572598,0.8476263882984865,0.8476263882984865
hoptimus1,COAD,1,intercept_f64,10572,5079,1,GATA2,0.31727284283293544,-1.4327460946605437,7.141262802702809,0.8864750248007015,2.9877887247913253,0.25074188481222437,1.7133224903996784,1.0379128123362589,1.0379128123362589
hoptimus1,COAD,1,intercept_f64,10572,5079,1,GCG,0.2545357523014093,-0.5146259465711616,0.2776641303157669,0.5799907011550172,0.3089514309131482,0.28997145054229906,0.4281610863286963,0.7692695724616843,0.7692695724616843
hoptimus1,COAD,1,intercept_f64,10572,5079,1,GUCA2A,0.09154167511483154,-1.3816853995029765,0.15316462105006082,0.3182511702935162,0.095714699496761,0.22289331473616655,0.25359286674891296,0.37191471089885564,0.3719147108988558
hoptimus1,COAD,1,intercept_f64,10572,5079,1,GUCA2B,0.27557289471292434,-0.01841930001875114,0.14607595286554742,0.25353574706273774,0.21194252702142574,0.21301488181959943,0.3787268131582133,0.4716213933229896,0.47162139332298975
hoptimus1,COAD,1,intercept_f64,10572,5079,1,HEPACAM2,0.41659356181956003,0.15153327755858725,0.3495662590970198,0.5628779627941303,0.6395180695731473,0.3239429662376911,0.6418703972002506,1.2008433916827648,1.2008433916827652
hoptimus1,COAD,1,intercept_f64,10572,5079,1,IL1B,0.26449759957571545,-0.0071443548133605095,0.7014193482439961,0.7879251475963529,0.7860379776022383,0.45245260883946037,0.8345320289189381,1.1336809322886334,1.1336809322886334
hoptimus1,COAD,1,intercept_f64,10572,5079,1,INSL5,0.3211013641626962,-0.42210309584063666,0.3257784489698237,0.7182886123916699,0.42144599273510397,0.33313224468088354,0.4786252814284606,0.7438991885382795,0.7438991885382796
hoptimus1,COAD,1,intercept_f64,10572,5079,1,ITLN1,0.270841583444647,-0.3040211381261795,0.36784085410983947,0.7817355493552367,0.5624246655732869,0.3854130152260352,0.5311138973441591,1.6175062194201606,1.6175062194201606
hoptimus1,COAD,1,intercept_f64,10572,5079,1,LCN2,0.32036097243387107,-9.82659401104559,3.0026661383145603,1.899259708602795,0.46141612630680007,0.9972015574834061,0.5266324276592693,2.848216751658732,2.8482167516587316
hoptimus1,COAD,1,intercept_f64,10572,5079,1,MMP1,0.24468798048588802,-0.069770548124239,1.2129231596000523,1.4617070769733083,1.2778203164200352,0.5969632010954091,1.064808049855648,1.2907421406452917,1.2907421406452917
hoptimus1,COAD,1,intercept_f64,10572,5079,1,MMP3,-0.43424195872865595,-1.0867317256396998,2.226209786413347,1.7638932937733114,1.1460058592416846,0.5408004670491438,1.0328796818401385,1.2090749771383915,1.2090749771383915
hoptimus1,COAD,1,intercept_f64,10572,5079,1,MS4A1,0.5921639938697747,0.32534634578482236,1.0469496807154666,1.3146666343566664,1.3632422351395903,0.5455277553964964,1.2457258193491847,1.3544014897303194,1.3544014897303196
hoptimus1,COAD,1,intercept_f64,10572,5079,1,MS4A12,0.3189892624655559,-2.008993710503704,0.7263031888399982,1.0699946579192239,0.4488056026872957,0.5083036454760105,0.49130177761137067,1.5270356174968558,1.5270356174968565
hoptimus1,COAD,1,intercept_f64,10572,5079,1,NXPE4,0.23574155497659158,-9.968263866126447,2.5206397383232653,1.7187384113373778,0.42638958746768707,0.9088970018375944,0.47938721167129844,2.485697458514741,2.4856974585147413
hoptimus1,COAD,1,intercept_f64,10572,5079,1,OLFM4,0.3077291684533607,-0.458725057910113,1.4137125752923096,1.5303517192497278,0.9867847295792278,0.7937394221705818,0.9844503980793197,2.6377592657242057,2.6377592657242044
hoptimus1,COAD,1,intercept_f64,10572,5079,1,OTOP2,0.23703188211713647,-0.21871144147921706,0.19988324960625062,0.45290935541625804,0.276333267563416,0.21392222342930492,0.40498389829566495,0.4574880105750921,0.4574880105750921
hoptimus1,COAD,1,intercept_f64,10572,5079,1,PI3,0.20443993694435902,-9.667636702896361,2.181069761723938,1.5385857861715648,0.3158388021401144,0.7924758668593038,0.45216888071418443,2.0832337068758187,2.083233706875818
hoptimus1,COAD,1,intercept_f64,10572,5079,1,PRPH,0.2714353695361898,-0.35577480832916564,0.46574848064205343,0.8396328147264357,0.4590308969709483,0.21077904374189518,0.5861137952407094,0.7954153426321356,0.7954153426321356
hoptimus1,COAD,1,intercept_f64,10572,5079,1,RETNLB,0.45042492736611417,-0.29343960655863754,0.48577281413128875,0.87420593685157,0.5650115834373404,0.5773680796418457,0.6128349503563776,1.46476154809101,1.4647615480910094
hoptimus1,COAD,1,intercept_f64,10572,5079,1,SCG2,0.2083215136114305,-1.0949881033488236,1.7293726575288122,0.5757463245324675,1.545135284953522,0.19022289486478955,0.9085597924263805,0.628401742755487,0.6284017427554872
hoptimus1,COAD,1,intercept_f64,10572,5079,1,SCGN,0.30959976406217066,-0.3394551344340049,0.336774335984611,0.6705666495277879,0.38641766155533586,0.3246723963097362,0.5014243366036519,0.7811254618905775,0.7811254618905775
hoptimus1,COAD,1,intercept_f64,10572,5079,1,SLC26A3,0.2562788794488427,-8.003922573780336,1.9101729483362546,1.5017218622811155,0.383530465912035,0.7974567987511777,0.4605963258318172,2.3290925693926923,2.329092569392692
hoptimus1,COAD,1,intercept_f64,10572,5079,1,SPIB,0.5701645362071172,0.2815912162926758,0.4836757880674102,0.8119437388609979,0.9556654180497441,0.37494432838993313,0.8205241296690208,1.0691870566777464,1.0691870566777464
hoptimus1,COAD,1,intercept_f64,10572,5079,1,TCL1A,0.43535078977594077,0.09896377424373859,0.3579452268273467,0.7342185086839003,0.5452605422779105,0.290927172312115,0.6302852760379785,0.6864334515017901,0.68643345150179
hoptimus1,COAD,1,intercept_f64,10572,5079,1,TMIGD1,0.3620461272319112,-0.3597948858905251,0.37986607392805455,0.8680125273806956,0.5384154997136701,0.3601567376824094,0.5285408421434373,1.146542093923405,1.146542093923405
hoptimus1,COAD,1,intercept_f64,10572,5079,1,TYMS,0.8455731765220359,-1.02717326168974,5.314884032761196,2.6820485798438707,4.757530287321827,0.8592284866470862,1.6192036041413769,3.015822839576821,3.01582283957682
hoptimus1,COAD,1,intercept_f64,10572,5079,1,UGT2B17,0.2637135439056093,-0.7759388212044169,0.471732597834606,0.9320802352699897,0.5210105622699585,0.37171708277233045,0.5153875741455427,1.7033197339222461,1.7033197339222461
hoptimus1,COAD,1,ycentered_f64,10572,5079,1,AQP8,0.3107916461515594,-0.48796595122691167,0.3385745805231942,0.721307401622949,0.4178403824139449,0.35053641955600007,0.47701350832780814,0.7445557880167072,0.7445557880167072
hoptimus1,COAD,1,ycentered_f64,10572,5079,1,AREG,0.29528165628786285,-4.5197473629863545,2.9915058370671863,2.3816562538056196,1.0040345233029844,0.9913026029658353,0.7361822244709945,2.9177501328371265,2.917750132837126
hoptimus1,COAD,1,ycentered_f64,10572,5079,1,BANK1,0.5918746931749954,0.33795084084337,0.5175113479166051,1.1177713388599697,1.1094703321077617,0.42533120950876663,0.8841273379689213,1.2527040095884963,1.2527040095884963
hoptimus1,COAD,1,ycentered_f64,10572,5079,1,CA1,0.3259874801999253,-1.6782499277632317,0.7195959422785094,1.1584486332187711,0.5075278135471678,0.40512816489014114,0.518344866665027,1.2083514029673903,1.2083514029673903
hoptimus1,COAD,1,ycentered_f64,10572,5079,1,CA4,0.1738635790236232,-0.5561490025697622,0.28182806041752545,0.5445270933855656,0.3090023036124223,0.29921162438205073,0.4255656111866517,0.8682999609547766,0.8682999609547766
hoptimus1,COAD,1,ycentered_f64,10572,5079,1,CALB2,0.22455259199222613,-1.3709831510323278,0.6095224888512232,1.0397567494831002,0.4614741812777533,0.2899185183217504,0.5070264702650578,0.819722120842156,0.819722120842156
hoptimus1,COAD,1,ycentered_f64,10572,5079,1,CCL20,0.4678412009431968,0.12739577556843196,0.654799552488832,1.1921304295823283,1.2315176628217568,0.664295958908989,0.8662545552493783,2.2058657983623124,2.2058657983623124
hoptimus1,COAD,1,ycentered_f64,10572,5079,1,CCR7,0.5523018168686517,0.28445503576323505,0.5228338305570165,1.1202944269525303,1.0018474414466427,0.4403362134047208,0.8547977608260626,1.2463101748260097,1.2463101748260097
hoptimus1,COAD,1,ycentered_f64,10572,5079,1,CD177,0.37514309400422247,0.03531509840699598,0.6524302892520654,1.0920329492662542,0.8341132806825647,0.3775957622748378,0.822383364860825,1.361795352143949,1.361795352143949
hoptimus1,COAD,1,ycentered_f64,10572,5079,1,CEACAM6,0.6781315836416293,-3.9619634479658226,5.602108259875205,3.665824557398924,1.6401387703984383,1.6633547222599685,1.0625490033037759,3.726569711248666,3.726569711248666
hoptimus1,COAD,1,ycentered_f64,10572,5079,1,CEACAM7,0.3366825569363212,-0.6618912852002916,0.5014979657247177,0.9813122109633727,0.6063840902093406,0.49051470605426317,0.5493299560785336,1.4669816186831297,1.4669816186831297
hoptimus1,COAD,1,ycentered_f64,10572,5079,1,CHGA,0.1588532603142547,-0.16716300170546616,0.2379137186655299,0.2930934188896939,0.22836048900200923,0.2588771153616176,0.45148568659431804,0.4795968007892541,0.47959680078925393
hoptimus1,COAD,1,ycentered_f64,10572,5079,1,CHGB,0.38985127093870287,-0.2237090759393634,0.48627701232168224,0.9383435444346224,0.5925152850540681,0.41807870310118067,0.6303805130089032,0.8417918313262233,0.841791831326223
hoptimus1,COAD,1,ycentered_f64,10572,5079,1,CHI3L2,0.35062455554363237,-0.9414361968457385,0.7902387101936279,1.3261654461014958,0.6997218916655104,0.4257099122230816,0.6379954606710062,1.097015871870396,1.097015871870396
hoptimus1,COAD,1,ycentered_f64,10572,5079,1,CLCA1,0.04592958848601103,-0.6795090767203367,0.46834779786813596,0.5134521127611575,0.5846104865046932,0.4543850447289762,0.5280719065753393,1.7509408530596304,1.7509408530596302
hoptimus1,COAD,1,ycentered_f64,10572,5079,1,CLCA4,0.24359993467910976,-0.05602863007160219,0.3094795532451016,0.6153031741583358,0.5911883716391728,0.3141601164600574,0.5413499915699573,1.0536494587480774,1.0536494587480774
hoptimus1,COAD,1,ycentered_f64,10572,5079,1,COL11A1,0.7038038369557323,0.4669429451269197,1.0935323694565873,2.601231538166635,2.4252799596812786,0.8428332319641262,1.4322834502574042,1.451204964271604,1.4512049642716038
hoptimus1,COAD,1,ycentered_f64,10572,5079,1,CTSE,0.21698747436895158,-0.24738809579622112,0.2715370467008064,0.5419232756455691,0.331219099994531,0.24161599851169518,0.4665667092678477,0.5885155641058382,0.5885155641058382
hoptimus1,COAD,1,ycentered_f64,10572,5079,1,CXCL10,0.4495384136838267,-0.37946722648099285,3.0266218688726774,1.5565034605555848,2.660343014294999,0.42609377247923325,1.4812330354455694,1.5512658336421463,1.5512658336421463
hoptimus1,COAD,1,ycentered_f64,10572,5079,1,CXCL13,0.5280960148542061,-0.3633238106880088,2.1771370081620263,1.2803002257270617,2.2849121855619177,0.5396042365356518,1.2636982096909772,1.353419328464327,1.353419328464327
hoptimus1,COAD,1,ycentered_f64,10572,5079,1,DMBT1,0.4229221143206328,0.09226100945812232,2.1495965148418126,1.461287094717739,1.8700754643660122,0.8456817939974869,1.5388559904680355,2.26498576149632,2.26498576149632
hoptimus1,COAD,1,ycentered_f64,10572,5079,1,DUOX2,0.22947384364176082,-2.720210534077059,0.8339135363844659,1.0408799965332434,0.39397874439905706,0.559287295724852,0.4734528690782527,1.5906460842669483,1.5906460842669483
hoptimus1,COAD,1,ycentered_f64,10572,5079,1,FCRL1,0.492011738032588,0.031808951495323035,0.4941592932100601,0.9013000516618735,0.5750095118310278,0.3807151502398543,0.7144189275572598,0.8476263882984866,0.8476263882984865
hoptimus1,COAD,1,ycentered_f64,10572,5079,1,GATA2,0.31727284283293533,-1.4327460946605437,7.141262802702809,0.8864750248007015,2.9877887247913253,0.2507418848122243,1.7133224903996784,1.0379128123362589,1.0379128123362589
hoptimus1,COAD,1,ycentered_f64,10572,5079,1,GCG,0.25453575230140935,-0.5146259465711618,0.277664130315767,0.5799907011550172,0.3089514309131482,0.28997145054229906,0.4281610863286963,0.7692695724616844,0.7692695724616843
hoptimus1,COAD,1,ycentered_f64,10572,5079,1,GUCA2A,0.09154167511483152,-1.3816853995029752,0.15316462105006076,0.3182511702935161,0.095714699496761,0.2228933147361666,0.25359286674891296,0.3719147108988558,0.3719147108988558
hoptimus1,COAD,1,ycentered_f64,10572,5079,1,GUCA2B,0.2755728947129244,-0.01841930001875136,0.14607595286554745,0.25353574706273774,0.21194252702142574,0.2130148818195995,0.3787268131582133,0.47162139332298975,0.47162139332298975
hoptimus1,COAD,1,ycentered_f64,10572,5079,1,HEPACAM2,0.41659356181956003,0.15153327755858725,0.3495662590970198,0.5628779627941307,0.6395180695731473,0.32394296623769103,0.6418703972002506,1.2008433916827654,1.2008433916827652
hoptimus1,COAD,1,ycentered_f64,10572,5079,1,IL1B,0.26449759957571534,-0.0071443548133605095,0.701419348243996,0.7879251475963529,0.7860379776022383,0.4524526088394603,0.8345320289189381,1.1336809322886334,1.1336809322886334
hoptimus1,COAD,1,ycentered_f64,10572,5079,1,INSL5,0.3211013641626962,-0.422103095840638,0.325778448969824,0.7182886123916702,0.42144599273510397,0.33313224468088354,0.4786252814284606,0.7438991885382797,0.7438991885382796
hoptimus1,COAD,1,ycentered_f64,10572,5079,1,ITLN1,0.270841583444647,-0.30402113812617926,0.3678408541098394,0.781735549355237,0.5624246655732869,0.3854130152260351,0.5311138973441591,1.6175062194201606,1.6175062194201606
hoptimus1,COAD,1,ycentered_f64,10572,5079,1,LCN2,0.320360972433871,-9.826594011045588,3.0026661383145594,1.8992597086027942,0.46141612630680007,0.9972015574834066,0.5266324276592693,2.848216751658732,2.8482167516587316
hoptimus1,COAD,1,ycentered_f64,10572,5079,1,MMP1,0.24468798048588805,-0.06977054812423877,1.212923159600052,1.4617070769733085,1.2778203164200352,0.5969632010954091,1.064808049855648,1.2907421406452917,1.2907421406452917
hoptimus1,COAD,1,ycentered_f64,10572,5079,1,MMP3,-0.4342419587286558,-1.0867317256397007,2.2262097864133485,1.7638932937733118,1.1460058592416846,0.5408004670491436,1.0328796818401385,1.2090749771383917,1.2090749771383915
hoptimus1,COAD,1,ycentered_f64,10572,5079,1,MS4A1,0.5921639938697745,0.32534634578482236,1.0469496807154666,1.3146666343566669,1.3632422351395903,0.5455277553964964,1.2457258193491847,1.3544014897303196,1.3544014897303196
hoptimus1,COAD,1,ycentered_f64,10572,5079,1,MS4A12,0.3189892624655561,-2.0089937105037046,0.7263031888399983,1.0699946579192243,0.4488056026872957,0.5083036454760106,0.49130177761137067,1.5270356174968565,1.5270356174968565
hoptimus1,COAD,1,ycentered_f64,10572,5079,1,NXPE4,0.23574155497659158,-9.968263866126447,2.5206397383232653,1.7187384113373778,0.42638958746768707,0.9088970018375946,0.47938721167129844,2.4856974585147413,2.4856974585147413
hoptimus1,COAD,1,ycentered_f64,10572,5079,1,OLFM4,0.30772916845336074,-0.4587250579101123,1.4137125752923088,1.5303517192497265,0.9867847295792278,0.7937394221705822,0.9844503980793197,2.6377592657242044,2.6377592657242044
hoptimus1,COAD,1,ycentered_f64,10572,5079,1,OTOP2,0.23703188211713647,-0.21871144147921728,0.19988324960625062,0.45290935541625804,0.276333267563416,0.21392222342930498,0.40498389829566495,0.45748801057509214,0.4574880105750921
hoptimus1,COAD,1,ycentered_f64,10572,5079,1,PI3,0.20443993694435902,-9.66763670289636,2.1810697617239376,1.5385857861715644,0.3158388021401144,0.7924758668593039,0.45216888071418443,2.083233706875818,2.083233706875818
hoptimus1,COAD,1,ycentered_f64,10572,5079,1,PRPH,0.2714353695361898,-0.35577480832916564,0.46574848064205343,0.8396328147264353,0.4590308969709483,0.21077904374189518,0.5861137952407094,0.7954153426321356,0.7954153426321356
hoptimus1,COAD,1,ycentered_f64,10572,5079,1,RETNLB,0.45042492736611417,-0.293439606558638,0.485772814131289,0.8742059368515697,0.5650115834373404,0.5773680796418459,0.6128349503563776,1.4647615480910097,1.4647615480910094
hoptimus1,COAD,1,ycentered_f64,10572,5079,1,SCG2,0.2083215136114305,-1.0949881033488231,1.7293726575288118,0.5757463245324679,1.545135284953522,0.19022289486478955,0.9085597924263805,0.6284017427554873,0.6284017427554872
hoptimus1,COAD,1,ycentered_f64,10572,5079,1,SCGN,0.3095997640621706,-0.3394551344340062,0.3367743359846114,0.6705666495277882,0.38641766155533586,0.32467239630973627,0.5014243366036519,0.7811254618905776,0.7811254618905775
hoptimus1,COAD,1,ycentered_f64,10572,5079,1,SLC26A3,0.2562788794488426,-8.003922573780335,1.9101729483362544,1.5017218622811148,0.383530465912035,0.7974567987511777,0.4605963258318172,2.329092569392692,2.329092569392692
hoptimus1,COAD,1,ycentered_f64,10572,5079,1,SPIB,0.5701645362071169,0.2815912162926758,0.4836757880674102,0.8119437388609979,0.9556654180497441,0.37494432838993313,0.8205241296690208,1.0691870566777464,1.0691870566777464
hoptimus1,COAD,1,ycentered_f64,10572,5079,1,TCL1A,0.4353507897759409,0.09896377424373859,0.3579452268273467,0.7342185086839003,0.5452605422779105,0.290927172312115,0.6302852760379785,0.68643345150179,0.68643345150179
hoptimus1,COAD,1,ycentered_f64,10572,5079,1,TMIGD1,0.3620461272319113,-0.3597948858905249,0.37986607392805455,0.8680125273806953,0.5384154997136701,0.3601567376824094,0.5285408421434373,1.146542093923405,1.146542093923405
hoptimus1,COAD,1,ycentered_f64,10572,5079,1,TYMS,0.8455731765220359,-1.0271732616897409,5.314884032761198,2.68204857984387,4.757530287321827,0.8592284866470861,1.6192036041413769,3.0158228395768205,3.01582283957682
hoptimus1,COAD,1,ycentered_f64,10572,5079,1,UGT2B17,0.2637135439056094,-0.7759388212044163,0.47173259783460586,0.9320802352699895,0.5210105622699585,0.37171708277233045,0.5153875741455427,1.7033197339222461,1.7033197339222461
hoptimus1,HCC,0,nointercept_f64,1941,2255,1,AC092069.1,0.025558530766081985,-0.9540906967769054,0.4364730476189917,-0.1404461234646315,0.28388497348370945,0.19428336490089695,0.47261375469705097,1.764001961846462e-16,0.30446804828830504
hoptimus1,HCC,0,nointercept_f64,1941,2255,1,ACTA2,0.06675656935491199,-0.3372747569095753,0.6320944485643303,0.5163168189567732,0.8100629328624108,0.32019605404013285,0.6875126044846499,1.642741126596316e-16,0.7374808837432704
hoptimus1,HCC,0,nointercept_f64,1941,2255,1,AEBP1,0.1865522736844209,-1.1046679397534307,1.1758151135131132,0.2813462735929814,1.0473278380814783,0.36273043673417205,0.7474423930660319,1.2629430388317083e-16,0.538101052206119
hoptimus1,HCC,0,nointercept_f64,1941,2255,1,ASPM,-0.018129572493990873,-0.756012674370933,0.45424629248351284,-0.01588718547855489,0.40715048286708655,0.11996863739022094,0.5086064606519586,-3.2031164028340424e-17,0.11717931245295796
hoptimus1,HCC,0,nointercept_f64,1941,2255,1,BEST1,0.10974154611201403,-0.41307584802379727,0.3575817896132357,0.07755786327633149,0.39466573763845236,0.13898929783916844,0.5030428262140588,-1.4093712172469787e-16,0.16245325910007136
hoptimus1,HCC,0,nointercept_f64,1941,2255,1,C11orf96,0.06598437244407922,-0.8630182595635825,0.32125623477073684,-0.10121086848560003,0.25394877478182976,0.18046930762939728,0.4152572530545312,6.92101937040927e-17,0.2365860129557339
hoptimus1,HCC,0,nointercept_f64,1941,2255,1,CAVIN3,0.15263076596883166,-0.6615324848786464,0.42225151814710016,0.048013173204068185,0.4591404268852623,0.1477425068270284,0.5041168240393029,2.0591462589647415e-18,0.08910317104050697
hoptimus1,HCC,0,nointercept_f64,1941,2255,1,CCL21,0.011291111564976362,-0.6826825283010738,0.21088492846897916,0.03653346023910447,0.15772282585600791,0.27024412947087034,0.3540150119904895,-2.413777003564225e-17,0.27817754067446016
hoptimus1,HCC,0,nointercept_f64,1941,2255,1,CCN1,0.04172211074545057,-0.3074897364219715,0.13264468203625276,0.12311574020278923,0.14175807219122571,0.1894249024419508,0.31851198400997444,1.0936354575390517e-16,0.2514282341534056
hoptimus1,HCC,0,nointercept_f64,1941,2255,1,CXCL10,0.1183152667493465,-0.4157586246774132,0.3314611727282064,0.023859209565667765,0.3067808915664774,0.20067493515898432,0.4838622307076208,-6.898139967531885e-17,0.3533930762535146
hoptimus1,HCC,0,nointercept_f64,1941,2255,1,CXCL9,0.05053134148070938,-0.5889697629177859,0.14533046806884248,-0.04186344328342374,0.09354502599678124,0.2044023263910024,0.30242697095270854,-8.465379064632827e-17,0.3089559543753088
hoptimus1,HCC,0,nointercept_f64,1941,2255,1,CYP2E1,0.1679326054766889,-1.7933410166018224,2.147924096113376,0.19116201365423638,1.3522622471109462,0.3764123723402941,0.8768947820288311,-9.151761150954408e-19,1.4171852394823312
hoptimus1,HCC,0,nointercept_f64,1941,2255,1,ELN,0.15220421546264148,-0.12480627197427174,0.16608148113325927,0.15878276580993742,0.19250526607961718,0.20240016195903004,0.38425695770383633,2.47097551075769e-17,0.22902950560045512
hoptimus1,HCC,0,nointercept_f64,1941,2255,1,ETNPPL,0.1759883661390715,-0.7484047651475203,0.3210832112008925,0.14532970520444258,0.295460606255711,0.42267553989212764,0.42853649002801825,-4.0267749064199395e-17,1.6473606315732678
hoptimus1,HCC,0,nointercept_f64,1941,2255,1,FBLN2,0.08160894458678275,-0.3375917287129513,0.3684770867094389,0.10707682583137443,0.3910682989065504,0.16192409314676307,0.5248599759633744,1.699939633789781e-16,0.18943319831663405
hoptimus1,HCC,0,nointercept_f64,1941,2255,1,FBLN5,0.0495050547895987,-0.48956278169274303,0.2019297031673439,0.028718095708229974,0.18797199667953862,0.22154238538812124,0.3681889048844291,9.632228611379514e-17,0.3438187859096458
hoptimus1,HCC,0,nointercept_f64,1941,2255,1,GJA4,0.12090717333747167,-0.41581419630661554,0.2838614746254294,0.037371516124287615,0.30737828415407575,0.16987602195701137,0.4477649509574423,4.2098101294390275e-17,0.151929212685162
hoptimus1,HCC,0,nointercept_f64,1941,2255,1,HAMP,0.040814146557340496,-1.210958220978788,0.3576252213656531,-0.20130396476037354,0.18337776623914087,0.2358763668966858,0.40218308562367255,3.935257294910395e-17,0.6521923436386446
hoptimus1,HCC,0,nointercept_f64,1941,2255,1,HBB,-0.03852722643129967,-0.22043985482848072,0.2852299132435512,0.07206767948230464,0.1542242357841881,0.19378068481468555,0.48343639658443616,-1.8417919316295746e-17,0.16172016594349756
hoptimus1,HCC,0,nointercept_f64,1941,2255,1,IGFBP5,0.004255161778569951,-1.2912318177028639,1.0871100763958697,0.16423294688880682,0.9305594797409295,0.1622953019795305,0.6888144430402175,1.2858224417090943e-16,0.21280978144842716
hoptimus1,HCC,0,nointercept_f64,1941,2255,1,IGHA1,0.01956394137268808,-0.31122082898307424,0.40879390633113927,0.26164779178721004,0.3778058638858161,0.3001548811325576,0.5583599850581772,-4.3928453524581154e-17,0.367292297678716
hoptimus1,HCC,0,nointercept_f64,1941,2255,1,IGHG1,0.09356649496733109,-0.16969203224546847,0.34354761918831694,0.12555770831783664,0.28597305703850384,0.2140425094630483,0.5419481096881852,-5.925765345242979e-17,0.08619924036268718
hoptimus1,HCC,0,nointercept_f64,1941,2255,1,IGHM,-0.026678560151785675,-1.1239036021013442,0.1914953699760089,-0.13102093633232326,0.08162733054742581,0.22900878761085372,0.30026985775710346,-1.6473170071717932e-17,0.2717483835942594
hoptimus1,HCC,0,nointercept_f64,1941,2255,1,IGKC,0.21247691953046158,-0.2232506577963782,0.7291431175030411,0.27815684376450545,0.5663312612774631,0.44142280345733637,0.7720557493090194,8.236585035858966e-18,0.5696265550079818
hoptimus1,HCC,0,nointercept_f64,1941,2255,1,IGLC1,-0.040573015575367,-0.5113395925076698,0.5078915198515642,0.10348783490412071,0.30222222514268826,0.3410281017329941,0.5797015357913963,-4.644518784109362e-17,0.10859691255305122
hoptimus1,HCC,0,nointercept_f64,1941,2255,1,IGLC2,0.1471436350347635,-0.45775270493105014,0.8089166299719642,0.07198336486713745,0.5682388667256764,0.25016246398081093,0.7449205477944408,-4.8046746042510637e-17,0.15440169380596777
hoptimus1,HCC,0,nointercept_f64,1941,2255,1,JAG1,0.09751175759646694,-0.5720568680129934,0.33067921164296205,0.01879435297491025,0.32793019489279873,0.20832638665329342,0.45863724568745906,-2.287940287738602e-18,0.22303104437484622
hoptimus1,HCC,0,nointercept_f64,1941,2255,1,LRRC75A,-0.030022226224401045,-0.7938362818321751,0.7437857126432119,-0.003118460336486495,0.5430991840996922,0.15722289718490182,0.6439208890541123,1.0387248906333253e-16,0.24518119803659083
hoptimus1,HCC,0,nointercept_f64,1941,2255,1,LTBP2,0.07459466270455013,-0.16266593313088684,0.27928367500826673,0.1879315169131235,0.35597638375478946,0.14688415643812489,0.4901119610995726,9.563590402747356e-17,0.12045237306833635
hoptimus1,HCC,0,nointercept_f64,1941,2255,1,MCAM,0.0966959716504075,-0.6298037619267951,0.38702893877741057,0.02638272049021908,0.39742327508270875,0.16590022474297245,0.4873085840124827,-1.1439701438693008e-17,0.2069238308224096
hoptimus1,HCC,0,nointercept_f64,1941,2255,1,MFAP4,0.044461352378607516,-0.2485076790657188,0.0967822376247918,0.13058434718068934,0.09401013348953687,0.1468388922683613,0.2784211484212041,2.802726852479787e-17,0.1288840350633058
hoptimus1,HCC,0,nointercept_f64,1941,2255,1,MGP,-0.002023562615473045,-5.206050250997777,3.21349828623367,0.2569597001370444,1.8762293884336552,0.26995721921984006,0.7195838247184615,6.040162359629909e-17,0.4542206944048497
hoptimus1,HCC,0,nointercept_f64,1941,2255,1,MUSTN1,0.0903382961373518,-0.4910155439781627,0.39062434693662956,0.032304522783119315,0.38125935552389817,0.14114710713309273,0.511845122084038,5.239383258921398e-17,0.20432074680456117
hoptimus1,HCC,0,nointercept_f64,1941,2255,1,MYL9,0.1470576483111257,-0.6392997439296018,0.8037209475989716,0.38945521671778216,0.9182957882891738,0.3136080306465847,0.700202179561393,-1.1348183827183466e-16,0.6306928319454439
hoptimus1,HCC,0,nointercept_f64,1941,2255,1,NDUFA4L2,0.022922482367912174,-0.5589439754248511,0.4175576292518631,0.06078814647176398,0.42899001009448406,0.13135926486547908,0.5175388513217307,5.216503856044012e-17,0.10152781101798716
hoptimus1,HCC,0,nointercept_f64,1941,2255,1,PDE9A,0.006322246447496127,-0.7278087781354021,0.12558947417365568,0.05532553075072664,0.10955060612071645,0.22523277311668316,0.26960552195266363,-7.664599963924316e-17,0.32830738615952837
hoptimus1,HCC,0,nointercept_f64,1941,2255,1,PDZK1IP1,-0.38728509121099797,-4.719685572862546,4.091029112659384,0.052394184866273966,1.856879639572685,0.1487901003777174,0.8457270228631061,-7.081175190550973e-17,0.10410780430085753
hoptimus1,HCC,0,nointercept_f64,1941,2255,1,PHKG1,0.1151441287777499,-0.6035673865478248,0.37951249513910945,-0.06264366677315034,0.29714383116846865,0.18460671206843288,0.48648497549680897,-7.115494294867051e-17,0.25157341853912685
hoptimus1,HCC,0,nointercept_f64,1941,2255,1,PPP1R14A,0.13144432668955158,-0.2532197354986374,0.31052644933914314,0.16319026061218436,0.3905199285621389,0.18930844088530097,0.49777798574521387,1.9619087967358511e-16,0.21040449899106464
hoptimus1,HCC,0,nointercept_f64,1941,2255,1,PRELP,0.1408693669699854,-0.4769307028373839,0.42738898508566125,0.0631452202816678,0.4398652154960548,0.1186391621939479,0.5379372309956337,5.033468633024924e-18,0.0792733838053354
hoptimus1,HCC,0,nointercept_f64,1941,2255,1,PTGDS,-0.11872424457299921,-2.9261853387456114,2.720443699857303,0.11575258008400093,1.490722891073798,0.2842786260321562,0.8324046023948887,8.968725927935319e-17,0.11283101389421624
hoptimus1,HCC,0,nointercept_f64,1941,2255,1,RBP7,0.12000342862628678,-0.5055135600849179,0.3540810955944234,0.004589805796077757,0.34595325083003076,0.13402235252342073,0.48496347885640817,5.582574302082188e-17,0.13740675244240463
hoptimus1,HCC,0,nointercept_f64,1941,2255,1,RND1,0.0437223447210247,-1.000460056711002,0.1433330858692593,0.13029126952712614,0.10629146664739977,0.2786191145814952,0.2676752909568551,5.3995390790631005e-17,0.5395621769456505
hoptimus1,HCC,0,nointercept_f64,1941,2255,1,S100A4,0.04106387179980205,-1.415886370964055,0.9703589377668446,0.10550559024671677,0.845945494243681,0.17137768735129913,0.6337645650337381,4.4157247553355016e-17,0.183914169339038
hoptimus1,HCC,0,nointercept_f64,1941,2255,1,SPARCL1,0.22294048030397298,-0.3126597789094836,0.5191130924815318,0.25755309557912015,0.617195066168673,0.25835030213302046,0.6288613475831181,-2.58537252514462e-17,0.4196416856332393
hoptimus1,HCC,0,nointercept_f64,1941,2255,1,TAGLN,0.15316476542133406,-1.298401635140611,1.280688767641514,0.21341565034913534,1.047927542853514,0.3146867593036758,0.746463951200444,-3.6149456546269907e-17,0.7616286197929638
hoptimus1,HCC,0,nointercept_f64,1941,2255,1,TCEAL9,-0.06207143417752838,-1.1720730398608503,0.616221894428423,-0.04984344451403418,0.5079772867807528,0.11676767357820673,0.5326370222290961,1.8532316330682676e-17,0.0852683301686872
hoptimus1,HCC,0,nointercept_f64,1941,2255,1,TPM2,0.156668790194561,-0.33444645298992537,0.46167307372219535,0.28140316882028005,0.6109862767407741,0.21694601859430393,0.5881887274869642,-9.380555179728267e-18,0.33512360689751824
hoptimus1,HCC,0,nointercept_f64,1941,2255,1,TRBC2,0.020184342292743622,-0.32856458635567676,0.2810221778242711,0.09662152940919247,0.3144172949695799,0.1581125433434608,0.45991646924846413,-4.530121769722432e-17,0.13601579241136003
hoptimus1,HCC,0,nointercept_f64,1941,2255,1,TSPAN13,0.10035972230624177,-0.3717275740018253,0.3355151603380627,0.07226158343789897,0.35943935927160564,0.1541067556377041,0.49456358966241193,2.425216705002918e-17,0.10920214837264425
hoptimus1,HCC,0,intercept_f64,1941,2255,1,AC092069.1,0.025558530766082083,-0.21229745079139462,0.2707833182156872,0.16402192482367156,0.28388497348370945,0.19428336490089698,0.47261375469705097,0.30446804828830504,0.30446804828830504
hoptimus1,HCC,0,intercept_f64,1941,2255,1,ACTA2,0.0667565693549122,-0.5712919960750305,0.7427082150925185,1.2537977027000384,0.8100629328624108,0.32019605404013196,0.6875126044846499,0.7374808837432704,0.7374808837432704
hoptimus1,HCC,0,intercept_f64,1941,2255,1,AEBP1,0.1865522736844219,-0.14739780908333433,0.6410168842549447,0.8194473257990972,1.0473278380814783,0.36273043673417155,0.7474423930660319,0.538101052206119,0.538101052206119
hoptimus1,HCC,0,intercept_f64,1941,2255,1,ASPM,-0.018129572493990703,-0.42583113975744924,0.36883475751357236,0.10129212697440229,0.40715048286708655,0.11996863739022087,0.5086064606519586,0.11717931245295794,0.11717931245295796
hoptimus1,HCC,0,intercept_f64,1941,2255,1,BEST1,0.10974154611201409,-0.11021585001601597,0.28094243565262683,0.24001112237640201,0.39466573763845236,0.13898929783916866,0.5030428262140588,0.16245325910007136,0.16245325910007136
hoptimus1,HCC,0,intercept_f64,1941,2255,1,C11orf96,0.06598437244407925,-0.21305545911932589,0.2091775683701838,0.13537514447013238,0.25394877478182976,0.18046930762939759,0.4152572530545312,0.23658601295573392,0.2365860129557339
hoptimus1,HCC,0,intercept_f64,1941,2255,1,CAVIN3,0.15263076596883157,-0.4044784604059608,0.35692540922823607,0.13711634424457458,0.4591404268852623,0.14774250682702839,0.5041168240393029,0.08910317104050697,0.08910317104050697
hoptimus1,HCC,0,intercept_f64,1941,2255,1,CCL21,0.011291111564976988,-0.7621422957216906,0.22084335323825346,0.314711000913563,0.15772282585600791,0.27024412947087056,0.3540150119904895,0.27817754067446016,0.27817754067446016
hoptimus1,HCC,0,intercept_f64,1941,2255,1,CCN1,0.04172211074545066,-0.8382122725570929,0.1864864217410432,0.3745439743561931,0.14175807219122571,0.18942490244195018,0.31851198400997444,0.2514282341534056,0.2514282341534056
hoptimus1,HCC,0,intercept_f64,1941,2255,1,CXCL10,0.11831526674934655,-0.09507859617574299,0.25638271198995904,0.3772522858191802,0.3067808915664774,0.20067493515898407,0.4838622307076208,0.35339307625351457,0.3533930762535146
hoptimus1,HCC,0,intercept_f64,1941,2255,1,CXCL9,0.050531341480709105,-0.7178021376332997,0.15711374409886902,0.26709251109188326,0.09354502599678124,0.20440232639100261,0.30242697095270854,0.3089559543753088,0.3089559543753088
hoptimus1,HCC,0,intercept_f64,1941,2255,1,CYP2E1,0.16793260547668737,-0.1253737047519472,0.8653498742912887,1.608347253136559,1.3522622471109462,0.3764123723402932,0.8768947820288311,1.4171852394823312,1.4171852394823312
hoptimus1,HCC,0,intercept_f64,1941,2255,1,ELN,0.15220421546264146,-0.375444705730567,0.20308910044009576,0.3878122714103911,0.19250526607961718,0.20240016195903002,0.38425695770383633,0.22902950560045512,0.22902950560045512
hoptimus1,HCC,0,intercept_f64,1941,2255,1,ETNPPL,0.17598836613907032,-12.83245509704065,2.5402407897093715,1.7926903367777005,0.295460606255711,0.4226755398921263,0.42853649002801825,1.6473606315732678,1.6473606315732678
hoptimus1,HCC,0,intercept_f64,1941,2255,1,FBLN2,0.08160894458678336,-0.07728095645493083,0.29676719725534234,0.29651002414800715,0.3910682989065504,0.16192409314676284,0.5248599759633744,0.18943319831663405,0.18943319831663405
hoptimus1,HCC,0,intercept_f64,1941,2255,1,FBLN5,0.04950505478959806,-0.5537571953945275,0.2106320949450655,0.3725368816178735,0.18797199667953862,0.22154238538812104,0.3681889048844291,0.3438187859096458,0.3438187859096458
hoptimus1,HCC,0,intercept_f64,1941,2255,1,GJA4,0.12090717333747178,-0.12173304142757724,0.22490012891970046,0.1893007288094487,0.30737828415407575,0.16987602195701118,0.4477649509574423,0.151929212685162,0.151929212685162
hoptimus1,HCC,0,intercept_f64,1941,2255,1,HAMP,0.0408141465573386,-0.7385160378217863,0.28120711507543206,0.4508883788782669,0.18337776623914087,0.23587636689668579,0.40218308562367255,0.6521923436386446,0.6521923436386446
hoptimus1,HCC,0,intercept_f64,1941,2255,1,HBB,-0.038527226431299806,-0.21864562086619221,0.28481058147937005,0.23378784542580133,0.1542242357841881,0.19378068481468572,0.48343639658443616,0.16172016594349756,0.16172016594349756
hoptimus1,HCC,0,intercept_f64,1941,2255,1,IGFBP5,0.004255161778570103,-0.6992485072261716,0.806234515527216,0.37704272833723257,0.9305594797409295,0.16229530197953,0.6888144430402175,0.21280978144842716,0.21280978144842716
hoptimus1,HCC,0,intercept_f64,1941,2255,1,IGHA1,0.019563941372688663,-0.4702366349167313,0.45836960787519476,0.628940089465924,0.3778058638858161,0.30015488113255795,0.5583599850581772,0.367292297678716,0.367292297678716
hoptimus1,HCC,0,intercept_f64,1941,2255,1,IGHG1,0.09356649496733113,-0.10083088330458545,0.3233225658229471,0.21175694868052322,0.28597305703850384,0.21404250946304829,0.5419481096881852,0.08619924036268718,0.08619924036268718
hoptimus1,HCC,0,intercept_f64,1941,2255,1,IGHM,-0.026678560151785803,-0.6611092163662162,0.14976890836471615,0.14072744726193445,0.08162733054742581,0.22900878761085422,0.30026985775710346,0.2717483835942594,0.2717483835942594
hoptimus1,HCC,0,intercept_f64,1941,2255,1,IGKC,0.21247691953046186,-0.21682659905457413,0.725313928294625,0.8477833987724835,0.5663312612774631,0.4414228034573369,0.7720557493090194,0.5696265550079818,0.5696265550079818
hoptimus1,HCC,0,intercept_f64,1941,2255,1,IGLC1,-0.04057301557536714,-0.41798969915847706,0.4765209268715736,0.21208474745717149,0.30222222514268826,0.341028101732994,0.5797015357913963,0.10859691255305123,0.10859691255305122
hoptimus1,HCC,0,intercept_f64,1941,2255,1,IGLC2,0.14714363503476344,-0.22455041144305854,0.6795111329271403,0.22638505867310418,0.5682388667256764,0.25016246398081093,0.7449205477944408,0.15440169380596777,0.15440169380596777
hoptimus1,HCC,0,intercept_f64,1941,2255,1,JAG1,0.0975117575964669,-0.15298522959800875,0.24252827904460886,0.24182539734975508,0.32793019489279873,0.20832638665329292,0.45863724568745906,0.22303104437484622,0.22303104437484622
hoptimus1,HCC,0,intercept_f64,1941,2255,1,LRRC75A,-0.030022226224401122,-0.292838492839258,0.536054939610697,0.24206273770010278,0.5430991840996922,0.1572228971849018,0.6439208890541123,0.24518119803659083,0.24518119803659083
hoptimus1,HCC,0,intercept_f64,1941,2255,1,LTBP2,0.07459466270455051,-0.05453529524581291,0.2533096431999985,0.30838388998145905,0.35597638375478946,0.14688415643812472,0.4901119610995726,0.12045237306833635,0.12045237306833635
hoptimus1,HCC,0,intercept_f64,1941,2255,1,MCAM,0.09669597165040764,-0.1634839972368778,0.2762921446461322,0.23330655131262745,0.39742327508270875,0.1659002247429722,0.4873085840124827,0.2069238308224096,0.2069238308224096
hoptimus1,HCC,0,intercept_f64,1941,2255,1,MFAP4,0.04446135237860748,-0.584412193467652,0.12282099659855776,0.2594683822439945,0.09401013348953687,0.1468388922683611,0.2784211484212041,0.1288840350633058,0.1288840350633058
hoptimus1,HCC,0,intercept_f64,1941,2255,1,MGP,-0.002023562615472152,-2.763614920793776,1.9488031209656735,0.7111803945418913,1.8762293884336552,0.2699572192198393,0.7195838247184615,0.4542206944048497,0.4542206944048497
hoptimus1,HCC,0,intercept_f64,1941,2255,1,MUSTN1,0.09033829613735124,-0.10606872894723107,0.28977389045809165,0.23662526958767915,0.38125935552389817,0.14114710713309248,0.511845122084038,0.20432074680456117,0.20432074680456117
hoptimus1,HCC,0,intercept_f64,1941,2255,1,MYL9,0.14705764831112625,-0.09002837102968964,0.5344224804023199,1.020148048663222,0.9182957882891738,0.3136080306465849,0.700202179561393,0.6306928319454439,0.6306928319454439
hoptimus1,HCC,0,intercept_f64,1941,2255,1,NDUFA4L2,0.02292248236791247,-0.31829281501630446,0.35310006720925174,0.16231595748975047,0.42899001009448406,0.13135926486547894,0.5175388513217307,0.10152781101798716,0.10152781101798716
hoptimus1,HCC,0,intercept_f64,1941,2255,1,PDE9A,0.006322246447495578,-1.7208421648367942,0.19777022846250727,0.3836329169102531,0.10955060612071645,0.22523277311668322,0.26960552195266363,0.32830738615952837,0.32830738615952837
hoptimus1,HCC,0,intercept_f64,1941,2255,1,PDZK1IP1,-0.3872850912109983,-4.209540223591977,3.726145510411089,0.15650198916713093,1.856879639572685,0.14879010037771745,0.8457270228631061,0.10410780430085753,0.10410780430085753
hoptimus1,HCC,0,intercept_f64,1941,2255,1,PHKG1,0.11514412877775,-0.10609016076249445,0.2617757384449485,0.18892975176597512,0.29714383116846865,0.18460671206843288,0.48648497549680897,0.25157341853912685,0.25157341853912685
hoptimus1,HCC,0,intercept_f64,1941,2255,1,PPP1R14A,0.13144432668955186,-0.04581110562000901,0.25913413275319275,0.37359475960324756,0.3905199285621389,0.1893084408853009,0.49777798574521387,0.21040449899106464,0.21040449899106464
hoptimus1,HCC,0,intercept_f64,1941,2255,1,PRELP,0.1408693669699856,-0.29224578642734333,0.3739455169300614,0.14241860408700274,0.4398652154960548,0.11863916219394789,0.5379372309956337,0.0792733838053354,0.0792733838053354
hoptimus1,HCC,0,intercept_f64,1941,2255,1,PTGDS,-0.11872424457299902,-2.4967599413560153,2.422895949026853,0.22858359397821645,1.490722891073798,0.28427862603215603,0.8324046023948887,0.11283101389421624,0.11283101389421624
hoptimus1,HCC,0,intercept_f64,1941,2255,1,RBP7,0.12000342862628677,-0.18691666271020213,0.2791504264418583,0.1419965582384815,0.34595325083003076,0.1340223525234207,0.48496347885640817,0.13740675244240463,0.13740675244240463
hoptimus1,HCC,0,intercept_f64,1941,2255,1,RND1,0.043722344721024826,-5.425105457165913,0.46035920043568823,0.6698534464727732,0.10629146664739977,0.27861911458149474,0.2676752909568551,0.5395621769456505,0.5395621769456505
hoptimus1,HCC,0,intercept_f64,1941,2255,1,S100A4,0.04106387179980214,-0.8220213394244438,0.7318285796723559,0.2894197595857536,0.845945494243681,0.17137768735129894,0.6337645650337381,0.183914169339038,0.183914169339038
hoptimus1,HCC,0,intercept_f64,1941,2255,1,SPARCL1,0.22294048030397284,0.005299773068005664,0.3933707112773169,0.6771947812123569,0.617195066168673,0.2583503021330204,0.6288613475831181,0.4196416856332393,0.4196416856332393
hoptimus1,HCC,0,intercept_f64,1941,2255,1,TAGLN,0.1531647654213344,-0.05811507532997706,0.5895906403513994,0.9750442701420944,1.047927542853514,0.3146867593036753,0.746463951200444,0.7616286197929638,0.7616286197929638
hoptimus1,HCC,0,intercept_f64,1941,2255,1,TCEAL9,-0.06207143417752793,-0.8623884577808123,0.5283636979762166,0.03542488565465251,0.5079772867807528,0.11676767357820668,0.5326370222290961,0.08526833016868719,0.0852683301686872
hoptimus1,HCC,0,intercept_f64,1941,2255,1,TPM2,0.1566687901945612,-0.020559150640995227,0.35307874582457927,0.6165267757177963,0.6109862767407741,0.2169460185943039,0.5881887274869642,0.33512360689751824,0.33512360689751824
hoptimus1,HCC,0,intercept_f64,1941,2255,1,TRBC2,0.02018434229274398,-0.13592832023280987,0.2402751463364913,0.23263732182055172,0.3144172949695799,0.1581125433434608,0.45991646924846413,0.13601579241136003,0.13601579241136003
hoptimus1,HCC,0,intercept_f64,1941,2255,1,TSPAN13,0.10035972230624178,-0.16405310657278038,0.2847194093754266,0.18146373181054257,0.35943935927160564,0.154106755637704,0.49456358966241193,0.10920214837264425,0.10920214837264425
hoptimus1,HCC,0,ycentered_f64,1941,2255,1,AC092069.1,0.025558530766082152,-0.2122974507913944,0.27078331821568713,0.16402192482367173,0.28388497348370945,0.19428336490089698,0.47261375469705097,0.30446804828830515,0.30446804828830504
hoptimus1,HCC,0,ycentered_f64,1941,2255,1,ACTA2,0.06675656935491214,-0.5712919960750307,0.7427082150925185,1.2537977027000389,0.8100629328624108,0.32019605404013196,0.6875126044846499,0.7374808837432705,0.7374808837432704
hoptimus1,HCC,0,ycentered_f64,1941,2255,1,AEBP1,0.18655227368442187,-0.14739780908333366,0.6410168842549444,0.8194473257990971,1.0473278380814783,0.36273043673417155,0.7474423930660319,0.5381010522061193,0.538101052206119
hoptimus1,HCC,0,ycentered_f64,1941,2255,1,ASPM,-0.018129572493990668,-0.42583113975744924,0.36883475751357236,0.10129212697440229,0.40715048286708655,0.11996863739022087,0.5086064606519586,0.11717931245295791,0.11717931245295796
hoptimus1,HCC,0,ycentered_f64,1941,2255,1,BEST1,0.10974154611201417,-0.11021585001601686,0.280942435652627,0.2400111223764018,0.39466573763845236,0.13898929783916866,0.5030428262140588,0.16245325910007122,0.16245325910007136
hoptimus1,HCC,0,ycentered_f64,1941,2255,1,C11orf96,0.06598437244407925,-0.21305545911932589,0.2091775683701838,0.13537514447013252,0.25394877478182976,0.18046930762939753,0.4152572530545312,0.23658601295573398,0.2365860129557339
hoptimus1,HCC,0,ycentered_f64,1941,2255,1,CAVIN3,0.15263076596883152,-0.4044784604059608,0.35692540922823607,0.1371163442445746,0.4591404268852623,0.14774250682702839,0.5041168240393029,0.08910317104050697,0.08910317104050697
hoptimus1,HCC,0,ycentered_f64,1941,2255,1,CCL21,0.011291111564976957,-0.762142295721691,0.2208433532382535,0.3147110009135629,0.15772282585600791,0.2702441294708705,0.3540150119904895,0.2781775406744601,0.27817754067446016
hoptimus1,HCC,0,ycentered_f64,1941,2255,1,CCN1,0.04172211074545063,-0.8382122725570933,0.18648642174104324,0.3745439743561932,0.14175807219122571,0.18942490244195018,0.31851198400997444,0.2514282341534057,0.2514282341534056
hoptimus1,HCC,0,ycentered_f64,1941,2255,1,CXCL10,0.11831526674934661,-0.09507859617574299,0.25638271198995904,0.3772522858191801,0.3067808915664774,0.20067493515898416,0.4838622307076208,0.3533930762535145,0.3533930762535146
hoptimus1,HCC,0,ycentered_f64,1941,2255,1,CXCL9,0.05053134148070909,-0.7178021376332986,0.15711374409886894,0.2670925110918831,0.09354502599678124,0.2044023263910026,0.30242697095270854,0.30895595437530876,0.3089559543753088
hoptimus1,HCC,0,ycentered_f64,1941,2255,1,CYP2E1,0.1679326054766873,-0.12537370475194698,0.8653498742912886,1.6083472531365586,1.3522622471109462,0.3764123723402932,0.8768947820288311,1.4171852394823312,1.4171852394823312
hoptimus1,HCC,0,ycentered_f64,1941,2255,1,ELN,0.15220421546264154,-0.3754447057305681,0.2030891004400959,0.3878122714103912,0.19250526607961718,0.20240016195903002,0.38425695770383633,0.22902950560045515,0.22902950560045512
hoptimus1,HCC,0,ycentered_f64,1941,2255,1,ETNPPL,0.17598836613907035,-12.83245509704065,2.5402407897093715,1.7926903367777005,0.295460606255711,0.4226755398921263,0.42853649002801825,1.647360631573268,1.6473606315732678
hoptimus1,HCC,0,ycentered_f64,1941,2255,1,FBLN2,0.0816089445867833,-0.07728095645493105,0.2967671972553424,0.29651002414800737,0.3910682989065504,0.16192409314676284,0.5248599759633744,0.18943319831663422,0.18943319831663405
hoptimus1,HCC,0,ycentered_f64,1941,2255,1,FBLN5,0.04950505478959805,-0.5537571953945275,0.2106320949450655,0.3725368816178735,0.18797199667953862,0.22154238538812102,0.3681889048844291,0.34381878590964593,0.3438187859096458
hoptimus1,HCC,0,ycentered_f64,1941,2255,1,GJA4,0.12090717333747177,-0.12173304142757746,0.2249001289197005,0.18930072880944881,0.30737828415407575,0.16987602195701118,0.4477649509574423,0.15192921268516205,0.151929212685162
hoptimus1,HCC,0,ycentered_f64,1941,2255,1,HAMP,0.040814146557338636,-0.7385160378217857,0.28120711507543195,0.45088837887826705,0.18337776623914087,0.23587636689668576,0.40218308562367255,0.6521923436386446,0.6521923436386446
hoptimus1,HCC,0,ycentered_f64,1941,2255,1,HBB,-0.038527226431299834,-0.218645620866192,0.28481058147937,0.23378784542580122,0.1542242357841881,0.19378068481468572,0.48343639658443616,0.16172016594349756,0.16172016594349756
hoptimus1,HCC,0,ycentered_f64,1941,2255,1,IGFBP5,0.0042551617785701245,-0.6992485072261709,0.8062345155272157,0.3770427283372327,0.9305594797409295,0.16229530197953,0.6888144430402175,0.21280978144842727,0.21280978144842716
hoptimus1,HCC,0,ycentered_f64,1941,2255,1,IGHA1,0.019563941372688673,-0.4702366349167313,0.45836960787519476,0.628940089465924,0.3778058638858161,0.30015488113255795,0.5583599850581772,0.3672922976787159,0.367292297678716
hoptimus1,HCC,0,ycentered_f64,1941,2255,1,IGHG1,0.09356649496733112,-0.10083088330458567,0.32332256582294716,0.2117569486805232,0.28597305703850384,0.21404250946304829,0.5419481096881852,0.08619924036268713,0.08619924036268718
hoptimus1,HCC,0,ycentered_f64,1941,2255,1,IGHM,-0.026678560151785803,-0.6611092163662162,0.14976890836471615,0.14072744726193442,0.08162733054742581,0.22900878761085422,0.30026985775710346,0.2717483835942594,0.2717483835942594
hoptimus1,HCC,0,ycentered_f64,1941,2255,1,IGKC,0.2124769195304618,-0.21682659905457435,0.7253139282946253,0.8477833987724837,0.5663312612774631,0.44142280345733687,0.7720557493090194,0.5696265550079818,0.5696265550079818
hoptimus1,HCC,0,ycentered_f64,1941,2255,1,IGLC1,-0.04057301557536715,-0.4179896991584773,0.47652092687157366,0.21208474745717132,0.30222222514268826,0.341028101732994,0.5797015357913963,0.10859691255305118,0.10859691255305122
hoptimus1,HCC,0,ycentered_f64,1941,2255,1,IGLC2,0.14714363503476338,-0.22455041144305854,0.6795111329271403,0.22638505867310413,0.5682388667256764,0.250162463980811,0.7449205477944408,0.15440169380596774,0.15440169380596777
hoptimus1,HCC,0,ycentered_f64,1941,2255,1,JAG1,0.0975117575964669,-0.15298522959800898,0.2425282790446089,0.24182539734975508,0.32793019489279873,0.20832638665329292,0.45863724568745906,0.22303104437484622,0.22303104437484622
hoptimus1,HCC,0,ycentered_f64,1941,2255,1,LRRC75A,-0.0300222262244011,-0.29283849283925756,0.5360549396106967,0.24206273770010295,0.5430991840996922,0.15722289718490182,0.6439208890541123,0.24518119803659097,0.24518119803659083
hoptimus1,HCC,0,ycentered_f64,1941,2255,1,LTBP2,0.07459466270455058,-0.05453529524581291,0.2533096431999985,0.3083838899814592,0.35597638375478946,0.14688415643812477,0.4901119610995726,0.12045237306833645,0.12045237306833635
hoptimus1,HCC,0,ycentered_f64,1941,2255,1,MCAM,0.09669597165040762,-0.16348399723687823,0.2762921446461323,0.23330655131262737,0.39742327508270875,0.1659002247429722,0.4873085840124827,0.2069238308224096,0.2069238308224096
hoptimus1,HCC,0,ycentered_f64,1941,2255,1,MFAP4,0.044461352378607474,-0.5844121934676509,0.12282099659855769,0.25946838224399443,0.09401013348953687,0.1468388922683611,0.2784211484212041,0.12888403506330584,0.1288840350633058
hoptimus1,HCC,0,ycentered_f64,1941,2255,1,MGP,-0.002023562615472098,-2.763614920793776,1.9488031209656735,0.7111803945418913,1.8762293884336552,0.2699572192198393,0.7195838247184615,0.4542206944048498,0.4542206944048497
hoptimus1,HCC,0,ycentered_f64,1941,2255,1,MUSTN1,0.09033829613735134,-0.1060687289472313,0.2897738904580917,0.2366252695876793,0.38125935552389817,0.1411471071330925,0.511845122084038,0.20432074680456122,0.20432074680456117
hoptimus1,HCC,0,ycentered_f64,1941,2255,1,MYL9,0.1470576483111262,-0.09002837102968986,0.53442248040232,1.0201480486632217,0.9182957882891738,0.3136080306465849,0.700202179561393,0.6306928319454438,0.6306928319454439
hoptimus1,HCC,0,ycentered_f64,1941,2255,1,NDUFA4L2,0.022922482367912545,-0.31829281501630446,0.35310006720925174,0.16231595748975053,0.42899001009448406,0.13135926486547894,0.5175388513217307,0.10152781101798722,0.10152781101798716
hoptimus1,HCC,0,ycentered_f64,1941,2255,1,PDE9A,0.0063222464474956275,-1.7208421648367942,0.19777022846250727,0.383632916910253,0.10955060612071645,0.22523277311668322,0.26960552195266363,0.32830738615952837,0.32830738615952837
hoptimus1,HCC,0,ycentered_f64,1941,2255,1,PDZK1IP1,-0.3872850912109982,-4.209540223591977,3.726145510411089,0.1565019891671309,1.856879639572685,0.14879010037771748,0.8457270228631061,0.10410780430085745,0.10410780430085753
hoptimus1,HCC,0,ycentered_f64,1941,2255,1,PHKG1,0.11514412877775,-0.10609016076249445,0.2617757384449485,0.188929751765975,0.29714383116846865,0.1846067120684329,0.48648497549680897,0.2515734185391268,0.25157341853912685
hoptimus1,HCC,0,ycentered_f64,1941,2255,1,PPP1R14A,0.13144432668955192,-0.04581110562000901,0.25913413275319275,0.37359475960324773,0.3905199285621389,0.18930844088530088,0.49777798574521387,0.21040449899106484,0.21040449899106464
hoptimus1,HCC,0,ycentered_f64,1941,2255,1,PRELP,0.14086936696998553,-0.29224578642734333,0.3739455169300614,0.14241860408700274,0.4398652154960548,0.11863916219394789,0.5379372309956337,0.0792733838053354,0.0792733838053354
hoptimus1,HCC,0,ycentered_f64,1941,2255,1,PTGDS,-0.118724244572999,-2.4967599413560153,2.422895949026853,0.22858359397821656,1.490722891073798,0.28427862603215603,0.8324046023948887,0.11283101389421632,0.11283101389421624
hoptimus1,HCC,0,ycentered_f64,1941,2255,1,RBP7,0.12000342862628673,-0.18691666271020257,0.2791504264418584,0.14199655823848156,0.34595325083003076,0.1340223525234207,0.48496347885640817,0.1374067524424047,0.13740675244240463
hoptimus1,HCC,0,ycentered_f64,1941,2255,1,RND1,0.04372234472102484,-5.425105457165916,0.46035920043568845,0.6698534464727733,0.10629146664739977,0.2786191145814948,0.2676752909568551,0.5395621769456505,0.5395621769456505
hoptimus1,HCC,0,ycentered_f64,1941,2255,1,S100A4,0.04106387179980219,-0.8220213394244438,0.7318285796723559,0.2894197595857536,0.845945494243681,0.17137768735129894,0.6337645650337381,0.18391416933903806,0.183914169339038
hoptimus1,HCC,0,ycentered_f64,1941,2255,1,SPARCL1,0.22294048030397284,0.005299773068005886,0.3933707112773168,0.6771947812123569,0.617195066168673,0.25835030213302046,0.6288613475831181,0.4196416856332393,0.4196416856332393
hoptimus1,HCC,0,ycentered_f64,1941,2255,1,TAGLN,0.15316476542133448,-0.058115075329977284,0.5895906403513995,0.9750442701420944,1.047927542853514,0.31468675930367523,0.746463951200444,0.7616286197929638,0.7616286197929638
hoptimus1,HCC,0,ycentered_f64,1941,2255,1,TCEAL9,-0.06207143417752807,-0.8623884577808123,0.5283636979762166,0.0354248856546525,0.5079772867807528,0.1167676735782067,0.5326370222290961,0.0852683301686872,0.0852683301686872
hoptimus1,HCC,0,ycentered_f64,1941,2255,1,TPM2,0.15666879019456126,-0.020559150640994783,0.3530787458245792,0.6165267757177963,0.6109862767407741,0.2169460185943039,0.5881887274869642,0.33512360689751824,0.33512360689751824
hoptimus1,HCC,0,ycentered_f64,1941,2255,1,TRBC2,0.02018434229274395,-0.13592832023280987,0.2402751463364913,0.23263732182055172,0.3144172949695799,0.1581125433434608,0.45991646924846413,0.13601579241135997,0.13601579241136003
hoptimus1,HCC,0,ycentered_f64,1941,2255,1,TSPAN13,0.10035972230624177,-0.16405310657278038,0.2847194093754266,0.18146373181054262,0.35943935927160564,0.154106755637704,0.49456358966241193,0.10920214837264428,0.10920214837264425
hoptimus1,HCC,1,nointercept_f64,2255,1941,1,AC092069.1,0.1075963307209809,-0.4302510133990094,0.33731766371951577,0.06790553785190151,0.30446804828830504,0.2718916022182598,0.4856388363092665,1.0595121725025884e-16,0.28388497348370945
hoptimus1,HCC,1,nointercept_f64,2255,1941,1,ACTA2,0.1952672464127486,-3.4946169889644194,2.0447794998662996,-0.47115213854319504,0.7374808837432704,0.5143190730858846,0.6744921455842382,-6.912430716513169e-17,0.8100629328624108
hoptimus1,HCC,1,nointercept_f64,2255,1941,1,AEBP1,0.29582847595585143,-2.952159962341016,1.4652790840147647,-0.4686809822152416,0.538101052206119,0.5168204978249951,0.6088957154073622,-4.726448353171398e-18,1.0473278380814783
hoptimus1,HCC,1,nointercept_f64,2255,1941,1,ASPM,0.07924068240970544,-2.7625564900739494,0.2937474935876317,-0.2621455323482263,0.11717931245295796,0.29098858823637863,0.27941233219958583,7.089672529757097e-17,0.40715048286708655
hoptimus1,HCC,1,nointercept_f64,2255,1941,1,BEST1,0.055568835413739866,-1.1018365960267404,0.2380591616402655,-0.11096880967594173,0.16245325910007136,0.24317150895756304,0.33654487019545876,-8.310671687659708e-17,0.39466573763845236
hoptimus1,HCC,1,nointercept_f64,2255,1941,1,C11orf96,0.038116935206142157,-0.7137444052646991,0.26274615166958115,-0.03163708115061719,0.2365860129557339,0.2091111511670748,0.39155714832095245,-1.3608232550172652e-16,0.25394877478182976
hoptimus1,HCC,1,nointercept_f64,2255,1941,1,CAVIN3,0.136214611790177,-1.5734370053386537,0.1676227800130762,-0.1474922868561279,0.08910317104050697,0.25320917228200646,0.2552170877661433,-4.6082871443421134e-17,0.4591404268852623
hoptimus1,HCC,1,nointercept_f64,2255,1941,1,CCL21,0.11718107137004652,-0.4238834947517276,0.31944277205211746,-0.001923486697425719,0.27817754067446016,0.19593319895525216,0.47365192319958926,6.085302254708175e-17,0.15772282585600791
hoptimus1,HCC,1,nointercept_f64,2255,1941,1,CCN1,-0.07822020843498179,-0.37315384795271656,0.23198849500586488,0.09472233300749153,0.2514282341534056,0.16664474330277226,0.4110300980197012,-6.134536091720377e-17,0.14175807219122571
hoptimus1,HCC,1,nointercept_f64,2255,1941,1,CXCL10,0.11388105945428813,-0.5473562177535976,0.40407764480933067,0.07009248203640724,0.3533930762535146,0.3152254717291194,0.5110192496126058,-1.9693534804880826e-18,0.3067808915664774
hoptimus1,HCC,1,nointercept_f64,2255,1941,1,CXCL9,0.045112348485877155,-1.0354160955286003,0.4383816065129902,-0.14411104902760782,0.3089559543753088,0.15574450681689606,0.4640871672912579,2.067821154512487e-18,0.09354502599678124
hoptimus1,HCC,1,nointercept_f64,2255,1941,1,CYP2E1,0.11370221682898,-6.311508576978837,4.721504719800342,-0.5567699117263686,1.4171852394823312,0.5244881054497526,0.803594058723288,6.301931137561864e-17,1.3522622471109462
hoptimus1,HCC,1,nointercept_f64,2255,1941,1,ELN,0.25592269358473724,-0.9122491336488916,0.34525134454048856,-0.17772064159093784,0.22902950560045512,0.21402241848206668,0.42490853319362815,-1.0201251028928267e-16,0.19250526607961718
hoptimus1,HCC,1,nointercept_f64,2255,1941,1,ETNPPL,0.16733092192486795,-4.583236058754337,3.763041493944491,-0.11494362738277289,1.6473606315732678,0.18435560917299132,0.8209685276901296,-1.508524766053871e-16,0.295460606255711
hoptimus1,HCC,1,nointercept_f64,2255,1941,1,FBLN2,0.11134697122488095,-1.5098004321018652,0.35570541900591307,-0.18203043883079362,0.18943319831663405,0.3207565659071853,0.37646590142070946,-8.468219966098754e-17,0.3910682989065504
hoptimus1,HCC,1,nointercept_f64,2255,1941,1,FBLN5,0.16492783416773033,-0.8305882091383301,0.4211155601939364,-0.08160977569756683,0.3438187859096458,0.2069310462269047,0.4796288673928506,-7.365382017025429e-17,0.18797199667953862
hoptimus1,HCC,1,nointercept_f64,2255,1941,1,GJA4,0.07461876566325605,-0.6750902648347195,0.19074872731257775,-0.042554468105161725,0.151929212685162,0.22439160218588472,0.33745177523615727,-3.57437656708587e-17,0.30737828415407575
hoptimus1,HCC,1,nointercept_f64,2255,1941,1,HAMP,0.2355158117354789,-1.0549938398938359,0.8729517770935332,-0.03145115381177769,0.6521923436386446,0.21945840440851067,0.6517632434312313,1.7034907606221915e-17,0.18337776623914087
hoptimus1,HCC,1,nointercept_f64,2255,1941,1,HBB,-0.025870532382557803,-0.6885216088095674,0.25942012168251416,0.13007288254924804,0.16172016594349756,0.31371757157590124,0.3919661091395046,5.730818628220321e-17,0.1542242357841881
hoptimus1,HCC,1,nointercept_f64,2255,1941,1,IGFBP5,0.08290549969850958,-1.371519710543331,0.33030454998021946,-0.08511968394832053,0.21280978144842716,0.3522195000907285,0.37320195387654215,9.689219124001366e-17,0.9305594797409295
hoptimus1,HCC,1,nointercept_f64,2255,1941,1,IGHA1,0.0672948854392106,-1.974659426227709,0.913527208840332,-0.36790321961792505,0.367292297678716,0.29671975597166483,0.5541688606260354,-5.120319049269015e-18,0.3778058638858161
hoptimus1,HCC,1,nointercept_f64,2255,1941,1,IGHG1,0.03562093366146931,-0.7768555698768538,0.14630724442632487,-0.014641859094118304,0.08619924036268718,0.24239003649461105,0.28695041118776915,4.490125935512828e-17,0.28597305703850384
hoptimus1,HCC,1,nointercept_f64,2255,1941,1,IGHM,0.011497136928459127,-0.7113822779060028,0.4555200389770875,-0.14468853483696492,0.2717483835942594,0.13228301574265586,0.5159174629812815,-1.142225018683088e-17,0.08162733054742581
hoptimus1,HCC,1,nointercept_f64,2255,1941,1,IGKC,0.13958287522742577,-0.9096273289039849,0.9434355945031516,8.350350140934187e-05,0.5696265550079818,0.46504363119637937,0.7028810231916334,1.5439731287026567e-16,0.5663312612774631
hoptimus1,HCC,1,nointercept_f64,2255,1941,1,IGLC1,0.07645526566842564,-2.1617915194656203,0.3974390619783358,-0.3578132717111753,0.10859691255305122,0.2614883656275599,0.354542791209239,3.150965568780932e-18,0.30222222514268826
hoptimus1,HCC,1,nointercept_f64,2255,1941,1,IGLC2,0.15742856389796528,-1.713698498442362,0.5101177807249084,-0.3165985753778188,0.15440169380596777,0.3922255320838941,0.4335652172135695,8.783316522976848e-17,0.5682388667256764
hoptimus1,HCC,1,nointercept_f64,2255,1941,1,JAG1,0.0858850807038557,-1.3840310744857902,0.38592038864100203,-0.2168781587183895,0.22303104437484622,0.21264787784626954,0.4023397167149854,-9.216574288684227e-17,0.32793019489279873
hoptimus1,HCC,1,nointercept_f64,2255,1941,1,LRRC75A,0.10645607325858056,-1.0086948998492105,0.3675484740818291,-0.013170915221940966,0.24518119803659083,0.39179998345355777,0.42776015020681657,1.693643993219751e-16,0.5430991840996922
hoptimus1,HCC,1,nointercept_f64,2255,1941,1,LTBP2,0.040784997167634465,-1.9297783217355065,0.2559094723583195,-0.23347572378979015,0.12045237306833635,0.22048117560093103,0.2955464860385346,2.0087405500978443e-17,0.35597638375478946
hoptimus1,HCC,1,nointercept_f64,2255,1941,1,MCAM,0.024870777894540612,-2.825690697230872,0.5499999816329795,-0.3589678185322502,0.2069238308224096,0.30284219616492586,0.3791634009341052,4.322730889671341e-17,0.39742327508270875
hoptimus1,HCC,1,nointercept_f64,2255,1941,1,MFAP4,0.1857862015033786,-0.5805385360040813,0.15660590579451544,-0.08161380765894143,0.1288840350633058,0.18744886922402887,0.3147759355322737,3.131272033976051e-17,0.09401013348953687
hoptimus1,HCC,1,nointercept_f64,2255,1941,1,MGP,0.20903653257319935,-2.0171958332795747,0.9335240003532586,-0.2670835219537979,0.4542206944048497,0.4588565675858391,0.5562384347755928,1.04769605161966e-16,1.8762293884336552
hoptimus1,HCC,1,nointercept_f64,2255,1941,1,MUSTN1,0.011217986406003744,-1.977768916569178,0.3926679979348051,-0.227319952737423,0.20432074680456117,0.27702855454031955,0.36313428799144015,4.2538035178542586e-17,0.38125935552389817
hoptimus1,HCC,1,nointercept_f64,2255,1941,1,MYL9,0.2700174582486381,-2.6389081690332623,1.4193328812310615,-0.3432417035467216,0.6306928319454439,0.49905719999190673,0.6245347153628015,4.962770770829968e-17,0.9182957882891738
hoptimus1,HCC,1,nointercept_f64,2255,1941,1,NDUFA4L2,0.10421572817256743,-0.8092577718061946,0.13581029657276997,0.06823936438952873,0.10152781101798716,0.27442546733167295,0.2739782739905935,-6.262544067952103e-17,0.42899001009448406
hoptimus1,HCC,1,nointercept_f64,2255,1941,1,PDE9A,-0.02652075005841938,-0.6579252237833548,0.3696826392191674,-0.03531038187473185,0.32830738615952837,0.10848297234755193,0.4722066061172,4.637827446549434e-17,0.10955060612071645
hoptimus1,HCC,1,nointercept_f64,2255,1941,1,PDZK1IP1,-0.1070708696271634,-4.913097874569242,0.5702408663196595,-0.45689507214194486,0.10410780430085753,0.3669814594223274,0.31054292200827127,-1.8433148577368454e-16,1.856879639572685
hoptimus1,HCC,1,nointercept_f64,2255,1941,1,PHKG1,0.04404982038977299,-0.4174655322363974,0.2586455600771193,0.08280306630658914,0.25157341853912685,0.23800997746982377,0.42716558910047125,9.846767402440414e-18,0.29714383116846865
hoptimus1,HCC,1,nointercept_f64,2255,1941,1,PPP1R14A,0.16492988076888432,-1.4630357793134272,0.35011744638323,-0.18207955968924325,0.21040449899106464,0.3025818764335023,0.3770261868813376,-1.1008685955928382e-16,0.3905199285621389
hoptimus1,HCC,1,nointercept_f64,2255,1941,1,PRELP,0.17976425986686093,-3.2918958075766227,0.2607255403229273,-0.2888778781013136,0.0792733838053354,0.3019983848349859,0.24647178080344795,7.286607877805905e-18,0.4398652154960548
hoptimus1,HCC,1,nointercept_f64,2255,1941,1,PTGDS,0.1338360641828388,-3.8477823951954226,0.4990847828727674,-0.4118604383842644,0.11283101389421624,0.3931948101301111,0.3208600195294598,1.764540718517322e-16,1.490722891073798
hoptimus1,HCC,1,nointercept_f64,2255,1941,1,RBP7,0.007441729073404908,-0.6559251567631776,0.1590042510309955,0.027244402815070907,0.13740675244240463,0.22781081684339474,0.30987319907801764,6.341318207171626e-17,0.34595325083003076
hoptimus1,HCC,1,nointercept_f64,2255,1941,1,RND1,0.037638169926699175,-1.2450115354737568,0.6733888317949455,-0.06078127240304964,0.5395621769456505,0.13659865378876565,0.5476759449183702,-5.750512163025201e-17,0.10629146664739977
hoptimus1,HCC,1,nointercept_f64,2255,1941,1,S100A4,0.11935849872318273,-1.168252956648074,0.27512327791031654,-0.08873826690814572,0.183914169339038,0.3176615267965506,0.3562121223346863,-1.8748245134246546e-16,0.845945494243681
hoptimus1,HCC,1,nointercept_f64,2255,1941,1,SPARCL1,0.18925978121234777,-1.2118272336451956,0.5432608521287459,-0.08879915304444637,0.4196416856332393,0.31272634365790564,0.49559692685464607,-1.1028379490733262e-17,0.617195066168673
hoptimus1,HCC,1,nointercept_f64,2255,1941,1,TAGLN,0.30477493698515795,-2.7267227582068045,1.699591953111392,-0.31267774020605643,0.7616286197929638,0.5688138632855259,0.6753187226580599,2.993417290341886e-17,1.047927542853514
hoptimus1,HCC,1,nointercept_f64,2255,1941,1,TCEAL9,0.019422288968443852,-2.883207934980027,0.21464522482017337,-0.23272514790122625,0.0852683301686872,0.2459601627768858,0.23510685521142263,2.245062967756414e-16,0.5079772867807528
hoptimus1,HCC,1,nointercept_f64,2255,1941,1,TPM2,0.2681993281004072,-1.0464247124585362,0.45101102847057084,-0.11411188999890692,0.33512360689751824,0.3372408729070465,0.4694568658302013,-3.072191429561409e-17,0.6109862767407741
hoptimus1,HCC,1,nointercept_f64,2255,1941,1,TRBC2,0.1492317334866958,-1.543996656646108,0.24568005662631087,-0.21387506801940534,0.13601579241136003,0.21618309447622297,0.3107611240477969,-4.9233837012202066e-17,0.3144172949695799
hoptimus1,HCC,1,nointercept_f64,2255,1941,1,TSPAN13,0.00954024148994828,-1.5056807773103262,0.18429343931942196,-0.0361555232021187,0.10920214837264425,0.3019550517255214,0.27120148727233123,-1.1737346743708971e-16,0.35943935927160564
hoptimus1,HCC,1,intercept_f64,2255,1941,1,AC092069.1,0.10759633072098015,-0.20246417134442485,0.2835952578844058,0.3517905113356106,0.30446804828830504,0.2718916022182592,0.4856388363092665,0.28388497348370945,0.28388497348370945
hoptimus1,HCC,1,intercept_f64,2255,1941,1,ACTA2,0.19526724641274837,-0.6328403695181275,0.7428438334884804,0.3389107943192146,0.7374808837432704,0.5143190730858822,0.6744921455842382,0.8100629328624109,0.8100629328624108
hoptimus1,HCC,1,intercept_f64,2255,1941,1,AEBP1,0.29582847595584966,-0.22267862480730471,0.45331298137559856,0.5786468558662352,0.538101052206119,0.5168204978249942,0.6088957154073622,1.0473278380814783,1.0473278380814783
hoptimus1,HCC,1,intercept_f64,2255,1941,1,ASPM,0.07924068240970618,-0.9294480255569659,0.15063442183796266,0.14500495051885956,0.11717931245295796,0.2909885882363767,0.27941233219958583,0.40715048286708655,0.40715048286708655
hoptimus1,HCC,1,intercept_f64,2255,1941,1,BEST1,0.05556883541373881,-0.5715672910846714,0.17799956118573557,0.28369692796251006,0.16245325910007136,0.243171508957563,0.33654487019545876,0.39466573763845236,0.39466573763845236
hoptimus1,HCC,1,intercept_f64,2255,1941,1,C11orf96,0.038116935206141574,-0.24582583242502198,0.19100627964977535,0.22231169363121223,0.2365860129557339,0.20911115116707477,0.39155714832095245,0.25394877478182976,0.25394877478182976
hoptimus1,HCC,1,intercept_f64,2255,1941,1,CAVIN3,0.13621461179017622,-1.474395445246388,0.16117163253790692,0.3116481400291338,0.08910317104050697,0.2532091722820056,0.2552170877661433,0.4591404268852623,0.4591404268852623
hoptimus1,HCC,1,intercept_f64,2255,1941,1,CCL21,0.11718107137004663,-0.14092716620748846,0.255962610723594,0.155799339158582,0.27817754067446016,0.1959331989552516,0.47365192319958926,0.15772282585600791,0.15772282585600791
hoptimus1,HCC,1,intercept_f64,2255,1941,1,CCN1,-0.07822020843498184,-0.2291235714236748,0.20765519314237152,0.2364804051987171,0.2514282341534056,0.1666447433027728,0.4110300980197012,0.14175807219122571,0.14175807219122571
hoptimus1,HCC,1,intercept_f64,2255,1941,1,CXCL10,0.11388105945428798,-0.24212646836377005,0.32436974248917855,0.3768733736028842,0.3533930762535146,0.3152254717291189,0.5110192496126058,0.3067808915664774,0.3067808915664774
hoptimus1,HCC,1,intercept_f64,2255,1941,1,CXCL9,0.04511234848587714,-0.6824828991536871,0.3623679491785088,-0.050566023030826746,0.3089559543753088,0.15574450681689586,0.4640871672912579,0.09354502599678126,0.09354502599678124
hoptimus1,HCC,1,intercept_f64,2255,1941,1,CYP2E1,0.11370221682898408,-0.8760862365093243,1.21150784782248,0.7954923353845755,1.4171852394823312,0.5244881054497519,0.803594058723288,1.3522622471109462,1.3522622471109462
hoptimus1,HCC,1,intercept_f64,2255,1941,1,ELN,0.25592269358473674,-0.2501243685820602,0.22570653138286792,0.0147846244886792,0.22902950560045512,0.21402241848206666,0.42490853319362815,0.19250526607961718,0.19250526607961718
hoptimus1,HCC,1,intercept_f64,2255,1941,1,ETNPPL,0.16733092192486448,-3.167655772151722,2.8089554942771326,0.1805169788729377,1.6473606315732678,0.184355609172991,0.8209685276901296,0.295460606255711,0.295460606255711
hoptimus1,HCC,1,intercept_f64,2255,1941,1,FBLN2,0.11134697122488037,-0.5389105970399624,0.21810452804580696,0.20903786007575642,0.18943319831663405,0.32075656590718615,0.37646590142070946,0.3910682989065504,0.3910682989065504
hoptimus1,HCC,1,intercept_f64,2255,1941,1,FBLN5,0.16492783416772996,-0.288935647822425,0.29651171939000415,0.10636222098197151,0.3438187859096458,0.20693104622690456,0.4796288673928506,0.18797199667953862,0.18797199667953862
hoptimus1,HCC,1,intercept_f64,2255,1941,1,GJA4,0.07461876566325583,-0.4548575816888867,0.16567001668748388,0.26482381604891375,0.151929212685162,0.22439160218588425,0.33745177523615727,0.30737828415407575,0.30737828415407575
hoptimus1,HCC,1,intercept_f64,2255,1941,1,HAMP,0.23551581173547975,-0.5439179952326814,0.6558491473116446,0.1519266124273628,0.6521923436386446,0.21945840440851128,0.6517632434312313,0.18337776623914087,0.18337776623914087
hoptimus1,HCC,1,intercept_f64,2255,1941,1,HBB,-0.025870532382558063,-0.779798575924948,0.2734436803934844,0.2842971183334359,0.16172016594349756,0.313717571575901,0.3919661091395046,0.1542242357841881,0.1542242357841881
hoptimus1,HCC,1,intercept_f64,2255,1941,1,IGFBP5,0.08290549969850884,-3.607730531835288,0.6417633186777444,0.8454397957926073,0.21280978144842716,0.35221950009072656,0.37320195387654215,0.9305594797409295,0.9305594797409295
hoptimus1,HCC,1,intercept_f64,2255,1941,1,IGHA1,0.06729488543920935,-0.6305341170952825,0.5007421245523672,0.00990264426789053,0.367292297678716,0.29671975597166456,0.5541688606260354,0.3778058638858161,0.3778058638858161
hoptimus1,HCC,1,intercept_f64,2255,1941,1,IGHG1,0.035620933661468894,-1.0696021904735376,0.17041215880469948,0.271331197944385,0.08619924036268718,0.24239003649461072,0.28695041118776915,0.28597305703850384,0.28597305703850384
hoptimus1,HCC,1,intercept_f64,2255,1941,1,IGHM,0.011497136928459276,-0.4809954725072645,0.3941977920835129,-0.06306120428953915,0.2717483835942594,0.13228301574265597,0.5159174629812815,0.08162733054742581,0.08162733054742581
hoptimus1,HCC,1,intercept_f64,2255,1941,1,IGKC,0.13958287522742555,-0.25306544270681086,0.6190666225802085,0.5664147647788713,0.5696265550079818,0.46504363119637715,0.7028810231916334,0.5663312612774632,0.5663312612774631
hoptimus1,HCC,1,intercept_f64,2255,1941,1,IGLC1,0.07645526566842507,-0.6456429249814175,0.20685828791344227,-0.055591046568487186,0.10859691255305122,0.26148836562755956,0.354542791209239,0.30222222514268826,0.30222222514268826
hoptimus1,HCC,1,intercept_f64,2255,1941,1,IGLC2,0.15742856389796503,-0.5838587960057737,0.2977318720056223,0.25164029134785676,0.15440169380596777,0.39222553208389216,0.4335652172135695,0.5682388667256764,0.5682388667256764
hoptimus1,HCC,1,intercept_f64,2255,1941,1,JAG1,0.08588508070385525,-0.2660184363909208,0.20493957995242987,0.11105203617440867,0.22303104437484622,0.21264787784626932,0.4023397167149854,0.32793019489279873,0.32793019489279873
hoptimus1,HCC,1,intercept_f64,2255,1941,1,LRRC75A,0.10645607325857842,-1.0870377688032309,0.3818835540093007,0.5299282688777502,0.24518119803659083,0.39179998345355826,0.42776015020681657,0.5430991840996922,0.5430991840996922
hoptimus1,HCC,1,intercept_f64,2255,1941,1,LTBP2,0.04078499716763417,-0.4957295050223316,0.13064857009191533,0.12250065996499886,0.12045237306833635,0.2204811756009312,0.2955464860385346,0.35597638375478946,0.35597638375478946
hoptimus1,HCC,1,intercept_f64,2255,1941,1,MCAM,0.024870777894540348,-0.7956277477459761,0.2581482159534749,0.03845545655045797,0.2069238308224096,0.30284219616492414,0.3791634009341052,0.39742327508270875,0.39742327508270875
hoptimus1,HCC,1,intercept_f64,2255,1941,1,MFAP4,0.18578620150337855,-0.27029682551444845,0.12586595040607984,0.012396325830595243,0.1288840350633058,0.18744886922402862,0.3147759355322737,0.09401013348953687,0.09401013348953687
hoptimus1,HCC,1,intercept_f64,2255,1941,1,MGP,0.20903653257319807,-4.646702086739758,1.7470963809089775,1.6091458664798552,0.4542206944048497,0.458856567585833,0.5562384347755928,1.8762293884336552,1.8762293884336552
hoptimus1,HCC,1,intercept_f64,2255,1941,1,MUSTN1,0.011217986406003622,-0.5841215672759859,0.20889258425878132,0.15393940278647458,0.20432074680456117,0.27702855454031944,0.36313428799144015,0.38125935552389817,0.38125935552389817
hoptimus1,HCC,1,intercept_f64,2255,1941,1,MYL9,0.27001745824863765,-0.2149412501713015,0.4738800719970405,0.5750540847424508,0.6306928319454439,0.49905719999190373,0.6245347153628015,0.9182957882891738,0.9182957882891738
hoptimus1,HCC,1,intercept_f64,2255,1941,1,NDUFA4L2,0.10421572817256727,-2.8804425032004697,0.2912819032232902,0.49722937448401205,0.10152781101798716,0.27442546733167206,0.2739782739905935,0.42899001009448406,0.42899001009448406
hoptimus1,HCC,1,intercept_f64,2255,1941,1,PDE9A,-0.026520750058419796,-0.3544538900010401,0.30201488075175237,0.07424022424598445,0.32830738615952837,0.10848297234755194,0.4722066061172,0.10955060612071646,0.10955060612071645
hoptimus1,HCC,1,intercept_f64,2255,1941,1,PDZK1IP1,-0.10707086962716553,-19.062995550148166,1.9348132241625375,1.3999845674307385,0.10410780430085753,0.36698145942232985,0.31054292200827127,1.856879639572685,1.856879639572685
hoptimus1,HCC,1,intercept_f64,2255,1941,1,PHKG1,0.04404982038977245,-0.35168127882565714,0.24664187837853785,0.37994689747505733,0.25157341853912685,0.23800997746982377,0.42716558910047125,0.29714383116846865,0.29714383116846865
hoptimus1,HCC,1,intercept_f64,2255,1941,1,PPP1R14A,0.16492988076888412,-0.3793830332617072,0.19607756787218272,0.20844036887289535,0.21040449899106464,0.30258187643350143,0.3770261868813376,0.3905199285621389,0.3905199285621389
hoptimus1,HCC,1,intercept_f64,2255,1941,1,PRELP,0.17976425986686032,-1.1454591605042932,0.13033307981889292,0.15098733739474085,0.0792733838053354,0.30199838483498626,0.24647178080344795,0.4398652154960548,0.4398652154960548
hoptimus1,HCC,1,intercept_f64,2255,1941,1,PTGDS,0.13383606418283664,-10.238343423598781,1.1570004035196153,1.0788624526895316,0.11283101389421624,0.3931948101301099,0.3208600195294598,1.490722891073798,1.490722891073798
hoptimus1,HCC,1,intercept_f64,2255,1941,1,RBP7,0.007441729073404685,-1.108549322186494,0.20246585684556098,0.3731976536451014,0.13740675244240463,0.22781081684339574,0.30987319907801764,0.34595325083003076,0.34595325083003076
hoptimus1,HCC,1,intercept_f64,2255,1941,1,RND1,0.03763816992669832,-0.8571958781964175,0.5570639362301364,0.04551019424435009,0.5395621769456505,0.13659865378876557,0.5476759449183702,0.10629146664739977,0.10629146664739977
hoptimus1,HCC,1,intercept_f64,2255,1941,1,S100A4,0.11935849872318074,-3.1725987669231603,0.5294488572657676,0.7572072273355345,0.183914169339038,0.3176615267965514,0.3562121223346863,0.845945494243681,0.845945494243681
hoptimus1,HCC,1,intercept_f64,2255,1941,1,SPARCL1,0.18925978121234674,-0.207477805411604,0.2965762476906379,0.5283959131242258,0.4196416856332393,0.3127263436579042,0.49559692685464607,0.617195066168673,0.617195066168673
hoptimus1,HCC,1,intercept_f64,2255,1941,1,TAGLN,0.3047749369851571,-0.19755991773877746,0.5461536399710417,0.7352498026474568,0.7616286197929638,0.5688138632855235,0.6753187226580599,1.047927542853514,1.047927542853514
hoptimus1,HCC,1,intercept_f64,2255,1941,1,TCEAL9,0.019422288968443252,-1.706803955090697,0.14961922029744862,0.2752521388795255,0.0852683301686872,0.24596016277688507,0.23510685521142263,0.5079772867807528,0.5079772867807528
hoptimus1,HCC,1,intercept_f64,2255,1941,1,TPM2,0.26819932810040803,-0.24943112365485032,0.27536181157904804,0.49687438674186646,0.33512360689751824,0.33724087290704496,0.4694568658302013,0.610986276740774,0.6109862767407741
hoptimus1,HCC,1,intercept_f64,2255,1941,1,TRBC2,0.14923173348669547,-0.2893406189245453,0.12451481625985872,0.10054222695017416,0.13601579241136003,0.21618309447622291,0.3107611240477969,0.3144172949695799,0.3144172949695799
hoptimus1,HCC,1,intercept_f64,2255,1941,1,TSPAN13,0.009540241489947974,-1.8415343934467434,0.2089955556409136,0.3232838360694868,0.10920214837264425,0.3019550517255207,0.27120148727233123,0.35943935927160564,0.35943935927160564
hoptimus1,HCC,1,ycentered_f64,2255,1941,1,AC092069.1,0.10759633072098018,-0.20246417134442485,0.2835952578844058,0.3517905113356106,0.30446804828830504,0.2718916022182592,0.4856388363092665,0.28388497348370956,0.28388497348370945
hoptimus1,HCC,1,ycentered_f64,2255,1941,1,ACTA2,0.19526724641274837,-0.6328403695181275,0.7428438334884804,0.3389107943192146,0.7374808837432704,0.5143190730858822,0.6744921455842382,0.8100629328624108,0.8100629328624108
hoptimus1,HCC,1,ycentered_f64,2255,1941,1,AEBP1,0.2958284759558497,-0.22267862480730471,0.4533129813755986,0.5786468558662352,0.538101052206119,0.5168204978249942,0.6088957154073622,1.0473278380814783,1.0473278380814783
hoptimus1,HCC,1,ycentered_f64,2255,1941,1,ASPM,0.07924068240970615,-0.9294480255569662,0.1506344218379627,0.14500495051885975,0.11717931245295796,0.29098858823637663,0.27941233219958583,0.40715048286708666,0.40715048286708655
hoptimus1,HCC,1,ycentered_f64,2255,1941,1,BEST1,0.05556883541373878,-0.5715672910846707,0.17799956118573548,0.28369692796251,0.16245325910007136,0.243171508957563,0.33654487019545876,0.39466573763845225,0.39466573763845236
hoptimus1,HCC,1,ycentered_f64,2255,1941,1,C11orf96,0.038116935206141546,-0.24582583242502176,0.19100627964977532,0.22231169363121217,0.2365860129557339,0.20911115116707477,0.39155714832095245,0.2539487747818296,0.25394877478182976
hoptimus1,HCC,1,ycentered_f64,2255,1941,1,CAVIN3,0.13621461179017616,-1.474395445246388,0.16117163253790692,0.3116481400291337,0.08910317104050697,0.2532091722820057,0.2552170877661433,0.4591404268852623,0.4591404268852623
hoptimus1,HCC,1,ycentered_f64,2255,1941,1,CCL21,0.11718107137004666,-0.14092716620748846,0.255962610723594,0.15579933915858205,0.27817754067446016,0.1959331989552516,0.47365192319958926,0.15772282585600797,0.15772282585600791
hoptimus1,HCC,1,ycentered_f64,2255,1941,1,CCN1,-0.07822020843498187,-0.2291235714236748,0.20765519314237152,0.23648040519871705,0.2514282341534056,0.16664474330277276,0.4110300980197012,0.14175807219122566,0.14175807219122571
hoptimus1,HCC,1,ycentered_f64,2255,1941,1,CXCL10,0.11388105945428793,-0.24212646836377005,0.32436974248917855,0.3768733736028843,0.3533930762535146,0.31522547172911897,0.5110192496126058,0.3067808915664774,0.3067808915664774
hoptimus1,HCC,1,ycentered_f64,2255,1941,1,CXCL9,0.04511234848587717,-0.6824828991536873,0.36236794917850884,-0.05056602303082682,0.3089559543753088,0.1557445068168959,0.4640871672912579,0.09354502599678126,0.09354502599678124
hoptimus1,HCC,1,ycentered_f64,2255,1941,1,CYP2E1,0.1137022168289841,-0.8760862365093236,1.2115078478224797,0.7954923353845755,1.4171852394823312,0.5244881054497519,0.803594058723288,1.3522622471109462,1.3522622471109462
hoptimus1,HCC,1,ycentered_f64,2255,1941,1,ELN,0.2559226935847368,-0.2501243685820609,0.22570653138286806,0.014784624488679121,0.22902950560045512,0.21402241848206666,0.42490853319362815,0.19250526607961707,0.19250526607961718
hoptimus1,HCC,1,ycentered_f64,2255,1941,1,ETNPPL,0.1673309219248646,-3.167655772151724,2.8089554942771335,0.18051697887293752,1.6473606315732678,0.18435560917299104,0.8209685276901296,0.29546060625571086,0.295460606255711
hoptimus1,HCC,1,ycentered_f64,2255,1941,1,FBLN2,0.11134697122488033,-0.5389105970399624,0.21810452804580696,0.20903786007575645,0.18943319831663405,0.3207565659071862,0.37646590142070946,0.3910682989065503,0.3910682989065504
hoptimus1,HCC,1,ycentered_f64,2255,1941,1,FBLN5,0.16492783416772996,-0.2889356478224252,0.2965117193900042,0.1063622209819715,0.3438187859096458,0.20693104622690456,0.4796288673928506,0.18797199667953854,0.18797199667953862
hoptimus1,HCC,1,ycentered_f64,2255,1941,1,GJA4,0.07461876566325587,-0.4548575816888867,0.16567001668748388,0.26482381604891364,0.151929212685162,0.22439160218588428,0.33745177523615727,0.30737828415407575,0.30737828415407575
hoptimus1,HCC,1,ycentered_f64,2255,1941,1,HAMP,0.2355158117354797,-0.5439179952326814,0.6558491473116446,0.1519266124273628,0.6521923436386446,0.21945840440851125,0.6517632434312313,0.18337776623914087,0.18337776623914087
hoptimus1,HCC,1,ycentered_f64,2255,1941,1,HBB,-0.02587053238255807,-0.7797985759249484,0.27344368039348443,0.284297118333436,0.16172016594349756,0.3137175715759011,0.3919661091395046,0.15422423578418812,0.1542242357841881
hoptimus1,HCC,1,ycentered_f64,2255,1941,1,IGFBP5,0.08290549969850886,-3.607730531835289,0.6417633186777445,0.8454397957926075,0.21280978144842716,0.3522195000907266,0.37320195387654215,0.9305594797409295,0.9305594797409295
hoptimus1,HCC,1,ycentered_f64,2255,1941,1,IGHA1,0.06729488543920939,-0.6305341170952827,0.5007421245523672,0.009902644267890469,0.367292297678716,0.2967197559716646,0.5541688606260354,0.3778058638858161,0.3778058638858161
hoptimus1,HCC,1,ycentered_f64,2255,1941,1,IGHG1,0.03562093366146889,-1.069602190473537,0.17041215880469945,0.2713311979443851,0.08619924036268718,0.24239003649461072,0.28695041118776915,0.2859730570385039,0.28597305703850384
hoptimus1,HCC,1,ycentered_f64,2255,1941,1,IGHM,0.011497136928459262,-0.4809954725072645,0.3941977920835129,-0.06306120428953915,0.2717483835942594,0.13228301574265597,0.5159174629812815,0.08162733054742581,0.08162733054742581
hoptimus1,HCC,1,ycentered_f64,2255,1941,1,IGKC,0.13958287522742555,-0.25306544270681086,0.6190666225802085,0.5664147647788715,0.5696265550079818,0.46504363119637715,0.7028810231916334,0.5663312612774634,0.5663312612774631
hoptimus1,HCC,1,ycentered_f64,2255,1941,1,IGLC1,0.07645526566842505,-0.6456429249814184,0.20685828791344238,-0.05559104656848733,0.10859691255305122,0.2614883656275595,0.354542791209239,0.30222222514268826,0.30222222514268826
hoptimus1,HCC,1,ycentered_f64,2255,1941,1,IGLC2,0.15742856389796503,-0.5838587960057742,0.29773187200562234,0.25164029134785687,0.15440169380596777,0.39222553208389216,0.4335652172135695,0.5682388667256765,0.5682388667256764
hoptimus1,HCC,1,ycentered_f64,2255,1941,1,JAG1,0.08588508070385531,-0.2660184363909208,0.2049395799524299,0.11105203617440867,0.22303104437484622,0.21264787784626932,0.4023397167149854,0.3279301948927986,0.32793019489279873
hoptimus1,HCC,1,ycentered_f64,2255,1941,1,LRRC75A,0.10645607325857842,-1.0870377688032309,0.38188355400930074,0.5299282688777504,0.24518119803659083,0.39179998345355826,0.42776015020681657,0.5430991840996924,0.5430991840996922
hoptimus1,HCC,1,ycentered_f64,2255,1941,1,LTBP2,0.04078499716763422,-0.49572950502233226,0.13064857009191536,0.12250065996499879,0.12045237306833635,0.2204811756009312,0.2955464860385346,0.35597638375478946,0.35597638375478946
hoptimus1,HCC,1,ycentered_f64,2255,1941,1,MCAM,0.02487077789454035,-0.7956277477459763,0.258148215953475,0.0384554565504579,0.2069238308224096,0.3028421961649242,0.3791634009341052,0.3974232750827088,0.39742327508270875
hoptimus1,HCC,1,ycentered_f64,2255,1941,1,MFAP4,0.18578620150337857,-0.27029682551444845,0.12586595040607984,0.01239632583059532,0.1288840350633058,0.18744886922402862,0.3147759355322737,0.09401013348953689,0.09401013348953687
hoptimus1,HCC,1,ycentered_f64,2255,1941,1,MGP,0.209036532573198,-4.646702086739757,1.7470963809089772,1.6091458664798552,0.4542206944048497,0.45885656758583293,0.5562384347755928,1.8762293884336552,1.8762293884336552
hoptimus1,HCC,1,ycentered_f64,2255,1941,1,MUSTN1,0.011217986406003667,-0.5841215672759852,0.20889258425878124,0.1539394027864747,0.20432074680456117,0.27702855454031944,0.36313428799144015,0.38125935552389817,0.38125935552389817
hoptimus1,HCC,1,ycentered_f64,2255,1941,1,MYL9,0.27001745824863765,-0.2149412501713015,0.47388007199704046,0.575054084742451,0.6306928319454439,0.4990571999919037,0.6245347153628015,0.9182957882891738,0.9182957882891738
hoptimus1,HCC,1,ycentered_f64,2255,1941,1,NDUFA4L2,0.10421572817256725,-2.880442503200471,0.2912819032232903,0.49722937448401217,0.10152781101798716,0.27442546733167206,0.2739782739905935,0.428990010094484,0.42899001009448406
hoptimus1,HCC,1,ycentered_f64,2255,1941,1,PDE9A,-0.026520750058419737,-0.35445389000103966,0.3020148807517523,0.0742402242459845,0.32830738615952837,0.10848297234755193,0.4722066061172,0.10955060612071649,0.10955060612071645
hoptimus1,HCC,1,ycentered_f64,2255,1941,1,PDZK1IP1,-0.10707086962716562,-19.06299555014817,1.9348132241625378,1.3999845674307385,0.10410780430085753,0.36698145942232985,0.31054292200827127,1.856879639572685,1.856879639572685
hoptimus1,HCC,1,ycentered_f64,2255,1941,1,PHKG1,0.04404982038977244,-0.35168127882565714,0.24664187837853785,0.37994689747505733,0.25157341853912685,0.23800997746982377,0.42716558910047125,0.29714383116846865,0.29714383116846865
hoptimus1,HCC,1,ycentered_f64,2255,1941,1,PPP1R14A,0.16492988076888415,-0.37938303326170675,0.19607756787218267,0.20844036887289533,0.21040449899106464,0.3025818764335015,0.3770261868813376,0.3905199285621388,0.3905199285621389
hoptimus1,HCC,1,ycentered_f64,2255,1941,1,PRELP,0.17976425986686032,-1.1454591605042936,0.13033307981889294,0.15098733739474063,0.0792733838053354,0.30199838483498626,0.24647178080344795,0.4398652154960548,0.4398652154960548
hoptimus1,HCC,1,ycentered_f64,2255,1941,1,PTGDS,0.1338360641828367,-10.238343423598788,1.157000403519616,1.0788624526895318,0.11283101389421624,0.3931948101301099,0.3208600195294598,1.4907228910737982,1.490722891073798
hoptimus1,HCC,1,ycentered_f64,2255,1941,1,RBP7,0.007441729073404686,-1.108549322186494,0.20246585684556098,0.3731976536451014,0.13740675244240463,0.2278108168433957,0.30987319907801764,0.34595325083003076,0.34595325083003076
hoptimus1,HCC,1,ycentered_f64,2255,1941,1,RND1,0.03763816992669833,-0.8571958781964177,0.5570639362301365,0.045510194244350016,0.5395621769456505,0.13659865378876557,0.5476759449183702,0.10629146664739972,0.10629146664739977
hoptimus1,HCC,1,ycentered_f64,2255,1941,1,S100A4,0.11935849872318072,-3.1725987669231603,0.5294488572657676,0.7572072273355342,0.183914169339038,0.31766152679655146,0.3562121223346863,0.8459454942436808,0.845945494243681
hoptimus1,HCC,1,ycentered_f64,2255,1941,1,SPARCL1,0.18925978121234674,-0.2074778054116042,0.29657624769063795,0.5283959131242258,0.4196416856332393,0.3127263436579042,0.49559692685464607,0.617195066168673,0.617195066168673
hoptimus1,HCC,1,ycentered_f64,2255,1941,1,TAGLN,0.3047749369851571,-0.1975599177387768,0.5461536399710415,0.7352498026474565,0.7616286197929638,0.5688138632855234,0.6753187226580599,1.047927542853514,1.047927542853514
hoptimus1,HCC,1,ycentered_f64,2255,1941,1,TCEAL9,0.01942228896844328,-1.7068039550906993,0.14961922029744873,0.27525213887952565,0.0852683301686872,0.24596016277688515,0.23510685521142263,0.5079772867807529,0.5079772867807528
hoptimus1,HCC,1,ycentered_f64,2255,1941,1,TPM2,0.2681993281004081,-0.24943112365485032,0.27536181157904804,0.4968743867418664,0.33512360689751824,0.33724087290704496,0.4694568658302013,0.6109862767407741,0.6109862767407741
hoptimus1,HCC,1,ycentered_f64,2255,1941,1,TRBC2,0.14923173348669547,-0.2893406189245451,0.12451481625985869,0.10054222695017417,0.13601579241136003,0.2161830944762229,0.3107611240477969,0.3144172949695799,0.3144172949695799
hoptimus1,HCC,1,ycentered_f64,2255,1941,1,TSPAN13,0.00954024148994798,-1.8415343934467416,0.20899555564091346,0.3232838360694866,0.10920214837264425,0.3019550517255206,0.27120148727233123,0.35943935927160553,0.35943935927160564
hoptimus1,IDC,0,nointercept_f64,14775,20761,1,ABCC11,0.6582488538624819,-1.6513126624929306,2.996808688238346,-0.3569225200499575,1.0226262673368849,1.3729492115865072,1.0631609990037478,-9.233448748963738e-17,2.9126727180916645
hoptimus1,IDC,0,nointercept_f64,14775,20761,1,ADH1B,0.20450544064721815,-3.7162886042365866,4.027079947668797,-0.8096000811726538,0.9734038934732447,0.36166137205857013,0.9240488677867927,3.0778162496545796e-17,1.5798780913361035
hoptimus1,IDC,0,nointercept_f64,14775,20761,1,ADIPOQ,0.26683762880922374,-2.668050187655051,0.7144917844839874,-0.3924102064173974,0.3087265308775727,0.3226596712771931,0.44134781934201756,1.5004354217066075e-16,0.8389256723762164
hoptimus1,IDC,0,nointercept_f64,14775,20761,1,ANKRD30A,0.2032366061387983,-10.48932269212512,1.9435419455926615,-0.20284346176151397,0.26478274984457584,1.333667155573626,0.4112915105561154,-6.155632499309159e-17,4.49370417578773
hoptimus1,IDC,0,nointercept_f64,14775,20761,1,AQP1,0.5611529239444476,-3.7656009662270575,7.028474856562248,-0.9482453423572682,1.5047091614631012,0.6487883271092456,1.21442782770433,1.0772356873791028e-16,3.143751880400475
hoptimus1,IDC,0,nointercept_f64,14775,20761,1,AQP3,0.40290311209739454,-1.9251662940407313,1.1409393250790265,0.3653771046323066,0.5876411807358504,1.1261616119915576,0.6245338674282261,-3.6933794995854953e-16,2.725813551997977
hoptimus1,IDC,0,nointercept_f64,14775,20761,1,CCR7,0.3327313525106275,-3.0748149466595667,0.8143021863053682,-0.49039816479929627,0.2888465758825243,0.3201069421369191,0.44703224982511947,6.155632499309159e-17,1.0832886110102464
hoptimus1,IDC,0,nointercept_f64,14775,20761,1,CD3E,0.5823159906956223,-3.9746911027776273,3.9391179820107767,-0.9847011860842738,0.8627810920974686,0.5691563533175791,0.8898492421144404,9.233448748963738e-17,2.431835207398571
hoptimus1,IDC,0,nointercept_f64,14775,20761,1,CEACAM6,0.6071741444461378,-4.29559555676391,5.034010573986187,-1.135075426133384,0.969161852063784,0.6697221168458366,0.9749888680767066,6.155632499309159e-17,2.503135795673945
hoptimus1,IDC,0,nointercept_f64,14775,20761,1,CEACAM8,0.10410344001780174,-2.5069766999168976,0.3374122725690976,-0.33487571685910866,0.14443596719369098,0.14411011952834057,0.31018014684823686,4.616724374481869e-17,0.47702600715527477
hoptimus1,IDC,0,nointercept_f64,14775,20761,1,CLIC6,0.858623951427077,-0.5049075208292029,4.242304316882309,1.148626176280739,3.009786585123632,1.247559395871428,1.6789818568493378,0.0,3.139343074913154
hoptimus1,IDC,0,nointercept_f64,14775,20761,1,CYTIP,0.46699038342694166,-5.45809859143356,3.9863121712053413,-0.7301782242953363,1.141546138460297,0.38460950389201687,0.78565760259447,0.0,1.9226865705096379
hoptimus1,IDC,0,nointercept_f64,14775,20761,1,DST,0.7893191992342936,-12.374649729873777,11.833966784323309,-0.031046611984017754,3.3587218901938907,0.6430353960775275,0.9406411297507216,1.2311264998618318e-16,3.7828203669498013
hoptimus1,IDC,0,nointercept_f64,14775,20761,1,ERBB2,0.8754847158423955,-5.585685239803591,16.936964193806986,-0.6855865889160723,3.3412223377184604,1.0558664726238831,1.6036784738916554,7.694540624136449e-17,4.471425079428
hoptimus1,IDC,0,nointercept_f64,14775,20761,1,ESR1,0.8705081700844038,-2.562028560163594,7.817797671692024,-0.008417137281591863,2.680408973333481,1.0521323521016668,1.4814722282984907,-6.155632499309159e-17,2.9470178500770916
hoptimus1,IDC,0,nointercept_f64,14775,20761,1,FASN,0.8976214755406617,-2.2905866994509645,7.606306732791351,-0.2647755768981032,2.408338701832381,1.256591548251345,1.5203733500449579,0.0,3.5627414308425336
hoptimus1,IDC,0,nointercept_f64,14775,20761,1,GATA3,0.8971531062047111,-3.960704129282859,16.712177062034332,0.08337466914229243,4.073363025720957,1.2794823405565583,1.8354596919286426,0.0,4.680486047731842
hoptimus1,IDC,0,nointercept_f64,14775,20761,1,IL2RG,0.5047806121038583,-4.073219748790656,3.228092949876259,-0.7543430352314457,0.9024015634564396,0.49816096414636735,0.7976845463206843,0.0,1.9385611744862925
hoptimus1,IDC,0,nointercept_f64,14775,20761,1,IL7R,0.469387394305836,-5.130742350841929,4.639131512122682,-1.1124103302575359,0.8986431684724158,0.47770367007922176,0.8698849350497679,1.2311264998618318e-16,2.1511831427185264
hoptimus1,IDC,0,nointercept_f64,14775,20761,1,KIT,0.34686660038836836,-2.4646990116417555,3.206548860189428,-0.33114338256533304,1.2131984420413198,0.41982020575293133,0.9620245940555913,1.2311264998618318e-16,1.4512618840002973
hoptimus1,IDC,0,nointercept_f64,14775,20761,1,KLF5,0.5859392294075711,-2.2718119256492435,2.097111650336346,-0.3880127394108235,0.8875351983925194,0.6908794735163273,0.8006018898527913,4.616724374481869e-17,2.071065603512798
hoptimus1,IDC,0,nointercept_f64,14775,20761,1,KRT14,0.5621512597299848,-1.5371234137569014,2.1949637329865,-0.41025265413300394,0.8554775364154004,0.5567560093237184,0.9301283416567293,1.2311264998618318e-16,1.3836635333592113
hoptimus1,IDC,0,nointercept_f64,14775,20761,1,KRT5,0.44113748542499065,-0.9651687197354362,0.8246813060785995,-0.40452774706528616,0.2506058707378956,0.5255552462985463,0.6478032964852738,6.155632499309159e-17,1.1585178295045133
hoptimus1,IDC,0,nointercept_f64,14775,20761,1,KRT6B,0.4515483275048352,-0.5288677239421622,0.6721080218487966,-0.22937554683680933,0.32784258498201985,0.40727690375481684,0.6630321434476787,-4.616724374481869e-17,0.9393830548365507
hoptimus1,IDC,0,nointercept_f64,14775,20761,1,MMP1,0.33320100413462034,-0.23731377002599174,1.501290913909227,0.38698966784001837,1.013254862180548,0.5415130864716444,1.1015202994444864,-7.694540624136449e-17,0.8351258030680029
hoptimus1,IDC,0,nointercept_f64,14775,20761,1,MMP12,0.3352478387380051,-0.2917286403624544,0.6477718087073733,-0.05216660428956652,0.3979883883754031,0.23326808641958172,0.7081501920209031,3.0778162496545796e-17,0.44051373024277274
hoptimus1,IDC,0,nointercept_f64,14775,20761,1,MS4A1,0.2395388471515472,-6.955568804485698,1.1867458448849126,-0.7495590083924454,0.223294294533326,0.4082535483984304,0.3862275434464342,2.1159986716375233e-16,1.2426210435473577
hoptimus1,IDC,0,nointercept_f64,14775,20761,1,MUC6,0.10623082043251734,-1.1259129403910424,0.41289187270382605,0.06968848196515966,0.3038721208564119,0.45427541974781044,0.4407024140314788,7.694540624136449e-17,0.7714636614843068
hoptimus1,IDC,0,nointercept_f64,14775,20761,1,MYBPC1,0.23860685660178435,-14.470409558273172,2.2300221501373283,0.8127137346790052,0.2262657130248606,1.413527478893365,0.37966772746364613,-2.4622529997236637e-16,2.9948356448091227
hoptimus1,IDC,0,nointercept_f64,14775,20761,1,MYH11,0.4787684700838903,-1.2047741219391708,2.200251199361417,-0.19282937351535842,1.0023406893294828,0.529464686496737,0.9989737623185134,6.155632499309159e-17,1.832766098241919
hoptimus1,IDC,0,nointercept_f64,14775,20761,1,MYLK,0.7835729952028279,-8.444959685410398,10.652404495121855,-0.0008110000112607035,3.1950274708355892,0.7716584087744324,1.0619981747584832,9.233448748963738e-17,3.1033574839493547
hoptimus1,IDC,0,nointercept_f64,14775,20761,1,OPRPN,0.12658064727222462,-1.6264973550225639,0.31005833433791635,-0.22951917849388898,0.1816581915777822,0.20107556526737635,0.3435842290267319,-7.694540624136449e-18,0.5047113712184925
hoptimus1,IDC,0,nointercept_f64,14775,20761,1,OXTR,0.3600871253210314,-0.9568248319527382,0.6747332187818332,-0.11374956189862559,0.4691843396350314,0.398046550883339,0.5872054403576678,5.386178436895514e-17,1.1141650119933177
hoptimus1,IDC,0,nointercept_f64,14775,20761,1,PIGR,0.24185378995980772,-1.8666838431677202,0.4945757787180269,-0.3334408223995901,0.22114501517492305,0.2572257540670452,0.4153617708676884,-7.694540624136449e-17,0.6916103215709757
hoptimus1,IDC,0,nointercept_f64,14775,20761,1,PTGDS,0.21649968983780493,-7.603262678014373,9.45369014317889,-1.241731324691326,1.651570156092451,0.41443845333976725,1.0482601838039654,3.6933794995854953e-16,2.0789382151944182
hoptimus1,IDC,0,nointercept_f64,14775,20761,1,PTN,0.47493057654508714,-1.841966205265503,2.4253261799169707,0.01387340514231947,1.334442367248697,0.5819796037382667,0.9237950327748067,-1.9236351560341122e-17,1.9455322760857907
hoptimus1,IDC,0,nointercept_f64,14775,20761,1,PTPRC,0.7260898727859284,-11.795451875339763,10.831631146446211,-0.5219223122786889,2.7077581825918284,0.6442818275823307,0.9200662864155155,3.0778162496545796e-17,3.2360938104074415
hoptimus1,IDC,0,nointercept_f64,14775,20761,1,SCD,0.833201598165891,-6.4996518070623415,17.880415334782132,-0.45322093147232784,3.6642779344527296,0.8420033349635329,1.5440745009905161,-1.0772356873791028e-16,3.5046719175748615
hoptimus1,IDC,0,nointercept_f64,14775,20761,1,SCGB2A1,0.5764718451182805,-1.4119538317734586,4.962274445674407,-0.2453948326880747,1.5527420603788564,0.23078089964933063,1.4343524999014645,-6.925086561722804e-17,0.5586794337968133
hoptimus1,IDC,0,nointercept_f64,14775,20761,1,SERHL2,0.6741662479602504,-4.586832377222278,3.996318026622115,-0.7763674558187177,1.1077854295702754,0.807004217411815,0.8457601147077071,-6.155632499309159e-17,2.4946891936029476
hoptimus1,IDC,0,nointercept_f64,14775,20761,1,SERPINA3,0.6681618306797851,-0.9116750166630532,4.351957971301403,-0.02640582084820355,1.6917748654039717,1.3817961886271286,1.508812641205707,1.2311264998618318e-16,4.131124929284485
hoptimus1,IDC,0,nointercept_f64,14775,20761,1,SFRP1,0.20511592763299263,-3.112609628023396,1.6372587182515126,-0.6370281569623801,0.3857433093741969,0.5875019125635743,0.6309572164681619,9.233448748963738e-17,2.326567019948298
hoptimus1,IDC,0,nointercept_f64,14775,20761,1,SLAMF7,0.5259619863489908,-2.221297132583483,2.4100224147661713,-0.5131935395357209,0.8512421041478725,0.5394987921286074,0.8649582550896863,-1.2311264998618318e-16,1.7916749384197488
hoptimus1,IDC,0,nointercept_f64,14775,20761,1,TACSTD2,0.8972392821650831,-4.402305912031642,17.357157574676357,-0.06548135082502744,3.998772537333331,1.147178205474265,1.7924610059274333,-6.155632499309159e-17,4.22717613764019
hoptimus1,IDC,0,nointercept_f64,14775,20761,1,TCL1A,0.09336980649342355,-2.0402865595464537,0.28396526447916703,-0.279969499839874,0.13443770951707035,0.16869719341531803,0.30561548100658853,6.155632499309159e-17,0.4990736490740187
hoptimus1,IDC,0,nointercept_f64,14775,20761,1,TENT5C,0.3275570752289321,-4.2203548803267665,1.5914005217647478,-0.6089802024684544,0.4258935543092182,0.6791500278932938,0.5521279521200194,-6.155632499309159e-17,2.6181774694181335
hoptimus1,IDC,0,nointercept_f64,14775,20761,1,TOP2A,0.8457554553774823,-1.8930340504243452,8.303134996788316,0.09025424883801761,2.811835974823802,1.1516835829410927,1.694120418563406,-1.2311264998618318e-16,2.350352306478923
hoptimus1,IDC,0,nointercept_f64,14775,20761,1,TPSAB1,0.1883274006828314,-1.7052496452914556,4.930024287196047,-0.4792768500755312,1.3010170615182768,0.30735128609558465,1.3499598591564768,7.694540624136449e-17,0.9725588446502557
hoptimus1,IDC,0,nointercept_f64,14775,20761,1,TRAC,0.36702811489932047,-1.7765238204638756,2.3800381076991575,-0.46880576464427826,0.7880354688367508,0.5820132481620851,0.9258513273059972,-1.1541810936204674e-16,3.039531053221972
hoptimus1,IDC,0,nointercept_f64,14775,20761,1,VWF,0.6570715717453897,-2.4453845308824445,5.882209112604583,-0.77471889621559,1.435223659191579,0.6906370471100273,1.306626253578501,2.2314167809995703e-16,2.5432195231394115
hoptimus1,IDC,0,intercept_f64,14775,20761,1,ABCC11,0.6582488538624799,-2.047056849284729,3.4441228183577106,2.5557501980417214,1.0226262673368849,1.3729492115865094,1.0631609990037478,2.9126727180916667,2.9126727180916645
hoptimus1,IDC,0,intercept_f64,14775,20761,1,ADH1B,0.20450544064722223,-0.041424035661483005,0.8892368985361379,0.7702780101634559,0.9734038934732447,0.36166137205857013,0.9240488677867927,1.579878091336102,1.5798780913361035
hoptimus1,IDC,0,intercept_f64,14775,20761,1,ADIPOQ,0.2668376288092229,-0.24178582788397684,0.24188485073017932,0.4465154659588227,0.3087265308775727,0.32265967127719347,0.44134781934201756,0.8389256723762161,0.8389256723762164
hoptimus1,IDC,0,intercept_f64,14775,20761,1,ANKRD30A,0.20323660613879735,-105.01854177641258,17.934171445480874,4.29086071402624,0.26478274984457584,1.3336671555736275,0.4112915105561154,4.493704175787732,4.49370417578773
hoptimus1,IDC,0,intercept_f64,14775,20761,1,AQP1,0.5611529239444455,-0.00939435666968591,1.4886900742395672,2.195506538043222,1.5047091614631012,0.6487883271092452,1.21442782770433,3.143751880400475,3.143751880400475
hoptimus1,IDC,0,intercept_f64,14775,20761,1,AQP3,0.40290311209739305,-17.867936214342496,7.359297983804232,3.0911906566302982,0.5876411807358504,1.1261616119915583,0.6245338674282261,2.725813551997979,2.725813551997977
hoptimus1,IDC,0,intercept_f64,14775,20761,1,CCR7,0.3327313525106274,-0.4988277841915407,0.29952249550938187,0.592890446210955,0.2888465758825243,0.3201069421369186,0.44703224982511947,1.083288611010246,1.0832886110102464
hoptimus1,IDC,0,intercept_f64,14775,20761,1,CD3E,0.5823159906956218,-0.09542922886078964,0.8673955596994622,1.4471340213143085,0.8627810920974686,0.5691563533175763,0.8898492421144404,2.4318352073985707,2.431835207398571
hoptimus1,IDC,0,intercept_f64,14775,20761,1,CEACAM6,0.607174144446138,0.1949153931885792,0.7653160782767247,1.3680603695405722,0.969161852063784,0.6697221168458378,0.9749888680767066,2.503135795673945,2.503135795673945
hoptimus1,IDC,0,intercept_f64,14775,20761,1,CEACAM8,0.10410344001780106,-0.11917552770796402,0.10767780641844914,0.14215029029616824,0.14443596719369098,0.14411011952834082,0.31018014684823686,0.4770260071552749,0.47702600715527477
hoptimus1,IDC,0,intercept_f64,14775,20761,1,CLIC6,0.8586239514270783,0.14432272929702972,2.4121371772805893,4.2879692511939105,3.009786585123632,1.247559395871427,1.6789818568493378,3.139343074913157,3.139343074913154
hoptimus1,IDC,0,intercept_f64,14775,20761,1,CYTIP,0.4669903834269401,0.2133640534060537,0.4855572276915345,1.1925083462143102,1.141546138460297,0.3846095038920166,0.78565760259447,1.9226865705096376,1.9226865705096379
hoptimus1,IDC,0,intercept_f64,14775,20761,1,DST,0.7893191992342928,0.43724816117008325,0.4979260543665055,3.751773754965803,3.3587218901938907,0.6430353960775278,0.9406411297507216,3.782820366949802,3.7828203669498013
hoptimus1,IDC,0,intercept_f64,14775,20761,1,ERBB2,0.875484715842394,0.6424826680732767,0.9194575855084306,3.7858384905119484,3.3412223377184604,1.055866472623887,1.6036784738916554,4.471425079428,4.471425079428
hoptimus1,IDC,0,intercept_f64,14775,20761,1,ESR1,0.870508170084404,0.7017100713224909,0.6546747928930448,2.9386007127955147,2.680408973333481,1.0521323521016674,1.4814722282984907,2.9470178500770934,2.9470178500770916
hoptimus1,IDC,0,intercept_f64,14775,20761,1,FASN,0.8976214755406621,0.4582806712869578,1.2522032554136098,3.297965853944448,2.408338701832381,1.2565915482513468,1.5203733500449579,3.5627414308425354,3.5627414308425336
hoptimus1,IDC,0,intercept_f64,14775,20761,1,GATA3,0.897153106204711,0.6233333099349492,1.2689570378888047,4.7638607168741585,4.073363025720957,1.279482340556559,1.8354596919286426,4.6804860477318435,4.680486047731842
hoptimus1,IDC,0,intercept_f64,14775,20761,1,IL2RG,0.5047806121038575,0.11565251447305314,0.5627108669895179,1.1842181392548552,0.9024015634564396,0.4981609641463663,0.7976845463206843,1.938561174486292,1.9385611744862925
hoptimus1,IDC,0,intercept_f64,14775,20761,1,IL7R,0.46938739430583276,0.18801134305956968,0.6144316544930674,1.0387728124609994,0.8986431684724158,0.4777036700792194,0.8698849350497679,2.1511831427185255,2.1511831427185264
hoptimus1,IDC,0,intercept_f64,14775,20761,1,KIT,0.3468666003883691,0.10294019322507231,0.8302210643033239,1.1201185014349717,1.2131984420413198,0.4198202057529306,0.9620245940555913,1.4512618840002978,1.4512618840002973
hoptimus1,IDC,0,intercept_f64,14775,20761,1,KLF5,0.5859392294075704,-0.7207495610307388,1.1029374651578239,1.6830528641019848,0.8875351983925194,0.6908794735163283,0.8006018898527913,2.071065603512799,2.071065603512798
hoptimus1,IDC,0,intercept_f64,14775,20761,1,KRT14,0.562151259729986,0.29861065207733084,0.606799091067322,0.9734108792262139,0.8554775364154004,0.5567560093237178,0.9301283416567293,1.3836635333592122,1.3836635333592113
hoptimus1,IDC,0,intercept_f64,14775,20761,1,KRT5,0.4411374854249902,-0.546236835921647,0.6488769134928903,0.7539900824392328,0.2506058707378956,0.5255552462985466,0.6478032964852738,1.158517829504514,1.1585178295045133
hoptimus1,IDC,0,intercept_f64,14775,20761,1,KRT6B,0.4515483275048343,-0.15480568975669629,0.507666003806272,0.7100075079997461,0.32784258498201985,0.4072769037548173,0.6630321434476787,0.9393830548365509,0.9393830548365507
hoptimus1,IDC,0,intercept_f64,14775,20761,1,MMP1,0.33320100413462106,0.049978610766848286,1.1527055741448597,1.2221154709080257,1.013254862180548,0.5415130864716443,1.1015202994444864,0.8351258030680032,0.8351258030680029
hoptimus1,IDC,0,intercept_f64,14775,20761,1,MMP12,0.33524783873800507,0.11217161206800386,0.4452252452272691,0.3883471259532081,0.3979883883754031,0.23326808641958166,0.7081501920209031,0.4405137302427727,0.44051373024277274
hoptimus1,IDC,0,intercept_f64,14775,20761,1,MS4A1,0.23953884715154758,-1.0987687182304602,0.31307692975140433,0.4930620351549175,0.223294294533326,0.40825354839842903,0.3862275434464342,1.2426210435473577,1.2426210435473577
hoptimus1,IDC,0,intercept_f64,14775,20761,1,MUC6,0.10623082043251683,-2.329854399157316,0.6467197186570786,0.8411521434494708,0.3038721208564119,0.4542754197478113,0.4407024140314788,0.7714636614843073,0.7714636614843068
hoptimus1,IDC,0,intercept_f64,14775,20761,1,MYBPC1,0.23860685660178396,-101.05993907921636,14.711693567712075,3.807549379488144,0.2262657130248606,1.4135274788933645,0.37966772746364613,2.994835644809126,2.9948356448091227
hoptimus1,IDC,0,intercept_f64,14775,20761,1,MYH11,0.478768470083888,-0.18077068378773764,1.1783484245949654,1.6399367247265701,1.0023406893294828,0.5294646864967367,0.9989737623185134,1.8327660982419198,1.832766098241919
hoptimus1,IDC,0,intercept_f64,14775,20761,1,MYLK,0.7835729952028263,0.6031585620056306,0.44757369631463473,3.102546483938109,3.1950274708355892,0.7716584087744307,1.0619981747584832,3.103357483949355,3.1033574839493547
hoptimus1,IDC,0,intercept_f64,14775,20761,1,OPRPN,0.1265806472722242,-0.26844522444889707,0.14974011404939366,0.27519219272460577,0.1816581915777822,0.20107556526737627,0.3435842290267319,0.5047113712184925,0.5047113712184925
hoptimus1,IDC,0,intercept_f64,14775,20761,1,OXTR,0.3600871253210303,-0.7897606442890497,0.617127777944799,1.000415450094698,0.4691843396350314,0.3980465508833393,0.5872054403576678,1.1141650119933184,1.1141650119933177
hoptimus1,IDC,0,intercept_f64,14775,20761,1,PIGR,0.24185378995980725,-0.19278689318387632,0.20578603669430076,0.3581694991713896,0.22114501517492305,0.25722575406704545,0.4153617708676884,0.6916103215709763,0.6916103215709757
hoptimus1,IDC,0,intercept_f64,14775,20761,1,PTGDS,0.2164996898378086,-0.5886473544453523,1.7456842128146577,0.8372068905031016,1.651570156092451,0.41443845333976753,1.0482601838039654,2.0789382151944173,2.0789382151944182
hoptimus1,IDC,0,intercept_f64,14775,20761,1,PTN,0.47493057654508314,-0.2561593375846649,1.072002940058405,1.9594056812281193,1.334442367248697,0.5819796037382665,0.9237950327748067,1.9455322760857912,1.9455322760857907
hoptimus1,IDC,0,intercept_f64,14775,20761,1,PTPRC,0.7260898727859278,0.5264905204372081,0.40083617811533384,2.714171498128767,2.7077581825918284,0.6442818275823289,0.9200662864155155,3.2360938104074415,3.2360938104074415
hoptimus1,IDC,0,intercept_f64,14775,20761,1,SCD,0.8332015981658901,0.4538235772071987,1.3021752925121732,3.051450986102551,3.6642779344527296,0.8420033349635345,1.5440745009905161,3.504671917574862,3.5046719175748615
hoptimus1,IDC,0,intercept_f64,14775,20761,1,SCGB2A1,0.5764718451182809,-0.587093019214058,3.2652329528063166,0.31328460110874173,1.5527420603788564,0.2307808996493311,1.4343524999014645,0.558679433796814,0.5586794337968133
hoptimus1,IDC,0,intercept_f64,14775,20761,1,SERHL2,0.6741662479602479,-0.1450144947372909,0.8190405147500266,1.7183217377842424,1.1077854295702754,0.8070042174118184,0.8457601147077071,2.494689193602948,2.4946891936029476
hoptimus1,IDC,0,intercept_f64,14775,20761,1,SERPINA3,0.6681618306797887,-2.172441719378866,7.222113020674294,4.104719108436302,1.6917748654039717,1.381796188627128,1.508812641205707,4.1311249292844865,4.131124929284485
hoptimus1,IDC,0,intercept_f64,14775,20761,1,SFRP1,0.20511592763299197,-4.754935330567547,2.2910800915169585,1.6895388629859285,0.3857433093741969,0.5875019125635758,0.6309572164681619,2.326567019948298,2.326567019948298
hoptimus1,IDC,0,intercept_f64,14775,20761,1,SLAMF7,0.5259619863489905,0.023098997237992025,0.7308712039785646,1.278481398884037,0.8512421041478725,0.5394987921286069,0.8649582550896863,1.7916749384197488,1.7916749384197488
hoptimus1,IDC,0,intercept_f64,14775,20761,1,TACSTD2,0.8972392821650831,0.730605641939746,0.8655415666422603,4.161694786815184,3.998772537333331,1.1471782054742679,1.7924610059274333,4.227176137640191,4.22717613764019
hoptimus1,IDC,0,intercept_f64,14775,20761,1,TCL1A,0.09336980649342316,-0.27836492735963003,0.11940033532652333,0.2191041492341465,0.13443770951707035,0.1686971934153183,0.30561548100658853,0.4990736490740186,0.4990736490740187
hoptimus1,IDC,0,intercept_f64,14775,20761,1,TENT5C,0.3275570752289298,-8.930570420263566,3.0272874757586967,2.009197266949692,0.4258935543092182,0.6791500278932961,0.5521279521200194,2.6181774694181335,2.6181774694181335
hoptimus1,IDC,0,intercept_f64,14775,20761,1,TOP2A,0.8457554553774814,0.6397479654861526,1.0339391874759896,2.4406065553169536,2.811835974823802,1.151683582941094,1.694120418563406,2.350352306478924,2.350352306478923
hoptimus1,IDC,0,intercept_f64,14775,20761,1,TPSAB1,0.18832740068283307,-0.32409180642629276,2.413013813908337,0.4932819945747286,1.3010170615182768,0.30735128609558365,1.3499598591564768,0.9725588446502557,0.9725588446502557
hoptimus1,IDC,0,intercept_f64,14775,20761,1,TRAC,0.36702811489931625,-3.6411199926445628,3.9783712149291137,2.5707252885777083,0.7880354688367508,0.5820132481620849,0.9258513273059972,3.039531053221972,3.039531053221972
hoptimus1,IDC,0,intercept_f64,14775,20761,1,VWF,0.6570715717453904,0.35017007049673377,1.1094365516258617,1.7685006269238337,1.435223659191579,0.6906370471100265,1.306626253578501,2.5432195231394115,2.5432195231394115
hoptimus1,IDC,0,ycentered_f64,14775,20761,1,ABCC11,0.6582488538624799,-2.047056849284726,3.444122818357707,2.5557501980417205,1.0226262673368849,1.3729492115865096,1.0631609990037478,2.9126727180916645,2.9126727180916645
hoptimus1,IDC,0,ycentered_f64,14775,20761,1,ADH1B,0.20450544064722237,-0.04142403566148212,0.8892368985361372,0.7702780101634573,0.9734038934732447,0.3616613720585702,0.9240488677867927,1.5798780913361035,1.5798780913361035
hoptimus1,IDC,0,ycentered_f64,14775,20761,1,ADIPOQ,0.2668376288092229,-0.24178582788397707,0.24188485073017935,0.44651546595882313,0.3087265308775727,0.32265967127719347,0.44134781934201756,0.8389256723762165,0.8389256723762164
hoptimus1,IDC,0,ycentered_f64,14775,20761,1,ANKRD30A,0.20323660613879735,-105.0185417764125,17.93417144548086,4.290860714026237,0.26478274984457584,1.3336671555736277,0.4112915105561154,4.49370417578773,4.49370417578773
hoptimus1,IDC,0,ycentered_f64,14775,20761,1,AQP1,0.5611529239444455,-0.009394356669685244,1.4886900742395663,2.195506538043221,1.5047091614631012,0.6487883271092453,1.21442782770433,3.143751880400475,3.143751880400475
hoptimus1,IDC,0,ycentered_f64,14775,20761,1,AQP3,0.40290311209739316,-17.86793621434248,7.3592979838042245,3.0911906566302965,0.5876411807358504,1.1261616119915585,0.6245338674282261,2.7258135519979767,2.725813551997977
hoptimus1,IDC,0,ycentered_f64,14775,20761,1,CCR7,0.3327313525106273,-0.4988277841915416,0.29952249550938204,0.5928904462109552,0.2888465758825243,0.3201069421369186,0.44703224982511947,1.0832886110102466,1.0832886110102464
hoptimus1,IDC,0,ycentered_f64,14775,20761,1,CD3E,0.5823159906956218,-0.0954292288607903,0.8673955596994628,1.447134021314309,0.8627810920974686,0.5691563533175765,0.8898492421144404,2.431835207398571,2.431835207398571
hoptimus1,IDC,0,ycentered_f64,14775,20761,1,CEACAM6,0.6071741444461383,0.1949153931885793,0.7653160782767245,1.3680603695405722,0.969161852063784,0.6697221168458379,0.9749888680767066,2.503135795673945,2.503135795673945
hoptimus1,IDC,0,ycentered_f64,14775,20761,1,CEACAM8,0.10410344001780099,-0.1191755277079638,0.10767780641844911,0.1421502902961682,0.14443596719369098,0.14411011952834085,0.31018014684823686,0.47702600715527477,0.47702600715527477
hoptimus1,IDC,0,ycentered_f64,14775,20761,1,CLIC6,0.8586239514270785,0.1443227292970326,2.412137177280581,4.287969251193908,3.009786585123632,1.2475593958714277,1.6789818568493378,3.1393430749131546,3.139343074913154
hoptimus1,IDC,0,ycentered_f64,14775,20761,1,CYTIP,0.46699038342694016,0.21336405340605347,0.48555722769153464,1.1925083462143102,1.141546138460297,0.38460950389201665,0.78565760259447,1.9226865705096379,1.9226865705096379
hoptimus1,IDC,0,ycentered_f64,14775,20761,1,DST,0.7893191992342928,0.43724816117008436,0.49792605436650456,3.7517737549658015,3.3587218901938907,0.6430353960775278,0.9406411297507216,3.7828203669498013,3.7828203669498013
hoptimus1,IDC,0,ycentered_f64,14775,20761,1,ERBB2,0.875484715842394,0.6424826680732769,0.9194575855084303,3.7858384905119493,3.3412223377184604,1.0558664726238869,1.6036784738916554,4.471425079428,4.471425079428
hoptimus1,IDC,0,ycentered_f64,14775,20761,1,ESR1,0.8705081700844042,0.7017100713224913,0.6546747928930439,2.938600712795514,2.680408973333481,1.052132352101668,1.4814722282984907,2.947017850077091,2.9470178500770916
hoptimus1,IDC,0,ycentered_f64,14775,20761,1,FASN,0.897621475540662,0.4582806712869595,1.252203255413606,3.2979658539444463,2.408338701832381,1.2565915482513468,1.5203733500449579,3.5627414308425336,3.5627414308425336
hoptimus1,IDC,0,ycentered_f64,14775,20761,1,GATA3,0.897153106204711,0.6233333099349496,1.2689570378888027,4.763860716874157,4.073363025720957,1.2794823405565594,1.8354596919286426,4.680486047731842,4.680486047731842
hoptimus1,IDC,0,ycentered_f64,14775,20761,1,IL2RG,0.5047806121038573,0.11565251447305258,0.5627108669895182,1.1842181392548559,0.9024015634564396,0.49816096414636646,0.7976845463206843,1.9385611744862925,1.9385611744862925
hoptimus1,IDC,0,ycentered_f64,14775,20761,1,IL7R,0.46938739430583265,0.18801134305956968,0.6144316544930674,1.038772812461,0.8986431684724158,0.47770367007921954,0.8698849350497679,2.1511831427185264,2.1511831427185264
hoptimus1,IDC,0,ycentered_f64,14775,20761,1,KIT,0.34686660038836914,0.10294019322507231,0.8302210643033239,1.1201185014349715,1.2131984420413198,0.4198202057529306,0.9620245940555913,1.4512618840002973,1.4512618840002973
hoptimus1,IDC,0,ycentered_f64,14775,20761,1,KLF5,0.5859392294075704,-0.7207495610307364,1.1029374651578223,1.6830528641019837,0.8875351983925194,0.6908794735163284,0.8006018898527913,2.071065603512798,2.071065603512798
hoptimus1,IDC,0,ycentered_f64,14775,20761,1,KRT14,0.5621512597299859,0.2986106520773306,0.6067990910673222,0.973410879226213,0.8554775364154004,0.5567560093237179,0.9301283416567293,1.3836635333592113,1.3836635333592113
hoptimus1,IDC,0,ycentered_f64,14775,20761,1,KRT5,0.4411374854249901,-0.5462368359216458,0.6488769134928899,0.7539900824392323,0.2506058707378956,0.5255552462985464,0.6478032964852738,1.1585178295045133,1.1585178295045133
hoptimus1,IDC,0,ycentered_f64,14775,20761,1,KRT6B,0.4515483275048343,-0.15480568975669495,0.5076660038062716,0.7100075079997455,0.32784258498201985,0.40727690375481723,0.6630321434476787,0.9393830548365506,0.9393830548365507
hoptimus1,IDC,0,ycentered_f64,14775,20761,1,MMP1,0.3332010041346212,0.049978610766848064,1.1527055741448602,1.2221154709080253,1.013254862180548,0.5415130864716443,1.1015202994444864,0.8351258030680029,0.8351258030680029
hoptimus1,IDC,0,ycentered_f64,14775,20761,1,MMP12,0.335247838738005,0.11217161206800386,0.4452252452272691,0.3883471259532082,0.3979883883754031,0.23326808641958166,0.7081501920209031,0.44051373024277274,0.44051373024277274
hoptimus1,IDC,0,ycentered_f64,14775,20761,1,MS4A1,0.23953884715154747,-1.098768718230462,0.3130769297514046,0.493062035154918,0.223294294533326,0.408253548398429,0.3862275434464342,1.242621043547358,1.2426210435473577
hoptimus1,IDC,0,ycentered_f64,14775,20761,1,MUC6,0.1062308204325168,-2.329854399157314,0.6467197186570781,0.8411521434494704,0.3038721208564119,0.45427541974781127,0.4407024140314788,0.7714636614843068,0.7714636614843068
hoptimus1,IDC,0,ycentered_f64,14775,20761,1,MYBPC1,0.23860685660178396,-101.05993907921624,14.711693567712055,3.807549379488141,0.2262657130248606,1.413527478893365,0.37966772746364613,2.9948356448091227,2.9948356448091227
hoptimus1,IDC,0,ycentered_f64,14775,20761,1,MYH11,0.478768470083888,-0.18077068378773653,1.1783484245949642,1.6399367247265695,1.0023406893294828,0.5294646864967367,0.9989737623185134,1.832766098241919,1.832766098241919
hoptimus1,IDC,0,ycentered_f64,14775,20761,1,MYLK,0.7835729952028263,0.6031585620056304,0.4475736963146349,3.1025464839381085,3.1950274708355892,0.7716584087744307,1.0619981747584832,3.103357483949355,3.1033574839493547
hoptimus1,IDC,0,ycentered_f64,14775,20761,1,OPRPN,0.1265806472722241,-0.2684452244488973,0.14974011404939366,0.2751921927246057,0.1816581915777822,0.20107556526737627,0.3435842290267319,0.5047113712184925,0.5047113712184925
hoptimus1,IDC,0,ycentered_f64,14775,20761,1,OXTR,0.36008712532103027,-0.7897606442890481,0.6171277779447986,1.0004154500946976,0.4691843396350314,0.3980465508833393,0.5872054403576678,1.1141650119933177,1.1141650119933177
hoptimus1,IDC,0,ycentered_f64,14775,20761,1,PIGR,0.24185378995980727,-0.19278689318387454,0.20578603669430046,0.3581694991713887,0.22114501517492305,0.25722575406704545,0.4153617708676884,0.6916103215709757,0.6916103215709757
hoptimus1,IDC,0,ycentered_f64,14775,20761,1,PTGDS,0.2164996898378086,-0.5886473544453503,1.7456842128146557,0.8372068905031026,1.651570156092451,0.41443845333976764,1.0482601838039654,2.0789382151944187,2.0789382151944182
hoptimus1,IDC,0,ycentered_f64,14775,20761,1,PTN,0.4749305765450831,-0.256159337584664,1.0720029400584041,1.9594056812281186,1.334442367248697,0.5819796037382666,0.9237950327748067,1.9455322760857907,1.9455322760857907
hoptimus1,IDC,0,ycentered_f64,14775,20761,1,PTPRC,0.7260898727859277,0.526490520437208,0.40083617811533395,2.714171498128767,2.7077581825918284,0.644281827582329,0.9200662864155155,3.2360938104074415,3.2360938104074415
hoptimus1,IDC,0,ycentered_f64,14775,20761,1,SCD,0.8332015981658901,0.45382357720719824,1.3021752925121743,3.05145098610255,3.6642779344527296,0.8420033349635347,1.5440745009905161,3.5046719175748615,3.5046719175748615
hoptimus1,IDC,0,ycentered_f64,14775,20761,1,SCGB2A1,0.5764718451182808,-0.5870930192140587,3.265232952806318,0.31328460110874135,1.5527420603788564,0.2307808996493311,1.4343524999014645,0.5586794337968133,0.5586794337968133
hoptimus1,IDC,0,ycentered_f64,14775,20761,1,SERHL2,0.674166247960248,-0.1450144947372891,0.8190405147500254,1.7183217377842412,1.1077854295702754,0.8070042174118183,0.8457601147077071,2.4946891936029476,2.4946891936029476
hoptimus1,IDC,0,ycentered_f64,14775,20761,1,SERPINA3,0.6681618306797886,-2.1724417193788614,7.222113020674284,4.1047191084363,1.6917748654039717,1.3817961886271282,1.508812641205707,4.131124929284485,4.131124929284485
hoptimus1,IDC,0,ycentered_f64,14775,20761,1,SFRP1,0.20511592763299194,-4.7549353305675455,2.291080091516958,1.6895388629859285,0.3857433093741969,0.5875019125635758,0.6309572164681619,2.326567019948298,2.326567019948298
hoptimus1,IDC,0,ycentered_f64,14775,20761,1,SLAMF7,0.5259619863489905,0.023098997237991914,0.7308712039785648,1.278481398884037,0.8512421041478725,0.539498792128607,0.8649582550896863,1.7916749384197488,1.7916749384197488
hoptimus1,IDC,0,ycentered_f64,14775,20761,1,TACSTD2,0.8972392821650829,0.7306056419397464,0.8655415666422588,4.161694786815183,3.998772537333331,1.147178205474268,1.7924610059274333,4.22717613764019,4.22717613764019
hoptimus1,IDC,0,ycentered_f64,14775,20761,1,TCL1A,0.09336980649342316,-0.27836492735963003,0.11940033532652333,0.21910414923414673,0.13443770951707035,0.1686971934153183,0.30561548100658853,0.49907364907401885,0.4990736490740187
hoptimus1,IDC,0,ycentered_f64,14775,20761,1,TENT5C,0.3275570752289297,-8.930570420263559,3.027287475758695,2.009197266949691,0.4258935543092182,0.6791500278932959,0.5521279521200194,2.6181774694181335,2.6181774694181335
hoptimus1,IDC,0,ycentered_f64,14775,20761,1,TOP2A,0.8457554553774813,0.639747965486152,1.0339391874759911,2.440606555316952,2.811835974823802,1.151683582941094,1.694120418563406,2.350352306478923,2.350352306478923
hoptimus1,IDC,0,ycentered_f64,14775,20761,1,TPSAB1,0.18832740068283307,-0.3240918064262923,2.4130138139083357,0.49328199457472877,1.3010170615182768,0.30735128609558365,1.3499598591564768,0.9725588446502558,0.9725588446502557
hoptimus1,IDC,0,ycentered_f64,14775,20761,1,TRAC,0.3670281148993163,-3.641119992644561,3.9783712149291124,2.5707252885777074,0.7880354688367508,0.5820132481620848,0.9258513273059972,3.039531053221972,3.039531053221972
hoptimus1,IDC,0,ycentered_f64,14775,20761,1,VWF,0.6570715717453905,0.3501700704967339,1.1094365516258615,1.768500626923833,1.435223659191579,0.6906370471100264,1.306626253578501,2.5432195231394115,2.5432195231394115
hoptimus1,IDC,1,nointercept_f64,27776,7760,1,ABCC11,0.8557193043349236,-1.959300712966245,8.557027176915412,0.4168641583252993,3.161749290682606,0.9566898249679496,1.7004619021535048,2.619512389898987e-16,1.4303826631008205
hoptimus1,IDC,1,nointercept_f64,27776,7760,1,ADH1B,0.6335671069574793,-1.1052403697906632,3.100720480382219,-0.340120418319848,1.128061735430329,0.5168750299645616,1.2136136827314978,0.0,1.2528001859500868
hoptimus1,IDC,1,nointercept_f64,27776,7760,1,ADIPOQ,0.6941047863067196,-0.3545374454502581,1.484224063672459,0.02005225581433015,0.890655954212872,0.32852873711905795,1.0467771323393877,-4.092988109217167e-17,0.4281792955146888
hoptimus1,IDC,1,nointercept_f64,27776,7760,1,ANKRD30A,0.6948429686613502,-10.198982055544302,27.440135989051953,0.10911761400784027,5.199116954361041,0.5730683380745294,1.5653225988828379,1.9646342924242403e-16,1.1357461945904839
hoptimus1,IDC,1,nointercept_f64,27776,7760,1,AQP1,0.7612321131106515,-3.899771306604835,7.126652201678688,0.7356689789635824,3.2878496070651666,0.8809506243478631,1.2060210199864192,-4.2567076335858535e-16,1.8784017851104111
hoptimus1,IDC,1,nointercept_f64,27776,7760,1,AQP3,0.39143074052264054,-5.594323974036606,14.265971107002928,0.26164165379594817,3.7839536462094365,0.4102463873348063,1.470840331783436,1.3097561949494934e-16,0.8320288554666573
hoptimus1,IDC,1,nointercept_f64,27776,7760,1,CCR7,0.7292746545476543,-0.1716167216769291,0.8223320745763382,0.10110839855412339,0.793832377367413,0.4931790302730639,0.8377816317376832,8.185976218434334e-17,0.5703554774338405
hoptimus1,IDC,1,nointercept_f64,27776,7760,1,CD3E,0.8433812448035729,-0.7110867597553028,2.9929752875153817,0.5209379119750004,2.095999784736904,1.0308239732951356,1.3225605070187672,-1.3097561949494934e-16,1.352880368404056
hoptimus1,IDC,1,nointercept_f64,27776,7760,1,CEACAM6,0.7289994262335234,-2.3121678982466674,6.010103104147337,0.02497744513271095,2.285581184954373,0.7594088013743195,1.347053328666102,3.2743904873737336e-17,1.4173563722830076
hoptimus1,IDC,1,nointercept_f64,27776,7760,1,CEACAM8,0.20474803009476816,-0.5975107572595215,0.25074430875254305,0.07912930891448229,0.2656357591299667,0.3372037479056174,0.3961810024838095,9.004573840277768e-17,0.2874913911210708
hoptimus1,IDC,1,nointercept_f64,27776,7760,1,CLIC6,0.8094343170595331,-10.410653645510651,26.039792904388424,0.3570442582480896,5.376040889230586,0.9726213484211429,1.5106487699244275,-6.548780974747467e-17,2.417622981176707
hoptimus1,IDC,1,nointercept_f64,27776,7760,1,CYTIP,0.7837392671289851,-1.9031399203553656,2.6534068334148837,0.08707085280467892,1.6029867546152823,0.6960163984876963,0.9560221131489753,3.2743904873737336e-17,1.4281450260670916
hoptimus1,IDC,1,nointercept_f64,27776,7760,1,DST,0.7917306426005646,-17.19578732304067,12.786334678634963,0.3184642796943922,3.8559302318649196,0.7658894158655889,0.8382771107627446,4.092988109217167e-17,3.4454052953890737
hoptimus1,IDC,1,nointercept_f64,27776,7760,1,ERBB2,0.917238833753439,-8.285940502538608,15.080953329516525,0.33446206661855793,4.184176625925856,1.2232894636947496,1.2743873434462212,2.2920733411616134e-16,3.70691287027423
hoptimus1,IDC,1,nointercept_f64,27776,7760,1,ESR1,0.8187897658947261,-5.120195442989065,12.216595404971171,0.6381480638528271,4.037940733288367,1.1458630681207234,1.4128382687601821,9.823171462121201e-17,2.442962965867933
hoptimus1,IDC,1,nointercept_f64,27776,7760,1,FASN,0.875422798187083,-5.976892225411502,15.99866714616183,0.30803326587808627,4.235200322811137,1.1249525817003827,1.5142964154523701,2.7832319142676733e-16,2.512020086564879
hoptimus1,IDC,1,nointercept_f64,27776,7760,1,GATA3,0.8753042793349484,-12.531058986252745,27.796922160982913,0.46220575276831977,5.688249476776295,1.3253098198718443,1.4332846898763942,1.3916159571338367e-16,3.945148876456175
hoptimus1,IDC,1,nointercept_f64,27776,7760,1,IL2RG,0.8444148816979458,-0.4435145851269118,2.062358949720701,0.26360523199242114,1.5358270675251164,0.8254039440246973,1.1952851933120752,-3.2743904873737336e-17,1.276605060770421
hoptimus1,IDC,1,nointercept_f64,27776,7760,1,IL7R,0.7948048526518195,-0.42977413127951225,2.249871008617321,0.2516102291087527,1.5368185214160643,0.8607061665466855,1.254426130803568,0.0,1.3866197446764614
hoptimus1,IDC,1,nointercept_f64,27776,7760,1,KIT,0.5234150492551295,-0.5938933164806546,1.9940031706074088,0.5793230989579408,1.6164255107186505,0.6860862141965752,1.118493069665869,-2.558117568260729e-16,1.2271797677184442
hoptimus1,IDC,1,nointercept_f64,27776,7760,1,KLF5,0.8070101914583633,-4.435097007221293,5.033909772984271,0.09897907784866003,2.259601576103992,0.5701913435632537,0.9623854835777599,1.3097561949494934e-16,1.1337703166460866
hoptimus1,IDC,1,nointercept_f64,27776,7760,1,KRT14,0.8098580493890757,0.48284050593006345,1.073688973908341,0.5486066988564894,1.1477918471872193,1.1524648354611629,1.440877287506637,9.823171462121201e-17,1.0547714971460849
hoptimus1,IDC,1,nointercept_f64,27776,7760,1,KRT5,0.8431926405081333,0.6268774652271599,0.6136542338361296,0.4478470342136233,0.8074585427789344,0.9865352537515016,1.282437261105283,1.6371952436868668e-17,0.577982831269949
hoptimus1,IDC,1,nointercept_f64,27776,7760,1,KRT6B,0.7263987964346509,0.34121929691545105,0.6473037704410836,0.27215340375225405,0.669081753968578,0.8801553938407397,0.9912509890734772,1.6371952436868668e-17,0.5578071043788013
hoptimus1,IDC,1,nointercept_f64,27776,7760,1,MMP1,0.24529135376994826,-1.7481036758807251,1.8704753894218376,-0.15968830290358954,0.9184024944133365,0.4641047776888984,0.8250104368887012,-8.185976218434334e-17,0.9450016048895667
hoptimus1,IDC,1,nointercept_f64,27776,7760,1,MMP12,0.24601068330330242,-0.522677820975459,0.3644815429442764,-0.0018036784014135263,0.34813152296641436,0.2513004947505603,0.48925329530240746,2.5785825088068154e-16,0.43453797080858786
hoptimus1,IDC,1,nointercept_f64,27776,7760,1,MS4A1,0.6895362359226762,-0.4057402307168705,2.357944549382774,0.1380593795287347,1.2857908293604852,0.4920290533931284,1.2951326646092018,0.0,0.4686708644650499
hoptimus1,IDC,1,nointercept_f64,27776,7760,1,MUC6,0.014970702214382294,-0.3560130006852369,1.4938818962560028,0.09023427579314723,0.6661872531642619,0.26215748916103015,1.0496057602913307,2.4557928655303003e-17,0.45137714627649517
hoptimus1,IDC,1,nointercept_f64,27776,7760,1,MYBPC1,0.5602084789869826,-7.52987775468983,26.543045930036214,0.0459971806945025,4.9344490827051635,0.2734547178114351,1.7640219129773322,1.6371952436868668e-16,0.38360002298285745
hoptimus1,IDC,1,nointercept_f64,27776,7760,1,MYH11,0.8002871281850596,-0.3709290342265281,2.1704633235520885,0.6546999955932724,1.9199410856230972,1.0270040457343717,1.2582552138102079,-5.075305255429287e-16,1.1877149815761274
hoptimus1,IDC,1,nointercept_f64,27776,7760,1,MYLK,0.7767203486134278,-4.951153452132545,7.9579530211753875,0.35399991114759194,3.0793202938800004,0.8880572095941669,1.1563787733457362,-2.9469514386363603e-16,3.1785911098380106
hoptimus1,IDC,1,nointercept_f64,27776,7760,1,OPRPN,0.23182176705459318,-0.730295166498443,0.5238269899814744,-0.03311611632495481,0.42370483810754167,0.29688226443403515,0.5502167894944475,-8.185976218434334e-17,0.2858786967664545
hoptimus1,IDC,1,nointercept_f64,27776,7760,1,OXTR,0.7075210771119321,-0.8237040599657821,1.557763141846077,0.18652548156224966,1.232958580184843,0.4637607827036542,0.9242160993641186,3.2743904873737336e-17,0.5988898885775409
hoptimus1,IDC,1,nointercept_f64,27776,7760,1,PIGR,0.5919481314986139,-0.12183448765028726,0.782686983757157,0.17972686979987457,0.7527921812743256,0.46174674527088994,0.8352753445838411,-8.185976218434334e-18,0.32287106979294994
hoptimus1,IDC,1,nointercept_f64,27776,7760,1,PTGDS,0.5728979063829246,-1.3709796297315018,2.963945933893607,-0.22533248271825002,1.223757450589814,0.7963847866181294,1.1180757477667396,-3.2743904873737336e-17,1.998423182731709
hoptimus1,IDC,1,nointercept_f64,27776,7760,1,PTN,0.7392791920933401,-0.7143244519892318,2.820477361272018,0.41148025865158006,1.8486688194201164,0.8538848231227985,1.282669592387344,-1.9646342924242403e-16,1.5158383974264706
hoptimus1,IDC,1,nointercept_f64,27776,7760,1,PTPRC,0.8654514998880971,-5.579709286839816,8.276852502235288,0.22803616885377478,3.0475300790415596,0.8630948087326474,1.1215774145244293,-3.2743904873737336e-17,2.8938731373918634
hoptimus1,IDC,1,nointercept_f64,27776,7760,1,SCD,0.7339732704871748,-7.659105696445723,12.043894705223895,0.10742793373635959,3.4659927762968024,1.2153926161056472,1.1793615226855276,5.525533947443175e-16,3.6347745476410753
hoptimus1,IDC,1,nointercept_f64,27776,7760,1,SCGB2A1,0.37689654345882295,-0.4797924089255683,0.8577404894771954,0.19619908342562628,0.6451169546424728,0.6855876127017758,0.7613380897739601,-1.6371952436868668e-17,1.277536685694404
hoptimus1,IDC,1,nointercept_f64,27776,7760,1,SERHL2,0.6724630733371415,-1.5986944984922569,3.5473899295231064,0.3517703438481482,2.0229376959278413,0.868234431182033,1.1683604596346369,3.9292685848484805e-16,1.5898534568833522
hoptimus1,IDC,1,nointercept_f64,27776,7760,1,SERPINA3,0.5214070631409743,-9.781048213684954,30.03370272119132,0.10641042104078248,5.389553958315824,1.1763176847716281,1.6690676694156503,3.2743904873737336e-17,1.9562705247083567
hoptimus1,IDC,1,nointercept_f64,27776,7760,1,SFRP1,0.7227890385388633,-0.6812929933096548,3.4578780851880135,0.2417257517145453,1.8136299679267038,0.9674576278236817,1.434112222162011,6.548780974747467e-17,1.0192135661917692
hoptimus1,IDC,1,nointercept_f64,27776,7760,1,SLAMF7,0.7141192974226069,-0.8253804862631253,1.991745284595057,0.25741877868637103,1.4642864551587202,0.7231375892459061,1.0445763697643686,3.2743904873737336e-17,1.1802193133400813
hoptimus1,IDC,1,nointercept_f64,27776,7760,1,TACSTD2,0.9078295228451282,-8.847000802567754,17.857988159708793,0.577956341192457,4.763530703518809,1.3641585397750156,1.346679591827282,2.865091676452017e-16,3.90661167273564
hoptimus1,IDC,1,nointercept_f64,27776,7760,1,TCL1A,0.41335838216451404,-0.16275969341675323,0.2870100454277851,0.035731259943458445,0.31665219656892657,0.26396538341944403,0.4968251408682109,0.0,0.2774932822212577
hoptimus1,IDC,1,nointercept_f64,27776,7760,1,TENT5C,0.5956478769859852,-5.143467398951003,5.182432468889999,0.3152307193370814,2.4640319795491767,0.40281311319258617,0.9184595765897888,1.6371952436868668e-16,1.0226332096185553
hoptimus1,IDC,1,nointercept_f64,27776,7760,1,TOP2A,0.7094623031658136,-3.1890059646918596,5.596803000900091,0.3432061470094222,2.5373407675587023,1.165019924413654,1.1558847153633682,2.9469514386363603e-16,2.6430449901097175
hoptimus1,IDC,1,nointercept_f64,27776,7760,1,TPSAB1,0.2564891446549312,-0.5276963549723075,1.273303925538468,0.3695175046591598,0.8989078111408912,0.697197658007369,0.9129511032672731,-1.0232470273042917e-16,1.2386393839802403
hoptimus1,IDC,1,nointercept_f64,27776,7760,1,TRAC,0.43680301420100875,-7.572754283994962,8.341517328775641,0.44098494800923804,3.1239447284451467,1.0274184568370615,0.9864210698865583,-2.619512389898987e-16,1.3330812423365526
hoptimus1,IDC,1,nointercept_f64,27776,7760,1,VWF,0.71491311962583,-3.3039484878579186,5.916463501004362,0.3573857049765084,2.6464719897846587,0.9051204621366145,1.1724587239048745,-3.9292685848484805e-16,1.6862083886136314
hoptimus1,IDC,1,intercept_f64,27776,7760,1,ABCC11,0.8557193043349245,0.048769740562599084,2.7505495287605743,1.847246821426129,3.161749290682606,0.9566898249679494,1.7004619021535048,1.4303826631008207,1.4303826631008205
hoptimus1,IDC,1,intercept_f64,27776,7760,1,ADH1B,0.6335671069574789,0.3267844416883279,0.9915510358451467,0.912679767630248,1.128061735430329,0.5168750299645605,1.2136136827314978,1.2528001859500872,1.2528001859500868
hoptimus1,IDC,1,intercept_f64,27776,7760,1,ADIPOQ,0.6941047863067196,0.15854981435147808,0.92201261627437,0.448231551329022,0.890655954212872,0.3285287371190577,1.0467771323393877,0.428179295514689,0.4281792955146888
hoptimus1,IDC,1,intercept_f64,27776,7760,1,ANKRD30A,0.6948429686613493,-6.006740894691823,17.168160645030206,1.244863808598332,5.199116954361041,0.5730683380745313,1.5653225988828379,1.1357461945904843,1.1357461945904839
hoptimus1,IDC,1,intercept_f64,27776,7760,1,AQP1,0.7612321131106521,0.26640499909140236,1.0670041724842034,2.6140707640740066,3.2878496070651666,0.8809506243478653,1.2060210199864192,1.8784017851104116,1.8784017851104111
hoptimus1,IDC,1,intercept_f64,27776,7760,1,AQP3,0.39143074052263976,-3.2049706258982535,9.096912692043524,1.093670509262611,3.7839536462094365,0.41024638733480673,1.470840331783436,0.8320288554666574,0.8320288554666573
hoptimus1,IDC,1,intercept_f64,27776,7760,1,CCR7,0.7292746545476545,0.4907383020039149,0.35743961388327433,0.6714638759879679,0.793832377367413,0.4931790302730634,0.8377816317376832,0.5703554774338407,0.5703554774338405
hoptimus1,IDC,1,intercept_f64,27776,7760,1,CD3E,0.843381244803573,0.6789784898902798,0.5615200053658673,1.8738182803790657,2.095999784736904,1.0308239732951348,1.3225605070187672,1.3528803684040562,1.352880368404056
hoptimus1,IDC,1,intercept_f64,27776,7760,1,CEACAM6,0.728999426233524,0.11226607807834998,1.6108399585125308,1.442333817415728,2.285581184954373,0.7594088013743212,1.347053328666102,1.4173563722830076,1.4173563722830076
hoptimus1,IDC,1,intercept_f64,27776,7760,1,CEACAM8,0.20474803009476816,-0.44086706620895333,0.22615761107026833,0.3666207000355549,0.2656357591299667,0.3372037479056179,0.3961810024838095,0.2874913911210708,0.2874913911210708
hoptimus1,IDC,1,intercept_f64,27776,7760,1,CLIC6,0.8094343170595341,-2.3376035553344408,7.616610588478686,2.774667239424813,5.376040889230586,0.9726213484211426,1.5106487699244275,2.417622981176707,2.417622981176707
hoptimus1,IDC,1,intercept_f64,27776,7760,1,CYTIP,0.7837392671289856,0.6027153529822009,0.363109538681419,1.5152158788717798,1.6029867546152823,0.6960163984876958,0.9560221131489753,1.4281450260670916,1.4281450260670916
hoptimus1,IDC,1,intercept_f64,27776,7760,1,DST,0.7917306426005661,0.5999130868295677,0.28114448039636947,3.7638695750834885,3.8559302318649196,0.7658894158655949,0.8382771107627446,3.4454052953890737,3.4454052953890737
hoptimus1,IDC,1,intercept_f64,27776,7760,1,ERBB2,0.91723883375344,0.8269504038555809,0.2810434637646243,4.041374936892812,4.184176625925856,1.223289463694751,1.2743873434462212,3.70691287027423,3.70691287027423
hoptimus1,IDC,1,intercept_f64,27776,7760,1,ESR1,0.8187897658947252,0.21170339529744642,1.5735282914527666,3.0811110297207764,4.037940733288367,1.1458630681207265,1.4128382687601821,2.442962965867933,2.442962965867933
hoptimus1,IDC,1,intercept_f64,27776,7760,1,FASN,0.8754227981870835,-0.12453628703866815,2.5786670008438066,2.8200533524429816,4.235200322811137,1.1249525817003836,1.5142964154523701,2.512020086564879,2.512020086564879
hoptimus1,IDC,1,intercept_f64,27776,7760,1,GATA3,0.8753042793349476,-0.03493919545167112,2.126080766224444,4.407354629224519,5.688249476776295,1.3253098198718474,1.4332846898763942,3.945148876456175,3.945148876456175
hoptimus1,IDC,1,intercept_f64,27776,7760,1,IL2RG,0.8444148816979453,0.6893485796325394,0.44382976357800563,1.540210292762851,1.5358270675251164,0.8254039440246972,1.1952851933120752,1.276605060770421,1.276605060770421
hoptimus1,IDC,1,intercept_f64,27776,7760,1,IL7R,0.7948048526518195,0.6133701271204217,0.6083949366734692,1.6382299737852237,1.5368185214160643,0.860706166546685,1.254426130803568,1.3866197446764619,1.3866197446764614
hoptimus1,IDC,1,intercept_f64,27776,7760,1,KIT,0.523415049255131,0.2369858104569289,0.95455115937541,1.806502866676393,1.6164255107186505,0.6860862141965779,1.118493069665869,1.2271797677184442,1.2271797677184442
hoptimus1,IDC,1,intercept_f64,27776,7760,1,KLF5,0.807010191458363,-0.5332188927532762,1.4200455958928193,1.2327493944947543,2.259601576103992,0.570191343563255,0.9623854835777599,1.1337703166460869,1.1337703166460866
hoptimus1,IDC,1,intercept_f64,27776,7760,1,KRT14,0.809858049389076,0.5557955297126432,0.9222250531551357,1.6033781960025808,1.1477918471872193,1.1524648354611653,1.440877287506637,1.0547714971460849,1.0547714971460849
hoptimus1,IDC,1,intercept_f64,27776,7760,1,KRT5,0.8431926405081336,0.6765139437369673,0.5320198313232839,1.0258298654835758,0.8074585427789344,0.9865352537515031,1.282437261105283,0.5779828312699489,0.577982831269949
hoptimus1,IDC,1,intercept_f64,27776,7760,1,KRT6B,0.7263987964346509,0.47522399835868123,0.5156336287765029,0.8299605081310591,0.669081753968578,0.8801553938407412,0.9912509890734772,0.5578071043788014,0.5578071043788013
hoptimus1,IDC,1,intercept_f64,27776,7760,1,MMP1,0.24529135376994995,-0.06650503441174638,0.7259083553033477,0.7853133019859835,0.9184024944133365,0.46410477768889663,0.8250104368887012,0.9450016048895666,0.9450016048895667
hoptimus1,IDC,1,intercept_f64,27776,7760,1,MMP12,0.2460106833033031,-0.04100676427034089,0.2491845263849796,0.4327342924071771,0.34813152296641436,0.25130049475056054,0.48925329530240746,0.43453797080858797,0.43453797080858786
hoptimus1,IDC,1,intercept_f64,27776,7760,1,MS4A1,0.6895362359226761,0.1046807898436104,1.5017803470484496,0.6067302439937879,1.2857908293604852,0.492029053393128,1.2951326646092018,0.46867086446505013,0.4686708644650499
hoptimus1,IDC,1,intercept_f64,27776,7760,1,MUC6,0.01497070221438526,-0.06899234289417966,1.1776792018062623,0.5416114220696452,0.6661872531642619,0.2621574891610301,1.0496057602913307,0.45137714627649506,0.45137714627649517
hoptimus1,IDC,1,intercept_f64,27776,7760,1,MYBPC1,0.5602084789869826,-6.371929797705892,22.939774383745,0.4295972036773618,4.9344490827051635,0.273454717811435,1.7640219129773322,0.38360002298285734,0.38360002298285745
hoptimus1,IDC,1,intercept_f64,27776,7760,1,MYH11,0.8002871281850594,0.6364095774157876,0.5756386051441957,1.842414977169408,1.9199410856230972,1.0270040457343748,1.2582552138102079,1.1877149815761276,1.1877149815761274
hoptimus1,IDC,1,intercept_f64,27776,7760,1,MYLK,0.7767203486134293,0.4495739960070262,0.7360361846894995,3.532591020985624,3.0793202938800004,0.8880572095941734,1.1563787733457362,3.1785911098380106,3.1785911098380106
hoptimus1,IDC,1,intercept_f64,27776,7760,1,OPRPN,0.2318217670545933,-0.13749273205799284,0.34436286102881986,0.25276258044150157,0.42370483810754167,0.2968822644340358,0.5502167894944475,0.28587869676645455,0.2858786967664545
hoptimus1,IDC,1,intercept_f64,27776,7760,1,OXTR,0.7075210771119325,0.2237708577047437,0.6630358368106235,0.7854153701397945,1.232958580184843,0.4637607827036556,0.9242160993641186,0.5988898885775409,0.5988898885775409
hoptimus1,IDC,1,intercept_f64,27776,7760,1,PIGR,0.591948131498614,0.25914938079952166,0.5168802911124302,0.5025979395928264,0.7527921812743256,0.4617467452708906,0.8352753445838411,0.32287106979294994,0.32287106979294994
hoptimus1,IDC,1,intercept_f64,27776,7760,1,PTGDS,0.5728979063829257,0.06738861371697935,1.1658513180011876,1.7730907000134726,1.223757450589814,0.7963847866181288,1.1180757477667396,1.9984231827317092,1.998423182731709
hoptimus1,IDC,1,intercept_f64,27776,7760,1,PTN,0.7392791920933404,0.5373613544526894,0.7611521988743908,1.9273186560780609,1.8486688194201164,0.8538848231228026,1.282669592387344,1.5158383974264706,1.5158383974264706
hoptimus1,IDC,1,intercept_f64,27776,7760,1,PTPRC,0.8654514998880958,0.7354087255614188,0.3328388620887576,3.1219093062456573,3.0475300790415596,0.8630948087326469,1.1215774145244293,2.8938731373918634,2.8938731373918634
hoptimus1,IDC,1,intercept_f64,27776,7760,1,SCD,0.7339732704871773,0.3959072757240223,0.8402287047215663,3.7422024813774586,3.4659927762968024,1.215392616105649,1.1793615226855276,3.6347745476410753,3.6347745476410753
hoptimus1,IDC,1,intercept_f64,27776,7760,1,SCGB2A1,0.3768965434588243,-1.3166661479608526,1.3428223740855392,1.4737357691200386,0.6451169546424728,0.685587612701777,0.7613380897739601,1.277536685694404,1.277536685694404
hoptimus1,IDC,1,intercept_f64,27776,7760,1,SERHL2,0.6724630733371446,0.4423702083497769,0.7612015604180353,1.9416238007315105,2.0229376959278413,0.868234431182033,1.1683604596346369,1.5898534568833522,1.5898534568833522
hoptimus1,IDC,1,intercept_f64,27776,7760,1,SERPINA3,0.521407063140974,-3.7348134195359046,13.190181127484584,2.062680945749152,5.389553958315824,1.1763176847716323,1.6690676694156503,1.9562705247083572,1.9562705247083567
hoptimus1,IDC,1,intercept_f64,27776,7760,1,SFRP1,0.722789038538863,0.37157772912176934,1.292462174862405,1.260939317906322,1.8136299679267038,0.9674576278236842,1.434112222162011,1.0192135661917694,1.0192135661917692
hoptimus1,IDC,1,intercept_f64,27776,7760,1,SLAMF7,0.7141192974226069,0.5088385235919823,0.5359258313389245,1.4376380920264609,1.4642864551587202,0.723137589245906,1.0445763697643686,1.1802193133400816,1.1802193133400813
hoptimus1,IDC,1,intercept_f64,27776,7760,1,TACSTD2,0.9078295228451282,0.7701874576028307,0.4167755993287872,4.484568013928122,4.763530703518809,1.3641585397750187,1.346679591827282,3.90661167273564,3.90661167273564
hoptimus1,IDC,1,intercept_f64,27776,7760,1,TCL1A,0.4133583821645138,0.15690629115561372,0.20810522160796865,0.31322454216471807,0.31665219656892657,0.2639653834194439,0.4968251408682109,0.2774932822212577,0.2774932822212577
hoptimus1,IDC,1,intercept_f64,27776,7760,1,TENT5C,0.5956478769859871,-1.1733163237450763,1.8333400911785256,1.3378639289556438,2.4640319795491767,0.40281311319258656,0.9184595765897888,1.0226332096185555,1.0226332096185553
hoptimus1,IDC,1,intercept_f64,27776,7760,1,TOP2A,0.7094623031658137,0.2634389109511419,0.9840967877060849,2.9862511371191562,2.5373407675587023,1.1650199244136532,1.1558847153633682,2.6430449901097175,2.6430449901097175
hoptimus1,IDC,1,intercept_f64,27776,7760,1,TPSAB1,0.25648914465493233,-0.7949855916547055,1.4960840828741497,1.608156888639408,0.8989078111408912,0.6971976580073699,0.9129511032672731,1.2386393839802403,1.2386393839802403
hoptimus1,IDC,1,intercept_f64,27776,7760,1,TRAC,0.43680301420100737,-2.047621139116417,2.9654162129601858,1.7740661903458,3.1239447284451467,1.027418456837061,0.9864210698865583,1.333081242336553,1.3330812423365526
hoptimus1,IDC,1,intercept_f64,27776,7760,1,VWF,0.7149131196258313,0.24344227043192346,1.0400092394275002,2.0435940935901518,2.6464719897846587,0.9051204621366142,1.1724587239048745,1.6862083886136314,1.6862083886136314
hoptimus1,IDC,1,ycentered_f64,27776,7760,1,ABCC11,0.8557193043349245,0.04876974056259953,2.750549528760573,1.8472468214261295,3.161749290682606,0.9566898249679496,1.7004619021535048,1.4303826631008205,1.4303826631008205
hoptimus1,IDC,1,ycentered_f64,27776,7760,1,ADH1B,0.6335671069574788,0.326784441688328,0.9915510358451466,0.9126797676302475,1.128061735430329,0.5168750299645604,1.2136136827314978,1.2528001859500868,1.2528001859500868
hoptimus1,IDC,1,ycentered_f64,27776,7760,1,ADIPOQ,0.6941047863067196,0.15854981435147808,0.92201261627437,0.44823155132902176,0.890655954212872,0.3285287371190578,1.0467771323393877,0.4281792955146888,0.4281792955146888
hoptimus1,IDC,1,ycentered_f64,27776,7760,1,ANKRD30A,0.6948429686613492,-6.006740894691826,17.168160645030213,1.2448638085983315,5.199116954361041,0.5730683380745314,1.5653225988828379,1.1357461945904843,1.1357461945904839
hoptimus1,IDC,1,ycentered_f64,27776,7760,1,AQP1,0.7612321131106521,0.2664049990914019,1.0670041724842043,2.6140707640740053,3.2878496070651666,0.8809506243478654,1.2060210199864192,1.8784017851104107,1.8784017851104111
hoptimus1,IDC,1,ycentered_f64,27776,7760,1,AQP3,0.3914307405226398,-3.2049706258982535,9.096912692043524,1.093670509262611,3.7839536462094365,0.41024638733480673,1.470840331783436,0.8320288554666574,0.8320288554666573
hoptimus1,IDC,1,ycentered_f64,27776,7760,1,CCR7,0.7292746545476547,0.4907383020039151,0.3574396138832742,0.6714638759879676,0.793832377367413,0.4931790302730636,0.8377816317376832,0.5703554774338406,0.5703554774338405
hoptimus1,IDC,1,ycentered_f64,27776,7760,1,CD3E,0.8433812448035729,0.6789784898902798,0.5615200053658673,1.873818280379065,2.095999784736904,1.030823973295135,1.3225605070187672,1.3528803684040558,1.352880368404056
hoptimus1,IDC,1,ycentered_f64,27776,7760,1,CEACAM6,0.7289994262335239,0.11226607807834987,1.610839958512531,1.4423338174157276,2.285581184954373,0.7594088013743212,1.347053328666102,1.4173563722830076,1.4173563722830076
hoptimus1,IDC,1,ycentered_f64,27776,7760,1,CEACAM8,0.20474803009476816,-0.44086706620895333,0.22615761107026833,0.3666207000355551,0.2656357591299667,0.33720374790561797,0.3961810024838095,0.28749139112107086,0.2874913911210708
hoptimus1,IDC,1,ycentered_f64,27776,7760,1,CLIC6,0.8094343170595341,-2.3376035553344403,7.616610588478685,2.774667239424813,5.376040889230586,0.9726213484211427,1.5106487699244275,2.417622981176707,2.417622981176707
hoptimus1,IDC,1,ycentered_f64,27776,7760,1,CYTIP,0.7837392671289857,0.6027153529822009,0.36310953868141893,1.5152158788717798,1.6029867546152823,0.696016398487696,0.9560221131489753,1.4281450260670916,1.4281450260670916
hoptimus1,IDC,1,ycentered_f64,27776,7760,1,DST,0.791730642600566,0.5999130868295672,0.28114448039636974,3.7638695750834885,3.8559302318649196,0.7658894158655951,0.8382771107627446,3.4454052953890737,3.4454052953890737
hoptimus1,IDC,1,ycentered_f64,27776,7760,1,ERBB2,0.9172388337534401,0.826950403855581,0.28104346376462414,4.0413749368928125,4.184176625925856,1.2232894636947513,1.2743873434462212,3.70691287027423,3.70691287027423
hoptimus1,IDC,1,ycentered_f64,27776,7760,1,ESR1,0.8187897658947253,0.21170339529744608,1.5735282914527673,3.0811110297207764,4.037940733288367,1.1458630681207265,1.4128382687601821,2.442962965867933,2.442962965867933
hoptimus1,IDC,1,ycentered_f64,27776,7760,1,FASN,0.8754227981870837,-0.12453628703866793,2.578667000843806,2.820053352442982,4.235200322811137,1.1249525817003838,1.5142964154523701,2.5120200865648794,2.512020086564879
hoptimus1,IDC,1,ycentered_f64,27776,7760,1,GATA3,0.8753042793349477,-0.03493919545167046,2.1260807662244425,4.407354629224519,5.688249476776295,1.325309819871848,1.4332846898763942,3.945148876456175,3.945148876456175
hoptimus1,IDC,1,ycentered_f64,27776,7760,1,IL2RG,0.8444148816979453,0.6893485796325393,0.4438297635780058,1.540210292762851,1.5358270675251164,0.8254039440246972,1.1952851933120752,1.2766050607704207,1.276605060770421
hoptimus1,IDC,1,ycentered_f64,27776,7760,1,IL7R,0.7948048526518197,0.613370127120422,0.6083949366734688,1.6382299737852228,1.5368185214160643,0.860706166546685,1.254426130803568,1.3866197446764614,1.3866197446764614
hoptimus1,IDC,1,ycentered_f64,27776,7760,1,KIT,0.5234150492551309,0.2369858104569288,0.9545511593754102,1.8065028666763931,1.6164255107186505,0.6860862141965779,1.118493069665869,1.227179767718444,1.2271797677184442
hoptimus1,IDC,1,ycentered_f64,27776,7760,1,KLF5,0.807010191458363,-0.5332188927532755,1.4200455958928189,1.2327493944947543,2.259601576103992,0.5701913435632551,0.9623854835777599,1.1337703166460866,1.1337703166460866
hoptimus1,IDC,1,ycentered_f64,27776,7760,1,KRT14,0.8098580493890759,0.5557955297126429,0.9222250531551363,1.6033781960025812,1.1477918471872193,1.152464835461165,1.440877287506637,1.0547714971460849,1.0547714971460849
hoptimus1,IDC,1,ycentered_f64,27776,7760,1,KRT5,0.8431926405081336,0.6765139437369673,0.5320198313232839,1.025829865483576,0.8074585427789344,0.9865352537515031,1.282437261105283,0.577982831269949,0.577982831269949
hoptimus1,IDC,1,ycentered_f64,27776,7760,1,KRT6B,0.726398796434651,0.47522399835868123,0.5156336287765029,0.829960508131059,0.669081753968578,0.8801553938407412,0.9912509890734772,0.5578071043788013,0.5578071043788013
hoptimus1,IDC,1,ycentered_f64,27776,7760,1,MMP1,0.24529135376995,-0.06650503441174638,0.7259083553033477,0.7853133019859835,0.9184024944133365,0.46410477768889663,0.8250104368887012,0.9450016048895667,0.9450016048895667
hoptimus1,IDC,1,ycentered_f64,27776,7760,1,MMP12,0.24601068330330314,-0.04100676427034089,0.2491845263849796,0.4327342924071771,0.34813152296641436,0.2513004947505605,0.48925329530240746,0.43453797080858814,0.43453797080858786
hoptimus1,IDC,1,ycentered_f64,27776,7760,1,MS4A1,0.6895362359226761,0.1046807898436104,1.5017803470484496,0.6067302439937877,1.2857908293604852,0.4920290533931281,1.2951326646092018,0.46867086446504996,0.4686708644650499
hoptimus1,IDC,1,ycentered_f64,27776,7760,1,MUC6,0.014970702214385529,-0.06899234289417966,1.1776792018062623,0.5416114220696453,0.6661872531642619,0.2621574891610301,1.0496057602913307,0.45137714627649517,0.45137714627649517
hoptimus1,IDC,1,ycentered_f64,27776,7760,1,MYBPC1,0.5602084789869828,-6.37192979770589,22.939774383744997,0.4295972036773623,4.9344490827051635,0.2734547178114351,1.7640219129773322,0.3836000229828576,0.38360002298285745
hoptimus1,IDC,1,ycentered_f64,27776,7760,1,MYH11,0.8002871281850595,0.6364095774157874,0.5756386051441961,1.8424149771694078,1.9199410856230972,1.027004045734375,1.2582552138102079,1.1877149815761268,1.1877149815761274
hoptimus1,IDC,1,ycentered_f64,27776,7760,1,MYLK,0.7767203486134293,0.4495739960070261,0.7360361846894996,3.5325910209856244,3.0793202938800004,0.8880572095941737,1.1563787733457362,3.1785911098380106,3.1785911098380106
hoptimus1,IDC,1,ycentered_f64,27776,7760,1,OPRPN,0.2318217670545933,-0.1374927320579935,0.3443628610288201,0.2527625804415014,0.42370483810754167,0.29688226443403576,0.5502167894944475,0.2858786967664544,0.2858786967664545
hoptimus1,IDC,1,ycentered_f64,27776,7760,1,OXTR,0.7075210771119325,0.22377085770474403,0.6630358368106233,0.7854153701397946,1.232958580184843,0.46376078270365567,0.9242160993641186,0.5988898885775409,0.5988898885775409
hoptimus1,IDC,1,ycentered_f64,27776,7760,1,PIGR,0.5919481314986139,0.25914938079952177,0.5168802911124301,0.5025979395928266,0.7527921812743256,0.4617467452708906,0.8352753445838411,0.32287106979294994,0.32287106979294994
hoptimus1,IDC,1,ycentered_f64,27776,7760,1,PTGDS,0.5728979063829256,0.06738861371697957,1.1658513180011874,1.7730907000134726,1.223757450589814,0.7963847866181291,1.1180757477667396,1.998423182731709,1.998423182731709
hoptimus1,IDC,1,ycentered_f64,27776,7760,1,PTN,0.7392791920933406,0.5373613544526896,0.7611521988743906,1.9273186560780609,1.8486688194201164,0.8538848231228027,1.282669592387344,1.5158383974264706,1.5158383974264706
hoptimus1,IDC,1,ycentered_f64,27776,7760,1,PTPRC,0.8654514998880959,0.7354087255614186,0.33283886208875774,3.1219093062456578,3.0475300790415596,0.863094808732647,1.1215774145244293,2.8938731373918634,2.8938731373918634
hoptimus1,IDC,1,ycentered_f64,27776,7760,1,SCD,0.7339732704871773,0.3959072757240222,0.8402287047215664,3.742202481377459,3.4659927762968024,1.2153926161056492,1.1793615226855276,3.6347745476410758,3.6347745476410753
hoptimus1,IDC,1,ycentered_f64,27776,7760,1,SCGB2A1,0.3768965434588243,-1.316666147960854,1.3428223740855398,1.4737357691200388,0.6451169546424728,0.6855876127017771,0.7613380897739601,1.277536685694404,1.277536685694404
hoptimus1,IDC,1,ycentered_f64,27776,7760,1,SERHL2,0.6724630733371446,0.4423702083497766,0.7612015604180358,1.9416238007315112,2.0229376959278413,0.868234431182033,1.1683604596346369,1.5898534568833527,1.5898534568833522
hoptimus1,IDC,1,ycentered_f64,27776,7760,1,SERPINA3,0.521407063140974,-3.7348134195359046,13.190181127484584,2.062680945749152,5.389553958315824,1.1763176847716323,1.6690676694156503,1.9562705247083567,1.9562705247083567
hoptimus1,IDC,1,ycentered_f64,27776,7760,1,SFRP1,0.7227890385388631,0.3715777291217689,1.292462174862406,1.2609393179063213,1.8136299679267038,0.9674576278236838,1.434112222162011,1.0192135661917692,1.0192135661917692
hoptimus1,IDC,1,ycentered_f64,27776,7760,1,SLAMF7,0.7141192974226069,0.5088385235919819,0.5359258313389248,1.4376380920264604,1.4642864551587202,0.723137589245906,1.0445763697643686,1.1802193133400813,1.1802193133400813
hoptimus1,IDC,1,ycentered_f64,27776,7760,1,TACSTD2,0.9078295228451283,0.7701874576028308,0.41677559932878705,4.484568013928123,4.763530703518809,1.3641585397750193,1.346679591827282,3.90661167273564,3.90661167273564
hoptimus1,IDC,1,ycentered_f64,27776,7760,1,TCL1A,0.4133583821645138,0.1569062911556135,0.2081052216079687,0.31322454216471807,0.31665219656892657,0.2639653834194439,0.4968251408682109,0.2774932822212577,0.2774932822212577
hoptimus1,IDC,1,ycentered_f64,27776,7760,1,TENT5C,0.5956478769859872,-1.1733163237450768,1.8333400911785258,1.3378639289556438,2.4640319795491767,0.40281311319258656,0.9184595765897888,1.0226332096185553,1.0226332096185553
hoptimus1,IDC,1,ycentered_f64,27776,7760,1,TOP2A,0.7094623031658138,0.26343891095114136,0.9840967877060857,2.986251137119157,2.5373407675587023,1.1650199244136537,1.1558847153633682,2.6430449901097175,2.6430449901097175
hoptimus1,IDC,1,ycentered_f64,27776,7760,1,TPSAB1,0.25648914465493244,-0.7949855916547055,1.4960840828741497,1.6081568886394082,0.8989078111408912,0.6971976580073699,0.9129511032672731,1.23863938398024,1.2386393839802403
hoptimus1,IDC,1,ycentered_f64,27776,7760,1,TRAC,0.4368030142010074,-2.047621139116418,2.9654162129601866,1.7740661903457995,3.1239447284451467,1.0274184568370612,0.9864210698865583,1.3330812423365526,1.3330812423365526
hoptimus1,IDC,1,ycentered_f64,27776,7760,1,VWF,0.7149131196258313,0.24344227043192335,1.0400092394275005,2.0435940935901513,2.6464719897846587,0.9051204621366141,1.1724587239048745,1.6862083886136308,1.6862083886136314
hoptimus1,IDC,2,nointercept_f64,31526,4010,1,ABCC11,0.687303252945268,-2.15613075221743,8.185828950546076,0.2631390954396629,2.8684977291230846,1.2786408472587865,1.6104744504713315,-1.1539614309115374e-16,1.673628352858017
hoptimus1,IDC,2,nointercept_f64,31526,4010,1,ADH1B,0.5279504120699625,-1.7286607674744405,5.461316483308885,0.323022761308467,2.326383223676325,0.6815578106636304,1.4147310943297302,-4.327355365918265e-17,1.0855401987231776
hoptimus1,IDC,2,nointercept_f64,31526,4010,1,ADIPOQ,0.6722426430320839,-0.16082058449765269,1.2671218261368118,0.07619589353278425,0.8740108212925252,0.5225363235196461,1.0447842943734158,8.65471073183653e-17,0.4853078387212097
hoptimus1,IDC,2,nointercept_f64,31526,4010,1,ANKRD30A,0.6392786911723979,-7.967121958266535,13.105028828762032,1.2277161565274473,4.696482165912143,1.2294464536644074,1.208905774617846,0.0,1.683015301068301
hoptimus1,IDC,2,nointercept_f64,31526,4010,1,AQP1,0.6417160338985753,-6.140385991124013,10.348742580036534,-0.0036131673815465912,3.07744270646364,0.8303701679541423,1.20387930109777,2.884903577278844e-16,2.0728178545052742
hoptimus1,IDC,2,nointercept_f64,31526,4010,1,AQP3,0.12281436231164237,-1.7114909257061108,2.352264188705906,0.36925100312417547,1.4133082326213617,0.75296411037434,0.9314058701802052,3.461884292734612e-16,1.4846966875345886
hoptimus1,IDC,2,nointercept_f64,31526,4010,1,CCR7,0.6882241170921328,-1.270036125115352,2.64808943655021,0.08847193160311902,1.4914636820331773,0.487011138756311,1.0800651177820368,-7.21225894319711e-17,0.5082015994614109
hoptimus1,IDC,2,nointercept_f64,31526,4010,1,CD3E,0.7654816342718095,-4.620687086912379,7.962432723358944,0.07805545700985195,2.7920269678655707,0.8098364865745389,1.1902225767187171,-8.65471073183653e-17,1.3527417148134395
hoptimus1,IDC,2,nointercept_f64,31526,4010,1,CEACAM6,0.44383120785702573,-8.440230312400326,16.57604116279417,0.033990609917599626,3.907443029208671,0.9911108377695625,1.3251014015682356,-5.769807154557687e-17,1.314335914630844
hoptimus1,IDC,2,nointercept_f64,31526,4010,1,CEACAM8,0.5894577454716244,-0.8723558866305905,1.8955539125989858,0.016777958707210647,1.0139828303508331,0.10267790785171059,1.0061758059447596,-2.5242906301189882e-17,0.18970447316248693
hoptimus1,IDC,2,nointercept_f64,31526,4010,1,CLIC6,0.11223485734255162,-12.964279028981322,5.130512151356984,-1.266142085251556,0.6769386407145835,1.0641095184231373,0.6061374271501302,8.65471073183653e-17,3.3672349576961267
hoptimus1,IDC,2,nointercept_f64,31526,4010,1,CYTIP,0.7713943766483152,-6.442457211438002,9.597089376619465,-0.4567285388058793,2.543824103853649,0.6084100857966045,1.1355639490545193,0.0,1.3292710398845713
hoptimus1,IDC,2,nointercept_f64,31526,4010,1,DST,0.6523556100418664,-21.901709780389343,24.08451510787157,-0.7530234736004094,4.092562783299539,0.6956178533640534,1.0254984307866462,-9.736549573316097e-17,3.4641381501924613
hoptimus1,IDC,2,nointercept_f64,31526,4010,1,ERBB2,0.6926761152847414,-44.22178895599181,44.05452248874637,-0.6555589984520512,5.890963779780038,1.514815525654214,0.9870096065881974,-2.307922861823075e-16,3.5465856037874675
hoptimus1,IDC,2,nointercept_f64,31526,4010,1,ESR1,0.4939630191866284,-8.737671309661284,10.536300620333126,-0.9885891976118116,2.0925302012900167,0.9881620157321132,1.04019921370438,-5.769807154557687e-17,2.8801342803746897
hoptimus1,IDC,2,nointercept_f64,31526,4010,1,FASN,0.8314228141355301,-6.019835284075474,18.68200873185073,-0.6910725242006576,3.533942926257031,1.2583225537919882,1.6313544218657725,-5.769807154557687e-17,2.8061889645102394
hoptimus1,IDC,2,nointercept_f64,31526,4010,1,GATA3,0.7996988177145352,-15.805510971250907,34.18945255348332,-1.2567443568068866,4.524707188243581,1.3164175321276699,1.4263306428997098,-5.769807154557687e-17,4.300488336844953
hoptimus1,IDC,2,nointercept_f64,31526,4010,1,IL2RG,0.7764702187832443,-5.236662756558986,8.053627377462789,-0.26835763215887726,2.471504631571639,0.6979653415841196,1.1363696751020662,-1.442451788639422e-16,1.1884243684372215
hoptimus1,IDC,2,nointercept_f64,31526,4010,1,IL7R,0.7536003854973423,-4.908393439022974,10.09420938144951,-0.02311271332168893,3.028197004283753,0.7716620493028952,1.3070778373328034,2.8849035772788435e-17,1.2147875330566582
hoptimus1,IDC,2,nointercept_f64,31526,4010,1,KIT,0.33063036905983434,-2.8056243366890725,3.99339484646889,-0.34289055329694634,1.398925807351186,0.4962975233516038,1.0243731078492748,-2.1636776829591326e-17,1.3011455529989842
hoptimus1,IDC,2,nointercept_f64,31526,4010,1,KLF5,0.7271697005556433,-3.1614998737137405,7.502461872130797,0.011359331703268796,2.572656024156366,0.6719230132726185,1.3426937136590462,2.8849035772788435e-17,1.2278678515784323
hoptimus1,IDC,2,nointercept_f64,31526,4010,1,KRT14,0.7000520851524845,-0.7928362726147604,3.887393014151024,0.07552362520390991,1.7422444832592534,0.969486590347384,1.4725122276036873,-3.461884292734612e-16,0.9902238616073358
hoptimus1,IDC,2,nointercept_f64,31526,4010,1,KRT5,0.7239020082856364,0.05612753755569022,1.825832985599533,0.4745893553692022,1.413709894171974,0.8545937119339221,1.3908294132074004,-1.8751873252312484e-16,0.52816572789726
hoptimus1,IDC,2,nointercept_f64,31526,4010,1,KRT6B,0.6820646694331933,-0.7006223771185653,2.887180809633966,0.19025575120044172,1.5614027039665832,0.5737199146176597,1.3029658899159788,-1.0818388414795664e-16,0.4575429708531293
hoptimus1,IDC,2,nointercept_f64,31526,4010,1,MMP1,0.12426213783396453,-2.509778891391819,2.303372186889293,-0.5530670142268537,0.6979816578867429,0.4041622565397601,0.8101066185747824,1.8030647357992774e-16,0.9698744365264942
hoptimus1,IDC,2,nointercept_f64,31526,4010,1,MMP12,0.3232126035337373,-0.611607830160541,1.0473686191824734,0.0168379866026509,0.697278268408597,0.3092518005719493,0.8061578631969902,2.8849035772788435e-17,0.37984969355707154
hoptimus1,IDC,2,nointercept_f64,31526,4010,1,MS4A1,0.651719882281214,-0.2937420408599847,1.7045715507405061,0.2461799750617602,1.2138980122575735,0.6472913946092926,1.147846389196366,-5.769807154557687e-17,0.575011347397885
hoptimus1,IDC,2,nointercept_f64,31526,4010,1,MUC6,0.06563287240040508,-3.218042319015587,0.9260485663307392,0.7430046086798099,0.3557743242851219,0.7774134789351659,0.4685559050769763,-2.1636776829591328e-16,0.5164121569227705
hoptimus1,IDC,2,nointercept_f64,31526,4010,1,MYBPC1,0.2576900861687296,-4.560727035371473,1.499245290873996,0.783779234526679,0.39643926691830605,1.1814216639037989,0.5192428897128669,1.1539614309115374e-16,1.5021403812669387
hoptimus1,IDC,2,nointercept_f64,31526,4010,1,MYH11,0.6907688111945028,-1.0782884618941426,3.245195921842935,0.1550788278676159,1.7132274352404244,0.8320400671559841,1.2495900185687732,0.0,1.3011061389767065
hoptimus1,IDC,2,nointercept_f64,31526,4010,1,MYLK,0.6796863810404351,-14.486761604834765,19.873492118921288,-1.1274992700431727,3.2523413716706253,0.7620806070631891,1.1328092507914846,5.769807154557687e-17,3.1447752092549064
hoptimus1,IDC,2,nointercept_f64,31526,4010,1,OPRPN,0.21429353060734255,-0.7169061379863948,1.3795122950288794,-0.038006087230438204,0.7444928985284154,0.16723089685282091,0.896374536901377,-1.4063904939234363e-16,0.2614698884095863
hoptimus1,IDC,2,nointercept_f64,31526,4010,1,OXTR,0.6246188853463613,-0.6179510352193482,1.4428921415759839,0.234466026424368,1.17296491837561,0.4547852330061883,0.9443527447912912,2.8849035772788435e-17,0.681942993233457
hoptimus1,IDC,2,nointercept_f64,31526,4010,1,PIGR,0.43584091004822834,-0.011611054716046842,0.48477999492532675,0.12235992358872037,0.40857804368558964,0.4228486572269206,0.6922541398352573,-1.8751873252312484e-16,0.4177928124747361
hoptimus1,IDC,2,nointercept_f64,31526,4010,1,PTGDS,0.6668800935610826,-4.756363373101902,12.087569841694947,-0.35031368648567496,2.9469403692611733,0.7434499222274403,1.4490901274260113,8.65471073183653e-17,1.687094121023777
hoptimus1,IDC,2,nointercept_f64,31526,4010,1,PTN,0.6218595968452018,-5.873740198708606,8.075878231199837,-0.3896972712307676,2.3182231204765396,0.8240386470574488,1.0839227317133935,-1.8391260305152627e-16,1.4957026788208725
hoptimus1,IDC,2,nointercept_f64,31526,4010,1,PTPRC,0.7759486192925746,-16.49308554216014,20.653763364442224,-1.0595254319979237,3.431546361844736,0.7238082790695354,1.0865917129721785,0.0,2.8633049789558305
hoptimus1,IDC,2,nointercept_f64,31526,4010,1,SCD,0.7782747906719014,-14.885327684240025,36.45958910946325,-1.4106400461228754,4.552104948256676,1.1617261147653002,1.5149831272342977,-4.327355365918265e-17,3.476548275608464
hoptimus1,IDC,2,nointercept_f64,31526,4010,1,SCGB2A1,0.41414997681033966,-3.9713237617820916,1.74193816237192,-0.8113878191091275,0.3623620992884077,0.5170950676365815,0.5919436184825252,-4.183110187054323e-16,1.2382761698828535
hoptimus1,IDC,2,nointercept_f64,31526,4010,1,SERHL2,0.7331348845331306,-1.9464862772399045,6.8683061184377445,0.6112743454538028,3.010357716612685,1.3052811646543545,1.5267664580901608,-2.5964132195509593e-16,1.515772114926574
hoptimus1,IDC,2,nointercept_f64,31526,4010,1,SERPINA3,0.317439232708138,-7.920643403578172,15.476560552183928,-0.2689926599945126,3.3798672769432354,1.1941921590861881,1.3171618277324497,-1.1539614309115374e-16,2.6202829737450912
hoptimus1,IDC,2,nointercept_f64,31526,4010,1,SFRP1,0.6186712337668122,-2.3114101699832252,6.286340425117096,0.7006041400605566,2.962143489636685,0.8495634474364768,1.3778199181337625,-1.1539614309115374e-16,0.9676219365669826
hoptimus1,IDC,2,nointercept_f64,31526,4010,1,SLAMF7,0.6463242529127915,-3.6371478615757127,6.488006078307154,-0.16959284860389232,2.206923146973227,0.6047893768597923,1.1828513011813815,-8.65471073183653e-17,1.1195480784115692
hoptimus1,IDC,2,nointercept_f64,31526,4010,1,TACSTD2,0.8399281568772797,-10.995771425563895,28.482876093215623,-1.1277980831462564,4.1375901991589705,1.5376676406349694,1.5409119718907678,-3.461884292734612e-16,4.088159214064062
hoptimus1,IDC,2,nointercept_f64,31526,4010,1,TCL1A,0.33127697566023634,-0.43843550764843897,0.6091057605334264,0.0495888365262812,0.5278225283670307,0.27404788543807546,0.6507304896795661,1.4424517886394218e-17,0.25529106494958864
hoptimus1,IDC,2,nointercept_f64,31526,4010,1,TENT5C,0.5573327049760551,-6.026529458952257,10.256246001763833,0.3073149917449477,3.348518117615707,0.6405073653553852,1.2081581248019946,-5.769807154557687e-17,1.081583154857185
hoptimus1,IDC,2,nointercept_f64,31526,4010,1,TOP2A,0.7928674994068893,-6.291993294612886,15.2158571139957,-1.362807178593034,2.4327016429116304,0.958051870519684,1.4445250595032393,-1.6588195569353351e-16,2.6437812730275776
hoptimus1,IDC,2,nointercept_f64,31526,4010,1,TPSAB1,0.11307510433337237,-5.575004224881043,5.771972750262898,-0.7828536117278578,1.4088245426627466,0.4251284609284688,0.9369450431581421,3.606129471598555e-17,1.133368829785284
hoptimus1,IDC,2,nointercept_f64,31526,4010,1,TRAC,0.7081806580552581,-6.080158091620248,9.059130700733993,0.10767528893436154,3.0096049151218445,0.812240431366546,1.1311541291883946,1.1539614309115374e-16,1.5606470840016438
hoptimus1,IDC,2,nointercept_f64,31526,4010,1,VWF,0.610929216702945,-6.931317681294359,9.87023351006559,-0.32314285553431865,2.6915726348943543,0.7232072379320771,1.1155551383033113,4.038865008190381e-16,1.7946945561420673
hoptimus1,IDC,2,intercept_f64,31526,4010,1,ABCC11,0.6873032529452696,0.12629849175813046,2.2660566566442935,1.9367674482976842,2.8684977291230846,1.2786408472587953,1.6104744504713315,1.673628352858021,1.673628352858017
hoptimus1,IDC,2,intercept_f64,31526,4010,1,ADH1B,0.5279504120699572,-0.144291028082139,2.290257377486919,1.4085629600316452,2.326383223676325,0.6815578106636294,1.4147310943297302,1.0855401987231788,1.0855401987231776
hoptimus1,IDC,2,intercept_f64,31526,4010,1,ADIPOQ,0.6722426430320828,0.332822419808133,0.7282738478798634,0.5615037322539952,0.8740108212925252,0.522536323519646,1.0447842943734158,0.4853078387212108,0.4853078387212097
hoptimus1,IDC,2,intercept_f64,31526,4010,1,ANKRD30A,0.6392786911723999,-1.9159995510487393,4.2615967931519245,2.910731457595754,4.696482165912143,1.2294464536644159,1.208905774617846,1.6830153010683073,1.683015301068301
hoptimus1,IDC,2,intercept_f64,31526,4010,1,AQP1,0.6417160338985767,-0.29189843950703565,1.872381185923064,2.069204687123729,3.07744270646364,0.8303701679541445,1.20387930109777,2.0728178545052764,2.0728178545052742
hoptimus1,IDC,2,intercept_f64,31526,4010,1,AQP3,0.12281436231164258,-0.6787820855174891,1.4563718222200743,1.8539476906587689,1.4133082326213617,0.7529641103743451,0.9314058701802052,1.484696687534593,1.4846966875345886
hoptimus1,IDC,2,intercept_f64,31526,4010,1,CCR7,0.6882241170921326,-0.2690110610972698,1.4803529990459035,0.5966735310645312,1.4914636820331773,0.4870111387563111,1.0800651177820368,0.5082015994614115,0.5082015994614109
hoptimus1,IDC,2,intercept_f64,31526,4010,1,CD3E,0.765481634271809,-0.7292717901008561,2.449737919255779,1.4307971718232935,2.7920269678655707,0.8098364865745387,1.1902225767187171,1.3527417148134404,1.3527417148134395
hoptimus1,IDC,2,intercept_f64,31526,4010,1,CEACAM6,0.4438312078570256,-3.6252712733542953,8.121484802706682,1.3483265245484455,3.907443029208671,0.9911108377695702,1.3251014015682356,1.3143359146308469,1.314335914630844
hoptimus1,IDC,2,intercept_f64,31526,4010,1,CEACAM8,0.5894577454716273,-0.5341850767742178,1.5531932501164019,0.20648243186969797,1.0139828303508331,0.10267790785171152,1.0061758059447596,0.1897044731624872,0.18970447316248693
hoptimus1,IDC,2,intercept_f64,31526,4010,1,CLIC6,0.11223485734255338,-8.208331400496402,3.383164719490371,2.1010928724445757,0.6769386407145835,1.0641095184231557,0.6061374271501302,3.367234957696131,3.3672349576961267
hoptimus1,IDC,2,intercept_f64,31526,4010,1,CYTIP,0.771394376648315,-1.6265537116902276,3.386955411022411,0.8725425010786918,2.543824103853649,0.608410085796605,1.1355639490545193,1.3292710398845715,1.3292710398845713
hoptimus1,IDC,2,intercept_f64,31526,4010,1,DST,0.652355610041879,-1.3897826275849279,2.5132078063395893,2.711114676592054,4.092562783299539,0.6956178533640685,1.0254984307866462,3.464138150192462,3.4641381501924613
hoptimus1,IDC,2,intercept_f64,31526,4010,1,ERBB2,0.6926761152847413,-9.467369168513518,10.19718505344954,2.891026605335421,5.890963779780038,1.5148155256542355,0.9870096065881974,3.54658560378747,3.5465856037874675
hoptimus1,IDC,2,intercept_f64,31526,4010,1,ESR1,0.4939630191866304,-0.0012795427830945005,1.0833988879133107,1.891545082762883,2.0925302012900167,0.98816201573213,1.04019921370438,2.880134280374693,2.8801342803746897
hoptimus1,IDC,2,intercept_f64,31526,4010,1,FASN,0.8314228141355314,-0.06876464004705962,2.8443217724704946,2.1151164403095852,3.533942926257031,1.258322553792005,1.6313544218657725,2.8061889645102434,2.8061889645102394
hoptimus1,IDC,2,intercept_f64,31526,4010,1,GATA3,0.7996988177145391,-0.45374303927650206,2.957522609775251,3.0437439800380726,4.524707188243581,1.3164175321276927,1.4263306428997098,4.300488336844957,4.300488336844953
hoptimus1,IDC,2,intercept_f64,31526,4010,1,IL2RG,0.7764702187832438,-1.2873532590716485,2.9537416962003618,0.9200667362783452,2.471504631571639,0.6979653415841199,1.1363696751020662,1.188424368437222,1.1884243684372215
hoptimus1,IDC,2,intercept_f64,31526,4010,1,IL7R,0.7536003854973409,-1.4329223019651036,4.156532123035959,1.19167481973497,3.028197004283753,0.7716620493028948,1.3070778373328034,1.2147875330566587,1.2147875330566582
hoptimus1,IDC,2,intercept_f64,31526,4010,1,KIT,0.3306303690598337,-0.09941590201698092,1.153661372961538,0.9582549997020385,1.398925807351186,0.4962975233516066,1.0243731078492748,1.3011455529989848,1.3011455529989842
hoptimus1,IDC,2,intercept_f64,31526,4010,1,KLF5,0.7271697005556458,-0.5088827110083407,2.720253599035944,1.2392271832817043,2.572656024156366,0.6719230132726254,1.3426937136590462,1.227867851578435,1.2278678515784323
hoptimus1,IDC,2,intercept_f64,31526,4010,1,KRT14,0.7000520851524835,0.27727326695447485,1.5670827816774482,1.065747486811248,1.7422444832592534,0.9694865903473882,1.4725122276036873,0.9902238616073376,0.9902238616073358
hoptimus1,IDC,2,intercept_f64,31526,4010,1,KRT5,0.7239020082856362,0.4247488928795289,1.1127694558047105,1.002755083266463,1.413709894171974,0.8545937119339239,1.3908294132074004,0.5281657278972614,0.52816572789726
hoptimus1,IDC,2,intercept_f64,31526,4010,1,KRT6B,0.6820646694331933,-0.08487203995763193,1.841809079321407,0.6477987220535717,1.5614027039665832,0.5737199146176613,1.3029658899159788,0.45754297085313017,0.4575429708531293
hoptimus1,IDC,2,intercept_f64,31526,4010,1,MMP1,0.12426213783396782,-0.24537911752438202,0.8173083576500879,0.4168074222996411,0.6979816578867429,0.4041622565397639,0.8101066185747824,0.9698744365264946,0.9698744365264942
hoptimus1,IDC,2,intercept_f64,31526,4010,1,MMP12,0.3232126035337361,-0.03821235025394398,0.6747243438221213,0.3966876801597227,0.697278268408597,0.3092518005719509,0.8061578631969902,0.3798496935570717,0.37984969355707154
hoptimus1,IDC,2,intercept_f64,31526,4010,1,MS4A1,0.6517198822812127,0.29998029510959023,0.9223118954384317,0.8211913224596471,1.2138980122575735,0.6472913946092922,1.147846389196366,0.5750113473978862,0.575011347397885
hoptimus1,IDC,2,intercept_f64,31526,4010,1,MUC6,0.06563287240040566,-6.254428815124733,1.5926709349285306,1.2594167656025814,0.3557743242851219,0.7774134789351683,0.4685559050769763,0.5164121569227712,0.5164121569227705
hoptimus1,IDC,2,intercept_f64,31526,4010,1,MYBPC1,0.2576900861687316,-17.245951686060277,4.919349029153148,2.285919615793624,0.39643926691830605,1.181421663903806,0.5192428897128669,1.5021403812669445,1.5021403812669387
hoptimus1,IDC,2,intercept_f64,31526,4010,1,MYH11,0.6907688111945028,0.43422754230308547,0.8834396697442668,1.4561849668443234,1.7132274352404244,0.8320400671559866,1.2495900185687732,1.3011061389767078,1.3011061389767065
hoptimus1,IDC,2,intercept_f64,31526,4010,1,MYLK,0.6796863810404331,-0.7267585855377532,2.2158746945682286,2.017275939211734,3.2523413716706253,0.7620806070632,1.1328092507914846,3.1447752092549055,3.1447752092549064
hoptimus1,IDC,2,intercept_f64,31526,4010,1,OPRPN,0.21429353060734177,-0.2927135738783726,1.0386789525998366,0.22346380117914874,0.7444928985284154,0.16723089685282186,0.896374536901377,0.2614698884095868,0.2614698884095863
hoptimus1,IDC,2,intercept_f64,31526,4010,1,OXTR,0.6246188853463647,0.29588313830434554,0.6279329005491614,0.9164090196578264,1.17296491837561,0.4547852330061915,0.9443527447912912,0.6819429932334584,0.681942993233457
hoptimus1,IDC,2,intercept_f64,31526,4010,1,PIGR,0.43584091004822806,0.12321111389847128,0.4201710823278724,0.5401527360634573,0.40857804368558964,0.42284865722692266,0.6922541398352573,0.4177928124747372,0.4177928124747361
hoptimus1,IDC,2,intercept_f64,31526,4010,1,PTGDS,0.6668800935610787,-0.813595460527017,3.8083005489433264,1.3367804345381018,2.9469403692611733,0.7434499222274384,1.4490901274260113,1.687094121023776,1.687094121023777
hoptimus1,IDC,2,intercept_f64,31526,4010,1,PTN,0.6218595968452023,-0.8831720531753924,2.2125171668112054,1.1060054075901058,2.3182231204765396,0.8240386470574534,1.0839227317133935,1.495702678820873,1.4957026788208725
hoptimus1,IDC,2,intercept_f64,31526,4010,1,PTPRC,0.775948619292571,-1.6541130491812068,3.133662310639893,1.8037795469579079,3.431546361844736,0.7238082790695375,1.0865917129721785,2.8633049789558305,2.8633049789558305
hoptimus1,IDC,2,intercept_f64,31526,4010,1,SCD,0.7782747906719029,-2.0875374805356284,7.08643536589292,2.065908229485591,4.552104948256676,1.1617261147653204,1.5149831272342977,3.4765482756084656,3.476548275608464
hoptimus1,IDC,2,intercept_f64,31526,4010,1,SCGB2A1,0.4141499768103407,-0.051415018904192866,0.36841292856445573,0.4268883507737271,0.3623620992884077,0.5170950676365874,0.5919436184825252,1.2382761698828537,1.2382761698828535
hoptimus1,IDC,2,intercept_f64,31526,4010,1,SERHL2,0.7331348845331312,0.18793177729543942,1.8929438720533613,2.127046460380379,3.010357716612685,1.3052811646543636,1.5267664580901608,1.5157721149265762,1.515772114926574
hoptimus1,IDC,2,intercept_f64,31526,4010,1,SERPINA3,0.3174392327081401,-0.8562014631612564,3.220352282005199,2.351290313750587,3.3798672769432354,1.1941921590862024,1.3171618277324497,2.620282973745098,2.6202829737450912
hoptimus1,IDC,2,intercept_f64,31526,4010,1,SFRP1,0.6186712337668103,-0.49916817673085756,2.8460024671241566,1.6682260766275419,2.962143489636685,0.8495634474364776,1.3778199181337625,0.9676219365669847,0.9676219365669826
hoptimus1,IDC,2,intercept_f64,31526,4010,1,SLAMF7,0.6463242529127897,-0.7297418327771461,2.4201461458567395,0.9499552298076779,2.206923146973227,0.6047893768597938,1.1828513011813815,1.1195480784115701,1.1195480784115692
hoptimus1,IDC,2,intercept_f64,31526,4010,1,TACSTD2,0.8399281568772811,0.09685737711160247,2.1444306088903957,2.96036113091781,4.1375901991589705,1.5376676406349945,1.5409119718907678,4.088159214064064,4.088159214064062
hoptimus1,IDC,2,intercept_f64,31526,4010,1,TCL1A,0.3312769756602363,-0.015707966784419547,0.43010171140692594,0.3048799014758705,0.5278225283670307,0.27404788543807507,0.6507304896795661,0.25529106494958886,0.25529106494958864
hoptimus1,IDC,2,intercept_f64,31526,4010,1,TENT5C,0.557332704976059,-2.3209694670329952,4.847439979752934,1.3888981466021364,3.348518117615707,0.6405073653553887,1.2081581248019946,1.081583154857188,1.081583154857185
hoptimus1,IDC,2,intercept_f64,31526,4010,1,TOP2A,0.7928674994068912,-0.023862907093334718,2.1364462457969777,1.280974094434545,2.4327016429116304,0.9580518705196996,1.4445250595032393,2.64378127302758,2.6437812730275776
hoptimus1,IDC,2,intercept_f64,31526,4010,1,TPSAB1,0.11307510433337531,-1.3791082139075077,2.0885382443764455,0.35051521805742564,1.4088245426627466,0.42512846092846873,0.9369450431581421,1.1333688297852837,1.133368829785284
hoptimus1,IDC,2,intercept_f64,31526,4010,1,TRAC,0.7081806580552567,-0.9046155507583857,2.4369740033618617,1.6683223729360088,3.0096049151218445,0.8122404313665458,1.1311541291883946,1.5606470840016462,1.5606470840016438
hoptimus1,IDC,2,intercept_f64,31526,4010,1,VWF,0.6109292167029462,-0.8242202585410106,2.2701751019325678,1.4715517006077499,2.6915726348943543,0.723207237932078,1.1155551383033113,1.7946945561420689,1.7946945561420673
hoptimus1,IDC,2,ycentered_f64,31526,4010,1,ABCC11,0.6873032529452695,0.12629849175812768,2.2660566566443006,1.9367674482976796,2.8684977291230846,1.278640847258795,1.6104744504713315,1.6736283528580167,1.673628352858017
hoptimus1,IDC,2,ycentered_f64,31526,4010,1,ADH1B,0.527950412069957,-0.14429102808214012,2.2902573774869213,1.4085629600316438,2.326383223676325,0.6815578106636294,1.4147310943297302,1.0855401987231776,1.0855401987231776
hoptimus1,IDC,2,ycentered_f64,31526,4010,1,ADIPOQ,0.6722426430320829,0.3328224198081323,0.7282738478798642,0.5615037322539942,0.8740108212925252,0.5225363235196461,1.0447842943734158,0.48530783872120975,0.4853078387212097
hoptimus1,IDC,2,ycentered_f64,31526,4010,1,ANKRD30A,0.6392786911724,-1.9159995510487553,4.2615967931519485,2.9107314575957473,4.696482165912143,1.2294464536644152,1.208905774617846,1.683015301068301,1.683015301068301
hoptimus1,IDC,2,ycentered_f64,31526,4010,1,AQP1,0.6417160338985767,-0.2918984395070374,1.8723811859230663,2.0692046871237273,3.07744270646364,0.8303701679541444,1.20387930109777,2.0728178545052747,2.0728178545052742
hoptimus1,IDC,2,ycentered_f64,31526,4010,1,AQP3,0.12281436231164246,-0.6787820855174851,1.456371822220071,1.8539476906587653,1.4133082326213617,0.7529641103743451,0.9314058701802052,1.484696687534589,1.4846966875345886
hoptimus1,IDC,2,ycentered_f64,31526,4010,1,CCR7,0.6882241170921325,-0.26901106109727135,1.4803529990459052,0.5966735310645298,1.4914636820331773,0.48701113875631097,1.0800651177820368,0.5082015994614109,0.5082015994614109
hoptimus1,IDC,2,ycentered_f64,31526,4010,1,CD3E,0.7654816342718092,-0.7292717901008587,2.4497379192557824,1.4307971718232921,2.7920269678655707,0.8098364865745388,1.1902225767187171,1.3527417148134393,1.3527417148134395
hoptimus1,IDC,2,ycentered_f64,31526,4010,1,CEACAM6,0.44383120785702584,-3.625271273354299,8.12148480270669,1.3483265245484437,3.907443029208671,0.9911108377695704,1.3251014015682356,1.314335914630844,1.314335914630844
hoptimus1,IDC,2,ycentered_f64,31526,4010,1,CEACAM8,0.5894577454716272,-0.534185076774218,1.553193250116402,0.20648243186969756,1.0139828303508331,0.10267790785171149,1.0061758059447596,0.1897044731624869,0.18970447316248693
hoptimus1,IDC,2,ycentered_f64,31526,4010,1,CLIC6,0.11223485734255328,-8.20833140049636,3.383164719490356,2.10109287244457,0.6769386407145835,1.064109518423155,0.6061374271501302,3.3672349576961267,3.3672349576961267
hoptimus1,IDC,2,ycentered_f64,31526,4010,1,CYTIP,0.7713943766483151,-1.6265537116902284,3.3869554110224125,0.8725425010786915,2.543824103853649,0.608410085796605,1.1355639490545193,1.3292710398845713,1.3292710398845713
hoptimus1,IDC,2,ycentered_f64,31526,4010,1,DST,0.6523556100418791,-1.3897826275849297,2.513207806339591,2.7111146765920533,4.092562783299539,0.6956178533640682,1.0254984307866462,3.4641381501924613,3.4641381501924613
hoptimus1,IDC,2,ycentered_f64,31526,4010,1,ERBB2,0.6926761152847414,-9.467369168513535,10.197185053449557,2.8910266053354166,5.890963779780038,1.514815525654235,0.9870096065881974,3.5465856037874675,3.5465856037874675
hoptimus1,IDC,2,ycentered_f64,31526,4010,1,ESR1,0.4939630191866303,-0.0012795427830949446,1.0833988879133112,1.8915450827628795,2.0925302012900167,0.9881620157321298,1.04019921370438,2.8801342803746897,2.8801342803746897
hoptimus1,IDC,2,ycentered_f64,31526,4010,1,FASN,0.8314228141355313,-0.0687646400470654,2.84432177247051,2.11511644030958,3.533942926257031,1.2583225537920046,1.6313544218657725,2.8061889645102394,2.8061889645102394
hoptimus1,IDC,2,ycentered_f64,31526,4010,1,GATA3,0.7996988177145391,-0.45374303927650805,2.9575226097752636,3.0437439800380677,4.524707188243581,1.3164175321276925,1.4263306428997098,4.300488336844953,4.300488336844953
hoptimus1,IDC,2,ycentered_f64,31526,4010,1,IL2RG,0.776470218783244,-1.2873532590716534,2.9537416962003684,0.9200667362783439,2.471504631571639,0.6979653415841199,1.1363696751020662,1.1884243684372215,1.1884243684372215
hoptimus1,IDC,2,ycentered_f64,31526,4010,1,IL7R,0.7536003854973405,-1.4329223019651054,4.156532123035961,1.1916748197349691,3.028197004283753,0.7716620493028948,1.3070778373328034,1.2147875330566582,1.2147875330566582
hoptimus1,IDC,2,ycentered_f64,31526,4010,1,KIT,0.3306303690598337,-0.09941590201698114,1.1536613729615381,0.9582549997020376,1.398925807351186,0.4962975233516066,1.0243731078492748,1.3011455529989842,1.3011455529989842
hoptimus1,IDC,2,ycentered_f64,31526,4010,1,KLF5,0.7271697005556461,-0.5088827110083454,2.720253599035952,1.239227183281702,2.572656024156366,0.671923013272625,1.3426937136590462,1.2278678515784323,1.2278678515784323
hoptimus1,IDC,2,ycentered_f64,31526,4010,1,KRT14,0.7000520851524836,0.2772732669544732,1.5670827816774517,1.0657474868112462,1.7422444832592534,0.9694865903473882,1.4725122276036873,0.9902238616073354,0.9902238616073358
hoptimus1,IDC,2,ycentered_f64,31526,4010,1,KRT5,0.7239020082856362,0.42474889287952844,1.1127694558047114,1.0027550832664618,1.413709894171974,0.8545937119339239,1.3908294132074004,0.5281657278972599,0.52816572789726
hoptimus1,IDC,2,ycentered_f64,31526,4010,1,KRT6B,0.6820646694331932,-0.0848720399576326,1.8418090793214084,0.6477987220535707,1.5614027039665832,0.5737199146176613,1.3029658899159788,0.4575429708531292,0.4575429708531293
hoptimus1,IDC,2,ycentered_f64,31526,4010,1,MMP1,0.12426213783396778,-0.24537911752438246,0.8173083576500881,0.4168074222996403,0.6979816578867429,0.40416225653976384,0.8101066185747824,0.9698744365264944,0.9698744365264942
hoptimus1,IDC,2,ycentered_f64,31526,4010,1,MMP12,0.3232126035337361,-0.03821235025394443,0.6747243438221215,0.3966876801597226,0.697278268408597,0.30925180057195095,0.8061578631969902,0.37984969355707154,0.37984969355707154
hoptimus1,IDC,2,ycentered_f64,31526,4010,1,MS4A1,0.6517198822812129,0.2999802951095887,0.9223118954384337,0.821191322459645,1.2138980122575735,0.6472913946092922,1.147846389196366,0.575011347397885,0.575011347397885
hoptimus1,IDC,2,ycentered_f64,31526,4010,1,MUC6,0.06563287240040562,-6.254428815124724,1.5926709349285286,1.25941676560258,0.3557743242851219,0.7774134789351683,0.4685559050769763,0.5164121569227703,0.5164121569227705
hoptimus1,IDC,2,ycentered_f64,31526,4010,1,MYBPC1,0.2576900861687316,-17.2459516860602,4.9193490291531266,2.2859196157936177,0.39643926691830605,1.1814216639038055,0.5192428897128669,1.5021403812669387,1.5021403812669387
hoptimus1,IDC,2,ycentered_f64,31526,4010,1,MYH11,0.6907688111945028,0.4342275423030849,0.8834396697442677,1.4561849668443219,1.7132274352404244,0.8320400671559864,1.2495900185687732,1.3011061389767067,1.3011061389767065
hoptimus1,IDC,2,ycentered_f64,31526,4010,1,MYLK,0.6796863810404332,-0.7267585855377503,2.215874694568225,2.0172759392117348,3.2523413716706253,0.7620806070632,1.1328092507914846,3.1447752092549064,3.1447752092549064
hoptimus1,IDC,2,ycentered_f64,31526,4010,1,OPRPN,0.21429353060734174,-0.29271357387837327,1.038678952599837,0.22346380117914816,0.7444928985284154,0.16723089685282183,0.896374536901377,0.2614698884095861,0.2614698884095863
hoptimus1,IDC,2,ycentered_f64,31526,4010,1,OXTR,0.6246188853463644,0.2958831383043451,0.6279329005491617,0.916409019657825,1.17296491837561,0.45478523300619134,0.9443527447912912,0.681942993233457,0.681942993233457
hoptimus1,IDC,2,ycentered_f64,31526,4010,1,PIGR,0.43584091004822806,0.12321111389847217,0.4201710823278719,0.5401527360634559,0.40857804368558964,0.4228486572269226,0.6922541398352573,0.4177928124747358,0.4177928124747361
hoptimus1,IDC,2,ycentered_f64,31526,4010,1,PTGDS,0.6668800935610787,-0.8135954605270161,3.8083005489433246,1.3367804345381025,2.9469403692611733,0.7434499222274387,1.4490901274260113,1.687094121023777,1.687094121023777
hoptimus1,IDC,2,ycentered_f64,31526,4010,1,PTN,0.6218595968452022,-0.8831720531753953,2.2125171668112085,1.106005407590105,2.3182231204765396,0.8240386470574534,1.0839227317133935,1.4957026788208723,1.4957026788208725
hoptimus1,IDC,2,ycentered_f64,31526,4010,1,PTPRC,0.7759486192925711,-1.6541130491812068,3.133662310639893,1.803779546957908,3.431546361844736,0.7238082790695375,1.0865917129721785,2.8633049789558305,2.8633049789558305
hoptimus1,IDC,2,ycentered_f64,31526,4010,1,SCD,0.7782747906719029,-2.0875374805356337,7.086435365892933,2.0659082294855886,4.552104948256676,1.1617261147653204,1.5149831272342977,3.476548275608464,3.476548275608464
hoptimus1,IDC,2,ycentered_f64,31526,4010,1,SCGB2A1,0.4141499768103408,-0.05141501890419242,0.36841292856445557,0.42688835077372633,0.3623620992884077,0.5170950676365877,0.5919436184825252,1.2382761698828533,1.2382761698828535
hoptimus1,IDC,2,ycentered_f64,31526,4010,1,SERHL2,0.7331348845331312,0.18793177729543797,1.8929438720533647,2.1270464603803774,3.010357716612685,1.3052811646543636,1.5267664580901608,1.5157721149265737,1.515772114926574
hoptimus1,IDC,2,ycentered_f64,31526,4010,1,SERPINA3,0.31743923270814006,-0.8562014631612662,3.2203522820052157,2.3512903137505794,3.3798672769432354,1.1941921590862017,1.3171618277324497,2.6202829737450912,2.6202829737450912
hoptimus1,IDC,2,ycentered_f64,31526,4010,1,SFRP1,0.6186712337668105,-0.49916817673086045,2.8460024671241624,1.6682260766275394,2.962143489636685,0.8495634474364775,1.3778199181337625,0.9676219365669825,0.9676219365669826
hoptimus1,IDC,2,ycentered_f64,31526,4010,1,SLAMF7,0.6463242529127897,-0.7297418327771477,2.4201461458567417,0.9499552298076768,2.206923146973227,0.6047893768597937,1.1828513011813815,1.1195480784115692,1.1195480784115692
hoptimus1,IDC,2,ycentered_f64,31526,4010,1,TACSTD2,0.8399281568772811,0.09685737711159847,2.144430608890405,2.9603611309178057,4.1375901991589705,1.537667640634994,1.5409119718907678,4.088159214064062,4.088159214064062
hoptimus1,IDC,2,ycentered_f64,31526,4010,1,TCL1A,0.33127697566023623,-0.01570796678441977,0.4301017114069261,0.3048799014758699,0.5278225283670307,0.2740478854380751,0.6507304896795661,0.25529106494958864,0.25529106494958864
hoptimus1,IDC,2,ycentered_f64,31526,4010,1,TENT5C,0.5573327049760588,-2.3209694670330037,4.847439979752947,1.388898146602133,3.348518117615707,0.6405073653553883,1.2081581248019946,1.081583154857185,1.081583154857185
hoptimus1,IDC,2,ycentered_f64,31526,4010,1,TOP2A,0.7928674994068913,-0.023862907093337604,2.136446245796984,1.2809740944345427,2.4327016429116304,0.9580518705196996,1.4445250595032393,2.6437812730275776,2.6437812730275776
hoptimus1,IDC,2,ycentered_f64,31526,4010,1,TPSAB1,0.11307510433337532,-1.3791082139075086,2.0885382443764464,0.3505152180574254,1.4088245426627466,0.42512846092846884,0.9369450431581421,1.133368829785284,1.133368829785284
hoptimus1,IDC,2,ycentered_f64,31526,4010,1,TRAC,0.7081806580552567,-0.9046155507583915,2.436974003361869,1.6683223729360057,3.0096049151218445,0.8122404313665454,1.1311541291883946,1.5606470840016438,1.5606470840016438
hoptimus1,IDC,2,ycentered_f64,31526,4010,1,VWF,0.6109292167029462,-0.8242202585410134,2.2701751019325713,1.4715517006077485,2.6915726348943543,0.723207237932078,1.1155551383033113,1.7946945561420677,1.7946945561420673
hoptimus1,IDC,3,nointercept_f64,32531,3005,1,ABCC11,0.8389297998038567,-1.1060301413404847,8.578806544436194,-0.2882357255948843,2.328415647362314,0.9683496525540726,2.01827874222102,-2.236622794928968e-16,1.7604314139024826
hoptimus1,IDC,3,nointercept_f64,32531,3005,1,ADH1B,0.5238436562136509,-1.1592388379778487,2.50253479228417,0.5303428223429504,1.7504635625988394,0.9797534301588186,1.0765636713190825,2.516200644295089e-16,1.1770739917702944
hoptimus1,IDC,3,nointercept_f64,32531,3005,1,ADIPOQ,0.5354848175925007,-0.49391442526378837,0.8474860364442329,0.47442620239188765,0.658520203422191,1.0428290456952127,0.7531880401198351,1.5376781715136655e-16,0.5172218839145492
hoptimus1,IDC,3,nointercept_f64,32531,3005,1,ANKRD30A,0.7751191260936342,-0.4158668056135617,4.167027308176913,0.7170745560805619,2.401476920503943,0.9360994417555437,1.7155444424981556,-4.473245589857936e-16,1.988109671411042
hoptimus1,IDC,3,nointercept_f64,32531,3005,1,AQP1,0.775925938603267,-1.2675489949652632,4.5205950531739365,0.9296048027346208,2.860125067944138,1.0767581785964604,1.411950471942543,1.677467096196726e-16,2.1239287173735923
hoptimus1,IDC,3,nointercept_f64,32531,3005,1,AQP3,0.7163267785951792,-0.3246052143558711,2.411504707481257,0.5121987379935715,1.7447750160975781,0.8898389909371875,1.3492760974298077,5.59155698732242e-17,1.4518725173112992
hoptimus1,IDC,3,nointercept_f64,32531,3005,1,CCR7,0.8087728949487155,0.29853931787208887,0.8983518144532242,0.6112791290516496,1.2860833991188774,0.9195889109879564,1.1316745729515896,-1.5376781715136655e-16,0.5575497948179046
hoptimus1,IDC,3,nointercept_f64,32531,3005,1,CD3E,0.8974451768825779,-0.1694926900043805,2.908330224251693,1.2618925594898278,2.8184288581080126,1.3751525470596346,1.5769688056249251,-1.677467096196726e-16,1.394767597790872
hoptimus1,IDC,3,nointercept_f64,32531,3005,1,CEACAM6,0.7051681428520178,-0.0628787022789492,1.94654624097153,0.1804437294287304,1.1909733240298939,0.885983321589217,1.353288870206807,-1.677467096196726e-16,1.6453759722439802
hoptimus1,IDC,3,nointercept_f64,32531,3005,1,CEACAM8,0.3606874484611376,0.014237681331014107,0.19284378114035014,0.1787816597062553,0.3063742479746433,0.23943990928878833,0.44229976907288804,-4.193667740491815e-17,0.28053363731405734
hoptimus1,IDC,3,nointercept_f64,32531,3005,1,CLIC6,0.4091455972185786,-6.72670385808634,3.185886564138433,-0.8146013226276023,0.6493153684349504,1.0991041265120536,0.6421226961079157,1.957044945562847e-16,3.2866736510850125
hoptimus1,IDC,3,nointercept_f64,32531,3005,1,CYTIP,0.8721293246773917,-0.14973029354356449,1.7611904286801094,0.7385180109421292,1.919395077208711,1.083219148077735,1.237670874598508,0.0,1.424473617559926
hoptimus1,IDC,3,nointercept_f64,32531,3005,1,DST,0.8757342745864698,-5.938953436014406,12.507873554071438,-0.2897324974278667,3.180690702622425,0.9662830383928114,1.3425941623040585,-1.397889246830605e-17,3.567785205576782
hoptimus1,IDC,3,nointercept_f64,32531,3005,1,ERBB2,0.8707718948012652,-3.242084033322717,15.934630272119753,-0.49546512674031135,3.3189118716958754,0.9969793922946726,1.9381231179084686,-2.79577849366121e-16,3.8566011597391885
hoptimus1,IDC,3,nointercept_f64,32531,3005,1,ESR1,0.13332156813549267,-3.3127542283992417,5.535390366838059,-0.6634578088836776,1.2701239725119262,0.8831431522915792,1.132913552242662,1.118311397464484e-16,2.931770830680492
hoptimus1,IDC,3,nointercept_f64,32531,3005,1,FASN,0.8385252666847791,-1.378520071341947,5.8528000074920365,-0.3874891062406643,1.8646386027931174,1.0913005256783799,1.5686585893955927,-1.677467096196726e-16,2.9828712744166235
hoptimus1,IDC,3,nointercept_f64,32531,3005,1,GATA3,0.7457109742506144,-4.264469338207939,10.905231480297802,-0.8740440537994849,2.285953274741149,1.063893849852881,1.4392629441155247,-5.59155698732242e-17,4.514216640792893
hoptimus1,IDC,3,nointercept_f64,32531,3005,1,IL2RG,0.8873812308685881,0.17165444125020612,1.695934602111946,1.1449422452946167,2.2673842716931105,1.2400672591867052,1.4308653818423132,-2.79577849366121e-17,1.2469186460765522
hoptimus1,IDC,3,nointercept_f64,32531,3005,1,IL7R,0.881075579250644,-0.10887736959535288,2.8644632707192277,1.0655917637573757,2.567370788785265,1.2393377207523504,1.607236804275482,-1.118311397464484e-16,1.3133783939633683
hoptimus1,IDC,3,nointercept_f64,32531,3005,1,KIT,0.6659304328687137,-0.9442269010763291,2.434930555970863,-0.22313625827121714,1.0945889801828317,0.7843562299475576,1.1191023710664967,2.0968338702459075e-16,1.3322789740824084
hoptimus1,IDC,3,nointercept_f64,32531,3005,1,KLF5,0.7474951084212448,-0.41768827723732094,1.0770287651485972,0.06330503172590865,0.9148537119692455,0.7806449910097019,0.8716121532310277,-5.59155698732242e-17,1.422550095025087
hoptimus1,IDC,3,nointercept_f64,32531,3005,1,KRT14,0.8490159136624851,0.367346775124635,1.37861684435185,0.6481352323449737,1.5142640909617038,1.3950490186582358,1.4761786750325112,1.8172560208797866e-16,1.0345158232320726
hoptimus1,IDC,3,nointercept_f64,32531,3005,1,KRT5,0.700266782723574,-0.013343160018487676,2.2789875175001515,0.6850446164813163,1.7245410859683985,1.2788438061936602,1.499659638190971,1.118311397464484e-16,0.5268108404286249
hoptimus1,IDC,3,nointercept_f64,32531,3005,1,KRT6B,0.739741958383004,0.3803698639320878,0.584642780617188,0.4769263458991254,0.8073495445949662,0.9382074635018347,0.9713573478006107,6.989446234153025e-17,0.5612996575732033
hoptimus1,IDC,3,nointercept_f64,32531,3005,1,MMP1,0.5065855133618801,-0.03515512048637448,1.3343403601410808,0.19826549300166407,0.8030861682384066,0.4736212279995792,1.135352168661957,1.397889246830605e-16,0.9517658233224827
hoptimus1,IDC,3,nointercept_f64,32531,3005,1,MMP12,0.24302846021392707,-0.1835417636274006,0.31456178468353446,0.10175434345654352,0.3364405623291574,0.22225363460506886,0.5155385982219317,9.95996088366806e-17,0.4229880239033412
hoptimus1,IDC,3,nointercept_f64,32531,3005,1,MS4A1,0.7607938227894304,0.46308776498060145,0.7568719228489139,0.9387895222842111,1.1694702340838516,1.234820335058224,1.1872974828590146,-2.79577849366121e-17,0.5988528085148509
hoptimus1,IDC,3,nointercept_f64,32531,3005,1,MUC6,0.22911390854337857,-1.252493862949998,5.200595799771118,-0.13733903456954089,1.5980390926764134,0.3860659122425305,1.519479139845071,9.086280104398933e-17,0.3966972188385841
hoptimus1,IDC,3,nointercept_f64,32531,3005,1,MYBPC1,0.5840487968346315,-0.39724412928643016,3.5441304448620112,0.0852786054462291,1.4534610016373748,0.8996739897033942,1.5926439723608872,0.0,1.3703405616256372
hoptimus1,IDC,3,nointercept_f64,32531,3005,1,MYH11,0.8055237681053313,-0.3156736929925956,3.251900175683161,0.22702275474432565,1.7671661436855297,1.1569508746334662,1.5721519084507263,-2.79577849366121e-17,1.3088555498115253
hoptimus1,IDC,3,nointercept_f64,32531,3005,1,MYLK,0.8192071924192307,-4.847837847522144,10.85505798790532,-0.23406175238682486,2.9666197818448263,1.1028808809266943,1.3624432231102181,-1.4677837091721352e-16,3.174491399063222
hoptimus1,IDC,3,nointercept_f64,32531,3005,1,OPRPN,0.5154615827217701,0.09169797297433258,0.6186410742540995,0.0983957979335892,0.39392493941422907,0.24883830672106697,0.8252855364833587,6.989446234153025e-18,0.30877537678398465
hoptimus1,IDC,3,nointercept_f64,32531,3005,1,OXTR,0.7644930348537622,-0.030908138525711504,0.8624943407874472,0.011613467654049525,0.7289318293779344,0.7161317761859785,0.9146778094018171,0.0,0.7381292914476488
hoptimus1,IDC,3,nointercept_f64,32531,3005,1,PIGR,0.6888483879530701,-0.12085927147146447,1.471053680060455,0.07048377245282583,0.9113068949561349,0.5163877239137785,1.1456150652562558,8.38733548098363e-17,0.371069347450572
hoptimus1,IDC,3,nointercept_f64,32531,3005,1,PTGDS,0.7691744123637344,-2.2941740059732187,8.134436227819966,0.4712362419407716,3.129026100560155,0.9593256891684857,1.5714134333362575,9.086280104398933e-17,1.7091954353677918
hoptimus1,IDC,3,nointercept_f64,32531,3005,1,PTN,0.8172057851249626,-0.4295256490303403,2.6506334982847335,0.2735022020966719,1.6983343185878632,1.1803618480630065,1.361691934545937,-5.59155698732242e-17,1.5783745577529502
hoptimus1,IDC,3,nointercept_f64,32531,3005,1,PTPRC,0.9059029511715073,-2.640627053381775,9.157796935739198,0.5145128765113586,3.4622135522163253,1.3035913777381007,1.586015431783763,1.118311397464484e-16,2.878027172639908
hoptimus1,IDC,3,nointercept_f64,32531,3005,1,SCD,0.8218121421595656,-2.6620768672136057,10.76471319100309,-0.8994827277937183,2.206816238135149,1.007273268822698,1.7145000560266057,-6.290501610737722e-17,3.726418461890061
hoptimus1,IDC,3,nointercept_f64,32531,3005,1,SCGB2A1,0.47931586700218076,-2.690984365356674,2.0840030148438506,-0.6643605160646909,0.5974406150335481,0.5988243448735108,0.7514119000463119,2.79577849366121e-16,1.1895010144691998
hoptimus1,IDC,3,nointercept_f64,32531,3005,1,SERHL2,0.8668598257039932,-1.6391772073575552,12.996707716628876,-0.2307985400865016,3.0247926360953867,0.8402424871217821,2.219128239957929,-3.6345120417595733e-16,1.560611855378728
hoptimus1,IDC,3,nointercept_f64,32531,3005,1,SERPINA3,0.6147572776742637,-0.4321104905282733,3.417522456038759,0.5577104768748572,1.8839149195025249,1.3670592503019485,1.5447828006590476,2.236622794928968e-16,2.7819355223548317
hoptimus1,IDC,3,nointercept_f64,32531,3005,1,SFRP1,0.7562635379644537,-0.8733824696793195,3.9353446967321353,1.0670996215524726,2.803016231341687,1.2468247214814496,1.4493663134597907,1.677467096196726e-16,1.0439390363183434
hoptimus1,IDC,3,nointercept_f64,32531,3005,1,SLAMF7,0.8556039335143083,0.0049880057080819995,1.9271300056813494,0.9127677800367466,2.0829858581555665,0.9938255594179893,1.3916862896832913,0.0,1.1645895310813774
hoptimus1,IDC,3,nointercept_f64,32531,3005,1,TACSTD2,0.9038410113189667,-2.1915896734286773,11.884484556344178,-0.358679269300809,2.9616613895841524,1.3220848487786403,1.929686016355504,2.79577849366121e-17,4.1983108913193785
hoptimus1,IDC,3,nointercept_f64,32531,3005,1,TCL1A,0.648402211918081,-0.30381592734365204,1.3781246562990648,0.13097414770018845,0.9317882798475751,0.31418203616622753,1.0281017784061313,0.0,0.22639484403831917
hoptimus1,IDC,3,nointercept_f64,32531,3005,1,TENT5C,0.7917121139800587,-0.5594364877328639,2.5084236671985827,0.685608543610171,2.041639366959177,0.7408517148990255,1.268284249362641,-1.118311397464484e-16,1.272337828346939
hoptimus1,IDC,3,nointercept_f64,32531,3005,1,TOP2A,0.8012883881127388,-2.2302089946405768,6.551156178095218,-0.6340929145358728,1.7575898116122863,0.8169604558046137,1.4241104244208722,-4.8926123639071177e-17,2.699622655855895
hoptimus1,IDC,3,nointercept_f64,32531,3005,1,TPSAB1,0.28825250443821887,-1.398779197169322,1.4168805187140139,-0.3159586276066642,0.5805809980620957,0.4889461896060185,0.7685488509387343,2.0968338702459075e-16,1.2183863467065839
hoptimus1,IDC,3,nointercept_f64,32531,3005,1,TRAC,0.8911943895919308,-0.1356621790588386,2.947508787741088,1.3141763985158246,2.8614790379306836,1.2968171572996214,1.611027570867977,-1.677467096196726e-16,1.6190935160583049
hoptimus1,IDC,3,nointercept_f64,32531,3005,1,VWF,0.7335325793667898,-0.6910039989382462,3.1820310899413573,0.5578445404419774,2.078615490093009,1.0136103901181748,1.3717655500884467,1.397889246830605e-16,1.8790233099238167
hoptimus1,IDC,3,intercept_f64,32531,3005,1,ABCC11,0.8389297998038573,0.39484827085807006,2.4650547551210735,1.4721956883075913,2.328415647362314,0.9683496525540689,2.01827874222102,1.7604314139024835,1.7604314139024826
hoptimus1,IDC,3,intercept_f64,32531,3005,1,ADH1B,0.5238436562136524,0.12363888054791061,1.0156931940367664,1.707416814113238,1.7504635625988394,0.9797534301588172,1.0765636713190825,1.1770739917702941,1.1770739917702944
hoptimus1,IDC,3,intercept_f64,32531,3005,1,ADIPOQ,0.5354848175925006,-0.6297942803163117,0.9245696215838208,0.9916480863064343,0.658520203422191,1.042829045695212,0.7531880401198351,0.5172218839145494,0.5172218839145492
hoptimus1,IDC,3,intercept_f64,32531,3005,1,ANKRD30A,0.7751191260936348,0.5168164106073723,1.4220541112195246,2.7051842274915936,2.401476920503943,0.936099441755543,1.7155444424981556,1.988109671411042,1.988109671411042
hoptimus1,IDC,3,intercept_f64,32531,3005,1,AQP1,0.7759259386032689,0.5831201523533076,0.8310933881578207,3.0535335201082043,2.860125067944138,1.0767581785964642,1.411950471942543,2.1239287173735932,2.1239287173735923
hoptimus1,IDC,3,intercept_f64,32531,3005,1,AQP3,0.7163267785951792,0.48347843266114676,0.9403512666669889,1.9640712553048647,1.7447750160975781,0.8898389909371867,1.3492760974298077,1.451872517311301,1.4518725173112992
hoptimus1,IDC,3,intercept_f64,32531,3005,1,CCR7,0.8087728949487156,0.6433636769989022,0.4567396235182577,1.168828923869551,1.2860833991188774,0.9195889109879573,1.1316745729515896,0.5575497948179042,0.5575497948179046
hoptimus1,IDC,3,intercept_f64,32531,3005,1,CD3E,0.8974451768825786,0.7942384635929538,0.5116940879030513,2.656660157280694,2.8184288581080126,1.3751525470596369,1.5769688056249251,1.3947675977908716,1.394767597790872
hoptimus1,IDC,3,intercept_f64,32531,3005,1,CEACAM6,0.7051681428520171,0.2746462813336641,1.3284061026129386,1.8258197016727036,1.1909733240298939,0.8859833215892138,1.353288870206807,1.6453759722439796,1.6453759722439802
hoptimus1,IDC,3,intercept_f64,32531,3005,1,CEACAM8,0.36068744846113826,-0.022112209463194032,0.19995487704251333,0.45931529702031076,0.3063742479746433,0.23943990928878808,0.44229976907288804,0.2805336373140567,0.28053363731405734
hoptimus1,IDC,3,intercept_f64,32531,3005,1,CLIC6,0.4091455972185827,-9.587070572669804,4.365277421077164,2.4720723284573993,0.6493153684349504,1.0991041265120491,0.6421226961079157,3.286673651085017,3.2866736510850125
hoptimus1,IDC,3,intercept_f64,32531,3005,1,CYTIP,0.8721293246773925,0.7218625519320211,0.4260590628477464,2.162991628502049,1.919395077208711,1.083219148077737,1.237670874598508,1.424473617559926,1.424473617559926
hoptimus1,IDC,3,intercept_f64,32531,3005,1,DST,0.8757342745864756,0.7373091785030528,0.4735157267442636,3.2780527081488993,3.180690702622425,0.9662830383928139,1.3425941623040585,3.567785205576783,3.567785205576782
hoptimus1,IDC,3,intercept_f64,32531,3005,1,ERBB2,0.8707718948012673,0.6307713892329985,1.3869412657184375,3.361136032998859,3.3189118716958754,0.9969793922946671,1.9381231179084686,3.85660115973919,3.8566011597391885
hoptimus1,IDC,3,intercept_f64,32531,3005,1,ESR1,0.1333215681355016,-1.176118596139422,2.793033239605283,2.2683130217968026,1.2701239725119262,0.8831431522915751,1.132913552242662,2.931770830680495,2.931770830680492
hoptimus1,IDC,3,intercept_f64,32531,3005,1,FASN,0.8385252666847818,0.46571609146914117,1.3147069480427038,2.5953821681759486,1.8646386027931174,1.0913005256783725,1.5686585893955927,2.9828712744166253,2.9828712744166235
hoptimus1,IDC,3,intercept_f64,32531,3005,1,GATA3,0.7457109742506236,-0.3292724063673378,2.753558309590772,3.6401725869933896,2.285953274741149,1.063893849852874,1.4392629441155247,4.5142166407928945,4.514216640792893
hoptimus1,IDC,3,intercept_f64,32531,3005,1,IL2RG,0.8873812308685886,0.7794479443610649,0.45155292833286065,2.391860891371163,2.2673842716931105,1.2400672591867068,1.4308653818423132,1.246918646076552,1.2469186460765522
hoptimus1,IDC,3,intercept_f64,32531,3005,1,IL7R,0.8810755792506446,0.7504586184231609,0.6446178284910172,2.3789701577207376,2.567370788785265,1.239337720752352,1.607236804275482,1.3133783939633679,1.3133783939633683
hoptimus1,IDC,3,intercept_f64,32531,3005,1,KIT,0.6659304328687149,0.4420727585685993,0.6987425631328182,1.1091427158111857,1.0945889801828317,0.7843562299475609,1.1191023710664967,1.3322789740824088,1.3322789740824084
hoptimus1,IDC,3,intercept_f64,32531,3005,1,KLF5,0.7474951084212447,0.10763549551781182,0.6779362260071806,1.4858551267509885,0.9148537119692455,0.7806449910097009,0.8716121532310277,1.4225500950250871,1.422550095025087
hoptimus1,IDC,3,intercept_f64,32531,3005,1,KRT14,0.8490159136624855,0.6985953992931082,0.6567918144754955,1.68265105557704,1.5142640909617038,1.3950490186582363,1.4761786750325112,1.0345158232320724,1.0345158232320726
hoptimus1,IDC,3,intercept_f64,32531,3005,1,KRT5,0.7002667827235741,0.3502468711792148,1.4612811616671115,1.2118554569099373,1.7245410859683985,1.2788438061936607,1.499659638190971,0.5268108404286241,0.5268108404286249
hoptimus1,IDC,3,intercept_f64,32531,3005,1,KRT6B,0.7397419583830046,0.43958923069737743,0.5287672296445455,1.0382260034723245,0.8073495445949662,0.9382074635018354,0.9713573478006107,0.5612996575732024,0.5612996575732033
hoptimus1,IDC,3,intercept_f64,32531,3005,1,MMP1,0.5065855133618804,0.15525018560855453,1.0889032467274833,1.150031316324143,0.8030861682384066,0.4736212279995788,1.135352168661957,0.9517658233224834,0.9517658233224827
hoptimus1,IDC,3,intercept_f64,32531,3005,1,MMP12,0.24302846021392838,-0.10972112950819768,0.29494173313263955,0.5247423673598823,0.3364405623291574,0.2222536346050681,0.5155385982219317,0.4229880239033409,0.4229880239033412
hoptimus1,IDC,3,intercept_f64,32531,3005,1,MS4A1,0.7607938227894308,0.4046792071691281,0.8392090248521948,1.537642330799059,1.1694702340838516,1.2348203350582243,1.1872974828590146,0.5988528085148509,0.5988528085148509
hoptimus1,IDC,3,intercept_f64,32531,3005,1,MUC6,0.2291139085433764,-0.7243139570401316,3.981125129781847,0.25935818426904106,1.5980390926764134,0.3860659122425308,1.519479139845071,0.3966972188385841,0.3966972188385841
hoptimus1,IDC,3,intercept_f64,32531,3005,1,MYBPC1,0.5840487968346306,0.3407442297086992,1.6722120332927044,1.4556191670718626,1.4534610016373748,0.8996739897033931,1.5926439723608872,1.3703405616256394,1.3703405616256372
hoptimus1,IDC,3,intercept_f64,32531,3005,1,MYH11,0.8055237681053321,0.6223784951244017,0.9333525817131382,1.5358783045558453,1.7671661436855297,1.1569508746334685,1.5721519084507263,1.3088555498115257,1.3088555498115253
hoptimus1,IDC,3,intercept_f64,32531,3005,1,MYLK,0.8192071924192342,0.6706364328371766,0.6113816275139557,2.9404296466763853,2.9666197818448263,1.1028808809266983,1.3624432231102181,3.1744913990632235,3.174491399063222
hoptimus1,IDC,3,intercept_f64,32531,3005,1,OPRPN,0.5154615827217697,0.21967109714351962,0.531479063539527,0.40717117471757247,0.39392493941422907,0.24883830672106758,0.8252855364833587,0.3087753767839844,0.30877537678398465
hoptimus1,IDC,3,intercept_f64,32531,3005,1,OXTR,0.7644930348537624,0.5835918920555214,0.3483818035171751,0.7497427591016954,0.7289318293779344,0.7161317761859788,0.9146778094018171,0.7381292914476489,0.7381292914476488
hoptimus1,IDC,3,intercept_f64,32531,3005,1,PIGR,0.6888483879530702,0.2496850450137026,0.9847387659005393,0.44155311990339624,0.9113068949561349,0.5163877239137789,1.1456150652562558,0.3710693474505721,0.371069347450572
hoptimus1,IDC,3,intercept_f64,32531,3005,1,PTGDS,0.7691744123637357,0.2020456750980698,1.9704206750639557,2.180431677308555,3.129026100560155,0.959325689168489,1.5714134333362575,1.7091954353677914,1.7091954353677918
hoptimus1,IDC,3,intercept_f64,32531,3005,1,PTN,0.8172057851249638,0.6526477678809242,0.6440622193685843,1.851876759849615,1.6983343185878632,1.1803618480630094,1.361691934545937,1.5783745577529502,1.5783745577529502
hoptimus1,IDC,3,intercept_f64,32531,3005,1,PTPRC,0.9059029511715088,0.8116786220091631,0.4737120592170192,3.392540049151253,3.4622135522163253,1.3035913777381043,1.586015431783763,2.878027172639909,2.878027172639908
hoptimus1,IDC,3,intercept_f64,32531,3005,1,SCD,0.8218121421595704,0.48965375558796376,1.5001681145434813,2.8269357340963275,2.206816238135149,1.0072732688226864,1.7145000560266057,3.7264184618900624,3.726418461890061
hoptimus1,IDC,3,intercept_f64,32531,3005,1,SCGB2A1,0.47931586700218204,0.11960546027081809,0.49708822726762775,0.5251404984045049,0.5974406150335481,0.5988243448735089,0.7514119000463119,1.189501014469201,1.1895010144691998
hoptimus1,IDC,3,intercept_f64,32531,3005,1,SERHL2,0.8668598257039923,-0.07031301515983635,5.270788708145875,1.3298133152922198,3.0247926360953867,0.8402424871217803,2.219128239957929,1.5606118553787278,1.560611855378728
hoptimus1,IDC,3,intercept_f64,32531,3005,1,SERPINA3,0.6147572776742677,-0.5831085267605332,3.777857208876962,3.339645999229677,1.8839149195025249,1.367059250301946,1.5447828006590476,2.7819355223548334,2.7819355223548317
hoptimus1,IDC,3,intercept_f64,32531,3005,1,SFRP1,0.7562635379644546,0.33317653723575524,1.4007711827766967,2.111038657870809,2.803016231341687,1.2468247214814512,1.4493663134597907,1.0439390363183423,1.0439390363183434
hoptimus1,IDC,3,intercept_f64,32531,3005,1,SLAMF7,0.8556039335143087,0.712022921451118,0.5577513358670002,2.0773573111181185,2.0829858581555665,0.9938255594179913,1.3916862896832913,1.164589531081377,1.1645895310813774
hoptimus1,IDC,3,intercept_f64,32531,3005,1,TACSTD2,0.903841011318969,0.562086259364779,1.630654194340467,3.8396316220185542,2.9616613895841524,1.3220848487786359,1.929686016355504,4.198310891319381,4.1983108913193785
hoptimus1,IDC,3,intercept_f64,32531,3005,1,TCL1A,0.6484022119180821,-0.009257990707904673,1.0667789006038237,0.3573689917385064,0.9317882798475751,0.3141820361662279,1.0281017784061313,0.22639484403831905,0.22639484403831917
hoptimus1,IDC,3,intercept_f64,32531,3005,1,TENT5C,0.7917121139800595,0.5793660623967248,0.676608590738409,1.9579463719571026,2.041639366959177,0.7408517148990268,1.268284249362641,1.2723378283469382,1.272337828346939
hoptimus1,IDC,3,intercept_f64,32531,3005,1,TOP2A,0.8012883881127417,0.5434932931163216,0.9258369158481278,2.065529741320013,1.7575898116122863,0.8169604558046079,1.4241104244208722,2.699622655855897,2.699622655855895
hoptimus1,IDC,3,intercept_f64,32531,3005,1,TPSAB1,0.2882525044382222,-0.21334376584476678,0.7166825301625284,0.9024277190999144,0.5805809980620957,0.4889461896060204,0.7685488509387343,1.2183863467065839,1.2183863467065839
hoptimus1,IDC,3,intercept_f64,32531,3005,1,TRAC,0.8911943895919319,0.7848057549783872,0.5585172597701258,2.933269914574123,2.8614790379306836,1.2968171572996237,1.611027570867977,1.619093516058305,1.6190935160583049
hoptimus1,IDC,3,intercept_f64,32531,3005,1,VWF,0.7335325793667908,0.46983580185152796,0.9976315622798689,2.4368678503657857,2.078615490093009,1.013610390118177,1.3717655500884467,1.8790233099238172,1.8790233099238167
hoptimus1,IDC,3,ycentered_f64,32531,3005,1,ABCC11,0.8389297998038573,0.3948482708580697,2.465054755121075,1.47219568830759,2.328415647362314,0.9683496525540687,2.01827874222102,1.7604314139024826,1.7604314139024826
hoptimus1,IDC,3,ycentered_f64,32531,3005,1,ADH1B,0.5238436562136524,0.12363888054791028,1.0156931940367668,1.7074168141132386,1.7504635625988394,0.9797534301588176,1.0765636713190825,1.1770739917702946,1.1770739917702944
hoptimus1,IDC,3,ycentered_f64,32531,3005,1,ADIPOQ,0.5354848175925006,-0.6297942803163128,0.9245696215838215,0.9916480863064346,0.658520203422191,1.0428290456952125,0.7531880401198351,0.5172218839145494,0.5172218839145492
hoptimus1,IDC,3,ycentered_f64,32531,3005,1,ANKRD30A,0.7751191260936348,0.5168164106073723,1.4220541112195246,2.7051842274915936,2.401476920503943,0.9360994417555433,1.7155444424981556,1.9881096714110418,1.988109671411042
hoptimus1,IDC,3,ycentered_f64,32531,3005,1,AQP1,0.7759259386032687,0.5831201523533078,0.8310933881578205,3.0535335201082043,2.860125067944138,1.0767581785964642,1.411950471942543,2.1239287173735923,2.1239287173735923
hoptimus1,IDC,3,ycentered_f64,32531,3005,1,AQP3,0.7163267785951793,0.483478432661147,0.9403512666669884,1.9640712553048636,1.7447750160975781,0.8898389909371864,1.3492760974298077,1.451872517311299,1.4518725173112992
hoptimus1,IDC,3,ycentered_f64,32531,3005,1,CCR7,0.8087728949487156,0.6433636769989022,0.45673962351825775,1.1688289238695515,1.2860833991188774,0.9195889109879573,1.1316745729515896,0.5575497948179046,0.5575497948179046
hoptimus1,IDC,3,ycentered_f64,32531,3005,1,CD3E,0.8974451768825784,0.7942384635929538,0.5116940879030514,2.656660157280694,2.8184288581080126,1.3751525470596364,1.5769688056249251,1.394767597790872,1.394767597790872
hoptimus1,IDC,3,ycentered_f64,32531,3005,1,CEACAM6,0.7051681428520173,0.27464628133366376,1.3284061026129392,1.8258197016727038,1.1909733240298939,0.8859833215892138,1.353288870206807,1.6453759722439798,1.6453759722439802
hoptimus1,IDC,3,ycentered_f64,32531,3005,1,CEACAM8,0.36068744846113826,-0.02211220946319492,0.1999548770425135,0.4593152970203112,0.3063742479746433,0.23943990928878808,0.44229976907288804,0.2805336373140573,0.28053363731405734
hoptimus1,IDC,3,ycentered_f64,32531,3005,1,CLIC6,0.4091455972185827,-9.587070572669752,4.365277421077142,2.472072328457395,0.6493153684349504,1.0991041265120491,0.6421226961079157,3.286673651085013,3.2866736510850125
hoptimus1,IDC,3,ycentered_f64,32531,3005,1,CYTIP,0.8721293246773925,0.721862551932021,0.42605906284774664,2.162991628502049,1.919395077208711,1.0832191480777367,1.237670874598508,1.424473617559926,1.424473617559926
hoptimus1,IDC,3,ycentered_f64,32531,3005,1,DST,0.8757342745864755,0.737309178503053,0.4735157267442633,3.278052708148899,3.180690702622425,0.9662830383928139,1.3425941623040585,3.567785205576782,3.567785205576782
hoptimus1,IDC,3,ycentered_f64,32531,3005,1,ERBB2,0.8707718948012672,0.6307713892329985,1.3869412657184372,3.361136032998859,3.3189118716958754,0.9969793922946671,1.9381231179084686,3.856601159739188,3.8566011597391885
hoptimus1,IDC,3,ycentered_f64,32531,3005,1,ESR1,0.1333215681355017,-1.1761185961394167,2.7930332396052764,2.2683130217968004,1.2701239725119262,0.8831431522915751,1.132913552242662,2.931770830680492,2.931770830680492
hoptimus1,IDC,3,ycentered_f64,32531,3005,1,FASN,0.8385252666847818,0.46571609146914206,1.3147069480427014,2.595382168175947,1.8646386027931174,1.0913005256783723,1.5686585893955927,2.9828712744166235,2.9828712744166235
hoptimus1,IDC,3,ycentered_f64,32531,3005,1,GATA3,0.7457109742506235,-0.32927240636733424,2.753558309590765,3.640172586993388,2.285953274741149,1.0638938498528738,1.4392629441155247,4.514216640792893,4.514216640792893
hoptimus1,IDC,3,ycentered_f64,32531,3005,1,IL2RG,0.8873812308685888,0.7794479443610649,0.4515529283328608,2.391860891371164,2.2673842716931105,1.240067259186707,1.4308653818423132,1.2469186460765522,1.2469186460765522
hoptimus1,IDC,3,ycentered_f64,32531,3005,1,IL7R,0.8810755792506446,0.7504586184231609,0.6446178284910172,2.378970157720739,2.567370788785265,1.2393377207523517,1.607236804275482,1.3133783939633683,1.3133783939633683
hoptimus1,IDC,3,ycentered_f64,32531,3005,1,KIT,0.6659304328687148,0.4420727585685992,0.6987425631328184,1.1091427158111855,1.0945889801828317,0.7843562299475609,1.1191023710664967,1.3322789740824086,1.3322789740824084
hoptimus1,IDC,3,ycentered_f64,32531,3005,1,KLF5,0.7474951084212447,0.10763549551781193,0.6779362260071805,1.4858551267509885,0.9148537119692455,0.7806449910097011,0.8716121532310277,1.422550095025087,1.422550095025087
hoptimus1,IDC,3,ycentered_f64,32531,3005,1,KRT14,0.8490159136624854,0.698595399293108,0.656791814475496,1.6826510555770409,1.5142640909617038,1.3950490186582365,1.4761786750325112,1.0345158232320728,1.0345158232320726
hoptimus1,IDC,3,ycentered_f64,32531,3005,1,KRT5,0.7002667827235743,0.35024687117921505,1.4612811616671109,1.211855456909938,1.7245410859683985,1.2788438061936607,1.499659638190971,0.5268108404286251,0.5268108404286249
hoptimus1,IDC,3,ycentered_f64,32531,3005,1,KRT6B,0.7397419583830045,0.4395892306973772,0.5287672296445458,1.0382260034723254,0.8073495445949662,0.9382074635018354,0.9713573478006107,0.5612996575732034,0.5612996575732033
hoptimus1,IDC,3,ycentered_f64,32531,3005,1,MMP1,0.5065855133618803,0.15525018560855464,1.088903246727483,1.1500313163241427,0.8030861682384066,0.47362122799957884,1.135352168661957,0.9517658233224829,0.9517658233224827
hoptimus1,IDC,3,ycentered_f64,32531,3005,1,MMP12,0.24302846021392843,-0.10972112950819857,0.2949417331326397,0.5247423673598828,0.3364405623291574,0.22225363460506822,0.5155385982219317,0.42298802390334134,0.4229880239033412
hoptimus1,IDC,3,ycentered_f64,32531,3005,1,MS4A1,0.7607938227894308,0.40467920716912775,0.8392090248521955,1.5376423307990594,1.1694702340838516,1.2348203350582247,1.1872974828590146,0.5988528085148508,0.5988528085148509
hoptimus1,IDC,3,ycentered_f64,32531,3005,1,MUC6,0.22911390854337643,-0.7243139570401314,3.9811251297818466,0.2593581842690412,1.5980390926764134,0.3860659122425309,1.519479139845071,0.3966972188385842,0.3966972188385841
hoptimus1,IDC,3,ycentered_f64,32531,3005,1,MYBPC1,0.5840487968346307,0.3407442297086992,1.6722120332927044,1.4556191670718597,1.4534610016373748,0.8996739897033926,1.5926439723608872,1.3703405616256372,1.3703405616256372
hoptimus1,IDC,3,ycentered_f64,32531,3005,1,MYH11,0.8055237681053321,0.6223784951244017,0.9333525817131382,1.5358783045558448,1.7671661436855297,1.1569508746334687,1.5721519084507263,1.308855549811525,1.3088555498115253
hoptimus1,IDC,3,ycentered_f64,32531,3005,1,MYLK,0.8192071924192343,0.6706364328371766,0.6113816275139557,2.940429646676384,2.9666197818448263,1.1028808809266988,1.3624432231102181,3.1744913990632218,3.174491399063222
hoptimus1,IDC,3,ycentered_f64,32531,3005,1,OPRPN,0.5154615827217693,0.21967109714351962,0.531479063539527,0.4071711747175725,0.39392493941422907,0.24883830672106763,0.8252855364833587,0.30877537678398465,0.30877537678398465
hoptimus1,IDC,3,ycentered_f64,32531,3005,1,OXTR,0.7644930348537626,0.5835918920555215,0.34838180351717507,0.7497427591016952,0.7289318293779344,0.7161317761859788,0.9146778094018171,0.7381292914476488,0.7381292914476488
hoptimus1,IDC,3,ycentered_f64,32531,3005,1,PIGR,0.6888483879530704,0.2496850450137027,0.9847387659005392,0.4415531199033963,0.9113068949561349,0.5163877239137787,1.1456150652562558,0.3710693474505721,0.371069347450572
hoptimus1,IDC,3,ycentered_f64,32531,3005,1,PTGDS,0.7691744123637358,0.20204567509807014,1.9704206750639546,2.180431677308555,3.129026100560155,0.9593256891684889,1.5714134333362575,1.7091954353677918,1.7091954353677918
hoptimus1,IDC,3,ycentered_f64,32531,3005,1,PTN,0.8172057851249639,0.6526477678809242,0.6440622193685843,1.851876759849615,1.6983343185878632,1.1803618480630094,1.361691934545937,1.5783745577529502,1.5783745577529502
hoptimus1,IDC,3,ycentered_f64,32531,3005,1,PTPRC,0.9059029511715088,0.8116786220091632,0.473712059217019,3.3925400491512536,3.4622135522163253,1.3035913777381047,1.586015431783763,2.878027172639908,2.878027172639908
hoptimus1,IDC,3,ycentered_f64,32531,3005,1,SCD,0.8218121421595704,0.4896537555879642,1.50016811454348,2.8269357340963266,2.206816238135149,1.0072732688226866,1.7145000560266057,3.726418461890061,3.726418461890061
hoptimus1,IDC,3,ycentered_f64,32531,3005,1,SCGB2A1,0.47931586700218215,0.11960546027081742,0.49708822726762814,0.5251404984045033,0.5974406150335481,0.5988243448735089,0.7514119000463119,1.1895010144692,1.1895010144691998
hoptimus1,IDC,3,ycentered_f64,32531,3005,1,SERHL2,0.8668598257039924,-0.07031301515983657,5.270788708145875,1.3298133152922196,3.0247926360953867,0.8402424871217801,2.219128239957929,1.560611855378728,1.560611855378728
hoptimus1,IDC,3,ycentered_f64,32531,3005,1,SERPINA3,0.6147572776742678,-0.5831085267605323,3.7778572088769597,3.339645999229676,1.8839149195025249,1.367059250301946,1.5447828006590476,2.781935522354832,2.7819355223548317
hoptimus1,IDC,3,ycentered_f64,32531,3005,1,SFRP1,0.7562635379644546,0.33317653723575624,1.4007711827766944,2.1110386578708105,2.803016231341687,1.2468247214814512,1.4493663134597907,1.0439390363183434,1.0439390363183434
hoptimus1,IDC,3,ycentered_f64,32531,3005,1,SLAMF7,0.8556039335143086,0.712022921451118,0.5577513358670002,2.077357311118119,2.0829858581555665,0.9938255594179914,1.3916862896832913,1.1645895310813772,1.1645895310813774
hoptimus1,IDC,3,ycentered_f64,32531,3005,1,TACSTD2,0.9038410113189693,0.5620862593647802,1.6306541943404627,3.8396316220185516,2.9616613895841524,1.3220848487786359,1.929686016355504,4.1983108913193785,4.1983108913193785
hoptimus1,IDC,3,ycentered_f64,32531,3005,1,TCL1A,0.648402211918082,-0.009257990707904451,1.0667789006038233,0.3573689917385065,0.9317882798475751,0.31418203616622786,1.0281017784061313,0.2263948440383192,0.22639484403831917
hoptimus1,IDC,3,ycentered_f64,32531,3005,1,TENT5C,0.7917121139800595,0.5793660623967247,0.6766085907384091,1.9579463719571044,2.041639366959177,0.7408517148990265,1.268284249362641,1.2723378283469389,1.272337828346939
hoptimus1,IDC,3,ycentered_f64,32531,3005,1,TOP2A,0.8012883881127417,0.5434932931163223,0.9258369158481263,2.065529741320011,1.7575898116122863,0.8169604558046079,1.4241104244208722,2.699622655855895,2.699622655855895
hoptimus1,IDC,3,ycentered_f64,32531,3005,1,TPSAB1,0.2882525044382221,-0.21334376584476633,0.716682530162528,0.9024277190999141,0.5805809980620957,0.4889461896060204,0.7685488509387343,1.2183863467065843,1.2183863467065839
hoptimus1,IDC,3,ycentered_f64,32531,3005,1,TRAC,0.8911943895919319,0.7848057549783871,0.5585172597701259,2.9332699145741223,2.8614790379306836,1.2968171572996237,1.611027570867977,1.6190935160583044,1.6190935160583049
hoptimus1,IDC,3,ycentered_f64,32531,3005,1,VWF,0.733532579366791,0.46983580185152796,0.9976315622798689,2.4368678503657852,2.078615490093009,1.013610390118177,1.3717655500884467,1.8790233099238167,1.8790233099238167
hoptimus1,LUNG,0,nointercept_f64,1944,3262,1,ACE2,0.6132973695508155,-12.561267226966649,6.33553888385288,-1.4975328627345383,0.9238989415306171,0.8443384100537117,0.6835049174134762,0.0,2.7998343519713162
hoptimus1,LUNG,0,nointercept_f64,1944,3262,1,ALDH1A3,0.7574149562305583,-5.047269041733017,8.38548087678446,-0.5840553184430878,2.194437876864491,0.6193354312200339,1.177563514525635,-1.4620220900413585e-17,1.7019619778595834
hoptimus1,LUNG,0,nointercept_f64,1944,3262,1,BBOX1,0.5029901453173021,-1.5352725637501972,1.3167520344770443,-0.036536448510126066,0.9166177247726867,0.2200950058523393,0.7206753550319516,2.2844095156896226e-17,0.30974613571608506
hoptimus1,LUNG,0,nointercept_f64,1944,3262,1,CAPN8,0.7958335457800729,-7.432440388005585,17.644168364310605,-1.7476556765730433,2.35137750432215,0.8774847468013237,1.4465183815250422,5.848088360165434e-17,4.577275467630276
hoptimus1,LUNG,0,nointercept_f64,1944,3262,1,CCL19,0.5808150603901437,-0.8883235062800157,1.501731293998534,-0.10905517857918538,0.8719777298587587,0.628934665694844,0.8917803852542122,1.4620220900413585e-17,0.5930755414344646
hoptimus1,LUNG,0,nointercept_f64,1944,3262,1,CCR7,0.6709726014359221,-2.0824175873633224,2.132725439087467,-0.34539442047687136,0.9723877369590072,0.6837044868962279,0.8318054042055006,5.848088360165434e-17,1.2055307687432677
hoptimus1,LUNG,0,nointercept_f64,1944,3262,1,CD163,0.8286602391987752,-5.61955537620302,12.223955109786573,-0.10460513780792306,3.2986983141966353,0.8753049015717701,1.3589124056242616,-1.1696176720330868e-16,2.5322173324877344
hoptimus1,LUNG,0,nointercept_f64,1944,3262,1,CD19,0.5353493313333766,-2.0119994101184995,1.6475157149301203,-0.24172910890667013,0.8779485998966444,0.3357816361163796,0.7395837181981161,8.77213254024815e-17,0.7995038028852439
hoptimus1,LUNG,0,nointercept_f64,1944,3262,1,CD1A,0.1526445383004937,-2.7021764489736313,1.3317616952536762,-0.37785483057667024,0.5700820484898121,0.3776199071166233,0.5997699501178497,-7.310110450206792e-17,0.8542253651614051
hoptimus1,LUNG,0,nointercept_f64,1944,3262,1,CD2,0.8496387517714882,-3.6351621420609845,8.989078843659515,-0.09711419942786852,2.805231252489903,1.0215967952915228,1.3925959552793685,0.0,2.1927645368340576
hoptimus1,LUNG,0,nointercept_f64,1944,3262,1,CD274,0.18656731530499543,-2.2867070925988435,6.1214985866207385,0.10452700242933317,2.1801103536955497,0.38022988522750545,1.3647351450735608,1.0599660152799848e-16,0.7319861292961694
hoptimus1,LUNG,0,nointercept_f64,1944,3262,1,CD79A,0.6393106343738142,-1.6783526273779912,1.773135612605214,-0.2968999871094282,0.8666991608629631,0.6866959346210448,0.8136490070723114,8.77213254024815e-17,1.0285599269739394
hoptimus1,LUNG,0,nointercept_f64,1944,3262,1,CDK1,0.6799463665581926,-4.486160316108213,10.849031364730426,-1.0146787786071418,2.0702937342943697,0.43779628447181157,1.4062457897380862,-7.310110450206792e-17,1.880681857589341
hoptimus1,LUNG,0,nointercept_f64,1944,3262,1,CNN1,0.5504978682451188,-3.2838190836353265,2.510105651176447,-0.49031499614442065,0.9504115519386211,0.5827401235832047,0.7654739930178192,4.386066270124075e-17,1.162939126538151
hoptimus1,LUNG,0,nointercept_f64,1944,3262,1,COL5A2,0.7957236515811962,-4.878505168270892,15.88177494606287,-0.6734494025944329,3.150857292239027,0.7927254532754726,1.643675442505917,5.848088360165434e-17,2.5930952522367114
hoptimus1,LUNG,0,nointercept_f64,1944,3262,1,CTSG,0.28304444416966235,-0.49176452877982646,0.5631788876893886,0.15342292741129912,0.6123787810070102,0.24642477376298794,0.6144308947492689,-5.848088360165434e-17,0.2912043841410076
hoptimus1,LUNG,0,nointercept_f64,1944,3262,1,CTSK,0.8312290779734981,-4.957077153441789,10.24198897758153,-0.20252609483833636,2.9086499749919814,0.9132624257395797,1.311219923610234,-5.848088360165434e-17,2.801650161912412
hoptimus1,LUNG,0,nointercept_f64,1944,3262,1,CXCL10,0.4523276226583078,-1.2485154338700424,3.2526128475065694,-0.08337880064829378,1.366426515476898,0.5531847404671277,1.20273029427516,1.6082242990454943e-16,1.2208670046594408
hoptimus1,LUNG,0,nointercept_f64,1944,3262,1,CXCL9,0.6101954503938039,-1.6259382636345383,4.905090518351262,-0.14475433403204507,1.7864178472834085,0.8908165846575994,1.3667253738594551,-8.77213254024815e-17,1.471703219928859
hoptimus1,LUNG,0,nointercept_f64,1944,3262,1,CXCR4,0.7412870345434618,-2.1555152864618474,3.3044909658202504,0.029896785761393024,1.6670962666383482,1.1488489972343228,1.0233333792520798,2.924044180082717e-17,2.9926705183193025
hoptimus1,LUNG,0,nointercept_f64,1944,3262,1,CYP2A7,0.33612325393981396,-5.447663468120492,2.5877062335990044,-0.52176685636827,0.9409471032518613,0.5165453189477582,0.6335141289464981,2.924044180082717e-17,1.3329632280417432
hoptimus1,LUNG,0,nointercept_f64,1944,3262,1,DMBT1,0.3073286459501374,-2.48350506168482,12.240743607224454,-0.18381824514451772,2.805961585022934,0.229782137754866,1.8745441679979626,-1.0965165675310187e-17,0.3448619131811362
hoptimus1,LUNG,0,nointercept_f64,1944,3262,1,DNAAF1,0.4226578333245692,-5.002789467947801,2.7678321676759015,-0.701782278339304,0.8422883477845418,0.3574005522169209,0.6790368140639533,-8.77213254024815e-17,1.2720851679275065
hoptimus1,LUNG,0,nointercept_f64,1944,3262,1,FCER1A,0.24110010658417577,-4.478849019700771,2.5429102706331643,-0.636166539187707,0.7519475689773396,0.5872169856885634,0.681272488767783,-1.900628717053766e-16,1.1867680250371926
hoptimus1,LUNG,0,nointercept_f64,1944,3262,1,FGFBP1,0.6545076613753915,-1.5538473424890382,4.57279397741402,-0.15398303864647628,1.6431090029597208,0.31035086683417595,1.3381147279831402,1.0965165675310187e-16,0.6158043173728166
hoptimus1,LUNG,0,nointercept_f64,1944,3262,1,GPRC5A,0.8099316461482539,-12.552679377217814,27.715196172238553,-1.3003914712972717,3.885590599622557,0.815760853869484,1.430034109271999,5.848088360165434e-17,4.29537303089605
hoptimus1,LUNG,0,nointercept_f64,1944,3262,1,INMT,0.6382256470188223,-2.6289935066429977,5.201898734678068,-0.2832145636563573,1.7972949943171186,0.918497524408177,1.1972582854834168,2.0833814783089356e-16,2.9852385753344115
hoptimus1,LUNG,0,nointercept_f64,1944,3262,1,LIF,0.6220578812252502,-3.5552880465432075,7.946270647839462,-0.28576046983694814,2.3208806870321346,0.5347177153786623,1.320759534149159,9.50314358526883e-17,1.389678048069585
hoptimus1,LUNG,0,nointercept_f64,1944,3262,1,MALL,0.6923045951296101,-8.681190079283184,19.60309069920612,-1.270572789354046,3.0362485624178284,0.9829099015251693,1.422977067485373,-1.1696176720330868e-16,5.03418024908368
hoptimus1,LUNG,0,nointercept_f64,1944,3262,1,MARCO,0.5761886292387297,-1.760819420020776,5.156477116930131,0.07053461446717851,2.0469975189370366,0.7383309270899963,1.3666507587516408,1.1696176720330868e-16,1.4731134907208352
hoptimus1,LUNG,0,nointercept_f64,1944,3262,1,MCEMP1,0.44268544124732606,-1.9418980599891156,2.6803675832674476,-0.00886384752235888,1.3560056413045916,0.7140060228006634,0.9545163426157406,1.3158198810372225e-16,1.4733799643232008
hoptimus1,LUNG,0,nointercept_f64,1944,3262,1,MEDAG,0.6518757077260197,-2.8915850124489544,5.713655043478832,-0.46240687613378184,1.735462505783792,0.5930999285062575,1.211696203877623,-5.1170773151447546e-17,1.174229511201627
hoptimus1,LUNG,0,nointercept_f64,1944,3262,1,MET,0.795734713729046,-3.8788053119810924,23.734270624979736,-0.8761091795327735,3.7438737447096626,0.9768874525502849,2.205622589171537,1.1696176720330868e-16,3.2544252789682813
hoptimus1,LUNG,0,nointercept_f64,1944,3262,1,MKI67,0.748006620558919,-2.9424710858015493,12.82930532124086,-0.6796357071894749,2.626882200040823,0.6690159643379743,1.803920159570044,-1.3158198810372225e-16,1.6763356574523596
hoptimus1,LUNG,0,nointercept_f64,1944,3262,1,MS4A1,0.6504141356304088,-1.8345253787155857,3.3052178410066246,-0.2574640882292519,1.3610965118753187,0.5896073034790464,1.0798411399958905,-3.655055225103396e-17,1.0243870310577345
hoptimus1,LUNG,0,nointercept_f64,1944,3262,1,MZB1,0.626661076980901,-1.7305065875089416,2.08173687967967,-0.27591421555337553,0.9907391554442452,0.6668552233827728,0.8731549165427439,1.4620220900413584e-16,1.2912764484254422
hoptimus1,LUNG,0,nointercept_f64,1944,3262,1,OGN,0.5032564820360815,-2.3203861094005807,2.0606533419315842,-0.048848153691541496,1.1669548134143042,0.7414933411668995,0.7877858478939913,-2.3392353440661737e-16,1.4744039071808137
hoptimus1,LUNG,0,nointercept_f64,1944,3262,1,PCSK2,0.14825239387843855,-10.137413475518022,3.5478629284521515,-1.1257609312203343,0.5592486430793215,0.7137962816438993,0.5644055097631594,1.1696176720330868e-16,2.095792830296995
hoptimus1,LUNG,0,nointercept_f64,1944,3262,1,PECAM1,0.8395649037348741,-9.162599970949456,16.276025469843407,-0.24072165096939888,3.7329461429105955,0.9470816907406528,1.2655280190736817,2.924044180082717e-17,3.8533721374263488
hoptimus1,LUNG,0,nointercept_f64,1944,3262,1,PLA2G7,0.8027197434248449,-2.8439097927278807,7.797258636293926,0.3126192928006567,2.9691120048449275,1.0057997832969763,1.4242439273510363,-7.310110450206792e-17,2.006315308159271
hoptimus1,LUNG,0,nointercept_f64,1944,3262,1,PTPRC,0.8987838315810429,-4.480732749086155,7.280071147941402,-0.09750637557216688,2.5521689822599245,1.0991778598653141,1.1525200756267424,-8.77213254024815e-17,3.335016640983982
hoptimus1,LUNG,0,nointercept_f64,1944,3262,1,SERPINB2,0.2843760876804388,-0.7182157055306579,0.7731144868728312,0.1689840812873786,0.7677453945634702,0.22292562689350987,0.6707845691095977,1.4620220900413585e-17,0.2815512779318256
hoptimus1,LUNG,0,nointercept_f64,1944,3262,1,SNCG,-0.2750537584808703,-1.3928559222884918,3.2989591897376593,-0.08129817791960817,1.2053162983997259,0.28467124512981523,1.1741678821075123,3.655055225103396e-17,0.4482619813930841
hoptimus1,LUNG,0,nointercept_f64,1944,3262,1,SNTN,0.6808409003282702,-5.913084639060048,5.396680212602206,-0.8121323991509699,1.4148820666065252,0.4662589380956216,0.8835424192526791,-1.75442650804963e-16,1.8329815107853815
hoptimus1,LUNG,0,nointercept_f64,1944,3262,1,SOX2,0.352754916064638,-3.660276214360688,2.3133046530288026,-0.4048403265949036,0.9600740471988423,0.3738087001638678,0.704548000412679,-1.1696176720330868e-16,1.1862935598004503
hoptimus1,LUNG,0,nointercept_f64,1944,3262,1,SPIB,0.5547632557188715,-2.195871928400873,1.73705765084086,-0.2196156489568443,0.9468209379513084,0.4241693564669896,0.7372460131607289,1.3889209855392906e-16,0.9164553399929785
hoptimus1,LUNG,0,nointercept_f64,1944,3262,1,SRPX,0.4806640056551194,-2.3705866188855853,1.9652002258940806,-0.15542809192065843,1.032237641618414,0.6930767362650109,0.7635731639095076,-1.1696176720330868e-16,1.6480282743158654
hoptimus1,LUNG,0,nointercept_f64,1944,3262,1,TCL1A,0.24160941029811928,-1.8220365972901509,1.428331051305391,-0.17202267352580786,0.7994851763814158,0.26085136385082575,0.7114315451424005,1.0782412914055018e-16,0.43633542439819856
hoptimus1,LUNG,0,nointercept_f64,1944,3262,1,TOP2A,0.7422911962394635,-3.5876052487238166,14.76299169024633,-1.0191956818087742,2.5484133023633904,0.5633025034372687,1.7938832186914355,-2.924044180082717e-17,1.7912804982912394
hoptimus1,LUNG,0,nointercept_f64,1944,3262,1,UBE2C,0.7664091588334334,-2.2904925581024953,12.462785665409495,-0.6838910342355543,2.4541652892938353,0.4655890867327044,1.9461535670752879,-1.3889209855392906e-16,1.3717516659463875
hoptimus1,LUNG,0,intercept_f64,1944,3262,1,ACE2,0.6132973695508153,-0.3172583227642529,0.6153953892565881,1.302301489236763,0.9238989415306171,0.84433841005371,0.6835049174134762,2.7998343519713162,2.7998343519713162
hoptimus1,LUNG,0,intercept_f64,1944,3262,1,ALDH1A3,0.757414956230558,-0.3156659800563828,1.8243759025540243,1.117906659416487,2.194437876864491,0.6193354312200325,1.177563514525635,1.7019619778595834,1.7019619778595834
hoptimus1,LUNG,0,intercept_f64,1944,3262,1,BBOX1,0.5029901453173021,-0.5831071521312392,0.8222230592360729,0.27320968720595734,0.9166177247726867,0.2200950058523392,0.7206753550319516,0.30974613571608506,0.30974613571608506
hoptimus1,LUNG,0,intercept_f64,1944,3262,1,CAPN8,0.7958335457800702,0.48824166717695894,1.0708110310524566,2.829619791057208,2.35137750432215,0.8774847468013228,1.4465183815250422,4.577275467630276,4.577275467630276
hoptimus1,LUNG,0,intercept_f64,1944,3262,1,CCL19,0.5808150603901442,0.13260315523270494,0.6898166451725968,0.4840203628552762,0.8719777298587587,0.6289346656948438,0.8917803852542122,0.5930755414344646,0.5930755414344646
hoptimus1,LUNG,0,intercept_f64,1944,3262,1,CCR7,0.6709726014359224,0.4091980593509372,0.408775998894527,0.8601363482663903,0.9723877369590072,0.6837044868962274,0.8318054042055006,1.2055307687432677,1.2055307687432677
hoptimus1,LUNG,0,intercept_f64,1944,3262,1,CD163,0.8286602391987756,0.2417203504049953,1.4002717509753402,2.427612194679797,3.2986983141966353,0.8753049015717685,1.3589124056242616,2.5322173324877344,2.5322173324877344
hoptimus1,LUNG,0,intercept_f64,1944,3262,1,CD19,0.5353493313333774,0.09257162146912534,0.4963488733699177,0.5577746939785694,0.8779485998966444,0.33578163611637907,0.7395837181981161,0.7995038028852439,0.7995038028852439
hoptimus1,LUNG,0,intercept_f64,1944,3262,1,CD1A,0.15264453830049346,-0.22860644527168228,0.44195921639775476,0.4763705345847304,0.5700820484898121,0.37761990711662347,0.5997699501178497,0.854225365161405,0.8542253651614051
hoptimus1,LUNG,0,intercept_f64,1944,3262,1,CD2,0.8496387517714884,0.44878984894164675,1.068974796442799,2.0956503374061786,2.805231252489903,1.0215967952915221,1.3925959552793685,2.1927645368340576,2.1927645368340576
hoptimus1,LUNG,0,intercept_f64,1944,3262,1,CD274,0.18656731530499532,-0.9429272032886391,3.6187058334528794,0.8365131317254986,2.1801103536955497,0.38022988522750434,1.3647351450735608,0.7319861292961694,0.7319861292961694
hoptimus1,LUNG,0,intercept_f64,1944,3262,1,CD79A,0.6393106343738139,0.33928715617742156,0.4374082266510101,0.7316599398645057,0.8666991608629631,0.6866959346210452,0.8136490070723114,1.0285599269739394,1.0285599269739394
hoptimus1,LUNG,0,intercept_f64,1944,3262,1,CDK1,0.679946366558188,-0.40695506594250763,2.782291941844805,0.8660030789821893,2.0702937342943697,0.4377962844718125,1.4062457897380862,1.8806818575893411,1.880681857589341
hoptimus1,LUNG,0,intercept_f64,1944,3262,1,CNN1,0.5504978682451194,0.12692527094300587,0.5115785163937294,0.6726241303937247,0.9504115519386211,0.582740123583204,0.7654739930178192,1.162939126538151,1.162939126538151
hoptimus1,LUNG,0,intercept_f64,1944,3262,1,COL5A2,0.795723651581198,-0.02615638963822997,2.7723348662960245,1.9196458496422646,3.150857292239027,0.7927254532754698,1.643675442505917,2.5930952522367114,2.5930952522367114
hoptimus1,LUNG,0,intercept_f64,1944,3262,1,CTSG,0.28304444416966235,-0.008353461390405492,0.380678967643833,0.4446273115523054,0.6123787810070102,0.24642477376298785,0.6144308947492689,0.29120438414100763,0.2912043841410076
hoptimus1,LUNG,0,intercept_f64,1944,3262,1,CTSK,0.8312290779734991,0.617065309668813,0.6583787277691397,2.5991240670740603,2.9086499749919814,0.9132624257395772,1.311219923610234,2.801650161912412,2.801650161912412
hoptimus1,LUNG,0,intercept_f64,1944,3262,1,CXCL10,0.4523276226583074,0.16830963832128176,1.2030901432984937,1.1374882040111407,1.366426515476898,0.553184740467127,1.20273029427516,1.2208670046594408,1.2208670046594408
hoptimus1,LUNG,0,intercept_f64,1944,3262,1,CXCL9,0.6101954503938036,0.2575898840551947,1.3867762509422572,1.326948885896807,1.7864178472834085,0.8908165846575993,1.3667253738594551,1.471703219928859,1.471703219928859
hoptimus1,LUNG,0,intercept_f64,1944,3262,1,CXCR4,0.7412870345434636,-1.3504051016781138,2.4613705589814643,3.02256730408068,1.6670962666383482,1.1488489972343203,1.0233333792520798,2.9926705183193025,2.9926705183193025
hoptimus1,LUNG,0,intercept_f64,1944,3262,1,CYP2A7,0.3361232539398133,-0.15864150758868378,0.46500935827653755,0.8111963716734659,0.9409471032518613,0.5165453189477573,0.6335141289464981,1.3329632280417432,1.3329632280417432
hoptimus1,LUNG,0,intercept_f64,1944,3262,1,DMBT1,0.3073286459501371,-1.9305058622187419,10.29755096194358,0.16104366803661677,2.805961585022934,0.22978213775486592,1.8745441679979626,0.34486191318113624,0.3448619131811362
hoptimus1,LUNG,0,intercept_f64,1944,3262,1,DNAAF1,0.4226578333245685,0.007453704810519546,0.4576541586876912,0.5703028895881952,0.8422883477845418,0.3574005522169207,0.6790368140639533,1.2720851679275065,1.2720851679275065
hoptimus1,LUNG,0,intercept_f64,1944,3262,1,FCER1A,0.2411001065841748,-0.41466102318847753,0.6565897385372504,0.5506014858494792,0.7519475689773396,0.5872169856885634,0.681272488767783,1.1867680250371926,1.1867680250371926
hoptimus1,LUNG,0,intercept_f64,1944,3262,1,FGFBP1,0.6545076613753914,-0.5295262856074219,2.738694858834177,0.4618212787263368,1.6431090029597208,0.31035086683417534,1.3381147279831402,0.6158043173728166,0.6158043173728166
hoptimus1,LUNG,0,intercept_f64,1944,3262,1,GPRC5A,0.8099316461482512,0.21077138131373285,1.613970594508753,2.9949815595987563,3.885590599622557,0.8157608538694786,1.430034109271999,4.295373030896051,4.29537303089605
hoptimus1,LUNG,0,intercept_f64,1944,3262,1,INMT,0.6382256470188239,-0.18032716980710317,1.691913308713928,2.7020240116780383,1.7972949943171186,0.9184975244081726,1.1972582854834168,2.9852385753344115,2.9852385753344115
hoptimus1,LUNG,0,intercept_f64,1944,3262,1,LIF,0.6220578812252495,-0.5092198244548332,2.6326917353346153,1.1039175782326291,2.3208806870321346,0.5347177153786614,1.320759534149159,1.389678048069585,1.389678048069585
hoptimus1,LUNG,0,intercept_f64,1944,3262,1,MALL,0.6923045951296066,0.21800589265441794,1.5834315086265924,3.7636074597296063,3.0362485624178284,0.982909901525167,1.422977067485373,5.03418024908368,5.03418024908368
hoptimus1,LUNG,0,intercept_f64,1944,3262,1,MARCO,0.5761886292387308,0.1950503134161613,1.5034321365062007,1.5436481051880058,2.0469975189370366,0.738330927089995,1.3666507587516408,1.473113490720835,1.4731134907208352
hoptimus1,LUNG,0,intercept_f64,1944,3262,1,MCEMP1,0.4426854412473265,0.08981224148227407,0.8292733850291191,1.4645161168008338,1.3560056413045916,0.7140060228006616,0.9545163426157406,1.473379964323201,1.4733799643232008
hoptimus1,LUNG,0,intercept_f64,1944,3262,1,MEDAG,0.6518757077260205,-0.315116261093243,1.9308638084274654,0.7118226350678387,1.735462505783792,0.5930999285062566,1.211696203877623,1.174229511201627,1.174229511201627
hoptimus1,LUNG,0,intercept_f64,1944,3262,1,MET,0.7957347137290454,0.12539026356506733,4.254776087254809,2.3783160994354917,3.7438737447096626,0.9768874525502829,2.205622589171537,3.2544252789682813,3.2544252789682813
hoptimus1,LUNG,0,intercept_f64,1944,3262,1,MKI67,0.7480066205589168,-0.39937301142319526,4.553738817897354,0.9966999502628752,2.626882200040823,0.6690159643379746,1.803920159570044,1.6763356574523596,1.6763356574523596
hoptimus1,LUNG,0,intercept_f64,1944,3262,1,MS4A1,0.6504141356304083,0.1093730795051382,1.038521654949619,0.7669229428284776,1.3610965118753187,0.589607303479047,1.0798411399958905,1.0243870310577343,1.0243870310577345
hoptimus1,LUNG,0,intercept_f64,1944,3262,1,MZB1,0.6266610769809003,0.373120774384351,0.4779324133620518,1.0153622328720595,0.9907391554442452,0.6668552233827731,0.8731549165427439,1.2912764484254422,1.2912764484254422
hoptimus1,LUNG,0,intercept_f64,1944,3262,1,OGN,0.5032564820360819,-0.04631660999672804,0.6493509333158598,1.425555753489265,1.1669548134143042,0.7414933411668979,0.7877858478939913,1.4744039071808142,1.4744039071808137
hoptimus1,LUNG,0,intercept_f64,1944,3262,1,PCSK2,0.1482523938784379,-1.7541632019656772,0.8773485463784146,0.9700318990766494,0.5592486430793215,0.7137962816438979,0.5644055097631594,2.0957928302969946,2.095792830296995
hoptimus1,LUNG,0,intercept_f64,1944,3262,1,PECAM1,0.8395649037348761,0.6875169122610176,0.5004607786859315,3.6126504864569298,3.7329461429105955,0.9470816907406473,1.2655280190736817,3.8533721374263488,3.8533721374263488
hoptimus1,LUNG,0,intercept_f64,1944,3262,1,PLA2G7,0.8027197434248448,0.4266440591744327,1.163035763672269,2.318934600959917,2.9691120048449275,1.0057997832969754,1.4242439273510363,2.006315308159271,2.006315308159271
hoptimus1,LUNG,0,intercept_f64,1944,3262,1,PTPRC,0.8987838315810439,0.451191045064672,0.7289843204310106,3.2375102654117978,2.5521689822599245,1.0991778598653117,1.1525200756267424,3.335016640983982,3.335016640983982
hoptimus1,LUNG,0,intercept_f64,1944,3262,1,SERPINB2,0.28437608768043876,-0.14505914838779255,0.5152215831198347,0.45053535921920274,0.7677453945634702,0.2229256268935097,0.6707845691095977,0.2815512779318256,0.2815512779318256
hoptimus1,LUNG,0,intercept_f64,1944,3262,1,SNCG,-0.27505375848087105,-0.7019423924942765,2.346417284812257,0.36696380347347357,1.2053162983997259,0.284671245129815,1.1741678821075123,0.44826198139308404,0.4482619813930841
hoptimus1,LUNG,0,intercept_f64,1944,3262,1,SNTN,0.6808409003282687,0.24120813282778286,0.5923487515131255,1.0208491116344018,1.4148820666065252,0.4662589380956208,0.8835424192526791,1.8329815107853815,1.8329815107853815
hoptimus1,LUNG,0,intercept_f64,1944,3262,1,SOX2,0.35275491606463666,0.028544380081179654,0.48221880043165544,0.7814532332055406,0.9600740471988423,0.3738087001638671,0.704548000412679,1.1862935598004503,1.1862935598004503
hoptimus1,LUNG,0,intercept_f64,1944,3262,1,SPIB,0.5547632557188722,0.1923672964101415,0.43897396337218914,0.6968396910361287,0.9468209379513084,0.42416935646698856,0.7372460131607289,0.9164553399929785,0.9164553399929785
hoptimus1,LUNG,0,intercept_f64,1944,3262,1,SRPX,0.4806640056551198,-0.31479619193676855,0.7665840002216311,1.492600182395198,1.032237641618414,0.6930767362650098,0.7635731639095076,1.6480282743158654,1.6480282743158654
hoptimus1,LUNG,0,intercept_f64,1944,3262,1,TCL1A,0.24160941029811936,-0.5231377248886655,0.7709130738992497,0.2643127508723884,0.7994851763814158,0.2608513638508253,0.7114315451424005,0.4363354243981986,0.43633542439819856
hoptimus1,LUNG,0,intercept_f64,1944,3262,1,TOP2A,0.7422911962394606,-0.6129500597225965,5.1905007160524645,0.772084816482456,2.5484133023633904,0.5633025034372697,1.7938832186914355,1.7912804982912394,1.7912804982912394
hoptimus1,LUNG,0,intercept_f64,1944,3262,1,UBE2C,0.7664091588334306,-0.5142441092983705,5.735220319166169,0.687860631710826,2.4541652892938353,0.465589086732705,1.9461535670752879,1.3717516659463878,1.3717516659463875
hoptimus1,LUNG,0,ycentered_f64,1944,3262,1,ACE2,0.6132973695508153,-0.31725832276425336,0.6153953892565883,1.3023014892367635,0.9238989415306171,0.8443384100537102,0.6835049174134762,2.7998343519713162,2.7998343519713162
hoptimus1,LUNG,0,ycentered_f64,1944,3262,1,ALDH1A3,0.7574149562305581,-0.3156659800563828,1.8243759025540243,1.1179066594164873,2.194437876864491,0.6193354312200328,1.177563514525635,1.7019619778595834,1.7019619778595834
hoptimus1,LUNG,0,ycentered_f64,1944,3262,1,BBOX1,0.502990145317302,-0.5831071521312392,0.8222230592360729,0.2732096872059574,0.9166177247726867,0.22009500585233915,0.7206753550319516,0.30974613571608506,0.30974613571608506
hoptimus1,LUNG,0,ycentered_f64,1944,3262,1,CAPN8,0.7958335457800699,0.4882416671769588,1.0708110310524568,2.829619791057208,2.35137750432215,0.8774847468013232,1.4465183815250422,4.577275467630276,4.577275467630276
hoptimus1,LUNG,0,ycentered_f64,1944,3262,1,CCL19,0.5808150603901442,0.13260315523270494,0.6898166451725968,0.4840203628552763,0.8719777298587587,0.6289346656948438,0.8917803852542122,0.5930755414344646,0.5930755414344646
hoptimus1,LUNG,0,ycentered_f64,1944,3262,1,CCR7,0.6709726014359223,0.4091980593509372,0.408775998894527,0.86013634826639,0.9723877369590072,0.6837044868962273,0.8318054042055006,1.2055307687432677,1.2055307687432677
hoptimus1,LUNG,0,ycentered_f64,1944,3262,1,CD163,0.8286602391987756,0.2417203504049953,1.4002717509753402,2.427612194679797,3.2986983141966353,0.8753049015717688,1.3589124056242616,2.5322173324877344,2.5322173324877344
hoptimus1,LUNG,0,ycentered_f64,1944,3262,1,CD19,0.5353493313333776,0.09257162146912545,0.4963488733699176,0.5577746939785697,0.8779485998966444,0.33578163611637907,0.7395837181981161,0.7995038028852441,0.7995038028852439
hoptimus1,LUNG,0,ycentered_f64,1944,3262,1,CD1A,0.15264453830049352,-0.2286064452716816,0.44195921639775454,0.4763705345847303,0.5700820484898121,0.37761990711662347,0.5997699501178497,0.854225365161405,0.8542253651614051
hoptimus1,LUNG,0,ycentered_f64,1944,3262,1,CD2,0.8496387517714884,0.4487898489416464,1.0689747964427996,2.0956503374061786,2.805231252489903,1.021596795291522,1.3925959552793685,2.1927645368340576,2.1927645368340576
hoptimus1,LUNG,0,ycentered_f64,1944,3262,1,CD274,0.1865673153049954,-0.9429272032886391,3.6187058334528794,0.8365131317254989,2.1801103536955497,0.38022988522750434,1.3647351450735608,0.7319861292961695,0.7319861292961694
hoptimus1,LUNG,0,ycentered_f64,1944,3262,1,CD79A,0.6393106343738139,0.33928715617742156,0.43740822665101015,0.7316599398645058,0.8666991608629631,0.6866959346210453,0.8136490070723114,1.0285599269739394,1.0285599269739394
hoptimus1,LUNG,0,ycentered_f64,1944,3262,1,CDK1,0.6799463665581883,-0.4069550659425074,2.7822919418448047,0.8660030789821893,2.0702937342943697,0.43779628447181257,1.4062457897380862,1.880681857589341,1.880681857589341
hoptimus1,LUNG,0,ycentered_f64,1944,3262,1,CNN1,0.5504978682451191,0.12692527094300565,0.5115785163937296,0.6726241303937246,0.9504115519386211,0.582740123583204,0.7654739930178192,1.162939126538151,1.162939126538151
hoptimus1,LUNG,0,ycentered_f64,1944,3262,1,COL5A2,0.7957236515811981,-0.02615638963822997,2.7723348662960245,1.9196458496422648,3.150857292239027,0.7927254532754698,1.643675442505917,2.593095252236711,2.5930952522367114
hoptimus1,LUNG,0,ycentered_f64,1944,3262,1,CTSG,0.28304444416966235,-0.008353461390406158,0.38067896764383324,0.4446273115523051,0.6123787810070102,0.24642477376298783,0.6144308947492689,0.2912043841410075,0.2912043841410076
hoptimus1,LUNG,0,ycentered_f64,1944,3262,1,CTSK,0.8312290779734992,0.6170653096688131,0.6583787277691395,2.599124067074061,2.9086499749919814,0.9132624257395773,1.311219923610234,2.801650161912412,2.801650161912412
hoptimus1,LUNG,0,ycentered_f64,1944,3262,1,CXCL10,0.4523276226583075,0.16830963832128198,1.2030901432984933,1.1374882040111411,1.366426515476898,0.553184740467127,1.20273029427516,1.2208670046594408,1.2208670046594408
hoptimus1,LUNG,0,ycentered_f64,1944,3262,1,CXCL9,0.6101954503938036,0.2575898840551947,1.3867762509422572,1.326948885896807,1.7864178472834085,0.8908165846575994,1.3667253738594551,1.471703219928859,1.471703219928859
hoptimus1,LUNG,0,ycentered_f64,1944,3262,1,CXCR4,0.7412870345434636,-1.3504051016781138,2.4613705589814643,3.02256730408068,1.6670962666383482,1.1488489972343205,1.0233333792520798,2.9926705183193025,2.9926705183193025
hoptimus1,LUNG,0,ycentered_f64,1944,3262,1,CYP2A7,0.33612325393981335,-0.158641507588684,0.4650093582765377,0.8111963716734661,0.9409471032518613,0.5165453189477573,0.6335141289464981,1.3329632280417434,1.3329632280417432
hoptimus1,LUNG,0,ycentered_f64,1944,3262,1,DMBT1,0.307328645950137,-1.9305058622187419,10.29755096194358,0.1610436680366167,2.805961585022934,0.22978213775486592,1.8745441679979626,0.3448619131811362,0.3448619131811362
hoptimus1,LUNG,0,ycentered_f64,1944,3262,1,DNAAF1,0.42265783332456874,0.007453704810520323,0.4576541586876909,0.5703028895881954,0.8422883477845418,0.3574005522169208,0.6790368140639533,1.2720851679275065,1.2720851679275065
hoptimus1,LUNG,0,ycentered_f64,1944,3262,1,FCER1A,0.24110010658417486,-0.4146610231884782,0.6565897385372508,0.5506014858494789,0.7519475689773396,0.5872169856885633,0.681272488767783,1.1867680250371926,1.1867680250371926
hoptimus1,LUNG,0,ycentered_f64,1944,3262,1,FGFBP1,0.6545076613753915,-0.5295262856074217,2.7386948588341764,0.461821278726337,1.6431090029597208,0.31035086683417534,1.3381147279831402,0.6158043173728167,0.6158043173728166
hoptimus1,LUNG,0,ycentered_f64,1944,3262,1,GPRC5A,0.8099316461482512,0.21077138131373296,1.6139705945087528,2.9949815595987563,3.885590599622557,0.815760853869479,1.430034109271999,4.29537303089605,4.29537303089605
hoptimus1,LUNG,0,ycentered_f64,1944,3262,1,INMT,0.6382256470188237,-0.18032716980710317,1.691913308713928,2.7020240116780383,1.7972949943171186,0.9184975244081728,1.1972582854834168,2.9852385753344115,2.9852385753344115
hoptimus1,LUNG,0,ycentered_f64,1944,3262,1,LIF,0.6220578812252495,-0.5092198244548332,2.6326917353346153,1.1039175782326294,2.3208806870321346,0.5347177153786615,1.320759534149159,1.389678048069585,1.389678048069585
hoptimus1,LUNG,0,ycentered_f64,1944,3262,1,MALL,0.6923045951296063,0.21800589265441805,1.5834315086265922,3.7636074597296063,3.0362485624178284,0.9829099015251674,1.422977067485373,5.03418024908368,5.03418024908368
hoptimus1,LUNG,0,ycentered_f64,1944,3262,1,MARCO,0.5761886292387308,0.19505031341616186,1.5034321365061996,1.5436481051880067,2.0469975189370366,0.7383309270899951,1.3666507587516408,1.4731134907208352,1.4731134907208352
hoptimus1,LUNG,0,ycentered_f64,1944,3262,1,MCEMP1,0.4426854412473266,0.08981224148227418,0.8292733850291188,1.4645161168008343,1.3560056413045916,0.7140060228006618,0.9545163426157406,1.4733799643232008,1.4733799643232008
hoptimus1,LUNG,0,ycentered_f64,1944,3262,1,MEDAG,0.6518757077260204,-0.31511626109324276,1.930863808427465,0.7118226350678387,1.735462505783792,0.5930999285062566,1.211696203877623,1.174229511201627,1.174229511201627
hoptimus1,LUNG,0,ycentered_f64,1944,3262,1,MET,0.7957347137290454,0.12539026356506733,4.254776087254809,2.3783160994354913,3.7438737447096626,0.9768874525502826,2.205622589171537,3.2544252789682817,3.2544252789682813
hoptimus1,LUNG,0,ycentered_f64,1944,3262,1,MKI67,0.7480066205589165,-0.39937301142319526,4.553738817897354,0.9966999502628752,2.626882200040823,0.6690159643379747,1.803920159570044,1.6763356574523596,1.6763356574523596
hoptimus1,LUNG,0,ycentered_f64,1944,3262,1,MS4A1,0.6504141356304083,0.1093730795051383,1.038521654949619,0.7669229428284776,1.3610965118753187,0.5896073034790471,1.0798411399958905,1.0243870310577345,1.0243870310577345
hoptimus1,LUNG,0,ycentered_f64,1944,3262,1,MZB1,0.6266610769809006,0.3731207743843511,0.47793241336205167,1.01536223287206,0.9907391554442452,0.6668552233827731,0.8731549165427439,1.2912764484254426,1.2912764484254422
hoptimus1,LUNG,0,ycentered_f64,1944,3262,1,OGN,0.5032564820360818,-0.04631660999672804,0.6493509333158598,1.4255557534892647,1.1669548134143042,0.7414933411668979,0.7877858478939913,1.4744039071808137,1.4744039071808137
hoptimus1,LUNG,0,ycentered_f64,1944,3262,1,PCSK2,0.14825239387843803,-1.7541632019656794,0.8773485463784153,0.9700318990766498,0.5592486430793215,0.7137962816438979,0.5644055097631594,2.0957928302969946,2.095792830296995
hoptimus1,LUNG,0,ycentered_f64,1944,3262,1,PECAM1,0.8395649037348764,0.6875169122610176,0.5004607786859314,3.6126504864569298,3.7329461429105955,0.9470816907406472,1.2655280190736817,3.8533721374263488,3.8533721374263488
hoptimus1,LUNG,0,ycentered_f64,1944,3262,1,PLA2G7,0.8027197434248446,0.4266440591744328,1.1630357636722686,2.3189346009599174,2.9691120048449275,1.0057997832969754,1.4242439273510363,2.006315308159271,2.006315308159271
hoptimus1,LUNG,0,ycentered_f64,1944,3262,1,PTPRC,0.8987838315810439,0.4511910450646718,0.7289843204310108,3.2375102654117978,2.5521689822599245,1.0991778598653117,1.1525200756267424,3.335016640983982,3.335016640983982
hoptimus1,LUNG,0,ycentered_f64,1944,3262,1,SERPINB2,0.2843760876804387,-0.14505914838779232,0.5152215831198347,0.45053535921920274,0.7677453945634702,0.2229256268935097,0.6707845691095977,0.2815512779318256,0.2815512779318256
hoptimus1,LUNG,0,ycentered_f64,1944,3262,1,SNCG,-0.27505375848087116,-0.701942392494276,2.346417284812256,0.36696380347347385,1.2053162983997259,0.28467124512981495,1.1741678821075123,0.44826198139308415,0.4482619813930841
hoptimus1,LUNG,0,ycentered_f64,1944,3262,1,SNTN,0.6808409003282689,0.24120813282778286,0.5923487515131255,1.0208491116344018,1.4148820666065252,0.46625893809562097,0.8835424192526791,1.8329815107853813,1.8329815107853815
hoptimus1,LUNG,0,ycentered_f64,1944,3262,1,SOX2,0.35275491606463666,0.028544380081179432,0.4822188004316556,0.7814532332055407,0.9600740471988423,0.3738087001638672,0.704548000412679,1.18629355980045,1.1862935598004503
hoptimus1,LUNG,0,ycentered_f64,1944,3262,1,SPIB,0.5547632557188721,0.19236729641014205,0.4389739633721888,0.6968396910361291,0.9468209379513084,0.42416935646698856,0.7372460131607289,0.9164553399929787,0.9164553399929785
hoptimus1,LUNG,0,ycentered_f64,1944,3262,1,SRPX,0.4806640056551198,-0.31479619193676833,0.766584000221631,1.4926001823951978,1.032237641618414,0.6930767362650098,0.7635731639095076,1.6480282743158654,1.6480282743158654
hoptimus1,LUNG,0,ycentered_f64,1944,3262,1,TCL1A,0.2416094102981192,-0.5231377248886655,0.7709130738992497,0.2643127508723885,0.7994851763814158,0.26085136385082525,0.7114315451424005,0.43633542439819867,0.43633542439819856
hoptimus1,LUNG,0,ycentered_f64,1944,3262,1,TOP2A,0.7422911962394605,-0.6129500597225963,5.190500716052464,0.7720848164824562,2.5484133023633904,0.56330250343727,1.7938832186914355,1.7912804982912391,1.7912804982912394
hoptimus1,LUNG,0,ycentered_f64,1944,3262,1,UBE2C,0.7664091588334306,-0.5142441092983707,5.735220319166171,0.6878606317108261,2.4541652892938353,0.4655890867327051,1.9461535670752879,1.3717516659463875,1.3717516659463875
hoptimus1,LUNG,1,nointercept_f64,3262,1944,1,ACE2,0.8881191566456591,-1.9438963195173367,6.302101599886986,0.4763780349403745,2.7998343519713162,0.6275408793891144,1.4631250467000059,0.0,0.9238989415306171
hoptimus1,LUNG,1,nointercept_f64,3262,1944,1,ALDH1A3,0.6779654190113782,-1.6300931386214872,2.061013745656522,0.42931123532152987,1.7019619778595834,0.7340585114729459,0.8852274652700548,-1.3940752632938813e-16,2.194437876864491
hoptimus1,LUNG,1,nointercept_f64,3262,1944,1,BBOX1,0.2582606810072613,-1.4669404049395594,0.45887355535899943,0.5765503281466554,0.30974613571608506,0.574079452677836,0.4312878126915219,6.970376316469407e-17,0.9166177247726867
hoptimus1,LUNG,1,nointercept_f64,3262,1944,1,CAPN8,0.9347537190916713,-4.058384760780617,16.152304985893455,0.6308449369373631,4.577275467630276,1.252144582019902,1.7869455648894177,3.4851881582347034e-17,2.35137750432215
hoptimus1,LUNG,1,nointercept_f64,3262,1944,1,CCL19,0.4778945852004377,0.08169774350555692,0.774382999590248,0.7190587716754445,0.5930755414344646,0.7672178120076698,0.9183010466651103,-3.4851881582347034e-17,0.8719777298587587
hoptimus1,LUNG,1,nointercept_f64,3262,1944,1,CCR7,0.680320924332436,-0.608136216110813,1.3999235651998387,0.2413810610957395,1.2055307687432677,0.5825565525618966,0.9330195542213144,1.045556447470411e-16,0.9723877369590072
hoptimus1,LUNG,1,nointercept_f64,3262,1944,1,CD163,0.7745193537898265,-5.242230446069186,7.1845056170216255,-0.060062606437919934,2.5322173324877344,0.8947338365233286,1.0728241606652136,-2.091112894940822e-16,3.2986983141966353
hoptimus1,LUNG,1,nointercept_f64,3262,1944,1,CD19,0.5687159165683852,-0.29297667056148535,0.6842357933571885,0.23369422710788404,0.7995038028852439,0.49157865491144925,0.7274573732001279,1.3940752632938813e-16,0.8779485998966444
hoptimus1,LUNG,1,nointercept_f64,3262,1944,1,CD1A,0.4624173779083823,-0.3074995075765903,0.6891729910889629,0.3309595427350904,0.8542253651614051,0.3670505078445867,0.7260112618321726,8.712970395586758e-18,0.5700820484898121
hoptimus1,LUNG,1,nointercept_f64,3262,1944,1,CD2,0.790260749205237,-1.8505896737702305,4.557127165857774,0.2038346704778454,2.1927645368340576,0.9674559438678906,1.2643817540973648,-6.970376316469407e-17,2.805231252489903
hoptimus1,LUNG,1,nointercept_f64,3262,1944,1,CD274,0.22885368952988885,-2.2804942682986686,1.1746174238313476,0.23662557845140006,0.7319861292961694,0.9050092179373543,0.5983820781539084,3.4851881582347034e-17,2.1801103536955497
hoptimus1,LUNG,1,nointercept_f64,3262,1944,1,CD79A,0.7186203713581258,0.23118329180006414,0.8957197697346707,0.4668416947774421,1.0285599269739394,0.646105109983296,1.0793807622457814,0.0,0.8666991608629631
hoptimus1,LUNG,1,nointercept_f64,3262,1944,1,CDK1,0.8062020922304899,-1.3141974131970193,2.225869175533646,0.5138409423404035,1.880681857589341,0.9353636179306185,0.9807303509434188,0.0,2.0702937342943697
hoptimus1,LUNG,1,nointercept_f64,3262,1944,1,CNN1,0.6549521308643297,-0.2742068501442725,1.1052513433576454,0.3826139915526052,1.162939126538151,0.5779866019905063,0.9313449369352438,1.2198158553821462e-16,0.9504115519386211
hoptimus1,LUNG,1,nointercept_f64,3262,1944,1,COL5A2,0.8371038664546582,-3.3154519736906565,5.323112626766995,0.37682643780021374,2.5930952522367114,1.1349724609101377,1.1106307246228824,0.0,3.150857292239027
hoptimus1,LUNG,1,nointercept_f64,3262,1944,1,CTSG,0.14219076390217208,-1.001701874101379,0.40709530149936235,0.5784524062369816,0.2912043841410076,0.4181311515740931,0.45097072163764,-8.712970395586758e-18,0.6123787810070102
hoptimus1,LUNG,1,nointercept_f64,3262,1944,1,CTSK,0.7646225309388458,-6.290316965154949,7.115030139392358,0.21472709834219958,2.801650161912412,0.8876372422386563,0.987904961696369,0.0,2.9086499749919814
hoptimus1,LUNG,1,nointercept_f64,3262,1944,1,CXCL10,0.39749564040825053,-0.9426447577228785,1.913467042678318,0.22877659477948628,1.2208670046594408,0.7105259653161378,0.9924617960173515,-1.3940752632938813e-16,1.366426515476898
hoptimus1,LUNG,1,nointercept_f64,3262,1944,1,CXCL9,0.4681171712035918,-1.187197324831467,3.072777099284069,0.09300524306226395,1.471703219928859,0.8285946532633143,1.1852816085602669,-1.7425940791173518e-16,1.7864178472834085
hoptimus1,LUNG,1,nointercept_f64,3262,1944,1,CXCR4,0.8472653286250575,-2.916467364029534,6.6458817800765555,0.5344306513517502,2.9926705183193025,0.7513149406453178,1.3026539173805645,5.227782237352055e-17,1.6670962666383482
hoptimus1,LUNG,1,nointercept_f64,3262,1944,1,CYP2A7,0.3929129802112366,-1.2573255076702745,2.2741083455578264,0.14209180925766676,1.3329632280417432,0.3309108251631465,1.0037105324106852,6.099079276910731e-17,0.9409471032518613
hoptimus1,LUNG,1,nointercept_f64,3262,1944,1,DMBT1,0.23243327050492227,-2.069370220999556,0.8676871103684358,0.3083882609315633,0.3448619131811362,0.8974922461524586,0.531688094013129,0.0,2.805961585022934
hoptimus1,LUNG,1,nointercept_f64,3262,1944,1,DNAAF1,0.522604978824977,-1.3222849555514653,1.9490224457696355,0.11939144770757261,1.2720851679275065,0.37743495134456223,0.9161164172619471,-1.7425940791173517e-17,0.8422883477845418
hoptimus1,LUNG,1,nointercept_f64,3262,1944,1,FCER1A,0.4759233795547963,-0.22486788773696031,1.021389325151258,0.5732711101373712,1.1867680250371926,0.4376725758004318,0.9131687331156997,1.045556447470411e-16,0.7519475689773396
hoptimus1,LUNG,1,nointercept_f64,3262,1944,1,FGFBP1,0.46810486045966715,-1.102054624776856,0.6951736922560549,0.566185504888198,0.6158043173728166,0.9283361378755582,0.5750752348963059,1.7425940791173518e-16,1.6431090029597208
hoptimus1,LUNG,1,nointercept_f64,3262,1944,1,GPRC5A,0.8763120331154027,-6.794130498456261,15.021009954039306,0.4855538995623475,4.29537303089605,0.9735859375098863,1.3882437613463572,1.7425940791173517e-17,3.885590599622557
hoptimus1,LUNG,1,nointercept_f64,3262,1944,1,INMT,0.5364045212630411,-5.106110208824488,10.82745852135354,-0.1062584854736299,2.9852385753344115,0.6300572528036952,1.3316219491994359,0.0,1.7972949943171186
hoptimus1,LUNG,1,nointercept_f64,3262,1944,1,LIF,0.6001843009606408,-0.40294892418113526,1.0361295771620525,0.6803161583175572,1.389678048069585,0.7616227581446517,0.8593817078825873,-6.970376316469407e-17,2.3208806870321346
hoptimus1,LUNG,1,nointercept_f64,3262,1944,1,MALL,0.9246629893205661,-7.038037325215614,24.12239712171929,0.19905905529975323,5.03418024908368,1.0460905676691865,1.7323483317229964,-3.0495396384553656e-17,3.0362485624178284
hoptimus1,LUNG,1,nointercept_f64,3262,1944,1,MARCO,0.6082418736292289,-1.7204773398157278,4.933249385637478,-0.47383346742514354,1.4731134907208352,0.8310669276197283,1.3466166466266953,-2.0039831909849545e-16,2.0469975189370366
hoptimus1,LUNG,1,nointercept_f64,3262,1944,1,MCEMP1,0.5173101546219981,-1.629912406989361,3.6206057466314086,-0.14250207408559282,1.4733799643232008,0.5716495490706635,1.1733294630827338,-6.970376316469407e-17,1.3560056413045916
hoptimus1,LUNG,1,nointercept_f64,3262,1944,1,MEDAG,0.49877311675527386,-0.5431741479333687,0.9383946179649111,0.5413534536804199,1.174229511201627,0.6736327088417619,0.77980368754793,1.7425940791173517e-17,1.735462505783792
hoptimus1,LUNG,1,nointercept_f64,3262,1944,1,MET,0.7752005710851878,-2.910092612524696,8.753271972016483,0.46433089827847546,3.2544252789682813,1.434244086732954,1.496207024251872,6.970376316469407e-17,3.7438737447096626
hoptimus1,LUNG,1,nointercept_f64,3262,1944,1,MKI67,0.7145896732864236,-1.286997939948451,2.419274477532318,0.3423380575648355,1.6763356574523596,1.0843345174115946,1.028512762761442,0.0,2.626882200040823
hoptimus1,LUNG,1,nointercept_f64,3262,1944,1,MS4A1,0.622299968938589,-0.2696769195853128,1.2224097516375048,0.23380174051955094,1.0243870310577345,0.6969369588795847,0.9812096040161671,1.3940752632938813e-16,1.3610965118753187
hoptimus1,LUNG,1,nointercept_f64,3262,1944,1,MZB1,0.7040719371852104,0.06089724405216845,1.1802780776609323,0.5560747282839259,1.2912764484254422,0.7120752199423342,1.121077439155052,-3.4851881582347034e-17,0.9907391554442452
hoptimus1,LUNG,1,nointercept_f64,3262,1944,1,OGN,0.5202841635837833,-0.6718865336651347,2.164925366556119,0.37336956532678744,1.4744039071808137,0.5010959411519913,1.1379365963952262,0.0,1.1669548134143042
hoptimus1,LUNG,1,nointercept_f64,3262,1944,1,PCSK2,0.4166395487266726,-1.2786385858421552,5.524863013143021,0.24273943574272386,2.095792830296995,0.3532743153533288,1.55712340822618,1.045556447470411e-16,0.5592486430793215
hoptimus1,LUNG,1,nointercept_f64,3262,1944,1,PECAM1,0.8573753519545806,-13.517237873502202,14.806704546078894,0.04069480261456242,3.8533721374263488,0.8633405483695322,1.0099205485223364,-5.227782237352055e-17,3.7329461429105955
hoptimus1,LUNG,1,nointercept_f64,3262,1944,1,PLA2G7,0.6717265912393974,-2.431801653290595,4.48508885721946,0.10931795178064116,2.006315308159271,1.179351128447338,1.1432058449171196,-2.091112894940822e-16,2.9691120048449275
hoptimus1,LUNG,1,nointercept_f64,3262,1944,1,PTPRC,0.8725674868836265,-6.911051983580627,10.143564477766866,0.20046783277177796,3.335016640983982,0.877585224443889,1.1323434647671047,-6.970376316469407e-17,2.5521689822599245
hoptimus1,LUNG,1,nointercept_f64,3262,1944,1,SERPINB2,0.20244346323641085,-0.36344792082592203,0.23822411790561443,0.16388564820183887,0.2815512779318256,0.32298563219201104,0.41799740611351893,8.712970395586759e-17,0.7677453945634702
hoptimus1,LUNG,1,nointercept_f64,3262,1944,1,SNCG,0.07529817598315625,-1.1720267888464302,0.5706415469565383,0.182724706016703,0.4482619813930841,0.5273671778311554,0.5125651864883956,-3.4851881582347034e-17,1.2053162983997259
hoptimus1,LUNG,1,nointercept_f64,3262,1944,1,SNTN,0.7220105775906801,-1.2293192958414951,2.469112950317407,0.4432970862773912,1.8329815107853815,0.6721081552038541,1.052408485519977,1.045556447470411e-16,1.4148820666065252
hoptimus1,LUNG,1,nointercept_f64,3262,1944,1,SOX2,0.41764845361424274,-0.7520242903353682,1.4102399099561702,0.34708078290218913,1.1862935598004503,0.5782810286300367,0.8971735037106436,1.045556447470411e-16,0.9600740471988423
hoptimus1,LUNG,1,nointercept_f64,3262,1944,1,SPIB,0.5795807607736574,-0.20837736875912372,0.6332811677757187,0.38487789426656127,0.9164553399929785,0.4712986766326795,0.7239307015115845,8.712970395586759e-17,0.9468209379513084
hoptimus1,LUNG,1,nointercept_f64,3262,1944,1,SRPX,0.5413022124081899,-2.2508061629374883,2.4991839708686223,0.24996468949874004,1.6480282743158654,0.441836203298935,0.8768061274494735,6.970376316469407e-17,1.032237641618414
hoptimus1,LUNG,1,nointercept_f64,3262,1944,1,TCL1A,0.37405009738945594,-0.4021721917281662,0.3987791132720628,0.07382341652918711,0.43633542439819856,0.35032483411902954,0.5332925623397707,5.227782237352055e-17,0.7994851763814158
hoptimus1,LUNG,1,nointercept_f64,3262,1944,1,TOP2A,0.7554828005797386,-1.65291900013484,3.1861663155072906,0.16093198782748344,1.7912804982912394,0.9402045238724138,1.095903277767349,-6.970376316469407e-17,2.5484133023633904
hoptimus1,LUNG,1,nointercept_f64,3262,1944,1,UBE2C,0.6412138048132957,-1.8588866543459144,2.2979977709839967,0.07682624620560291,1.3717516659463875,0.9593918754195828,0.8965537530504487,0.0,2.4541652892938353
hoptimus1,LUNG,1,intercept_f64,3262,1944,1,ACE2,0.8881191566456593,-0.33711707461001783,2.862413190053372,1.4002769764709855,2.7998343519713162,0.6275408793891127,1.4631250467000059,0.9238989415306174,0.9238989415306171
hoptimus1,LUNG,1,intercept_f64,3262,1944,1,ALDH1A3,0.677965419011379,-0.6475494822420496,1.2910653541835782,2.623749112186006,1.7019619778595834,0.7340585114729441,0.8852274652700548,2.1944378768644914,2.194437876864491
hoptimus1,LUNG,1,intercept_f64,3262,1944,1,BBOX1,0.25826068100726085,-8.61337788597717,1.7881765123774866,1.4931680529193363,0.30974613571608506,0.5740794526778347,0.4312878126915219,0.9166177247726869,0.9166177247726867
hoptimus1,LUNG,1,intercept_f64,3262,1944,1,CAPN8,0.934753719091672,0.022231557875990626,3.1221852092428968,2.982222441259497,4.577275467630276,1.2521445820198973,1.7869455648894177,2.3513775043221505,2.35137750432215
hoptimus1,LUNG,1,intercept_f64,3262,1944,1,CCL19,0.4778945852004387,-1.0804998756853945,1.7544373031714784,1.5910365015341983,0.5930755414344646,0.76721781200767,0.9183010466651103,0.8719777298587588,0.8719777298587587
hoptimus1,LUNG,1,intercept_f64,3262,1944,1,CCR7,0.6803209243324362,0.4596289508438727,0.4704067715699625,1.21376879805474,1.2055307687432677,0.5825565525618975,0.9330195542213144,0.9723877369590073,0.9723877369590072
hoptimus1,LUNG,1,intercept_f64,3262,1944,1,CD163,0.7745193537898294,0.16276480309671204,0.9636172561856761,3.2386357077586934,2.5322173324877344,0.8947338365233272,1.0728241606652136,3.2986983141966357,3.2986983141966353
hoptimus1,LUNG,1,intercept_f64,3262,1944,1,CD19,0.5687159165683864,0.12787014354231752,0.46152608769396686,1.1116428270045224,0.7995038028852439,0.49157865491144886,0.7274573732001279,0.8779485998966445,0.8779485998966444
hoptimus1,LUNG,1,intercept_f64,3262,1944,1,CD1A,0.4624173779083822,0.20780935757346108,0.41755762919230316,0.9010415912248987,0.8542253651614051,0.3670505078445857,0.7260112618321726,0.5700820484898124,0.5700820484898121
hoptimus1,LUNG,1,intercept_f64,3262,1944,1,CD2,0.7902607492052408,0.2070658313066518,1.2676331055777799,3.009065922967728,2.1927645368340576,0.9674559438678904,1.2643817540973648,2.8052312524899032,2.805231252489903
hoptimus1,LUNG,1,intercept_f64,3262,1944,1,CD274,0.22885368952989052,-9.522274344135427,3.7676172467038036,2.4167359321469344,0.7319861292961694,0.9050092179373518,0.5983820781539084,2.18011035369555,2.1801103536955497
hoptimus1,LUNG,1,intercept_f64,3262,1944,1,CD79A,0.7186203713581272,0.42217213791199226,0.6732057642029671,1.3335408556403994,1.0285599269739394,0.6461051099832966,1.0793807622457814,0.8666991608629632,0.8666991608629631
hoptimus1,LUNG,1,intercept_f64,3262,1944,1,CDK1,0.8062020922304906,0.11371119102491345,0.8524609565580402,2.5841346766347595,1.880681857589341,0.9353636179306152,0.9807303509434188,2.07029373429437,2.0702937342943697
hoptimus1,LUNG,1,intercept_f64,3262,1944,1,CNN1,0.6549521308643307,0.3944300640123618,0.5252734162993693,1.3330255434912202,1.162939126538151,0.5779866019905053,0.9313449369352438,0.9504115519386211,0.9504115519386211
hoptimus1,LUNG,1,intercept_f64,3262,1944,1,COL5A2,0.8371038664546588,-0.04152424815940803,1.2847207917644563,3.5276837300392194,2.5930952522367114,1.1349724609101381,1.1106307246228824,3.150857292239027,3.150857292239027
hoptimus1,LUNG,1,intercept_f64,3262,1944,1,CTSG,0.14219076390217275,-4.575486348956447,1.1339122601625984,1.1908311872439872,0.2912043841410076,0.4181311515740923,0.45097072163764,0.6123787810070102,0.6123787810070102
hoptimus1,LUNG,1,intercept_f64,3262,1944,1,CTSK,0.7646225309388481,0.46066493465918135,0.5263674080938279,3.12337707333416,2.801650161912412,0.8876372422386559,0.987904961696369,2.9086499749919814,2.9086499749919814
hoptimus1,LUNG,1,intercept_f64,3262,1944,1,CXCL10,0.3974956404082513,-0.08565730169255348,1.069351181256019,1.5952031102563744,1.2208670046594408,0.7105259653161367,0.9924617960173515,1.366426515476898,1.366426515476898
hoptimus1,LUNG,1,intercept_f64,3262,1944,1,CXCL9,0.46811717120359275,0.047468408714274934,1.338204480600725,1.879423090345659,1.471703219928859,0.8285946532633126,1.1852816085602669,1.786417847283409,1.7864178472834085
hoptimus1,LUNG,1,intercept_f64,3262,1944,1,CXCR4,0.8472653286250599,0.27583151733051514,1.2288467328697805,2.2015269179900865,2.9926705183193025,0.7513149406453181,1.3026539173805645,1.6670962666383482,1.6670962666383482
hoptimus1,LUNG,1,intercept_f64,3262,1944,1,CYP2A7,0.3929129802112343,0.08838195483375721,0.9183957729752827,1.0830389125095217,1.3329632280417432,0.33091082516314557,1.0037105324106852,0.9409471032518613,0.9409471032518613
hoptimus1,LUNG,1,intercept_f64,3262,1944,1,DMBT1,0.23243327050492293,-29.19686891823025,8.536420192837152,3.1143498459544787,0.3448619131811362,0.897492246152453,0.531688094013129,2.805961585022934,2.805961585022934
hoptimus1,LUNG,1,intercept_f64,3262,1944,1,DNAAF1,0.5226049788249761,0.14607726395936582,0.7166711283719255,0.9616797954921085,1.2720851679275065,0.377434951344561,0.9161164172619471,0.8422883477845418,0.8422883477845418
hoptimus1,LUNG,1,intercept_f64,3262,1944,1,FCER1A,0.47592337955479835,0.20350442986720962,0.6641794441741482,1.3252186791147056,1.1867680250371926,0.4376725758004303,0.9131687331156997,0.7519475689773396,0.7519475689773396
hoptimus1,LUNG,1,intercept_f64,3262,1944,1,FGFBP1,0.4681048604596673,-8.77263385397143,3.231922652844011,2.209294507847908,0.6158043173728166,0.9283361378755546,0.5750752348963059,1.6431090029597215,1.6431090029597208
hoptimus1,LUNG,1,intercept_f64,3262,1944,1,GPRC5A,0.8763120331154045,0.7343171723411468,0.5120294559696406,4.371144499184876,4.29537303089605,0.9735859375098753,1.3882437613463572,3.8855905996225575,3.885590599622557
hoptimus1,LUNG,1,intercept_f64,3262,1944,1,INMT,0.5364045212630449,-0.6608589966066845,2.9450634332782037,1.6910365088434762,2.9852385753344115,0.6300572528036942,1.3316219491994359,1.7972949943171186,1.7972949943171186
hoptimus1,LUNG,1,intercept_f64,3262,1944,1,LIF,0.6001843009606407,-3.2380117180616006,3.1299281205165594,3.001196845349676,1.389678048069585,0.7616227581446495,0.8593817078825873,2.3208806870321346,2.3208806870321346
hoptimus1,LUNG,1,intercept_f64,3262,1944,1,MALL,0.9246629893205672,-0.3261919815606038,3.9799429070188572,3.2353076177175595,5.03418024908368,1.046090567669181,1.7323483317229964,3.0362485624178284,3.0362485624178284
hoptimus1,LUNG,1,intercept_f64,3262,1944,1,MARCO,0.6082418736292267,0.36435863674777846,1.1526570425182052,1.5731640515118797,1.4731134907208352,0.8310669276197277,1.3466166466266953,2.046997518937037,2.0469975189370366
hoptimus1,LUNG,1,intercept_f64,3262,1944,1,MCEMP1,0.5173101546219966,0.21764717149288415,1.0770667263511107,1.2135035672189898,1.4733799643232008,0.5716495490706621,1.1733294630827338,1.3560056413045918,1.3560056413045916
hoptimus1,LUNG,1,intercept_f64,3262,1944,1,MEDAG,0.49877311675527414,-1.8836988887241235,1.753559389673598,2.2768159594641992,1.174229511201627,0.6736327088417616,0.77980368754793,1.735462505783792,1.735462505783792
hoptimus1,LUNG,1,intercept_f64,3262,1944,1,MET,0.7752005710851877,0.16094405358171227,1.8783403940897256,4.208204642988111,3.2544252789682813,1.4342440867329471,1.496207024251872,3.7438737447096635,3.7438737447096626
hoptimus1,LUNG,1,intercept_f64,3262,1944,1,MKI67,0.7145896732864245,-1.184903899252033,2.3112754703401395,2.969220257605641,1.6763356574523596,1.0843345174115906,1.028512762761442,2.6268822000408236,2.626882200040823
hoptimus1,LUNG,1,intercept_f64,3262,1944,1,MS4A1,0.6222999689385909,0.041447582006773565,0.9228677036937325,1.594898252394859,1.0243870310577345,0.696936958879584,0.9812096040161671,1.3610965118753187,1.3610965118753187
hoptimus1,LUNG,1,intercept_f64,3262,1944,1,MZB1,0.7040719371852122,0.43901361790947513,0.7050558892029785,1.5468138837281642,1.2912764484254422,0.7120752199423344,1.121077439155052,0.9907391554442452,0.9907391554442452
hoptimus1,LUNG,1,intercept_f64,3262,1944,1,OGN,0.5202841635837859,0.2609510565992472,0.9569942531849182,1.5403243787410836,1.4744039071808137,0.5010959411519897,1.1379365963952262,1.1669548134143042,1.1669548134143042
hoptimus1,LUNG,1,intercept_f64,3262,1944,1,PCSK2,0.4166395487266738,-0.5528067076774752,3.764986865013069,0.8019880788220416,2.095792830296995,0.3532743153533275,1.55712340822618,0.5592486430793217,0.5592486430793215
hoptimus1,LUNG,1,intercept_f64,3262,1944,1,PECAM1,0.8573753519545809,0.728853382216812,0.27655314965337147,3.7736409455251336,3.8533721374263488,0.8633405483695306,1.0099205485223364,3.7329461429105955,3.7329461429105955
hoptimus1,LUNG,1,intercept_f64,3262,1944,1,PLA2G7,0.6717265912394,-0.5578002660348944,2.035919706567898,3.078429956625547,2.006315308159271,1.1793511284473364,1.1432058449171196,2.969112004844928,2.9691120048449275
hoptimus1,LUNG,1,intercept_f64,3262,1944,1,PTPRC,0.8725674868836285,0.48733924077850843,0.6573345083785487,2.7526368150316856,3.335016640983982,0.8775852244438889,1.1323434647671047,2.5521689822599245,2.5521689822599245
hoptimus1,LUNG,1,intercept_f64,3262,1944,1,SERPINB2,0.20244346323641096,-2.7029294651510907,0.6469826181318096,0.9316310427653033,0.2815512779318256,0.32298563219200965,0.41799740611351893,0.7677453945634702,0.7677453945634702
hoptimus1,LUNG,1,intercept_f64,3262,1944,1,SNCG,0.07529817598315705,-4.2653012632328,1.3833161144569182,1.3880410044164204,0.4482619813930841,0.5273671778311525,0.5125651864883956,1.2053162983997263,1.2053162983997259
hoptimus1,LUNG,1,intercept_f64,3262,1944,1,SNTN,0.7220105775906797,0.5137750447483632,0.5385250717646312,1.858179152883907,1.8329815107853815,0.6721081552038518,1.052408485519977,1.4148820666065254,1.4148820666065252
hoptimus1,LUNG,1,intercept_f64,3262,1944,1,SOX2,0.41764845361424285,0.10479425664771036,0.7205692717055443,1.3071548301010252,1.1862935598004503,0.5782810286300349,0.8971735037106436,0.9600740471988423,0.9600740471988423
hoptimus1,LUNG,1,intercept_f64,3262,1944,1,SPIB,0.5795807607736578,0.0017972896970225305,0.5231337448058145,1.331698832217863,0.9164553399929785,0.47129867663267844,0.7239307015115845,0.9468209379513084,0.9468209379513084
hoptimus1,LUNG,1,intercept_f64,3262,1944,1,SRPX,0.5413022124081924,0.11753313651232367,0.6784308043941406,1.2822023311171469,1.6480282743158654,0.44183620329893397,0.8768061274494735,1.032237641618414,1.032237641618414
hoptimus1,LUNG,1,intercept_f64,3262,1944,1,TCL1A,0.3740500973894563,-0.6114914386416754,0.45830970742260463,0.8733085929105973,0.43633542439819856,0.35032483411902887,0.5332925623397707,0.7994851763814158,0.7994851763814158
hoptimus1,LUNG,1,intercept_f64,3262,1944,1,TOP2A,0.7554828005797398,-0.14152244177222206,1.3709730120615913,2.7093452901908566,1.7912804982912394,0.9402045238724095,1.095903277767349,2.5484133023633904,2.5484133023633904
hoptimus1,LUNG,1,intercept_f64,3262,1944,1,UBE2C,0.6412138048132956,-1.4446154531821698,1.9650030034544828,2.5309915354994215,1.3717516659463875,0.959391875419579,0.8965537530504487,2.4541652892938357,2.4541652892938353
hoptimus1,LUNG,1,ycentered_f64,3262,1944,1,ACE2,0.8881191566456594,-0.3371170746100176,2.8624131900533714,1.4002769764709855,2.7998343519713162,0.6275408793891128,1.4631250467000059,0.9238989415306172,0.9238989415306171
hoptimus1,LUNG,1,ycentered_f64,3262,1944,1,ALDH1A3,0.6779654190113789,-0.6475494822420496,1.2910653541835782,2.623749112186006,1.7019619778595834,0.734058511472944,0.8852274652700548,2.1944378768644905,2.194437876864491
hoptimus1,LUNG,1,ycentered_f64,3262,1944,1,BBOX1,0.2582606810072608,-8.613377885977167,1.7881765123774862,1.493168052919336,0.30974613571608506,0.5740794526778347,0.4312878126915219,0.9166177247726868,0.9166177247726867
hoptimus1,LUNG,1,ycentered_f64,3262,1944,1,CAPN8,0.9347537190916719,0.022231557875991292,3.122185209242895,2.982222441259497,4.577275467630276,1.2521445820198975,1.7869455648894177,2.35137750432215,2.35137750432215
hoptimus1,LUNG,1,ycentered_f64,3262,1944,1,CCL19,0.4778945852004387,-1.080499875685394,1.7544373031714777,1.5910365015341978,0.5930755414344646,0.76721781200767,0.9183010466651103,0.8719777298587587,0.8719777298587587
hoptimus1,LUNG,1,ycentered_f64,3262,1944,1,CCR7,0.6803209243324361,0.4596289508438727,0.4704067715699625,1.2137687980547405,1.2055307687432677,0.5825565525618975,0.9330195542213144,0.9723877369590073,0.9723877369590072
hoptimus1,LUNG,1,ycentered_f64,3262,1944,1,CD163,0.7745193537898294,0.16276480309671337,0.9636172561856746,3.2386357077586925,2.5322173324877344,0.8947338365233268,1.0728241606652136,3.2986983141966353,3.2986983141966353
hoptimus1,LUNG,1,ycentered_f64,3262,1944,1,CD19,0.5687159165683866,0.12787014354231674,0.4615260876939673,1.111642827004523,0.7995038028852439,0.491578654911449,0.7274573732001279,0.8779485998966445,0.8779485998966444
hoptimus1,LUNG,1,ycentered_f64,3262,1944,1,CD1A,0.4624173779083822,0.2078093575734612,0.4175576291923031,0.9010415912248987,0.8542253651614051,0.36705050784458576,0.7260112618321726,0.5700820484898121,0.5700820484898121
hoptimus1,LUNG,1,ycentered_f64,3262,1944,1,CD2,0.7902607492052408,0.2070658313066518,1.2676331055777799,3.0090659229677286,2.1927645368340576,0.9674559438678901,1.2643817540973648,2.805231252489903,2.805231252489903
hoptimus1,LUNG,1,ycentered_f64,3262,1944,1,CD274,0.22885368952989069,-9.522274344135424,3.7676172467038023,2.4167359321469344,0.7319861292961694,0.9050092179373517,0.5983820781539084,2.18011035369555,2.1801103536955497
hoptimus1,LUNG,1,ycentered_f64,3262,1944,1,CD79A,0.7186203713581272,0.42217213791199215,0.6732057642029672,1.3335408556403994,1.0285599269739394,0.6461051099832966,1.0793807622457814,0.8666991608629631,0.8666991608629631
hoptimus1,LUNG,1,ycentered_f64,3262,1944,1,CDK1,0.8062020922304903,0.11371119102491356,0.8524609565580401,2.5841346766347595,1.880681857589341,0.9353636179306152,0.9807303509434188,2.0702937342943697,2.0702937342943697
hoptimus1,LUNG,1,ycentered_f64,3262,1944,1,CNN1,0.6549521308643307,0.39443006401236214,0.5252734162993691,1.33302554349122,1.162939126538151,0.5779866019905053,0.9313449369352438,0.9504115519386211,0.9504115519386211
hoptimus1,LUNG,1,ycentered_f64,3262,1944,1,COL5A2,0.8371038664546588,-0.04152424815940847,1.284720791764457,3.5276837300392194,2.5930952522367114,1.1349724609101381,1.1106307246228824,3.150857292239027,3.150857292239027
hoptimus1,LUNG,1,ycentered_f64,3262,1944,1,CTSG,0.1421907639021728,-4.575486348956447,1.1339122601625984,1.1908311872439872,0.2912043841410076,0.4181311515740923,0.45097072163764,0.6123787810070102,0.6123787810070102
hoptimus1,LUNG,1,ycentered_f64,3262,1944,1,CTSK,0.764622530938848,0.46066493465918157,0.5263674080938276,3.1233770733341597,2.801650161912412,0.8876372422386558,0.987904961696369,2.9086499749919814,2.9086499749919814
hoptimus1,LUNG,1,ycentered_f64,3262,1944,1,CXCL10,0.3974956404082513,-0.08565730169255281,1.0693511812560184,1.5952031102563744,1.2208670046594408,0.7105259653161365,0.9924617960173515,1.3664265154768978,1.366426515476898
hoptimus1,LUNG,1,ycentered_f64,3262,1944,1,CXCL9,0.46811717120359286,0.047468408714275045,1.3382044806007247,1.8794230903456592,1.471703219928859,0.8285946532633126,1.1852816085602669,1.7864178472834085,1.7864178472834085
hoptimus1,LUNG,1,ycentered_f64,3262,1944,1,CXCR4,0.8472653286250598,0.2758315173305155,1.22884673286978,2.2015269179900865,2.9926705183193025,0.7513149406453181,1.3026539173805645,1.6670962666383482,1.6670962666383482
hoptimus1,LUNG,1,ycentered_f64,3262,1944,1,CYP2A7,0.39291298021123433,0.08838195483375744,0.9183957729752825,1.0830389125095217,1.3329632280417432,0.33091082516314557,1.0037105324106852,0.9409471032518614,0.9409471032518613
hoptimus1,LUNG,1,ycentered_f64,3262,1944,1,DMBT1,0.23243327050492288,-29.19686891823026,8.536420192837154,3.114349845954479,0.3448619131811362,0.8974922461524529,0.531688094013129,2.805961585022934,2.805961585022934
hoptimus1,LUNG,1,ycentered_f64,3262,1944,1,DNAAF1,0.5226049788249761,0.14607726395936527,0.7166711283719259,0.9616797954921085,1.2720851679275065,0.3774349513445609,0.9161164172619471,0.8422883477845418,0.8422883477845418
hoptimus1,LUNG,1,ycentered_f64,3262,1944,1,FCER1A,0.4759233795547983,0.20350442986720974,0.6641794441741481,1.3252186791147056,1.1867680250371926,0.4376725758004303,0.9131687331156997,0.7519475689773397,0.7519475689773396
hoptimus1,LUNG,1,ycentered_f64,3262,1944,1,FGFBP1,0.46810486045966726,-8.772633853971437,3.2319226528440135,2.2092945078479085,0.6158043173728166,0.9283361378755546,0.5750752348963059,1.6431090029597208,1.6431090029597208
hoptimus1,LUNG,1,ycentered_f64,3262,1944,1,GPRC5A,0.8763120331154046,0.7343171723411468,0.5120294559696406,4.371144499184876,4.29537303089605,0.9735859375098754,1.3882437613463572,3.885590599622557,3.885590599622557
hoptimus1,LUNG,1,ycentered_f64,3262,1944,1,INMT,0.536404521263045,-0.6608589966066858,2.9450634332782064,1.6910365088434758,2.9852385753344115,0.6300572528036941,1.3316219491994359,1.7972949943171186,1.7972949943171186
hoptimus1,LUNG,1,ycentered_f64,3262,1944,1,LIF,0.6001843009606405,-3.2380117180616015,3.12992812051656,3.001196845349676,1.389678048069585,0.7616227581446494,0.8593817078825873,2.3208806870321346,2.3208806870321346
hoptimus1,LUNG,1,ycentered_f64,3262,1944,1,MALL,0.9246629893205672,-0.32619198156060314,3.9799429070188554,3.2353076177175595,5.03418024908368,1.0460905676691807,1.7323483317229964,3.0362485624178284,3.0362485624178284
hoptimus1,LUNG,1,ycentered_f64,3262,1944,1,MARCO,0.6082418736292265,0.36435863674777824,1.1526570425182057,1.5731640515118792,1.4731134907208352,0.8310669276197274,1.3466166466266953,2.046997518937036,2.0469975189370366
hoptimus1,LUNG,1,ycentered_f64,3262,1944,1,MCEMP1,0.5173101546219965,0.21764717149288404,1.077066726351111,1.2135035672189896,1.4733799643232008,0.5716495490706621,1.1733294630827338,1.3560056413045916,1.3560056413045916
hoptimus1,LUNG,1,ycentered_f64,3262,1944,1,MEDAG,0.4987731167552742,-1.8836988887241235,1.7535593896735981,2.2768159594642,1.174229511201627,0.6736327088417617,0.77980368754793,1.735462505783792,1.735462505783792
hoptimus1,LUNG,1,ycentered_f64,3262,1944,1,MET,0.7752005710851878,0.1609440535817126,1.8783403940897245,4.208204642988112,3.2544252789682813,1.4342440867329471,1.496207024251872,3.7438737447096626,3.7438737447096626
hoptimus1,LUNG,1,ycentered_f64,3262,1944,1,MKI67,0.7145896732864243,-1.1849038992520344,2.3112754703401412,2.9692202576056412,1.6763356574523596,1.0843345174115908,1.028512762761442,2.626882200040823,2.626882200040823
hoptimus1,LUNG,1,ycentered_f64,3262,1944,1,MS4A1,0.6222999689385909,0.04144758200677301,0.922867703693733,1.5948982523948594,1.0243870310577345,0.6969369588795843,0.9812096040161671,1.3610965118753187,1.3610965118753187
hoptimus1,LUNG,1,ycentered_f64,3262,1944,1,MZB1,0.7040719371852122,0.4390136179094757,0.7050558892029777,1.5468138837281642,1.2912764484254422,0.7120752199423344,1.121077439155052,0.9907391554442452,0.9907391554442452
hoptimus1,LUNG,1,ycentered_f64,3262,1944,1,OGN,0.520284163583786,0.2609510565992472,0.9569942531849182,1.5403243787410834,1.4744039071808137,0.5010959411519897,1.1379365963952262,1.1669548134143042,1.1669548134143042
hoptimus1,LUNG,1,ycentered_f64,3262,1944,1,PCSK2,0.4166395487266738,-0.552806707677475,3.7649868650130687,0.8019880788220416,2.095792830296995,0.35327431535332743,1.55712340822618,0.5592486430793217,0.5592486430793215
hoptimus1,LUNG,1,ycentered_f64,3262,1944,1,PECAM1,0.8573753519545808,0.728853382216812,0.2765531496533714,3.773640945525134,3.8533721374263488,0.8633405483695306,1.0099205485223364,3.7329461429105955,3.7329461429105955
hoptimus1,LUNG,1,ycentered_f64,3262,1944,1,PLA2G7,0.6717265912394,-0.557800266034894,2.0359197065678973,3.078429956625547,2.006315308159271,1.1793511284473364,1.1432058449171196,2.9691120048449275,2.9691120048449275
hoptimus1,LUNG,1,ycentered_f64,3262,1944,1,PTPRC,0.8725674868836285,0.4873392407785081,0.657334508378549,2.7526368150316847,3.335016640983982,0.8775852244438888,1.1323434647671047,2.5521689822599245,2.5521689822599245
hoptimus1,LUNG,1,ycentered_f64,3262,1944,1,SERPINB2,0.20244346323641094,-2.702929465151092,0.6469826181318098,0.9316310427653035,0.2815512779318256,0.32298563219200965,0.41799740611351893,0.7677453945634702,0.7677453945634702
hoptimus1,LUNG,1,ycentered_f64,3262,1944,1,SNCG,0.07529817598315708,-4.265301263232798,1.3833161144569177,1.3880410044164204,0.4482619813930841,0.5273671778311523,0.5125651864883956,1.2053162983997259,1.2053162983997259
hoptimus1,LUNG,1,ycentered_f64,3262,1944,1,SNTN,0.7220105775906797,0.5137750447483631,0.5385250717646313,1.858179152883907,1.8329815107853815,0.6721081552038518,1.052408485519977,1.4148820666065252,1.4148820666065252
hoptimus1,LUNG,1,ycentered_f64,3262,1944,1,SOX2,0.41764845361424274,0.10479425664771025,0.7205692717055444,1.3071548301010252,1.1862935598004503,0.5782810286300349,0.8971735037106436,0.9600740471988423,0.9600740471988423
hoptimus1,LUNG,1,ycentered_f64,3262,1944,1,SPIB,0.5795807607736577,0.0017972896970226415,0.5231337448058144,1.331698832217863,0.9164553399929785,0.47129867663267844,0.7239307015115845,0.9468209379513085,0.9468209379513084
hoptimus1,LUNG,1,ycentered_f64,3262,1944,1,SRPX,0.5413022124081924,0.11753313651232389,0.6784308043941403,1.2822023311171464,1.6480282743158654,0.44183620329893397,0.8768061274494735,1.032237641618414,1.032237641618414
hoptimus1,LUNG,1,ycentered_f64,3262,1944,1,TCL1A,0.37405009738945644,-0.6114914386416757,0.4583097074226047,0.8733085929105975,0.43633542439819856,0.3503248341190288,0.5332925623397707,0.7994851763814159,0.7994851763814158
hoptimus1,LUNG,1,ycentered_f64,3262,1944,1,TOP2A,0.7554828005797398,-0.1415224417722225,1.3709730120615917,2.7093452901908566,1.7912804982912394,0.9402045238724095,1.095903277767349,2.5484133023633904,2.5484133023633904
hoptimus1,LUNG,1,ycentered_f64,3262,1944,1,UBE2C,0.6412138048132955,-1.4446154531821715,1.9650030034544843,2.530991535499422,1.3717516659463875,0.9593918754195794,0.8965537530504487,2.4541652892938353,2.4541652892938353
hoptimus1,LYMPH_IDC,0,nointercept_f64,14972,4992,1,AAMDC,0.3694891023009478,-3.0375305165422803,0.6093112609171495,-0.24331118848127778,0.21931876987218857,0.6582947621935175,0.38847376380685544,-6.074637334844565e-17,0.9758332975242598
hoptimus1,LYMPH_IDC,0,nointercept_f64,14972,4992,1,AKR1E2,0.367171502486304,-1.5413715858766293,0.30053410353043325,-0.18289876376528816,0.1706065269999015,0.3969198099599597,0.34388465401159124,0.0,0.5607656485378949
hoptimus1,LYMPH_IDC,0,nointercept_f64,14972,4992,1,ANKS1B,0.657421191980325,-1.1080221026758816,1.9492178471108086,-0.1332453154785587,0.9597812611609697,0.15312507753035565,0.961595914508802,-2.088156583852819e-17,0.2728666821935105
hoptimus1,LYMPH_IDC,0,nointercept_f64,14972,4992,1,ANO8,0.4704691922077618,-1.0158016165718817,0.4770554122038486,-0.13069999361247267,0.3336167429597714,0.5067017049358568,0.4864749914109188,-3.0373186674222827e-17,0.6370197622144792
hoptimus1,LYMPH_IDC,0,nointercept_f64,14972,4992,1,AREG,-0.05621925600342299,-2.531186318417386,0.2654406654675008,-0.30636001386599176,0.1030165070715623,0.13597554211084228,0.27417219700494744,-9.111956002266847e-17,0.4188092141236782
hoptimus1,LYMPH_IDC,0,nointercept_f64,14972,4992,1,CCL28,0.3131231646602036,-1.2178288405095898,1.491097000301862,-0.17337989760344533,0.7506753128881638,0.08120491479044223,0.8199529541634364,-3.0373186674222827e-17,0.26139456304419717
hoptimus1,LYMPH_IDC,0,nointercept_f64,14972,4992,1,CCNO,0.3567781159583122,-0.37532223969112843,0.13213649152609264,-0.05122903439275928,0.13305130877938026,0.23029650658481438,0.3099624983577332,-3.0373186674222827e-17,0.2818126259657778
hoptimus1,LYMPH_IDC,0,nointercept_f64,14972,4992,1,CD22,0.5360839126565102,-0.8355854566591192,0.969100212020728,-0.14456138081264988,0.6159095264589175,0.2688613752620391,0.7266027550392082,-5.315307667988994e-17,0.3495294317790222
hoptimus1,LYMPH_IDC,0,nointercept_f64,14972,4992,1,CD72,0.5804535132918316,-0.8677868901231349,0.9500360844443918,-0.16122145878894278,0.6044586490457639,0.2511789102527437,0.7131918787383857,-5.315307667988994e-17,0.38263337095567895
hoptimus1,LYMPH_IDC,0,nointercept_f64,14972,4992,1,CLNS1A,0.1665790312692943,-1.3351201538687585,0.13080525996134473,-0.15167576197321495,0.08017066885263492,0.18972653118903768,0.23667805305405817,-1.5186593337111413e-17,0.31187008236488367
hoptimus1,LYMPH_IDC,0,nointercept_f64,14972,4992,1,CROT,0.3654095688781833,-2.121642171220547,0.4401814316260581,-0.3512799679744758,0.20344542745405284,0.23860506738031328,0.37551241476386454,6.074637334844565e-17,0.5079620312058349
hoptimus1,LYMPH_IDC,0,nointercept_f64,14972,4992,1,CSTA,0.2641652475818319,-2.3886069436351898,0.2992325467119553,-0.3180441024423384,0.1309122641881307,0.20310935250625245,0.29716237191990774,0.0,0.4339559651809741
hoptimus1,LYMPH_IDC,0,nointercept_f64,14972,4992,1,CXCL10,0.3733797006702654,-0.8220094169750942,0.3588415795051323,-0.18458210818025433,0.23259007696730968,0.2894664025919413,0.443788527709079,-5.505140084702887e-17,0.4189763203394658
hoptimus1,LYMPH_IDC,0,nointercept_f64,14972,4992,1,CXCL11,0.30943286825347316,-0.7090063608542867,0.21076457744983954,-0.14017895622905366,0.14926359678308168,0.23304467169035065,0.35117773343942793,3.4169835008500674e-17,0.30606911263935965
hoptimus1,LYMPH_IDC,0,nointercept_f64,14972,4992,1,CYP4Z1,0.7371895576151357,-1.2493268059843556,2.9200851402907992,-0.2163333970975046,1.1929317710873408,0.25568461510139495,1.1393875710670422,-9.871285669122417e-17,0.44698637109244854
hoptimus1,LYMPH_IDC,0,nointercept_f64,14972,4992,1,DAPK1,0.31047681987506204,-1.315345981520124,0.4234878873637123,-0.20965801868517495,0.27248419229036724,0.2932609412593968,0.4276737042087986,7.593296668555707e-18,0.5070290400992732
hoptimus1,LYMPH_IDC,0,nointercept_f64,14972,4992,1,EPHB3,0.17832003764295254,-2.3088495957858304,0.31986496200793363,-0.22603925705814562,0.13977264994994187,0.35950029389185145,0.3109172527894883,-7.21363183512792e-17,0.5957196481782677
hoptimus1,LYMPH_IDC,0,nointercept_f64,14972,4992,1,FABP4,0.6384522625857152,0.020566896784978583,0.4675067897825513,0.07573230941793037,0.5022212120298392,0.49455363113896733,0.6908862861219683,-5.884804918130672e-17,0.26525979259579124
hoptimus1,LYMPH_IDC,0,nointercept_f64,14972,4992,1,GTPBP3,0.30539109139823206,-1.5600189872685042,0.3427579614975713,-0.2019464535404712,0.203117322940857,0.3510763362777381,0.36590823394623795,-7.593296668555705e-17,0.5365666616991692
hoptimus1,LYMPH_IDC,0,nointercept_f64,14972,4992,1,HAAO,0.17837156404125193,-2.616031666881265,0.37699643106585357,-0.3348752225098025,0.15782584632054353,0.24008307774252102,0.3228884475328532,3.0373186674222827e-17,0.4719764795846045
hoptimus1,LYMPH_IDC,0,nointercept_f64,14972,4992,1,HAUS8,0.29670664030198113,-2.0112295284330317,0.3325953476844453,-0.1309086005500839,0.1652961657024347,0.4782528628251816,0.3323427083851692,-6.074637334844565e-17,0.6240086497994244
hoptimus1,LYMPH_IDC,0,nointercept_f64,14972,4992,1,IFI44L,0.3183698723438657,-2.060861272028166,0.616067909135274,-0.3116473083585906,0.28842689670049226,0.41688821508376217,0.4486342960096355,-4.5559780011334234e-17,0.8008399767223412
hoptimus1,LYMPH_IDC,0,nointercept_f64,14972,4992,1,IFIT2,0.13369666488703627,-0.9767603344772608,0.11287901528840487,-0.11096352967426423,0.08023615415470722,0.17421360374892209,0.23896241412681607,-6.074637334844565e-17,0.26478882661453074
hoptimus1,LYMPH_IDC,0,nointercept_f64,14972,4992,1,IGHV3-11,0.44311337671743745,-1.0483938441527267,1.0880332563354547,-0.22451702960074518,0.539695794097124,0.6006894471061103,0.7288100520871533,-9.111956002266847e-17,0.9852407604113576
hoptimus1,LYMPH_IDC,0,nointercept_f64,14972,4992,1,IGHV6-1,0.12189293342535285,-1.6446438839140076,0.34016827402959693,-0.25883562235626434,0.13801286598810783,0.2802859873250734,0.35864377995928126,3.0373186674222827e-17,0.48962063922176313
hoptimus1,LYMPH_IDC,0,nointercept_f64,14972,4992,1,IGLV9-49,0.2557458638438866,-3.2006088750241553,0.5730136937105618,-0.21170473785184457,0.1523523090932614,0.6539089373726893,0.36934002781557546,-1.0630615335977988e-16,1.0771724363555573
hoptimus1,LYMPH_IDC,0,nointercept_f64,14972,4992,1,MAPK8IP2,0.374309711226326,-0.2944249168895565,0.1976429033682111,-0.05986296780455628,0.1964072036341979,0.1722133412773141,0.39075287349559296,-7.21363183512792e-17,0.2052097689363366
hoptimus1,LYMPH_IDC,0,nointercept_f64,14972,4992,1,MX1,0.2922027316200936,-2.6455322695754275,0.5281441848284247,-0.36585387423511634,0.2087092662277894,0.3671816536278238,0.3806236570983458,-1.138994500283356e-16,0.8072860218801506
hoptimus1,LYMPH_IDC,0,nointercept_f64,14972,4992,1,MX2,0.3206606004596565,-1.1354058736627914,0.4382971460121286,-0.17725473826354843,0.3063151625773081,0.2877864453436542,0.4530478824905692,-6.074637334844565e-17,0.47095152010358404
hoptimus1,LYMPH_IDC,0,nointercept_f64,14972,4992,1,MYH11,0.3359892596935271,-0.7525344853357951,0.4740424946941073,-0.15161181491901798,0.33197420267149425,0.15949124899330006,0.5200862250286461,-5.315307667988994e-17,0.23672783269686015
hoptimus1,LYMPH_IDC,0,nointercept_f64,14972,4992,1,NARS2,0.33533654554549874,-1.37568094144204,0.2742405815017038,-0.16557368147830262,0.1706176788952106,0.3563389569813715,0.3397596524617655,-3.0373186674222827e-17,0.47966120950429797
hoptimus1,LYMPH_IDC,0,nointercept_f64,14972,4992,1,NUDT1,0.19540536916633794,-0.991381333847724,0.1378779289980096,-0.12735399300954942,0.10037218550076851,0.1907909201747468,0.26312987519576303,-4.5559780011334234e-17,0.31565165514937066
hoptimus1,LYMPH_IDC,0,nointercept_f64,14972,4992,1,OASL,0.20782991108300297,-0.4819831153258416,0.11777073327504574,-0.07660765592412223,0.1119867208867501,0.13711811918622369,0.2819012890281722,-6.833967001700135e-17,0.20173421233788932
hoptimus1,LYMPH_IDC,0,nointercept_f64,14972,4992,1,PARD6B,0.27473439017560686,-3.093791885858418,0.5921930060798056,-0.4492972262208689,0.20993195545787996,0.2589975331528878,0.3803371576267133,-1.214927466968913e-16,0.8961643682677829
hoptimus1,LYMPH_IDC,0,nointercept_f64,14972,4992,1,PATZ1,0.3653774250249684,-1.2205934478344451,0.43438975080499515,-0.20433480636665743,0.28671154929086184,0.31574389317880003,0.44228810332023594,-8.352626335411276e-17,0.4897747087727057
hoptimus1,LYMPH_IDC,0,nointercept_f64,14972,4992,1,PDZK1IP1,0.5579706650145526,-1.8314036922454449,1.0135573275176368,-0.43717272330912893,0.4386187894986226,0.3289517185236926,0.5983058673698496,3.0373186674222827e-17,0.6500370986729804
hoptimus1,LYMPH_IDC,0,nointercept_f64,14972,4992,1,POLD3,0.38978826137952904,-1.1817687009510944,0.3852945013367526,-0.19913561293269363,0.25907000321417284,0.32372787156273763,0.4202348368658768,-7.593296668555705e-17,0.5199940287426708
hoptimus1,LYMPH_IDC,0,nointercept_f64,14972,4992,1,PTRH2,0.39080916289894574,-2.1282498267927257,0.5141366123333477,-0.267141504658215,0.2504719414581091,0.4854862943919522,0.4054044870818145,-1.5186593337111413e-17,0.7823699459556969
hoptimus1,LYMPH_IDC,0,nointercept_f64,14972,4992,1,QSOX1,0.3328099222553787,-2.7503648690793785,0.7844898616066551,-0.3633765073007994,0.30916318626931083,0.5345382676892612,0.4573586599618147,-7.593296668555705e-17,0.9870733919068514
hoptimus1,LYMPH_IDC,0,nointercept_f64,14972,4992,1,RAB38,0.3490309697685961,-2.3131407834235267,0.7746083603180229,-0.4294104233274102,0.32379799059186226,0.21313521306890706,0.48352746180027945,-1.214927466968913e-16,0.6941613699547148
hoptimus1,LYMPH_IDC,0,nointercept_f64,14972,4992,1,RSAD2,0.15416854310121927,-1.049020040441674,0.10616927852796021,-0.09574714755563474,0.07468355499590054,0.1980026780071014,0.22762833935633894,-3.0373186674222827e-17,0.28288555317246084
hoptimus1,LYMPH_IDC,0,nointercept_f64,14972,4992,1,RSF1,0.47039334879908024,-1.8152373918229232,0.7051819021434529,-0.2555919608049608,0.3798975115403151,0.5614210577736807,0.5004873072735793,-9.111956002266847e-17,0.9062116216313798
hoptimus1,LYMPH_IDC,0,nointercept_f64,14972,4992,1,SCRN1,0.27617525626717776,-1.665390407992664,0.35891684630611326,-0.2411438499962557,0.1951930539157146,0.31143865496299367,0.3669581235052967,-2.2779890005667117e-17,0.5178196083693589
hoptimus1,LYMPH_IDC,0,nointercept_f64,14972,4992,1,SERPINI1,0.2140726078989596,-2.1532807110868495,0.20425859436228586,-0.2346303089775281,0.09208307520319255,0.24345222643699552,0.25451234495888936,-7.593296668555705e-17,0.49076163547420576
hoptimus1,LYMPH_IDC,0,nointercept_f64,14972,4992,1,SHANK2,0.4817136086571405,-0.5851436530613847,0.3255802378769839,-0.11441687182668521,0.28020334477799064,0.3284140126683553,0.4532050129661023,-6.074637334844565e-17,0.44472041464157674
hoptimus1,LYMPH_IDC,0,nointercept_f64,14972,4992,1,SNCG,0.055468868491729925,-4.07589035699826,0.6400841324341746,-0.4973026847235654,0.1875096853249348,0.23277336898612339,0.35510960103662553,-6.074637334844565e-17,0.7262162912379221
hoptimus1,LYMPH_IDC,0,nointercept_f64,14972,4992,1,SPP1,0.010433774531868167,-7.325304786897847,0.9346269107428168,-0.7376636809050696,0.11347549938811706,0.3164461338192221,0.33505728869362145,-6.074637334844565e-17,1.0525829805239872
hoptimus1,LYMPH_IDC,0,nointercept_f64,14972,4992,1,TCF7,0.40275024766302825,-0.49737485034341433,0.37779878929377947,-0.09905805041144355,0.30776079691564423,0.1720365741125588,0.5023021229219228,-1.1389945002833558e-17,0.23117607546910035
hoptimus1,LYMPH_IDC,0,nointercept_f64,14972,4992,1,TMEM64,0.5849172986277666,-1.0677869030335234,1.2113945997536248,-0.10860674035193053,0.7356259533419058,0.1111597986325315,0.7654025883185992,-1.8983241671389264e-17,0.20275841490521077
hoptimus1,LYMPH_IDC,0,nointercept_f64,14972,4992,1,ZMAT5,0.25771747397828293,-1.3856923098535732,0.2613708392292472,-0.18549000534828475,0.16642013297249109,0.27305055658499555,0.33099493709336153,-5.315307667988994e-17,0.46370687135680616
hoptimus1,LYMPH_IDC,0,intercept_f64,14972,4992,1,AAMDC,0.3694891023009466,-3.3645504557335215,0.6586624498870617,0.7325221090429773,0.21931876987218857,0.6582947621935145,0.38847376380685544,0.9758332975242597,0.9758332975242598
hoptimus1,LYMPH_IDC,0,intercept_f64,14972,4992,1,AKR1E2,0.36717150248630326,-0.847887278279978,0.21852496883551958,0.37786688477260383,0.1706065269999015,0.3969198099599579,0.34388465401159124,0.5607656485378949,0.5607656485378949
hoptimus1,LYMPH_IDC,0,intercept_f64,14972,4992,1,ANKS1B,0.6574211919803212,-0.5434458686644137,1.4271730023281892,0.13962136671495054,0.9597812611609697,0.15312507753035492,0.961595914508802,0.27286668219351057,0.2728666821935105
hoptimus1,LYMPH_IDC,0,intercept_f64,14972,4992,1,ANO8,0.4704691922077609,-0.2308555689627223,0.2912917154087298,0.5063197686020036,0.3336167429597714,0.5067017049358544,0.4864749914109188,0.637019762214479,0.6370197622144792
hoptimus1,LYMPH_IDC,0,intercept_f64,14972,4992,1,AREG,-0.05621925600342695,-0.302913295635691,0.09794050527330837,0.11244920025768448,0.1030165070715623,0.1359755421108432,0.27417219700494744,0.4188092141236784,0.4188092141236782
hoptimus1,LYMPH_IDC,0,intercept_f64,14972,4992,1,CCL28,0.31312316466019374,-0.6009244765028299,1.076338101940593,0.08801466544075055,0.7506753128881638,0.08120491479044224,0.8199529541634364,0.26139456304419717,0.26139456304419717
hoptimus1,LYMPH_IDC,0,intercept_f64,14972,4992,1,CCNO,0.35677811595831155,-0.12087255655825846,0.10768979283338893,0.23058359157301722,0.13305130877938026,0.23029650658481346,0.3099624983577332,0.2818126259657778,0.2818126259657778
hoptimus1,LYMPH_IDC,0,intercept_f64,14972,4992,1,CD22,0.5360839126565093,-0.06005388760603769,0.5596571074942791,0.20496805096637044,0.6159095264589175,0.2688613752620389,0.7266027550392082,0.34952943177902207,0.3495294317790222
hoptimus1,LYMPH_IDC,0,intercept_f64,14972,4992,1,CD72,0.5804535132918309,-0.003641463460539285,0.5104948595442974,0.22141191216673414,0.6044586490457639,0.2511789102527434,0.7131918787383857,0.38263337095567884,0.38263337095567895
hoptimus1,LYMPH_IDC,0,intercept_f64,14972,4992,1,CLNS1A,0.1665790312692936,-0.4898516703508524,0.08345627728029958,0.1601943203916672,0.08017066885263492,0.1897265311890368,0.23667805305405817,0.3118700823648838,0.31187008236488367
hoptimus1,LYMPH_IDC,0,intercept_f64,14972,4992,1,CROT,0.36540956887818155,0.04511462556301671,0.13464797952614527,0.15668206323135636,0.20344542745405284,0.23860506738031137,0.37551241476386454,0.5079620312058348,0.5079620312058349
hoptimus1,LYMPH_IDC,0,intercept_f64,14972,4992,1,CSTA,0.2641652475818309,-0.10860328084472526,0.0978957396175688,0.1159118627386333,0.1309122641881307,0.20310935250625103,0.29716237191990774,0.43395596518097396,0.4339559651809741
hoptimus1,LYMPH_IDC,0,intercept_f64,14972,4992,1,CXCL10,0.3733797006702644,0.061620524816073274,0.18481220234812884,0.23439421215920936,0.23259007696730968,0.28946640259193984,0.443788527709079,0.41897632033946575,0.4189763203394658
hoptimus1,LYMPH_IDC,0,intercept_f64,14972,4992,1,CXCL11,0.30943286825347266,-0.03193352860657628,0.127264028440694,0.16589015641030436,0.14926359678308168,0.23304467169034948,0.35117773343942793,0.3060691126393596,0.30606911263935965
hoptimus1,LYMPH_IDC,0,intercept_f64,14972,4992,1,CYP4Z1,0.7371895576151322,-0.4327773263726853,1.8600373093653326,0.23065297399494172,1.1929317710873408,0.25568461510139384,1.1393875710670422,0.44698637109244854,0.44698637109244854
hoptimus1,LYMPH_IDC,0,intercept_f64,14972,4992,1,DAPK1,0.31047681987506087,-0.04779170848377934,0.1916461300231616,0.2973710214140958,0.27248419229036724,0.29326094125939506,0.4276737042087986,0.5070290400992732,0.5070290400992732
hoptimus1,LYMPH_IDC,0,intercept_f64,14972,4992,1,EPHB3,0.17832003764295087,-1.471349143573907,0.23890418014901307,0.36968039112011936,0.13977264994994187,0.3595002938918498,0.3109172527894883,0.5957196481782677,0.5957196481782677
hoptimus1,LYMPH_IDC,0,intercept_f64,14972,4992,1,FABP4,0.6384522625857146,0.3471752461345097,0.31160883164803244,0.34099210201372054,0.5022212120298392,0.4945536311389675,0.6908862861219683,0.26525979259579135,0.26525979259579124
hoptimus1,LYMPH_IDC,0,intercept_f64,14972,4992,1,GTPBP3,0.3053910913982312,-0.4637091010665799,0.19597430730087143,0.33462020815869564,0.203117322940857,0.3510763362777364,0.36590823394623795,0.5365666616991692,0.5365666616991692
hoptimus1,LYMPH_IDC,0,intercept_f64,14972,4992,1,HAAO,0.1783715640412501,-0.2917277651010495,0.13467159643869267,0.13710125707479953,0.15782584632054353,0.24008307774251922,0.3228884475328532,0.47197647958460426,0.4719764795846045
hoptimus1,LYMPH_IDC,0,intercept_f64,14972,4992,1,HAUS8,0.2967066403019806,-2.189752148138933,0.35231347020216647,0.4931000492493375,0.1652961657024347,0.4782528628251798,0.3323427083851692,0.6240086497994244,0.6240086497994244
hoptimus1,LYMPH_IDC,0,intercept_f64,14972,4992,1,IFI44L,0.31836987234386455,-0.47206107026473654,0.29628575262952483,0.4891926683637465,0.28842689670049226,0.4168882150837596,0.4486342960096355,0.800839976722341,0.8008399767223412
hoptimus1,LYMPH_IDC,0,intercept_f64,14972,4992,1,IFIT2,0.13369666488703522,-0.4313960300903501,0.08173705812801926,0.15382529694026528,0.08023615415470722,0.17421360374892142,0.23896241412681607,0.26478882661453074,0.26478882661453074
hoptimus1,LYMPH_IDC,0,intercept_f64,14972,4992,1,IGHV3-11,0.4431133767174362,-0.04085606226328364,0.5528653652390014,0.7607237308106078,0.539695794097124,0.6006894471061068,0.7288100520871533,0.9852407604113571,0.9852407604113576
hoptimus1,LYMPH_IDC,0,intercept_f64,14972,4992,1,IGHV6-1,0.1218929334253504,-0.4871579132077615,0.19128622330680137,0.2307850168654963,0.13801286598810783,0.2802859873250724,0.35864377995928126,0.4896206392217629,0.48962063922176313
hoptimus1,LYMPH_IDC,0,intercept_f64,14972,4992,1,IGLV9-49,0.2557458638438866,-5.956934348037902,0.9490097188941815,0.8654676985037071,0.1523523090932614,0.6539089373726865,0.36934002781557546,1.077172436355557,1.0771724363555573
hoptimus1,LYMPH_IDC,0,intercept_f64,14972,4992,1,MAPK8IP2,0.37430971122632417,0.11862205019784833,0.13457566730267267,0.14534680113177945,0.1964072036341979,0.17221334127731372,0.39075287349559296,0.2052097689363366,0.2052097689363366
hoptimus1,LYMPH_IDC,0,intercept_f64,14972,4992,1,MX1,0.29220273162009247,-0.7406897083967021,0.25218132198497145,0.4414321476450303,0.2087092662277894,0.36718165362782174,0.3806236570983458,0.8072860218801506,0.8072860218801506
hoptimus1,LYMPH_IDC,0,intercept_f64,14972,4992,1,MX2,0.3206606004596564,0.0030979580943115703,0.2046165205453233,0.2936967818400332,0.3063151625773081,0.28778644534365283,0.4530478824905692,0.4709515201035839,0.47095152010358404
hoptimus1,LYMPH_IDC,0,intercept_f64,14972,4992,1,MYH11,0.33598925969352655,-0.11326251006553933,0.3011260217340461,0.08511601777784102,0.33197420267149425,0.15949124899330003,0.5200862250286461,0.23672783269686012,0.23672783269686015
hoptimus1,LYMPH_IDC,0,intercept_f64,14972,4992,1,NARS2,0.33533654554549774,-0.5748862540517945,0.1817995483215191,0.31408752802599293,0.1706176788952106,0.35633895698136997,0.3397596524617655,0.47966120950429797,0.47966120950429797
hoptimus1,LYMPH_IDC,0,intercept_f64,14972,4992,1,NUDT1,0.19540536916633722,-0.35403263541001917,0.0937496060613001,0.18829766213981974,0.10037218550076851,0.19079092017474597,0.26312987519576303,0.31565165514937066,0.31565165514937066
hoptimus1,LYMPH_IDC,0,intercept_f64,14972,4992,1,OASL,0.20782991108300175,-0.036583285255227915,0.0823755495880415,0.12512655641376622,0.1119867208867501,0.13711811918622305,0.2819012890281722,0.20173421233788927,0.20173421233788932
hoptimus1,LYMPH_IDC,0,intercept_f64,14972,4992,1,PARD6B,0.2747343901756019,-0.4776272843691529,0.21374817474694935,0.4468671420469094,0.20993195545787996,0.25899753315288654,0.3803371576267133,0.8961643682677831,0.8961643682677829
hoptimus1,LYMPH_IDC,0,intercept_f64,14972,4992,1,PATZ1,0.3653774250249666,0.012033210802893657,0.19326484448626458,0.28543990240604594,0.28671154929086184,0.3157438931787987,0.44228810332023594,0.4897747087727057,0.4897747087727057
hoptimus1,LYMPH_IDC,0,intercept_f64,14972,4992,1,PDZK1IP1,0.5579706650145498,0.16889213302692963,0.297511609112886,0.21286437536384786,0.4386187894986226,0.3289517185236907,0.5983058673698496,0.6500370986729802,0.6500370986729804
hoptimus1,LYMPH_IDC,0,intercept_f64,14972,4992,1,POLD3,0.3897882613795276,-0.01451100453262466,0.17915992259933308,0.32085841580997465,0.25907000321417284,0.323727871562736,0.4202348368658768,0.5199940287426706,0.5199940287426708
hoptimus1,LYMPH_IDC,0,intercept_f64,14972,4992,1,PTRH2,0.39080916289894485,-0.9245728731615459,0.31630893694012424,0.515228441297478,0.2504719414581091,0.48548629439194946,0.4054044870818145,0.7823699459556969,0.7823699459556969
hoptimus1,LYMPH_IDC,0,intercept_f64,14972,4992,1,QSOX1,0.3328099222553774,-1.0609903828319274,0.4311116695686616,0.6236968846060472,0.30916318626931083,0.5345382676892583,0.4573586599618147,0.9870733919068514,0.9870733919068514
hoptimus1,LYMPH_IDC,0,intercept_f64,14972,4992,1,RAB38,0.3490309697685893,0.09848984157686747,0.21077199892019083,0.264750946627301,0.32379799059186226,0.21313521306890668,0.48352746180027945,0.6941613699547151,0.6941613699547148
hoptimus1,LYMPH_IDC,0,intercept_f64,14972,4992,1,RSAD2,0.15416854310121875,-0.732497058990284,0.08976874758392449,0.1871384056168248,0.07468355499590054,0.19800267800710053,0.22762833935633894,0.28288555317246084,0.28288555317246084
hoptimus1,LYMPH_IDC,0,intercept_f64,14972,4992,1,RSF1,0.470393348799079,-0.4955853999918427,0.37462551479586276,0.6506196608264145,0.3798975115403151,0.5614210577736778,0.5004873072735793,0.9062116216313798,0.9062116216313798
hoptimus1,LYMPH_IDC,0,intercept_f64,14972,4992,1,SCRN1,0.27617525626717687,-0.30082163533233075,0.1751663837163198,0.27667575837310066,0.1951930539157146,0.31143865496299233,0.3669581235052967,0.5178196083693588,0.5178196083693589
hoptimus1,LYMPH_IDC,0,intercept_f64,14972,4992,1,SERPINI1,0.21407260789895854,-0.9208929613017391,0.12442878771191501,0.2561313264966753,0.09208307520319255,0.24345222643699435,0.25451234495888936,0.490761635474206,0.49076163547420576
hoptimus1,LYMPH_IDC,0,intercept_f64,14972,4992,1,SHANK2,0.4817136086571391,0.16081046851787772,0.17236515236719901,0.3303035428148895,0.28020334477799064,0.3284140126683538,0.4532050129661023,0.44472041464157674,0.44472041464157674
hoptimus1,LYMPH_IDC,0,intercept_f64,14972,4992,1,SNCG,0.05546886849172593,-0.37055160988839786,0.17283043495259195,0.22891360651435314,0.1875096853249348,0.2327733689861231,0.35510960103662553,0.7262162912379222,0.7262162912379221
hoptimus1,LYMPH_IDC,0,intercept_f64,14972,4992,1,SPP1,0.010433774531864401,-1.23375241492757,0.2507686111640825,0.31491929961891313,0.11347549938811706,0.31644613381922104,0.33505728869362145,1.0525829805239875,1.0525829805239872
hoptimus1,LYMPH_IDC,0,intercept_f64,14972,4992,1,TCF7,0.40275024766302847,0.036304221790038005,0.2431475980591967,0.1321180250576556,0.30776079691564423,0.17203657411255824,0.5023021229219228,0.23117607546910027,0.23117607546910035
hoptimus1,LYMPH_IDC,0,intercept_f64,14972,4992,1,TMEM64,0.5849172986277635,-0.5535867567200814,0.9101550089994663,0.09415167455327925,0.7356259533419058,0.1111597986325309,0.7654025883185992,0.20275841490521068,0.20275841490521077
hoptimus1,LYMPH_IDC,0,intercept_f64,14972,4992,1,ZMAT5,0.2577174739782816,-0.3694032822928135,0.15002860329382817,0.2782168660085192,0.16642013297249109,0.2730505565849943,0.33099493709336153,0.46370687135680616,0.46370687135680616
hoptimus1,LYMPH_IDC,0,ycentered_f64,14972,4992,1,AAMDC,0.36948910230094656,-3.3645504557335215,0.6586624498870617,0.7325221090429773,0.21931876987218857,0.6582947621935143,0.38847376380685544,0.9758332975242598,0.9758332975242598
hoptimus1,LYMPH_IDC,0,ycentered_f64,14972,4992,1,AKR1E2,0.36717150248630337,-0.8478872782799787,0.2185249688355197,0.37786688477260405,0.1706065269999015,0.3969198099599577,0.34388465401159124,0.5607656485378948,0.5607656485378949
hoptimus1,LYMPH_IDC,0,ycentered_f64,14972,4992,1,ANKS1B,0.6574211919803212,-0.5434458686644141,1.4271730023281894,0.13962136671495046,0.9597812611609697,0.15312507753035492,0.961595914508802,0.2728666821935105,0.2728666821935105
hoptimus1,LYMPH_IDC,0,ycentered_f64,14972,4992,1,ANO8,0.47046919220776096,-0.23085556896272252,0.29129171540872983,0.5063197686020038,0.3336167429597714,0.5067017049358542,0.4864749914109188,0.6370197622144791,0.6370197622144792
hoptimus1,LYMPH_IDC,0,ycentered_f64,14972,4992,1,AREG,-0.05621925600342714,-0.30291329563569147,0.0979405052733084,0.11244920025768437,0.1030165070715623,0.13597554211084323,0.27417219700494744,0.4188092141236781,0.4188092141236782
hoptimus1,LYMPH_IDC,0,ycentered_f64,14972,4992,1,CCL28,0.3131231646601926,-0.6009244765028303,1.0763381019405935,0.08801466544075054,0.7506753128881638,0.08120491479044219,0.8199529541634364,0.2613945630441971,0.26139456304419717
hoptimus1,LYMPH_IDC,0,ycentered_f64,14972,4992,1,CCNO,0.35677811595831155,-0.12087255655825846,0.10768979283338893,0.23058359157301714,0.13305130877938026,0.23029650658481346,0.3099624983577332,0.2818126259657777,0.2818126259657778
hoptimus1,LYMPH_IDC,0,ycentered_f64,14972,4992,1,CD22,0.5360839126565091,-0.06005388760603769,0.5596571074942792,0.20496805096637064,0.6159095264589175,0.26886137526203885,0.7266027550392082,0.3495294317790221,0.3495294317790222
hoptimus1,LYMPH_IDC,0,ycentered_f64,14972,4992,1,CD72,0.5804535132918309,-0.003641463460539285,0.5104948595442974,0.22141191216673425,0.6044586490457639,0.2511789102527434,0.7131918787383857,0.38263337095567884,0.38263337095567895
hoptimus1,LYMPH_IDC,0,ycentered_f64,14972,4992,1,CLNS1A,0.16657903126929358,-0.4898516703508531,0.08345627728029961,0.16019432039166723,0.08017066885263492,0.1897265311890368,0.23667805305405817,0.31187008236488367,0.31187008236488367
hoptimus1,LYMPH_IDC,0,ycentered_f64,14972,4992,1,CROT,0.36540956887818166,0.04511462556301704,0.1346479795261452,0.1566820632313565,0.20344542745405284,0.23860506738031156,0.37551241476386454,0.5079620312058349,0.5079620312058349
hoptimus1,LYMPH_IDC,0,ycentered_f64,14972,4992,1,CSTA,0.2641652475818308,-0.10860328084472437,0.09789573961756873,0.11591186273863362,0.1309122641881307,0.20310935250625098,0.29716237191990774,0.4339559651809741,0.4339559651809741
hoptimus1,LYMPH_IDC,0,ycentered_f64,14972,4992,1,CXCL10,0.37337970067026444,0.06162052481607283,0.18481220234812892,0.2343942121592094,0.23259007696730968,0.28946640259193984,0.443788527709079,0.41897632033946575,0.4189763203394658
hoptimus1,LYMPH_IDC,0,ycentered_f64,14972,4992,1,CXCL11,0.3094328682534726,-0.03193352860657628,0.127264028440694,0.16589015641030444,0.14926359678308168,0.23304467169034948,0.35117773343942793,0.30606911263935965,0.30606911263935965
hoptimus1,LYMPH_IDC,0,ycentered_f64,14972,4992,1,CYP4Z1,0.7371895576151319,-0.4327773263726855,1.860037309365333,0.23065297399494178,1.1929317710873408,0.2556846151013938,1.1393875710670422,0.44698637109244843,0.44698637109244854
hoptimus1,LYMPH_IDC,0,ycentered_f64,14972,4992,1,DAPK1,0.3104768198750607,-0.04779170848377934,0.1916461300231616,0.2973710214140958,0.27248419229036724,0.29326094125939495,0.4276737042087986,0.5070290400992732,0.5070290400992732
hoptimus1,LYMPH_IDC,0,ycentered_f64,14972,4992,1,EPHB3,0.17832003764295085,-1.4713491435739061,0.238904180149013,0.3696803911201193,0.13977264994994187,0.3595002938918497,0.3109172527894883,0.5957196481782676,0.5957196481782677
hoptimus1,LYMPH_IDC,0,ycentered_f64,14972,4992,1,FABP4,0.6384522625857145,0.3471752461345099,0.3116088316480323,0.3409921020137203,0.5022212120298392,0.4945536311389675,0.6908862861219683,0.2652597925957912,0.26525979259579124
hoptimus1,LYMPH_IDC,0,ycentered_f64,14972,4992,1,GTPBP3,0.3053910913982312,-0.46370910106657925,0.19597430730087131,0.33462020815869564,0.203117322940857,0.3510763362777364,0.36590823394623795,0.5365666616991691,0.5365666616991692
hoptimus1,LYMPH_IDC,0,ycentered_f64,14972,4992,1,HAAO,0.17837156404125018,-0.2917277651010499,0.13467159643869273,0.13710125707479984,0.15782584632054353,0.24008307774251936,0.3228884475328532,0.47197647958460454,0.4719764795846045
hoptimus1,LYMPH_IDC,0,ycentered_f64,14972,4992,1,HAUS8,0.2967066403019807,-2.189752148138932,0.35231347020216636,0.49310004924933737,0.1652961657024347,0.47825286282517965,0.3323427083851692,0.6240086497994244,0.6240086497994244
hoptimus1,LYMPH_IDC,0,ycentered_f64,14972,4992,1,IFI44L,0.3183698723438645,-0.47206107026473587,0.2962857526295247,0.48919266836374675,0.28842689670049226,0.4168882150837592,0.4486342960096355,0.8008399767223412,0.8008399767223412
hoptimus1,LYMPH_IDC,0,ycentered_f64,14972,4992,1,IFIT2,0.13369666488703513,-0.4313960300903499,0.08173705812801926,0.15382529694026517,0.08023615415470722,0.17421360374892134,0.23896241412681607,0.2647888266145307,0.26478882661453074
hoptimus1,LYMPH_IDC,0,ycentered_f64,14972,4992,1,IGHV3-11,0.44311337671743645,-0.04085606226328431,0.5528653652390018,0.760723730810608,0.539695794097124,0.6006894471061068,0.7288100520871533,0.9852407604113574,0.9852407604113576
hoptimus1,LYMPH_IDC,0,ycentered_f64,14972,4992,1,IGHV6-1,0.12189293342535047,-0.48715791320776214,0.19128622330680145,0.23078501686549657,0.13801286598810783,0.2802859873250725,0.35864377995928126,0.48962063922176313,0.48962063922176313
hoptimus1,LYMPH_IDC,0,ycentered_f64,14972,4992,1,IGLV9-49,0.2557458638438866,-5.956934348037902,0.9490097188941815,0.8654676985037073,0.1523523090932614,0.6539089373726864,0.36934002781557546,1.0771724363555573,1.0771724363555573
hoptimus1,LYMPH_IDC,0,ycentered_f64,14972,4992,1,MAPK8IP2,0.3743097112263242,0.11862205019784833,0.13457566730267267,0.14534680113177936,0.1964072036341979,0.1722133412773137,0.39075287349559296,0.20520976893633655,0.2052097689363366
hoptimus1,LYMPH_IDC,0,ycentered_f64,14972,4992,1,MX1,0.29220273162009236,-0.7406897083967019,0.2521813219849714,0.4414321476450303,0.2087092662277894,0.3671816536278216,0.3806236570983458,0.8072860218801506,0.8072860218801506
hoptimus1,LYMPH_IDC,0,ycentered_f64,14972,4992,1,MX2,0.32066060045965644,0.0030979580943117924,0.20461652054532328,0.29369678184003334,0.3063151625773081,0.287786445343653,0.4530478824905692,0.47095152010358404,0.47095152010358404
hoptimus1,LYMPH_IDC,0,ycentered_f64,14972,4992,1,MYH11,0.33598925969352655,-0.11326251006553956,0.30112602173404623,0.08511601777784099,0.33197420267149425,0.15949124899330003,0.5200862250286461,0.2367278326968601,0.23672783269686015
hoptimus1,LYMPH_IDC,0,ycentered_f64,14972,4992,1,NARS2,0.3353365455454978,-0.5748862540517945,0.1817995483215191,0.31408752802599293,0.1706176788952106,0.35633895698136997,0.3397596524617655,0.47966120950429797,0.47966120950429797
hoptimus1,LYMPH_IDC,0,ycentered_f64,14972,4992,1,NUDT1,0.19540536916633716,-0.35403263541001917,0.0937496060613001,0.18829766213981974,0.10037218550076851,0.19079092017474597,0.26312987519576303,0.3156516551493706,0.31565165514937066
hoptimus1,LYMPH_IDC,0,ycentered_f64,14972,4992,1,OASL,0.20782991108300172,-0.03658328525522747,0.08237554958804146,0.12512655641376622,0.1119867208867501,0.13711811918622302,0.2819012890281722,0.20173421233788924,0.20173421233788932
hoptimus1,LYMPH_IDC,0,ycentered_f64,14972,4992,1,PARD6B,0.27473439017560153,-0.47762728436915336,0.21374817474694938,0.4468671420469094,0.20993195545787996,0.2589975331528863,0.3803371576267133,0.8961643682677827,0.8961643682677829
hoptimus1,LYMPH_IDC,0,ycentered_f64,14972,4992,1,PATZ1,0.3653774250249667,0.012033210802893657,0.19326484448626458,0.28543990240604583,0.28671154929086184,0.3157438931787988,0.44228810332023594,0.48977470877270557,0.4897747087727057
hoptimus1,LYMPH_IDC,0,ycentered_f64,14972,4992,1,PDZK1IP1,0.55797066501455,0.1688921330269305,0.29751160911288566,0.2128643753638481,0.4386187894986226,0.3289517185236909,0.5983058673698496,0.6500370986729804,0.6500370986729804
hoptimus1,LYMPH_IDC,0,ycentered_f64,14972,4992,1,POLD3,0.3897882613795275,-0.01451100453262466,0.17915992259933305,0.3208584158099747,0.25907000321417284,0.32372787156273586,0.4202348368658768,0.5199940287426706,0.5199940287426708
hoptimus1,LYMPH_IDC,0,ycentered_f64,14972,4992,1,PTRH2,0.39080916289894485,-0.9245728731615446,0.316308936940124,0.5152284412974779,0.2504719414581091,0.48548629439194946,0.4054044870818145,0.7823699459556969,0.7823699459556969
hoptimus1,LYMPH_IDC,0,ycentered_f64,14972,4992,1,QSOX1,0.3328099222553773,-1.060990382831926,0.4311116695686613,0.6236968846060473,0.30916318626931083,0.5345382676892577,0.4573586599618147,0.9870733919068513,0.9870733919068514
hoptimus1,LYMPH_IDC,0,ycentered_f64,14972,4992,1,RAB38,0.34903096976858855,0.09848984157686713,0.21077199892019094,0.26475094662730103,0.32379799059186226,0.21313521306890654,0.48352746180027945,0.6941613699547147,0.6941613699547148
hoptimus1,LYMPH_IDC,0,ycentered_f64,14972,4992,1,RSAD2,0.1541685431012187,-0.7324970589902828,0.08976874758392442,0.18713840561682482,0.07468355499590054,0.19800267800710042,0.22762833935633894,0.28288555317246084,0.28288555317246084
hoptimus1,LYMPH_IDC,0,ycentered_f64,14972,4992,1,RSF1,0.4703933487990789,-0.4955853999918429,0.3746255147958628,0.6506196608264148,0.3798975115403151,0.5614210577736775,0.5004873072735793,0.9062116216313796,0.9062116216313798
hoptimus1,LYMPH_IDC,0,ycentered_f64,14972,4992,1,SCRN1,0.27617525626717687,-0.3008216353323312,0.17516638371631985,0.2766757583731007,0.1951930539157146,0.3114386549629924,0.3669581235052967,0.5178196083693589,0.5178196083693589
hoptimus1,LYMPH_IDC,0,ycentered_f64,14972,4992,1,SERPINI1,0.2140726078989585,-0.920892961301738,0.12442878771191494,0.2561313264966753,0.09208307520319255,0.2434522264369942,0.25451234495888936,0.49076163547420565,0.49076163547420576
hoptimus1,LYMPH_IDC,0,ycentered_f64,14972,4992,1,SHANK2,0.4817136086571391,0.16081046851787772,0.17236515236719901,0.33030354281488944,0.28020334477799064,0.3284140126683539,0.4532050129661023,0.44472041464157674,0.44472041464157674
hoptimus1,LYMPH_IDC,0,ycentered_f64,14972,4992,1,SNCG,0.05546886849172579,-0.37055160988839786,0.17283043495259193,0.22891360651435322,0.1875096853249348,0.23277336898612302,0.35510960103662553,0.7262162912379221,0.7262162912379221
hoptimus1,LYMPH_IDC,0,ycentered_f64,14972,4992,1,SPP1,0.01043377453186443,-1.2337524149275692,0.25076861116408244,0.31491929961891313,0.11347549938811706,0.31644613381922093,0.33505728869362145,1.0525829805239872,1.0525829805239872
hoptimus1,LYMPH_IDC,0,ycentered_f64,14972,4992,1,TCF7,0.4027502476630284,0.03630422179003823,0.24314759805919664,0.1321180250576557,0.30776079691564423,0.1720365741125582,0.5023021229219228,0.23117607546910035,0.23117607546910035
hoptimus1,LYMPH_IDC,0,ycentered_f64,14972,4992,1,TMEM64,0.5849172986277636,-0.5535867567200814,0.9101550089994663,0.09415167455327926,0.7356259533419058,0.1111597986325309,0.7654025883185992,0.20275841490521077,0.20275841490521077
hoptimus1,LYMPH_IDC,0,ycentered_f64,14972,4992,1,ZMAT5,0.2577174739782816,-0.3694032822928137,0.1500286032938282,0.2782168660085191,0.16642013297249109,0.2730505565849942,0.33099493709336153,0.46370687135680616,0.46370687135680616
hoptimus1,LYMPH_IDC,1,nointercept_f64,14972,4992,1,AAMDC,0.28319653933923256,-2.236986015692349,0.7266813195174969,0.8055723025890504,0.4037642249216636,0.733131966699352,0.47380712414063714,1.0630615335977988e-16,0.9143350533613571
hoptimus1,LYMPH_IDC,1,nointercept_f64,14972,4992,1,AKR1E2,0.17528831230994996,-3.736239869942372,0.44129001655714023,0.5230010197678494,0.14642143153991455,0.5108539059145977,0.3052426438237238,3.0373186674222827e-17,0.5688295008312595
hoptimus1,LYMPH_IDC,1,nointercept_f64,14972,4992,1,ANKS1B,0.22710154654647088,-0.36510006127524863,0.20399362438174257,0.1749782435987844,0.23927114259165067,0.3288965181771341,0.3865681367446763,-4.5559780011334234e-17,0.513100886835378
hoptimus1,LYMPH_IDC,1,nointercept_f64,14972,4992,1,ANO8,0.2445775691570378,-1.6513484717279274,0.43121676551658983,0.5799066739468912,0.26711310408054256,0.5234470310285064,0.40328717673602227,7.593296668555705e-17,0.6591935643307704
hoptimus1,LYMPH_IDC,1,nointercept_f64,14972,4992,1,AREG,0.4137282630624602,-1.3942239936635281,1.3408762950972692,0.07689800580604986,0.9882891870653018,0.09500312930489495,0.7483624138993364,-1.2339107086403022e-17,0.12363948272314741
hoptimus1,LYMPH_IDC,1,nointercept_f64,14972,4992,1,CCL28,0.30226784318769384,-0.6977426967307261,0.4680679665575467,0.054344419166923445,0.5167971369452201,0.21949755012869654,0.5250715948238762,-6.074637334844565e-17,0.3393747830754004
hoptimus1,LYMPH_IDC,1,nointercept_f64,14972,4992,1,CCNO,0.184502268693364,-2.4111791653364043,0.2480002073991291,0.4187307981116365,0.11008841663790055,0.3369983188039012,0.26963344265806977,4.5559780011334234e-17,0.28946896830950386
hoptimus1,LYMPH_IDC,1,nointercept_f64,14972,4992,1,CD22,0.20114004972204455,-0.5324259550812533,0.1301861375539392,-0.020305423766841486,0.12378364390669724,0.22568067819380314,0.29146916819915875,5.315307667988994e-17,0.513615218961809
hoptimus1,LYMPH_IDC,1,nointercept_f64,14972,4992,1,CD72,0.1796128722573454,-0.801321616886914,0.2358297543218717,-0.09223068147061746,0.20822171575556964,0.20232564553427185,0.3618292474087762,7.593296668555705e-17,0.5147476356487494
hoptimus1,LYMPH_IDC,1,nointercept_f64,14972,4992,1,CLNS1A,0.16727260747590647,-0.5938365122849096,0.19563413521580522,0.3644079335820714,0.19410124468879822,0.2761353299261264,0.3503486365232329,4.176313167705638e-17,0.27388307765114284
hoptimus1,LYMPH_IDC,1,nointercept_f64,14972,4992,1,CROT,0.15522891021878668,-0.7191503933191163,0.17940590084769484,-0.03176798130660031,0.16937936020967287,0.24276696980288884,0.32304381183777003,-3.0373186674222827e-17,0.5193204207118425
hoptimus1,LYMPH_IDC,1,nointercept_f64,14972,4992,1,CSTA,0.0616257702594791,-0.6894830214873129,0.14807170753739557,-0.023295210097434602,0.1354787239852624,0.20679693215026806,0.2960459515661369,-9.111956002266847e-17,0.43243340524861495
hoptimus1,LYMPH_IDC,1,nointercept_f64,14972,4992,1,CXCL10,0.21969747937674555,-0.09660646580205778,0.2206557955383841,0.18080038795609787,0.2719196106474369,0.24293949313190868,0.4485721104486757,-1.1389945002833558e-17,0.4058629732828805
hoptimus1,LYMPH_IDC,1,nointercept_f64,14972,4992,1,CXCL11,0.17605790611725544,-0.10464348012539859,0.1307457876003965,0.15024595381555128,0.15995929351983926,0.18690303059268004,0.34403512573552997,-4.935642834561209e-17,0.30250292788716265
hoptimus1,LYMPH_IDC,1,nointercept_f64,14972,4992,1,CYP4Z1,0.28863867092134765,-0.778701267123713,0.45176286111916525,0.02930624042154973,0.4494921160049928,0.3513339560452286,0.5039689214630456,-6.074637334844565e-17,0.6948657965647356
hoptimus1,LYMPH_IDC,1,nointercept_f64,14972,4992,1,DAPK1,0.1179846981494452,-1.1837116704494295,0.2860953977614337,0.38563799456138476,0.21212840400254115,0.3987956508704878,0.361957673632978,7.593296668555707e-18,0.527153011187493
hoptimus1,LYMPH_IDC,1,nointercept_f64,14972,4992,1,EPHB3,0.3699076675841678,-0.07416061575875865,0.2880042446236505,0.46916958701236977,0.4971856988297823,0.42773089095774336,0.5178033213409496,7.593296668555707e-18,0.47655013575453253
hoptimus1,LYMPH_IDC,1,nointercept_f64,14972,4992,1,FABP4,0.6879411629125984,0.46128616920657284,0.13625709067163727,0.2139805486056617,0.21575681612086603,0.2909700870085773,0.5029218368140934,1.5186593337111413e-17,0.36077343568806974
hoptimus1,LYMPH_IDC,1,nointercept_f64,14972,4992,1,GTPBP3,0.31437390254443753,-0.39188870877893267,0.29129986717401907,0.5067448939024423,0.361600269157535,0.42953283159086963,0.4574755494317149,6.074637334844565e-17,0.4837248992416714
hoptimus1,LYMPH_IDC,1,nointercept_f64,14972,4992,1,HAAO,0.06872463717765752,-0.8436795733334039,0.10241893993774674,-0.036811072905227386,0.08348426375633632,0.19691586648993425,0.23569339720063573,-3.0373186674222827e-17,0.49676362760494397
hoptimus1,LYMPH_IDC,1,nointercept_f64,14972,4992,1,HAUS8,0.18817862608444297,-4.017141837791604,0.48023533245200956,0.5427548129219762,0.1493293637266526,0.5410470586089611,0.3093847231123228,4.5559780011334234e-17,0.6293323390502329
hoptimus1,LYMPH_IDC,1,nointercept_f64,14972,4992,1,IFI44L,0.20221125311649457,-0.41470757842998807,0.4120296434983986,0.3303740147727163,0.5133906736587867,0.4240823680582733,0.5396732491771227,3.0373186674222827e-17,0.7258320168922714
hoptimus1,LYMPH_IDC,1,nointercept_f64,14972,4992,1,IFIT2,0.1562388738610729,-0.12770946779187664,0.12483983484623312,0.16999768543462168,0.16662476737147722,0.18170892225722846,0.3327192890953599,-3.4169835008500674e-17,0.23598492886018155
hoptimus1,LYMPH_IDC,1,nointercept_f64,14972,4992,1,IGHV3-11,0.015338336264384278,-4.344185140061495,0.4598776833481098,0.33822699618808344,0.09037889258410686,0.5634424369192229,0.29334616835927785,1.366793400340027e-16,1.1350530748885805
hoptimus1,LYMPH_IDC,1,nointercept_f64,14972,4992,1,IGHV6-1,0.06493518149894102,-0.48194758382350944,0.23123269954269304,0.057809457373559726,0.137567082611032,0.2892716844604123,0.3950101027039449,-3.0373186674222827e-17,0.48976927338008286
hoptimus1,LYMPH_IDC,1,nointercept_f64,14972,4992,1,IGLV9-49,-0.023187740181444892,-4.474392927973243,0.7070747749697063,0.28879277346807103,0.11704713879869534,0.7322658395174593,0.35938892445381515,1.214927466968913e-16,1.0889439705601038
hoptimus1,LYMPH_IDC,1,nointercept_f64,14972,4992,1,MAPK8IP2,0.1322847650952183,-0.707982647182771,0.09914676851647583,0.1870368982583829,0.08664381628235181,0.21085443807100446,0.240933702668151,3.0373186674222827e-17,0.24180733971247978
hoptimus1,LYMPH_IDC,1,nointercept_f64,14972,4992,1,MX1,0.3328229046004172,-0.251319376797827,0.4602569274301931,0.4486689744447439,0.7146263886243105,0.45174981612241394,0.6064794392592031,1.138994500283356e-16,0.6386019265686737
hoptimus1,LYMPH_IDC,1,nointercept_f64,14972,4992,1,MX2,0.06850781777222656,-1.2452724175857623,0.19849224778401323,0.27182092130342767,0.13198063914210367,0.3219441044017072,0.29732898911238365,3.0373186674222827e-17,0.5290785532981165
hoptimus1,LYMPH_IDC,1,nointercept_f64,14972,4992,1,MYH11,0.13568104402987033,-0.18195248393790675,0.09188432536066833,0.15285219502665734,0.11506747793501769,0.15677706883027726,0.2788179351750468,6.454302168272351e-17,0.309049390931197
hoptimus1,LYMPH_IDC,1,nointercept_f64,14972,4992,1,NARS2,0.209486689066274,-1.8633935977604148,0.3686969315796386,0.5281631509222151,0.20550569318808043,0.45130608730570704,0.35883453750685496,7.21363183512792e-17,0.46802876445019653
hoptimus1,LYMPH_IDC,1,nointercept_f64,14972,4992,1,NUDT1,0.11789470430529952,-0.7385119276171745,0.12317831922199787,0.19908492456447663,0.10829218954612048,0.24367145857781589,0.2661817644635969,1.1389945002833558e-17,0.31301094848396877
hoptimus1,LYMPH_IDC,1,nointercept_f64,14972,4992,1,OASL,0.09144923706432949,-0.16333606039793835,0.08730321834373198,0.11988986774712831,0.1074844966045557,0.1378853316603649,0.27394446610001866,3.796648334277853e-18,0.20323535471143425
hoptimus1,LYMPH_IDC,1,nointercept_f64,14972,4992,1,PARD6B,0.6900916141951554,-3.62848892927149,3.983748871711165,0.12056417342343351,1.953933335458621,0.22586653904251194,0.9277401714445092,-2.2779890005667117e-17,0.31467526267309287
hoptimus1,LYMPH_IDC,1,nointercept_f64,14972,4992,1,PATZ1,0.26304164501252547,-0.7548331379245043,0.3344399714641178,0.5420911821563681,0.32778287201355666,0.44817379926186524,0.4365572201894219,3.0373186674222827e-17,0.47608061025335674
hoptimus1,LYMPH_IDC,1,nointercept_f64,14972,4992,1,PDZK1IP1,0.23830256730770177,-0.5944018990056124,0.31847916801289194,0.031902674091970604,0.3305812898832254,0.30865656807763847,0.4469321673349398,-1.518659333711141e-16,0.6860592198378257
hoptimus1,LYMPH_IDC,1,nointercept_f64,14972,4992,1,POLD3,0.1814279404814408,-1.661893449349757,0.2899806445451015,0.41725037168534274,0.17200461221046937,0.4127034054609861,0.3300571700652947,2.2779890005667117e-17,0.5490235793631949
hoptimus1,LYMPH_IDC,1,nointercept_f64,14972,4992,1,PTRH2,0.32339883306411715,-0.618796256813676,0.36028548722304204,0.48857509291528134,0.39484954950137013,0.542715472081802,0.4717667063854987,6.074637334844565e-17,0.7342312190419941
hoptimus1,LYMPH_IDC,1,nointercept_f64,14972,4992,1,QSOX1,0.44537570652022207,-0.20331694101846076,0.4323743449067843,0.5900320615463582,0.7718957444318594,0.6005222888084856,0.5994320268597406,4.5559780011334234e-17,0.8327879971468032
hoptimus1,LYMPH_IDC,1,nointercept_f64,14972,4992,1,RAB38,0.6877871615951907,-2.7200048200064573,2.5592786179543396,0.1454670146351699,1.579262165591503,0.1950061297826358,0.8294439292040459,-2.657653833994497e-17,0.27556150610230995
hoptimus1,LYMPH_IDC,1,nointercept_f64,14972,4992,1,RSAD2,0.05746398442405845,-0.4725524682116018,0.12168170640620567,0.1696802152972697,0.12122351972338481,0.20880309321928886,0.28745989110114983,3.796648334277853e-18,0.26736808697425074
hoptimus1,LYMPH_IDC,1,nointercept_f64,14972,4992,1,RSF1,0.32007925483797645,-1.1354279904784867,0.4938129624813017,0.6286966265443139,0.42233833981057006,0.6475528487508235,0.4808822837143081,9.111956002266847e-17,0.8920608993013562
hoptimus1,LYMPH_IDC,1,nointercept_f64,14972,4992,1,SCRN1,0.07335140826181383,-4.526176258614965,0.32766284141172075,0.4179706588521274,0.09043728359616719,0.419620893006293,0.24350126972063976,2.2779890005667117e-17,0.5527475275141078
hoptimus1,LYMPH_IDC,1,nointercept_f64,14972,4992,1,SERPINI1,0.5338648649771509,-0.9031359972241844,0.9900692229575038,0.20421284827715064,0.9686877386023601,0.20151588121574443,0.7212699990226104,4.366145584419531e-17,0.19848201486983466
hoptimus1,LYMPH_IDC,1,nointercept_f64,14972,4992,1,SHANK2,0.31173423201130573,-0.4397619038508611,0.28329778096499225,0.48215861686524275,0.3373050656265173,0.42926085609387843,0.4435843825953702,3.0373186674222827e-17,0.42568142249117297
hoptimus1,LYMPH_IDC,1,nointercept_f64,14972,4992,1,SNCG,0.5393890934714037,-2.6845811829395614,2.883003680849165,0.05875829156804651,1.5424137778389149,0.12080056722364742,0.8845625193515783,-7.593296668555707e-18,0.27446093257977433
hoptimus1,LYMPH_IDC,1,nointercept_f64,14972,4992,1,SPP1,0.2735949310410975,-1.313827753553222,1.82159217166548,0.34612845443416973,1.3802014411642,0.3975182747593628,0.8872787135738444,-3.0373186674222827e-17,0.6302281914947188
hoptimus1,LYMPH_IDC,1,nointercept_f64,14972,4992,1,TCF7,0.14454869757701605,-0.2701564950528148,0.06652672486716912,0.03335965699608468,0.07579774858477788,0.14902670151436043,0.22885976890933746,3.796648334277853e-18,0.30851774907768204
hoptimus1,LYMPH_IDC,1,nointercept_f64,14972,4992,1,TMEM64,0.10743075435287902,-0.5271323856469141,0.11141256274205845,0.09599897889119309,0.11223197394074538,0.22659174581362748,0.2701025836477369,-3.0373186674222827e-17,0.41061192446776706
hoptimus1,LYMPH_IDC,1,nointercept_f64,14972,4992,1,ZMAT5,0.19263285972703015,-1.0971151451092886,0.265835645322482,0.4069820177031036,0.20103590696668014,0.386960253526568,0.3560372752421276,-3.0373186674222827e-17,0.45216519731332555
hoptimus1,LYMPH_IDC,1,intercept_f64,14972,4992,1,AAMDC,0.2831965393392324,-9.234004517113695,2.2974643295928963,1.719907355950411,0.4037642249216636,0.7331319666993529,0.47380712414063714,0.9143350533613569,0.9143350533613571
hoptimus1,LYMPH_IDC,1,intercept_f64,14972,4992,1,AKR1E2,0.17528831230994998,-11.807092815153995,1.1932761759629595,1.0918305205991117,0.14642143153991455,0.5108539059145982,0.3052426438237238,0.5688295008312595,0.5688295008312595
hoptimus1,LYMPH_IDC,1,intercept_f64,14972,4992,1,ANKS1B,0.22710154654647075,-1.685373979527324,0.40128865747208253,0.688079130434165,0.23927114259165067,0.32889651817713456,0.3865681367446763,0.5131008868353779,0.513100886835378
hoptimus1,LYMPH_IDC,1,intercept_f64,14972,4992,1,ANO8,0.24457756915703768,-6.858654938257752,1.278135937211587,1.2391002382776644,0.26711310408054256,0.5234470310285072,0.40328717673602227,0.6591935643307703,0.6591935643307704
hoptimus1,LYMPH_IDC,1,intercept_f64,14972,4992,1,AREG,0.41372826306246,-1.019110104367488,1.1307951483666479,0.20053748852919784,0.9882891870653018,0.09500312930489507,0.7483624138993364,0.12363948272314737,0.12363948272314741
hoptimus1,LYMPH_IDC,1,intercept_f64,14972,4992,1,CCL28,0.30226784318769423,0.023019757586868916,0.26935362838774335,0.39371920224232565,0.5167971369452201,0.21949755012869687,0.5250715948238762,0.3393747830754004,0.3393747830754004
hoptimus1,LYMPH_IDC,1,intercept_f64,14972,4992,1,CCNO,0.18450226869336403,-6.021483818112273,0.5104772744968809,0.7081997664211415,0.11008841663790055,0.33699831880390135,0.26963344265806977,0.2894689683095038,0.28946896830950386
hoptimus1,LYMPH_IDC,1,intercept_f64,14972,4992,1,CD22,0.20114004972204486,-1.8953699115256049,0.2459740546168333,0.4933097951949698,0.12378364390669724,0.22568067819380347,0.29146916819915875,0.5136152189618091,0.513615218961809
hoptimus1,LYMPH_IDC,1,intercept_f64,14972,4992,1,CD72,0.17961287225734546,-0.462572328476599,0.19148056053349297,0.42251695417813406,0.20822171575556964,0.20232564553427254,0.3618292474087762,0.5147476356487495,0.5147476356487494
hoptimus1,LYMPH_IDC,1,intercept_f64,14972,4992,1,CLNS1A,0.1672726074759065,-1.9649825665418401,0.3639343156367993,0.6382910112332154,0.19410124468879822,0.27613532992612666,0.3503486365232329,0.27388307765114284,0.27388307765114284
hoptimus1,LYMPH_IDC,1,intercept_f64,14972,4992,1,CROT,0.1552289102187875,-1.3015136087600578,0.24017975617342166,0.4875524394052449,0.16937936020967287,0.2427669698028887,0.32304381183777003,0.519320420711843,0.5193204207118425
hoptimus1,LYMPH_IDC,1,intercept_f64,14972,4992,1,CSTA,0.061625770259480024,-1.2563306597730435,0.19775205155210956,0.40913819515118294,0.1354787239852624,0.20679693215026793,0.2960459515661369,0.4324334052486155,0.43243340524861495
hoptimus1,LYMPH_IDC,1,intercept_f64,14972,4992,1,CXCL10,0.21969747937674566,-0.5476664837698233,0.311416711330942,0.5866633612389802,0.2719196106474369,0.24293949313190918,0.4485721104486757,0.4058629732828805,0.4058629732828805
hoptimus1,LYMPH_IDC,1,intercept_f64,14972,4992,1,CXCL11,0.1760579061172555,-0.8281249994173214,0.2163771815804849,0.4527488817027154,0.15995929351983926,0.1869030305926804,0.34403512573552997,0.3025029278871627,0.30250292788716265
hoptimus1,LYMPH_IDC,1,intercept_f64,14972,4992,1,CYP4Z1,0.28863867092134776,-0.3806177546953089,0.35065575006963207,0.7241720369862887,0.4494921160049928,0.3513339560452291,0.5039689214630456,0.6948657965647358,0.6948657965647356
hoptimus1,LYMPH_IDC,1,intercept_f64,14972,4992,1,DAPK1,0.1179846981494453,-4.7010820535703735,0.7469179012314846,0.9127910057488802,0.21212840400254115,0.39879565087048835,0.361957673632978,0.5271530111874929,0.527153011187493
hoptimus1,LYMPH_IDC,1,intercept_f64,14972,4992,1,EPHB3,0.36990766758416793,-0.821578410537352,0.4884021127315123,0.9457197227669044,0.4971856988297823,0.42773089095774375,0.5178033213409496,0.4765501357545324,0.47655013575453253
hoptimus1,LYMPH_IDC,1,intercept_f64,14972,4992,1,FABP4,0.6879411629125971,-0.04824461438428207,0.265132902301489,0.5747539842937329,0.21575681612086603,0.29097008700857724,0.5029218368140934,0.3607734356880694,0.36077343568806974
hoptimus1,LYMPH_IDC,1,intercept_f64,14972,4992,1,GTPBP3,0.3143739025444373,-2.1808937630536676,0.665709783280788,0.9904697931441157,0.361600269157535,0.42953283159087,0.4574755494317149,0.4837248992416712,0.4837248992416714
hoptimus1,LYMPH_IDC,1,intercept_f64,14972,4992,1,HAAO,0.06872463717765807,-3.1344851631679935,0.22967634600105902,0.4599525546997194,0.08348426375633632,0.19691586648993445,0.23569339720063573,0.49676362760494447,0.49676362760494397
hoptimus1,LYMPH_IDC,1,intercept_f64,14972,4992,1,HAUS8,0.1881786260844429,-13.328258504819823,1.3714852417944126,1.1720871519722122,0.1493293637266526,0.5410470586089614,0.3093847231123228,0.6293323390502329,0.6293323390502329
hoptimus1,LYMPH_IDC,1,intercept_f64,14972,4992,1,IFI44L,0.2022112531164948,-1.3113802373285126,0.6731830589559832,1.0562060316649906,0.5133906736587867,0.4240823680582742,0.5396732491771227,0.7258320168922714,0.7258320168922714
hoptimus1,LYMPH_IDC,1,intercept_f64,14972,4992,1,IFIT2,0.1562388738610727,-0.6451412888485044,0.1821206371537442,0.4059826142948043,0.16662476737147722,0.18170892225722876,0.3327192890953599,0.23598492886018155,0.23598492886018155
hoptimus1,LYMPH_IDC,1,intercept_f64,14972,4992,1,IGHV3-11,0.015338336264384474,-25.854289910617155,2.310864670364139,1.473280071076669,0.09037889258410686,0.5634424369192241,0.29334616835927785,1.1350530748885805,1.1350530748885805
hoptimus1,LYMPH_IDC,1,intercept_f64,14972,4992,1,IGHV6-1,0.0649351814989414,-1.5185763243985675,0.3929809723717945,0.5475787307536453,0.137567082611032,0.28927168446041235,0.3950101027039449,0.4897692733800833,0.48976927338008286
hoptimus1,LYMPH_IDC,1,intercept_f64,14972,4992,1,IGLV9-49,-0.023187740181444774,-16.551172881736235,2.266916492675389,1.37773674402818,0.11704713879869534,0.7322658395174604,0.35938892445381515,1.0889439705601038,1.0889439705601038
hoptimus1,LYMPH_IDC,1,intercept_f64,14972,4992,1,MAPK8IP2,0.13228476509521853,-2.551636581032625,0.20616912621162456,0.4288442379708636,0.08664381628235181,0.21085443807100465,0.240933702668151,0.24180733971247972,0.24180733971247978
hoptimus1,LYMPH_IDC,1,intercept_f64,14972,4992,1,MX1,0.3328229046004176,-0.4365487952050491,0.5283875138868303,1.0872709010134203,0.7146263886243105,0.45174981612241444,0.6064794392592031,0.6386019265686738,0.6386019265686737
hoptimus1,LYMPH_IDC,1,intercept_f64,14972,4992,1,MX2,0.06850781777222674,-6.0854894825671595,0.6263893517014711,0.8008994746015465,0.13198063914210367,0.3219441044017079,0.29732898911238365,0.5290785532981165,0.5290785532981165
hoptimus1,LYMPH_IDC,1,intercept_f64,14972,4992,1,MYH11,0.13568104402987036,-1.7109860369333632,0.21075053900297072,0.46190158595785574,0.11506747793501769,0.15677706883027742,0.2788179351750468,0.30904939093119704,0.309049390931197
hoptimus1,LYMPH_IDC,1,intercept_f64,14972,4992,1,NARS2,0.20948668906627416,-5.9102083035113475,0.8897737985003175,0.9961919153724134,0.20550569318808043,0.4513060873057074,0.35883453750685496,0.4680287644501965,0.46802876445019653
hoptimus1,LYMPH_IDC,1,intercept_f64,14972,4992,1,NUDT1,0.11789470430529948,-2.9235242805838255,0.2779924132999314,0.5120958730484468,0.10829218954612048,0.2436714585778161,0.2661817644635969,0.31301094848396877,0.31301094848396877
hoptimus1,LYMPH_IDC,1,intercept_f64,14972,4992,1,OASL,0.0914492370643294,-0.780921203673508,0.1336502477573898,0.32312522245856345,0.1074844966045557,0.13788533166036515,0.27394446610001866,0.20323535471143425,0.20323535471143425
hoptimus1,LYMPH_IDC,1,intercept_f64,14972,4992,1,PARD6B,0.6900916141951563,-2.4029642553002977,2.928937547369211,0.43523943609652793,1.953933335458621,0.2258665390425121,0.9277401714445092,0.314675262673093,0.31467526267309287
hoptimus1,LYMPH_IDC,1,intercept_f64,14972,4992,1,PATZ1,0.2630416450125256,-3.0147965286339184,0.7651487810736408,1.0181717924097267,0.32778287201355666,0.4481737992618656,0.4365572201894219,0.4760806102533566,0.47608061025335674
hoptimus1,LYMPH_IDC,1,intercept_f64,14972,4992,1,PDZK1IP1,0.23830256730770238,-0.8990592999006819,0.37933398487339937,0.7179618939298,0.3305812898832254,0.30865656807763864,0.4469321673349398,0.6860592198378265,0.6860592198378257
hoptimus1,LYMPH_IDC,1,intercept_f64,14972,4992,1,POLD3,0.18142794048144067,-6.900833816505857,0.8606989446229585,0.96627395104854,0.17200461221046937,0.41270340546098655,0.3300571700652947,0.5490235793631949,0.5490235793631949
hoptimus1,LYMPH_IDC,1,intercept_f64,14972,4992,1,PTRH2,0.32339883306411726,-3.659397856091659,1.0370134102312798,1.2228063119572785,0.39484954950137013,0.5427154720818027,0.4717667063854987,0.7342312190419941,0.7342312190419941
hoptimus1,LYMPH_IDC,1,intercept_f64,14972,4992,1,QSOX1,0.445375706520222,-1.2904521336524715,0.8230024086506571,1.4228200586931645,0.7718957444318594,0.6005222888084867,0.5994320268597406,0.8327879971468031,0.8327879971468032
hoptimus1,LYMPH_IDC,1,intercept_f64,14972,4992,1,RAB38,0.6877871615951909,-1.6817969754301014,1.845015259120273,0.42102852073748126,1.579262165591503,0.19500612978263604,0.8294439292040459,0.27556150610231,0.27556150610230995
hoptimus1,LYMPH_IDC,1,intercept_f64,14972,4992,1,RSAD2,0.05746398442405861,-1.6512222389643179,0.21907894833184435,0.4370483022715217,0.12122351972338481,0.2088030932192892,0.28745989110114983,0.26736808697425074,0.26736808697425074
hoptimus1,LYMPH_IDC,1,intercept_f64,14972,4992,1,RSF1,0.3200792548379764,-6.16873474093343,1.6577539282276383,1.520757525845674,0.42233833981057006,0.6475528487508245,0.4808822837143081,0.8920608993013562,0.8920608993013562
hoptimus1,LYMPH_IDC,1,intercept_f64,14972,4992,1,SCRN1,0.07335140826181374,-15.785816319736082,0.9952791972868513,0.970718186366238,0.09043728359616719,0.4196208930062936,0.24350126972063976,0.5527475275141078,0.5527475275141078
hoptimus1,LYMPH_IDC,1,intercept_f64,14972,4992,1,SERPINI1,0.5338648649771512,-0.39552645145556076,0.7259953000860049,0.4026948631469862,0.9686877386023601,0.2015158812157445,0.7212699990226104,0.1984820148698347,0.19848201486983466
hoptimus1,LYMPH_IDC,1,intercept_f64,14972,4992,1,SHANK2,0.31173423201130557,-1.987416964097696,0.5878253859075012,0.9078400393564178,0.3373050656265173,0.42926085609387876,0.4435843825953702,0.42568142249117286,0.42568142249117297
hoptimus1,LYMPH_IDC,1,intercept_f64,14972,4992,1,SNCG,0.5393890934714045,-1.74000794532419,2.143921547583709,0.33321922414782223,1.5424137778389149,0.12080056722364765,0.8845625193515783,0.27446093257977444,0.27446093257977433
hoptimus1,LYMPH_IDC,1,intercept_f64,14972,4992,1,SPP1,0.27359493104109756,-0.1627311952425372,0.9153758484193645,0.9763566459288915,1.3802014411642,0.39751827475936363,0.8872787135738444,0.6302281914947188,0.6302281914947188
hoptimus1,LYMPH_IDC,1,intercept_f64,14972,4992,1,TCF7,0.14454869757701624,-1.5874840264398205,0.135524117378937,0.3418774060737681,0.07579774858477788,0.14902670151436065,0.22885976890933746,0.3085177490776821,0.30851774907768204
hoptimus1,LYMPH_IDC,1,intercept_f64,14972,4992,1,TMEM64,0.10743075435287923,-2.655435674011791,0.2666837925828388,0.5066109033589621,0.11223197394074538,0.22659174581362782,0.2701025836477369,0.41061192446776706,0.41061192446776706
hoptimus1,LYMPH_IDC,1,intercept_f64,14972,4992,1,ZMAT5,0.1926328597270301,-4.179229853903483,0.6565323385779779,0.859147215016431,0.20103590696668014,0.3869602535265684,0.3560372752421276,0.45216519731332555,0.45216519731332555
hoptimus1,LYMPH_IDC,1,ycentered_f64,14972,4992,1,AAMDC,0.2831965393392323,-9.234004517113698,2.297464329592897,1.7199073559504114,0.4037642249216636,0.7331319666993529,0.47380712414063714,0.9143350533613571,0.9143350533613571
hoptimus1,LYMPH_IDC,1,ycentered_f64,14972,4992,1,AKR1E2,0.17528831230995,-11.807092815153993,1.1932761759629593,1.0918305205991115,0.14642143153991455,0.5108539059145981,0.3052426438237238,0.5688295008312595,0.5688295008312595
hoptimus1,LYMPH_IDC,1,ycentered_f64,14972,4992,1,ANKS1B,0.22710154654647077,-1.6853739795273226,0.40128865747208237,0.6880791304341648,0.23927114259165067,0.3288965181771346,0.3865681367446763,0.513100886835378,0.513100886835378
hoptimus1,LYMPH_IDC,1,ycentered_f64,14972,4992,1,ANO8,0.2445775691570377,-6.858654938257756,1.2781359372115877,1.2391002382776646,0.26711310408054256,0.5234470310285072,0.40328717673602227,0.6591935643307704,0.6591935643307704
hoptimus1,LYMPH_IDC,1,ycentered_f64,14972,4992,1,AREG,0.4137282630624601,-1.019110104367488,1.1307951483666479,0.20053748852919787,0.9882891870653018,0.09500312930489507,0.7483624138993364,0.12363948272314738,0.12363948272314741
hoptimus1,LYMPH_IDC,1,ycentered_f64,14972,4992,1,CCL28,0.3022678431876942,0.023019757586868583,0.26935362838774346,0.3937192022423254,0.5167971369452201,0.21949755012869687,0.5250715948238762,0.33937478307540037,0.3393747830754004
hoptimus1,LYMPH_IDC,1,ycentered_f64,14972,4992,1,CCNO,0.18450226869336403,-6.021483818112273,0.5104772744968809,0.7081997664211417,0.11008841663790055,0.3369983188039013,0.26963344265806977,0.28946896830950386,0.28946896830950386
hoptimus1,LYMPH_IDC,1,ycentered_f64,14972,4992,1,CD22,0.20114004972204486,-1.8953699115256053,0.24597405461683336,0.4933097951949699,0.12378364390669724,0.22568067819380352,0.29146916819915875,0.513615218961809,0.513615218961809
hoptimus1,LYMPH_IDC,1,ycentered_f64,14972,4992,1,CD72,0.17961287225734546,-0.46257232847659924,0.19148056053349302,0.4225169541781341,0.20822171575556964,0.20232564553427257,0.3618292474087762,0.5147476356487495,0.5147476356487494
hoptimus1,LYMPH_IDC,1,ycentered_f64,14972,4992,1,CLNS1A,0.1672726074759065,-1.9649825665418397,0.3639343156367992,0.6382910112332154,0.19410124468879822,0.27613532992612666,0.3503486365232329,0.27388307765114284,0.27388307765114284
hoptimus1,LYMPH_IDC,1,ycentered_f64,14972,4992,1,CROT,0.15522891021878746,-1.3015136087600525,0.2401797561734211,0.48755243940524434,0.16937936020967287,0.24276696980288867,0.32304381183777003,0.5193204207118424,0.5193204207118425
hoptimus1,LYMPH_IDC,1,ycentered_f64,14972,4992,1,CSTA,0.06162577025947998,-1.256330659773039,0.19775205155210915,0.4091381951511823,0.1354787239852624,0.20679693215026793,0.2960459515661369,0.4324334052486149,0.43243340524861495
hoptimus1,LYMPH_IDC,1,ycentered_f64,14972,4992,1,CXCL10,0.21969747937674572,-0.5476664837698237,0.3114167113309421,0.5866633612389802,0.2719196106474369,0.2429394931319092,0.4485721104486757,0.40586297328288046,0.4058629732828805
hoptimus1,LYMPH_IDC,1,ycentered_f64,14972,4992,1,CXCL11,0.17605790611725552,-0.828124999417321,0.21637718158048486,0.45274888170271527,0.15995929351983926,0.1869030305926804,0.34403512573552997,0.3025029278871626,0.30250292788716265
hoptimus1,LYMPH_IDC,1,ycentered_f64,14972,4992,1,CYP4Z1,0.28863867092134776,-0.38061775469530823,0.3506557500696319,0.7241720369862885,0.4494921160049928,0.35133395604522916,0.5039689214630456,0.6948657965647356,0.6948657965647356
hoptimus1,LYMPH_IDC,1,ycentered_f64,14972,4992,1,DAPK1,0.11798469814944534,-4.7010820535703735,0.7469179012314847,0.9127910057488803,0.21212840400254115,0.39879565087048835,0.361957673632978,0.5271530111874931,0.527153011187493
hoptimus1,LYMPH_IDC,1,ycentered_f64,14972,4992,1,EPHB3,0.36990766758416804,-0.8215784105373527,0.4884021127315125,0.9457197227669045,0.4971856988297823,0.42773089095774375,0.5178033213409496,0.47655013575453253,0.47655013575453253
hoptimus1,LYMPH_IDC,1,ycentered_f64,14972,4992,1,FABP4,0.6879411629125973,-0.04824461438428318,0.2651329023014893,0.574753984293733,0.21575681612086603,0.29097008700857724,0.5029218368140934,0.36077343568806974,0.36077343568806974
hoptimus1,LYMPH_IDC,1,ycentered_f64,14972,4992,1,GTPBP3,0.3143739025444373,-2.18089376305367,0.6657097832807884,0.990469793144116,0.361600269157535,0.42953283159087,0.4574755494317149,0.4837248992416714,0.4837248992416714
hoptimus1,LYMPH_IDC,1,ycentered_f64,14972,4992,1,HAAO,0.06872463717765805,-3.1344851631679864,0.22967634600105866,0.4599525546997189,0.08348426375633632,0.1969158664899344,0.23569339720063573,0.49676362760494397,0.49676362760494397
hoptimus1,LYMPH_IDC,1,ycentered_f64,14972,4992,1,HAUS8,0.1881786260844429,-13.32825850481982,1.3714852417944123,1.1720871519722122,0.1493293637266526,0.5410470586089614,0.3093847231123228,0.629332339050233,0.6293323390502329
hoptimus1,LYMPH_IDC,1,ycentered_f64,14972,4992,1,IFI44L,0.2022112531164948,-1.3113802373285135,0.6731830589559835,1.0562060316649908,0.5133906736587867,0.4240823680582742,0.5396732491771227,0.7258320168922714,0.7258320168922714
hoptimus1,LYMPH_IDC,1,ycentered_f64,14972,4992,1,IFIT2,0.1562388738610727,-0.6451412888485044,0.1821206371537442,0.40598261429480426,0.16662476737147722,0.1817089222572288,0.3327192890953599,0.2359849288601815,0.23598492886018155
hoptimus1,LYMPH_IDC,1,ycentered_f64,14972,4992,1,IGHV3-11,0.015338336264384456,-25.854289910617155,2.310864670364139,1.4732800710766691,0.09037889258410686,0.563442436919224,0.29334616835927785,1.1350530748885808,1.1350530748885805
hoptimus1,LYMPH_IDC,1,ycentered_f64,14972,4992,1,IGHV6-1,0.06493518149894142,-1.5185763243985644,0.392980972371794,0.5475787307536448,0.137567082611032,0.2892716844604123,0.3950101027039449,0.4897692733800828,0.48976927338008286
hoptimus1,LYMPH_IDC,1,ycentered_f64,14972,4992,1,IGLV9-49,-0.023187740181444795,-16.551172881736235,2.266916492675389,1.37773674402818,0.11704713879869534,0.7322658395174604,0.35938892445381515,1.0889439705601038,1.0889439705601038
hoptimus1,LYMPH_IDC,1,ycentered_f64,14972,4992,1,MAPK8IP2,0.1322847650952185,-2.551636581032626,0.20616912621162461,0.42884423797086374,0.08664381628235181,0.21085443807100465,0.240933702668151,0.24180733971247984,0.24180733971247978
hoptimus1,LYMPH_IDC,1,ycentered_f64,14972,4992,1,MX1,0.33282290460041747,-0.4365487952050495,0.5283875138868305,1.0872709010134203,0.7146263886243105,0.45174981612241444,0.6064794392592031,0.6386019265686738,0.6386019265686737
hoptimus1,LYMPH_IDC,1,ycentered_f64,14972,4992,1,MX2,0.06850781777222675,-6.085489482567163,0.6263893517014715,0.8008994746015466,0.13198063914210367,0.3219441044017079,0.29732898911238365,0.5290785532981165,0.5290785532981165
hoptimus1,LYMPH_IDC,1,ycentered_f64,14972,4992,1,MYH11,0.1356810440298703,-1.710986036933364,0.21075053900297083,0.46190158595785574,0.11506747793501769,0.15677706883027742,0.2788179351750468,0.3090493909311971,0.309049390931197
hoptimus1,LYMPH_IDC,1,ycentered_f64,14972,4992,1,NARS2,0.20948668906627413,-5.910208303511349,0.8897737985003176,0.9961919153724137,0.20550569318808043,0.4513060873057074,0.35883453750685496,0.46802876445019653,0.46802876445019653
hoptimus1,LYMPH_IDC,1,ycentered_f64,14972,4992,1,NUDT1,0.11789470430529946,-2.9235242805838255,0.2779924132999314,0.5120958730484468,0.10829218954612048,0.2436714585778161,0.2661817644635969,0.31301094848396877,0.31301094848396877
hoptimus1,LYMPH_IDC,1,ycentered_f64,14972,4992,1,OASL,0.09144923706432942,-0.780921203673508,0.1336502477573898,0.32312522245856345,0.1074844966045557,0.13788533166036515,0.27394446610001866,0.20323535471143425,0.20323535471143425
hoptimus1,LYMPH_IDC,1,ycentered_f64,14972,4992,1,PARD6B,0.6900916141951562,-2.4029642553002977,2.928937547369211,0.4352394360965279,1.953933335458621,0.22586653904251217,0.9277401714445092,0.31467526267309287,0.31467526267309287
hoptimus1,LYMPH_IDC,1,ycentered_f64,14972,4992,1,PATZ1,0.26304164501252547,-3.0147965286339193,0.765148781073641,1.0181717924097269,0.32778287201355666,0.4481737992618658,0.4365572201894219,0.4760806102533568,0.47608061025335674
hoptimus1,LYMPH_IDC,1,ycentered_f64,14972,4992,1,PDZK1IP1,0.23830256730770227,-0.8990592999006797,0.379333984873399,0.7179618939297993,0.3305812898832254,0.3086565680776386,0.4469321673349398,0.6860592198378255,0.6860592198378257
hoptimus1,LYMPH_IDC,1,ycentered_f64,14972,4992,1,POLD3,0.18142794048144067,-6.900833816505857,0.8606989446229585,0.9662739510485403,0.17200461221046937,0.41270340546098655,0.3300571700652947,0.5490235793631949,0.5490235793631949
hoptimus1,LYMPH_IDC,1,ycentered_f64,14972,4992,1,PTRH2,0.3233988330641174,-3.659397856091659,1.0370134102312798,1.2228063119572785,0.39484954950137013,0.5427154720818026,0.4717667063854987,0.7342312190419942,0.7342312190419941
hoptimus1,LYMPH_IDC,1,ycentered_f64,14972,4992,1,QSOX1,0.44537570652022196,-1.2904521336524732,0.8230024086506577,1.4228200586931647,0.7718957444318594,0.6005222888084867,0.5994320268597406,0.8327879971468033,0.8327879971468032
hoptimus1,LYMPH_IDC,1,ycentered_f64,14972,4992,1,RAB38,0.6877871615951908,-1.6817969754301019,1.8450152591202733,0.4210285207374812,1.579262165591503,0.19500612978263604,0.8294439292040459,0.27556150610230995,0.27556150610230995
hoptimus1,LYMPH_IDC,1,ycentered_f64,14972,4992,1,RSAD2,0.057463984424058645,-1.6512222389643174,0.2190789483318443,0.4370483022715217,0.12122351972338481,0.20880309321928917,0.28745989110114983,0.2673680869742508,0.26736808697425074
hoptimus1,LYMPH_IDC,1,ycentered_f64,14972,4992,1,RSF1,0.32007925483797645,-6.1687347409334325,1.6577539282276392,1.520757525845674,0.42233833981057006,0.6475528487508245,0.4808822837143081,0.8920608993013563,0.8920608993013562
hoptimus1,LYMPH_IDC,1,ycentered_f64,14972,4992,1,SCRN1,0.07335140826181374,-15.785816319736082,0.9952791972868513,0.970718186366238,0.09043728359616719,0.4196208930062935,0.24350126972063976,0.5527475275141078,0.5527475275141078
hoptimus1,LYMPH_IDC,1,ycentered_f64,14972,4992,1,SERPINI1,0.5338648649771511,-0.39552645145556076,0.7259953000860049,0.4026948631469862,0.9686877386023601,0.20151588121574454,0.7212699990226104,0.1984820148698347,0.19848201486983466
hoptimus1,LYMPH_IDC,1,ycentered_f64,14972,4992,1,SHANK2,0.31173423201130557,-1.9874169640976969,0.5878253859075014,0.9078400393564178,0.3373050656265173,0.4292608560938787,0.4435843825953702,0.42568142249117297,0.42568142249117297
hoptimus1,LYMPH_IDC,1,ycentered_f64,14972,4992,1,SNCG,0.5393890934714045,-1.7400079453241903,2.1439215475837092,0.33321922414782207,1.5424137778389149,0.12080056722364761,0.8845625193515783,0.27446093257977433,0.27446093257977433
hoptimus1,LYMPH_IDC,1,ycentered_f64,14972,4992,1,SPP1,0.27359493104109756,-0.16273119524253765,0.9153758484193648,0.9763566459288915,1.3802014411642,0.39751827475936363,0.8872787135738444,0.6302281914947188,0.6302281914947188
hoptimus1,LYMPH_IDC,1,ycentered_f64,14972,4992,1,TCF7,0.1445486975770162,-1.58748402643982,0.13552411737893696,0.34187740607376815,0.07579774858477788,0.14902670151436065,0.22885976890933746,0.30851774907768204,0.30851774907768204
hoptimus1,LYMPH_IDC,1,ycentered_f64,14972,4992,1,TMEM64,0.10743075435287923,-2.6554356740117893,0.26668379258283864,0.506610903358962,0.11223197394074538,0.2265917458136278,0.2701025836477369,0.410611924467767,0.41061192446776706
hoptimus1,LYMPH_IDC,1,ycentered_f64,14972,4992,1,ZMAT5,0.1926328597270301,-4.179229853903484,0.6565323385779781,0.859147215016431,0.20103590696668014,0.3869602535265684,0.3560372752421276,0.45216519731332555,0.45216519731332555
hoptimus1,LYMPH_IDC,2,nointercept_f64,14976,4988,1,AAMDC,0.5856670583169657,-3.954596731640982,5.673854315443345,-0.03564552158094338,2.135116141895915,0.169268067752888,1.070126045384942,-1.518253708889103e-17,0.33754381102820236
hoptimus1,LYMPH_IDC,2,nointercept_f64,14976,4988,1,AKR1E2,0.5607626205459727,-1.6986618282552373,2.106978707389987,-0.011470833144042842,1.186725698763978,0.1266205370903716,0.883600270825633,-1.518253708889103e-17,0.22222644813422465
hoptimus1,LYMPH_IDC,2,nointercept_f64,14976,4988,1,ANKS1B,0.2871231060676552,-0.5213263185113559,0.38660267969426493,0.031464712849356674,0.365933338976327,0.3486055149269464,0.504105273579688,9.109522253334617e-17,0.47084084713560903
hoptimus1,LYMPH_IDC,2,nointercept_f64,14976,4988,1,ANO8,0.5359673377046738,-2.4416855518693517,2.688435208980983,-0.060330620251618616,1.3743750300518303,0.20294716801416832,0.8838207487032581,-1.897817136111379e-18,0.2902972763643051
hoptimus1,LYMPH_IDC,2,nointercept_f64,14976,4988,1,AREG,0.2493737352781809,-0.567336768635567,0.21229211014289442,-0.07609733996903559,0.18529996827973685,0.22192750080313348,0.368032156082915,3.036507417778206e-17,0.3913190247984523
hoptimus1,LYMPH_IDC,2,nointercept_f64,14976,4988,1,CCL28,0.017234496607826697,-1.3682462015166008,0.1557747537606987,0.020704934487256806,0.09244254252962236,0.2957474033528751,0.2564691379300444,4.554761126667309e-17,0.4807603604231889
hoptimus1,LYMPH_IDC,2,nointercept_f64,14976,4988,1,CCNO,0.47136014239843765,-0.8276491189008928,0.755867712510749,-0.02805929897654477,0.5993994438562187,0.10194019224337902,0.6430970043168132,5.693451408334136e-18,0.12644807314579812
hoptimus1,LYMPH_IDC,2,nointercept_f64,14976,4988,1,CD22,0.27467352463898204,-0.776947340722159,0.7895056253705711,0.0874206468648759,0.701137738937173,0.22862023919856175,0.6665616686731518,4.554761126667309e-17,0.3212139400948062
hoptimus1,LYMPH_IDC,2,nointercept_f64,14976,4988,1,CD72,0.21764668876876697,-1.040177832940214,0.882799892923572,0.07082329007650823,0.7555672062714767,0.18459029245734265,0.6578049294059986,0.0,0.3323634602766261
hoptimus1,LYMPH_IDC,2,nointercept_f64,14976,4988,1,CLNS1A,0.31409081454226395,-0.9132451370982242,0.7329585489575973,-0.054754336756753286,0.5534700895655891,0.06129609325714066,0.6189483339291075,3.7956342722227575e-17,0.1541681387103521
hoptimus1,LYMPH_IDC,2,nointercept_f64,14976,4988,1,CROT,0.14137419245887786,-0.9347588595586953,0.23336764722520012,-0.12765155105960768,0.16880151493222406,0.21425251854570193,0.3473016941767461,0.0,0.5194194143017133
hoptimus1,LYMPH_IDC,2,nointercept_f64,14976,4988,1,CSTA,0.03176748561028406,-0.7525218998682048,0.10515094541984953,-0.05000467362974463,0.08402894483916551,0.17284712878880565,0.24494854498519766,-6.073014835556412e-17,0.44949027488374305
hoptimus1,LYMPH_IDC,2,nointercept_f64,14976,4988,1,CXCL10,0.2551992592922477,-0.572921410185762,0.7267960444409091,0.0641710342167396,0.6063042805973013,0.14325897754991598,0.6797555552602343,-4.554761126667309e-17,0.2944549533068879
hoptimus1,LYMPH_IDC,2,nointercept_f64,14976,4988,1,CXCL11,0.19031574968613715,-0.4068686303755922,0.45370242087876,0.05164224967270182,0.4293223362783479,0.12388398529379996,0.5678828787996959,-3.416070845000482e-17,0.21274911967289245
hoptimus1,LYMPH_IDC,2,nointercept_f64,14976,4988,1,CYP4Z1,0.3156025477078037,-0.8048181919292863,0.4603369153296836,-0.0609122333298017,0.32238048358066806,0.4488187231362132,0.5050346453077913,3.036507417778206e-17,0.7371368521076237
hoptimus1,LYMPH_IDC,2,nointercept_f64,14976,4988,1,DAPK1,0.23022878995538695,-1.7119439812084596,1.5198314954601622,0.03171596874405248,1.02451722461315,0.11352161422769422,0.7486129971257676,3.321179988194913e-18,0.2564895806563461
hoptimus1,LYMPH_IDC,2,nointercept_f64,14976,4988,1,EPHB3,0.44069603312216826,-1.608544033263882,1.5676359016954313,-0.05750795846156674,0.9603255880098871,0.12391205473826027,0.7752174042890303,1.8978171361113787e-17,0.322299386223412
hoptimus1,LYMPH_IDC,2,nointercept_f64,14976,4988,1,FABP4,0.2269414692022759,-1.0570202299816431,0.6139173673916632,-0.18131941989964798,0.38861693423943416,0.20150983342520054,0.5463056326960116,2.2773805633336544e-17,0.30316083314709175
hoptimus1,LYMPH_IDC,2,nointercept_f64,14976,4988,1,GTPBP3,0.528409989705052,-1.818040650046726,1.6866135607036787,-0.04893872971479941,1.0371920027633428,0.13394761183207676,0.7736315401446208,1.3284719952779651e-17,0.2586754824584111
hoptimus1,LYMPH_IDC,2,nointercept_f64,14976,4988,1,HAAO,-0.02883264359956865,-0.9429541012860385,0.3187226041921401,-0.09268215074620038,0.2552772873195535,0.17201489149145519,0.4050187807715198,-6.073014835556412e-17,0.43943478686050474
hoptimus1,LYMPH_IDC,2,nointercept_f64,14976,4988,1,HAUS8,0.42939105938992395,-2.3163528468439623,2.8225885874710737,-0.03081494715005544,1.3971081808651555,0.09707753441034433,0.9225574596431245,0.0,0.21361113500454995
hoptimus1,LYMPH_IDC,2,nointercept_f64,14976,4988,1,IFI44L,0.15773652346547862,-3.492516010759992,2.922371571199637,0.026282536237173845,1.5382028452950471,0.17364954292397725,0.8065344091833364,9.489085680556894e-18,0.3844449390681126
hoptimus1,LYMPH_IDC,2,nointercept_f64,14976,4988,1,IFIT2,0.17642913357900922,-0.6260220990327687,0.5794421580821391,-0.006740542284737565,0.4764574994635563,0.07889058276437201,0.5969553145597841,1.3284719952779651e-17,0.13277158028103858
hoptimus1,LYMPH_IDC,2,nointercept_f64,14976,4988,1,IGHV3-11,0.29917687196840803,-3.8002259353028913,5.000002422285985,0.18139622429577232,2.194015366704156,0.27402806509475147,1.0205969539906066,-6.832141690000964e-17,0.43412375934103614
hoptimus1,LYMPH_IDC,2,nointercept_f64,14976,4988,1,IGHV6-1,-0.017732923381016563,-0.8001778017568637,0.5077823307472251,0.043927544745544514,0.3146024497394669,0.38113628296207813,0.5311058576192486,-1.2146029671112825e-16,0.43071069832668346
hoptimus1,LYMPH_IDC,2,nointercept_f64,14976,4988,1,IGLV9-49,0.11370834666291883,-2.9037196766442337,6.044753496584325,0.07566563516116981,2.1875018998920774,0.3791129672166134,1.24437129902336,-1.518253708889103e-16,0.39908580177933234
hoptimus1,LYMPH_IDC,2,nointercept_f64,14976,4988,1,MAPK8IP2,0.44627822617368157,-0.5335400085005146,0.4907496303604974,-0.021356228886450633,0.4469182588811292,0.1291999278169913,0.5656951237804765,3.7956342722227575e-17,0.12177064274557126
hoptimus1,LYMPH_IDC,2,nointercept_f64,14976,4988,1,MX1,0.29444768912560254,-2.3236373786122755,2.4178279792757853,-0.0752553121964575,1.2475721568896854,0.1914581587732956,0.8529152551351197,-3.036507417778206e-17,0.46111598945198917
hoptimus1,LYMPH_IDC,2,nointercept_f64,14976,4988,1,MX2,0.12070936885062786,-1.7995471478402556,1.5613369407722764,0.015495758846562126,1.0212202457876902,0.10660551197508616,0.7468001982728796,5.693451408334136e-18,0.23279679918454754
hoptimus1,LYMPH_IDC,2,nointercept_f64,14976,4988,1,MYH11,0.16916857350390976,-0.29535780285897717,0.13292480405489943,-0.013794633781473652,0.13595456367697636,0.15821209734788005,0.3203377653408906,6.452578262778688e-17,0.30204079642446124
hoptimus1,LYMPH_IDC,2,nointercept_f64,14976,4988,1,NARS2,0.5025908253892395,-1.3711682059686536,1.4123359585493525,-0.04369075929497607,0.89932733444376,0.1088173774559654,0.7717698825958994,7.591268544445516e-18,0.23687008129926318
hoptimus1,LYMPH_IDC,2,nointercept_f64,14976,4988,1,NUDT1,0.20502169023531686,-0.970648724368586,0.7395441621981247,-0.0440454351107098,0.5699690346633709,0.07059363918490073,0.6126006430151428,3.795634272222758e-18,0.15918729874568108
hoptimus1,LYMPH_IDC,2,nointercept_f64,14976,4988,1,OASL,0.09095322233187259,-0.4589992091968944,0.42248462626051697,0.015096627875060364,0.3824736875539411,0.06745507458679649,0.5381185047845937,-3.688882058316492e-17,0.11162016454797524
hoptimus1,LYMPH_IDC,2,nointercept_f64,14976,4988,1,PARD6B,0.33205054899588915,-1.1807077608770702,0.4773352780078598,-0.1762325322546116,0.3177156163963587,0.351807526171308,0.46785689226687954,6.073014835556412e-17,0.8600819810874697
hoptimus1,LYMPH_IDC,2,nointercept_f64,14976,4988,1,PATZ1,0.507396637752977,-1.3232198897237994,1.3858159842651963,0.01133830486229185,0.9518024003209357,0.1502042223034986,0.7723383936562361,1.518253708889103e-17,0.268201163261492
hoptimus1,LYMPH_IDC,2,nointercept_f64,14976,4988,1,PDZK1IP1,0.28820832199509927,-1.1664346752278303,0.2539811799927207,-0.1418367280205403,0.15914885598177325,0.3350965367800269,0.34239543766588226,-9.109522253334617e-17,0.7430626298659123
hoptimus1,LYMPH_IDC,2,nointercept_f64,14976,4988,1,POLD3,0.4731164948200413,-1.589255892307694,1.651509480305791,-0.0005731298120450417,1.044041247824812,0.12244919263610653,0.7986436609725379,-2.4671622769447922e-17,0.2584769170826826
hoptimus1,LYMPH_IDC,2,nointercept_f64,14976,4988,1,PTRH2,0.5044386880233502,-2.9966556667528055,3.229933195543698,-0.07311371346143884,1.513461611896108,0.12152109602470339,0.8989766332493652,1.8978171361113787e-17,0.36156865935295057
hoptimus1,LYMPH_IDC,2,nointercept_f64,14976,4988,1,QSOX1,0.5537284284560525,-3.3419342978519433,4.077209383771038,-0.03408455233039279,1.7825931653368445,0.18192537875842585,0.9690359381848236,1.518253708889103e-17,0.49614254412297
hoptimus1,LYMPH_IDC,2,nointercept_f64,14976,4988,1,RAB38,0.31179139418863866,-1.0754934654025918,0.3541593726141081,-0.1550068192457965,0.2459493605920383,0.3271476392388442,0.4130842956952027,6.073014835556412e-17,0.719991198541899
hoptimus1,LYMPH_IDC,2,nointercept_f64,14976,4988,1,RSAD2,0.16544793951485537,-0.8522229420716338,0.791356444105393,-0.011397873082901338,0.6006340431803785,0.07319290924267642,0.653641235208744,-3.795634272222758e-18,0.10765359249825661
hoptimus1,LYMPH_IDC,2,nointercept_f64,14976,4988,1,RSF1,0.5109018370223362,-3.508595401649826,4.3011015599807685,-0.0527648252020577,1.813569457605541,0.162959765505678,0.9767180571806834,4.175197699445033e-17,0.42856332279232323
hoptimus1,LYMPH_IDC,2,nointercept_f64,14976,4988,1,SCRN1,0.3757997131794729,-1.4690253547884162,1.4595935619919007,0.00965920294845537,0.970072889815547,0.11711477864413472,0.7688704936791797,-2.2773805633336544e-17,0.2596471238817669
hoptimus1,LYMPH_IDC,2,nointercept_f64,14976,4988,1,SERPINI1,0.3218340285412513,-0.5337739814328899,0.39603648826310034,-0.04957957172992946,0.3548692570463026,0.19503208752332452,0.5081441350087109,-6.073014835556412e-17,0.40312994548525566
hoptimus1,LYMPH_IDC,2,nointercept_f64,14976,4988,1,SHANK2,0.4810446091044825,-1.1495645728719888,1.248986783051563,-0.04971990279347545,0.8239102982576121,0.16876579932379068,0.7622609528136798,1.1386902816668272e-17,0.2635860428309593
hoptimus1,LYMPH_IDC,2,nointercept_f64,14976,4988,1,SNCG,0.16606165462839587,-1.5924212353385725,0.3902842715235682,-0.22943287206048155,0.21296522033243248,0.28391314920713584,0.3880053730151076,0.0,0.7175940266117836
hoptimus1,LYMPH_IDC,2,nointercept_f64,14976,4988,1,SPP1,0.4569967077395051,-1.5665040450449452,2.4679671786390016,-0.17114552700136473,1.1339586921090017,0.38575809260510335,0.9806154090758776,6.073014835556412e-17,0.7124436512493935
hoptimus1,LYMPH_IDC,2,nointercept_f64,14976,4988,1,TCF7,0.18687925135031014,-0.5110934410767016,0.41050199780043295,0.05192013264862142,0.4334502166619565,0.149988890046752,0.5212090851627831,-3.795634272222758e-18,0.18933362843325505
hoptimus1,LYMPH_IDC,2,nointercept_f64,14976,4988,1,TMEM64,0.0006974481972338663,-0.5262963180307298,0.26927410793870177,0.0769846805973843,0.2736195235990388,0.2330711989667447,0.4200276394810663,4.554761126667309e-17,0.3567794847310099
hoptimus1,LYMPH_IDC,2,nointercept_f64,14976,4988,1,ZMAT5,0.3472986780012077,-1.3014374025380384,1.255709023413884,-0.015425088256405851,0.8492453478772638,0.08847263095640316,0.7386605823536806,-1.8978171361113787e-17,0.23620144140898672
hoptimus1,LYMPH_IDC,2,intercept_f64,14976,4988,1,AAMDC,0.5856670583169651,-2.774406195233078,4.322335810358964,0.3018982894472609,2.135116141895915,0.16926806775288739,1.070126045384942,0.3375438110282025,0.33754381102820236
hoptimus1,LYMPH_IDC,2,intercept_f64,14976,4988,1,AKR1E2,0.5607626205459718,-1.0798239517664467,1.6238213827350074,0.21075561499018317,1.186725698763978,0.12662053709037122,0.883600270825633,0.2222264481342247,0.22222644813422465
hoptimus1,LYMPH_IDC,2,intercept_f64,14976,4988,1,ANKS1B,0.28712310606765445,-0.15429067168953803,0.2933308004938307,0.5023055599849688,0.365933338976327,0.34860551492694586,0.504105273579688,0.47084084713560953,0.47084084713560903
hoptimus1,LYMPH_IDC,2,intercept_f64,14976,4988,1,ANO8,0.5359673377046729,-1.4832009983631336,1.9397254323103827,0.22996665611268827,1.3743750300518303,0.20294716801416787,0.8838207487032581,0.29029727636430525,0.2902972763643051
hoptimus1,LYMPH_IDC,2,intercept_f64,14976,4988,1,AREG,0.249373735278181,-0.18749338615457067,0.16084320981440672,0.3152216848294191,0.18529996827973685,0.22192750080313325,0.368032156082915,0.3913190247984525,0.3913190247984523
hoptimus1,LYMPH_IDC,2,intercept_f64,14976,4988,1,CCL28,0.017234496607826614,-3.8334659677526997,0.31792808131824474,0.5014652949104489,0.09244254252962236,0.2957474033528748,0.2564691379300444,0.4807603604231894,0.4807603604231889
hoptimus1,LYMPH_IDC,2,intercept_f64,14976,4988,1,CCNO,0.47136014239843704,-0.4826253343514646,0.6131749296936553,0.09838877416925414,0.5993994438562187,0.1019401922433788,0.6430970043168132,0.1264480731457982,0.12644807314579812
hoptimus1,LYMPH_IDC,2,intercept_f64,14976,4988,1,CD22,0.27467352463898254,-0.12178719130418902,0.4984150501856602,0.408634586959684,0.701137738937173,0.22862023919856125,0.6665616686731518,0.3212139400948063,0.3212139400948062
hoptimus1,LYMPH_IDC,2,intercept_f64,14976,4988,1,CD72,0.21764668876876722,-0.24356029259085465,0.5380976478707693,0.40318675035313656,0.7555672062714767,0.18459029245734207,0.6578049294059986,0.3323634602766263,0.3323634602766261
hoptimus1,LYMPH_IDC,2,intercept_f64,14976,4988,1,CLNS1A,0.314090814542263,-0.48575595466109744,0.5691887085024379,0.09941380195359965,0.5534700895655891,0.0612960932571403,0.6189483339291075,0.15416813871035215,0.1541681387103521
hoptimus1,LYMPH_IDC,2,intercept_f64,14976,4988,1,CROT,0.14137419245887775,-0.6183029396906949,0.19519721936788745,0.3917678632421084,0.16880151493222406,0.21425251854570107,0.3473016941767461,0.5194194143017133,0.5194194143017133
hoptimus1,LYMPH_IDC,2,intercept_f64,14976,4988,1,CSTA,0.03176748561028407,-2.11165818380178,0.18669883661640693,0.3994856012540008,0.08402894483916551,0.17284712878880512,0.24494854498519766,0.4494902748837429,0.44949027488374305
hoptimus1,LYMPH_IDC,2,intercept_f64,14976,4988,1,CXCL10,0.25519925929224646,-0.06960996296828759,0.4942321244696702,0.3586259875236292,0.6063042805973013,0.14325897754991615,0.6797555552602343,0.294454953306888,0.2944549533068879
hoptimus1,LYMPH_IDC,2,intercept_f64,14976,4988,1,CXCL11,0.19031574968613604,-0.04890503809035729,0.3382623969136865,0.26439136934559543,0.4293223362783479,0.12388398529380043,0.5678828787996959,0.2127491196728925,0.21274911967289245
hoptimus1,LYMPH_IDC,2,intercept_f64,14976,4988,1,CYP4Z1,0.31560254770780266,-0.719710235282832,0.4386292805064991,0.6762246187778269,0.32238048358066806,0.44881872313621196,0.5050346453077913,0.7371368521076244,0.7371368521076237
hoptimus1,LYMPH_IDC,2,intercept_f64,14976,4988,1,DAPK1,0.23022878995538462,-0.9205762083215487,1.0763320448595122,0.28820554940040005,1.02451722461315,0.11352161422769427,0.7486129971257676,0.25648958065634614,0.2564895806563461
hoptimus1,LYMPH_IDC,2,intercept_f64,14976,4988,1,EPHB3,0.44069603312216615,-0.6896550880765391,1.01541854144472,0.2647914277618471,0.9603255880098871,0.12391205473825985,0.7752174042890303,0.3222993862234121,0.322299386223412
hoptimus1,LYMPH_IDC,2,intercept_f64,14976,4988,1,FABP4,0.22694146920227676,-0.20710097553990958,0.36025909822286134,0.121841413247445,0.38861693423943416,0.20150983342519996,0.5463056326960116,0.30316083314709136,0.30316083314709175
hoptimus1,LYMPH_IDC,2,intercept_f64,14976,4988,1,GTPBP3,0.5284099897050507,-0.990984654252115,1.1916157834553818,0.20973675274361323,1.0371920027633428,0.13394761183207646,0.7736315401446208,0.2586754824584112,0.2586754824584111
hoptimus1,LYMPH_IDC,2,intercept_f64,14976,4988,1,HAAO,-0.028832643599567956,-0.25587848004982616,0.20601457309022614,0.3467526361143069,0.2552772873195535,0.17201489149145455,0.4050187807715198,0.4394347868605046,0.43943478686050474
hoptimus1,LYMPH_IDC,2,intercept_f64,14976,4988,1,HAUS8,0.4293910593899222,-1.653207847681616,2.2581777443198527,0.18279618785449578,1.3971081808651555,0.09707753441034392,0.9225574596431245,0.21361113500454995,0.21361113500454995
hoptimus1,LYMPH_IDC,2,intercept_f64,14976,4988,1,IFI44L,0.15773652346547815,-1.932630052627767,1.9076692601915217,0.41072747530528875,1.5382028452950471,0.17364954292397752,0.8065344091833364,0.3844449390681127,0.3844449390681126
hoptimus1,LYMPH_IDC,2,intercept_f64,14976,4988,1,IFIT2,0.176429133579008,-0.3154288941707275,0.46876051542921093,0.12603103799630178,0.4764574994635563,0.07889058276437205,0.5969553145597841,0.13277158028103864,0.13277158028103858
hoptimus1,LYMPH_IDC,2,intercept_f64,14976,4988,1,IGHV3-11,0.2991768719684085,-2.3035276017949493,3.4410142842622475,0.615519983636811,2.194015366704156,0.27402806509475225,1.0205969539906066,0.43412375934103614,0.43412375934103614
hoptimus1,LYMPH_IDC,2,intercept_f64,14976,4988,1,IGHV6-1,-0.017732923381015325,-0.6312379313537195,0.460128881701402,0.47463824307222996,0.3146024497394669,0.38113628296207824,0.5311058576192486,0.43071069832668335,0.43071069832668346
hoptimus1,LYMPH_IDC,2,intercept_f64,14976,4988,1,IGLV9-49,0.11370834666291925,-1.9180059159682874,4.518415235892602,0.47475143694050437,2.1875018998920774,0.37911296721661314,1.24437129902336,0.3990858017793322,0.39908580177933234
hoptimus1,LYMPH_IDC,2,intercept_f64,14976,4988,1,MAPK8IP2,0.44627822617368124,-0.22350038602306643,0.3915335490815428,0.10041441385912142,0.4469182588811292,0.12919992781699102,0.5656951237804765,0.12177064274557137,0.12177064274557126
hoptimus1,LYMPH_IDC,2,intercept_f64,14976,4988,1,MX1,0.2944476891256005,-0.9389293517828792,1.4105021404402114,0.38586067725553447,1.2475721568896854,0.1914581587732959,0.8529152551351197,0.4611159894519893,0.46111598945198917
hoptimus1,LYMPH_IDC,2,intercept_f64,14976,4988,1,MX2,0.12070936885062723,-1.0571108725678098,1.1472724076400096,0.248292558031111,1.0212202457876902,0.10660551197508629,0.7468001982728796,0.23279679918454754,0.23279679918454754
hoptimus1,LYMPH_IDC,2,intercept_f64,14976,4988,1,MYH11,0.16916857350390943,-0.30284110810999,0.13369271303107452,0.2882461626429891,0.13595456367697636,0.1582120973478796,0.3203377653408906,0.3020407964244611,0.30204079642446124
hoptimus1,LYMPH_IDC,2,intercept_f64,14976,4988,1,NARS2,0.502590825389239,-0.7153266124538291,1.0216978489029298,0.19317932200428847,0.89932733444376,0.10881737745596484,0.7717698825958994,0.23687008129926324,0.23687008129926318
hoptimus1,LYMPH_IDC,2,intercept_f64,14976,4988,1,NUDT1,0.20502169023531455,-0.517264002037009,0.5693981486118788,0.11514186363497218,0.5699690346633709,0.07059363918490044,0.6126006430151428,0.15918729874568108,0.15918729874568108
hoptimus1,LYMPH_IDC,2,intercept_f64,14976,4988,1,OASL,0.09095322233187202,-0.2188018537239338,0.35293031168921724,0.12671679242303627,0.3824736875539411,0.06745507458679673,0.5381185047845937,0.11162016454797526,0.11162016454797524
hoptimus1,LYMPH_IDC,2,intercept_f64,14976,4988,1,PARD6B,0.3320505489958878,-0.6784885899634829,0.36740448770678014,0.6838494488328631,0.3177156163963587,0.35180752617130695,0.46785689226687954,0.8600819810874701,0.8600819810874697
hoptimus1,LYMPH_IDC,2,intercept_f64,14976,4988,1,PATZ1,0.5073966377529766,-0.598105919547383,0.9532807194246643,0.27953946812378555,0.9518024003209357,0.1502042223034981,0.7723383936562361,0.2682011632614921,0.268201163261492
hoptimus1,LYMPH_IDC,2,intercept_f64,14976,4988,1,PDZK1IP1,0.2882083219950986,-2.060707873975926,0.3588209726949957,0.6012259018453759,0.15914885598177325,0.3350965367800255,0.34239543766588226,0.7430626298659123,0.7430626298659123
hoptimus1,LYMPH_IDC,2,intercept_f64,14976,4988,1,POLD3,0.47311649482003953,-0.8473562765504776,1.1783023892267206,0.2579037872706391,1.044041247824812,0.1224491926361061,0.7986436609725379,0.2584769170826827,0.2584769170826826
hoptimus1,LYMPH_IDC,2,intercept_f64,14976,4988,1,PTRH2,0.5044386880233492,-1.7387596989185878,2.2133532642659706,0.2884549458915139,1.513461611896108,0.12152109602470272,0.8989766332493652,0.3615686593529507,0.36156865935295057
hoptimus1,LYMPH_IDC,2,intercept_f64,14976,4988,1,QSOX1,0.5537284284560503,-1.684368822070907,2.5207045984699783,0.4620579917925802,1.7825931653368445,0.18192537875842535,0.9690359381848236,0.4961425441229701,0.49614254412297
hoptimus1,LYMPH_IDC,2,intercept_f64,14976,4988,1,RAB38,0.31179139418863744,-0.729836018777628,0.2951768576234643,0.5649843792961069,0.2459493605920383,0.3271476392388432,0.4130842956952027,0.7199911985418995,0.719991198541899
hoptimus1,LYMPH_IDC,2,intercept_f64,14976,4988,1,RSAD2,0.16544793951485476,-0.570920531065154,0.6711708710645035,0.09625571941535592,0.6006340431803785,0.0731929092426764,0.653641235208744,0.10765359249825661,0.10765359249825661
hoptimus1,LYMPH_IDC,2,intercept_f64,14976,4988,1,RSF1,0.5109018370223349,-2.0242654910615223,2.885083238261041,0.3757984975902679,1.813569457605541,0.16295976550567717,0.9767180571806834,0.42856332279232334,0.42856332279232323
hoptimus1,LYMPH_IDC,2,intercept_f64,14976,4988,1,SCRN1,0.3757997131794716,-0.7394101329990508,1.0282728878685234,0.2693063268302238,0.970072889815547,0.11711477864413422,0.7688704936791797,0.25964712388176686,0.2596471238817669
hoptimus1,LYMPH_IDC,2,intercept_f64,14976,4988,1,SERPINI1,0.3218340285412486,0.09972907035654577,0.232459372617771,0.35355037375532883,0.3548692570463026,0.19503208752332446,0.5081441350087109,0.4031299454852559,0.40312994548525566
hoptimus1,LYMPH_IDC,2,intercept_f64,14976,4988,1,SHANK2,0.4810446091044812,-0.4765047688985993,0.8579109298414993,0.21386614003748552,0.8239102982576121,0.16876579932379035,0.7622609528136798,0.26358604283095954,0.2635860428309593
hoptimus1,LYMPH_IDC,2,intercept_f64,14976,4988,1,SNCG,0.1660616546283953,-0.7954452883717429,0.27030100158127734,0.4881611545513063,0.21296522033243248,0.2839131492071359,0.3880053730151076,0.7175940266117838,0.7175940266117836
hoptimus1,LYMPH_IDC,2,intercept_f64,14976,4988,1,SPP1,0.4569967077395047,-0.16047116066583977,1.1159167045966005,0.5412981242480325,1.1339586921090017,0.38575809260510247,0.9806154090758776,0.7124436512493936,0.7124436512493935
hoptimus1,LYMPH_IDC,2,intercept_f64,14976,4988,1,TCF7,0.18687925135031103,-0.11123272129668105,0.30187627033075376,0.24125376108187757,0.4334502166619565,0.149988890046752,0.5212090851627831,0.18933362843325502,0.18933362843325505
hoptimus1,LYMPH_IDC,2,intercept_f64,14976,4988,1,TMEM64,0.000697448197234182,-0.45250242989878053,0.25625515273104144,0.43376416532839657,0.2736195235990388,0.2330711989667441,0.4200276394810663,0.35677948473101023,0.3567794847310099
hoptimus1,LYMPH_IDC,2,intercept_f64,14976,4988,1,ZMAT5,0.34729867800120545,-0.6550497380867046,0.9030273376205419,0.2207763531525822,0.8492453478772638,0.0884726309564028,0.7386605823536806,0.23620144140898675,0.23620144140898672
hoptimus1,LYMPH_IDC,2,ycentered_f64,14976,4988,1,AAMDC,0.5856670583169653,-2.774406195233078,4.322335810358964,0.3018982894472608,2.135116141895915,0.16926806775288736,1.070126045384942,0.3375438110282023,0.33754381102820236
hoptimus1,LYMPH_IDC,2,ycentered_f64,14976,4988,1,AKR1E2,0.5607626205459719,-1.0798239517664467,1.6238213827350074,0.21075561499018322,1.186725698763978,0.1266205370903712,0.883600270825633,0.22222644813422465,0.22222644813422465
hoptimus1,LYMPH_IDC,2,ycentered_f64,14976,4988,1,ANKS1B,0.2871231060676544,-0.15429067168953803,0.2933308004938307,0.5023055599849683,0.365933338976327,0.34860551492694564,0.504105273579688,0.47084084713560914,0.47084084713560903
hoptimus1,LYMPH_IDC,2,ycentered_f64,14976,4988,1,ANO8,0.5359673377046729,-1.4832009983631336,1.9397254323103827,0.22996665611268813,1.3743750300518303,0.20294716801416782,0.8838207487032581,0.2902972763643051,0.2902972763643051
hoptimus1,LYMPH_IDC,2,ycentered_f64,14976,4988,1,AREG,0.249373735278181,-0.18749338615457045,0.1608432098144067,0.3152216848294189,0.18529996827973685,0.22192750080313323,0.368032156082915,0.3913190247984523,0.3913190247984523
hoptimus1,LYMPH_IDC,2,ycentered_f64,14976,4988,1,CCL28,0.017234496607826628,-3.8334659677526934,0.3179280813182443,0.5014652949104486,0.09244254252962236,0.2957474033528747,0.2564691379300444,0.4807603604231889,0.4807603604231889
hoptimus1,LYMPH_IDC,2,ycentered_f64,14976,4988,1,CCNO,0.471360142398437,-0.4826253343514646,0.6131749296936553,0.09838877416925407,0.5993994438562187,0.10194019224337879,0.6430970043168132,0.12644807314579812,0.12644807314579812
hoptimus1,LYMPH_IDC,2,ycentered_f64,14976,4988,1,CD22,0.27467352463898254,-0.12178719130418902,0.4984150501856602,0.4086345869596838,0.701137738937173,0.22862023919856125,0.6665616686731518,0.32121394009480625,0.3212139400948062
hoptimus1,LYMPH_IDC,2,ycentered_f64,14976,4988,1,CD72,0.21764668876876728,-0.2435602925908551,0.5380976478707694,0.4031867503531362,0.7555672062714767,0.18459029245734204,0.6578049294059986,0.33236346027662617,0.3323634602766261
hoptimus1,LYMPH_IDC,2,ycentered_f64,14976,4988,1,CLNS1A,0.31409081454226306,-0.48575595466109744,0.5691887085024379,0.09941380195359968,0.5534700895655891,0.0612960932571403,0.6189483339291075,0.15416813871035215,0.1541681387103521
hoptimus1,LYMPH_IDC,2,ycentered_f64,14976,4988,1,CROT,0.14137419245887767,-0.6183029396906956,0.19519721936788753,0.39176786324210866,0.16880151493222406,0.21425251854570096,0.3473016941767461,0.5194194143017133,0.5194194143017133
hoptimus1,LYMPH_IDC,2,ycentered_f64,14976,4988,1,CSTA,0.03176748561028407,-2.1116581838017816,0.18669883661640704,0.3994856012540011,0.08402894483916551,0.17284712878880504,0.24494854498519766,0.449490274883743,0.44949027488374305
hoptimus1,LYMPH_IDC,2,ycentered_f64,14976,4988,1,CXCL10,0.25519925929224646,-0.06960996296828692,0.4942321244696699,0.3586259875236291,0.6063042805973013,0.14325897754991615,0.6797555552602343,0.29445495330688787,0.2944549533068879
hoptimus1,LYMPH_IDC,2,ycentered_f64,14976,4988,1,CXCL11,0.1903157496861361,-0.04890503809035751,0.3382623969136866,0.26439136934559543,0.4293223362783479,0.12388398529380044,0.5678828787996959,0.21274911967289242,0.21274911967289245
hoptimus1,LYMPH_IDC,2,ycentered_f64,14976,4988,1,CYP4Z1,0.3156025477078026,-0.7197102352828297,0.4386292805064985,0.6762246187778261,0.32238048358066806,0.4488187231362118,0.5050346453077913,0.7371368521076237,0.7371368521076237
hoptimus1,LYMPH_IDC,2,ycentered_f64,14976,4988,1,DAPK1,0.2302287899553845,-0.9205762083215492,1.0763320448595124,0.28820554940039994,1.02451722461315,0.11352161422769427,0.7486129971257676,0.2564895806563461,0.2564895806563461
hoptimus1,LYMPH_IDC,2,ycentered_f64,14976,4988,1,EPHB3,0.44069603312216604,-0.6896550880765393,1.0154185414447203,0.26479142776184705,0.9603255880098871,0.12391205473825984,0.7752174042890303,0.32229938622341203,0.322299386223412
hoptimus1,LYMPH_IDC,2,ycentered_f64,14976,4988,1,FABP4,0.22694146920227667,-0.2071009755399087,0.3602590982228611,0.12184141324744546,0.38861693423943416,0.2015098334251999,0.5463056326960116,0.30316083314709175,0.30316083314709175
hoptimus1,LYMPH_IDC,2,ycentered_f64,14976,4988,1,GTPBP3,0.5284099897050506,-0.9909846542521157,1.191615783455382,0.20973675274361311,1.0371920027633428,0.13394761183207646,0.7736315401446208,0.2586754824584111,0.2586754824584111
hoptimus1,LYMPH_IDC,2,ycentered_f64,14976,4988,1,HAAO,-0.02883264359956794,-0.25587848004982594,0.2060145730902261,0.346752636114307,0.2552772873195535,0.17201489149145452,0.4050187807715198,0.43943478686050474,0.43943478686050474
hoptimus1,LYMPH_IDC,2,ycentered_f64,14976,4988,1,HAUS8,0.42939105938992217,-1.653207847681616,2.2581777443198527,0.18279618785449578,1.3971081808651555,0.09707753441034392,0.9225574596431245,0.21361113500454995,0.21361113500454995
hoptimus1,LYMPH_IDC,2,ycentered_f64,14976,4988,1,IFI44L,0.15773652346547812,-1.9326300526277675,1.9076692601915222,0.4107274753052887,1.5382028452950471,0.17364954292397752,0.8065344091833364,0.3844449390681126,0.3844449390681126
hoptimus1,LYMPH_IDC,2,ycentered_f64,14976,4988,1,IFIT2,0.17642913357900805,-0.3154288941707275,0.46876051542921093,0.12603103799630175,0.4764574994635563,0.07889058276437205,0.5969553145597841,0.13277158028103858,0.13277158028103858
hoptimus1,LYMPH_IDC,2,ycentered_f64,14976,4988,1,IGHV3-11,0.2991768719684085,-2.3035276017949493,3.4410142842622475,0.6155199836368109,2.194015366704156,0.2740280650947523,1.0205969539906066,0.4341237593410361,0.43412375934103614
hoptimus1,LYMPH_IDC,2,ycentered_f64,14976,4988,1,IGHV6-1,-0.01773292338101534,-0.6312379313537206,0.4601288817014023,0.47463824307223024,0.3146024497394669,0.38113628296207824,0.5311058576192486,0.43071069832668335,0.43071069832668346
hoptimus1,LYMPH_IDC,2,ycentered_f64,14976,4988,1,IGLV9-49,0.11370834666291928,-1.9180059159682874,4.518415235892602,0.4747514369405045,2.1875018998920774,0.3791129672166131,1.24437129902336,0.3990858017793322,0.39908580177933234
hoptimus1,LYMPH_IDC,2,ycentered_f64,14976,4988,1,MAPK8IP2,0.4462782261736813,-0.22350038602306666,0.3915335490815428,0.10041441385912132,0.4469182588811292,0.129199927816991,0.5656951237804765,0.12177064274557128,0.12177064274557126
hoptimus1,LYMPH_IDC,2,ycentered_f64,14976,4988,1,MX1,0.2944476891256006,-0.9389293517828796,1.4105021404402116,0.3858606772555344,1.2475721568896854,0.19145815877329594,0.8529152551351197,0.46111598945198917,0.46111598945198917
hoptimus1,LYMPH_IDC,2,ycentered_f64,14976,4988,1,MX2,0.12070936885062729,-1.0571108725678098,1.1472724076400096,0.24829255803111094,1.0212202457876902,0.10660551197508629,0.7468001982728796,0.23279679918454754,0.23279679918454754
hoptimus1,LYMPH_IDC,2,ycentered_f64,14976,4988,1,MYH11,0.16916857350390946,-0.30284110810999,0.13369271303107452,0.2882461626429893,0.13595456367697636,0.15821209734787964,0.3203377653408906,0.30204079642446136,0.30204079642446124
hoptimus1,LYMPH_IDC,2,ycentered_f64,14976,4988,1,NARS2,0.502590825389239,-0.7153266124538291,1.0216978489029298,0.19317932200428847,0.89932733444376,0.10881737745596481,0.7717698825958994,0.23687008129926318,0.23687008129926318
hoptimus1,LYMPH_IDC,2,ycentered_f64,14976,4988,1,NUDT1,0.20502169023531458,-0.5172640020370085,0.5693981486118787,0.11514186363497222,0.5699690346633709,0.07059363918490046,0.6126006430151428,0.15918729874568108,0.15918729874568108
hoptimus1,LYMPH_IDC,2,ycentered_f64,14976,4988,1,OASL,0.09095322233187206,-0.2188018537239338,0.3529303116892173,0.1267167924230362,0.3824736875539411,0.06745507458679674,0.5381185047845937,0.11162016454797521,0.11162016454797524
hoptimus1,LYMPH_IDC,2,ycentered_f64,14976,4988,1,PARD6B,0.3320505489958879,-0.6784885899634827,0.3674044877067801,0.6838494488328628,0.3177156163963587,0.35180752617130695,0.46785689226687954,0.8600819810874698,0.8600819810874697
hoptimus1,LYMPH_IDC,2,ycentered_f64,14976,4988,1,PATZ1,0.5073966377529766,-0.5981059195473832,0.9532807194246645,0.27953946812378544,0.9518024003209357,0.15020422230349809,0.7723383936562361,0.268201163261492,0.268201163261492
hoptimus1,LYMPH_IDC,2,ycentered_f64,14976,4988,1,PDZK1IP1,0.2882083219950986,-2.060707873975928,0.3588209726949959,0.6012259018453763,0.15914885598177325,0.3350965367800253,0.34239543766588226,0.7430626298659123,0.7430626298659123
hoptimus1,LYMPH_IDC,2,ycentered_f64,14976,4988,1,POLD3,0.4731164948200396,-0.8473562765504785,1.178302389226721,0.25790378727063906,1.044041247824812,0.12244919263610611,0.7986436609725379,0.2584769170826826,0.2584769170826826
hoptimus1,LYMPH_IDC,2,ycentered_f64,14976,4988,1,PTRH2,0.5044386880233492,-1.7387596989185883,2.2133532642659706,0.28845494589151377,1.513461611896108,0.12152109602470275,0.8989766332493652,0.36156865935295057,0.36156865935295057
hoptimus1,LYMPH_IDC,2,ycentered_f64,14976,4988,1,QSOX1,0.5537284284560503,-1.684368822070907,2.5207045984699783,0.46205799179258006,1.7825931653368445,0.18192537875842535,0.9690359381848236,0.49614254412297,0.49614254412297
hoptimus1,LYMPH_IDC,2,ycentered_f64,14976,4988,1,RAB38,0.3117913941886375,-0.7298360187776258,0.2951768576234639,0.5649843792961063,0.2459493605920383,0.3271476392388432,0.4130842956952027,0.719991198541899,0.719991198541899
hoptimus1,LYMPH_IDC,2,ycentered_f64,14976,4988,1,RSAD2,0.1654479395148548,-0.570920531065154,0.6711708710645035,0.09625571941535589,0.6006340431803785,0.0731929092426764,0.653641235208744,0.10765359249825661,0.10765359249825661
hoptimus1,LYMPH_IDC,2,ycentered_f64,14976,4988,1,RSF1,0.5109018370223349,-2.0242654910615223,2.885083238261041,0.37579849759026784,1.813569457605541,0.16295976550567717,0.9767180571806834,0.4285633227923233,0.42856332279232323
hoptimus1,LYMPH_IDC,2,ycentered_f64,14976,4988,1,SCRN1,0.37579971317947136,-0.7394101329990508,1.0282728878685234,0.2693063268302239,0.970072889815547,0.1171147786441342,0.7688704936791797,0.2596471238817669,0.2596471238817669
hoptimus1,LYMPH_IDC,2,ycentered_f64,14976,4988,1,SERPINI1,0.3218340285412487,0.09972907035654588,0.23245937261777094,0.3535503737553284,0.3548692570463026,0.19503208752332457,0.5081441350087109,0.40312994548525566,0.40312994548525566
hoptimus1,LYMPH_IDC,2,ycentered_f64,14976,4988,1,SHANK2,0.4810446091044813,-0.47650476889860016,0.8579109298414999,0.21386614003748536,0.8239102982576121,0.1687657993237903,0.7622609528136798,0.2635860428309593,0.2635860428309593
hoptimus1,LYMPH_IDC,2,ycentered_f64,14976,4988,1,SNCG,0.1660616546283953,-0.7954452883717422,0.2703010015812773,0.4881611545513062,0.21296522033243248,0.2839131492071359,0.3880053730151076,0.7175940266117837,0.7175940266117836
hoptimus1,LYMPH_IDC,2,ycentered_f64,14976,4988,1,SPP1,0.4569967077395048,-0.16047116066583955,1.1159167045966003,0.5412981242480326,1.1339586921090017,0.3857580926051025,0.9806154090758776,0.7124436512493935,0.7124436512493935
hoptimus1,LYMPH_IDC,2,ycentered_f64,14976,4988,1,TCF7,0.18687925135031092,-0.11123272129668171,0.301876270330754,0.24125376108187754,0.4334502166619565,0.14998889004675198,0.5212090851627831,0.18933362843325505,0.18933362843325505
hoptimus1,LYMPH_IDC,2,ycentered_f64,14976,4988,1,TMEM64,0.0006974481972341935,-0.4525024298987801,0.2562551527310413,0.43376416532839623,0.2736195235990388,0.23307119896674405,0.4200276394810663,0.35677948473101,0.3567794847310099
hoptimus1,LYMPH_IDC,2,ycentered_f64,14976,4988,1,ZMAT5,0.34729867800120534,-0.6550497380867046,0.9030273376205419,0.2207763531525822,0.8492453478772638,0.0884726309564028,0.7386605823536806,0.2362014414089867,0.23620144140898672
hoptimus1,LYMPH_IDC,3,nointercept_f64,14972,4992,1,AAMDC,0.3173405026692117,-1.2426982465455279,0.5108254792705923,0.25715527612829303,0.389548438290755,0.6885396697239036,0.4772554030956961,6.074637334844565e-17,0.9190749148936505
hoptimus1,LYMPH_IDC,3,nointercept_f64,14972,4992,1,AKR1E2,0.32308854618540916,-0.4180298157895479,0.29898376649155245,0.24509955929450336,0.3496513858628579,0.46334319074982755,0.4591780539051601,3.0373186674222827e-17,0.5010680840546009
hoptimus1,LYMPH_IDC,3,nointercept_f64,14972,4992,1,ANKS1B,0.22492738051158462,-0.4993019094722657,0.20135393870010856,0.10258626446600151,0.2134701376542067,0.33053081395191003,0.3664675439776099,-1.366793400340027e-16,0.521703519526249
hoptimus1,LYMPH_IDC,3,nointercept_f64,14972,4992,1,ANO8,0.2362687757331801,-0.897877303236758,0.3171203660683549,0.16697678170448707,0.2701619820526013,0.48220692972765294,0.40876904558714916,3.0373186674222827e-17,0.6581770001552082
hoptimus1,LYMPH_IDC,3,nointercept_f64,14972,4992,1,AREG,0.059264976208779956,-1.5052481188490132,0.14445668411097914,-0.17556595772829495,0.08265138025849293,0.15678431407437865,0.240128356539779,-1.0630615335977988e-16,0.4255994033469512
hoptimus1,LYMPH_IDC,3,nointercept_f64,14972,4992,1,CCL28,0.1543934568843194,-0.5587935681421525,0.18194396615131928,0.005103106932508731,0.17480863143618292,0.25075098302101745,0.34164457286408995,-1.8223912004533694e-16,0.45340140740756135
hoptimus1,LYMPH_IDC,3,nointercept_f64,14972,4992,1,CCNO,0.23919576004256338,-0.40027298510694287,0.12756572290902915,0.1029640684329198,0.1362044940201136,0.27362226194674055,0.3018287757266608,-3.0373186674222827e-17,0.28076128341156054
hoptimus1,LYMPH_IDC,3,nointercept_f64,14972,4992,1,CD22,0.45544581542715873,-0.15029593324589707,0.26402208419011586,-0.061225140529381696,0.2239486499188038,0.24618589441208,0.47908804673803307,-5.315307667988994e-17,0.4802179634172968
hoptimus1,LYMPH_IDC,3,nointercept_f64,14972,4992,1,CD72,0.3354334762206712,-0.20361190195394396,0.17058758257579085,-0.006611820224278961,0.18441001602854484,0.21746906756438525,0.37647008370411,-3.4169835008500674e-17,0.5226869894449895
hoptimus1,LYMPH_IDC,3,nointercept_f64,14972,4992,1,CLNS1A,0.15586342939802195,-0.32007149607283214,0.15824709655530345,0.09289142792214897,0.18823250258962312,0.23338572208856564,0.34623354984729116,4.5559780011334234e-17,0.2758398476590965
hoptimus1,LYMPH_IDC,3,nointercept_f64,14972,4992,1,CROT,0.6395488164691208,-1.856557946186876,1.7449072870406621,0.06568295534723367,1.1854334552414143,0.13919351881173064,0.7815642017452674,-3.9864807509917454e-17,0.18054523754336443
hoptimus1,LYMPH_IDC,3,nointercept_f64,14972,4992,1,CSTA,0.03842047398699059,-1.9849801684404227,1.6681674203302934,0.029220056151160006,1.082079836477836,0.06903155800287078,0.7475652278834438,-1.3288269169972485e-17,0.1168154014039097
hoptimus1,LYMPH_IDC,3,nointercept_f64,14972,4992,1,CXCL10,0.18231864325129446,-0.8766349850963229,0.5260630804939209,-0.1152416268455408,0.37885517230591714,0.20106104306565878,0.5294549435401763,5.315307667988994e-17,0.37020826290356357
hoptimus1,LYMPH_IDC,3,nointercept_f64,14972,4992,1,CXCL11,0.16846551622913217,-0.7172710764219743,0.399689220649337,-0.08005915969366811,0.32902446871575636,0.1600052704719453,0.48243831312959873,4.5559780011334234e-17,0.24613281336819268
hoptimus1,LYMPH_IDC,3,nointercept_f64,14972,4992,1,CYP4Z1,0.4776182745370273,-0.1915024706608588,0.3995138294405388,0.23475596679061375,0.5689866692305375,0.44683105757306585,0.5790531587479564,-1.518659333711141e-16,0.6550236372204984
hoptimus1,LYMPH_IDC,3,nointercept_f64,14972,4992,1,DAPK1,0.14739807220774298,-0.6298182791834668,0.28355734060916865,0.03767703179999325,0.2848561456761299,0.29008311559092215,0.41711024316256423,6.074637334844565e-17,0.5029039538514954
hoptimus1,LYMPH_IDC,3,nointercept_f64,14972,4992,1,EPHB3,0.2503001245311296,-0.5679516092354668,0.3121192715249628,0.02794464343613884,0.3299398098905117,0.29695196362517384,0.44616342431616557,7.593296668555705e-17,0.5323136595045218
hoptimus1,LYMPH_IDC,3,nointercept_f64,14972,4992,1,FABP4,0.4311168929627086,-0.11050018434300224,0.2130072366549829,-0.04228343576218373,0.19150447129057005,0.2356000625168235,0.43796344339905524,6.074637334844565e-17,0.36885971042710514
hoptimus1,LYMPH_IDC,3,nointercept_f64,14972,4992,1,GTPBP3,0.17581779742444065,-0.7361129101634627,0.23131964301798988,0.11392659282924378,0.21130885527684137,0.3686685842946231,0.3650205149137212,6.074637334844565e-17,0.5338354214225706
hoptimus1,LYMPH_IDC,3,nointercept_f64,14972,4992,1,HAAO,0.11779743223619009,-2.2007925716517094,1.6985557660510153,-0.007095278299518075,1.0769942505046344,0.08725436339950607,0.7284691084387435,1.3288269169972485e-17,0.16550515486599768
hoptimus1,LYMPH_IDC,3,nointercept_f64,14972,4992,1,HAUS8,0.28737545318054747,-0.5391418639371683,0.3138102008435785,0.18241511044827766,0.3262078755845626,0.45546823700184413,0.4515378938635571,6.074637334844565e-17,0.5703570831595912
hoptimus1,LYMPH_IDC,3,nointercept_f64,14972,4992,1,IFI44L,0.2192271120563007,-1.1057575235235189,0.4624889224942842,-0.08311206508297649,0.3515172468450589,0.3567308033444467,0.4686476967888183,6.074637334844565e-17,0.7798042414884595
hoptimus1,LYMPH_IDC,3,nointercept_f64,14972,4992,1,IFIT2,0.1351432646741655,-0.37911474099770714,0.15412819396339006,-0.012571995040585775,0.15145381931693125,0.1774893489217111,0.33430343918019656,3.0373186674222827e-17,0.2410432625957074
hoptimus1,LYMPH_IDC,3,nointercept_f64,14972,4992,1,IGHV3-11,0.3072077280782741,-0.6580144205369007,0.9008581575366537,0.11989155043110691,0.6722965913418776,0.5483931402828115,0.7371129751988882,-1.214927466968913e-16,0.9410286858825164
hoptimus1,LYMPH_IDC,3,nointercept_f64,14972,4992,1,IGHV6-1,0.08044923692646432,-1.1639627029210695,2.2107717809255942,-0.07627463566106475,1.0165521463809104,0.11981531975676793,1.0107577282442137,-3.0373186674222827e-17,0.1966959739986219
hoptimus1,LYMPH_IDC,3,nointercept_f64,14972,4992,1,IGLV9-49,0.17011755588789695,-0.7283341420132798,1.879834525847216,0.10734325343530896,0.9278579574460403,0.5652442685416487,1.0429078977043418,1.214927466968913e-16,0.8186014908187503
hoptimus1,LYMPH_IDC,3,nointercept_f64,14972,4992,1,MAPK8IP2,0.1555713461884546,-0.7095507957338896,0.09797498599052067,0.12984600525863102,0.08226090832016407,0.23671074222200456,0.2393958405064067,7.593296668555707e-18,0.243268699353626
hoptimus1,LYMPH_IDC,3,nointercept_f64,14972,4992,1,MX1,0.3139211597906084,-0.7799380015710791,0.5474665263659555,-0.026337948141539655,0.46001231350386756,0.3575776728685546,0.5545955078312403,3.0373186674222827e-17,0.7234959596304724
hoptimus1,LYMPH_IDC,3,nointercept_f64,14972,4992,1,MX2,0.15787568821451498,-0.7341119861685099,0.2898976734524068,-0.036590816119315174,0.2600945958342308,0.26170172055962365,0.4088686336566072,3.0373186674222827e-17,0.4863624918629644
hoptimus1,LYMPH_IDC,3,nointercept_f64,14972,4992,1,MYH11,0.24111953709016962,-0.5612288070374198,0.442107512375926,0.040683094969094925,0.45908070866687173,0.1466248962564927,0.5321458373173624,-3.796648334277853e-18,0.19434767787927235
hoptimus1,LYMPH_IDC,3,nointercept_f64,14972,4992,1,NARS2,0.2603765654600202,-0.3796849871650936,0.2798155334250224,0.15325083004484702,0.33448687181449854,0.35789949376924973,0.45034561731514333,3.0373186674222827e-17,0.4250235518063895
hoptimus1,LYMPH_IDC,3,nointercept_f64,14972,4992,1,NUDT1,0.23424425122464676,-0.1998791258384045,0.20061213629776292,0.09361982092625877,0.26889752119015425,0.20473140555490943,0.4088931662494323,3.0373186674222827e-17,0.25946153520805265
hoptimus1,LYMPH_IDC,3,nointercept_f64,14972,4992,1,OASL,0.1314692596939321,-0.3591377890702645,0.1155038928703528,-0.04220780457021578,0.11538927615261994,0.12289943531146491,0.29151879961995414,4.5559780011334234e-17,0.2005997242342811
hoptimus1,LYMPH_IDC,3,nointercept_f64,14972,4992,1,PARD6B,0.21493586116363195,-1.965592840459895,0.7289794904902331,-0.2749370749388065,0.416380652345908,0.23541588262595503,0.49579471454714813,-6.074637334844565e-17,0.8273297506572408
hoptimus1,LYMPH_IDC,3,nointercept_f64,14972,4992,1,PATZ1,0.14739312773984717,-0.8433418314258383,0.223990663556623,0.16196122855550227,0.1901090684800576,0.37437299622114606,0.34858766783317924,-1.5186593337111413e-17,0.5219841386556562
hoptimus1,LYMPH_IDC,3,nointercept_f64,14972,4992,1,PDZK1IP1,0.5741874230683581,-2.539758235793887,2.7496402183261135,0.0009870695668184734,1.459987810215889,0.1894096551287976,0.8813555330499401,-8.352626335411276e-17,0.30948980028795553
hoptimus1,LYMPH_IDC,3,nointercept_f64,14972,4992,1,POLD3,0.2959580479690811,-0.40627575518171,0.29045457277440523,0.10748402553611232,0.3443561358234057,0.3487364806519247,0.4544685810966504,1.5186593337111413e-17,0.4915577227057157
hoptimus1,LYMPH_IDC,3,nointercept_f64,14972,4992,1,PTRH2,0.34080988893358755,-0.5164212196364004,0.3844938739050349,0.18851491912038404,0.43938448709937244,0.4837902743146194,0.5035409394531594,9.111956002266847e-17,0.7193822737782198
hoptimus1,LYMPH_IDC,3,nointercept_f64,14972,4992,1,QSOX1,0.24097823747885572,-0.9861391601142395,0.45535451325888004,0.1098771229903092,0.4073687016677398,0.5038439952030247,0.4788174677771726,1.214927466968913e-16,0.9543294744029136
hoptimus1,LYMPH_IDC,3,nointercept_f64,14972,4992,1,RAB38,0.2337304086544697,-1.0364569942847695,0.3340450549178159,-0.13709089366998958,0.25691343944233197,0.24872222963346044,0.4050092124762168,0.0,0.7164621767499629
hoptimus1,LYMPH_IDC,3,nointercept_f64,14972,4992,1,RSAD2,0.10389008053349175,-0.6021171170326618,0.14427497418990234,-0.04702929746896871,0.12705370277548447,0.18893968669633174,0.3000878226475364,1.0630615335977988e-16,0.26542417341586966
hoptimus1,LYMPH_IDC,3,nointercept_f64,14972,4992,1,RSF1,0.30888778287324514,-0.7868648672194385,0.4660442759636796,0.21979412634757536,0.4834541170260845,0.5584938559178699,0.5107022064017884,9.111956002266847e-17,0.8716835308896644
hoptimus1,LYMPH_IDC,3,nointercept_f64,14972,4992,1,SCRN1,0.32885290154913877,-0.4812358380332782,0.396174622654099,0.12842557728466078,0.49331103413341904,0.3265824267468444,0.5171674951328871,4.5559780011334234e-17,0.4184203993627613
hoptimus1,LYMPH_IDC,3,nointercept_f64,14972,4992,1,SERPINI1,0.1475552882340955,-0.7570811331696023,0.17292229641418874,-0.013458506038917833,0.14861902265021434,0.27074768604781674,0.3137108860917796,5.315307667988994e-17,0.47191128484265804
hoptimus1,LYMPH_IDC,3,nointercept_f64,14972,4992,1,SHANK2,0.2280058838504302,-0.7265139733782193,0.19730995889131103,0.08483944134992472,0.1732497180883701,0.36195160055951,0.33805662724075586,0.0,0.48038114830672407
hoptimus1,LYMPH_IDC,3,nointercept_f64,14972,4992,1,SNCG,0.0175372847167808,-2.2730752657007267,0.8323965527830267,-0.3073123501724142,0.42285861667150104,0.22099674158554572,0.5042978776170074,4.5559780011334234e-17,0.6477456884272048
hoptimus1,LYMPH_IDC,3,nointercept_f64,14972,4992,1,SPP1,0.4065063304949187,-0.1333627791988763,0.7402349826798679,0.23098414468129866,0.6436540131958631,0.48579902606408715,0.808165542878865,1.518659333711141e-16,0.8758095941408541
hoptimus1,LYMPH_IDC,3,nointercept_f64,14972,4992,1,TCF7,0.35621547970661893,-0.14760668992514248,0.17119627504185234,-0.012146933947291194,0.18444233979934302,0.18555246837880715,0.38623410488346177,1.5186593337111413e-17,0.27229320998182915
hoptimus1,LYMPH_IDC,3,nointercept_f64,14972,4992,1,TMEM64,0.08082662097447592,-0.30961276008090244,0.1842494045027744,0.10317967925785197,0.2224805269103784,0.20423030651679377,0.375086641678141,-9.111956002266847e-17,0.37385258861254345
hoptimus1,LYMPH_IDC,3,nointercept_f64,14972,4992,1,ZMAT5,0.25671763368131373,-0.4102699532675964,0.2896973296167439,0.09058679970516839,0.3411482842877889,0.30352777959859556,0.4532325784039024,6.074637334844565e-17,0.4054485938143291
hoptimus1,LYMPH_IDC,3,intercept_f64,14972,4992,1,AAMDC,0.3173405026692122,-3.882787152991333,1.1121657099634485,1.176230191021952,0.389548438290755,0.6885396697239077,0.4772554030956961,0.91907491489365,0.9190749148936505
hoptimus1,LYMPH_IDC,3,intercept_f64,14972,4992,1,AKR1E2,0.3230885461854097,-1.1118779754015904,0.44527782450367837,0.7461676433491087,0.3496513858628579,0.46334319074982977,0.4591780539051601,0.5010680840546006,0.5010680840546009
hoptimus1,LYMPH_IDC,3,intercept_f64,14972,4992,1,ANKS1B,0.224927380511585,-1.664449652527709,0.3578314871842122,0.6242897839922552,0.2134701376542067,0.3305308139519125,0.3664675439776099,0.5217035195262487,0.521703519526249
hoptimus1,LYMPH_IDC,3,intercept_f64,14972,4992,1,ANO8,0.23626877573318059,-2.6775464450526676,0.614489078350601,0.8251537818597009,0.2701619820526013,0.4822069297276557,0.40876904558714916,0.6581770001552079,0.6581770001552082
hoptimus1,LYMPH_IDC,3,intercept_f64,14972,4992,1,AREG,0.059264976208780774,-0.8347946572989506,0.10579724627823212,0.2500334456186604,0.08265138025849293,0.15678431407437907,0.240128356539779,0.4255994033469512,0.4255994033469512
hoptimus1,LYMPH_IDC,3,intercept_f64,14972,4992,1,CCL28,0.15439345688432082,-1.0015877753222409,0.23362735508087076,0.4585045143400744,0.17480863143618292,0.25075098302101934,0.34164457286408995,0.45340140740756113,0.45340140740756135
hoptimus1,LYMPH_IDC,3,intercept_f64,14972,4992,1,CCNO,0.23919576004256352,-1.0606598832798877,0.18772737207392343,0.3837253518444829,0.1362044940201136,0.27362226194674183,0.3018287757266608,0.2807612834115603,0.28076128341156054
hoptimus1,LYMPH_IDC,3,intercept_f64,14972,4992,1,CD22,0.455445815427158,0.03827522074004808,0.2207402228407359,0.41899282288791995,0.2239486499188038,0.24618589441207958,0.47908804673803307,0.4802179634172969,0.4802179634172968
hoptimus1,LYMPH_IDC,3,intercept_f64,14972,4992,1,CD72,0.3354334762206702,-0.7222923162043209,0.24410001449237662,0.5160751692207156,0.18441001602854484,0.21746906756438497,0.37647008370411,0.5226869894449895,0.5226869894449895
hoptimus1,LYMPH_IDC,3,intercept_f64,14972,4992,1,CLNS1A,0.15586342939802256,-0.5160203022931722,0.18173698308803696,0.36873127558124796,0.18823250258962312,0.23338572208856673,0.34623354984729116,0.27583984765909636,0.2758398476590965
hoptimus1,LYMPH_IDC,3,intercept_f64,14972,4992,1,CROT,0.6395488164691219,-1.2479974818322752,1.373172629854848,0.24622819289059977,1.1854334552414143,0.13919351881173161,0.7815642017452674,0.18054523754336435,0.18054523754336443
hoptimus1,LYMPH_IDC,3,intercept_f64,14972,4992,1,CSTA,0.03842047398699758,-1.5692459456196484,1.4358327826136565,0.14603545755507083,1.082079836477836,0.06903155800287078,0.7475652278834438,0.11681540140390967,0.1168154014039097
hoptimus1,LYMPH_IDC,3,intercept_f64,14972,4992,1,CXCL10,0.18231864325129654,-0.060491981500058634,0.29727980297585055,0.2549666360580261,0.37885517230591714,0.20106104306565922,0.5294549435401763,0.37020826290356346,0.37020826290356357
hoptimus1,LYMPH_IDC,3,intercept_f64,14972,4992,1,CXCL11,0.16846551622913383,-0.11233690894867587,0.25889277373931774,0.16607365367452678,0.32902446871575636,0.16000527047194557,0.48243831312959873,0.2461328133681925,0.24613281336819268
hoptimus1,LYMPH_IDC,3,intercept_f64,14972,4992,1,CYP4Z1,0.4776182745370281,-0.16525138736723322,0.39071177399219215,0.889779604011118,0.5689866692305375,0.446831057573069,0.5790531587479564,0.6550236372204982,0.6550236372204984
hoptimus1,LYMPH_IDC,3,intercept_f64,14972,4992,1,DAPK1,0.1473980722077431,-0.6545202900733369,0.28785502005300184,0.5405809856514933,0.2848561456761299,0.290083115590924,0.41711024316256423,0.5029039538514951,0.5029039538514954
hoptimus1,LYMPH_IDC,3,intercept_f64,14972,4992,1,EPHB3,0.2503001245311311,-0.3762801178123052,0.27396479920405314,0.5602583029406655,0.3299398098905117,0.2969519636251757,0.44616342431616557,0.5323136595045216,0.5323136595045218
hoptimus1,LYMPH_IDC,3,intercept_f64,14972,4992,1,FABP4,0.43111689296270783,0.07933359894665193,0.17659484323767524,0.3265762746649247,0.19150447129057005,0.23560006251682242,0.43796344339905524,0.36885971042710514,0.36885971042710514
hoptimus1,LYMPH_IDC,3,intercept_f64,14972,4992,1,GTPBP3,0.1758177974244411,-2.0946245217353705,0.4123276979578151,0.6477620142518193,0.21130885527684137,0.36866858429462523,0.3650205149137212,0.5338354214225702,0.5338354214225706
hoptimus1,LYMPH_IDC,3,intercept_f64,14972,4992,1,HAAO,0.11779743223619721,-1.5761961612876885,1.367102911631552,0.15840987656648112,1.0769942505046344,0.08725436339950601,0.7284691084387435,0.16550515486599762,0.16550515486599768
hoptimus1,LYMPH_IDC,3,intercept_f64,14972,4992,1,HAUS8,0.28737545318054847,-1.3301740419220462,0.47509095894873354,0.7527721936078737,0.3262078755845626,0.4554682370018466,0.4515378938635571,0.5703570831595908,0.5703570831595912
hoptimus1,LYMPH_IDC,3,intercept_f64,14972,4992,1,IFI44L,0.2192271120563014,-0.7881474702955651,0.39273201570429495,0.6966921764054902,0.3515172468450589,0.3567308033444474,0.4686476967888183,0.7798042414884593,0.7798042414884595
hoptimus1,LYMPH_IDC,3,intercept_f64,14972,4992,1,IFIT2,0.13514326467416604,-0.19145361343746492,0.1331554135208659,0.22847126755512384,0.15145381931693125,0.1774893489217119,0.33430343918019656,0.2410432625957073,0.2410432625957074
hoptimus1,LYMPH_IDC,3,intercept_f64,14972,4992,1,IGHV3-11,0.30720772807827323,-0.37435362356193536,0.7467351657441592,1.0609202363136319,0.6722965913418776,0.5483931402828146,0.7371129751988882,0.9410286858825159,0.9410286858825164
hoptimus1,LYMPH_IDC,3,intercept_f64,14972,4992,1,IGHV6-1,0.0804492369264667,-0.7810261245460439,1.8195518305018055,0.12042133833755905,1.0165521463809104,0.1198153197567679,1.0107577282442137,0.19669597399862185,0.1966959739986219
hoptimus1,LYMPH_IDC,3,intercept_f64,14972,4992,1,IGLV9-49,0.1701175558878985,-0.10935151102221785,1.2065938067341146,0.9259447442540665,0.9278579574460403,0.5652442685416508,1.0429078977043418,0.81860149081875,0.8186014908187503
hoptimus1,LYMPH_IDC,3,intercept_f64,14972,4992,1,MAPK8IP2,0.15557134618845486,-2.1461423164492284,0.18030657535740097,0.3731147046122592,0.08226090832016407,0.2367107422220057,0.2393958405064067,0.2432686993536258,0.243268699353626
hoptimus1,LYMPH_IDC,3,intercept_f64,14972,4992,1,MX1,0.31392115979060975,-0.1937466505094172,0.36716803143622695,0.6971580114889395,0.46001231350386756,0.35757767286855696,0.5545955078312403,0.7234959596304722,0.7234959596304724
hoptimus1,LYMPH_IDC,3,intercept_f64,14972,4992,1,MX2,0.1578756882145149,-0.42278979412287754,0.23785283442932764,0.44977167574365384,0.2600945958342308,0.26170172055962465,0.4088686336566072,0.4863624918629642,0.4863624918629644
hoptimus1,LYMPH_IDC,3,intercept_f64,14972,4992,1,MYH11,0.2411195370901699,-0.1203129740304636,0.3172493229682074,0.23503077284836912,0.45908070866687173,0.1466248962564925,0.5321458373173624,0.19434767787927232,0.19434767787927235
hoptimus1,LYMPH_IDC,3,intercept_f64,14972,4992,1,NARS2,0.26037656546002097,-0.5107716849715811,0.30640138063860656,0.5782743818512401,0.33448687181449854,0.35789949376925145,0.45034561731514333,0.4250235518063893,0.4250235518063895
hoptimus1,LYMPH_IDC,3,intercept_f64,14972,4992,1,NUDT1,0.2342442512246476,-0.05851395924168745,0.17697678215386903,0.3530813561343138,0.26889752119015425,0.2047314055549105,0.4088931662494323,0.2594615352080525,0.25946153520805265
hoptimus1,LYMPH_IDC,3,intercept_f64,14972,4992,1,OASL,0.13146925969393225,-0.08864185982113626,0.09251628036696545,0.1583919196640672,0.11538927615261994,0.12289943531146513,0.29151879961995414,0.20059972423428105,0.2005997242342811
hoptimus1,LYMPH_IDC,3,intercept_f64,14972,4992,1,PARD6B,0.21493586116363878,-0.09660278350629659,0.2695585609340165,0.5523926757184424,0.416380652345908,0.23541588262595714,0.49579471454714813,0.8273297506572407,0.8273297506572408
hoptimus1,LYMPH_IDC,3,intercept_f64,14972,4992,1,PATZ1,0.14739312773984747,-2.8437966350811488,0.4670726526086435,0.6839453672111634,0.1901090684800576,0.37437299622114834,0.34858766783317924,0.521984138655656,0.5219841386556562
hoptimus1,LYMPH_IDC,3,intercept_f64,14972,4992,1,PDZK1IP1,0.5741874230683607,-1.5004679786835902,1.9423324591214661,0.31047686985477685,1.459987810215889,0.189409655128799,0.8813555330499401,0.30948980028795536,0.30948980028795553
hoptimus1,LYMPH_IDC,3,intercept_f64,14972,4992,1,POLD3,0.29595804796908215,-0.44867089821529804,0.2992109373153978,0.5990417482418323,0.3443561358234057,0.3487364806519266,0.4544685810966504,0.49155772270571535,0.4915577227057157
hoptimus1,LYMPH_IDC,3,intercept_f64,14972,4992,1,PTRH2,0.3408098889335884,-1.1339186279712652,0.5410624892623955,0.9078971928986105,0.43938448709937244,0.48379027431462235,0.5035409394531594,0.7193822737782195,0.7193822737782198
hoptimus1,LYMPH_IDC,3,intercept_f64,14972,4992,1,QSOX1,0.2409782374788564,-2.4819323933397963,0.7982892951359833,1.0642065973932315,0.4073687016677398,0.5038439952030286,0.4788174677771726,0.954329474402913,0.9543294744029136
hoptimus1,LYMPH_IDC,3,intercept_f64,14972,4992,1,RAB38,0.23373040865447187,-0.7239557192122927,0.282784701329973,0.5793712830799801,0.25691343944233197,0.248722229633463,0.4050092124762168,0.7164621767499628,0.7164621767499629
hoptimus1,LYMPH_IDC,3,intercept_f64,14972,4992,1,RSAD2,0.10389008053349269,-0.3582412450109034,0.1223132931321237,0.21839487594690338,0.12705370277548447,0.18893968669633227,0.3000878226475364,0.2654241734158695,0.26542417341586966
hoptimus1,LYMPH_IDC,3,intercept_f64,14972,4992,1,RSF1,0.30888778287324575,-1.9377727061711818,0.7662203107300055,1.0914776572372473,0.4834541170260845,0.5584938559178735,0.5107022064017884,0.871683530889664,0.8716835308896644
hoptimus1,LYMPH_IDC,3,intercept_f64,14972,4992,1,SCRN1,0.3288529015491398,0.0058438232107563826,0.26589921610435113,0.546845976647426,0.49331103413341904,0.3265824267468461,0.5171674951328871,0.41842039936276104,0.4184203993627613
hoptimus1,LYMPH_IDC,3,intercept_f64,14972,4992,1,SERPINI1,0.14755528823409622,-1.4655927543108036,0.24265012756041857,0.4584527788037446,0.14861902265021434,0.2707476860478188,0.3137108860917796,0.47191128484265793,0.47191128484265804
hoptimus1,LYMPH_IDC,3,intercept_f64,14972,4992,1,SHANK2,0.22800588385043088,-2.0025191687113133,0.3431347460163431,0.5652205896566531,0.1732497180883701,0.3619516005595123,0.33805662724075586,0.48038114830672374,0.48038114830672407
hoptimus1,LYMPH_IDC,3,intercept_f64,14972,4992,1,SNCG,0.017537284716787373,-0.2033864092601152,0.3060408384833196,0.34043333825479666,0.42285861667150104,0.22099674158554494,0.5042978776170074,0.6477456884272048,0.6477456884272048
hoptimus1,LYMPH_IDC,3,intercept_f64,14972,4992,1,SPP1,0.4065063304949205,-0.20103978153062663,0.7844369677532439,1.1067937388221607,0.6436540131958631,0.4857990260640892,0.808165542878865,0.8758095941408541,0.8758095941408541
hoptimus1,LYMPH_IDC,3,intercept_f64,14972,4992,1,TCF7,0.35621547970661904,0.07304598643464166,0.13828001845112572,0.2601462760345405,0.18444233979934302,0.18555246837880662,0.38623410488346177,0.27229320998182915,0.27229320998182915
hoptimus1,LYMPH_IDC,3,intercept_f64,14972,4992,1,TMEM64,0.08082662097447613,-0.6690121531641606,0.23481330107794074,0.4770322678703988,0.2224805269103784,0.20423030651679497,0.375086641678141,0.3738525886125432,0.37385258861254345
hoptimus1,LYMPH_IDC,3,intercept_f64,14972,4992,1,ZMAT5,0.2567176336813145,-0.22143203895109353,0.2509062886666528,0.49603539351950104,0.3411482842877889,0.30352777959859706,0.4532325784039024,0.4054485938143288,0.4054485938143291
hoptimus1,LYMPH_IDC,3,ycentered_f64,14972,4992,1,AAMDC,0.31734050266921227,-3.8827871529913365,1.1121657099634494,1.1762301910219521,0.389548438290755,0.6885396697239077,0.4772554030956961,0.9190749148936505,0.9190749148936505
hoptimus1,LYMPH_IDC,3,ycentered_f64,14972,4992,1,AKR1E2,0.32308854618540966,-1.1118779754015926,0.4452778245036788,0.7461676433491091,0.3496513858628579,0.46334319074982977,0.4591780539051601,0.5010680840546009,0.5010680840546009
hoptimus1,LYMPH_IDC,3,ycentered_f64,14972,4992,1,ANKS1B,0.224927380511585,-1.6644496525277104,0.35783148718421237,0.6242897839922555,0.2134701376542067,0.3305308139519125,0.3664675439776099,0.5217035195262489,0.521703519526249
hoptimus1,LYMPH_IDC,3,ycentered_f64,14972,4992,1,ANO8,0.23626877573318064,-2.6775464450526716,0.6144890783506016,0.8251537818597015,0.2701619820526013,0.4822069297276559,0.40876904558714916,0.6581770001552083,0.6581770001552082
hoptimus1,LYMPH_IDC,3,ycentered_f64,14972,4992,1,AREG,0.05926497620878074,-0.8347946572989502,0.1057972462782321,0.2500334456186603,0.08265138025849293,0.15678431407437907,0.240128356539779,0.42559940334695107,0.4255994033469512
hoptimus1,LYMPH_IDC,3,ycentered_f64,14972,4992,1,CCL28,0.15439345688432082,-1.0015877753222404,0.2336273550808707,0.4585045143400744,0.17480863143618292,0.25075098302101934,0.34164457286408995,0.45340140740756124,0.45340140740756135
hoptimus1,LYMPH_IDC,3,ycentered_f64,14972,4992,1,CCNO,0.23919576004256354,-1.0606598832798877,0.18772737207392345,0.38372535184448314,0.1362044940201136,0.2736222619467419,0.3018287757266608,0.28076128341156054,0.28076128341156054
hoptimus1,LYMPH_IDC,3,ycentered_f64,14972,4992,1,CD22,0.45544581542715784,0.03827522074004808,0.2207402228407359,0.4189928228879198,0.2239486499188038,0.24618589441207958,0.47908804673803307,0.4802179634172967,0.4802179634172968
hoptimus1,LYMPH_IDC,3,ycentered_f64,14972,4992,1,CD72,0.33543347622067027,-0.7222923162043202,0.24410001449237653,0.5160751692207156,0.18441001602854484,0.217469067564385,0.37647008370411,0.5226869894449895,0.5226869894449895
hoptimus1,LYMPH_IDC,3,ycentered_f64,14972,4992,1,CLNS1A,0.15586342939802258,-0.5160203022931733,0.1817369830880371,0.3687312755812481,0.18823250258962312,0.23338572208856673,0.34623354984729116,0.2758398476590966,0.2758398476590965
hoptimus1,LYMPH_IDC,3,ycentered_f64,14972,4992,1,CROT,0.639548816469122,-1.2479974818322752,1.373172629854848,0.24622819289059983,1.1854334552414143,0.13919351881173161,0.7815642017452674,0.18054523754336438,0.18054523754336443
hoptimus1,LYMPH_IDC,3,ycentered_f64,14972,4992,1,CSTA,0.038420473986997404,-1.5692459456196484,1.4358327826136565,0.14603545755507083,1.082079836477836,0.06903155800287078,0.7475652278834438,0.1168154014039097,0.1168154014039097
hoptimus1,LYMPH_IDC,3,ycentered_f64,14972,4992,1,CXCL10,0.18231864325129654,-0.06049198150005841,0.2972798029758505,0.2549666360580263,0.37885517230591714,0.20106104306565922,0.5294549435401763,0.37020826290356357,0.37020826290356357
hoptimus1,LYMPH_IDC,3,ycentered_f64,14972,4992,1,CXCL11,0.1684655162291337,-0.11233690894867587,0.2588927737393177,0.16607365367452692,0.32902446871575636,0.16000527047194557,0.48243831312959873,0.24613281336819268,0.24613281336819268
hoptimus1,LYMPH_IDC,3,ycentered_f64,14972,4992,1,CYP4Z1,0.47761827453702804,-0.16525138736723366,0.3907117739921923,0.8897796040111183,0.5689866692305375,0.44683105757306907,0.5790531587479564,0.6550236372204983,0.6550236372204984
hoptimus1,LYMPH_IDC,3,ycentered_f64,14972,4992,1,DAPK1,0.14739807220774304,-0.6545202900733378,0.28785502005300195,0.5405809856514937,0.2848561456761299,0.290083115590924,0.41711024316256423,0.5029039538514954,0.5029039538514954
hoptimus1,LYMPH_IDC,3,ycentered_f64,14972,4992,1,EPHB3,0.25030012453113115,-0.3762801178123063,0.27396479920405337,0.5602583029406657,0.3299398098905117,0.2969519636251758,0.44616342431616557,0.5323136595045219,0.5323136595045218
hoptimus1,LYMPH_IDC,3,ycentered_f64,14972,4992,1,FABP4,0.4311168929627077,0.07933359894665182,0.17659484323767524,0.32657627466492484,0.19150447129057005,0.23560006251682236,0.43796344339905524,0.36885971042710525,0.36885971042710514
hoptimus1,LYMPH_IDC,3,ycentered_f64,14972,4992,1,GTPBP3,0.1758177974244411,-2.0946245217353727,0.4123276979578154,0.6477620142518195,0.21130885527684137,0.36866858429462523,0.3650205149137212,0.5338354214225707,0.5338354214225706
hoptimus1,LYMPH_IDC,3,ycentered_f64,14972,4992,1,HAAO,0.11779743223619704,-1.5761961612876885,1.3671029116315518,0.15840987656648117,1.0769942505046344,0.08725436339950603,0.7284691084387435,0.1655051548659977,0.16550515486599768
hoptimus1,LYMPH_IDC,3,ycentered_f64,14972,4992,1,HAUS8,0.2873754531805485,-1.3301740419220476,0.4750909589487338,0.7527721936078743,0.3262078755845626,0.4554682370018466,0.4515378938635571,0.5703570831595913,0.5703570831595912
hoptimus1,LYMPH_IDC,3,ycentered_f64,14972,4992,1,IFI44L,0.21922711205630144,-0.7881474702955669,0.3927320157042954,0.6966921764054904,0.3515172468450589,0.35673080334444746,0.4686476967888183,0.7798042414884595,0.7798042414884595
hoptimus1,LYMPH_IDC,3,ycentered_f64,14972,4992,1,IFIT2,0.1351432646741661,-0.1914536134374658,0.133155413520866,0.228471267555124,0.15145381931693125,0.17748934892171192,0.33430343918019656,0.2410432625957074,0.2410432625957074
hoptimus1,LYMPH_IDC,3,ycentered_f64,14972,4992,1,IGHV3-11,0.3072077280782731,-0.374353623561936,0.7467351657441597,1.0609202363136323,0.6722965913418776,0.5483931402828145,0.7371129751988882,0.9410286858825164,0.9410286858825164
hoptimus1,LYMPH_IDC,3,ycentered_f64,14972,4992,1,IGHV6-1,0.08044923692646667,-0.7810261245460439,1.8195518305018055,0.12042133833755904,1.0165521463809104,0.11981531975676792,1.0107577282442137,0.19669597399862185,0.1966959739986219
hoptimus1,LYMPH_IDC,3,ycentered_f64,14972,4992,1,IGLV9-49,0.17011755588789845,-0.10935151102221785,1.2065938067341146,0.9259447442540673,0.9278579574460403,0.5652442685416508,1.0429078977043418,0.8186014908187503,0.8186014908187503
hoptimus1,LYMPH_IDC,3,ycentered_f64,14972,4992,1,MAPK8IP2,0.15557134618845483,-2.146142316449232,0.18030657535740116,0.3731147046122594,0.08226090832016407,0.23671074222200578,0.2393958405064067,0.243268699353626,0.243268699353626
hoptimus1,LYMPH_IDC,3,ycentered_f64,14972,4992,1,MX1,0.3139211597906097,-0.1937466505094172,0.36716803143622695,0.6971580114889397,0.46001231350386756,0.357577672868557,0.5545955078312403,0.7234959596304725,0.7234959596304724
hoptimus1,LYMPH_IDC,3,ycentered_f64,14972,4992,1,MX2,0.15787568821451484,-0.422789794122878,0.23785283442932767,0.44977167574365384,0.2600945958342308,0.2617017205596247,0.4088686336566072,0.48636249186296443,0.4863624918629644
hoptimus1,LYMPH_IDC,3,ycentered_f64,14972,4992,1,MYH11,0.2411195370901699,-0.1203129740304636,0.3172493229682074,0.23503077284836912,0.45908070866687173,0.1466248962564925,0.5321458373173624,0.19434767787927235,0.19434767787927235
hoptimus1,LYMPH_IDC,3,ycentered_f64,14972,4992,1,NARS2,0.2603765654600209,-0.5107716849715822,0.3064013806386068,0.5782743818512404,0.33448687181449854,0.3578994937692516,0.45034561731514333,0.4250235518063895,0.4250235518063895
hoptimus1,LYMPH_IDC,3,ycentered_f64,14972,4992,1,NUDT1,0.23424425122464765,-0.05851395924168812,0.1769767821538691,0.35308135613431396,0.26889752119015425,0.20473140555491057,0.4088931662494323,0.25946153520805265,0.25946153520805265
hoptimus1,LYMPH_IDC,3,ycentered_f64,14972,4992,1,OASL,0.13146925969393225,-0.08864185982113626,0.09251628036696546,0.15839191966406727,0.11538927615261994,0.12289943531146513,0.29151879961995414,0.20059972423428113,0.2005997242342811
hoptimus1,LYMPH_IDC,3,ycentered_f64,14972,4992,1,PARD6B,0.21493586116363897,-0.09660278350629681,0.26955856093401653,0.5523926757184426,0.416380652345908,0.2354158826259572,0.49579471454714813,0.8273297506572408,0.8273297506572408
hoptimus1,LYMPH_IDC,3,ycentered_f64,14972,4992,1,PATZ1,0.14739312773984747,-2.8437966350811488,0.4670726526086435,0.6839453672111636,0.1901090684800576,0.37437299622114834,0.34858766783317924,0.5219841386556562,0.5219841386556562
hoptimus1,LYMPH_IDC,3,ycentered_f64,14972,4992,1,PDZK1IP1,0.5741874230683608,-1.5004679786835902,1.9423324591214661,0.310476869854777,1.459987810215889,0.189409655128799,0.8813555330499401,0.3094898002879555,0.30948980028795553
hoptimus1,LYMPH_IDC,3,ycentered_f64,14972,4992,1,POLD3,0.29595804796908226,-0.4486708982152987,0.2992109373153979,0.5990417482418327,0.3443561358234057,0.3487364806519267,0.4544685810966504,0.4915577227057158,0.4915577227057157
hoptimus1,LYMPH_IDC,3,ycentered_f64,14972,4992,1,PTRH2,0.34080988893358843,-1.133918627971266,0.5410624892623958,0.9078971928986107,0.43938448709937244,0.48379027431462235,0.5035409394531594,0.7193822737782198,0.7193822737782198
hoptimus1,LYMPH_IDC,3,ycentered_f64,14972,4992,1,QSOX1,0.24097823747885644,-2.4819323933398,0.7982892951359841,1.064206597393232,0.4073687016677398,0.5038439952030287,0.4788174677771726,0.9543294744029137,0.9543294744029136
hoptimus1,LYMPH_IDC,3,ycentered_f64,14972,4992,1,RAB38,0.23373040865447187,-0.723955719212293,0.282784701329973,0.5793712830799803,0.25691343944233197,0.24872222963346288,0.4050092124762168,0.7164621767499629,0.7164621767499629
hoptimus1,LYMPH_IDC,3,ycentered_f64,14972,4992,1,RSAD2,0.10389008053349265,-0.3582412450109036,0.12231329313212373,0.21839487594690354,0.12705370277548447,0.18893968669633227,0.3000878226475364,0.26542417341586977,0.26542417341586966
hoptimus1,LYMPH_IDC,3,ycentered_f64,14972,4992,1,RSF1,0.3088877828732457,-1.9377727061711854,0.7662203107300065,1.091477657237248,0.4834541170260845,0.5584938559178736,0.5107022064017884,0.8716835308896647,0.8716835308896644
hoptimus1,LYMPH_IDC,3,ycentered_f64,14972,4992,1,SCRN1,0.32885290154913976,0.0058438232107563826,0.26589921610435113,0.5468459766474263,0.49331103413341904,0.3265824267468462,0.5171674951328871,0.41842039936276143,0.4184203993627613
hoptimus1,LYMPH_IDC,3,ycentered_f64,14972,4992,1,SERPINI1,0.1475552882340962,-1.4655927543108032,0.24265012756041854,0.4584527788037446,0.14861902265021434,0.2707476860478187,0.3137108860917796,0.4719112848426581,0.47191128484265804
hoptimus1,LYMPH_IDC,3,ycentered_f64,14972,4992,1,SHANK2,0.22800588385043086,-2.0025191687113137,0.3431347460163431,0.5652205896566534,0.1732497180883701,0.36195160055951237,0.33805662724075586,0.48038114830672407,0.48038114830672407
hoptimus1,LYMPH_IDC,3,ycentered_f64,14972,4992,1,SNCG,0.017537284716787435,-0.20338640926011498,0.30604083848331953,0.3404333382547969,0.42285861667150104,0.22099674158554494,0.5042978776170074,0.6477456884272048,0.6477456884272048
hoptimus1,LYMPH_IDC,3,ycentered_f64,14972,4992,1,SPP1,0.4065063304949205,-0.20103978153062663,0.7844369677532438,1.1067937388221611,0.6436540131958631,0.4857990260640892,0.808165542878865,0.8758095941408542,0.8758095941408541
hoptimus1,LYMPH_IDC,3,ycentered_f64,14972,4992,1,TCF7,0.35621547970661904,0.07304598643464166,0.13828001845112572,0.2601462760345405,0.18444233979934302,0.1855524683788066,0.38623410488346177,0.27229320998182915,0.27229320998182915
hoptimus1,LYMPH_IDC,3,ycentered_f64,14972,4992,1,TMEM64,0.08082662097447611,-0.6690121531641622,0.234813301077941,0.4770322678703991,0.2224805269103784,0.204230306516795,0.375086641678141,0.37385258861254334,0.37385258861254345
hoptimus1,LYMPH_IDC,3,ycentered_f64,14972,4992,1,ZMAT5,0.2567176336813145,-0.22143203895109465,0.25090628866665304,0.49603539351950143,0.3411482842877889,0.3035277795985971,0.4532325784039024,0.4054485938143291,0.4054485938143291
hoptimus1,PAAD,0,nointercept_f64,5561,2010,1,ACE2,0.6525892963175691,0.25684699197018246,0.6200216419764525,0.44027621964080377,0.7883224705558511,0.4550686064418943,0.9134069345792629,-8.177438426298581e-17,0.6872617643185173
hoptimus1,PAAD,0,nointercept_f64,5561,2010,1,ACTA2,0.5325844328448103,-5.186714656023775,10.432706170260865,-0.2481150373702465,2.7882572817565197,0.6197966791733361,1.2985792081843808,-8.177438426298581e-17,3.8205983133286887
hoptimus1,PAAD,0,nointercept_f64,5561,2010,1,AIF1,0.5488751616167471,-4.107425057300893,7.494614377243963,0.7139649164292406,3.257264380668526,0.6952145239263532,1.211361159444179,4.088719213149291e-17,1.8489093243743506
hoptimus1,PAAD,0,nointercept_f64,5561,2010,1,ANPEP,0.7230565551125078,-1.9087589291344726,10.5355630443291,0.7854541010113811,3.7290367223730136,0.9986012855938935,1.9031587253251994,0.0,2.2139443222770288
hoptimus1,PAAD,0,nointercept_f64,5561,2010,1,BANK1,0.31315930954032123,-0.6927517637979608,0.9383676533059838,0.224920420560055,0.8703327716286503,0.38091011180067463,0.7445431577103204,-4.088719213149291e-17,0.8396039923582332
hoptimus1,PAAD,0,nointercept_f64,5561,2010,1,CCL19,0.4020301824506785,-0.4994079174749573,0.6906503756149293,-0.041171060801569376,0.5104540881232835,0.28674998400551993,0.6786865245669811,2.4276770328073913e-17,0.4144662975986277
hoptimus1,PAAD,0,nointercept_f64,5561,2010,1,CCL5,0.630824362617215,-1.4558560855333753,3.383195759076257,0.4817935414401001,2.0733023719408026,0.595857356615767,1.1737135198874291,-1.0221798032873227e-16,0.8981546289606546
hoptimus1,PAAD,0,nointercept_f64,5561,2010,1,CCR7,0.320538551804679,-0.642132496899052,0.8332193112938074,0.2168226582325017,0.8304201509822068,0.26639883219702254,0.7123207008895697,-5.1108990164366137e-17,0.5415054117897993
hoptimus1,PAAD,0,nointercept_f64,5561,2010,1,CD14,0.5189729349000192,-2.928213707555387,4.241890733301164,0.7516641451703426,2.6098554689492754,0.5375142457503621,1.0391594353868632,-4.088719213149291e-17,1.3522612272546224
hoptimus1,PAAD,0,nointercept_f64,5561,2010,1,CD19,0.2951700006167332,-0.27348646445525304,0.4075710119430953,0.18529406627681722,0.5149390567001418,0.24911646358621012,0.565723835552302,-5.1108990164366137e-17,0.4963843041112838
hoptimus1,PAAD,0,nointercept_f64,5561,2010,1,CD1A,0.18196856838981237,-0.420796624156238,0.4094532750747382,0.0736416756114966,0.4320813260861297,0.14596809241120942,0.5368293060087823,3.0665394098619683e-17,0.3270750325953568
hoptimus1,PAAD,0,nointercept_f64,5561,2010,1,CD1C,0.4167664209289533,-0.7243063824990481,1.3403360640195685,0.4231451482025242,1.2556007130229059,0.2963770111900476,0.8816569466806299,-3.0665394098619683e-17,0.5656685729696476
hoptimus1,PAAD,0,nointercept_f64,5561,2010,1,CD2,0.6626331187500376,-0.7854241037030765,1.9380532342070749,0.5202132791981431,1.6696703933364716,0.6013050012849279,1.0418666924108761,-1.0221798032873227e-16,1.084684022016136
hoptimus1,PAAD,0,nointercept_f64,5561,2010,1,CD27,0.4241711411804991,-0.9558049395981514,0.7700491759618939,-0.020676732581210455,0.6479323961248445,0.2773603096097334,0.6274750486351076,-1.533269704930984e-16,0.6088069195242327
hoptimus1,PAAD,0,nointercept_f64,5561,2010,1,CD3E,0.6791058366504521,-0.9317553744879981,1.9669850826873092,0.4879675774694477,1.6720611231244025,0.5577327259423377,1.0090773745155905,-1.124397783616055e-16,1.0874979922163082
hoptimus1,PAAD,0,nointercept_f64,5561,2010,1,CD79A,0.3993716835864184,-0.7336786625824052,1.106761593544795,0.07678167846398827,0.8310675725414979,0.35440630078302326,0.7989925648697935,-6.644168721367598e-17,0.7253277402755018
hoptimus1,PAAD,0,nointercept_f64,5561,2010,1,CD8A,0.5880822922739336,-0.6982179094630241,2.095869681003845,0.6578608040237035,1.7916125275602388,0.5972744020621255,1.1109267627637143,-2.0443596065746455e-16,1.0058598367671834
hoptimus1,PAAD,0,nointercept_f64,5561,2010,1,CDK1,0.27750103291629014,-3.611161060049856,2.263315655277727,-0.37069229176143553,0.9651065379232909,0.3554144656916024,0.7005956200514276,6.133078819723937e-17,1.272510277326749
hoptimus1,PAAD,0,nointercept_f64,5561,2010,1,CPA3,0.3391178400270054,-0.658786965516613,1.3171831463066452,0.4086457546481741,1.1817674021222697,0.43149496502677265,0.8911027327824707,5.1108990164366137e-17,1.0070023410420177
hoptimus1,PAAD,0,nointercept_f64,5561,2010,1,CXCL10,0.2106428416760347,-0.40621490011970685,1.0364823488243915,0.30703494962287475,0.8782441234707239,0.2572244812912915,0.858529272644049,-2.0443596065746454e-17,0.41880035340367966
hoptimus1,PAAD,0,nointercept_f64,5561,2010,1,CXCL2,0.6645517012090918,-2.062127277547927,9.410428368534543,1.0326196835286383,3.806506527003957,1.1614212904723467,1.7530450528556134,6.133078819723937e-17,1.0649133231480803
hoptimus1,PAAD,0,nointercept_f64,5561,2010,1,CXCL6,0.7660512559187905,-0.3958749529925327,5.28782611596236,1.6051634484200488,3.534544109883,1.477906451681165,1.946324840403549,9.199618229585904e-17,1.514978356315086
hoptimus1,PAAD,0,nointercept_f64,5561,2010,1,CXCL9,0.25422264825264557,-0.37223562115619857,1.2365897094260585,0.32154591379768416,0.9474862024558718,0.2846818314558937,0.9492890463437913,3.0665394098619683e-17,0.4200223838869262
hoptimus1,PAAD,0,nointercept_f64,5561,2010,1,CXCR4,0.5046562417391671,-3.079000102121559,7.882721794395879,0.8802982636727653,3.417773247417526,0.7615280343269951,1.3901486475662024,-6.133078819723937e-17,1.763448074746745
hoptimus1,PAAD,0,nointercept_f64,5561,2010,1,DERL3,0.3862529462122141,-1.1784480896288172,0.8367094146268639,0.11529239617187005,0.8214285440705902,0.3456718917255557,0.6197459823859461,-1.124397783616055e-16,0.838955828385095
hoptimus1,PAAD,0,nointercept_f64,5561,2010,1,DMBT1,0.37286549241941347,-0.48310297141930003,1.894803563844625,0.06185654166750498,0.9471884969455092,0.526424082706914,1.1303070696015265,-8.177438426298581e-17,1.1927062642593604
hoptimus1,PAAD,0,nointercept_f64,5561,2010,1,EPCAM,0.7776929776482087,-2.1214779409179774,10.164308565050023,0.25871419742169255,3.2380769871953707,1.3740756488381805,1.8045078899640248,-8.177438426298581e-17,3.568657445320228
hoptimus1,PAAD,0,nointercept_f64,5561,2010,1,ESR1,0.1469215227656602,-1.0829713966463346,0.6357854055656235,0.07874744866023314,0.643033123312898,0.21801266453258786,0.552476263892073,-5.74976139349119e-17,0.4223555783491473
hoptimus1,PAAD,0,nointercept_f64,5561,2010,1,FCGR3A,0.5508206316872922,-3.472547652053242,5.198129865907149,0.5287990866958889,2.623585075466194,0.6137191722300217,1.0780677996842727,6.133078819723937e-17,1.5717172436824784
hoptimus1,PAAD,0,nointercept_f64,5561,2010,1,FOXP3,0.31794189722523014,-0.5993108846835369,0.643134201090957,0.10471839634721235,0.6303864151684206,0.27459606524112146,0.6341388434629041,1.5332697049309842e-17,0.47107074715597685
hoptimus1,PAAD,0,nointercept_f64,5561,2010,1,GPR183,0.399341498456332,-1.5693555025561188,3.08602390138802,0.8463226479343808,2.28255614890388,0.5547469221949001,1.0959419309212945,-6.133078819723937e-17,1.0036354003632546
hoptimus1,PAAD,0,nointercept_f64,5561,2010,1,GZMA,0.522322441275686,-0.45256531491790364,0.9835671513163186,0.21937564053777361,0.9199558105634813,0.4107306170475696,0.8228755780007103,-1.3799427344378857e-16,0.6331537258837253
hoptimus1,PAAD,0,nointercept_f64,5561,2010,1,GZMK,0.5878961296659362,-0.030080367347656845,0.7251014586493577,0.33594766117614944,0.8488403488747516,0.4557228568890487,0.8390036195910554,-5.621988918080275e-17,0.6401660996918798
hoptimus1,PAAD,0,nointercept_f64,5561,2010,1,HPGDS,0.25463465560496157,-0.8027230953584177,0.7053988548900946,0.15594635904100215,0.7341316680410015,0.23122429894811608,0.6255367996037955,-1.5332697049309842e-17,0.639547364357199
hoptimus1,PAAD,0,nointercept_f64,5561,2010,1,IL7R,0.7500387163532856,-1.4054267349232656,4.306061938054248,0.2575352504711074,2.1188183172425226,0.7614435338680254,1.3379628945487179,-8.177438426298581e-17,1.5154964438961298
hoptimus1,PAAD,0,nointercept_f64,5561,2010,1,IRF8,0.5608530776816929,-3.2332722835441716,3.6944204146147954,0.2949482797471997,2.0540538628303,0.4818235398736571,0.9341896602267776,0.0,1.6360765910152908
hoptimus1,PAAD,0,nointercept_f64,5561,2010,1,KLRC1,0.2757397206032592,-0.5525388929756634,0.6403025976310718,0.2196826658222987,0.7246340595667635,0.24235900883439349,0.6422016063808017,-3.83317426232746e-17,0.5163219667900125
hoptimus1,PAAD,0,nointercept_f64,5561,2010,1,LIF,0.31012081317046203,-3.0775141317925616,4.233663984508264,-0.04875500415414323,1.7347222113490697,0.6542864656517542,1.0189677891734648,4.088719213149291e-17,2.2550765212288306
hoptimus1,PAAD,0,nointercept_f64,5561,2010,1,LILRA4,0.3125070671569667,-0.4882707327819371,0.520098203206593,0.2055627192307839,0.6557285340864267,0.23070901475733274,0.5911554612150659,1.0221798032873227e-17,0.5267282923312737
hoptimus1,PAAD,0,nointercept_f64,5561,2010,1,MARCO,0.31343473844132563,-0.7444942492898379,0.6898115692980273,-0.12751835307472142,0.4403165575876758,0.3010179105602991,0.6288259649190963,4.088719213149291e-17,0.6406604555565941
hoptimus1,PAAD,0,nointercept_f64,5561,2010,1,MKI67,0.3009629498563361,-3.62684311457207,3.901040928490121,-0.36504622155214494,1.3877875431260067,0.5250520113372448,0.9182223647592492,-4.088719213149291e-17,1.8862106648307764
hoptimus1,PAAD,0,nointercept_f64,5561,2010,1,MS4A1,0.47822551891922216,-0.43549153098830695,1.0145489780293675,0.08207262572972152,0.7662691793038477,0.3659940594865839,0.8406906001571193,-3.577629311505629e-17,0.6180813231071194
hoptimus1,PAAD,0,nointercept_f64,5561,2010,1,PDCD1,0.06289343130735957,-0.23243553053558497,0.11791329224497794,0.011608294188415308,0.14693278839339072,0.08505872523074573,0.30931378654924946,-1.5332697049309842e-17,0.1528531250561812
hoptimus1,PAAD,0,nointercept_f64,5561,2010,1,PLA2G7,0.5588625076837467,-2.8202855753574227,5.6258364736989,0.2653839166134035,2.412340253799116,0.7392873815444934,1.213516366178274,0.0,1.5255623551886452
hoptimus1,PAAD,0,nointercept_f64,5561,2010,1,PTPRC,0.6064492145121163,-4.146289900229605,8.370011650538203,0.6497500945440224,3.3573444078810772,0.6700059797684341,1.2753104186085353,1.2266157639447873e-16,1.876521343658391
hoptimus1,PAAD,0,nointercept_f64,5561,2010,1,SELL,0.5232741948960121,-1.363752023391612,1.321023305049772,0.1713778180160345,1.1279258156297218,0.37708657516632293,0.7475741623297799,0.0,0.8418043696436601
hoptimus1,PAAD,0,nointercept_f64,5561,2010,1,TCL1A,0.17732679251240174,-0.6618129220330522,0.6042913013599555,0.03130703571943175,0.5254632779021762,0.19582222452323342,0.6030205403615335,3.0665394098619683e-17,0.39057450662347787
hoptimus1,PAAD,0,nointercept_f64,5561,2010,1,TNFRSF17,0.31860157142762113,-1.2940732080824806,0.96323343176186,-0.016074176199370675,0.7458253489797981,0.28050228923134984,0.6479807994725704,-8.432983377120412e-17,0.6448870749380108
hoptimus1,PAAD,0,nointercept_f64,5561,2010,1,UBE2C,0.20299443159380048,-3.988928894678751,2.1701236254105143,-0.3798959821123062,0.9126935541333251,0.42071392809269736,0.6595361130510419,4.088719213149291e-17,1.38814790129683
hoptimus1,PAAD,0,nointercept_f64,5561,2010,1,VSIG4,0.5337542157145277,-2.3995550031430164,3.6215947188309423,0.6053237438982946,2.2963984893922187,0.5439973624189511,1.0321406624907317,-6.133078819723937e-17,1.3020455756862266
hoptimus1,PAAD,0,intercept_f64,5561,2010,1,ACE2,0.6525892963175692,0.26412128094469434,0.6139526137340113,1.1275379839593205,0.7883224705558511,0.4550686064418946,0.9134069345792629,0.6872617643185173,0.6872617643185173
hoptimus1,PAAD,0,intercept_f64,5561,2010,1,ACTA2,0.5325844328448103,-0.084119723873465,1.8281597198836026,3.572483275958437,2.7882572817565197,0.619796679173338,1.2985792081843808,3.8205983133286887,3.8205983133286887
hoptimus1,PAAD,0,intercept_f64,5561,2010,1,AIF1,0.5488751616167469,-0.027957023277074056,1.5084198787857794,2.562874240803589,3.257264380668526,0.6952145239263547,1.211361159444179,1.8489093243743513,1.8489093243743506
hoptimus1,PAAD,0,intercept_f64,5561,2010,1,ANPEP,0.7230565551125074,0.3364859943152876,2.403256443037962,2.999398423288406,3.7290367223730136,0.9986012855938935,1.9031587253251994,2.2139443222770288,2.2139443222770288
hoptimus1,PAAD,0,intercept_f64,5561,2010,1,BANK1,0.313159309540321,-0.009337929969056802,0.5595209439408556,1.0645244129182867,0.8703327716286503,0.38091011180067536,0.7445431577103204,0.8396039923582332,0.8396039923582332
hoptimus1,PAAD,0,intercept_f64,5561,2010,1,CCL19,0.4020301824506786,0.12036674763407618,0.40517262118569136,0.37329523679705773,0.5104540881232835,0.28674998400552015,0.6786865245669811,0.4144662975986277,0.4144662975986277
hoptimus1,PAAD,0,intercept_f64,5561,2010,1,CCL5,0.6308243626172149,0.03380361543384858,1.3310354503077793,1.379948170400754,2.0733023719408026,0.5958573566157672,1.1737135198874291,0.898154628960655,0.8981546289606546
hoptimus1,PAAD,0,intercept_f64,5561,2010,1,CCR7,0.3205385518046799,0.08964527904647468,0.46191469632221277,0.7583280700223003,0.8304201509822068,0.26639883219702265,0.7123207008895697,0.5415054117897994,0.5415054117897993
hoptimus1,PAAD,0,intercept_f64,5561,2010,1,CD14,0.5189729349000192,0.032292685779562236,1.0449810001029722,2.103925372424964,2.6098554689492754,0.5375142457503631,1.0391594353868632,1.3522612272546226,1.3522612272546224
hoptimus1,PAAD,0,intercept_f64,5561,2010,1,CD19,0.29517000061673365,-0.020821337478148738,0.32670719096103296,0.6816783703881003,0.5149390567001418,0.2491164635862105,0.565723835552302,0.49638430411128376,0.4963843041112838
hoptimus1,PAAD,0,intercept_f64,5561,2010,1,CD1A,0.18196856838981354,0.021609928635941578,0.28195803129707325,0.40071670820685296,0.4320813260861297,0.14596809241120948,0.5368293060087823,0.32707503259535686,0.3270750325953568
hoptimus1,PAAD,0,intercept_f64,5561,2010,1,CD1C,0.41676642092895394,0.0756315980131117,0.7185290956399092,0.988813721172171,1.2556007130229059,0.29637701119004844,0.8816569466806299,0.5656685729696478,0.5656685729696476
hoptimus1,PAAD,0,intercept_f64,5561,2010,1,CD2,0.6626331187500374,0.4279087770010027,0.6209971304269319,1.604897301214278,1.6696703933364716,0.6013050012849285,1.0418666924108761,1.0846840220161362,1.084684022016136
hoptimus1,PAAD,0,intercept_f64,5561,2010,1,CD27,0.4241711411804997,0.1705191041070111,0.3265873131958488,0.5881301869430221,0.6479323961248445,0.2773603096097336,0.6274750486351076,0.6088069195242329,0.6088069195242327
hoptimus1,PAAD,0,intercept_f64,5561,2010,1,CD3E,0.6791058366504523,0.43604664195038434,0.5742382587697059,1.5754655696857556,1.6720611231244025,0.5577327259423381,1.0090773745155905,1.0874979922163088,1.0874979922163082
hoptimus1,PAAD,0,intercept_f64,5561,2010,1,CD79A,0.39937168358641884,0.15623098449031425,0.5386529582121075,0.8021094187394896,0.8310675725414979,0.3544063007830233,0.7989925648697935,0.7253277402755022,0.7253277402755018
hoptimus1,PAAD,0,intercept_f64,5561,2010,1,CD8A,0.588082292273934,0.33004294206708074,0.8268330450832023,1.6637206407908856,1.7916125275602388,0.5972744020621253,1.1109267627637143,1.0058598367671838,1.0058598367671834
hoptimus1,PAAD,0,intercept_f64,5561,2010,1,CDK1,0.27750103291629175,0.01603726822381979,0.48296258275020854,0.9018179855653112,0.9651065379232909,0.35541446569160295,0.7005956200514276,1.272510277326749,1.272510277326749
hoptimus1,PAAD,0,intercept_f64,5561,2010,1,CPA3,0.33911784002700596,0.025058225811769197,0.774166243337397,1.415648095690191,1.1817674021222697,0.4314949650267724,0.8911027327824707,1.0070023410420184,1.0070023410420177
hoptimus1,PAAD,0,intercept_f64,5561,2010,1,CXCL10,0.2106428416760349,0.0049406738711150755,0.7334308770856334,0.7258353030265541,0.8782441234707239,0.25722448129129183,0.858529272644049,0.4188003534036799,0.41880035340367966
hoptimus1,PAAD,0,intercept_f64,5561,2010,1,CXCL2,0.6645517012090921,-0.5087272203784201,4.636570641308731,2.097533006676718,3.806506527003957,1.1614212904723469,1.7530450528556134,1.0649133231480812,1.0649133231480803
hoptimus1,PAAD,0,intercept_f64,5561,2010,1,CXCL6,0.7660512559187904,0.5414564584059482,1.7370456496470073,3.120141804735133,3.534544109883,1.4779064516811666,1.946324840403549,1.5149783563150867,1.514978356315086
hoptimus1,PAAD,0,intercept_f64,5561,2010,1,CXCL9,0.25422264825264584,0.015490262764213059,0.8871906479659509,0.7415682976846102,0.9474862024558718,0.28468183145589415,0.9492890463437913,0.42002238388692653,0.4200223838869262
hoptimus1,PAAD,0,intercept_f64,5561,2010,1,CXCR4,0.504656241739167,-0.0572036926954822,2.0430601571184095,2.6437463384195095,3.417773247417526,0.7615280343269968,1.3901486475662024,1.7634480747467456,1.763448074746745
hoptimus1,PAAD,0,intercept_f64,5561,2010,1,DERL3,0.38625294621221506,0.07384525247177687,0.3557222227821221,0.9542482245569643,0.8214285440705902,0.3456718917255559,0.6197459823859461,0.8389558283850952,0.838955828385095
hoptimus1,PAAD,0,intercept_f64,5561,2010,1,DMBT1,0.3728654924194145,0.0564531525035773,1.2054698586300177,1.2545628059268648,0.9471884969455092,0.526424082706915,1.1303070696015265,1.1927062642593607,1.1927062642593604
hoptimus1,PAAD,0,intercept_f64,5561,2010,1,EPCAM,0.7776929776482083,0.49789642587986227,1.6349741230177253,3.827371642741916,3.2380769871953707,1.374075648838183,1.8045078899640248,3.5686574453202273,3.568657445320228
hoptimus1,PAAD,0,intercept_f64,5561,2010,1,ESR1,0.14692152276566076,-0.10576028134821103,0.33751123518413645,0.5011030270093799,0.643033123312898,0.2180126645325878,0.552476263892073,0.4223555783491474,0.4223555783491473
hoptimus1,PAAD,0,intercept_f64,5561,2010,1,FCGR3A,0.5508206316872922,0.0676524691701964,1.0836024392465198,2.1005163303783663,2.623585075466194,0.6137191722300226,1.0780677996842727,1.571717243682479,1.5717172436824784
hoptimus1,PAAD,0,intercept_f64,5561,2010,1,FOXP3,0.31794189722523,0.0804309773437436,0.36978819715283057,0.5757891435031887,0.6303864151684206,0.27459606524112196,0.6341388434629041,0.4710707471559771,0.47107074715597685
hoptimus1,PAAD,0,intercept_f64,5561,2010,1,GPR183,0.3993414984563326,-0.007750995121267312,1.2103983487290375,1.8499580482976345,2.28255614890388,0.5547469221949007,1.0959419309212945,1.003635400363255,1.0036354003632546
hoptimus1,PAAD,0,intercept_f64,5561,2010,1,GZMA,0.5223224412756862,0.2655691678678055,0.4973009020526988,0.8525293664214985,0.9199558105634813,0.41073061704756975,0.8228755780007103,0.6331537258837256,0.6331537258837253
hoptimus1,PAAD,0,intercept_f64,5561,2010,1,GZMK,0.5878961296659366,0.3206099199307223,0.4782410709550718,0.9761137608680289,0.8488403488747516,0.45572285688904873,0.8390036195910554,0.6401660996918801,0.6401660996918798
hoptimus1,PAAD,0,intercept_f64,5561,2010,1,HPGDS,0.254634655604962,0.04198962012276075,0.3748659051843292,0.7954937233982005,0.7341316680410015,0.23122429894811625,0.6255367996037955,0.6395473643571992,0.639547364357199
hoptimus1,PAAD,0,intercept_f64,5561,2010,1,IL7R,0.7500387163532863,0.4630290679276653,0.9612556719637336,1.7730316943672362,2.1188183172425226,0.7614435338680257,1.3379628945487179,1.5154964438961305,1.5154964438961298
hoptimus1,PAAD,0,intercept_f64,5561,2010,1,IRF8,0.5608530776816926,0.29517953429093813,0.6151040950698855,1.9310248707624889,2.0540538628303,0.4818235398736588,0.9341896602267776,1.6360765910152908,1.6360765910152908
hoptimus1,PAAD,0,intercept_f64,5561,2010,1,KLRC1,0.2757397206032595,0.06538658621619764,0.3854559775179771,0.7360046326123109,0.7246340595667635,0.24235900883439343,0.6422016063808017,0.5163219667900126,0.5163219667900125
hoptimus1,PAAD,0,intercept_f64,5561,2010,1,LIF,0.31012081317046253,-0.22824291262656082,1.275278911450047,2.206321517074684,1.7347222113490697,0.6542864656517575,1.0189677891734648,2.25507652122883,2.2550765212288306
hoptimus1,PAAD,0,intercept_f64,5561,2010,1,LILRA4,0.3125070671569671,0.07484022875152407,0.32331075529915493,0.7322910115620568,0.6557285340864267,0.23070901475733327,0.5911554612150659,0.5267282923312738,0.5267282923312737
hoptimus1,PAAD,0,intercept_f64,5561,2010,1,MARCO,0.31343473844132586,0.05751689390233583,0.37267864352019,0.5131421024818719,0.4403165575876758,0.3010179105602992,0.6288259649190963,0.6406604555565938,0.6406604555565941
hoptimus1,PAAD,0,intercept_f64,5561,2010,1,MKI67,0.30096294985633726,-0.003880539508869685,0.8464041193886572,1.521164443278629,1.3877875431260067,0.5250520113372467,0.9182223647592492,1.8862106648307764,1.8862106648307764
hoptimus1,PAAD,0,intercept_f64,5561,2010,1,MS4A1,0.47822551891922216,0.22067640525828036,0.5507952778063622,0.7001539488368399,0.7662691793038477,0.36599405948658426,0.8406906001571193,0.6180813231071195,0.6180813231071194
hoptimus1,PAAD,0,intercept_f64,5561,2010,1,PDCD1,0.06289343130735951,-0.044241515992373026,0.09990782641266303,0.16446141924459626,0.14693278839339072,0.08505872523074581,0.30931378654924946,0.1528531250561812,0.1528531250561812
hoptimus1,PAAD,0,intercept_f64,5561,2010,1,PLA2G7,0.5588625076837451,0.04758623162234166,1.402545440779187,1.790946271802047,2.412340253799116,0.7392873815444945,1.213516366178274,1.5255623551886452,1.5255623551886452
hoptimus1,PAAD,0,intercept_f64,5561,2010,1,PTPRC,0.6064492145121165,-0.06345870916016683,1.7296269658535528,2.5262714382024116,3.3573444078810772,0.6700059797684351,1.2753104186085353,1.8765213436583916,1.876521343658391
hoptimus1,PAAD,0,intercept_f64,5561,2010,1,SELL,0.5232741948960125,0.24990160929016458,0.419205333470742,1.0131821876596931,1.1279258156297218,0.37708657516632366,0.7475741623297799,0.84180436964366,0.8418043696436601
hoptimus1,PAAD,0,intercept_f64,5561,2010,1,TCL1A,0.17732679251240144,-0.019790003205176543,0.3708300856132544,0.4218815423429092,0.5254632779021762,0.1958222245232334,0.6030205403615335,0.39057450662347803,0.39057450662347787
hoptimus1,PAAD,0,intercept_f64,5561,2010,1,TNFRSF17,0.318601571427622,0.05583668432077393,0.3964344588050562,0.6288128987386395,0.7458253489797981,0.28050228923134984,0.6479807994725704,0.644887074938011,0.6448870749380108
hoptimus1,PAAD,0,intercept_f64,5561,2010,1,UBE2C,0.20299443159380134,-0.16892294140522135,0.5084673173300791,1.0082519191845218,0.9126935541333251,0.42071392809269864,0.6595361130510419,1.38814790129683,1.38814790129683
hoptimus1,PAAD,0,intercept_f64,5561,2010,1,VSIG4,0.5337542157145272,0.14278389155882487,0.9132046189448783,1.90736931958452,2.2963984893922187,0.5439973624189519,1.0321406624907317,1.3020455756862268,1.3020455756862266
hoptimus1,PAAD,0,ycentered_f64,5561,2010,1,ACE2,0.6525892963175692,0.26412128094469467,0.6139526137340111,1.1275379839593203,0.7883224705558511,0.45506860644189473,0.9134069345792629,0.6872617643185172,0.6872617643185173
hoptimus1,PAAD,0,ycentered_f64,5561,2010,1,ACTA2,0.5325844328448103,-0.084119723873465,1.8281597198836024,3.572483275958437,2.7882572817565197,0.619796679173338,1.2985792081843808,3.8205983133286887,3.8205983133286887
hoptimus1,PAAD,0,ycentered_f64,5561,2010,1,AIF1,0.5488751616167468,-0.027957023277074278,1.5084198787857797,2.562874240803589,3.257264380668526,0.6952145239263549,1.211361159444179,1.8489093243743506,1.8489093243743506
hoptimus1,PAAD,0,ycentered_f64,5561,2010,1,ANPEP,0.7230565551125073,0.33648599431528725,2.4032564430379635,2.999398423288406,3.7290367223730136,0.9986012855938934,1.9031587253251994,2.2139443222770288,2.2139443222770288
hoptimus1,PAAD,0,ycentered_f64,5561,2010,1,BANK1,0.31315930954032106,-0.00933792996905658,0.5595209439408555,1.0645244129182865,0.8703327716286503,0.38091011180067524,0.7445431577103204,0.8396039923582332,0.8396039923582332
hoptimus1,PAAD,0,ycentered_f64,5561,2010,1,CCL19,0.4020301824506786,0.12036674763407595,0.4051726211856914,0.3732952367970576,0.5104540881232835,0.2867499840055201,0.6786865245669811,0.4144662975986277,0.4144662975986277
hoptimus1,PAAD,0,ycentered_f64,5561,2010,1,CCL5,0.630824362617215,0.03380361543384769,1.3310354503077806,1.3799481704007532,2.0733023719408026,0.5958573566157672,1.1737135198874291,0.8981546289606546,0.8981546289606546
hoptimus1,PAAD,0,ycentered_f64,5561,2010,1,CCR7,0.3205385518046799,0.08964527904647457,0.4619146963222128,0.7583280700223002,0.8304201509822068,0.26639883219702265,0.7123207008895697,0.5415054117897992,0.5415054117897993
hoptimus1,PAAD,0,ycentered_f64,5561,2010,1,CD14,0.5189729349000192,0.032292685779562014,1.0449810001029725,2.103925372424964,2.6098554689492754,0.5375142457503631,1.0391594353868632,1.3522612272546224,1.3522612272546224
hoptimus1,PAAD,0,ycentered_f64,5561,2010,1,CD19,0.2951700006167336,-0.02082133747814896,0.326707190961033,0.6816783703881003,0.5149390567001418,0.2491164635862105,0.565723835552302,0.49638430411128376,0.4963843041112838
hoptimus1,PAAD,0,ycentered_f64,5561,2010,1,CD1A,0.1819685683898135,0.02160992863594091,0.2819580312970734,0.4007167082068529,0.4320813260861297,0.14596809241120948,0.5368293060087823,0.3270750325953568,0.3270750325953568
hoptimus1,PAAD,0,ycentered_f64,5561,2010,1,CD1C,0.4167664209289539,0.07563159801311148,0.7185290956399093,0.9888137211721713,1.2556007130229059,0.29637701119004844,0.8816569466806299,0.5656685729696476,0.5656685729696476
hoptimus1,PAAD,0,ycentered_f64,5561,2010,1,CD2,0.6626331187500376,0.42790877700100294,0.6209971304269317,1.6048973012142775,1.6696703933364716,0.6013050012849286,1.0418666924108761,1.084684022016136,1.084684022016136
hoptimus1,PAAD,0,ycentered_f64,5561,2010,1,CD27,0.4241711411804996,0.17051910410701054,0.32658731319584905,0.5881301869430215,0.6479323961248445,0.27736030960973357,0.6274750486351076,0.6088069195242326,0.6088069195242327
hoptimus1,PAAD,0,ycentered_f64,5561,2010,1,CD3E,0.6791058366504522,0.4360466419503839,0.5742382587697064,1.5754655696857551,1.6720611231244025,0.5577327259423382,1.0090773745155905,1.0874979922163082,1.0874979922163082
hoptimus1,PAAD,0,ycentered_f64,5561,2010,1,CD79A,0.39937168358641884,0.15623098449031447,0.5386529582121073,0.802109418739489,0.8310675725414979,0.35440630078302326,0.7989925648697935,0.7253277402755017,0.7253277402755018
hoptimus1,PAAD,0,ycentered_f64,5561,2010,1,CD8A,0.5880822922739342,0.3300429420670804,0.8268330450832027,1.663720640790885,1.7916125275602388,0.5972744020621253,1.1109267627637143,1.0058598367671834,1.0058598367671834
hoptimus1,PAAD,0,ycentered_f64,5561,2010,1,CDK1,0.27750103291629163,0.01603726822381968,0.4829625827502086,0.9018179855653113,0.9651065379232909,0.3554144656916029,0.7005956200514276,1.272510277326749,1.272510277326749
hoptimus1,PAAD,0,ycentered_f64,5561,2010,1,CPA3,0.33911784002700596,0.02505822581176942,0.7741662433373969,1.41564809569019,1.1817674021222697,0.4314949650267725,0.8911027327824707,1.0070023410420177,1.0070023410420177
hoptimus1,PAAD,0,ycentered_f64,5561,2010,1,CXCL10,0.21064284167603486,0.0049406738711151865,0.7334308770856333,0.7258353030265539,0.8782441234707239,0.2572244812912919,0.858529272644049,0.41880035340367966,0.41880035340367966
hoptimus1,PAAD,0,ycentered_f64,5561,2010,1,CXCL2,0.6645517012090921,-0.508727220378421,4.636570641308734,2.0975330066767173,3.806506527003957,1.1614212904723467,1.7530450528556134,1.0649133231480803,1.0649133231480803
hoptimus1,PAAD,0,ycentered_f64,5561,2010,1,CXCL6,0.7660512559187902,0.5414564584059478,1.7370456496470088,3.1201418047351326,3.534544109883,1.4779064516811664,1.946324840403549,1.514978356315086,1.514978356315086
hoptimus1,PAAD,0,ycentered_f64,5561,2010,1,CXCL9,0.2542226482526459,0.015490262764213059,0.8871906479659509,0.7415682976846097,0.9474862024558718,0.28468183145589415,0.9492890463437913,0.4200223838869262,0.4200223838869262
hoptimus1,PAAD,0,ycentered_f64,5561,2010,1,CXCR4,0.5046562417391672,-0.0572036926954822,2.0430601571184095,2.6437463384195086,3.417773247417526,0.7615280343269967,1.3901486475662024,1.763448074746745,1.763448074746745
hoptimus1,PAAD,0,ycentered_f64,5561,2010,1,DERL3,0.38625294621221506,0.07384525247177709,0.355722222782122,0.9542482245569639,0.8214285440705902,0.3456718917255559,0.6197459823859461,0.8389558283850949,0.838955828385095
hoptimus1,PAAD,0,ycentered_f64,5561,2010,1,DMBT1,0.37286549241941486,0.05645315250357763,1.2054698586300172,1.2545628059268645,0.9471884969455092,0.5264240827069151,1.1303070696015265,1.1927062642593604,1.1927062642593604
hoptimus1,PAAD,0,ycentered_f64,5561,2010,1,EPCAM,0.7776929776482083,0.4978964258798626,1.6349741230177244,3.8273716427419155,3.2380769871953707,1.3740756488381831,1.8045078899640248,3.568657445320228,3.568657445320228
hoptimus1,PAAD,0,ycentered_f64,5561,2010,1,ESR1,0.14692152276566073,-0.10576028134821125,0.3375112351841365,0.5011030270093797,0.643033123312898,0.21801266453258775,0.552476263892073,0.4223555783491473,0.4223555783491473
hoptimus1,PAAD,0,ycentered_f64,5561,2010,1,FCGR3A,0.5508206316872923,0.06765246917019563,1.0836024392465207,2.100516330378366,2.623585075466194,0.6137191722300227,1.0780677996842727,1.5717172436824784,1.5717172436824784
hoptimus1,PAAD,0,ycentered_f64,5561,2010,1,FOXP3,0.3179418972252299,0.08043097734374338,0.3697881971528307,0.5757891435031884,0.6303864151684206,0.27459606524112196,0.6341388434629041,0.47107074715597685,0.47107074715597685
hoptimus1,PAAD,0,ycentered_f64,5561,2010,1,GPR183,0.3993414984563327,-0.007750995121267534,1.210398348729038,1.8499580482976343,2.28255614890388,0.5547469221949007,1.0959419309212945,1.0036354003632546,1.0036354003632546
hoptimus1,PAAD,0,ycentered_f64,5561,2010,1,GZMA,0.5223224412756861,0.2655691678678054,0.49730090205269883,0.8525293664214982,0.9199558105634813,0.4107306170475698,0.8228755780007103,0.6331537258837252,0.6331537258837253
hoptimus1,PAAD,0,ycentered_f64,5561,2010,1,GZMK,0.5878961296659367,0.32060991993072274,0.4782410709550715,0.9761137608680286,0.8488403488747516,0.45572285688904873,0.8390036195910554,0.6401660996918798,0.6401660996918798
hoptimus1,PAAD,0,ycentered_f64,5561,2010,1,HPGDS,0.25463465560496207,0.04198962012276086,0.37486590518432916,0.7954937233982002,0.7341316680410015,0.23122429894811625,0.6255367996037955,0.639547364357199,0.639547364357199
hoptimus1,PAAD,0,ycentered_f64,5561,2010,1,IL7R,0.7500387163532862,0.46302906792766496,0.9612556719637343,1.7730316943672357,2.1188183172425226,0.7614435338680255,1.3379628945487179,1.5154964438961298,1.5154964438961298
hoptimus1,PAAD,0,ycentered_f64,5561,2010,1,IRF8,0.5608530776816926,0.29517953429093813,0.6151040950698855,1.9310248707624886,2.0540538628303,0.48182353987365867,0.9341896602267776,1.6360765910152908,1.6360765910152908
hoptimus1,PAAD,0,ycentered_f64,5561,2010,1,KLRC1,0.27573972060325963,0.06538658621619764,0.3854559775179771,0.7360046326123106,0.7246340595667635,0.2423590088343934,0.6422016063808017,0.5163219667900125,0.5163219667900125
hoptimus1,PAAD,0,ycentered_f64,5561,2010,1,LIF,0.31012081317046253,-0.22824291262656038,1.2752789114500465,2.206321517074684,1.7347222113490697,0.6542864656517574,1.0189677891734648,2.2550765212288306,2.2550765212288306
hoptimus1,PAAD,0,ycentered_f64,5561,2010,1,LILRA4,0.31250706715696713,0.0748402287515243,0.3233107552991549,0.7322910115620567,0.6557285340864267,0.23070901475733324,0.5911554612150659,0.5267282923312737,0.5267282923312737
hoptimus1,PAAD,0,ycentered_f64,5561,2010,1,MARCO,0.31343473844132586,0.057516893902336275,0.3726786435201898,0.5131421024818718,0.4403165575876758,0.30101791056029914,0.6288259649190963,0.6406604555565941,0.6406604555565941
hoptimus1,PAAD,0,ycentered_f64,5561,2010,1,MKI67,0.3009629498563372,-0.0038805395088694628,0.846404119388657,1.5211644432786293,1.3877875431260067,0.5250520113372465,0.9182223647592492,1.8862106648307764,1.8862106648307764
hoptimus1,PAAD,0,ycentered_f64,5561,2010,1,MS4A1,0.4782255189192222,0.22067640525828036,0.5507952778063622,0.7001539488368396,0.7662691793038477,0.36599405948658426,0.8406906001571193,0.6180813231071193,0.6180813231071194
hoptimus1,PAAD,0,ycentered_f64,5561,2010,1,PDCD1,0.06289343130735936,-0.044241515992373026,0.09990782641266303,0.1644614192445962,0.14693278839339072,0.0850587252307458,0.30931378654924946,0.15285312505618118,0.1528531250561812
hoptimus1,PAAD,0,ycentered_f64,5561,2010,1,PLA2G7,0.5588625076837449,0.047586231622341324,1.4025454407791875,1.7909462718020466,2.412340253799116,0.7392873815444946,1.213516366178274,1.5255623551886452,1.5255623551886452
hoptimus1,PAAD,0,ycentered_f64,5561,2010,1,PTPRC,0.6064492145121164,-0.06345870916016683,1.7296269658535528,2.5262714382024116,3.3573444078810772,0.6700059797684352,1.2753104186085353,1.876521343658391,1.876521343658391
hoptimus1,PAAD,0,ycentered_f64,5561,2010,1,SELL,0.5232741948960126,0.2499016092901647,0.41920533347074196,1.0131821876596934,1.1279258156297218,0.3770865751663236,0.7475741623297799,0.8418043696436601,0.8418043696436601
hoptimus1,PAAD,0,ycentered_f64,5561,2010,1,TCL1A,0.1773267925124014,-0.019790003205176765,0.37083008561325453,0.42188154234290903,0.5254632779021762,0.19582222452323336,0.6030205403615335,0.39057450662347787,0.39057450662347787
hoptimus1,PAAD,0,ycentered_f64,5561,2010,1,TNFRSF17,0.3186015714276219,0.05583668432077371,0.39643445880505634,0.6288128987386391,0.7458253489797981,0.28050228923134984,0.6479807994725704,0.6448870749380107,0.6448870749380108
hoptimus1,PAAD,0,ycentered_f64,5561,2010,1,UBE2C,0.20299443159380123,-0.16892294140522046,0.5084673173300787,1.0082519191845216,0.9126935541333251,0.42071392809269853,0.6595361130510419,1.38814790129683,1.38814790129683
hoptimus1,PAAD,0,ycentered_f64,5561,2010,1,VSIG4,0.5337542157145272,0.14278389155882476,0.9132046189448784,1.9073693195845196,2.2963984893922187,0.5439973624189519,1.0321406624907317,1.3020455756862266,1.3020455756862266
hoptimus1,PAAD,1,nointercept_f64,3961,3610,1,ACE2,0.4577284936731095,-0.9433342603242123,1.923050592792849,-0.26494944567248735,0.8020935427779305,0.40804752521472554,0.9947675307383976,-8.610464861521032e-17,0.63388870178344
hoptimus1,PAAD,1,nointercept_f64,3961,3610,1,ACTA2,0.2951239468087256,-8.16733165728369,17.42016454753903,0.15431245693668602,4.098722070240909,0.7632829925254747,1.3784932843158302,-1.7220929723042064e-16,3.043261217667701
hoptimus1,PAAD,1,nointercept_f64,3961,3610,1,AIF1,0.5317108205143689,-4.870702033485291,3.532117788396385,-0.40470008779704986,1.3172053825492014,0.7806730232303845,0.7756620965568084,-1.435077476920172e-17,3.0481632736649544
hoptimus1,PAAD,1,nointercept_f64,3961,3610,1,ANPEP,0.3952226576639452,-6.064726363776029,17.33739956242893,-1.6656964360346014,2.2387230136387894,0.7679932316060893,1.5665501645011835,5.740309907680688e-17,2.960191393313881
hoptimus1,PAAD,1,nointercept_f64,3961,3610,1,BANK1,0.7157956198405881,-0.3923607449507098,1.34039900597213,0.0007173977527738874,0.9181976445824156,0.5314597180332034,0.9811630017518578,5.740309907680688e-17,0.7835680826900283
hoptimus1,PAAD,1,nointercept_f64,3961,3610,1,CCL19,0.5716584466684469,0.2786028347530929,0.40077156354599813,0.2644148914524515,0.3913743338426394,0.529302448770327,0.7453516783821702,-1.1839389184591418e-16,0.4842207656909468
hoptimus1,PAAD,1,nointercept_f64,3961,3610,1,CCL5,0.6508580887858264,-0.9665886937196992,1.0967177002269748,-0.28100686048275464,0.5197587307470327,0.852183847066998,0.7467765249427045,-1.2915697292281548e-16,1.8393452767620362
hoptimus1,PAAD,1,nointercept_f64,3961,3610,1,CCR7,0.6630211157009316,-0.12893590695212565,0.5989114735666596,-0.1069902368963371,0.4368111673484549,0.5596798136084309,0.7283609829477731,6.099079276910731e-17,0.7835313770031272
hoptimus1,PAAD,1,nointercept_f64,3961,3610,1,CD14,0.41588364150091384,-3.4759943218570077,2.3422947561535947,-0.2976502128836235,1.0329459919493615,0.6736980211396969,0.7233958444078695,-2.009108467688241e-16,2.2814438642801824
hoptimus1,PAAD,1,nointercept_f64,3961,3610,1,CD19,0.6080145983043077,-0.05361148728103138,0.8462377140845129,0.000777237884228612,0.5701374608393851,0.4191708368968547,0.8962020639764197,1.2198158553821462e-16,0.4385822735420233
hoptimus1,PAAD,1,nointercept_f64,3961,3610,1,CD1A,0.5102774549713077,0.10311296652986968,0.4051997946921673,0.08951153537727193,0.3506285639020545,0.28940911118731066,0.6721492767293231,-7.892926123060946e-17,0.3588938667027224
hoptimus1,PAAD,1,nointercept_f64,3961,3610,1,CD1C,0.46890494404143057,-0.5665679017386898,1.168568898297802,-0.22827340358168244,0.5271974109876849,0.5310880086964572,0.8636793772756517,2.870154953840344e-17,0.9508350703849301
hoptimus1,PAAD,1,nointercept_f64,3961,3610,1,CD2,0.6904339250266361,-1.0202636722887228,2.431897439044859,-0.3841164513751602,0.9572658808607805,0.8091474113041076,1.0971565505750982,-1.2915697292281548e-16,1.497661072236966
hoptimus1,PAAD,1,nointercept_f64,3961,3610,1,CD27,0.6459011558829933,-0.27258970761632706,0.9621434823108849,-0.09395332030171955,0.6248595042241908,0.49222236490374943,0.869512276055669,-2.870154953840344e-17,0.6140309481029708
hoptimus1,PAAD,1,nointercept_f64,3961,3610,1,CD3E,0.7445722428835105,-0.6600552360516234,1.6151872241600826,-0.21336155368089577,0.8604343911947636,0.9035013096024029,0.9863934187351217,-8.610464861521032e-17,1.591075748543762
hoptimus1,PAAD,1,nointercept_f64,3961,3610,1,CD79A,0.7337260617083639,-0.08633294496716748,1.1323928385604107,-0.11625794744336111,0.6889547255560962,0.8020891269894526,1.0209796404724643,4.843386484605581e-17,0.8121350227778261
hoptimus1,PAAD,1,nointercept_f64,3961,3610,1,CD8A,0.7273816120321819,-1.2424645730710533,2.396760866529621,-0.5305510646399915,0.8412437742436691,0.859793578194141,1.0338310157063262,-1.8656007199962238e-16,1.5546169420951126
hoptimus1,PAAD,1,nointercept_f64,3961,3610,1,CDK1,0.6869112871596381,-1.0341129864064857,2.5518380739475077,-0.045056149220068155,1.3177183618505905,0.5902000996852761,1.120054151770148,8.610464861521032e-17,1.0753169672202052
hoptimus1,PAAD,1,nointercept_f64,3961,3610,1,CPA3,0.43595035568983503,-1.289100370076949,2.3968201000933984,-0.40174969110360353,0.8418138369298708,0.4941349518998741,1.0232583594035747,-2.152616215380258e-17,1.2462369466002496
hoptimus1,PAAD,1,nointercept_f64,3961,3610,1,CXCL10,0.41776963632288144,-0.7684940874328763,0.5593966698098704,-0.1406142320486315,0.2801024314439198,0.583225131647328,0.562416602068582,6.457848646140774e-17,0.7783513445951697
hoptimus1,PAAD,1,nointercept_f64,3961,3610,1,CXCL2,0.49075546098444617,-3.781319852961655,2.2691191466944107,-0.6352316690948162,0.6187151940575597,0.9181274204515679,0.6888977264933166,1.1480619815361376e-16,2.8627869878204084
hoptimus1,PAAD,1,nointercept_f64,3961,3610,1,CXCL6,0.4640135952228112,-7.174082332245009,8.815177502548435,-1.480524873391341,1.3198166577439558,0.8382790408018117,1.0384749547215186,1.1480619815361376e-16,2.7176698222361377
hoptimus1,PAAD,1,nointercept_f64,3961,3610,1,CXCL9,0.39217502397819504,-1.134749121440291,0.5515298095397765,-0.1813768466585193,0.23424454993488386,0.5995462757006528,0.5082894241164359,7.17538738460086e-17,0.8569979597239505
hoptimus1,PAAD,1,nointercept_f64,3961,3610,1,CXCR4,0.55615757066486,-2.663703666492755,3.5664844066467865,-0.40503703789773143,1.2438386053920123,0.9674564346955071,0.9866429004843686,-8.610464861521032e-17,3.0764962397148983
hoptimus1,PAAD,1,nointercept_f64,3961,3610,1,DERL3,0.5608352141941885,-0.40953198661546875,1.3292582617253177,-0.009991332884861839,0.8077306690968965,0.4256239375444836,0.9711072942364015,-4.1258477461454944e-17,0.8585198232243381
hoptimus1,PAAD,1,nointercept_f64,3961,3610,1,DMBT1,0.6236428126547934,-0.5560607263011572,5.328152010083752,-0.4136670075698017,1.3248253881435976,0.6920448722138758,1.8504401052654966,-2.547262521533305e-16,0.9477073373411737
hoptimus1,PAAD,1,nointercept_f64,3961,3610,1,EPCAM,0.9161373490162396,-1.6385628793475182,18.182436663442342,-0.37942418453188337,3.656775203074775,1.5193852673533403,2.6250786363581766,7.17538738460086e-17,3.3205958885606024
hoptimus1,PAAD,1,nointercept_f64,3961,3610,1,ESR1,0.33219914353830043,-0.23731555015960892,0.5352068204520436,-0.0024357899466438556,0.3847907830143239,0.23952434139010875,0.6576890088953117,-1.2915697292281548e-16,0.5685739011302255
hoptimus1,PAAD,1,nointercept_f64,3961,3610,1,FCGR3A,0.45031884867277,-3.282258259465813,3.0952536958468198,-0.3221216143427966,1.2384298368504172,0.6721629882979391,0.8501815922254169,-1.1480619815361376e-16,2.4092385465224204
hoptimus1,PAAD,1,nointercept_f64,3961,3610,1,FOXP3,0.5572210096517559,-0.5087163035437889,0.5954934692211766,-0.15952594637081938,0.39777848367215524,0.463019590493156,0.6282532005740931,-1.8835391884577257e-16,0.6187126466464106
hoptimus1,PAAD,1,nointercept_f64,3961,3610,1,GPR183,0.5563668015049618,-1.7454337206221515,1.3843480765054272,-0.29321199956734834,0.6440451022660634,0.7922439815635587,0.7100961680189016,2.870154953840344e-17,1.9803462513346046
hoptimus1,PAAD,1,nointercept_f64,3961,3610,1,GZMA,0.5703882132090339,-0.5742653947692862,0.9038866451138298,-0.16002341118297772,0.5352022727770819,0.6143682913736792,0.7577361558864527,-1.542708287689185e-16,0.8679623438896058
hoptimus1,PAAD,1,nointercept_f64,3961,3610,1,GZMK,0.6643993534137419,-0.3688539933586028,0.8135708826293835,-0.13111226114442334,0.4963306197499304,0.8086917163794981,0.7709374355254042,-8.969234230751075e-18,0.877146994276078
hoptimus1,PAAD,1,nointercept_f64,3961,3610,1,HPGDS,0.3947273768838701,-0.945288035020998,1.2960034995170748,-0.22403164880216137,0.6323343606536739,0.3369639291609823,0.8162273244258603,-4.6640017999905594e-17,0.6941177742976608
hoptimus1,PAAD,1,nointercept_f64,3961,3610,1,IL7R,0.649054465305609,-0.5526023836150287,2.1896159313406445,0.07844630196442356,1.2292341613043047,0.9924406726360967,1.1875553153643266,-1.7579699092272108e-16,2.082546129728682
hoptimus1,PAAD,1,nointercept_f64,3961,3610,1,IRF8,0.6465083532742149,-3.1084342843960044,4.917701864920233,-0.2639051362604569,1.7863753206511943,0.5754925245627468,1.094064498412859,0.0,1.7111980003469132
hoptimus1,PAAD,1,nointercept_f64,3961,3610,1,KLRC1,0.3962236384266059,-0.39862914817671724,0.9065861045844558,-0.13075728052125213,0.4677085007656974,0.36362263898959724,0.8051063308357225,-3.228924323070387e-17,0.6663350742954522
hoptimus1,PAAD,1,nointercept_f64,3961,3610,1,LIF,0.6983707424792638,-1.4247063252566616,4.393370242117019,0.6378450140640876,2.4962429553848224,0.8327245837952283,1.3460752199102322,-1.1121850446131332e-16,1.7712282530739583
hoptimus1,PAAD,1,nointercept_f64,3961,3610,1,LILRA4,0.48680128085419694,-0.535684061661837,1.0238966265509475,-0.15521329713897292,0.5601125962846497,0.3385925319074548,0.8165393478726248,4.305232430760516e-17,0.5617631695481811
hoptimus1,PAAD,1,nointercept_f64,3961,3610,1,MARCO,0.39903520036644735,-0.5195107435079016,1.1361150194959848,0.15774074959835577,0.8692053906805297,0.30896461613992965,0.8646876638405138,2.152616215380258e-17,0.33070376514636096
hoptimus1,PAAD,1,nointercept_f64,3961,3610,1,MKI67,0.7667530379177151,-1.2384160479010893,5.460468412094138,-0.0021915970335522274,2.076967661631735,0.8338378770608702,1.5618687809055798,7.892926123060946e-17,1.4594337819532084
hoptimus1,PAAD,1,nointercept_f64,3961,3610,1,MS4A1,0.7419985161871009,0.32914377070355005,0.7614902788670385,0.12035527954540266,0.6216854398930832,0.7908892684452998,1.0654116794118904,1.0763081076901291e-16,0.6899941555630887
hoptimus1,PAAD,1,nointercept_f64,3961,3610,1,PDCD1,0.3615477908158317,0.028020198982730338,0.1660764064471839,0.0547910278681542,0.18710390940267294,0.155809109177248,0.413357050453573,7.17538738460086e-18,0.11863317853180756
hoptimus1,PAAD,1,nointercept_f64,3961,3610,1,PLA2G7,0.5571510901460113,-2.5295823232120505,4.7111812712514345,-0.3796375887424188,1.5563830042149551,0.8500169966332891,1.155322548413113,0.0,1.9474661757445824
hoptimus1,PAAD,1,nointercept_f64,3961,3610,1,PTPRC,0.7177084206855416,-3.5416134106019106,4.293691224009875,-0.46408241143700163,1.4834346249493204,0.9038632289924492,0.9723224714690655,-5.740309907680688e-17,2.9862152122843297
hoptimus1,PAAD,1,nointercept_f64,3961,3610,1,SELL,0.5897124198992051,-1.076534522498159,2.0178509011481696,-0.21383619039753302,0.9616315996217596,0.5331573904706735,0.9857685509565889,-1.1480619815361376e-16,0.8777871533374357
hoptimus1,PAAD,1,nointercept_f64,3961,3610,1,TCL1A,0.5640971294673908,0.24655010601522476,0.4827089799030065,0.17841283583443263,0.3801589162726151,0.3793617809211487,0.8004155200534996,1.3633236030741634e-16,0.46851611516596664
hoptimus1,PAAD,1,nointercept_f64,3961,3610,1,TNFRSF17,0.5906448314226248,-0.4398574743105439,1.1326084752877839,-0.20407067758255948,0.5832763530210775,0.5014901931995438,0.8869112239634078,2.6907702692253227e-17,0.7522591115308211
hoptimus1,PAAD,1,nointercept_f64,3961,3610,1,UBE2C,0.6979785598439886,-0.6355512360394309,2.5693539824042646,0.16114412591543337,1.4701422902685783,0.6506421394231374,1.253371727390747,1.1480619815361376e-16,1.0721511878440007
hoptimus1,PAAD,1,nointercept_f64,3961,3610,1,VSIG4,0.3130165671472374,-3.594363131104516,2.7103444536385743,-0.28950274757847505,1.1332932782305245,0.6326787168659647,0.768067847102159,-1.1480619815361376e-16,1.9604260731273093
hoptimus1,PAAD,1,intercept_f64,3961,3610,1,ACE2,0.4577284936731126,0.017654217512583226,0.9720924896496279,0.3689392561109547,0.8020935427779305,0.40804752521472365,0.9947675307383976,0.6338887017834401,0.63388870178344
hoptimus1,PAAD,1,intercept_f64,3961,3610,1,ACTA2,0.2951239468087449,-0.40711727230390005,2.6738657809704764,3.1975736746043975,4.098722070240909,0.7632829925254765,1.3784932843158302,3.043261217667701,3.043261217667701
hoptimus1,PAAD,1,intercept_f64,3961,3610,1,AIF1,0.5317108205143756,-2.866222179230136,2.3261191004518076,2.643463185867914,1.3172053825492014,0.7806730232303882,0.7756620965568084,3.0481632736649544,3.0481632736649544
hoptimus1,PAAD,1,intercept_f64,3961,3610,1,ANPEP,0.3952226576639539,-0.21612810249349934,2.984474945857473,1.2944949572792896,2.2387230136387894,0.7679932316060923,1.5665501645011835,2.960191393313881,2.960191393313881
hoptimus1,PAAD,1,intercept_f64,3961,3610,1,BANK1,0.7157956198405878,0.4634135727716091,0.5165614703541023,0.7842854804428047,0.9181976445824156,0.5314597180332021,0.9811630017518578,0.7835680826900283,0.7835680826900283
hoptimus1,PAAD,1,intercept_f64,3961,3610,1,CCL19,0.571658446668447,0.0778699954716966,0.5122885166605816,0.7486356571434001,0.3913743338426394,0.5293024487703252,0.7453516783821702,0.4842207656909468,0.4842207656909468
hoptimus1,PAAD,1,intercept_f64,3961,3610,1,CCL5,0.6508580887858224,-1.7509560964616888,1.534139931329667,1.5583384162792875,0.5197587307470327,0.852183847066994,0.7467765249427045,1.839345276762036,1.8393452767620362
hoptimus1,PAAD,1,intercept_f64,3961,3610,1,CCR7,0.6630211157009315,0.3201595530800687,0.36066196614676277,0.6765411401067928,0.4368111673484549,0.559679813608429,0.7283609829477731,0.7835313770031272,0.7835313770031272
hoptimus1,PAAD,1,intercept_f64,3961,3610,1,CD14,0.4158836415009149,-1.8204001570074957,1.4759197673138773,1.9837936513965664,1.0329459919493615,0.6736980211396969,0.7233958444078695,2.2814438642801824,2.2814438642801824
hoptimus1,PAAD,1,intercept_f64,3961,3610,1,CD19,0.6080145983043089,0.32870493337171025,0.5391695226536678,0.4393595114262534,0.5701374608393851,0.41917083689685297,0.8962020639764197,0.4385822735420233,0.4385822735420233
hoptimus1,PAAD,1,intercept_f64,3961,3610,1,CD1A,0.5102774549713066,0.2328690183890436,0.34657800219063206,0.44840540207999563,0.3506285639020545,0.28940911118731194,0.6721492767293231,0.35889386670272233,0.3588938667027224
hoptimus1,PAAD,1,intercept_f64,3961,3610,1,CD1C,0.4689049440414279,0.14738695208724895,0.6359999390820711,0.7225616668032512,0.5271974109876849,0.5310880086964598,0.8636793772756517,0.9508350703849301,0.9508350703849301
hoptimus1,PAAD,1,intercept_f64,3961,3610,1,CD2,0.6904339250266351,0.45419517358159545,0.6570139223864374,1.1135446208618112,0.9572658808607805,0.809147411304103,1.0971565505750982,1.497661072236966,1.497661072236966
hoptimus1,PAAD,1,intercept_f64,3961,3610,1,CD27,0.6459011558829945,0.3962966967937408,0.4564308472346803,0.5200776278012534,0.6248595042241908,0.49222236490374704,0.869512276055669,0.6140309481029708,0.6140309481029708
hoptimus1,PAAD,1,intercept_f64,3961,3610,1,CD3E,0.74457224288351,0.25000112457645585,0.7297278882115866,1.3777141948628717,0.8604343911947636,0.9035013096023969,0.9863934187351217,1.5910757485437619,1.591075748543762
hoptimus1,PAAD,1,intercept_f64,3961,3610,1,CD79A,0.7337260617083647,0.5356162939718546,0.48407330872793164,0.6958770753344677,0.6889547255560962,0.8020891269894489,1.0209796404724643,0.8121350227778261,0.8121350227778261
hoptimus1,PAAD,1,intercept_f64,3961,3610,1,CD8A,0.7273816120321809,0.48693830684549855,0.5483637079644399,1.024065877455127,0.8412437742436691,0.8597935781941355,1.0338310157063262,1.5546169420951126,1.5546169420951126
hoptimus1,PAAD,1,intercept_f64,3961,3610,1,CDK1,0.6869112871596397,0.380388723854419,0.7773155454401729,1.0302608180001402,1.3177183618505905,0.5902000996852788,1.120054151770148,1.075316967220205,1.0753169672202052
hoptimus1,PAAD,1,intercept_f64,3961,3610,1,CPA3,0.43595035568983403,0.18784129728726384,0.8503769990051723,0.8444872554966505,0.8418138369298708,0.49413495189986945,1.0232583594035747,1.2462369466002496,1.2462369466002496
hoptimus1,PAAD,1,intercept_f64,3961,3610,1,CXCL10,0.41776963632288144,-0.6132679866179471,0.5102967239969397,0.6377371125465406,0.2801024314439198,0.5832251316473294,0.562416602068582,0.7783513445951697,0.7783513445951697
hoptimus1,PAAD,1,intercept_f64,3961,3610,1,CXCL2,0.4907554609844463,-5.922125713037649,3.2851029578266107,2.2275553187256025,0.6187151940575597,0.9181274204515734,0.6888977264933166,2.8627869878204084,2.8627869878204084
hoptimus1,PAAD,1,intercept_f64,3961,3610,1,CXCL6,0.46401359522282276,0.09117957351759765,0.9800994229995499,1.2371449488448063,1.3198166577439558,0.8382790408018111,1.0384749547215186,2.7176698222361377,2.7176698222361377
hoptimus1,PAAD,1,intercept_f64,3961,3610,1,CXCL9,0.39217502397819626,-1.2201814027240379,0.573601934714459,0.675621113065434,0.23424454993488386,0.5995462757006517,0.5082894241164359,0.8569979597239505,0.8569979597239505
hoptimus1,PAAD,1,intercept_f64,3961,3610,1,CXCR4,0.5561575706648693,-1.9644583213086593,2.885794086949949,2.6714592018171786,1.2438386053920123,0.9674564346955038,0.9866429004843686,3.0764962397148983,3.0764962397148983
hoptimus1,PAAD,1,intercept_f64,3961,3610,1,DERL3,0.5608352141941878,0.2977531530937152,0.6622534514184037,0.8485284903394794,0.8077306690968965,0.4256239375444832,0.9711072942364015,0.8585198232243381,0.8585198232243381
hoptimus1,PAAD,1,intercept_f64,3961,3610,1,DMBT1,0.6236428126547925,0.14397571893828054,2.931137208675213,0.5340403297713752,1.3248253881435976,0.6920448722138746,1.8504401052654966,0.9477073373411737,0.9477073373411737
hoptimus1,PAAD,1,intercept_f64,3961,3610,1,EPCAM,0.9161373490162399,0.6511962946485753,2.403619534772884,2.94117170402873,3.656775203074775,1.5193852673533552,2.6250786363581766,3.3205958885606024,3.3205958885606024
hoptimus1,PAAD,1,intercept_f64,3961,3610,1,ESR1,0.3321991435382984,0.03330347105814169,0.4181492550790771,0.5661381111835839,0.3847907830143239,0.2395243413901102,0.6576890088953117,0.5685739011302255,0.5685739011302255
hoptimus1,PAAD,1,intercept_f64,3961,3610,1,FCGR3A,0.45031884867278404,-0.9094991162727135,1.3802026498039,2.0871169321796317,1.2384298368504172,0.6721629882979454,0.8501815922254169,2.4092385465224204,2.4092385465224204
hoptimus1,PAAD,1,intercept_f64,3961,3610,1,FOXP3,0.5572210096517567,0.26862253273798864,0.28867621054206494,0.45918670027559366,0.39777848367215524,0.4630195904931549,0.6282532005740931,0.6187126466464106,0.6187126466464106
hoptimus1,PAAD,1,intercept_f64,3961,3610,1,GPR183,0.5563668015049612,-2.1610800902810956,1.5939321753753972,1.6871342517672634,0.6440451022660634,0.792243981563554,0.7100961680189016,1.9803462513346046,1.9803462513346046
hoptimus1,PAAD,1,intercept_f64,3961,3610,1,GZMA,0.5703882132090317,0.21557989897272967,0.4503858471597167,0.7079389327066308,0.5352022727770819,0.6143682913736772,0.7577361558864527,0.8679623438896058,0.8679623438896058
hoptimus1,PAAD,1,intercept_f64,3961,3610,1,GZMK,0.6643993534137423,0.18862135654839274,0.4822384580841296,0.7460347331316575,0.4963306197499304,0.8086917163794951,0.7709374355254042,0.877146994276078,0.877146994276078
hoptimus1,PAAD,1,intercept_f64,3961,3610,1,HPGDS,0.3947273768838686,0.115969170758489,0.5889652471777079,0.47008612549550177,0.6323343606536739,0.336963929160984,0.8162273244258603,0.6941177742976608,0.6941177742976608
hoptimus1,PAAD,1,intercept_f64,3961,3610,1,IL7R,0.6490544653056056,-0.22916536692627898,1.7334767085745297,2.1609924316931126,1.2292341613043047,0.9924406726360928,1.1875553153643266,2.082546129728682,2.082546129728682
hoptimus1,PAAD,1,intercept_f64,3961,3610,1,IRF8,0.6465083532742145,0.3073979386968809,0.8290288252763609,1.4472928640864624,1.7863753206511943,0.5754925245627479,1.094064498412859,1.7111980003469134,1.7111980003469132
hoptimus1,PAAD,1,intercept_f64,3961,3610,1,KLRC1,0.3962236384266059,0.14681534576269273,0.553031054146532,0.5355777937742024,0.4677085007656974,0.3636226389895966,0.8051063308357225,0.6663350742954521,0.6663350742954522
hoptimus1,PAAD,1,intercept_f64,3961,3610,1,LIF,0.6983707424792683,0.4771697018457479,0.9473258883608996,2.409073267138052,2.4962429553848224,0.8327245837952335,1.3460752199102322,1.771228253073958,1.7712282530739583
hoptimus1,PAAD,1,intercept_f64,3961,3610,1,LILRA4,0.4868012808541988,0.19640368033028177,0.5357870029126893,0.40654987240921,0.5601125962846497,0.3385925319074546,0.8165393478726248,0.5617631695481811,0.5617631695481811
hoptimus1,PAAD,1,intercept_f64,3961,3610,1,MARCO,0.3990352003664486,-0.03641531061430481,0.7749119286292069,0.4884445147447177,0.8692053906805297,0.308964616139931,0.8646876638405138,0.33070376514636096,0.33070376514636096
hoptimus1,PAAD,1,intercept_f64,3961,3610,1,MKI67,0.7667530379177175,0.3762385863619119,1.521624855686556,1.4572421849196613,2.076967661631735,0.8338378770608745,1.5618687809055798,1.4594337819532084,1.4594337819532084
hoptimus1,PAAD,1,intercept_f64,3961,3610,1,MS4A1,0.7419985161871016,0.519204062837298,0.5457524522834486,0.8103494351084937,0.6216854398930832,0.7908892684452972,1.0654116794118904,0.6899941555630887,0.6899941555630887
hoptimus1,PAAD,1,intercept_f64,3961,3610,1,PDCD1,0.36154779081583216,0.12938478812933718,0.1487568421014588,0.17342420639996214,0.18710390940267294,0.15580910917724766,0.413357050453573,0.11863317853180755,0.11863317853180756
hoptimus1,PAAD,1,intercept_f64,3961,3610,1,PLA2G7,0.5571510901460189,0.27842519794911014,0.9631365362617382,1.56782858700217,1.5563830042149551,0.8500169966332942,1.155322548413113,1.9474661757445824,1.9474661757445824
hoptimus1,PAAD,1,intercept_f64,3961,3610,1,PTPRC,0.717708420685544,-0.6709796446046834,1.579762517608779,2.5221328008473383,1.4834346249493204,0.9038632289924471,0.9723224714690655,2.9862152122843293,2.9862152122843297
hoptimus1,PAAD,1,intercept_f64,3961,3610,1,SELL,0.5897124198992071,0.254182797181312,0.7247401372306493,0.6639509629399054,0.9616315996217596,0.5331573904706711,0.9857685509565889,0.8777871533374357,0.8777871533374357
hoptimus1,PAAD,1,intercept_f64,3961,3610,1,TCL1A,0.5640971294673918,0.19899831181548233,0.5131737503594999,0.6469289510004007,0.3801589162726151,0.37936178092114753,0.8004155200534996,0.46851611516596664,0.46851611516596664
hoptimus1,PAAD,1,intercept_f64,3961,3610,1,TNFRSF17,0.590644831422626,0.346660609191194,0.5139242907522771,0.5481884339482643,0.5832763530210775,0.5014901931995422,0.8869112239634078,0.7522591115308213,0.7522591115308211
hoptimus1,PAAD,1,intercept_f64,3961,3610,1,UBE2C,0.6979785598439919,0.41947249444891377,0.9119742784058752,1.2332953137594374,1.4701422902685783,0.6506421394231394,1.253371727390747,1.0721511878440004,1.0721511878440007
hoptimus1,PAAD,1,intercept_f64,3961,3610,1,VSIG4,0.31301656714723824,-0.6528146323895214,0.9750419903601892,1.6709233255488407,1.1332932782305245,0.6326787168659648,0.768067847102159,1.9604260731273093,1.9604260731273093
hoptimus1,PAAD,1,ycentered_f64,3961,3610,1,ACE2,0.4577284936731124,0.01765421751258278,0.9720924896496285,0.3689392561109545,0.8020935427779305,0.4080475252147237,0.9947675307383976,0.6338887017834399,0.63388870178344
hoptimus1,PAAD,1,ycentered_f64,3961,3610,1,ACTA2,0.2951239468087449,-0.4071172723038998,2.673865780970476,3.1975736746043975,4.098722070240909,0.7632829925254765,1.3784932843158302,3.043261217667701,3.043261217667701
hoptimus1,PAAD,1,ycentered_f64,3961,3610,1,AIF1,0.5317108205143756,-2.866222179230137,2.326119100451808,2.643463185867915,1.3172053825492014,0.7806730232303882,0.7756620965568084,3.0481632736649544,3.0481632736649544
hoptimus1,PAAD,1,ycentered_f64,3961,3610,1,ANPEP,0.39522265766395376,-0.21612810249349956,2.9844749458574733,1.2944949572792899,2.2387230136387894,0.767993231606092,1.5665501645011835,2.960191393313881,2.960191393313881
hoptimus1,PAAD,1,ycentered_f64,3961,3610,1,BANK1,0.7157956198405877,0.4634135727716091,0.5165614703541023,0.784285480442805,0.9181976445824156,0.531459718033202,0.9811630017518578,0.7835680826900283,0.7835680826900283
hoptimus1,PAAD,1,ycentered_f64,3961,3610,1,CCL19,0.5716584466684469,0.0778699954716967,0.5122885166605815,0.7486356571434,0.3913743338426394,0.5293024487703252,0.7453516783821702,0.4842207656909467,0.4842207656909468
hoptimus1,PAAD,1,ycentered_f64,3961,3610,1,CCL5,0.6508580887858224,-1.7509560964616884,1.5341399313296669,1.5583384162792875,0.5197587307470327,0.852183847066994,0.7467765249427045,1.839345276762036,1.8393452767620362
hoptimus1,PAAD,1,ycentered_f64,3961,3610,1,CCR7,0.6630211157009316,0.3201595530800688,0.3606619661467627,0.6765411401067928,0.4368111673484549,0.559679813608429,0.7283609829477731,0.7835313770031272,0.7835313770031272
hoptimus1,PAAD,1,ycentered_f64,3961,3610,1,CD14,0.4158836415009149,-1.8204001570074966,1.475919767313878,1.9837936513965664,1.0329459919493615,0.6736980211396969,0.7233958444078695,2.281443864280182,2.2814438642801824
hoptimus1,PAAD,1,ycentered_f64,3961,3610,1,CD19,0.608014598304309,0.3287049333717106,0.5391695226536675,0.43935951142625346,0.5701374608393851,0.41917083689685297,0.8962020639764197,0.4385822735420234,0.4385822735420233
hoptimus1,PAAD,1,ycentered_f64,3961,3610,1,CD1A,0.5102774549713066,0.23286901838904417,0.34657800219063184,0.4484054020799957,0.3506285639020545,0.28940911118731194,0.6721492767293231,0.3588938667027223,0.3588938667027224
hoptimus1,PAAD,1,ycentered_f64,3961,3610,1,CD1C,0.4689049440414278,0.14738695208724895,0.6359999390820711,0.7225616668032513,0.5271974109876849,0.5310880086964597,0.8636793772756517,0.9508350703849301,0.9508350703849301
hoptimus1,PAAD,1,ycentered_f64,3961,3610,1,CD2,0.6904339250266351,0.45419517358159534,0.6570139223864376,1.1135446208618112,0.9572658808607805,0.8091474113041031,1.0971565505750982,1.497661072236966,1.497661072236966
hoptimus1,PAAD,1,ycentered_f64,3961,3610,1,CD27,0.6459011558829945,0.3962966967937406,0.4564308472346804,0.5200776278012533,0.6248595042241908,0.492222364903747,0.869512276055669,0.6140309481029707,0.6140309481029708
hoptimus1,PAAD,1,ycentered_f64,3961,3610,1,CD3E,0.7445722428835099,0.25000112457645585,0.7297278882115866,1.3777141948628717,0.8604343911947636,0.9035013096023968,0.9863934187351217,1.5910757485437619,1.591075748543762
hoptimus1,PAAD,1,ycentered_f64,3961,3610,1,CD79A,0.7337260617083647,0.5356162939718547,0.4840733087279315,0.6958770753344677,0.6889547255560962,0.8020891269894487,1.0209796404724643,0.8121350227778261,0.8121350227778261
hoptimus1,PAAD,1,ycentered_f64,3961,3610,1,CD8A,0.7273816120321808,0.48693830684549855,0.5483637079644398,1.0240658774551263,0.8412437742436691,0.8597935781941356,1.0338310157063262,1.5546169420951126,1.5546169420951126
hoptimus1,PAAD,1,ycentered_f64,3961,3610,1,CDK1,0.6869112871596398,0.380388723854419,0.7773155454401729,1.0302608180001402,1.3177183618505905,0.5902000996852788,1.120054151770148,1.0753169672202052,1.0753169672202052
hoptimus1,PAAD,1,ycentered_f64,3961,3610,1,CPA3,0.4359503556898343,0.18784129728726384,0.8503769990051723,0.8444872554966504,0.8418138369298708,0.49413495189986945,1.0232583594035747,1.2462369466002494,1.2462369466002496
hoptimus1,PAAD,1,ycentered_f64,3961,3610,1,CXCL10,0.41776963632288133,-0.6132679866179469,0.5102967239969395,0.6377371125465408,0.2801024314439198,0.5832251316473294,0.562416602068582,0.7783513445951697,0.7783513445951697
hoptimus1,PAAD,1,ycentered_f64,3961,3610,1,CXCL2,0.4907554609844463,-5.922125713037648,3.28510295782661,2.2275553187256025,0.6187151940575597,0.9181274204515733,0.6888977264933166,2.8627869878204084,2.8627869878204084
hoptimus1,PAAD,1,ycentered_f64,3961,3610,1,CXCL6,0.4640135952228227,0.09117957351759742,0.9800994229995501,1.2371449488448063,1.3198166577439558,0.8382790408018109,1.0384749547215186,2.7176698222361377,2.7176698222361377
hoptimus1,PAAD,1,ycentered_f64,3961,3610,1,CXCL9,0.3921750239781962,-1.2201814027240379,0.573601934714459,0.675621113065434,0.23424454993488386,0.5995462757006517,0.5082894241164359,0.8569979597239507,0.8569979597239505
hoptimus1,PAAD,1,ycentered_f64,3961,3610,1,CXCR4,0.5561575706648689,-1.9644583213086597,2.8857940869499497,2.6714592018171777,1.2438386053920123,0.9674564346955039,0.9866429004843686,3.0764962397148983,3.0764962397148983
hoptimus1,PAAD,1,ycentered_f64,3961,3610,1,DERL3,0.5608352141941878,0.2977531530937154,0.6622534514184035,0.8485284903394792,0.8077306690968965,0.42562393754448324,0.9711072942364015,0.858519823224338,0.8585198232243381
hoptimus1,PAAD,1,ycentered_f64,3961,3610,1,DMBT1,0.6236428126547926,0.14397571893828054,2.931137208675213,0.5340403297713753,1.3248253881435976,0.6920448722138745,1.8504401052654966,0.9477073373411735,0.9477073373411737
hoptimus1,PAAD,1,ycentered_f64,3961,3610,1,EPCAM,0.91613734901624,0.6511962946485754,2.4036195347728837,2.94117170402873,3.656775203074775,1.5193852673533548,2.6250786363581766,3.3205958885606024,3.3205958885606024
hoptimus1,PAAD,1,ycentered_f64,3961,3610,1,ESR1,0.3321991435382983,0.0333034710581418,0.418149255079077,0.5661381111835836,0.3847907830143239,0.23952434139011014,0.6576890088953117,0.5685739011302254,0.5685739011302255
hoptimus1,PAAD,1,ycentered_f64,3961,3610,1,FCGR3A,0.4503188486727839,-0.9094991162727142,1.3802026498039006,2.087116932179632,1.2384298368504172,0.6721629882979451,0.8501815922254169,2.4092385465224204,2.4092385465224204
hoptimus1,PAAD,1,ycentered_f64,3961,3610,1,FOXP3,0.5572210096517567,0.26862253273798875,0.2886762105420649,0.45918670027559355,0.39777848367215524,0.4630195904931548,0.6282532005740931,0.6187126466464103,0.6187126466464106
hoptimus1,PAAD,1,ycentered_f64,3961,3610,1,GPR183,0.5563668015049613,-2.161080090281095,1.593932175375397,1.6871342517672634,0.6440451022660634,0.7922439815635541,0.7100961680189016,1.9803462513346044,1.9803462513346046
hoptimus1,PAAD,1,ycentered_f64,3961,3610,1,GZMA,0.5703882132090318,0.21557989897273,0.4503858471597165,0.7079389327066306,0.5352022727770819,0.6143682913736772,0.7577361558864527,0.8679623438896056,0.8679623438896058
hoptimus1,PAAD,1,ycentered_f64,3961,3610,1,GZMK,0.6643993534137423,0.18862135654839274,0.4822384580841296,0.7460347331316575,0.4963306197499304,0.8086917163794951,0.7709374355254042,0.877146994276078,0.877146994276078
hoptimus1,PAAD,1,ycentered_f64,3961,3610,1,HPGDS,0.3947273768838688,0.115969170758489,0.5889652471777079,0.47008612549550177,0.6323343606536739,0.33696392916098394,0.8162273244258603,0.6941177742976608,0.6941177742976608
hoptimus1,PAAD,1,ycentered_f64,3961,3610,1,IL7R,0.6490544653056056,-0.22916536692627942,1.7334767085745302,2.160992431693113,1.2292341613043047,0.9924406726360927,1.1875553153643266,2.082546129728682,2.082546129728682
hoptimus1,PAAD,1,ycentered_f64,3961,3610,1,IRF8,0.6465083532742143,0.3073979386968807,0.8290288252763613,1.447292864086462,1.7863753206511943,0.5754925245627477,1.094064498412859,1.7111980003469134,1.7111980003469132
hoptimus1,PAAD,1,ycentered_f64,3961,3610,1,KLRC1,0.39622363842660613,0.14681534576269306,0.5530310541465319,0.5355777937742023,0.4677085007656974,0.3636226389895966,0.8051063308357225,0.6663350742954522,0.6663350742954522
hoptimus1,PAAD,1,ycentered_f64,3961,3610,1,LIF,0.6983707424792683,0.4771697018457478,0.9473258883608998,2.409073267138052,2.4962429553848224,0.8327245837952336,1.3460752199102322,1.771228253073958,1.7712282530739583
hoptimus1,PAAD,1,ycentered_f64,3961,3610,1,LILRA4,0.48680128085419877,0.19640368033028166,0.5357870029126894,0.40654987240921003,0.5601125962846497,0.3385925319074546,0.8165393478726248,0.5617631695481811,0.5617631695481811
hoptimus1,PAAD,1,ycentered_f64,3961,3610,1,MARCO,0.39903520036644846,-0.036415310614304364,0.7749119286292064,0.48844451474471784,0.8692053906805297,0.30896461613993087,0.8646876638405138,0.33070376514636096,0.33070376514636096
hoptimus1,PAAD,1,ycentered_f64,3961,3610,1,MKI67,0.7667530379177174,0.37623858636191176,1.5216248556865561,1.4572421849196617,2.076967661631735,0.8338378770608743,1.5618687809055798,1.4594337819532084,1.4594337819532084
hoptimus1,PAAD,1,ycentered_f64,3961,3610,1,MS4A1,0.7419985161871014,0.519204062837298,0.5457524522834487,0.8103494351084937,0.6216854398930832,0.7908892684452973,1.0654116794118904,0.689994155563089,0.6899941555630887
hoptimus1,PAAD,1,ycentered_f64,3961,3610,1,PDCD1,0.361547790815832,0.12938478812933718,0.1487568421014588,0.1734242063999622,0.18710390940267294,0.15580910917724772,0.413357050453573,0.11863317853180758,0.11863317853180756
hoptimus1,PAAD,1,ycentered_f64,3961,3610,1,PLA2G7,0.5571510901460189,0.27842519794911025,0.963136536261738,1.5678285870021702,1.5563830042149551,0.8500169966332942,1.155322548413113,1.9474661757445824,1.9474661757445824
hoptimus1,PAAD,1,ycentered_f64,3961,3610,1,PTPRC,0.7177084206855441,-0.6709796446046836,1.5797625176087793,2.522132800847338,1.4834346249493204,0.9038632289924471,0.9723224714690655,2.9862152122843297,2.9862152122843297
hoptimus1,PAAD,1,ycentered_f64,3961,3610,1,SELL,0.5897124198992069,0.254182797181312,0.7247401372306493,0.6639509629399054,0.9616315996217596,0.5331573904706713,0.9857685509565889,0.8777871533374355,0.8777871533374357
hoptimus1,PAAD,1,ycentered_f64,3961,3610,1,TCL1A,0.5640971294673919,0.19899831181548244,0.5131737503594997,0.6469289510004007,0.3801589162726151,0.3793617809211476,0.8004155200534996,0.46851611516596675,0.46851611516596664
hoptimus1,PAAD,1,ycentered_f64,3961,3610,1,TNFRSF17,0.5906448314226261,0.3466606091911941,0.513924290752277,0.5481884339482642,0.5832763530210775,0.5014901931995424,0.8869112239634078,0.7522591115308211,0.7522591115308211
hoptimus1,PAAD,1,ycentered_f64,3961,3610,1,UBE2C,0.6979785598439918,0.41947249444891366,0.9119742784058753,1.2332953137594376,1.4701422902685783,0.6506421394231394,1.253371727390747,1.0721511878440007,1.0721511878440007
hoptimus1,PAAD,1,ycentered_f64,3961,3610,1,VSIG4,0.31301656714723836,-0.6528146323895219,0.9750419903601895,1.6709233255488407,1.1332932782305245,0.6326787168659648,0.768067847102159,1.9604260731273093,1.9604260731273093
hoptimus1,PAAD,2,nointercept_f64,5620,1951,1,ACE2,0.451675539108183,-0.32534586861420434,0.637652099043315,0.008717973315291836,0.47478471652841886,0.5068580481391802,0.6936290642064924,6.068692405068472e-17,0.7971683016451229
hoptimus1,PAAD,2,nointercept_f64,5620,1951,1,ACTA2,0.6582415698573476,-8.79966326205645,9.780871836989336,0.27198074506771364,3.3059767026402658,0.7581539081881413,0.9990407608085673,2.4274769620273887e-16,3.6300327063879507
hoptimus1,PAAD,2,nointercept_f64,5620,1951,1,AIF1,0.6351967689766908,-12.185275615774572,10.549996390129264,-0.3371776333974406,2.8327387605551753,0.724153188096177,0.8945024806742072,4.0457949367123145e-17,2.01106989967017
hoptimus1,PAAD,2,nointercept_f64,5620,1951,1,ANPEP,0.8034597614240284,-0.29310283077887367,4.390626772488596,0.3830906712621163,2.168095487927486,1.5100022455139326,1.8426664534878117,1.0114487341780786e-17,2.7717355678302114
hoptimus1,PAAD,2,nointercept_f64,5620,1951,1,BANK1,0.40989737508811863,-1.1895363725648536,0.9431846196961323,-0.06049076246765961,0.6941795512873475,0.3925766276202298,0.6563300261519209,1.6183179746849258e-16,0.9010787131523322
hoptimus1,PAAD,2,nointercept_f64,5620,1951,1,CCL19,0.4060998789287193,-0.37999907949979495,0.6329835084099379,-0.04085884402474449,0.45719412392313696,0.31848240294770724,0.6772621410517028,4.298657120256834e-17,0.43396335628109045
hoptimus1,PAAD,2,nointercept_f64,5620,1951,1,CCL5,0.6920057405963365,-2.365216318011388,3.859519367270008,-0.20149181410784753,1.5983131079720205,0.5909309524820814,1.0709276193458341,4.0457949367123145e-17,1.0753855490387547
hoptimus1,PAAD,2,nointercept_f64,5620,1951,1,CCR7,0.4074577520649489,-1.0624165945290462,0.8904256237518035,0.007114108212278027,0.7352246442004878,0.2825528746583535,0.6570684695263429,3.034346202534236e-17,0.5775859106053661
hoptimus1,PAAD,2,nointercept_f64,5620,1951,1,CD14,0.5572521595625702,-7.630268342751885,6.075451664290041,-0.4192800917153711,1.9431007964252998,0.5636854579100771,0.8390293154803272,8.091589873424629e-17,1.596929630520505
hoptimus1,PAAD,2,nointercept_f64,5620,1951,1,CD19,0.31476946339982337,-0.2556443295740698,0.281629543193391,0.1032466929598519,0.35991639237963563,0.26604307634772384,0.47359355711337126,2.0228974683561573e-17,0.5503956828465241
hoptimus1,PAAD,2,nointercept_f64,5620,1951,1,CD1A,0.2023345855011986,-0.5966850641193875,0.31134200340940577,-0.05983722145959336,0.2834931525250449,0.16969845061198896,0.441579828468169,5.0572436708903925e-17,0.37976024575080736
hoptimus1,PAAD,2,nointercept_f64,5620,1951,1,CD1C,0.32251607138039196,-0.7050553400212578,0.7721327088277218,0.04913225154908471,0.6368530397840428,0.3618504250137712,0.6729406069625872,0.0,0.787711759224481
hoptimus1,PAAD,2,nointercept_f64,5620,1951,1,CD2,0.7143715499715877,-1.2169853033274531,1.907268406036416,0.10279539697880831,1.3204500340975474,0.6049714984713879,0.9275225997285411,9.103038607602707e-17,1.2120582420842927
hoptimus1,PAAD,2,nointercept_f64,5620,1951,1,CD27,0.4977185523898608,-0.42138274100857465,0.5335838846583844,0.07855886987875231,0.579104289710369,0.33015701935038194,0.6126971121711041,-5.562968037979432e-17,0.633111552750937
hoptimus1,PAAD,2,nointercept_f64,5620,1951,1,CD3E,0.682309821348483,-2.354357250427174,2.9066219230518633,-0.054753624913866344,1.5076413031787765,0.5858592302463747,0.9308712453818948,6.068692405068472e-17,1.1507137027923746
hoptimus1,PAAD,2,nointercept_f64,5620,1951,1,CD79A,0.5934794126111504,-0.48570512290026135,0.9431212012187447,0.0633594023510302,0.7926299356302196,0.48153769001550656,0.7967415083796745,-1.517173101267118e-17,0.7397815622893092
hoptimus1,PAAD,2,nointercept_f64,5620,1951,1,CD8A,0.7362345047183537,-1.142258950746411,2.470210102347748,-0.07033625587047491,1.3104543963314508,0.6020056805395173,1.073818702500832,8.091589873424629e-17,1.181144342600663
hoptimus1,PAAD,2,nointercept_f64,5620,1951,1,CDK1,0.5913981296066371,-1.1664856714687888,2.549021319837231,-0.13498650504970752,1.1888602593200503,0.4643197917187516,1.0846979600784568,4.0457949367123145e-17,1.19160630382677
hoptimus1,PAAD,2,nointercept_f64,5620,1951,1,CPA3,0.678996145756967,-0.7009378963065735,1.9834778133051916,0.15168128946371617,1.3126561082613157,0.6488167213869822,1.079864949243919,-8.091589873424629e-17,0.9633986529506399
hoptimus1,PAAD,2,nointercept_f64,5620,1951,1,CXCL10,0.07814225295296667,-1.0591366450779605,1.2269209956495892,-0.07036319670118645,0.6754377179729945,0.3404934120631745,0.7719083083375469,8.091589873424629e-17,0.49402855261364864
hoptimus1,PAAD,2,nointercept_f64,5620,1951,1,CXCL2,0.6329101313255003,-2.784575060760476,6.248850738529448,-0.3233954380061408,1.89052851844115,1.4113139477534482,1.2849656376367504,-8.091589873424629e-17,1.7588327348444386
hoptimus1,PAAD,2,nointercept_f64,5620,1951,1,CXCL6,0.7252531929045072,-1.212019746233846,5.821216866549834,-0.24859618960099134,1.8760925192273257,1.4204571570900002,1.6222298549927059,-1.6183179746849258e-16,2.11191668955881
hoptimus1,PAAD,2,nointercept_f64,5620,1951,1,CXCL9,0.31302309309971144,-0.9064787317972656,1.4678571679864447,-0.11536738796145125,0.7637732709022377,0.2527936512308568,0.8774571488184663,8.091589873424629e-17,0.4893363153382977
hoptimus1,PAAD,2,nointercept_f64,5620,1951,1,CXCR4,0.5577767600870573,-10.313415755996077,9.745139392494979,-0.29649801225610856,2.724898707432847,0.6690361752782561,0.9281050892801636,2.022897468356157e-16,2.021349037860212
hoptimus1,PAAD,2,nointercept_f64,5620,1951,1,DERL3,0.4629402710470221,-1.0036151315893362,0.8869068016339343,0.1656051185926558,0.8967327761197933,0.37562482446631096,0.6653219340263447,-1.41602822784931e-16,0.8126297311426481
hoptimus1,PAAD,2,nointercept_f64,5620,1951,1,DMBT1,0.2382381140141827,-0.5250859826867524,2.5966773803876353,0.020821729856379548,0.9482418679384499,0.6722017528337868,1.304853734041687,-8.091589873424629e-17,1.1897630836403668
hoptimus1,PAAD,2,nointercept_f64,5620,1951,1,EPCAM,0.9216493413377665,-1.9280849045461839,9.521426719968236,0.4020618119770826,3.4056102359435427,1.5593577030946875,1.803263456966708,8.091589873424629e-17,3.5070272646552727
hoptimus1,PAAD,2,nointercept_f64,5620,1951,1,ESR1,0.29584124634515585,-1.023522080361865,0.5396852853607006,-0.05070695571423201,0.49186296489897413,0.19682739256847415,0.516435769315924,-2.2757596519006768e-17,0.4771514776762694
hoptimus1,PAAD,2,nointercept_f64,5620,1951,1,FCGR3A,0.47833531639183385,-8.045841711047746,6.289622565693536,-0.20412994462154066,2.1884099851810643,0.5696197828426283,0.833849745096411,1.0114487341780785e-16,1.7338323332236756
hoptimus1,PAAD,2,nointercept_f64,5620,1951,1,FOXP3,0.27401174676808876,-0.8455677300269189,0.7810313680296082,-0.016789626347014686,0.606685852833371,0.20810402365905484,0.6505328683609473,2.5286218354451966e-18,0.48097100009697613
hoptimus1,PAAD,2,nointercept_f64,5620,1951,1,GPR183,0.607918737577345,-3.990618256051415,3.9850267609097623,-0.19639845978988954,1.668997253838837,0.4993997777918085,0.8935902995721656,4.0457949367123145e-17,1.2300606189461365
hoptimus1,PAAD,2,nointercept_f64,5620,1951,1,GZMA,0.5302741661067577,-1.2308549844324972,1.2702337915724804,-0.11306210997624073,0.8143965478801287,0.3724032578719223,0.7545815129796707,-1.0114487341780786e-17,0.6728098547967728
hoptimus1,PAAD,2,nointercept_f64,5620,1951,1,GZMK,0.6582588383572671,-1.3110166080724976,1.7988592827833503,-0.24264622141556766,0.9063096581698075,0.3867125609117573,0.8822609608238531,6.068692405068472e-17,0.6224061634404804
hoptimus1,PAAD,2,nointercept_f64,5620,1951,1,HPGDS,0.26854772842244634,-0.9282690739941817,0.6842809800439666,0.06745285925636911,0.6528938243109285,0.27071982706647835,0.5957079779274086,1.7700352848116374e-17,0.6687422944345508
hoptimus1,PAAD,2,nointercept_f64,5620,1951,1,IL7R,0.6724912314993142,-3.059704852751193,5.4435217701815,-0.1229071662735034,2.045177038543228,0.6867075048288005,1.1579578511440405,2.022897468356157e-16,1.5473950426985785
hoptimus1,PAAD,2,nointercept_f64,5620,1951,1,IRF8,0.4876455107747375,-3.5965700463550325,2.3957129333736717,-0.04672178418893196,1.3579738672912456,0.5110680820936625,0.7219389066582846,7.08014113924655e-17,1.8821108846689882
hoptimus1,PAAD,2,nointercept_f64,5620,1951,1,KLRC1,0.3162272232694047,-1.1734545431697692,0.827693847214926,-0.08964571096855746,0.6062730751179354,0.22070380391895075,0.6171057351955214,2.5286218354451963e-17,0.55959824688494
hoptimus1,PAAD,2,nointercept_f64,5620,1951,1,LIF,0.6678458281882286,-1.9932692725569225,4.6924857753068245,-0.1372498476442363,1.8088382704327621,0.6444584417352708,1.2520699389761503,1.2137384810136944e-16,2.2238841127670534
hoptimus1,PAAD,2,nointercept_f64,5620,1951,1,LILRA4,0.2653267241079193,-1.0302838680228708,0.5296202290155705,-0.06584214245308179,0.46495620762000384,0.20884402960715795,0.5107447373918323,8.091589873424629e-17,0.5943097555340398
hoptimus1,PAAD,2,nointercept_f64,5620,1951,1,MARCO,0.2899027424283505,-0.7017950522415715,0.3293086796792114,-0.06823765435633938,0.21777618297975776,0.39259455705131074,0.4398939211112948,-1.0114487341780786e-17,0.7158127653216976
hoptimus1,PAAD,2,nointercept_f64,5620,1951,1,MKI67,0.5522031536350387,-1.02670028415254,3.744698742023551,-0.029131916552271306,1.5332466676747232,0.6113226900143871,1.3592948710651793,1.6183179746849258e-16,1.8304815338387608
hoptimus1,PAAD,2,nointercept_f64,5620,1951,1,MS4A1,0.48713881754093974,-0.7102319787547007,0.7939638418314173,-0.04624583807678166,0.6114125062965968,0.4177795774478119,0.6813540643130709,1.1378798259503384e-16,0.6733959943798513
hoptimus1,PAAD,2,nointercept_f64,5620,1951,1,PDCD1,0.04189377881247283,-0.3322686915126001,0.08319758878180017,-0.028975295301493512,0.08947776293889001,0.09310085568195489,0.24989608879439842,1.0114487341780786e-17,0.17273665793849904
hoptimus1,PAAD,2,nointercept_f64,5620,1951,1,PLA2G7,0.3860253216803603,-3.491970067965335,3.958537078960478,-0.3115716193820227,1.4685338862060828,0.5619640059146869,0.9387477990423372,4.0457949367123145e-17,1.8625171806676533
hoptimus1,PAAD,2,nointercept_f64,5620,1951,1,PTPRC,0.6220657403500028,-9.947784121661744,9.234059096110878,-0.34026969706479915,2.6038627350165378,0.7928270882578672,0.9184028278823956,4.0457949367123145e-17,2.1536407928661943
hoptimus1,PAAD,2,nointercept_f64,5620,1951,1,SELL,0.4642912903793791,-1.2663587232648217,0.8633051759292657,-0.11596842788138524,0.6200840722469719,0.4373005006198578,0.6171885300132182,4.0457949367123145e-17,1.0211069331050344
hoptimus1,PAAD,2,nointercept_f64,5620,1951,1,TCL1A,0.1987089678559149,-0.9784924808626523,0.5474280659097498,-0.10624421923101313,0.409846818856494,0.22827230558399814,0.5260128184306844,4.0457949367123145e-17,0.4321272021935079
hoptimus1,PAAD,2,nointercept_f64,5620,1951,1,TNFRSF17,0.4614737914860961,-0.6895783119659034,0.8767616271780952,0.07518405710406208,0.7588874368652938,0.3623767676653658,0.7203633414833925,-4.298657120256834e-17,0.6414122038888762
hoptimus1,PAAD,2,nointercept_f64,5620,1951,1,UBE2C,0.6039632805460631,-0.9191162852151007,2.9593254908070517,-0.14913152000518692,1.2364309642450557,0.5050341728591958,1.2417830345059815,0.0,1.270770055458639
hoptimus1,PAAD,2,nointercept_f64,5620,1951,1,VSIG4,0.5700741120233563,-4.6211399053081585,4.1957278143917955,-0.3070700141570774,1.614293547913333,0.47685943182396445,0.8639556638741492,-4.0457949367123145e-17,1.549279305710063
hoptimus1,PAAD,2,intercept_f64,5620,1951,1,ACE2,0.4516755391081819,-0.10172248737190914,0.5300621319101237,0.8058862749604183,0.47478471652841886,0.5068580481391793,0.6936290642064924,0.7971683016451229,0.7971683016451229
hoptimus1,PAAD,2,intercept_f64,5620,1951,1,ACTA2,0.6582415698573479,0.06721115069180794,0.9310001723611909,3.9020134514556823,3.3059767026402658,0.758153908188151,0.9990407608085673,3.6300327063879507,3.6300327063879507
hoptimus1,PAAD,2,intercept_f64,5620,1951,1,AIF1,0.6351967689766919,-1.3053014331337587,1.8445516427903836,1.673892266272738,2.8327387605551753,0.7241531880961742,0.8945024806742072,2.011069899670169,2.01106989967017
hoptimus1,PAAD,2,intercept_f64,5620,1951,1,ANPEP,0.8034597614240283,0.35854110209512924,2.1780221522643726,3.1548262390923414,2.168095487927486,1.510002245513927,1.8426664534878117,2.771735567830211,2.7717355678302114
hoptimus1,PAAD,2,intercept_f64,5620,1951,1,BANK1,0.40989737508811824,0.08282011479945106,0.3950927566471376,0.840587950684677,0.6941795512873475,0.39257662762022905,0.6563300261519209,0.9010787131523321,0.9010787131523322
hoptimus1,PAAD,2,intercept_f64,5620,1951,1,CCL19,0.40609987892871874,0.15184697674339986,0.3890342278518441,0.39310451225634807,0.45719412392313696,0.3184824029477069,0.6772621410517028,0.4339633562810903,0.43396335628109045
hoptimus1,PAAD,2,intercept_f64,5620,1951,1,CCL5,0.6920057405963376,0.001640030630185696,1.1450050377643661,0.8738937349309115,1.5983131079720205,0.590930952482081,1.0709276193458341,1.075385549038754,1.0753855490387547
hoptimus1,PAAD,2,intercept_f64,5620,1951,1,CCR7,0.407457752064948,0.11303274117737061,0.3829383339814104,0.5847000188176469,0.7352246442004878,0.2825528746583535,0.6570684695263429,0.5775859106053659,0.5775859106053661
hoptimus1,PAAD,2,intercept_f64,5620,1951,1,CD14,0.5572521595625719,-0.5348999763738749,1.0805238314300114,1.1776495388051416,1.9431007964252998,0.5636854579100754,0.8390293154803272,1.5969296305205043,1.596929630520505
hoptimus1,PAAD,2,intercept_f64,5620,1951,1,CD19,0.31476946339982287,-0.34657812411974986,0.3020251619331568,0.6536423758063785,0.35991639237963563,0.2660430763477237,0.47359355711337126,0.550395682846524,0.5503956828465241
hoptimus1,PAAD,2,intercept_f64,5620,1951,1,CD1A,0.20233458550119926,0.0010223541609044595,0.19479339326587444,0.319923024291216,0.2834931525250449,0.16969845061198832,0.441579828468169,0.3797602457508073,0.37976024575080736
hoptimus1,PAAD,2,intercept_f64,5620,1951,1,CD1C,0.3225160713803918,-0.030615746154095236,0.4667133723815345,0.8368440107735693,0.6368530397840428,0.36185042501376996,0.6729406069625872,0.7877117592244807,0.787711759224481
hoptimus1,PAAD,2,intercept_f64,5620,1951,1,CD2,0.7143715499715876,0.5064305333896401,0.42461691037702975,1.3148536390631071,1.3204500340975474,0.6049714984713884,0.9275225997285411,1.2120582420842922,1.2120582420842927
hoptimus1,PAAD,2,intercept_f64,5620,1951,1,CD27,0.4977185523898606,0.1992175074839283,0.3006119469411593,0.7116704226296929,0.579104289710369,0.33015701935038194,0.6126971121711041,0.6331115527509369,0.633111552750937
hoptimus1,PAAD,2,intercept_f64,5620,1951,1,CD3E,0.6823098213484836,0.26715539369064945,0.6350254429869698,1.095960077878514,1.5076413031787765,0.5858592302463744,0.9308712453818948,1.1507137027923742,1.1507137027923746
hoptimus1,PAAD,2,intercept_f64,5620,1951,1,CD79A,0.5934794126111508,0.35192486411173307,0.4113961722402808,0.8031409646403429,0.7926299356302196,0.481537690015506,0.7967415083796745,0.7397815622893092,0.7397815622893092
hoptimus1,PAAD,2,intercept_f64,5620,1951,1,CD8A,0.7362345047183536,0.4766343455728478,0.6034859260769306,1.110808086730193,1.3104543963314508,0.6020056805395175,1.073818702500832,1.1811443426006625,1.181144342600663
hoptimus1,PAAD,2,intercept_f64,5620,1951,1,CDK1,0.5913981296066371,0.3082104458409477,0.8139386037095796,1.0566197987770678,1.1888602593200503,0.46431979171874993,1.0846979600784568,1.1916063038267697,1.19160630382677
hoptimus1,PAAD,2,intercept_f64,5620,1951,1,CPA3,0.6789961457569663,0.421450289175455,0.6746516247338575,1.115079942414361,1.3126561082613157,0.648816721386981,1.079864949243919,0.9633986529506399,0.9633986529506399
hoptimus1,PAAD,2,intercept_f64,5620,1951,1,CXCL10,0.07814225295296744,-0.23202254266136713,0.7340913136182825,0.4236653559124643,0.6754377179729945,0.34049341206317374,0.7719083083375469,0.4940285526136483,0.49402855261364864
hoptimus1,PAAD,2,intercept_f64,5620,1951,1,CXCL2,0.6329101313254997,0.05852768999667801,1.5544994735781843,1.4354372968383053,1.89052851844115,1.4113139477534447,1.2849656376367504,1.7588327348444373,1.7588327348444386
hoptimus1,PAAD,2,intercept_f64,5620,1951,1,CXCL6,0.7252531929045068,0.5033199844200034,1.307077881603529,1.863320499957827,1.8760925192273257,1.420457157089995,1.6222298549927059,2.111916689558809,2.11191668955881
hoptimus1,PAAD,2,intercept_f64,5620,1951,1,CXCL9,0.31302309309971205,-0.09998979562717913,0.8469162961504249,0.37396892737684845,0.7637732709022377,0.2527936512308562,0.8774571488184663,0.4893363153382975,0.4893363153382977
hoptimus1,PAAD,2,intercept_f64,5620,1951,1,CXCR4,0.5577767600870585,-0.8765218494883653,1.616396620678822,1.7248510256041123,2.724898707432847,0.6690361752782544,0.9281050892801636,2.0213490378602113,2.021349037860212
hoptimus1,PAAD,2,intercept_f64,5620,1951,1,DERL3,0.46294027104702107,0.18897756419103273,0.3590017380364459,0.9782348497353084,0.8967327761197933,0.37562482446631057,0.6653219340263447,0.8126297311426478,0.8126297311426481
hoptimus1,PAAD,2,intercept_f64,5620,1951,1,DMBT1,0.2382381140141822,-0.06034723989805135,1.8053930889516716,1.2105848134967527,0.9482418679384499,0.672201752833785,1.304853734041687,1.1897630836403668,1.1897630836403668
hoptimus1,PAAD,2,intercept_f64,5620,1951,1,EPCAM,0.9216493413377653,0.7682440470503064,0.7536145278782197,3.909089076632373,3.4056102359435427,1.5593577030946808,1.803263456966708,3.5070272646552727,3.5070272646552727
hoptimus1,PAAD,2,intercept_f64,5620,1951,1,ESR1,0.295841246345155,0.06420242034513624,0.2495827392827722,0.4264445219620398,0.49186296489897413,0.19682739256847404,0.516435769315924,0.47715147767626925,0.4771514776762694
hoptimus1,PAAD,2,intercept_f64,5620,1951,1,FCGR3A,0.4783353163918364,-0.4371684033014862,0.9992709477844481,1.5297023886021435,2.1884099851810643,0.569619782842627,0.833849745096411,1.733832333223675,1.7338323332236756
hoptimus1,PAAD,2,intercept_f64,5620,1951,1,FOXP3,0.27401174676808865,0.024990467820492746,0.4126172214492294,0.46418137374996377,0.606685852833371,0.20810402365905498,0.6505328683609473,0.48097100009697596,0.48097100009697613
hoptimus1,PAAD,2,intercept_f64,5620,1951,1,GPR183,0.6079187375773454,-0.1383495932660015,0.9089762750206682,1.0336621591562525,1.668997253838837,0.4993997777918074,0.8935902995721656,1.2300606189461358,1.2300606189461365
hoptimus1,PAAD,2,intercept_f64,5620,1951,1,GZMA,0.5302741661067575,0.16595387401663242,0.4749002424394246,0.5597477448205354,0.8143965478801287,0.37240325787192274,0.7545815129796707,0.6728098547967728,0.6728098547967728
hoptimus1,PAAD,2,intercept_f64,5620,1951,1,GZMK,0.6582588383572673,0.02873918052055091,0.7560142731218147,0.3797599420249156,0.9063096581698075,0.3867125609117574,0.8822609608238531,0.6224061634404802,0.6224061634404804
hoptimus1,PAAD,2,intercept_f64,5620,1951,1,HPGDS,0.26854772842244656,0.018003953866118083,0.34847896795642974,0.7361951536909233,0.6528938243109285,0.27071982706647785,0.5957079779274086,0.6687422944345507,0.6687422944345508
hoptimus1,PAAD,2,intercept_f64,5620,1951,1,IL7R,0.6724912314993144,0.15861289418882507,1.1281876869766219,1.4244878764250823,2.045177038543228,0.6867075048288016,1.1579578511440405,1.5473950426985779,1.5473950426985785
hoptimus1,PAAD,2,intercept_f64,5620,1951,1,IRF8,0.4876455107747396,-0.24803074728105234,0.6504683649670827,1.8353891004800655,1.3579738672912456,0.5110680820936598,0.7219389066582846,1.882110884668988,1.8821108846689882
hoptimus1,PAAD,2,intercept_f64,5620,1951,1,KLRC1,0.316227223269403,0.04948619802731469,0.3619741797950297,0.4699525359163853,0.6062730751179354,0.22070380391895114,0.6171057351955214,0.5595982468849399,0.55959824688494
hoptimus1,PAAD,2,intercept_f64,5620,1951,1,LIF,0.6678458281882292,0.37334279283036187,0.9823974266522016,2.0866342651228282,1.8088382704327621,0.6444584417352704,1.2520699389761503,2.223884112767053,2.2238841127670534
hoptimus1,PAAD,2,intercept_f64,5620,1951,1,LILRA4,0.26532672410792096,0.034321632922625134,0.2519070391988851,0.5284676130809606,0.46495620762000384,0.20884402960715748,0.5107447373918323,0.5943097555340395,0.5943097555340398
hoptimus1,PAAD,2,intercept_f64,5620,1951,1,MARCO,0.28990274242835046,-1.2336796001747143,0.43223188302906707,0.6475751109653619,0.21777618297975776,0.39259455705131124,0.4398939211112948,0.7158127653216978,0.7158127653216976
hoptimus1,PAAD,2,intercept_f64,5620,1951,1,MKI67,0.552203153635039,0.2555262830373437,1.3755510931629342,1.801349617286498,1.5332466676747232,0.6113226900143847,1.3592948710651793,1.8304815338387608,1.8304815338387608
hoptimus1,PAAD,2,intercept_f64,5620,1951,1,MS4A1,0.48713881754093963,0.22088919744501323,0.36169701753521016,0.6271501563030729,0.6114125062965968,0.41777957744781163,0.6813540643130709,0.6733959943798512,0.6733959943798513
hoptimus1,PAAD,2,intercept_f64,5620,1951,1,PDCD1,0.0418937788124729,-0.1547704847910505,0.07211317097148583,0.1437613626370064,0.08947776293889001,0.09310085568195495,0.24989608879439842,0.17273665793849902,0.17273665793849904
hoptimus1,PAAD,2,intercept_f64,5620,1951,1,PLA2G7,0.3860253216803626,0.09610726247694723,0.7965531521248124,1.5509455612856395,1.4685338862060828,0.5619640059146858,0.9387477990423372,1.8625171806676526,1.8625171806676533
hoptimus1,PAAD,2,intercept_f64,5620,1951,1,PTPRC,0.6220657403500056,-0.4120587211104223,1.1910203501467307,1.8133710958014042,2.6038627350165378,0.7928270882578639,0.9184028278823956,2.1536407928661934,2.1536407928661943
hoptimus1,PAAD,2,intercept_f64,5620,1951,1,SELL,0.4642912903793792,-0.057403508965801375,0.4027879227437187,0.9051385052236538,0.6200840722469719,0.43730050061985637,0.6171885300132182,1.0211069331050344,1.0211069331050344
hoptimus1,PAAD,2,intercept_f64,5620,1951,1,TCL1A,0.19870896785591374,-0.041340735784762384,0.2881280320535431,0.32588298296249685,0.409846818856494,0.22827230558399778,0.5260128184306844,0.4321272021935078,0.4321272021935079
hoptimus1,PAAD,2,intercept_f64,5620,1951,1,TNFRSF17,0.46147379148609585,0.20778306818007852,0.41109985923782955,0.7165962609929414,0.7588874368652938,0.3623767676653655,0.7203633414833925,0.6414122038888761,0.6414122038888762
hoptimus1,PAAD,2,intercept_f64,5620,1951,1,UBE2C,0.603963280546064,0.3173137120237063,1.0527193947532205,1.1216385354534586,1.2364309642450557,0.5050341728591944,1.2417830345059815,1.2707700554586387,1.270770055458639
hoptimus1,PAAD,2,intercept_f64,5620,1951,1,VSIG4,0.5700741120233564,0.13917486614159735,0.6425365705711318,1.2422092915529925,1.614293547913333,0.4768594318239645,0.8639556638741492,1.5492793057100624,1.549279305710063
hoptimus1,PAAD,2,ycentered_f64,5620,1951,1,ACE2,0.4516755391081819,-0.10172248737190936,0.5300621319101239,0.8058862749604184,0.47478471652841886,0.5068580481391795,0.6936290642064924,0.7971683016451229,0.7971683016451229
hoptimus1,PAAD,2,ycentered_f64,5620,1951,1,ACTA2,0.6582415698573478,0.06721115069180761,0.9310001723611913,3.9020134514556823,3.3059767026402658,0.758153908188151,0.9990407608085673,3.6300327063879507,3.6300327063879507
hoptimus1,PAAD,2,ycentered_f64,5620,1951,1,AIF1,0.6351967689766918,-1.3053014331337565,1.8445516427903816,1.6738922662727391,2.8327387605551753,0.7241531880961743,0.8945024806742072,2.01106989967017,2.01106989967017
hoptimus1,PAAD,2,ycentered_f64,5620,1951,1,ANPEP,0.8034597614240286,0.3585411020951288,2.178022152264374,3.154826239092342,2.168095487927486,1.5100022455139275,1.8426664534878117,2.7717355678302114,2.7717355678302114
hoptimus1,PAAD,2,ycentered_f64,5620,1951,1,BANK1,0.40989737508811835,0.08282011479945162,0.39509275664713733,0.8405879506846772,0.6941795512873475,0.392576627620229,0.6563300261519209,0.9010787131523323,0.9010787131523322
hoptimus1,PAAD,2,ycentered_f64,5620,1951,1,CCL19,0.4060998789287188,0.15184697674339953,0.3890342278518442,0.3931045122563482,0.45719412392313696,0.31848240294770697,0.6772621410517028,0.43396335628109045,0.43396335628109045
hoptimus1,PAAD,2,ycentered_f64,5620,1951,1,CCL5,0.6920057405963376,0.0016400306301865841,1.145005037764365,0.8738937349309122,1.5983131079720205,0.590930952482081,1.0709276193458341,1.0753855490387547,1.0753855490387547
hoptimus1,PAAD,2,ycentered_f64,5620,1951,1,CCR7,0.4074577520649479,0.11303274117737117,0.38293833398141014,0.5847000188176471,0.7352246442004878,0.2825528746583535,0.6570684695263429,0.5775859106053661,0.5775859106053661
hoptimus1,PAAD,2,ycentered_f64,5620,1951,1,CD14,0.5572521595625721,-0.5348999763738727,1.0805238314300099,1.1776495388051422,1.9431007964252998,0.5636854579100753,0.8390293154803272,1.596929630520505,1.596929630520505
hoptimus1,PAAD,2,ycentered_f64,5620,1951,1,CD19,0.3147694633998229,-0.3465781241197501,0.30202516193315687,0.6536423758063785,0.35991639237963563,0.2660430763477237,0.47359355711337126,0.5503956828465241,0.5503956828465241
hoptimus1,PAAD,2,ycentered_f64,5620,1951,1,CD1A,0.2023345855011992,0.0010223541609043485,0.19479339326587447,0.319923024291216,0.2834931525250449,0.1696984506119882,0.441579828468169,0.37976024575080736,0.37976024575080736
hoptimus1,PAAD,2,ycentered_f64,5620,1951,1,CD1C,0.3225160713803917,-0.030615746154095458,0.4667133723815346,0.8368440107735695,0.6368530397840428,0.36185042501377,0.6729406069625872,0.787711759224481,0.787711759224481
hoptimus1,PAAD,2,ycentered_f64,5620,1951,1,CD2,0.7143715499715876,0.50643053338964,0.4246169103770298,1.3148536390631074,1.3204500340975474,0.6049714984713884,0.9275225997285411,1.2120582420842927,1.2120582420842927
hoptimus1,PAAD,2,ycentered_f64,5620,1951,1,CD27,0.4977185523898605,0.1992175074839282,0.30061194694115934,0.7116704226296928,0.579104289710369,0.3301570193503819,0.6126971121711041,0.6331115527509369,0.633111552750937
hoptimus1,PAAD,2,ycentered_f64,5620,1951,1,CD3E,0.6823098213484836,0.26715539369064956,0.6350254429869697,1.095960077878514,1.5076413031787765,0.5858592302463744,0.9308712453818948,1.1507137027923746,1.1507137027923746
hoptimus1,PAAD,2,ycentered_f64,5620,1951,1,CD79A,0.593479412611151,0.3519248641117333,0.4113961722402807,0.803140964640343,0.7926299356302196,0.4815376900155059,0.7967415083796745,0.7397815622893092,0.7397815622893092
hoptimus1,PAAD,2,ycentered_f64,5620,1951,1,CD8A,0.7362345047183538,0.4766343455728479,0.6034859260769305,1.1108080867301937,1.3104543963314508,0.6020056805395175,1.073818702500832,1.181144342600663,1.181144342600663
hoptimus1,PAAD,2,ycentered_f64,5620,1951,1,CDK1,0.5913981296066374,0.3082104458409476,0.8139386037095798,1.056619798777068,1.1888602593200503,0.46431979171874993,1.0846979600784568,1.1916063038267701,1.19160630382677
hoptimus1,PAAD,2,ycentered_f64,5620,1951,1,CPA3,0.6789961457569664,0.421450289175455,0.6746516247338575,1.115079942414361,1.3126561082613157,0.648816721386981,1.079864949243919,0.9633986529506399,0.9633986529506399
hoptimus1,PAAD,2,ycentered_f64,5620,1951,1,CXCL10,0.07814225295296744,-0.23202254266136713,0.7340913136182825,0.4236653559124646,0.6754377179729945,0.34049341206317374,0.7719083083375469,0.49402855261364864,0.49402855261364864
hoptimus1,PAAD,2,ycentered_f64,5620,1951,1,CXCL2,0.6329101313254997,0.05852768999667923,1.554499473578182,1.4354372968383065,1.89052851844115,1.4113139477534442,1.2849656376367504,1.7588327348444386,1.7588327348444386
hoptimus1,PAAD,2,ycentered_f64,5620,1951,1,CXCL6,0.7252531929045068,0.5033199844200031,1.3070778816035296,1.8633204999578281,1.8760925192273257,1.4204571570899946,1.6222298549927059,2.11191668955881,2.11191668955881
hoptimus1,PAAD,2,ycentered_f64,5620,1951,1,CXCL9,0.31302309309971194,-0.09998979562717891,0.8469162961504247,0.3739689273768489,0.7637732709022377,0.2527936512308562,0.8774571488184663,0.48933631533829786,0.4893363153382977
hoptimus1,PAAD,2,ycentered_f64,5620,1951,1,CXCR4,0.5577767600870587,-0.876521849488364,1.616396620678821,1.7248510256041127,2.724898707432847,0.6690361752782542,0.9281050892801636,2.0213490378602126,2.021349037860212
hoptimus1,PAAD,2,ycentered_f64,5620,1951,1,DERL3,0.4629402710470212,0.18897756419103262,0.35900173803644597,0.9782348497353083,0.8967327761197933,0.3756248244663104,0.6653219340263447,0.812629731142648,0.8126297311426481
hoptimus1,PAAD,2,ycentered_f64,5620,1951,1,DMBT1,0.23823811401418213,-0.06034723989805113,1.8053930889516712,1.2105848134967527,0.9482418679384499,0.6722017528337849,1.304853734041687,1.1897630836403668,1.1897630836403668
hoptimus1,PAAD,2,ycentered_f64,5620,1951,1,EPCAM,0.9216493413377655,0.7682440470503062,0.75361452787822,3.909089076632373,3.4056102359435427,1.5593577030946808,1.803263456966708,3.5070272646552727,3.5070272646552727
hoptimus1,PAAD,2,ycentered_f64,5620,1951,1,ESR1,0.295841246345155,0.06420242034513624,0.2495827392827722,0.4264445219620398,0.49186296489897413,0.19682739256847398,0.516435769315924,0.4771514776762694,0.4771514776762694
hoptimus1,PAAD,2,ycentered_f64,5620,1951,1,FCGR3A,0.47833531639183646,-0.4371684033014849,0.9992709477844472,1.5297023886021437,2.1884099851810643,0.5696197828426267,0.833849745096411,1.7338323332236758,1.7338323332236756
hoptimus1,PAAD,2,ycentered_f64,5620,1951,1,FOXP3,0.2740117467680887,0.02499046782049308,0.4126172214492293,0.4641813737499639,0.606685852833371,0.20810402365905498,0.6505328683609473,0.48097100009697613,0.48097100009697613
hoptimus1,PAAD,2,ycentered_f64,5620,1951,1,GPR183,0.6079187375773453,-0.13834959326600083,0.9089762750206678,1.033662159156253,1.668997253838837,0.4993997777918073,0.8935902995721656,1.2300606189461365,1.2300606189461365
hoptimus1,PAAD,2,ycentered_f64,5620,1951,1,GZMA,0.5302741661067576,0.1659538740166323,0.47490024243942464,0.5597477448205355,0.8143965478801287,0.37240325787192274,0.7545815129796707,0.6728098547967728,0.6728098547967728
hoptimus1,PAAD,2,ycentered_f64,5620,1951,1,GZMK,0.6582588383572673,0.028739180520551355,0.7560142731218144,0.37975994202491575,0.9063096581698075,0.3867125609117574,0.8822609608238531,0.6224061634404804,0.6224061634404804
hoptimus1,PAAD,2,ycentered_f64,5620,1951,1,HPGDS,0.2685477284224466,0.018003953866117972,0.3484789679564298,0.7361951536909233,0.6528938243109285,0.27071982706647785,0.5957079779274086,0.6687422944345508,0.6687422944345508
hoptimus1,PAAD,2,ycentered_f64,5620,1951,1,IL7R,0.6724912314993144,0.15861289418882496,1.128187686976622,1.4244878764250826,2.045177038543228,0.6867075048288015,1.1579578511440405,1.5473950426985785,1.5473950426985785
hoptimus1,PAAD,2,ycentered_f64,5620,1951,1,IRF8,0.48764551077473955,-0.2480307472810528,0.6504683649670829,1.8353891004800658,1.3579738672912456,0.5110680820936601,0.7219389066582846,1.8821108846689882,1.8821108846689882
hoptimus1,PAAD,2,ycentered_f64,5620,1951,1,KLRC1,0.31622722326940295,0.04948619802731469,0.3619741797950297,0.4699525359163854,0.6062730751179354,0.22070380391895106,0.6171057351955214,0.55959824688494,0.55959824688494
hoptimus1,PAAD,2,ycentered_f64,5620,1951,1,LIF,0.6678458281882291,0.3733427928303614,0.9823974266522024,2.086634265122829,1.8088382704327621,0.6444584417352704,1.2520699389761503,2.223884112767054,2.2238841127670534
hoptimus1,PAAD,2,ycentered_f64,5620,1951,1,LILRA4,0.2653267241079209,0.03432163292262502,0.25190703919888513,0.5284676130809607,0.46495620762000384,0.20884402960715748,0.5107447373918323,0.5943097555340399,0.5943097555340398
hoptimus1,PAAD,2,ycentered_f64,5620,1951,1,MARCO,0.28990274242835057,-1.233679600174713,0.43223188302906684,0.6475751109653619,0.21777618297975776,0.3925945570513112,0.4398939211112948,0.7158127653216975,0.7158127653216976
hoptimus1,PAAD,2,ycentered_f64,5620,1951,1,MKI67,0.5522031536350391,0.2555262830373435,1.3755510931629347,1.8013496172864982,1.5332466676747232,0.6113226900143849,1.3592948710651793,1.8304815338387608,1.8304815338387608
hoptimus1,PAAD,2,ycentered_f64,5620,1951,1,MS4A1,0.4871388175409397,0.22088919744501312,0.3616970175352102,0.627150156303073,0.6114125062965968,0.41777957744781163,0.6813540643130709,0.6733959943798514,0.6733959943798513
hoptimus1,PAAD,2,ycentered_f64,5620,1951,1,PDCD1,0.041893778812472825,-0.1547704847910505,0.07211317097148583,0.14376136263700637,0.08947776293889001,0.09310085568195495,0.24989608879439842,0.17273665793849904,0.17273665793849904
hoptimus1,PAAD,2,ycentered_f64,5620,1951,1,PLA2G7,0.38602532168036263,0.09610726247694745,0.7965531521248121,1.5509455612856398,1.4685338862060828,0.5619640059146856,0.9387477990423372,1.8625171806676533,1.8625171806676533
hoptimus1,PAAD,2,ycentered_f64,5620,1951,1,PTPRC,0.6220657403500057,-0.4120587211104205,1.1910203501467291,1.8133710958014049,2.6038627350165378,0.7928270882578636,0.9184028278823956,2.1536407928661943,2.1536407928661943
hoptimus1,PAAD,2,ycentered_f64,5620,1951,1,SELL,0.46429129037937916,-0.057403508965801375,0.4027879227437188,0.905138505223654,0.6200840722469719,0.4373005006198564,0.6171885300132182,1.0211069331050344,1.0211069331050344
hoptimus1,PAAD,2,ycentered_f64,5620,1951,1,TCL1A,0.19870896785591366,-0.041340735784762384,0.2881280320535431,0.325882982962497,0.409846818856494,0.22827230558399775,0.5260128184306844,0.4321272021935079,0.4321272021935079
hoptimus1,PAAD,2,ycentered_f64,5620,1951,1,TNFRSF17,0.4614737914860958,0.20778306818007852,0.41109985923782955,0.7165962609929414,0.7588874368652938,0.3623767676653655,0.7203633414833925,0.6414122038888762,0.6414122038888762
hoptimus1,PAAD,2,ycentered_f64,5620,1951,1,UBE2C,0.603963280546064,0.3173137120237063,1.0527193947532205,1.1216385354534588,1.2364309642450557,0.5050341728591945,1.2417830345059815,1.270770055458639,1.270770055458639
hoptimus1,PAAD,2,ycentered_f64,5620,1951,1,VSIG4,0.5700741120233564,0.13917486614159758,0.6425365705711316,1.242209291552993,1.614293547913333,0.4768594318239643,0.8639556638741492,1.549279305710063,1.549279305710063
hoptimus1,PRAD,0,nointercept_f64,36819,25891,8,AMD1,0.4791744656009856,-0.198139873337418,1.0011242351705094,0.06992256915016568,0.6666319775445995,0.4012763657338318,0.9140926706616527,2.470177630497646e-17,0.6348578381950876
hoptimus1,PRAD,0,nointercept_f64,36819,25891,8,C1orf43,0.3646571607591678,-0.18803493238530855,0.5406703791397829,0.0830424801696962,0.4612722987763267,0.19093181895010256,0.6746083048193209,0.0,0.3407335143380818
hoptimus1,PRAD,0,nointercept_f64,36819,25891,8,C6orf48,0.3360850987202219,-0.09830173019734234,0.6385250851657157,0.16169107365200963,0.5116469795893308,0.27494432133674795,0.7624794582289015,8.954393910553966e-17,0.48648085722131595
hoptimus1,PRAD,0,nointercept_f64,36819,25891,8,C8orf59,0.33170909381316194,-0.6942134294897271,1.0996296545126456,-0.08125867314869527,0.6402840895179636,0.23020938881663938,0.8056365512344278,9.263166114366172e-17,0.5618420583757145
hoptimus1,PRAD,0,nointercept_f64,36819,25891,8,CAT,0.4416814711465106,-0.15800756818049222,0.3452991862760833,0.013396562011858333,0.33094554702365697,0.17448910328477057,0.5460621548878157,3.705266445746469e-17,0.2907845878261762
hoptimus1,PRAD,0,nointercept_f64,36819,25891,8,CCDC47,0.3916733286142416,-0.15161992815315983,0.3443676361910189,0.03209367993752536,0.32584030712646755,0.14400188735068267,0.5468353467021733,2.007019324779337e-17,0.21360333971030657
hoptimus1,PRAD,0,nointercept_f64,36819,25891,8,COX17,0.3939536610862733,-0.49331373448447335,0.9946937849308083,-0.03362216123541811,0.6182184561458,0.23739749252643438,0.816148473104281,1.1115799337239406e-16,0.493290762370451
hoptimus1,PRAD,0,nointercept_f64,36819,25891,8,COX5A,0.4582570327377806,-0.3434966864937077,0.9363117112463238,0.05691220020715476,0.6705653540740297,0.28678451045199443,0.8348182371157018,3.705266445746469e-17,0.5539651066959252
hoptimus1,PRAD,0,nointercept_f64,36819,25891,8,COX7B,0.37058336970388395,-0.6010980298226756,1.3167970374094353,0.013498570446979193,0.7927722784215995,0.32957240376619323,0.9068813251461331,4.631583057183086e-17,0.7697690345510635
hoptimus1,PRAD,0,nointercept_f64,36819,25891,8,DNAJC3,0.3212604429259207,-0.28553343114475127,0.37749377173481746,-0.00390688814826605,0.33316332075347316,0.1509211770172711,0.541892584136876,2.16140542668544e-17,0.25738905999120376
hoptimus1,PRAD,0,nointercept_f64,36819,25891,8,EIF3E,0.2662931953904733,-0.5364358840359507,1.1621150798210225,0.08375894830365226,0.7584744640971514,0.2959304005655411,0.8696957494177918,1.5438610190610287e-17,0.6586003131799629
hoptimus1,PRAD,0,nointercept_f64,36819,25891,8,EIF3H,0.3594083131410115,-0.5415523777863533,1.1535951641056355,0.0645701696209744,0.7727914378170729,0.2922064089756236,0.8650626686728163,3.396494241934263e-17,0.6741699453199145
hoptimus1,PRAD,0,nointercept_f64,36819,25891,8,GLO1,0.3729865743740569,-0.1364977673633383,0.4707081110198322,0.11567378694838458,0.429533868568815,0.36512144142030273,0.643563711316911,-1.235088815248823e-17,0.5332115927869018
hoptimus1,PRAD,0,nointercept_f64,36819,25891,8,GNG5,0.3826712232762352,-0.39171028205114533,1.0063108590790526,0.07402366235908889,0.6951385719659849,0.2676306887718479,0.8503381455835991,3.705266445746469e-17,0.5026570057706424
hoptimus1,PRAD,0,nointercept_f64,36819,25891,8,HLA-DRA,0.3798237730569464,-0.3485576469388705,0.9669800512852244,0.09453546173003663,0.6879240715104502,0.35723941057171515,0.8467866437804014,1.4821065782985876e-16,0.7817476333400175
hoptimus1,PRAD,0,nointercept_f64,36819,25891,8,HSPD1,0.3498571050651716,-0.26600736321756013,0.5890575627612508,0.06467684598188392,0.48978157390803556,0.24131061789259425,0.6821199511539323,3.0877220381220573e-17,0.4434243794736528
hoptimus1,PRAD,0,nointercept_f64,36819,25891,8,IMPDH2,0.31828734113474294,-0.09663733002572306,0.4912288936950609,0.14323363174250128,0.44098738063910825,0.20985861864010766,0.6692839943927074,3.0877220381220573e-17,0.3968487579192676
hoptimus1,PRAD,0,nointercept_f64,36819,25891,8,MAOA,0.38981945431672943,-0.037039239048697326,0.34443952462977984,0.10356807590363287,0.35092967157222815,0.18483748229827623,0.5763136366474574,-6.175444076244115e-18,0.23844470622671035
hoptimus1,PRAD,0,nointercept_f64,36819,25891,8,MIF,0.19142777398767308,-0.2960691832006608,1.1284593297480687,0.29894185632296566,0.7750350801238713,0.42966318561368155,0.9331014483087466,1.235088815248823e-17,0.690062561721292
hoptimus1,PRAD,0,nointercept_f64,36819,25891,8,MPC2,0.4403830938320801,-0.33607461209866063,1.4988867148968752,0.11410362543421679,0.8815116961701923,0.39105712872769377,1.0591782385063195,9.880710521990584e-17,0.6069347392328047
hoptimus1,PRAD,0,nointercept_f64,36819,25891,8,MRPL33,0.3130420759755349,-0.4638581690792587,0.9526806909730176,0.01103869826861268,0.614620900864093,0.215884606405072,0.8067225210038791,3.705266445746469e-17,0.51236949956036
hoptimus1,PRAD,0,nointercept_f64,36819,25891,8,MT1E,0.42928342538775843,-0.11120140178871996,2.0155464875899884,0.3496365691999576,1.079771695953454,0.5246036992644664,1.3467904227871286,1.9761421043981167e-16,0.8440119822593388
hoptimus1,PRAD,0,nointercept_f64,36819,25891,8,MT1X,0.4825700264110086,-0.016965391557000054,1.3164511104239853,0.3158221791494493,0.8843380879897249,0.5347666235291388,1.1377563832834012,2.223159867447881e-16,0.6978509165027911
hoptimus1,PRAD,0,nointercept_f64,36819,25891,8,NUCB2,0.25744735618922565,-0.3241313933019716,0.4408616952253187,-0.015638917919291215,0.34478039281272765,0.15764953916368682,0.5770130587283033,-6.175444076244115e-18,0.29689395013600595
hoptimus1,PRAD,0,nointercept_f64,36819,25891,8,NUDT4,0.3344053612687632,-0.22305912961039365,0.5570865780524965,0.09908898951480889,0.4887848424633401,0.2516340702880212,0.6748971911228028,4.014038649558674e-17,0.4171391209934649
hoptimus1,PRAD,0,nointercept_f64,36819,25891,8,PCBD1,0.398648338706323,-0.34200169211493425,0.8766914484472446,0.03618480437449522,0.6053713083239586,0.2650689703845804,0.8082521219123945,8.954393910553966e-17,0.5018051372300556
hoptimus1,PRAD,0,nointercept_f64,36819,25891,8,PDIA4,0.4531646363140689,-0.18847934756775175,0.6439583432047525,0.0719486100848108,0.5234528027230566,0.23590650262436985,0.7360936436646941,7.410532891492938e-17,0.3798279481947029
hoptimus1,PRAD,0,nointercept_f64,36819,25891,8,PERP,0.47497564107749163,0.005418503796245422,0.5402876940176902,0.17779098612376126,0.5144069383845241,0.2707034903080982,0.7370421930301725,4.32281085337088e-17,0.3650400393550337
hoptimus1,PRAD,0,nointercept_f64,36819,25891,8,REXO2,0.24308463946565917,-0.30538020326039517,0.3247791227020261,0.04823085564836158,0.2948067194616839,0.294110750941788,0.49879896208820673,-8.64562170674176e-17,0.410267059423355
hoptimus1,PRAD,0,nointercept_f64,36819,25891,8,RPL37A,0.4330185786354017,-1.929472167472443,10.046178360052235,0.10042660004565755,2.7908146602751724,0.6547019015195082,1.8518497791472526,-1.235088815248823e-17,2.999094572994282
hoptimus1,PRAD,0,nointercept_f64,36819,25891,8,RPN1,0.4292149632984353,-0.13928478818067425,0.6136833390336031,0.11235358894226173,0.5211034812314325,0.2302533734383712,0.7339323267263045,3.0877220381220574e-18,0.37234320729018233
hoptimus1,PRAD,0,nointercept_f64,36819,25891,8,RPS29,0.4107865948705283,-1.6202403675538606,7.995831798305492,0.09853493692863474,2.4313418294181646,0.5863757214640515,1.7468727020385282,2.470177630497646e-17,2.4999902190103764
hoptimus1,PRAD,0,nointercept_f64,36819,25891,8,RSL24D1,0.25615984902581757,-0.34784235804488617,0.43297615349830487,0.005939975706609796,0.37004976995270045,0.16076028249597957,0.5667772877876981,4.014038649558674e-17,0.29673194795893076
hoptimus1,PRAD,0,nointercept_f64,36819,25891,8,SEC11C,0.5320163781611665,-0.4267258027527807,2.5028217624633244,0.1678823468506909,1.2709161395163955,0.5360626107464697,1.324477861364109,2.470177630497646e-17,0.7672932006621265
hoptimus1,PRAD,0,nointercept_f64,36819,25891,8,SELENOT,0.3206834509569776,-0.1602339941308284,0.3322416212155152,0.04012678439165568,0.3144987193786054,0.1788596426205587,0.5351237491898995,7.101760687680732e-17,0.2835240502195468
hoptimus1,PRAD,0,nointercept_f64,36819,25891,8,SGK1,0.4490631871100787,0.04903657860453203,0.3423999084093718,0.15498975716581523,0.3709247327017566,0.36069598858836477,0.6000465095437001,3.705266445746469e-17,0.33853215024337824
hoptimus1,PRAD,0,nointercept_f64,36819,25891,8,SLIRP,0.33507747466353777,-0.3143411687197004,0.7820687210238434,0.06041681983077455,0.5642052300397824,0.2516461688583676,0.7713800499117152,9.10878001246007e-17,0.5323679321809893
hoptimus1,PRAD,0,nointercept_f64,36819,25891,8,SNHG8,0.45212570567261195,-0.24895764841359336,1.46250482565752,0.16520484623820972,0.8936402015985129,0.47265570133582846,1.0821184404125694,1.1115799337239406e-16,0.7714859427645289
hoptimus1,PRAD,0,nointercept_f64,36819,25891,8,SNHG9,0.24183007530990672,-0.29998777196974213,0.8398214154949579,0.09889313672493137,0.580082370731094,0.1883440493771244,0.8037552799579936,2.470177630497646e-17,0.37798004174479194
hoptimus1,PRAD,0,nointercept_f64,36819,25891,8,SNRPE,0.31913741591082256,-0.40810444997150963,0.7103969794440053,0.008156931681833872,0.5153769902644099,0.22520511152170683,0.7102857758634687,4.477196955276983e-17,0.4132010090787872
hoptimus1,PRAD,0,nointercept_f64,36819,25891,8,SOD2,0.22015199506998595,-0.16438393540090046,0.517721764798889,0.11557985766572682,0.4094246883969894,0.2378779643622457,0.66680693650771,4.014038649558674e-17,0.36326662611315763
hoptimus1,PRAD,0,nointercept_f64,36819,25891,8,SPCS3,0.33459876617611833,-0.12874026557122087,0.3441255958570523,0.08065808284707549,0.3468676287377126,0.1346003367506519,0.5521555975420106,2.7789498343098515e-17,0.20684588219348318
hoptimus1,PRAD,0,nointercept_f64,36819,25891,8,SPON2,0.4493222592628116,-0.11723678744286836,1.9433770418477465,0.37826018404414724,1.1169734112859384,0.6896008253067867,1.3188819367725326,-9.880710521990584e-17,1.001858987108623
hoptimus1,PRAD,0,nointercept_f64,36819,25891,8,SRRM1,0.2608620736380437,-0.37148950979608375,0.4318184880796087,-0.02555387971800212,0.3456409929304317,0.17096471673321595,0.5611182204128788,6.175444076244115e-18,0.3052165625863935
hoptimus1,PRAD,0,nointercept_f64,36819,25891,8,SVIP,0.3603501483244619,-0.2032075442869219,0.3970646975168614,0.03545643336133925,0.36376971807307107,0.16094368367363618,0.5744607553704537,4.631583057183086e-17,0.2679677636986201
hoptimus1,PRAD,0,nointercept_f64,36819,25891,8,TMCO1,0.3813321715064443,-0.19525606955950714,0.37732022259193654,0.015604146059000566,0.3426882413819419,0.1906039664956203,0.5618554037324328,8.336849502929554e-17,0.29828753889427784
hoptimus1,PRAD,0,nointercept_f64,36819,25891,8,TOB1,0.17008191985856314,-0.5202915856800814,0.49078179636429453,-0.04820078752100918,0.36947562412675833,0.14998291733902466,0.5681732422235286,1.235088815248823e-17,0.25294588207826213
hoptimus1,PRAD,0,nointercept_f64,36819,25891,8,TXNL4A,0.3534410349649087,-0.2522722139871245,0.5496623975834405,0.023620534645561055,0.4283994266688582,0.19273639594552602,0.6625194639029947,3.705266445746469e-17,0.3618124070355717
hoptimus1,PRAD,0,nointercept_f64,36819,25891,8,XBP1,0.5103695549370744,-0.06417520462306614,0.9730707262741668,0.24080727576614291,0.7842429535749277,0.4488382452722689,0.9562372024751462,9.263166114366172e-17,0.6342876569222172
hoptimus1,PRAD,0,nointercept_f64,36819,25891,8,ZFAS1,0.3720957994003639,-0.40949836020504193,1.3506830025794307,0.09413269150830762,0.8185962171949797,0.37978379542343876,0.9789137524642417,9.880710521990584e-17,0.6861910932938692
hoptimus1,PRAD,0,intercept_f64,36819,25891,8,AMD1,0.4791744656009882,0.22625157572170562,0.6465174198003238,0.704780407345252,0.6666319775445995,0.401276365733831,0.9140926706616527,0.6348578381950868,0.6348578381950876
hoptimus1,PRAD,0,intercept_f64,36819,25891,8,C1orf43,0.36465716075916743,0.12322183379615459,0.39901855629037297,0.42377599450777753,0.4612722987763267,0.1909318189501016,0.6746083048193209,0.34073351433808147,0.3407335143380818
hoptimus1,PRAD,0,intercept_f64,36819,25891,8,C6orf48,0.3360850987202218,0.08029227076746848,0.5346950113884017,0.6481719308733253,0.5116469795893308,0.27494432133674646,0.7624794582289015,0.48648085722131573,0.48648085722131595
hoptimus1,PRAD,0,intercept_f64,36819,25891,8,C8orf59,0.33170909381315966,0.06862371810768242,0.6045100111070343,0.4805833852270187,0.6402840895179636,0.2302093888166368,0.8056365512344278,0.5618420583757143,0.5618420583757145
hoptimus1,PRAD,0,intercept_f64,36819,25891,8,CAT,0.4416814711465105,0.17776184340681966,0.2451781613507721,0.30418114983803407,0.33094554702365697,0.17448910328477094,0.5460621548878157,0.2907845878261761,0.2907845878261762
hoptimus1,PRAD,0,intercept_f64,36819,25891,8,CCDC47,0.3916733286142422,0.11545838908557748,0.26450350173402376,0.24569701964783175,0.32584030712646755,0.14400188735068295,0.5468353467021733,0.21360333971030646,0.21360333971030657
hoptimus1,PRAD,0,intercept_f64,36819,25891,8,COX17,0.3939536610862694,0.10683509617497233,0.5949356509868191,0.4596686011350324,0.6182184561458,0.23739749252643333,0.816148473104281,0.4932907623704506,0.493290762370451
hoptimus1,PRAD,0,intercept_f64,36819,25891,8,COX5A,0.45825703273778085,0.1917250510358992,0.5633041809706442,0.6108773069030794,0.6705653540740297,0.28678451045199216,0.8348182371157018,0.5539651066959247,0.5539651066959252
hoptimus1,PRAD,0,intercept_f64,36819,25891,8,COX7B,0.3705833697038826,0.13717077548543766,0.7096198642858172,0.783267604998042,0.7927722784215995,0.32957240376619146,0.9068813251461331,0.7697690345510633,0.7697690345510635
hoptimus1,PRAD,0,intercept_f64,36819,25891,8,DNAJC3,0.32126044292592054,0.07975901529230534,0.27022653149745623,0.2534821718429376,0.33316332075347316,0.15092117701727106,0.541892584136876,0.25738905999120365,0.25738905999120376
hoptimus1,PRAD,0,intercept_f64,36819,25891,8,EIF3E,0.26629319539047447,0.06509631382581715,0.7071337523238013,0.7423592614836149,0.7584744640971514,0.2959304005655383,0.8696957494177918,0.6586003131799627,0.6586003131799629
hoptimus1,PRAD,0,intercept_f64,36819,25891,8,EIF3H,0.3594083131410122,0.1271573955209948,0.6531772919699634,0.7387401149408884,0.7727914378170729,0.29220640897562095,0.8650626686728163,0.6741699453199141,0.6741699453199145
hoptimus1,PRAD,0,intercept_f64,36819,25891,8,GLO1,0.37298657437405613,-0.014826597994362256,0.4203150456360662,0.6488853797352854,0.429533868568815,0.36512144142030334,0.643563711316911,0.5332115927869011,0.5332115927869018
hoptimus1,PRAD,0,intercept_f64,36819,25891,8,GNG5,0.38267122327623504,0.12241546642098466,0.6345594031243449,0.576680668129731,0.6951385719659849,0.2676306887718458,0.8503381455835991,0.5026570057706421,0.5026570057706424
hoptimus1,PRAD,0,intercept_f64,36819,25891,8,HLA-DRA,0.3798237730569506,0.09301821440095748,0.6503491308244252,0.8762830950700543,0.6879240715104502,0.35723941057171477,0.8467866437804014,0.7817476333400181,0.7817476333400175
hoptimus1,PRAD,0,intercept_f64,36819,25891,8,HSPD1,0.3498571050651697,0.121663422141144,0.4086791426889063,0.5081012254555362,0.48978157390803556,0.24131061789259295,0.6821199511539323,0.44342437947365254,0.4434243794736528
hoptimus1,PRAD,0,intercept_f64,36819,25891,8,IMPDH2,0.31828734113474155,0.07936232774703145,0.4123914195262839,0.5400823896617685,0.44098738063910825,0.20985861864010644,0.6692839943927074,0.3968487579192672,0.3968487579192676
hoptimus1,PRAD,0,intercept_f64,36819,25891,8,MAOA,0.3898194543167291,0.14694560174889992,0.28333127653538515,0.3420127821303429,0.35092967157222815,0.18483748229827576,0.5763136366474574,0.23844470622670996,0.23844470622671035
hoptimus1,PRAD,0,intercept_f64,36819,25891,8,MIF,0.19142777398766594,-0.08832095114714256,0.94757744956902,0.9890044180442567,0.7750350801238713,0.42966318561368394,0.9331014483087466,0.6900625617212913,0.690062561721292
hoptimus1,PRAD,0,intercept_f64,36819,25891,8,MPC2,0.44038309383207835,0.16591689250074249,0.9357232579898915,0.7210383646670203,0.8815116961701923,0.39105712872769216,1.0591782385063195,0.6069347392328039,0.6069347392328047
hoptimus1,PRAD,0,intercept_f64,36819,25891,8,MRPL33,0.31304207597553246,0.08314712828405368,0.59668897287798,0.5234081978289724,0.614620900864093,0.2158846064050723,0.8067225210038791,0.5123694995603599,0.51236949956036
hoptimus1,PRAD,0,intercept_f64,36819,25891,8,MT1E,0.4292834253877589,0.1755538197696047,1.4954171224905524,1.1936485514592954,1.079771695953454,0.5246036992644686,1.3467904227871286,0.8440119822593388,0.8440119822593388
hoptimus1,PRAD,0,intercept_f64,36819,25891,8,MT1X,0.48257002641101027,0.21979417554115477,1.0099683160265533,1.01367309565224,0.8843380879897249,0.5347666235291391,1.1377563832834012,0.6978509165027912,0.6978509165027911
hoptimus1,PRAD,0,intercept_f64,36819,25891,8,NUCB2,0.2574473561892239,0.05390990393819273,0.3149950871156284,0.28125503221671455,0.34478039281272765,0.1576495391636871,0.5770130587283033,0.29689395013600595,0.29689395013600595
hoptimus1,PRAD,0,intercept_f64,36819,25891,8,NUDT4,0.3344053612687616,0.10869563854400799,0.4059768532081971,0.5162281105082733,0.4887848424633401,0.25163407028802104,0.6748971911228028,0.4171391209934645,0.4171391209934649
hoptimus1,PRAD,0,intercept_f64,36819,25891,8,PCBD1,0.3986483387063201,0.14697269499279642,0.557258420750014,0.5379899416045502,0.6053713083239586,0.26506897038457916,0.8082521219123945,0.5018051372300552,0.5018051372300556
hoptimus1,PRAD,0,intercept_f64,36819,25891,8,PDIA4,0.45316463631407056,0.17827247336314178,0.44523979125236307,0.45177655827951324,0.5234528027230566,0.2359065026243691,0.7360936436646941,0.37982794819470256,0.3798279481947029
hoptimus1,PRAD,0,intercept_f64,36819,25891,8,PERP,0.4749756410774932,0.2125170131757459,0.4277853234284143,0.5428310254787945,0.5144069383845241,0.2707034903080979,0.7370421930301725,0.3650400393550335,0.3650400393550337
hoptimus1,PRAD,0,intercept_f64,36819,25891,8,REXO2,0.24308463946565878,-0.16870498702656467,0.29077427360697783,0.45849791507171583,0.2948067194616839,0.29411075094178607,0.49879896208820673,0.4102670594233543,0.410267059423355
hoptimus1,PRAD,0,intercept_f64,36819,25891,8,RPL37A,0.43301857863540294,0.15339869524545313,2.903290156450043,3.0995211730399386,2.7908146602751724,0.6547019015195029,1.8518497791472526,2.9990945729942813,2.999094572994282
hoptimus1,PRAD,0,intercept_f64,36819,25891,8,RPN1,0.4292149632984368,0.16842704382018436,0.44793231129980077,0.48469679623244366,0.5211034812314325,0.23025337343837074,0.7339323267263045,0.3723432072901822,0.37234320729018233
hoptimus1,PRAD,0,intercept_f64,36819,25891,8,RPS29,0.4107865948705317,0.15394405468730965,2.5817940653254077,2.59852515593901,2.4313418294181646,0.5863757214640485,1.7468727020385282,2.499990219010376,2.4999902190103764
hoptimus1,PRAD,0,intercept_f64,36819,25891,8,RSL24D1,0.2561598490258192,0.05073056410502974,0.30493998540267153,0.3026719236655403,0.37004976995270045,0.16076028249597824,0.5667772877876981,0.29673194795893065,0.29673194795893076
hoptimus1,PRAD,0,intercept_f64,36819,25891,8,SEC11C,0.5320163781611674,0.2025842075353168,1.3988599598197442,0.9351755475128161,1.2709161395163955,0.5360626107464664,1.324477861364109,0.7672932006621253,0.7672932006621265
hoptimus1,PRAD,0,intercept_f64,36819,25891,8,SELENOT,0.32068345095697726,0.10236159592250393,0.2570454237202657,0.32365083461120214,0.3144987193786054,0.17885964262055828,0.5351237491898995,0.2835240502195467,0.2835240502195468
hoptimus1,PRAD,0,intercept_f64,36819,25891,8,SGK1,0.4490631871100796,0.13679476835891224,0.3108020619959122,0.4935219074091935,0.3709247327017566,0.36069598858836516,0.6000465095437001,0.33853215024337824,0.33853215024337824
hoptimus1,PRAD,0,intercept_f64,36819,25891,8,SLIRP,0.33507747466353804,0.11082591791439866,0.5290827478390718,0.5927847520117634,0.5642052300397824,0.2516461688583656,0.7713800499117152,0.5323679321809892,0.5323679321809893
hoptimus1,PRAD,0,intercept_f64,36819,25891,8,SNHG8,0.4521257056726111,0.2025996538288517,0.9337401117944814,0.9366907890027375,0.8936402015985129,0.4726557013358248,1.0821184404125694,0.771485942764528,0.7714859427645289
hoptimus1,PRAD,0,intercept_f64,36819,25891,8,SNHG9,0.2418300753098996,0.0419367344358057,0.6189304739387741,0.476873178469723,0.580082370731094,0.18834404937712518,0.8037552799579936,0.3779800417447917,0.37798004174479194
hoptimus1,PRAD,0,intercept_f64,36819,25891,8,SNRPE,0.3191374159108225,0.08432311992635177,0.4619643732850868,0.42135794076062066,0.5153769902644099,0.22520511152170508,0.7102857758634687,0.413201009078787,0.4132010090787872
hoptimus1,PRAD,0,intercept_f64,36819,25891,8,SOD2,0.22015199506998806,0.018971046424642757,0.4361963659254453,0.47884648377888456,0.4094246883969894,0.2378779643622441,0.66680693650771,0.36326662611315774,0.36326662611315763
hoptimus1,PRAD,0,intercept_f64,36819,25891,8,SPCS3,0.33459876617611833,0.09214796791575097,0.27678211810130143,0.28750396504055836,0.3468676287377126,0.13460033675065172,0.5521555975420106,0.20684588219348304,0.20684588219348318
hoptimus1,PRAD,0,intercept_f64,36819,25891,8,SPON2,0.44932225926281083,0.15667258668376294,1.4669255006816795,1.3801191711527692,1.1169734112859384,0.6896008253067817,1.3188819367725326,1.0018589871086214,1.001858987108623
hoptimus1,PRAD,0,intercept_f64,36819,25891,8,SRRM1,0.2608620736380464,0.05230260122722463,0.29838599199776866,0.27966268286839147,0.3456409929304317,0.17096471673321584,0.5611182204128788,0.3052165625863935,0.3052165625863935
hoptimus1,PRAD,0,intercept_f64,36819,25891,8,SVIP,0.3603501483244619,0.11238761544338705,0.2929166665049994,0.3034241970599591,0.36376971807307107,0.1609436836736363,0.5744607553704537,0.2679677636986199,0.2679677636986201
hoptimus1,PRAD,0,intercept_f64,36819,25891,8,TMCO1,0.38133217150644444,0.14101566486949957,0.27116545884086035,0.31389168495327807,0.3426882413819419,0.19060396649562025,0.5618554037324328,0.2982875388942777,0.29828753889427784
hoptimus1,PRAD,0,intercept_f64,36819,25891,8,TOB1,0.1700819198585633,-0.06394731562793776,0.3434643588895907,0.20474509455725282,0.36947562412675833,0.14998291733902486,0.5681732422235286,0.2529458820782621,0.25294588207826213
hoptimus1,PRAD,0,intercept_f64,36819,25891,8,TXNL4A,0.3534410349649067,0.11680504129117986,0.38766256498803797,0.38543294168113246,0.4283994266688582,0.19273639594552602,0.6625194639029947,0.36181240703557144,0.3618124070355717
hoptimus1,PRAD,0,intercept_f64,36819,25891,8,XBP1,0.5103695549370757,0.24977003027800215,0.6860024724674996,0.875094932688359,0.7842429535749277,0.44883824527226723,0.9562372024751462,0.6342876569222167,0.6342876569222172
hoptimus1,PRAD,0,intercept_f64,36819,25891,8,ZFAS1,0.3720957994003644,0.13667490517771452,0.8273003816103093,0.7803237848021761,0.8185962171949797,0.3797837954234359,0.9789137524642417,0.6861910932938687,0.6861910932938692
hoptimus1,PRAD,0,ycentered_f64,36819,25891,8,AMD1,0.47917446560098825,0.2262515757217055,0.6465174198003241,0.704780407345253,0.6666319775445995,0.4012763657338311,0.9140926706616527,0.6348578381950877,0.6348578381950876
hoptimus1,PRAD,0,ycentered_f64,36819,25891,8,C1orf43,0.3646571607591674,0.1232218337961547,0.3990185562903729,0.42377599450777775,0.4612722987763267,0.1909318189501016,0.6746083048193209,0.3407335143380818,0.3407335143380818
hoptimus1,PRAD,0,ycentered_f64,36819,25891,8,C6orf48,0.3360850987202219,0.08029227076746837,0.5346950113884018,0.6481719308733256,0.5116469795893308,0.27494432133674646,0.7624794582289015,0.486480857221316,0.48648085722131595
hoptimus1,PRAD,0,ycentered_f64,36819,25891,8,C8orf59,0.33170909381315977,0.06862371810768242,0.6045100111070342,0.4805833852270189,0.6402840895179636,0.2302093888166368,0.8056365512344278,0.5618420583757147,0.5618420583757145
hoptimus1,PRAD,0,ycentered_f64,36819,25891,8,CAT,0.4416814711465106,0.17776184340681978,0.24517816135077208,0.3041811498380343,0.33094554702365697,0.17448910328477096,0.5460621548878157,0.2907845878261763,0.2907845878261762
hoptimus1,PRAD,0,ycentered_f64,36819,25891,8,CCDC47,0.39167332861424237,0.1154583890855777,0.2645035017340237,0.24569701964783186,0.32584030712646755,0.144001887350683,0.5468353467021733,0.21360333971030662,0.21360333971030657
hoptimus1,PRAD,0,ycentered_f64,36819,25891,8,COX17,0.39395366108626934,0.10683509617497222,0.5949356509868191,0.45966860113503266,0.6182184561458,0.23739749252643325,0.816148473104281,0.4932907623704511,0.493290762370451
hoptimus1,PRAD,0,ycentered_f64,36819,25891,8,COX5A,0.4582570327377808,0.1917250510358992,0.5633041809706442,0.6108773069030801,0.6705653540740297,0.2867845104519921,0.8348182371157018,0.5539651066959252,0.5539651066959252
hoptimus1,PRAD,0,ycentered_f64,36819,25891,8,COX7B,0.37058336970388256,0.13717077548543777,0.709619864285817,0.7832676049980423,0.7927722784215995,0.3295724037661914,0.9068813251461331,0.7697690345510635,0.7697690345510635
hoptimus1,PRAD,0,ycentered_f64,36819,25891,8,DNAJC3,0.3212604429259206,0.07975901529230545,0.2702265314974562,0.25348217184293764,0.33316332075347316,0.15092117701727106,0.541892584136876,0.25738905999120376,0.25738905999120376
hoptimus1,PRAD,0,ycentered_f64,36819,25891,8,EIF3E,0.2662931953904744,0.06509631382581715,0.7071337523238013,0.7423592614836149,0.7584744640971514,0.29593040056553827,0.8696957494177918,0.6586003131799629,0.6586003131799629
hoptimus1,PRAD,0,ycentered_f64,36819,25891,8,EIF3H,0.3594083131410122,0.1271573955209948,0.6531772919699634,0.7387401149408886,0.7727914378170729,0.292206408975621,0.8650626686728163,0.6741699453199145,0.6741699453199145
hoptimus1,PRAD,0,ycentered_f64,36819,25891,8,GLO1,0.372986574374056,-0.01482659799436381,0.42031504563606686,0.648885379735286,0.429533868568815,0.36512144142030334,0.643563711316911,0.5332115927869018,0.5332115927869018
hoptimus1,PRAD,0,ycentered_f64,36819,25891,8,GNG5,0.382671223276235,0.12241546642098511,0.6345594031243447,0.5766806681297311,0.6951385719659849,0.2676306887718457,0.8503381455835991,0.5026570057706424,0.5026570057706424
hoptimus1,PRAD,0,ycentered_f64,36819,25891,8,HLA-DRA,0.3798237730569506,0.0930182144009577,0.650349130824425,0.8762830950700538,0.6879240715104502,0.3572394105717147,0.8467866437804014,0.7817476333400175,0.7817476333400175
hoptimus1,PRAD,0,ycentered_f64,36819,25891,8,HSPD1,0.3498571050651696,0.1216634221411439,0.40867914268890637,0.5081012254555365,0.48978157390803556,0.24131061789259292,0.6821199511539323,0.4434243794736528,0.4434243794736528
hoptimus1,PRAD,0,ycentered_f64,36819,25891,8,IMPDH2,0.31828734113474144,0.07936232774703122,0.41239141952628394,0.5400823896617688,0.44098738063910825,0.20985861864010638,0.6692839943927074,0.3968487579192676,0.3968487579192676
hoptimus1,PRAD,0,ycentered_f64,36819,25891,8,MAOA,0.38981945431672915,0.14694560174890015,0.28333127653538503,0.3420127821303432,0.35092967157222815,0.18483748229827568,0.5763136366474574,0.23844470622671035,0.23844470622671035
hoptimus1,PRAD,0,ycentered_f64,36819,25891,8,MIF,0.19142777398766594,-0.08832095114714256,0.9475774495690201,0.9890044180442573,0.7750350801238713,0.4296631856136839,0.9331014483087466,0.690062561721292,0.690062561721292
hoptimus1,PRAD,0,ycentered_f64,36819,25891,8,MPC2,0.4403830938320784,0.16591689250074249,0.9357232579898915,0.7210383646670214,0.8815116961701923,0.39105712872769216,1.0591782385063195,0.6069347392328048,0.6069347392328047
hoptimus1,PRAD,0,ycentered_f64,36819,25891,8,MRPL33,0.3130420759755324,0.08314712828405368,0.59668897287798,0.5234081978289726,0.614620900864093,0.2158846064050723,0.8067225210038791,0.51236949956036,0.51236949956036
hoptimus1,PRAD,0,ycentered_f64,36819,25891,8,MT1E,0.429283425387759,0.17555381976960482,1.4954171224905521,1.193648551459296,1.079771695953454,0.5246036992644687,1.3467904227871286,0.8440119822593389,0.8440119822593388
hoptimus1,PRAD,0,ycentered_f64,36819,25891,8,MT1X,0.48257002641101027,0.21979417554115455,1.0099683160265536,1.0136730956522402,0.8843380879897249,0.5347666235291392,1.1377563832834012,0.6978509165027913,0.6978509165027911
hoptimus1,PRAD,0,ycentered_f64,36819,25891,8,NUCB2,0.25744735618922393,0.05390990393819273,0.3149950871156284,0.2812550322167146,0.34478039281272765,0.1576495391636871,0.5770130587283033,0.29689395013600595,0.29689395013600595
hoptimus1,PRAD,0,ycentered_f64,36819,25891,8,NUDT4,0.3344053612687618,0.10869563854400754,0.40597685320819726,0.5162281105082738,0.4887848424633401,0.2516340702880211,0.6748971911228028,0.41713912099346495,0.4171391209934649
hoptimus1,PRAD,0,ycentered_f64,36819,25891,8,PCBD1,0.3986483387063201,0.14697269499279675,0.5572584207500137,0.5379899416045507,0.6053713083239586,0.26506897038457916,0.8082521219123945,0.5018051372300556,0.5018051372300556
hoptimus1,PRAD,0,ycentered_f64,36819,25891,8,PDIA4,0.45316463631407067,0.17827247336314223,0.4452397912523628,0.45177655827951363,0.5234528027230566,0.2359065026243691,0.7360936436646941,0.37982794819470295,0.3798279481947029
hoptimus1,PRAD,0,ycentered_f64,36819,25891,8,PERP,0.4749756410774931,0.21251701317574612,0.42778532342841413,0.5428310254787949,0.5144069383845241,0.2707034903080979,0.7370421930301725,0.36504003935503376,0.3650400393550337
hoptimus1,PRAD,0,ycentered_f64,36819,25891,8,REXO2,0.24308463946565856,-0.16870498702656533,0.290774273606978,0.4584979150717162,0.2948067194616839,0.29411075094178607,0.49879896208820673,0.41026705942335495,0.410267059423355
hoptimus1,PRAD,0,ycentered_f64,36819,25891,8,RPL37A,0.43301857863540294,0.15339869524545313,2.903290156450043,3.09952117303994,2.7908146602751724,0.6547019015195028,1.8518497791472526,2.999094572994282,2.999094572994282
hoptimus1,PRAD,0,ycentered_f64,36819,25891,8,RPN1,0.4292149632984368,0.16842704382018447,0.4479323112998007,0.4846967962324438,0.5211034812314325,0.2302533734383708,0.7339323267263045,0.37234320729018233,0.37234320729018233
hoptimus1,PRAD,0,ycentered_f64,36819,25891,8,RPS29,0.41078659487053165,0.15394405468730965,2.5817940653254077,2.59852515593901,2.4313418294181646,0.5863757214640484,1.7468727020385282,2.4999902190103764,2.4999902190103764
hoptimus1,PRAD,0,ycentered_f64,36819,25891,8,RSL24D1,0.2561598490258192,0.05073056410502985,0.3049399854026715,0.30267192366554047,0.37004976995270045,0.1607602824959782,0.5667772877876981,0.2967319479589308,0.29673194795893076
hoptimus1,PRAD,0,ycentered_f64,36819,25891,8,SEC11C,0.5320163781611675,0.20258420753531703,1.3988599598197438,0.935175547512817,1.2709161395163955,0.5360626107464663,1.324477861364109,0.7672932006621265,0.7672932006621265
hoptimus1,PRAD,0,ycentered_f64,36819,25891,8,SELENOT,0.32068345095697737,0.10236159592250382,0.25704542372026573,0.3236508346112023,0.3144987193786054,0.17885964262055834,0.5351237491898995,0.2835240502195469,0.2835240502195468
hoptimus1,PRAD,0,ycentered_f64,36819,25891,8,SGK1,0.44906318711007964,0.13679476835891213,0.31080206199591226,0.49352190740919355,0.3709247327017566,0.36069598858836516,0.6000465095437001,0.33853215024337824,0.33853215024337824
hoptimus1,PRAD,0,ycentered_f64,36819,25891,8,SLIRP,0.3350774746635381,0.11082591791439866,0.5290827478390718,0.5927847520117635,0.5642052300397824,0.25164616885836555,0.7713800499117152,0.5323679321809893,0.5323679321809893
hoptimus1,PRAD,0,ycentered_f64,36819,25891,8,SNHG8,0.45212570567261123,0.20259965382885115,0.9337401117944819,0.9366907890027384,0.8936402015985129,0.47265570133582474,1.0821184404125694,0.7714859427645289,0.7714859427645289
hoptimus1,PRAD,0,ycentered_f64,36819,25891,8,SNHG9,0.2418300753098995,0.0419367344358057,0.6189304739387741,0.47687317846972327,0.580082370731094,0.18834404937712518,0.8037552799579936,0.37798004174479194,0.37798004174479194
hoptimus1,PRAD,0,ycentered_f64,36819,25891,8,SNRPE,0.3191374159108224,0.08432311992635177,0.4619643732850868,0.42135794076062094,0.5153769902644099,0.225205111521705,0.7102857758634687,0.41320100907878726,0.4132010090787872
hoptimus1,PRAD,0,ycentered_f64,36819,25891,8,SOD2,0.2201519950699881,0.018971046424642757,0.4361963659254453,0.47884648377888445,0.4094246883969894,0.2378779643622441,0.66680693650771,0.3632666261131577,0.36326662611315763
hoptimus1,PRAD,0,ycentered_f64,36819,25891,8,SPCS3,0.3345987661761182,0.09214796791575097,0.27678211810130143,0.28750396504055853,0.3468676287377126,0.13460033675065172,0.5521555975420106,0.2068458821934832,0.20684588219348318
hoptimus1,PRAD,0,ycentered_f64,36819,25891,8,SPON2,0.4493222592628107,0.1566725866837625,1.4669255006816802,1.3801191711527703,1.1169734112859384,0.6896008253067816,1.3188819367725326,1.001858987108623,1.001858987108623
hoptimus1,PRAD,0,ycentered_f64,36819,25891,8,SRRM1,0.26086207363804637,0.05230260122722463,0.29838599199776866,0.27966268286839147,0.3456409929304317,0.17096471673321584,0.5611182204128788,0.3052165625863935,0.3052165625863935
hoptimus1,PRAD,0,ycentered_f64,36819,25891,8,SVIP,0.36035014832446177,0.11238761544338693,0.2929166665049995,0.3034241970599593,0.36376971807307107,0.16094368367363632,0.5744607553704537,0.26796776369862013,0.2679677636986201
hoptimus1,PRAD,0,ycentered_f64,36819,25891,8,TMCO1,0.38133217150644444,0.1410156648694998,0.2711654588408603,0.31389168495327824,0.3426882413819419,0.19060396649562025,0.5618554037324328,0.2982875388942779,0.29828753889427784
hoptimus1,PRAD,0,ycentered_f64,36819,25891,8,TOB1,0.1700819198585633,-0.06394731562793776,0.3434643588895907,0.20474509455725295,0.36947562412675833,0.14998291733902483,0.5681732422235286,0.25294588207826213,0.25294588207826213
hoptimus1,PRAD,0,ycentered_f64,36819,25891,8,TXNL4A,0.3534410349649064,0.11680504129117952,0.3876625649880381,0.3854329416811327,0.4283994266688582,0.19273639594552602,0.6625194639029947,0.3618124070355717,0.3618124070355717
hoptimus1,PRAD,0,ycentered_f64,36819,25891,8,XBP1,0.5103695549370757,0.24977003027800204,0.6860024724674997,0.8750949326883598,0.7842429535749277,0.4488382452722672,0.9562372024751462,0.6342876569222173,0.6342876569222172
hoptimus1,PRAD,0,ycentered_f64,36819,25891,8,ZFAS1,0.37209579940036436,0.13667490517771452,0.8273003816103093,0.7803237848021763,0.8185962171949797,0.3797837954234359,0.9789137524642417,0.6861910932938693,0.6861910932938692
hoptimus1,PRAD,1,nointercept_f64,25891,36819,15,AMD1,0.6022061791703448,-0.763563889893371,1.0806213054475207,-0.19377470727558316,0.6348578381950876,0.41261312086874163,0.7827826010539293,1.2294741246785557e-16,0.6666319775445995
hoptimus1,PRAD,1,nointercept_f64,25891,36819,15,C1orf43,0.40864552296192946,-0.7930130220071967,0.43259207743157857,-0.13071532867579044,0.3407335143380818,0.29742650626587974,0.49118778585856426,2.6345874100254768e-17,0.4612722987763267
hoptimus1,PRAD,1,nointercept_f64,25891,36819,15,C6orf48,0.29419141227941636,-1.3345503228247142,0.7122133647250903,-0.15882566071339407,0.48648085722131595,0.29334171601916736,0.552336113289232,4.390979016709128e-17,0.5116469795893308
hoptimus1,PRAD,1,nointercept_f64,25891,36819,15,C8orf59,0.3533742619475,-1.441780624187981,0.8108221094358834,-0.13823981890545098,0.5618420583757145,0.37715741174069256,0.5762480511447915,-1.7563916066836512e-17,0.6402840895179636
hoptimus1,PRAD,1,nointercept_f64,25891,36819,15,CAT,0.3147087897386058,-0.7264538633596869,0.3437655877257291,-0.1114037628862947,0.2907845878261762,0.19156175973336453,0.446224808115716,-2.6345874100254768e-17,0.33094554702365697
hoptimus1,PRAD,1,nointercept_f64,25891,36819,15,CCDC47,0.264594696483096,-0.6509881928277104,0.2459387433543473,-0.09572108922400781,0.21360333971030657,0.21038927846776123,0.3859592831692027,8.781958033418256e-18,0.32584030712646755
hoptimus1,PRAD,1,nointercept_f64,25891,36819,15,COX17,0.4675684334500979,-0.8723159000703997,0.6484974746098312,-0.10781080410850644,0.493290762370451,0.40376319374320524,0.5885245472210363,3.5127832133673024e-17,0.6182184561458
hoptimus1,PRAD,1,nointercept_f64,25891,36819,15,COX5A,0.5168995523871928,-0.9663318192833323,0.7752632458870656,-0.13668858988566757,0.5539651066959252,0.4211817477683352,0.6279082569913625,0.0,0.6705653540740297
hoptimus1,PRAD,1,nointercept_f64,25891,36819,15,COX7B,0.4269753789794899,-1.6615090557057313,1.1681703414669822,-0.11866192447180554,0.7697690345510635,0.4241718828427499,0.6625049290867256,2.6345874100254768e-17,0.7927722784215995
hoptimus1,PRAD,1,nointercept_f64,25891,36819,15,DNAJC3,0.27314329456236985,-0.6734594688766788,0.3015360774237829,-0.09908148682110143,0.25738905999120376,0.20381348144458858,0.4244847000789354,2.6345874100254768e-17,0.33316332075347316
hoptimus1,PRAD,1,nointercept_f64,25891,36819,15,EIF3E,0.27587482005008096,-1.616798647052586,0.9873443101658013,-0.11766239362186219,0.6586003131799629,0.359632366702992,0.6142556510384795,5.2691748200509537e-17,0.7584744640971514
hoptimus1,PRAD,1,nointercept_f64,25891,36819,15,EIF3H,0.37521928495949564,-1.7084752140303148,1.0666297137273217,-0.1638666005522894,0.6741699453199145,0.39657900582737243,0.6275443244678116,3.5127832133673024e-17,0.7727914378170729
hoptimus1,PRAD,1,nointercept_f64,25891,36819,15,GLO1,0.47235528205825245,-0.583581050164995,0.7879377386541455,-0.09701234338901929,0.5332115927869018,0.2683429326610091,0.7053843220868863,6.147370623392779e-17,0.429533868568815
hoptimus1,PRAD,1,nointercept_f64,25891,36819,15,GNG5,0.41045741899106336,-1.3756845843362497,0.7993313993058353,-0.20388605661623066,0.5026570057706424,0.3807429859211034,0.5800548292022786,-8.781958033418256e-18,0.6951385719659849
hoptimus1,PRAD,1,nointercept_f64,25891,36819,15,HLA-DRA,0.32619127832082784,-1.2714959044918097,1.2181588660141447,-0.06964481512741343,0.7817476333400175,0.35749051224805073,0.7323117224815022,-1.7563916066836512e-17,0.6879240715104502
hoptimus1,PRAD,1,nointercept_f64,25891,36819,15,HSPD1,0.363278785737175,-0.8851215489651598,0.5511017183706499,-0.08971696184266549,0.4434243794736528,0.31087606916531774,0.5406873434787778,6.147370623392779e-17,0.48978157390803556
hoptimus1,PRAD,1,nointercept_f64,25891,36819,15,IMPDH2,0.34107916849009895,-0.7629980446221385,0.4791801128959596,-0.08037923837822104,0.3968487579192676,0.28390778677944106,0.5213429168621765,7.025566426734605e-17,0.44098738063910825
hoptimus1,PRAD,1,nointercept_f64,25891,36819,15,MAOA,0.42350045799556685,-0.28219045123321895,0.23747303481264656,-0.033042310512653335,0.23844470622671035,0.29077759815691573,0.4303589924336728,7.025566426734605e-17,0.35092967157222815
hoptimus1,PRAD,1,nointercept_f64,25891,36819,15,MIF,0.27852678567618927,-1.0609320594239633,0.9254230701859842,0.04782493660691229,0.690062561721292,0.5008967464978916,0.6700980026499972,-2.6345874100254768e-17,0.7750350801238713
hoptimus1,PRAD,1,nointercept_f64,25891,36819,15,MPC2,0.5943442608360358,-1.2929670737764019,1.2484427402756442,-0.3326075865449139,0.6069347392328047,0.5550313075219362,0.7378794322046378,2.6345874100254768e-17,0.8815116961701923
hoptimus1,PRAD,1,nointercept_f64,25891,36819,15,MRPL33,0.2867539660546549,-1.7564604143413565,0.844077190361599,-0.21280553836728158,0.51236949956036,0.3514507035364611,0.5533694792714721,1.7563916066836512e-17,0.614620900864093
hoptimus1,PRAD,1,nointercept_f64,25891,36819,15,MT1E,0.3719712593829783,-2.0076168365612146,2.6505763134028073,-0.5087567659402665,0.8440119822593388,0.596667300847469,0.9387693517819288,1.0538349640101907e-16,1.079771695953454
hoptimus1,PRAD,1,nointercept_f64,25891,36819,15,MT1X,0.39847706398214155,-1.5103356608092935,1.7959060071492583,-0.3751419352854887,0.6978509165027911,0.5438773989094358,0.8458160146300823,1.7563916066836512e-17,0.8843380879897249
hoptimus1,PRAD,1,nointercept_f64,25891,36819,15,NUCB2,0.17534584263640945,-1.0344323681864367,0.3880629056620662,-0.1374543757212983,0.29689395013600595,0.19708763031908666,0.43674650382987346,2.6345874100254768e-17,0.34478039281272765
hoptimus1,PRAD,1,nointercept_f64,25891,36819,15,NUDT4,0.30734104421263736,-0.7077932621080767,0.603290499922579,-0.09800723131164593,0.4171391209934649,0.3169288619363025,0.5943545549604811,5.2691748200509537e-17,0.4887848424633401
hoptimus1,PRAD,1,nointercept_f64,25891,36819,15,PCBD1,0.46928066184071177,-1.013404730704428,0.7307747195367901,-0.15672289074730475,0.5018051372300556,0.4014325652956903,0.6024572223245653,3.5127832133673024e-17,0.6053713083239586
hoptimus1,PRAD,1,nointercept_f64,25891,36819,15,PDIA4,0.45255185545498366,-1.0446325262645177,0.5655922418771409,-0.19436668122154355,0.3798279481947029,0.36420619203617655,0.5259495515978334,5.2691748200509537e-17,0.5234528027230566
hoptimus1,PRAD,1,nointercept_f64,25891,36819,15,PERP,0.4540458334026968,-0.6865289544062705,0.5123941184298777,-0.14048049598009205,0.3650400393550337,0.3754126921517394,0.5511948703784342,1.7563916066836512e-17,0.5144069383845241
hoptimus1,PRAD,1,nointercept_f64,25891,36819,15,REXO2,0.5084108642416968,-0.30731373389478844,0.509904201849859,-0.03840177123826508,0.410267059423355,0.1783105019355095,0.6245315509562911,5.708272721721867e-17,0.2948067194616839
hoptimus1,PRAD,1,nointercept_f64,25891,36819,15,RPL37A,0.5064977341545653,-10.731485251782061,11.576635741177435,-0.2805937765986683,2.999094572994282,0.7974792495903984,0.9933783365455694,-1.0538349640101907e-16,2.7908146602751724
hoptimus1,PRAD,1,nointercept_f64,25891,36819,15,RPN1,0.3500562889692728,-1.1505068967917174,0.558092497273499,-0.1865350441010664,0.37234320729018233,0.31261133389879725,0.5094278364033119,5.2691748200509537e-17,0.5211034812314325
hoptimus1,PRAD,1,nointercept_f64,25891,36819,15,RPS29,0.440992129480143,-10.016992751898615,9.162793409599708,-0.39535829786041227,2.4999902190103764,0.7335301272171759,0.9119739130395569,-1.405113285346921e-16,2.4313418294181646
hoptimus1,PRAD,1,nointercept_f64,25891,36819,15,RSL24D1,0.1885943342987889,-0.5723073764081679,0.2975172825136063,-0.025521969678624894,0.29673194795893076,0.1877576167710809,0.43499811332783384,1.7563916066836512e-17,0.37004976995270045
hoptimus1,PRAD,1,nointercept_f64,25891,36819,15,SEC11C,0.721136634796925,-0.9538797544054709,1.7602935438158926,-0.3805252258671412,0.7672932006621265,0.7864515001319461,0.9491691878977669,0.0,1.2709161395163955
hoptimus1,PRAD,1,nointercept_f64,25891,36819,15,SELENOT,0.34054817612151544,-0.5357111600318261,0.3119766666647355,-0.07708971827124833,0.2835240502195468,0.20192785359473317,0.45071943642454293,8.781958033418256e-18,0.3144987193786054
hoptimus1,PRAD,1,nointercept_f64,25891,36819,15,SGK1,0.3709286719902167,-0.4890855767124427,0.45491750654936863,-0.09690396538362293,0.33853215024337824,0.24797349194944915,0.5527216759020358,-1.7563916066836512e-17,0.3709247327017566
hoptimus1,PRAD,1,nointercept_f64,25891,36819,15,SLIRP,0.36278843509963077,-1.2154825185128608,0.7388723585135752,-0.1240834600801164,0.5323679321809893,0.34491337959550594,0.5774980819029725,5.2691748200509537e-17,0.5642052300397824
hoptimus1,PRAD,1,nointercept_f64,25891,36819,15,SNHG8,0.5905917266235171,-1.518212106453778,1.688693993179966,-0.34520506186406397,0.7714859427645289,0.5543759900135021,0.8188970856784329,0.0,0.8936402015985129
hoptimus1,PRAD,1,nointercept_f64,25891,36819,15,SNHG9,0.32193822977473646,-1.1256035342515478,0.5341935845889714,-0.12267052372457837,0.37798004174479194,0.40279572900882865,0.5013121174438466,-3.0736853116963893e-17,0.580082370731094
hoptimus1,PRAD,1,nointercept_f64,25891,36819,15,SNRPE,0.34846453185880794,-1.0312600965935355,0.5487307354332983,-0.12756438212427942,0.4132010090787872,0.3188227567611499,0.5197528444158167,3.5127832133673024e-17,0.5153769902644099
hoptimus1,PRAD,1,nointercept_f64,25891,36819,15,SOD2,0.19912060690125516,-1.0621724170069586,0.5075951585240224,-0.13231305596491716,0.36326662611315763,0.25881968660918764,0.49613086822625946,1.7563916066836512e-17,0.4094246883969894
hoptimus1,PRAD,1,nointercept_f64,25891,36819,15,SPCS3,0.26417753552776485,-0.7164009997651741,0.24264814332109513,-0.11469703901311121,0.20684588219348318,0.18738659702731186,0.37599243490649314,8.781958033418256e-18,0.3468676287377126
hoptimus1,PRAD,1,nointercept_f64,25891,36819,15,SPON2,0.6661065028572536,-0.9531822922709332,2.6805089950780627,-0.3799407564511956,1.001858987108623,0.6926970524441073,1.1714863842850043,-9.660153836760081e-17,1.1169734112859384
hoptimus1,PRAD,1,nointercept_f64,25891,36819,15,SRRM1,0.2315783206518025,-0.8908496325875446,0.38798068589364465,-0.1283138120088045,0.3052165625863935,0.18136877996130735,0.45297742274056185,5.2691748200509537e-17,0.3456409929304317
hoptimus1,PRAD,1,nointercept_f64,25891,36819,15,SVIP,0.33364097083102934,-0.6237571113112084,0.30380516183308354,-0.09290418472348326,0.2679677636986201,0.22977871047045015,0.4325507219451295,8.781958033418256e-18,0.36376971807307107
hoptimus1,PRAD,1,nointercept_f64,25891,36819,15,TMCO1,0.345144208297623,-0.6321427290929909,0.346765505166151,-0.09546807779115882,0.29828753889427784,0.22669767761555312,0.46093414108309366,2.6345874100254768e-17,0.3426882413819419
hoptimus1,PRAD,1,nointercept_f64,25891,36819,15,TOB1,0.23025599927197857,-0.6913122193962293,0.29526603520332223,-0.07305516924857988,0.25294588207826213,0.25004770841448404,0.41782541473417695,3.5127832133673024e-17,0.36947562412675833
hoptimus1,PRAD,1,nointercept_f64,25891,36819,15,TXNL4A,0.3891380155922389,-0.8579426539567576,0.4598579312884618,-0.12448561156873389,0.3618124070355717,0.3091086862206108,0.4975029817797456,3.5127832133673024e-17,0.4283994266688582
hoptimus1,PRAD,1,nointercept_f64,25891,36819,15,XBP1,0.6281008239032911,-1.0045471622675541,1.1563836417058313,-0.2631282839464916,0.6342876569222172,0.5186935699157609,0.7595263239876623,8.781958033418256e-17,0.7842429535749277
hoptimus1,PRAD,1,nointercept_f64,25891,36819,15,ZFAS1,0.46392594221446254,-1.7731463658896884,1.3314008926802048,-0.2777703008361982,0.6861910932938692,0.4808455398013022,0.6928959547289343,4.390979016709128e-17,0.8185962171949797
hoptimus1,PRAD,1,intercept_f64,25891,36819,15,AMD1,0.602206179170345,0.31418269467963056,0.42023359404269023,0.47285727026901825,0.6348578381950876,0.41261312086874086,0.7827826010539293,0.6666319775445997,0.6666319775445995
hoptimus1,PRAD,1,intercept_f64,25891,36819,15,C1orf43,0.40864552296192885,0.1278003718511188,0.21043162790507636,0.33055697010053786,0.3407335143380818,0.29742650626587946,0.49118778585856426,0.4612722987763268,0.4612722987763267
hoptimus1,PRAD,1,intercept_f64,25891,36819,15,C6orf48,0.2941914122794158,-0.02813258268322727,0.313657734826776,0.3528213188759385,0.48648085722131595,0.29334171601916736,0.552336113289232,0.511646979589331,0.5116469795893308
hoptimus1,PRAD,1,intercept_f64,25891,36819,15,C8orf59,0.3533742619474997,0.02342505552631624,0.3242832499597327,0.5020442706125148,0.5618420583757145,0.37715741174069206,0.5762480511447915,0.6402840895179637,0.6402840895179636
hoptimus1,PRAD,1,intercept_f64,25891,36819,15,CAT,0.31470878973860644,0.0604215081487246,0.18708565535435664,0.21954178413736358,0.2907845878261762,0.1915617597333644,0.446224808115716,0.33094554702365714,0.33094554702365697
hoptimus1,PRAD,1,intercept_f64,25891,36819,15,CCDC47,0.2645946964830969,-0.010508183288252537,0.15052991525126674,0.2301192179024609,0.21360333971030657,0.21038927846776107,0.3859592831692027,0.32584030712646767,0.32584030712646755
hoptimus1,PRAD,1,intercept_f64,25891,36819,15,COX17,0.4675684334500981,0.1700357405210846,0.2874673692982352,0.5104076520372954,0.493290762370451,0.40376319374320474,0.5885245472210363,0.6182184561458001,0.6182184561458
hoptimus1,PRAD,1,intercept_f64,25891,36819,15,COX5A,0.516899552387192,0.24248564799511885,0.2986642587899454,0.5338767641883644,0.5539651066959252,0.4211817477683348,0.6279082569913625,0.6705653540740298,0.6705653540740297
hoptimus1,PRAD,1,intercept_f64,25891,36819,15,COX7B,0.42697537897948973,0.1159716179820538,0.3880113556910578,0.6741103539497969,0.7697690345510635,0.42417188284274937,0.6625049290867256,0.7927722784215998,0.7927722784215995
hoptimus1,PRAD,1,intercept_f64,25891,36819,15,DNAJC3,0.2731432945623709,0.02874347008827982,0.17500805346567813,0.23408183393237264,0.25738905999120376,0.20381348144458825,0.4244847000789354,0.3331633207534733,0.33316332075347316
hoptimus1,PRAD,1,intercept_f64,25891,36819,15,EIF3E,0.2758748200500803,-0.020585027804106648,0.3850769417730218,0.6408120704752913,0.6586003131799629,0.35963236670299176,0.6142556510384795,0.7584744640971515,0.7584744640971514
hoptimus1,PRAD,1,intercept_f64,25891,36819,15,EIF3H,0.37521928495949497,0.06406737549349839,0.368581385635031,0.6089248372647862,0.6741699453199145,0.39657900582737227,0.6275443244678116,0.7727914378170733,0.7727914378170729
hoptimus1,PRAD,1,intercept_f64,25891,36819,15,GLO1,0.47235528205825245,0.13372069307086498,0.43103203216122404,0.3325215251797971,0.5332115927869018,0.2683429326610088,0.7053843220868863,0.42953386856881504,0.429533868568815
hoptimus1,PRAD,1,intercept_f64,25891,36819,15,GNG5,0.4104574189910625,0.10760522581089871,0.30025836270057116,0.4912525153497567,0.5026570057706424,0.38074298592110317,0.5800548292022786,0.6951385719659853,0.6951385719659849
hoptimus1,PRAD,1,intercept_f64,25891,36819,15,HLA-DRA,0.32619127832082884,0.030336335480474874,0.5200116749717362,0.618279256383039,0.7817476333400175,0.35749051224805156,0.7323117224815022,0.6879240715104504,0.6879240715104502
hoptimus1,PRAD,1,intercept_f64,25891,36819,15,HSPD1,0.3632787857371749,0.08072955839510754,0.2687420979797868,0.4000646120653712,0.4434243794736528,0.31087606916531707,0.5406873434787778,0.4897815739080357,0.48978157390803556
hoptimus1,PRAD,1,intercept_f64,25891,36819,15,IMPDH2,0.3410791684900984,0.07009423051185759,0.25274693466913944,0.360608142260889,0.3968487579192676,0.2839077867794407,0.5213429168621765,0.44098738063910836,0.44098738063910825
hoptimus1,PRAD,1,intercept_f64,25891,36819,15,MAOA,0.4235004579955664,0.08169097425201566,0.17007896996150146,0.3178873610595757,0.23844470622671035,0.29077759815691523,0.4303589924336728,0.3509296715722281,0.35092967157222815
hoptimus1,PRAD,1,intercept_f64,25891,36819,15,MIF,0.2785267856761889,-0.18163038512663188,0.5305890671304193,0.8228600167307859,0.690062561721292,0.5008967464978905,0.6700980026499972,0.7750350801238713,0.7750350801238713
hoptimus1,PRAD,1,intercept_f64,25891,36819,15,MPC2,0.5943442608360355,0.32214229347370005,0.3690705123204838,0.5489041096252814,0.6069347392328047,0.5550313075219352,0.7378794322046378,0.8815116961701926,0.8815116961701923
hoptimus1,PRAD,1,intercept_f64,25891,36819,15,MRPL33,0.28675396605465564,-0.07903783808484022,0.3304205719501092,0.4018153624968136,0.51236949956036,0.35145070353646096,0.5533694792714721,0.6146209008640933,0.614620900864093
hoptimus1,PRAD,1,intercept_f64,25891,36819,15,MT1E,0.3719712593829813,-0.01569580389331482,0.8951204178323361,0.571014930013192,0.8440119822593388,0.5966673008474679,0.9387693517819288,1.079771695953455,1.079771695953454
hoptimus1,PRAD,1,intercept_f64,25891,36819,15,MT1X,0.39847706398214444,0.049233338883241884,0.6801829670643971,0.5091961527042397,0.6978509165027911,0.543877398909435,0.8458160146300823,0.8843380879897255,0.8843380879897249
hoptimus1,PRAD,1,intercept_f64,25891,36819,15,NUCB2,0.17534584263640945,-0.08744199927504037,0.20742685211689804,0.2073260170914305,0.29689395013600595,0.19708763031908666,0.43674650382987346,0.34478039281272777,0.34478039281272765
hoptimus1,PRAD,1,intercept_f64,25891,36819,15,NUDT4,0.30734104421263847,0.041464594326715565,0.3386096648304565,0.3907776111516956,0.4171391209934649,0.31692886193630176,0.5943545549604811,0.48878484246334014,0.4887848424633401
hoptimus1,PRAD,1,intercept_f64,25891,36819,15,PCBD1,0.46928066184071165,0.1736126055407914,0.2999411927493485,0.44864841757665574,0.5018051372300556,0.4014325652956897,0.6024572223245653,0.6053713083239587,0.6053713083239586
hoptimus1,PRAD,1,intercept_f64,25891,36819,15,PDIA4,0.45255185545498383,0.1379329917049542,0.23846750240284298,0.3290861215015148,0.3798279481947029,0.3642061920361758,0.5259495515978334,0.5234528027230567,0.5234528027230566
hoptimus1,PRAD,1,intercept_f64,25891,36819,15,PERP,0.45404583340269755,0.15434915657079384,0.25692207494352376,0.37392644240443385,0.3650400393550337,0.375412692151739,0.5511948703784342,0.5144069383845243,0.5144069383845241
hoptimus1,PRAD,1,intercept_f64,25891,36819,15,REXO2,0.5084108642416948,0.14810193124937765,0.33227403150549434,0.2564049482234197,0.410267059423355,0.17831050193550932,0.6245315509562911,0.294806719461684,0.2948067194616839
hoptimus1,PRAD,1,intercept_f64,25891,36819,15,RPL37A,0.5064977341545654,-0.07344649083303145,1.059277554828914,2.510220883676513,2.999094572994282,0.7974792495903981,0.9933783365455694,2.7908146602751733,2.7908146602751724
hoptimus1,PRAD,1,intercept_f64,25891,36819,15,RPN1,0.3500562889692735,0.04755836087423926,0.24717453065598918,0.33456843713036793,0.37234320729018233,0.31261133389879686,0.5094278364033119,0.5211034812314327,0.5211034812314325
hoptimus1,PRAD,1,intercept_f64,25891,36819,15,RPS29,0.44099212948014205,-0.19641321020692515,0.9950525814544828,2.03598353155776,2.4999902190103764,0.7335301272171765,0.9119739130395569,2.4313418294181655,2.4313418294181646
hoptimus1,PRAD,1,intercept_f64,25891,36819,15,RSL24D1,0.18859433429878836,-0.03557055550876731,0.1959541385793842,0.34452780027407703,0.29673194795893076,0.18775761677108108,0.43499811332783384,0.3700497699527006,0.37004976995270045
hoptimus1,PRAD,1,intercept_f64,25891,36819,15,SEC11C,0.7211366347969241,0.491676997980259,0.45795945047843195,0.8903909136492582,0.7672932006621265,0.7864515001319453,0.9491691878977669,1.2709161395163957,1.2709161395163955
hoptimus1,PRAD,1,intercept_f64,25891,36819,15,SELENOT,0.3405481761215159,0.09395630280484646,0.18406097439422076,0.2374090011073583,0.2835240502195468,0.20192785359473303,0.45071943642454293,0.3144987193786056,0.3144987193786054
hoptimus1,PRAD,1,intercept_f64,25891,36819,15,SGK1,0.37092867199021706,0.11792631489582472,0.2694746142839672,0.2740207673181351,0.33853215024337824,0.24797349194944904,0.5527216759020358,0.37092473270175674,0.3709247327017566
hoptimus1,PRAD,1,intercept_f64,25891,36819,15,SLIRP,0.36278843509963066,0.05112607427812599,0.3164532825565991,0.44012176995966784,0.5323679321809893,0.3449133795955056,0.5774980819029725,0.5642052300397825,0.5642052300397824
hoptimus1,PRAD,1,intercept_f64,25891,36819,15,SNHG8,0.5905917266235162,0.26714524795136574,0.4914468540939158,0.5484351397344517,0.7714859427645289,0.5543759900135014,0.8188970856784329,0.8936402015985132,0.8936402015985129
hoptimus1,PRAD,1,intercept_f64,25891,36819,15,SNHG9,0.32193822977473713,-0.15334678191153994,0.2898520075713087,0.4574118470065174,0.37798004174479194,0.40279572900882815,0.5013121174438466,0.580082370731094,0.580082370731094
hoptimus1,PRAD,1,intercept_f64,25891,36819,15,SNRPE,0.3484645318588073,0.04884420593591754,0.25694809801251517,0.387812608140132,0.4132010090787872,0.3188227567611496,0.5197528444158167,0.5153769902644101,0.5153769902644099
hoptimus1,PRAD,1,intercept_f64,25891,36819,15,SOD2,0.19912060690125588,-0.09454875172863009,0.26941862017160806,0.2771116324320737,0.36326662611315763,0.2588196866091875,0.49613086822625946,0.4094246883969896,0.4094246883969894
hoptimus1,PRAD,1,intercept_f64,25891,36819,15,SPCS3,0.2641775355277647,0.010403012774597653,0.13989963395456276,0.2321705897246026,0.20684588219348318,0.18738659702731159,0.37599243490649314,0.34686762873771276,0.3468676287377126
hoptimus1,PRAD,1,intercept_f64,25891,36819,15,SPON2,0.6661065028572531,0.3869983267238528,0.8412714500417393,0.7370326548347469,1.001858987108623,0.6926970524441065,1.1714863842850043,1.1169734112859389,1.1169734112859384
hoptimus1,PRAD,1,intercept_f64,25891,36819,15,SRRM1,0.23157832065180364,-0.012515796568499438,0.20775664360640714,0.21732718092162834,0.3052165625863935,0.18136877996130712,0.45297742274056185,0.3456409929304318,0.3456409929304317
hoptimus1,PRAD,1,intercept_f64,25891,36819,15,SVIP,0.33364097083102945,0.07223475218232278,0.1735849957440705,0.2708655333495889,0.2679677636986201,0.22977871047045023,0.4325507219451295,0.3637697180730712,0.36376971807307107
hoptimus1,PRAD,1,intercept_f64,25891,36819,15,TMCO1,0.34514420829762393,0.08533541372781406,0.19432989631520892,0.24722016359078428,0.29828753889427784,0.2266976776155529,0.46093414108309366,0.34268824138194204,0.3426882413819419
hoptimus1,PRAD,1,intercept_f64,25891,36819,15,TOB1,0.23025599927197876,-0.09337547578205152,0.19087938821725048,0.2964204548781798,0.25294588207826213,0.25004770841448376,0.41782541473417695,0.3694756241267584,0.36947562412675833
hoptimus1,PRAD,1,intercept_f64,25891,36819,15,TXNL4A,0.38913801559223893,0.08397586887370845,0.22672441533809107,0.3039138151001256,0.3618124070355717,0.3091086862206104,0.4975029817797456,0.42839942666885833,0.4283994266688582
hoptimus1,PRAD,1,intercept_f64,25891,36819,15,XBP1,0.6281008239032911,0.36930341411441137,0.36383639583355715,0.5211146696284393,0.6342876569222172,0.5186935699157599,0.7595263239876623,0.784242953574928,0.7842429535749277
hoptimus1,PRAD,1,intercept_f64,25891,36819,15,ZFAS1,0.463925942214462,0.11829593377289915,0.4233103579723655,0.5408259163587845,0.6861910932938692,0.48084553980130157,0.6928959547289343,0.8185962171949799,0.8185962171949797
hoptimus1,PRAD,1,ycentered_f64,25891,36819,15,AMD1,0.602206179170345,0.31418269467963045,0.4202335940426903,0.472857270269018,0.6348578381950876,0.41261312086874086,0.7827826010539293,0.6666319775445996,0.6666319775445995
hoptimus1,PRAD,1,ycentered_f64,25891,36819,15,C1orf43,0.40864552296192885,0.1278003718511187,0.21043162790507638,0.33055697010053764,0.3407335143380818,0.29742650626587946,0.49118778585856426,0.46127229877632675,0.4612722987763267
hoptimus1,PRAD,1,ycentered_f64,25891,36819,15,C6orf48,0.2941914122794157,-0.028132582683227048,0.3136577348267759,0.3528213188759383,0.48648085722131595,0.29334171601916725,0.552336113289232,0.5116469795893308,0.5116469795893308
hoptimus1,PRAD,1,ycentered_f64,25891,36819,15,C8orf59,0.35337426194749977,0.02342505552631602,0.32428324995973273,0.5020442706125148,0.5618420583757145,0.37715741174069206,0.5762480511447915,0.6402840895179636,0.6402840895179636
hoptimus1,PRAD,1,ycentered_f64,25891,36819,15,CAT,0.3147087897386064,0.06042150814872427,0.1870856553543567,0.2195417841373633,0.2907845878261762,0.1915617597333644,0.446224808115716,0.33094554702365697,0.33094554702365697
hoptimus1,PRAD,1,ycentered_f64,25891,36819,15,CCDC47,0.26459469648309686,-0.010508183288253203,0.15052991525126683,0.23011921790246093,0.21360333971030657,0.21038927846776112,0.3859592831692027,0.32584030712646755,0.32584030712646755
hoptimus1,PRAD,1,ycentered_f64,25891,36819,15,COX17,0.467568433450098,0.1700357405210845,0.28746736929823524,0.5104076520372953,0.493290762370451,0.40376319374320474,0.5885245472210363,0.6182184561458,0.6182184561458
hoptimus1,PRAD,1,ycentered_f64,25891,36819,15,COX5A,0.516899552387192,0.24248564799511885,0.2986642587899454,0.5338767641883644,0.5539651066959252,0.4211817477683348,0.6279082569913625,0.6705653540740297,0.6705653540740297
hoptimus1,PRAD,1,ycentered_f64,25891,36819,15,COX7B,0.4269753789794898,0.11597161798205313,0.3880113556910581,0.6741103539497965,0.7697690345510635,0.4241718828427493,0.6625049290867256,0.7927722784215995,0.7927722784215995
hoptimus1,PRAD,1,ycentered_f64,25891,36819,15,DNAJC3,0.27314329456237085,0.02874347008827982,0.17500805346567813,0.23408183393237264,0.25738905999120376,0.20381348144458827,0.4244847000789354,0.3331633207534732,0.33316332075347316
hoptimus1,PRAD,1,ycentered_f64,25891,36819,15,EIF3E,0.27587482005008024,-0.020585027804106648,0.38507694177302176,0.6408120704752911,0.6586003131799629,0.3596323667029918,0.6142556510384795,0.7584744640971514,0.7584744640971514
hoptimus1,PRAD,1,ycentered_f64,25891,36819,15,EIF3H,0.37521928495949497,0.0640673754934985,0.368581385635031,0.608924837264786,0.6741699453199145,0.39657900582737227,0.6275443244678116,0.7727914378170729,0.7727914378170729
hoptimus1,PRAD,1,ycentered_f64,25891,36819,15,GLO1,0.47235528205825233,0.13372069307086498,0.43103203216122404,0.3325215251797971,0.5332115927869018,0.2683429326610087,0.7053843220868863,0.42953386856881504,0.429533868568815
hoptimus1,PRAD,1,ycentered_f64,25891,36819,15,GNG5,0.4104574189910626,0.10760522581089926,0.300258362700571,0.4912525153497565,0.5026570057706424,0.38074298592110317,0.5800548292022786,0.6951385719659849,0.6951385719659849
hoptimus1,PRAD,1,ycentered_f64,25891,36819,15,HLA-DRA,0.3261912783208289,0.03033633548047432,0.5200116749717364,0.6182792563830387,0.7817476333400175,0.3574905122480516,0.7323117224815022,0.6879240715104502,0.6879240715104502
hoptimus1,PRAD,1,ycentered_f64,25891,36819,15,HSPD1,0.36327878573717487,0.08072955839510731,0.2687420979797868,0.4000646120653712,0.4434243794736528,0.310876069165317,0.5406873434787778,0.4897815739080356,0.48978157390803556
hoptimus1,PRAD,1,ycentered_f64,25891,36819,15,IMPDH2,0.34107916849009845,0.07009423051185804,0.25274693466913933,0.3606081422608889,0.3968487579192676,0.2839077867794406,0.5213429168621765,0.44098738063910836,0.44098738063910825
hoptimus1,PRAD,1,ycentered_f64,25891,36819,15,MAOA,0.4235004579955664,0.08169097425201521,0.17007896996150154,0.3178873610595759,0.23844470622671035,0.29077759815691523,0.4303589924336728,0.35092967157222826,0.35092967157222815
hoptimus1,PRAD,1,ycentered_f64,25891,36819,15,MIF,0.278526785676189,-0.18163038512663165,0.5305890671304192,0.8228600167307857,0.690062561721292,0.5008967464978906,0.6700980026499972,0.7750350801238713,0.7750350801238713
hoptimus1,PRAD,1,ycentered_f64,25891,36819,15,MPC2,0.5943442608360355,0.32214229347370016,0.36907051232048377,0.5489041096252809,0.6069347392328047,0.5550313075219352,0.7378794322046378,0.8815116961701923,0.8815116961701923
hoptimus1,PRAD,1,ycentered_f64,25891,36819,15,MRPL33,0.28675396605465553,-0.07903783808484022,0.3304205719501092,0.4018153624968133,0.51236949956036,0.35145070353646096,0.5533694792714721,0.6146209008640932,0.614620900864093
hoptimus1,PRAD,1,ycentered_f64,25891,36819,15,MT1E,0.3719712593829812,-0.01569580389331593,0.8951204178323371,0.571014930013191,0.8440119822593388,0.596667300847468,0.9387693517819288,1.0797716959534542,1.079771695953454
hoptimus1,PRAD,1,ycentered_f64,25891,36819,15,MT1X,0.39847706398214444,0.04923333888324177,0.6801829670643972,0.5091961527042388,0.6978509165027911,0.543877398909435,0.8458160146300823,0.8843380879897249,0.8843380879897249
hoptimus1,PRAD,1,ycentered_f64,25891,36819,15,NUCB2,0.17534584263640945,-0.08744199927504015,0.20742685211689796,0.20732601709143045,0.29689395013600595,0.19708763031908666,0.43674650382987346,0.3447803928127277,0.34478039281272765
hoptimus1,PRAD,1,ycentered_f64,25891,36819,15,NUDT4,0.30734104421263836,0.04146459432671579,0.33860966483045646,0.39077761115169574,0.4171391209934649,0.3169288619363018,0.5943545549604811,0.4887848424633401,0.4887848424633401
hoptimus1,PRAD,1,ycentered_f64,25891,36819,15,PCBD1,0.46928066184071177,0.17361260554079094,0.29994119274934866,0.44864841757665574,0.5018051372300556,0.4014325652956897,0.6024572223245653,0.6053713083239586,0.6053713083239586
hoptimus1,PRAD,1,ycentered_f64,25891,36819,15,PDIA4,0.452551855454984,0.13793299170495377,0.23846750240284306,0.32908612150151445,0.3798279481947029,0.364206192036176,0.5259495515978334,0.5234528027230567,0.5234528027230566
hoptimus1,PRAD,1,ycentered_f64,25891,36819,15,PERP,0.4540458334026975,0.1543491565707935,0.25692207494352387,0.3739264424044337,0.3650400393550337,0.375412692151739,0.5511948703784342,0.5144069383845241,0.5144069383845241
hoptimus1,PRAD,1,ycentered_f64,25891,36819,15,REXO2,0.5084108642416947,0.14810193124937754,0.3322740315054944,0.25640494822341975,0.410267059423355,0.17831050193550926,0.6245315509562911,0.2948067194616839,0.2948067194616839
hoptimus1,PRAD,1,ycentered_f64,25891,36819,15,RPL37A,0.5064977341545653,-0.07344649083303345,1.059277554828916,2.5102208836765114,2.999094572994282,0.7974792495903981,0.9933783365455694,2.7908146602751724,2.7908146602751724
hoptimus1,PRAD,1,ycentered_f64,25891,36819,15,RPN1,0.3500562889692736,0.047558360874239036,0.24717453065598924,0.33456843713036777,0.37234320729018233,0.31261133389879686,0.5094278364033119,0.5211034812314325,0.5211034812314325
hoptimus1,PRAD,1,ycentered_f64,25891,36819,15,RPS29,0.440992129480142,-0.1964132102069267,0.9950525814544842,2.0359835315577586,2.4999902190103764,0.7335301272171765,0.9119739130395569,2.4313418294181646,2.4313418294181646
hoptimus1,PRAD,1,ycentered_f64,25891,36819,15,RSL24D1,0.18859433429878836,-0.035570555508767754,0.1959541385793843,0.34452780027407676,0.29673194795893076,0.18775761677108105,0.43499811332783384,0.37004976995270045,0.37004976995270045
hoptimus1,PRAD,1,ycentered_f64,25891,36819,15,SEC11C,0.7211366347969241,0.491676997980259,0.45795945047843195,0.8903909136492579,0.7672932006621265,0.7864515001319452,0.9491691878977669,1.2709161395163955,1.2709161395163955
hoptimus1,PRAD,1,ycentered_f64,25891,36819,15,SELENOT,0.34054817612151594,0.09395630280484601,0.18406097439422084,0.23740900110735805,0.2835240502195468,0.20192785359473303,0.45071943642454293,0.3144987193786054,0.3144987193786054
hoptimus1,PRAD,1,ycentered_f64,25891,36819,15,SGK1,0.370928671990217,0.11792631489582484,0.26947461428396713,0.2740207673181348,0.33853215024337824,0.2479734919494491,0.5527216759020358,0.3709247327017566,0.3709247327017566
hoptimus1,PRAD,1,ycentered_f64,25891,36819,15,SLIRP,0.36278843509963066,0.05112607427812632,0.316453282556599,0.4401217699596676,0.5323679321809893,0.3449133795955056,0.5774980819029725,0.5642052300397824,0.5642052300397824
hoptimus1,PRAD,1,ycentered_f64,25891,36819,15,SNHG8,0.5905917266235164,0.2671452479513656,0.49144685409391586,0.5484351397344513,0.7714859427645289,0.5543759900135012,0.8188970856784329,0.8936402015985129,0.8936402015985129
hoptimus1,PRAD,1,ycentered_f64,25891,36819,15,SNHG9,0.32193822977473713,-0.1533467819115395,0.2898520075713086,0.45741184700651716,0.37798004174479194,0.4027957290088281,0.5013121174438466,0.580082370731094,0.580082370731094
hoptimus1,PRAD,1,ycentered_f64,25891,36819,15,SNRPE,0.34846453185880744,0.04884420593591732,0.2569480980125152,0.38781260814013196,0.4132010090787872,0.31882275676114963,0.5197528444158167,0.5153769902644099,0.5153769902644099
hoptimus1,PRAD,1,ycentered_f64,25891,36819,15,SOD2,0.19912060690125585,-0.09454875172863053,0.26941862017160817,0.27711163243207343,0.36326662611315763,0.2588196866091876,0.49613086822625946,0.4094246883969894,0.4094246883969894
hoptimus1,PRAD,1,ycentered_f64,25891,36819,15,SPCS3,0.26417753552776463,0.010403012774597764,0.13989963395456273,0.2321705897246025,0.20684588219348318,0.18738659702731159,0.37599243490649314,0.3468676287377126,0.3468676287377126
hoptimus1,PRAD,1,ycentered_f64,25891,36819,15,SPON2,0.6661065028572531,0.3869983267238528,0.8412714500417392,0.7370326548347463,1.001858987108623,0.6926970524441064,1.1714863842850043,1.1169734112859384,1.1169734112859384
hoptimus1,PRAD,1,ycentered_f64,25891,36819,15,SRRM1,0.23157832065180362,-0.012515796568499882,0.20775664360640725,0.21732718092162828,0.3052165625863935,0.18136877996130707,0.45297742274056185,0.3456409929304317,0.3456409929304317
hoptimus1,PRAD,1,ycentered_f64,25891,36819,15,SVIP,0.33364097083102934,0.07223475218232245,0.17358499574407055,0.2708655333495889,0.2679677636986201,0.22977871047045015,0.4325507219451295,0.36376971807307107,0.36376971807307107
hoptimus1,PRAD,1,ycentered_f64,25891,36819,15,TMCO1,0.34514420829762393,0.08533541372781417,0.19432989631520892,0.24722016359078416,0.29828753889427784,0.22669767761555287,0.46093414108309366,0.342688241381942,0.3426882413819419
hoptimus1,PRAD,1,ycentered_f64,25891,36819,15,TOB1,0.23025599927197873,-0.09337547578205108,0.19087938821725042,0.2964204548781796,0.25294588207826213,0.2500477084144837,0.41782541473417695,0.36947562412675833,0.36947562412675833
hoptimus1,PRAD,1,ycentered_f64,25891,36819,15,TXNL4A,0.389138015592239,0.08397586887370845,0.22672441533809107,0.3039138151001255,0.3618124070355717,0.3091086862206104,0.4975029817797456,0.42839942666885833,0.4283994266688582
hoptimus1,PRAD,1,ycentered_f64,25891,36819,15,XBP1,0.6281008239032911,0.36930341411441103,0.3638363958335573,0.5211146696284389,0.6342876569222172,0.51869356991576,0.7595263239876623,0.7842429535749279,0.7842429535749277
hoptimus1,PRAD,1,ycentered_f64,25891,36819,15,ZFAS1,0.46392594221446193,0.11829593377289904,0.42331035797236555,0.540825916358784,0.6861910932938692,0.4808455398013015,0.6928959547289343,0.8185962171949798,0.8185962171949797
hoptimus1,READ,0,nointercept_f64,3819,4588,2,AC010883.3,0.03350693157254178,-0.40586247671202735,0.11758280956061183,-0.01236107642529921,0.10534972222659934,0.1517585048988522,0.2892014704569033,6.511913001205422e-17,0.16056831821342762
hoptimus1,READ,0,nointercept_f64,3819,4588,2,ADAMDEC1,0.2722088590781285,-1.546531239571351,0.3272811013791204,-0.021043850030031862,0.17081037291050374,0.5116824749000937,0.35849735837578645,8.930623544510294e-17,0.4781098614877729
hoptimus1,READ,0,nointercept_f64,3819,4588,2,ANGPTL2,0.14552507179720153,-3.601186491106632,0.5714722054829078,-0.44878789119748796,0.1755919718908661,0.29633968286990914,0.3524216971428798,7.442186287091911e-17,0.6673819548049251
hoptimus1,READ,0,nointercept_f64,3819,4588,2,APOC1,0.24090455176734082,-1.6681216130748258,0.5671020481972261,-0.2138633921066036,0.26719461847827447,0.47913060429534593,0.4610285253910747,1.1907498059347058e-16,0.651217209790258
hoptimus1,READ,0,nointercept_f64,3819,4588,2,BTNL3,0.5003802544428418,-0.012597566287378958,0.13791220118925085,0.2697670550766944,0.1700241405650025,0.34549972931680145,0.3690480419815677,-1.1163279430637867e-17,0.15656423194148086
hoptimus1,READ,0,nointercept_f64,3819,4588,2,CA1,0.5798804460136374,-0.046371154736372766,0.4987271902587792,0.4298588517859546,0.3574820245569856,0.8212111730793585,0.6903807027738019,-9.302732858864889e-18,0.17746652780199712
hoptimus1,READ,0,nointercept_f64,3819,4588,2,CA2,0.6807807725204655,0.27386825129298864,0.4356094949512441,0.7040353771746309,0.6492396566071714,0.8600583050830191,0.7745348362720946,3.34898382919136e-17,0.248773882731807
hoptimus1,READ,0,nointercept_f64,3819,4588,2,CCL14,0.06162799641158714,-0.3802473395481458,0.09826501867228066,0.06433136837339871,0.0983524833852141,0.1782590145661324,0.2668216166254878,-9.767869501808133e-18,0.12405420354786703
hoptimus1,READ,0,nointercept_f64,3819,4588,2,CCL21,0.16666606585685784,-0.597984839570304,0.330090274824086,-0.034137722033426875,0.1977962042938239,0.35046392710961016,0.4544959705795456,2.1582340232566542e-16,0.4391472712959036
hoptimus1,READ,0,nointercept_f64,3819,4588,2,CD177,0.747861515725877,0.39683854830279963,0.3822410667685181,0.28727314453679875,0.5863283145604388,0.7116290213293551,0.796071146622353,4.279257115077849e-17,0.19248925512702905
hoptimus1,READ,0,nointercept_f64,3819,4588,2,CEMIP,0.1800017037007383,-0.5837621614341713,0.352528936243841,-0.04772075578579448,0.30526181257800006,0.19697153599949865,0.4717939895526635,5.953749029673529e-17,0.17590143487665097
hoptimus1,READ,0,nointercept_f64,3819,4588,2,CHI3L1,0.14802872745095216,-0.49349589980203445,0.3055536019244975,0.028833189213769286,0.2657234878673071,0.28905961992900986,0.4523157250049,2.9768745148367645e-17,0.402988410551656
hoptimus1,READ,0,nointercept_f64,3819,4588,2,CLCA1,0.2664187855414296,-0.12663995352938984,0.4811387888187587,0.3226338481214176,0.46102219170451475,0.4295307502562954,0.6534955146923968,3.162929172014062e-17,0.20215025220313101
hoptimus1,READ,0,nointercept_f64,3819,4588,2,CLU,0.16413104775724177,-2.2773242290232156,0.46178977048647585,-0.32281755236417353,0.19656384214693917,0.29596909271064437,0.3753724973884297,2.009390297514816e-16,0.5693700159367044
hoptimus1,READ,0,nointercept_f64,3819,4588,2,CXCL10,0.09792527478442566,-0.8067905305760774,0.2953865723387375,0.21500293304208476,0.18316546739862602,0.4035366408802525,0.4043351261191286,2.9768745148367645e-17,0.33803230800314016
hoptimus1,READ,0,nointercept_f64,3819,4588,2,CXCL8,0.18346909573427844,-0.4076667054135863,0.5907247164073843,0.20259782746459792,0.6226735984437239,0.2123325464728943,0.6478025480318458,-3.721093143545956e-18,0.2298628629018699
hoptimus1,READ,0,nointercept_f64,3819,4588,2,CXCL9,0.16018673631162536,-0.6992857579068128,0.3229590460427521,-0.09649424933674274,0.23102578034895654,0.2445071685860335,0.435953850678592,1.339593531676544e-16,0.22719462000908544
hoptimus1,READ,0,nointercept_f64,3819,4588,2,EFEMP1,0.11899297774906063,-13.192725458081075,0.9657667978045739,-0.8026606007845648,0.0962891603617847,0.33199371034340946,0.2608574438935737,1.1907498059347058e-16,0.7267879512678987
hoptimus1,READ,0,nointercept_f64,3819,4588,2,EGLN3,0.35309172492203916,-0.6825645984842998,0.22781629574420242,0.3302604637813693,0.18272838232926733,0.42578506801664323,0.36796500675305716,-2.9768745148367645e-17,0.2263670952165898
hoptimus1,READ,0,nointercept_f64,3819,4588,2,FRZB,0.13334823999228249,-4.756273878777917,0.37954853583202436,-0.42104973234830456,0.0929731187242576,0.2591079562374583,0.2567810294504177,-5.2095304009643373e-17,0.3850529950524725
hoptimus1,READ,0,nointercept_f64,3819,4588,2,GUCA2A,0.7524227280707135,0.4771666675400478,0.384433204681771,0.5525031542655939,0.5567481018401481,0.9009346894156878,0.8574895027650212,1.8605465717729778e-17,0.20604875594041958
hoptimus1,READ,0,nointercept_f64,3819,4588,2,HMOX1,0.1497955154947959,-0.8628757955805235,0.14046257382875185,-0.05754596355718349,0.10683302455293478,0.24046429717883064,0.2745923040037662,-5.2095304009643373e-17,0.3086211519673346
hoptimus1,READ,0,nointercept_f64,3819,4588,2,IGHG2,0.03376073940200827,-2.2495269882903535,1.6741919678342867,-0.49478877419262207,0.4487928227434599,0.5430989158762627,0.717781982897168,2.9768745148367645e-17,0.7248138397518457
hoptimus1,READ,0,nointercept_f64,3819,4588,2,IGHG4,-0.030938248371942145,-2.47193927710119,1.092420793780052,-0.3717690263381623,0.3249572916662787,0.5236185994945476,0.5609303239126491,1.0419060801928675e-16,1.130203678895741
hoptimus1,READ,0,nointercept_f64,3819,4588,2,ITGB2,0.15883602960153576,-0.8938795315054304,0.3018255546049417,-0.0709489054127468,0.22750690353363623,0.3029949996519542,0.3992103832108793,1.9349684346438967e-16,0.6593734585636416
hoptimus1,READ,0,nointercept_f64,3819,4588,2,ITIH5,0.0024737380715513686,-4.129635470555316,0.4179366289120326,-0.4179330281152602,0.11206228180147818,0.23643301960853721,0.28543811574115685,8.930623544510294e-17,0.3557862533765115
hoptimus1,READ,0,nointercept_f64,3819,4588,2,LAMA3,0.2923399523129469,-0.11666743763917364,0.21130197944892398,0.21581591529120178,0.27607223737104725,0.31322542956577104,0.43500060068022217,7.442186287091911e-18,0.18038085181852323
hoptimus1,READ,0,nointercept_f64,3819,4588,2,LOX,0.06581249252722289,-2.30201156002575,0.27081027988885203,-0.27710548564930104,0.11648575253557307,0.2038817644135679,0.28638039142225713,1.004695148757408e-16,0.40791949454200427
hoptimus1,READ,0,nointercept_f64,3819,4588,2,MMP28,0.5479016714792534,0.23159756571204293,0.18663852375233977,0.3025876892757756,0.3052923946455446,0.3990812679263723,0.49284037496478356,-7.070076972737315e-17,0.14134667655753042
hoptimus1,READ,0,nointercept_f64,3819,4588,2,MMP7,0.2012460076031604,-0.6626172556317347,0.17664276292710643,0.11337459196166591,0.13089555959235927,0.3383504589165427,0.3259505984470892,1.8605465717729778e-17,0.1759427898558811
hoptimus1,READ,0,nointercept_f64,3819,4588,2,MMP9,0.1796794050263839,-0.9377007775439352,0.32644092269213326,-0.06130542023444804,0.21049880181173708,0.3729717650005151,0.41044875398316916,1.7861247089020587e-16,0.4867993605389711
hoptimus1,READ,0,nointercept_f64,3819,4588,2,MT1F,0.42209166551192523,0.07340072509719986,0.18824469261930388,0.11068651268671505,0.2268493370377924,0.27850426366278047,0.45072888654767135,0.0,0.18164497247133057
hoptimus1,READ,0,nointercept_f64,3819,4588,2,MT1M,0.5564363248875472,0.14154542570358086,0.3003823787856589,0.0857742977281167,0.3281874080897417,0.322261897566216,0.5915324399519734,-5.5816397153189335e-18,0.16603779049873602
hoptimus1,READ,0,nointercept_f64,3819,4588,2,MXI1,0.32357829330858984,-0.3758956779743192,0.190590076484501,0.268584551995581,0.20815271154734605,0.3712708875378851,0.3721837342113739,-1.1163279430637867e-17,0.23103847476193093
hoptimus1,READ,0,nointercept_f64,3819,4588,2,P3H3,0.07693439704784819,-4.085579429863389,0.26772374529907433,-0.3413042115202374,0.07732145123203214,0.21801213829970864,0.2294421613413472,2.2326558861275734e-17,0.417525490780531
hoptimus1,READ,0,nointercept_f64,3819,4588,2,PADI2,0.5500012432628911,0.14014397057275663,0.2944211473864874,0.5781482920374978,0.3890243490675583,0.4626360896036319,0.5851559561440841,-5.953749029673529e-17,0.31533124503679816
hoptimus1,READ,0,nointercept_f64,3819,4588,2,PDE9A,0.37286339787597317,-3.4056820662636973,0.41563452612610857,0.43202578429836674,0.12928743531834902,0.6072308041891578,0.30714908905651517,3.34898382919136e-17,0.15921335346444673
hoptimus1,READ,0,nointercept_f64,3819,4588,2,PLAAT3,0.2133797860619081,-1.353287230502945,0.19530831455481484,-0.04215763227197479,0.1233580917925448,0.3592936241339518,0.28808649315372276,-2.9768745148367645e-17,0.36685760466332645
hoptimus1,READ,0,nointercept_f64,3819,4588,2,PRRG3,-0.02182156623924149,-0.43212538210904117,0.2800718497158337,-0.01481505473994491,0.23902191072312665,0.1323639888543357,0.4422259350101911,4.465311772255147e-17,0.1647292847220078
hoptimus1,READ,0,nointercept_f64,3819,4588,2,PTGDS,0.11720800038790928,-3.7252268590196556,0.46031638763640514,-0.40555150517170535,0.13320413327986194,0.3085756765712322,0.31211661358942694,1.4884372574183823e-16,0.5283765820939992
hoptimus1,READ,0,nointercept_f64,3819,4588,2,SECTM1,0.5085262934375184,0.1603874169227203,0.13869811647119037,0.14535530691928122,0.1845117256552007,0.3278900724473418,0.406439410104924,1.4884372574183823e-17,0.16657517873419928
hoptimus1,READ,0,nointercept_f64,3819,4588,2,SGK1,0.07313676449455916,-2.796601721480386,0.6245773034048381,-0.05774439601760752,0.2611888197056605,0.6290215160621403,0.405597789081921,-1.4884372574183823e-17,0.509298858857336
hoptimus1,READ,0,nointercept_f64,3819,4588,2,SLC26A2,0.41427387721927317,-0.4685284235691314,0.6169436349949816,0.26471254860311805,0.5457779114518668,0.7043321452078364,0.6481590146335918,1.860546571772978e-18,0.33884907617841165
hoptimus1,READ,0,nointercept_f64,3819,4588,2,SLC26A3,0.6214508182602358,-0.15347643028339397,0.928776460286829,0.9344285994310537,0.9455457646221105,1.2167533370067187,0.89732803702948,5.2095304009643373e-17,0.2908838877162249
hoptimus1,READ,0,nointercept_f64,3819,4588,2,SMPDL3A,0.4407003699002445,-0.07696501952922996,0.20269982169857448,0.12928039109885556,0.25115935477154505,0.38141725644708646,0.4338362971135337,7.442186287091911e-17,0.25364435515062883
hoptimus1,READ,0,nointercept_f64,3819,4588,2,SPHK1,0.13742052500948265,-2.458634267077512,0.20091085092465524,-0.2280985695164776,0.08132650266030403,0.25260729197971316,0.24101794351382735,1.1163279430637866e-16,0.37786106209256753
hoptimus1,READ,0,nointercept_f64,3819,4588,2,SPP1,0.14943530751583953,-1.0882717455218383,0.22062938144674887,-0.01627120212586072,0.12457509106309288,0.3608214451327281,0.3250410164808789,2.9768745148367645e-17,0.3323577790086761
hoptimus1,READ,0,nointercept_f64,3819,4588,2,TPSB2,0.024284094365850797,-1.6812351693272762,0.2884851249351619,-0.1652777939815807,0.1362848897134104,0.30798956962507223,0.3280154187224005,-1.4884372574183823e-17,0.6639315199246423
hoptimus1,READ,0,nointercept_f64,3819,4588,2,TSPAN9,0.09154728538637538,-4.9725654414579,0.3844591523182672,-0.4433805923416174,0.09734621636225227,0.1912812957234106,0.25371412335748994,1.4884372574183823e-17,0.41881689721921816
hoptimus1,READ,0,nointercept_f64,3819,4588,2,UBD,0.2139205715697862,-2.1371678883889573,0.5236652288537588,0.01756167997802225,0.2294066104040836,0.6526455732672054,0.40856201659052627,-6.69796765838272e-17,0.5991284641866192
hoptimus1,READ,0,intercept_f64,3819,4588,2,AC010883.3,0.03350693157254207,-0.2621581993314699,0.10556374442431075,0.1482072417881291,0.10534972222659934,0.1517585048988521,0.2892014704569033,0.1605683182134276,0.16056831821342762
hoptimus1,READ,0,intercept_f64,3819,4588,2,ADAMDEC1,0.2722088590781295,-1.8977148898342642,0.37241534911909036,0.45706601145774345,0.17081037291050374,0.511682474900092,0.35849735837578645,0.47810986148777274,0.4781098614877729
hoptimus1,READ,0,intercept_f64,3819,4588,2,ANGPTL2,0.14552507179720214,-0.4772110870134083,0.18347117194467832,0.21859406360744055,0.1755919718908661,0.2963396828699103,0.3524216971428798,0.6673819548049249,0.6673819548049251
hoptimus1,READ,0,intercept_f64,3819,4588,2,APOC1,0.2409045517673419,-0.7155682035162343,0.36463939172356147,0.43735381768365766,0.26719461847827447,0.4791306042953471,0.4610285253910747,0.651217209790258,0.651217209790258
hoptimus1,READ,0,intercept_f64,3819,4588,2,BTNL3,0.5003802544428421,-0.421893853699695,0.19365690551693335,0.4263312870181761,0.1700241405650025,0.3454997293168011,0.3690480419815677,0.15656423194148084,0.15656423194148086
hoptimus1,READ,0,intercept_f64,3819,4588,2,CA1,0.5798804460136376,-0.16634647112684786,0.5559104871921746,0.6073253795879525,0.3574820245569856,0.8212111730793582,0.6903807027738019,0.17746652780199706,0.17746652780199712
hoptimus1,READ,0,intercept_f64,3819,4588,2,CA2,0.6807807725204658,0.12525797121424198,0.5247614280060076,0.9528092599064393,0.6492396566071714,0.8600583050830181,0.7745348362720946,0.24877388273180695,0.248773882731807
hoptimus1,READ,0,intercept_f64,3819,4588,2,CCL14,0.06162799641158683,-0.47784745634299597,0.10521353943697379,0.18838557192126634,0.0983524833852141,0.17825901456613197,0.2668216166254878,0.124054203547867,0.12405420354786703
hoptimus1,READ,0,intercept_f64,3819,4588,2,CCL21,0.16666606585685909,-0.5454304744535097,0.31923429897560873,0.4050095492624788,0.1977962042938239,0.35046392710960994,0.4544959705795456,0.4391472712959035,0.4391472712959036
hoptimus1,READ,0,intercept_f64,3819,4588,2,CD177,0.7478615157258768,0.5200421056205926,0.30416336626840174,0.47976239966382883,0.5863283145604388,0.7116290213293549,0.796071146622353,0.19248925512702905,0.19248925512702905
hoptimus1,READ,0,intercept_f64,3819,4588,2,CEMIP,0.18000170370073873,-0.1648792536355319,0.259289970512231,0.12818067909085742,0.30526181257800006,0.19697153599949924,0.4717939895526635,0.17590143487665097,0.17590143487665097
hoptimus1,READ,0,intercept_f64,3819,4588,2,CHI3L1,0.14802872745095352,-0.3540536082068291,0.2770251711044539,0.43182159976542744,0.2657234878673071,0.2890596199290103,0.4523157250049,0.4029884105516559,0.402988410551656
hoptimus1,READ,0,intercept_f64,3819,4588,2,CLCA1,0.26641878554142906,-0.09131498689153417,0.4660530361699578,0.5247841003245496,0.46102219170451475,0.4295307502562946,0.6534955146923968,0.202150252203131,0.20215025220313101
hoptimus1,READ,0,intercept_f64,3819,4588,2,CLU,0.16413104775724213,-0.3805917022470009,0.19453159979419885,0.24655246357253385,0.19656384214693917,0.29596909271064514,0.3753724973884297,0.5693700159367043,0.5693700159367044
hoptimus1,READ,0,intercept_f64,3819,4588,2,CXCL10,0.09792527478442642,-1.637377140541469,0.4311765975775256,0.5530352410452267,0.18316546739862602,0.40353664088025315,0.4043351261191286,0.3380323080031401,0.33803230800314016
hoptimus1,READ,0,intercept_f64,3819,4588,2,CXCL8,0.1834690957342806,-0.0733802182838188,0.45044201344288276,0.432460690366469,0.6226735984437239,0.21233254647289465,0.6478025480318458,0.2298628629018699,0.2298628629018699
hoptimus1,READ,0,intercept_f64,3819,4588,2,CXCL9,0.16018673631162636,-0.18783489707158285,0.22575486402420994,0.13070037067234366,0.23102578034895654,0.24450716858603397,0.435953850678592,0.22719462000908539,0.22719462000908544
hoptimus1,READ,0,intercept_f64,3819,4588,2,EFEMP1,0.11899297774906073,-1.7524637073689218,0.18729581352011834,-0.07587264951666237,0.0962891603617847,0.33199371034341013,0.2608574438935737,0.7267879512678987,0.7267879512678987
hoptimus1,READ,0,intercept_f64,3819,4588,2,EGLN3,0.3530917249220387,-1.5543253677200601,0.3458511750001388,0.5566275589979601,0.18272838232926733,0.42578506801664306,0.36796500675305716,0.2263670952165898,0.2263670952165898
hoptimus1,READ,0,intercept_f64,3819,4588,2,FRZB,0.13334823999228243,-1.0013539390447241,0.13196226816910048,-0.03599673729583027,0.0929731187242576,0.259107956237457,0.2567810294504177,0.3850529950524724,0.3850529950524725
hoptimus1,READ,0,intercept_f64,3819,4588,2,GUCA2A,0.7524227280707135,0.4218050353670274,0.42513996217282646,0.7585519102060145,0.5567481018401481,0.9009346894156873,0.8574895027650212,0.20604875594041952,0.20604875594041958
hoptimus1,READ,0,intercept_f64,3819,4588,2,HMOX1,0.1497955154947963,-0.7804544034813892,0.13424792393085813,0.25107518841015275,0.10683302455293478,0.2404642971788309,0.2745923040037662,0.3086211519673346,0.3086211519673346
hoptimus1,READ,0,intercept_f64,3819,4588,2,IGHG2,0.033760739402009514,-0.6142999853346787,0.8317050693412605,0.23002506555922678,0.4487928227434599,0.543098915876261,0.717781982897168,0.7248138397518454,0.7248138397518457
hoptimus1,READ,0,intercept_f64,3819,4588,2,IGHG4,-0.030938248371940875,-1.5263434679843462,0.7948958539853155,0.7584346525575845,0.3249572916662787,0.5236185994945446,0.5609303239126491,1.130203678895741,1.130203678895741
hoptimus1,READ,0,intercept_f64,3819,4588,2,ITGB2,0.15883602960153753,-1.1523093264160873,0.34301123451634985,0.5884245531508981,0.22750690353363623,0.3029949996519543,0.3992103832108793,0.6593734585636415,0.6593734585636416
hoptimus1,READ,0,intercept_f64,3819,4588,2,ITIH5,0.0024737380715525426,-1.0545021711796876,0.16739039575892822,-0.06214677473874672,0.11206228180147818,0.23643301960853624,0.28543811574115685,0.35578625337651143,0.3557862533765115
hoptimus1,READ,0,intercept_f64,3819,4588,2,LAMA3,0.29233995231294746,-0.17373731989614316,0.2221010577432722,0.39619676710972596,0.27607223737104725,0.3132254295657708,0.43500060068022217,0.18038085181852317,0.18038085181852323
hoptimus1,READ,0,intercept_f64,3819,4588,2,LOX,0.06581249252722467,-0.41563513862345736,0.11610151604318512,0.13081400889270525,0.11648575253557307,0.20388176441356812,0.28638039142225713,0.40791949454200427,0.40791949454200427
hoptimus1,READ,0,intercept_f64,3819,4588,2,MMP28,0.547901671479254,0.15249117438558846,0.20585280449603074,0.4439343658333068,0.3052923946455446,0.3990812679263719,0.49284037496478356,0.1413466765575304,0.14134667655753042
hoptimus1,READ,0,intercept_f64,3819,4588,2,MMP7,0.20124600760316066,-0.8959531413077002,0.20143325237753917,0.289317381817548,0.13089555959235927,0.3383504589165431,0.3259505984470892,0.17594278985588105,0.1759427898558811
hoptimus1,READ,0,intercept_f64,3819,4588,2,MMP9,0.17967940502638635,-0.7735473712172849,0.29878629714553573,0.4254939403045254,0.21049880181173708,0.3729717650005157,0.41044875398316916,0.486799360538971,0.4867993605389711
hoptimus1,READ,0,intercept_f64,3819,4588,2,MT1F,0.42209166551192534,0.11871499619867376,0.17903880258052787,0.2923314851580465,0.2268493370377924,0.2785042636627804,0.45072888654767135,0.18164497247133052,0.18164497247133057
hoptimus1,READ,0,intercept_f64,3819,4588,2,MT1M,0.5564363248875476,0.2928152712834662,0.2474514521946201,0.25181208822685364,0.3281874080897417,0.3222618975662158,0.5915324399519734,0.166037790498736,0.16603779049873602
hoptimus1,READ,0,intercept_f64,3819,4588,2,MXI1,0.3235782933085896,-0.9628326377211638,0.2718930137932549,0.49962302675751313,0.20815271154734605,0.371270887537885,0.3721837342113739,0.2310384747619309,0.23103847476193093
hoptimus1,READ,0,intercept_f64,3819,4588,2,P3H3,0.07693439704784875,-0.7566679521940047,0.09247751016266549,0.07622127926029601,0.07732145123203214,0.21801213829970809,0.2294421613413472,0.417525490780531,0.417525490780531
hoptimus1,READ,0,intercept_f64,3819,4588,2,PADI2,0.5500012432628913,-0.4985896300831636,0.5131283182889051,0.8934795370742978,0.3890243490675583,0.46263608960363134,0.5851559561440841,0.31533124503679805,0.31533124503679816
hoptimus1,READ,0,intercept_f64,3819,4588,2,PDE9A,0.37286339787597317,-4.696207198773185,0.5373833935743003,0.5912391377628144,0.12928743531834902,0.6072308041891575,0.30714908905651517,0.15921335346444673,0.15921335346444673
hoptimus1,READ,0,intercept_f64,3819,4588,2,PLAAT3,0.21337978606190855,-1.5116495853962317,0.20845141252527763,0.3246999723913536,0.1233580917925448,0.35929362413395305,0.28808649315372276,0.36685760466332645,0.36685760466332645
hoptimus1,READ,0,intercept_f64,3819,4588,2,PRRG3,-0.02182156623924096,-0.14325273420355833,0.22357882344738425,0.14991422998206372,0.23902191072312665,0.13236398885433537,0.4422259350101911,0.1647292847220078,0.1647292847220078
hoptimus1,READ,0,intercept_f64,3819,4588,2,PTGDS,0.11720800038791004,-0.7467881164622576,0.17016647448392103,0.12282507692229631,0.13320413327986194,0.3085756765712305,0.31211661358942694,0.5283765820939991,0.5283765820939992
hoptimus1,READ,0,intercept_f64,3819,4588,2,SECTM1,0.508526293437518,0.07138657670801551,0.1534004317424668,0.31193048565348136,0.1845117256552007,0.3278900724473418,0.406439410104924,0.16657517873419928,0.16657517873419928
hoptimus1,READ,0,intercept_f64,3819,4588,2,SGK1,0.07313676449456,-2.398574303406238,0.5590979853991015,0.4515544628397311,0.2611888197056605,0.6290215160621397,0.405597789081921,0.509298858857336,0.509298858857336
hoptimus1,READ,0,intercept_f64,3819,4588,2,SLC26A2,0.41427387721927383,-0.28843568316316026,0.5412848543278487,0.6035616247815314,0.5457779114518668,0.7043321452078362,0.6481590146335918,0.33884907617841165,0.33884907617841165
hoptimus1,READ,0,intercept_f64,3819,4588,2,SLC26A3,0.6214508182602364,-0.2505281689925938,1.0069222879574184,1.2253124871472796,0.9455457646221105,1.2167533370067178,0.89732803702948,0.29088388771622486,0.2908838877162249
hoptimus1,READ,0,intercept_f64,3819,4588,2,SMPDL3A,0.44070036990024497,-0.0902883509613075,0.20520745830398032,0.3829247462494857,0.25115935477154505,0.3814172564470856,0.4338362971135337,0.2536443551506288,0.25364435515062883
hoptimus1,READ,0,intercept_f64,3819,4588,2,SPHK1,0.13742052500948423,-0.8910505065706467,0.10985046034880282,0.14976249257609178,0.08132650266030403,0.2526072919797141,0.24101794351382735,0.3778610620925674,0.37786106209256753
hoptimus1,READ,0,intercept_f64,3819,4588,2,SPP1,0.14943530751584042,-1.2476537231840976,0.23746835234255853,0.316086576882817,0.12457509106309288,0.3608214451327289,0.3250410164808789,0.3323577790086761,0.3323577790086761
hoptimus1,READ,0,intercept_f64,3819,4588,2,TPSB2,0.024284094365849582,-2.0564519858164094,0.3288562462082727,0.49865372594306506,0.1362848897134104,0.30798956962507384,0.3280154187224005,0.6639315199246422,0.6639315199246423
hoptimus1,READ,0,intercept_f64,3819,4588,2,TSPAN9,0.09154728538637673,-0.6612439725168637,0.10693569718538949,-0.024563695122397075,0.09734621636225227,0.1912812957234107,0.25371412335748994,0.418816897219218,0.41881689721921816
hoptimus1,READ,0,intercept_f64,3819,4588,2,UBD,0.21392057156978683,-2.7668612827589594,0.628775489828604,0.6166901441646447,0.2294066104040836,0.6526455732672073,0.40856201659052627,0.5991284641866192,0.5991284641866192
hoptimus1,READ,0,ycentered_f64,3819,4588,2,AC010883.3,0.03350693157254206,-0.2621581993314701,0.10556374442431078,0.14820724178812922,0.10534972222659934,0.1517585048988521,0.2892014704569033,0.16056831821342768,0.16056831821342762
hoptimus1,READ,0,ycentered_f64,3819,4588,2,ADAMDEC1,0.2722088590781296,-1.8977148898342637,0.3724153491190903,0.45706601145774345,0.17081037291050374,0.511682474900092,0.35849735837578645,0.478109861487773,0.4781098614877729
hoptimus1,READ,0,ycentered_f64,3819,4588,2,ANGPTL2,0.1455250717972022,-0.47721108701340986,0.18347117194467852,0.21859406360744074,0.1755919718908661,0.29633968286991047,0.3524216971428798,0.6673819548049251,0.6673819548049251
hoptimus1,READ,0,ycentered_f64,3819,4588,2,APOC1,0.2409045517673419,-0.7155682035162347,0.3646393917235616,0.4373538176836579,0.26719461847827447,0.47913060429534715,0.4610285253910747,0.6512172097902582,0.651217209790258
hoptimus1,READ,0,ycentered_f64,3819,4588,2,BTNL3,0.500380254442842,-0.4218938536996957,0.1936569055169334,0.4263312870181761,0.1700241405650025,0.3454997293168011,0.3690480419815677,0.15656423194148084,0.15656423194148086
hoptimus1,READ,0,ycentered_f64,3819,4588,2,CA1,0.5798804460136376,-0.16634647112684786,0.5559104871921746,0.6073253795879527,0.3574820245569856,0.8212111730793582,0.6903807027738019,0.1774665278019971,0.17746652780199712
hoptimus1,READ,0,ycentered_f64,3819,4588,2,CA2,0.6807807725204658,0.12525797121424165,0.5247614280060078,0.9528092599064393,0.6492396566071714,0.860058305083018,0.7745348362720946,0.248773882731807,0.248773882731807
hoptimus1,READ,0,ycentered_f64,3819,4588,2,CCL14,0.06162799641158692,-0.47784745634299597,0.10521353943697379,0.1883855719212664,0.0983524833852141,0.17825901456613202,0.2668216166254878,0.12405420354786702,0.12405420354786703
hoptimus1,READ,0,ycentered_f64,3819,4588,2,CCL21,0.16666606585685903,-0.5454304744535106,0.3192342989756089,0.4050095492624792,0.1977962042938239,0.35046392710961,0.4544959705795456,0.4391472712959038,0.4391472712959036
hoptimus1,READ,0,ycentered_f64,3819,4588,2,CD177,0.7478615157258768,0.5200421056205924,0.30416336626840185,0.47976239966382883,0.5863283145604388,0.7116290213293548,0.796071146622353,0.1924892551270291,0.19248925512702905
hoptimus1,READ,0,ycentered_f64,3819,4588,2,CEMIP,0.18000170370073873,-0.16487925363553146,0.2592899705122309,0.12818067909085748,0.30526181257800006,0.19697153599949924,0.4717939895526635,0.17590143487665102,0.17590143487665097
hoptimus1,READ,0,ycentered_f64,3819,4588,2,CHI3L1,0.14802872745095358,-0.3540536082068291,0.2770251711044539,0.43182159976542744,0.2657234878673071,0.2890596199290103,0.4523157250049,0.40298841055165613,0.402988410551656
hoptimus1,READ,0,ycentered_f64,3819,4588,2,CLCA1,0.26641878554142906,-0.09131498689153417,0.4660530361699578,0.5247841003245497,0.46102219170451475,0.42953075025629467,0.6534955146923968,0.20215025220313104,0.20215025220313101
hoptimus1,READ,0,ycentered_f64,3819,4588,2,CLU,0.16413104775724213,-0.3805917022470011,0.1945315997941989,0.24655246357253405,0.19656384214693917,0.29596909271064514,0.3753724973884297,0.5693700159367047,0.5693700159367044
hoptimus1,READ,0,ycentered_f64,3819,4588,2,CXCL10,0.09792527478442645,-1.6373771405414699,0.43117659757752574,0.5530352410452267,0.18316546739862602,0.40353664088025315,0.4043351261191286,0.33803230800314016,0.33803230800314016
hoptimus1,READ,0,ycentered_f64,3819,4588,2,CXCL8,0.18346909573428055,-0.0733802182838188,0.45044201344288276,0.432460690366469,0.6226735984437239,0.21233254647289465,0.6478025480318458,0.2298628629018699,0.2298628629018699
hoptimus1,READ,0,ycentered_f64,3819,4588,2,CXCL9,0.1601867363116264,-0.18783489707158219,0.22575486402420983,0.13070037067234389,0.23102578034895654,0.2445071685860339,0.435953850678592,0.22719462000908555,0.22719462000908544
hoptimus1,READ,0,ycentered_f64,3819,4588,2,EFEMP1,0.11899297774906077,-1.7524637073689218,0.18729581352011837,-0.07587264951666217,0.0962891603617847,0.33199371034341013,0.2608574438935737,0.726787951267899,0.7267879512678987
hoptimus1,READ,0,ycentered_f64,3819,4588,2,EGLN3,0.3530917249220387,-1.554325367720061,0.34585117500013896,0.5566275589979602,0.18272838232926733,0.4257850680166431,0.36796500675305716,0.2263670952165898,0.2263670952165898
hoptimus1,READ,0,ycentered_f64,3819,4588,2,FRZB,0.13334823999228249,-1.0013539390447228,0.13196226816910037,-0.03599673729583018,0.0929731187242576,0.25910795623745697,0.2567810294504177,0.3850529950524724,0.3850529950524725
hoptimus1,READ,0,ycentered_f64,3819,4588,2,GUCA2A,0.7524227280707135,0.4218050353670275,0.4251399621728264,0.7585519102060143,0.5567481018401481,0.9009346894156872,0.8574895027650212,0.20604875594041958,0.20604875594041958
hoptimus1,READ,0,ycentered_f64,3819,4588,2,HMOX1,0.14979551549479636,-0.7804544034813903,0.13424792393085822,0.25107518841015275,0.10683302455293478,0.2404642971788309,0.2745923040037662,0.3086211519673346,0.3086211519673346
hoptimus1,READ,0,ycentered_f64,3819,4588,2,IGHG2,0.033760739402009535,-0.6142999853346778,0.8317050693412601,0.23002506555922708,0.4487928227434599,0.543098915876261,0.717781982897168,0.7248138397518457,0.7248138397518457
hoptimus1,READ,0,ycentered_f64,3819,4588,2,IGHG4,-0.03093824837194086,-1.5263434679843466,0.7948958539853156,0.7584346525575847,0.3249572916662787,0.5236185994945447,0.5609303239126491,1.130203678895741,1.130203678895741
hoptimus1,READ,0,ycentered_f64,3819,4588,2,ITGB2,0.15883602960153756,-1.152309326416089,0.3430112345163501,0.5884245531508984,0.22750690353363623,0.3029949996519543,0.3992103832108793,0.6593734585636418,0.6593734585636416
hoptimus1,READ,0,ycentered_f64,3819,4588,2,ITIH5,0.0024737380715525665,-1.0545021711796867,0.16739039575892817,-0.062146774738746705,0.11206228180147818,0.23643301960853627,0.28543811574115685,0.3557862533765115,0.3557862533765115
hoptimus1,READ,0,ycentered_f64,3819,4588,2,LAMA3,0.2923399523129475,-0.17373731989614316,0.2221010577432722,0.39619676710972596,0.27607223737104725,0.3132254295657709,0.43500060068022217,0.18038085181852326,0.18038085181852323
hoptimus1,READ,0,ycentered_f64,3819,4588,2,LOX,0.06581249252722467,-0.4156351386234578,0.11610151604318515,0.1308140088927053,0.11648575253557307,0.20388176441356812,0.28638039142225713,0.4079194945420043,0.40791949454200427
hoptimus1,READ,0,ycentered_f64,3819,4588,2,MMP28,0.5479016714792537,0.15249117438558868,0.2058528044960307,0.44393436583330675,0.3052923946455446,0.39908126792637183,0.49284037496478356,0.14134667655753036,0.14134667655753042
hoptimus1,READ,0,ycentered_f64,3819,4588,2,MMP7,0.20124600760316072,-0.8959531413077004,0.2014332523775392,0.28931738181754796,0.13089555959235927,0.3383504589165431,0.3259505984470892,0.1759427898558811,0.1759427898558811
hoptimus1,READ,0,ycentered_f64,3819,4588,2,MMP9,0.17967940502638638,-0.7735473712172845,0.2987862971455357,0.4254939403045255,0.21049880181173708,0.37297176500051576,0.41044875398316916,0.4867993605389712,0.4867993605389711
hoptimus1,READ,0,ycentered_f64,3819,4588,2,MT1F,0.42209166551192545,0.11871499619867398,0.17903880258052782,0.2923314851580465,0.2268493370377924,0.2785042636627804,0.45072888654767135,0.18164497247133057,0.18164497247133057
hoptimus1,READ,0,ycentered_f64,3819,4588,2,MT1M,0.5564363248875476,0.2928152712834662,0.2474514521946201,0.25181208822685364,0.3281874080897417,0.3222618975662158,0.5915324399519734,0.16603779049873602,0.16603779049873602
hoptimus1,READ,0,ycentered_f64,3819,4588,2,MXI1,0.3235782933085896,-0.9628326377211638,0.2718930137932549,0.49962302675751313,0.20815271154734605,0.37127088753788495,0.3721837342113739,0.23103847476193093,0.23103847476193093
hoptimus1,READ,0,ycentered_f64,3819,4588,2,P3H3,0.07693439704784877,-0.7566679521940041,0.09247751016266548,0.076221279260296,0.07732145123203214,0.21801213829970797,0.2294421613413472,0.41752549078053103,0.417525490780531
hoptimus1,READ,0,ycentered_f64,3819,4588,2,PADI2,0.5500012432628913,-0.49858963008316404,0.5131283182889053,0.8934795370742978,0.3890243490675583,0.46263608960363134,0.5851559561440841,0.3153312450367981,0.31533124503679816
hoptimus1,READ,0,ycentered_f64,3819,4588,2,PDE9A,0.37286339787597317,-4.696207198773185,0.5373833935743003,0.5912391377628144,0.12928743531834902,0.6072308041891574,0.30714908905651517,0.15921335346444676,0.15921335346444673
hoptimus1,READ,0,ycentered_f64,3819,4588,2,PLAAT3,0.21337978606190855,-1.5116495853962322,0.20845141252527766,0.32469997239135356,0.1233580917925448,0.3592936241339531,0.28808649315372276,0.3668576046633264,0.36685760466332645
hoptimus1,READ,0,ycentered_f64,3819,4588,2,PRRG3,-0.021821566239240933,-0.14325273420355833,0.22357882344738425,0.1499142299820638,0.23902191072312665,0.13236398885433537,0.4422259350101911,0.16472928472200782,0.1647292847220078
hoptimus1,READ,0,ycentered_f64,3819,4588,2,PTGDS,0.11720800038791007,-0.7467881164622581,0.17016647448392108,0.12282507692229666,0.13320413327986194,0.3085756765712305,0.31211661358942694,0.5283765820939993,0.5283765820939992
hoptimus1,READ,0,ycentered_f64,3819,4588,2,SECTM1,0.5085262934375181,0.07138657670801563,0.1534004317424668,0.3119304856534813,0.1845117256552007,0.3278900724473418,0.406439410104924,0.16657517873419928,0.16657517873419928
hoptimus1,READ,0,ycentered_f64,3819,4588,2,SGK1,0.07313676449456001,-2.3985743034062375,0.5590979853991014,0.4515544628397309,0.2611888197056605,0.6290215160621397,0.405597789081921,0.509298858857336,0.509298858857336
hoptimus1,READ,0,ycentered_f64,3819,4588,2,SLC26A2,0.41427387721927383,-0.2884356831631598,0.5412848543278485,0.6035616247815314,0.5457779114518668,0.7043321452078362,0.6481590146335918,0.33884907617841165,0.33884907617841165
hoptimus1,READ,0,ycentered_f64,3819,4588,2,SLC26A3,0.6214508182602364,-0.2505281689925938,1.0069222879574184,1.2253124871472798,0.9455457646221105,1.2167533370067178,0.89732803702948,0.290883887716225,0.2908838877162249
hoptimus1,READ,0,ycentered_f64,3819,4588,2,SMPDL3A,0.4407003699002451,-0.09028835096130772,0.20520745830398035,0.3829247462494857,0.25115935477154505,0.38141725644708563,0.4338362971135337,0.2536443551506289,0.25364435515062883
hoptimus1,READ,0,ycentered_f64,3819,4588,2,SPHK1,0.1374205250094842,-0.8910505065706469,0.10985046034880283,0.14976249257609192,0.08132650266030403,0.25260729197971415,0.24101794351382735,0.3778610620925677,0.37786106209256753
hoptimus1,READ,0,ycentered_f64,3819,4588,2,SPP1,0.1494353075158405,-1.247653723184099,0.23746835234255867,0.316086576882817,0.12457509106309288,0.36082144513272907,0.3250410164808789,0.3323577790086761,0.3323577790086761
hoptimus1,READ,0,ycentered_f64,3819,4588,2,TPSB2,0.024284094365849572,-2.0564519858164094,0.3288562462082727,0.49865372594306506,0.1362848897134104,0.3079895696250739,0.3280154187224005,0.6639315199246423,0.6639315199246423
hoptimus1,READ,0,ycentered_f64,3819,4588,2,TSPAN9,0.09154728538637673,-0.661243972516864,0.1069356971853895,-0.024563695122397044,0.09734621636225227,0.1912812957234107,0.25371412335748994,0.4188168972192182,0.41881689721921816
hoptimus1,READ,0,ycentered_f64,3819,4588,2,UBD,0.21392057156978683,-2.7668612827589607,0.6287754898286041,0.6166901441646446,0.2294066104040836,0.6526455732672073,0.40856201659052627,0.5991284641866192,0.5991284641866192
hoptimus1,READ,1,nointercept_f64,4588,3819,2,AC010883.3,0.0029744999854525896,-0.09380779995520694,0.15132332873681334,0.08016226665058596,0.16056831821342762,0.08181554703965234,0.3719481774978255,6.581967364822201e-18,0.10534972222659934
hoptimus1,READ,1,nointercept_f64,4588,3819,2,ADAMDEC1,0.31191531017307467,-0.4251083043005792,0.5582429190196374,0.03750171025552762,0.4781098614877729,0.0927573994411621,0.6258751033398827,-1.5486982034875768e-18,0.17081037291050374
hoptimus1,READ,1,nointercept_f64,4588,3819,2,ANGPTL2,0.4092470290026173,-0.6083417569337735,0.7977124974356928,0.0616657498813012,0.6673819548049251,0.15440757445049197,0.7042616327283233,-3.794310598544563e-17,0.1755919718908661
hoptimus1,READ,1,nointercept_f64,4588,3819,2,APOC1,0.29959938675336983,-0.30991166699462847,0.8097777453679753,0.15486646063972756,0.651217209790258,0.2089170008771254,0.7862522720176909,-2.903809131539206e-18,0.26719461847827447
hoptimus1,READ,1,nointercept_f64,4588,3819,2,BTNL3,0.2641139434273532,-0.3555703215628512,0.18287849307809856,-0.082242036641533,0.15656423194148086,0.11576773160944648,0.36729946118863394,5.265573891857761e-17,0.1700241405650025
hoptimus1,READ,1,nointercept_f64,4588,3819,2,CA1,0.3587025006642992,0.050191760189195356,0.27923233478324994,0.0394376385552626,0.17746652780199712,0.257886138239874,0.542206709465508,1.4867502753480737e-16,0.3574820245569856
hoptimus1,READ,1,nointercept_f64,4588,3819,2,CA2,0.5217763421375544,-0.05344415349262621,0.3524705334118711,-0.0813173661927474,0.248773882731807,0.2981344373232,0.5784364462724529,-1.858437844185092e-17,0.6492396566071714
hoptimus1,READ,1,nointercept_f64,4588,3819,2,CCL14,0.11169198019060343,-0.18808642381402074,0.15404450282135446,-0.033634909950637754,0.12405420354786703,0.073959435494243,0.36008007119262325,-4.64609461046273e-18,0.0983524833852141
hoptimus1,READ,1,nointercept_f64,4588,3819,2,CCL21,0.2034582968907875,-0.10019276636583219,0.5003996972483818,0.21599310744863656,0.4391472712959036,0.2580472246078184,0.6744101945024226,-5.730183352904034e-17,0.1977962042938239
hoptimus1,READ,1,nointercept_f64,4588,3819,2,CD177,0.5144053080776921,-0.2580531305208942,0.28697199468672263,-0.14738683169573566,0.19248925512702905,0.3065810834816914,0.4776065419302754,1.858437844185092e-17,0.5863283145604388
hoptimus1,READ,1,nointercept_f64,4588,3819,2,CEMIP,0.09197442497341003,-0.11328252474750555,0.15464103392857909,0.16156977156984886,0.17590143487665097,0.16352752023736533,0.37270024339189206,-3.6394407781958054e-17,0.30526181257800006
hoptimus1,READ,1,nointercept_f64,4588,3819,2,CHI3L1,0.2248561055734353,-0.07055220797039641,0.40789006192429833,0.1892061086911029,0.402988410551656,0.1598200975450686,0.6172592918407962,-2.323047305231365e-17,0.2657234878673071
hoptimus1,READ,1,nointercept_f64,4588,3819,2,CLCA1,0.26011169063395795,-0.17380420652678374,0.2479167816141446,0.08671399811659107,0.20215025220313101,0.31363640842442614,0.45957366247121895,-1.5486982034875766e-17,0.46102219170451475
hoptimus1,READ,1,nointercept_f64,4588,3819,2,CLU,0.16299603073821245,-0.43245596290960053,0.5970437963239604,0.13413111790288954,0.5693700159367044,0.14866882635266462,0.6455984146469715,5.885053173252791e-17,0.19656384214693917
hoptimus1,READ,1,nointercept_f64,4588,3819,2,CXCL10,0.13434212682933772,-0.04783053515134461,0.3399971987310122,0.2579726794903819,0.33803230800314016,0.19886275043639617,0.5696290695979107,5.807618263078412e-18,0.18316546739862602
hoptimus1,READ,1,nointercept_f64,4588,3819,2,CXCL8,0.15592564634487752,-0.32501604181201205,0.23941285209943391,0.08687587251668373,0.2298628629018699,0.2728561482865164,0.42507264955663066,-3.0973964069751535e-18,0.6226735984437239
hoptimus1,READ,1,nointercept_f64,4588,3819,2,CXCL9,0.21673834342264797,-0.054126827993376425,0.19774268506394263,0.114787959103812,0.22719462000908544,0.17343679336779005,0.43311555390354894,4.800964430811488e-17,0.23102578034895654
hoptimus1,READ,1,nointercept_f64,4588,3819,2,EFEMP1,0.2730114224722156,-0.7844396904943296,0.8741591298387786,0.08460380254297066,0.7267879512678987,0.09947046704743197,0.6999134054373978,4.64609461046273e-18,0.0962891603617847
hoptimus1,READ,1,nointercept_f64,4588,3819,2,EGLN3,0.06108638421720306,-0.13154086718034042,0.21437175065779557,0.08245067433924834,0.2263670952165898,0.09669966458463422,0.43525989749466143,-3.8717455087189415e-18,0.18272838232926733
hoptimus1,READ,1,nointercept_f64,4588,3819,2,FRZB,0.25514517765472167,-0.4573665291222113,0.3887728930797311,0.014625253819048622,0.3850529950524725,0.08532306256189245,0.516491992437306,8.517840119181673e-18,0.0929731187242576
hoptimus1,READ,1,nointercept_f64,4588,3819,2,GUCA2A,0.34653825206941413,0.006351429843918455,0.3017593346973546,0.0789423926191616,0.20604875594041958,0.32656002269093454,0.5510791131260109,8.053230658135399e-17,0.5567481018401481
hoptimus1,READ,1,nointercept_f64,4588,3819,2,HMOX1,0.21124491353040972,-0.25265057636232635,0.29138235082662856,0.047041516468088934,0.3086211519673346,0.07493865192185575,0.48229932056824787,-6.00120553851436e-17,0.10683302455293478
hoptimus1,READ,1,nointercept_f64,4588,3819,2,IGHG2,0.39844407251357833,-0.3930043765191613,1.0076979107620552,0.09306229169618348,0.7248138397518457,0.34472556027318746,0.8505286328766031,-6.504532454647822e-17,0.4487928227434599
hoptimus1,READ,1,nointercept_f64,4588,3819,2,IGHG4,0.3810219707190543,-1.0203109773759182,1.9795850184862982,0.07091300336328309,1.130203678895741,0.23610264016147203,0.9898695558311567,-2.4779171255801228e-17,0.3249572916662787
hoptimus1,READ,1,nointercept_f64,4588,3819,2,ITGB2,0.3457036894086906,-0.740157518073947,0.7477377174589597,0.0556012896880387,0.6593734585636416,0.15693629146092647,0.6555115720345291,-1.7035680238363345e-17,0.22750690353363623
hoptimus1,READ,1,nointercept_f64,4588,3819,2,ITIH5,0.21148157371177054,-0.461848464112242,0.38615857348479815,-0.009841908236452273,0.3557862533765115,0.09723937056768239,0.5139627720906592,-4.3363549697652146e-17,0.11206228180147818
hoptimus1,READ,1,nointercept_f64,4588,3819,2,LAMA3,0.07146703627613828,-0.20392715673537043,0.17722747010603115,0.043829773423523344,0.18038085181852323,0.1375353609035607,0.38367668897591883,1.3744696555952243e-17,0.27607223737104725
hoptimus1,READ,1,nointercept_f64,4588,3819,2,LOX,0.337636079091372,-0.22829170255867348,0.3480238506557737,0.09863096675404133,0.40791949454200427,0.14332316082344937,0.5322966646456467,-5.226856436770571e-18,0.11648575253557307
hoptimus1,READ,1,nointercept_f64,4588,3819,2,MMP28,0.44195516990492467,-0.21705777149846295,0.1611469379857156,-0.09223606795938509,0.14134667655753042,0.16724986467928954,0.363877692433065,5.575313532555276e-17,0.3052923946455446
hoptimus1,READ,1,nointercept_f64,4588,3819,2,MMP7,0.1671555229526725,-0.01739116809397756,0.1875079812299249,0.18751057985060923,0.1759427898558811,0.16243055271362264,0.42930495137629593,-7.820925927612262e-17,0.13089555959235927
hoptimus1,READ,1,nointercept_f64,4588,3819,2,MMP9,0.1042235084018576,-0.5102977566115989,0.6806942611723711,0.009496134366250502,0.4867993605389711,0.15405087656468475,0.6713434498018851,4.0266153290676994e-17,0.21049880181173708
hoptimus1,READ,1,nointercept_f64,4588,3819,2,MT1F,0.14784799692898443,-0.209014422274987,0.18424911436650918,0.034698109134734964,0.18164497247133057,0.17429657622303754,0.39037946425314185,-2.1681774848826073e-17,0.2268493370377924
hoptimus1,READ,1,nointercept_f64,4588,3819,2,MT1M,0.3298378179820398,-0.50912393749148,0.23110065287225592,-0.1376215422703664,0.16603779049873602,0.17822788874984855,0.3913254850788582,7.433751376740368e-17,0.3281874080897417
hoptimus1,READ,1,nointercept_f64,4588,3819,2,MXI1,0.09266326765598012,-0.44515041801098576,0.2537094966340201,-0.03938267797343412,0.23103847476193093,0.11963475656988637,0.41899788948576006,1.0066538322669249e-17,0.20815271154734605
hoptimus1,READ,1,nointercept_f64,4588,3819,2,P3H3,0.2837826281774753,-0.4401134996114098,0.4025265308070983,0.04528063444801471,0.417525490780531,0.06660746287814082,0.5286873199640174,-2.3617647603185546e-17,0.07732145123203214
hoptimus1,READ,1,nointercept_f64,4588,3819,2,PADI2,0.3335975229285631,-0.5000108196670996,0.4089896055042934,-0.08897205995637697,0.31533124503679816,0.2308857681912537,0.5221664201114123,0.0,0.3890243490675583
hoptimus1,READ,1,nointercept_f64,4588,3819,2,PDE9A,-0.013974632155692545,-0.1913860349363956,0.20199293530007353,0.03947571511512179,0.15921335346444673,0.12894719350300843,0.41175780259397377,9.29218922092546e-18,0.12928743531834902
hoptimus1,READ,1,nointercept_f64,4588,3819,2,PLAAT3,0.02516079827204724,-0.29768398554786324,0.36113337375857263,0.09106650224182401,0.36685760466332645,0.09668852677008315,0.5275326450140042,8.517840119181673e-18,0.1233580917925448
hoptimus1,READ,1,nointercept_f64,4588,3819,2,PRRG3,0.013205953615831939,-0.10405152858313382,0.13520450547020982,0.12329666355420715,0.1647292847220078,0.10972639833358798,0.34994590054199515,1.2389585627900614e-17,0.23902191072312665
hoptimus1,READ,1,nointercept_f64,4588,3819,2,PTGDS,0.18614286844266795,-0.7665160810215512,0.6832495350129264,-0.028246905189320385,0.5283765820939992,0.12235104695936976,0.6219147752505296,3.407136047672669e-17,0.13320413327986194
hoptimus1,READ,1,nointercept_f64,4588,3819,2,SECTM1,0.25732831560456804,-0.039843137634269166,0.1276597846358692,0.07636200207883027,0.16657517873419928,0.16003846763331137,0.3503830902951936,3.0199614968007744e-17,0.1845117256552007
hoptimus1,READ,1,nointercept_f64,4588,3819,2,SGK1,0.17412833055633642,-0.43450853705692616,0.4854784105359626,0.1167786652117811,0.509298858857336,0.15821329018129138,0.58174598162844,3.8330280536317524e-17,0.2611888197056605
hoptimus1,READ,1,nointercept_f64,4588,3819,2,SLC26A2,0.24785194150240034,-0.5459436181003952,0.5025863293036646,-0.10087385747651119,0.33884907617841165,0.20535906466736534,0.5701754451067859,7.124011736042853e-17,0.5457779114518668
hoptimus1,READ,1,nointercept_f64,4588,3819,2,SLC26A3,0.32802620604280613,-0.16796129387011782,0.5506824734810163,-0.05743973876875182,0.2908838877162249,0.31795271402671715,0.6866515456000489,3.716875688370184e-17,0.9455457646221105
hoptimus1,READ,1,nointercept_f64,4588,3819,2,SMPDL3A,0.2416149175409687,-0.3881753013160121,0.25806396641294693,-0.028200916865594908,0.25364435515062883,0.1639931367357026,0.43116304212309026,7.743491017437883e-18,0.25115935477154505
hoptimus1,READ,1,nointercept_f64,4588,3819,2,SPHK1,0.34727637352531887,-0.15778868789629574,0.30700232645892717,0.11608796548763657,0.37786106209256753,0.10607080557666315,0.5149394707106476,-1.5486982034875768e-18,0.08132650266030403
hoptimus1,READ,1,nointercept_f64,4588,3819,2,SPP1,0.08284435080990345,-0.08471260522470492,0.3598931778109217,0.18397329754946906,0.3323577790086761,0.1391831616057397,0.5760092577700929,-9.679363771797355e-18,0.12457509106309288
hoptimus1,READ,1,nointercept_f64,4588,3819,2,TPSB2,0.10268955416302965,-0.6457683381283013,0.8746312040704135,0.07404320637233508,0.6639315199246423,0.10357735577022266,0.7290010138173968,5.4204437122065184e-17,0.1362848897134104
hoptimus1,READ,1,nointercept_f64,4588,3819,2,TSPAN9,0.084499228391697,-0.4958492571659854,0.42791589727088764,0.04070614519797142,0.41881689721921816,0.07555688085660157,0.5348540583230338,1.0066538322669249e-17,0.09734621636225227
hoptimus1,READ,1,nointercept_f64,4588,3819,2,UBD,0.21571870726608033,-0.27733228681814937,0.6252080353832282,0.2010733268413992,0.5991284641866192,0.15947827177366966,0.6996169625376054,1.5486982034875768e-18,0.2294066104040836
hoptimus1,READ,1,intercept_f64,4588,3819,2,AC010883.3,0.002974499985453539,-0.0515733313892901,0.14548038231506852,0.18551198887718526,0.16056831821342762,0.08181554703965221,0.3719481774978255,0.10534972222659934,0.10534972222659934
hoptimus1,READ,1,intercept_f64,4588,3819,2,ADAMDEC1,0.31191531017307605,-0.11533394577706213,0.43689821727468836,0.2083120831660313,0.4781098614877729,0.09275739944116244,0.6258751033398827,0.17081037291050374,0.17081037291050374
hoptimus1,READ,1,intercept_f64,4588,3819,2,ANGPTL2,0.4092470290026183,-0.24162609469271823,0.6158272323706375,0.23725772177216728,0.6673819548049251,0.15440757445049208,0.7042616327283233,0.17559197189086612,0.1755919718908661
hoptimus1,READ,1,intercept_f64,4588,3819,2,APOC1,0.29959938675337044,0.0036662097109072533,0.61592621141036,0.42206107911800206,0.651217209790258,0.20891700087712547,0.7862522720176909,0.26719461847827447,0.26719461847827447
hoptimus1,READ,1,intercept_f64,4588,3819,2,BTNL3,0.2641139434273547,0.03207982629479056,0.1305810402982424,0.08778210392346943,0.15656423194148086,0.11576773160944655,0.36729946118863394,0.1700241405650025,0.1700241405650025
hoptimus1,READ,1,intercept_f64,4588,3819,2,CA1,0.3587025006643012,-0.04881803907650051,0.3083400391140612,0.39691966311224763,0.17746652780199712,0.2578861382398735,0.542206709465508,0.3574820245569855,0.3574820245569856
hoptimus1,READ,1,intercept_f64,4588,3819,2,CA2,0.5217763421375559,-0.03221054334651918,0.34536600692164887,0.5679222904144239,0.248773882731807,0.29813443732320044,0.5784364462724529,0.6492396566071714,0.6492396566071714
hoptimus1,READ,1,intercept_f64,4588,3819,2,CCL14,0.11169198019060309,-0.023460429281130457,0.1326994819786116,0.06471757343457639,0.12405420354786703,0.07395943549424307,0.36008007119262325,0.09835248338521412,0.0983524833852141
hoptimus1,READ,1,intercept_f64,4588,3819,2,CCL21,0.20345829689078773,0.007880251830288287,0.4512449425187228,0.4137893117424606,0.4391472712959036,0.25804722460781854,0.6744101945024226,0.1977962042938239,0.1977962042938239
hoptimus1,READ,1,intercept_f64,4588,3819,2,CD177,0.5144053080776935,-0.01791665261929576,0.23219494084963013,0.4389414828647026,0.19248925512702905,0.30658108348169155,0.4776065419302754,0.5863283145604388,0.5863283145604388
hoptimus1,READ,1,intercept_f64,4588,3819,2,CEMIP,0.09197442497341099,-0.7211416271716036,0.23907598911040043,0.466831584147849,0.17590143487665097,0.1635275202373651,0.37270024339189206,0.30526181257800006,0.30526181257800006
hoptimus1,READ,1,intercept_f64,4588,3819,2,CHI3L1,0.2248561055734356,0.04231909433266989,0.36488507613929216,0.45492959655841,0.402988410551656,0.1598200975450683,0.6172592918407962,0.2657234878673071,0.2657234878673071
hoptimus1,READ,1,intercept_f64,4588,3819,2,CLCA1,0.26011169063395934,-0.6761721851006244,0.3540208931359057,0.5477361898211058,0.20215025220313101,0.31363640842442597,0.45957366247121895,0.46102219170451475,0.46102219170451475
hoptimus1,READ,1,intercept_f64,4588,3819,2,CLU,0.16299603073821267,-0.11463453765303022,0.46457668026487525,0.3306949600498286,0.5693700159367044,0.1486688263526646,0.6455984146469715,0.19656384214693917,0.19656384214693917
hoptimus1,READ,1,intercept_f64,4588,3819,2,CXCL10,0.13434212682933838,-0.06083998202135321,0.3442184686257705,0.44113814688900777,0.33803230800314016,0.1988627504363962,0.5696290695979107,0.18316546739862602,0.18316546739862602
hoptimus1,READ,1,intercept_f64,4588,3819,2,CXCL8,0.15592564634487754,-1.485333297746299,0.449066814630726,0.7095494709604074,0.2298628629018699,0.27285614828651705,0.42507264955663066,0.6226735984437239,0.6226735984437239
hoptimus1,READ,1,intercept_f64,4588,3819,2,CXCL9,0.2167383434226488,-0.061777796048201994,0.19917792314566343,0.3458137394527682,0.22719462000908544,0.17343679336779022,0.43311555390354894,0.23102578034895654,0.23102578034895654
hoptimus1,READ,1,intercept_f64,4588,3819,2,EFEMP1,0.2730114224722168,-0.5509142789725758,0.7597599872852143,0.18089296290475523,0.7267879512678987,0.09947046704743195,0.6999134054373978,0.0962891603617847,0.0962891603617847
hoptimus1,READ,1,intercept_f64,4588,3819,2,EGLN3,0.061086384217205095,-0.03016610661174801,0.1951661828113976,0.26517905666851566,0.2263670952165898,0.09669966458463412,0.43525989749466143,0.18272838232926736,0.18272838232926733
hoptimus1,READ,1,intercept_f64,4588,3819,2,FRZB,0.25514517765472244,-0.23156526345535755,0.3285372491561384,0.10759837254330613,0.3850529950524725,0.08532306256189255,0.516491992437306,0.09297311872425763,0.0929731187242576
hoptimus1,READ,1,intercept_f64,4588,3819,2,GUCA2A,0.34653825206941635,-0.548283231707172,0.47019533057813134,0.6356904944593096,0.20604875594041958,0.32656002269093376,0.5510791131260109,0.5567481018401482,0.5567481018401481
hoptimus1,READ,1,intercept_f64,4588,3819,2,HMOX1,0.21124491353040986,-0.061442595845284886,0.24690495871807902,0.15387454102102371,0.3086211519673346,0.07493865192185588,0.48229932056824787,0.1068330245529348,0.10683302455293478
hoptimus1,READ,1,intercept_f64,4588,3819,2,IGHG2,0.3984440725135799,0.11243749701733596,0.6420617874591927,0.5418551144396434,0.7248138397518457,0.3447255602731878,0.8505286328766031,0.4487928227434599,0.4487928227434599
hoptimus1,READ,1,intercept_f64,4588,3819,2,IGHG4,0.3810219707190551,-0.42546877555232054,1.3967338018766422,0.3958702950295618,1.130203678895741,0.23610264016147225,0.9898695558311567,0.3249572916662787,0.3249572916662787
hoptimus1,READ,1,intercept_f64,4588,3819,2,ITGB2,0.34570368940869145,-0.22126606363381263,0.5247724354530704,0.28310819322167485,0.6593734585636416,0.15693629146092664,0.6555115720345291,0.22750690353363623,0.22750690353363623
hoptimus1,READ,1,intercept_f64,4588,3819,2,ITIH5,0.2114815737117712,-0.19917094612995134,0.31677027632489463,0.10222037356502595,0.3557862533765115,0.09723937056768257,0.5139627720906592,0.11206228180147818,0.11206228180147818
hoptimus1,READ,1,intercept_f64,4588,3819,2,LAMA3,0.07146703627614019,-0.20949722015535288,0.17804742689721315,0.3199020107945704,0.18038085181852323,0.13753536090356014,0.38367668897591883,0.27607223737104725,0.27607223737104725
hoptimus1,READ,1,intercept_f64,4588,3819,2,LOX,0.3376360790913717,-0.02187348729941707,0.28953736737955266,0.2151167192896144,0.40791949454200427,0.14332316082344956,0.5322966646456467,0.11648575253557307,0.11648575253557307
hoptimus1,READ,1,intercept_f64,4588,3819,2,MMP28,0.441955169904926,0.15617501775351628,0.11172831337123047,0.2130563266861593,0.14134667655753042,0.16724986467928962,0.363877692433065,0.30529239464554453,0.3052923946455446
hoptimus1,READ,1,intercept_f64,4588,3819,2,MMP7,0.16715552295267244,-0.12678721977827978,0.2076699734401357,0.31840613944296847,0.1759427898558811,0.16243055271362272,0.42930495137629593,0.13089555959235927,0.13089555959235927
hoptimus1,READ,1,intercept_f64,4588,3819,2,MMP9,0.10422350840185808,-0.1627648872939702,0.5240604923160792,0.21999493617798738,0.4867993605389711,0.15405087656468455,0.6713434498018851,0.21049880181173702,0.21049880181173708
hoptimus1,READ,1,intercept_f64,4588,3819,2,MT1F,0.147847996928986,-0.10921545934163857,0.16904013902561515,0.2615474461725271,0.18164497247133057,0.17429657622303724,0.39037946425314185,0.22684933703779228,0.2268493370377924
hoptimus1,READ,1,intercept_f64,4588,3819,2,MT1M,0.32983781798204054,0.08908668628660321,0.13949328897341445,0.1905658658193749,0.16603779049873602,0.17822788874984868,0.3913254850788582,0.32818740808974156,0.3281874080897417
hoptimus1,READ,1,intercept_f64,4588,3819,2,MXI1,0.09266326765598201,-0.05069527868814516,0.1844592555552818,0.16877003357391182,0.23103847476193093,0.11963475656988642,0.41899788948576006,0.20815271154734608,0.20815271154734605
hoptimus1,READ,1,intercept_f64,4588,3819,2,P3H3,0.28378262817747596,-0.2555534978570124,0.35094011261714625,0.12260208568004691,0.417525490780531,0.06660746287814082,0.5286873199640174,0.07732145123203214,0.07732145123203214
hoptimus1,READ,1,intercept_f64,4588,3819,2,PADI2,0.3335975229285655,0.09864336781278904,0.2457618895700633,0.30005228911118126,0.31533124503679816,0.23088576819125367,0.5221664201114123,0.3890243490675582,0.3890243490675583
hoptimus1,READ,1,intercept_f64,4588,3819,2,PDE9A,-0.013974632155691806,-0.10736146071623076,0.1877470318847493,0.16876315043347082,0.15921335346444673,0.12894719350300823,0.41175780259397377,0.12928743531834902,0.12928743531834902
hoptimus1,READ,1,intercept_f64,4588,3819,2,PLAAT3,0.02516079827204895,-0.10786481067642728,0.30830846431311215,0.2144245940343688,0.36685760466332645,0.09668852677008294,0.5275326450140042,0.1233580917925448,0.1233580917925448
hoptimus1,READ,1,intercept_f64,4588,3819,2,PRRG3,0.013205953615833349,-0.4088385206309706,0.17252937072035343,0.3623185742773337,0.1647292847220078,0.109726398333588,0.34994590054199515,0.23902191072312665,0.23902191072312665
hoptimus1,READ,1,intercept_f64,4588,3819,2,PTGDS,0.18614286844266856,-0.4289949153639656,0.5527037777621874,0.10495722809054149,0.5283765820939992,0.12235104695936984,0.6219147752505296,0.13320413327986194,0.13320413327986194
hoptimus1,READ,1,intercept_f64,4588,3819,2,SECTM1,0.25732831560456826,-0.04598315130258901,0.12841358373708966,0.26087372773403095,0.16657517873419928,0.1600384676333115,0.3503830902951936,0.18451172565520074,0.1845117256552007
hoptimus1,READ,1,intercept_f64,4588,3819,2,SGK1,0.17412833055633714,-0.030215700411231783,0.34865423789735916,0.37796748491744153,0.509298858857336,0.1582132901812916,0.58174598162844,0.26118881970566055,0.2611888197056605
hoptimus1,READ,1,intercept_f64,4588,3819,2,SLC26A2,0.24785194150240256,0.014218112649806769,0.3204777292370813,0.44490405397535515,0.33884907617841165,0.20535906466736545,0.5701754451067859,0.5457779114518667,0.5457779114518668
hoptimus1,READ,1,intercept_f64,4588,3819,2,SLC26A3,0.32802620604281074,-0.6671124132340243,0.7860274069944561,0.8881060258533582,0.2908838877162249,0.31795271402671554,0.6866515456000489,0.9455457646221105,0.9455457646221105
hoptimus1,READ,1,intercept_f64,4588,3819,2,SMPDL3A,0.24161491754096978,0.03406498588670226,0.1795688345721961,0.22295843790595005,0.25364435515062883,0.16399313673570262,0.43116304212309026,0.25115935477154505,0.25115935477154505
hoptimus1,READ,1,intercept_f64,4588,3819,2,SPHK1,0.34727637352531904,-0.022158048786188544,0.2710381456190089,0.1974144681479406,0.37786106209256753,0.10607080557666318,0.5149394707106476,0.08132650266030403,0.08132650266030403
hoptimus1,READ,1,intercept_f64,4588,3819,2,SPP1,0.08284435080990361,-0.020059412292729784,0.3384421105440387,0.30854838861256195,0.3323577790086761,0.13918316160573957,0.5760092577700929,0.12457509106309288,0.12457509106309288
hoptimus1,READ,1,intercept_f64,4588,3819,2,TPSB2,0.10268955416303108,-0.37817182073448863,0.7324190477231977,0.21032809608574546,0.6639315199246423,0.10357735577022253,0.7290010138173968,0.1362848897134104,0.1362848897134104
hoptimus1,READ,1,intercept_f64,4588,3819,2,TSPAN9,0.08449922839169886,-0.2716409477412769,0.36377688096062527,0.13805236156022366,0.41881689721921816,0.07555688085660145,0.5348540583230338,0.09734621636225228,0.09734621636225227
hoptimus1,READ,1,intercept_f64,4588,3819,2,UBD,0.21571870726608203,-0.01172420366972271,0.4952024686557236,0.43047993724548267,0.5991284641866192,0.1594782717736696,0.6996169625376054,0.2294066104040836,0.2294066104040836
hoptimus1,READ,1,ycentered_f64,4588,3819,2,AC010883.3,0.0029744999854535055,-0.05157333138928988,0.1454803823150685,0.1855119888771853,0.16056831821342762,0.08181554703965223,0.3719481774978255,0.10534972222659934,0.10534972222659934
hoptimus1,READ,1,ycentered_f64,4588,3819,2,ADAMDEC1,0.31191531017307605,-0.11533394577706213,0.43689821727468836,0.20831208316603128,0.4781098614877729,0.09275739944116244,0.6258751033398827,0.17081037291050374,0.17081037291050374
hoptimus1,READ,1,ycentered_f64,4588,3819,2,ANGPTL2,0.4092470290026183,-0.24162609469271823,0.6158272323706375,0.23725772177216722,0.6673819548049251,0.1544075744504921,0.7042616327283233,0.17559197189086606,0.1755919718908661
hoptimus1,READ,1,ycentered_f64,4588,3819,2,APOC1,0.29959938675337056,0.0036662097109072533,0.61592621141036,0.42206107911800195,0.651217209790258,0.20891700087712547,0.7862522720176909,0.2671946184782744,0.26719461847827447
hoptimus1,READ,1,ycentered_f64,4588,3819,2,BTNL3,0.2641139434273546,0.03207982629479034,0.13058104029824244,0.08778210392346952,0.15656423194148086,0.11576773160944652,0.36729946118863394,0.17002414056500254,0.1700241405650025
hoptimus1,READ,1,ycentered_f64,4588,3819,2,CA1,0.35870250066430076,-0.04881803907650206,0.30834003911406166,0.39691966311224797,0.17746652780199712,0.2578861382398736,0.542206709465508,0.3574820245569857,0.3574820245569856
hoptimus1,READ,1,ycentered_f64,4588,3819,2,CA2,0.5217763421375559,-0.03221054334651918,0.3453660069216489,0.5679222904144239,0.248773882731807,0.29813443732320044,0.5784364462724529,0.6492396566071714,0.6492396566071714
hoptimus1,READ,1,ycentered_f64,4588,3819,2,CCL14,0.11169198019060309,-0.023460429281130457,0.1326994819786116,0.06471757343457635,0.12405420354786703,0.07395943549424308,0.36008007119262325,0.09835248338521409,0.0983524833852141
hoptimus1,READ,1,ycentered_f64,4588,3819,2,CCL21,0.2034582968907878,0.007880251830287954,0.45124494251872294,0.41378931174246053,0.4391472712959036,0.2580472246078186,0.6744101945024226,0.19779620429382386,0.1977962042938239
hoptimus1,READ,1,ycentered_f64,4588,3819,2,CD177,0.5144053080776936,-0.01791665261929598,0.23219494084963016,0.4389414828647027,0.19248925512702905,0.30658108348169155,0.4776065419302754,0.5863283145604388,0.5863283145604388
hoptimus1,READ,1,ycentered_f64,4588,3819,2,CEMIP,0.09197442497341099,-0.7211416271716036,0.23907598911040046,0.466831584147849,0.17590143487665097,0.1635275202373651,0.37270024339189206,0.305261812578,0.30526181257800006
hoptimus1,READ,1,ycentered_f64,4588,3819,2,CHI3L1,0.22485610557343566,0.042319094332670004,0.3648850761392921,0.4549295965584099,0.402988410551656,0.15982009754506832,0.6172592918407962,0.2657234878673071,0.2657234878673071
hoptimus1,READ,1,ycentered_f64,4588,3819,2,CLCA1,0.2601116906339594,-0.6761721851006242,0.3540208931359056,0.5477361898211057,0.20215025220313101,0.3136364084244259,0.45957366247121895,0.46102219170451475,0.46102219170451475
hoptimus1,READ,1,ycentered_f64,4588,3819,2,CLU,0.16299603073821264,-0.11463453765303044,0.46457668026487536,0.3306949600498287,0.5693700159367044,0.1486688263526646,0.6455984146469715,0.19656384214693923,0.19656384214693917
hoptimus1,READ,1,ycentered_f64,4588,3819,2,CXCL10,0.13434212682933838,-0.060839982021353656,0.34421846862577066,0.44113814688900777,0.33803230800314016,0.1988627504363962,0.5696290695979107,0.18316546739862602,0.18316546739862602
hoptimus1,READ,1,ycentered_f64,4588,3819,2,CXCL8,0.1559256463448775,-1.4853332977463016,0.4490668146307264,0.7095494709604078,0.2298628629018699,0.27285614828651705,0.42507264955663066,0.6226735984437239,0.6226735984437239
hoptimus1,READ,1,ycentered_f64,4588,3819,2,CXCL9,0.2167383434226488,-0.061777796048202216,0.19917792314566346,0.34581373945276833,0.22719462000908544,0.1734367933677902,0.43311555390354894,0.23102578034895663,0.23102578034895654
hoptimus1,READ,1,ycentered_f64,4588,3819,2,EFEMP1,0.27301142247221666,-0.5509142789725758,0.7597599872852143,0.18089296290475526,0.7267879512678987,0.09947046704743197,0.6999134054373978,0.0962891603617847,0.0962891603617847
hoptimus1,READ,1,ycentered_f64,4588,3819,2,EGLN3,0.06108638421720513,-0.03016610661174801,0.1951661828113976,0.2651790566685156,0.2263670952165898,0.09669966458463412,0.43525989749466143,0.18272838232926733,0.18272838232926733
hoptimus1,READ,1,ycentered_f64,4588,3819,2,FRZB,0.25514517765472244,-0.23156526345535755,0.3285372491561384,0.10759837254330616,0.3850529950524725,0.08532306256189255,0.516491992437306,0.0929731187242576,0.0929731187242576
hoptimus1,READ,1,ycentered_f64,4588,3819,2,GUCA2A,0.3465382520694164,-0.5482832317071722,0.4701953305781314,0.6356904944593096,0.20604875594041958,0.3265600226909337,0.5510791131260109,0.5567481018401481,0.5567481018401481
hoptimus1,READ,1,ycentered_f64,4588,3819,2,HMOX1,0.21124491353040986,-0.061442595845284886,0.24690495871807902,0.15387454102102366,0.3086211519673346,0.07493865192185588,0.48229932056824787,0.10683302455293472,0.10683302455293478
hoptimus1,READ,1,ycentered_f64,4588,3819,2,IGHG2,0.3984440725135798,0.11243749701733563,0.642061787459193,0.5418551144396432,0.7248138397518457,0.34472556027318774,0.8505286328766031,0.4487928227434598,0.4487928227434599
hoptimus1,READ,1,ycentered_f64,4588,3819,2,IGHG4,0.381021970719055,-0.4254687755523203,1.396733801876642,0.3958702950295617,1.130203678895741,0.23610264016147225,0.9898695558311567,0.3249572916662787,0.3249572916662787
hoptimus1,READ,1,ycentered_f64,4588,3819,2,ITGB2,0.34570368940869145,-0.22126606363381263,0.5247724354530704,0.2831081932216748,0.6593734585636416,0.15693629146092666,0.6555115720345291,0.22750690353363623,0.22750690353363623
hoptimus1,READ,1,ycentered_f64,4588,3819,2,ITIH5,0.21148157371177115,-0.19917094612995134,0.31677027632489463,0.1022203735650259,0.3557862533765115,0.09723937056768257,0.5139627720906592,0.11206228180147813,0.11206228180147818
hoptimus1,READ,1,ycentered_f64,4588,3819,2,LAMA3,0.07146703627614015,-0.2094972201553531,0.17804742689721317,0.3199020107945706,0.18038085181852323,0.13753536090356017,0.38367668897591883,0.27607223737104725,0.27607223737104725
hoptimus1,READ,1,ycentered_f64,4588,3819,2,LOX,0.33763607909137167,-0.02187348729941685,0.2895373673795526,0.2151167192896144,0.40791949454200427,0.1433231608234496,0.5322966646456467,0.11648575253557307,0.11648575253557307
hoptimus1,READ,1,ycentered_f64,4588,3819,2,MMP28,0.44195516990492595,0.15617501775351617,0.11172831337123049,0.21305632668615954,0.14134667655753042,0.16724986467928962,0.363877692433065,0.3052923946455447,0.3052923946455446
hoptimus1,READ,1,ycentered_f64,4588,3819,2,MMP7,0.16715552295267244,-0.12678721977828,0.20766997344013574,0.31840613944296847,0.1759427898558811,0.16243055271362272,0.42930495137629593,0.1308955595923592,0.13089555959235927
hoptimus1,READ,1,ycentered_f64,4588,3819,2,MMP9,0.10422350840185807,-0.1627648872939702,0.5240604923160792,0.2199949361779875,0.4867993605389711,0.15405087656468458,0.6713434498018851,0.2104988018117371,0.21049880181173708
hoptimus1,READ,1,ycentered_f64,4588,3819,2,MT1F,0.14784799692898593,-0.10921545934163857,0.16904013902561515,0.26154744617252723,0.18164497247133057,0.17429657622303724,0.39037946425314185,0.2268493370377924,0.2268493370377924
hoptimus1,READ,1,ycentered_f64,4588,3819,2,MT1M,0.32983781798204037,0.0890866862866031,0.13949328897341448,0.19056586581937515,0.16603779049873602,0.17822788874984868,0.3913254850788582,0.3281874080897417,0.3281874080897417
hoptimus1,READ,1,ycentered_f64,4588,3819,2,MXI1,0.09266326765598198,-0.05069527868814516,0.1844592555552818,0.1687700335739119,0.23103847476193093,0.11963475656988644,0.41899788948576006,0.20815271154734608,0.20815271154734605
hoptimus1,READ,1,ycentered_f64,4588,3819,2,P3H3,0.28378262817747585,-0.2555534978570124,0.35094011261714625,0.12260208568004685,0.417525490780531,0.06660746287814083,0.5286873199640174,0.07732145123203212,0.07732145123203214
hoptimus1,READ,1,ycentered_f64,4588,3819,2,PADI2,0.3335975229285654,0.09864336781278904,0.2457618895700633,0.30005228911118126,0.31533124503679816,0.2308857681912537,0.5221664201114123,0.3890243490675583,0.3890243490675583
hoptimus1,READ,1,ycentered_f64,4588,3819,2,PDE9A,-0.013974632155691792,-0.10736146071623076,0.1877470318847493,0.16876315043347084,0.15921335346444673,0.12894719350300823,0.41175780259397377,0.12928743531834902,0.12928743531834902
hoptimus1,READ,1,ycentered_f64,4588,3819,2,PLAAT3,0.025160798272049038,-0.10786481067642728,0.30830846431311215,0.21442459403436887,0.36685760466332645,0.09668852677008295,0.5275326450140042,0.1233580917925448,0.1233580917925448
hoptimus1,READ,1,ycentered_f64,4588,3819,2,PRRG3,0.01320595361583333,-0.40883852063097126,0.1725293707203535,0.36231857427733377,0.1647292847220078,0.109726398333588,0.34994590054199515,0.23902191072312665,0.23902191072312665
hoptimus1,READ,1,ycentered_f64,4588,3819,2,PTGDS,0.18614286844266856,-0.4289949153639656,0.5527037777621874,0.1049572280905415,0.5283765820939992,0.12235104695936984,0.6219147752505296,0.13320413327986197,0.13320413327986194
hoptimus1,READ,1,ycentered_f64,4588,3819,2,SECTM1,0.2573283156045683,-0.045983151302588565,0.1284135837370896,0.2608737277340309,0.16657517873419928,0.1600384676333115,0.3503830902951936,0.18451172565520071,0.1845117256552007
hoptimus1,READ,1,ycentered_f64,4588,3819,2,SGK1,0.1741283305563372,-0.030215700411232005,0.3486542378973592,0.37796748491744153,0.509298858857336,0.1582132901812916,0.58174598162844,0.26118881970566055,0.2611888197056605
hoptimus1,READ,1,ycentered_f64,4588,3819,2,SLC26A2,0.24785194150240247,0.014218112649806436,0.3204777292370814,0.44490405397535554,0.33884907617841165,0.20535906466736545,0.5701754451067859,0.5457779114518668,0.5457779114518668
hoptimus1,READ,1,ycentered_f64,4588,3819,2,SLC26A3,0.3280262060428108,-0.6671124132340243,0.7860274069944561,0.8881060258533581,0.2908838877162249,0.3179527140267156,0.6866515456000489,0.9455457646221105,0.9455457646221105
hoptimus1,READ,1,ycentered_f64,4588,3819,2,SMPDL3A,0.24161491754096973,0.03406498588670226,0.1795688345721961,0.22295843790595013,0.25364435515062883,0.1639931367357026,0.43116304212309026,0.25115935477154505,0.25115935477154505
hoptimus1,READ,1,ycentered_f64,4588,3819,2,SPHK1,0.34727637352531904,-0.022158048786188322,0.27103814561900885,0.1974144681479406,0.37786106209256753,0.10607080557666318,0.5149394707106476,0.08132650266030403,0.08132650266030403
hoptimus1,READ,1,ycentered_f64,4588,3819,2,SPP1,0.08284435080990364,-0.020059412292730228,0.33844211054403883,0.30854838861256195,0.3323577790086761,0.13918316160573954,0.5760092577700929,0.12457509106309288,0.12457509106309288
hoptimus1,READ,1,ycentered_f64,4588,3819,2,TPSB2,0.10268955416303108,-0.37817182073448863,0.7324190477231977,0.21032809608574551,0.6639315199246423,0.10357735577022255,0.7290010138173968,0.13628488971341046,0.1362848897134104
hoptimus1,READ,1,ycentered_f64,4588,3819,2,TSPAN9,0.08449922839169867,-0.2716409477412769,0.36377688096062527,0.1380523615602237,0.41881689721921816,0.07555688085660145,0.5348540583230338,0.09734621636225228,0.09734621636225227
hoptimus1,READ,1,ycentered_f64,4588,3819,2,UBD,0.21571870726608186,-0.011724203669722932,0.49520246865572365,0.4304799372454827,0.5991284641866192,0.15947827177366963,0.6996169625376054,0.2294066104040836,0.2294066104040836
hoptimus1,SKCM,0,nointercept_f64,1741,1293,1,ACER1,0.7502494496486556,0.032700477309050124,0.7333998321526742,-0.08743354495854593,0.5465358003386213,0.660821528359283,0.870742848778901,1.7957426980726254e-16,0.9211101571011311
hoptimus1,SKCM,0,nointercept_f64,1741,1293,1,AHNAK2,0.7120020568918298,-1.0290973565764965,2.1656972712053997,-0.10346856554293768,1.1768418729351364,0.7195533682902896,1.033112061948882,3.26498672376841e-17,1.897857491001872
hoptimus1,SKCM,0,nointercept_f64,1741,1293,1,AQP3,0.8971464172126677,0.3566132786902978,1.6150226873754403,0.40673351553330034,1.4240593946173683,1.1209650944351508,1.5843578029657384,2.611989379014728e-16,1.7141047861300824
hoptimus1,SKCM,0,nointercept_f64,1741,1293,1,BIRC3,0.9028603399579964,0.12887258135353918,2.954069258063219,0.7261346787214825,2.2079062910847025,1.2998379642593658,1.8414905515746172,5.713726766594717e-17,1.550358362953804
hoptimus1,SKCM,0,nointercept_f64,1741,1293,1,CAPNS2,0.7912933591334014,0.13156134535332287,0.8274649461473663,-0.009307166327542103,0.6757749566161532,0.7286811393854669,0.9761245361930584,-9.79496017130523e-17,1.5070192753618166
hoptimus1,SKCM,0,nointercept_f64,1741,1293,1,CCL19,0.8222486186841144,0.2807661204591372,1.7164511048860827,0.6094855509845923,1.351458623256226,0.6433986919923621,1.54482984085329,5.713726766594717e-17,0.5236514905346734
hoptimus1,SKCM,0,nointercept_f64,1741,1293,1,CCL22,0.43070073986486423,0.023457259631087246,0.5754965540169056,0.39493302186410895,0.4457936962722165,0.6354485501374386,0.7676720624986967,8.978713490363127e-17,0.5833733774066862
hoptimus1,SKCM,0,nointercept_f64,1741,1293,1,CD1B,0.4103844482078922,0.027335663288350798,0.3653227317311023,0.43063024122222743,0.39900266432706827,0.47951397105854715,0.6128537558145881,-9.386836830834178e-17,0.46843240782832496
hoptimus1,SKCM,0,nointercept_f64,1741,1293,1,CD52,0.8739559112492161,0.5250422756689804,1.349248685916598,1.089182990062728,1.8773598503162947,1.2342052615570787,1.6854602879916811,1.1427453533189435e-16,1.0643930329049476
hoptimus1,SKCM,0,nointercept_f64,1741,1293,1,COL17A1,0.7491519618391386,0.08114564043630046,1.8000475581056259,-0.07822457383918845,0.8799400373843872,0.8988508607363533,1.399647425525279,-6.52997344753682e-17,1.6379720697726141
hoptimus1,SKCM,0,nointercept_f64,1741,1293,1,CRABP2,0.6141943155044672,-1.9032253895374507,5.2558658427719775,-0.23762025351382263,1.7940810316768803,0.8514939537034221,1.3454939800169332,1.305994689507364e-16,2.38032688737121
hoptimus1,SKCM,0,nointercept_f64,1741,1293,1,DEFB1,0.6897793378869558,-0.01827790584499467,0.3813995375149425,-0.11180523471574039,0.30142066945240464,0.541738262269522,0.6120077484778073,-3.26498672376841e-17,0.7078415579250802
hoptimus1,SKCM,0,nointercept_f64,1741,1293,1,DMKN,0.8221552759020939,0.03451643277024219,2.690469584752927,-0.1570904483597089,1.143121001707521,1.0612000474585392,1.6693277011450693,0.0,2.759454257662169
hoptimus1,SKCM,0,nointercept_f64,1741,1293,1,DSC1,0.7187928878772455,0.42110731413414304,1.4529342739461473,0.5810339180831147,1.0381541026256293,0.9630434077498133,1.584250865724179,1.305994689507364e-16,1.4958536582455972
hoptimus1,SKCM,0,nointercept_f64,1741,1293,1,DSP,0.8379817288055466,0.3999319168926344,1.7726633297382366,0.41827535919784836,1.3186026392108419,1.153259724567362,1.7187506146328762,-6.52997344753682e-17,2.415462646930811
hoptimus1,SKCM,0,nointercept_f64,1741,1293,1,FGFBP1,0.7763448275535267,0.14940602144126847,0.7303243316802271,-0.05618335853355175,0.5639859041500165,0.7871940085357132,0.9266094669834547,-9.79496017130523e-17,1.1326980427172868
hoptimus1,SKCM,0,nointercept_f64,1741,1293,1,GZMK,0.91586485138083,0.33720363294834366,2.160222481886211,0.634086111284771,1.8331784576938213,1.2095612487357221,1.8053407334456355,0.0,0.8962421861617884
hoptimus1,SKCM,0,nointercept_f64,1741,1293,1,HAPLN1,0.17664389883682907,-13.689429168943034,3.444666362025013,-1.3921396099553631,0.34060141630902924,0.5493205805883302,0.48425166465982417,-3.591485396145251e-16,2.3472574415185
hoptimus1,SKCM,0,nointercept_f64,1741,1293,1,HBD,0.032450498655292564,-0.5786395906394164,0.44801552379728754,-0.0008703775090258605,0.3510268355005947,0.21899061690436822,0.5327274019183942,-1.0611206852247332e-16,0.6393994919395118
hoptimus1,SKCM,0,nointercept_f64,1741,1293,1,IDO1,0.8560124157359276,0.11399913822728958,2.4396831192503154,0.37276564269225754,1.57345846514322,0.9084633277903347,1.6593944700070125,-2.326303040684992e-16,0.9873169913913654
hoptimus1,SKCM,0,nointercept_f64,1741,1293,1,IL1B,0.44357244343220475,0.06578692511271245,0.38564456464829067,0.30536333600515364,0.4090300092195598,0.493122617158153,0.6424963085020815,3.673110064239461e-17,0.6802689849063626
hoptimus1,SKCM,0,nointercept_f64,1741,1293,1,ITM2A,0.8392660635718984,0.3568148902546743,1.5908966150053707,0.9610394908748975,1.8026751458690964,0.9309506007026489,1.5727257160032024,1.2243700214131537e-16,1.0207523609426499
hoptimus1,SKCM,0,nointercept_f64,1741,1293,1,KRT16,0.8238426299889818,0.030363308258967936,3.315724302131578,0.004904954814887841,1.4369175557655045,1.1155080115757656,1.849203410016979,6.52997344753682e-17,2.6812966096545003
hoptimus1,SKCM,0,nointercept_f64,1741,1293,1,KRT17,0.8279970523679347,0.07675072340145117,2.4285208166927075,-0.18646624651174334,1.0433353509261272,1.0444699017516672,1.621852771254133,0.0,2.469388710980029
hoptimus1,SKCM,0,nointercept_f64,1741,1293,1,KRT2,0.7984157908535365,0.315290874619095,1.838350258759397,0.7248963537543007,1.5787475606036205,0.9395492886296151,1.6385551839751398,3.26498672376841e-16,1.4253027078271392
hoptimus1,SKCM,0,nointercept_f64,1741,1293,1,KRT5,0.7906700144878663,-0.004210919591499884,2.7578002758440987,-0.11726220753450392,1.183074884975224,1.1165742276358948,1.657177146976949,0.0,2.265502495234345
hoptimus1,SKCM,0,nointercept_f64,1741,1293,1,KRTDAP,0.860071109368527,0.6701194136302882,0.668357305198431,0.3247599448862897,0.6799615323774039,1.1023562449106417,1.4233967527320255,0.0,1.1901575058510356
hoptimus1,SKCM,0,nointercept_f64,1741,1293,1,LAMB3,0.5949327449449766,-1.0847015586197228,2.087473969803173,-0.45201965603480043,0.7317341506158485,0.7935369069199458,1.0006647210575825,-1.305994689507364e-16,1.964193744196555
hoptimus1,SKCM,0,nointercept_f64,1741,1293,1,LCK,0.9178310182373997,0.49474317224293407,1.2398323434380099,0.9065015286478695,1.7624489790878828,1.0906477021940786,1.566481914798635,-4.285295074946038e-17,1.0050156227409806
hoptimus1,SKCM,0,nointercept_f64,1741,1293,1,LY6D,0.8629912196936544,0.5945992150865019,0.3832749702677099,0.11121301660773517,0.4804662870789164,0.7642004035802079,0.9723283234111054,-3.26498672376841e-17,0.7256419342321476
hoptimus1,SKCM,0,nointercept_f64,1741,1293,1,LYZ,0.8718492255651783,-0.28600286434121647,6.341928610970233,0.7778093705288721,3.030874028375512,1.648600741977925,2.2206990488403466,1.1427453533189435e-16,2.9335596666878354
hoptimus1,SKCM,0,nointercept_f64,1741,1293,1,MAL2,0.8640257742097328,0.294117793581661,1.348507550881516,-0.03999076851603509,0.8803403541641648,1.0627261796327916,1.3821671728226916,6.52997344753682e-17,1.657923398108266
hoptimus1,SKCM,0,nointercept_f64,1741,1293,1,MGP,-0.0033599023323623214,-4.1462908857854766,13.765465582340807,-1.0127779257028267,2.1585873653975365,1.0109229190222817,1.6354914846461999,-9.79496017130523e-17,4.562502390622134
hoptimus1,SKCM,0,nointercept_f64,1741,1293,1,MIR205HG,0.8068380853200111,-0.37696548209267466,1.510061696480375,-0.45249163255142816,0.6080102258565715,0.7934547935007085,1.0472149150615555,3.26498672376841e-17,1.4340403921504188
hoptimus1,SKCM,0,nointercept_f64,1741,1293,1,MMRN1,0.6730423376953323,0.15318999695048086,0.9577255210678809,0.30527136861526993,0.8871405745142666,0.7379366103123687,1.0634756254924709,1.5916810278370998e-16,0.798596454926567
hoptimus1,SKCM,0,nointercept_f64,1741,1293,1,MYH11,0.30608129371837467,-0.23398614979371213,1.3069598798432205,0.10394814313792909,0.6928502092597472,0.3306113243964883,1.029143618550922,-2.0406167023552562e-17,0.640607140859881
hoptimus1,SKCM,0,nointercept_f64,1741,1293,1,POSTN,0.7494584495088424,-3.1954969749172912,15.629439134008514,-1.2614362392452405,2.4641205069637078,1.1047306605099585,1.930100799504992,-2.285490706637887e-16,5.124729514258953
hoptimus1,SKCM,0,nointercept_f64,1741,1293,1,RHOV,0.7885617994172417,0.193326062498682,0.7561295471413193,-0.05581580565382299,0.5756690778754426,0.7097786859087276,0.968164360841938,3.26498672376841e-17,1.1323233460777453
hoptimus1,SKCM,0,nointercept_f64,1741,1293,1,S100A14,0.8600931053303388,0.22616396567687747,1.8438917243650552,0.009887118262820774,1.0754889192640182,1.0305349480655752,1.5436300804535439,-9.79496017130523e-17,2.0702686270100847
hoptimus1,SKCM,0,nointercept_f64,1741,1293,1,SBSN,0.8308953649809038,0.37350071622938996,1.6543122822164595,0.3253799665089405,1.1948467449725182,1.0659596333835184,1.6249816370584822,9.79496017130523e-17,1.9474011716453732
hoptimus1,SKCM,0,nointercept_f64,1741,1293,1,SELE,0.45836037540133473,-0.16555425883497454,1.0905671865352808,0.030438349451400882,0.623011105114051,0.4249775666855724,0.9672972773316004,-1.1427453533189435e-16,0.5504358511146357
hoptimus1,SKCM,0,nointercept_f64,1741,1293,1,SERPINB2,0.7766675499112784,0.4512895149088091,0.5239806188200213,0.145427236130266,0.5212742225753182,0.6971983719869329,0.9772056790134375,-3.26498672376841e-17,0.9528361273387053
hoptimus1,SKCM,0,nointercept_f64,1741,1293,1,SERPINB5,0.853363862801919,0.04393110520195853,1.8912136023620327,-0.33008095928162595,0.8320450134638752,1.1446795971921782,1.4064545325264024,1.305994689507364e-16,1.6540001321290843
hoptimus1,SKCM,0,nointercept_f64,1741,1293,1,SLPI,0.8030974846632553,0.24975735789226294,0.757633899584621,-0.00017900956046286855,0.6217463419406062,0.9179968758018758,1.0049138384358212,6.52997344753682e-17,1.3277267877703627
hoptimus1,SKCM,0,nointercept_f64,1741,1293,1,TFF3,0.24091794559613913,-2.1548739099953718,0.7435679652266295,-0.4564411665131393,0.2514356781324488,0.2600316233766849,0.48547775192063986,-8.570590149892076e-17,0.5834635926826736
hoptimus1,SKCM,0,nointercept_f64,1741,1293,1,TP63,0.8112386540421227,-0.004962226596537667,1.3658942273273695,-0.11277222624034147,0.8351382608111294,0.894016507867991,1.1658258094381249,-9.79496017130523e-17,1.2053214052776575
hoptimus1,SKCM,0,nointercept_f64,1741,1293,1,TYRP1,0.8884594441692081,-1.6808658071110822,23.520516605488048,-1.3205719109773673,3.2655206883681993,1.8314797479318001,2.96200570320737,-9.79496017130523e-17,4.194205152995281
hoptimus1,SKCM,0,nointercept_f64,1741,1293,1,VIM,0.8335197637906621,-3.378986057591396,30.251486672790666,-0.42275282019176763,4.794614522750305,1.2306776842565705,2.628370474698175,-1.305994689507364e-16,5.284077807379344
hoptimus1,SKCM,0,nointercept_f64,1741,1293,1,VWF,0.5148768496017035,-0.7739961027067785,3.682411210464011,0.011484201393682362,1.4765742054671533,0.6396641639516123,1.440753924748216,9.182775160598653e-17,1.7508199758600873
hoptimus1,SKCM,0,nointercept_f64,1741,1293,1,WDFY4,0.8728010445549734,0.4329276318868215,1.467480752727974,0.8286271463729994,1.741107632555154,1.2684238860640824,1.6086700045882776,3.26498672376841e-17,0.9475845710632789
hoptimus1,SKCM,0,intercept_f64,1741,1293,1,ACER1,0.7502494496486559,0.4540539310762812,0.41393254717959127,0.8336766121425803,0.5465358003386213,0.6608215283592834,0.870742848778901,0.9211101571011313,0.9211101571011311
hoptimus1,SKCM,0,intercept_f64,1741,1293,1,AHNAK2,0.7120020568918303,0.1493962809408993,0.9078668144102974,1.794388925458925,1.1768418729351364,0.7195533682902946,1.033112061948882,1.8978574910018724,1.897857491001872
hoptimus1,SKCM,0,intercept_f64,1741,1293,1,AQP3,0.8971464172126681,0.5755015604691167,1.0655715884254908,2.1208383016633743,1.4240593946173683,1.1209650944351548,1.5843578029657384,1.714104786130083,1.7141047861300824
hoptimus1,SKCM,0,intercept_f64,1741,1293,1,BIRC3,0.9028603399579981,0.7749611886688295,0.7631262892142928,2.2764930416752778,2.2079062910847025,1.2998379642593687,1.8414905515746172,1.5503583629538042,1.550358362953804
hoptimus1,SKCM,0,intercept_f64,1741,1293,1,CAPNS2,0.7912933591334025,-0.08489439650719466,1.0337081134955215,1.4977121090342667,0.6757749566161532,0.7286811393854664,0.9761245361930584,1.507019275361817,1.5070192753618166
hoptimus1,SKCM,0,intercept_f64,1741,1293,1,CCL19,0.822248618684115,0.4914763185130865,1.2135913779620005,1.1331370415192625,1.351458623256226,0.6433986919923639,1.54482984085329,0.5236514905346733,0.5236514905346734
hoptimus1,SKCM,0,intercept_f64,1741,1293,1,CCL22,0.43070073986486396,-0.4533342663021964,0.8564795246705081,0.9783063992707914,0.4457936962722165,0.635448550137441,0.7676720624986967,0.5833733774066863,0.5833733774066862
hoptimus1,SKCM,0,intercept_f64,1741,1293,1,CD1B,0.41038444820789144,-0.635780677361375,0.6143824164324924,0.89906264905055,0.39900266432706827,0.47951397105855004,0.6128537558145881,0.468432407828325,0.46843240782832496
hoptimus1,SKCM,0,intercept_f64,1741,1293,1,CD52,0.8739559112492155,0.7168656773213087,0.8043212969116049,2.1535760229676693,1.8773598503162947,1.2342052615570833,1.6854602879916811,1.0643930329049476,1.0643930329049476
hoptimus1,SKCM,0,intercept_f64,1741,1293,1,COL17A1,0.7491519618391353,0.3138859341984289,1.3441063166032918,1.5597474959334163,0.8799400373843872,0.8988508607363601,1.399647425525279,1.6379720697726146,1.6379720697726141
hoptimus1,SKCM,0,intercept_f64,1741,1293,1,CRABP2,0.6141943155044608,0.30975074138594283,1.2495955410221538,2.1427066338573746,1.7940810316768803,0.8514939537034323,1.3454939800169332,2.3803268873712105,2.38032688737121
hoptimus1,SKCM,0,intercept_f64,1741,1293,1,DEFB1,0.6897793378869552,0.20587503353288172,0.2974422730779875,0.5960363232093362,0.30142066945240464,0.541738262269523,0.6120077484778073,0.7078415579250805,0.7078415579250802
hoptimus1,SKCM,0,intercept_f64,1741,1293,1,DMKN,0.8221552759020981,-0.1229626095783436,3.1293093413844986,2.6023638093024455,1.143121001707521,1.061200047458537,1.6693277011450693,2.759454257662169,2.759454257662169
hoptimus1,SKCM,0,intercept_f64,1741,1293,1,DSC1,0.7187928878772448,0.07446983100088267,2.3229426402212208,2.076887576328704,1.0381541026256293,0.9630434077498163,1.584250865724179,1.4958536582455977,1.4958536582455972
hoptimus1,SKCM,0,intercept_f64,1741,1293,1,DSP,0.8379817288055454,-0.10277419371747776,3.2577092986877916,2.8337380061286472,1.3186026392108419,1.1532597245673695,1.7187506146328762,2.415462646930812,2.415462646930811
hoptimus1,SKCM,0,intercept_f64,1741,1293,1,FGFBP1,0.7763448275535235,0.29140862939635914,0.6084001676655978,1.076514684183729,0.5639859041500165,0.7871940085357163,0.9266094669834547,1.132698042717287,1.1326980427172868
hoptimus1,SKCM,0,intercept_f64,1741,1293,1,GZMK,0.9158648513808307,0.7502134060370562,0.814118246231243,1.530328297446554,1.8331784576938213,1.2095612487357237,1.8053407334456355,0.8962421861617884,0.8962421861617884
hoptimus1,SKCM,0,intercept_f64,1741,1293,1,HAPLN1,0.17664389883682624,-2.4964028137806573,0.8199053225419819,0.9551178315631248,0.34060141630902924,0.5493205805883273,0.48425166465982417,2.3472574415184995,2.3472574415185
hoptimus1,SKCM,0,intercept_f64,1741,1293,1,HBD,0.03245049865529085,-0.43355746248907234,0.40684143566322895,0.6385291144304825,0.3510268355005947,0.21899061690436708,0.5327274019183942,0.6393994919395118,0.6393994919395118
hoptimus1,SKCM,0,intercept_f64,1741,1293,1,IDO1,0.8560124157359287,0.6210223352210948,1.0435491106454335,1.3600826340836176,1.57345846514322,0.9084633277903352,1.6593944700070125,0.9873169913913654,0.9873169913913654
hoptimus1,SKCM,0,intercept_f64,1741,1293,1,IL1B,0.4435724434322057,-0.7135790454445234,0.7073680113614508,0.9856323209115123,0.4090300092195598,0.49312261715815303,0.6424963085020815,0.6802689849063626,0.6802689849063626
hoptimus1,SKCM,0,intercept_f64,1741,1293,1,ITM2A,0.8392660635718998,0.6302238365679266,0.9146288335976727,1.9817918518175415,1.8026751458690964,0.9309506007026509,1.5727257160032024,1.0207523609426499,1.0207523609426499
hoptimus1,SKCM,0,intercept_f64,1741,1293,1,KRT16,0.8238426299889811,0.1736421282762466,2.825774747253442,2.6862015644693744,1.4369175557655045,1.115508011575767,1.849203410016979,2.6812966096545012,2.6812966096545003
hoptimus1,SKCM,0,intercept_f64,1741,1293,1,KRT17,0.8279970523679334,0.06756421788951739,2.4526850596917242,2.282922464468273,1.0433353509261272,1.0444699017516719,1.621852771254133,2.469388710980029,2.469388710980029
hoptimus1,SKCM,0,intercept_f64,1741,1293,1,KRT2,0.7984157908535382,0.46520729561937635,1.4358451932911462,2.150199061581432,1.5787475606036205,0.9395492886296157,1.6385551839751398,1.4253027078271396,1.4253027078271392
hoptimus1,SKCM,0,intercept_f64,1741,1293,1,KRT5,0.7906700144878637,0.27228835900955717,1.9984679763040014,2.1482402876998288,1.183074884975224,1.116574227635901,1.657177146976949,2.265502495234346,2.265502495234345
hoptimus1,SKCM,0,intercept_f64,1741,1293,1,KRTDAP,0.860071109368526,0.388299678518609,1.239340523046474,1.51491745073732,0.6799615323774039,1.1023562449106439,1.4233967527320255,1.1901575058510363,1.1901575058510356
hoptimus1,SKCM,0,intercept_f64,1741,1293,1,LAMB3,0.5949327449449829,-0.29356709701445083,1.2952873911599019,1.5121740881617436,0.7317341506158485,0.7935369069199392,1.0006647210575825,1.9641937441965553,1.964193744196555
hoptimus1,SKCM,0,intercept_f64,1741,1293,1,LCK,0.9178310182373992,0.7842556545047972,0.5294076255163999,1.9115171513888447,1.7624489790878828,1.0906477021940812,1.566481914798635,1.0050156227409806,1.0050156227409806
hoptimus1,SKCM,0,intercept_f64,1741,1293,1,LY6D,0.8629912196936541,0.6044732125793635,0.37393987217137187,0.8368549508398788,0.4804662870789164,0.7642004035802089,0.9723283234111054,0.725641934232148,0.7256419342321476
hoptimus1,SKCM,0,intercept_f64,1741,1293,1,LYZ,0.8718492255651762,0.6494575240100786,1.7287017155903996,3.7113690372166905,3.030874028375512,1.6486007419779365,2.2206990488403466,2.9335596666878354,2.9335596666878354
hoptimus1,SKCM,0,intercept_f64,1741,1293,1,MAL2,0.8640257742097298,0.4527072073201054,1.0455405402788687,1.617932629592222,0.8803403541641648,1.062726179632795,1.3821671728226916,1.6579233981082666,1.657923398108266
hoptimus1,SKCM,0,intercept_f64,1741,1293,1,MGP,-0.0033599023323411126,-1.109728523592894,5.64317020241037,3.549724464919282,2.1585873653975365,1.0109229190222568,1.6354914846461999,4.562502390622134,4.562502390622134
hoptimus1,SKCM,0,intercept_f64,1741,1293,1,MIR205HG,0.8068380853200109,0.521338443862972,0.5249285409839847,0.9815487595989829,0.6080102258565715,0.7934547935007098,1.0472149150615555,1.4340403921504192,1.4340403921504188
hoptimus1,SKCM,0,intercept_f64,1741,1293,1,MMRN1,0.6730423376953333,0.4110203455146193,0.6661244487654048,1.1038678235418315,0.8871405745142666,0.7379366103123731,1.0634756254924709,0.7985964549265671,0.798596454926567
hoptimus1,SKCM,0,intercept_f64,1741,1293,1,MYH11,0.3060812937183804,0.09093155464265013,0.9628276511143378,0.7445552839978065,0.6928502092597472,0.33061132439649027,1.029143618550922,0.640607140859881,0.640607140859881
hoptimus1,SKCM,0,intercept_f64,1741,1293,1,POSTN,0.7494584495088471,0.004815356915456426,3.707350499638125,3.8632932750136826,2.4641205069637078,1.10473066050995,1.930100799504992,5.124729514258953,5.124729514258953
hoptimus1,SKCM,0,intercept_f64,1741,1293,1,RHOV,0.7885617994172398,0.35114888098032704,0.6081955545832692,1.076507540423916,0.5756690778754426,0.7097786859087295,0.968164360841938,1.1323233460777455,1.1323233460777453
hoptimus1,SKCM,0,intercept_f64,1741,1293,1,S100A14,0.8600931053303371,0.279106761514182,1.7177399573508145,2.0801557452728967,1.0754889192640182,1.0305349480655785,1.5436300804535439,2.070268627010085,2.0702686270100847
hoptimus1,SKCM,0,intercept_f64,1741,1293,1,SBSN,0.8308953649809036,0.2197570939989596,2.0602823593688124,2.272781138154303,1.1948467449725182,1.0659596333835195,1.6249816370584822,1.9474011716453736,1.9474011716453732
hoptimus1,SKCM,0,intercept_f64,1741,1293,1,SELE,0.4583603754013343,0.20783505991665374,0.741200234506544,0.5808742005660333,0.623011105114051,0.42497756668557585,0.9672972773316004,0.5504358511146358,0.5504358511146357
hoptimus1,SKCM,0,intercept_f64,1741,1293,1,SERPINB2,0.7766675499112765,0.25058860174039344,0.7156361303093864,1.0982633634689667,0.5212742225753182,0.6971983719869352,0.9772056790134375,0.9528361273387057,0.9528361273387053
hoptimus1,SKCM,0,intercept_f64,1741,1293,1,SERPINB5,0.853363862801916,0.60436209681961,0.7826170145016619,1.3239191728474502,0.8320450134638752,1.1446795971921826,1.4064545325264024,1.6540001321290847,1.6540001321290843
hoptimus1,SKCM,0,intercept_f64,1741,1293,1,SLPI,0.8030974846632545,0.13947927342583222,0.8689984241846851,1.3275477782098934,0.6217463419406062,0.9179968758018775,1.0049138384358212,1.3277267877703633,1.3277267877703627
hoptimus1,SKCM,0,intercept_f64,1741,1293,1,TFF3,0.2409179455961436,-0.09448205469852788,0.2579569953052225,0.12702242616953116,0.2514356781324488,0.26003162337668534,0.48547775192063986,0.5834635926826736,0.5834635926826736
hoptimus1,SKCM,0,intercept_f64,1741,1293,1,TP63,0.8112386540421206,0.6073866842057831,0.53362031668726,1.0925491790373094,0.8351382608111294,0.8940165078679952,1.1658258094381249,1.205321405277658,1.2053214052776575
hoptimus1,SKCM,0,intercept_f64,1741,1293,1,TYRP1,0.8884594441692035,0.698882574184106,2.64184704632293,2.8736332420178896,3.2655206883681993,1.831479747931781,2.96200570320737,4.194205152995281,4.194205152995281
hoptimus1,SKCM,0,intercept_f64,1741,1293,1,VIM,0.8335197637906636,0.5606732200732506,3.0350149676576605,4.861324987187545,4.794614522750305,1.2306776842565592,2.628370474698175,5.284077807379344,5.284077807379344
hoptimus1,SKCM,0,intercept_f64,1741,1293,1,VWF,0.5148768496017065,0.22074090641855082,1.6175641072051763,1.7623041772537602,1.4765742054671533,0.6396641639516223,1.440753924748216,1.7508199758600875,1.7508199758600873
hoptimus1,SKCM,0,intercept_f64,1741,1293,1,WDFY4,0.8728010445549724,0.75419750504363,0.6360924118400983,1.7762117174362728,1.741107632555154,1.2684238860640866,1.6086700045882776,0.947584571063279,0.9475845710632789
hoptimus1,SKCM,0,ycentered_f64,1741,1293,1,ACER1,0.7502494496486559,0.45405393107628156,0.413932547179591,0.8336766121425798,0.5465358003386213,0.6608215283592836,0.870742848778901,0.9211101571011313,0.9211101571011311
hoptimus1,SKCM,0,ycentered_f64,1741,1293,1,AHNAK2,0.7120020568918303,0.1493962809409004,0.9078668144102962,1.7943889254589245,1.1768418729351364,0.7195533682902947,1.033112061948882,1.897857491001872,1.897857491001872
hoptimus1,SKCM,0,ycentered_f64,1741,1293,1,AQP3,0.8971464172126679,0.5755015604691169,1.06557158842549,2.1208383016633734,1.4240593946173683,1.1209650944351546,1.5843578029657384,1.7141047861300827,1.7141047861300824
hoptimus1,SKCM,0,ycentered_f64,1741,1293,1,BIRC3,0.9028603399579979,0.7749611886688295,0.7631262892142933,2.2764930416752778,2.2079062910847025,1.2998379642593687,1.8414905515746172,1.5503583629538042,1.550358362953804
hoptimus1,SKCM,0,ycentered_f64,1741,1293,1,CAPNS2,0.7912933591334026,-0.0848943965071931,1.0337081134955202,1.4977121090342658,0.6757749566161532,0.7286811393854664,0.9761245361930584,1.5070192753618166,1.5070192753618166
hoptimus1,SKCM,0,ycentered_f64,1741,1293,1,CCL19,0.822248618684115,0.4914763185130864,1.2135913779620007,1.1331370415192628,1.351458623256226,0.6433986919923638,1.54482984085329,0.5236514905346735,0.5236514905346734
hoptimus1,SKCM,0,ycentered_f64,1741,1293,1,CCL22,0.4307007398648638,-0.4533342663021971,0.8564795246705085,0.9783063992707918,0.4457936962722165,0.6354485501374408,0.7676720624986967,0.5833733774066863,0.5833733774066862
hoptimus1,SKCM,0,ycentered_f64,1741,1293,1,CD1B,0.41038444820789133,-0.6357806773613743,0.6143824164324921,0.8990626490505497,0.39900266432706827,0.47951397105855004,0.6128537558145881,0.4684324078283249,0.46843240782832496
hoptimus1,SKCM,0,ycentered_f64,1741,1293,1,CD52,0.8739559112492152,0.7168656773213087,0.8043212969116049,2.1535760229676697,1.8773598503162947,1.2342052615570833,1.6854602879916811,1.0643930329049478,1.0643930329049476
hoptimus1,SKCM,0,ycentered_f64,1741,1293,1,COL17A1,0.7491519618391353,0.31388593419842903,1.3441063166032916,1.5597474959334159,0.8799400373843872,0.8988508607363603,1.399647425525279,1.6379720697726141,1.6379720697726141
hoptimus1,SKCM,0,ycentered_f64,1741,1293,1,CRABP2,0.6141943155044606,0.3097507413859427,1.249595541022154,2.142706633857374,1.7940810316768803,0.8514939537034323,1.3454939800169332,2.38032688737121,2.38032688737121
hoptimus1,SKCM,0,ycentered_f64,1741,1293,1,DEFB1,0.6897793378869551,0.2058750335328826,0.29744227307798715,0.5960363232093357,0.30142066945240464,0.541738262269523,0.6120077484778073,0.7078415579250802,0.7078415579250802
hoptimus1,SKCM,0,ycentered_f64,1741,1293,1,DMKN,0.822155275902098,-0.1229626095783436,3.129309341384498,2.602363809302445,1.143121001707521,1.061200047458537,1.6693277011450693,2.759454257662169,2.759454257662169
hoptimus1,SKCM,0,ycentered_f64,1741,1293,1,DSC1,0.7187928878772448,0.07446983100088256,2.3229426402212208,2.0768875763287036,1.0381541026256293,0.9630434077498164,1.584250865724179,1.4958536582455977,1.4958536582455972
hoptimus1,SKCM,0,ycentered_f64,1741,1293,1,DSP,0.8379817288055452,-0.10277419371747643,3.257709298687787,2.8337380061286455,1.3186026392108419,1.1532597245673697,1.7187506146328762,2.4154626469308114,2.415462646930811
hoptimus1,SKCM,0,ycentered_f64,1741,1293,1,FGFBP1,0.7763448275535237,0.29140862939635925,0.6084001676655977,1.0765146841837292,0.5639859041500165,0.7871940085357165,0.9266094669834547,1.1326980427172868,1.1326980427172868
hoptimus1,SKCM,0,ycentered_f64,1741,1293,1,GZMK,0.9158648513808307,0.7502134060370562,0.814118246231243,1.5303282974465544,1.8331784576938213,1.2095612487357237,1.8053407334456355,0.8962421861617884,0.8962421861617884
hoptimus1,SKCM,0,ycentered_f64,1741,1293,1,HAPLN1,0.1766438988368256,-2.4964028137806564,0.8199053225419818,0.955117831563125,0.34060141630902924,0.5493205805883269,0.48425166465982417,2.3472574415184995,2.3472574415185
hoptimus1,SKCM,0,ycentered_f64,1741,1293,1,HBD,0.03245049865529072,-0.4335574624890719,0.4068414356632288,0.6385291144304823,0.3510268355005947,0.21899061690436705,0.5327274019183942,0.6393994919395118,0.6393994919395118
hoptimus1,SKCM,0,ycentered_f64,1741,1293,1,IDO1,0.8560124157359288,0.6210223352210948,1.0435491106454335,1.3600826340836176,1.57345846514322,0.9084633277903352,1.6593944700070125,0.9873169913913652,0.9873169913913654
hoptimus1,SKCM,0,ycentered_f64,1741,1293,1,IL1B,0.4435724434322055,-0.7135790454445237,0.7073680113614509,0.9856323209115123,0.4090300092195598,0.493122617158153,0.6424963085020815,0.6802689849063627,0.6802689849063626
hoptimus1,SKCM,0,ycentered_f64,1741,1293,1,ITM2A,0.8392660635718998,0.6302238365679264,0.9146288335976731,1.9817918518175415,1.8026751458690964,0.9309506007026508,1.5727257160032024,1.0207523609426499,1.0207523609426499
hoptimus1,SKCM,0,ycentered_f64,1741,1293,1,KRT16,0.823842629988981,0.17364212827624703,2.8257747472534405,2.6862015644693735,1.4369175557655045,1.115508011575767,1.849203410016979,2.6812966096545003,2.6812966096545003
hoptimus1,SKCM,0,ycentered_f64,1741,1293,1,KRT17,0.8279970523679335,0.06756421788951938,2.452685059691719,2.2829224644682715,1.0433353509261272,1.0444699017516719,1.621852771254133,2.469388710980029,2.469388710980029
hoptimus1,SKCM,0,ycentered_f64,1741,1293,1,KRT2,0.7984157908535384,0.46520729561937624,1.4358451932911462,2.150199061581432,1.5787475606036205,0.9395492886296157,1.6385551839751398,1.4253027078271396,1.4253027078271392
hoptimus1,SKCM,0,ycentered_f64,1741,1293,1,KRT5,0.7906700144878637,0.2722883590095577,1.998467976304,2.1482402876998283,1.183074884975224,1.1165742276359012,1.657177146976949,2.2655024952343448,2.265502495234345
hoptimus1,SKCM,0,ycentered_f64,1741,1293,1,KRTDAP,0.8600711093685259,0.3882996785186098,1.2393405230464725,1.5149174507373186,0.6799615323774039,1.1023562449106439,1.4233967527320255,1.1901575058510356,1.1901575058510356
hoptimus1,SKCM,0,ycentered_f64,1741,1293,1,LAMB3,0.5949327449449828,-0.2935670970144504,1.2952873911599014,1.5121740881617436,0.7317341506158485,0.793536906919939,1.0006647210575825,1.964193744196555,1.964193744196555
hoptimus1,SKCM,0,ycentered_f64,1741,1293,1,LCK,0.917831018237399,0.7842556545047972,0.5294076255164001,1.911517151388845,1.7624489790878828,1.0906477021940815,1.566481914798635,1.0050156227409806,1.0050156227409806
hoptimus1,SKCM,0,ycentered_f64,1741,1293,1,LY6D,0.8629912196936541,0.6044732125793635,0.3739398721713718,0.8368549508398788,0.4804662870789164,0.7642004035802091,0.9723283234111054,0.7256419342321476,0.7256419342321476
hoptimus1,SKCM,0,ycentered_f64,1741,1293,1,LYZ,0.8718492255651762,0.6494575240100785,1.7287017155903999,3.711369037216691,3.030874028375512,1.6486007419779365,2.2206990488403466,2.9335596666878354,2.9335596666878354
hoptimus1,SKCM,0,ycentered_f64,1741,1293,1,MAL2,0.86402577420973,0.4527072073201064,1.0455405402788667,1.617932629592221,0.8803403541641648,1.062726179632795,1.3821671728226916,1.657923398108266,1.657923398108266
hoptimus1,SKCM,0,ycentered_f64,1741,1293,1,MGP,-0.003359902332340972,-1.1097285235928949,5.643170202410372,3.549724464919283,2.1585873653975365,1.0109229190222566,1.6354914846461999,4.562502390622134,4.562502390622134
hoptimus1,SKCM,0,ycentered_f64,1741,1293,1,MIR205HG,0.8068380853200109,0.5213384438629722,0.5249285409839843,0.9815487595989826,0.6080102258565715,0.7934547935007098,1.0472149150615555,1.4340403921504188,1.4340403921504188
hoptimus1,SKCM,0,ycentered_f64,1741,1293,1,MMRN1,0.6730423376953332,0.4110203455146192,0.6661244487654049,1.1038678235418318,0.8871405745142666,0.7379366103123731,1.0634756254924709,0.7985964549265672,0.798596454926567
hoptimus1,SKCM,0,ycentered_f64,1741,1293,1,MYH11,0.30608129371838017,0.09093155464264979,0.9628276511143381,0.7445552839978067,0.6928502092597472,0.3306113243964903,1.029143618550922,0.6406071408598809,0.640607140859881
hoptimus1,SKCM,0,ycentered_f64,1741,1293,1,POSTN,0.7494584495088469,0.00481535691545476,3.7073504996381312,3.863293275013684,2.4641205069637078,1.1047306605099494,1.930100799504992,5.124729514258953,5.124729514258953
hoptimus1,SKCM,0,ycentered_f64,1741,1293,1,RHOV,0.7885617994172397,0.35114888098032726,0.608195554583269,1.0765075404239157,0.5756690778754426,0.7097786859087295,0.968164360841938,1.1323233460777453,1.1323233460777453
hoptimus1,SKCM,0,ycentered_f64,1741,1293,1,S100A14,0.8600931053303372,0.27910676151418246,1.7177399573508134,2.080155745272896,1.0754889192640182,1.0305349480655785,1.5436300804535439,2.0702686270100847,2.0702686270100847
hoptimus1,SKCM,0,ycentered_f64,1741,1293,1,SBSN,0.8308953649809037,0.2197570939989606,2.0602823593688098,2.2727811381543024,1.1948467449725182,1.0659596333835195,1.6249816370584822,1.9474011716453734,1.9474011716453732
hoptimus1,SKCM,0,ycentered_f64,1741,1293,1,SELE,0.4583603754013343,0.20783505991665396,0.7412002345065438,0.5808742005660334,0.623011105114051,0.42497756668557585,0.9672972773316004,0.5504358511146356,0.5504358511146357
hoptimus1,SKCM,0,ycentered_f64,1741,1293,1,SERPINB2,0.7766675499112767,0.25058860174039455,0.7156361303093853,1.098263363468966,0.5212742225753182,0.6971983719869352,0.9772056790134375,0.9528361273387053,0.9528361273387053
hoptimus1,SKCM,0,ycentered_f64,1741,1293,1,SERPINB5,0.8533638628019158,0.60436209681961,0.7826170145016617,1.3239191728474493,0.8320450134638752,1.144679597192183,1.4064545325264024,1.6540001321290843,1.6540001321290843
hoptimus1,SKCM,0,ycentered_f64,1741,1293,1,SLPI,0.8030974846632545,0.13947927342583355,0.8689984241846836,1.3275477782098923,0.6217463419406062,0.9179968758018776,1.0049138384358212,1.3277267877703627,1.3277267877703627
hoptimus1,SKCM,0,ycentered_f64,1741,1293,1,TFF3,0.2409179455961435,-0.09448205469852833,0.2579569953052226,0.12702242616953105,0.2514356781324488,0.26003162337668534,0.48547775192063986,0.5834635926826734,0.5834635926826736
hoptimus1,SKCM,0,ycentered_f64,1741,1293,1,TP63,0.8112386540421206,0.6073866842057839,0.533620316687259,1.0925491790373083,0.8351382608111294,0.8940165078679954,1.1658258094381249,1.2053214052776575,1.2053214052776575
hoptimus1,SKCM,0,ycentered_f64,1741,1293,1,TYRP1,0.8884594441692036,0.6988825741841058,2.641847046322931,2.8736332420178905,3.2655206883681993,1.831479747931781,2.96200570320737,4.194205152995281,4.194205152995281
hoptimus1,SKCM,0,ycentered_f64,1741,1293,1,VIM,0.8335197637906635,0.5606732200732507,3.03501496765766,4.861324987187546,4.794614522750305,1.2306776842565594,2.628370474698175,5.284077807379344,5.284077807379344
hoptimus1,SKCM,0,ycentered_f64,1741,1293,1,VWF,0.5148768496017063,0.22074090641855038,1.6175641072051772,1.7623041772537602,1.4765742054671533,0.6396641639516225,1.440753924748216,1.7508199758600873,1.7508199758600873
hoptimus1,SKCM,0,ycentered_f64,1741,1293,1,WDFY4,0.8728010445549725,0.75419750504363,0.6360924118400985,1.7762117174362728,1.741107632555154,1.2684238860640866,1.6086700045882776,0.9475845710632789,0.9475845710632789
hoptimus1,SKCM,1,nointercept_f64,1293,1741,1,ACER1,0.650335642415122,-0.10959101211922895,1.0459395358447017,0.21897318125504128,0.9211101571011311,0.5366293961711801,0.9708940164527127,2.1981213789948963e-17,0.5465358003386213
hoptimus1,SKCM,1,nointercept_f64,1293,1741,1,AHNAK2,0.6697985385110681,-0.360038810113644,2.389602848023806,0.7184648573512242,1.897857491001872,0.7149952522918911,1.3255228319853947,2.1981213789948963e-17,1.1768418729351364
hoptimus1,SKCM,1,nointercept_f64,1293,1741,1,AQP3,0.8400495805348094,-0.0385437248959144,3.50879939712801,0.20373192191691647,1.7141047861300824,1.0611774637962457,1.8380904425349136,-8.792485515979585e-17,1.4240593946173683
hoptimus1,SKCM,1,nointercept_f64,1293,1741,1,BIRC3,0.6083966484469737,-6.286444937367485,6.969496976234439,-0.9714370138941606,1.550358362953804,0.6821328231529414,0.978009049507011,-4.3962427579897926e-17,2.2079062910847025
hoptimus1,SKCM,1,nointercept_f64,1293,1741,1,CAPNS2,0.7472034381863384,0.12172316948993023,1.3482528359256212,0.7310133129355191,1.5070192753618166,0.6649589340009499,1.2389961539550398,1.0990606894974481e-17,0.6757749566161532
hoptimus1,SKCM,1,nointercept_f64,1293,1741,1,CCL19,0.1930166383523859,-10.54511666190602,4.113809990821336,-1.3583047494000673,0.5236514905346734,0.5937578421106278,0.5969293753827912,4.3962427579897926e-17,1.351458623256226
hoptimus1,SKCM,1,nointercept_f64,1293,1741,1,CCL22,-0.1752471864899179,-2.7752956864797245,1.7969691011886166,-0.4153289865142971,0.5833733774066862,0.4606440285476866,0.6899137790521342,-1.0990606894974481e-17,0.4457936962722165
hoptimus1,SKCM,1,nointercept_f64,1293,1741,1,CD1B,0.16145377413260326,-1.0434753041705647,0.6606021300306504,-0.09104143401254343,0.46843240782832496,0.27275159561493456,0.5685717637417136,-1.0990606894974481e-17,0.39900266432706827
hoptimus1,SKCM,1,nointercept_f64,1293,1741,1,CD52,0.600181186389196,-2.9822119023674136,4.100477258739097,-0.7889346000385998,1.0643930329049476,0.5261374424157284,1.0147405622330343,0.0,1.8773598503162947
hoptimus1,SKCM,1,nointercept_f64,1293,1741,1,COL17A1,0.7744663789657733,0.49078305271060096,1.611938330862136,1.1751247788056463,1.6379720697726141,1.016175298038245,1.7791918758191008,-2.1981213789948963e-17,0.8799400373843872
hoptimus1,SKCM,1,nointercept_f64,1293,1741,1,CRABP2,0.7331128680316565,-0.5779784978049403,3.2983750475406577,0.8631006867878576,2.38032688737121,0.8879762968642863,1.445770894962829,6.594364136984688e-17,1.7940810316768803
hoptimus1,SKCM,1,nointercept_f64,1293,1741,1,DEFB1,0.6902919401456276,0.36897465382338457,0.5829824196682769,0.4412555881535665,0.7078415579250802,0.4953466628514353,0.961179118729134,0.0,0.30142066945240464
hoptimus1,SKCM,1,nointercept_f64,1293,1741,1,DMKN,0.6419246242055283,-0.5036800408555555,3.491973154955451,1.3037229392963343,2.759454257662169,1.0646736092915814,1.5239044266566018,-2.1981213789948963e-17,1.143121001707521
hoptimus1,SKCM,1,nointercept_f64,1293,1741,1,DSC1,0.7405050373182754,0.47109660789620944,1.599653222726322,1.0344762039203343,1.4958536582455972,1.1436789114030554,1.7391007663516744,2.1981213789948963e-17,1.0381541026256293
hoptimus1,SKCM,1,nointercept_f64,1293,1741,1,DSP,0.7628348523432146,0.24135445301281377,3.3440913205959584,1.2725283587950769,2.415462646930811,1.1601188998236398,2.09951802642414,2.1981213789948963e-17,1.3186026392108419
hoptimus1,SKCM,1,nointercept_f64,1293,1741,1,FGFBP1,0.6017572668498208,0.17788850963291925,1.3259165922019955,0.6015190078373858,1.1326980427172868,0.6418703891187203,1.2699678993199977,-4.3962427579897926e-17,0.5639859041500165
hoptimus1,SKCM,1,nointercept_f64,1293,1741,1,GZMK,0.5527589673704092,-6.11441722426791,4.353676147244795,-1.0829451606130922,0.8962421861617884,0.539737307424818,0.7822730971544614,0.0,1.8331784576938213
hoptimus1,SKCM,1,nointercept_f64,1293,1741,1,HAPLN1,0.5557450651023889,-1.3411210443741157,7.642525975508682,0.1075395038291205,2.3472574415185,0.3958705889422218,1.8067852119116703,0.0,0.34060141630902924
hoptimus1,SKCM,1,nointercept_f64,1293,1741,1,HBD,0.15350371660481674,-0.5294049337420945,0.5206437768179938,0.2663874607157025,0.6393994919395118,0.3111590260780582,0.5834573261679156,-1.648591034246172e-17,0.3510268355005947
hoptimus1,SKCM,1,nointercept_f64,1293,1741,1,IDO1,0.32756557614556026,-4.674393509200083,3.463705355556928,-0.6577765745280875,0.9873169913913654,0.7168557913136996,0.7812872653009667,-8.792485515979585e-17,1.57345846514322
hoptimus1,SKCM,1,nointercept_f64,1293,1741,1,IL1B,0.2340100965634765,-1.4188430131711116,1.180076305117621,-0.11919878298809414,0.6802689849063626,0.44589593421218354,0.6984755425193664,-6.594364136984688e-17,0.4090300092195598
hoptimus1,SKCM,1,nointercept_f64,1293,1741,1,ITM2A,0.4875162281717512,-2.390867738632929,3.2021079897519256,-0.5375092810204746,1.0207523609426499,0.7062118727534498,0.9717679287043827,4.3962427579897926e-17,1.8026751458690964
hoptimus1,SKCM,1,nointercept_f64,1293,1741,1,KRT16,0.7991965955935053,0.3669097886635154,2.788387396598114,1.6913573403568154,2.6812966096545003,1.2112418572722192,2.098668075730721,-4.3962427579897926e-17,1.4369175557655045
hoptimus1,SKCM,1,nointercept_f64,1293,1741,1,KRT17,0.7987891078248085,0.03881489929840587,3.715900303979672,0.9989129503078608,2.469388710980029,1.177679493735964,1.9662037119956157,-4.3962427579897926e-17,1.0433353509261272
hoptimus1,SKCM,1,nointercept_f64,1293,1741,1,KRT2,0.5963129772826049,0.2769472726984138,1.428809371086155,1.0347958679043034,1.4253027078271392,0.7843388222875534,1.4057308007048337,8.792485515979585e-17,1.5787475606036205
hoptimus1,SKCM,1,nointercept_f64,1293,1741,1,KRT5,0.6519442220196621,0.33945895560763506,2.79400580504006,1.685098985441885,2.265502495234345,1.1824271529836698,2.056665901143587,-2.1981213789948963e-17,1.183074884975224
hoptimus1,SKCM,1,nointercept_f64,1293,1741,1,KRTDAP,0.8602234214243053,0.6429566893237086,1.1592617730551091,1.0850249645845926,1.1901575058510356,0.9986912475797526,1.801898431111809,0.0,0.6799615323774039
hoptimus1,SKCM,1,nointercept_f64,1293,1741,1,LAMB3,0.7631576829695194,-0.27670205013735516,1.857909180676846,0.8584371691903296,1.964193744196555,0.7547404270612618,1.2063337058279646,-2.1981213789948963e-17,0.7317341506158485
hoptimus1,SKCM,1,nointercept_f64,1293,1741,1,LCK,0.5867410176891285,-4.25964571676161,3.0732146614210434,-0.6337310265904509,1.0050156227409806,0.5161607985542063,0.7643956420583508,-4.3962427579897926e-17,1.7624489790878828
hoptimus1,SKCM,1,nointercept_f64,1293,1741,1,LY6D,0.798301916655121,0.5066463933193814,0.6663912683978631,0.34176621729939766,0.7256419342321476,0.7572115020850304,1.1622123745533206,2.1981213789948963e-17,0.4804662870789164
hoptimus1,SKCM,1,nointercept_f64,1293,1741,1,LYZ,0.7201444930404339,-3.0860173535441175,9.590223420500024,0.02684717943535975,2.9335596666878354,0.9966029811516662,1.5320193797414425,4.3962427579897926e-17,3.030874028375512
hoptimus1,SKCM,1,nointercept_f64,1293,1741,1,MAL2,0.8378401499667436,0.2916575708793179,2.0841688778968166,0.6345156054538078,1.657923398108266,1.0372575864975457,1.7153187109910146,2.1981213789948963e-17,0.8803403541641648
hoptimus1,SKCM,1,nointercept_f64,1293,1741,1,MGP,0.67703181552827,-4.652155775761256,24.323684248465792,-0.11881754413138253,4.562502390622134,1.125078167105296,2.074472190378158,4.3962427579897926e-17,2.1585873653975365
hoptimus1,SKCM,1,nointercept_f64,1293,1741,1,MIR205HG,0.7237519691485749,0.22496180472945237,1.680029723671845,0.6913091647750179,1.4340403921504188,0.7554676751235386,1.4723020941753733,-1.0990606894974481e-17,0.6080102258565715
hoptimus1,SKCM,1,nointercept_f64,1293,1741,1,MMRN1,0.3525916881111249,-0.4129763454582043,1.2719846088273992,0.18298651462400387,0.798596454926567,0.6581246028551816,0.9487973924325396,9.891546205477032e-17,0.8871405745142666
hoptimus1,SKCM,1,nointercept_f64,1293,1741,1,MYH11,0.27911090874214156,-1.919611219672201,1.07703912114757,-0.04644327870538109,0.640607140859881,0.684150546253383,0.6073698466709673,-4.945773102738516e-17,0.6928502092597472
hoptimus1,SKCM,1,nointercept_f64,1293,1741,1,POSTN,0.6654071235480777,-3.791762548583793,19.434075876218305,0.9838878652243871,5.124729514258953,1.1741592713913707,2.0138833093660353,4.3962427579897926e-17,2.4641205069637078
hoptimus1,SKCM,1,nointercept_f64,1293,1741,1,RHOV,0.7966261704610476,0.2572565203744619,1.0718226973892475,0.44200581493975255,1.1323233460777453,0.6961794449738176,1.201273926441219,2.1981213789948963e-17,0.5756690778754426
hoptimus1,SKCM,1,nointercept_f64,1293,1741,1,S100A14,0.7827609795761807,0.3621623494245825,2.3266888797473677,1.2160368448220882,2.0702686270100847,1.065766934811389,1.909915183859037,-4.3962427579897926e-17,1.0754889192640182
hoptimus1,SKCM,1,nointercept_f64,1293,1741,1,SBSN,0.8064890588515934,0.45137803647191466,1.7888062106156757,1.1932162772048984,1.9474011716453732,1.1730700813451875,1.8056977294440892,0.0,1.1948467449725182
hoptimus1,SKCM,1,nointercept_f64,1293,1741,1,SELE,0.1744978679411024,-1.2741483932582351,0.9008625127094279,0.06542144184324947,0.5504358511146357,0.6404436012167187,0.6293900278307226,-2.1981213789948963e-17,0.623011105114051
hoptimus1,SKCM,1,nointercept_f64,1293,1741,1,SERPINB2,0.7069528053233051,0.19463597684812883,1.0374052707033519,0.3342856018237588,0.9528361273387053,0.7000835219263879,1.1349536151120996,4.3962427579897926e-17,0.5212742225753182
hoptimus1,SKCM,1,nointercept_f64,1293,1741,1,SERPINB5,0.8277230648581793,0.4028903394788752,1.8539442919687978,0.8181940935334682,1.6540001321290843,1.0369193899452047,1.7620624293607774,0.0,0.8320450134638752
hoptimus1,SKCM,1,nointercept_f64,1293,1741,1,SLPI,0.8137246865567768,0.32287790745045386,1.8131645708582576,0.5531753407976538,1.3277267877703627,0.7760923985689956,1.63638360745395,1.0990606894974481e-17,0.6217463419406062
hoptimus1,SKCM,1,nointercept_f64,1293,1741,1,TFF3,0.343348106828124,-0.09002841404784179,0.41575715682079045,0.32871512009380527,0.5834635926826736,0.33207529018432064,0.6175909985122489,5.4953034474872404e-17,0.2514356781324488
hoptimus1,SKCM,1,nointercept_f64,1293,1741,1,TP63,0.6678593316613889,0.35682387599773546,1.6094614241893905,0.7745338319024877,1.2053214052776575,0.8624066105904523,1.5818865332636487,-2.1981213789948963e-17,0.8351382608111294
hoptimus1,SKCM,1,nointercept_f64,1293,1741,1,TYRP1,0.798692612712528,-3.189403164542603,12.966412259674607,0.7531110902208267,4.194205152995281,1.337319727300652,1.7592754187073327,4.3962427579897926e-17,3.2655206883681993
hoptimus1,SKCM,1,nointercept_f64,1293,1741,1,VIM,0.887786074926241,-4.370418871460554,18.85948591430141,1.0301029028455826,5.284077807379344,1.8025012918793288,1.8739622801309561,0.0,4.794614522750305
hoptimus1,SKCM,1,nointercept_f64,1293,1741,1,VWF,0.6444498407052746,-1.1901367805510472,3.334505809727886,0.19648731821137735,1.7508199758600873,0.9636142950724362,1.2339004422309954,-6.594364136984688e-17,1.4765742054671533
hoptimus1,SKCM,1,nointercept_f64,1293,1741,1,WDFY4,0.6359922593097141,-1.2727219464603037,1.9581837370720794,-0.25126957872176836,0.9475845710632789,0.6788656812163962,0.9282256533448819,0.0,1.741107632555154
hoptimus1,SKCM,1,intercept_f64,1293,1741,1,ACER1,0.6503356424151222,0.38772185230112755,0.5771549288137157,0.7655089815936615,0.9211101571011311,0.5366293961711803,0.9708940164527127,0.5465358003386213,0.5465358003386213
hoptimus1,SKCM,1,intercept_f64,1293,1741,1,AHNAK2,0.6697985385110684,0.4316242207880774,0.9986423700946226,1.89530673028636,1.897857491001872,0.7149952522918919,1.3255228319853947,1.1768418729351364,1.1768418729351364
hoptimus1,SKCM,1,intercept_f64,1293,1741,1,AQP3,0.8400495805348097,0.6344545602648277,1.2350232232101872,1.6277913165342845,1.7141047861300824,1.061177463796247,1.8380904425349136,1.4240593946173683,1.4240593946173683
hoptimus1,SKCM,1,intercept_f64,1293,1741,1,BIRC3,0.6083966484469747,0.25920527791615255,0.7085714117039813,1.2364692771905392,1.550358362953804,0.6821328231529415,0.978009049507011,2.2079062910847025,2.2079062910847025
hoptimus1,SKCM,1,intercept_f64,1293,1741,1,CAPNS2,0.7472034381863386,0.5074534639697099,0.7561138367301674,1.4067882695516707,1.5070192753618166,0.6649589340009504,1.2389961539550398,0.6757749566161532,0.6757749566161532
hoptimus1,SKCM,1,intercept_f64,1293,1741,1,CCL19,0.19301663835238586,-1.3952268055696107,0.8534784230936122,-0.006846126143842192,0.5236514905346734,0.5937578421106275,0.5969293753827912,1.351458623256226,1.351458623256226
hoptimus1,SKCM,1,intercept_f64,1293,1741,1,CCL22,-0.17524718648991763,-1.3220898143854405,1.1052706842483917,0.03046470975791945,0.5833733774066862,0.46064402854768655,0.6899137790521342,0.4457936962722165,0.4457936962722165
hoptimus1,SKCM,1,intercept_f64,1293,1741,1,CD1B,0.16145377413260342,-0.1548789007634388,0.3733421491391338,0.30796123031452405,0.46843240782832496,0.2727515956149346,0.5685717637417136,0.39900266432706827,0.39900266432706827
hoptimus1,SKCM,1,intercept_f64,1293,1741,1,CD52,0.6001811863891964,0.3529838585862356,0.6662314911788134,1.088425250277691,1.0643930329049476,0.5261374424157288,1.0147405622330343,1.8773598503162947,1.8773598503162947
hoptimus1,SKCM,1,intercept_f64,1293,1741,1,COL17A1,0.7744663789657736,0.5035017239520765,1.5716770752207037,2.055064816190033,1.6379720697726141,1.0161752980382457,1.7791918758191008,0.8799400373843872,0.8799400373843872
hoptimus1,SKCM,1,intercept_f64,1293,1741,1,CRABP2,0.7331128680316573,0.48664202155356107,1.0730483013038858,2.657181718464735,2.38032688737121,0.8879762968642871,1.445770894962829,1.7940810316768803,1.7940810316768803
hoptimus1,SKCM,1,intercept_f64,1293,1741,1,DEFB1,0.6902919401456279,0.44458591783247914,0.5131277966911176,0.7426762576059704,0.7078415579250802,0.4953466628514353,0.961179118729134,0.30142066945240464,0.30142066945240464
hoptimus1,SKCM,1,intercept_f64,1293,1741,1,DMKN,0.6419246242055289,0.36676812590517116,1.4705446937655298,2.446843941003854,2.759454257662169,1.0646736092915812,1.5239044266566018,1.143121001707521,1.143121001707521
hoptimus1,SKCM,1,intercept_f64,1293,1741,1,DSC1,0.7405050373182757,0.43148567169316787,1.719455369391261,2.072630306545962,1.4958536582455972,1.143678911403056,1.7391007663516744,1.0381541026256293,1.0381541026256293
hoptimus1,SKCM,1,intercept_f64,1293,1741,1,DSP,0.7628348523432151,0.5307025424395121,2.068651903169063,2.5911309980059176,2.415462646930811,1.160118899823641,2.09951802642414,1.3186026392108419,1.3186026392108419
hoptimus1,SKCM,1,intercept_f64,1293,1741,1,FGFBP1,0.6017572668498212,0.3521640914615234,1.0448417157773566,1.165504911987401,1.1326980427172868,0.6418703891187206,1.2699678993199977,0.5639859041500165,0.5639859041500165
hoptimus1,SKCM,1,intercept_f64,1293,1741,1,GZMK,0.5527589673704093,0.2518812114426694,0.45781218930168704,0.7502332970807263,0.8962421861617884,0.5397373074248176,0.7822730971544614,1.8331784576938213,1.8331784576938213
hoptimus1,SKCM,1,intercept_f64,1293,1741,1,HAPLN1,0.5557450651023886,-0.9092923957262948,6.232833096880919,0.4481409201381492,2.3472574415185,0.3958705889422218,1.8067852119116703,0.34060141630902924,0.34060141630902924
hoptimus1,SKCM,1,intercept_f64,1293,1741,1,HBD,0.1535037166048166,-0.12210328247771951,0.3819891502112711,0.6174142962162967,0.6393994919395118,0.31115902607805807,0.5834573261679156,0.3510268355005947,0.3510268355005947
hoptimus1,SKCM,1,intercept_f64,1293,1741,1,IDO1,0.32756557614555987,-0.24916754929422869,0.762504102590566,0.9156818906151317,0.9873169913913654,0.7168557913137003,0.7812872653009667,1.5734584651432197,1.57345846514322
hoptimus1,SKCM,1,intercept_f64,1293,1741,1,IL1B,0.23401009656347646,-0.4212227855602386,0.6933692366145532,0.28983122623146507,0.6802689849063626,0.44589593421218393,0.6984755425193664,0.4090300092195598,0.4090300092195598
hoptimus1,SKCM,1,intercept_f64,1293,1741,1,ITM2A,0.4875162281717524,0.11718992378416315,0.8336666058299044,1.26516586484862,1.0207523609426499,0.7062118727534492,0.9717679287043827,1.8026751458690964,1.8026751458690964
hoptimus1,SKCM,1,intercept_f64,1293,1741,1,KRT16,0.7991965955935056,0.5440482878367112,2.0081972282741836,3.128274896122319,2.6812966096545003,1.2112418572722206,2.098668075730721,1.4369175557655043,1.4369175557655045
hoptimus1,SKCM,1,intercept_f64,1293,1741,1,KRT17,0.7987891078248088,0.5509390678042457,1.7360502708932914,2.042248301233987,2.469388710980029,1.1776794937359645,1.9662037119956157,1.0433353509261272,1.0433353509261272
hoptimus1,SKCM,1,intercept_f64,1293,1741,1,KRT2,0.5963129772826052,-0.3603857310375034,2.6882297893436222,2.6135434285079207,1.4253027078271392,0.7843388222875546,1.4057308007048337,1.5787475606036208,1.5787475606036205
hoptimus1,SKCM,1,intercept_f64,1293,1741,1,KRT5,0.6519442220196631,0.3332307444674979,2.820350357325325,2.868173870417106,2.265502495234345,1.1824271529836703,2.056665901143587,1.183074884975224,1.183074884975224
hoptimus1,SKCM,1,intercept_f64,1293,1741,1,KRTDAP,0.8602234214243055,0.5445915962355041,1.4786372908436145,1.7649864969619968,1.1901575058510356,0.9986912475797534,1.801898431111809,0.6799615323774039,0.6799615323774039
hoptimus1,SKCM,1,intercept_f64,1293,1741,1,LAMB3,0.7631576829695195,0.4673704587586709,0.7751043514541998,1.5901713198061767,1.964193744196555,0.7547404270612622,1.2063337058279646,0.7317341506158485,0.7317341506158485
hoptimus1,SKCM,1,intercept_f64,1293,1741,1,LCK,0.586741017689129,0.31024154383150715,0.4030263471132259,1.12871795249743,1.0050156227409806,0.5161607985542064,0.7643956420583508,1.7624489790878828,1.7624489790878828
hoptimus1,SKCM,1,intercept_f64,1293,1741,1,LY6D,0.7983019166551212,0.6088356175219056,0.5283604405883925,0.8222325043783139,0.7256419342321476,0.7572115020850312,1.1622123745533206,0.48046628707891653,0.4804662870789164
hoptimus1,SKCM,1,intercept_f64,1293,1741,1,LYZ,0.7201444930404348,0.507191761848607,1.156662025244581,3.0577212078108675,2.9335596666878354,0.9966029811516662,1.5320193797414425,3.030874028375512,3.030874028375512
hoptimus1,SKCM,1,intercept_f64,1293,1741,1,MAL2,0.8378401499667437,0.640666454450339,1.0572736597871193,1.514855959617972,1.657923398108266,1.0372575864975466,1.7153187109910146,0.8803403541641647,0.8803403541641648
hoptimus1,SKCM,1,intercept_f64,1293,1741,1,MGP,0.6770318155282691,-1.0386290954095174,8.773107533434528,2.039769821266151,4.562502390622134,1.1250781671052956,2.074472190378158,2.1585873653975365,2.1585873653975365
hoptimus1,SKCM,1,intercept_f64,1293,1741,1,MIR205HG,0.7237519691485753,0.4710781772233503,1.1465297958035119,1.2993193906315885,1.4340403921504188,0.7554676751235389,1.4723020941753733,0.6080102258565715,0.6080102258565715
hoptimus1,SKCM,1,intercept_f64,1293,1741,1,MMRN1,0.35259168811112557,-0.07389489556814288,0.9667378955434823,1.0701270891382688,0.798596454926567,0.658124602855181,0.9487973924325396,0.8871405745142666,0.8871405745142666
hoptimus1,SKCM,1,intercept_f64,1293,1741,1,MYH11,0.2791109087421418,-0.6401126203193519,0.6050344796832651,0.6464069305543654,0.640607140859881,0.6841505462533829,0.6073698466709673,0.6928502092597472,0.6928502092597472
hoptimus1,SKCM,1,intercept_f64,1293,1741,1,POSTN,0.6654071235480776,-0.25721020664235184,5.098900102106407,3.4480083721880908,5.124729514258953,1.1741592713913696,2.0138833093660353,2.4641205069637073,2.4641205069637078
hoptimus1,SKCM,1,intercept_f64,1293,1741,1,RHOV,0.7966261704610476,0.5783757615682648,0.6084286714282879,1.0176748928151949,1.1323233460777453,0.6961794449738179,1.201273926441219,0.5756690778754426,0.5756690778754426
hoptimus1,SKCM,1,intercept_f64,1293,1741,1,S100A14,0.782760979576181,0.5487848874350038,1.645931662754363,2.291525764086106,2.0702686270100847,1.06576693481139,1.909915183859037,1.0754889192640182,1.0754889192640182
hoptimus1,SKCM,1,intercept_f64,1293,1741,1,SBSN,0.8064890588515935,0.5662705069171272,1.4141942221278083,2.388063022177416,1.9474011716453732,1.1730700813451884,1.8056977294440892,1.1948467449725182,1.1948467449725182
hoptimus1,SKCM,1,intercept_f64,1293,1741,1,SELE,0.17449786794110272,-0.7283808349744592,0.6846666235720464,0.6884325469572997,0.5504358511146357,0.6404436012167187,0.6293900278307226,0.623011105114051,0.623011105114051
hoptimus1,SKCM,1,intercept_f64,1293,1741,1,SERPINB2,0.7069528053233053,0.48431563243578757,0.664263197202138,0.8555598243990766,0.9528361273387053,0.7000835219263882,1.1349536151120996,0.5212742225753182,0.5212742225753182
hoptimus1,SKCM,1,intercept_f64,1293,1741,1,SERPINB5,0.8277230648581793,0.62787848315468,1.1553867031259404,1.650239106997342,1.6540001321290843,1.0369193899452054,1.7620624293607774,0.8320450134638752,0.8320450134638752
hoptimus1,SKCM,1,intercept_f64,1293,1741,1,SLPI,0.813724686556777,0.53820057075015,1.2365840269746102,1.1749216827382594,1.3277267877703627,0.7760923985689961,1.63638360745395,0.6217463419406062,0.6217463419406062
hoptimus1,SKCM,1,intercept_f64,1293,1741,1,TFF3,0.343348106828124,0.08008862436881747,0.35087134714154006,0.5801507982262539,0.5834635926826736,0.3320752901843208,0.6175909985122489,0.2514356781324488,0.2514356781324488
hoptimus1,SKCM,1,intercept_f64,1293,1741,1,TP63,0.6678593316613897,0.3656469113695471,1.587382969244848,1.609672092713615,1.2053214052776575,0.8624066105904525,1.5818865332636487,0.8351382608111295,0.8351382608111294
hoptimus1,SKCM,1,intercept_f64,1293,1741,1,TYRP1,0.798692612712529,0.6264648645300471,1.1561099206133847,4.018631778589022,4.194205152995281,1.337319727300653,1.7592754187073327,3.2655206883681993,3.2655206883681993
hoptimus1,SKCM,1,intercept_f64,1293,1741,1,VIM,0.8877860749262418,0.6994435130540921,1.0554746226837026,5.824717425595884,5.284077807379344,1.8025012918793284,1.8739622801309561,4.794614522750305,4.794614522750305
hoptimus1,SKCM,1,intercept_f64,1293,1741,1,VWF,0.6444498407052752,0.39271203934200205,0.9246021759802575,1.6730615236785287,1.7508199758600873,0.9636142950724362,1.2339004422309954,1.4765742054671533,1.4765742054671533
hoptimus1,SKCM,1,intercept_f64,1293,1741,1,WDFY4,0.6359922593097145,0.05412187135156632,0.8149713041915602,1.4898380538333837,0.9475845710632789,0.6788656812163967,0.9282256533448819,1.741107632555154,1.741107632555154
hoptimus1,SKCM,1,ycentered_f64,1293,1741,1,ACER1,0.6503356424151222,0.38772185230112766,0.5771549288137157,0.7655089815936617,0.9211101571011311,0.5366293961711803,0.9708940164527127,0.5465358003386213,0.5465358003386213
hoptimus1,SKCM,1,ycentered_f64,1293,1741,1,AHNAK2,0.6697985385110685,0.4316242207880773,0.998642370094623,1.89530673028636,1.897857491001872,0.7149952522918919,1.3255228319853947,1.1768418729351364,1.1768418729351364
hoptimus1,SKCM,1,ycentered_f64,1293,1741,1,AQP3,0.8400495805348097,0.6344545602648279,1.2350232232101863,1.6277913165342845,1.7141047861300824,1.0611774637962468,1.8380904425349136,1.424059394617368,1.4240593946173683
hoptimus1,SKCM,1,ycentered_f64,1293,1741,1,BIRC3,0.6083966484469748,0.25920527791615255,0.7085714117039813,1.2364692771905397,1.550358362953804,0.6821328231529415,0.978009049507011,2.2079062910847025,2.2079062910847025
hoptimus1,SKCM,1,ycentered_f64,1293,1741,1,CAPNS2,0.7472034381863386,0.5074534639697098,0.7561138367301676,1.4067882695516707,1.5070192753618166,0.6649589340009503,1.2389961539550398,0.6757749566161532,0.6757749566161532
hoptimus1,SKCM,1,ycentered_f64,1293,1741,1,CCL19,0.19301663835238567,-1.3952268055696133,0.8534784230936132,-0.006846126143842665,0.5236514905346734,0.5937578421106277,0.5969293753827912,1.351458623256226,1.351458623256226
hoptimus1,SKCM,1,ycentered_f64,1293,1741,1,CCL22,-0.1752471864899177,-1.322089814385441,1.105270684248392,0.03046470975791944,0.5833733774066862,0.4606440285476866,0.6899137790521342,0.4457936962722165,0.4457936962722165
hoptimus1,SKCM,1,ycentered_f64,1293,1741,1,CD1B,0.16145377413260345,-0.15487890076343835,0.3733421491391337,0.3079612303145243,0.46843240782832496,0.2727515956149346,0.5685717637417136,0.39900266432706827,0.39900266432706827
hoptimus1,SKCM,1,ycentered_f64,1293,1741,1,CD52,0.6001811863891966,0.3529838585862356,0.6662314911788134,1.0884252502776912,1.0643930329049476,0.5261374424157286,1.0147405622330343,1.8773598503162947,1.8773598503162947
hoptimus1,SKCM,1,ycentered_f64,1293,1741,1,COL17A1,0.7744663789657734,0.5035017239520764,1.5716770752207039,2.0550648161900336,1.6379720697726141,1.0161752980382455,1.7791918758191008,0.8799400373843872,0.8799400373843872
hoptimus1,SKCM,1,ycentered_f64,1293,1741,1,CRABP2,0.7331128680316574,0.48664202155356107,1.073048301303886,2.6571817184647357,2.38032688737121,0.8879762968642869,1.445770894962829,1.7940810316768803,1.7940810316768803
hoptimus1,SKCM,1,ycentered_f64,1293,1741,1,DEFB1,0.6902919401456278,0.44458591783247936,0.5131277966911175,0.7426762576059703,0.7078415579250802,0.4953466628514353,0.961179118729134,0.30142066945240464,0.30142066945240464
hoptimus1,SKCM,1,ycentered_f64,1293,1741,1,DMKN,0.6419246242055288,0.36676812590517127,1.4705446937655295,2.4468439410038543,2.759454257662169,1.0646736092915814,1.5239044266566018,1.143121001707521,1.143121001707521
hoptimus1,SKCM,1,ycentered_f64,1293,1741,1,DSC1,0.7405050373182755,0.43148567169316776,1.7194553693912613,2.072630306545962,1.4958536582455972,1.143678911403056,1.7391007663516744,1.0381541026256293,1.0381541026256293
hoptimus1,SKCM,1,ycentered_f64,1293,1741,1,DSP,0.762834852343215,0.530702542439512,2.0686519031690636,2.591130998005918,2.415462646930811,1.160118899823641,2.09951802642414,1.318602639210842,1.3186026392108419
hoptimus1,SKCM,1,ycentered_f64,1293,1741,1,FGFBP1,0.6017572668498212,0.3521640914615233,1.0448417157773568,1.1655049119874012,1.1326980427172868,0.6418703891187206,1.2699678993199977,0.5639859041500165,0.5639859041500165
hoptimus1,SKCM,1,ycentered_f64,1293,1741,1,GZMK,0.5527589673704093,0.25188121144266873,0.45781218930168743,0.7502332970807263,0.8962421861617884,0.5397373074248176,0.7822730971544614,1.8331784576938213,1.8331784576938213
hoptimus1,SKCM,1,ycentered_f64,1293,1741,1,HAPLN1,0.5557450651023886,-0.9092923957262948,6.232833096880919,0.4481409201381494,2.3472574415185,0.3958705889422218,1.8067852119116703,0.34060141630902924,0.34060141630902924
hoptimus1,SKCM,1,ycentered_f64,1293,1741,1,HBD,0.1535037166048166,-0.12210328247771929,0.38198915021127106,0.617414296216297,0.6393994919395118,0.31115902607805807,0.5834573261679156,0.3510268355005947,0.3510268355005947
hoptimus1,SKCM,1,ycentered_f64,1293,1741,1,IDO1,0.32756557614555937,-0.24916754929422957,0.7625041025905666,0.9156818906151317,0.9873169913913654,0.7168557913137003,0.7812872653009667,1.57345846514322,1.57345846514322
hoptimus1,SKCM,1,ycentered_f64,1293,1741,1,IL1B,0.2340100965634764,-0.4212227855602386,0.6933692366145532,0.2898312262314651,0.6802689849063626,0.44589593421218393,0.6984755425193664,0.4090300092195597,0.4090300092195598
hoptimus1,SKCM,1,ycentered_f64,1293,1741,1,ITM2A,0.48751622817175255,0.11718992378416315,0.8336666058299044,1.26516586484862,1.0207523609426499,0.7062118727534491,0.9717679287043827,1.8026751458690964,1.8026751458690964
hoptimus1,SKCM,1,ycentered_f64,1293,1741,1,KRT16,0.7991965955935054,0.5440482878367112,2.0081972282741836,3.1282748961223183,2.6812966096545003,1.2112418572722203,2.098668075730721,1.4369175557655045,1.4369175557655045
hoptimus1,SKCM,1,ycentered_f64,1293,1741,1,KRT17,0.7987891078248087,0.5509390678042455,1.7360502708932926,2.0422483012339865,2.469388710980029,1.1776794937359643,1.9662037119956157,1.0433353509261272,1.0433353509261272
hoptimus1,SKCM,1,ycentered_f64,1293,1741,1,KRT2,0.596312977282605,-0.3603857310375034,2.6882297893436222,2.6135434285079207,1.4253027078271392,0.7843388222875546,1.4057308007048337,1.5787475606036205,1.5787475606036205
hoptimus1,SKCM,1,ycentered_f64,1293,1741,1,KRT5,0.6519442220196631,0.33323074446749856,2.820350357325322,2.868173870417106,2.265502495234345,1.1824271529836703,2.056665901143587,1.183074884975224,1.183074884975224
hoptimus1,SKCM,1,ycentered_f64,1293,1741,1,KRTDAP,0.8602234214243054,0.5445915962355042,1.478637290843614,1.7649864969619968,1.1901575058510356,0.9986912475797534,1.801898431111809,0.6799615323774039,0.6799615323774039
hoptimus1,SKCM,1,ycentered_f64,1293,1741,1,LAMB3,0.7631576829695195,0.4673704587586709,0.7751043514541998,1.5901713198061767,1.964193744196555,0.7547404270612622,1.2063337058279646,0.7317341506158485,0.7317341506158485
hoptimus1,SKCM,1,ycentered_f64,1293,1741,1,LCK,0.586741017689129,0.3102415438315077,0.40302634711322555,1.12871795249743,1.0050156227409806,0.5161607985542065,0.7643956420583508,1.7624489790878828,1.7624489790878828
hoptimus1,SKCM,1,ycentered_f64,1293,1741,1,LY6D,0.7983019166551212,0.6088356175219056,0.5283604405883925,0.8222325043783139,0.7256419342321476,0.7572115020850312,1.1622123745533206,0.48046628707891653,0.4804662870789164
hoptimus1,SKCM,1,ycentered_f64,1293,1741,1,LYZ,0.7201444930404348,0.507191761848607,1.1566620252445812,3.0577212078108684,2.9335596666878354,0.9966029811516661,1.5320193797414425,3.030874028375512,3.030874028375512
hoptimus1,SKCM,1,ycentered_f64,1293,1741,1,MAL2,0.8378401499667436,0.6406664544503389,1.0572736597871193,1.514855959617972,1.657923398108266,1.0372575864975466,1.7153187109910146,0.8803403541641648,0.8803403541641648
hoptimus1,SKCM,1,ycentered_f64,1293,1741,1,MGP,0.6770318155282692,-1.0386290954095174,8.773107533434526,2.0397698212661513,4.562502390622134,1.1250781671052956,2.074472190378158,2.1585873653975365,2.1585873653975365
hoptimus1,SKCM,1,ycentered_f64,1293,1741,1,MIR205HG,0.7237519691485751,0.4710781772233502,1.146529795803512,1.2993193906315885,1.4340403921504188,0.7554676751235389,1.4723020941753733,0.6080102258565715,0.6080102258565715
hoptimus1,SKCM,1,ycentered_f64,1293,1741,1,MMRN1,0.35259168811112557,-0.0738948955681431,0.9667378955434826,1.070127089138269,0.798596454926567,0.6581246028551812,0.9487973924325396,0.8871405745142666,0.8871405745142666
hoptimus1,SKCM,1,ycentered_f64,1293,1741,1,MYH11,0.27911090874214184,-0.6401126203193519,0.6050344796832651,0.6464069305543657,0.640607140859881,0.6841505462533829,0.6073698466709673,0.6928502092597472,0.6928502092597472
hoptimus1,SKCM,1,ycentered_f64,1293,1741,1,POSTN,0.6654071235480774,-0.25721020664235206,5.098900102106408,3.448008372188091,5.124729514258953,1.1741592713913696,2.0138833093660353,2.4641205069637078,2.4641205069637078
hoptimus1,SKCM,1,ycentered_f64,1293,1741,1,RHOV,0.7966261704610476,0.5783757615682648,0.6084286714282879,1.0176748928151949,1.1323233460777453,0.6961794449738178,1.201273926441219,0.5756690778754426,0.5756690778754426
hoptimus1,SKCM,1,ycentered_f64,1293,1741,1,S100A14,0.782760979576181,0.5487848874350041,1.645931662754362,2.2915257640861064,2.0702686270100847,1.0657669348113903,1.909915183859037,1.0754889192640182,1.0754889192640182
hoptimus1,SKCM,1,ycentered_f64,1293,1741,1,SBSN,0.8064890588515934,0.5662705069171274,1.4141942221278077,2.388063022177416,1.9474011716453732,1.1730700813451889,1.8056977294440892,1.1948467449725182,1.1948467449725182
hoptimus1,SKCM,1,ycentered_f64,1293,1741,1,SELE,0.17449786794110256,-0.7283808349744592,0.6846666235720464,0.6884325469572994,0.5504358511146357,0.6404436012167186,0.6293900278307226,0.6230111051140509,0.623011105114051
hoptimus1,SKCM,1,ycentered_f64,1293,1741,1,SERPINB2,0.7069528053233054,0.48431563243578735,0.6642631972021382,0.8555598243990766,0.9528361273387053,0.7000835219263882,1.1349536151120996,0.5212742225753182,0.5212742225753182
hoptimus1,SKCM,1,ycentered_f64,1293,1741,1,SERPINB5,0.8277230648581793,0.6278784831546798,1.155386703125941,1.650239106997342,1.6540001321290843,1.0369193899452054,1.7620624293607774,0.8320450134638752,0.8320450134638752
hoptimus1,SKCM,1,ycentered_f64,1293,1741,1,SLPI,0.8137246865567768,0.53820057075015,1.2365840269746102,1.1749216827382591,1.3277267877703627,0.7760923985689964,1.63638360745395,0.6217463419406062,0.6217463419406062
hoptimus1,SKCM,1,ycentered_f64,1293,1741,1,TFF3,0.34334810682812406,0.08008862436881725,0.35087134714154017,0.580150798226254,0.5834635926826736,0.33207529018432075,0.6175909985122489,0.2514356781324489,0.2514356781324488
hoptimus1,SKCM,1,ycentered_f64,1293,1741,1,TP63,0.6678593316613894,0.3656469113695465,1.5873829692448496,1.609672092713615,1.2053214052776575,0.8624066105904525,1.5818865332636487,0.8351382608111294,0.8351382608111294
hoptimus1,SKCM,1,ycentered_f64,1293,1741,1,TYRP1,0.7986926127125288,0.6264648645300468,1.156109920613386,4.018631778589022,4.194205152995281,1.337319727300652,1.7592754187073327,3.2655206883681993,3.2655206883681993
hoptimus1,SKCM,1,ycentered_f64,1293,1741,1,VIM,0.8877860749262417,0.6994435130540919,1.0554746226837035,5.824717425595884,5.284077807379344,1.8025012918793288,1.8739622801309561,4.794614522750305,4.794614522750305
hoptimus1,SKCM,1,ycentered_f64,1293,1741,1,VWF,0.6444498407052752,0.39271203934200205,0.9246021759802575,1.673061523678529,1.7508199758600873,0.9636142950724362,1.2339004422309954,1.4765742054671533,1.4765742054671533
hoptimus1,SKCM,1,ycentered_f64,1293,1741,1,WDFY4,0.6359922593097146,0.05412187135156532,0.8149713041915609,1.489838053833384,0.9475845710632789,0.6788656812163966,0.9282256533448819,1.741107632555154,1.741107632555154
