n_spots,n_slides,n_donors,df_spot,df_slide,df_donor,var_spot,var_slide_raw,var_slide,c1,var_donor_raw,var_donor,c2,c3,task,gene,total_var,frac_spot,frac_slide,frac_donor,donor_label_status,grouping
74220,24,24,74196,0,23,0.1978190386522922,,,,0.0528732820943713,0.0528732820943713,3062.76229540848,3062.76229540848,CCRCC,AKAP8,0.2506923207466636,0.7890909384982626,,0.2109090615017373,verified,donor_id_from_R5b_audit
74220,24,24,74196,0,23,0.1828111906174848,,,,0.0976445909727978,0.0976445909727978,3062.76229540848,3062.76229540848,CCRCC,BLVRB,0.2804557815902827,0.6518360562256241,,0.3481639437743758,verified,donor_id_from_R5b_audit
74220,24,24,74196,0,23,0.235005484051968,,,,0.2936678213352532,0.2936678213352532,3062.76229540848,3062.76229540848,CCRCC,BTF3,0.5286733053872212,0.4445192932142483,,0.5554807067857517,verified,donor_id_from_R5b_audit
74220,24,24,74196,0,23,0.2375938304775526,,,,0.1476737759765084,0.1476737759765084,3062.76229540848,3062.76229540848,CCRCC,CD109,0.3852676064540611,0.6166981767928186,,0.3833018232071813,verified,donor_id_from_R5b_audit
74220,24,24,74196,0,23,0.3267135111759088,,,,0.2086073512943521,0.2086073512943521,3062.76229540848,3062.76229540848,CCRCC,CD14,0.535320862470261,0.6103134289746813,,0.3896865710253185,verified,donor_id_from_R5b_audit
74220,24,24,74196,0,23,0.2466487989065973,,,,0.1004469639447886,0.1004469639447886,3062.76229540848,3062.76229540848,CCRCC,CHST15,0.3470957628513859,0.710607346169776,,0.289392653830224,verified,donor_id_from_R5b_audit
74220,24,24,74196,0,23,0.3181430658348239,,,,0.2271383028561572,0.2271383028561572,3062.76229540848,3062.76229540848,CCRCC,CIB1,0.5452813686909811,0.5834475265468316,,0.4165524734531683,verified,donor_id_from_R5b_audit
74220,24,24,74196,0,23,0.2664102522113588,,,,0.2370071280540858,0.2370071280540858,3062.76229540848,3062.76229540848,CCRCC,CKB,0.5034173802654446,0.5292035250568515,,0.4707964749431484,verified,donor_id_from_R5b_audit
74220,24,24,74196,0,23,0.2840883298774629,,,,0.1925057933965935,0.1925057933965935,3062.76229540848,3062.76229540848,CCRCC,CPD,0.4765941232740565,0.5960802200536227,,0.4039197799463772,verified,donor_id_from_R5b_audit
74220,24,24,74196,0,23,0.4272337213382989,,,,0.8402848272524811,0.8402848272524811,3062.76229540848,3062.76229540848,CCRCC,CPE,1.26751854859078,0.3370630921443279,,0.662936907855672,verified,donor_id_from_R5b_audit
74220,24,24,74196,0,23,0.2941836333156903,,,,0.2064177723260681,0.2064177723260681,3062.76229540848,3062.76229540848,CCRCC,DERL1,0.5006014056417584,0.5876604220448688,,0.4123395779551312,verified,donor_id_from_R5b_audit
74220,24,24,74196,0,23,0.1657070615656335,,,,0.0787864070086046,0.0787864070086046,3062.76229540848,3062.76229540848,CCRCC,DNAJB12,0.2444934685742382,0.6777565982925966,,0.3222434017074034,verified,donor_id_from_R5b_audit
74220,24,24,74196,0,23,0.2427234139509099,,,,0.1042969870073179,0.1042969870073179,3062.76229540848,3062.76229540848,CCRCC,EGFL7,0.3470204009582278,0.6994499841527398,,0.3005500158472601,verified,donor_id_from_R5b_audit
74220,24,24,74196,0,23,0.2962365846004621,,,,0.2083996156698082,0.2083996156698082,3062.76229540848,3062.76229540848,CCRCC,FLNB,0.5046362002702705,0.5870299919859203,,0.4129700080140796,verified,donor_id_from_R5b_audit
74220,24,24,74196,0,23,0.2845016617606608,,,,0.1370989944622244,0.1370989944622244,3062.76229540848,3062.76229540848,CCRCC,GADD45B,0.4216006562228852,0.6748131378862345,,0.3251868621137655,verified,donor_id_from_R5b_audit
74220,24,24,74196,0,23,0.3061109461137964,,,,0.1753649963537883,0.1753649963537883,3062.76229540848,3062.76229540848,CCRCC,GPNMB,0.4814759424675848,0.6357762021191854,,0.3642237978808146,verified,donor_id_from_R5b_audit
74220,24,24,74196,0,23,0.2563910143599108,,,,0.4399071949222949,0.4399071949222949,3062.76229540848,3062.76229540848,CCRCC,H3F3A,0.6962982092822058,0.3682201260063804,,0.6317798739936196,verified,donor_id_from_R5b_audit
74220,24,24,74196,0,23,0.2877118755398328,,,,0.0893669022498008,0.0893669022498008,3062.76229540848,3062.76229540848,CCRCC,HMOX1,0.3770787777896336,0.7630020369386653,,0.2369979630613347,verified,donor_id_from_R5b_audit
74220,24,24,74196,0,23,0.3117970039073175,,,,0.3519195582431017,0.3519195582431017,3062.76229540848,3062.76229540848,CCRCC,HNRNPK,0.6637165621504193,0.4697743309238898,,0.5302256690761101,verified,donor_id_from_R5b_audit
74220,24,24,74196,0,23,0.4056448462942068,,,,0.130251626850282,0.130251626850282,3062.76229540848,3062.76229540848,CCRCC,HSPA1A,0.5358964731444888,0.7569462883642388,,0.2430537116357612,verified,donor_id_from_R5b_audit
74220,24,24,74196,0,23,0.4125989991887884,,,,0.3411916529526562,0.3411916529526562,3062.76229540848,3062.76229540848,CCRCC,HTRA1,0.7537906521414447,0.5473655026321108,,0.4526344973678892,verified,donor_id_from_R5b_audit
74220,24,24,74196,0,23,0.4404848158170328,,,,0.4831631871291695,0.4831631871291695,3062.76229540848,3062.76229540848,CCRCC,IFI27,0.9236480029462024,0.4768968421000188,,0.5231031578999811,verified,donor_id_from_R5b_audit
74220,24,24,74196,0,23,0.3899717116364894,,,,0.3192709591221525,0.3192709591221525,3062.76229540848,3062.76229540848,CCRCC,IFI6,0.7092426707586419,0.5498424273025705,,0.4501575726974296,verified,donor_id_from_R5b_audit
74220,24,24,74196,0,23,0.1744416964725819,,,,0.0697854951736049,0.0697854951736049,3062.76229540848,3062.76229540848,CCRCC,IRF7,0.2442271916461868,0.7142599286212836,,0.2857400713787165,verified,donor_id_from_R5b_audit
74220,24,24,74196,0,23,0.2561052034843555,,,,0.1033276812187768,0.1033276812187768,3062.76229540848,3062.76229540848,CCRCC,ISG15,0.3594328847031323,0.7125257993460486,,0.2874742006539514,verified,donor_id_from_R5b_audit
74220,24,24,74196,0,23,0.2283742979159259,,,,0.1891651072038004,0.1891651072038004,3062.76229540848,3062.76229540848,CCRCC,KRTCAP2,0.4175394051197263,0.5469526830657846,,0.4530473169342155,verified,donor_id_from_R5b_audit
74220,24,24,74196,0,23,0.265056900853899,,,,0.1933323552393968,0.1933323552393968,3062.76229540848,3062.76229540848,CCRCC,LAPTM4B,0.4583892560932959,0.5782354130916891,,0.4217645869083108,verified,donor_id_from_R5b_audit
74220,24,24,74196,0,23,0.3746069101965444,,,,0.3322788062360701,0.3322788062360701,3062.76229540848,3062.76229540848,CCRCC,LRRC41,0.7068857164326146,0.5299398495234054,,0.4700601504765945,verified,donor_id_from_R5b_audit
74220,24,24,74196,0,23,0.4091952730375598,,,,0.4669908368867916,0.4669908368867916,3062.76229540848,3062.76229540848,CCRCC,LY6E,0.8761861099243515,0.4670186714930794,,0.5329813285069206,verified,donor_id_from_R5b_audit
74220,24,24,74196,0,23,0.3013756076908285,,,,0.109310577453645,0.109310577453645,3062.76229540848,3062.76229540848,CCRCC,NAMPT,0.4106861851444735,0.7338342963370167,,0.2661657036629833,verified,donor_id_from_R5b_audit
74220,24,24,74196,0,23,0.2590247692779491,,,,0.1878581580346982,0.1878581580346982,3062.76229540848,3062.76229540848,CCRCC,NOL3,0.4468829273126473,0.5796255651018207,,0.4203744348981792,verified,donor_id_from_R5b_audit
74220,24,24,74196,0,23,0.2604814769015999,,,,0.1409531289636561,0.1409531289636561,3062.76229540848,3062.76229540848,CCRCC,NOTCH3,0.401434605865256,0.6488764872180255,,0.3511235127819744,verified,donor_id_from_R5b_audit
74220,24,24,74196,0,23,0.1585920421863561,,,,0.0987336124306343,0.0987336124306343,3062.76229540848,3062.76229540848,CCRCC,NT5DC2,0.2573256546169905,0.6163087097647076,,0.3836912902352924,verified,donor_id_from_R5b_audit
74220,24,24,74196,0,23,0.2348771714605712,,,,0.1097562571252895,0.1097562571252895,3062.76229540848,3062.76229540848,CCRCC,PARP10,0.3446334285858607,0.6815275361544179,,0.318472463845582,verified,donor_id_from_R5b_audit
74220,24,24,74196,0,23,0.2198794849873613,,,,0.1419380781614236,0.1419380781614236,3062.76229540848,3062.76229540848,CCRCC,PTGS1,0.3618175631487849,0.6077081584260837,,0.3922918415739163,verified,donor_id_from_R5b_audit
74220,24,24,74196,0,23,0.2896644027436719,,,,0.1883486096201946,0.1883486096201946,3062.76229540848,3062.76229540848,CCRCC,PXN,0.4780130123638665,0.6059759781668401,,0.3940240218331599,verified,donor_id_from_R5b_audit
74220,24,24,74196,0,23,0.2191939039418708,,,,0.0800138268718877,0.0800138268718877,3062.76229540848,3062.76229540848,CCRCC,RXRA,0.2992077308137585,0.7325810176953877,,0.2674189823046123,verified,donor_id_from_R5b_audit
74220,24,24,74196,0,23,0.2555562183938771,,,,0.1887282870503165,0.1887282870503165,3062.76229540848,3062.76229540848,CCRCC,S100A9,0.4442845054441937,0.5752084874946812,,0.4247915125053187,verified,donor_id_from_R5b_audit
74220,24,24,74196,0,23,0.2969199728024487,,,,0.3189075984287061,0.3189075984287061,3062.76229540848,3062.76229540848,CCRCC,SCARB1,0.6158275712311548,0.482147904175271,,0.5178520958247289,verified,donor_id_from_R5b_audit
74220,24,24,74196,0,23,0.2496885836910926,,,,0.1537816898448822,0.1537816898448822,3062.76229540848,3062.76229540848,CCRCC,SEMA4B,0.4034702735359748,0.618852490675077,,0.381147509324923,verified,donor_id_from_R5b_audit
74220,24,24,74196,0,23,0.2602403565756351,,,,0.1104151342119679,0.1104151342119679,3062.76229540848,3062.76229540848,CCRCC,SLC15A4,0.370655490787603,0.7021084620186048,,0.2978915379813952,verified,donor_id_from_R5b_audit
74220,24,24,74196,0,23,0.3372760084337892,,,,0.3358949417378406,0.3358949417378406,3062.76229540848,3062.76229540848,CCRCC,SLC39A14,0.6731709501716299,0.5010257919593801,,0.4989742080406199,verified,donor_id_from_R5b_audit
74220,24,24,74196,0,23,0.2439788522914948,,,,0.2069869667812074,0.2069869667812074,3062.76229540848,3062.76229540848,CCRCC,STK39,0.4509658190727023,0.5410140679690002,,0.4589859320309997,verified,donor_id_from_R5b_audit
74220,24,24,74196,0,23,0.2526295542580815,,,,0.1727081889384556,0.1727081889384556,3062.76229540848,3062.76229540848,CCRCC,TFRC,0.4253377431965371,0.5939504741796408,,0.4060495258203592,verified,donor_id_from_R5b_audit
74220,24,24,74196,0,23,0.173128959671497,,,,0.0807087214528674,0.0807087214528674,3062.76229540848,3062.76229540848,CCRCC,TM2D3,0.2538376811243645,0.6820459393760169,,0.317954060623983,verified,donor_id_from_R5b_audit
74220,24,24,74196,0,23,0.2550557316997398,,,,0.1484021075495176,0.1484021075495176,3062.76229540848,3062.76229540848,CCRCC,TMEM91,0.4034578392492574,0.6321744353123491,,0.367825564687651,verified,donor_id_from_R5b_audit
74220,24,24,74196,0,23,0.2130074346293729,,,,0.0458519861728305,0.0458519861728305,3062.76229540848,3062.76229540848,CCRCC,TP53INP1,0.2588594208022036,0.8228691618379751,,0.1771308381620247,verified,donor_id_from_R5b_audit
74220,24,24,74196,0,23,0.2759695494678154,,,,0.1279433858007453,0.1279433858007453,3062.76229540848,3062.76229540848,CCRCC,TRBC1,0.4039129352685607,0.6832401871069663,,0.3167598128930337,verified,donor_id_from_R5b_audit
74220,24,24,74196,0,23,0.3524637410389648,,,,0.2911624446636901,0.2911624446636901,3062.76229540848,3062.76229540848,CCRCC,VMP1,0.6436261857026548,0.547621816620428,,0.4523781833795721,verified,donor_id_from_R5b_audit
74220,24,24,74196,0,23,0.2404336260053043,,,,0.3591179131944613,0.3591179131944613,3062.76229540848,3062.76229540848,CCRCC,YWHAE,0.5995515391997657,0.4010224480888102,,0.5989775519111897,verified,donor_id_from_R5b_audit
18523,4,4,18519,0,3,0.4457427004564952,,,,0.0324891238939176,0.0324891238939176,4574.542532707085,4574.542532707085,COAD,AQP8,0.4782318243504128,0.9320640696840952,,0.0679359303159047,contradicted;verified,donor_id_from_R5b_audit
18523,4,4,18519,0,3,2.141050686757879,,,,1.462910130786821,1.462910130786821,4574.542532707085,4574.542532707085,COAD,AREG,3.6039608175447,0.5940826760199158,,0.4059173239800842,contradicted;verified,donor_id_from_R5b_audit
18523,4,4,18519,0,3,0.8896669636109394,,,,0.0090034569291058,0.0090034569291058,4574.542532707085,4574.542532707085,COAD,BANK1,0.8986704205400453,0.9899813583230042,,0.0100186416769958,contradicted;verified,donor_id_from_R5b_audit
18523,4,4,18519,0,3,1.246094556917511,,,,0.1614955332244479,0.1614955332244479,4574.542532707085,4574.542532707085,COAD,CA1,1.407590090141959,0.8852680660687511,,0.1147319339312489,contradicted;verified,donor_id_from_R5b_audit
18523,4,4,18519,0,3,1.0029245350800762,,,,0.1009383828876641,0.1009383828876641,4574.542532707085,4574.542532707085,COAD,CA4,1.1038629179677404,0.9085589512568316,,0.0914410487431682,contradicted;verified,donor_id_from_R5b_audit
18523,4,4,18519,0,3,0.4193334671847282,,,,0.0403851905043943,0.0403851905043943,4574.542532707085,4574.542532707085,COAD,CALB2,0.4597186576891226,0.9121523787888022,,0.0878476212111978,contradicted;verified,donor_id_from_R5b_audit
18523,4,4,18519,0,3,1.9758062153067637,,,,0.5028906272116721,0.5028906272116721,4574.542532707085,4574.542532707085,COAD,CCL20,2.4786968425184357,0.797114911922541,,0.2028850880774589,contradicted;verified,donor_id_from_R5b_audit
18523,4,4,18519,0,3,0.8548252397159668,,,,0.0197252651570185,0.0197252651570185,4574.542532707085,4574.542532707085,COAD,CCR7,0.8745505048729854,0.9774452532505444,,0.0225547467494554,contradicted;verified,donor_id_from_R5b_audit
18523,4,4,18519,0,3,1.1668670886093828,,,,0.0927206303449346,0.0927206303449346,4574.542532707085,4574.542532707085,COAD,CD177,1.2595877189543174,0.9263881118006538,,0.0736118881993461,contradicted;verified,donor_id_from_R5b_audit
18523,4,4,18519,0,3,4.134231200510496,,,,1.8266686485086472,1.8266686485086472,4574.542532707085,4574.542532707085,COAD,CEACAM6,5.960899849019143,0.6935582387264528,,0.3064417612735471,contradicted;verified,donor_id_from_R5b_audit
18523,4,4,18519,0,3,1.2848752185066512,,,,0.2719894021312791,0.2719894021312791,4574.542532707085,4574.542532707085,COAD,CEACAM7,1.5568646206379304,0.8252966902030116,,0.1747033097969884,contradicted;verified,donor_id_from_R5b_audit
18523,4,4,18519,0,3,0.470481775054649,,,,0.0190348058657389,0.0190348058657389,4574.542532707085,4574.542532707085,COAD,CHGA,0.4895165809203879,0.9611150947533794,,0.0388849052466205,contradicted;verified,donor_id_from_R5b_audit
18523,4,4,18519,0,3,0.5819346608059733,,,,0.0774341208753933,0.0774341208753933,4574.542532707085,4574.542532707085,COAD,CHGB,0.6593687816813667,0.8825632589429862,,0.1174367410570138,contradicted;verified,donor_id_from_R5b_audit
18523,4,4,18519,0,3,0.6325035769671693,,,,0.0468823839240788,0.0468823839240788,4574.542532707085,4574.542532707085,COAD,CHI3L2,0.6793859608912481,0.9309930045322448,,0.0690069954677551,contradicted;verified,donor_id_from_R5b_audit
18523,4,4,18519,0,3,2.1898996356819675,,,,0.4953899007449104,0.4953899007449104,4574.542532707085,4574.542532707085,COAD,CLCA1,2.685289536426878,0.8155171373422584,,0.1844828626577416,contradicted;verified,donor_id_from_R5b_audit
18523,4,4,18519,0,3,0.7943284390831977,,,,0.0828058921305042,0.0828058921305042,4574.542532707085,4574.542532707085,COAD,CLCA4,0.877134331213702,0.905594970822856,,0.094405029177144,contradicted;verified,donor_id_from_R5b_audit
18523,4,4,18519,0,3,1.896774193805596,,,,0.2531611075652347,0.2531611075652347,4574.542532707085,4574.542532707085,COAD,COL11A1,2.1499353013708307,0.8822471041785231,,0.1177528958214767,contradicted;verified,donor_id_from_R5b_audit
18523,4,4,18519,0,3,0.4189981033189139,,,,0.0213024167324309,0.0213024167324309,4574.542532707085,4574.542532707085,COAD,CTSE,0.4403005200513449,0.9516184611139074,,0.0483815388860925,contradicted;verified,donor_id_from_R5b_audit
18523,4,4,18519,0,3,1.6860626290371248,,,,0.3566887690039124,0.3566887690039124,4574.542532707085,4574.542532707085,COAD,CXCL10,2.0427513980410374,0.8253880676101992,,0.1746119323898007,contradicted;verified,donor_id_from_R5b_audit
18523,4,4,18519,0,3,1.3777297626560523,,,,0.1902518791905808,0.1902518791905808,4574.542532707085,4574.542532707085,COAD,CXCL13,1.5679816418466332,0.8786644727762765,,0.1213355272237235,contradicted;verified,donor_id_from_R5b_audit
18523,4,4,18519,0,3,3.0380154523653826,,,,0.27651744273106,0.27651744273106,4574.542532707085,4574.542532707085,COAD,DMBT1,3.3145328950964426,0.9165742348974292,,0.0834257651025708,contradicted;verified,donor_id_from_R5b_audit
18523,4,4,18519,0,3,1.5409474409898594,,,,0.3907157324432083,0.3907157324432083,4574.542532707085,4574.542532707085,COAD,DUOX2,1.9316631734330676,0.797730920267634,,0.202269079732366,contradicted;verified,donor_id_from_R5b_audit
18523,4,4,18519,0,3,0.6050744966910696,,,,0.0233354172482559,0.0233354172482559,4574.542532707085,4574.542532707085,COAD,FCRL1,0.6284099139393255,0.9628659307712496,,0.0371340692287502,contradicted;verified,donor_id_from_R5b_audit
18523,4,4,18519,0,3,1.5395369399413854,,,,0.7960509270123957,0.7960509270123957,4574.542532707085,4574.542532707085,COAD,GATA2,2.335587866953781,0.6591646418977785,,0.3408353581022215,contradicted;verified,donor_id_from_R5b_audit
18523,4,4,18519,0,3,0.4743819086148536,,,,0.0640027557526771,0.0640027557526771,4574.542532707085,4574.542532707085,COAD,GCG,0.5383846643675307,0.8811207673831783,,0.1188792326168216,contradicted;verified,donor_id_from_R5b_audit
18523,4,4,18519,0,3,0.361212781674799,,,,0.0192965971952267,0.0192965971952267,4574.542532707085,4574.542532707085,COAD,GUCA2A,0.3805093788700257,0.949287459740071,,0.050712540259929,contradicted;verified,donor_id_from_R5b_audit
18523,4,4,18519,0,3,0.3311032791813258,,,,0.0316968351459136,0.0316968351459136,4574.542532707085,4574.542532707085,COAD,GUCA2B,0.3628001143272394,0.9126327862253,,0.0873672137747002,contradicted;verified,donor_id_from_R5b_audit
18523,4,4,18519,0,3,1.2685965824918215,,,,0.1170448884560824,0.1170448884560824,4574.542532707085,4574.542532707085,COAD,HEPACAM2,1.385641470947904,0.9155301779644246,,0.0844698220355754,contradicted;verified,donor_id_from_R5b_audit
18523,4,4,18519,0,3,1.0283237205501972,,,,0.1483134265211166,0.1483134265211166,4574.542532707085,4574.542532707085,COAD,IL1B,1.1766371470713135,0.8739514327842927,,0.1260485672157074,contradicted;verified,donor_id_from_R5b_audit
18523,4,4,18519,0,3,0.4479076177006239,,,,0.0298615665196446,0.0298615665196446,4574.542532707085,4574.542532707085,COAD,INSL5,0.4777691842202686,0.9374979226247512,,0.0625020773752486,contradicted;verified,donor_id_from_R5b_audit
18523,4,4,18519,0,3,1.9400010060976025,,,,0.323378645679883,0.323378645679883,4574.542532707085,4574.542532707085,COAD,ITLN1,2.2633796517774853,0.8571257608391389,,0.1428742391608611,contradicted;verified,donor_id_from_R5b_audit
18523,4,4,18519,0,3,3.3599376823321068,,,,1.7672219376602918,1.7672219376602918,4574.542532707085,4574.542532707085,COAD,LCN2,5.1271596199923986,0.6553214511267914,,0.3446785488732086,contradicted;verified,donor_id_from_R5b_audit
18523,4,4,18519,0,3,1.190237158509627,,,,0.0493286794307344,0.0493286794307344,4574.542532707085,4574.542532707085,COAD,MMP1,1.2395658379403611,0.9602048734154388,,0.0397951265845612,contradicted;verified,donor_id_from_R5b_audit
18523,4,4,18519,0,3,0.985095722121349,,,,0.07336030789442,0.07336030789442,4574.542532707085,4574.542532707085,COAD,MMP3,1.058456030015769,0.9306912088796668,,0.0693087911203331,contradicted;verified,donor_id_from_R5b_audit
18523,4,4,18519,0,3,1.389148383672345,,,,0.0038643196251157,0.0038643196251157,4574.542532707085,4574.542532707085,COAD,MS4A1,1.3930127032974609,0.9972259265001904,,0.0027740734998097,contradicted;verified,donor_id_from_R5b_audit
18523,4,4,18519,0,3,1.2261716781225482,,,,0.5227941848427701,0.5227941848427701,4574.542532707085,4574.542532707085,COAD,MS4A12,1.7489658629653184,0.7010838256406053,,0.2989161743593945,contradicted;verified,donor_id_from_R5b_audit
18523,4,4,18519,0,3,2.1436374876633075,,,,1.596294750859156,1.596294750859156,4574.542532707085,4574.542532707085,COAD,NXPE4,3.739932238522464,0.5731754884709342,,0.4268245115290658,contradicted;verified,donor_id_from_R5b_audit
18523,4,4,18519,0,3,3.4158860647612457,,,,1.2471885486428744,1.2471885486428744,4574.542532707085,4574.542532707085,COAD,OLFM4,4.66307461340412,0.7325394397383647,,0.2674605602616353,contradicted;verified,donor_id_from_R5b_audit
18523,4,4,18519,0,3,0.2295668366593801,,,,0.0188142341545643,0.0188142341545643,4574.542532707085,4574.542532707085,COAD,OTOP2,0.2483810708139445,0.9242525443146286,,0.0757474556853714,contradicted;verified,donor_id_from_R5b_audit
18523,4,4,18519,0,3,2.1746956065684664,,,,0.8838057986439296,0.8838057986439296,4574.542532707085,4574.542532707085,COAD,PI3,3.058501405212396,0.7110330578440411,,0.288966942155959,contradicted;verified,donor_id_from_R5b_audit
18523,4,4,18519,0,3,0.4013507173638063,,,,0.0330951822463185,0.0330951822463185,4574.542532707085,4574.542532707085,COAD,PRPH,0.4344458996101249,0.9238220863034536,,0.0761779136965464,contradicted;verified,donor_id_from_R5b_audit
18523,4,4,18519,0,3,1.1905806342714682,,,,0.2043360143772652,0.2043360143772652,4574.542532707085,4574.542532707085,COAD,RETNLB,1.3949166486487334,0.8535138177788565,,0.1464861822211435,contradicted;verified,donor_id_from_R5b_audit
18523,4,4,18519,0,3,0.6298610009029869,,,,0.1755183100885005,0.1755183100885005,4574.542532707085,4574.542532707085,COAD,SCG2,0.8053793109914874,0.7820675206165612,,0.2179324793834388,contradicted;verified,donor_id_from_R5b_audit
18523,4,4,18519,0,3,0.4540177337798189,,,,0.0521228105991398,0.0521228105991398,4574.542532707085,4574.542532707085,COAD,SCGN,0.5061405443789587,0.8970190964189696,,0.1029809035810305,contradicted;verified,donor_id_from_R5b_audit
18523,4,4,18519,0,3,2.2764741360245937,,,,1.0589894319728828,1.0589894319728828,4574.542532707085,4574.542532707085,COAD,SLC26A3,3.3354635679974765,0.6825060713798556,,0.3174939286201443,contradicted;verified,donor_id_from_R5b_audit
18523,4,4,18519,0,3,0.736672369786347,,,,0.0096759207586861,0.0096759207586861,4574.542532707085,4574.542532707085,COAD,SPIB,0.7463482905450332,0.98703564960051,,0.0129643503994899,contradicted;verified,donor_id_from_R5b_audit
18523,4,4,18519,0,3,0.435588076405751,,,,0.0104688342891522,0.0104688342891522,4574.542532707085,4574.542532707085,COAD,TCL1A,0.4460569106949033,0.9765302721734698,,0.0234697278265302,contradicted;verified,donor_id_from_R5b_audit
18523,4,4,18519,0,3,0.690672167914213,,,,0.103899622356929,0.103899622356929,4574.542532707085,4574.542532707085,COAD,TMIGD1,0.7945717902711421,0.8692382190897137,,0.1307617809102863,contradicted;verified,donor_id_from_R5b_audit
18523,4,4,18519,0,3,3.171693580763842,,,,0.7863627735242944,0.7863627735242944,4574.542532707085,4574.542532707085,COAD,TYMS,3.958056354288136,0.8013260289555116,,0.1986739710444884,contradicted;verified,donor_id_from_R5b_audit
18523,4,4,18519,0,3,1.290945694336706,,,,0.3989291678295817,0.3989291678295817,4574.542532707085,4574.542532707085,COAD,UGT2B17,1.6898748621662878,0.7639297579004249,,0.2360702420995751,contradicted;verified,donor_id_from_R5b_audit
4248,2,2,4246,0,1,0.2282269587286836,,,,1.0305353546179642e-05,1.0305353546179642e-05,2115.1633709981165,2115.1633709981165,HCC,AC092069.1,0.2282372640822298,0.9999548480674808,,4.51519325190772e-05,verified,donor_id_from_R5b_audit
4248,2,2,4246,0,1,0.4630687489123298,,,,0.0026985356778682,0.0026985356778682,2115.1633709981165,2115.1633709981165,HCC,ACTA2,0.465767284590198,0.9942062575729368,,0.0057937424270632,verified,donor_id_from_R5b_audit
4248,2,2,4246,0,1,0.4706451864626325,,,,0.1306871288973852,0.1306871288973852,2115.1633709981165,2115.1633709981165,HCC,AEBP1,0.6013323153600177,0.7826707037702724,,0.2173292962297275,verified,donor_id_from_R5b_audit
4248,2,2,4246,0,1,0.1735625615450154,,,,0.0424095849201428,0.0424095849201428,2115.1633709981165,2115.1633709981165,HCC,ASPM,0.2159721464651583,0.8036340073742582,,0.1963659926257417,verified,donor_id_from_R5b_audit
4248,2,2,4246,0,1,0.1867139911413218,,,,0.027496914088221,0.027496914088221,2115.1633709981165,2115.1633709981165,HCC,BEST1,0.2142109052295429,0.8716362546586687,,0.1283637453413313,verified,donor_id_from_R5b_audit
4248,2,2,4246,0,1,0.1624999436707339,,,,0.0001388821909586,0.0001388821909586,2115.1633709981165,2115.1633709981165,HCC,C11orf96,0.1626388258616926,0.9991460698869236,,0.0008539301130764,verified,donor_id_from_R5b_audit
4248,2,2,4246,0,1,0.1654116148143874,,,,0.0684778214873653,0.0684778214873653,2115.1633709981165,2115.1633709981165,HCC,CAVIN3,0.2338894363017528,0.7072214009741824,,0.2927785990258175,verified,donor_id_from_R5b_audit
4248,2,2,4246,0,1,0.1739745295396648,,,,0.0078001631563752,0.0078001631563752,2115.1633709981165,2115.1633709981165,HCC,CCL21,0.1817746926960401,0.957088838711896,,0.0429111612881038,verified,donor_id_from_R5b_audit
4248,2,2,4246,0,1,0.131970757420638,,,,0.005552413446269,0.005552413446269,2115.1633709981165,2115.1633709981165,HCC,CCN1,0.137523170866907,0.9596256150053246,,0.0403743849946754,verified,donor_id_from_R5b_audit
4248,2,2,4246,0,1,0.2452973501048772,,,,0.0006624507613504,0.0006624507613504,2115.1633709981165,2115.1633709981165,HCC,CXCL10,0.2459598008662277,0.997306670606264,,0.0026933293937361,verified,donor_id_from_R5b_audit
4248,2,2,4246,0,1,0.1484341018851103,,,,0.0219681340136698,0.0219681340136698,2115.1633709981165,2115.1633709981165,HCC,CXCL9,0.1704022358987801,0.8710807173520947,,0.1289192826479052,verified,donor_id_from_R5b_audit
4248,2,2,4246,0,1,0.7135624863575248,,,,0.0010807437055232,0.0010807437055232,2115.1633709981165,2115.1633709981165,HCC,CYP2E1,0.7146432300630481,0.9984877157439414,,0.0015122842560586,verified,donor_id_from_R5b_audit
4248,2,2,4246,0,1,0.1626669911999359,,,,0.0006345891454238,0.0006345891454238,2115.1633709981165,2115.1633709981165,HCC,ELN,0.1633015803453597,0.9961140048731816,,0.0038859951268184,verified,donor_id_from_R5b_audit
4248,2,2,4246,0,1,0.4227030457842096,,,,0.8800550291209297,0.8800550291209297,2115.1633709981165,2115.1633709981165,HCC,ETNPPL,1.3027580749051393,0.3244677994530863,,0.6755322005469137,verified,donor_id_from_R5b_audit
4248,2,2,4246,0,1,0.2122906918555928,,,,0.020297650278198,0.020297650278198,2115.1633709981165,2115.1633709981165,HCC,FBLN2,0.2325883421337909,0.9127314374745304,,0.0872685625254696,verified,donor_id_from_R5b_audit
4248,2,2,4246,0,1,0.1787419703386752,,,,0.0112527588892152,0.0112527588892152,2115.1633709981165,2115.1633709981165,HCC,FBLN5,0.1899947292278904,0.940773310212632,,0.0592266897873681,verified,donor_id_from_R5b_audit
4248,2,2,4246,0,1,0.1591837959265588,,,,0.0122589490793226,0.0122589490793226,2115.1633709981165,2115.1633709981165,HCC,GJA4,0.1714427450058815,0.9284953756491584,,0.0715046243508416,verified,donor_id_from_R5b_audit
4248,2,2,4246,0,1,0.2829635054642701,,,,0.1072989585209366,0.1072989585209366,2115.1633709981165,2115.1633709981165,HCC,HAMP,0.3902624639852067,0.7250594960498075,,0.2749405039501925,verified,donor_id_from_R5b_audit
4248,2,2,4246,0,1,0.195434190446409,,,,-6.531089809979161e-05,0.0,2115.1633709981165,2115.1633709981165,HCC,HBB,0.195434190446409,1.0,,0.0,verified,donor_id_from_R5b_audit
4248,2,2,4246,0,1,0.3173521102789559,,,,0.2576762685352606,0.2576762685352606,2115.1633709981165,2115.1633709981165,HCC,IGFBP5,0.5750283788142165,0.551889475321857,,0.4481105246781431,verified,donor_id_from_R5b_audit
4248,2,2,4246,0,1,0.3079776598534414,,,,-5.897655307474108e-05,0.0,2115.1633709981165,2115.1633709981165,HCC,IGHA1,0.3079776598534414,1.0,,0.0,verified,donor_id_from_R5b_audit
4248,2,2,4246,0,1,0.1965804005096632,,,,0.0189554960376586,0.0189554960376586,2115.1633709981165,2115.1633709981165,HCC,IGHG1,0.2155358965473218,0.9120541109796212,,0.0879458890203788,verified,donor_id_from_R5b_audit
4248,2,2,4246,0,1,0.1707803566283317,,,,0.0176734561633805,0.0176734561633805,2115.1633709981165,2115.1633709981165,HCC,IGHM,0.1884538127917122,0.9062186330880234,,0.0937813669119765,verified,donor_id_from_R5b_audit
4248,2,2,4246,0,1,0.5517727363162078,,,,-0.0002201839940284,0.0,2115.1633709981165,2115.1633709981165,HCC,IGKC,0.5517727363162078,1.0,,0.0,verified,donor_id_from_R5b_audit
4248,2,2,4246,0,1,0.2381941011441386,,,,0.0182596656980994,0.0182596656980994,2115.1633709981165,2115.1633709981165,HCC,IGLC1,0.2564537668422381,0.9287993858583788,,0.0712006141416211,verified,donor_id_from_R5b_audit
4248,2,2,4246,0,1,0.3838722201974409,,,,0.084028659172555,0.084028659172555,2115.1633709981165,2115.1633709981165,HCC,IGLC2,0.4679008793699959,0.8204135472331335,,0.1795864527668664,verified,donor_id_from_R5b_audit
4248,2,2,4246,0,1,0.1865584744579815,,,,0.0057218782535733,0.0057218782535733,2115.1633709981165,2115.1633709981165,HCC,JAG1,0.1922803527115548,0.9702420025089256,,0.0297579974910744,verified,donor_id_from_R5b_audit
4248,2,2,4246,0,1,0.3052352440431222,,,,0.0449351652568515,0.0449351652568515,2115.1633709981165,2115.1633709981165,HCC,LRRC75A,0.3501704092999737,0.8716762922752912,,0.1283237077247088,verified,donor_id_from_R5b_audit
4248,2,2,4246,0,1,0.1681325006876182,,,,0.027762026442927,0.027762026442927,2115.1633709981165,2115.1633709981165,HCC,LTBP2,0.1958945271305452,0.8582807450030177,,0.1417192549969822,verified,donor_id_from_R5b_audit
4248,2,2,4246,0,1,0.1928796708417033,,,,0.0183959416034722,0.0183959416034722,2115.1633709981165,2115.1633709981165,HCC,MCAM,0.2112756124451756,0.9129291762992954,,0.0870708237007046,verified,donor_id_from_R5b_audit
4248,2,2,4246,0,1,0.0878834473538133,,,,0.0006219245582674,0.0006219245582674,2115.1633709981165,2115.1633709981165,HCC,MFAP4,0.0885053719120807,0.9929730303954288,,0.0070269696045713,verified,donor_id_from_R5b_audit
4248,2,2,4246,0,1,0.4207114250844874,,,,1.0116539012507164,1.0116539012507164,2115.1633709981165,2115.1633709981165,HCC,MGP,1.432365326335204,0.2937179624145914,,0.7062820375854085,verified,donor_id_from_R5b_audit
4248,2,2,4246,0,1,0.2004612056888839,,,,0.0159208962155399,0.0159208962155399,2115.1633709981165,2115.1633709981165,HCC,MUSTN1,0.2163821019044239,0.9264223053782322,,0.0735776946217678,verified,donor_id_from_R5b_audit
4248,2,2,4246,0,1,0.4434463233886669,,,,0.040577974389947,0.040577974389947,2115.1633709981165,2115.1633709981165,HCC,MYL9,0.4840242977786139,0.9161654186036196,,0.0838345813963802,verified,donor_id_from_R5b_audit
4248,2,2,4246,0,1,0.1772821924612415,,,,0.0535584372135267,0.0535584372135267,2115.1633709981165,2115.1633709981165,HCC,NDUFA4L2,0.2308406296747683,0.7679852230130142,,0.2320147769869858,verified,donor_id_from_R5b_audit
4248,2,2,4246,0,1,0.1422944780143985,,,,0.0227850385633575,0.0227850385633575,2115.1633709981165,2115.1633709981165,HCC,PDE9A,0.165079516577756,0.8619753738337046,,0.1380246261662954,verified,donor_id_from_R5b_audit
4248,2,2,4246,0,1,0.4260288730612899,,,,1.534474133495058,1.534474133495058,2115.1633709981165,2115.1633709981165,HCC,PDZK1IP1,1.960503006556348,0.2173059014123196,,0.7826940985876804,verified,donor_id_from_R5b_audit
4248,2,2,4246,0,1,0.2101754558271612,,,,0.0010584861503672,0.0010584861503672,2115.1633709981165,2115.1633709981165,HCC,PHKG1,0.2112339419775284,0.9949890337676895,,0.0050109662323104,verified,donor_id_from_R5b_audit
4248,2,2,4246,0,1,0.198134082971152,,,,0.0161330363223909,0.0161330363223909,2115.1633709981165,2115.1633709981165,HCC,PPP1R14A,0.2142671192935429,0.9247059633994104,,0.0752940366005895,verified,donor_id_from_R5b_audit
4248,2,2,4246,0,1,0.1821526728434809,,,,0.0649381144388315,0.0649381144388315,2115.1633709981165,2115.1633709981165,HCC,PRELP,0.2470907872823124,0.7371892527719506,,0.2628107472280494,verified,donor_id_from_R5b_audit
4248,2,2,4246,0,1,0.4188154428390622,,,,0.9422996288184926,0.9422996288184926,2115.1633709981165,2115.1633709981165,HCC,PTGDS,1.3611150716575549,0.3077002463348174,,0.6922997536651826,verified,donor_id_from_R5b_audit
4248,2,2,4246,0,1,0.169308148515717,,,,0.0219934376685766,0.0219934376685766,2115.1633709981165,2115.1633709981165,HCC,RBP7,0.1913015861842936,0.8850326434440072,,0.1149673565559927,verified,donor_id_from_R5b_audit
4248,2,2,4246,0,1,0.1778802031324033,,,,0.0898457602074305,0.0898457602074305,2115.1633709981165,2115.1633709981165,HCC,RND1,0.2677259633398338,0.6644114784885985,,0.3355885215114014,verified,donor_id_from_R5b_audit
4248,2,2,4246,0,1,0.2736299275372566,,,,0.217050523783494,0.217050523783494,2115.1633709981165,2115.1633709981165,HCC,S100A4,0.4906804513207506,0.5576540226959006,,0.4423459773040994,verified,donor_id_from_R5b_audit
4248,2,2,4246,0,1,0.324519951283315,,,,0.0207148605154305,0.0207148605154305,2115.1633709981165,2115.1633709981165,HCC,SPARCL1,0.3452348117987455,0.9399977643983763,,0.0600022356016237,verified,donor_id_from_R5b_audit
4248,2,2,4246,0,1,0.5099982091293266,,,,0.0408797883602771,0.0408797883602771,2115.1633709981165,2115.1633709981165,HCC,TAGLN,0.5508779974896038,0.9257915753641102,,0.0742084246358897,verified,donor_id_from_R5b_audit
4248,2,2,4246,0,1,0.1764017311718341,,,,0.0897286518450918,0.0897286518450918,2115.1633709981165,2115.1633709981165,HCC,TCEAL9,0.2661303830169259,0.6628395043515755,,0.3371604956484247,verified,donor_id_from_R5b_audit
4248,2,2,4246,0,1,0.2868313066075993,,,,0.0379951228918576,0.0379951228918576,2115.1633709981165,2115.1633709981165,HCC,TPM2,0.324826429499457,0.8830294599167732,,0.1169705400832267,verified,donor_id_from_R5b_audit
4248,2,2,4246,0,1,0.1573049332756115,,,,0.0158164531608052,0.0158164531608052,2115.1633709981165,2115.1633709981165,HCC,TRBC2,0.1731213864364168,0.9086395188579764,,0.0913604811420236,verified,donor_id_from_R5b_audit
4248,2,2,4246,0,1,0.1642587699960489,,,,0.0320844788588789,0.0320844788588789,2115.1633709981165,2115.1633709981165,HCC,TSPAN13,0.1963432488549279,0.8365898545226518,,0.1634101454773482,verified,donor_id_from_R5b_audit
44974,4,3,44970,1,2,2.2754399687174898,0.7634788672741064,0.7634788672741064,16090.594448205822,0.0832168757564118,0.0832168757564118,5528.197350540217,6968.064770756437,IDC,ABCC11,3.122135711748008,0.7288087959006516,0.2445373736962424,0.0266538304031059,contradicted;unverifiable,donor_id_from_R5b_audit
44974,4,3,44970,1,2,1.121082481400088,0.0012015457987494,0.0012015457987494,16090.594448205822,0.7851894572019905,0.7851894572019905,5528.197350540217,6968.064770756437,IDC,ADH1B,1.907473484400828,0.5877316201604974,0.0006299148106516,0.4116384650288509,contradicted;unverifiable,donor_id_from_R5b_audit
44974,4,3,44970,1,2,0.5256032182241677,0.0592496764015803,0.0592496764015803,16090.594448205822,0.0637615457126839,0.0637615457126839,5528.197350540217,6968.064770756437,IDC,ADIPOQ,0.648614440338432,0.8103476973931079,0.0913480686163342,0.0983042339905579,contradicted;unverifiable,donor_id_from_R5b_audit
44974,4,3,44970,1,2,2.325070671288995,5.563113736055632,5.563113736055632,16090.594448205822,-1.397399506252541,0.0,5528.197350540217,6968.064770756437,IDC,ANKRD30A,7.888184407344626,0.294753589827862,0.7052464101721381,0.0,contradicted;unverifiable,donor_id_from_R5b_audit
44974,4,3,44970,1,2,2.0785165898242464,0.4271923368486157,0.4271923368486157,16090.594448205822,0.3761629115454603,0.3761629115454603,5528.197350540217,6968.064770756437,IDC,AQP1,2.8818718382183226,0.7212383848093885,0.1482343285302796,0.1305272866603317,contradicted;unverifiable,donor_id_from_R5b_audit
44974,4,3,44970,1,2,1.6042474808484506,2.132359266265387,2.132359266265387,16090.594448205822,-1.667717737425595,0.0,5528.197350540217,6968.064770756437,IDC,AQP3,3.7366067471138376,0.4293327046223353,0.5706672953776647,0.0,contradicted;unverifiable,donor_id_from_R5b_audit
44974,4,3,44970,1,2,0.4759290836121828,0.0397105309183905,0.0397105309183905,16090.594448205822,0.3873169150652942,0.3873169150652942,5528.197350540217,6968.064770756437,IDC,CCR7,0.9029565295958676,0.5270786222955743,0.0439783418324286,0.4289430358719971,contradicted;unverifiable,donor_id_from_R5b_audit
44974,4,3,44970,1,2,1.379023335068691,0.2269352946184288,0.2269352946184288,16090.594448205822,1.023394553591029,1.023394553591029,5528.197350540217,6968.064770756437,IDC,CD3E,2.6293531832781483,0.5244724610747774,0.0863084107763328,0.3892191281488898,contradicted;unverifiable,donor_id_from_R5b_audit
44974,4,3,44970,1,2,1.442891438937013,0.2442671810510441,0.2442671810510441,16090.594448205822,1.993600785673154,1.993600785673154,5528.197350540217,6968.064770756437,IDC,CEACAM6,3.6807594056612114,0.3920091698245113,0.0663632566353964,0.5416275735400922,contradicted;unverifiable,donor_id_from_R5b_audit
44974,4,3,44970,1,2,0.1848666909722235,0.0014985592203197,0.0014985592203197,16090.594448205822,0.192476775745518,0.192476775745518,5528.197350540217,6968.064770756437,IDC,CEACAM8,0.3788420259380612,0.4879783084109266,0.0039556308902347,0.5080660606988386,contradicted;unverifiable,donor_id_from_R5b_audit
44974,4,3,44970,1,2,3.9233559205887225,0.6223254081783323,0.6223254081783323,16090.594448205822,2.014193681567941,2.014193681567941,5528.197350540217,6968.064770756437,IDC,CLIC6,6.559875010334995,0.5980839443445992,0.0948684856339285,0.3070475700214723,contradicted;unverifiable,donor_id_from_R5b_audit
44974,4,3,44970,1,2,0.972624891336488,0.0055542658574182,0.0055542658574182,16090.594448205822,0.6428426543762795,0.6428426543762795,5528.197350540217,6968.064770756437,IDC,CYTIP,1.621021811570186,0.6000072820700452,0.0034263979779754,0.3965663199519793,contradicted;unverifiable,donor_id_from_R5b_audit
44974,4,3,44970,1,2,2.488304357385726,0.0291803325907097,0.0291803325907097,16090.594448205822,0.4319731241615063,0.4319731241615063,5528.197350540217,6968.064770756437,IDC,DST,2.9494578141379426,0.8436480581136908,0.0098934565026957,0.1464584853836134,contradicted;unverifiable,donor_id_from_R5b_audit
44974,4,3,44970,1,2,3.7547033500305824,0.0005559388997321,0.0005559388997321,16090.594448205822,2.48630870499829,2.48630870499829,5528.197350540217,6968.064770756437,IDC,ERBB2,6.241567993928605,0.6015641187731858,8.907039068915224e-05,0.398346810836125,contradicted;unverifiable,donor_id_from_R5b_audit
44974,4,3,44970,1,2,2.981131044860202,0.0938170227027528,0.0938170227027528,16090.594448205822,0.4109217809894688,0.4109217809894688,5528.197350540217,6968.064770756437,IDC,ESR1,3.485869848552424,0.8552043462260003,0.0269135185129508,0.1178821352610488,contradicted;unverifiable,donor_id_from_R5b_audit
44974,4,3,44970,1,2,3.3528630689334658,0.3200042951708307,0.3200042951708307,16090.594448205822,0.3266745661513366,0.3266745661513366,5528.197350540217,6968.064770756437,IDC,FASN,3.999541930255633,0.838311768547746,0.0800102363598367,0.0816779950924172,contradicted;unverifiable,donor_id_from_R5b_audit
44974,4,3,44970,1,2,5.030953213949436,0.0891668222806789,0.0891668222806789,16090.594448205822,1.0123855343107158,1.0123855343107158,5528.197350540217,6968.064770756437,IDC,GATA3,6.132505570540831,0.8203748298439381,0.0145400311919839,0.165085138964078,contradicted;unverifiable,donor_id_from_R5b_audit
44974,4,3,44970,1,2,1.0733949506252651,0.0343176907995818,0.0343176907995818,16090.594448205822,0.812678854566921,0.812678854566921,5528.197350540217,6968.064770756437,IDC,IL2RG,1.920391495991768,0.5589458987220314,0.0178701534927693,0.4231839477851992,contradicted;unverifiable,donor_id_from_R5b_audit
44974,4,3,44970,1,2,1.2464549266402956,0.0352797665308092,0.0352797665308092,16090.594448205822,1.4596952607592528,1.4596952607592528,5528.197350540217,6968.064770756437,IDC,IL7R,2.741429953930358,0.4546732718278163,0.0128691110565232,0.5324576171156603,contradicted;unverifiable,donor_id_from_R5b_audit
44974,4,3,44970,1,2,1.1090021343309442,0.0014762996069638,0.0014762996069638,16090.594448205822,0.0389533691029983,0.0389533691029983,5528.197350540217,6968.064770756437,IDC,KIT,1.1494318030409063,0.9648263876090756,0.001284373377401,0.0338892390135233,contradicted;unverifiable,donor_id_from_R5b_audit
44974,4,3,44970,1,2,1.0577542309946044,0.2800051577918186,0.2800051577918186,16090.594448205822,0.4427704096871535,0.4427704096871535,5528.197350540217,6968.064770756437,IDC,KLF5,1.7805297984735766,0.5940671320982116,0.1572594617803437,0.2486734061214445,contradicted;unverifiable,donor_id_from_R5b_audit
44974,4,3,44970,1,2,1.2652297213438684,0.0010718435442899,0.0010718435442899,16090.594448205822,0.3018725057883407,0.3018725057883407,5528.197350540217,6968.064770756437,IDC,KRT14,1.568174070676499,0.8068171416697748,0.0006834978108186,0.1924993605194065,contradicted;unverifiable,donor_id_from_R5b_audit
44974,4,3,44970,1,2,0.8870419024705423,0.0543404294031026,0.0543404294031026,16090.594448205822,0.4969873339942269,0.4969873339942269,5528.197350540217,6968.064770756437,IDC,KRT5,1.438369665867872,0.6166995338679685,0.0377791820090387,0.3455212841229926,contradicted;unverifiable,donor_id_from_R5b_audit
44974,4,3,44970,1,2,0.6355890443774883,0.0140135945790029,0.0140135945790029,16090.594448205822,0.3964248788108337,0.3964248788108337,5528.197350540217,6968.064770756437,IDC,KRT6B,1.046027517767325,0.6076217246503325,0.0133969655109207,0.3789813098387467,contradicted;unverifiable,donor_id_from_R5b_audit
44974,4,3,44970,1,2,0.961225944975611,0.0296139330155103,0.0296139330155103,16090.594448205822,-0.0174667610836666,0.0,5528.197350540217,6968.064770756437,IDC,MMP1,0.9908398779911214,0.9701122919320212,0.0298877080679788,0.0,contradicted;unverifiable,donor_id_from_R5b_audit
44974,4,3,44970,1,2,0.3723138091034167,0.0054528591130371,0.0054528591130371,16090.594448205822,0.0366339832300249,0.0366339832300249,5528.197350540217,6968.064770756437,IDC,MMP12,0.4144006514464788,0.8984392466658616,0.0131584231202431,0.0884023302138952,contradicted;unverifiable,donor_id_from_R5b_audit
44974,4,3,44970,1,2,0.6946915341417894,0.2199785296159341,0.2199785296159341,16090.594448205822,0.0420183355852411,0.0420183355852411,5528.197350540217,6968.064770756437,IDC,MS4A1,0.9566883993429648,0.7261419022315837,0.2299374903751432,0.043920607393273,contradicted;unverifiable,donor_id_from_R5b_audit
44974,4,3,44970,1,2,0.5234389158557433,0.0175142729315587,0.0175142729315587,16090.594448205822,0.2117934585282944,0.2117934585282944,5528.197350540217,6968.064770756437,IDC,MUC6,0.7527466473155964,0.6953719657502326,0.0232671550169199,0.2813608792328475,contradicted;unverifiable,donor_id_from_R5b_audit
44974,4,3,44970,1,2,2.175335914962963,4.872156067888229,4.872156067888229,16090.594448205822,-3.6906925684407783,0.0,5528.197350540217,6968.064770756437,IDC,MYBPC1,7.0474919828511915,0.308668093593615,0.691331906406385,0.0,contradicted;unverifiable,donor_id_from_R5b_audit
44974,4,3,44970,1,2,1.3679340546539946,0.1016369064833679,0.1016369064833679,16090.594448205822,0.0805041467107562,0.0805041467107562,5528.197350540217,6968.064770756437,IDC,MYH11,1.550075107848119,0.8824953369859733,0.0655690204744108,0.0519356425396157,contradicted;unverifiable,donor_id_from_R5b_audit
44974,4,3,44970,1,2,2.393876154484468,0.2049905987998282,0.2049905987998282,16090.594448205822,-0.0144552968953991,0.0,5528.197350540217,6968.064770756437,IDC,MYLK,2.5988667532842964,0.9211230823816676,0.0788769176183323,0.0,contradicted;unverifiable,donor_id_from_R5b_audit
44974,4,3,44970,1,2,0.241475907959464,0.0082658009248572,0.0082658009248572,16090.594448205822,0.0710095261997655,0.0710095261997655,5528.197350540217,6968.064770756437,IDC,OPRPN,0.3207512350840868,0.7528448266026464,0.0257701296853629,0.2213850437119905,contradicted;unverifiable,donor_id_from_R5b_audit
44974,4,3,44970,1,2,0.5588639622164245,0.0924386103374017,0.0924386103374017,16090.594448205822,0.026396015549611,0.026396015549611,5528.197350540217,6968.064770756437,IDC,OXTR,0.6776985881034373,0.8246497366630562,0.1364007716116015,0.0389494917253423,contradicted;unverifiable,donor_id_from_R5b_audit
44974,4,3,44970,1,2,0.3806324927507876,0.0489319564739061,0.0489319564739061,16090.594448205822,0.0095645955617454,0.0095645955617454,5528.197350540217,6968.064770756437,IDC,PIGR,0.4391290447864392,0.8667896083619333,0.1114295605240668,0.0217808311139998,contradicted;unverifiable,donor_id_from_R5b_audit
44974,4,3,44970,1,2,1.5024346552501011,0.1602200958363776,0.1602200958363776,16090.594448205822,1.0096634363318244,1.0096634363318244,5528.197350540217,6968.064770756437,IDC,PTGDS,2.6723181874183033,0.5622214683579977,0.059955471092746,0.3778230605492563,contradicted;unverifiable,donor_id_from_R5b_audit
44974,4,3,44970,1,2,1.2872575417597123,0.0063977126812653,0.0063977126812653,16090.594448205822,0.3400456627044748,0.3400456627044748,5528.197350540217,6968.064770756437,IDC,PTN,1.6337009171454526,0.7879395354744143,0.003916085627499,0.2081443788980867,contradicted;unverifiable,donor_id_from_R5b_audit
44974,4,3,44970,1,2,2.110268401691572,0.0312481642506899,0.0312481642506899,16090.594448205822,0.4233933570799643,0.4233933570799643,5528.197350540217,6968.064770756437,IDC,PTPRC,2.5649099230222263,0.8227456187642834,0.012182948013188,0.1650714332225285,contradicted;unverifiable,donor_id_from_R5b_audit
44974,4,3,44970,1,2,3.424776780829521,0.3142522488093477,0.3142522488093477,16090.594448205822,0.8154246003994015,0.8154246003994015,5528.197350540217,6968.064770756437,IDC,SCD,4.55445363003827,0.7519621581482088,0.0689988908300087,0.1790389510217825,contradicted;unverifiable,donor_id_from_R5b_audit
44974,4,3,44970,1,2,1.3252271229687833,0.3859998827761428,0.3859998827761428,16090.594448205822,-0.1268554011630938,0.0,5528.197350540217,6968.064770756437,IDC,SCGB2A1,1.711227005744926,0.7744309308582291,0.2255690691417709,0.0,contradicted;unverifiable,donor_id_from_R5b_audit
44974,4,3,44970,1,2,1.577927245601084,0.0838813728016534,0.0838813728016534,16090.594448205822,1.2198096177840652,1.2198096177840652,5528.197350540217,6968.064770756437,IDC,SERHL2,2.8816182361868026,0.5475837242372289,0.0291091206143435,0.4233071551484276,contradicted;unverifiable,donor_id_from_R5b_audit
44974,4,3,44970,1,2,3.742198109914885,2.4041371716131685,2.4041371716131685,16090.594448205822,-1.3750303790496483,0.0,5528.197350540217,6968.064770756437,IDC,SERPINA3,6.146335281528053,0.6088503048575198,0.3911496951424802,0.0,contradicted;unverifiable,donor_id_from_R5b_audit
44974,4,3,44970,1,2,1.1401216516864765,0.3865837889575645,0.3865837889575645,16090.594448205822,1.7283909604765817,1.7283909604765817,5528.197350540217,6968.064770756437,IDC,SFRP1,3.2550964011206225,0.3502574152009661,0.1187626236889563,0.5309799611100775,contradicted;unverifiable,donor_id_from_R5b_audit
44974,4,3,44970,1,2,1.0383379082124182,0.0324693297128294,0.0324693297128294,16090.594448205822,0.6044858113564202,0.6044858113564202,5528.197350540217,6968.064770756437,IDC,SLAMF7,1.6752930492816678,0.6197947927126163,0.0193812836069197,0.3608239236804639,contradicted;unverifiable,donor_id_from_R5b_audit
44974,4,3,44970,1,2,4.52731316345205,0.0190884280484322,0.0190884280484322,16090.594448205822,0.4043246517160091,0.4043246517160091,5528.197350540217,6968.064770756437,IDC,TACSTD2,4.950726243216491,0.9144745520226242,0.0038556824010592,0.0816697655763165,contradicted;unverifiable,donor_id_from_R5b_audit
44974,4,3,44970,1,2,0.2154084049826443,0.0047285918333255,0.0047285918333255,16090.594448205822,0.1093165461245276,0.1093165461245276,5528.197350540217,6968.064770756437,IDC,TCL1A,0.3294535429404975,0.65383544842178,0.0143528334560348,0.3318117181221853,contradicted;unverifiable,donor_id_from_R5b_audit
44974,4,3,44970,1,2,0.9715457614737366,0.8040831519123209,0.8040831519123209,16090.594448205822,1.1421206771395935,1.1421206771395935,5528.197350540217,6968.064770756437,IDC,TENT5C,2.917749590525651,0.332977773222378,0.2755833312506644,0.3914388955269575,contradicted;unverifiable,donor_id_from_R5b_audit
44974,4,3,44970,1,2,2.8349714238460635,0.2478811112200142,0.2478811112200142,16090.594448205822,-0.0326356123898985,0.0,5528.197350540217,6968.064770756437,IDC,TOP2A,3.0828525350660776,0.9195935879512638,0.0804064120487362,0.0,contradicted;unverifiable,donor_id_from_R5b_audit
44974,4,3,44970,1,2,1.2876529446758571,0.12274762944689,0.12274762944689,16090.594448205822,0.022779252681723,0.022779252681723,5528.197350540217,6968.064770756437,IDC,TPSAB1,1.4331798268044702,0.8984587422967771,0.0856470536014853,0.0158942041017374,contradicted;unverifiable,donor_id_from_R5b_audit
44974,4,3,44970,1,2,1.582991725915118,0.9899469572478712,0.9899469572478712,16090.594448205822,0.3895348335822726,0.3895348335822726,5528.197350540217,6968.064770756437,IDC,TRAC,2.962473516745262,0.5343479754223358,0.3341622977056962,0.1314897268719679,contradicted;unverifiable,donor_id_from_R5b_audit
44974,4,3,44970,1,2,1.867366626768576,0.1558908365027817,0.1558908365027817,16090.594448205822,0.318005919831535,0.318005919831535,5528.197350540217,6968.064770756437,IDC,VWF,2.341263383102893,0.7975893016759787,0.0665840663753851,0.135826631948636,contradicted;unverifiable,donor_id_from_R5b_audit
7505,2,2,7503,0,1,1.5826654775033415,,,,0.5759323414117637,0.5759323414117637,3644.1972018654233,3644.1972018654233,LUNG,ACE2,2.1585978189151054,0.7331914558770272,,0.2668085441229728,unverifiable,donor_id_from_R5b_audit
7505,2,2,7503,0,1,1.545799080407933,,,,0.183303195052779,0.183303195052779,3644.1972018654233,3644.1972018654233,LUNG,ALDH1A3,1.7291022754607115,0.8939893853277483,,0.1060106146722516,unverifiable,donor_id_from_R5b_audit
7505,2,2,7503,0,1,0.3753842891794754,,,,0.1229947614077289,0.1229947614077289,3644.1972018654233,3644.1972018654233,LUNG,BBOX1,0.4983790505872044,0.7532104103035371,,0.2467895896964629,unverifiable,donor_id_from_R5b_audit
7505,2,2,7503,0,1,3.7705711103307102,,,,0.9144048094243828,0.9144048094243828,3644.1972018654233,3644.1972018654233,LUNG,CAPN8,4.684975919755093,0.8048218763369475,,0.1951781236630525,unverifiable,donor_id_from_R5b_audit
7505,2,2,7503,0,1,0.6838988180082923,,,,0.0391982516781521,0.0391982516781521,3644.1972018654233,3644.1972018654233,LUNG,CCL19,0.7230970696864445,0.9457911623191204,,0.0542088376808796,unverifiable,donor_id_from_R5b_audit
7505,2,2,7503,0,1,0.7668338258986647,,,,0.0001960699829792,0.0001960699829792,3644.1972018654233,3644.1972018654233,LUNG,CCR7,0.7670298958816439,0.99974437765199,,0.0002556223480102,unverifiable,donor_id_from_R5b_audit
7505,2,2,7503,0,1,2.668469384991347,,,,0.4618577508362657,0.4618577508362657,3644.1972018654233,3644.1972018654233,LUNG,CD163,3.130327135827613,0.8524570337872507,,0.1475429662127493,unverifiable,donor_id_from_R5b_audit
7505,2,2,7503,0,1,0.5198429395745588,,,,0.0133064679790571,0.0133064679790571,3644.1972018654233,3644.1972018654233,LUNG,CD19,0.533149407553616,0.975041765421602,,0.024958234578398,unverifiable,donor_id_from_R5b_audit
7505,2,2,7503,0,1,0.4018552210797193,,,,0.0057373869632179,0.0057373869632179,3644.1972018654233,3644.1972018654233,LUNG,CD1A,0.4075926080429373,0.985923721750583,,0.014076278249417,unverifiable,donor_id_from_R5b_audit
7505,2,2,7503,0,1,2.4949191946539404,,,,0.2790379177581853,0.2790379177581853,3644.1972018654233,3644.1972018654233,LUNG,CD2,2.7739571124121256,0.8994079913818334,,0.1005920086181667,unverifiable,donor_id_from_R5b_audit
7505,2,2,7503,0,1,1.4390477439335354,,,,0.7206980641154053,0.7206980641154053,3644.1972018654233,3644.1972018654233,LUNG,CD274,2.1597458080489407,0.6663042190291525,,0.3336957809708474,unverifiable,donor_id_from_R5b_audit
7505,2,2,7503,0,1,0.7718285502134642,,,,-0.0001661542204129,0.0,3644.1972018654233,3644.1972018654233,LUNG,CD79A,0.7718285502134642,1.0,,0.0,unverifiable,donor_id_from_R5b_audit
7505,2,2,7503,0,1,1.8814057807410076,,,,0.0713973188657178,0.0713973188657178,3644.1972018654233,3644.1972018654233,LUNG,CDK1,1.9528030996067256,0.9634385469379394,,0.0365614530620606,unverifiable,donor_id_from_R5b_audit
7505,2,2,7503,0,1,0.7273911456436386,,,,-0.0001991045979231,0.0,3644.1972018654233,3644.1972018654233,LUNG,CNN1,0.7273911456436386,1.0,,0.0,unverifiable,donor_id_from_R5b_audit
7505,2,2,7503,0,1,2.994179933400446,,,,0.3020974609162855,0.3020974609162855,3644.1972018654233,3644.1972018654233,LUNG,COL5A2,3.296277394316732,0.9083519301387843,,0.0916480698612155,unverifiable,donor_id_from_R5b_audit
7505,2,2,7503,0,1,0.2718020203253017,,,,0.0400259538777076,0.0400259538777076,3644.1972018654233,3644.1972018654233,LUNG,CTSG,0.3118279742030094,0.8716409136158851,,0.1283590863841149,unverifiable,donor_id_from_R5b_audit
7505,2,2,7503,0,1,2.4776586873282818,,,,0.064198861327426,0.064198861327426,3644.1972018654233,3644.1972018654233,LUNG,CTSK,2.541857548655708,0.9747433284129638,,0.0252566715870361,unverifiable,donor_id_from_R5b_audit
7505,2,2,7503,0,1,1.2249365610700975,,,,0.0312392765483477,0.0312392765483477,3644.1972018654233,3644.1972018654233,LUNG,CXCL10,1.256175837618445,0.9751314460819644,,0.0248685539180354,unverifiable,donor_id_from_R5b_audit
7505,2,2,7503,0,1,1.7166021580078077,,,,0.0805867423595462,0.0805867423595462,3644.1972018654233,3644.1972018654233,LUNG,CXCL9,1.797188900367354,0.9551595592744456,,0.0448404407255542,unverifiable,donor_id_from_R5b_audit
7505,2,2,7503,0,1,1.9525266690123788,,,,0.2195164687585157,0.2195164687585157,3644.1972018654233,3644.1972018654233,LUNG,CXCR4,2.172043137770894,0.8989354930658517,,0.1010645069341482,unverifiable,donor_id_from_R5b_audit
7505,2,2,7503,0,1,0.6857705683993434,,,,0.0023136427933156,0.0023136427933156,3644.1972018654233,3644.1972018654233,LUNG,CYP2A7,0.688084211192659,0.9966375586655224,,0.0033624413344776,unverifiable,donor_id_from_R5b_audit
7505,2,2,7503,0,1,2.2955404451779873,,,,2.0497778178489465,2.0497778178489465,3644.1972018654233,3644.1972018654233,LUNG,DMBT1,4.345318263026934,0.5282790134637736,,0.4717209865362262,unverifiable,donor_id_from_R5b_audit
7505,2,2,7503,0,1,0.648414192327999,,,,0.0131130476307305,0.0131130476307305,3644.1972018654233,3644.1972018654233,LUNG,DNAAF1,0.6615272399587295,0.980177615011668,,0.0198223849883318,unverifiable,donor_id_from_R5b_audit
7505,2,2,7503,0,1,0.6189797796704674,,,,0.0149246894720827,0.0149246894720827,3644.1972018654233,3644.1972018654233,LUNG,FCER1A,0.63390446914255,0.9764559327176372,,0.0235440672823628,unverifiable,donor_id_from_R5b_audit
7505,2,2,7503,0,1,1.1632771609618322,,,,0.3871902200079732,0.3871902200079732,3644.1972018654233,3644.1972018654233,LUNG,FGFBP1,1.5504673809698053,0.7502751591163507,,0.2497248408836493,unverifiable,donor_id_from_R5b_audit
7505,2,2,7503,0,1,4.002313297835642,,,,0.0260232715036849,0.0260232715036849,3644.1972018654233,3644.1972018654233,LUNG,GPRC5A,4.028336569339327,0.9935399460656404,,0.0064600539343595,unverifiable,donor_id_from_R5b_audit
7505,2,2,7503,0,1,2.2641113272847595,,,,0.1221086959660733,0.1221086959660733,3644.1972018654233,3644.1972018654233,LUNG,INMT,2.386220023250833,0.9488275620955856,,0.0511724379044143,unverifiable,donor_id_from_R5b_audit
7505,2,2,7503,0,1,1.6612978324892569,,,,0.407847903496755,0.407847903496755,3644.1972018654233,3644.1972018654233,LUNG,LIF,2.069145735986012,0.8028906826602028,,0.1971093173397971,unverifiable,donor_id_from_R5b_audit
7505,2,2,7503,0,1,4.259988227151618,,,,0.6807032828071606,0.6807032828071606,3644.1972018654233,3644.1972018654233,LUNG,MALL,4.9406915099587785,0.8622250991718284,,0.1377749008281717,unverifiable,donor_id_from_R5b_audit
7505,2,2,7503,0,1,1.93059977756858,,,,0.2087377739363531,0.2087377739363531,3644.1972018654233,3644.1972018654233,LUNG,MARCO,2.139337551504933,0.902428780446772,,0.097571219553228,unverifiable,donor_id_from_R5b_audit
7505,2,2,7503,0,1,1.1619605990321125,,,,0.004742123683206,0.004742123683206,3644.1972018654233,3644.1972018654233,LUNG,MCEMP1,1.1667027227153186,0.9959354481729762,,0.0040645518270236,unverifiable,donor_id_from_R5b_audit
7505,2,2,7503,0,1,1.2108279693684747,,,,0.1867357741361575,0.1867357741361575,3644.1972018654233,3644.1972018654233,LUNG,MEDAG,1.3975637435046322,0.8663847892419666,,0.1336152107580334,unverifiable,donor_id_from_R5b_audit
7505,2,2,7503,0,1,4.802825127894677,,,,0.2989278432875646,0.2989278432875646,3644.1972018654233,3644.1972018654233,LUNG,MET,5.101752971182242,0.9414068370271772,,0.0585931629728229,unverifiable,donor_id_from_R5b_audit
7505,2,2,7503,0,1,2.6455596100859005,,,,0.4443448845577174,0.4443448845577174,3644.1972018654233,3644.1972018654233,LUNG,MKI67,3.089904494643618,0.8561946217664675,,0.1438053782335324,unverifiable,donor_id_from_R5b_audit
7505,2,2,7503,0,1,1.0458216209749795,,,,0.0742947108489449,0.0742947108489449,3644.1972018654233,3644.1972018654233,LUNG,MS4A1,1.1201163318239244,0.9336723260449492,,0.066327673955051,unverifiable,donor_id_from_R5b_audit
7505,2,2,7503,0,1,0.9206686552798417,,,,0.0027221561207146,0.0027221561207146,3644.1972018654233,3644.1972018654233,LUNG,MZB1,0.9233908114005562,0.997051999990572,,0.002948000009428,unverifiable,donor_id_from_R5b_audit
7505,2,2,7503,0,1,0.9615360514783,,,,0.0013333403352483,0.0013333403352483,3644.1972018654233,3644.1972018654233,LUNG,OGN,0.9628693918135482,0.9986152427872518,,0.0013847572127483,unverifiable,donor_id_from_R5b_audit
7505,2,2,7503,0,1,1.2111333108798197,,,,0.4133843640928445,0.4133843640928445,3644.1972018654233,3644.1972018654233,LUNG,PCSK2,1.624517674972664,0.7455340926962826,,0.2544659073037175,unverifiable,donor_id_from_R5b_audit
7505,2,2,7503,0,1,3.462490612613918,,,,0.0951442609627287,0.0951442609627287,3644.1972018654233,3644.1972018654233,LUNG,PECAM1,3.5576348735766468,0.9732563165294488,,0.0267436834705513,unverifiable,donor_id_from_R5b_audit
7505,2,2,7503,0,1,2.4445980567622354,,,,0.5167087659001806,0.5167087659001806,3644.1972018654233,3644.1972018654233,LUNG,PLA2G7,2.961306822662416,0.8255132626089638,,0.1744867373910361,unverifiable,donor_id_from_R5b_audit
7505,2,2,7503,0,1,2.467288025836492,,,,0.0291489911191623,0.0291489911191623,3644.1972018654233,3644.1972018654233,LUNG,PTPRC,2.4964370169556545,0.9883237626580664,,0.0116762373419333,unverifiable,donor_id_from_R5b_audit
7505,2,2,7503,0,1,0.3129377149311103,,,,0.0828127537434768,0.0828127537434768,3644.1972018654233,3644.1972018654233,LUNG,SERPINB2,0.3957504686745871,0.7907450267315511,,0.2092549732684488,unverifiable,donor_id_from_R5b_audit
7505,2,2,7503,0,1,0.8423940966032907,,,,0.201809679803941,0.201809679803941,3644.1972018654233,3644.1972018654233,LUNG,SNCG,1.0442037764072316,0.8067334323398992,,0.1932665676601008,unverifiable,donor_id_from_R5b_audit
7505,2,2,7503,0,1,1.1562320812819429,,,,0.0036509158245478,0.0036509158245478,3644.1972018654233,3644.1972018654233,LUNG,SNTN,1.1598829971064908,0.9968523412847196,,0.0031476587152804,unverifiable,donor_id_from_R5b_audit
7505,2,2,7503,0,1,0.6598879714272003,,,,1.091873061979112e-05,1.091873061979112e-05,3644.1972018654233,3644.1972018654233,LUNG,SOX2,0.6598988901578201,0.9999834539339548,,1.6546066045329793e-05,unverifiable,donor_id_from_R5b_audit
7505,2,2,7503,0,1,0.5503571839270924,,,,0.009892836385413,0.009892836385413,3644.1972018654233,3644.1972018654233,LUNG,SPIB,0.5602500203125055,0.9823421043699474,,0.0176578956300525,unverifiable,donor_id_from_R5b_audit
7505,2,2,7503,0,1,0.7983154589184382,,,,0.0465055830292,0.0465055830292,3644.1972018654233,3644.1972018654233,LUNG,SRPX,0.8448210419476383,0.9449521487746247,,0.0550478512253751,unverifiable,donor_id_from_R5b_audit
7505,2,2,7503,0,1,0.3832696813746704,,,,0.0535611077870146,0.0535611077870146,3644.1972018654233,3644.1972018654233,LUNG,TCL1A,0.436830789161685,0.8773870589804283,,0.1226129410195716,unverifiable,donor_id_from_R5b_audit
7505,2,2,7503,0,1,2.6758733863051543,,,,0.3291116271732329,0.3291116271732329,3644.1972018654233,3644.1972018654233,LUNG,TOP2A,3.0049850134783873,0.8904781136354908,,0.1095218863645091,unverifiable,donor_id_from_R5b_audit
7505,2,2,7503,0,1,2.654502773405913,,,,0.4918691856434379,0.4918691856434379,3644.1972018654233,3644.1972018654233,LUNG,UBE2C,3.1463719590493504,0.8436709988376416,,0.1563290011623584,unverifiable,donor_id_from_R5b_audit
19964,4,4,19960,0,3,0.4370325691662405,,,,0.8144288868456474,0.8144288868456474,4990.99979963935,4990.99979963935,LYMPH_IDC,AAMDC,1.251461456011888,0.3492177622145552,,0.6507822377854448,verified,donor_id_from_R5b_audit
19964,4,4,19960,0,3,0.3007199870786427,,,,0.2406289206658879,0.2406289206658879,4990.99979963935,4990.99979963935,LYMPH_IDC,AKR1E2,0.5413489077445306,0.5555012354814916,,0.4444987645185085,verified,donor_id_from_R5b_audit
19964,4,4,19960,0,3,0.3657261646239962,,,,0.1223433024454911,0.1223433024454911,4990.99979963935,4990.99979963935,LYMPH_IDC,ANKS1B,0.4880694670694874,0.7493321940827885,,0.2506678059172115,verified,donor_id_from_R5b_audit
19964,4,4,19960,0,3,0.3368609031381039,,,,0.2945609106019267,0.2945609106019267,4990.99979963935,4990.99979963935,LYMPH_IDC,ANO8,0.6314218137400307,0.5334958276826282,,0.4665041723173718,verified,donor_id_from_R5b_audit
19964,4,4,19960,0,3,0.2071373476098521,,,,0.1888567359594601,0.1888567359594601,4990.99979963935,4990.99979963935,LYMPH_IDC,AREG,0.3959940835693122,0.5230819252217342,,0.4769180747782658,verified,donor_id_from_R5b_audit
19964,4,4,19960,0,3,0.2827302047645483,,,,0.093556858896853,0.093556858896853,4990.99979963935,4990.99979963935,LYMPH_IDC,CCL28,0.3762870636614013,0.7513683888398583,,0.2486316111601417,verified,donor_id_from_R5b_audit
19964,4,4,19960,0,3,0.1683479235838129,,,,0.0560001083643163,0.0560001083643163,4990.99979963935,4990.99979963935,LYMPH_IDC,CCNO,0.2243480319481292,0.7503873429241228,,0.2496126570758773,verified,donor_id_from_R5b_audit
19964,4,4,19960,0,3,0.3217237979309278,,,,0.0811105500691983,0.0811105500691983,4990.99979963935,4990.99979963935,LYMPH_IDC,CD22,0.4028343480001262,0.7986503621851706,,0.2013496378148294,verified,donor_id_from_R5b_audit
19964,4,4,19960,0,3,0.3035349481506785,,,,0.081816420763918,0.081816420763918,4990.99979963935,4990.99979963935,LYMPH_IDC,CD72,0.3853513689145966,0.7876835860363828,,0.2123164139636172,verified,donor_id_from_R5b_audit
19964,4,4,19960,0,3,0.1704253782196692,,,,0.0425544912020311,0.0425544912020311,4990.99979963935,4990.99979963935,LYMPH_IDC,CLNS1A,0.2129798694217004,0.8001947727849658,,0.1998052272150342,verified,donor_id_from_R5b_audit
19964,4,4,19960,0,3,0.2442806864598674,,,,0.2526972104659847,0.2526972104659847,4990.99979963935,4990.99979963935,LYMPH_IDC,CROT,0.4969778969258521,0.4915322954419309,,0.5084677045580691,verified,donor_id_from_R5b_audit
19964,4,4,19960,0,3,0.1987681703568265,,,,0.2334656310799154,0.2334656310799154,4990.99979963935,4990.99979963935,LYMPH_IDC,CSTA,0.4322338014367419,0.4598626245705973,,0.5401373754294028,verified,donor_id_from_R5b_audit
19964,4,4,19960,0,3,0.2851605155408384,,,,0.0280658865663813,0.0280658865663813,4990.99979963935,4990.99979963935,LYMPH_IDC,CXCL10,0.3132264021072198,0.9103974429436054,,0.0896025570563946,verified,donor_id_from_R5b_audit
19964,4,4,19960,0,3,0.19924613471982,,,,0.0184617714898293,0.0184617714898293,4990.99979963935,4990.99979963935,LYMPH_IDC,CXCL11,0.2177079062096493,0.9151993521445616,,0.0848006478554384,verified,donor_id_from_R5b_audit
19964,4,4,19960,0,3,0.5358013756190343,,,,0.1491567402839871,0.1491567402839871,4990.99979963935,4990.99979963935,LYMPH_IDC,CYP4Z1,0.6849581159030215,0.7822396190059813,,0.2177603809940187,verified,donor_id_from_R5b_audit
19964,4,4,19960,0,3,0.262072858962224,,,,0.1483646673649201,0.1483646673649201,4990.99979963935,4990.99979963935,LYMPH_IDC,DAPK1,0.4104375263271442,0.6385207057147491,,0.3614792942852509,verified,donor_id_from_R5b_audit
19964,4,4,19960,0,3,0.2911996850484977,,,,0.1229943627044001,0.1229943627044001,4990.99979963935,4990.99979963935,LYMPH_IDC,EPHB3,0.4141940477528978,0.7030513514820551,,0.2969486485179448,verified,donor_id_from_R5b_audit
19964,4,4,19960,0,3,0.3051914932196469,,,,0.0216783423867587,0.0216783423867587,4990.99979963935,4990.99979963935,LYMPH_IDC,FABP4,0.3268698356064057,0.9336789754657498,,0.0663210245342502,verified,donor_id_from_R5b_audit
19964,4,4,19960,0,3,0.2687173723785703,,,,0.1567164212262802,0.1567164212262802,4990.99979963935,4990.99979963935,LYMPH_IDC,GTPBP3,0.4254337936048506,0.631631469850181,,0.3683685301498189,verified,donor_id_from_R5b_audit
19964,4,4,19960,0,3,0.2136816886944285,,,,0.2126353391712863,0.2126353391712863,4990.99979963935,4990.99979963935,LYMPH_IDC,HAAO,0.4263170278657149,0.5012271964931597,,0.4987728035068401,verified,donor_id_from_R5b_audit
19964,4,4,19960,0,3,0.3152481298645266,,,,0.3563455770606681,0.3563455770606681,4990.99979963935,4990.99979963935,LYMPH_IDC,HAUS8,0.6715937069251947,0.4694030432593681,,0.5305969567406318,verified,donor_id_from_R5b_audit
19964,4,4,19960,0,3,0.3406682610829185,,,,0.341566377108593,0.341566377108593,4990.99979963935,4990.99979963935,LYMPH_IDC,IFI44L,0.6822346381915114,0.4993417836215006,,0.5006582163784994,verified,donor_id_from_R5b_audit
19964,4,4,19960,0,3,0.1589722016633246,,,,0.0309049439547131,0.0309049439547131,4990.99979963935,4990.99979963935,LYMPH_IDC,IFIT2,0.1898771456180378,0.8372371574571569,,0.1627628425428431,verified,donor_id_from_R5b_audit
19964,4,4,19960,0,3,0.5505543458407282,,,,0.8359071387328689,0.8359071387328689,4990.99979963935,4990.99979963935,LYMPH_IDC,IGHV3-11,1.386461484573597,0.3970931410403008,,0.6029068589596993,verified,donor_id_from_R5b_audit
19964,4,4,19960,0,3,0.3971933588841566,,,,0.1749288685307116,0.1749288685307116,4990.99979963935,4990.99979963935,LYMPH_IDC,IGHV6-1,0.5721222274148683,0.6942456346764798,,0.30575436532352,verified,donor_id_from_R5b_audit
19964,4,4,19960,0,3,0.7254027468987824,,,,0.939177987824521,0.939177987824521,4990.99979963935,4990.99979963935,LYMPH_IDC,IGLV9-49,1.6645807347233037,0.4357870614304347,,0.5642129385695652,verified,donor_id_from_R5b_audit
19964,4,4,19960,0,3,0.1470093396700864,,,,0.0291792627853387,0.0291792627853387,4990.99979963935,4990.99979963935,LYMPH_IDC,MAPK8IP2,0.1761886024554252,0.8343862067200348,,0.1656137932799651,verified,donor_id_from_R5b_audit
19964,4,4,19960,0,3,0.3869423613090498,,,,0.1971566641574032,0.1971566641574032,4990.99979963935,4990.99979963935,LYMPH_IDC,MX1,0.5840990254664531,0.6624602069829568,,0.3375397930170432,verified,donor_id_from_R5b_audit
19964,4,4,19960,0,3,0.254625538391167,,,,0.1607286715291751,0.1607286715291751,4990.99979963935,4990.99979963935,LYMPH_IDC,MX2,0.4153542099203421,0.6130322801832196,,0.3869677198167803,verified,donor_id_from_R5b_audit
19964,4,4,19960,0,3,0.1835591309169094,,,,0.027032847339068,0.027032847339068,4990.99979963935,4990.99979963935,LYMPH_IDC,MYH11,0.2105919782559774,0.8716340120694946,,0.1283659879305054,verified,donor_id_from_R5b_audit
19964,4,4,19960,0,3,0.2606447953726855,,,,0.1145845805448416,0.1145845805448416,4990.99979963935,4990.99979963935,LYMPH_IDC,NARS2,0.3752293759175272,0.6946279052255585,,0.3053720947744415,verified,donor_id_from_R5b_audit
19964,4,4,19960,0,3,0.1706339910913982,,,,0.0481641401875178,0.0481641401875178,4990.99979963935,4990.99979963935,LYMPH_IDC,NUDT1,0.218798131278916,0.779869508455171,,0.220130491544829,verified,donor_id_from_R5b_audit
19964,4,4,19960,0,3,0.1322621407068539,,,,0.0183170398839366,0.0183170398839366,4990.99979963935,4990.99979963935,LYMPH_IDC,OASL,0.1505791805907906,0.8783560927076999,,0.1216439072923,verified,donor_id_from_R5b_audit
19964,4,4,19960,0,3,0.3676185910349475,,,,0.6789173904632252,0.6789173904632252,4990.99979963935,4990.99979963935,LYMPH_IDC,PARD6B,1.0465359814981727,0.3512718124690578,,0.6487281875309422,verified,donor_id_from_R5b_audit
19964,4,4,19960,0,3,0.276046328538846,,,,0.1200565232199911,0.1200565232199911,4990.99979963935,4990.99979963935,LYMPH_IDC,PATZ1,0.3961028517588371,0.6969056832413663,,0.3030943167586337,verified,donor_id_from_R5b_audit
19964,4,4,19960,0,3,0.3630570836476755,,,,0.3441200064763542,0.3441200064763542,4990.99979963935,4990.99979963935,LYMPH_IDC,PDZK1IP1,0.7071770901240297,0.5133892043702943,,0.4866107956297057,verified,donor_id_from_R5b_audit
19964,4,4,19960,0,3,0.2824624988627952,,,,0.159111405051217,0.159111405051217,4990.99979963935,4990.99979963935,LYMPH_IDC,POLD3,0.4415739039140122,0.6396720828815085,,0.3603279171184916,verified,donor_id_from_R5b_audit
19964,4,4,19960,0,3,0.3621404620814813,,,,0.3380119279721454,0.3380119279721454,4990.99979963935,4990.99979963935,LYMPH_IDC,PTRH2,0.7001523900536267,0.5172309160492102,,0.4827690839507897,verified,donor_id_from_R5b_audit
19964,4,4,19960,0,3,0.4341839653642663,,,,0.4531212115703064,0.4531212115703064,4990.99979963935,4990.99979963935,LYMPH_IDC,QSOX1,0.8873051769345727,0.4893287863644255,,0.5106712136355744,verified,donor_id_from_R5b_audit
19964,4,4,19960,0,3,0.3142034772941245,,,,0.4260864536111977,0.4260864536111977,4990.99979963935,4990.99979963935,LYMPH_IDC,RAB38,0.7402899309053222,0.4244330014186143,,0.5755669985813856,verified,donor_id_from_R5b_audit
19964,4,4,19960,0,3,0.162916535282374,,,,0.0612497229687467,0.0612497229687467,4990.99979963935,4990.99979963935,LYMPH_IDC,RSAD2,0.2241662582511208,0.7267665372719377,,0.2732334627280621,verified,donor_id_from_R5b_audit
19964,4,4,19960,0,3,0.4241113633867394,,,,0.4810903696403795,0.4810903696403795,4990.99979963935,4990.99979963935,LYMPH_IDC,RSF1,0.9052017330271188,0.468526901697871,,0.531473098302129,verified,donor_id_from_R5b_audit
19964,4,4,19960,0,3,0.2631307893990789,,,,0.1552071061928749,0.1552071061928749,4990.99979963935,4990.99979963935,LYMPH_IDC,SCRN1,0.4183378955919539,0.6289910432970582,,0.3710089567029417,verified,donor_id_from_R5b_audit
19964,4,4,19960,0,3,0.2354505818963163,,,,0.1610275446207281,0.1610275446207281,4990.99979963935,4990.99979963935,LYMPH_IDC,SERPINI1,0.3964781265170444,0.5938551616067385,,0.4061448383932615,verified,donor_id_from_R5b_audit
19964,4,4,19960,0,3,0.2743650035123591,,,,0.0830290711289922,0.0830290711289922,4990.99979963935,4990.99979963935,LYMPH_IDC,SHANK2,0.3573940746413513,0.7676820153990723,,0.2323179846009276,verified,donor_id_from_R5b_audit
19964,4,4,19960,0,3,0.3284559775166022,,,,0.4130365714414322,0.4130365714414322,4990.99979963935,4990.99979963935,LYMPH_IDC,SNCG,0.7414925489580345,0.4429659852660118,,0.5570340147339882,verified,donor_id_from_R5b_audit
19964,4,4,19960,0,3,0.628625467641636,,,,0.3141274801013918,0.3141274801013918,4990.99979963935,4990.99979963935,LYMPH_IDC,SPP1,0.942752947743028,0.6667976686220708,,0.3332023313779291,verified,donor_id_from_R5b_audit
19964,4,4,19960,0,3,0.181398230472255,,,,0.023837481559522,0.023837481559522,4990.99979963935,4990.99979963935,LYMPH_IDC,TCF7,0.2052357120317771,0.8838531495150743,,0.1161468504849256,verified,donor_id_from_R5b_audit
19964,4,4,19960,0,3,0.244039858815879,,,,0.0754822047770751,0.0754822047770751,4990.99979963935,4990.99979963935,LYMPH_IDC,TMEM64,0.3195220635929542,0.7637652814071908,,0.236234718592809,verified,donor_id_from_R5b_audit
19964,4,4,19960,0,3,0.246829439154785,,,,0.0995763646409916,0.0995763646409916,4990.99979963935,4990.99979963935,LYMPH_IDC,ZMAT5,0.3464058037957767,0.7125441792548696,,0.2874558207451305,verified,donor_id_from_R5b_audit
9793,3,3,9790,0,2,0.7274414577268008,,,,0.0126792162910451,0.0126792162910451,3124.2458899213725,3124.2458899213725,PAAD,ACE2,0.7401206740178459,0.9828687175805882,,0.0171312824194117,unverifiable,donor_id_from_R5b_audit
9793,3,3,9790,0,2,3.000651921740456,,,,0.673409142625528,0.673409142625528,3124.2458899213725,3124.2458899213725,PAAD,ACTA2,3.674061064365984,0.8167125883788937,,0.1832874116211063,unverifiable,donor_id_from_R5b_audit
9793,3,3,9790,0,2,1.6895265807110809,,,,0.6415252622865403,0.6415252622865403,3124.2458899213725,3124.2458899213725,PAAD,AIF1,2.331051842997621,0.7247915080852215,,0.2752084919147785,unverifiable,donor_id_from_R5b_audit
9793,3,3,9790,0,2,3.6334510750197953,,,,0.1108731447797565,0.1108731447797565,3124.2458899213725,3124.2458899213725,PAAD,ANPEP,3.744324219799552,0.9703890106007722,,0.0296109893992278,unverifiable,donor_id_from_R5b_audit
9793,3,3,9790,0,2,0.6787947438373255,,,,0.0076186374602243,0.0076186374602243,3124.2458899213725,3124.2458899213725,PAAD,BANK1,0.6864133812975499,0.9889008028284316,,0.0110991971715682,unverifiable,donor_id_from_R5b_audit
9793,3,3,9790,0,2,0.4306574528751151,,,,0.0018421431908057,0.0018421431908057,3124.2458899213725,3124.2458899213725,PAAD,CCL19,0.4324995960659209,0.9957407054074452,,0.0042592945925549,unverifiable,donor_id_from_R5b_audit
9793,3,3,9790,0,2,1.0888339451219984,,,,0.3720736694590977,0.3720736694590977,3124.2458899213725,3124.2458899213725,PAAD,CCL5,1.4609076145810962,0.7453133478493184,,0.2546866521506816,unverifiable,donor_id_from_R5b_audit
9793,3,3,9790,0,2,0.4613090340062755,,,,0.0248058541708564,0.0248058541708564,3124.2458899213725,3124.2458899213725,PAAD,CCR7,0.4861148881771319,0.9489712107689704,,0.0510287892310297,unverifiable,donor_id_from_R5b_audit
9793,3,3,9790,0,2,1.1764368032012926,,,,0.3118440301056074,0.3118440301056074,3124.2458899213725,3124.2458899213725,PAAD,CD14,1.4882808333069,0.7904669447279634,,0.2095330552720366,unverifiable,donor_id_from_R5b_audit
9793,3,3,9790,0,2,0.4534712141886088,,,,0.0060708174963614,0.0060708174963614,3124.2458899213725,3124.2458899213725,PAAD,CD19,0.4595420316849702,0.9867894184257704,,0.0132105815742294,unverifiable,donor_id_from_R5b_audit
9793,3,3,9790,0,2,0.2906484003237832,,,,0.0002348033457344,0.0002348033457344,3124.2458899213725,3124.2458899213725,PAAD,CD1A,0.2908832036695176,0.9991927916676784,,0.0008072083323216,unverifiable,donor_id_from_R5b_audit
9793,3,3,9790,0,2,0.6648491622011431,,,,0.0460266747396348,0.0460266747396348,3124.2458899213725,3124.2458899213725,PAAD,CD1C,0.7108758369407779,0.9352535670114932,,0.0647464329885069,unverifiable,donor_id_from_R5b_audit
9793,3,3,9790,0,2,1.134016712956646,,,,0.0498028930824297,0.0498028930824297,3124.2458899213725,3124.2458899213725,PAAD,CD2,1.1838196060390758,0.957930335983314,,0.0420696640166861,unverifiable,donor_id_from_R5b_audit
9793,3,3,9790,0,2,0.5007863050973373,,,,0.0019793971735591,0.0019793971735591,3124.2458899213725,3124.2458899213725,PAAD,CD27,0.5027657022708966,0.9960629828872204,,0.0039370171127796,unverifiable,donor_id_from_R5b_audit
9793,3,3,9790,0,2,1.0335813495705908,,,,0.1130611644978822,0.1130611644978822,3124.2458899213725,3124.2458899213725,PAAD,CD3E,1.146642514068473,0.9013980703569738,,0.0986019296430261,unverifiable,donor_id_from_R5b_audit
9793,3,3,9790,0,2,0.7391729908711254,,,,0.0051865893716973,0.0051865893716973,3124.2458899213725,3124.2458899213725,PAAD,CD79A,0.7443595802428228,0.9930321453375996,,0.0069678546624003,unverifiable,donor_id_from_R5b_audit
9793,3,3,9790,0,2,1.1891419292659535,,,,0.094832083030468,0.094832083030468,3124.2458899213725,3124.2458899213725,PAAD,CD8A,1.2839740122964216,0.9261417426503372,,0.0738582573496626,unverifiable,donor_id_from_R5b_audit
9793,3,3,9790,0,2,1.0197468860031895,,,,0.0602997238924894,0.0602997238924894,3124.2458899213725,3124.2458899213725,PAAD,CDK1,1.080046609895679,0.9441693318232686,,0.0558306681767315,unverifiable,donor_id_from_R5b_audit
9793,3,3,9790,0,2,0.9718409327424272,,,,0.0566592969425607,0.0566592969425607,3124.2458899213725,3124.2458899213725,PAAD,CPA3,1.028500229684988,0.9449107590769188,,0.0550892409230812,unverifiable,donor_id_from_R5b_audit
9793,3,3,9790,0,2,0.4572839035408148,,,,0.0507049496182085,0.0507049496182085,3124.2458899213725,3124.2458899213725,PAAD,CXCL10,0.5079888531590233,0.9001849168482923,,0.0998150831517077,unverifiable,donor_id_from_R5b_audit
9793,3,3,9790,0,2,2.2204730574684337,,,,1.2515836538334102,1.2515836538334102,3124.2458899213725,3124.2458899213725,PAAD,CXCL2,3.472056711301844,0.6395267249640832,,0.3604732750359167,unverifiable,donor_id_from_R5b_audit
9793,3,3,9790,0,2,2.755017887950347,,,,0.47786149665972,0.47786149665972,3124.2458899213725,3124.2458899213725,PAAD,CXCL6,3.232879384610067,0.8521870321130595,,0.1478129678869405,unverifiable,donor_id_from_R5b_audit
9793,3,3,9790,0,2,0.5136861768855575,,,,0.0827744425876341,0.0827744425876341,3124.2458899213725,3124.2458899213725,PAAD,CXCL9,0.5964606194731916,0.8612239603333033,,0.1387760396666967,unverifiable,donor_id_from_R5b_audit
9793,3,3,9790,0,2,1.9841815233140805,,,,0.6939969799950723,0.6939969799950723,3124.2458899213725,3124.2458899213725,PAAD,CXCR4,2.6781785033091525,0.7408697817798289,,0.2591302182201712,unverifiable,donor_id_from_R5b_audit
9793,3,3,9790,0,2,0.627353877707243,,,,0.0137419810420627,0.0137419810420627,3124.2458899213725,3124.2458899213725,PAAD,DERL3,0.6410958587493059,0.978564857572358,,0.0214351424276419,unverifiable,donor_id_from_R5b_audit
9793,3,3,9790,0,2,2.0689072085330915,,,,0.0763831140520069,0.0763831140520069,3124.2458899213725,3124.2458899213725,PAAD,DMBT1,2.1452903225850983,0.9643949757066148,,0.0356050242933853,unverifiable,donor_id_from_R5b_audit
9793,3,3,9790,0,2,5.595758691333893,,,,0.2623524767757338,0.2623524767757338,3124.2458899213725,3124.2458899213725,PAAD,EPCAM,5.858111168109627,0.9552155175538616,,0.0447844824461385,unverifiable,donor_id_from_R5b_audit
9793,3,3,9790,0,2,0.3219628712150829,,,,0.0055230738328545,0.0055230738328545,3124.2458899213725,3124.2458899213725,PAAD,ESR1,0.3274859450479374,0.983134928639316,,0.016865071360684,unverifiable,donor_id_from_R5b_audit
9793,3,3,9790,0,2,1.3244253436006348,,,,0.2770799022908997,0.2770799022908997,3124.2458899213725,3124.2458899213725,PAAD,FCGR3A,1.6015052458915344,0.8269878272320904,,0.1730121727679096,unverifiable,donor_id_from_R5b_audit
9793,3,3,9790,0,2,0.3608489400573061,,,,0.0114483404790438,0.0114483404790438,3124.2458899213725,3124.2458899213725,PAAD,FOXP3,0.37229728053635,0.9692494652054648,,0.0307505347945352,unverifiable,donor_id_from_R5b_audit
9793,3,3,9790,0,2,1.0461224887195897,,,,0.3824209149394478,0.3824209149394478,3124.2458899213725,3124.2458899213725,PAAD,GPR183,1.4285434036590374,0.7323001079561714,,0.2676998920438286,unverifiable,donor_id_from_R5b_audit
9793,3,3,9790,0,2,0.5604129398466485,,,,0.0221098495553446,0.0221098495553446,3124.2458899213725,3124.2458899213725,PAAD,GZMA,0.5825227894019932,0.962044661672306,,0.0379553383276938,unverifiable,donor_id_from_R5b_audit
9793,3,3,9790,0,2,0.6069912469690291,,,,0.0389737523365457,0.0389737523365457,3124.2458899213725,3124.2458899213725,PAAD,GZMK,0.6459649993055748,0.939665845086896,,0.060334154913104,unverifiable,donor_id_from_R5b_audit
9793,3,3,9790,0,2,0.4741275545303141,,,,0.0017238954127406,0.0017238954127406,3124.2458899213725,3124.2458899213725,PAAD,HPGDS,0.4758514499430548,0.996377240390994,,0.003622759609006,unverifiable,donor_id_from_R5b_audit
9793,3,3,9790,0,2,1.6553093898640097,,,,0.1683545046404616,0.1683545046404616,3124.2458899213725,3124.2458899213725,PAAD,IL7R,1.8236638945044712,0.9076833701934932,,0.0923166298065067,unverifiable,donor_id_from_R5b_audit
9793,3,3,9790,0,2,1.254153073095943,,,,0.0153520742467391,0.0153520742467391,3124.2458899213725,3124.2458899213725,PAAD,IRF8,1.2695051473426822,0.9879070405670476,,0.0120929594329522,unverifiable,donor_id_from_R5b_audit
9793,3,3,9790,0,2,0.461485337199689,,,,0.0069420438049149,0.0069420438049149,3124.2458899213725,3124.2458899213725,PAAD,KLRC1,0.4684273810046039,0.9851801067007936,,0.0148198932992063,unverifiable,donor_id_from_R5b_audit
9793,3,3,9790,0,2,1.8964791442963325,,,,0.228083023327573,0.228083023327573,3124.2458899213725,3124.2458899213725,PAAD,LIF,2.1245621676239055,0.8926446931968767,,0.1073553068031232,unverifiable,donor_id_from_R5b_audit
9793,3,3,9790,0,2,0.4274645919310286,,,,0.0002290681716024,0.0002290681716024,3124.2458899213725,3124.2458899213725,PAAD,LILRA4,0.4276936601026311,0.9994644106448818,,0.0005355893551181,unverifiable,donor_id_from_R5b_audit
9793,3,3,9790,0,2,0.4830626175609658,,,,0.077865000708294,0.077865000708294,3124.2458899213725,3124.2458899213725,PAAD,MARCO,0.5609276182692599,0.8611852970467986,,0.1388147029532013,unverifiable,donor_id_from_R5b_audit
9793,3,3,9790,0,2,1.9077650251243408,,,,0.1774030967106752,0.1774030967106752,3124.2458899213725,3124.2458899213725,PAAD,MKI67,2.085168121835016,0.9149214421355364,,0.0850785578644635,unverifiable,donor_id_from_R5b_audit
9793,3,3,9790,0,2,0.7352819120702843,,,,-7.911535573211523e-06,0.0,3124.2458899213725,3124.2458899213725,PAAD,MS4A1,0.7352819120702843,1.0,,0.0,unverifiable,donor_id_from_R5b_audit
9793,3,3,9790,0,2,0.1011065313196659,,,,0.0013653786879993,0.0013653786879993,3124.2458899213725,3124.2458899213725,PAAD,PDCD1,0.1024719100076653,0.9866755807723576,,0.0133244192276423,unverifiable,donor_id_from_R5b_audit
9793,3,3,9790,0,2,1.5813375924911577,,,,0.0358927406841666,0.0358927406841666,3124.2458899213725,3124.2458899213725,PAAD,PLA2G7,1.6172303331753242,0.977806042869791,,0.0221939571302089,unverifiable,donor_id_from_R5b_audit
9793,3,3,9790,0,2,1.8890436329311904,,,,0.4577077824994867,0.4577077824994867,3124.2458899213725,3124.2458899213725,PAAD,PTPRC,2.3467514154306772,0.8049611136953387,,0.1950388863046612,unverifiable,donor_id_from_R5b_audit
9793,3,3,9790,0,2,0.7142493055855174,,,,0.0122761195346506,0.0122761195346506,3124.2458899213725,3124.2458899213725,PAAD,SELL,0.726525425120168,0.9831029732612314,,0.0168970267387685,unverifiable,donor_id_from_R5b_audit
9793,3,3,9790,0,2,0.4014733412339563,,,,0.0009487854741809,0.0009487854741809,3124.2458899213725,3124.2458899213725,PAAD,TCL1A,0.4024221267081373,0.9976423128570436,,0.0023576871429564,unverifiable,donor_id_from_R5b_audit
9793,3,3,9790,0,2,0.5568209097631178,,,,0.0104928340219998,0.0104928340219998,3124.2458899213725,3124.2458899213725,PAAD,TNFRSF17,0.5673137437851177,0.9815043542714272,,0.0184956457285727,unverifiable,donor_id_from_R5b_audit
9793,3,3,9790,0,2,1.2244397989635458,,,,0.1026314087387432,0.1026314087387432,3124.2458899213725,3124.2458899213725,PAAD,UBE2C,1.327071207702289,0.922663223990489,,0.077336776009511,unverifiable,donor_id_from_R5b_audit
9793,3,3,9790,0,2,1.1067623482997948,,,,0.1354540750382235,0.1354540750382235,3124.2458899213725,3124.2458899213725,PAAD,VSIG4,1.2422164233380184,0.8909577489933368,,0.1090422510066631,unverifiable,donor_id_from_R5b_audit
62710,23,2,62687,21,1,0.5169213361671611,0.2079509398477982,0.2079509398477982,2697.3648304289654,-0.0205935354270981,0.0,3082.1313851027094,30402.829819805454,PRAD,AMD1,0.7248722760149593,0.7131205776126184,0.2868794223873817,0.0,verified,donor_id_from_R5b_audit
62710,23,2,62687,21,1,0.287507039236836,0.0465544375908505,0.0465544375908505,2697.3648304289654,0.0025358182026222,0.0025358182026222,3082.1313851027094,30402.829819805454,PRAD,C1orf43,0.3365972950303088,0.8541573075058358,0.138309006870238,0.007533685623926,verified,donor_id_from_R5b_audit
62710,23,2,62687,21,1,0.3601666496065369,0.0653126055281939,0.0653126055281939,2697.3648304289654,-0.0063163406467612,0.0,3082.1313851027094,30402.829819805454,PRAD,C6orf48,0.4254792551347309,0.846496380869351,0.153503619130649,0.0,verified,donor_id_from_R5b_audit
62710,23,2,62687,21,1,0.4222459806888151,0.0450623661155172,0.0450623661155172,2697.3648304289654,-0.0015055756888853,0.0,3082.1313851027094,30402.829819805454,PRAD,C8orf59,0.4673083468043323,0.9035703804058408,0.0964296195941593,0.0,verified,donor_id_from_R5b_audit
62710,23,2,62687,21,1,0.2099409047095649,0.0333054774415412,0.0333054774415412,2697.3648304289654,-0.0025768455667624,0.0,3082.1313851027094,30402.829819805454,PRAD,CAT,0.2432463821511062,0.863079248509227,0.136920751490773,0.0,verified,donor_id_from_R5b_audit
62710,23,2,62687,21,1,0.1852138071098808,0.028466864074025,0.028466864074025,2697.3648304289654,0.0034066061990921,0.0034066061990921,3082.1313851027094,30402.829819805454,PRAD,CCDC47,0.217087277382998,0.8531767008304031,0.131130964546587,0.0156923346230098,verified,donor_id_from_R5b_audit
62710,23,2,62687,21,1,0.4295819678836143,0.0540279692361934,0.0540279692361934,2697.3648304289654,0.0023121699973264,0.0023121699973264,3082.1313851027094,30402.829819805454,PRAD,COX17,0.4859221071171342,0.8840552047163008,0.111186481217595,0.0047583140661041,verified,donor_id_from_R5b_audit
62710,23,2,62687,21,1,0.445085990361017,0.0820928796568279,0.0820928796568279,2697.3648304289654,-0.0015391168099838,0.0,3082.1313851027094,30402.829819805454,PRAD,COX5A,0.5271788700178449,0.8442788883893447,0.1557211116106552,0.0,verified,donor_id_from_R5b_audit
62710,23,2,62687,21,1,0.5274008117681751,0.0773543429613774,0.0773543429613774,2697.3648304289654,-0.0075946822455339,0.0,3082.1313851027094,30402.829819805454,PRAD,COX7B,0.6047551547295525,0.8720898162563485,0.1279101837436514,0.0,verified,donor_id_from_R5b_audit
62710,23,2,62687,21,1,0.2013417249295818,0.0284476382546993,0.0284476382546993,2697.3648304289654,-1.9674256712919587e-05,0.0,3082.1313851027094,30402.829819805454,PRAD,DNAJC3,0.2297893631842812,0.876201239863807,0.123798760136193,0.0,verified,donor_id_from_R5b_audit
62710,23,2,62687,21,1,0.4559441656154282,0.0862221272887694,0.0862221272887694,2697.3648304289654,-0.0037684682996473,0.0,3082.1313851027094,30402.829819805454,PRAD,EIF3E,0.5421662929041977,0.8409673776897725,0.1590326223102275,0.0,verified,donor_id_from_R5b_audit
62710,23,2,62687,21,1,0.4665120882067613,0.081575548508216,0.081575548508216,2697.3648304289654,-0.0034220857577638,0.0,3082.1313851027094,30402.829819805454,PRAD,EIF3H,0.5480876367149774,0.8511633121353586,0.1488366878646414,0.0,verified,donor_id_from_R5b_audit
62710,23,2,62687,21,1,0.3597550366340988,0.1144642185170201,0.1144642185170201,2697.3648304289654,-0.0062412754818209,0.0,3082.1313851027094,30402.829819805454,PRAD,GLO1,0.474219255151119,0.7586259577744392,0.2413740422255607,0.0,verified,donor_id_from_R5b_audit
62710,23,2,62687,21,1,0.4390331911848313,0.0631744127713342,0.0631744127713342,2697.3648304289654,0.0121057370529987,0.0121057370529987,3082.1313851027094,30402.829819805454,PRAD,GNG5,0.5143133410091644,0.8536297937039287,0.1228325375487558,0.0235376687473153,verified,donor_id_from_R5b_audit
62710,23,2,62687,21,1,0.5313436765280565,0.0881087431227929,0.0881087431227929,2697.3648304289654,-0.0045481993629043,0.0,3082.1313851027094,30402.829819805454,PRAD,HLA-DRA,0.6194524196508494,0.8577635015576258,0.1422364984423741,0.0,verified,donor_id_from_R5b_audit
62710,23,2,62687,21,1,0.3271849754734771,0.0404877633480694,0.0404877633480694,2697.3648304289654,-0.0030407732551157,0.0,3082.1313851027094,30402.829819805454,PRAD,HSPD1,0.3676727388215465,0.8898809754624735,0.1101190245375265,0.0,verified,donor_id_from_R5b_audit
62710,23,2,62687,21,1,0.3018397956853882,0.0472633839022744,0.0472633839022744,2697.3648304289654,-0.0038272137777351,0.0,3082.1313851027094,30402.829819805454,PRAD,IMPDH2,0.3491031795876627,0.8646148569655,0.1353851430345,0.0,verified,donor_id_from_R5b_audit
62710,23,2,62687,21,1,0.2194730716911296,0.0292323573948982,0.0292323573948982,2697.3648304289654,0.0033557416575147,0.0033557416575147,3082.1313851027094,30402.829819805454,PRAD,MAOA,0.2520611707435427,0.8707135297504054,0.1159732667616642,0.0133132034879304,verified,donor_id_from_R5b_audit
62710,23,2,62687,21,1,0.5306438277303271,0.1023927524225418,0.1023927524225418,2697.3648304289654,-0.0067875045584537,0.0,3082.1313851027094,30402.829819805454,PRAD,MIF,0.633036580152869,0.8382514444934359,0.1617485555065641,0.0,verified,donor_id_from_R5b_audit
62710,23,2,62687,21,1,0.6298564343186822,0.1694016113240054,0.1694016113240054,2697.3648304289654,0.0205021986448486,0.0205021986448486,3082.1313851027094,30402.829819805454,PRAD,MPC2,0.8197602442875364,0.7683422545894478,0.2066477515889227,0.0250099938216293,verified,donor_id_from_R5b_audit
62710,23,2,62687,21,1,0.3942665288943087,0.0600385060611596,0.0600385060611596,2697.3648304289654,-0.0008717851762011,0.0,3082.1313851027094,30402.829819805454,PRAD,MRPL33,0.4543050349554683,0.8678453870381501,0.1321546129618499,0.0,verified,donor_id_from_R5b_audit
62710,23,2,62687,21,1,0.8149324853101745,0.4997399104802144,0.4997399104802144,2697.3648304289654,-0.0228973483086615,0.0,3082.1313851027094,30402.829819805454,PRAD,MT1E,1.3146723957903887,0.6198749497742609,0.3801250502257391,0.0,verified,donor_id_from_R5b_audit
62710,23,2,62687,21,1,0.7021237590190358,0.279414484532495,0.279414484532495,2697.3648304289654,-0.0109604140667817,0.0,3082.1313851027094,30402.829819805454,PRAD,MT1X,0.9815382435515309,0.7153300073958598,0.2846699926041402,0.0,verified,donor_id_from_R5b_audit
62710,23,2,62687,21,1,0.2306239458055778,0.020856699709127,0.020856699709127,2697.3648304289654,-0.0009754084361709,0.0,3082.1313851027094,30402.829819805454,PRAD,NUCB2,0.2514806455147049,0.9170643940950618,0.0829356059049383,0.0,verified,donor_id_from_R5b_audit
62710,23,2,62687,21,1,0.3326753340510853,0.0695241181161257,0.0695241181161257,2697.3648304289654,-0.004492496924099,0.0,3082.1313851027094,30402.829819805454,PRAD,NUDT4,0.4021994521672111,0.8271401968811691,0.1728598031188308,0.0,verified,donor_id_from_R5b_audit
62710,23,2,62687,21,1,0.4177682967615522,0.0720291426639438,0.0720291426639438,2697.3648304289654,-0.0019528251390647,0.0,3082.1313851027094,30402.829819805454,PRAD,PCBD1,0.4897974394254961,0.8529409570853824,0.1470590429146176,0.0,verified,donor_id_from_R5b_audit
62710,23,2,62687,21,1,0.3293613287224028,0.0628480965309255,0.0628480965309255,2697.3648304289654,0.0039318980130922,0.0039318980130922,3082.1313851027094,30402.829819805454,PRAD,PDIA4,0.3961413232664206,0.8314238110950479,0.1586506956979534,0.0099254932069985,verified,donor_id_from_R5b_audit
62710,23,2,62687,21,1,0.3265338538679904,0.0842922626959189,0.0842922626959189,2697.3648304289654,0.0025992430789676,0.0025992430789676,3082.1313851027094,30402.829819805454,PRAD,PERP,0.413425359642877,0.7898254092348259,0.2038874992301678,0.0062870915350062,verified,donor_id_from_R5b_audit
62710,23,2,62687,21,1,0.2525676622133262,0.0876437044116289,0.0876437044116289,2697.3648304289654,-0.0022277713471967,0.0,3082.1313851027094,30402.829819805454,PRAD,REXO2,0.3402113666249552,0.7423845496959945,0.2576154503040054,0.0,verified,donor_id_from_R5b_audit
62710,23,2,62687,21,1,1.573171642700465,0.4673308789033201,0.4673308789033201,2697.3648304289654,-0.025737836068984,0.0,3082.1313851027094,30402.829819805454,PRAD,RPL37A,2.040502521603785,0.7709726530815509,0.229027346918449,0.0,verified,donor_id_from_R5b_audit
62710,23,2,62687,21,1,0.3163709935034329,0.0646576884997038,0.0646576884997038,2697.3648304289654,0.0044996353544123,0.0044996353544123,3082.1313851027094,30402.829819805454,PRAD,RPN1,0.3855283173575491,0.820616746577456,0.1677119049072046,0.0116713485153393,verified,donor_id_from_R5b_audit
62710,23,2,62687,21,1,1.3577300138548232,0.4323398755559322,0.4323398755559322,2697.3648304289654,-0.041517445631305,0.0,3082.1313851027094,30402.829819805454,PRAD,RPS29,1.7900698894107554,0.7584787733074225,0.2415212266925775,0.0,verified,donor_id_from_R5b_audit
62710,23,2,62687,21,1,0.2212736225755581,0.0248659310172968,0.0248659310172968,2697.3648304289654,0.0001596531887671,0.0001596531887671,3082.1313851027094,30402.829819805454,PRAD,RSL24D1,0.2462992067816221,0.8983935655616926,0.100958226143797,0.0006482082945104,verified,donor_id_from_R5b_audit
62710,23,2,62687,21,1,0.9374202159491044,0.3496600253155428,0.3496600253155428,2697.3648304289654,0.0913399006358985,0.0913399006358985,3082.1313851027094,30402.829819805454,PRAD,SEC11C,1.378420141900546,0.6800685708615684,0.2536672344568591,0.0662641946815724,verified,donor_id_from_R5b_audit
62710,23,2,62687,21,1,0.2097984989666678,0.0306779504500882,0.0306779504500882,2697.3648304289654,-0.0026372077255882,0.0,3082.1313851027094,30402.829819805454,PRAD,SELENOT,0.2404764494167561,0.872428462227825,0.1275715377721749,0.0,verified,donor_id_from_R5b_audit
62710,23,2,62687,21,1,0.2933903814378295,0.0383536779828797,0.0383536779828797,2697.3648304289654,-0.0033731706885424,0.0,3082.1313851027094,30402.829819805454,PRAD,SGK1,0.3317440594207092,0.8843877474404429,0.1156122525595571,0.0,verified,donor_id_from_R5b_audit
62710,23,2,62687,21,1,0.3890633502721617,0.0580416316657237,0.0580416316657237,2697.3648304289654,-0.0053900455839079,0.0,3082.1313851027094,30402.829819805454,PRAD,SLIRP,0.4471049819378854,0.8701834378714501,0.1298165621285499,0.0,verified,donor_id_from_R5b_audit
62710,23,2,62687,21,1,0.7004820011920855,0.1956507049566307,0.1956507049566307,2697.3648304289654,-0.012396585296413,0.0,3082.1313851027094,30402.829819805454,PRAD,SNHG8,0.8961327061487163,0.781672174652041,0.2183278253479589,0.0,verified,donor_id_from_R5b_audit
62710,23,2,62687,21,1,0.3739946495131959,0.0446085644460392,0.0446085644460392,2697.3648304289654,0.0158881153009184,0.0158881153009184,3082.1313851027094,30402.829819805454,PRAD,SNHG9,0.4344913292601536,0.8607643566789452,0.1026684802249061,0.0365671630961485,verified,donor_id_from_R5b_audit
62710,23,2,62687,21,1,0.3298540558123691,0.0410289149139923,0.0410289149139923,2697.3648304289654,0.0010497496351132,0.0010497496351132,3082.1313851027094,30402.829819805454,PRAD,SNRPE,0.3719327203614747,0.8868648488140272,0.1103127331043019,0.0028224180816707,verified,donor_id_from_R5b_audit
62710,23,2,62687,21,1,0.3014535698382088,0.0295040450395785,0.0295040450395785,2697.3648304289654,-0.0019356477660588,0.0,3082.1313851027094,30402.829819805454,PRAD,SOD2,0.3309576148777874,0.9108524967752336,0.0891475032247664,0.0,verified,donor_id_from_R5b_audit
62710,23,2,62687,21,1,0.1890556659601075,0.0219499930425126,0.0219499930425126,2697.3648304289654,0.0075716134110097,0.0075716134110097,3082.1313851027094,30402.829819805454,PRAD,SPCS3,0.2185772724136299,0.8649374377878756,0.10042211983035,0.0346404423817743,verified,donor_id_from_R5b_audit
62710,23,2,62687,21,1,0.9075639657841836,0.6823986083547722,0.6823986083547722,2697.3648304289654,-0.0625833441198705,0.0,3082.1313851027094,30402.829819805454,PRAD,SPON2,1.5899625741389558,0.5708083828801284,0.4291916171198716,0.0,verified,donor_id_from_R5b_audit
62710,23,2,62687,21,1,0.2190080202293575,0.0348339587073739,0.0348339587073739,2697.3648304289654,-0.0027214798656624,0.0,3082.1313851027094,30402.829819805454,PRAD,SRRM1,0.2538419789367314,0.862773057264669,0.1372269427353309,0.0,verified,donor_id_from_R5b_audit
62710,23,2,62687,21,1,0.2180809844316179,0.031028174348172,0.031028174348172,2697.3648304289654,0.0014363074162304,0.0014363074162304,3082.1313851027094,30402.829819805454,PRAD,SVIP,0.2505454661960204,0.8704247885331796,0.1238424898253651,0.0057327216414552,verified,donor_id_from_R5b_audit
62710,23,2,62687,21,1,0.2220356203812194,0.036587289975024,0.036587289975024,2697.3648304289654,-0.0027306820721158,0.0,3082.1313851027094,30402.829819805454,PRAD,TMCO1,0.2586229103562435,0.8585303601887921,0.1414696398112077,0.0,verified,donor_id_from_R5b_audit
62710,23,2,62687,21,1,0.2150166760694041,0.0229973719890204,0.0229973719890204,2697.3648304289654,0.004451125647112,0.004451125647112,3082.1313851027094,30402.829819805454,PRAD,TOB1,0.2424651737055367,0.8867940611154839,0.0948481451482586,0.0183577937362574,verified,donor_id_from_R5b_audit
62710,23,2,62687,21,1,0.2905644755264313,0.0398398301866547,0.0398398301866547,2697.3648304289654,-0.0018314627561452,0.0,3082.1313851027094,30402.829819805454,PRAD,TXNL4A,0.3304043057130861,0.8794209715255631,0.120579028474437,0.0,verified,donor_id_from_R5b_audit
62710,23,2,62687,21,1,0.5622842595927233,0.1704466339575848,0.1704466339575848,2697.3648304289654,-0.0060544762419296,0.0,3082.1313851027094,30402.829819805454,PRAD,XBP1,0.7327308935503082,0.7673816738752229,0.232618326124777,0.0,verified,donor_id_from_R5b_audit
62710,23,2,62687,21,1,0.5644259205234355,0.1252294718053587,0.1252294718053587,2697.3648304289654,-0.0039483276809069,0.0,3082.1313851027094,30402.829819805454,PRAD,ZFAS1,0.6896553923287942,0.8184173237847239,0.1815826762152762,0.0,verified,donor_id_from_R5b_audit
36819,15,2,36804,13,1,0.4137192061795208,0.2076875952018544,0.2076875952018544,2420.687902752844,0.0141832766088671,0.0141832766088671,2601.2247864162405,17804.43705695429,PRAD_patient2_by_session,AMD1,0.6355900779902425,,,,verified,scan_session (donor held constant)
36819,15,2,36804,13,1,0.2093443627931729,0.0338284071626286,0.0338284071626286,2420.687902752844,0.0012902301220612,0.0012902301220612,2601.2247864162405,17804.43705695429,PRAD_patient2_by_session,C1orf43,0.2444630000778628,,,,verified,scan_session (donor held constant)
36819,15,2,36804,13,1,0.2685637924469983,0.0418030086832675,0.0418030086832675,2420.687902752844,-0.0044738495681154,0.0,2601.2247864162405,17804.43705695429,PRAD_patient2_by_session,C6orf48,0.3103668011302659,,,,verified,scan_session (donor held constant)
36819,15,2,36804,13,1,0.2981711508036714,0.0395063576089725,0.0395063576089725,2420.687902752844,-0.0054969414520606,0.0,2601.2247864162405,17804.43705695429,PRAD_patient2_by_session,C8orf59,0.337677508412644,,,,verified,scan_session (donor held constant)
36819,15,2,36804,13,1,0.1803517108621446,0.0218608098129989,0.0218608098129989,2420.687902752844,-0.0030170883195499,0.0,2601.2247864162405,17804.43705695429,PRAD_patient2_by_session,CAT,0.2022125206751436,,,,verified,scan_session (donor held constant)
36819,15,2,36804,13,1,0.1357694350668333,0.0152042911604541,0.0152042911604541,2420.687902752844,-0.001799858718519,0.0,2601.2247864162405,17804.43705695429,PRAD_patient2_by_session,CCDC47,0.1509737262272875,,,,verified,scan_session (donor held constant)
36819,15,2,36804,13,1,0.2973328507308366,0.0558495018622322,0.0558495018622322,2420.687902752844,-0.0054667387852228,0.0,2601.2247864162405,17804.43705695429,PRAD_patient2_by_session,COX17,0.3531823525930688,,,,verified,scan_session (donor held constant)
36819,15,2,36804,13,1,0.3122116104119149,0.0815195487747651,0.0815195487747651,2420.687902752844,0.0137151225276924,0.0137151225276924,2601.2247864162405,17804.43705695429,PRAD_patient2_by_session,COX5A,0.4074462817143726,,,,verified,scan_session (donor held constant)
36819,15,2,36804,13,1,0.3832987090479806,0.065003305062045,0.065003305062045,2420.687902752844,-0.009359248760796,0.0,2601.2247864162405,17804.43705695429,PRAD_patient2_by_session,COX7B,0.4483020141100257,,,,verified,scan_session (donor held constant)
36819,15,2,36804,13,1,0.1608092228224526,0.022539758929046,0.022539758929046,2420.687902752844,-0.0030493923345195,0.0,2601.2247864162405,17804.43705695429,PRAD_patient2_by_session,DNAJC3,0.1833489817514986,,,,verified,scan_session (donor held constant)
36819,15,2,36804,13,1,0.3353122950846351,0.0490835975028574,0.0490835975028574,2420.687902752844,-0.0070565434324843,0.0,2601.2247864162405,17804.43705695429,PRAD_patient2_by_session,EIF3E,0.3843958925874925,,,,verified,scan_session (donor held constant)
36819,15,2,36804,13,1,0.3396130442083094,0.0631182909918813,0.0631182909918813,2420.687902752844,-0.0086812423697826,0.0,2601.2247864162405,17804.43705695429,PRAD_patient2_by_session,EIF3H,0.4027313352001907,,,,verified,scan_session (donor held constant)
36819,15,2,36804,13,1,0.3605815019446219,0.1285880034667566,0.1285880034667566,2420.687902752844,0.0372388045845381,0.0372388045845381,2601.2247864162405,17804.43705695429,PRAD_patient2_by_session,GLO1,0.5264083099959167,,,,verified,scan_session (donor held constant)
36819,15,2,36804,13,1,0.2901119591442617,0.0479571210172029,0.0479571210172029,2420.687902752844,0.0041003200816851,0.0041003200816851,2601.2247864162405,17804.43705695429,PRAD_patient2_by_session,GNG5,0.3421694002431498,,,,verified,scan_session (donor held constant)
36819,15,2,36804,13,1,0.4740098781709263,0.0498053069914585,0.0498053069914585,2420.687902752844,0.0334938325573216,0.0334938325573216,2601.2247864162405,17804.43705695429,PRAD_patient2_by_session,HLA-DRA,0.5573090177197065,,,,verified,scan_session (donor held constant)
36819,15,2,36804,13,1,0.2581095974894054,0.0366278458351948,0.0366278458351948,2420.687902752844,0.0007174283198872,0.0007174283198872,2601.2247864162405,17804.43705695429,PRAD_patient2_by_session,HSPD1,0.2954548716444876,,,,verified,scan_session (donor held constant)
36819,15,2,36804,13,1,0.2292290372096048,0.0397695794472066,0.0397695794472066,2420.687902752844,0.0119428368601086,0.0119428368601086,2601.2247864162405,17804.43705695429,PRAD_patient2_by_session,IMPDH2,0.28094145351692,,,,verified,scan_session (donor held constant)
36819,15,2,36804,13,1,0.1585444051854249,0.0205836987897417,0.0205836987897417,2420.687902752844,0.0157616319045059,0.0157616319045059,2601.2247864162405,17804.43705695429,PRAD_patient2_by_session,MAOA,0.1948897358796727,,,,verified,scan_session (donor held constant)
36819,15,2,36804,13,1,0.3578826656357016,0.0693917812624643,0.0693917812624643,2420.687902752844,0.0557260306544245,0.0557260306544245,2601.2247864162405,17804.43705695429,PRAD_patient2_by_session,MIF,0.4830004775525905,,,,verified,scan_session (donor held constant)
36819,15,2,36804,13,1,0.3839804666053239,0.1589052862964061,0.1589052862964061,2420.687902752844,0.0278229894834657,0.0278229894834657,2601.2247864162405,17804.43705695429,PRAD_patient2_by_session,MPC2,0.5707087423851958,,,,verified,scan_session (donor held constant)
36819,15,2,36804,13,1,0.2764695991005436,0.0323680948033831,0.0323680948033831,2420.687902752844,-0.0004050637065204,0.0,2601.2247864162405,17804.43705695429,PRAD_patient2_by_session,MRPL33,0.3088376939039267,,,,verified,scan_session (donor held constant)
36819,15,2,36804,13,1,0.5041238535357337,0.4239866156433717,0.4239866156433717,2420.687902752844,-0.0313398647045906,0.0,2601.2247864162405,17804.43705695429,PRAD_patient2_by_session,MT1E,0.9281104691791054,,,,verified,scan_session (donor held constant)
36819,15,2,36804,13,1,0.514217755338846,0.2140503291829489,0.2140503291829489,2420.687902752844,0.0064751443487201,0.0064751443487201,2601.2247864162405,17804.43705695429,PRAD_patient2_by_session,MT1X,0.7347432288705149,,,,verified,scan_session (donor held constant)
36819,15,2,36804,13,1,0.1834606841931035,0.0081980774116128,0.0081980774116128,2420.687902752844,-0.000608441710715,0.0,2601.2247864162405,17804.43705695429,PRAD_patient2_by_session,NUCB2,0.1916587616047164,,,,verified,scan_session (donor held constant)
36819,15,2,36804,13,1,0.2756414528265931,0.0872465383295499,0.0872465383295499,2420.687902752844,-0.0064303960113983,0.0,2601.2247864162405,17804.43705695429,PRAD_patient2_by_session,NUDT4,0.362887991156143,,,,verified,scan_session (donor held constant)
36819,15,2,36804,13,1,0.2928434755583874,0.0771988649212305,0.0771988649212305,2420.687902752844,-0.0027218170332905,0.0,2601.2247864162405,17804.43705695429,PRAD_patient2_by_session,PCBD1,0.370042340479618,,,,verified,scan_session (donor held constant)
36819,15,2,36804,13,1,0.2325670130915763,0.0475590884386683,0.0475590884386683,2420.687902752844,0.0001112672411718,0.0001112672411718,2601.2247864162405,17804.43705695429,PRAD_patient2_by_session,PDIA4,0.2802373687714165,,,,verified,scan_session (donor held constant)
36819,15,2,36804,13,1,0.2506387380965044,0.0622220367293791,0.0622220367293791,2420.687902752844,-0.0090842047377344,0.0,2601.2247864162405,17804.43705695429,PRAD_patient2_by_session,PERP,0.3128607748258836,,,,verified,scan_session (donor held constant)
36819,15,2,36804,13,1,0.2664401783401184,0.0906097579383258,0.0906097579383258,2420.687902752844,0.0822258901385167,0.0822258901385167,2601.2247864162405,17804.43705695429,PRAD_patient2_by_session,REXO2,0.439275826416961,,,,verified,scan_session (donor held constant)
36819,15,2,36804,13,1,0.7117610089903506,0.3195298370221487,0.3195298370221487,2420.687902752844,-0.0426322680576288,0.0,2601.2247864162405,17804.43705695429,PRAD_patient2_by_session,RPL37A,1.0312908460124994,,,,verified,scan_session (donor held constant)
36819,15,2,36804,13,1,0.2200847175874125,0.0456379460367785,0.0456379460367785,2420.687902752844,-0.0057752846506698,0.0,2601.2247864162405,17804.43705695429,PRAD_patient2_by_session,RPN1,0.2657226636241911,,,,verified,scan_session (donor held constant)
36819,15,2,36804,13,1,0.6457082288455938,0.2158624186138389,0.2158624186138389,2420.687902752844,-0.0284156132857074,0.0,2601.2247864162405,17804.43705695429,PRAD_patient2_by_session,RPS29,0.8615706474594327,,,,verified,scan_session (donor held constant)
36819,15,2,36804,13,1,0.1800528184189645,0.0106853879444239,0.0106853879444239,2420.687902752844,-0.0014728308467413,0.0,2601.2247864162405,17804.43705695429,PRAD_patient2_by_session,RSL24D1,0.1907382063633884,,,,verified,scan_session (donor held constant)
36819,15,2,36804,13,1,0.5104473873429016,0.3711555827688189,0.3711555827688189,2420.687902752844,0.097282886639937,0.097282886639937,2601.2247864162405,17804.43705695429,PRAD_patient2_by_session,SEC11C,0.9788858567516576,,,,verified,scan_session (donor held constant)
36819,15,2,36804,13,1,0.178762710845934,0.0285350415098294,0.0285350415098294,2420.687902752844,-0.0041659670986721,0.0,2601.2247864162405,17804.43705695429,PRAD_patient2_by_session,SELENOT,0.2072977523557635,,,,verified,scan_session (donor held constant)
36819,15,2,36804,13,1,0.2806191252149624,0.0278639340423449,0.0278639340423449,2420.687902752844,-0.0018486146763562,0.0,2601.2247864162405,17804.43705695429,PRAD_patient2_by_session,SGK1,0.3084830592573073,,,,verified,scan_session (donor held constant)
36819,15,2,36804,13,1,0.3007792312090336,0.0381699719813652,0.0381699719813652,2420.687902752844,-0.0053504833861549,0.0,2601.2247864162405,17804.43705695429,PRAD_patient2_by_session,SLIRP,0.3389492031903989,,,,verified,scan_session (donor held constant)
36819,15,2,36804,13,1,0.4663148699193343,0.194879725482345,0.194879725482345,2420.687902752844,0.0495481300729785,0.0495481300729785,2601.2247864162405,17804.43705695429,PRAD_patient2_by_session,SNHG8,0.7107427254746579,,,,verified,scan_session (donor held constant)
36819,15,2,36804,13,1,0.2170649646240866,0.0350283309144342,0.0350283309144342,2420.687902752844,0.0038083236254043,0.0038083236254043,2601.2247864162405,17804.43705695429,PRAD_patient2_by_session,SNHG9,0.2559016191639253,,,,verified,scan_session (donor held constant)
36819,15,2,36804,13,1,0.2456360115560796,0.0276674071979631,0.0276674071979631,2420.687902752844,-0.0022502414113547,0.0,2601.2247864162405,17804.43705695429,PRAD_patient2_by_session,SNRPE,0.2733034187540428,,,,verified,scan_session (donor held constant)
36819,15,2,36804,13,1,0.2357221710921977,0.0102168964833298,0.0102168964833298,2420.687902752844,0.0020182136307325,0.0020182136307325,2601.2247864162405,17804.43705695429,PRAD_patient2_by_session,SOD2,0.2479572812062602,,,,verified,scan_session (donor held constant)
36819,15,2,36804,13,1,0.1324799094008955,0.0098836799185704,0.0098836799185704,2420.687902752844,-0.0005206873003639,0.0,2601.2247864162405,17804.43705695429,PRAD_patient2_by_session,SPCS3,0.1423635893194658,,,,verified,scan_session (donor held constant)
36819,15,2,36804,13,1,0.5103808672480453,0.9103746327411836,0.9103746327411836,2420.687902752844,0.0405433891404412,0.0405433891404412,2601.2247864162405,17804.43705695429,PRAD_patient2_by_session,SPON2,1.46129888912967,,,,verified,scan_session (donor held constant)
36819,15,2,36804,13,1,0.1864177371889668,0.0172915873632281,0.0172915873632281,2420.687902752844,0.0057390959583024,0.0057390959583024,2601.2247864162405,17804.43705695429,PRAD_patient2_by_session,SRRM1,0.2094484205104973,,,,verified,scan_session (donor held constant)
36819,15,2,36804,13,1,0.1692994775808839,0.0206882165691284,0.0206882165691284,2420.687902752844,-0.0027678343220346,0.0,2601.2247864162405,17804.43705695429,PRAD_patient2_by_session,SVIP,0.1899876941500123,,,,verified,scan_session (donor held constant)
36819,15,2,36804,13,1,0.1833825811077306,0.0336047881684108,0.0336047881684108,2420.687902752844,-0.0041633253087559,0.0,2601.2247864162405,17804.43705695429,PRAD_patient2_by_session,TMCO1,0.2169873692761414,,,,verified,scan_session (donor held constant)
36819,15,2,36804,13,1,0.1649824116705281,0.0090430887618408,0.0090430887618408,2420.687902752844,0.0025481352767427,0.0025481352767427,2601.2247864162405,17804.43705695429,PRAD_patient2_by_session,TOB1,0.1765736357091117,,,,verified,scan_session (donor held constant)
36819,15,2,36804,13,1,0.2201071891041728,0.0303335014357563,0.0303335014357563,2420.687902752844,-0.0013666435613747,0.0,2601.2247864162405,17804.43705695429,PRAD_patient2_by_session,TXNL4A,0.2504406905399291,,,,verified,scan_session (donor held constant)
36819,15,2,36804,13,1,0.4144494136347477,0.1646622442753643,0.1646622442753643,2420.687902752844,0.020830995562563,0.020830995562563,2601.2247864162405,17804.43705695429,PRAD_patient2_by_session,XBP1,0.5999426534726752,,,,verified,scan_session (donor held constant)
36819,15,2,36804,13,1,0.396118353780692,0.0926720200271476,0.0926720200271476,2420.687902752844,-0.0036315945971584,0.0,2601.2247864162405,17804.43705695429,PRAD_patient2_by_session,ZFAS1,0.4887903738078396,,,,verified,scan_session (donor held constant)
8407,4,2,8403,2,1,0.1080647961554152,0.0009067158249045,0.0009067158249045,2087.44383032527,0.0010419387361895,0.0010419387361895,2099.449201488154,4168.329249434994,READ,AC010883.3,0.1100134507165093,0.982287124452486,0.0082418633267038,0.0094710122208101,verified,donor_id_from_R5b_audit
8407,4,2,8403,2,1,0.2304388631498772,0.0356392881042777,0.0356392881042777,2087.44383032527,0.0292108759993277,0.0292108759993277,2099.449201488154,4168.329249434994,READ,ADAMDEC1,0.2952890272534827,0.7803841046625255,0.1206928968399635,0.098922998497511,verified,donor_id_from_R5b_audit
8407,4,2,8403,2,1,0.2689296965918382,0.0487785264975272,0.0487785264975272,2087.44383032527,0.09629604693726,0.09629604693726,2099.449201488154,4168.329249434994,READ,ANGPTL2,0.4140042700266255,0.6495819392745461,0.1178213125540714,0.2325967481713824,verified,donor_id_from_R5b_audit
8407,4,2,8403,2,1,0.3624680717993526,0.0693432970148274,0.0693432970148274,2087.44383032527,0.0387237970516498,0.0387237970516498,2099.449201488154,4168.329249434994,READ,APOC1,0.4705351658658298,0.7703315248125538,0.1473711255719412,0.0822973496155049,verified,donor_id_from_R5b_audit
8407,4,2,8403,2,1,0.1328235090918297,0.0056779480037383,0.0056779480037383,2087.44383032527,-0.0028010744600466,0.0,2099.449201488154,4168.329249434994,READ,BTNL3,0.138501457095568,0.959004416828478,0.040995583171522,0.0,verified,donor_id_from_R5b_audit
8407,4,2,8403,2,1,0.3893690673165858,0.0088269227851179,0.0088269227851179,2087.44383032527,0.011663549671245,0.011663549671245,2099.449201488154,4168.329249434994,READ,CA1,0.4098595397729487,0.9500061107087708,0.0215364580509894,0.0284574312402398,verified,donor_id_from_R5b_audit
8407,4,2,8403,2,1,0.4707782896988105,0.0175485554476537,0.0175485554476537,2087.44383032527,0.071234849107494,0.071234849107494,2099.449201488154,4168.329249434994,READ,CA2,0.5595616942539583,0.8413340200609707,0.0313612522584316,0.1273047276805977,verified,donor_id_from_R5b_audit
8407,4,2,8403,2,1,0.0976437773693053,0.0002643593611384,0.0002643593611384,2087.44383032527,0.0001737149969874,0.0001737149969874,2099.449201488154,4168.329249434994,READ,CCL14,0.0980818517274311,0.9955335839361672,0.0026952933339095,0.0017711227299232,verified,donor_id_from_R5b_audit
8407,4,2,8403,2,1,0.3096765646771438,0.0196144905629065,0.0196144905629065,2087.44383032527,0.0191717069571926,0.0191717069571926,2099.449201488154,4168.329249434994,READ,CCL21,0.3484627621972429,0.8886934222884203,0.0562886273391932,0.0550179503723864,verified,donor_id_from_R5b_audit
8407,4,2,8403,2,1,0.4466532056985039,0.0058861725872406,0.0058861725872406,2087.44383032527,0.0744827767066439,0.0744827767066439,2099.449201488154,4168.329249434994,READ,CD177,0.5270221549923886,0.847503660837474,0.011168738413522,0.1413276007490039,verified,donor_id_from_R5b_audit
8407,4,2,8403,2,1,0.1831847447126463,0.0028870536101157,0.0028870536101157,2087.44383032527,0.0068689935485454,0.0068689935485454,2099.449201488154,4168.329249434994,READ,CEMIP,0.1929407918713075,0.94943502064007,0.0149634174407318,0.0356015619191981,verified,donor_id_from_R5b_audit
8407,4,2,8403,2,1,0.2707999322598614,0.0281820047068786,0.0281820047068786,2087.44383032527,-0.0048384779278439,0.0,2099.449201488154,4168.329249434994,READ,CHI3L1,0.2989819369667399,0.905740109276188,0.0942598907238121,0.0,verified,donor_id_from_R5b_audit
8407,4,2,8403,2,1,0.3270616544140895,0.0040682788026024,0.0040682788026024,2087.44383032527,0.0313798192170989,0.0313798192170989,2099.449201488154,4168.329249434994,READ,CLCA1,0.3625097524337909,0.9022147741358332,0.0112225361532734,0.0865626897108932,verified,donor_id_from_R5b_audit
8407,4,2,8403,2,1,0.2598658198974352,0.0129456345318421,0.0129456345318421,2087.44383032527,0.0629095902381867,0.0629095902381867,2099.449201488154,4168.329249434994,READ,CLU,0.3357210446674641,0.7740528156488835,0.0385606882185923,0.1873864961325242,verified,donor_id_from_R5b_audit
8407,4,2,8403,2,1,0.2315039235357928,0.0104113158189467,0.0104113158189467,2087.44383032527,0.0066924956291972,0.0066924956291972,2099.449201488154,4168.329249434994,READ,CXCL10,0.2486077349839368,0.9312016118515012,0.0418784870857678,0.0269199010627309,verified,donor_id_from_R5b_audit
8407,4,2,8403,2,1,0.3094800463904424,0.0034033373218432,0.0034033373218432,2087.44383032527,0.0753617415745381,0.0753617415745381,2099.449201488154,4168.329249434994,READ,CXCL8,0.3882451252868238,0.7971253886621446,0.0087659499120021,0.1941086614258534,verified,donor_id_from_R5b_audit
8407,4,2,8403,2,1,0.1846092568611137,0.0087996850893585,0.0087996850893585,2087.44383032527,-0.0044690591952806,0.0,2099.449201488154,4168.329249434994,READ,CXCL9,0.1934089419504722,0.9545021807129688,0.0454978192870312,0.0,verified,donor_id_from_R5b_audit
8407,4,2,8403,2,1,0.2434465702158377,0.0327856466418795,0.0327856466418795,2087.44383032527,0.1821929109619494,0.1821929109619494,2099.449201488154,4168.329249434994,READ,EFEMP1,0.4584251278196666,0.5310497951403826,0.0715179964017518,0.3974322084578655,verified,donor_id_from_R5b_audit
8407,4,2,8403,2,1,0.1570753784548981,0.0058690488862378,0.0058690488862378,2087.44383032527,-0.0020415597227165,0.0,2099.449201488154,4168.329249434994,READ,EGLN3,0.1629444273411359,0.9639812850184156,0.0360187149815843,0.0,verified,donor_id_from_R5b_audit
8407,4,2,8403,2,1,0.1543971358768257,0.0056481343313904,0.0056481343313904,2087.44383032527,0.0397735077014215,0.0397735077014215,2099.449201488154,4168.329249434994,READ,FRZB,0.1998187779096376,0.7726858180798575,0.0282662840323476,0.1990478978877948,verified,donor_id_from_R5b_audit
8407,4,2,8403,2,1,0.5360397095550715,0.0066765528409798,0.0066765528409798,2087.44383032527,0.0580036580420793,0.0580036580420793,2099.449201488154,4168.329249434994,READ,GUCA2A,0.6007199204381307,0.8923288396431316,0.0111142524391572,0.0965569079177112,verified,donor_id_from_R5b_audit
8407,4,2,8403,2,1,0.142824338835803,0.0081076532299998,0.0081076532299998,2087.44383032527,0.0162414035426592,0.0162414035426592,2099.449201488154,4168.329249434994,READ,HMOX1,0.1671733956084621,0.8543484943639764,0.0484984659221069,0.0971530397139166,verified,donor_id_from_R5b_audit
8407,4,2,8403,2,1,0.5671698072250297,0.0860828512624176,0.0860828512624176,2087.44383032527,-0.0053993437097076,0.0,2099.449201488154,4168.329249434994,READ,IGHG2,0.6532526584874474,0.8682242618625764,0.1317757381374235,0.0,verified,donor_id_from_R5b_audit
8407,4,2,8403,2,1,0.5874948243791407,0.0593316093230039,0.0593316093230039,2087.44383032527,0.2941865581955911,0.2941865581955911,2099.449201488154,4168.329249434994,READ,IGHG4,0.9410129918977356,0.6243216931514868,0.0630507865819687,0.3126275202665445,verified,donor_id_from_R5b_audit
8407,4,2,8403,2,1,0.2554116557522143,0.0540029963220937,0.0540029963220937,2087.44383032527,0.0659935657098681,0.0659935657098681,2099.449201488154,4168.329249434994,READ,ITGB2,0.3754082177841762,0.6803571249978646,0.1438513963302218,0.1757914786719136,verified,donor_id_from_R5b_audit
8407,4,2,8403,2,1,0.1603134543920908,0.0084291334793804,0.0084291334793804,2087.44383032527,0.0254167516754077,0.0254167516754077,2099.449201488154,4168.329249434994,READ,ITIH5,0.1941593395468789,0.8256798502004783,0.0434134845073741,0.1309066652921476,verified,donor_id_from_R5b_audit
8407,4,2,8403,2,1,0.16637874397775,0.0076504862049346,0.0076504862049346,2087.44383032527,0.0006852094193132,0.0006852094193132,2099.449201488154,4168.329249434994,READ,LAMA3,0.1747144396019979,0.9522896010012863,0.0437885169786916,0.0039218820200218,verified,donor_id_from_R5b_audit
8407,4,2,8403,2,1,0.1705075279073663,0.0060451081210331,0.0060451081210331,2087.44383032527,0.0393811860978204,0.0393811860978204,2099.449201488154,4168.329249434994,READ,LOX,0.2159338221262199,0.7896286289403031,0.0279951888106701,0.1823761822490268,verified,donor_id_from_R5b_audit
8407,4,2,8403,2,1,0.1908654792761897,0.0037904418530735,0.0037904418530735,2087.44383032527,0.0114841896627347,0.0114841896627347,2099.449201488154,4168.329249434994,READ,MMP28,0.206140110791998,0.925901701240372,0.0183876967879298,0.0557106019716982,verified,donor_id_from_R5b_audit
8407,4,2,8403,2,1,0.1390911961146465,0.005326410267441,0.005326410267441,2087.44383032527,-0.0017014783203231,0.0,2099.449201488154,4168.329249434994,READ,MMP7,0.1444176063820876,0.9631179992462352,0.0368820007537647,0.0,verified,donor_id_from_R5b_audit
8407,4,2,8403,2,1,0.2830468746238972,0.0275825421867428,0.0275825421867428,2087.44383032527,0.0242106826407419,0.0242106826407419,2099.449201488154,4168.329249434994,READ,MMP9,0.334840099451382,0.8453195274032433,0.0823752657818923,0.0723052068148644,verified,donor_id_from_R5b_audit
8407,4,2,8403,2,1,0.1788418008819445,0.0026150626862472,0.0026150626862472,2087.44383032527,-0.0003383079990336,0.0,2099.449201488154,4168.329249434994,READ,MT1F,0.1814568635681918,0.9855885159986548,0.014411484001345,0.0,verified,donor_id_from_R5b_audit
8407,4,2,8403,2,1,0.2574051354928426,0.0064013075127983,0.0064013075127983,2087.44383032527,0.009860370065112,0.009860370065112,2099.449201488154,4168.329249434994,READ,MT1M,0.2736668130707531,0.9405785546466456,0.0233908797379218,0.0360305656154325,verified,donor_id_from_R5b_audit
8407,4,2,8403,2,1,0.1526324349111464,0.0055374384268104,0.0055374384268104,2087.44383032527,-0.0025637621927662,0.0,2099.449201488154,4168.329249434994,READ,MXI1,0.1581698733379569,0.9649905616667036,0.0350094383332963,0.0,verified,donor_id_from_R5b_audit
8407,4,2,8403,2,1,0.1501645477317151,0.0112209094260004,0.0112209094260004,2087.44383032527,0.0521817679968268,0.0521817679968268,2099.449201488154,4168.329249434994,READ,P3H3,0.2135672251545424,0.7031254333292594,0.0525404093155245,0.2443341573552162,verified,donor_id_from_R5b_audit
8407,4,2,8403,2,1,0.3046710134351499,0.0123322297873319,0.0123322297873319,2087.44383032527,-0.0035690903263166,0.0,2099.449201488154,4168.329249434994,READ,PADI2,0.3170032432224818,0.961097464928216,0.0389025350717841,0.0,verified,donor_id_from_R5b_audit
8407,4,2,8403,2,1,0.1274243482640211,0.0022331709061544,0.0022331709061544,2087.44383032527,-0.0007075634862897,0.0,2099.449201488154,4168.329249434994,READ,PDE9A,0.1296575191701756,0.9827763872049452,0.0172236127950546,0.0,verified,donor_id_from_R5b_audit
8407,4,2,8403,2,1,0.1595070829733218,0.0246499485686303,0.0246499485686303,2087.44383032527,0.0171923776294271,0.0171923776294271,2099.449201488154,4168.329249434994,READ,PLAAT3,0.2013494091713792,0.7921904694418884,0.1224237442268798,0.0853857863312316,verified,donor_id_from_R5b_audit
8407,4,2,8403,2,1,0.1617218677375223,0.001355047741399,0.001355047741399,2087.44383032527,0.0020384067015544,0.0020384067015544,2099.449201488154,4168.329249434994,READ,PRRG3,0.1651153221804758,0.979447973706254,0.00820667472591,0.012345351567836,verified,donor_id_from_R5b_audit
8407,4,2,8403,2,1,0.2205030896246518,0.0169405303418023,0.0169405303418023,2087.44383032527,0.0694953474072301,0.0694953474072301,2099.449201488154,4168.329249434994,READ,PTGDS,0.3069389673736843,0.7183939253832157,0.055191852917059,0.2264142216997252,verified,donor_id_from_R5b_audit
8407,4,2,8403,2,1,0.1447543046202889,0.0024186709156209,0.0024186709156209,2087.44383032527,-0.0010920716492118,0.0,2099.449201488154,4168.329249434994,READ,SECTM1,0.1471729755359098,0.983565794556958,0.016434205443042,0.0,verified,donor_id_from_R5b_audit
8407,4,2,8403,2,1,0.2378843075757956,0.0114518662251889,0.0114518662251889,2087.44383032527,0.0249543003796516,0.0249543003796516,2099.449201488154,4168.329249434994,READ,SGK1,0.2742904741806361,0.8672714875950633,0.0417508710770874,0.0909776413278493,verified,donor_id_from_R5b_audit
8407,4,2,8403,2,1,0.3759281655136834,0.002238604526626,0.002238604526626,2087.44383032527,0.0201920733163557,0.0201920733163557,2099.449201488154,4168.329249434994,READ,SLC26A2,0.3983588433566652,0.943692280924466,0.00561956779411,0.0506881512814241,verified,donor_id_from_R5b_audit
8407,4,2,8403,2,1,0.645680458526359,0.0162696344368378,0.0162696344368378,2087.44383032527,0.205941705105517,0.205941705105517,2099.449201488154,4168.329249434994,READ,SLC26A3,0.8678917980687139,0.7439642360524282,0.018746155307657,0.2372896086399147,verified,donor_id_from_R5b_audit
8407,4,2,8403,2,1,0.1839366302574085,0.0065860946273027,0.0065860946273027,2087.44383032527,-0.0033582370077855,0.0,2099.449201488154,4168.329249434994,READ,SMPDL3A,0.1905227248847112,0.9654314484989228,0.0345685515010772,0.0,verified,donor_id_from_R5b_audit
8407,4,2,8403,2,1,0.1475944300765191,0.0092554084667193,0.0092554084667193,2087.44383032527,0.0392693207277564,0.0392693207277564,2099.449201488154,4168.329249434994,READ,SPHK1,0.1961191592709949,0.7525752742625981,0.0471927806601003,0.2002319450773015,verified,donor_id_from_R5b_audit
8407,4,2,8403,2,1,0.2046030804224914,0.0076970146072982,0.0076970146072982,2087.44383032527,0.0176610060923696,0.0176610060923696,2099.449201488154,4168.329249434994,READ,SPP1,0.2299611011221594,0.8897290864588556,0.0334709416929148,0.0767999718482294,verified,donor_id_from_R5b_audit
8407,4,2,8403,2,1,0.2774392897739091,0.0458319710666665,0.0458319710666665,2087.44383032527,0.1160548771390822,0.1160548771390822,2099.449201488154,4168.329249434994,READ,TPSB2,0.4393261379796579,0.6315110023951166,0.104323342283788,0.2641656553210953,verified,donor_id_from_R5b_audit
8407,4,2,8403,2,1,0.1541928776318035,0.0219980319646749,0.0219980319646749,2087.44383032527,0.0405550274731872,0.0405550274731872,2099.449201488154,4168.329249434994,READ,TSPAN9,0.2167459370696656,0.7113991603092584,0.1014922460004608,0.1871085936902807,verified,donor_id_from_R5b_audit
8407,4,2,8403,2,1,0.3038778549570854,0.0194044841862663,0.0194044841862663,2087.44383032527,0.0585008261195762,0.0585008261195762,2099.449201488154,4168.329249434994,READ,UBD,0.3817831652629281,0.7959435685117481,0.0508259293541735,0.1532305021340783,verified,donor_id_from_R5b_audit
5716,2,2,5714,0,1,0.6231532628168833,,,,7.405120070148471e-05,7.405120070148471e-05,2488.2365290412877,2488.2365290412877,SKCM,ACER1,0.6232273140175848,0.9998811810730436,,0.0001188189269563,unverifiable,donor_id_from_R5b_audit
5716,2,2,5714,0,1,1.465125360377091,,,,-0.0003640106968123,0.0,2488.2365290412877,2488.2365290412877,SKCM,AHNAK2,1.465125360377091,1.0,,0.0,unverifiable,donor_id_from_R5b_audit
5716,2,2,5714,0,1,2.2028881700282725,,,,0.0315579527021969,0.0315579527021969,2488.2365290412877,2488.2365290412877,SKCM,AQP3,2.2344461227304695,0.9858766105921436,,0.0141233894078562,unverifiable,donor_id_from_R5b_audit
5716,2,2,5714,0,1,1.7646391661160374,,,,0.3911927166535832,0.3911927166535832,2488.2365290412877,2488.2365290412877,SKCM,BIRC3,2.155831882769621,0.8185421044283779,,0.181457895571622,unverifiable,donor_id_from_R5b_audit
5716,2,2,5714,0,1,1.0919074718565305,,,,0.0201921673902662,0.0201921673902662,2488.2365290412877,2488.2365290412877,SKCM,CAPNS2,1.1120996392467966,0.9818432030029772,,0.0181567969970226,unverifiable,donor_id_from_R5b_audit
5716,2,2,5714,0,1,0.8139843300962847,,,,0.262779771563993,0.262779771563993,2488.2365290412877,2488.2365290412877,SKCM,CCL19,1.0767641016602778,0.7559541861037071,,0.2440458138962927,unverifiable,donor_id_from_R5b_audit
5716,2,2,5714,0,1,0.3492640304707141,,,,0.0013919059433559,0.0013919059433559,2488.2365290412877,2488.2365290412877,SKCM,CCL22,0.35065593641407,0.9960305650102776,,0.0039694349897225,unverifiable,donor_id_from_R5b_audit
5716,2,2,5714,0,1,0.2317729477728743,,,,0.0024835627945033,0.0024835627945033,2488.2365290412877,2488.2365290412877,SKCM,CD1B,0.2342565105673776,0.9893981055703082,,0.0106018944296917,unverifiable,donor_id_from_R5b_audit
5716,2,2,5714,0,1,1.3729894437544794,,,,0.3695751779036273,0.3695751779036273,2488.2365290412877,2488.2365290412877,SKCM,CD52,1.7425646216581068,0.7879130717390759,,0.2120869282609241,unverifiable,donor_id_from_R5b_audit
5716,2,2,5714,0,1,1.8941947198063296,,,,0.0057426693137853,0.0057426693137853,2488.2365290412877,2488.2365290412877,SKCM,COL17A1,1.8999373891201152,0.9969774428638172,,0.0030225571361827,unverifiable,donor_id_from_R5b_audit
5716,2,2,5714,0,1,2.182052293882468,,,,0.0179187772141816,0.0179187772141816,2488.2365290412877,2488.2365290412877,SKCM,CRABP2,2.19997107109665,0.9918549941635144,,0.0081450058364855,unverifiable,donor_id_from_R5b_audit
5716,2,2,5714,0,1,0.4572339660316959,,,,0.0051360174782375,0.0051360174782375,2488.2365290412877,2488.2365290412877,SKCM,DEFB1,0.4623699835099334,0.9888919746925416,,0.0111080253074585,unverifiable,donor_id_from_R5b_audit
5716,2,2,5714,0,1,2.6463373365151077,,,,0.0884890450310315,0.0884890450310315,2488.2365290412877,2488.2365290412877,SKCM,DMKN,2.734826381546139,0.967643633384506,,0.0323563666154939,unverifiable,donor_id_from_R5b_audit
5716,2,2,5714,0,1,1.9315531631109928,,,,0.0014025936289888,0.0014025936289888,2488.2365290412877,2488.2365290412877,SKCM,DSC1,1.9329557567399815,0.9992743788241928,,0.0007256211758071,unverifiable,donor_id_from_R5b_audit
5716,2,2,5714,0,1,3.030141638933938,,,,0.0225159199274997,0.0225159199274997,2488.2365290412877,2488.2365290412877,SKCM,DSP,3.052657558861438,0.9926241579694588,,0.0073758420305412,unverifiable,donor_id_from_R5b_audit
5716,2,2,5714,0,1,0.9213651179430168,,,,0.0058234905392224,0.0058234905392224,2488.2365290412877,2488.2365290412877,SKCM,FGFBP1,0.9271886084822392,0.9937191953331316,,0.0062808046668683,unverifiable,donor_id_from_R5b_audit
5716,2,2,5714,0,1,1.2737255882433325,,,,0.4109062403890897,0.4109062403890897,2488.2365290412877,2488.2365290412877,SKCM,GZMK,1.6846318286324222,0.7560854345707917,,0.2439145654292082,unverifiable,donor_id_from_R5b_audit
5716,2,2,5714,0,1,1.9520134015084176,,,,0.3582701647810668,0.3582701647810668,2488.2365290412877,2488.2365290412877,SKCM,HAPLN1,2.3102835662894847,0.8449237271091878,,0.1550762728908121,unverifiable,donor_id_from_R5b_audit
5716,2,2,5714,0,1,0.2467602134716314,,,,0.0004372036620256,0.0004372036620256,2488.2365290412877,2488.2365290412877,SKCM,HBD,0.2471974171336571,0.9982313582921084,,0.0017686417078917,unverifiable,donor_id_from_R5b_audit
5716,2,2,5714,0,1,1.1316650154461088,,,,0.2300432958140518,0.2300432958140518,2488.2365290412877,2488.2365290412877,SKCM,IDO1,1.361708311260161,0.8310627217945349,,0.1689372782054651,unverifiable,donor_id_from_R5b_audit
5716,2,2,5714,0,1,0.3314086857682896,,,,-5.1455254446115464e-06,0.0,2488.2365290412877,2488.2365290412877,SKCM,IL1B,0.3314086857682896,1.0,,0.0,unverifiable,donor_id_from_R5b_audit
5716,2,2,5714,0,1,1.231315907560525,,,,0.3394511341305781,0.3394511341305781,2488.2365290412877,2488.2365290412877,SKCM,ITM2A,1.570767041691103,0.7838946673052665,,0.2161053326947334,unverifiable,donor_id_from_R5b_audit
5716,2,2,5714,0,1,3.345386502327421,,,,0.0203332776307935,0.0203332776307935,2488.2365290412877,2488.2365290412877,SKCM,KRT16,3.3657197799582144,0.9939587134520612,,0.0060412865479389,unverifiable,donor_id_from_R5b_audit
5716,2,2,5714,0,1,2.789151198062192,,,,0.098095781384054,0.098095781384054,2488.2365290412877,2488.2365290412877,SKCM,KRT17,2.887246979446246,0.9660244578720216,,0.0339755421279783,unverifiable,donor_id_from_R5b_audit
5716,2,2,5714,0,1,1.7024034494025904,,,,0.1441730646538915,0.1441730646538915,2488.2365290412877,2488.2365290412877,SKCM,KRT2,1.8465765140564816,0.9219241317343638,,0.0780758682656361,unverifiable,donor_id_from_R5b_audit
5716,2,2,5714,0,1,2.8161683379491036,,,,0.0171527411109909,0.0171527411109909,2488.2365290412877,2488.2365290412877,SKCM,KRT5,2.8333210790600947,0.9939460651890956,,0.0060539348109043,unverifiable,donor_id_from_R5b_audit
5716,2,2,5714,0,1,1.7185487553020249,,,,9.557255927986512e-05,9.557255927986512e-05,2488.2365290412877,2488.2365290412877,SKCM,KRTDAP,1.7186443278613046,0.9999443907283604,,5.5609271639581416e-05,unverifiable,donor_id_from_R5b_audit
5716,2,2,5714,0,1,1.343652466596801,,,,0.0686256392317283,0.0686256392317283,2488.2365290412877,2488.2365290412877,SKCM,LAMB3,1.4122781058285294,0.951407843151779,,0.0485921568482209,unverifiable,donor_id_from_R5b_audit
5716,2,2,5714,0,1,1.1021110342555225,,,,0.3225420352603219,0.3225420352603219,2488.2365290412877,2488.2365290412877,SKCM,LCK,1.4246530695158444,0.7735995926573654,,0.2264004073426345,unverifiable,donor_id_from_R5b_audit
5716,2,2,5714,0,1,0.7313335581207261,,,,-0.0001198860527326,0.0,2488.2365290412877,2488.2365290412877,SKCM,LY6D,0.7313335581207261,1.0,,0.0,unverifiable,donor_id_from_R5b_audit
5716,2,2,5714,0,1,3.7147623204016047,,,,0.3130605701028569,0.3130605701028569,2488.2365290412877,2488.2365290412877,SKCM,LYZ,4.027822890504462,0.922275487623626,,0.0777245123763741,unverifiable,donor_id_from_R5b_audit
5716,2,2,5714,0,1,1.8319585817146904,,,,0.0063674057889319,0.0063674057889319,2488.2365290412877,2488.2365290412877,SKCM,MAL2,1.8383259875036224,0.996536302139982,,0.003463697860018,unverifiable,donor_id_from_R5b_audit
5716,2,2,5714,0,1,5.451403094111217,,,,0.211265693393012,0.211265693393012,2488.2365290412877,2488.2365290412877,SKCM,MGP,5.662668787504229,0.962691497362655,,0.0373085026373448,unverifiable,donor_id_from_R5b_audit
5716,2,2,5714,0,1,1.2763322657612892,,,,0.0230779293606385,0.0230779293606385,2488.2365290412877,2488.2365290412877,SKCM,MIR205HG,1.2994101951219277,0.9822396888624744,,0.0177603111375258,unverifiable,donor_id_from_R5b_audit
5716,2,2,5714,0,1,0.688976294834582,,,,0.0365742807572512,0.0365742807572512,2488.2365290412877,2488.2365290412877,SKCM,MMRN1,0.7255505755918332,0.9495909975298172,,0.0504090024701827,unverifiable,donor_id_from_R5b_audit
5716,2,2,5714,0,1,0.4530568011144213,,,,0.0206219516190995,0.0206219516190995,2488.2365290412877,2488.2365290412877,SKCM,MYH11,0.4736787527335208,0.9564642671851044,,0.0435357328148955,unverifiable,donor_id_from_R5b_audit
5716,2,2,5714,0,1,6.478502847143997,,,,0.250021323112215,0.250021323112215,2488.2365290412877,2488.2365290412877,SKCM,POSTN,6.728524170256212,0.9628415805924504,,0.0371584194075495,unverifiable,donor_id_from_R5b_audit
5716,2,2,5714,0,1,0.8904708478504915,,,,0.0045784327398819,0.0045784327398819,2488.2365290412877,2488.2365290412877,SKCM,RHOV,0.8950492805903734,0.9948847143513014,,0.0051152856486985,unverifiable,donor_id_from_R5b_audit
5716,2,2,5714,0,1,2.4242362900305277,,,,0.0132807146423431,0.0132807146423431,2488.2365290412877,2488.2365290412877,SKCM,S100A14,2.4375170046728707,0.9945515396951558,,0.0054484603048443,unverifiable,donor_id_from_R5b_audit
5716,2,2,5714,0,1,2.2977836787282784,,,,-0.0009112528647541,0.0,2488.2365290412877,2488.2365290412877,SKCM,SBSN,2.2977836787282784,1.0,,0.0,unverifiable,donor_id_from_R5b_audit
5716,2,2,5714,0,1,0.4092321889979152,,,,0.0186252421999934,0.0186252421999934,2488.2365290412877,2488.2365290412877,SKCM,SELE,0.4278574311979087,0.9564685784518296,,0.0435314215481702,unverifiable,donor_id_from_R5b_audit
5716,2,2,5714,0,1,0.7809752404521,,,,0.0014545325311762,0.0014545325311762,2488.2365290412877,2488.2365290412877,SKCM,SERPINB2,0.7824297729832763,0.9981410056449788,,0.001858994355021,unverifiable,donor_id_from_R5b_audit
5716,2,2,5714,0,1,1.894090946200289,,,,0.0097674110225828,0.0097674110225828,2488.2365290412877,2488.2365290412877,SKCM,SERPINB5,1.903858357222872,0.994869675579842,,0.0051303244201582,unverifiable,donor_id_from_R5b_audit
5716,2,2,5714,0,1,1.366004818997407,,,,0.0149758623850525,0.0149758623850525,2488.2365290412877,2488.2365290412877,SKCM,SLPI,1.3809806813824594,0.9891556322351588,,0.0108443677648413,unverifiable,donor_id_from_R5b_audit
5716,2,2,5714,0,1,0.2311437858088199,,,,0.0035193808100516,0.0035193808100516,2488.2365290412877,2488.2365290412877,SKCM,TFF3,0.2346631666188716,0.985002414904902,,0.014997585095098,unverifiable,donor_id_from_R5b_audit
5716,2,2,5714,0,1,1.3594232709502103,,,,0.001047184729476,0.001047184729476,2488.2365290412877,2488.2365290412877,SKCM,TP63,1.3604704556796865,0.9992302774932714,,0.0007697225067286,unverifiable,donor_id_from_R5b_audit
5716,2,2,5714,0,1,6.309380815792406,,,,0.1405455468435677,0.1405455468435677,2488.2365290412877,2488.2365290412877,SKCM,TYRP1,6.449926362635974,0.978209743965801,,0.021790256034199,unverifiable,donor_id_from_R5b_audit
5716,2,2,5714,0,1,8.187704494379703,,,,0.5459432365051541,0.5459432365051541,2488.2365290412877,2488.2365290412877,SKCM,VIM,8.733647730884858,0.9374896660218466,,0.0625103339781534,unverifiable,donor_id_from_R5b_audit
5716,2,2,5714,0,1,1.5780034422561109,,,,0.0289134046855828,0.0289134046855828,2488.2365290412877,2488.2365290412877,SKCM,VWF,1.6069168469416937,0.9820069067415584,,0.0179930932584415,unverifiable,donor_id_from_R5b_audit
5716,2,2,5714,0,1,1.1958122965340574,,,,0.3283903223529909,0.3283903223529909,2488.2365290412877,2488.2365290412877,SKCM,WDFY4,1.5242026188870483,0.784549430447261,,0.215450569552739,unverifiable,donor_id_from_R5b_audit
