cell_id,gen,K,N,share,tau,sigma_a,alpha,method,o,n_reps,coverage,coverage_sd,coverage_mcse,frac_infinite,halfwidth_mean,halfwidth_median,price,price_finite_reps,price_median,q_star,own_raw_mean,own_centred_mean,price_own_raw,price_own_centred,realised_share,ghcp_pool_empty
normal|K30|N21|share0.3|tau0.0,normal,30,21,0.3,0.0,1.1538468782873679,0.1,ghcp,0,200,0.9231299999999999,0.11776453425220255,0.008327210075300786,0.0,2.765420739636973,2.759990647839126,1.101557873145148,1.101557873145148,1.09939488930472,2.5104634146376656,2.3047132370850427,1.6448536269514722,0.9180429492208637,0.6551992024105529,0.29575263232094817,False
normal|K30|N21|share0.3|tau0.0,normal,30,21,0.3,0.0,1.1538468782873679,0.1,ghcp,3,200,0.91976,0.11210073718036785,0.007926719143624904,0.0,2.62348564374503,2.6168455788254654,1.0450204645279313,1.0450204645279313,1.0423755086680497,2.5104634146376656,2.3047132370850427,1.6448536269514722,0.9180429492208637,0.6551992024105529,0.29575263232094817,False
normal|K30|N21|share0.3|tau0.0,normal,30,21,0.3,0.0,1.1538468782873679,0.1,ghcp,5,200,0.9185099999999999,0.10882506316037358,0.007695094012375449,0.0,2.522466706410591,2.5225783259914056,1.004781305197653,1.004781305197653,1.0048257669413152,2.5104634146376656,2.3047132370850427,1.6448536269514722,0.9180429492208637,0.6551992024105529,0.29575263232094817,False
normal|K30|N21|share0.3|tau0.0,normal,30,21,0.3,0.0,1.1538468782873679,0.1,ghcp,9,200,0.9158099999999999,0.09521129055551253,0.00673245491973256,0.0,2.3447698433172985,2.3451271605574595,0.9339988105963769,0.9339988105963769,0.934141141784347,2.5104634146376656,2.3047132370850427,1.6448536269514722,0.9180429492208637,0.6551992024105529,0.29575263232094817,False
normal|K30|N21|share0.3|tau0.0,normal,30,21,0.3,0.0,1.1538468782873679,0.1,ghcp,10,200,0.91708,0.0893196709470565,0.006315854502001471,0.0,2.2910718081267665,2.2791409101761793,0.9126091201999995,0.9126091201999995,0.9078566518385718,2.5104634146376656,2.3047132370850427,1.6448536269514722,0.9180429492208637,0.6551992024105529,0.29575263232094817,False
normal|K30|N21|share0.3|tau0.0,normal,30,21,0.3,0.0,1.1538468782873679,0.1,ghcp,12,200,0.9134399999999999,0.08607771643306797,0.006086613699887508,0.0,2.2178394311240943,2.214217257859173,0.8834382601206695,0.8834382601206695,0.8819954295883454,2.5104634146376656,2.3047132370850427,1.6448536269514722,0.9180429492208637,0.6551992024105529,0.29575263232094817,False
normal|K30|N21|share0.3|tau0.0,normal,30,21,0.3,0.0,1.1538468782873679,0.1,ghcp,15,200,0.90815,0.0839058906898813,0.005933042428831227,0.0,2.1429756168662397,2.1404371411428436,0.8536175450202825,0.8536175450202825,0.8526063867980217,2.5104634146376656,2.3047132370850427,1.6448536269514722,0.9180429492208637,0.6551992024105529,0.29575263232094817,False
normal|K30|N21|share0.3|tau0.0,normal,30,21,0.3,0.0,1.1538468782873679,0.1,ghcp,17,200,0.9052500000000001,0.07984946578362091,0.005646209872972155,0.0,2.0884774655260485,2.0830914536629273,0.8319091420925875,0.8319091420925875,0.8297637167373654,2.5104634146376656,2.3047132370850427,1.6448536269514722,0.9180429492208637,0.6551992024105529,0.29575263232094817,False
normal|K30|N21|share0.3|tau0.0,normal,30,21,0.3,0.0,1.1538468782873679,0.1,ghcp,20,200,0.8977200000000001,0.07632831491845904,0.00539722690753847,0.0,1.986018229758102,1.9755768564986214,0.7910962646092747,0.7910962646092747,0.7869371228354489,2.5104634146376656,2.3047132370850427,1.6448536269514722,0.9180429492208637,0.6551992024105529,0.29575263232094817,False
normal|K30|N21|share0.3|tau0.0,normal,30,21,0.3,0.0,1.1538468782873679,0.1,ghcp,25,200,0.92803,0.06992098268113425,0.0049441601001057175,0.0,2.2767682630013293,2.1966869043987467,0.9069115485715749,0.9069115485715749,0.8750125142595611,2.5104634146376656,2.3047132370850427,1.6448536269514722,0.9180429492208637,0.6551992024105529,0.29575263232094817,True
normal|K30|N21|share0.3|tau0.0,normal,30,21,0.3,0.0,1.1538468782873679,0.1,ghcp,35,200,0.94613,0.05234062288528959,0.0037010409373716066,0.0,2.3150080344077377,2.2810448948187743,0.9221437049867791,0.9221437049867791,0.9086150714321389,2.5104634146376656,2.3047132370850427,1.6448536269514722,0.9180429492208637,0.6551992024105529,0.29575263232094817,True
normal|K30|N21|share0.3|tau0.0,normal,30,21,0.3,0.0,1.1538468782873679,0.1,ghcp,50,200,0.92774,0.049067407229863955,0.003469589638747863,0.0,2.027731311571136,2.0253676287990903,0.8077119545929721,0.8077119545929721,0.8067704221419258,2.5104634146376656,2.3047132370850427,1.6448536269514722,0.9180429492208637,0.6551992024105529,0.29575263232094817,True
normal|K30|N21|share0.3|tau0.0,normal,30,21,0.3,0.0,1.1538468782873679,0.1,ghcp,100,200,0.89973,0.04640251141184745,0.003281153048340349,0.0,1.7463203311893818,1.7377153031322967,0.6956167219992838,0.6956167219992838,0.6921890568092985,2.5104634146376656,2.3047132370850427,1.6448536269514722,0.9180429492208637,0.6551992024105529,0.29575263232094817,True
normal|K30|N21|share0.3|tau0.0,normal,30,21,0.3,0.0,1.1538468782873679,0.1,ghcp_noad,0,200,0.92283,0.11768987054177901,0.008321930553705883,0.0,2.7660727011110406,2.7773238995783878,1.1018175708050568,1.1018175708050568,1.1062992925468456,2.5104634146376656,2.3047132370850427,1.6448536269514722,0.9180429492208637,0.6551992024105529,0.29575263232094817,False
normal|K30|N21|share0.3|tau0.0,normal,30,21,0.3,0.0,1.1538468782873679,0.1,ghcp_noad,3,200,0.9187000000000001,0.11941242244074034,0.008443733366576014,0.0,2.720072446368649,2.7229341187511724,1.0834941590898415,1.0834941590898415,1.0846340571524213,2.5104634146376656,2.3047132370850427,1.6448536269514722,0.9180429492208637,0.6551992024105529,0.29575263232094817,False
normal|K30|N21|share0.3|tau0.0,normal,30,21,0.3,0.0,1.1538468782873679,0.1,ghcp_noad,5,200,0.91539,0.1209395708566678,0.008551719066654076,0.0,2.689061212335553,2.6856000986072575,1.0711413664332026,1.0711413664332026,1.0697626912021216,2.5104634146376656,2.3047132370850427,1.6448536269514722,0.9180429492208637,0.6551992024105529,0.29575263232094817,False
normal|K30|N21|share0.3|tau0.0,normal,30,21,0.3,0.0,1.1538468782873679,0.1,ghcp_noad,9,200,0.9108599999999999,0.1233344939055359,0.008721065699481535,0.0,2.6407443555923926,2.633211328345533,1.0518951760838666,1.0518951760838666,1.0488945240118481,2.5104634146376656,2.3047132370850427,1.6448536269514722,0.9180429492208637,0.6551992024105529,0.29575263232094817,False
normal|K30|N21|share0.3|tau0.0,normal,30,21,0.3,0.0,1.1538468782873679,0.1,ghcp_noad,10,200,0.90935,0.12383177720288976,0.008756228938654508,0.0,2.6307390455968207,2.6213208998044077,1.0479097326246096,1.0479097326246096,1.0441581759448753,2.5104634146376656,2.3047132370850427,1.6448536269514722,0.9180429492208637,0.6551992024105529,0.29575263232094817,False
normal|K30|N21|share0.3|tau0.0,normal,30,21,0.3,0.0,1.1538468782873679,0.1,ghcp_noad,12,200,0.90523,0.1263458884079254,0.008934003446828286,0.0,2.5988168626411845,2.5974512579409486,1.0351940791044236,1.0351940791044236,1.034650113917648,2.5104634146376656,2.3047132370850427,1.6448536269514722,0.9180429492208637,0.6551992024105529,0.29575263232094817,False
normal|K30|N21|share0.3|tau0.0,normal,30,21,0.3,0.0,1.1538468782873679,0.1,ghcp_noad,15,200,0.9020199999999999,0.12845834864532324,0.00908337694271338,0.0,2.569929236130059,2.5679645539390314,1.023687189044727,1.023687189044727,1.0229045916248354,2.5104634146376656,2.3047132370850427,1.6448536269514722,0.9180429492208637,0.6551992024105529,0.29575263232094817,False
normal|K30|N21|share0.3|tau0.0,normal,30,21,0.3,0.0,1.1538468782873679,0.1,ghcp_noad,17,200,0.8993000000000001,0.13026046577808487,0.009210805867220201,0.0,2.5503887485680354,2.5382215032674944,1.0159035713078226,1.0159035713078226,1.0110569580373014,2.5104634146376656,2.3047132370850427,1.6448536269514722,0.9180429492208637,0.6551992024105529,0.29575263232094817,False
normal|K30|N21|share0.3|tau0.0,normal,30,21,0.3,0.0,1.1538468782873679,0.1,ghcp_noad,20,200,0.8938900000000001,0.13364186710464682,0.009449907048012716,0.0,2.5117009413156404,2.5055031264834,1.000492947505532,1.000492947505532,0.9980241543751069,2.5104634146376656,2.3047132370850427,1.6448536269514722,0.9180429492208637,0.6551992024105529,0.29575263232094817,False
normal|K30|N21|share0.3|tau0.0,normal,30,21,0.3,0.0,1.1538468782873679,0.1,ghcp_noad,25,200,0.92729,0.050145475805087256,0.0035458205987603146,0.0,2.5684525158110216,2.4646877802380853,1.0230989628589051,1.0230989628589051,0.9817660619419196,2.5104634146376656,2.3047132370850427,1.6448536269514722,0.9180429492208637,0.6551992024105529,0.29575263232094817,True
normal|K30|N21|share0.3|tau0.0,normal,30,21,0.3,0.0,1.1538468782873679,0.1,ghcp_noad,35,200,0.91852,0.047494084265316705,0.0033583389050250746,0.0,2.480230523729658,2.2878857665106263,0.9879572469641543,0.9879572469641543,0.911340015222184,2.5104634146376656,2.3047132370850427,1.6448536269514722,0.9180429492208637,0.6551992024105529,0.29575263232094817,True
normal|K30|N21|share0.3|tau0.0,normal,30,21,0.3,0.0,1.1538468782873679,0.1,ghcp_noad,50,200,0.9054099999999999,0.04396517466034421,0.0031088073138380357,0.0,2.3739074755651064,2.17636744242495,0.9456052861490244,0.9456052861490244,0.8669186054396512,2.5104634146376656,2.3047132370850427,1.6448536269514722,0.9180429492208637,0.6551992024105529,0.29575263232094817,True
normal|K30|N21|share0.3|tau0.0,normal,30,21,0.3,0.0,1.1538468782873679,0.1,ghcp_noad,100,200,0.90218,0.031138006959131718,0.0022017895873435943,0.0,2.3306374150319855,2.149484925965801,0.9283694004233738,0.9283694004233738,0.8562104165441644,2.5104634146376656,2.3047132370850427,1.6448536269514722,0.9180429492208637,0.6551992024105529,0.29575263232094817,True
normal|K30|N21|share0.3|tau0.0,normal,30,21,0.3,0.0,1.1538468782873679,0.1,ghcp_r05,0,200,0.95494,0.08620995989982624,0.006095964725098747,0.0,3.151752957303681,3.116319015277299,1.2554466792572527,1.2554466792572527,1.2413321768033319,2.5104634146376656,2.3047132370850427,1.6448536269514722,0.9180429492208637,0.6551992024105529,0.29575263232094817,False
normal|K30|N21|share0.3|tau0.0,normal,30,21,0.3,0.0,1.1538468782873679,0.1,ghcp_r05,3,200,0.94731,0.08516743131493353,0.006022246821902901,0.0,2.9205407803803602,2.9054947671015383,1.16334727817648,1.16334727817648,1.1573539571063167,2.5104634146376656,2.3047132370850427,1.6448536269514722,0.9180429492208637,0.6551992024105529,0.29575263232094817,False
normal|K30|N21|share0.3|tau0.0,normal,30,21,0.3,0.0,1.1538468782873679,0.1,ghcp_r05,5,200,0.94683,0.08286752217338092,0.005859618686892424,0.0,2.800888618080862,2.780613134877104,1.115685893588341,1.115685893588341,1.1076095029564206,2.5104634146376656,2.3047132370850427,1.6448536269514722,0.9180429492208637,0.6551992024105529,0.29575263232094817,False
normal|K30|N21|share0.3|tau0.0,normal,30,21,0.3,0.0,1.1538468782873679,0.1,ghcp_r05,9,200,0.9377599999999998,0.08240421514320026,0.005826857932611209,0.0,2.5373380110586754,2.5207357544636646,1.0107050340842703,1.0107050340842703,1.004091810207671,2.5104634146376656,2.3047132370850427,1.6448536269514722,0.9180429492208637,0.6551992024105529,0.29575263232094817,False
normal|K30|N21|share0.3|tau0.0,normal,30,21,0.3,0.0,1.1538468782873679,0.1,ghcp_r05,10,200,0.9331299999999999,0.07555558438433449,0.005342586607467534,0.0,2.4359835954043705,2.4350067097218777,0.9703322427249772,0.9703322427249772,0.9699431170851465,2.5104634146376656,2.3047132370850427,1.6448536269514722,0.9180429492208637,0.6551992024105529,0.29575263232094817,False
normal|K30|N21|share0.3|tau0.0,normal,30,21,0.3,0.0,1.1538468782873679,0.1,ghcp_r05,12,200,0.93242,0.07494818042316784,0.005299636661481482,0.0,2.377237004062199,2.3739971687520183,0.9469315466623937,0.9469315466623937,0.9456410138901213,2.5104634146376656,2.3047132370850427,1.6448536269514722,0.9180429492208637,0.6551992024105529,0.29575263232094817,False
normal|K30|N21|share0.3|tau0.0,normal,30,21,0.3,0.0,1.1538468782873679,0.1,ghcp_r05,15,200,0.9194599999999999,0.07241941215089644,0.005120825742144232,0.0,2.2292406041633526,2.2152155754179024,0.887979721658321,0.887979721658321,0.8823930922481195,2.5104634146376656,2.3047132370850427,1.6448536269514722,0.9180429492208637,0.6551992024105529,0.29575263232094817,False
normal|K30|N21|share0.3|tau0.0,normal,30,21,0.3,0.0,1.1538468782873679,0.1,ghcp_r05,17,200,0.9115300000000001,0.07505012797152788,0.005306845441758555,0.0,2.1367992155597633,2.1027492577700473,0.8511572816002048,0.8511572816002048,0.8375940655058445,2.5104634146376656,2.3047132370850427,1.6448536269514722,0.9180429492208637,0.6551992024105529,0.29575263232094817,False
normal|K30|N21|share0.3|tau0.0,normal,30,21,0.3,0.0,1.1538468782873679,0.1,ghcp_r05,20,200,0.9004400000000001,0.07753362959769756,0.005482455525853795,0.0,2.018441041443923,2.0022039233500424,0.80401133498902,0.80401133498902,0.7975435577654175,2.5104634146376656,2.3047132370850427,1.6448536269514722,0.9180429492208637,0.6551992024105529,0.29575263232094817,False
normal|K30|N21|share0.3|tau0.0,normal,30,21,0.3,0.0,1.1538468782873679,0.1,ghcp_r05,25,200,0.92803,0.06992098268113425,0.0049441601001057175,0.0,2.2767682630013293,2.1966869043987467,0.9069115485715749,0.9069115485715749,0.8750125142595611,2.5104634146376656,2.3047132370850427,1.6448536269514722,0.9180429492208637,0.6551992024105529,0.29575263232094817,True
normal|K30|N21|share0.3|tau0.0,normal,30,21,0.3,0.0,1.1538468782873679,0.1,ghcp_r05,35,200,0.94613,0.05234062288528959,0.0037010409373716066,0.0,2.3150080344077377,2.2810448948187743,0.9221437049867791,0.9221437049867791,0.9086150714321389,2.5104634146376656,2.3047132370850427,1.6448536269514722,0.9180429492208637,0.6551992024105529,0.29575263232094817,True
normal|K30|N21|share0.3|tau0.0,normal,30,21,0.3,0.0,1.1538468782873679,0.1,ghcp_r05,50,200,0.92774,0.049067407229863955,0.003469589638747863,0.0,2.027731311571136,2.0253676287990903,0.8077119545929721,0.8077119545929721,0.8067704221419258,2.5104634146376656,2.3047132370850427,1.6448536269514722,0.9180429492208637,0.6551992024105529,0.29575263232094817,True
normal|K30|N21|share0.3|tau0.0,normal,30,21,0.3,0.0,1.1538468782873679,0.1,ghcp_r05,100,200,0.89973,0.04640251141184745,0.003281153048340349,0.0,1.7463203311893818,1.7377153031322967,0.6956167219992838,0.6956167219992838,0.6921890568092985,2.5104634146376656,2.3047132370850427,1.6448536269514722,0.9180429492208637,0.6551992024105529,0.29575263232094817,True
normal|K30|N21|share0.3|tau0.0,normal,30,21,0.3,0.0,1.1538468782873679,0.1,ghcp_r05code,0,200,0.94831,0.0980757777993872,0.006935004755209174,0.0,3.095385324527841,3.085048821738737,1.2329936004961046,1.2329936004961046,1.228876232073671,2.5104634146376656,2.3047132370850427,1.6448536269514722,0.9180429492208637,0.6551992024105529,0.29575263232094817,False
normal|K30|N21|share0.3|tau0.0,normal,30,21,0.3,0.0,1.1538468782873679,0.1,ghcp_r05code,3,200,0.94128,0.0971238736571542,0.006867694967807922,0.0,2.8616285892593463,2.838827169456114,1.139880618285116,1.139880618285116,1.1307980641756696,2.5104634146376656,2.3047132370850427,1.6448536269514722,0.9180429492208637,0.6551992024105529,0.29575263232094817,False
normal|K30|N21|share0.3|tau0.0,normal,30,21,0.3,0.0,1.1538468782873679,0.1,ghcp_r05code,5,200,0.94209,0.087716147387826,0.0062024682637490435,0.0,2.7626238485322268,2.7410751557231032,1.1004437795923645,1.1004437795923645,1.0918602277734135,2.5104634146376656,2.3047132370850427,1.6448536269514722,0.9180429492208637,0.6551992024105529,0.29575263232094817,False
normal|K30|N21|share0.3|tau0.0,normal,30,21,0.3,0.0,1.1538468782873679,0.1,ghcp_r05code,9,200,0.9333899999999999,0.08853019755652296,0.00626003030320021,0.0,2.5153706868568837,2.493115301491911,1.001954727637378,1.001954727637378,0.9930896769717479,2.5104634146376656,2.3047132370850427,1.6448536269514722,0.9180429492208637,0.6551992024105529,0.29575263232094817,False
normal|K30|N21|share0.3|tau0.0,normal,30,21,0.3,0.0,1.1538468782873679,0.1,ghcp_r05code,10,200,0.93568,0.07684362245207983,0.005433664652680448,0.0,2.4633512616580435,2.46241454317398,0.9812336827117547,0.9812336827117547,0.9808605569858023,2.5104634146376656,2.3047132370850427,1.6448536269514722,0.9180429492208637,0.6551992024105529,0.29575263232094817,False
normal|K30|N21|share0.3|tau0.0,normal,30,21,0.3,0.0,1.1538468782873679,0.1,ghcp_r05code,12,200,0.9280000000000002,0.0764977090996027,0.0054092048849564926,0.0,2.3360240418246616,2.3393178620842603,0.9305150707252267,0.9305150707252267,0.9318271074752521,2.5104634146376656,2.3047132370850427,1.6448536269514722,0.9180429492208637,0.6551992024105529,0.29575263232094817,False
normal|K30|N21|share0.3|tau0.0,normal,30,21,0.3,0.0,1.1538468782873679,0.1,ghcp_r05code,15,200,0.9170599999999999,0.07949208361078428,0.005620939137183358,0.0,2.213239544944264,2.214220272875023,0.8816059744346841,0.8816059744346841,0.8819966305681459,2.5104634146376656,2.3047132370850427,1.6448536269514722,0.9180429492208637,0.6551992024105529,0.29575263232094817,False
normal|K30|N21|share0.3|tau0.0,normal,30,21,0.3,0.0,1.1538468782873679,0.1,ghcp_r05code,17,200,0.9144599999999999,0.07819565976465796,0.005529268127894571,0.0,2.1631028032351782,2.1583428393538115,0.8616348641541061,0.8616348641541061,0.859738814264029,2.5104634146376656,2.3047132370850427,1.6448536269514722,0.9180429492208637,0.6551992024105529,0.29575263232094817,False
normal|K30|N21|share0.3|tau0.0,normal,30,21,0.3,0.0,1.1538468782873679,0.1,ghcp_r05code,20,200,0.90018,0.07195257790612289,0.005087815576127285,0.0,2.004414694283648,1.988229402589131,0.7984241804109083,0.7984241804109083,0.7919770473437039,2.5104634146376656,2.3047132370850427,1.6448536269514722,0.9180429492208637,0.6551992024105529,0.29575263232094817,False
normal|K30|N21|share0.3|tau0.0,normal,30,21,0.3,0.0,1.1538468782873679,0.1,ghcp_r05code,25,200,0.92803,0.06992098268113425,0.0049441601001057175,0.0,2.2767682630013293,2.1966869043987467,0.9069115485715749,0.9069115485715749,0.8750125142595611,2.5104634146376656,2.3047132370850427,1.6448536269514722,0.9180429492208637,0.6551992024105529,0.29575263232094817,True
normal|K30|N21|share0.3|tau0.0,normal,30,21,0.3,0.0,1.1538468782873679,0.1,ghcp_r05code,35,200,0.94613,0.05234062288528959,0.0037010409373716066,0.0,2.3150080344077377,2.2810448948187743,0.9221437049867791,0.9221437049867791,0.9086150714321389,2.5104634146376656,2.3047132370850427,1.6448536269514722,0.9180429492208637,0.6551992024105529,0.29575263232094817,True
normal|K30|N21|share0.3|tau0.0,normal,30,21,0.3,0.0,1.1538468782873679,0.1,ghcp_r05code,50,200,0.92774,0.049067407229863955,0.003469589638747863,0.0,2.027731311571136,2.0253676287990903,0.8077119545929721,0.8077119545929721,0.8067704221419258,2.5104634146376656,2.3047132370850427,1.6448536269514722,0.9180429492208637,0.6551992024105529,0.29575263232094817,True
normal|K30|N21|share0.3|tau0.0,normal,30,21,0.3,0.0,1.1538468782873679,0.1,ghcp_r05code,100,200,0.89973,0.04640251141184745,0.003281153048340349,0.0,1.7463203311893818,1.7377153031322967,0.6956167219992838,0.6956167219992838,0.6921890568092985,2.5104634146376656,2.3047132370850427,1.6448536269514722,0.9180429492208637,0.6551992024105529,0.29575263232094817,True
normal|K30|N21|share0.3|tau0.0,normal,30,21,0.3,0.0,1.1538468782873679,0.1,hcp,0,200,0.92167,0.11881978711075536,0.008401827720515705,0.0,2.7528190286564977,2.756003147575952,1.0965381979302062,1.0965381979302062,1.0978065370348067,2.5104634146376656,2.3047132370850427,1.6448536269514722,0.9180429492208637,0.6551992024105529,0.29575263232094817,False
normal|K30|N21|share0.3|tau0.0,normal,30,21,0.3,0.0,1.1538468782873679,0.1,one_per,0,200,0.89724,0.15684624997319271,0.011090704695972491,0.0,2.6494296924590657,2.6368681819206383,1.0553548309093592,1.0553548309093592,1.0503511688503202,2.5104634146376656,2.3047132370850427,1.6448536269514722,0.9180429492208637,0.6551992024105529,0.29575263232094817,False
normal|K30|N21|share0.3|tau0.0,normal,30,21,0.3,0.0,1.1538468782873679,0.1,pooled,0,200,0.8911199999999999,0.14134837251295218,0.009994839271359069,0.0,2.515445069011654,2.5096780796497047,1.0019843564916908,1.0019843564916908,0.9996871752906726,2.5104634146376656,2.3047132370850427,1.6448536269514722,0.9180429492208637,0.6551992024105529,0.29575263232094817,False
normal|K30|N21|share0.3|tau0.0,normal,30,21,0.3,0.0,1.1538468782873679,0.1,within,3,200,1.0,0.0,0.0,1.0,inf,inf,inf,inf,inf,2.5104634146376656,2.3047132370850427,1.6448536269514722,0.9180429492208637,0.6551992024105529,0.29575263232094817,False
normal|K30|N21|share0.3|tau0.0,normal,30,21,0.3,0.0,1.1538468782873679,0.1,within,5,200,1.0,0.0,0.0,1.0,inf,inf,inf,inf,inf,2.5104634146376656,2.3047132370850427,1.6448536269514722,0.9180429492208637,0.6551992024105529,0.29575263232094817,False
normal|K30|N21|share0.3|tau0.0,normal,30,21,0.3,0.0,1.1538468782873679,0.1,within,9,200,1.0,0.0,0.0,1.0,inf,inf,inf,inf,inf,2.5104634146376656,2.3047132370850427,1.6448536269514722,0.9180429492208637,0.6551992024105529,0.29575263232094817,False
normal|K30|N21|share0.3|tau0.0,normal,30,21,0.3,0.0,1.1538468782873679,0.1,within,10,200,1.0,0.0,0.0,1.0,inf,inf,inf,inf,inf,2.5104634146376656,2.3047132370850427,1.6448536269514722,0.9180429492208637,0.6551992024105529,0.29575263232094817,False
normal|K30|N21|share0.3|tau0.0,normal,30,21,0.3,0.0,1.1538468782873679,0.1,within,12,200,1.0,0.0,0.0,1.0,inf,inf,inf,inf,inf,2.5104634146376656,2.3047132370850427,1.6448536269514722,0.9180429492208637,0.6551992024105529,0.29575263232094817,False
normal|K30|N21|share0.3|tau0.0,normal,30,21,0.3,0.0,1.1538468782873679,0.1,within,15,200,1.0,0.0,0.0,1.0,inf,inf,inf,inf,inf,2.5104634146376656,2.3047132370850427,1.6448536269514722,0.9180429492208637,0.6551992024105529,0.29575263232094817,False
normal|K30|N21|share0.3|tau0.0,normal,30,21,0.3,0.0,1.1538468782873679,0.1,within,17,200,0.89956,0.09152403863598461,0.00647172683610843,0.0,1.9414088599775112,1.9149105394992414,0.7733268880390014,0.7733268880390014,0.7627717370163787,2.5104634146376656,2.3047132370850427,1.6448536269514722,0.9180429492208637,0.6551992024105529,0.29575263232094817,False
normal|K30|N21|share0.3|tau0.0,normal,30,21,0.3,0.0,1.1538468782873679,0.1,within,20,200,0.91571,0.08343441982815186,0.0058997044044851515,0.0,2.012380755550749,1.9520776938465194,0.8015973241502884,0.8015973241502884,0.777576634841445,2.5104634146376656,2.3047132370850427,1.6448536269514722,0.9180429492208637,0.6551992024105529,0.29575263232094817,False
normal|K30|N21|share0.3|tau0.0,normal,30,21,0.3,0.0,1.1538468782873679,0.1,within,25,200,0.9321099999999999,0.0697384049547173,0.004931249905261412,0.0,2.0925139988343413,2.0938587787956027,0.8335170258341938,0.8335170258341938,0.8340526958437307,2.5104634146376656,2.3047132370850427,1.6448536269514722,0.9180429492208637,0.6551992024105529,0.29575263232094817,False
normal|K30|N21|share0.3|tau0.0,normal,30,21,0.3,0.0,1.1538468782873679,0.1,within,35,200,0.9507000000000001,0.04585612194241887,0.003242517478440162,0.0,2.1807972591364098,2.146106662173784,0.868683146872771,0.868683146872771,0.85486474316278,2.5104634146376656,2.3047132370850427,1.6448536269514722,0.9180429492208637,0.6551992024105529,0.29575263232094817,False
normal|K30|N21|share0.3|tau0.0,normal,30,21,0.3,0.0,1.1538468782873679,0.1,within,50,200,0.9304400000000002,0.04203093381052726,0.0029720358317026764,0.0,1.9294427227253326,1.9136096858586158,0.7685603827067954,0.7685603827067954,0.7622535643025121,2.5104634146376656,2.3047132370850427,1.6448536269514722,0.9180429492208637,0.6551992024105529,0.29575263232094817,False
normal|K30|N21|share0.3|tau0.0,normal,30,21,0.3,0.0,1.1538468782873679,0.1,within,100,200,0.9001300000000001,0.044170559102837785,0.003123330187041778,0.0,1.7047936398425225,1.6850922646110673,0.6790752774577179,0.6790752774577179,0.6712275728799163,2.5104634146376656,2.3047132370850427,1.6448536269514722,0.9180429492208637,0.6551992024105529,0.29575263232094817,False
normal|K30|N21|share0.3|tau0.0,normal,30,21,0.3,0.0,1.1538468782873679,0.1,within_full,3,200,1.0,0.0,0.0,1.0,inf,inf,inf,inf,inf,2.5104634146376656,2.3047132370850427,1.6448536269514722,0.9180429492208637,0.6551992024105529,0.29575263232094817,False
normal|K30|N21|share0.3|tau0.0,normal,30,21,0.3,0.0,1.1538468782873679,0.1,within_full,5,200,1.0,0.0,0.0,1.0,inf,inf,inf,inf,inf,2.5104634146376656,2.3047132370850427,1.6448536269514722,0.9180429492208637,0.6551992024105529,0.29575263232094817,False
normal|K30|N21|share0.3|tau0.0,normal,30,21,0.3,0.0,1.1538468782873679,0.1,within_full,9,200,0.90617,0.0873608073066311,0.006177341925645013,0.0,1.9760420232532683,1.9487704955900946,0.787122414025886,0.787122414025886,0.7762592691960659,2.5104634146376656,2.3047132370850427,1.6448536269514722,0.9180429492208637,0.6551992024105529,0.29575263232094817,False
normal|K30|N21|share0.3|tau0.0,normal,30,21,0.3,0.0,1.1538468782873679,0.1,within_full,10,200,0.91541,0.08068719861353783,0.00570544652945784,0.0,2.0136653174887336,1.9672700742251863,0.8021090073441143,0.8021090073441143,0.7836282587329088,2.5104634146376656,2.3047132370850427,1.6448536269514722,0.9180429492208637,0.6551992024105529,0.29575263232094817,False
normal|K30|N21|share0.3|tau0.0,normal,30,21,0.3,0.0,1.1538468782873679,0.1,within_full,12,200,0.9312199999999998,0.06703566589892698,0.004740137393848706,0.0,2.0906378791977067,2.044882188328243,0.8327697057873468,0.8327697057873468,0.8145437118920852,2.5104634146376656,2.3047132370850427,1.6448536269514722,0.9180429492208637,0.6551992024105529,0.29575263232094817,False
normal|K30|N21|share0.3|tau0.0,normal,30,21,0.3,0.0,1.1538468782873679,0.1,within_full,15,200,0.9415199999999999,0.05731522288074387,0.004052798276419235,0.0,2.14199236494076,2.0845151408833527,0.8532258834968576,0.8532258834968576,0.8303308180988609,2.5104634146376656,2.3047132370850427,1.6448536269514722,0.9180429492208637,0.6551992024105529,0.29575263232094817,False
normal|K30|N21|share0.3|tau0.0,normal,30,21,0.3,0.0,1.1538468782873679,0.1,within_full,17,200,0.9475999999999999,0.05189978747257537,0.003669869166399867,0.0,2.190710248931845,2.177177114687713,0.8726318161653154,0.8726318161653154,0.8672411244845584,2.5104634146376656,2.3047132370850427,1.6448536269514722,0.9180429492208637,0.6551992024105529,0.29575263232094817,False
normal|K30|N21|share0.3|tau0.0,normal,30,21,0.3,0.0,1.1538468782873679,0.1,within_full,20,200,0.91173,0.06032397541649796,0.0042655492085136295,0.0,1.8421479654426327,1.8019846456592448,0.7337880148747395,0.7337880148747395,0.7177896459882585,2.5104634146376656,2.3047132370850427,1.6448536269514722,0.9180429492208637,0.6551992024105529,0.29575263232094817,False
normal|K30|N21|share0.3|tau0.0,normal,30,21,0.3,0.0,1.1538468782873679,0.1,within_full,25,200,0.92758,0.05272535838745362,0.0037282458456259463,0.0,1.9283236920092088,1.9182020385364515,0.7681146360332534,0.7681146360332534,0.7640828491473177,2.5104634146376656,2.3047132370850427,1.6448536269514722,0.9180429492208637,0.6551992024105529,0.29575263232094817,False
normal|K30|N21|share0.3|tau0.0,normal,30,21,0.3,0.0,1.1538468782873679,0.1,within_full,35,200,0.92125,0.041044374809681136,0.0029022755757487843,0.0,1.8409292587099366,1.8310360688776797,0.7333025639712966,0.7333025639712966,0.7293617816541462,2.5104634146376656,2.3047132370850427,1.6448536269514722,0.9180429492208637,0.6551992024105529,0.29575263232094817,False
normal|K30|N21|share0.3|tau0.0,normal,30,21,0.3,0.0,1.1538468782873679,0.1,within_full,50,200,0.90673,0.03780679660255195,0.002673344225260501,0.0,1.7348595862205172,1.735688253319461,0.6910515310062422,0.6910515310062422,0.6913816163180264,2.5104634146376656,2.3047132370850427,1.6448536269514722,0.9180429492208637,0.6551992024105529,0.29575263232094817,False
normal|K30|N21|share0.3|tau0.0,normal,30,21,0.3,0.0,1.1538468782873679,0.1,within_full,100,200,0.90384,0.02939617450242267,0.0020786234331606154,0.0,1.6936992482452728,1.6856869273773232,0.6746560170404728,0.6746560170404728,0.6714644465833086,2.5104634146376656,2.3047132370850427,1.6448536269514722,0.9180429492208637,0.6551992024105529,0.29575263232094817,False
normal|K30|N21|share0.3|tau0.0,normal,30,21,0.3,0.0,1.1538468782873679,0.1,within_plain,3,200,1.0,0.0,0.0,1.0,inf,inf,inf,inf,inf,2.5104634146376656,2.3047132370850427,1.6448536269514722,0.9180429492208637,0.6551992024105529,0.29575263232094817,False
normal|K30|N21|share0.3|tau0.0,normal,30,21,0.3,0.0,1.1538468782873679,0.1,within_plain,5,200,1.0,0.0,0.0,1.0,inf,inf,inf,inf,inf,2.5104634146376656,2.3047132370850427,1.6448536269514722,0.9180429492208637,0.6551992024105529,0.29575263232094817,False
normal|K30|N21|share0.3|tau0.0,normal,30,21,0.3,0.0,1.1538468782873679,0.1,within_plain,9,200,0.90376,0.08268303830968358,0.005846573707788435,0.0,2.5247038947063203,2.3946194387783635,1.005672450745796,1.005672450745796,0.9538555410989642,2.5104634146376656,2.3047132370850427,1.6448536269514722,0.9180429492208637,0.6551992024105529,0.29575263232094817,False
normal|K30|N21|share0.3|tau0.0,normal,30,21,0.3,0.0,1.1538468782873679,0.1,within_plain,10,200,0.9166200000000001,0.07261778233709557,0.005134852632528897,0.0,2.5966311061001845,2.467646437106625,1.0343234205127643,1.0343234205127643,0.9829445921094131,2.5104634146376656,2.3047132370850427,1.6448536269514722,0.9180429492208637,0.6551992024105529,0.29575263232094817,False
normal|K30|N21|share0.3|tau0.0,normal,30,21,0.3,0.0,1.1538468782873679,0.1,within_plain,12,200,0.9342500000000001,0.05912526095005467,0.004180787295720783,0.0,2.725255965347657,2.6485157965518775,1.0855589248812025,1.0855589248812025,1.0549907961650724,2.5104634146376656,2.3047132370850427,1.6448536269514722,0.9180429492208637,0.6551992024105529,0.29575263232094817,False
normal|K30|N21|share0.3|tau0.0,normal,30,21,0.3,0.0,1.1538468782873679,0.1,within_plain,15,200,0.94376,0.052311613668698034,0.003698989675994727,0.0,2.803570335299737,2.675944940928903,1.1167541096010656,1.1167541096010656,1.0659167249067925,2.5104634146376656,2.3047132370850427,1.6448536269514722,0.9180429492208637,0.6551992024105529,0.29575263232094817,False
normal|K30|N21|share0.3|tau0.0,normal,30,21,0.3,0.0,1.1538468782873679,0.1,within_plain,17,200,0.9507800000000001,0.04615629554124173,0.0032637429571662434,0.0,2.863493292977992,2.76231664180255,1.140623390997028,1.140623390997028,1.1003214090659172,2.5104634146376656,2.3047132370850427,1.6448536269514722,0.9180429492208637,0.6551992024105529,0.29575263232094817,False
normal|K30|N21|share0.3|tau0.0,normal,30,21,0.3,0.0,1.1538468782873679,0.1,within_plain,20,200,0.9095,0.0618991723505932,0.0043769324518939294,0.0,2.460814730410653,2.302999560176427,0.9802232990381267,0.9802232990381267,0.9173603354458036,2.5104634146376656,2.3047132370850427,1.6448536269514722,0.9180429492208637,0.6551992024105529,0.29575263232094817,False
normal|K30|N21|share0.3|tau0.0,normal,30,21,0.3,0.0,1.1538468782873679,0.1,within_plain,25,200,0.92729,0.050145475805087256,0.0035458205987603146,0.0,2.5684525158110216,2.4646877802380853,1.0230989628589051,1.0230989628589051,0.9817660619419196,2.5104634146376656,2.3047132370850427,1.6448536269514722,0.9180429492208637,0.6551992024105529,0.29575263232094817,False
normal|K30|N21|share0.3|tau0.0,normal,30,21,0.3,0.0,1.1538468782873679,0.1,within_plain,35,200,0.91852,0.047494084265316705,0.0033583389050250746,0.0,2.480230523729658,2.2878857665106263,0.9879572469641543,0.9879572469641543,0.911340015222184,2.5104634146376656,2.3047132370850427,1.6448536269514722,0.9180429492208637,0.6551992024105529,0.29575263232094817,False
normal|K30|N21|share0.3|tau0.0,normal,30,21,0.3,0.0,1.1538468782873679,0.1,within_plain,50,200,0.9054099999999999,0.04396517466034421,0.0031088073138380357,0.0,2.3739074755651064,2.17636744242495,0.9456052861490244,0.9456052861490244,0.8669186054396512,2.5104634146376656,2.3047132370850427,1.6448536269514722,0.9180429492208637,0.6551992024105529,0.29575263232094817,False
normal|K30|N21|share0.3|tau0.0,normal,30,21,0.3,0.0,1.1538468782873679,0.1,within_plain,100,200,0.90218,0.031138006959131718,0.0022017895873435943,0.0,2.3306374150319855,2.149484925965801,0.9283694004233738,0.9283694004233738,0.8562104165441644,2.5104634146376656,2.3047132370850427,1.6448536269514722,0.9180429492208637,0.6551992024105529,0.29575263232094817,False
normal|K30|N21|share0.3|tau0.0,normal,30,21,0.3,0.0,1.1538468782873679,0.2,ghcp,0,200,0.81617,0.18298988384044537,0.012939338775211756,0.0,2.0895023366084953,2.080666530901598,1.0691345431739363,1.0691345431739363,1.0646135311929927,1.9543867046007102,1.8909224545189012,1.2815515655446001,0.9675272810992772,0.655730804209716,0.29575263232094817,False
normal|K30|N21|share0.3|tau0.0,normal,30,21,0.3,0.0,1.1538468782873679,0.2,ghcp,3,200,0.8136199999999999,0.17351956893682077,0.012269686386379257,0.0,1.9927358730287614,1.9760136523115273,1.0196220985016813,1.0196220985016813,1.011065848769799,1.9543867046007102,1.8909224545189012,1.2815515655446001,0.9675272810992772,0.655730804209716,0.29575263232094817,False
normal|K30|N21|share0.3|tau0.0,normal,30,21,0.3,0.0,1.1538468782873679,0.2,ghcp,5,200,0.8140999999999999,0.16422251726203502,0.011612285557950982,0.0,1.9187921114762785,1.9127805003176792,0.9817873335708637,0.9817873335708637,0.9787113757041592,1.9543867046007102,1.8909224545189012,1.2815515655446001,0.9675272810992772,0.655730804209716,0.29575263232094817,False
normal|K30|N21|share0.3|tau0.0,normal,30,21,0.3,0.0,1.1538468782873679,0.2,ghcp,9,200,0.81293,0.1406538753938781,0.009945730909117888,0.0,1.793451726318353,1.7757305697412438,0.9176544857251078,0.9176544857251078,0.908587111016002,1.9543867046007102,1.8909224545189012,1.2815515655446001,0.9675272810992772,0.655730804209716,0.29575263232094817,False
normal|K30|N21|share0.3|tau0.0,normal,30,21,0.3,0.0,1.1538468782873679,0.2,ghcp,10,200,0.8143699999999999,0.13149974912561813,0.009298436433105435,0.0,1.751287712304919,1.7516762246460493,0.8960804472228105,0.8960804472228105,0.8962792371246328,1.9543867046007102,1.8909224545189012,1.2815515655446001,0.9675272810992772,0.655730804209716,0.29575263232094817,False
normal|K30|N21|share0.3|tau0.0,normal,30,21,0.3,0.0,1.1538468782873679,0.2,ghcp,12,200,0.8114199999999999,0.12262974300448784,0.008671232285363694,0.0,1.703166530347624,1.695086153690221,0.8714583077843789,0.8714583077843789,0.8673238257812109,1.9543867046007102,1.8909224545189012,1.2815515655446001,0.9675272810992772,0.655730804209716,0.29575263232094817,False
normal|K30|N21|share0.3|tau0.0,normal,30,21,0.3,0.0,1.1538468782873679,0.2,ghcp,15,200,0.8060499999999999,0.1172960755811279,0.008294085044998534,0.0,1.653923567432713,1.6538601350042317,0.8462621872832569,0.8462621872832569,0.8462297308464974,1.9543867046007102,1.8909224545189012,1.2815515655446001,0.9675272810992772,0.655730804209716,0.29575263232094817,False
normal|K30|N21|share0.3|tau0.0,normal,30,21,0.3,0.0,1.1538468782873679,0.2,ghcp,17,200,0.8032400000000002,0.1112761172550372,0.007868409709514619,0.0,1.6162137322879906,1.6170230301913169,0.8269672161007614,0.8269672161007614,0.8273813091261701,1.9543867046007102,1.8909224545189012,1.2815515655446001,0.9675272810992772,0.655730804209716,0.29575263232094817,False
normal|K30|N21|share0.3|tau0.0,normal,30,21,0.3,0.0,1.1538468782873679,0.2,ghcp,20,200,0.7967399999999999,0.10439186128965029,0.007381619301859717,0.0,1.5502068614394304,1.5465502886814695,0.7931935157920266,0.7931935157920266,0.7913225591643782,1.9543867046007102,1.8909224545189012,1.2815515655446001,0.9675272810992772,0.655730804209716,0.29575263232094817,False
normal|K30|N21|share0.3|tau0.0,normal,30,21,0.3,0.0,1.1538468782873679,0.2,ghcp,25,200,0.86605,0.08446186436885772,0.005972355704687773,0.0,1.8305170261704198,1.7943915055452002,0.9366196678790868,0.9366196678790868,0.9181353420595453,1.9543867046007102,1.8909224545189012,1.2815515655446001,0.9675272810992772,0.655730804209716,0.29575263232094817,True
normal|K30|N21|share0.3|tau0.0,normal,30,21,0.3,0.0,1.1538468782873679,0.2,ghcp,35,200,0.85071,0.08082163437418581,0.005714952573256655,0.0,1.6771270704159067,1.6549560863042738,0.8581347112461816,0.8581347112461816,0.8467904956621104,1.9543867046007102,1.8909224545189012,1.2815515655446001,0.9675272810992772,0.655730804209716,0.29575263232094817,True
normal|K30|N21|share0.3|tau0.0,normal,30,21,0.3,0.0,1.1538468782873679,0.2,ghcp,50,200,0.8095300000000001,0.0775587253595428,0.005484230064191776,0.0,1.4582979715960658,1.4337406334044713,0.7461665432757857,0.7461665432757857,0.7336013031757658,1.9543867046007102,1.8909224545189012,1.2815515655446001,0.9675272810992772,0.655730804209716,0.29575263232094817,True
normal|K30|N21|share0.3|tau0.0,normal,30,21,0.3,0.0,1.1538468782873679,0.2,ghcp,100,200,0.79864,0.056818413039273694,0.004017668515632858,0.0,1.3441447594187148,1.3326744428540058,0.6877578302464608,0.6877578302464608,0.6818888195037518,1.9543867046007102,1.8909224545189012,1.2815515655446001,0.9675272810992772,0.655730804209716,0.29575263232094817,True
normal|K30|N21|share0.3|tau0.0,normal,30,21,0.3,0.0,1.1538468782873679,0.2,ghcp_noad,0,200,0.81597,0.18451647827164067,0.013047285302653736,0.0,2.0890390873483327,2.08032413419737,1.0688975126727198,1.0688975126727198,1.064438337254443,1.9543867046007102,1.8909224545189012,1.2815515655446001,0.9675272810992772,0.655730804209716,0.29575263232094817,False
normal|K30|N21|share0.3|tau0.0,normal,30,21,0.3,0.0,1.1538468782873679,0.2,ghcp_noad,3,200,0.81152,0.1846088070983924,0.01305381393660325,0.0,2.0667210132687437,2.0507020793998163,1.0574780356434035,1.0574780356434035,1.0492816363170991,1.9543867046007102,1.8909224545189012,1.2815515655446001,0.9675272810992772,0.655730804209716,0.29575263232094817,False
normal|K30|N21|share0.3|tau0.0,normal,30,21,0.3,0.0,1.1538468782873679,0.2,ghcp_noad,5,200,0.8089799999999999,0.18541882402147722,0.013111090782522166,0.0,2.0535131568152507,2.03786502890346,1.050719978794981,1.050719978794981,1.0427133095544696,1.9543867046007102,1.8909224545189012,1.2815515655446001,0.9675272810992772,0.655730804209716,0.29575263232094817,False
normal|K30|N21|share0.3|tau0.0,normal,30,21,0.3,0.0,1.1538468782873679,0.2,ghcp_noad,9,200,0.8044300000000001,0.18476375000682063,0.013064770054727889,0.0,2.0273205734909876,2.025374872659344,1.037318033692405,1.037318033692405,1.0363224779883762,1.9543867046007102,1.8909224545189012,1.2815515655446001,0.9675272810992772,0.655730804209716,0.29575263232094817,False
normal|K30|N21|share0.3|tau0.0,normal,30,21,0.3,0.0,1.1538468782873679,0.2,ghcp_noad,10,200,0.80333,0.18574573613534795,0.013134206959779167,0.0,2.024015051898675,2.016418331325802,1.0356266992269527,1.0356266992269527,1.0317396892739126,1.9543867046007102,1.8909224545189012,1.2815515655446001,0.9675272810992772,0.655730804209716,0.29575263232094817,False
normal|K30|N21|share0.3|tau0.0,normal,30,21,0.3,0.0,1.1538468782873679,0.2,ghcp_noad,12,200,0.80048,0.18658326875929826,0.01319342945956519,0.0,2.0087878684847533,2.0012811678747218,1.0278354144325588,1.0278354144325588,1.0239944649457655,1.9543867046007102,1.8909224545189012,1.2815515655446001,0.9675272810992772,0.655730804209716,0.29575263232094817,False
normal|K30|N21|share0.3|tau0.0,normal,30,21,0.3,0.0,1.1538468782873679,0.2,ghcp_noad,15,200,0.7972400000000001,0.18688653048409323,0.013214873301772876,0.0,1.9949976385349384,1.9864012466349226,1.0207793748487075,1.0207793748487075,1.0163808636023,1.9543867046007102,1.8909224545189012,1.2815515655446001,0.9675272810992772,0.655730804209716,0.29575263232094817,False
normal|K30|N21|share0.3|tau0.0,normal,30,21,0.3,0.0,1.1538468782873679,0.2,ghcp_noad,17,200,0.7958700000000001,0.18657183158694815,0.013192620729352554,0.0,1.9873213535536822,1.98228263456931,1.0168516542173782,1.0168516542173782,1.014273495569189,1.9543867046007102,1.8909224545189012,1.2815515655446001,0.9675272810992772,0.655730804209716,0.29575263232094817,False
normal|K30|N21|share0.3|tau0.0,normal,30,21,0.3,0.0,1.1538468782873679,0.2,ghcp_noad,20,200,0.79071,0.18746742671835556,0.013255948868414138,0.0,1.9654360753629998,1.952597602396309,1.0056536256290933,1.0056536256290933,0.9990845710318284,1.9543867046007102,1.8909224545189012,1.2815515655446001,0.9675272810992772,0.655730804209716,0.29575263232094817,False
normal|K30|N21|share0.3|tau0.0,normal,30,21,0.3,0.0,1.1538468782873679,0.2,ghcp_noad,25,200,0.8136,0.07231505608573789,0.005113446654011078,0.0,1.9695573256634449,1.727369821316953,1.0077623435664103,1.0077623435664103,0.8838423927315155,1.9543867046007102,1.8909224545189012,1.2815515655446001,0.9675272810992772,0.655730804209716,0.29575263232094817,True
normal|K30|N21|share0.3|tau0.0,normal,30,21,0.3,0.0,1.1538468782873679,0.2,ghcp_noad,35,200,0.80972,0.06452860843480715,0.004562861660478358,0.0,1.9506429156329443,1.7384209069912084,0.9980844175009213,0.9980844175009213,0.8894968958286973,1.9543867046007102,1.8909224545189012,1.2815515655446001,0.9675272810992772,0.655730804209716,0.29575263232094817,True
normal|K30|N21|share0.3|tau0.0,normal,30,21,0.3,0.0,1.1538468782873679,0.2,ghcp_noad,50,200,0.8060400000000001,0.05651840452676682,0.003996454710272128,0.0,1.927717233257158,1.7207005141509173,0.9863540458596188,0.9863540458596188,0.8804299119004007,1.9543867046007102,1.8909224545189012,1.2815515655446001,0.9675272810992772,0.655730804209716,0.29575263232094817,True
normal|K30|N21|share0.3|tau0.0,normal,30,21,0.3,0.0,1.1538468782873679,0.2,ghcp_noad,100,200,0.8027799999999999,0.04198434261871475,0.002968741336935257,0.0,1.9053059116789555,1.691307570666999,0.9748868569325526,0.9748868569325526,0.8653904402263835,1.9543867046007102,1.8909224545189012,1.2815515655446001,0.9675272810992772,0.655730804209716,0.29575263232094817,True
normal|K30|N21|share0.3|tau0.0,normal,30,21,0.3,0.0,1.1538468782873679,0.2,ghcp_r05,0,200,0.8420099999999999,0.16842307311585591,0.011909309710849941,0.0,2.233361349754402,2.204429810669613,1.142742807499137,1.142742807499137,1.127939422367278,1.9543867046007102,1.8909224545189012,1.2815515655446001,0.9675272810992772,0.655730804209716,0.29575263232094817,False
normal|K30|N21|share0.3|tau0.0,normal,30,21,0.3,0.0,1.1538468782873679,0.2,ghcp_r05,3,200,0.83655,0.16270736286243545,0.011505147962900832,0.0,2.109234130720006,2.0852968923022486,1.0792306997150456,1.0792306997150456,1.0669827457346954,1.9543867046007102,1.8909224545189012,1.2815515655446001,0.9675272810992772,0.655730804209716,0.29575263232094817,False
normal|K30|N21|share0.3|tau0.0,normal,30,21,0.3,0.0,1.1538468782873679,0.2,ghcp_r05,5,200,0.83634,0.15298242550228708,0.010817491047503302,0.0,2.027419157991046,2.003490097639962,1.0373684763708302,1.0373684763708302,1.0251247068574818,1.9543867046007102,1.8909224545189012,1.2815515655446001,0.9675272810992772,0.655730804209716,0.29575263232094817,False
normal|K30|N21|share0.3|tau0.0,normal,30,21,0.3,0.0,1.1538468782873679,0.2,ghcp_r05,9,200,0.8320099999999999,0.13598011937162582,0.009615246451423283,0.0,1.875192912100522,1.8480285876777218,0.9594789545417174,0.9594789545417174,0.945579799190909,1.9543867046007102,1.8909224545189012,1.2815515655446001,0.9675272810992772,0.655730804209716,0.29575263232094817,False
normal|K30|N21|share0.3|tau0.0,normal,30,21,0.3,0.0,1.1538468782873679,0.2,ghcp_r05,10,200,0.8279499999999999,0.12558949440748474,0.008880518314132243,0.0,1.8118810224095665,1.7944323871513297,0.9270841938007054,0.9270841938007054,0.9181562599290913,1.9543867046007102,1.8909224545189012,1.2815515655446001,0.9675272810992772,0.655730804209716,0.29575263232094817,False
normal|K30|N21|share0.3|tau0.0,normal,30,21,0.3,0.0,1.1538468782873679,0.2,ghcp_r05,12,200,0.8310299999999999,0.11828149330428434,0.008363764600433067,0.0,1.7857619420886335,1.7732070077300213,0.913719857940536,0.913719857940536,0.9072958813912395,1.9543867046007102,1.8909224545189012,1.2815515655446001,0.9675272810992772,0.655730804209716,0.29575263232094817,False
normal|K30|N21|share0.3|tau0.0,normal,30,21,0.3,0.0,1.1538468782873679,0.2,ghcp_r05,15,200,0.8149299999999999,0.11437413305270466,0.008087472507389991,0.0,1.6910688644268292,1.6941261834135348,0.8652683015321281,0.8652683015321281,0.8668326383031,1.9543867046007102,1.8909224545189012,1.2815515655446001,0.9675272810992772,0.655730804209716,0.29575263232094817,False
normal|K30|N21|share0.3|tau0.0,normal,30,21,0.3,0.0,1.1538468782873679,0.2,ghcp_r05,17,200,0.8069,0.11352209622649809,0.008027224405626858,0.0,1.633862801577254,1.6237455860878889,0.8359977059458452,0.8359977059458452,0.8308210357067629,1.9543867046007102,1.8909224545189012,1.2815515655446001,0.9675272810992772,0.655730804209716,0.29575263232094817,False
normal|K30|N21|share0.3|tau0.0,normal,30,21,0.3,0.0,1.1538468782873679,0.2,ghcp_r05,20,200,0.7959999999999999,0.10676513461729557,0.007549435068218431,0.0,1.5509536919425237,1.5365718425070085,0.7935756461561637,0.7935756461561637,0.7862168929464433,1.9543867046007102,1.8909224545189012,1.2815515655446001,0.9675272810992772,0.655730804209716,0.29575263232094817,False
normal|K30|N21|share0.3|tau0.0,normal,30,21,0.3,0.0,1.1538468782873679,0.2,ghcp_r05,25,200,0.86605,0.08446186436885772,0.005972355704687773,0.0,1.8305170261704198,1.7943915055452002,0.9366196678790868,0.9366196678790868,0.9181353420595453,1.9543867046007102,1.8909224545189012,1.2815515655446001,0.9675272810992772,0.655730804209716,0.29575263232094817,True
normal|K30|N21|share0.3|tau0.0,normal,30,21,0.3,0.0,1.1538468782873679,0.2,ghcp_r05,35,200,0.85071,0.08082163437418581,0.005714952573256655,0.0,1.6771270704159067,1.6549560863042738,0.8581347112461816,0.8581347112461816,0.8467904956621104,1.9543867046007102,1.8909224545189012,1.2815515655446001,0.9675272810992772,0.655730804209716,0.29575263232094817,True
normal|K30|N21|share0.3|tau0.0,normal,30,21,0.3,0.0,1.1538468782873679,0.2,ghcp_r05,50,200,0.8095300000000001,0.0775587253595428,0.005484230064191776,0.0,1.4582979715960658,1.4337406334044713,0.7461665432757857,0.7461665432757857,0.7336013031757658,1.9543867046007102,1.8909224545189012,1.2815515655446001,0.9675272810992772,0.655730804209716,0.29575263232094817,True
normal|K30|N21|share0.3|tau0.0,normal,30,21,0.3,0.0,1.1538468782873679,0.2,ghcp_r05,100,200,0.79864,0.056818413039273694,0.004017668515632858,0.0,1.3441447594187148,1.3326744428540058,0.6877578302464608,0.6877578302464608,0.6818888195037518,1.9543867046007102,1.8909224545189012,1.2815515655446001,0.9675272810992772,0.655730804209716,0.29575263232094817,True
normal|K30|N21|share0.3|tau0.0,normal,30,21,0.3,0.0,1.1538468782873679,0.2,hcp,0,200,0.8142699999999999,0.18476329308702474,0.013064737745619275,0.0,2.0824020265958825,2.075652756829715,1.0655015313468,1.0655015313468,1.0620481360948373,1.9543867046007102,1.8909224545189012,1.2815515655446001,0.9675272810992772,0.655730804209716,0.29575263232094817,False
normal|K30|N21|share0.3|tau0.0,normal,30,21,0.3,0.0,1.1538468782873679,0.2,one_per,0,200,0.7947299999999999,0.2104304444698984,0.014879679425276437,0.0,2.030324279881415,2.0301239614848776,1.0388549385349097,1.0388549385349097,1.0387524417280771,1.9543867046007102,1.8909224545189012,1.2815515655446001,0.9675272810992772,0.655730804209716,0.29575263232094817,False
normal|K30|N21|share0.3|tau0.0,normal,30,21,0.3,0.0,1.1538468782873679,0.2,pooled,0,200,0.7890200000000002,0.19423582930791805,0.01373454720530216,0.0,1.9659233650949344,1.9545741988320884,1.0059029569056455,1.0059029569056455,1.0000959350731033,1.9543867046007102,1.8909224545189012,1.2815515655446001,0.9675272810992772,0.655730804209716,0.29575263232094817,False
normal|K30|N21|share0.3|tau0.0,normal,30,21,0.3,0.0,1.1538468782873679,0.2,within,3,200,1.0,0.0,0.0,1.0,inf,inf,inf,inf,inf,1.9543867046007102,1.8909224545189012,1.2815515655446001,0.9675272810992772,0.655730804209716,0.29575263232094817,False
normal|K30|N21|share0.3|tau0.0,normal,30,21,0.3,0.0,1.1538468782873679,0.2,within,5,200,1.0,0.0,0.0,1.0,inf,inf,inf,inf,inf,1.9543867046007102,1.8909224545189012,1.2815515655446001,0.9675272810992772,0.655730804209716,0.29575263232094817,False
normal|K30|N21|share0.3|tau0.0,normal,30,21,0.3,0.0,1.1538468782873679,0.2,within,9,200,0.8399099999999998,0.12161266422746651,0.008599313955340424,0.0,1.7167778908823577,1.645780318273999,0.8784228253502693,0.8784228253502693,0.8420955353409648,1.9543867046007102,1.8909224545189012,1.2815515655446001,0.9675272810992772,0.655730804209716,0.29575263232094817,False
normal|K30|N21|share0.3|tau0.0,normal,30,21,0.3,0.0,1.1538468782873679,0.2,within,10,200,0.8367,0.13238056150857885,0.009360719273999896,0.0,1.7026809648375107,1.6601149924971037,0.8712098587394843,0.8712098587394843,0.8494301504349788,1.9543867046007102,1.8909224545189012,1.2815515655446001,0.9675272810992772,0.655730804209716,0.29575263232094817,False
normal|K30|N21|share0.3|tau0.0,normal,30,21,0.3,0.0,1.1538468782873679,0.2,within,12,200,0.87066,0.10639418694212281,0.007523205106560426,0.0,1.818229824490436,1.7883765265090228,0.9303326819662892,0.9303326819662892,0.9150576609527213,1.9543867046007102,1.8909224545189012,1.2815515655446001,0.9675272810992772,0.655730804209716,0.29575263232094817,False
normal|K30|N21|share0.3|tau0.0,normal,30,21,0.3,0.0,1.1538468782873679,0.2,within,15,200,0.8915500000000001,0.10248557932630935,0.007246824811546518,0.0,1.9093019023332145,1.893868530320295,0.9769314833336903,0.9769314833336903,0.9690346981291099,1.9543867046007102,1.8909224545189012,1.2815515655446001,0.9675272810992772,0.655730804209716,0.29575263232094817,False
normal|K30|N21|share0.3|tau0.0,normal,30,21,0.3,0.0,1.1538468782873679,0.2,within,17,200,0.8030099999999999,0.12070546360759159,0.008535165184319404,0.0,1.4601286765227937,1.4171415334090698,0.7471032590866424,0.7471032590866424,0.7251080505577826,1.9543867046007102,1.8909224545189012,1.2815515655446001,0.9675272810992772,0.655730804209716,0.29575263232094817,False
normal|K30|N21|share0.3|tau0.0,normal,30,21,0.3,0.0,1.1538468782873679,0.2,within,20,200,0.82411,0.11223990771745188,0.007936559986676252,0.0,1.5193523837233385,1.493218710543465,0.7774062216790147,0.7774062216790147,0.7640344190985153,1.9543867046007102,1.8909224545189012,1.2815515655446001,0.9675272810992772,0.655730804209716,0.29575263232094817,False
normal|K30|N21|share0.3|tau0.0,normal,30,21,0.3,0.0,1.1538468782873679,0.2,within,25,200,0.86536,0.08676237055730794,0.00613502605728925,0.0,1.6565683922898824,1.6369875304006332,0.8476154634035576,0.8476154634035576,0.8375965342718994,1.9543867046007102,1.8909224545189012,1.2815515655446001,0.9675272810992772,0.655730804209716,0.29575263232094817,False
normal|K30|N21|share0.3|tau0.0,normal,30,21,0.3,0.0,1.1538468782873679,0.2,within,35,200,0.85398,0.0798979223130974,0.005649636267030714,0.0,1.555747387843673,1.565643885908186,0.7960284339743905,0.7960284339743905,0.8010921698467317,1.9543867046007102,1.8909224545189012,1.2815515655446001,0.9675272810992772,0.655730804209716,0.29575263232094817,False
normal|K30|N21|share0.3|tau0.0,normal,30,21,0.3,0.0,1.1538468782873679,0.2,within,50,200,0.8121600000000001,0.07316378267611229,0.005173460686753784,0.0,1.378584272444481,1.360946627973788,0.7053794774592126,0.7053794774592126,0.696354833344937,1.9543867046007102,1.8909224545189012,1.2815515655446001,0.9675272810992772,0.655730804209716,0.29575263232094817,False
normal|K30|N21|share0.3|tau0.0,normal,30,21,0.3,0.0,1.1538468782873679,0.2,within,100,200,0.80107,0.06002742338122589,0.004244579813002074,0.0,1.3174642806632972,1.296797522230427,0.6741062439495366,0.6741062439495366,0.6635316947141066,1.9543867046007102,1.8909224545189012,1.2815515655446001,0.9675272810992772,0.655730804209716,0.29575263232094817,False
normal|K30|N21|share0.3|tau0.0,normal,30,21,0.3,0.0,1.1538468782873679,0.2,within_full,3,200,1.0,0.0,0.0,1.0,inf,inf,inf,inf,inf,1.9543867046007102,1.8909224545189012,1.2815515655446001,0.9675272810992772,0.655730804209716,0.29575263232094817,False
normal|K30|N21|share0.3|tau0.0,normal,30,21,0.3,0.0,1.1538468782873679,0.2,within_full,5,200,0.8522200000000001,0.14126489462092592,0.009988936493005975,0.0,1.8823333913656233,1.827955994229674,0.9631325197487938,0.9631325197487938,0.9353092660355227,1.9543867046007102,1.8909224545189012,1.2815515655446001,0.9675272810992772,0.655730804209716,0.29575263232094817,False
normal|K30|N21|share0.3|tau0.0,normal,30,21,0.3,0.0,1.1538468782873679,0.2,within_full,9,200,0.8099,0.12048924554273416,0.00851987625833183,0.0,1.4887434697247992,1.5001858773337533,0.7617445750220432,0.7617445750220432,0.7675993056042858,1.9543867046007102,1.8909224545189012,1.2815515655446001,0.9675272810992772,0.655730804209716,0.29575263232094817,False
normal|K30|N21|share0.3|tau0.0,normal,30,21,0.3,0.0,1.1538468782873679,0.2,within_full,10,200,0.8342499999999999,0.1076082486423759,0.00760905223266321,0.0,1.560790826943535,1.5516117347062028,0.7986090077615482,0.7986090077615482,0.7939123465451552,1.9543867046007102,1.8909224545189012,1.2815515655446001,0.9675272810992772,0.655730804209716,0.29575263232094817,False
normal|K30|N21|share0.3|tau0.0,normal,30,21,0.3,0.0,1.1538468782873679,0.2,within_full,12,200,0.85788,0.09303430825541088,0.0065785190250400635,0.0,1.63846264461996,1.6085208456539861,0.8383513051756587,0.8383513051756587,0.8230310009106484,1.9543867046007102,1.8909224545189012,1.2815515655446001,0.9675272810992772,0.655730804209716,0.29575263232094817,False
normal|K30|N21|share0.3|tau0.0,normal,30,21,0.3,0.0,1.1538468782873679,0.2,within_full,15,200,0.8205,0.09297014163795227,0.006573981760006984,0.0,1.4500019760179441,1.4579571839998238,0.7419217356547594,0.7419217356547594,0.7459921726686588,1.9543867046007102,1.8909224545189012,1.2815515655446001,0.9675272810992772,0.655730804209716,0.29575263232094817,False
normal|K30|N21|share0.3|tau0.0,normal,30,21,0.3,0.0,1.1538468782873679,0.2,within_full,17,200,0.83703,0.08442914486427398,0.00597004208633095,0.0,1.4980759396932706,1.4952311820940705,0.7665197149401065,0.7665197149401065,0.7650641393406086,1.9543867046007102,1.8909224545189012,1.2815515655446001,0.9675272810992772,0.655730804209716,0.29575263232094817,False
normal|K30|N21|share0.3|tau0.0,normal,30,21,0.3,0.0,1.1538468782873679,0.2,within_full,20,200,0.8190999999999999,0.08041769099598439,0.005686389463062493,0.0,1.418813297502936,1.4159711253909826,0.7259634411976853,0.7259634411976853,0.7245091885130645,1.9543867046007102,1.8909224545189012,1.2815515655446001,0.9675272810992772,0.655730804209716,0.29575263232094817,False
normal|K30|N21|share0.3|tau0.0,normal,30,21,0.3,0.0,1.1538468782873679,0.2,within_full,25,200,0.81336,0.07419213411015414,0.0052461761139991755,0.0,1.391698058579955,1.3856266628189136,0.7120894013983201,0.7120894013983201,0.708982853576055,1.9543867046007102,1.8909224545189012,1.2815515655446001,0.9675272810992772,0.655730804209716,0.29575263232094817,False
normal|K30|N21|share0.3|tau0.0,normal,30,21,0.3,0.0,1.1538468782873679,0.2,within_full,35,200,0.81292,0.06125876903692726,0.0043316490993151775,0.0,1.3666680437135799,1.3571047166956443,0.6992823070768875,0.6992823070768875,0.6943890446557797,1.9543867046007102,1.8909224545189012,1.2815515655446001,0.9675272810992772,0.655730804209716,0.29575263232094817,False
normal|K30|N21|share0.3|tau0.0,normal,30,21,0.3,0.0,1.1538468782873679,0.2,within_full,50,200,0.81081,0.05193467001675031,0.003672335734752981,0.0,1.347070602318729,1.334950993173896,0.6892548947184645,0.6892548947184645,0.6830536607885043,1.9543867046007102,1.8909224545189012,1.2815515655446001,0.9675272810992772,0.655730804209716,0.29575263232094817,False
normal|K30|N21|share0.3|tau0.0,normal,30,21,0.3,0.0,1.1538468782873679,0.2,within_full,100,200,0.80377,0.04263161235350237,0.0030145102188077716,0.0,1.3105195689745945,1.2997830261529173,0.6705528470335862,0.6705528470335862,0.6650592859095757,1.9543867046007102,1.8909224545189012,1.2815515655446001,0.9675272810992772,0.655730804209716,0.29575263232094817,False
normal|K30|N21|share0.3|tau0.0,normal,30,21,0.3,0.0,1.1538468782873679,0.2,within_plain,3,200,1.0,0.0,0.0,1.0,inf,inf,inf,inf,inf,1.9543867046007102,1.8909224545189012,1.2815515655446001,0.9675272810992772,0.655730804209716,0.29575263232094817,False
normal|K30|N21|share0.3|tau0.0,normal,30,21,0.3,0.0,1.1538468782873679,0.2,within_plain,5,200,0.84868,0.11827239490677834,0.008363121246575624,0.0,2.2663230238506475,2.062845436692788,1.1596082896571218,1.1596082896571218,1.055495021449318,1.9543867046007102,1.8909224545189012,1.2815515655446001,0.9675272810992772,0.655730804209716,0.29575263232094817,False
normal|K30|N21|share0.3|tau0.0,normal,30,21,0.3,0.0,1.1538468782873679,0.2,within_plain,9,200,0.80926,0.1103181894094209,0.007800673981962348,0.0,2.013744612268679,1.8278538827804187,1.030371628873773,1.030371628873773,0.9352570187248882,1.9543867046007102,1.8909224545189012,1.2815515655446001,0.9675272810992772,0.655730804209716,0.29575263232094817,False
normal|K30|N21|share0.3|tau0.0,normal,30,21,0.3,0.0,1.1538468782873679,0.2,within_plain,10,200,0.82994,0.09699420487273697,0.006858526000130958,0.0,2.0858634245078203,1.886280643542272,1.067272622965357,1.067272622965357,0.9651522081591564,1.9543867046007102,1.8909224545189012,1.2815515655446001,0.9675272810992772,0.655730804209716,0.29575263232094817,False
normal|K30|N21|share0.3|tau0.0,normal,30,21,0.3,0.0,1.1538468782873679,0.2,within_plain,12,200,0.8575,0.08423960801065579,0.005956639806883132,0.0,2.1943982923980156,2.02279386199059,1.1228066007777828,1.1228066007777828,1.035001853639736,1.9543867046007102,1.8909224545189012,1.2815515655446001,0.9675272810992772,0.655730804209716,0.29575263232094817,False
normal|K30|N21|share0.3|tau0.0,normal,30,21,0.3,0.0,1.1538468782873679,0.2,within_plain,15,200,0.8144899999999999,0.09024400145713272,0.006381214539174723,0.0,2.0023191333361487,1.7589210443085073,1.0245255601783432,1.0245255601783432,0.8999861901270265,1.9543867046007102,1.8909224545189012,1.2815515655446001,0.9675272810992772,0.655730804209716,0.29575263232094817,False
normal|K30|N21|share0.3|tau0.0,normal,30,21,0.3,0.0,1.1538468782873679,0.2,within_plain,17,200,0.8322499999999999,0.08318797204805113,0.005882277914833392,0.0,2.066823026257234,1.8659651045738843,1.0575302325746712,1.0575302325746712,0.954757367199297,1.9543867046007102,1.8909224545189012,1.2815515655446001,0.9675272810992772,0.655730804209716,0.29575263232094817,False
normal|K30|N21|share0.3|tau0.0,normal,30,21,0.3,0.0,1.1538468782873679,0.2,within_plain,20,200,0.8123499999999999,0.07909905690980203,0.005593147952638165,0.0,1.9709829876406295,1.7882967138693926,1.0084918112678782,1.0084918112678782,0.915016823262083,1.9543867046007102,1.8909224545189012,1.2815515655446001,0.9675272810992772,0.655730804209716,0.29575263232094817,False
normal|K30|N21|share0.3|tau0.0,normal,30,21,0.3,0.0,1.1538468782873679,0.2,within_plain,25,200,0.8136,0.07231505608573789,0.005113446654011078,0.0,1.9695573256634449,1.727369821316953,1.0077623435664103,1.0077623435664103,0.8838423927315155,1.9543867046007102,1.8909224545189012,1.2815515655446001,0.9675272810992772,0.655730804209716,0.29575263232094817,False
normal|K30|N21|share0.3|tau0.0,normal,30,21,0.3,0.0,1.1538468782873679,0.2,within_plain,35,200,0.80972,0.06452860843480715,0.004562861660478358,0.0,1.9506429156329443,1.7384209069912084,0.9980844175009213,0.9980844175009213,0.8894968958286973,1.9543867046007102,1.8909224545189012,1.2815515655446001,0.9675272810992772,0.655730804209716,0.29575263232094817,False
normal|K30|N21|share0.3|tau0.0,normal,30,21,0.3,0.0,1.1538468782873679,0.2,within_plain,50,200,0.8060400000000001,0.05651840452676682,0.003996454710272128,0.0,1.927717233257158,1.7207005141509173,0.9863540458596188,0.9863540458596188,0.8804299119004007,1.9543867046007102,1.8909224545189012,1.2815515655446001,0.9675272810992772,0.655730804209716,0.29575263232094817,False
normal|K30|N21|share0.3|tau0.0,normal,30,21,0.3,0.0,1.1538468782873679,0.2,within_plain,100,200,0.8027799999999999,0.04198434261871475,0.002968741336935257,0.0,1.9053059116789555,1.691307570666999,0.9748868569325526,0.9748868569325526,0.8653904402263835,1.9543867046007102,1.8909224545189012,1.2815515655446001,0.9675272810992772,0.655730804209716,0.29575263232094817,False
normal|K30|N500|share0.3|tau0.0,normal,30,500,0.3,0.0,1.1538468782873679,0.1,ghcp,0,200,0.92838,0.13185211603350386,0.009323352536108609,0.0,2.787706098130714,2.759252273208615,1.1090148960938546,1.1090148960938546,1.0976952969041793,2.5136777765109417,2.2397943974843137,1.6448536269514722,0.8910427654706062,0.6543613673645065,0.2988354986552157,False
normal|K30|N500|share0.3|tau0.0,normal,30,500,0.3,0.0,1.1538468782873679,0.1,ghcp,3,200,0.92771,0.12367267504490964,0.008744978717173592,0.0,2.6701684757651116,2.658137121645604,1.0622556720342191,1.0622556720342191,1.0574693170638505,2.5136777765109417,2.2397943974843137,1.6448536269514722,0.8910427654706062,0.6543613673645065,0.2988354986552157,False
normal|K30|N500|share0.3|tau0.0,normal,30,500,0.3,0.0,1.1538468782873679,0.1,ghcp,5,200,0.92911,0.11502041723932993,0.008133171700483626,0.0,2.5790010723999783,2.5706532933734003,1.0259871398392628,1.0259871398392628,1.0226661974716356,2.5136777765109417,2.2397943974843137,1.6448536269514722,0.8910427654706062,0.6543613673645065,0.2988354986552157,False
normal|K30|N500|share0.3|tau0.0,normal,30,500,0.3,0.0,1.1538468782873679,0.1,ghcp,9,200,0.9299200000000001,0.10122165140703761,0.007157451611281713,0.0,2.4365156482005443,2.4294702220022666,0.9693030948391879,0.9693030948391879,0.9665002589848419,2.5136777765109417,2.2397943974843137,1.6448536269514722,0.8910427654706062,0.6543613673645065,0.2988354986552157,False
normal|K30|N500|share0.3|tau0.0,normal,30,500,0.3,0.0,1.1538468782873679,0.1,ghcp,10,200,0.92972,0.09520399467992441,0.006731939023422254,0.0,2.3748471404710783,2.3671315596198705,0.9447699154851246,0.9447699154851246,0.9417004763854493,2.5136777765109417,2.2397943974843137,1.6448536269514722,0.8910427654706062,0.6543613673645065,0.2988354986552157,False
normal|K30|N500|share0.3|tau0.0,normal,30,500,0.3,0.0,1.1538468782873679,0.1,ghcp,12,200,0.9293,0.08958615067051266,0.0063346974639519275,0.0,2.326324832878138,2.3149434273321465,0.9254666030055552,0.9254666030055552,0.9209388128280132,2.5136777765109417,2.2397943974843137,1.6448536269514722,0.8910427654706062,0.6543613673645065,0.2988354986552157,False
normal|K30|N500|share0.3|tau0.0,normal,30,500,0.3,0.0,1.1538468782873679,0.1,ghcp,15,200,0.92904,0.08542555841287051,0.006040499164038826,0.0,2.2836756099361537,2.264874177793005,0.9084997414051861,0.9084997414051861,0.9010200905450644,2.5136777765109417,2.2397943974843137,1.6448536269514722,0.8910427654706062,0.6543613673645065,0.2988354986552157,False
normal|K30|N500|share0.3|tau0.0,normal,30,500,0.3,0.0,1.1538468782873679,0.1,ghcp,17,200,0.92946,0.07925728348186444,0.005604336260845088,0.0,2.242955344144516,2.233600556717617,0.8923002642199446,0.8923002642199446,0.8885787102823974,2.5136777765109417,2.2397943974843137,1.6448536269514722,0.8910427654706062,0.6543613673645065,0.2988354986552157,False
normal|K30|N500|share0.3|tau0.0,normal,30,500,0.3,0.0,1.1538468782873679,0.1,ghcp,20,200,0.9302600000000001,0.068422368436883,0.004838192070656436,0.0,2.1818690978736566,2.172637023246179,0.8679987221361977,0.8679987221361977,0.8643259862295727,2.5136777765109417,2.2397943974843137,1.6448536269514722,0.8910427654706062,0.6543613673645065,0.2988354986552157,False
normal|K30|N500|share0.3|tau0.0,normal,30,500,0.3,0.0,1.1538468782873679,0.1,ghcp,25,200,0.92942,0.06392287752719508,0.004520030017243681,0.0,2.130460216530994,2.116177677001832,0.8475470628889178,0.8475470628889178,0.8418651335411607,2.5136777765109417,2.2397943974843137,1.6448536269514722,0.8910427654706062,0.6543613673645065,0.2988354986552157,False
normal|K30|N500|share0.3|tau0.0,normal,30,500,0.3,0.0,1.1538468782873679,0.1,ghcp,35,200,0.9294499999999999,0.0487841878575899,0.003449563004878025,0.0,2.0403757372594176,2.035310988928882,0.8117093433079233,0.8117093433079233,0.8096944675836506,2.5136777765109417,2.2397943974843137,1.6448536269514722,0.8910427654706062,0.6543613673645065,0.2988354986552157,False
normal|K30|N500|share0.3|tau0.0,normal,30,500,0.3,0.0,1.1538468782873679,0.1,ghcp,50,200,0.92924,0.03749576056438256,0.0026513506560822036,0.0,1.9598322927321454,1.9529790888497525,0.7796672712174151,0.7796672712174151,0.7769409059105995,2.5136777765109417,2.2397943974843137,1.6448536269514722,0.8910427654706062,0.6543613673645065,0.2988354986552157,False
normal|K30|N500|share0.3|tau0.0,normal,30,500,0.3,0.0,1.1538468782873679,0.1,ghcp,100,200,0.92738,0.020106640319173724,0.0014217541716566588,0.0,1.856642372583878,1.855912349528304,0.7386158997518575,0.7386158997518575,0.7383254794512146,2.5136777765109417,2.2397943974843137,1.6448536269514722,0.8910427654706062,0.6543613673645065,0.2988354986552157,False
normal|K30|N500|share0.3|tau0.0,normal,30,500,0.3,0.0,1.1538468782873679,0.1,ghcp_noad,0,200,0.9273599999999999,0.13301615271996897,0.009405662359563548,0.0,2.7777350121014477,2.763493233789993,1.1050481641115613,1.1050481641115613,1.0993824505326226,2.5136777765109417,2.2397943974843137,1.6448536269514722,0.8910427654706062,0.6543613673645065,0.2988354986552157,False
normal|K30|N500|share0.3|tau0.0,normal,30,500,0.3,0.0,1.1538468782873679,0.1,ghcp_noad,3,200,0.9272100000000001,0.13385597863030016,0.009465047019184684,0.0,2.7774200353931557,2.7513396437685627,1.1049228589864435,1.1049228589864435,1.094547467252347,2.5136777765109417,2.2397943974843137,1.6448536269514722,0.8910427654706062,0.6543613673645065,0.2988354986552157,False
normal|K30|N500|share0.3|tau0.0,normal,30,500,0.3,0.0,1.1538468782873679,0.1,ghcp_noad,5,200,0.9278399999999999,0.13288592001673266,0.009396453516804484,0.0,2.7815984527786086,2.7753478156984324,1.1065851314640451,1.1065851314640451,1.1040984813696753,2.5136777765109417,2.2397943974843137,1.6448536269514722,0.8910427654706062,0.6543613673645065,0.2988354986552157,False
normal|K30|N500|share0.3|tau0.0,normal,30,500,0.3,0.0,1.1538468782873679,0.1,ghcp_noad,9,200,0.9276300000000001,0.1320131069326453,0.009334736311757833,0.0,2.7760197527756145,2.754159053966008,1.1043657937051945,1.1043657937051945,1.095669094783048,2.5136777765109417,2.2397943974843137,1.6448536269514722,0.8910427654706062,0.6543613673645065,0.2988354986552157,False
normal|K30|N500|share0.3|tau0.0,normal,30,500,0.3,0.0,1.1538468782873679,0.1,ghcp_noad,10,200,0.9274199999999999,0.13324034127363066,0.009421514884219407,0.0,2.776108567820171,2.7611854584846593,1.1044011264138598,1.1044011264138598,1.098464363366917,2.5136777765109417,2.2397943974843137,1.6448536269514722,0.8910427654706062,0.6543613673645065,0.2988354986552157,False
normal|K30|N500|share0.3|tau0.0,normal,30,500,0.3,0.0,1.1538468782873679,0.1,ghcp_noad,12,200,0.92744,0.13238851913968974,0.009361281963491966,0.0,2.773747951877533,2.752295110021175,1.1034620180027912,1.1034620180027912,1.0949275741465325,2.5136777765109417,2.2397943974843137,1.6448536269514722,0.8910427654706062,0.6543613673645065,0.2988354986552157,False
normal|K30|N500|share0.3|tau0.0,normal,30,500,0.3,0.0,1.1538468782873679,0.1,ghcp_noad,15,200,0.9271299999999999,0.13365801669610272,0.009451048996575902,0.0,2.7735106713013096,2.7552426113429886,1.103367622222059,1.103367622222059,1.096100159332015,2.5136777765109417,2.2397943974843137,1.6448536269514722,0.8910427654706062,0.6543613673645065,0.2988354986552157,False
normal|K30|N500|share0.3|tau0.0,normal,30,500,0.3,0.0,1.1538468782873679,0.1,ghcp_noad,17,200,0.92732,0.13221688288793915,0.009349145447740936,0.0,2.7707354079000894,2.7594871223169926,1.1022635573227493,1.1022635573227493,1.0977887253899508,2.5136777765109417,2.2397943974843137,1.6448536269514722,0.8910427654706062,0.6543613673645065,0.2988354986552157,False
normal|K30|N500|share0.3|tau0.0,normal,30,500,0.3,0.0,1.1538468782873679,0.1,ghcp_noad,20,200,0.92708,0.13276523126619347,0.009387919533412564,0.0,2.7738807267060146,2.7483873465316973,1.1035148389449667,1.1035148389449667,1.0933729741393263,2.5136777765109417,2.2397943974843137,1.6448536269514722,0.8910427654706062,0.6543613673645065,0.2988354986552157,False
normal|K30|N500|share0.3|tau0.0,normal,30,500,0.3,0.0,1.1538468782873679,0.1,ghcp_noad,25,200,0.92679,0.13279142938681307,0.009389772020287011,0.0,2.767987523391889,2.747689339922154,1.1011703843894967,1.1011703843894967,1.0930952907321427,2.5136777765109417,2.2397943974843137,1.6448536269514722,0.8910427654706062,0.6543613673645065,0.2988354986552157,False
normal|K30|N500|share0.3|tau0.0,normal,30,500,0.3,0.0,1.1538468782873679,0.1,ghcp_noad,35,200,0.9268199999999999,0.13257650716192626,0.009374574724022493,0.0,2.7618833822454247,2.7343052026294723,1.098742013814913,1.098742013814913,1.0877707668740135,2.5136777765109417,2.2397943974843137,1.6448536269514722,0.8910427654706062,0.6543613673645065,0.2988354986552157,False
normal|K30|N500|share0.3|tau0.0,normal,30,500,0.3,0.0,1.1538468782873679,0.1,ghcp_noad,50,200,0.92565,0.13308846757328385,0.009410775791879494,0.0,2.7517745528846627,2.7372791308264506,1.0947204843033647,1.0947204843033647,1.0889538652905122,2.5136777765109417,2.2397943974843137,1.6448536269514722,0.8910427654706062,0.6543613673645065,0.2988354986552157,False
normal|K30|N500|share0.3|tau0.0,normal,30,500,0.3,0.0,1.1538468782873679,0.1,ghcp_noad,100,200,0.9226400000000001,0.1349420512143255,0.009541843948087195,0.0,2.72165930562354,2.7060938712200784,1.0827399323238964,1.0827399323238964,1.076547637293518,2.5136777765109417,2.2397943974843137,1.6448536269514722,0.8910427654706062,0.6543613673645065,0.2988354986552157,False
normal|K30|N500|share0.3|tau0.0,normal,30,500,0.3,0.0,1.1538468782873679,0.1,ghcp_r05,0,200,0.95567,0.10580208649898021,0.007481337282711457,0.0,3.1948362723646597,3.1524602759877896,1.2709808322366543,1.2709808322366543,1.2541226665748293,2.5136777765109417,2.2397943974843137,1.6448536269514722,0.8910427654706062,0.6543613673645065,0.2988354986552157,False
normal|K30|N500|share0.3|tau0.0,normal,30,500,0.3,0.0,1.1538468782873679,0.1,ghcp_r05,3,200,0.9524799999999999,0.10109376512294746,0.0071484086854116235,0.0,3.0365520527060834,3.019390168340904,1.2080116557027076,1.2080116557027076,1.2011842554187298,2.5136777765109417,2.2397943974843137,1.6448536269514722,0.8910427654706062,0.6543613673645065,0.2988354986552157,False
normal|K30|N500|share0.3|tau0.0,normal,30,500,0.3,0.0,1.1538468782873679,0.1,ghcp_r05,5,200,0.95581,0.08852370377844154,0.006259571123748521,0.0,2.94754464758984,2.9274815813273687,1.172602421492988,1.172602421492988,1.1646208629774333,2.5136777765109417,2.2397943974843137,1.6448536269514722,0.8910427654706062,0.6543613673645065,0.2988354986552157,False
normal|K30|N500|share0.3|tau0.0,normal,30,500,0.3,0.0,1.1538468782873679,0.1,ghcp_r05,9,200,0.9575499999999999,0.07980892697011156,0.005643343345978782,0.0,2.7727687668475354,2.765034362169453,1.1030724752224286,1.1030724752224286,1.0999955475627436,2.5136777765109417,2.2397943974843137,1.6448536269514722,0.8910427654706062,0.6543613673645065,0.2988354986552157,False
normal|K30|N500|share0.3|tau0.0,normal,30,500,0.3,0.0,1.1538468782873679,0.1,ghcp_r05,10,200,0.9598099999999999,0.06665130065795405,0.00471295866701427,0.0,2.711014122659078,2.705993400471217,1.0785050287638875,1.0785050287638875,1.0765076676721925,2.5136777765109417,2.2397943974843137,1.6448536269514722,0.8910427654706062,0.6543613673645065,0.2988354986552157,False
normal|K30|N500|share0.3|tau0.0,normal,30,500,0.3,0.0,1.1538468782873679,0.1,ghcp_r05,12,200,0.9600200000000001,0.06711603692159052,0.004745820483362335,0.0,2.66740479984101,2.6554156331931913,1.0611562169051938,1.0611562169051938,1.0563866451009427,2.5136777765109417,2.2397943974843137,1.6448536269514722,0.8910427654706062,0.6543613673645065,0.2988354986552157,False
normal|K30|N500|share0.3|tau0.0,normal,30,500,0.3,0.0,1.1538468782873679,0.1,ghcp_r05,15,200,0.9589799999999999,0.061793948411648744,0.004369491995816851,0.0,2.6124869256742995,2.6081379250820556,1.039308597978102,1.039308597978102,1.0375784634983036,2.5136777765109417,2.2397943974843137,1.6448536269514722,0.8910427654706062,0.6543613673645065,0.2988354986552157,False
normal|K30|N500|share0.3|tau0.0,normal,30,500,0.3,0.0,1.1538468782873679,0.1,ghcp_r05,17,200,0.95811,0.05872453281013689,0.0041524515372059695,0.0,2.548425917117242,2.519075769951688,1.0138236256575939,1.0138236256575939,1.0021474484483206,2.5136777765109417,2.2397943974843137,1.6448536269514722,0.8910427654706062,0.6543613673645065,0.2988354986552157,False
normal|K30|N500|share0.3|tau0.0,normal,30,500,0.3,0.0,1.1538468782873679,0.1,ghcp_r05,20,200,0.96045,0.049517242314492435,0.0035013977826235053,0.0,2.4911596590577494,2.4757396319594864,0.9910417645158768,0.9910417645158768,0.9849073159233184,2.5136777765109417,2.2397943974843137,1.6448536269514722,0.8910427654706062,0.6543613673645065,0.2988354986552157,False
normal|K30|N500|share0.3|tau0.0,normal,30,500,0.3,0.0,1.1538468782873679,0.1,ghcp_r05,25,200,0.9605899999999999,0.04708414257913231,0.0033293516504058714,0.0,2.4404171523128357,2.431805909289873,0.9708552047192804,0.9708552047192804,0.9674294501920173,2.5136777765109417,2.2397943974843137,1.6448536269514722,0.8910427654706062,0.6543613673645065,0.2988354986552157,False
normal|K30|N500|share0.3|tau0.0,normal,30,500,0.3,0.0,1.1538468782873679,0.1,ghcp_r05,35,200,0.9597800000000001,0.03646036741394412,0.0025781373042952915,0.0,2.3203924040605632,2.3152044947828934,0.9231065436244321,0.9231065436244321,0.9210426715855621,2.5136777765109417,2.2397943974843137,1.6448536269514722,0.8910427654706062,0.6543613673645065,0.2988354986552157,False
normal|K30|N500|share0.3|tau0.0,normal,30,500,0.3,0.0,1.1538468782873679,0.1,ghcp_r05,50,200,0.9603100000000001,0.026275002928534033,0.001857923274646281,0.0,2.231539085185329,2.2142469147458845,0.887758608536839,0.887758608536839,0.8808793773955086,2.5136777765109417,2.2397943974843137,1.6448536269514722,0.8910427654706062,0.6543613673645065,0.2988354986552157,False
normal|K30|N500|share0.3|tau0.0,normal,30,500,0.3,0.0,1.1538468782873679,0.1,ghcp_r05,100,200,0.9563899999999999,0.015472065929299896,0.0010940402737573299,0.0,2.088636201428593,2.0876673938078065,0.8309084883296702,0.8309084883296702,0.8305230739261855,2.5136777765109417,2.2397943974843137,1.6448536269514722,0.8910427654706062,0.6543613673645065,0.2988354986552157,False
normal|K30|N500|share0.3|tau0.0,normal,30,500,0.3,0.0,1.1538468782873679,0.1,ghcp_r05code,0,200,0.95175,0.10102389139785613,0.007143467866927739,0.0,3.108556578338755,3.0880922061864284,1.2366567455012165,1.2366567455012165,1.228515538086505,2.5136777765109417,2.2397943974843137,1.6448536269514722,0.8910427654706062,0.6543613673645065,0.2988354986552157,False
normal|K30|N500|share0.3|tau0.0,normal,30,500,0.3,0.0,1.1538468782873679,0.1,ghcp_r05code,3,200,0.9516999999999999,0.09838367107232959,0.0069567760973271026,0.0,2.9813681336894984,2.960805274874115,1.186058197891905,1.186058197891905,1.1778778101717555,2.5136777765109417,2.2397943974843137,1.6448536269514722,0.8910427654706062,0.6543613673645065,0.2988354986552157,False
normal|K30|N500|share0.3|tau0.0,normal,30,500,0.3,0.0,1.1538468782873679,0.1,ghcp_r05code,5,200,0.95577,0.08685161550355808,0.00614133662795726,0.0,2.915877269308297,2.9116205233726786,1.1600043953746608,1.1600043953746608,1.1583109619619159,2.5136777765109417,2.2397943974843137,1.6448536269514722,0.8910427654706062,0.6543613673645065,0.2988354986552157,False
normal|K30|N500|share0.3|tau0.0,normal,30,500,0.3,0.0,1.1538468782873679,0.1,ghcp_r05code,9,200,0.95487,0.08137797598167683,0.0057542918655879675,0.0,2.7486251957193737,2.7242368223569375,1.0934675961270364,1.0934675961270364,1.0837653289588522,2.5136777765109417,2.2397943974843137,1.6448536269514722,0.8910427654706062,0.6543613673645065,0.2988354986552157,False
normal|K30|N500|share0.3|tau0.0,normal,30,500,0.3,0.0,1.1538468782873679,0.1,ghcp_r05code,10,200,0.95616,0.0728667428327579,0.005152456798001937,0.0,2.6665594411041953,2.6489224751728453,1.0608199133643366,1.0608199133643366,1.0538035144861038,2.5136777765109417,2.2397943974843137,1.6448536269514722,0.8910427654706062,0.6543613673645065,0.2988354986552157,False
normal|K30|N500|share0.3|tau0.0,normal,30,500,0.3,0.0,1.1538468782873679,0.1,ghcp_r05code,12,200,0.95553,0.06741664572346368,0.004767076735591222,0.0,2.602136400600199,2.5822933575387594,1.0351909162406807,1.0351909162406807,1.0272968881170832,2.5136777765109417,2.2397943974843137,1.6448536269514722,0.8910427654706062,0.6543613673645065,0.2988354986552157,False
normal|K30|N500|share0.3|tau0.0,normal,30,500,0.3,0.0,1.1538468782873679,0.1,ghcp_r05code,15,200,0.95533,0.064864536849526,0.004586615386482453,0.0,2.562023405277685,2.542154249817286,1.0192330254969468,1.0192330254969468,1.0113286092483462,2.5136777765109417,2.2397943974843137,1.6448536269514722,0.8910427654706062,0.6543613673645065,0.2988354986552157,False
normal|K30|N500|share0.3|tau0.0,normal,30,500,0.3,0.0,1.1538468782873679,0.1,ghcp_r05code,17,200,0.95529,0.06501052021552717,0.004596937969286439,0.0,2.520362490969168,2.5123130612718176,1.0026593362604752,1.0026593362604752,0.9994570842564323,2.5136777765109417,2.2397943974843137,1.6448536269514722,0.8910427654706062,0.6543613673645065,0.2988354986552157,False
normal|K30|N500|share0.3|tau0.0,normal,30,500,0.3,0.0,1.1538468782873679,0.1,ghcp_r05code,20,200,0.9568599999999999,0.052459703606792925,0.0037094612159399663,0.0,2.4427260485922235,2.4258645338355986,0.971773737834767,0.971773737834767,0.965065831628893,2.5136777765109417,2.2397943974843137,1.6448536269514722,0.8910427654706062,0.6543613673645065,0.2988354986552157,False
normal|K30|N500|share0.3|tau0.0,normal,30,500,0.3,0.0,1.1538468782873679,0.1,ghcp_r05code,25,200,0.95638,0.04895137162449688,0.0034613846824064483,0.0,2.385672432859114,2.380958229622814,0.9490764707998878,0.9490764707998878,0.9472010501392321,2.5136777765109417,2.2397943974843137,1.6448536269514722,0.8910427654706062,0.6543613673645065,0.2988354986552157,False
normal|K30|N500|share0.3|tau0.0,normal,30,500,0.3,0.0,1.1538468782873679,0.1,ghcp_r05code,35,200,0.95588,0.038897179239166156,0.002750445920904298,0.0,2.2841775586998407,2.2767981797175354,0.9086994284010206,0.9086994284010206,0.9057637382933773,2.5136777765109417,2.2397943974843137,1.6448536269514722,0.8910427654706062,0.6543613673645065,0.2988354986552157,False
normal|K30|N500|share0.3|tau0.0,normal,30,500,0.3,0.0,1.1538468782873679,0.1,ghcp_r05code,50,200,0.95571,0.030593064212161663,0.0021632563161694996,0.0,2.1805802626843622,2.1716854756016346,0.8674859932568887,0.8674859932568887,0.8639474382496222,2.5136777765109417,2.2397943974843137,1.6448536269514722,0.8910427654706062,0.6543613673645065,0.2988354986552157,False
normal|K30|N500|share0.3|tau0.0,normal,30,500,0.3,0.0,1.1538468782873679,0.1,ghcp_r05code,100,200,0.95273,0.016274254415607467,0.0011507635656031153,0.0,2.052202309510897,2.0531532819960288,0.8164142312462236,0.8164142312462236,0.8167925504142641,2.5136777765109417,2.2397943974843137,1.6448536269514722,0.8910427654706062,0.6543613673645065,0.2988354986552157,False
normal|K30|N500|share0.3|tau0.0,normal,30,500,0.3,0.0,1.1538468782873679,0.1,hcp,0,200,0.92714,0.132879438310177,0.009395995190938568,0.0,2.7728619939623225,2.7601081307372324,1.1031095631561558,1.1031095631561558,1.0980357771107574,2.5136777765109417,2.2397943974843137,1.6448536269514722,0.8910427654706062,0.6543613673645065,0.2988354986552157,False
normal|K30|N500|share0.3|tau0.0,normal,30,500,0.3,0.0,1.1538468782873679,0.1,one_per,0,200,0.90616,0.14624208744647868,0.010340877172828115,0.0,2.6595942015662444,2.615668522606158,1.0580489776449544,1.0580489776449544,1.0405743118900395,2.5136777765109417,2.2397943974843137,1.6448536269514722,0.8910427654706062,0.6543613673645065,0.2988354986552157,False
normal|K30|N500|share0.3|tau0.0,normal,30,500,0.3,0.0,1.1538468782873679,0.1,pooled,0,200,0.90016,0.1545823174374146,0.010930620491152735,0.0,2.5200349228986307,2.519131663379066,1.0025290219960143,1.0025290219960143,1.0021696841652055,2.5136777765109417,2.2397943974843137,1.6448536269514722,0.8910427654706062,0.6543613673645065,0.2988354986552157,False
normal|K30|N500|share0.3|tau0.0,normal,30,500,0.3,0.0,1.1538468782873679,0.1,within,3,200,1.0,0.0,0.0,1.0,inf,inf,inf,inf,inf,2.5136777765109417,2.2397943974843137,1.6448536269514722,0.8910427654706062,0.6543613673645065,0.2988354986552157,False
normal|K30|N500|share0.3|tau0.0,normal,30,500,0.3,0.0,1.1538468782873679,0.1,within,5,200,1.0,0.0,0.0,1.0,inf,inf,inf,inf,inf,2.5136777765109417,2.2397943974843137,1.6448536269514722,0.8910427654706062,0.6543613673645065,0.2988354986552157,False
normal|K30|N500|share0.3|tau0.0,normal,30,500,0.3,0.0,1.1538468782873679,0.1,within,9,200,1.0,0.0,0.0,1.0,inf,inf,inf,inf,inf,2.5136777765109417,2.2397943974843137,1.6448536269514722,0.8910427654706062,0.6543613673645065,0.2988354986552157,False
normal|K30|N500|share0.3|tau0.0,normal,30,500,0.3,0.0,1.1538468782873679,0.1,within,10,200,1.0,0.0,0.0,1.0,inf,inf,inf,inf,inf,2.5136777765109417,2.2397943974843137,1.6448536269514722,0.8910427654706062,0.6543613673645065,0.2988354986552157,False
normal|K30|N500|share0.3|tau0.0,normal,30,500,0.3,0.0,1.1538468782873679,0.1,within,12,200,1.0,0.0,0.0,1.0,inf,inf,inf,inf,inf,2.5136777765109417,2.2397943974843137,1.6448536269514722,0.8910427654706062,0.6543613673645065,0.2988354986552157,False
normal|K30|N500|share0.3|tau0.0,normal,30,500,0.3,0.0,1.1538468782873679,0.1,within,15,200,1.0,0.0,0.0,1.0,inf,inf,inf,inf,inf,2.5136777765109417,2.2397943974843137,1.6448536269514722,0.8910427654706062,0.6543613673645065,0.2988354986552157,False
normal|K30|N500|share0.3|tau0.0,normal,30,500,0.3,0.0,1.1538468782873679,0.1,within,17,200,0.89131,0.10379116982996851,0.007339144001405533,0.0,1.8994483701839442,1.8528188853239103,0.7556451299897452,0.7556451299897452,0.7370948268061936,2.5136777765109417,2.2397943974843137,1.6448536269514722,0.8910427654706062,0.6543613673645065,0.2988354986552157,False
normal|K30|N500|share0.3|tau0.0,normal,30,500,0.3,0.0,1.1538468782873679,0.1,within,20,200,0.90118,0.09934280327640281,0.00702459698588256,0.0,1.9284264879321782,1.8843121952896236,0.7671733051675744,0.7671733051675744,0.7496236044641744,2.5136777765109417,2.2397943974843137,1.6448536269514722,0.8910427654706062,0.6543613673645065,0.2988354986552157,False
normal|K30|N500|share0.3|tau0.0,normal,30,500,0.3,0.0,1.1538468782873679,0.1,within,25,200,0.92793,0.06438713860772546,0.004552858233072083,0.0,2.028078980049246,1.9803744781101478,0.8068174047607164,0.8068174047607164,0.7878394345590967,2.5136777765109417,2.2397943974843137,1.6448536269514722,0.8910427654706062,0.6543613673645065,0.2988354986552157,False
normal|K30|N500|share0.3|tau0.0,normal,30,500,0.3,0.0,1.1538468782873679,0.1,within,35,200,0.95029,0.046109503702146816,0.003260434274493423,0.0,2.178841508385379,2.1286768365685624,0.8667942759989208,0.8667942759989208,0.8468375924949411,2.5136777765109417,2.2397943974843137,1.6448536269514722,0.8910427654706062,0.6543613673645065,0.2988354986552157,False
normal|K30|N500|share0.3|tau0.0,normal,30,500,0.3,0.0,1.1538468782873679,0.1,within,50,200,0.91644,0.050382720177282125,0.003562596309198048,0.0,1.8428560860842802,1.8357658005468551,0.7331313915032572,0.7331313915032572,0.7303107095512265,2.5136777765109417,2.2397943974843137,1.6448536269514722,0.8910427654706062,0.6543613673645065,0.2988354986552157,False
normal|K30|N500|share0.3|tau0.0,normal,30,500,0.3,0.0,1.1538468782873679,0.1,within,100,200,0.89889,0.044213141819460636,0.0031263412398103143,0.0,1.692695552133684,1.6773380707958536,0.6733940077567121,0.6733940077567121,0.6672844413352168,2.5136777765109417,2.2397943974843137,1.6448536269514722,0.8910427654706062,0.6543613673645065,0.2988354986552157,False
normal|K30|N500|share0.3|tau0.0,normal,30,500,0.3,0.0,1.1538468782873679,0.1,within_full,3,200,1.0,0.0,0.0,1.0,inf,inf,inf,inf,inf,2.5136777765109417,2.2397943974843137,1.6448536269514722,0.8910427654706062,0.6543613673645065,0.2988354986552157,False
normal|K30|N500|share0.3|tau0.0,normal,30,500,0.3,0.0,1.1538468782873679,0.1,within_full,5,200,1.0,0.0,0.0,1.0,inf,inf,inf,inf,inf,2.5136777765109417,2.2397943974843137,1.6448536269514722,0.8910427654706062,0.6543613673645065,0.2988354986552157,False
normal|K30|N500|share0.3|tau0.0,normal,30,500,0.3,0.0,1.1538468782873679,0.1,within_full,9,200,0.8830099999999999,0.10806884042755703,0.0076416209901292486,0.0,1.8863422849975005,1.820619732525922,0.7504312217836443,0.7504312217836443,0.7242852483077586,2.5136777765109417,2.2397943974843137,1.6448536269514722,0.8910427654706062,0.6543613673645065,0.2988354986552157,False
normal|K30|N500|share0.3|tau0.0,normal,30,500,0.3,0.0,1.1538468782873679,0.1,within_full,10,200,0.8978700000000001,0.09958730469433041,0.007041885846945193,0.0,1.9467146354621963,1.8897342925346936,0.7744487593649704,0.7744487593649704,0.7517806419714225,2.5136777765109417,2.2397943974843137,1.6448536269514722,0.8910427654706062,0.6543613673645065,0.2988354986552157,False
normal|K30|N500|share0.3|tau0.0,normal,30,500,0.3,0.0,1.1538468782873679,0.1,within_full,12,200,0.9158100000000001,0.08461858795285866,0.005983437735589665,0.0,2.026721879447901,1.9379336607093662,0.8062775182987255,0.8062775182987255,0.7709554815730101,2.5136777765109417,2.2397943974843137,1.6448536269514722,0.8910427654706062,0.6543613673645065,0.2988354986552157,False
normal|K30|N500|share0.3|tau0.0,normal,30,500,0.3,0.0,1.1538468782873679,0.1,within_full,15,200,0.93584,0.06722238201087552,0.004753340216740266,0.0,2.12389010823741,2.04927784525867,0.8449333196498365,0.8449333196498365,0.8152508107475603,2.5136777765109417,2.2397943974843137,1.6448536269514722,0.8910427654706062,0.6543613673645065,0.2988354986552157,False
normal|K30|N500|share0.3|tau0.0,normal,30,500,0.3,0.0,1.1538468782873679,0.1,within_full,17,200,0.93955,0.06336793333283303,0.004480789536942329,0.0,2.1370256217975596,2.061641263696889,0.8501589351535,0.8501589351535,0.8201692686954123,2.5136777765109417,2.2397943974843137,1.6448536269514722,0.8910427654706062,0.6543613673645065,0.2988354986552157,False
normal|K30|N500|share0.3|tau0.0,normal,30,500,0.3,0.0,1.1538468782873679,0.1,within_full,20,200,0.89594,0.07611520229297497,0.005382157569274845,0.0,1.7727556458114666,1.7193700457359813,0.7052437915380321,0.7052437915380321,0.684005747197446,2.5136777765109417,2.2397943974843137,1.6448536269514722,0.8910427654706062,0.6543613673645065,0.2988354986552157,False
normal|K30|N500|share0.3|tau0.0,normal,30,500,0.3,0.0,1.1538468782873679,0.1,within_full,25,200,0.91968,0.05346278092957397,0.0037803894936392583,0.0,1.8800234665477786,1.873069152676265,0.7479174475406734,0.7479174475406734,0.745150858307758,2.5136777765109417,2.2397943974843137,1.6448536269514722,0.8910427654706062,0.6543613673645065,0.2988354986552157,False
normal|K30|N500|share0.3|tau0.0,normal,30,500,0.3,0.0,1.1538468782873679,0.1,within_full,35,200,0.9176099999999999,0.04208615117355131,0.0029759402888860304,0.0,1.815389507820325,1.7924582877058102,0.7222045421987773,0.7222045421987773,0.71308196478301,2.5136777765109417,2.2397943974843137,1.6448536269514722,0.8910427654706062,0.6543613673645065,0.2988354986552157,False
normal|K30|N500|share0.3|tau0.0,normal,30,500,0.3,0.0,1.1538468782873679,0.1,within_full,50,200,0.9001600000000001,0.04130988906634061,0.002921050268887346,0.0,1.693835508496275,1.6837434699044609,0.6738475091454913,0.6738475091454913,0.6698326593958062,2.5136777765109417,2.2397943974843137,1.6448536269514722,0.8910427654706062,0.6543613673645065,0.2988354986552157,False
normal|K30|N500|share0.3|tau0.0,normal,30,500,0.3,0.0,1.1538468782873679,0.1,within_full,100,200,0.89801,0.03181952720512656,0.002249980346089482,0.0,1.6603071860783971,1.645204756805298,0.6605091557848565,0.6605091557848565,0.6545010550592091,2.5136777765109417,2.2397943974843137,1.6448536269514722,0.8910427654706062,0.6543613673645065,0.2988354986552157,False
normal|K30|N500|share0.3|tau0.0,normal,30,500,0.3,0.0,1.1538468782873679,0.1,within_plain,3,200,1.0,0.0,0.0,1.0,inf,inf,inf,inf,inf,2.5136777765109417,2.2397943974843137,1.6448536269514722,0.8910427654706062,0.6543613673645065,0.2988354986552157,False
normal|K30|N500|share0.3|tau0.0,normal,30,500,0.3,0.0,1.1538468782873679,0.1,within_plain,5,200,1.0,0.0,0.0,1.0,inf,inf,inf,inf,inf,2.5136777765109417,2.2397943974843137,1.6448536269514722,0.8910427654706062,0.6543613673645065,0.2988354986552157,False
normal|K30|N500|share0.3|tau0.0,normal,30,500,0.3,0.0,1.1538468782873679,0.1,within_plain,9,200,0.8929400000000001,0.0961932539763198,0.006801890219105555,0.0,2.4097796075499107,2.269467580018225,0.9586668705384966,0.9586668705384966,0.9028474537290584,2.5136777765109417,2.2397943974843137,1.6448536269514722,0.8910427654706062,0.6543613673645065,0.2988354986552157,False
normal|K30|N500|share0.3|tau0.0,normal,30,500,0.3,0.0,1.1538468782873679,0.1,within_plain,10,200,0.9015000000000001,0.09041784632843987,0.006393507227912301,0.0,2.4660438247335734,2.355772283856182,0.9810500963080935,0.9810500963080935,0.9371814899545567,2.5136777765109417,2.2397943974843137,1.6448536269514722,0.8910427654706062,0.6543613673645065,0.2988354986552157,False
normal|K30|N500|share0.3|tau0.0,normal,30,500,0.3,0.0,1.1538468782873679,0.1,within_plain,12,200,0.9198199999999999,0.07599608294587017,0.005373734559464013,0.0,2.5741441782695618,2.411379344609192,1.024054953392853,1.024054953392853,0.9593032834766344,2.5136777765109417,2.2397943974843137,1.6448536269514722,0.8910427654706062,0.6543613673645065,0.2988354986552157,False
normal|K30|N500|share0.3|tau0.0,normal,30,500,0.3,0.0,1.1538468782873679,0.1,within_plain,15,200,0.9364699999999999,0.0648402683678133,0.004584899345683638,0.0,2.6976655576224937,2.4835008985342664,1.0731946563838952,1.0731946563838952,0.9879949298757926,2.5136777765109417,2.2397943974843137,1.6448536269514722,0.8910427654706062,0.6543613673645065,0.2988354986552157,False
normal|K30|N500|share0.3|tau0.0,normal,30,500,0.3,0.0,1.1538468782873679,0.1,within_plain,17,200,0.9401900000000001,0.06162672444507452,0.004357667475742697,0.0,2.72539513495114,2.543615156056406,1.084226132887274,1.084226132887274,1.0119097920287214,2.5136777765109417,2.2397943974843137,1.6448536269514722,0.8910427654706062,0.6543613673645065,0.2988354986552157,False
normal|K30|N500|share0.3|tau0.0,normal,30,500,0.3,0.0,1.1538468782873679,0.1,within_plain,20,200,0.8974,0.07168383963154881,0.005068812910495715,0.0,2.335926032631601,2.162267037837169,0.9292861855483858,0.9292861855483858,0.8602005627143106,2.5136777765109417,2.2397943974843137,1.6448536269514722,0.8910427654706062,0.6543613673645065,0.2988354986552157,False
normal|K30|N500|share0.3|tau0.0,normal,30,500,0.3,0.0,1.1538468782873679,0.1,within_plain,25,200,0.9194499999999999,0.05415033512333833,0.003829006916923662,0.0,2.4614705578592857,2.279032733178889,0.9792307434391526,0.9792307434391526,0.9066526960914829,2.5136777765109417,2.2397943974843137,1.6448536269514722,0.8910427654706062,0.6543613673645065,0.2988354986552157,False
normal|K30|N500|share0.3|tau0.0,normal,30,500,0.3,0.0,1.1538468782873679,0.1,within_plain,35,200,0.9128499999999999,0.048395123098288445,0.0034220519719157477,0.0,2.3835903589353773,2.180065402772968,0.9482481729396003,0.9482481729396003,0.8672811699035514,2.5136777765109417,2.2397943974843137,1.6448536269514722,0.8910427654706062,0.6543613673645065,0.2988354986552157,False
normal|K30|N500|share0.3|tau0.0,normal,30,500,0.3,0.0,1.1538468782873679,0.1,within_plain,50,200,0.89798,0.04100986031695403,0.0028998350325631288,0.0,2.26276800885416,2.070084659119738,0.9001822071224054,0.9001822071224054,0.8235282495090028,2.5136777765109417,2.2397943974843137,1.6448536269514722,0.8910427654706062,0.6543613673645065,0.2988354986552157,False
normal|K30|N500|share0.3|tau0.0,normal,30,500,0.3,0.0,1.1538468782873679,0.1,within_plain,100,200,0.8976099999999999,0.030932377208985982,0.00218724936826942,0.0,2.2464750061157757,2.043543026733321,0.8937004683368562,0.8937004683368562,0.812969365377379,2.5136777765109417,2.2397943974843137,1.6448536269514722,0.8910427654706062,0.6543613673645065,0.2988354986552157,False
normal|K30|N500|share0.3|tau0.0,normal,30,500,0.3,0.0,1.1538468782873679,0.2,ghcp,0,200,0.83329,0.18638425726649746,0.01317935722195584,0.0,2.0967474833080386,2.08885515686974,1.0721140919136365,1.0721140919136365,1.0680785681036191,1.9557130151750135,1.8285563878278475,1.2815515655446001,0.9349819598476278,0.6552861056814702,0.2988354986552157,False
normal|K30|N500|share0.3|tau0.0,normal,30,500,0.3,0.0,1.1538468782873679,0.2,ghcp,3,200,0.82991,0.17684917316813006,0.01250512495944188,0.0,2.0082750357394907,2.002354822844271,1.0268761419270782,1.0268761419270782,1.0238490040754185,1.9557130151750135,1.8285563878278475,1.2815515655446001,0.9349819598476278,0.6552861056814702,0.2988354986552157,False
normal|K30|N500|share0.3|tau0.0,normal,30,500,0.3,0.0,1.1538468782873679,0.2,ghcp,5,200,0.83152,0.16587714046439073,0.011729285086620413,0.0,1.939682489046503,1.935318509214606,0.991803231862689,0.991803231862689,0.9895718309372799,1.9557130151750135,1.8285563878278475,1.2815515655446001,0.9349819598476278,0.6552861056814702,0.2988354986552157,False
normal|K30|N500|share0.3|tau0.0,normal,30,500,0.3,0.0,1.1538468782873679,0.2,ghcp,9,200,0.83273,0.14644424428231068,0.010355171819776117,0.0,1.8326454108875168,1.8366120177626577,0.9370727691984587,0.9370727691984587,0.9391009844040448,1.9557130151750135,1.8285563878278475,1.2815515655446001,0.9349819598476278,0.6552861056814702,0.2988354986552157,False
normal|K30|N500|share0.3|tau0.0,normal,30,500,0.3,0.0,1.1538468782873679,0.2,ghcp,10,200,0.8314199999999999,0.1373966988843677,0.009715413749378255,0.0,1.7868105357803583,1.7809457752660436,0.9136363678698839,0.9136363678698839,0.9106375840663258,1.9557130151750135,1.8285563878278475,1.2815515655446001,0.9349819598476278,0.6552861056814702,0.2988354986552157,False
normal|K30|N500|share0.3|tau0.0,normal,30,500,0.3,0.0,1.1538468782873679,0.2,ghcp,12,200,0.83074,0.12892993071888265,0.009116722830923367,0.0,1.7485157642902782,1.7429619651788042,0.8940553909101058,0.8940553909101058,0.8912156086576075,1.9557130151750135,1.8285563878278475,1.2815515655446001,0.9349819598476278,0.6552861056814702,0.2988354986552157,False
normal|K30|N500|share0.3|tau0.0,normal,30,500,0.3,0.0,1.1538468782873679,0.2,ghcp,15,200,0.82959,0.12273078721597636,0.008678377190078012,0.0,1.7167703192926893,1.7097779734697571,0.8778232317173891,0.8778232317173891,0.8742478882141878,1.9557130151750135,1.8285563878278475,1.2815515655446001,0.9349819598476278,0.6552861056814702,0.2988354986552157,False
normal|K30|N500|share0.3|tau0.0,normal,30,500,0.3,0.0,1.1538468782873679,0.2,ghcp,17,200,0.8305700000000001,0.11555996550769954,0.008171323524417786,0.0,1.687081539381787,1.6837208176694016,0.8626426915867372,0.8626426915867372,0.8609242790761549,1.9557130151750135,1.8285563878278475,1.2815515655446001,0.9349819598476278,0.6552861056814702,0.2988354986552157,False
normal|K30|N500|share0.3|tau0.0,normal,30,500,0.3,0.0,1.1538468782873679,0.2,ghcp,20,200,0.83093,0.10051503100176826,0.007107486003252638,0.0,1.640252453226298,1.6355295497566003,0.8386979278140739,0.8386979278140739,0.8362830011693918,1.9557130151750135,1.8285563878278475,1.2815515655446001,0.9349819598476278,0.6552861056814702,0.2988354986552157,False
normal|K30|N500|share0.3|tau0.0,normal,30,500,0.3,0.0,1.1538468782873679,0.2,ghcp,25,200,0.8302700000000001,0.09155884561884382,0.006474188061469668,0.0,1.6019273398242342,1.5965228805446559,0.8191014363530635,0.8191014363530635,0.8163380149115518,1.9557130151750135,1.8285563878278475,1.2815515655446001,0.9349819598476278,0.6552861056814702,0.2988354986552157,False
normal|K30|N500|share0.3|tau0.0,normal,30,500,0.3,0.0,1.1538468782873679,0.2,ghcp,35,200,0.8297,0.07089967432291545,0.005013364049765126,0.0,1.5341334139774658,1.5289922832668918,0.7844368790684655,0.7844368790684655,0.7818081034399952,1.9557130151750135,1.8285563878278475,1.2815515655446001,0.9349819598476278,0.6552861056814702,0.2988354986552157,False
normal|K30|N500|share0.3|tau0.0,normal,30,500,0.3,0.0,1.1538468782873679,0.2,ghcp,50,200,0.8298099999999999,0.05253248719654607,0.0037146077929273206,0.0,1.4738156623021732,1.4674555764338284,0.753595057590944,0.753595057590944,0.7503430028063236,1.9557130151750135,1.8285563878278475,1.2815515655446001,0.9349819598476278,0.6552861056814702,0.2988354986552157,False
normal|K30|N500|share0.3|tau0.0,normal,30,500,0.3,0.0,1.1538468782873679,0.2,ghcp,100,200,0.82613,0.030315644335182544,0.002143639768544712,0.0,1.4000210458686428,1.3996093538431689,0.7158622124030591,0.7158622124030591,0.7156517050217209,1.9557130151750135,1.8285563878278475,1.2815515655446001,0.9349819598476278,0.6552861056814702,0.2988354986552157,False
normal|K30|N500|share0.3|tau0.0,normal,30,500,0.3,0.0,1.1538468782873679,0.2,ghcp_noad,0,200,0.8318899999999999,0.1870376521360951,0.01322555921626434,0.0,2.0887847558102077,2.089460484278404,1.0680425704603118,1.0680425704603118,1.068388085606426,1.9557130151750135,1.8285563878278475,1.2815515655446001,0.9349819598476278,0.6552861056814702,0.2988354986552157,False
normal|K30|N500|share0.3|tau0.0,normal,30,500,0.3,0.0,1.1538468782873679,0.2,ghcp_noad,3,200,0.83229,0.1873031453051604,0.013244332418284818,0.0,2.089615174133414,2.0776307122861555,1.0684671820044198,1.0684671820044198,1.0623392574294606,1.9557130151750135,1.8285563878278475,1.2815515655446001,0.9349819598476278,0.6552861056814702,0.2988354986552157,False
normal|K30|N500|share0.3|tau0.0,normal,30,500,0.3,0.0,1.1538468782873679,0.2,ghcp_noad,5,200,0.833,0.18675327017109497,0.013205450374674464,0.0,2.0923677903406808,2.093501555788375,1.0698746565090682,1.0698746565090682,1.0704543762526586,1.9557130151750135,1.8285563878278475,1.2815515655446001,0.9349819598476278,0.6552861056814702,0.2988354986552157,False
normal|K30|N500|share0.3|tau0.0,normal,30,500,0.3,0.0,1.1538468782873679,0.2,ghcp_noad,9,200,0.83238,0.18632412349176602,0.013175105121966745,0.0,2.089801910646251,2.0825183981025535,1.068562664578493,1.068562664578493,1.064838440989867,1.9557130151750135,1.8285563878278475,1.2815515655446001,0.9349819598476278,0.6552861056814702,0.2988354986552157,False
normal|K30|N500|share0.3|tau0.0,normal,30,500,0.3,0.0,1.1538468782873679,0.2,ghcp_noad,10,200,0.8322699999999998,0.18680736618319285,0.01320927554037342,0.0,2.088833904952698,2.0899187220777895,1.0680677015210087,1.0680677015210087,1.0686223928876222,1.9557130151750135,1.8285563878278475,1.2815515655446001,0.9349819598476278,0.6552861056814702,0.2988354986552157,False
normal|K30|N500|share0.3|tau0.0,normal,30,500,0.3,0.0,1.1538468782873679,0.2,ghcp_noad,12,200,0.8321600000000001,0.1864521289283379,0.013184156473189617,0.0,2.087254435204017,2.0808191816894444,1.0672600831555197,1.0672600831555197,1.0639695934647322,1.9557130151750135,1.8285563878278475,1.2815515655446001,0.9349819598476278,0.6552861056814702,0.2988354986552157,False
normal|K30|N500|share0.3|tau0.0,normal,30,500,0.3,0.0,1.1538468782873679,0.2,ghcp_noad,15,200,0.8321299999999999,0.1872738115768261,0.01324225821046255,0.0,2.088747500293691,2.08726940352506,1.0680235208777669,1.0680235208777669,1.0672677367943342,1.9557130151750135,1.8285563878278475,1.2815515655446001,0.9349819598476278,0.6552861056814702,0.2988354986552157,False
normal|K30|N500|share0.3|tau0.0,normal,30,500,0.3,0.0,1.1538468782873679,0.2,ghcp_noad,17,200,0.8321299999999999,0.18592385943589299,0.01314680217914944,0.0,2.0884205731847034,2.0885859429387637,1.0678563557024825,1.0678563557024825,1.067940912972786,1.9557130151750135,1.8285563878278475,1.2815515655446001,0.9349819598476278,0.6552861056814702,0.2988354986552157,False
normal|K30|N500|share0.3|tau0.0,normal,30,500,0.3,0.0,1.1538468782873679,0.2,ghcp_noad,20,200,0.8322400000000001,0.18717294397100737,0.013235125793654903,0.0,2.089640133824192,2.086818088511585,1.0684799444550372,1.0684799444550372,1.0670369692890955,1.9557130151750135,1.8285563878278475,1.2815515655446001,0.9349819598476278,0.6552861056814702,0.2988354986552157,False
normal|K30|N500|share0.3|tau0.0,normal,30,500,0.3,0.0,1.1538468782873679,0.2,ghcp_noad,25,200,0.8316600000000001,0.1866164324605998,0.013195774487373147,0.0,2.0870681488463307,2.0878967508318844,1.0671648307558883,1.0671648307558883,1.0675885135657506,1.9557130151750135,1.8285563878278475,1.2815515655446001,0.9349819598476278,0.6552861056814702,0.2988354986552157,False
normal|K30|N500|share0.3|tau0.0,normal,30,500,0.3,0.0,1.1538468782873679,0.2,ghcp_noad,35,200,0.8316499999999999,0.18586821261934908,0.013142867355016475,0.0,2.0840691900609345,2.076209723255941,1.0656313957569254,1.0656313957569254,1.0616126738156133,1.9557130151750135,1.8285563878278475,1.2815515655446001,0.9349819598476278,0.6552861056814702,0.2988354986552157,False
normal|K30|N500|share0.3|tau0.0,normal,30,500,0.3,0.0,1.1538468782873679,0.2,ghcp_noad,50,200,0.83036,0.18661574849926169,0.013195726124003122,0.0,2.077971113187567,2.077977824687644,1.0625133120575019,1.0625133120575019,1.062516743798266,1.9557130151750135,1.8285563878278475,1.2815515655446001,0.9349819598476278,0.6552861056814702,0.2988354986552157,False
normal|K30|N500|share0.3|tau0.0,normal,30,500,0.3,0.0,1.1538468782873679,0.2,ghcp_noad,100,200,0.82794,0.18738163138070515,0.013249882221909459,0.0,2.0651445200145653,2.0554579239948874,1.055954786817103,1.055954786817103,1.0510018126616334,1.9557130151750135,1.8285563878278475,1.2815515655446001,0.9349819598476278,0.6552861056814702,0.2988354986552157,False
normal|K30|N500|share0.3|tau0.0,normal,30,500,0.3,0.0,1.1538468782873679,0.2,ghcp_r05,0,200,0.86043,0.17937399547107233,0.012683656856612031,0.0,2.2564291674921457,2.236762602698644,1.1537629243062648,1.1537629243062648,1.143706967915474,1.9557130151750135,1.8285563878278475,1.2815515655446001,0.9349819598476278,0.6552861056814702,0.2988354986552157,False
normal|K30|N500|share0.3|tau0.0,normal,30,500,0.3,0.0,1.1538468782873679,0.2,ghcp_r05,3,200,0.8498499999999999,0.17327341365425045,0.01225228057942622,0.0,2.1349122760406285,2.102997737319864,1.0916286078147202,1.0916286078147202,1.075309987202632,1.9557130151750135,1.8285563878278475,1.2815515655446001,0.9349819598476278,0.6552861056814702,0.2988354986552157,False
normal|K30|N500|share0.3|tau0.0,normal,30,500,0.3,0.0,1.1538468782873679,0.2,ghcp_r05,5,200,0.8554900000000001,0.16074199777670498,0.011366175664938104,0.0,2.079812209039915,2.0582547963989093,1.0634547057272596,1.0634547057272596,1.0524319163539033,1.9557130151750135,1.8285563878278475,1.2815515655446001,0.9349819598476278,0.6552861056814702,0.2988354986552157,False
normal|K30|N500|share0.3|tau0.0,normal,30,500,0.3,0.0,1.1538468782873679,0.2,ghcp_r05,9,200,0.8557300000000001,0.14027047490706399,0.00991862040070424,0.0,1.953606044523445,1.9414454350700012,0.9989226585724902,0.9989226585724902,0.9927046657693102,1.9557130151750135,1.8285563878278475,1.2815515655446001,0.9349819598476278,0.6552861056814702,0.2988354986552157,False
normal|K30|N500|share0.3|tau0.0,normal,30,500,0.3,0.0,1.1538468782873679,0.2,ghcp_r05,10,200,0.85616,0.1269730094375499,0.008978347600095504,0.0,1.9030373328020465,1.8864787915599566,0.9730657402368144,0.9730657402368144,0.9645989861100039,1.9557130151750135,1.8285563878278475,1.2815515655446001,0.9349819598476278,0.6552861056814702,0.2988354986552157,False
normal|K30|N500|share0.3|tau0.0,normal,30,500,0.3,0.0,1.1538468782873679,0.2,ghcp_r05,12,200,0.8579499999999999,0.12223026913767038,0.00864298521735035,0.0,1.8766204278545098,1.871858693986481,0.9595581832780176,0.9595581832780176,0.957123401778339,1.9557130151750135,1.8285563878278475,1.2815515655446001,0.9349819598476278,0.6552861056814702,0.2988354986552157,False
normal|K30|N500|share0.3|tau0.0,normal,30,500,0.3,0.0,1.1538468782873679,0.2,ghcp_r05,15,200,0.8556699999999999,0.11542846160606889,0.008162024794358236,0.0,1.8367033742553571,1.8300628455259826,0.9391476970310972,0.9391476970310972,0.9357522455114476,1.9557130151750135,1.8285563878278475,1.2815515655446001,0.9349819598476278,0.6552861056814702,0.2988354986552157,False
normal|K30|N500|share0.3|tau0.0,normal,30,500,0.3,0.0,1.1538468782873679,0.2,ghcp_r05,17,200,0.8534599999999999,0.11038438277129149,0.007805354559467172,0.0,1.793774151173904,1.7662497978597809,0.9171970208591071,0.9171970208591071,0.9031232006715066,1.9557130151750135,1.8285563878278475,1.2815515655446001,0.9349819598476278,0.6552861056814702,0.2988354986552157,False
normal|K30|N500|share0.3|tau0.0,normal,30,500,0.3,0.0,1.1538468782873679,0.2,ghcp_r05,20,200,0.8571000000000001,0.09531703249376308,0.006739932003891837,0.0,1.7546262035473996,1.7412176179053276,0.8971797957740651,0.8971797957740651,0.890323684709696,1.9557130151750135,1.8285563878278475,1.2815515655446001,0.9349819598476278,0.6552861056814702,0.2988354986552157,False
normal|K30|N500|share0.3|tau0.0,normal,30,500,0.3,0.0,1.1538468782873679,0.2,ghcp_r05,25,200,0.85749,0.08708731770196286,0.0061580032902405196,0.0,1.7180077298636958,1.712635352040994,0.8784559475409301,0.8784559475409301,0.8757089300690333,1.9557130151750135,1.8285563878278475,1.2815515655446001,0.9349819598476278,0.6552861056814702,0.2988354986552157,False
normal|K30|N500|share0.3|tau0.0,normal,30,500,0.3,0.0,1.1538468782873679,0.2,ghcp_r05,35,200,0.8551099999999999,0.06738465223464406,0.0047648144543014056,0.0,1.6355996917305822,1.6358153680223464,0.8363188663364372,0.8363188663364372,0.8364291464696113,1.9557130151750135,1.8285563878278475,1.2815515655446001,0.9349819598476278,0.6552861056814702,0.2988354986552157,False
normal|K30|N500|share0.3|tau0.0,normal,30,500,0.3,0.0,1.1538468782873679,0.2,ghcp_r05,50,200,0.85642,0.050496465869668876,0.003570639344239791,0.0,1.5774170787661064,1.568470268625111,0.8065687892479184,0.8065687892479184,0.8019940842316027,1.9557130151750135,1.8285563878278475,1.2815515655446001,0.9349819598476278,0.6552861056814702,0.2988354986552157,False
normal|K30|N500|share0.3|tau0.0,normal,30,500,0.3,0.0,1.1538468782873679,0.2,ghcp_r05,100,200,0.85071,0.029137620090230656,0.002060340875343948,0.0,1.4896591226245783,1.4893191460029023,0.7616961747791363,0.7616961747791363,0.7615223370948554,1.9557130151750135,1.8285563878278475,1.2815515655446001,0.9349819598476278,0.6552861056814702,0.2988354986552157,False
normal|K30|N500|share0.3|tau0.0,normal,30,500,0.3,0.0,1.1538468782873679,0.2,hcp,0,200,0.8319799999999999,0.18657731661532945,0.013193008579428895,0.0,2.0878930630920256,2.0855136054900143,1.0675866279415152,1.0675866279415152,1.0663699578147896,1.9557130151750135,1.8285563878278475,1.2815515655446001,0.9349819598476278,0.6552861056814702,0.2988354986552157,False
normal|K30|N500|share0.3|tau0.0,normal,30,500,0.3,0.0,1.1538468782873679,0.2,one_per,0,200,0.81727,0.19578864386201422,0.013844347775414817,0.0,2.051651280633449,2.048619159761997,1.0490553903942037,1.0490553903942037,1.0475049988756502,1.9557130151750135,1.8285563878278475,1.2815515655446001,0.9349819598476278,0.6552861056814702,0.2988354986552157,False
normal|K30|N500|share0.3|tau0.0,normal,30,500,0.3,0.0,1.1538468782873679,0.2,pooled,0,200,0.8069,0.19505976406678274,0.013792808190827012,0.0,1.9655644630944145,1.9670355764633818,1.0050372666352172,1.0050372666352172,1.0057894799495186,1.9557130151750135,1.8285563878278475,1.2815515655446001,0.9349819598476278,0.6552861056814702,0.2988354986552157,False
normal|K30|N500|share0.3|tau0.0,normal,30,500,0.3,0.0,1.1538468782873679,0.2,within,3,200,1.0,0.0,0.0,1.0,inf,inf,inf,inf,inf,1.9557130151750135,1.8285563878278475,1.2815515655446001,0.9349819598476278,0.6552861056814702,0.2988354986552157,False
normal|K30|N500|share0.3|tau0.0,normal,30,500,0.3,0.0,1.1538468782873679,0.2,within,5,200,1.0,0.0,0.0,1.0,inf,inf,inf,inf,inf,1.9557130151750135,1.8285563878278475,1.2815515655446001,0.9349819598476278,0.6552861056814702,0.2988354986552157,False
normal|K30|N500|share0.3|tau0.0,normal,30,500,0.3,0.0,1.1538468782873679,0.2,within,9,200,0.80942,0.1395999438452897,0.009871206694626558,0.0,1.604820474131297,1.499650140439051,0.8205807609188942,0.8205807609188942,0.7668048066371589,1.9557130151750135,1.8285563878278475,1.2815515655446001,0.9349819598476278,0.6552861056814702,0.2988354986552157,False
normal|K30|N500|share0.3|tau0.0,normal,30,500,0.3,0.0,1.1538468782873679,0.2,within,10,200,0.82247,0.13986252798254556,0.009889774197035121,0.0,1.6293421828367745,1.5683404951382571,0.833119261463302,0.833119261463302,0.8019277281323962,1.9557130151750135,1.8285563878278475,1.2815515655446001,0.9349819598476278,0.6552861056814702,0.2988354986552157,False
normal|K30|N500|share0.3|tau0.0,normal,30,500,0.3,0.0,1.1538468782873679,0.2,within,12,200,0.8499800000000001,0.1312929120086785,0.009283810840306526,0.0,1.7347383492932351,1.7164703757653983,0.8870106891107415,0.8870106891107415,0.8776698638536158,1.9557130151750135,1.8285563878278475,1.2815515655446001,0.9349819598476278,0.6552861056814702,0.2988354986552157,False
normal|K30|N500|share0.3|tau0.0,normal,30,500,0.3,0.0,1.1538468782873679,0.2,within,15,200,0.8887,0.10089244982733249,0.007134173544343031,0.0,1.892963109387813,1.813312884086716,0.9679145634864096,0.9679145634864096,0.9271876139375419,1.9557130151750135,1.8285563878278475,1.2815515655446001,0.9349819598476278,0.6552861056814702,0.2988354986552157,False
normal|K30|N500|share0.3|tau0.0,normal,30,500,0.3,0.0,1.1538468782873679,0.2,within,17,200,0.7976899999999999,0.1272748140499812,0.008999688408899857,0.0,1.4387870885647909,1.4068206233999416,0.7356841609176672,0.7356841609176672,0.7193389891481843,1.9557130151750135,1.8285563878278475,1.2815515655446001,0.9349819598476278,0.6552861056814702,0.2988354986552157,False
normal|K30|N500|share0.3|tau0.0,normal,30,500,0.3,0.0,1.1538468782873679,0.2,within,20,200,0.8210999999999999,0.11786931695482496,0.008334619331258323,0.0,1.5027313124116444,1.5154617219544373,0.768380279085665,0.768380279085665,0.7748896234751607,1.9557130151750135,1.8285563878278475,1.2815515655446001,0.9349819598476278,0.6552861056814702,0.2988354986552157,False
normal|K30|N500|share0.3|tau0.0,normal,30,500,0.3,0.0,1.1538468782873679,0.2,within,25,200,0.86012,0.09329795357189523,0.006597161564151479,0.0,1.6235118506602964,1.6069204883464465,0.8301380816423167,0.8301380816423167,0.8216545453641858,1.9557130151750135,1.8285563878278475,1.2815515655446001,0.9349819598476278,0.6552861056814702,0.2988354986552157,False
normal|K30|N500|share0.3|tau0.0,normal,30,500,0.3,0.0,1.1538468782873679,0.2,within,35,200,0.8416499999999999,0.07916383050548721,0.005597728137513248,0.0,1.5017151249979503,1.4879002293784416,0.7678606796322643,0.7678606796322643,0.7607968131486265,1.9557130151750135,1.8285563878278475,1.2815515655446001,0.9349819598476278,0.6552861056814702,0.2988354986552157,False
normal|K30|N500|share0.3|tau0.0,normal,30,500,0.3,0.0,1.1538468782873679,0.2,within,50,200,0.8028399999999999,0.07859018057246121,0.005557164961746259,0.0,1.3463702385485783,1.3565476550815398,0.688429349348117,0.688429349348117,0.6936332910583738,1.9557130151750135,1.8285563878278475,1.2815515655446001,0.9349819598476278,0.6552861056814702,0.2988354986552157,False
normal|K30|N500|share0.3|tau0.0,normal,30,500,0.3,0.0,1.1538468782873679,0.2,within,100,200,0.80392,0.05500108358914303,0.003889163917849117,0.0,1.318769563293536,1.319485824787549,0.6743165040375422,0.6743165040375422,0.6746827446303365,1.9557130151750135,1.8285563878278475,1.2815515655446001,0.9349819598476278,0.6552861056814702,0.2988354986552157,False
normal|K30|N500|share0.3|tau0.0,normal,30,500,0.3,0.0,1.1538468782873679,0.2,within_full,3,200,1.0,0.0,0.0,1.0,inf,inf,inf,inf,inf,1.9557130151750135,1.8285563878278475,1.2815515655446001,0.9349819598476278,0.6552861056814702,0.2988354986552157,False
normal|K30|N500|share0.3|tau0.0,normal,30,500,0.3,0.0,1.1538468782873679,0.2,within_full,5,200,0.83927,0.15080010096900234,0.01066317739987976,0.0,1.827286310233547,1.7809838500212591,0.9343325406412079,0.9343325406412079,0.9106570525440216,1.9557130151750135,1.8285563878278475,1.2815515655446001,0.9349819598476278,0.6552861056814702,0.2988354986552157,False
normal|K30|N500|share0.3|tau0.0,normal,30,500,0.3,0.0,1.1538468782873679,0.2,within_full,9,200,0.7868199999999999,0.12760463279817777,0.009023010116241082,0.0,1.4136610887241137,1.3700226261066861,0.7228366727403548,0.7228366727403548,0.7005233464604648,1.9557130151750135,1.8285563878278475,1.2815515655446001,0.9349819598476278,0.6552861056814702,0.2988354986552157,False
normal|K30|N500|share0.3|tau0.0,normal,30,500,0.3,0.0,1.1538468782873679,0.2,within_full,10,200,0.8070100000000001,0.11957008373595428,0.008454881703673658,0.0,1.462256926482308,1.433826746339708,0.7476848162977804,0.7476848162977804,0.7331478265032652,1.9557130151750135,1.8285563878278475,1.2815515655446001,0.9349819598476278,0.6552861056814702,0.2988354986552157,False
normal|K30|N500|share0.3|tau0.0,normal,30,500,0.3,0.0,1.1538468782873679,0.2,within_full,12,200,0.8451,0.10064590398992772,0.0071167401209928085,0.0,1.5736383676002654,1.5610777701210907,0.8046366493395982,0.8046366493395982,0.7982141336730801,1.9557130151750135,1.8285563878278475,1.2815515655446001,0.9349819598476278,0.6552861056814702,0.2988354986552157,False
normal|K30|N500|share0.3|tau0.0,normal,30,500,0.3,0.0,1.1538468782873679,0.2,within_full,15,200,0.8127000000000001,0.0946192050793561,0.006690588154209332,0.0,1.4138672829951955,1.386466222619752,0.7229421045033394,0.7229421045033394,0.7089313267650773,1.9557130151750135,1.8285563878278475,1.2815515655446001,0.9349819598476278,0.6552861056814702,0.2988354986552157,False
normal|K30|N500|share0.3|tau0.0,normal,30,500,0.3,0.0,1.1538468782873679,0.2,within_full,17,200,0.8284199999999999,0.09012611822290832,0.006372878935743895,0.0,1.4642318983208915,1.4427977192504606,0.748694663766841,0.748694663766841,0.7377348864865776,1.9557130151750135,1.8285563878278475,1.2815515655446001,0.9349819598476278,0.6552861056814702,0.2988354986552157,False
normal|K30|N500|share0.3|tau0.0,normal,30,500,0.3,0.0,1.1538468782873679,0.2,within_full,20,200,0.8033500000000001,0.08952222429774676,0.006330177186783984,0.0,1.364456015106245,1.3668471806305194,0.6976770132013168,0.6976770132013168,0.6988996698517154,1.9557130151750135,1.8285563878278475,1.2815515655446001,0.9349819598476278,0.6552861056814702,0.2988354986552157,False
normal|K30|N500|share0.3|tau0.0,normal,30,500,0.3,0.0,1.1538468782873679,0.2,within_full,25,200,0.80315,0.0784060908053506,0.0055441478494791625,0.0,1.3463547797684345,1.3464234652471192,0.6884214449265457,0.6884214449265457,0.6884565653548255,1.9557130151750135,1.8285563878278475,1.2815515655446001,0.9349819598476278,0.6552861056814702,0.2988354986552157,False
normal|K30|N500|share0.3|tau0.0,normal,30,500,0.3,0.0,1.1538468782873679,0.2,within_full,35,200,0.8058799999999999,0.06302863351855313,0.004456797416989064,0.0,1.3349557975927593,1.3219859722164424,0.6825928892605424,0.6825928892605424,0.675961126176859,1.9557130151750135,1.8285563878278475,1.2815515655446001,0.9349819598476278,0.6552861056814702,0.2988354986552157,False
normal|K30|N500|share0.3|tau0.0,normal,30,500,0.3,0.0,1.1538468782873679,0.2,within_full,50,200,0.79952,0.05829615604004458,0.004122160725302464,0.0,1.3036277343634572,1.3157797106594944,0.6665741467424852,0.6665741467424852,0.6727877252183381,1.9557130151750135,1.8285563878278475,1.2815515655446001,0.9349819598476278,0.6552861056814702,0.2988354986552157,False
normal|K30|N500|share0.3|tau0.0,normal,30,500,0.3,0.0,1.1538468782873679,0.2,within_full,100,200,0.7993000000000001,0.04154588188385868,0.002937737481045181,0.0,1.2923429537779194,1.293688908208705,0.660803984915072,0.660803984915072,0.6614922016525697,1.9557130151750135,1.8285563878278475,1.2815515655446001,0.9349819598476278,0.6552861056814702,0.2988354986552157,False
normal|K30|N500|share0.3|tau0.0,normal,30,500,0.3,0.0,1.1538468782873679,0.2,within_plain,3,200,1.0,0.0,0.0,1.0,inf,inf,inf,inf,inf,1.9557130151750135,1.8285563878278475,1.2815515655446001,0.9349819598476278,0.6552861056814702,0.2988354986552157,False
normal|K30|N500|share0.3|tau0.0,normal,30,500,0.3,0.0,1.1538468782873679,0.2,within_plain,5,200,0.83736,0.15012219612317232,0.010615242288531198,0.0,2.1840500993147614,2.059234925496261,1.1167538807422184,1.1167538807422184,1.0529330783801036,1.9557130151750135,1.8285563878278475,1.2815515655446001,0.9349819598476278,0.6552861056814702,0.2988354986552157,False
normal|K30|N500|share0.3|tau0.0,normal,30,500,0.3,0.0,1.1538468782873679,0.2,within_plain,9,200,0.7948400000000001,0.13062206944129168,0.009236375107455745,0.0,1.9154342391126635,1.711081276536744,0.9794045569315061,0.9794045569315061,0.8749142963512069,1.9557130151750135,1.8285563878278475,1.2815515655446001,0.9349819598476278,0.6552861056814702,0.2988354986552157,False
normal|K30|N500|share0.3|tau0.0,normal,30,500,0.3,0.0,1.1538468782873679,0.2,within_plain,10,200,0.8123599999999999,0.12045354157679199,0.008517351606688536,0.0,1.9741821188246331,1.7758276953833867,1.0094436676068073,1.0094436676068073,0.9080205948440094,1.9557130151750135,1.8285563878278475,1.2815515655446001,0.9349819598476278,0.6552861056814702,0.2988354986552157,False
normal|K30|N500|share0.3|tau0.0,normal,30,500,0.3,0.0,1.1538468782873679,0.2,within_plain,12,200,0.8430199999999999,0.10213853829493119,0.007222285304882771,0.0,2.0796275557412116,1.9073506819487758,1.0633602883473725,1.0633602883473725,0.975271252555473,1.9557130151750135,1.8285563878278475,1.2815515655446001,0.9349819598476278,0.6552861056814702,0.2988354986552157,False
normal|K30|N500|share0.3|tau0.0,normal,30,500,0.3,0.0,1.1538468782873679,0.2,within_plain,15,200,0.8108299999999999,0.09530659913770913,0.006739194254210209,0.0,1.921891416498879,1.7433890403359185,0.9827062567903871,0.9827062567903871,0.8914339817797376,1.9557130151750135,1.8285563878278475,1.2815515655446001,0.9349819598476278,0.6552861056814702,0.2988354986552157,False
normal|K30|N500|share0.3|tau0.0,normal,30,500,0.3,0.0,1.1538468782873679,0.2,within_plain,17,200,0.83357,0.08807759883810086,0.00622802674090495,0.0,2.0086038279670935,1.8672474776800456,1.0270442607794106,1.0270442607794106,0.9547655832892992,1.9557130151750135,1.8285563878278475,1.2815515655446001,0.9349819598476278,0.6552861056814702,0.2988354986552157,False
normal|K30|N500|share0.3|tau0.0,normal,30,500,0.3,0.0,1.1538468782873679,0.2,within_plain,20,200,0.81659,0.08723002514290686,0.006168094230162248,0.0,1.9281213003696678,1.7177277946680454,0.985891736368653,0.985891736368653,0.8783128103866145,1.9557130151750135,1.8285563878278475,1.2815515655446001,0.9349819598476278,0.6552861056814702,0.2988354986552157,False
normal|K30|N500|share0.3|tau0.0,normal,30,500,0.3,0.0,1.1538468782873679,0.2,within_plain,25,200,0.81432,0.07900955733804468,0.005586819377227874,0.0,1.908789845508928,1.679214976872423,0.9760071292147708,0.9760071292147708,0.8586203414523745,1.9557130151750135,1.8285563878278475,1.2815515655446001,0.9349819598476278,0.6552861056814702,0.2988354986552157,False
normal|K30|N500|share0.3|tau0.0,normal,30,500,0.3,0.0,1.1538468782873679,0.2,within_plain,35,200,0.8096599999999999,0.0677770836295472,0.004792563544350056,0.0,1.8794047341116404,1.7104794132999899,0.9609818616170819,0.9609818616170819,0.8746065501573206,1.9557130151750135,1.8285563878278475,1.2815515655446001,0.9349819598476278,0.6552861056814702,0.2988354986552157,False
normal|K30|N500|share0.3|tau0.0,normal,30,500,0.3,0.0,1.1538468782873679,0.2,within_plain,50,200,0.80409,0.05795659353057546,0.004098150029994229,0.0,1.8531788870029526,1.6707364050500304,0.947571996823427,0.947571996823427,0.8542850572073936,1.9557130151750135,1.8285563878278475,1.2815515655446001,0.9349819598476278,0.6552861056814702,0.2988354986552157,False
normal|K30|N500|share0.3|tau0.0,normal,30,500,0.3,0.0,1.1538468782873679,0.2,within_plain,100,200,0.8055399999999999,0.04175867977658557,0.0029527845643421194,0.0,1.8474315757080004,1.6351774026946595,0.9446332674442405,0.9446332674442405,0.8361029404655931,1.9557130151750135,1.8285563878278475,1.2815515655446001,0.9349819598476278,0.6552861056814702,0.2988354986552157,False
normal|K30|Nunequal|share0.3|tau0.0,normal,30,unequal,0.3,0.0,1.1538468782873679,0.1,ghcp,0,200,0.9355100000000001,0.09538823026119003,0.006744966446307131,0.0,2.7750567718765216,2.7610528456533747,1.1055917065611869,1.1055917065611869,1.100012496489338,2.5100195265646574,2.2453458511018107,1.6448536269514722,0.894553140857397,0.6553150720714528,0.2835351635705947,False
normal|K30|Nunequal|share0.3|tau0.0,normal,30,unequal,0.3,0.0,1.1538468782873679,0.1,ghcp,3,200,0.9343799999999999,0.090606973896014,0.0064068805664664,0.0,2.6646467519159147,2.658709708090932,1.0616039930027512,1.0616039930027512,1.0592386552983437,2.5100195265646574,2.2453458511018107,1.6448536269514722,0.894553140857397,0.6553150720714528,0.2835351635705947,False
normal|K30|Nunequal|share0.3|tau0.0,normal,30,unequal,0.3,0.0,1.1538468782873679,0.1,ghcp,5,200,0.93471,0.0842964134861808,0.005960656560578358,0.0,2.5756335480288004,2.565260025686527,1.0261408410451474,1.0261408410451474,1.0220079957694495,2.5100195265646574,2.2453458511018107,1.6448536269514722,0.894553140857397,0.6553150720714528,0.2835351635705947,False
normal|K30|Nunequal|share0.3|tau0.0,normal,30,unequal,0.3,0.0,1.1538468782873679,0.1,ghcp,9,200,0.9338200000000001,0.07555574733118499,0.00534259812954983,0.0,2.4323353733346837,2.4216485671465944,0.9690503789282087,0.9690503789282087,0.9647927203422948,2.5100195265646574,2.2453458511018107,1.6448536269514722,0.894553140857397,0.6553150720714528,0.2835351635705947,False
normal|K30|Nunequal|share0.3|tau0.0,normal,30,unequal,0.3,0.0,1.1538468782873679,0.1,ghcp,10,200,0.93428,0.07062649722698106,0.00499404751206512,0.0,2.3789892739151153,2.36695322319935,0.9477971182045437,0.9477971182045437,0.9430019161798655,2.5100195265646574,2.2453458511018107,1.6448536269514722,0.894553140857397,0.6553150720714528,0.2835351635705947,False
normal|K30|Nunequal|share0.3|tau0.0,normal,30,unequal,0.3,0.0,1.1538468782873679,0.1,ghcp,12,200,0.93282,0.0687821380342514,0.004863631622852831,0.0,2.322488665272427,2.3174717263947926,0.9252870906749898,0.9252870906749898,0.9232883257950604,2.5100195265646574,2.2453458511018107,1.6448536269514722,0.894553140857397,0.6553150720714528,0.2835351635705947,False
normal|K30|Nunequal|share0.3|tau0.0,normal,30,unequal,0.3,0.0,1.1538468782873679,0.1,ghcp,15,200,0.9329499999999998,0.06443443553265644,0.0045562026307068805,0.0,2.280726127390118,2.2715318406390947,0.9086487588053302,0.9086487588053302,0.9049857248513246,2.5100195265646574,2.2453458511018107,1.6448536269514722,0.894553140857397,0.6553150720714528,0.2835351635705947,False
normal|K30|Nunequal|share0.3|tau0.0,normal,30,unequal,0.3,0.0,1.1538468782873679,0.1,ghcp,17,200,0.9322399999999998,0.06320249343087182,0.004469091169286769,0.0,2.2419341237074493,2.2340148372537962,0.8931938974896647,0.8931938974896647,0.8900388278299114,2.5100195265646574,2.2453458511018107,1.6448536269514722,0.894553140857397,0.6553150720714528,0.2835351635705947,False
normal|K30|Nunequal|share0.3|tau0.0,normal,30,unequal,0.3,0.0,1.1538468782873679,0.1,ghcp,20,200,0.9326099999999999,0.05397792122617818,0.0038168154133383873,0.0,2.177624895884829,2.1687129395522735,0.8675728905046567,0.8675728905046567,0.8640223379140346,2.5100195265646574,2.2453458511018107,1.6448536269514722,0.894553140857397,0.6553150720714528,0.2835351635705947,False
normal|K30|Nunequal|share0.3|tau0.0,normal,30,unequal,0.3,0.0,1.1538468782873679,0.1,ghcp,25,200,0.9312600000000001,0.05049993681273721,0.0035708847769778647,0.0,2.121920188073554,2.1131148868731873,0.8453799524730087,0.8453799524730087,0.8418718916363594,2.5100195265646574,2.2453458511018107,1.6448536269514722,0.894553140857397,0.6553150720714528,0.2835351635705947,False
normal|K30|Nunequal|share0.3|tau0.0,normal,30,unequal,0.3,0.0,1.1538468782873679,0.1,ghcp,35,200,0.93092,0.03877617255208337,0.0027418894560037824,0.0,2.0350018419242493,2.0264528328366103,0.8107513986990605,0.8107513986990605,0.8073454454795095,2.5100195265646574,2.2453458511018107,1.6448536269514722,0.894553140857397,0.6553150720714528,0.2835351635705947,False
normal|K30|Nunequal|share0.3|tau0.0,normal,30,unequal,0.3,0.0,1.1538468782873679,0.1,ghcp,50,200,0.92899,0.02881233508874855,0.0020373397523073206,0.0,1.945916246631045,1.9418435468907929,0.7752594057681802,0.7752594057681802,0.7736368288530809,2.5100195265646574,2.2453458511018107,1.6448536269514722,0.894553140857397,0.6553150720714528,0.2835351635705947,False
normal|K30|Nunequal|share0.3|tau0.0,normal,30,unequal,0.3,0.0,1.1538468782873679,0.1,ghcp,100,200,0.9248500000000002,0.019138676671170803,0.0013533088057121655,0.0,1.8341285601722008,1.8440387978532629,0.7307228253648228,0.7307228253648228,0.7346710965141814,2.5100195265646574,2.2453458511018107,1.6448536269514722,0.894553140857397,0.6553150720714528,0.2835351635705947,False
normal|K30|Nunequal|share0.3|tau0.0,normal,30,unequal,0.3,0.0,1.1538468782873679,0.1,ghcp_noad,0,200,0.9355899999999999,0.09432826196334335,0.006670015369182115,0.0,2.772667256187613,2.752110467957853,1.1046397156847738,1.1046397156847738,1.0964498239280767,2.5100195265646574,2.2453458511018107,1.6448536269514722,0.894553140857397,0.6553150720714528,0.2835351635705947,False
normal|K30|Nunequal|share0.3|tau0.0,normal,30,unequal,0.3,0.0,1.1538468782873679,0.1,ghcp_noad,3,200,0.9355199999999999,0.09533927568131187,0.006741504834766932,0.0,2.7758089648109108,2.755515701519564,1.1058913826897703,1.1058913826897703,1.097806480131613,2.5100195265646574,2.2453458511018107,1.6448536269514722,0.894553140857397,0.6553150720714528,0.2835351635705947,False
normal|K30|Nunequal|share0.3|tau0.0,normal,30,unequal,0.3,0.0,1.1538468782873679,0.1,ghcp_noad,5,200,0.93506,0.0950932702679388,0.006724109625166463,0.0,2.7693698470319514,2.757962248452645,1.1033260170777455,1.1033260170777455,1.0987811924424888,2.5100195265646574,2.2453458511018107,1.6448536269514722,0.894553140857397,0.6553150720714528,0.2835351635705947,False
normal|K30|Nunequal|share0.3|tau0.0,normal,30,unequal,0.3,0.0,1.1538468782873679,0.1,ghcp_noad,9,200,0.9343,0.09623667433695526,0.006804960502250245,0.0,2.760434310425344,2.7425521514025846,1.0997660700287133,1.0997660700287133,1.0926417593078184,2.5100195265646574,2.2453458511018107,1.6448536269514722,0.894553140857397,0.6553150720714528,0.2835351635705947,False
normal|K30|Nunequal|share0.3|tau0.0,normal,30,unequal,0.3,0.0,1.1538468782873679,0.1,ghcp_noad,10,200,0.9343100000000001,0.09507280415793078,0.006722662452649344,0.0,2.759790344990076,2.748126482094608,1.0995095120902378,1.0995095120902378,1.094862590912126,2.5100195265646574,2.2453458511018107,1.6448536269514722,0.894553140857397,0.6553150720714528,0.2835351635705947,False
normal|K30|Nunequal|share0.3|tau0.0,normal,30,unequal,0.3,0.0,1.1538468782873679,0.1,ghcp_noad,12,200,0.9352799999999999,0.09484481691944169,0.0067065413204133815,0.0,2.764976565024256,2.750885210421356,1.1015757191373516,1.1015757191373516,1.0959616773126704,2.5100195265646574,2.2453458511018107,1.6448536269514722,0.894553140857397,0.6553150720714528,0.2835351635705947,False
normal|K30|Nunequal|share0.3|tau0.0,normal,30,unequal,0.3,0.0,1.1538468782873679,0.1,ghcp_noad,15,200,0.93392,0.0963706913472855,0.006814436935930131,0.0,2.7555269768768595,2.7347355964175684,1.0978109722708878,1.0978109722708878,1.0895276182016276,2.5100195265646574,2.2453458511018107,1.6448536269514722,0.894553140857397,0.6553150720714528,0.2835351635705947,False
normal|K30|Nunequal|share0.3|tau0.0,normal,30,unequal,0.3,0.0,1.1538468782873679,0.1,ghcp_noad,17,200,0.9341499999999999,0.09675559791889674,0.0068416539406210885,0.0,2.756391224244556,2.7310272395845576,1.0981552912526924,1.0981552912526924,1.0880501966940406,2.5100195265646574,2.2453458511018107,1.6448536269514722,0.894553140857397,0.6553150720714528,0.2835351635705947,False
normal|K30|Nunequal|share0.3|tau0.0,normal,30,unequal,0.3,0.0,1.1538468782873679,0.1,ghcp_noad,20,200,0.93404,0.09509560595188814,0.006724274782962391,0.0,2.752151067692215,2.7387858637437885,1.096465998995216,1.096465998995216,1.091141257969508,2.5100195265646574,2.2453458511018107,1.6448536269514722,0.894553140857397,0.6553150720714528,0.2835351635705947,False
normal|K30|Nunequal|share0.3|tau0.0,normal,30,unequal,0.3,0.0,1.1538468782873679,0.1,ghcp_noad,25,200,0.93244,0.09903781522338374,0.007003031073835493,0.0,2.7456942178958887,2.7343588584822367,1.0938935688893978,1.0938935688893978,1.0893775245743296,2.5100195265646574,2.2453458511018107,1.6448536269514722,0.894553140857397,0.6553150720714528,0.2835351635705947,False
normal|K30|Nunequal|share0.3|tau0.0,normal,30,unequal,0.3,0.0,1.1538468782873679,0.1,ghcp_noad,35,200,0.9316899999999998,0.0994210572925365,0.007030130380428881,0.0,2.734322945023105,2.7254686478823373,1.0893632165345906,1.0893632165345906,1.0858356355548178,2.5100195265646574,2.2453458511018107,1.6448536269514722,0.894553140857397,0.6553150720714528,0.2835351635705947,False
normal|K30|Nunequal|share0.3|tau0.0,normal,30,unequal,0.3,0.0,1.1538468782873679,0.1,ghcp_noad,50,200,0.9302000000000001,0.09950631908420912,0.007036159299535664,0.0,2.7266070135898737,2.6912041020379274,1.0862891641809853,1.0862891641809853,1.0721845282698852,2.5100195265646574,2.2453458511018107,1.6448536269514722,0.894553140857397,0.6553150720714528,0.2835351635705947,False
normal|K30|Nunequal|share0.3|tau0.0,normal,30,unequal,0.3,0.0,1.1538468782873679,0.1,ghcp_noad,100,200,0.92762,0.10125313122523456,0.007159677570573472,0.0,2.6833967506059486,2.665535898060263,1.0690740538893675,1.0690740538893675,1.0619582317387202,2.5100195265646574,2.2453458511018107,1.6448536269514722,0.894553140857397,0.6553150720714528,0.2835351635705947,False
normal|K30|Nunequal|share0.3|tau0.0,normal,30,unequal,0.3,0.0,1.1538468782873679,0.1,ghcp_r05,0,200,0.9612700000000001,0.072371230992549,0.005117418819764943,0.0,3.148936713099579,3.1212364546969917,1.2545466996463477,1.2545466996463477,1.2435108259770704,2.5100195265646574,2.2453458511018107,1.6448536269514722,0.894553140857397,0.6553150720714528,0.2835351635705947,False
normal|K30|Nunequal|share0.3|tau0.0,normal,30,unequal,0.3,0.0,1.1538468782873679,0.1,ghcp_r05,3,200,0.96195,0.06553879897323624,0.004634292918479728,0.0,3.0319499714847766,2.991854788113817,1.207938798641324,1.207938798641324,1.191964746269773,2.5100195265646574,2.2453458511018107,1.6448536269514722,0.894553140857397,0.6553150720714528,0.2835351635705947,False
normal|K30|Nunequal|share0.3|tau0.0,normal,30,unequal,0.3,0.0,1.1538468782873679,0.1,ghcp_r05,5,200,0.9627699999999999,0.058274925436875215,0.004120659494955489,0.0,2.9236556647514895,2.891883559074594,1.1647939921618684,1.1647939921618684,1.1521358812027156,2.5100195265646574,2.2453458511018107,1.6448536269514722,0.894553140857397,0.6553150720714528,0.2835351635705947,False
normal|K30|Nunequal|share0.3|tau0.0,normal,30,unequal,0.3,0.0,1.1538468782873679,0.1,ghcp_r05,9,200,0.9617699999999999,0.053873918508656735,0.003809461310656263,0.0,2.7594602413198794,2.7478023966559917,1.0993779977069023,1.0993779977069023,1.0947334742119623,2.5100195265646574,2.2453458511018107,1.6448536269514722,0.894553140857397,0.6553150720714528,0.2835351635705947,False
normal|K30|Nunequal|share0.3|tau0.0,normal,30,unequal,0.3,0.0,1.1538468782873679,0.1,ghcp_r05,10,200,0.96214,0.0521033028785534,0.003684259878764167,0.0,2.697774713295928,2.672344742594916,1.0748022813146167,1.0748022813146167,1.064670897701113,2.5100195265646574,2.2453458511018107,1.6448536269514722,0.894553140857397,0.6553150720714528,0.2835351635705947,False
normal|K30|Nunequal|share0.3|tau0.0,normal,30,unequal,0.3,0.0,1.1538468782873679,0.1,ghcp_r05,12,200,0.9621000000000001,0.04682255608992283,0.0033108546923671907,0.0,2.638229415700295,2.6274294076822646,1.0510792397344864,1.0510792397344864,1.0467764811687745,2.5100195265646574,2.2453458511018107,1.6448536269514722,0.894553140857397,0.6553150720714528,0.2835351635705947,False
normal|K30|Nunequal|share0.3|tau0.0,normal,30,unequal,0.3,0.0,1.1538468782873679,0.1,ghcp_r05,15,200,0.96147,0.04644312564414663,0.003284024908247492,0.0,2.5861590790806135,2.5750197458205686,1.0303342470885735,1.0303342470885735,1.0258963002351118,2.5100195265646574,2.2453458511018107,1.6448536269514722,0.894553140857397,0.6553150720714528,0.2835351635705947,False
normal|K30|Nunequal|share0.3|tau0.0,normal,30,unequal,0.3,0.0,1.1538468782873679,0.1,ghcp_r05,17,200,0.96044,0.04496124964732682,0.003179240451624606,0.0,2.533965280391683,2.5300402004566225,1.0095400667499186,1.0095400667499186,1.0079763020486805,2.5100195265646574,2.2453458511018107,1.6448536269514722,0.894553140857397,0.6553150720714528,0.2835351635705947,False
normal|K30|Nunequal|share0.3|tau0.0,normal,30,unequal,0.3,0.0,1.1538468782873679,0.1,ghcp_r05,20,200,0.9605199999999999,0.03875771409680981,0.002740584246114366,0.0,2.4555575010920965,2.4463020546155785,0.9783021506820309,0.9783021506820309,0.9746147504930827,2.5100195265646574,2.2453458511018107,1.6448536269514722,0.894553140857397,0.6553150720714528,0.2835351635705947,False
normal|K30|Nunequal|share0.3|tau0.0,normal,30,unequal,0.3,0.0,1.1538468782873679,0.1,ghcp_r05,25,200,0.96006,0.03531219556723844,0.0024969492944179844,0.0,2.394413609998143,2.386797253468834,0.9539422242165827,0.9539422242165827,0.9509078428308199,2.5100195265646574,2.2453458511018107,1.6448536269514722,0.894553140857397,0.6553150720714528,0.2835351635705947,False
normal|K30|Nunequal|share0.3|tau0.0,normal,30,unequal,0.3,0.0,1.1538468782873679,0.1,ghcp_r05,35,200,0.9580699999999999,0.0296772437057394,0.0020984980271254116,0.0,2.2830662141224445,2.2714388946123387,0.9095810570235553,0.9095810570235553,0.9049486948498555,2.5100195265646574,2.2453458511018107,1.6448536269514722,0.894553140857397,0.6553150720714528,0.2835351635705947,False
normal|K30|Nunequal|share0.3|tau0.0,normal,30,unequal,0.3,0.0,1.1538468782873679,0.1,ghcp_r05,50,200,0.95372,0.024300497337591074,0.001718304645361629,0.0,2.1529253890704805,2.156348214771934,0.8577325260959566,0.8577325260959566,0.8590961910655825,2.5100195265646574,2.2453458511018107,1.6448536269514722,0.894553140857397,0.6553150720714528,0.2835351635705947,False
normal|K30|Nunequal|share0.3|tau0.0,normal,30,unequal,0.3,0.0,1.1538468782873679,0.1,ghcp_r05,100,200,0.93997,0.023112986625569782,0.0016343349576414372,0.0,1.9509284725085494,1.9722517523581584,0.7772562929734221,0.7772562929734221,0.7857515575018194,2.5100195265646574,2.2453458511018107,1.6448536269514722,0.894553140857397,0.6553150720714528,0.2835351635705947,False
normal|K30|Nunequal|share0.3|tau0.0,normal,30,unequal,0.3,0.0,1.1538468782873679,0.1,ghcp_r05code,0,200,0.9573299999999999,0.07561826306219097,0.005347018659282345,0.0,3.0854545187916607,3.070000069463025,1.2292551855222313,1.2292551855222313,1.2230980822945177,2.5100195265646574,2.2453458511018107,1.6448536269514722,0.894553140857397,0.6553150720714528,0.2835351635705947,False
normal|K30|Nunequal|share0.3|tau0.0,normal,30,unequal,0.3,0.0,1.1538468782873679,0.1,ghcp_r05code,3,200,0.9583399999999999,0.0691196937225673,0.004887500414476457,0.0,2.9767652346131435,2.9436048727985584,1.1859530187349971,1.1859530187349971,1.1727418219838828,2.5100195265646574,2.2453458511018107,1.6448536269514722,0.894553140857397,0.6553150720714528,0.2835351635705947,False
normal|K30|Nunequal|share0.3|tau0.0,normal,30,unequal,0.3,0.0,1.1538468782873679,0.1,ghcp_r05code,5,200,0.95757,0.06689671856506767,0.004730312333648735,0.0,2.8602899836355142,2.829174561649855,1.1395488972750163,1.1395488972750163,1.1271524112491709,2.5100195265646574,2.2453458511018107,1.6448536269514722,0.894553140857397,0.6553150720714528,0.2835351635705947,False
normal|K30|Nunequal|share0.3|tau0.0,normal,30,unequal,0.3,0.0,1.1538468782873679,0.1,ghcp_r05code,9,200,0.9590899999999999,0.057386216018698456,0.004057818249345775,0.0,2.7173483957266003,2.7150134061964937,1.0826005005011674,1.0826005005011674,1.0816702330250005,2.5100195265646574,2.2453458511018107,1.6448536269514722,0.894553140857397,0.6553150720714528,0.2835351635705947,False
normal|K30|Nunequal|share0.3|tau0.0,normal,30,unequal,0.3,0.0,1.1538468782873679,0.1,ghcp_r05code,10,200,0.9591,0.05300071109791284,0.003747716222504328,0.0,2.649671612117292,2.6441411077935406,1.0556378482615911,1.0556378482615911,1.0534344772259399,2.5100195265646574,2.2453458511018107,1.6448536269514722,0.894553140857397,0.6553150720714528,0.2835351635705947,False
normal|K30|Nunequal|share0.3|tau0.0,normal,30,unequal,0.3,0.0,1.1538468782873679,0.1,ghcp_r05code,12,200,0.95769,0.05148531429388091,0.0036405614868723875,0.0,2.5813664414160185,2.5593097511390344,1.0284248445465325,1.0284248445465325,1.0196373869018616,2.5100195265646574,2.2453458511018107,1.6448536269514722,0.894553140857397,0.6553150720714528,0.2835351635705947,False
normal|K30|Nunequal|share0.3|tau0.0,normal,30,unequal,0.3,0.0,1.1538468782873679,0.1,ghcp_r05code,15,200,0.9567399999999999,0.05174864259137867,0.003659181609356285,0.0,2.5283593310730446,2.512969882029303,1.0073066381812128,1.0073066381812128,1.0011754312798848,2.5100195265646574,2.2453458511018107,1.6448536269514722,0.894553140857397,0.6553150720714528,0.2835351635705947,False
normal|K30|Nunequal|share0.3|tau0.0,normal,30,unequal,0.3,0.0,1.1538468782873679,0.1,ghcp_r05code,17,200,0.95702,0.04754262409173096,0.0033617711890665887,0.0,2.4874876600637212,2.479235148529987,0.9910232305914473,0.9910232305914473,0.9877354029684371,2.5100195265646574,2.2453458511018107,1.6448536269514722,0.894553140857397,0.6553150720714528,0.2835351635705947,False
normal|K30|Nunequal|share0.3|tau0.0,normal,30,unequal,0.3,0.0,1.1538468782873679,0.1,ghcp_r05code,20,200,0.95747,0.04111045423290991,0.0029069480965749806,0.0,2.4150228263369597,2.4011074311695317,0.9621530035036363,0.9621530035036363,0.9566090644943355,2.5100195265646574,2.2453458511018107,1.6448536269514722,0.894553140857397,0.6553150720714528,0.2835351635705947,False
normal|K30|Nunequal|share0.3|tau0.0,normal,30,unequal,0.3,0.0,1.1538468782873679,0.1,ghcp_r05code,25,200,0.9558699999999999,0.037912397039045566,0.0026808113037345904,0.0,2.34675319360636,2.3334593516753843,0.9349541582324852,0.9349541582324852,0.9296578480682491,2.5100195265646574,2.2453458511018107,1.6448536269514722,0.894553140857397,0.6553150720714528,0.2835351635705947,False
normal|K30|Nunequal|share0.3|tau0.0,normal,30,unequal,0.3,0.0,1.1538468782873679,0.1,ghcp_r05code,35,200,0.9541200000000001,0.03021440303487342,0.0021364809275462395,0.0,2.2342980287415695,2.231961556441595,0.8901516522461265,0.8901516522461265,0.8892207940295882,2.5100195265646574,2.2453458511018107,1.6448536269514722,0.894553140857397,0.6553150720714528,0.2835351635705947,False
normal|K30|Nunequal|share0.3|tau0.0,normal,30,unequal,0.3,0.0,1.1538468782873679,0.1,ghcp_r05code,50,200,0.95139,0.023655991411231123,0.0016727311942572253,0.0,2.1287018056130695,2.129006826387202,0.8480817711113672,0.8480817711113672,0.8482032923867614,2.5100195265646574,2.2453458511018107,1.6448536269514722,0.894553140857397,0.6553150720714528,0.2835351635705947,False
normal|K30|Nunequal|share0.3|tau0.0,normal,30,unequal,0.3,0.0,1.1538468782873679,0.1,ghcp_r05code,100,200,0.93896,0.021713493014585916,0.001535375815386043,0.0,1.9402045868755566,1.9519589996055002,0.7729838618152192,0.7729838618152192,0.7776668583439479,2.5100195265646574,2.2453458511018107,1.6448536269514722,0.894553140857397,0.6553150720714528,0.2835351635705947,False
normal|K30|Nunequal|share0.3|tau0.0,normal,30,unequal,0.3,0.0,1.1538468782873679,0.1,hcp,0,200,0.93451,0.09623881466038628,0.006805111845971446,0.0,2.7636783086507557,2.7453909945782797,1.1010584895462023,1.1010584895462023,1.093772763726569,2.5100195265646574,2.2453458511018107,1.6448536269514722,0.894553140857397,0.6553150720714528,0.2835351635705947,False
normal|K30|Nunequal|share0.3|tau0.0,normal,30,unequal,0.3,0.0,1.1538468782873679,0.1,one_per,0,200,0.9096,0.12326235451345639,0.008715964674148525,0.0,2.610031900392695,2.545294019642315,1.0398452572856751,1.0398452572856751,1.0140534735703577,2.5100195265646574,2.2453458511018107,1.6448536269514722,0.894553140857397,0.6553150720714528,0.2835351635705947,False
normal|K30|Nunequal|share0.3|tau0.0,normal,30,unequal,0.3,0.0,1.1538468782873679,0.1,pooled,0,200,0.9058700000000002,0.1190824346037474,0.008420399702851336,0.0,2.5129344607343653,2.484485294399102,1.0011613193199729,1.0011613193199729,0.9898270782775531,2.5100195265646574,2.2453458511018107,1.6448536269514722,0.894553140857397,0.6553150720714528,0.2835351635705947,False
normal|K30|Nunequal|share0.3|tau0.0,normal,30,unequal,0.3,0.0,1.1538468782873679,0.1,within,3,200,1.0,0.0,0.0,1.0,inf,inf,inf,inf,inf,2.5100195265646574,2.2453458511018107,1.6448536269514722,0.894553140857397,0.6553150720714528,0.2835351635705947,False
normal|K30|Nunequal|share0.3|tau0.0,normal,30,unequal,0.3,0.0,1.1538468782873679,0.1,within,5,200,1.0,0.0,0.0,1.0,inf,inf,inf,inf,inf,2.5100195265646574,2.2453458511018107,1.6448536269514722,0.894553140857397,0.6553150720714528,0.2835351635705947,False
normal|K30|Nunequal|share0.3|tau0.0,normal,30,unequal,0.3,0.0,1.1538468782873679,0.1,within,9,200,1.0,0.0,0.0,1.0,inf,inf,inf,inf,inf,2.5100195265646574,2.2453458511018107,1.6448536269514722,0.894553140857397,0.6553150720714528,0.2835351635705947,False
normal|K30|Nunequal|share0.3|tau0.0,normal,30,unequal,0.3,0.0,1.1538468782873679,0.1,within,10,200,1.0,0.0,0.0,1.0,inf,inf,inf,inf,inf,2.5100195265646574,2.2453458511018107,1.6448536269514722,0.894553140857397,0.6553150720714528,0.2835351635705947,False
normal|K30|Nunequal|share0.3|tau0.0,normal,30,unequal,0.3,0.0,1.1538468782873679,0.1,within,12,200,1.0,0.0,0.0,1.0,inf,inf,inf,inf,inf,2.5100195265646574,2.2453458511018107,1.6448536269514722,0.894553140857397,0.6553150720714528,0.2835351635705947,False
normal|K30|Nunequal|share0.3|tau0.0,normal,30,unequal,0.3,0.0,1.1538468782873679,0.1,within,15,200,1.0,0.0,0.0,1.0,inf,inf,inf,inf,inf,2.5100195265646574,2.2453458511018107,1.6448536269514722,0.894553140857397,0.6553150720714528,0.2835351635705947,False
normal|K30|Nunequal|share0.3|tau0.0,normal,30,unequal,0.3,0.0,1.1538468782873679,0.1,within,17,200,0.9038900000000001,0.09185507429296888,0.006495134591895241,0.0,1.9383728456317997,1.9272847321439568,0.7722540901045329,0.7722540901045329,0.7678365493760675,2.5100195265646574,2.2453458511018107,1.6448536269514722,0.894553140857397,0.6553150720714528,0.2835351635705947,False
normal|K30|Nunequal|share0.3|tau0.0,normal,30,unequal,0.3,0.0,1.1538468782873679,0.1,within,20,200,0.9058000000000002,0.08559129247028385,0.006052218331625879,0.0,1.9266221850005325,1.9025101900634958,0.7675725884242055,0.7675725884242055,0.7579662906715989,2.5100195265646574,2.2453458511018107,1.6448536269514722,0.894553140857397,0.6553150720714528,0.2835351635705947,False
normal|K30|Nunequal|share0.3|tau0.0,normal,30,unequal,0.3,0.0,1.1538468782873679,0.1,within,25,200,0.9253100000000001,0.07008038385315127,0.004955431465071949,0.0,2.0403068946459677,1.9636090526798675,0.8128649490780808,0.8128649490780808,0.7823082776441046,2.5100195265646574,2.2453458511018107,1.6448536269514722,0.894553140857397,0.6553150720714528,0.2835351635705947,False
normal|K30|Nunequal|share0.3|tau0.0,normal,30,unequal,0.3,0.0,1.1538468782873679,0.1,within,35,200,0.9442099999999999,0.056008038726686804,0.0039603663984599,0.0,2.1650182838096557,2.111502150571778,0.8625503749657326,0.8625503749657326,0.841229372211972,2.5100195265646574,2.2453458511018107,1.6448536269514722,0.894553140857397,0.6553150720714528,0.2835351635705947,False
normal|K30|Nunequal|share0.3|tau0.0,normal,30,unequal,0.3,0.0,1.1538468782873679,0.1,within,50,200,0.9204100000000001,0.05369270371438566,0.003796647489668223,0.0,1.8771872124850773,1.8532161197099977,0.7478775334685516,0.7478775334685516,0.7383273715987403,2.5100195265646574,2.2453458511018107,1.6448536269514722,0.894553140857397,0.6553150720714528,0.2835351635705947,False
normal|K30|Nunequal|share0.3|tau0.0,normal,30,unequal,0.3,0.0,1.1538468782873679,0.1,within,100,200,0.9042600000000001,0.04332989498019785,0.003063886256859884,0.0,1.7162553540419325,1.690057398382364,0.683761753993559,0.683761753993559,0.6733244026573229,2.5100195265646574,2.2453458511018107,1.6448536269514722,0.894553140857397,0.6553150720714528,0.2835351635705947,False
normal|K30|Nunequal|share0.3|tau0.0,normal,30,unequal,0.3,0.0,1.1538468782873679,0.1,within_full,3,200,1.0,0.0,0.0,1.0,inf,inf,inf,inf,inf,2.5100195265646574,2.2453458511018107,1.6448536269514722,0.894553140857397,0.6553150720714528,0.2835351635705947,False
normal|K30|Nunequal|share0.3|tau0.0,normal,30,unequal,0.3,0.0,1.1538468782873679,0.1,within_full,5,200,1.0,0.0,0.0,1.0,inf,inf,inf,inf,inf,2.5100195265646574,2.2453458511018107,1.6448536269514722,0.894553140857397,0.6553150720714528,0.2835351635705947,False
normal|K30|Nunequal|share0.3|tau0.0,normal,30,unequal,0.3,0.0,1.1538468782873679,0.1,within_full,9,200,0.9017099999999999,0.09728586019029087,0.006879149145412105,0.0,1.9987651052660385,1.9867467230316769,0.7963145641347467,0.7963145641347467,0.791526401290926,2.5100195265646574,2.2453458511018107,1.6448536269514722,0.894553140857397,0.6553150720714528,0.2835351635705947,False
normal|K30|Nunequal|share0.3|tau0.0,normal,30,unequal,0.3,0.0,1.1538468782873679,0.1,within_full,10,200,0.91334,0.08472601067217853,0.005991033668918123,0.0,2.029730520322296,1.9681566755392992,0.8086512869086284,0.8086512869086284,0.7841200654853153,2.5100195265646574,2.2453458511018107,1.6448536269514722,0.894553140857397,0.6553150720714528,0.2835351635705947,False
normal|K30|Nunequal|share0.3|tau0.0,normal,30,unequal,0.3,0.0,1.1538468782873679,0.1,within_full,12,200,0.9281100000000001,0.0705237256488693,0.004986780464085514,0.0,2.084857547523855,1.9967140959690883,0.8306140750933915,0.8306140750933915,0.7954974353135391,2.5100195265646574,2.2453458511018107,1.6448536269514722,0.894553140857397,0.6553150720714528,0.2835351635705947,False
normal|K30|Nunequal|share0.3|tau0.0,normal,30,unequal,0.3,0.0,1.1538468782873679,0.1,within_full,15,200,0.94018,0.05543693596643606,0.003919983335007135,0.0,2.1351291833825585,2.0601533284553275,0.8506424594651688,0.8506424594651688,0.8207718333071936,2.5100195265646574,2.2453458511018107,1.6448536269514722,0.894553140857397,0.6553150720714528,0.2835351635705947,False
normal|K30|Nunequal|share0.3|tau0.0,normal,30,unequal,0.3,0.0,1.1538468782873679,0.1,within_full,17,200,0.9457,0.05131154228688995,0.003628273950420017,0.0,2.163280319332664,2.0732534817499517,0.8618579642260559,0.8618579642260559,0.8259909772843537,2.5100195265646574,2.2453458511018107,1.6448536269514722,0.894553140857397,0.6553150720714528,0.2835351635705947,False
normal|K30|Nunequal|share0.3|tau0.0,normal,30,unequal,0.3,0.0,1.1538468782873679,0.1,within_full,20,200,0.90718,0.05776444629944449,0.004084563168982337,0.0,1.797443314321458,1.7440808791623006,0.7161073032692826,0.7161073032692826,0.694847534333464,2.5100195265646574,2.2453458511018107,1.6448536269514722,0.894553140857397,0.6553150720714528,0.2835351635705947,False
normal|K30|Nunequal|share0.3|tau0.0,normal,30,unequal,0.3,0.0,1.1538468782873679,0.1,within_full,25,200,0.9227199999999999,0.052769733978110994,0.003731383673733245,0.0,1.8884902616287753,1.8631440985929582,0.7523807052662499,0.7523807052662499,0.7422827109010398,2.5100195265646574,2.2453458511018107,1.6448536269514722,0.894553140857397,0.6553150720714528,0.2835351635705947,False
normal|K30|Nunequal|share0.3|tau0.0,normal,30,unequal,0.3,0.0,1.1538468782873679,0.1,within_full,35,200,0.9150100000000001,0.047770387791483786,0.0033778765147269244,0.0,1.806696723329859,1.7840799806067724,0.7197938917242598,0.7197938917242598,0.7107833073508225,2.5100195265646574,2.2453458511018107,1.6448536269514722,0.894553140857397,0.6553150720714528,0.2835351635705947,False
normal|K30|Nunequal|share0.3|tau0.0,normal,30,unequal,0.3,0.0,1.1538468782873679,0.1,within_full,50,200,0.89995,0.047163326822701176,0.0033349508219649385,0.0,1.700789763746545,1.700636072581783,0.6776002121682033,0.6776002121682033,0.6775389811048051,2.5100195265646574,2.2453458511018107,1.6448536269514722,0.894553140857397,0.6553150720714528,0.2835351635705947,False
normal|K30|Nunequal|share0.3|tau0.0,normal,30,unequal,0.3,0.0,1.1538468782873679,0.1,within_full,100,200,0.90119,0.03298612316729628,0.0023324711376649875,0.0,1.673778605742659,1.6589561739852172,0.6668388783546554,0.6668388783546554,0.660933572997239,2.5100195265646574,2.2453458511018107,1.6448536269514722,0.894553140857397,0.6553150720714528,0.2835351635705947,False
normal|K30|Nunequal|share0.3|tau0.0,normal,30,unequal,0.3,0.0,1.1538468782873679,0.1,within_plain,3,200,1.0,0.0,0.0,1.0,inf,inf,inf,inf,inf,2.5100195265646574,2.2453458511018107,1.6448536269514722,0.894553140857397,0.6553150720714528,0.2835351635705947,False
normal|K30|Nunequal|share0.3|tau0.0,normal,30,unequal,0.3,0.0,1.1538468782873679,0.1,within_plain,5,200,1.0,0.0,0.0,1.0,inf,inf,inf,inf,inf,2.5100195265646574,2.2453458511018107,1.6448536269514722,0.894553140857397,0.6553150720714528,0.2835351635705947,False
normal|K30|Nunequal|share0.3|tau0.0,normal,30,unequal,0.3,0.0,1.1538468782873679,0.1,within_plain,9,200,0.9018700000000002,0.08639516027297457,0.006109060369071893,0.0,2.4404127734460697,2.323756593942481,0.9722684415870444,0.9722684415870444,0.9257922376097587,2.5100195265646574,2.2453458511018107,1.6448536269514722,0.894553140857397,0.6553150720714528,0.2835351635705947,False
normal|K30|Nunequal|share0.3|tau0.0,normal,30,unequal,0.3,0.0,1.1538468782873679,0.1,within_plain,10,200,0.91208,0.07919109639816661,0.005599656127274119,0.0,2.500281493169238,2.377310211443267,0.9961203356020316,0.9961203356020316,0.9471281742166274,2.5100195265646574,2.2453458511018107,1.6448536269514722,0.894553140857397,0.6553150720714528,0.2835351635705947,False
normal|K30|Nunequal|share0.3|tau0.0,normal,30,unequal,0.3,0.0,1.1538468782873679,0.1,within_plain,12,200,0.92446,0.06873493183433992,0.004860293640445685,0.0,2.5798593308920066,2.461273117839749,1.0278244067777975,1.0278244067777975,0.9805792711136294,2.5100195265646574,2.2453458511018107,1.6448536269514722,0.894553140857397,0.6553150720714528,0.2835351635705947,False
normal|K30|Nunequal|share0.3|tau0.0,normal,30,unequal,0.3,0.0,1.1538468782873679,0.1,within_plain,15,200,0.9349500000000001,0.05981510456120879,0.004229566605261312,0.0,2.6538458621338337,2.4992067194413945,1.0573008831393533,1.0573008831393533,0.9956921422288451,2.5100195265646574,2.2453458511018107,1.6448536269514722,0.894553140857397,0.6553150720714528,0.2835351635705947,False
normal|K30|Nunequal|share0.3|tau0.0,normal,30,unequal,0.3,0.0,1.1538468782873679,0.1,within_plain,17,200,0.9431400000000001,0.054607419379204145,0.003861327654613294,0.0,2.717411251951158,2.612259627739882,1.0826255426268927,1.0826255426268927,1.0407327911568705,2.5100195265646574,2.2453458511018107,1.6448536269514722,0.894553140857397,0.6553150720714528,0.2835351635705947,False
normal|K30|Nunequal|share0.3|tau0.0,normal,30,unequal,0.3,0.0,1.1538468782873679,0.1,within_plain,20,200,0.90364,0.061739201851223585,0.004365620829404524,0.0,2.357088576480008,2.2377762339927587,0.9390718086189719,0.9390718086189719,0.8915373806097419,2.5100195265646574,2.2453458511018107,1.6448536269514722,0.894553140857397,0.6553150720714528,0.2835351635705947,False
normal|K30|Nunequal|share0.3|tau0.0,normal,30,unequal,0.3,0.0,1.1538468782873679,0.1,within_plain,25,200,0.92123,0.052873482253660384,0.0037387197846509837,0.0,2.479422504351835,2.3863619475075803,0.987810046141474,0.987810046141474,0.950734415510177,2.5100195265646574,2.2453458511018107,1.6448536269514722,0.894553140857397,0.6553150720714528,0.2835351635705947,False
normal|K30|Nunequal|share0.3|tau0.0,normal,30,unequal,0.3,0.0,1.1538468782873679,0.1,within_plain,35,200,0.91758,0.046881263467632855,0.003315005930855635,0.0,2.4148563176334155,2.29575114060422,0.9620866658908079,0.9620866658908079,0.9146347732785587,2.5100195265646574,2.2453458511018107,1.6448536269514722,0.894553140857397,0.6553150720714528,0.2835351635705947,False
normal|K30|Nunequal|share0.3|tau0.0,normal,30,unequal,0.3,0.0,1.1538468782873679,0.1,within_plain,50,200,0.9039400000000001,0.043865903472254913,0.003101787780810597,0.0,2.3092356260594644,2.1426054133288344,0.9200070364472441,0.9200070364472441,0.8536210139613198,2.5100195265646574,2.2453458511018107,1.6448536269514722,0.894553140857397,0.6553150720714528,0.2835351635705947,False
normal|K30|Nunequal|share0.3|tau0.0,normal,30,unequal,0.3,0.0,1.1538468782873679,0.1,within_plain,100,200,0.90007,0.033801892546105945,0.0023901547436290527,0.0,2.2640682085768122,2.091656879790407,0.9020121893934163,0.9020121893934163,0.8333229513370191,2.5100195265646574,2.2453458511018107,1.6448536269514722,0.894553140857397,0.6553150720714528,0.2835351635705947,False
normal|K30|Nunequal|share0.3|tau0.0,normal,30,unequal,0.3,0.0,1.1538468782873679,0.2,ghcp,0,200,0.83339,0.16069174554228707,0.011362622295365436,0.0,2.084076400559464,2.0753206964124984,1.0642646376660096,1.0642646376660096,1.0597934070052815,1.9582313710337655,1.8307931341955435,1.2815515655446001,0.9349217673032445,0.6544433842197408,0.2835351635705947,False
normal|K30|Nunequal|share0.3|tau0.0,normal,30,unequal,0.3,0.0,1.1538468782873679,0.2,ghcp,3,200,0.8316099999999998,0.15057580571370574,0.010647317330278941,0.0,2.0010271482912345,1.9824956986696782,1.0218543007177323,1.0218543007177323,1.0123909401079114,1.9582313710337655,1.8307931341955435,1.2815515655446001,0.9349217673032445,0.6544433842197408,0.2835351635705947,False
normal|K30|Nunequal|share0.3|tau0.0,normal,30,unequal,0.3,0.0,1.1538468782873679,0.2,ghcp,5,200,0.8324700000000002,0.13912735606641188,0.009837789692311518,0.0,1.9335137958315514,1.9249081097935408,0.9873776022752787,0.9873776022752787,0.9829829805950696,1.9582313710337655,1.8307931341955435,1.2815515655446001,0.9349217673032445,0.6544433842197408,0.2835351635705947,False
normal|K30|Nunequal|share0.3|tau0.0,normal,30,unequal,0.3,0.0,1.1538468782873679,0.2,ghcp,9,200,0.8315699999999999,0.12293036432209012,0.008692489422588275,0.0,1.8271861545416042,1.811755067546316,0.9330798094491858,0.9330798094491858,0.9251996951667036,1.9582313710337655,1.8307931341955435,1.2815515655446001,0.9349217673032445,0.6544433842197408,0.2835351635705947,False
normal|K30|Nunequal|share0.3|tau0.0,normal,30,unequal,0.3,0.0,1.1538468782873679,0.2,ghcp,10,200,0.83179,0.11631552953952581,0.008224749969470289,0.0,1.78593089488893,1.7728404984806692,0.9120121969786049,0.9120121969786049,0.9053273911880866,1.9582313710337655,1.8307931341955435,1.2815515655446001,0.9349217673032445,0.6544433842197408,0.2835351635705947,False
normal|K30|Nunequal|share0.3|tau0.0,normal,30,unequal,0.3,0.0,1.1538468782873679,0.2,ghcp,12,200,0.83044,0.11124298363058759,0.007866066808461258,0.0,1.7441779267563526,1.7357221239745546,0.8906904222638345,0.8906904222638345,0.886372340699584,1.9582313710337655,1.8307931341955435,1.2815515655446001,0.9349217673032445,0.6544433842197408,0.2835351635705947,False
normal|K30|Nunequal|share0.3|tau0.0,normal,30,unequal,0.3,0.0,1.1538468782873679,0.2,ghcp,15,200,0.8307499999999999,0.10359477247632774,0.007325256611348885,0.0,1.7130695035629286,1.7055232427733211,0.8748044428777513,0.8748044428777513,0.8709508324713243,1.9582313710337655,1.8307931341955435,1.2815515655446001,0.9349217673032445,0.6544433842197408,0.2835351635705947,False
normal|K30|Nunequal|share0.3|tau0.0,normal,30,unequal,0.3,0.0,1.1538468782873679,0.2,ghcp,17,200,0.8297599999999999,0.10028793922386103,0.007091428189641648,0.0,1.6843407987303016,1.6779307736044387,0.8601337020972781,0.8601337020972781,0.8568603273466331,1.9582313710337655,1.8307931341955435,1.2815515655446001,0.9349217673032445,0.6544433842197408,0.2835351635705947,False
normal|K30|Nunequal|share0.3|tau0.0,normal,30,unequal,0.3,0.0,1.1538468782873679,0.2,ghcp,20,200,0.83051,0.08788137218938634,0.0062141514215093945,0.0,1.6369736788580675,1.6327721885390722,0.835944977223961,0.835944977223961,0.8337994236488607,1.9582313710337655,1.8307931341955435,1.2815515655446001,0.9349217673032445,0.6544433842197408,0.2835351635705947,False
normal|K30|Nunequal|share0.3|tau0.0,normal,30,unequal,0.3,0.0,1.1538468782873679,0.2,ghcp,25,200,0.8286500000000001,0.08093919487078963,0.005723265355691477,0.0,1.596034653740731,1.5895343212431985,0.8150388546263417,0.8150388546263417,0.811719363072031,1.9582313710337655,1.8307931341955435,1.2815515655446001,0.9349217673032445,0.6544433842197408,0.2835351635705947,False
normal|K30|Nunequal|share0.3|tau0.0,normal,30,unequal,0.3,0.0,1.1538468782873679,0.2,ghcp,35,200,0.8287399999999999,0.062102301723824894,0.00439129586762096,0.0,1.5317651800257022,1.527627655039937,0.7822186911534726,0.7822186911534726,0.7801058024279788,1.9582313710337655,1.8307931341955435,1.2815515655446001,0.9349217673032445,0.6544433842197408,0.2835351635705947,False
normal|K30|Nunequal|share0.3|tau0.0,normal,30,unequal,0.3,0.0,1.1538468782873679,0.2,ghcp,50,200,0.8263900000000001,0.04353694093675683,0.003078526616849895,0.0,1.4679882636602704,1.4648457951299103,0.7496500594234216,0.7496500594234216,0.7480453110893667,1.9582313710337655,1.8307931341955435,1.2815515655446001,0.9349217673032445,0.6544433842197408,0.2835351635705947,False
normal|K30|Nunequal|share0.3|tau0.0,normal,30,unequal,0.3,0.0,1.1538468782873679,0.2,ghcp,100,200,0.8221100000000001,0.02644436465696523,0.0018698989573109983,0.0,1.3904615518457015,1.3914428840844497,0.7100598899667642,0.7100598899667642,0.7105610218826675,1.9582313710337655,1.8307931341955435,1.2815515655446001,0.9349217673032445,0.6544433842197408,0.2835351635705947,False
normal|K30|Nunequal|share0.3|tau0.0,normal,30,unequal,0.3,0.0,1.1538468782873679,0.2,ghcp_noad,0,200,0.8333400000000001,0.15946280548033226,0.011275723110217429,0.0,2.0822156742403046,2.068709079263334,1.063314430072217,1.063314430072217,1.0564170862870235,1.9582313710337655,1.8307931341955435,1.2815515655446001,0.9349217673032445,0.6544433842197408,0.2835351635705947,False
normal|K30|Nunequal|share0.3|tau0.0,normal,30,unequal,0.3,0.0,1.1538468782873679,0.2,ghcp_noad,3,200,0.83368,0.16092227157058522,0.011378922947150398,0.0,2.0860670718822645,2.0752784143251612,1.065281203610283,1.065281203610283,1.0597718150279685,1.9582313710337655,1.8307931341955435,1.2815515655446001,0.9349217673032445,0.6544433842197408,0.2835351635705947,False
normal|K30|Nunequal|share0.3|tau0.0,normal,30,unequal,0.3,0.0,1.1538468782873679,0.2,ghcp_noad,5,200,0.83336,0.1599816270858161,0.0113124093377638,0.0,2.0829734815720697,2.076277456335469,1.0637014156669604,1.0637014156669604,1.0602819907023477,1.9582313710337655,1.8307931341955435,1.2815515655446001,0.9349217673032445,0.6544433842197408,0.2835351635705947,False
normal|K30|Nunequal|share0.3|tau0.0,normal,30,unequal,0.3,0.0,1.1538468782873679,0.2,ghcp_noad,9,200,0.8322700000000001,0.16142439803637812,0.011414428650047936,0.0,2.0774527642576515,2.0617759186659077,1.0608821791885337,1.0608821791885337,1.05287656462039,1.9582313710337655,1.8307931341955435,1.2815515655446001,0.9349217673032445,0.6544433842197408,0.2835351635705947,False
normal|K30|Nunequal|share0.3|tau0.0,normal,30,unequal,0.3,0.0,1.1538468782873679,0.2,ghcp_noad,10,200,0.83217,0.16018504092668395,0.011326792868390287,0.0,2.076534766319537,2.065507275747282,1.060413389876048,1.060413389876048,1.05478203765926,1.9582313710337655,1.8307931341955435,1.2815515655446001,0.9349217673032445,0.6544433842197408,0.2835351635705947,False
normal|K30|Nunequal|share0.3|tau0.0,normal,30,unequal,0.3,0.0,1.1538468782873679,0.2,ghcp_noad,12,200,0.83328,0.1600217372168842,0.011315245552331054,0.0,2.0809087856784485,2.0710781556527564,1.0626470479736623,1.0626470479736623,1.057626890411534,1.9582313710337655,1.8307931341955435,1.2815515655446001,0.9349217673032445,0.6544433842197408,0.2835351635705947,False
normal|K30|Nunequal|share0.3|tau0.0,normal,30,unequal,0.3,0.0,1.1538468782873679,0.2,ghcp_noad,15,200,0.8320799999999999,0.160441205749996,0.011344906456756827,0.0,2.0735492518502965,2.066263047707534,1.058888792469734,1.058888792469734,1.055167983861242,1.9582313710337655,1.8307931341955435,1.2815515655446001,0.9349217673032445,0.6544433842197408,0.2835351635705947,False
normal|K30|Nunequal|share0.3|tau0.0,normal,30,unequal,0.3,0.0,1.1538468782873679,0.2,ghcp_noad,17,200,0.8323599999999999,0.16103556334957997,0.011386933885668384,0.0,2.075174954039232,2.0684132943996527,1.059718981492841,1.059718981492841,1.0562660393433085,1.9582313710337655,1.8307931341955435,1.2815515655446001,0.9349217673032445,0.6544433842197408,0.2835351635705947,False
normal|K30|Nunequal|share0.3|tau0.0,normal,30,unequal,0.3,0.0,1.1538468782873679,0.2,ghcp_noad,20,200,0.83187,0.15984578969247848,0.011302804183567028,0.0,2.0729100865114223,2.0688743811579506,1.058562393174774,1.058562393174774,1.056501500160206,1.9582313710337655,1.8307931341955435,1.2815515655446001,0.9349217673032445,0.6544433842197408,0.2835351635705947,False
normal|K30|Nunequal|share0.3|tau0.0,normal,30,unequal,0.3,0.0,1.1538468782873679,0.2,ghcp_noad,25,200,0.8308099999999999,0.16229820528023695,0.011476216152806187,0.0,2.069321900540785,2.07093558567769,1.0567300325948583,1.0567300325948583,1.0575540849314589,1.9582313710337655,1.8307931341955435,1.2815515655446001,0.9349217673032445,0.6544433842197408,0.2835351635705947,False
normal|K30|Nunequal|share0.3|tau0.0,normal,30,unequal,0.3,0.0,1.1538468782873679,0.2,ghcp_noad,35,200,0.8305000000000001,0.1616691515808267,0.01143173533914784,0.0,2.066096123873086,2.0563522863546218,1.0550827417203397,1.0550827417203397,1.0501069060440273,1.9582313710337655,1.8307931341955435,1.2815515655446001,0.9349217673032445,0.6544433842197408,0.2835351635705947,False
normal|K30|Nunequal|share0.3|tau0.0,normal,30,unequal,0.3,0.0,1.1538468782873679,0.2,ghcp_noad,50,200,0.8292,0.16242843031586057,0.01148542445338316,0.0,2.0628292340168124,2.0528903152635087,1.0534144557840621,1.0534144557840621,1.0483389989711847,1.9582313710337655,1.8307931341955435,1.2815515655446001,0.9349217673032445,0.6544433842197408,0.2835351635705947,False
normal|K30|Nunequal|share0.3|tau0.0,normal,30,unequal,0.3,0.0,1.1538468782873679,0.2,ghcp_noad,100,200,0.8259299999999999,0.161508762927937,0.011420394148739473,0.0,2.0409889236538343,2.0343701335915467,1.0422613761806812,1.0422613761806812,1.03888139250756,1.9582313710337655,1.8307931341955435,1.2815515655446001,0.9349217673032445,0.6544433842197408,0.2835351635705947,False
normal|K30|Nunequal|share0.3|tau0.0,normal,30,unequal,0.3,0.0,1.1538468782873679,0.2,ghcp_r05,0,200,0.85613,0.15552253662085416,0.010997104027193914,0.0,2.2260598504873985,2.2156101609139918,1.1367705999481788,1.1367705999481788,1.1314343104126423,1.9582313710337655,1.8307931341955435,1.2815515655446001,0.9349217673032445,0.6544433842197408,0.2835351635705947,False
normal|K30|Nunequal|share0.3|tau0.0,normal,30,unequal,0.3,0.0,1.1538468782873679,0.2,ghcp_r05,3,200,0.85694,0.14342177459206004,0.010141450938385414,0.0,2.144269625528632,2.115339178894093,1.095003204037455,1.095003204037455,1.0802294408026916,1.9582313710337655,1.8307931341955435,1.2815515655446001,0.9349217673032445,0.6544433842197408,0.2835351635705947,False
normal|K30|Nunequal|share0.3|tau0.0,normal,30,unequal,0.3,0.0,1.1538468782873679,0.2,ghcp_r05,5,200,0.85675,0.1315777374977436,0.009303951043783797,0.0,2.067660098236218,2.041849268902455,1.0558814085103152,1.0558814085103152,1.0427007242890542,1.9582313710337655,1.8307931341955435,1.2815515655446001,0.9349217673032445,0.6544433842197408,0.2835351635705947,False
normal|K30|Nunequal|share0.3|tau0.0,normal,30,unequal,0.3,0.0,1.1538468782873679,0.2,ghcp_r05,9,200,0.85712,0.11686278342891619,0.008263446663092153,0.0,1.9538121536492015,1.9505046529997339,0.997743260857765,0.997743260857765,0.9960542364154072,1.9582313710337655,1.8307931341955435,1.2815515655446001,0.9349217673032445,0.6544433842197408,0.2835351635705947,False
normal|K30|Nunequal|share0.3|tau0.0,normal,30,unequal,0.3,0.0,1.1538468782873679,0.2,ghcp_r05,10,200,0.8563999999999998,0.11131141520876867,0.007870905651759172,0.0,1.9050924636535473,1.8941722515572237,0.9728638259164616,0.9728638259164616,0.9672872570503634,1.9582313710337655,1.8307931341955435,1.2815515655446001,0.9349217673032445,0.6544433842197408,0.2835351635705947,False
normal|K30|Nunequal|share0.3|tau0.0,normal,30,unequal,0.3,0.0,1.1538468782873679,0.2,ghcp_r05,12,200,0.8566399999999998,0.10592568932176678,0.0074900773221280754,0.0,1.8647121291603517,1.8601229038494669,0.9522430070027706,0.9522430070027706,0.9498994507822094,1.9582313710337655,1.8307931341955435,1.2815515655446001,0.9349217673032445,0.6544433842197408,0.2835351635705947,False
normal|K30|Nunequal|share0.3|tau0.0,normal,30,unequal,0.3,0.0,1.1538468782873679,0.2,ghcp_r05,15,200,0.85583,0.10030020816924545,0.0070922957350895805,0.0,1.828188711891119,1.8259855896590649,0.9335917802838608,0.9335917802838608,0.9324667231202167,1.9582313710337655,1.8307931341955435,1.2815515655446001,0.9349217673032445,0.6544433842197408,0.2835351635705947,False
normal|K30|Nunequal|share0.3|tau0.0,normal,30,unequal,0.3,0.0,1.1538468782873679,0.2,ghcp_r05,17,200,0.85446,0.09627258411542358,0.006807499707036831,0.0,1.793589283860822,1.785191528024062,0.9159230673104639,0.9159230673104639,0.9116346282827883,1.9582313710337655,1.8307931341955435,1.2815515655446001,0.9349217673032445,0.6544433842197408,0.2835351635705947,False
normal|K30|Nunequal|share0.3|tau0.0,normal,30,unequal,0.3,0.0,1.1538468782873679,0.2,ghcp_r05,20,200,0.8548500000000001,0.08403694748569565,0.005942309543735318,0.0,1.7430142512324827,1.7348365213259989,0.8900961740350078,0.8900961740350078,0.8859200945239505,1.9582313710337655,1.8307931341955435,1.2815515655446001,0.9349217673032445,0.6544433842197408,0.2835351635705947,False
normal|K30|Nunequal|share0.3|tau0.0,normal,30,unequal,0.3,0.0,1.1538468782873679,0.2,ghcp_r05,25,200,0.85344,0.07674853803462488,0.005426941169043691,0.0,1.7001140033568007,1.6942007909932606,0.8681885238409274,0.8681885238409274,0.8651688539229554,1.9582313710337655,1.8307931341955435,1.2815515655446001,0.9349217673032445,0.6544433842197408,0.2835351635705947,False
normal|K30|Nunequal|share0.3|tau0.0,normal,30,unequal,0.3,0.0,1.1538468782873679,0.2,ghcp_r05,35,200,0.85194,0.05950918513622826,0.00420793483527127,0.0,1.6256946277476925,1.621802634936425,0.8301851618736328,0.8301851618736328,0.828197657808057,1.9582313710337655,1.8307931341955435,1.2815515655446001,0.9349217673032445,0.6544433842197408,0.2835351635705947,False
normal|K30|Nunequal|share0.3|tau0.0,normal,30,unequal,0.3,0.0,1.1538468782873679,0.2,ghcp_r05,50,200,0.8490000000000001,0.04380404056533194,0.0030974134127116824,0.0,1.5504498884396247,1.5511364109666448,0.7917603156470371,0.7917603156470371,0.7921108985950867,1.9582313710337655,1.8307931341955435,1.2815515655446001,0.9349217673032445,0.6544433842197408,0.2835351635705947,False
normal|K30|Nunequal|share0.3|tau0.0,normal,30,unequal,0.3,0.0,1.1538468782873679,0.2,ghcp_r05,100,200,0.83529,0.0296626916577358,0.0020974690419430617,0.0,1.437413589450367,1.4454411743343358,0.7340366469012011,0.7340366469012011,0.7381360526214408,1.9582313710337655,1.8307931341955435,1.2815515655446001,0.9349217673032445,0.6544433842197408,0.2835351635705947,False
normal|K30|Nunequal|share0.3|tau0.0,normal,30,unequal,0.3,0.0,1.1538468782873679,0.2,hcp,0,200,0.83264,0.16109945865175787,0.011391451965813981,0.0,2.0790431778585874,2.067244022986488,1.0616943475688698,1.0616943475688698,1.0556689334903124,1.9582313710337655,1.8307931341955435,1.2815515655446001,0.9349217673032445,0.6544433842197408,0.2835351635705947,False
normal|K30|Nunequal|share0.3|tau0.0,normal,30,unequal,0.3,0.0,1.1538468782873679,0.2,one_per,0,200,0.8080699999999998,0.1852069197291988,0.013096106886318905,0.0,1.9990977470323572,1.972639259167324,1.020869023243672,1.020869023243672,1.0073576025523236,1.9582313710337655,1.8307931341955435,1.2815515655446001,0.9349217673032445,0.6544433842197408,0.2835351635705947,False
normal|K30|Nunequal|share0.3|tau0.0,normal,30,unequal,0.3,0.0,1.1538468782873679,0.2,pooled,0,200,0.8073599999999999,0.17018993350764516,0.012034245607294351,0.0,1.960701355840431,1.9428389857965573,1.001261334509906,1.001261334509906,0.9921396493463983,1.9582313710337655,1.8307931341955435,1.2815515655446001,0.9349217673032445,0.6544433842197408,0.2835351635705947,False
normal|K30|Nunequal|share0.3|tau0.0,normal,30,unequal,0.3,0.0,1.1538468782873679,0.2,within,3,200,1.0,0.0,0.0,1.0,inf,inf,inf,inf,inf,1.9582313710337655,1.8307931341955435,1.2815515655446001,0.9349217673032445,0.6544433842197408,0.2835351635705947,False
normal|K30|Nunequal|share0.3|tau0.0,normal,30,unequal,0.3,0.0,1.1538468782873679,0.2,within,5,200,1.0,0.0,0.0,1.0,inf,inf,inf,inf,inf,1.9582313710337655,1.8307931341955435,1.2815515655446001,0.9349217673032445,0.6544433842197408,0.2835351635705947,False
normal|K30|Nunequal|share0.3|tau0.0,normal,30,unequal,0.3,0.0,1.1538468782873679,0.2,within,9,200,0.8393600000000001,0.14284809516215918,0.0101008856768744,0.0,1.758636080950663,1.7104216115323003,0.8980736939283457,0.8980736939283457,0.8734522573955882,1.9582313710337655,1.8307931341955435,1.2815515655446001,0.9349217673032445,0.6544433842197408,0.2835351635705947,False
normal|K30|Nunequal|share0.3|tau0.0,normal,30,unequal,0.3,0.0,1.1538468782873679,0.2,within,10,200,0.84871,0.14360399169995522,0.010154335633649501,0.0,1.7649391491061805,1.7262579484113734,0.9012924495099142,0.9012924495099142,0.8815393185638059,1.9582313710337655,1.8307931341955435,1.2815515655446001,0.9349217673032445,0.6544433842197408,0.2835351635705947,False
normal|K30|Nunequal|share0.3|tau0.0,normal,30,unequal,0.3,0.0,1.1538468782873679,0.2,within,12,200,0.8722,0.11267171150233017,0.0079670931251192,0.0,1.8126636847816178,1.778742414547518,0.925663694083656,0.925663694083656,0.9083412924839958,1.9582313710337655,1.8307931341955435,1.2815515655446001,0.9349217673032445,0.6544433842197408,0.2835351635705947,False
normal|K30|Nunequal|share0.3|tau0.0,normal,30,unequal,0.3,0.0,1.1538468782873679,0.2,within,15,200,0.8950499999999999,0.09131533250089353,0.006456969083768615,0.0,1.8943100363553589,1.8401372882889655,0.9673576189086062,0.9673576189086062,0.9396934986888411,1.9582313710337655,1.8307931341955435,1.2815515655446001,0.9349217673032445,0.6544433842197408,0.2835351635705947,False
normal|K30|Nunequal|share0.3|tau0.0,normal,30,unequal,0.3,0.0,1.1538468782873679,0.2,within,17,200,0.8037399999999999,0.12583490979300244,0.008897871802462952,0.0,1.4593355919041218,1.4334779764899408,0.745231443786812,0.745231443786812,0.7320268675571245,1.9582313710337655,1.8307931341955435,1.2815515655446001,0.9349217673032445,0.6544433842197408,0.2835351635705947,False
normal|K30|Nunequal|share0.3|tau0.0,normal,30,unequal,0.3,0.0,1.1538468782873679,0.2,within,20,200,0.8178399999999999,0.11074391846682567,0.007830777572306255,0.0,1.4849871830561616,1.443253446082907,0.7583308106601444,0.7583308106601444,0.7370188566231589,1.9582313710337655,1.8307931341955435,1.2815515655446001,0.9349217673032445,0.6544433842197408,0.2835351635705947,False
normal|K30|Nunequal|share0.3|tau0.0,normal,30,unequal,0.3,0.0,1.1538468782873679,0.2,within,25,200,0.85867,0.09579086883812997,0.006773437293119284,0.0,1.624785693827775,1.5814170627590423,0.829721001236967,0.829721001236967,0.8075741641929675,1.9582313710337655,1.8307931341955435,1.2815515655446001,0.9349217673032445,0.6544433842197408,0.2835351635705947,False
normal|K30|Nunequal|share0.3|tau0.0,normal,30,unequal,0.3,0.0,1.1538468782873679,0.2,within,35,200,0.84616,0.08021888648406757,0.005672331861211806,0.0,1.5177536692061704,1.4894637348083344,0.7750635045770595,0.7750635045770595,0.7606168284506825,1.9582313710337655,1.8307931341955435,1.2815515655446001,0.9349217673032445,0.6544433842197408,0.2835351635705947,False
normal|K30|Nunequal|share0.3|tau0.0,normal,30,unequal,0.3,0.0,1.1538468782873679,0.2,within,50,200,0.81038,0.07164383992357595,0.005065984504020406,0.0,1.3666305723946326,1.370712592722597,0.6978902455602973,0.6978902455602973,0.6999747900060385,1.9582313710337655,1.8307931341955435,1.2815515655446001,0.9349217673032445,0.6544433842197408,0.2835351635705947,False
normal|K30|Nunequal|share0.3|tau0.0,normal,30,unequal,0.3,0.0,1.1538468782873679,0.2,within,100,200,0.8025299999999999,0.05901893998016153,0.004173269267841406,0.0,1.3191599531469347,1.3123089843292892,0.6736486671902001,0.6736486671902001,0.6701501179794249,1.9582313710337655,1.8307931341955435,1.2815515655446001,0.9349217673032445,0.6544433842197408,0.2835351635705947,False
normal|K30|Nunequal|share0.3|tau0.0,normal,30,unequal,0.3,0.0,1.1538468782873679,0.2,within_full,3,200,1.0,0.0,0.0,1.0,inf,inf,inf,inf,inf,1.9582313710337655,1.8307931341955435,1.2815515655446001,0.9349217673032445,0.6544433842197408,0.2835351635705947,False
normal|K30|Nunequal|share0.3|tau0.0,normal,30,unequal,0.3,0.0,1.1538468782873679,0.2,within_full,5,200,0.83447,0.14562041624765637,0.010296918380792552,0.0,1.7935599888642133,1.688156564494872,0.915908107384358,0.915908107384358,0.8620822796867362,1.9582313710337655,1.8307931341955435,1.2815515655446001,0.9349217673032445,0.6544433842197408,0.2835351635705947,False
normal|K30|Nunequal|share0.3|tau0.0,normal,30,unequal,0.3,0.0,1.1538468782873679,0.2,within_full,9,200,0.8101,0.1240119543597334,0.008768969387596413,0.0,1.4824814998876152,1.4756178317634414,0.7570512462503354,0.7570512462503354,0.7535462119496386,1.9582313710337655,1.8307931341955435,1.2815515655446001,0.9349217673032445,0.6544433842197408,0.2835351635705947,False
normal|K30|Nunequal|share0.3|tau0.0,normal,30,unequal,0.3,0.0,1.1538468782873679,0.2,within_full,10,200,0.8257199999999999,0.11582069663425541,0.008189759999183194,0.0,1.5235276109090474,1.507733391175508,0.7780120538589705,0.7780120538589705,0.7699465004380783,1.9582313710337655,1.8307931341955435,1.2815515655446001,0.9349217673032445,0.6544433842197408,0.2835351635705947,False
normal|K30|Nunequal|share0.3|tau0.0,normal,30,unequal,0.3,0.0,1.1538468782873679,0.2,within_full,12,200,0.85667,0.09348490916295543,0.006610381320773419,0.0,1.6137671666938112,1.6052274748228137,0.8240942263333728,0.8240942263333728,0.8197333055569431,1.9582313710337655,1.8307931341955435,1.2815515655446001,0.9349217673032445,0.6544433842197408,0.2835351635705947,False
normal|K30|Nunequal|share0.3|tau0.0,normal,30,unequal,0.3,0.0,1.1538468782873679,0.2,within_full,15,200,0.8179599999999999,0.09000724928928289,0.006364473632839999,0.0,1.4321063242155665,1.403161267372393,0.7313264129046948,0.7313264129046948,0.7165451887494036,1.9582313710337655,1.8307931341955435,1.2815515655446001,0.9349217673032445,0.6544433842197408,0.2835351635705947,False
normal|K30|Nunequal|share0.3|tau0.0,normal,30,unequal,0.3,0.0,1.1538468782873679,0.2,within_full,17,200,0.83521,0.08630643023261642,0.006102786207748672,0.0,1.485576712416058,1.459303226742146,0.7586318626035543,0.7586318626035543,0.745214916035059,1.9582313710337655,1.8307931341955435,1.2815515655446001,0.9349217673032445,0.6544433842197408,0.2835351635705947,False
normal|K30|Nunequal|share0.3|tau0.0,normal,30,unequal,0.3,0.0,1.1538468782873679,0.2,within_full,20,200,0.8115799999999999,0.09086974276817211,0.006425461131605173,0.0,1.396415147504817,1.3630889061464302,0.7131001822157707,0.7131001822157707,0.6960816409691387,1.9582313710337655,1.8307931341955435,1.2815515655446001,0.9349217673032445,0.6544433842197408,0.2835351635705947,False
normal|K30|Nunequal|share0.3|tau0.0,normal,30,unequal,0.3,0.0,1.1538468782873679,0.2,within_full,25,200,0.8099599999999999,0.07796171203041635,0.005512725524962024,0.0,1.3681541453908124,1.3504071662580097,0.6986682807908204,0.6986682807908204,0.6896055217137691,1.9582313710337655,1.8307931341955435,1.2815515655446001,0.9349217673032445,0.6544433842197408,0.2835351635705947,False
normal|K30|Nunequal|share0.3|tau0.0,normal,30,unequal,0.3,0.0,1.1538468782873679,0.2,within_full,35,200,0.8098099999999999,0.06775616866352316,0.004791084632919667,0.0,1.3501690320591382,1.3397704646031958,0.6894839149402319,0.6894839149402319,0.6841737316749861,1.9582313710337655,1.8307931341955435,1.2815515655446001,0.9349217673032445,0.6544433842197408,0.2835351635705947,False
normal|K30|Nunequal|share0.3|tau0.0,normal,30,unequal,0.3,0.0,1.1538468782873679,0.2,within_full,50,200,0.80769,0.05743568743346574,0.00406131640663146,0.0,1.3327818789712946,1.3273763594107022,0.6806049063894369,0.6806049063894369,0.6778444973588436,1.9582313710337655,1.8307931341955435,1.2815515655446001,0.9349217673032445,0.6544433842197408,0.2835351635705947,False
normal|K30|Nunequal|share0.3|tau0.0,normal,30,unequal,0.3,0.0,1.1538468782873679,0.2,within_full,100,200,0.8033899999999999,0.044065368300027684,0.00311589207404323,0.0,1.3063732557863172,1.311244354991226,0.6671189498392484,0.6671189498392484,0.6696064491597895,1.9582313710337655,1.8307931341955435,1.2815515655446001,0.9349217673032445,0.6544433842197408,0.2835351635705947,False
normal|K30|Nunequal|share0.3|tau0.0,normal,30,unequal,0.3,0.0,1.1538468782873679,0.2,within_plain,3,200,1.0,0.0,0.0,1.0,inf,inf,inf,inf,inf,1.9582313710337655,1.8307931341955435,1.2815515655446001,0.9349217673032445,0.6544433842197408,0.2835351635705947,False
normal|K30|Nunequal|share0.3|tau0.0,normal,30,unequal,0.3,0.0,1.1538468782873679,0.2,within_plain,5,200,0.82297,0.14071204103580587,0.009949843841101808,0.0,2.082081417601911,1.9557288085496354,1.0632458699212666,1.0632458699212666,0.9987220292141428,1.9582313710337655,1.8307931341955435,1.2815515655446001,0.9349217673032445,0.6544433842197408,0.2835351635705947,False
normal|K30|Nunequal|share0.3|tau0.0,normal,30,unequal,0.3,0.0,1.1538468782873679,0.2,within_plain,9,200,0.7975,0.11873770764201405,0.008396023825621388,0.0,1.911224464450801,1.8372402541383388,0.9759952234050108,0.9759952234050108,0.9382140850743521,1.9582313710337655,1.8307931341955435,1.2815515655446001,0.9349217673032445,0.6544433842197408,0.2835351635705947,False
normal|K30|Nunequal|share0.3|tau0.0,normal,30,unequal,0.3,0.0,1.1538468782873679,0.2,within_plain,10,200,0.81533,0.1074277183661965,0.007596286814413615,0.0,1.9664495445514651,1.8853056390360698,1.004196732643171,1.004196732643171,0.9627593893773656,1.9582313710337655,1.8307931341955435,1.2815515655446001,0.9349217673032445,0.6544433842197408,0.2835351635705947,False
normal|K30|Nunequal|share0.3|tau0.0,normal,30,unequal,0.3,0.0,1.1538468782873679,0.2,within_plain,12,200,0.84772,0.09208234025552714,0.006511204722221025,0.0,2.0873257691646523,1.969466129626729,1.065923976114598,1.065923976114598,1.0057371967169701,1.9582313710337655,1.8307931341955435,1.2815515655446001,0.9349217673032445,0.6544433842197408,0.2835351635705947,False
normal|K30|Nunequal|share0.3|tau0.0,normal,30,unequal,0.3,0.0,1.1538468782873679,0.2,within_plain,15,200,0.81046,0.0964444714869754,0.006819653979639293,0.0,1.925560188538407,1.7920979171393756,0.9833159743130295,0.9833159743130295,0.9151614786935587,1.9582313710337655,1.8307931341955435,1.2815515655446001,0.9349217673032445,0.6544433842197408,0.2835351635705947,False
normal|K30|Nunequal|share0.3|tau0.0,normal,30,unequal,0.3,0.0,1.1538468782873679,0.2,within_plain,17,200,0.82945,0.08956105971394838,0.006332923265398621,0.0,1.9952319411684782,1.8688877874396077,1.018894891932601,1.018894891932601,0.9543753690622407,1.9582313710337655,1.8307931341955435,1.2815515655446001,0.9349217673032445,0.6544433842197408,0.2835351635705947,False
normal|K30|Nunequal|share0.3|tau0.0,normal,30,unequal,0.3,0.0,1.1538468782873679,0.2,within_plain,20,200,0.8121200000000001,0.08552002087142663,0.006047178668540085,0.0,1.915580388270603,1.7556637906344,0.9782196407462073,0.9782196407462073,0.8965558496326056,1.9582313710337655,1.8307931341955435,1.2815515655446001,0.9349217673032445,0.6544433842197408,0.2835351635705947,False
normal|K30|Nunequal|share0.3|tau0.0,normal,30,unequal,0.3,0.0,1.1538468782873679,0.2,within_plain,25,200,0.81302,0.07276146475826915,0.005145012513963812,0.0,1.908133348232529,1.77395841021699,0.9744166988935582,0.9744166988935582,0.9058982694575582,1.9582313710337655,1.8307931341955435,1.2815515655446001,0.9349217673032445,0.6544433842197408,0.2835351635705947,False
normal|K30|Nunequal|share0.3|tau0.0,normal,30,unequal,0.3,0.0,1.1538468782873679,0.2,within_plain,35,200,0.8066800000000001,0.06483731167255953,0.004584690275757254,0.0,1.8811574023760067,1.7006378527764578,0.9606410305759371,0.9606410305759371,0.8684560353451379,1.9582313710337655,1.8307931341955435,1.2815515655446001,0.9349217673032445,0.6544433842197408,0.2835351635705947,False
normal|K30|Nunequal|share0.3|tau0.0,normal,30,unequal,0.3,0.0,1.1538468782873679,0.2,within_plain,50,200,0.80746,0.057273990167865406,0.004049882683330928,0.0,1.878794602852932,1.72296447277673,0.9594344318266649,0.9594344318266649,0.8798574562040457,1.9582313710337655,1.8307931341955435,1.2815515655446001,0.9349217673032445,0.6544433842197408,0.2835351635705947,False
normal|K30|Nunequal|share0.3|tau0.0,normal,30,unequal,0.3,0.0,1.1538468782873679,0.2,within_plain,100,200,0.80488,0.04435382632364133,0.003136289136501718,0.0,1.8576787913879003,1.6813531961670616,0.9486513283704657,0.9486513283704657,0.8586080383746799,1.9582313710337655,1.8307931341955435,1.2815515655446001,0.9349217673032445,0.6544433842197408,0.2835351635705947,False
semireal|K30|Ndata|sharenan|taunan,semireal,30,data,,,,0.1,ghcp,0,200,0.92756,0.15863502689757383,0.011217190325298481,0.0,1.328533614436432,1.2434301147834632,1.1516055505861693,1.1516055505861693,1.1045594385886028,1.1558500059830044,1.0537920872129767,0.7030208765270851,0.915112633454047,0.6106738580944274,,False
semireal|K30|Ndata|sharenan|taunan,semireal,30,data,,,,0.1,ghcp,3,200,0.9277600000000001,0.15129717969253284,0.010698326173498958,0.0,1.2790596066592383,1.202068298783887,1.109201594705877,1.109201594705877,1.066655483402652,1.1558500059830044,1.0537920872129767,0.7030208765270851,0.915112633454047,0.6106738580944274,,False
semireal|K30|Ndata|sharenan|taunan,semireal,30,data,,,,0.1,ghcp,5,200,0.92633,0.14647163822399237,0.010357108863968772,0.0,1.232855079815269,1.1497225583999864,1.0696795086254465,1.0696795086254465,1.0278488276316278,1.1558500059830044,1.0537920872129767,0.7030208765270851,0.915112633454047,0.6106738580944274,,False
semireal|K30|Ndata|sharenan|taunan,semireal,30,data,,,,0.1,ghcp,9,200,0.9260200000000001,0.14109749151048986,0.00997709930554787,0.0,1.161980480034308,1.1026006327632072,1.00861187697944,1.00861187697944,0.9825375839706423,1.1558500059830044,1.0537920872129767,0.7030208765270851,0.915112633454047,0.6106738580944274,,False
semireal|K30|Ndata|sharenan|taunan,semireal,30,data,,,,0.1,ghcp,10,200,0.9269700000000001,0.1369242871152158,0.00968200919283029,0.0,1.1376112652647146,1.0769734508221063,0.9875692717893014,0.9875692717893014,0.962548264478258,1.1558500059830044,1.0537920872129767,0.7030208765270851,0.915112633454047,0.6106738580944274,,False
semireal|K30|Ndata|sharenan|taunan,semireal,30,data,,,,0.1,ghcp,12,200,0.92756,0.13369855240268258,0.009453915303876183,0.0,1.113074670514286,1.0619589019485831,0.9671393928658293,0.9671393928658293,0.94297946917306,1.1558500059830044,1.0537920872129767,0.7030208765270851,0.915112633454047,0.6106738580944274,,False
semireal|K30|Ndata|sharenan|taunan,semireal,30,data,,,,0.1,ghcp,15,200,0.92762,0.1303316820143261,0.009215841615577878,0.0,1.0924063567058329,1.046758112289056,0.9491256684825231,0.9491256684825231,0.9289050540454562,1.1558500059830044,1.0537920872129767,0.7030208765270851,0.915112633454047,0.6106738580944274,,False
semireal|K30|Ndata|sharenan|taunan,semireal,30,data,,,,0.1,ghcp,17,200,0.92696,0.12712625149470694,0.008989183449873374,0.0,1.0682054048060825,1.0218760455436304,0.9282280638118711,0.9282280638118711,0.9149579267953756,1.1558500059830044,1.0537920872129767,0.7030208765270851,0.915112633454047,0.6106738580944274,,False
semireal|K30|Ndata|sharenan|taunan,semireal,30,data,,,,0.1,ghcp,20,200,0.92829,0.11916668744655498,0.008426357278499686,0.0,1.0377826224459668,1.0002504794028617,0.9015997951165095,0.9015997951165095,0.8862162563278806,1.1558500059830044,1.0537920872129767,0.7030208765270851,0.915112633454047,0.6106738580944274,,False
semireal|K30|Ndata|sharenan|taunan,semireal,30,data,,,,0.1,ghcp,25,200,0.9282300000000001,0.11383761289904476,0.008049534803500374,0.0,1.0138847797903168,0.9782056514745843,0.8811942619893487,0.8811942619893487,0.871156972828244,1.1558500059830044,1.0537920872129767,0.7030208765270851,0.915112633454047,0.6106738580944274,,False
semireal|K30|Ndata|sharenan|taunan,semireal,30,data,,,,0.1,ghcp,35,200,0.9294900000000001,0.10268613397412897,0.007261006166693691,0.0,0.9672942827777257,0.9316095305648626,0.841966946442284,0.841966946442284,0.830836757815753,1.1558500059830044,1.0537920872129767,0.7030208765270851,0.915112633454047,0.6106738580944274,,False
semireal|K30|Ndata|sharenan|taunan,semireal,30,data,,,,0.1,ghcp,50,200,0.9289400000000001,0.09666892367260588,0.006835525145890439,0.0,0.9260775680579786,0.9033279386058682,0.8062498710629751,0.8062498710629751,0.800701297544926,1.1558500059830044,1.0537920872129767,0.7030208765270851,0.915112633454047,0.6106738580944274,,False
semireal|K30|Ndata|sharenan|taunan,semireal,30,data,,,,0.1,ghcp,100,200,0.9293100000000001,0.08547463639780332,0.006043969501634122,0.0,0.8766324298339019,0.8486500924356023,0.763579420934681,0.763579420934681,0.7533120245558484,1.1558500059830044,1.0537920872129767,0.7030208765270851,0.915112633454047,0.6106738580944274,,False
semireal|K30|Ndata|sharenan|taunan,semireal,30,data,,,,0.1,ghcp_noad,0,200,0.9277,0.1582762358478709,0.011191819966871084,0.0,1.3314055799549245,1.2543843605990062,1.1544952545244482,1.1544952545244482,1.1031530845143083,1.1558500059830044,1.0537920872129767,0.7030208765270851,0.915112633454047,0.6106738580944274,,False
semireal|K30|Ndata|sharenan|taunan,semireal,30,data,,,,0.1,ghcp_noad,3,200,0.92817,0.15914492336598687,0.011253245450350275,0.0,1.3375607375075174,1.244074446434596,1.1597929759398213,1.1597929759398213,1.1047761195479096,1.1558500059830044,1.0537920872129767,0.7030208765270851,0.915112633454047,0.6106738580944274,,False
semireal|K30|Ndata|sharenan|taunan,semireal,30,data,,,,0.1,ghcp_noad,5,200,0.9271600000000001,0.1595727158955799,0.011283494950211892,0.0,1.3314549814386247,1.243321875203507,1.153973897548234,1.153973897548234,1.1059928641294532,1.1558500059830044,1.0537920872129767,0.7030208765270851,0.915112633454047,0.6106738580944274,,False
semireal|K30|Ndata|sharenan|taunan,semireal,30,data,,,,0.1,ghcp_noad,9,200,0.9276099999999999,0.15852760931324505,0.011209594755068726,0.0,1.3344363395042027,1.240842229765081,1.157411894063761,1.157411894063761,1.102433125160756,1.1558500059830044,1.0537920872129767,0.7030208765270851,0.915112633454047,0.6106738580944274,,False
semireal|K30|Ndata|sharenan|taunan,semireal,30,data,,,,0.1,ghcp_noad,10,200,0.9278400000000001,0.1581530789517218,0.011183111459229391,0.0,1.3352172139752343,1.2398260689497036,1.1577331510664803,1.1577331510664803,1.1028659025624603,1.1558500059830044,1.0537920872129767,0.7030208765270851,0.915112633454047,0.6106738580944274,,False
semireal|K30|Ndata|sharenan|taunan,semireal,30,data,,,,0.1,ghcp_noad,12,200,0.9284,0.15802308844726476,0.011173919742510249,0.0,1.3373413942386452,1.2450050683170244,1.1587465772536456,1.1587465772536456,1.1073764816037954,1.1558500059830044,1.0537920872129767,0.7030208765270851,0.915112633454047,0.6106738580944274,,False
semireal|K30|Ndata|sharenan|taunan,semireal,30,data,,,,0.1,ghcp_noad,15,200,0.92649,0.1600778074003719,0.011319210313027706,0.0,1.32927454121001,1.2353945872367849,1.1512602694220717,1.1512602694220717,1.1028507705455342,1.1558500059830044,1.0537920872129767,0.7030208765270851,0.915112633454047,0.6106738580944274,,False
semireal|K30|Ndata|sharenan|taunan,semireal,30,data,,,,0.1,ghcp_noad,17,200,0.92789,0.15899296119181727,0.011242500101966358,0.0,1.3353534610424014,1.241610802795114,1.1585736675105958,1.1585736675105958,1.103266370637321,1.1558500059830044,1.0537920872129767,0.7030208765270851,0.915112633454047,0.6106738580944274,,False
semireal|K30|Ndata|sharenan|taunan,semireal,30,data,,,,0.1,ghcp_noad,20,200,0.9269,0.15849705543925596,0.011207434269919806,0.0,1.3315268199250112,1.2470345526354716,1.154947545472752,1.154947545472752,1.1023360693126802,1.1558500059830044,1.0537920872129767,0.7030208765270851,0.915112633454047,0.6106738580944274,,False
semireal|K30|Ndata|sharenan|taunan,semireal,30,data,,,,0.1,ghcp_noad,25,200,0.9276099999999999,0.15879099723857176,0.011228219093876843,0.0,1.3323715147123079,1.243061995192732,1.1548916400154636,1.1548916400154636,1.1023451620766105,1.1558500059830044,1.0537920872129767,0.7030208765270851,0.915112633454047,0.6106738580944274,,False
semireal|K30|Ndata|sharenan|taunan,semireal,30,data,,,,0.1,ghcp_noad,35,200,0.9277799999999999,0.1583395994175765,0.011196300447852985,0.0,1.333546956872417,1.249267569524791,1.156427969441697,1.156427969441697,1.101260412794308,1.1558500059830044,1.0537920872129767,0.7030208765270851,0.915112633454047,0.6106738580944274,,False
semireal|K30|Ndata|sharenan|taunan,semireal,30,data,,,,0.1,ghcp_noad,50,200,0.9268299999999999,0.15853630467340118,0.011210209609881852,0.0,1.3282373218612775,1.219963814209558,1.1508237512694732,1.1508237512694732,1.1000079197756267,1.1558500059830044,1.0537920872129767,0.7030208765270851,0.915112633454047,0.6106738580944274,,False
semireal|K30|Ndata|sharenan|taunan,semireal,30,data,,,,0.1,ghcp_noad,100,200,0.9261199999999999,0.15854408451174815,0.011210759727527018,0.0,1.317038919933023,1.2366357803596033,1.1423282269101198,1.1423282269101198,1.0966681114462122,1.1558500059830044,1.0537920872129767,0.7030208765270851,0.915112633454047,0.6106738580944274,,False
semireal|K30|Ndata|sharenan|taunan,semireal,30,data,,,,0.1,ghcp_r05,0,200,0.96286,0.1330433125530005,0.009407582849774797,0.0,1.8443708731178163,1.792146402584505,1.607897364010325,1.607897364010325,1.574479462783955,1.1558500059830044,1.0537920872129767,0.7030208765270851,0.915112633454047,0.6106738580944274,,False
semireal|K30|Ndata|sharenan|taunan,semireal,30,data,,,,0.1,ghcp_r05,3,200,0.9647399999999999,0.12195629994173071,0.008623612669721833,0.0,1.7629583401456386,1.718975162147367,1.5384840747079633,1.5384840747079633,1.4801146077242926,1.1558500059830044,1.0537920872129767,0.7030208765270851,0.915112633454047,0.6106738580944274,,False
semireal|K30|Ndata|sharenan|taunan,semireal,30,data,,,,0.1,ghcp_r05,5,200,0.9651,0.11718811917759372,0.008286451374497381,0.0,1.696764384885609,1.6461673249881972,1.4823562078782413,1.4823562078782413,1.4295707112001717,1.1558500059830044,1.0537920872129767,0.7030208765270851,0.915112633454047,0.6106738580944274,,False
semireal|K30|Ndata|sharenan|taunan,semireal,30,data,,,,0.1,ghcp_r05,9,200,0.96646,0.11266416676282574,0.007966559631472612,0.0,1.5889570995723483,1.5378864197042623,1.3886439931392005,1.3886439931392005,1.3416419101696584,1.1558500059830044,1.0537920872129767,0.7030208765270851,0.915112633454047,0.6106738580944274,,False
semireal|K30|Ndata|sharenan|taunan,semireal,30,data,,,,0.1,ghcp_r05,10,200,0.96611,0.11021207468800856,0.00779317053805291,0.0,1.5440123649471666,1.4933220188649532,1.348265864802189,1.348265864802189,1.302420104948876,1.1558500059830044,1.0537920872129767,0.7030208765270851,0.915112633454047,0.6106738580944274,,False
semireal|K30|Ndata|sharenan|taunan,semireal,30,data,,,,0.1,ghcp_r05,12,200,0.96674,0.10587131849751381,0.0074862327242752776,0.0,1.497402333705392,1.4629964719466755,1.3087500284807312,1.3087500284807312,1.2596075979135781,1.1558500059830044,1.0537920872129767,0.7030208765270851,0.915112633454047,0.6106738580944274,,False
semireal|K30|Ndata|sharenan|taunan,semireal,30,data,,,,0.1,ghcp_r05,15,200,0.9666199999999999,0.10325815625978829,0.007301454250411645,0.0,1.4632947408115242,1.4345072954020839,1.2796797861815932,1.2796797861815932,1.2363353199337288,1.1558500059830044,1.0537920872129767,0.7030208765270851,0.915112633454047,0.6106738580944274,,False
semireal|K30|Ndata|sharenan|taunan,semireal,30,data,,,,0.1,ghcp_r05,17,200,0.9655499999999999,0.10255028182071241,0.007251399968801727,0.0,1.4335905329728666,1.4073185059454558,1.253365171649455,1.253365171649455,1.2178576153500886,1.1558500059830044,1.0537920872129767,0.7030208765270851,0.915112633454047,0.6106738580944274,,False
semireal|K30|Ndata|sharenan|taunan,semireal,30,data,,,,0.1,ghcp_r05,20,200,0.9675999999999999,0.09154706069343811,0.0064733547414026526,0.0,1.3889877870022624,1.3507299158077515,1.2122975944776067,1.2122975944776067,1.1809762777922126,1.1558500059830044,1.0537920872129767,0.7030208765270851,0.915112633454047,0.6106738580944274,,False
semireal|K30|Ndata|sharenan|taunan,semireal,30,data,,,,0.1,ghcp_r05,25,200,0.96824,0.08595068353422211,0.006077631117466739,0.0,1.3508311090472953,1.3268470408682438,1.1813185902550527,1.1813185902550527,1.1640315373731134,1.1558500059830044,1.0537920872129767,0.7030208765270851,0.915112633454047,0.6106738580944274,,False
semireal|K30|Ndata|sharenan|taunan,semireal,30,data,,,,0.1,ghcp_r05,35,200,0.9681700000000001,0.07456103432219795,0.005272261298150908,0.0,1.2799498584765248,1.2569638986211278,1.119778763320237,1.119778763320237,1.1121081284104157,1.1558500059830044,1.0537920872129767,0.7030208765270851,0.915112633454047,0.6106738580944274,,False
semireal|K30|Ndata|sharenan|taunan,semireal,30,data,,,,0.1,ghcp_r05,50,200,0.96938,0.06426527622786052,0.00454424126155468,0.0,1.2174740953919205,1.2069275780055173,1.0643665297150084,1.0643665297150084,1.0553842290990623,1.1558500059830044,1.0537920872129767,0.7030208765270851,0.915112633454047,0.6106738580944274,,False
semireal|K30|Ndata|sharenan|taunan,semireal,30,data,,,,0.1,ghcp_r05,100,200,0.9698500000000001,0.05082393987405549,0.0035937952531562003,0.0,1.1351103025445077,1.1401237407061213,0.9923997301229153,0.9923997301229153,0.9793007843659307,1.1558500059830044,1.0537920872129767,0.7030208765270851,0.915112633454047,0.6106738580944274,,False
semireal|K30|Ndata|sharenan|taunan,semireal,30,data,,,,0.1,ghcp_r05code,0,200,0.95976,0.1367705866289758,0.009671140927221092,0.0,1.7645938841559967,1.701042890238515,1.5382204594132138,1.5382204594132138,1.4900925961573117,1.1558500059830044,1.0537920872129767,0.7030208765270851,0.915112633454047,0.6106738580944274,,False
semireal|K30|Ndata|sharenan|taunan,semireal,30,data,,,,0.1,ghcp_r05code,3,200,0.9600200000000001,0.1340642596990086,0.009479774714792335,0.0,1.6964565824998454,1.628921347852205,1.478244275984625,1.478244275984625,1.4268666925996183,1.1558500059830044,1.0537920872129767,0.7030208765270851,0.915112633454047,0.6106738580944274,,False
semireal|K30|Ndata|sharenan|taunan,semireal,30,data,,,,0.1,ghcp_r05code,5,200,0.9622900000000001,0.12272769178819543,0.008678158310280555,0.0,1.6357002544930963,1.5800158417828691,1.4251978423629612,1.4251978423629612,1.3782367629675112,1.1558500059830044,1.0537920872129767,0.7030208765270851,0.915112633454047,0.6106738580944274,,False
semireal|K30|Ndata|sharenan|taunan,semireal,30,data,,,,0.1,ghcp_r05code,9,200,0.96164,0.11753750775239033,0.00831115687754816,0.0,1.5236865332735405,1.487946022626467,1.329904077409171,1.329904077409171,1.279968759604005,1.1558500059830044,1.0537920872129767,0.7030208765270851,0.915112633454047,0.6106738580944274,,False
semireal|K30|Ndata|sharenan|taunan,semireal,30,data,,,,0.1,ghcp_r05code,10,200,0.9622999999999999,0.11366012104330124,0.008036984234020212,0.0,1.4819422558814501,1.4547866363417365,1.2925648574852857,1.2925648574852857,1.2500919660486667,1.1558500059830044,1.0537920872129767,0.7030208765270851,0.915112633454047,0.6106738580944274,,False
semireal|K30|Ndata|sharenan|taunan,semireal,30,data,,,,0.1,ghcp_r05code,12,200,0.96203,0.11030236697734105,0.007799555167060496,0.0,1.440495735692821,1.3915326836780135,1.2552365901444613,1.2552365901444613,1.2167963454878747,1.1558500059830044,1.0537920872129767,0.7030208765270851,0.915112633454047,0.6106738580944274,,False
semireal|K30|Ndata|sharenan|taunan,semireal,30,data,,,,0.1,ghcp_r05code,15,200,0.9630299999999999,0.10770945050757254,0.0076162082851781365,0.0,1.4134890780238658,1.3494018998074035,1.2324567750845612,1.2324567750845612,1.1963745302872266,1.1558500059830044,1.0537920872129767,0.7030208765270851,0.915112633454047,0.6106738580944274,,False
semireal|K30|Ndata|sharenan|taunan,semireal,30,data,,,,0.1,ghcp_r05code,17,200,0.9625400000000001,0.10430910962978639,0.007375767875875296,0.0,1.3858491523976095,1.3466007294352904,1.2085547687410019,1.2085547687410019,1.1667876403296988,1.1558500059830044,1.0537920872129767,0.7030208765270851,0.915112633454047,0.6106738580944274,,False
semireal|K30|Ndata|sharenan|taunan,semireal,30,data,,,,0.1,ghcp_r05code,20,200,0.9635499999999999,0.09592238015747616,0.006782736547690532,0.0,1.3381080912538261,1.2956562448681805,1.1683667464576823,1.1683667464576823,1.1398690846457136,1.1558500059830044,1.0537920872129767,0.7030208765270851,0.915112633454047,0.6106738580944274,,False
semireal|K30|Ndata|sharenan|taunan,semireal,30,data,,,,0.1,ghcp_r05code,25,200,0.9635300000000001,0.09036141336392227,0.006389516814723015,0.0,1.2982518974527597,1.2689521422768928,1.1335343536839215,1.1335343536839215,1.1104763059268614,1.1558500059830044,1.0537920872129767,0.7030208765270851,0.915112633454047,0.6106738580944274,,False
semireal|K30|Ndata|sharenan|taunan,semireal,30,data,,,,0.1,ghcp_r05code,35,200,0.9640000000000001,0.07888137522117575,0.005577755532821387,0.0,1.2306840235599223,1.2153568112220814,1.0756423439647234,1.0756423439647234,1.0553341103355587,1.1558500059830044,1.0537920872129767,0.7030208765270851,0.915112633454047,0.6106738580944274,,False
semireal|K30|Ndata|sharenan|taunan,semireal,30,data,,,,0.1,ghcp_r05code,50,200,0.96514,0.06964879881146117,0.0049249137941081746,0.0,1.1712261990816626,1.149893163282364,1.0239179905538374,1.0239179905538374,1.0063788278425347,1.1558500059830044,1.0537920872129767,0.7030208765270851,0.915112633454047,0.6106738580944274,,False
semireal|K30|Ndata|sharenan|taunan,semireal,30,data,,,,0.1,ghcp_r05code,100,200,0.9652600000000001,0.056454120652911305,0.0039919091539597105,0.0,1.0965638871699486,1.0820672189798706,0.9586627667261444,0.9586627667261444,0.9468462061847827,1.1558500059830044,1.0537920872129767,0.7030208765270851,0.915112633454047,0.6106738580944274,,False
semireal|K30|Ndata|sharenan|taunan,semireal,30,data,,,,0.1,hcp,0,200,0.9268500000000001,0.15924866778392457,0.011260581288493676,0.0,1.3260827320591444,1.234680406264324,1.1497289596350349,1.1497289596350349,1.0961066338667598,1.1558500059830044,1.0537920872129767,0.7030208765270851,0.915112633454047,0.6106738580944274,,False
semireal|K30|Ndata|sharenan|taunan,semireal,30,data,,,,0.1,one_per,0,200,0.9043399999999999,0.17496820788030099,0.012372120628421834,0.0,1.2473629642697344,1.1763127921307586,1.0823523796209595,1.0823523796209595,1.0479477303761782,1.1558500059830044,1.0537920872129767,0.7030208765270851,0.915112633454047,0.6106738580944274,,False
semireal|K30|Ndata|sharenan|taunan,semireal,30,data,,,,0.1,pooled,0,200,0.87223,0.1785850784675368,0.012627872000312696,0.0,1.0523807062760113,0.9922740026893351,0.9111259572410608,0.9111259572410608,0.8988022450462455,1.1558500059830044,1.0537920872129767,0.7030208765270851,0.915112633454047,0.6106738580944274,,False
semireal|K30|Ndata|sharenan|taunan,semireal,30,data,,,,0.1,within,3,200,1.0,0.0,0.0,1.0,inf,inf,inf,inf,inf,1.1558500059830044,1.0537920872129767,0.7030208765270851,0.915112633454047,0.6106738580944274,,False
semireal|K30|Ndata|sharenan|taunan,semireal,30,data,,,,0.1,within,5,200,1.0,0.0,0.0,1.0,inf,inf,inf,inf,inf,1.1558500059830044,1.0537920872129767,0.7030208765270851,0.915112633454047,0.6106738580944274,,False
semireal|K30|Ndata|sharenan|taunan,semireal,30,data,,,,0.1,within,9,200,1.0,0.0,0.0,1.0,inf,inf,inf,inf,inf,1.1558500059830044,1.0537920872129767,0.7030208765270851,0.915112633454047,0.6106738580944274,,False
semireal|K30|Ndata|sharenan|taunan,semireal,30,data,,,,0.1,within,10,200,1.0,0.0,0.0,1.0,inf,inf,inf,inf,inf,1.1558500059830044,1.0537920872129767,0.7030208765270851,0.915112633454047,0.6106738580944274,,False
semireal|K30|Ndata|sharenan|taunan,semireal,30,data,,,,0.1,within,12,200,1.0,0.0,0.0,1.0,inf,inf,inf,inf,inf,1.1558500059830044,1.0537920872129767,0.7030208765270851,0.915112633454047,0.6106738580944274,,False
semireal|K30|Ndata|sharenan|taunan,semireal,30,data,,,,0.1,within,15,200,1.0,0.0,0.0,1.0,inf,inf,inf,inf,inf,1.1558500059830044,1.0537920872129767,0.7030208765270851,0.915112633454047,0.6106738580944274,,False
semireal|K30|Ndata|sharenan|taunan,semireal,30,data,,,,0.1,within,17,200,0.8974599999999999,0.09468693934441043,0.006695377690023192,0.0,0.8245540196845185,0.7749431214137257,0.7211755846290373,0.7211755846290373,0.6288266176823772,1.1558500059830044,1.0537920872129767,0.7030208765270851,0.915112633454047,0.6106738580944274,,False
semireal|K30|Ndata|sharenan|taunan,semireal,30,data,,,,0.1,within,20,200,0.8956999999999999,0.09469841046566524,0.006696188820785901,0.0,0.8153592578958473,0.7062943260922364,0.7130452588479312,0.7130452588479312,0.6127989899630306,1.1558500059830044,1.0537920872129767,0.7030208765270851,0.915112633454047,0.6106738580944274,,False
semireal|K30|Ndata|sharenan|taunan,semireal,30,data,,,,0.1,within,25,200,0.91857,0.0769894275845651,0.005443974632471662,0.0,0.8572383839679566,0.7612657848080576,0.7471162221491854,0.7471162221491854,0.6868554163518072,1.1558500059830044,1.0537920872129767,0.7030208765270851,0.915112633454047,0.6106738580944274,,False
semireal|K30|Ndata|sharenan|taunan,semireal,30,data,,,,0.1,within,35,200,0.94509,0.05169481277983032,0.0036553752668787016,0.0,0.9374793864515886,0.8543459606113812,0.8102746708440017,0.8102746708440017,0.7447990691802719,1.1558500059830044,1.0537920872129767,0.7030208765270851,0.915112633454047,0.6106738580944274,,False
semireal|K30|Ndata|sharenan|taunan,semireal,30,data,,,,0.1,within,50,200,0.92696,0.04744950661905726,0.003355186789429136,0.0,0.8215616490391401,0.7623806724042435,0.7116222271974496,0.7116222271974496,0.6637997999793092,1.1558500059830044,1.0537920872129767,0.7030208765270851,0.915112633454047,0.6106738580944274,,False
semireal|K30|Ndata|sharenan|taunan,semireal,30,data,,,,0.1,within,100,200,0.90118,0.04068962802909027,0.0028771911903327945,0.0,0.7311311721354394,0.6787945425413652,0.6348391325203129,0.6348391325203129,0.5859478747211481,1.1558500059830044,1.0537920872129767,0.7030208765270851,0.915112633454047,0.6106738580944274,,False
semireal|K30|Ndata|sharenan|taunan,semireal,30,data,,,,0.1,within_full,3,200,1.0,0.0,0.0,1.0,inf,inf,inf,inf,inf,1.1558500059830044,1.0537920872129767,0.7030208765270851,0.915112633454047,0.6106738580944274,,False
semireal|K30|Ndata|sharenan|taunan,semireal,30,data,,,,0.1,within_full,5,200,1.0,0.0,0.0,1.0,inf,inf,inf,inf,inf,1.1558500059830044,1.0537920872129767,0.7030208765270851,0.915112633454047,0.6106738580944274,,False
semireal|K30|Ndata|sharenan|taunan,semireal,30,data,,,,0.1,within_full,9,200,0.8992699999999999,0.09005507583372013,0.006367855480229228,0.0,0.8280007574162894,0.7517241103058787,0.7228383619824705,0.7228383619824705,0.6710271020016503,1.1558500059830044,1.0537920872129767,0.7030208765270851,0.915112633454047,0.6106738580944274,,False
semireal|K30|Ndata|sharenan|taunan,semireal,30,data,,,,0.1,within_full,10,200,0.90815,0.08173862928620677,0.005779793905317013,0.0,0.8424726805360427,0.8074859225800649,0.7356585630321802,0.7356585630321802,0.6703112716676398,1.1558500059830044,1.0537920872129767,0.7030208765270851,0.915112633454047,0.6106738580944274,,False
semireal|K30|Ndata|sharenan|taunan,semireal,30,data,,,,0.1,within_full,12,200,0.92522,0.0688194170333055,0.0048662676461555315,0.0,0.8834213247370204,0.8280791423457183,0.7703173496551483,0.7703173496551483,0.6866506834602355,1.1558500059830044,1.0537920872129767,0.7030208765270851,0.915112633454047,0.6106738580944274,,False
semireal|K30|Ndata|sharenan|taunan,semireal,30,data,,,,0.1,within_full,15,200,0.94333,0.0520557403222979,0.0036808966981582837,0.0,0.927449652608683,0.867963951842505,0.8092324701140021,0.8092324701140021,0.7108850255522501,1.1558500059830044,1.0537920872129767,0.7030208765270851,0.915112633454047,0.6106738580944274,,False
semireal|K30|Ndata|sharenan|taunan,semireal,30,data,,,,0.1,within_full,17,200,0.9466900000000001,0.050096829857876675,0.00354238081084533,0.0,0.9294542519288085,0.8795851593967019,0.8112578930392071,0.8112578930392071,0.7068899998450027,1.1558500059830044,1.0537920872129767,0.7030208765270851,0.915112633454047,0.6106738580944274,,False
semireal|K30|Ndata|sharenan|taunan,semireal,30,data,,,,0.1,within_full,20,200,0.9045400000000001,0.061088850359054495,0.004319634034377769,0.0,0.765407589670615,0.721685149135211,0.6660360768422623,0.6660360768422623,0.6001302577575598,1.1558500059830044,1.0537920872129767,0.7030208765270851,0.915112633454047,0.6106738580944274,,False
semireal|K30|Ndata|sharenan|taunan,semireal,30,data,,,,0.1,within_full,25,200,0.91964,0.05678337926545072,0.00401519125372878,0.0,0.8048608495435104,0.7666525903843004,0.7011802546897372,0.7011802546897372,0.6555186051626662,1.1558500059830044,1.0537920872129767,0.7030208765270851,0.915112633454047,0.6106738580944274,,False
semireal|K30|Ndata|sharenan|taunan,semireal,30,data,,,,0.1,within_full,35,200,0.9156799999999999,0.04942094443395146,0.0034945884941890637,0.0,0.7839612668900395,0.7291492652314592,0.6801071673946302,0.6801071673946302,0.6234727920142279,1.1558500059830044,1.0537920872129767,0.7030208765270851,0.915112633454047,0.6106738580944274,,False
semireal|K30|Ndata|sharenan|taunan,semireal,30,data,,,,0.1,within_full,50,200,0.90325,0.044065477776353355,0.0031158998151884563,0.0,0.739258787412121,0.7010408105188601,0.6414712531679876,0.6414712531679876,0.6071194084497724,1.1558500059830044,1.0537920872129767,0.7030208765270851,0.915112633454047,0.6106738580944274,,False
semireal|K30|Ndata|sharenan|taunan,semireal,30,data,,,,0.1,within_full,100,200,0.90173,0.03137305280349771,0.002218409838387686,0.0,0.7198783213168312,0.691903580979027,0.625670129319498,0.625670129319498,0.5841749000996479,1.1558500059830044,1.0537920872129767,0.7030208765270851,0.915112633454047,0.6106738580944274,,False
semireal|K30|Ndata|sharenan|taunan,semireal,30,data,,,,0.1,within_plain,3,200,1.0,0.0,0.0,1.0,inf,inf,inf,inf,inf,1.1558500059830044,1.0537920872129767,0.7030208765270851,0.915112633454047,0.6106738580944274,,False
semireal|K30|Ndata|sharenan|taunan,semireal,30,data,,,,0.1,within_plain,5,200,1.0,0.0,0.0,1.0,inf,inf,inf,inf,inf,1.1558500059830044,1.0537920872129767,0.7030208765270851,0.915112633454047,0.6106738580944274,,False
semireal|K30|Ndata|sharenan|taunan,semireal,30,data,,,,0.1,within_plain,9,200,0.89676,0.09131392866282337,0.006456869817426705,0.0,1.1258040948610397,1.0178548956172553,0.9808507288612068,0.9808507288612068,0.8852537940309739,1.1558500059830044,1.0537920872129767,0.7030208765270851,0.915112633454047,0.6106738580944274,,False
semireal|K30|Ndata|sharenan|taunan,semireal,30,data,,,,0.1,within_plain,10,200,0.90421,0.08458432740295956,0.005981015148873582,0.0,1.143412784882596,1.028324357142926,0.996380793241277,0.996380793241277,0.9064183347909829,1.1558500059830044,1.0537920872129767,0.7030208765270851,0.915112633454047,0.6106738580944274,,False
semireal|K30|Ndata|sharenan|taunan,semireal,30,data,,,,0.1,within_plain,12,200,0.9160200000000001,0.0773461812812628,0.005469200928286493,0.0,1.1781511187915166,1.0698337651394028,1.0254626323314144,1.0254626323314144,0.9321515092679059,1.1558500059830044,1.0537920872129767,0.7030208765270851,0.915112633454047,0.6106738580944274,,False
semireal|K30|Ndata|sharenan|taunan,semireal,30,data,,,,0.1,within_plain,15,200,0.9338900000000001,0.06303391366047949,0.00445717077940524,0.0,1.2387619863248758,1.0981215583409667,1.079543524124716,1.079543524124716,0.9640646331267266,1.1558500059830044,1.0537920872129767,0.7030208765270851,0.915112633454047,0.6106738580944274,,False
semireal|K30|Ndata|sharenan|taunan,semireal,30,data,,,,0.1,within_plain,17,200,0.9395600000000002,0.058710484626045494,0.004151458180582531,0.0,1.2584678148534494,1.1147385961535905,1.0965475509017495,1.0965475509017495,0.9833958549624137,1.1558500059830044,1.0537920872129767,0.7030208765270851,0.915112633454047,0.6106738580944274,,False
semireal|K30|Ndata|sharenan|taunan,semireal,30,data,,,,0.1,within_plain,20,200,0.8980799999999999,0.06848771008115838,0.004842812422632536,0.0,1.0904011352550362,1.0143142233541331,0.948381868559621,0.948381868559621,0.8516029763237546,1.1558500059830044,1.0537920872129767,0.7030208765270851,0.915112633454047,0.6106738580944274,,False
semireal|K30|Ndata|sharenan|taunan,semireal,30,data,,,,0.1,within_plain,25,200,0.9182600000000001,0.05584699485353579,0.0039489788769825375,0.0,1.1405061091614428,1.055213465970656,0.9924326172628364,0.9924326172628364,0.8886166914943594,1.1558500059830044,1.0537920872129767,0.7030208765270851,0.915112633454047,0.6106738580944274,,False
semireal|K30|Ndata|sharenan|taunan,semireal,30,data,,,,0.1,within_plain,35,200,0.91459,0.05062654576087916,0.0035798373815568714,0.0,1.1250587794785374,1.004005754284979,0.9783304475171056,0.9783304475171056,0.8878057523619924,1.1558500059830044,1.0537920872129767,0.7030208765270851,0.915112633454047,0.6106738580944274,,False
semireal|K30|Ndata|sharenan|taunan,semireal,30,data,,,,0.1,within_plain,50,200,0.90021,0.042896813202318106,0.003033262750665175,0.0,1.0747200182303518,0.9704228910370227,0.9339725360810306,0.9339725360810306,0.8491276345827455,1.1558500059830044,1.0537920872129767,0.7030208765270851,0.915112633454047,0.6106738580944274,,False
semireal|K30|Ndata|sharenan|taunan,semireal,30,data,,,,0.1,within_plain,100,200,0.8994999999999999,0.030609716984469935,0.002164433844991973,0.0,1.0626368691010581,0.9988147491300385,0.9231606583135581,0.9231606583135581,0.8436140474023961,1.1558500059830044,1.0537920872129767,0.7030208765270851,0.915112633454047,0.6106738580944274,,False
semireal|K30|Ndata|sharenan|taunan,semireal,30,data,,,,0.2,ghcp,0,200,0.8299799999999999,0.19014144325267718,0.013445030390856514,0.0,0.9352071332007393,0.8840890718837441,1.071925825588362,1.071925825588362,1.0509922427845417,0.8716639634278587,0.8731890472968038,0.5477432703806197,1.0046032387529436,0.6301483599669526,,False
semireal|K30|Ndata|sharenan|taunan,semireal,30,data,,,,0.2,ghcp,3,200,0.82919,0.1841564876940234,0.013021830124794093,0.0,0.900588520938216,0.8465748622473525,1.0327233862359297,1.0327233862359297,1.0186621469475619,0.8716639634278587,0.8731890472968038,0.5477432703806197,1.0046032387529436,0.6301483599669526,,False
semireal|K30|Ndata|sharenan|taunan,semireal,30,data,,,,0.2,ghcp,5,200,0.82781,0.18052359330207635,0.01276494569880606,0.0,0.8689236215495998,0.8156964095963022,0.9967630488312393,0.9967630488312393,0.9775636447784617,0.8716639634278587,0.8731890472968038,0.5477432703806197,1.0046032387529436,0.6301483599669526,,False
semireal|K30|Ndata|sharenan|taunan,semireal,30,data,,,,0.2,ghcp,9,200,0.8275300000000001,0.174788311592471,0.012359400039918348,0.0,0.8197892060750531,0.7793249163139215,0.9407053298785059,0.9407053298785059,0.9293371221149643,0.8716639634278587,0.8731890472968038,0.5477432703806197,1.0046032387529436,0.6301483599669526,,False
semireal|K30|Ndata|sharenan|taunan,semireal,30,data,,,,0.2,ghcp,10,200,0.8287899999999999,0.17001376207966934,0.01202178840615705,0.0,0.8012001097598778,0.7596395170576301,0.9192575493658495,0.9192575493658495,0.9023980500417725,0.8716639634278587,0.8731890472968038,0.5477432703806197,1.0046032387529436,0.6301483599669526,,False
semireal|K30|Ndata|sharenan|taunan,semireal,30,data,,,,0.2,ghcp,12,200,0.82955,0.16681581182662777,0.011795659175174757,0.0,0.7840398599372542,0.7466959049094946,0.9001780799996878,0.9001780799996878,0.8900314067839761,0.8716639634278587,0.8731890472968038,0.5477432703806197,1.0046032387529436,0.6301483599669526,,False
semireal|K30|Ndata|sharenan|taunan,semireal,30,data,,,,0.2,ghcp,15,200,0.8286199999999999,0.16418905514420176,0.011609919428907706,0.0,0.7692824125374281,0.7288256482978288,0.8831565542372717,0.8831565542372717,0.8741151870878511,0.8716639634278587,0.8731890472968038,0.5477432703806197,1.0046032387529436,0.6301483599669526,,False
semireal|K30|Ndata|sharenan|taunan,semireal,30,data,,,,0.2,ghcp,17,200,0.8275500000000001,0.16134490506972882,0.011408807648470501,0.0,0.7527810986397795,0.7148052874034488,0.8642800007018578,0.8642800007018578,0.86122498719382,0.8716639634278587,0.8731890472968038,0.5477432703806197,1.0046032387529436,0.6301483599669526,,False
semireal|K30|Ndata|sharenan|taunan,semireal,30,data,,,,0.2,ghcp,20,200,0.8289399999999999,0.1543299226499049,0.01091277348457431,0.0,0.7306939297308562,0.6970674974787859,0.8387429163870359,0.8387429163870359,0.8323415567601109,0.8716639634278587,0.8731890472968038,0.5477432703806197,1.0046032387529436,0.6301483599669526,,False
semireal|K30|Ndata|sharenan|taunan,semireal,30,data,,,,0.2,ghcp,25,200,0.8287800000000002,0.15043652261563153,0.010637468527963647,0.0,0.7131988683847456,0.6768864924869171,0.8186993932427087,0.8186993932427087,0.8134173031110588,0.8716639634278587,0.8731890472968038,0.5477432703806197,1.0046032387529436,0.6301483599669526,,False
semireal|K30|Ndata|sharenan|taunan,semireal,30,data,,,,0.2,ghcp,35,200,0.82965,0.14374215294291134,0.010164105108828645,0.0,0.680139671489847,0.6469973135862297,0.7815594407566095,0.7815594407566095,0.7729489479863045,0.8716639634278587,0.8731890472968038,0.5477432703806197,1.0046032387529436,0.6301483599669526,,False
semireal|K30|Ndata|sharenan|taunan,semireal,30,data,,,,0.2,ghcp,50,200,0.83005,0.1384792403214287,0.00979196098848438,0.0,0.6508993678526974,0.6250241936288186,0.7478820839050988,0.7478820839050988,0.7427226320152349,0.8716639634278587,0.8731890472968038,0.5477432703806197,1.0046032387529436,0.6301483599669526,,False
semireal|K30|Ndata|sharenan|taunan,semireal,30,data,,,,0.2,ghcp,100,200,0.8290500000000001,0.13149667057328598,0.009298218746582406,0.0,0.6158326957228468,0.5936501814713393,0.7077181390230973,0.7077181390230973,0.7029687405387125,0.8716639634278587,0.8731890472968038,0.5477432703806197,1.0046032387529436,0.6301483599669526,,False
semireal|K30|Ndata|sharenan|taunan,semireal,30,data,,,,0.2,ghcp_noad,0,200,0.8299500000000001,0.1907082211865569,0.01348510764290384,0.0,0.9358371011724383,0.8841847443118955,1.073115059250178,1.073115059250178,1.0554376863419426,0.8716639634278587,0.8731890472968038,0.5477432703806197,1.0046032387529436,0.6301483599669526,,False
semireal|K30|Ndata|sharenan|taunan,semireal,30,data,,,,0.2,ghcp_noad,3,200,0.83032,0.1913524927520205,0.013530664522190337,0.0,0.9379611358792839,0.8860427840180728,1.0755596527801352,1.0755596527801352,1.0546180334083195,0.8716639634278587,0.8731890472968038,0.5477432703806197,1.0046032387529436,0.6301483599669526,,False
semireal|K30|Ndata|sharenan|taunan,semireal,30,data,,,,0.2,ghcp_noad,5,200,0.8304900000000001,0.1905605059611272,0.013474662599145254,0.0,0.9366181931808188,0.8861140360714251,1.0737900317082252,1.0737900317082252,1.0544055335020723,0.8716639634278587,0.8731890472968038,0.5477432703806197,1.0046032387529436,0.6301483599669526,,False
semireal|K30|Ndata|sharenan|taunan,semireal,30,data,,,,0.2,ghcp_noad,9,200,0.83046,0.19104775482354033,0.013509116296619031,0.0,0.9369175262821083,0.8839453592031623,1.0745648921664117,1.0745648921664117,1.0518314435511908,0.8716639634278587,0.8731890472968038,0.5477432703806197,1.0046032387529436,0.6301483599669526,,False
semireal|K30|Ndata|sharenan|taunan,semireal,30,data,,,,0.2,ghcp_noad,10,200,0.8301000000000001,0.19076326458618256,0.013488999799017326,0.0,0.9369212111539563,0.8849230615912965,1.0744285442916341,1.0744285442916341,1.0571878980618574,0.8716639634278587,0.8731890472968038,0.5477432703806197,1.0046032387529436,0.6301483599669526,,False
semireal|K30|Ndata|sharenan|taunan,semireal,30,data,,,,0.2,ghcp_noad,12,200,0.83085,0.1909419588730865,0.013501635393220232,0.0,0.9385518093899086,0.889608567132831,1.075498524405008,1.075498524405008,1.0579297418521294,0.8716639634278587,0.8731890472968038,0.5477432703806197,1.0046032387529436,0.6301483599669526,,False
semireal|K30|Ndata|sharenan|taunan,semireal,30,data,,,,0.2,ghcp_noad,15,200,0.82975,0.19219806968320402,0.013590455840395815,0.0,0.9361103056553381,0.8753672370955088,1.0727771831071027,1.0727771831071027,1.059084077133494,0.8716639634278587,0.8731890472968038,0.5477432703806197,1.0046032387529436,0.6301483599669526,,False
semireal|K30|Ndata|sharenan|taunan,semireal,30,data,,,,0.2,ghcp_noad,17,200,0.83044,0.19129583603524178,0.013526658287326937,0.0,0.9378964868998702,0.8848817336459257,1.075902993844024,1.075902993844024,1.0549763233341838,0.8716639634278587,0.8731890472968038,0.5477432703806197,1.0046032387529436,0.6301483599669526,,False
semireal|K30|Ndata|sharenan|taunan,semireal,30,data,,,,0.2,ghcp_noad,20,200,0.82994,0.1913929799230345,0.013533527397507843,0.0,0.937134283089068,0.8879479745445471,1.0748351408316714,1.0748351408316714,1.0539951338542775,0.8716639634278587,0.8731890472968038,0.5477432703806197,1.0046032387529436,0.6301483599669526,,False
semireal|K30|Ndata|sharenan|taunan,semireal,30,data,,,,0.2,ghcp_noad,25,200,0.8301599999999999,0.190723179124291,0.013486165328824273,0.0,0.9365777253196887,0.8877956936643939,1.0737935099154,1.0737935099154,1.0500558985579849,0.8716639634278587,0.8731890472968038,0.5477432703806197,1.0046032387529436,0.6301483599669526,,False
semireal|K30|Ndata|sharenan|taunan,semireal,30,data,,,,0.2,ghcp_noad,35,200,0.83049,0.1903176395387406,0.013457489349726046,0.0,0.9365987601118567,0.8877170472555648,1.0743391967815734,1.0743391967815734,1.0516267287534746,0.8716639634278587,0.8731890472968038,0.5477432703806197,1.0046032387529436,0.6301483599669526,,False
semireal|K30|Ndata|sharenan|taunan,semireal,30,data,,,,0.2,ghcp_noad,50,200,0.82917,0.19051533155572792,0.013471468286305865,0.0,0.9355084350661016,0.8821351621093798,1.0724719184532108,1.0724719184532108,1.0520181933777581,0.8716639634278587,0.8731890472968038,0.5477432703806197,1.0046032387529436,0.6301483599669526,,False
semireal|K30|Ndata|sharenan|taunan,semireal,30,data,,,,0.2,ghcp_noad,100,200,0.8282400000000001,0.19064519493488105,0.013480651013908563,0.0,0.9305932907936042,0.8817464598545042,1.0672526324087785,1.0672526324087785,1.0494971862781697,0.8716639634278587,0.8731890472968038,0.5477432703806197,1.0046032387529436,0.6301483599669526,,False
semireal|K30|Ndata|sharenan|taunan,semireal,30,data,,,,0.2,ghcp_r05,0,200,0.8943899999999999,0.17831051877420928,0.012608457698213458,0.0,1.1859779212785122,1.1057764873154088,1.3635454309522896,1.3635454309522896,1.2996141626976718,0.8716639634278587,0.8731890472968038,0.5477432703806197,1.0046032387529436,0.6301483599669526,,False
semireal|K30|Ndata|sharenan|taunan,semireal,30,data,,,,0.2,ghcp_r05,3,200,0.89142,0.17234423773775273,0.012186577920279145,0.0,1.1325499414396294,1.0559261841023773,1.3026042533490167,1.3026042533490167,1.2473111775749945,0.8716639634278587,0.8731890472968038,0.5477432703806197,1.0046032387529436,0.6301483599669526,,False
semireal|K30|Ndata|sharenan|taunan,semireal,30,data,,,,0.2,ghcp_r05,5,200,0.8909,0.16658421746233248,0.011779282980626977,0.0,1.0950064746552945,1.0334609398650532,1.2599407768009834,1.2599407768009834,1.2144533352845779,0.8716639634278587,0.8731890472968038,0.5477432703806197,1.0046032387529436,0.6301483599669526,,False
semireal|K30|Ndata|sharenan|taunan,semireal,30,data,,,,0.2,ghcp_r05,9,200,0.8911199999999999,0.15979328858051856,0.011299091794338358,0.0,1.0222248636979263,0.9570932485622132,1.1767815569830344,1.1767815569830344,1.140497902481842,0.8716639634278587,0.8731890472968038,0.5477432703806197,1.0046032387529436,0.6301483599669526,,False
semireal|K30|Ndata|sharenan|taunan,semireal,30,data,,,,0.2,ghcp_r05,10,200,0.8901400000000002,0.15681881617180904,0.01108876483327328,0.0,0.9941941849437961,0.9416777008989088,1.143807388633276,1.143807388633276,1.1086208406164597,0.8716639634278587,0.8731890472968038,0.5477432703806197,1.0046032387529436,0.6301483599669526,,False
semireal|K30|Ndata|sharenan|taunan,semireal,30,data,,,,0.2,ghcp_r05,12,200,0.8903300000000001,0.15303453513741144,0.01082117575513946,0.0,0.966600020218343,0.9208273653459633,1.1128724889321213,1.1128724889321213,1.0879183191992103,0.8716639634278587,0.8731890472968038,0.5477432703806197,1.0046032387529436,0.6301483599669526,,False
semireal|K30|Ndata|sharenan|taunan,semireal,30,data,,,,0.2,ghcp_r05,15,200,0.8897200000000001,0.14969973833741815,0.010585370012024016,0.0,0.9425583857630647,0.9051369073930868,1.085458383693735,1.085458383693735,1.0655267032959954,0.8716639634278587,0.8731890472968038,0.5477432703806197,1.0046032387529436,0.6301483599669526,,False
semireal|K30|Ndata|sharenan|taunan,semireal,30,data,,,,0.2,ghcp_r05,17,200,0.8885799999999999,0.14773976713793022,0.010446779119415191,0.0,0.9241233798830509,0.8800523056050975,1.0642011187089706,1.0642011187089706,1.0549408197090613,0.8716639634278587,0.8731890472968038,0.5477432703806197,1.0046032387529436,0.6301483599669526,,False
semireal|K30|Ndata|sharenan|taunan,semireal,30,data,,,,0.2,ghcp_r05,20,200,0.8895700000000001,0.13939869108200723,0.009856975975261601,0.0,0.8939320724795553,0.8545012055730514,1.0280634388489847,1.0280634388489847,1.0124965223818823,0.8716639634278587,0.8731890472968038,0.5477432703806197,1.0046032387529436,0.6301483599669526,,False
semireal|K30|Ndata|sharenan|taunan,semireal,30,data,,,,0.2,ghcp_r05,25,200,0.8881,0.13495485938028226,0.009542749622187454,0.0,0.8680601007248984,0.8373909615705284,0.9995329305121036,0.9995329305121036,0.97960140134568,0.8716639634278587,0.8731890472968038,0.5477432703806197,1.0046032387529436,0.6301483599669526,,False
semireal|K30|Ndata|sharenan|taunan,semireal,30,data,,,,0.2,ghcp_r05,35,200,0.88735,0.1277837270724352,0.009035673993820995,0.0,0.8230140829273287,0.7925726791925884,0.9479551086715694,0.9479551086715694,0.9278358398352252,0.8716639634278587,0.8731890472968038,0.5477432703806197,1.0046032387529436,0.6301483599669526,,False
semireal|K30|Ndata|sharenan|taunan,semireal,30,data,,,,0.2,ghcp_r05,50,200,0.8865699999999999,0.11913361908369903,0.008424018992137867,0.0,0.7837557729594414,0.7583305564835368,0.9024353258574856,0.9024353258574856,0.8965347686409917,0.8716639634278587,0.8731890472968038,0.5477432703806197,1.0046032387529436,0.6301483599669526,,False
semireal|K30|Ndata|sharenan|taunan,semireal,30,data,,,,0.2,ghcp_r05,100,200,0.8842300000000001,0.11182437369716773,0.00790717729432059,0.0,0.7330560416347055,0.712362497884922,0.844249485874787,0.844249485874787,0.8336832533444232,0.8716639634278587,0.8731890472968038,0.5477432703806197,1.0046032387529436,0.6301483599669526,,False
semireal|K30|Ndata|sharenan|taunan,semireal,30,data,,,,0.2,hcp,0,200,0.8293699999999999,0.19092407683573565,0.013500370942233011,0.0,0.9343668491671988,0.8844799659407846,1.0714271861289413,1.0714271861289413,1.0533059696445117,0.8716639634278587,0.8731890472968038,0.5477432703806197,1.0046032387529436,0.6301483599669526,,False
semireal|K30|Ndata|sharenan|taunan,semireal,30,data,,,,0.2,one_per,0,200,0.8147,0.2021074643244984,0.014291155855227104,0.0,0.9235830361393321,0.88303779250655,1.0616617582784866,1.0616617582784866,1.0321454447175027,0.8716639634278587,0.8731890472968038,0.5477432703806197,1.0046032387529436,0.6301483599669526,,False
semireal|K30|Ndata|sharenan|taunan,semireal,30,data,,,,0.2,pooled,0,200,0.7682599999999999,0.1979472860137289,0.013996986825778074,0.0,0.8117064378908789,0.7729171346956245,0.9308302063626237,0.9308302063626237,0.9281334834754633,0.8716639634278587,0.8731890472968038,0.5477432703806197,1.0046032387529436,0.6301483599669526,,False
semireal|K30|Ndata|sharenan|taunan,semireal,30,data,,,,0.2,within,3,200,1.0,0.0,0.0,1.0,inf,inf,inf,inf,inf,0.8716639634278587,0.8731890472968038,0.5477432703806197,1.0046032387529436,0.6301483599669526,,False
semireal|K30|Ndata|sharenan|taunan,semireal,30,data,,,,0.2,within,5,200,1.0,0.0,0.0,1.0,inf,inf,inf,inf,inf,0.8716639634278587,0.8731890472968038,0.5477432703806197,1.0046032387529436,0.6301483599669526,,False
semireal|K30|Ndata|sharenan|taunan,semireal,30,data,,,,0.2,within,9,200,0.8308200000000001,0.14727722329848753,0.010414072330868591,0.0,0.733563715989787,0.6555189428425909,0.8454348574780955,0.8454348574780955,0.7615327121587582,0.8716639634278587,0.8731890472968038,0.5477432703806197,1.0046032387529436,0.6301483599669526,,False
semireal|K30|Ndata|sharenan|taunan,semireal,30,data,,,,0.2,within,10,200,0.8429800000000001,0.12388582683443759,0.008760050824753318,0.0,0.7344476817678808,0.6671243219513473,0.8505390080510071,0.8505390080510071,0.7501552315581552,0.8716639634278587,0.8731890472968038,0.5477432703806197,1.0046032387529436,0.6301483599669526,,False
semireal|K30|Ndata|sharenan|taunan,semireal,30,data,,,,0.2,within,12,200,0.8580199999999999,0.12200452911932466,0.008627022987574607,0.0,0.7731771131455689,0.6793307079752058,0.8923203181775188,0.8923203181775188,0.7636340152329941,0.8716639634278587,0.8731890472968038,0.5477432703806197,1.0046032387529436,0.6301483599669526,,False
semireal|K30|Ndata|sharenan|taunan,semireal,30,data,,,,0.2,within,15,200,0.8944,0.09572741871306954,0.0067689506917495475,0.0,0.8334202144678753,0.7460237360508117,0.9654576605741019,0.9654576605741019,0.8260250483199495,0.8716639634278587,0.8731890472968038,0.5477432703806197,1.0046032387529436,0.6301483599669526,,False
semireal|K30|Ndata|sharenan|taunan,semireal,30,data,,,,0.2,within,17,200,0.7952199999999999,0.12476176936657073,0.008821989315193424,0.0,0.6185123289176986,0.5651102145422662,0.7113992820593069,0.7113992820593069,0.6436278108726419,0.8716639634278587,0.8731890472968038,0.5477432703806197,1.0046032387529436,0.6301483599669526,,False
semireal|K30|Ndata|sharenan|taunan,semireal,30,data,,,,0.2,within,20,200,0.80901,0.1187834476565903,0.00839925813306923,0.0,0.6356147608901225,0.569035235859531,0.7284507749848156,0.7284507749848156,0.622911280285697,0.8716639634278587,0.8731890472968038,0.5477432703806197,1.0046032387529436,0.6301483599669526,,False
semireal|K30|Ndata|sharenan|taunan,semireal,30,data,,,,0.2,within,25,200,0.84482,0.1027337271467717,0.007264371512205077,0.0,0.6832576068637427,0.6073247446984507,0.788920144410356,0.788920144410356,0.6583864472274994,0.8716639634278587,0.8731890472968038,0.5477432703806197,1.0046032387529436,0.6301483599669526,,False
semireal|K30|Ndata|sharenan|taunan,semireal,30,data,,,,0.2,within,35,200,0.8447,0.08358325672059028,0.005910228762078545,0.0,0.6640544165199647,0.6193372731136684,0.7625402167190876,0.7625402167190876,0.6806389758171603,0.8716639634278587,0.8731890472968038,0.5477432703806197,1.0046032387529436,0.6301483599669526,,False
semireal|K30|Ndata|sharenan|taunan,semireal,30,data,,,,0.2,within,50,200,0.81167,0.0794930615473505,0.0056210082877411124,0.0,0.5934791598642382,0.5636233136869007,0.6804380001900766,0.6804380001900766,0.6308536546214454,0.8716639634278587,0.8731890472968038,0.5477432703806197,1.0046032387529436,0.6301483599669526,,False
semireal|K30|Ndata|sharenan|taunan,semireal,30,data,,,,0.2,within,100,200,0.80072,0.05526474973085529,0.00390780792952652,0.0,0.5639033557073094,0.5256089947396302,0.6484697423054141,0.6484697423054141,0.5839665866772603,0.8716639634278587,0.8731890472968038,0.5477432703806197,1.0046032387529436,0.6301483599669526,,False
semireal|K30|Ndata|sharenan|taunan,semireal,30,data,,,,0.2,within_full,3,200,1.0,0.0,0.0,1.0,inf,inf,inf,inf,inf,0.8716639634278587,0.8731890472968038,0.5477432703806197,1.0046032387529436,0.6301483599669526,,False
semireal|K30|Ndata|sharenan|taunan,semireal,30,data,,,,0.2,within_full,5,200,0.8418199999999999,0.1431864497673747,0.010124810960453761,0.0,0.7536364860237207,0.6788367075075414,0.870131054299531,0.870131054299531,0.7774286407620273,0.8716639634278587,0.8731890472968038,0.5477432703806197,1.0046032387529436,0.6301483599669526,,False
semireal|K30|Ndata|sharenan|taunan,semireal,30,data,,,,0.2,within_full,9,200,0.80119,0.11919884952734743,0.008428631481042226,0.0,0.6137321057220612,0.5798810161206055,0.7088640082046767,0.7088640082046767,0.6555805186955093,0.8716639634278587,0.8731890472968038,0.5477432703806197,1.0046032387529436,0.6301483599669526,,False
semireal|K30|Ndata|sharenan|taunan,semireal,30,data,,,,0.2,within_full,10,200,0.8147900000000001,0.11106028920904168,0.007853148362025253,0.0,0.6282876729380624,0.5976198153083576,0.7254673336789752,0.7254673336789752,0.6800071452144696,0.8716639634278587,0.8731890472968038,0.5477432703806197,1.0046032387529436,0.6301483599669526,,False
semireal|K30|Ndata|sharenan|taunan,semireal,30,data,,,,0.2,within_full,12,200,0.84955,0.09374046015113609,0.006628451504441566,0.0,0.6768724149453973,0.6277061726680437,0.7804567143909515,0.7804567143909515,0.7179369368834438,0.8716639634278587,0.8731890472968038,0.5477432703806197,1.0046032387529436,0.6301483599669526,,False
semireal|K30|Ndata|sharenan|taunan,semireal,30,data,,,,0.2,within_full,15,200,0.8144899999999999,0.09241799243996358,0.006534938915794533,0.0,0.6075898825463826,0.5730559596945157,0.7005562112626691,0.7005562112626691,0.6470368339745797,0.8716639634278587,0.8731890472968038,0.5477432703806197,1.0046032387529436,0.6301483599669526,,False
semireal|K30|Ndata|sharenan|taunan,semireal,30,data,,,,0.2,within_full,17,200,0.8314400000000001,0.08469849808520484,0.0059890882352364155,0.0,0.6294927785021152,0.5955691058628677,0.7254700270934035,0.7254700270934035,0.6826830251997893,0.8716639634278587,0.8731890472968038,0.5477432703806197,1.0046032387529436,0.6301483599669526,,False
semireal|K30|Ndata|sharenan|taunan,semireal,30,data,,,,0.2,within_full,20,200,0.8068899999999999,0.08664412224495087,0.0061266646389360946,0.0,0.5908806309994479,0.5573111548941132,0.6819685548581461,0.6819685548581461,0.6187770400013772,0.8716639634278587,0.8731890472968038,0.5477432703806197,1.0046032387529436,0.6301483599669526,,False
semireal|K30|Ndata|sharenan|taunan,semireal,30,data,,,,0.2,within_full,25,200,0.8024000000000001,0.08067902780548482,0.005704868766079634,0.0,0.5812584120891002,0.5575150647019314,0.6693284898434001,0.6693284898434001,0.6231989751423876,0.8716639634278587,0.8731890472968038,0.5477432703806197,1.0046032387529436,0.6301483599669526,,False
semireal|K30|Ndata|sharenan|taunan,semireal,30,data,,,,0.2,within_full,35,200,0.80667,0.06830945769108587,0.0048302080752542385,0.0,0.5793659893083948,0.5714031825326684,0.6668062244177836,0.6668062244177836,0.6213209955988224,0.8716639634278587,0.8731890472968038,0.5477432703806197,1.0046032387529436,0.6301483599669526,,False
semireal|K30|Ndata|sharenan|taunan,semireal,30,data,,,,0.2,within_full,50,200,0.8055500000000001,0.058321733711503954,0.0041239693397960514,0.0,0.5706350580680515,0.5724140199835747,0.6559915424251256,0.6559915424251256,0.6179510033561137,0.8716639634278587,0.8731890472968038,0.5477432703806197,1.0046032387529436,0.6301483599669526,,False
semireal|K30|Ndata|sharenan|taunan,semireal,30,data,,,,0.2,within_full,100,200,0.8018100000000001,0.04204214085938299,0.0029728282897269736,0.0,0.560292270050101,0.5428435497744719,0.6436181085805949,0.6436181085805949,0.6147305868933566,0.8716639634278587,0.8731890472968038,0.5477432703806197,1.0046032387529436,0.6301483599669526,,False
semireal|K30|Ndata|sharenan|taunan,semireal,30,data,,,,0.2,within_plain,3,200,1.0,0.0,0.0,1.0,inf,inf,inf,inf,inf,0.8716639634278587,0.8731890472968038,0.5477432703806197,1.0046032387529436,0.6301483599669526,,False
semireal|K30|Ndata|sharenan|taunan,semireal,30,data,,,,0.2,within_plain,5,200,0.8269300000000002,0.1336624229788721,0.009451360567818506,0.0,0.9819833965217915,0.8699770405589926,1.130731670119412,1.130731670119412,0.9624860596023739,0.8716639634278587,0.8731890472968038,0.5477432703806197,1.0046032387529436,0.6301483599669526,,False
semireal|K30|Ndata|sharenan|taunan,semireal,30,data,,,,0.2,within_plain,9,200,0.7944900000000001,0.1208513348111147,0.008545479836038507,0.0,0.8983778524957079,0.809163505066995,1.032598057269216,1.032598057269216,0.9235648007422758,0.8716639634278587,0.8731890472968038,0.5477432703806197,1.0046032387529436,0.6301483599669526,,False
semireal|K30|Ndata|sharenan|taunan,semireal,30,data,,,,0.2,within_plain,10,200,0.8122899999999998,0.11010847050241825,0.0077858446158338875,0.0,0.9261311985273128,0.8393197265709356,1.064918834705817,1.064918834705817,0.9451749796600272,0.8716639634278587,0.8731890472968038,0.5477432703806197,1.0046032387529436,0.6301483599669526,,False
semireal|K30|Ndata|sharenan|taunan,semireal,30,data,,,,0.2,within_plain,12,200,0.8406399999999999,0.09954827822967337,0.00703912625916472,0.0,0.9778932760250245,0.9023474010154466,1.1241992631181645,1.1241992631181645,1.0065564262268976,0.8716639634278587,0.8731890472968038,0.5477432703806197,1.0046032387529436,0.6301483599669526,,False
semireal|K30|Ndata|sharenan|taunan,semireal,30,data,,,,0.2,within_plain,15,200,0.8062999999999999,0.09526936158220756,0.006736561161409211,0.0,0.9068176910562545,0.8066389403577289,1.0429542610819391,1.0429542610819391,0.928642214702257,0.8716639634278587,0.8731890472968038,0.5477432703806197,1.0046032387529436,0.6301483599669526,,False
semireal|K30|Ndata|sharenan|taunan,semireal,30,data,,,,0.2,within_plain,17,200,0.8239099999999999,0.09091169662323201,0.00642842771714615,0.0,0.9357534359266622,0.8435438880415422,1.0763095506238372,1.0763095506238372,0.9883305560142113,0.8716639634278587,0.8731890472968038,0.5477432703806197,1.0046032387529436,0.6301483599669526,,False
semireal|K30|Ndata|sharenan|taunan,semireal,30,data,,,,0.2,within_plain,20,200,0.8021099999999999,0.08516261654200984,0.00602190636604448,0.0,0.89469003356776,0.810013629249083,1.031114802653758,1.031114802653758,0.9281317600799921,0.8716639634278587,0.8731890472968038,0.5477432703806197,1.0046032387529436,0.6301483599669526,,False
semireal|K30|Ndata|sharenan|taunan,semireal,30,data,,,,0.2,within_plain,25,200,0.8024,0.0794546740357712,0.005618293880766052,0.0,0.8933383842459989,0.8130916355232511,1.0290642801094037,1.0290642801094037,0.9524511447786873,0.8716639634278587,0.8731890472968038,0.5477432703806197,1.0046032387529436,0.6301483599669526,,False
semireal|K30|Ndata|sharenan|taunan,semireal,30,data,,,,0.2,within_plain,35,200,0.7976400000000001,0.07104411822007746,0.0050235777756835525,0.0,0.8827454917933483,0.7818336892639146,1.0161150990871197,1.0161150990871197,0.9101462222611394,0.8716639634278587,0.8731890472968038,0.5477432703806197,1.0046032387529436,0.6301483599669526,,False
semireal|K30|Ndata|sharenan|taunan,semireal,30,data,,,,0.2,within_plain,50,200,0.80203,0.057515556995324416,0.004066964037511526,0.0,0.8843762537887886,0.7739273316254647,1.0182420573958584,1.0182420573958584,0.9241632861422535,0.8716639634278587,0.8731890472968038,0.5477432703806197,1.0046032387529436,0.6301483599669526,,False
semireal|K30|Ndata|sharenan|taunan,semireal,30,data,,,,0.2,within_plain,100,200,0.7985899999999999,0.04587279659380582,0.003243696554347125,0.0,0.8766163474814896,0.7877161892494183,1.0095709563640893,1.0095709563640893,0.9131890776672853,0.8716639634278587,0.8731890472968038,0.5477432703806197,1.0046032387529436,0.6301483599669526,,False
