cell_id,gen,K,N,share,tau,sigma_a,alpha,method,o,n_reps,coverage,coverage_sd,coverage_mcse,frac_infinite,halfwidth_mean,halfwidth_median,price,price_finite_reps,price_median,q_star,own_raw_mean,own_centred_mean,price_own_raw,price_own_centred,realised_share,ghcp_pool_empty
normal|K10|N21|share0.3|tau0.0,normal,10,21,0.3,0.0,1.1538468782873679,0.1,ghcp,0,200,0.9943199999999999,0.021268742252068512,0.0015039271873746487,0.0,4.258054972634425,4.1506396134273515,1.6972481187456492,1.6972481187456492,1.6544326742503896,2.5087993473702244,2.236957187495232,1.6448536269514722,0.891644519056519,0.6556337909907551,0.30070787434281465,False
normal|K10|N21|share0.3|tau0.0,normal,10,21,0.3,0.0,1.1538468782873679,0.1,ghcp,3,200,0.9824300000000001,0.04280932481898408,0.0030270763877521213,0.0,3.5246340607390483,3.4309034388217823,1.4049087123821373,1.4049087123821373,1.367547963697506,2.5087993473702244,2.236957187495232,1.6448536269514722,0.891644519056519,0.6556337909907551,0.30070787434281465,False
normal|K10|N21|share0.3|tau0.0,normal,10,21,0.3,0.0,1.1538468782873679,0.1,ghcp,5,200,0.97761,0.04436789889392225,0.0031372842174891545,0.0,3.230925069067206,3.179008964174595,1.2878371769563515,1.2878371769563515,1.2671435710898518,2.5087993473702244,2.236957187495232,1.6448536269514722,0.891644519056519,0.6556337909907551,0.30070787434281465,False
normal|K10|N21|share0.3|tau0.0,normal,10,21,0.3,0.0,1.1538468782873679,0.1,ghcp,9,200,0.9664500000000001,0.05021779199811387,0.003550934125808186,0.0,2.8331407585931605,2.8084120598405473,1.1292815272624006,1.1292815272624006,1.1194247410756,2.5087993473702244,2.236957187495232,1.6448536269514722,0.891644519056519,0.6556337909907551,0.30070787434281465,False
normal|K10|N21|share0.3|tau0.0,normal,10,21,0.3,0.0,1.1538468782873679,0.1,ghcp,10,200,0.9638100000000001,0.047530195639061246,0.0033608923647503474,0.0,2.7283951359134493,2.687636196448561,1.0875302318511084,1.0875302318511084,1.0712838391263921,2.5087993473702244,2.236957187495232,1.6448536269514722,0.891644519056519,0.6556337909907551,0.30070787434281465,False
normal|K10|N21|share0.3|tau0.0,normal,10,21,0.3,0.0,1.1538468782873679,0.1,ghcp,12,200,0.9552299999999999,0.0545610819017682,0.00385805110016149,0.0,2.57788434717377,2.5554819720946425,1.027537076600391,1.027537076600391,1.0186075561496586,2.5087993473702244,2.236957187495232,1.6448536269514722,0.891644519056519,0.6556337909907551,0.30070787434281465,False
normal|K10|N21|share0.3|tau0.0,normal,10,21,0.3,0.0,1.1538468782873679,0.1,ghcp,15,200,0.94023,0.05603379364411045,0.003962187546135816,0.0,2.3443315115239125,2.33836692398175,0.9344436070510342,0.9344436070510342,0.9320661400972043,2.5087993473702244,2.236957187495232,1.6448536269514722,0.891644519056519,0.6556337909907551,0.30070787434281465,False
normal|K10|N21|share0.3|tau0.0,normal,10,21,0.3,0.0,1.1538468782873679,0.1,ghcp,17,200,0.9309099999999999,0.057511474931040654,0.004066675391977898,0.0,2.2247654149248524,2.231645586961048,0.8867849145675593,0.8867849145675593,0.8895273307928375,2.5087993473702244,2.236957187495232,1.6448536269514722,0.891644519056519,0.6556337909907551,0.30070787434281465,False
normal|K10|N21|share0.3|tau0.0,normal,10,21,0.3,0.0,1.1538468782873679,0.1,ghcp,20,200,0.90739,0.06485583471425228,0.004586000052596168,0.0,2.0066567584005153,1.9912975968984676,0.7998474491409345,0.7998474491409345,0.7937253327914755,2.5087993473702244,2.236957187495232,1.6448536269514722,0.891644519056519,0.6556337909907551,0.30070787434281465,False
normal|K10|N21|share0.3|tau0.0,normal,10,21,0.3,0.0,1.1538468782873679,0.1,ghcp,25,200,0.9355899999999999,0.055992927586423734,0.003959297879484753,0.0,2.276853442729378,2.2154018030847604,0.9075470483982803,0.9075470483982803,0.8830526065813078,2.5087993473702244,2.236957187495232,1.6448536269514722,0.891644519056519,0.6556337909907551,0.30070787434281465,True
normal|K10|N21|share0.3|tau0.0,normal,10,21,0.3,0.0,1.1538468782873679,0.1,ghcp,35,200,0.94402,0.05383465846702574,0.0038066852064895687,0.0,2.291138884530986,2.2252235922297467,0.9132411832507075,0.9132411832507075,0.8869675426862148,2.5087993473702244,2.236957187495232,1.6448536269514722,0.891644519056519,0.6556337909907551,0.30070787434281465,True
normal|K10|N21|share0.3|tau0.0,normal,10,21,0.3,0.0,1.1538468782873679,0.1,ghcp,50,200,0.9111,0.06215226884525668,0.004394829076661039,0.0,1.919252217894307,1.9014048729047728,0.765008257797144,0.765008257797144,0.7578943588684625,2.5087993473702244,2.236957187495232,1.6448536269514722,0.891644519056519,0.6556337909907551,0.30070787434281465,True
normal|K10|N21|share0.3|tau0.0,normal,10,21,0.3,0.0,1.1538468782873679,0.1,ghcp,100,200,0.9062700000000001,0.03938046731604579,0.0027846195485471173,0.0,1.7612542828422948,1.7379052121363645,0.7020307481698282,0.7020307481698282,0.6927238776421372,2.5087993473702244,2.236957187495232,1.6448536269514722,0.891644519056519,0.6556337909907551,0.30070787434281465,True
normal|K10|N21|share0.3|tau0.0,normal,10,21,0.3,0.0,1.1538468782873679,0.1,ghcp_noad,0,200,0.99481,0.019560083957440227,0.0013831068006884184,0.0,4.2621358807766665,4.164502046117852,1.6988747566617184,1.6988747566617184,1.6599581989221939,2.5087993473702244,2.236957187495232,1.6448536269514722,0.891644519056519,0.6556337909907551,0.30070787434281465,False
normal|K10|N21|share0.3|tau0.0,normal,10,21,0.3,0.0,1.1538468782873679,0.1,ghcp_noad,3,200,0.97855,0.04829138421027837,0.0034147165247972802,0.0,3.529126518097599,3.450912758290033,1.406699392598656,1.406699392598656,1.3755236192592892,2.5087993473702244,2.236957187495232,1.6448536269514722,0.891644519056519,0.6556337909907551,0.30070787434281465,False
normal|K10|N21|share0.3|tau0.0,normal,10,21,0.3,0.0,1.1538468782873679,0.1,ghcp_noad,5,200,0.97174,0.05499394576089043,0.003888659197173081,0.0,3.3144493088810196,3.2319409095701235,1.3211296919202784,1.3211296919202784,1.2882420879764305,2.5087993473702244,2.236957187495232,1.6448536269514722,0.891644519056519,0.6556337909907551,0.30070787434281465,False
normal|K10|N21|share0.3|tau0.0,normal,10,21,0.3,0.0,1.1538468782873679,0.1,ghcp_noad,9,200,0.95352,0.07558235948504541,0.005344479892995498,0.0,2.9968275741324923,2.9352904641594533,1.1945266078268992,1.1945266078268992,1.1699980977898,2.5087993473702244,2.236957187495232,1.6448536269514722,0.891644519056519,0.6556337909907551,0.30070787434281465,False
normal|K10|N21|share0.3|tau0.0,normal,10,21,0.3,0.0,1.1538468782873679,0.1,ghcp_noad,10,200,0.95057,0.07761893192362816,0.005488487311165447,0.0,2.9415993889961256,2.8838432621024923,1.1725128165708316,1.1725128165708316,1.1494913952067938,2.5087993473702244,2.236957187495232,1.6448536269514722,0.891644519056519,0.6556337909907551,0.30070787434281465,False
normal|K10|N21|share0.3|tau0.0,normal,10,21,0.3,0.0,1.1538468782873679,0.1,ghcp_noad,12,200,0.9399799999999999,0.08708662354230987,0.006157954205740734,0.0,2.819637393388175,2.7534626280525876,1.1238991258283682,1.1238991258283682,1.0975220600797846,2.5087993473702244,2.236957187495232,1.6448536269514722,0.891644519056519,0.6556337909907551,0.30070787434281465,False
normal|K10|N21|share0.3|tau0.0,normal,10,21,0.3,0.0,1.1538468782873679,0.1,ghcp_noad,15,200,0.93139,0.0910994150205446,0.006441701412315471,0.0,2.7007173632197965,2.6425344111558022,1.0764979535133987,1.0764979535133987,1.0533064008988053,2.5087993473702244,2.236957187495232,1.6448536269514722,0.891644519056519,0.6556337909907551,0.30070787434281465,False
normal|K10|N21|share0.3|tau0.0,normal,10,21,0.3,0.0,1.1538468782873679,0.1,ghcp_noad,17,200,0.92501,0.09246441608103102,0.0065382215629351485,0.0,2.6208176806422063,2.5663101150921306,1.0446501763440756,1.0446501763440756,1.022923621923846,2.5087993473702244,2.236957187495232,1.6448536269514722,0.891644519056519,0.6556337909907551,0.30070787434281465,False
normal|K10|N21|share0.3|tau0.0,normal,10,21,0.3,0.0,1.1538468782873679,0.1,ghcp_noad,20,200,0.9130499999999999,0.10021402975029976,0.007086202000646738,0.0,2.5249950433474253,2.460171289142627,1.0064555565171753,1.0064555565171753,0.9806169998096619,2.5087993473702244,2.236957187495232,1.6448536269514722,0.891644519056519,0.6556337909907551,0.30070787434281465,False
normal|K10|N21|share0.3|tau0.0,normal,10,21,0.3,0.0,1.1538468782873679,0.1,ghcp_noad,25,200,0.92703,0.05301710257859388,0.0037488752752186526,0.0,2.51586929826917,2.3830060642039803,1.002818061518693,1.002818061518693,0.9498591693679677,2.5087993473702244,2.236957187495232,1.6448536269514722,0.891644519056519,0.6556337909907551,0.30070787434281465,True
normal|K10|N21|share0.3|tau0.0,normal,10,21,0.3,0.0,1.1538468782873679,0.1,ghcp_noad,35,200,0.91797,0.04832115239565609,0.003416821453371701,0.0,2.4101647453065795,2.266750968966875,0.9606845393327151,0.9606845393327151,0.9035202322349657,2.5087993473702244,2.236957187495232,1.6448536269514722,0.891644519056519,0.6556337909907551,0.30070787434281465,True
normal|K10|N21|share0.3|tau0.0,normal,10,21,0.3,0.0,1.1538468782873679,0.1,ghcp_noad,50,200,0.9009,0.04558574669244256,0.003223399061167836,0.0,2.28580176946578,2.1421313341521953,0.9111138249704208,0.9111138249704208,0.8538472143647606,2.5087993473702244,2.236957187495232,1.6448536269514722,0.891644519056519,0.6556337909907551,0.30070787434281465,True
normal|K10|N21|share0.3|tau0.0,normal,10,21,0.3,0.0,1.1538468782873679,0.1,ghcp_noad,100,200,0.9007200000000001,0.030796488738052026,0.002177640602341173,0.0,2.2569978139848788,2.111923071622085,0.8996326535044387,0.8996326535044387,0.8418062902622512,2.5087993473702244,2.236957187495232,1.6448536269514722,0.891644519056519,0.6556337909907551,0.30070787434281465,True
normal|K10|N21|share0.3|tau0.0,normal,10,21,0.3,0.0,1.1538468782873679,0.1,ghcp_r05,0,200,1.0,0.0,0.0,1.0,inf,inf,inf,inf,inf,2.5087993473702244,2.236957187495232,1.6448536269514722,0.891644519056519,0.6556337909907551,0.30070787434281465,False
normal|K10|N21|share0.3|tau0.0,normal,10,21,0.3,0.0,1.1538468782873679,0.1,ghcp_r05,3,200,1.0,0.0,0.0,1.0,inf,inf,inf,inf,inf,2.5087993473702244,2.236957187495232,1.6448536269514722,0.891644519056519,0.6556337909907551,0.30070787434281465,False
normal|K10|N21|share0.3|tau0.0,normal,10,21,0.3,0.0,1.1538468782873679,0.1,ghcp_r05,5,200,1.0,0.0,0.0,1.0,inf,inf,inf,inf,inf,2.5087993473702244,2.236957187495232,1.6448536269514722,0.891644519056519,0.6556337909907551,0.30070787434281465,False
normal|K10|N21|share0.3|tau0.0,normal,10,21,0.3,0.0,1.1538468782873679,0.1,ghcp_r05,9,200,1.0,0.0,0.0,1.0,inf,inf,inf,inf,inf,2.5087993473702244,2.236957187495232,1.6448536269514722,0.891644519056519,0.6556337909907551,0.30070787434281465,False
normal|K10|N21|share0.3|tau0.0,normal,10,21,0.3,0.0,1.1538468782873679,0.1,ghcp_r05,10,200,1.0,0.0,0.0,1.0,inf,inf,inf,inf,inf,2.5087993473702244,2.236957187495232,1.6448536269514722,0.891644519056519,0.6556337909907551,0.30070787434281465,False
normal|K10|N21|share0.3|tau0.0,normal,10,21,0.3,0.0,1.1538468782873679,0.1,ghcp_r05,12,200,1.0,0.0,0.0,1.0,inf,inf,inf,inf,inf,2.5087993473702244,2.236957187495232,1.6448536269514722,0.891644519056519,0.6556337909907551,0.30070787434281465,False
normal|K10|N21|share0.3|tau0.0,normal,10,21,0.3,0.0,1.1538468782873679,0.1,ghcp_r05,15,200,0.97201,0.03622348137624371,0.002561386931932654,0.0,2.825376997494501,2.7801587839934583,1.1261869150500698,1.1261869150500698,1.1081630688830013,2.5087993473702244,2.236957187495232,1.6448536269514722,0.891644519056519,0.6556337909907551,0.30070787434281465,False
normal|K10|N21|share0.3|tau0.0,normal,10,21,0.3,0.0,1.1538468782873679,0.1,ghcp_r05,17,200,0.96013,0.03815444809648985,0.002697926898145813,0.0,2.545310933142239,2.4934636364938236,1.0145534101044342,1.0145534101044342,0.9938872310005679,2.5087993473702244,2.236957187495232,1.6448536269514722,0.891644519056519,0.6556337909907551,0.30070787434281465,False
normal|K10|N21|share0.3|tau0.0,normal,10,21,0.3,0.0,1.1538468782873679,0.1,ghcp_r05,20,200,0.9173699999999999,0.06041517247618045,0.004271997814446205,0.0,2.0884242089839096,2.0868981545658576,0.8324397131133822,0.8324397131133822,0.8318314323357059,2.5087993473702244,2.236957187495232,1.6448536269514722,0.891644519056519,0.6556337909907551,0.30070787434281465,False
normal|K10|N21|share0.3|tau0.0,normal,10,21,0.3,0.0,1.1538468782873679,0.1,ghcp_r05,25,200,0.9355899999999999,0.055992927586423734,0.003959297879484753,0.0,2.276853442729378,2.2154018030847604,0.9075470483982803,0.9075470483982803,0.8830526065813078,2.5087993473702244,2.236957187495232,1.6448536269514722,0.891644519056519,0.6556337909907551,0.30070787434281465,True
normal|K10|N21|share0.3|tau0.0,normal,10,21,0.3,0.0,1.1538468782873679,0.1,ghcp_r05,35,200,0.94402,0.05383465846702574,0.0038066852064895687,0.0,2.291138884530986,2.2252235922297467,0.9132411832507075,0.9132411832507075,0.8869675426862148,2.5087993473702244,2.236957187495232,1.6448536269514722,0.891644519056519,0.6556337909907551,0.30070787434281465,True
normal|K10|N21|share0.3|tau0.0,normal,10,21,0.3,0.0,1.1538468782873679,0.1,ghcp_r05,50,200,0.9111,0.06215226884525668,0.004394829076661039,0.0,1.919252217894307,1.9014048729047728,0.765008257797144,0.765008257797144,0.7578943588684625,2.5087993473702244,2.236957187495232,1.6448536269514722,0.891644519056519,0.6556337909907551,0.30070787434281465,True
normal|K10|N21|share0.3|tau0.0,normal,10,21,0.3,0.0,1.1538468782873679,0.1,ghcp_r05,100,200,0.9062700000000001,0.03938046731604579,0.0027846195485471173,0.0,1.7612542828422948,1.7379052121363645,0.7020307481698282,0.7020307481698282,0.6927238776421372,2.5087993473702244,2.236957187495232,1.6448536269514722,0.891644519056519,0.6556337909907551,0.30070787434281465,True
normal|K10|N21|share0.3|tau0.0,normal,10,21,0.3,0.0,1.1538468782873679,0.1,ghcp_r05code,0,200,1.0,0.0,0.0,1.0,inf,inf,inf,inf,inf,2.5087993473702244,2.236957187495232,1.6448536269514722,0.891644519056519,0.6556337909907551,0.30070787434281465,False
normal|K10|N21|share0.3|tau0.0,normal,10,21,0.3,0.0,1.1538468782873679,0.1,ghcp_r05code,3,200,1.0,0.0,0.0,1.0,inf,inf,inf,inf,inf,2.5087993473702244,2.236957187495232,1.6448536269514722,0.891644519056519,0.6556337909907551,0.30070787434281465,False
normal|K10|N21|share0.3|tau0.0,normal,10,21,0.3,0.0,1.1538468782873679,0.1,ghcp_r05code,5,200,1.0,0.0,0.0,1.0,inf,inf,inf,inf,inf,2.5087993473702244,2.236957187495232,1.6448536269514722,0.891644519056519,0.6556337909907551,0.30070787434281465,False
normal|K10|N21|share0.3|tau0.0,normal,10,21,0.3,0.0,1.1538468782873679,0.1,ghcp_r05code,9,200,1.0,0.0,0.0,1.0,inf,inf,inf,inf,inf,2.5087993473702244,2.236957187495232,1.6448536269514722,0.891644519056519,0.6556337909907551,0.30070787434281465,False
normal|K10|N21|share0.3|tau0.0,normal,10,21,0.3,0.0,1.1538468782873679,0.1,ghcp_r05code,10,200,1.0,0.0,0.0,1.0,inf,inf,inf,inf,inf,2.5087993473702244,2.236957187495232,1.6448536269514722,0.891644519056519,0.6556337909907551,0.30070787434281465,False
normal|K10|N21|share0.3|tau0.0,normal,10,21,0.3,0.0,1.1538468782873679,0.1,ghcp_r05code,12,200,0.9862700000000001,0.029234575454588872,0.0020671966549049587,0.0,3.3113599568167977,3.2927534694215326,1.3198982853243462,1.3198982853243462,1.3124817944779306,2.5087993473702244,2.236957187495232,1.6448536269514722,0.891644519056519,0.6556337909907551,0.30070787434281465,False
normal|K10|N21|share0.3|tau0.0,normal,10,21,0.3,0.0,1.1538468782873679,0.1,ghcp_r05code,15,200,0.9628200000000001,0.04336369043613799,0.0030662759564667407,0.0,2.6472557619089803,2.6040011266240977,1.0551883173454621,1.0551883173454621,1.037947147648004,2.5087993473702244,2.236957187495232,1.6448536269514722,0.891644519056519,0.6556337909907551,0.30070787434281465,False
normal|K10|N21|share0.3|tau0.0,normal,10,21,0.3,0.0,1.1538468782873679,0.1,ghcp_r05code,17,200,0.9518099999999999,0.050583568349165255,0.0035767984196307966,0.0,2.4527876767602628,2.3976716981639417,0.9776739137513434,0.9776739137513434,0.9557048476902831,2.5087993473702244,2.236957187495232,1.6448536269514722,0.891644519056519,0.6556337909907551,0.30070787434281465,False
normal|K10|N21|share0.3|tau0.0,normal,10,21,0.3,0.0,1.1538468782873679,0.1,ghcp_r05code,20,200,0.91797,0.05947727998295529,0.0042056788002478585,0.0,2.0864656809738698,2.0764803101576135,0.8316590496409952,0.8316590496409952,0.827678910365719,2.5087993473702244,2.236957187495232,1.6448536269514722,0.891644519056519,0.6556337909907551,0.30070787434281465,False
normal|K10|N21|share0.3|tau0.0,normal,10,21,0.3,0.0,1.1538468782873679,0.1,ghcp_r05code,25,200,0.9355899999999999,0.055992927586423734,0.003959297879484753,0.0,2.276853442729378,2.2154018030847604,0.9075470483982803,0.9075470483982803,0.8830526065813078,2.5087993473702244,2.236957187495232,1.6448536269514722,0.891644519056519,0.6556337909907551,0.30070787434281465,True
normal|K10|N21|share0.3|tau0.0,normal,10,21,0.3,0.0,1.1538468782873679,0.1,ghcp_r05code,35,200,0.94402,0.05383465846702574,0.0038066852064895687,0.0,2.291138884530986,2.2252235922297467,0.9132411832507075,0.9132411832507075,0.8869675426862148,2.5087993473702244,2.236957187495232,1.6448536269514722,0.891644519056519,0.6556337909907551,0.30070787434281465,True
normal|K10|N21|share0.3|tau0.0,normal,10,21,0.3,0.0,1.1538468782873679,0.1,ghcp_r05code,50,200,0.9111,0.06215226884525668,0.004394829076661039,0.0,1.919252217894307,1.9014048729047728,0.765008257797144,0.765008257797144,0.7578943588684625,2.5087993473702244,2.236957187495232,1.6448536269514722,0.891644519056519,0.6556337909907551,0.30070787434281465,True
normal|K10|N21|share0.3|tau0.0,normal,10,21,0.3,0.0,1.1538468782873679,0.1,ghcp_r05code,100,200,0.9062700000000001,0.03938046731604579,0.0027846195485471173,0.0,1.7612542828422948,1.7379052121363645,0.7020307481698282,0.7020307481698282,0.6927238776421372,2.5087993473702244,2.236957187495232,1.6448536269514722,0.891644519056519,0.6556337909907551,0.30070787434281465,True
normal|K10|N21|share0.3|tau0.0,normal,10,21,0.3,0.0,1.1538468782873679,0.1,hcp,0,200,0.98452,0.04015409514338381,0.0028393232968296506,0.0,3.731133351342077,3.688177999142596,1.4872187188876342,1.4872187188876342,1.4700968425428766,2.5087993473702244,2.236957187495232,1.6448536269514722,0.891644519056519,0.6556337909907551,0.30070787434281465,False
normal|K10|N21|share0.3|tau0.0,normal,10,21,0.3,0.0,1.1538468782873679,0.1,one_per,0,200,0.91978,0.1385686760777837,0.009798285051464298,0.0,2.8542114924334463,2.7971497405556836,1.1376802594537068,1.1376802594537068,1.1149356139173565,2.5087993473702244,2.236957187495232,1.6448536269514722,0.891644519056519,0.6556337909907551,0.30070787434281465,False
normal|K10|N21|share0.3|tau0.0,normal,10,21,0.3,0.0,1.1538468782873679,0.1,pooled,0,200,0.9086099999999999,0.12091081434315801,0.00854968567408347,0.0,2.545182804326805,2.498032102094178,1.0145023383375473,1.0145023383375473,0.9957082078774724,2.5087993473702244,2.236957187495232,1.6448536269514722,0.891644519056519,0.6556337909907551,0.30070787434281465,False
normal|K10|N21|share0.3|tau0.0,normal,10,21,0.3,0.0,1.1538468782873679,0.1,within,3,200,1.0,0.0,0.0,1.0,inf,inf,inf,inf,inf,2.5087993473702244,2.236957187495232,1.6448536269514722,0.891644519056519,0.6556337909907551,0.30070787434281465,False
normal|K10|N21|share0.3|tau0.0,normal,10,21,0.3,0.0,1.1538468782873679,0.1,within,5,200,1.0,0.0,0.0,1.0,inf,inf,inf,inf,inf,2.5087993473702244,2.236957187495232,1.6448536269514722,0.891644519056519,0.6556337909907551,0.30070787434281465,False
normal|K10|N21|share0.3|tau0.0,normal,10,21,0.3,0.0,1.1538468782873679,0.1,within,9,200,1.0,0.0,0.0,1.0,inf,inf,inf,inf,inf,2.5087993473702244,2.236957187495232,1.6448536269514722,0.891644519056519,0.6556337909907551,0.30070787434281465,False
normal|K10|N21|share0.3|tau0.0,normal,10,21,0.3,0.0,1.1538468782873679,0.1,within,10,200,1.0,0.0,0.0,1.0,inf,inf,inf,inf,inf,2.5087993473702244,2.236957187495232,1.6448536269514722,0.891644519056519,0.6556337909907551,0.30070787434281465,False
normal|K10|N21|share0.3|tau0.0,normal,10,21,0.3,0.0,1.1538468782873679,0.1,within,12,200,1.0,0.0,0.0,1.0,inf,inf,inf,inf,inf,2.5087993473702244,2.236957187495232,1.6448536269514722,0.891644519056519,0.6556337909907551,0.30070787434281465,False
normal|K10|N21|share0.3|tau0.0,normal,10,21,0.3,0.0,1.1538468782873679,0.1,within,15,200,1.0,0.0,0.0,1.0,inf,inf,inf,inf,inf,2.5087993473702244,2.236957187495232,1.6448536269514722,0.891644519056519,0.6556337909907551,0.30070787434281465,False
normal|K10|N21|share0.3|tau0.0,normal,10,21,0.3,0.0,1.1538468782873679,0.1,within,17,200,0.9136299999999999,0.08436557861042236,0.00596554727341564,0.0,2.0494500440951255,1.965201120819724,0.816904726256168,0.816904726256168,0.7833233546077286,2.5087993473702244,2.236957187495232,1.6448536269514722,0.891644519056519,0.6556337909907551,0.30070787434281465,False
normal|K10|N21|share0.3|tau0.0,normal,10,21,0.3,0.0,1.1538468782873679,0.1,within,20,200,0.92132,0.07857766762411716,0.005556280162683587,0.0,2.0607989379011964,2.007445452293327,0.8214283617625177,0.8214283617625177,0.8001618201940197,2.5087993473702244,2.236957187495232,1.6448536269514722,0.891644519056519,0.6556337909907551,0.30070787434281465,False
normal|K10|N21|share0.3|tau0.0,normal,10,21,0.3,0.0,1.1538468782873679,0.1,within,25,200,0.93274,0.06292288013291433,0.004449319523377201,0.0,2.103947770255632,2.0326187774638402,0.8386273587248158,0.8386273587248158,0.8101958331559971,2.5087993473702244,2.236957187495232,1.6448536269514722,0.891644519056519,0.6556337909907551,0.30070787434281465,False
normal|K10|N21|share0.3|tau0.0,normal,10,21,0.3,0.0,1.1538468782873679,0.1,within,35,200,0.9430000000000001,0.0532029394283727,0.003762015924885948,0.0,2.1455425276304574,2.0890630743865577,0.855206905996472,0.855206905996472,0.8326943629734108,2.5087993473702244,2.236957187495232,1.6448536269514722,0.891644519056519,0.6556337909907551,0.30070787434281465,False
normal|K10|N21|share0.3|tau0.0,normal,10,21,0.3,0.0,1.1538468782873679,0.1,within,50,200,0.91561,0.0518341760718276,0.0036652297397606775,0.0,1.8420043146961285,1.783064409841912,0.7342174720457241,0.7342174720457241,0.7107242002876624,2.5087993473702244,2.236957187495232,1.6448536269514722,0.891644519056519,0.6556337909907551,0.30070787434281465,False
normal|K10|N21|share0.3|tau0.0,normal,10,21,0.3,0.0,1.1538468782873679,0.1,within,100,200,0.9060499999999999,0.03955096578431887,0.0027966756108568987,0.0,1.725108423348603,1.7063179725765907,0.6876231154782855,0.6876231154782855,0.6801332973739764,2.5087993473702244,2.236957187495232,1.6448536269514722,0.891644519056519,0.6556337909907551,0.30070787434281465,False
normal|K10|N21|share0.3|tau0.0,normal,10,21,0.3,0.0,1.1538468782873679,0.1,within_full,3,200,1.0,0.0,0.0,1.0,inf,inf,inf,inf,inf,2.5087993473702244,2.236957187495232,1.6448536269514722,0.891644519056519,0.6556337909907551,0.30070787434281465,False
normal|K10|N21|share0.3|tau0.0,normal,10,21,0.3,0.0,1.1538468782873679,0.1,within_full,5,200,1.0,0.0,0.0,1.0,inf,inf,inf,inf,inf,2.5087993473702244,2.236957187495232,1.6448536269514722,0.891644519056519,0.6556337909907551,0.30070787434281465,False
normal|K10|N21|share0.3|tau0.0,normal,10,21,0.3,0.0,1.1538468782873679,0.1,within_full,9,200,0.9057200000000001,0.0887050422614919,0.00627239369085402,0.0,1.988658793174394,1.947469327398305,0.7926735134314141,0.7926735134314141,0.77625551419235,2.5087993473702244,2.236957187495232,1.6448536269514722,0.891644519056519,0.6556337909907551,0.30070787434281465,False
normal|K10|N21|share0.3|tau0.0,normal,10,21,0.3,0.0,1.1538468782873679,0.1,within_full,10,200,0.91095,0.08742455469614412,0.0061818495467857735,0.0,2.0172121641441634,1.9937930717516699,0.8040548026523715,0.8040548026523715,0.7947200216875079,2.5087993473702244,2.236957187495232,1.6448536269514722,0.891644519056519,0.6556337909907551,0.30070787434281465,False
normal|K10|N21|share0.3|tau0.0,normal,10,21,0.3,0.0,1.1538468782873679,0.1,within_full,12,200,0.92449,0.07090697352498104,0.005013880181292909,0.0,2.099388718482597,2.042286237668964,0.8368101341716389,0.8368101341716389,0.8140492542019078,2.5087993473702244,2.236957187495232,1.6448536269514722,0.891644519056519,0.6556337909907551,0.30070787434281465,False
normal|K10|N21|share0.3|tau0.0,normal,10,21,0.3,0.0,1.1538468782873679,0.1,within_full,15,200,0.94347,0.05537790771884202,0.003915809407591604,0.0,2.2089223996918297,2.124873130567457,0.8804699355519479,0.8804699355519479,0.8469681454576243,2.5087993473702244,2.236957187495232,1.6448536269514722,0.891644519056519,0.6556337909907551,0.30070787434281465,False
normal|K10|N21|share0.3|tau0.0,normal,10,21,0.3,0.0,1.1538468782873679,0.1,within_full,17,200,0.95065,0.04770636210113514,0.003373349214745357,0.0,2.25647423902401,2.1580927753401022,0.8994239580735277,0.8994239580735277,0.8602093976157401,2.5087993473702244,2.236957187495232,1.6448536269514722,0.891644519056519,0.6556337909907551,0.30070787434281465,False
normal|K10|N21|share0.3|tau0.0,normal,10,21,0.3,0.0,1.1538468782873679,0.1,within_full,20,200,0.91705,0.05963167938210065,0.00421659648646254,0.0,1.8822067133137343,1.8618912450937153,0.7502420292347027,0.7502420292347027,0.7421443436859104,2.5087993473702244,2.236957187495232,1.6448536269514722,0.891644519056519,0.6556337909907551,0.30070787434281465,False
normal|K10|N21|share0.3|tau0.0,normal,10,21,0.3,0.0,1.1538468782873679,0.1,within_full,25,200,0.92959,0.05134817499558172,0.003630864274092935,0.0,1.9397809793496452,1.910802654737522,0.7731909613987122,0.7731909613987122,0.761640286912728,2.5087993473702244,2.236957187495232,1.6448536269514722,0.891644519056519,0.6556337909907551,0.30070787434281465,False
normal|K10|N21|share0.3|tau0.0,normal,10,21,0.3,0.0,1.1538468782873679,0.1,within_full,35,200,0.9193399999999999,0.05116221517200493,0.003617714928864995,0.0,1.8365243007103242,1.8483303976444136,0.7320331546783154,0.7320331546783154,0.7367390299992993,2.5087993473702244,2.236957187495232,1.6448536269514722,0.891644519056519,0.6556337909907551,0.30070787434281465,False
normal|K10|N21|share0.3|tau0.0,normal,10,21,0.3,0.0,1.1538468782873679,0.1,within_full,50,200,0.90183,0.044224087890523456,0.0031271152439179013,0.0,1.702862353164205,1.7225581748734833,0.6787558976963148,0.6787558976963148,0.686606593978552,2.5087993473702244,2.236957187495232,1.6448536269514722,0.891644519056519,0.6556337909907551,0.30070787434281465,False
normal|K10|N21|share0.3|tau0.0,normal,10,21,0.3,0.0,1.1538468782873679,0.1,within_full,100,200,0.9013499999999999,0.031017542450982358,0.002193271460283123,0.0,1.6729806624017767,1.663630800149974,0.6668451441345558,0.6668451441345558,0.6631183166935317,2.5087993473702244,2.236957187495232,1.6448536269514722,0.891644519056519,0.6556337909907551,0.30070787434281465,False
normal|K10|N21|share0.3|tau0.0,normal,10,21,0.3,0.0,1.1538468782873679,0.1,within_plain,3,200,1.0,0.0,0.0,1.0,inf,inf,inf,inf,inf,2.5087993473702244,2.236957187495232,1.6448536269514722,0.891644519056519,0.6556337909907551,0.30070787434281465,False
normal|K10|N21|share0.3|tau0.0,normal,10,21,0.3,0.0,1.1538468782873679,0.1,within_plain,5,200,1.0,0.0,0.0,1.0,inf,inf,inf,inf,inf,2.5087993473702244,2.236957187495232,1.6448536269514722,0.891644519056519,0.6556337909907551,0.30070787434281465,False
normal|K10|N21|share0.3|tau0.0,normal,10,21,0.3,0.0,1.1538468782873679,0.1,within_plain,9,200,0.9000300000000001,0.09075661361340485,0.006417461692356591,0.0,2.4579425334320377,2.3316936397471597,0.9797286243750439,0.9797286243750439,0.929406188737768,2.5087993473702244,2.236957187495232,1.6448536269514722,0.891644519056519,0.6556337909907551,0.30070787434281465,False
normal|K10|N21|share0.3|tau0.0,normal,10,21,0.3,0.0,1.1538468782873679,0.1,within_plain,10,200,0.9078700000000001,0.08656831676391012,0.006121304381966593,0.0,2.5059300439347676,2.4405573875278024,0.9988563041366922,0.9988563041366922,0.9727989566347925,2.5087993473702244,2.236957187495232,1.6448536269514722,0.891644519056519,0.6556337909907551,0.30070787434281465,False
normal|K10|N21|share0.3|tau0.0,normal,10,21,0.3,0.0,1.1538468782873679,0.1,within_plain,12,200,0.92143,0.07857381447790376,0.005556007704101948,0.0,2.6162500983020665,2.5146065098695907,1.04282955153208,1.04282955153208,1.0023147177973617,2.5087993473702244,2.236957187495232,1.6448536269514722,0.891644519056519,0.6556337909907551,0.30070787434281465,False
normal|K10|N21|share0.3|tau0.0,normal,10,21,0.3,0.0,1.1538468782873679,0.1,within_plain,15,200,0.9387399999999999,0.06189675631413213,0.0043767616123174076,0.0,2.735784895909985,2.6157119656249677,1.0904757683302542,1.0904757683302542,1.042615053438535,2.5087993473702244,2.236957187495232,1.6448536269514722,0.891644519056519,0.6556337909907551,0.30070787434281465,False
normal|K10|N21|share0.3|tau0.0,normal,10,21,0.3,0.0,1.1538468782873679,0.1,within_plain,17,200,0.9451100000000001,0.05538016534435265,0.003915969045822399,0.0,2.7875766926311845,2.722017369557233,1.1111198253272747,1.1111198253272747,1.0849880730439876,2.5087993473702244,2.236957187495232,1.6448536269514722,0.891644519056519,0.6556337909907551,0.30070787434281465,False
normal|K10|N21|share0.3|tau0.0,normal,10,21,0.3,0.0,1.1538468782873679,0.1,within_plain,20,200,0.90997,0.06289992929668234,0.004447696654183847,0.0,2.4036964694089256,2.3016549492799667,0.9581063036900622,0.9581063036900622,0.9174328555580222,2.5087993473702244,2.236957187495232,1.6448536269514722,0.891644519056519,0.6556337909907551,0.30070787434281465,False
normal|K10|N21|share0.3|tau0.0,normal,10,21,0.3,0.0,1.1538468782873679,0.1,within_plain,25,200,0.92703,0.05301710257859388,0.0037488752752186526,0.0,2.51586929826917,2.3830060642039803,1.002818061518693,1.002818061518693,0.9498591693679677,2.5087993473702244,2.236957187495232,1.6448536269514722,0.891644519056519,0.6556337909907551,0.30070787434281465,False
normal|K10|N21|share0.3|tau0.0,normal,10,21,0.3,0.0,1.1538468782873679,0.1,within_plain,35,200,0.91797,0.04832115239565609,0.003416821453371701,0.0,2.4101647453065795,2.266750968966875,0.9606845393327151,0.9606845393327151,0.9035202322349657,2.5087993473702244,2.236957187495232,1.6448536269514722,0.891644519056519,0.6556337909907551,0.30070787434281465,False
normal|K10|N21|share0.3|tau0.0,normal,10,21,0.3,0.0,1.1538468782873679,0.1,within_plain,50,200,0.9009,0.04558574669244256,0.003223399061167836,0.0,2.28580176946578,2.1421313341521953,0.9111138249704208,0.9111138249704208,0.8538472143647606,2.5087993473702244,2.236957187495232,1.6448536269514722,0.891644519056519,0.6556337909907551,0.30070787434281465,False
normal|K10|N21|share0.3|tau0.0,normal,10,21,0.3,0.0,1.1538468782873679,0.1,within_plain,100,200,0.9007200000000001,0.030796488738052026,0.002177640602341173,0.0,2.2569978139848788,2.111923071622085,0.8996326535044387,0.8996326535044387,0.8418062902622512,2.5087993473702244,2.236957187495232,1.6448536269514722,0.891644519056519,0.6556337909907551,0.30070787434281465,False
normal|K10|N21|share0.3|tau0.0,normal,10,21,0.3,0.0,1.1538468782873679,0.2,ghcp,0,200,0.89499,0.13059708223941008,0.00923460824546641,0.0,2.445870233500786,2.412562990370792,1.2491843782434222,1.2491843782434222,1.2321733008647207,1.9579737595983386,1.8249190201656063,1.2815515655446001,0.9320446769112846,0.6545294896125162,0.30070787434281465,False
normal|K10|N21|share0.3|tau0.0,normal,10,21,0.3,0.0,1.1538468782873679,0.2,ghcp,3,200,0.8832900000000001,0.12772235867115284,0.00903133459255126,0.0,2.2729714745512246,2.246578100907615,1.1608794364116022,1.1608794364116022,1.1473994939383056,1.9579737595983386,1.8249190201656063,1.2815515655446001,0.9320446769112846,0.6545294896125162,0.30070787434281465,False
normal|K10|N21|share0.3|tau0.0,normal,10,21,0.3,0.0,1.1538468782873679,0.2,ghcp,5,200,0.87604,0.11614026522283367,0.008212356910786985,0.0,2.1511150421735374,2.132327275944415,1.0986434479156761,1.0986434479156761,1.0890479330947949,1.9579737595983386,1.8249190201656063,1.2815515655446001,0.9320446769112846,0.6545294896125162,0.30070787434281465,False
normal|K10|N21|share0.3|tau0.0,normal,10,21,0.3,0.0,1.1538468782873679,0.2,ghcp,9,200,0.86488,0.10634836847543518,0.007519965251710586,0.0,1.9835084174012658,1.9591052566504965,1.0130413687506037,1.0130413687506037,1.000577891836707,1.9579737595983386,1.8249190201656063,1.2815515655446001,0.9320446769112846,0.6545294896125162,0.30070787434281465,False
normal|K10|N21|share0.3|tau0.0,normal,10,21,0.3,0.0,1.1538468782873679,0.2,ghcp,10,200,0.8600800000000001,0.10296544573338852,0.007280756490597448,0.0,1.9170633487860331,1.8959387779974524,0.979105741018359,0.979105741018359,0.9683167451571916,1.9579737595983386,1.8249190201656063,1.2815515655446001,0.9320446769112846,0.6545294896125162,0.30070787434281465,False
normal|K10|N21|share0.3|tau0.0,normal,10,21,0.3,0.0,1.1538468782873679,0.2,ghcp,12,200,0.85221,0.10018202478714563,0.0070839389079989466,0.0,1.8465103286143114,1.8128810048243316,0.9430720506658412,0.9430720506658412,0.9258964763635182,1.9579737595983386,1.8249190201656063,1.2815515655446001,0.9320446769112846,0.6545294896125162,0.30070787434281465,False
normal|K10|N21|share0.3|tau0.0,normal,10,21,0.3,0.0,1.1538468782873679,0.2,ghcp,15,200,0.83894,0.09487614989603804,0.006708756896435985,0.0,1.7463739059749435,1.7282188069722653,0.8919291678011034,0.8919291678011034,0.882656776425234,1.9579737595983386,1.8249190201656063,1.2815515655446001,0.9320446769112846,0.6545294896125162,0.30070787434281465,False
normal|K10|N21|share0.3|tau0.0,normal,10,21,0.3,0.0,1.1538468782873679,0.2,ghcp,17,200,0.82809,0.09449219956638999,0.006681607508262691,0.0,1.6758381778075875,1.6417493935188778,0.855904309029847,0.855904309029847,0.8384940735138702,1.9579737595983386,1.8249190201656063,1.2815515655446001,0.9320446769112846,0.6545294896125162,0.30070787434281465,False
normal|K10|N21|share0.3|tau0.0,normal,10,21,0.3,0.0,1.1538468782873679,0.2,ghcp,20,200,0.8111400000000001,0.08862058701120783,0.006266421802835753,0.0,1.5624708281927042,1.5397146083730235,0.7980039673837263,0.7980039673837263,0.7863816360280962,1.9579737595983386,1.8249190201656063,1.2815515655446001,0.9320446769112846,0.6545294896125162,0.30070787434281465,False
normal|K10|N21|share0.3|tau0.0,normal,10,21,0.3,0.0,1.1538468782873679,0.2,ghcp,25,200,0.8718,0.07899392508924356,0.005585714010314627,0.0,1.8289682589525131,1.7526647802635336,0.9341127530369512,0.9341127530369512,0.895142119076753,1.9579737595983386,1.8249190201656063,1.2815515655446001,0.9320446769112846,0.6545294896125162,0.30070787434281465,True
normal|K10|N21|share0.3|tau0.0,normal,10,21,0.3,0.0,1.1538468782873679,0.2,ghcp,35,200,0.8414,0.08683815015077209,0.006140384483730656,0.0,1.631230670613484,1.597578627470793,0.8331218243436098,0.8331218243436098,0.815934646539146,1.9579737595983386,1.8249190201656063,1.2815515655446001,0.9320446769112846,0.6545294896125162,0.30070787434281465,True
normal|K10|N21|share0.3|tau0.0,normal,10,21,0.3,0.0,1.1538468782873679,0.2,ghcp,50,200,0.79997,0.07916714142500685,0.005597962254877678,0.0,1.4118041157562837,1.3737994825073738,0.7210536447873048,0.7210536447873048,0.7016434596085686,1.9579737595983386,1.8249190201656063,1.2815515655446001,0.9320446769112846,0.6545294896125162,0.30070787434281465,True
normal|K10|N21|share0.3|tau0.0,normal,10,21,0.3,0.0,1.1538468782873679,0.2,ghcp,100,200,0.8075299999999999,0.05549375536420391,0.003924001073153593,0.0,1.3594830554900244,1.3433581932781928,0.694331601138981,0.694331601138981,0.6860961168109686,1.9579737595983386,1.8249190201656063,1.2815515655446001,0.9320446769112846,0.6545294896125162,0.30070787434281465,True
normal|K10|N21|share0.3|tau0.0,normal,10,21,0.3,0.0,1.1538468782873679,0.2,ghcp_noad,0,200,0.89303,0.131493619464212,0.00929800300059077,0.0,2.4358195888753214,2.38905481453353,1.2440511916640853,1.2440511916640853,1.2201669214523205,1.9579737595983386,1.8249190201656063,1.2815515655446001,0.9320446769112846,0.6545294896125162,0.30070787434281465,False
normal|K10|N21|share0.3|tau0.0,normal,10,21,0.3,0.0,1.1538468782873679,0.2,ghcp_noad,3,200,0.8783799999999999,0.136461880479937,0.00964931210608316,0.0,2.3339277987880553,2.3057097014082846,1.192011786341223,1.192011786341223,1.1775998989288199,1.9579737595983386,1.8249190201656063,1.2815515655446001,0.9320446769112846,0.6545294896125162,0.30070787434281465,False
normal|K10|N21|share0.3|tau0.0,normal,10,21,0.3,0.0,1.1538468782873679,0.2,ghcp_noad,5,200,0.8720500000000001,0.1347194274060093,0.0095261020676358,0.0,2.281745400682047,2.2266809896782163,1.1653605619056548,1.1653605619056548,1.1372374010441288,1.9579737595983386,1.8249190201656063,1.2815515655446001,0.9320446769112846,0.6545294896125162,0.30070787434281465,False
normal|K10|N21|share0.3|tau0.0,normal,10,21,0.3,0.0,1.1538468782873679,0.2,ghcp_noad,9,200,0.85441,0.1463297436249607,0.010347075400649868,0.0,2.1886119474267094,2.149923482542952,1.1177943201218818,1.1177943201218818,1.098034880193691,1.9579737595983386,1.8249190201656063,1.2815515655446001,0.9320446769112846,0.6545294896125162,0.30070787434281465,False
normal|K10|N21|share0.3|tau0.0,normal,10,21,0.3,0.0,1.1538468782873679,0.2,ghcp_noad,10,200,0.8545,0.14200102625434238,0.010040988859989447,0.0,2.1737793271527086,2.148618326505523,1.1102188251994967,1.1102188251994967,1.097368295143186,1.9579737595983386,1.8249190201656063,1.2815515655446001,0.9320446769112846,0.6545294896125162,0.30070787434281465,False
normal|K10|N21|share0.3|tau0.0,normal,10,21,0.3,0.0,1.1538468782873679,0.2,ghcp_noad,12,200,0.8413499999999999,0.15058624968092146,0.010648055830283014,0.0,2.119228239064829,2.086177315436159,1.0823578348157081,1.0823578348157081,1.0654776680276452,1.9579737595983386,1.8249190201656063,1.2815515655446001,0.9320446769112846,0.6545294896125162,0.30070787434281465,False
normal|K10|N21|share0.3|tau0.0,normal,10,21,0.3,0.0,1.1538468782873679,0.2,ghcp_noad,15,200,0.8340400000000001,0.1469991911918405,0.010394412492068822,0.0,2.0688329481702286,2.009044839320988,1.0566193433535247,1.0566193433535247,1.0260836384922372,1.9579737595983386,1.8249190201656063,1.2815515655446001,0.9320446769112846,0.6545294896125162,0.30070787434281465,False
normal|K10|N21|share0.3|tau0.0,normal,10,21,0.3,0.0,1.1538468782873679,0.2,ghcp_noad,17,200,0.8269300000000002,0.14497851201031006,0.010251528896882557,0.0,2.031205851372498,1.9839691745433825,1.0374019781496882,1.0374019781496882,1.0132766922016243,1.9579737595983386,1.8249190201656063,1.2815515655446001,0.9320446769112846,0.6545294896125162,0.30070787434281465,False
normal|K10|N21|share0.3|tau0.0,normal,10,21,0.3,0.0,1.1538468782873679,0.2,ghcp_noad,20,200,0.81637,0.15030783521371455,0.01062836895450877,0.0,1.9807172549262355,1.937485061186162,1.011615832549545,1.011615832549545,0.9895357645567326,1.9579737595983386,1.8249190201656063,1.2815515655446001,0.9320446769112846,0.6545294896125162,0.30070787434281465,False
normal|K10|N21|share0.3|tau0.0,normal,10,21,0.3,0.0,1.1538468782873679,0.2,ghcp_noad,25,200,0.81477,0.07636428892562006,0.005399770653979471,0.0,1.909628371160918,1.7867371572102997,0.9753084594722364,0.9753084594722364,0.9125439748369425,1.9579737595983386,1.8249190201656063,1.2815515655446001,0.9320446769112846,0.6545294896125162,0.30070787434281465,True
normal|K10|N21|share0.3|tau0.0,normal,10,21,0.3,0.0,1.1538468782873679,0.2,ghcp_noad,35,200,0.81352,0.06654011976009994,0.004705096990333165,0.0,1.8934331352969014,1.7556677826880387,0.9670370330628555,0.9670370330628555,0.8966758487346629,1.9579737595983386,1.8249190201656063,1.2815515655446001,0.9320446769112846,0.6545294896125162,0.30070787434281465,True
normal|K10|N21|share0.3|tau0.0,normal,10,21,0.3,0.0,1.1538468782873679,0.2,ghcp_noad,50,200,0.8060299999999999,0.05663760403614169,0.004004883388411436,0.0,1.859196355367666,1.7326868704115812,0.9495512114263802,0.9495512114263802,0.8849387597344651,1.9579737595983386,1.8249190201656063,1.2815515655446001,0.9320446769112846,0.6545294896125162,0.30070787434281465,True
normal|K10|N21|share0.3|tau0.0,normal,10,21,0.3,0.0,1.1538468782873679,0.2,ghcp_noad,100,200,0.80428,0.041702482964772435,0.0029488108496707067,0.0,1.8439575596414057,1.6802141112077242,0.9417682696726628,0.9417682696726628,0.8581392385730471,1.9579737595983386,1.8249190201656063,1.2815515655446001,0.9320446769112846,0.6545294896125162,0.30070787434281465,True
normal|K10|N21|share0.3|tau0.0,normal,10,21,0.3,0.0,1.1538468782873679,0.2,ghcp_r05,0,200,0.9834900000000001,0.04400273975024326,0.0031114635668183857,0.0,3.7886511806448833,3.8350464280676455,1.9349856769388438,1.9349856769388438,1.9586812179006796,1.9579737595983386,1.8249190201656063,1.2815515655446001,0.9320446769112846,0.6545294896125162,0.30070787434281465,False
normal|K10|N21|share0.3|tau0.0,normal,10,21,0.3,0.0,1.1538468782873679,0.2,ghcp_r05,3,200,0.9552,0.07751284542596891,0.005480985862976728,0.0,3.0449121562780994,2.9837553101840095,1.5551343021587467,1.5551343021587467,1.5238995392849912,1.9579737595983386,1.8249190201656063,1.2815515655446001,0.9320446769112846,0.6545294896125162,0.30070787434281465,False
normal|K10|N21|share0.3|tau0.0,normal,10,21,0.3,0.0,1.1538468782873679,0.2,ghcp_r05,5,200,0.94882,0.06975857577726456,0.00493267619780194,0.0,2.7909784386760883,2.7406341835446737,1.4254422077896662,1.4254422077896662,1.399729781928687,1.9579737595983386,1.8249190201656063,1.2815515655446001,0.9320446769112846,0.6545294896125162,0.30070787434281465,False
normal|K10|N21|share0.3|tau0.0,normal,10,21,0.3,0.0,1.1538468782873679,0.2,ghcp_r05,9,200,0.9178700000000001,0.08372462099528441,0.0059202247258039195,0.0,2.3487355792327116,2.295287225915315,1.1995745947660377,1.1995745947660377,1.1722768063991695,1.9579737595983386,1.8249190201656063,1.2815515655446001,0.9320446769112846,0.6545294896125162,0.30070787434281465,False
normal|K10|N21|share0.3|tau0.0,normal,10,21,0.3,0.0,1.1538468782873679,0.2,ghcp_r05,10,200,0.91495,0.08256854925837782,0.005838478109333444,0.0,2.2694206511283985,2.2371054210670565,1.1590659169987807,1.1590659169987807,1.142561492512535,1.9579737595983386,1.8249190201656063,1.2815515655446001,0.9320446769112846,0.6545294896125162,0.30070787434281465,False
normal|K10|N21|share0.3|tau0.0,normal,10,21,0.3,0.0,1.1538468782873679,0.2,ghcp_r05,12,200,0.8950199999999999,0.09200567821673075,0.006505783897471773,0.0,2.104866529499249,2.0936626354496974,1.0750228490963252,1.0750228490963252,1.0693006610462414,1.9579737595983386,1.8249190201656063,1.2815515655446001,0.9320446769112846,0.6545294896125162,0.30070787434281465,False
normal|K10|N21|share0.3|tau0.0,normal,10,21,0.3,0.0,1.1538468782873679,0.2,ghcp_r05,15,200,0.8685400000000001,0.09512091432334185,0.006726064355069962,0.0,1.9022999777655611,1.8569489568715778,0.9715656139108841,0.9715656139108841,0.9484033929303093,1.9579737595983386,1.8249190201656063,1.2815515655446001,0.9320446769112846,0.6545294896125162,0.30070787434281465,False
normal|K10|N21|share0.3|tau0.0,normal,10,21,0.3,0.0,1.1538468782873679,0.2,ghcp_r05,17,200,0.8529800000000001,0.08287375881120324,0.00586005968378202,0.0,1.7831945116717753,1.7663314376229815,0.9107346321319356,0.9107346321319356,0.9021221193410321,1.9579737595983386,1.8249190201656063,1.2815515655446001,0.9320446769112846,0.6545294896125162,0.30070787434281465,False
normal|K10|N21|share0.3|tau0.0,normal,10,21,0.3,0.0,1.1538468782873679,0.2,ghcp_r05,20,200,0.8145500000000001,0.08794034924382338,0.0062183217290220786,0.0,1.5794266627113673,1.559831489430233,0.806663855921835,0.806663855921835,0.7966559724223369,1.9579737595983386,1.8249190201656063,1.2815515655446001,0.9320446769112846,0.6545294896125162,0.30070787434281465,False
normal|K10|N21|share0.3|tau0.0,normal,10,21,0.3,0.0,1.1538468782873679,0.2,ghcp_r05,25,200,0.8718,0.07899392508924356,0.005585714010314627,0.0,1.8289682589525131,1.7526647802635336,0.9341127530369512,0.9341127530369512,0.895142119076753,1.9579737595983386,1.8249190201656063,1.2815515655446001,0.9320446769112846,0.6545294896125162,0.30070787434281465,True
normal|K10|N21|share0.3|tau0.0,normal,10,21,0.3,0.0,1.1538468782873679,0.2,ghcp_r05,35,200,0.8414,0.08683815015077209,0.006140384483730656,0.0,1.631230670613484,1.597578627470793,0.8331218243436098,0.8331218243436098,0.815934646539146,1.9579737595983386,1.8249190201656063,1.2815515655446001,0.9320446769112846,0.6545294896125162,0.30070787434281465,True
normal|K10|N21|share0.3|tau0.0,normal,10,21,0.3,0.0,1.1538468782873679,0.2,ghcp_r05,50,200,0.79997,0.07916714142500685,0.005597962254877678,0.0,1.4118041157562837,1.3737994825073738,0.7210536447873048,0.7210536447873048,0.7016434596085686,1.9579737595983386,1.8249190201656063,1.2815515655446001,0.9320446769112846,0.6545294896125162,0.30070787434281465,True
normal|K10|N21|share0.3|tau0.0,normal,10,21,0.3,0.0,1.1538468782873679,0.2,ghcp_r05,100,200,0.8075299999999999,0.05549375536420391,0.003924001073153593,0.0,1.3594830554900244,1.3433581932781928,0.694331601138981,0.694331601138981,0.6860961168109686,1.9579737595983386,1.8249190201656063,1.2815515655446001,0.9320446769112846,0.6545294896125162,0.30070787434281465,True
normal|K10|N21|share0.3|tau0.0,normal,10,21,0.3,0.0,1.1538468782873679,0.2,hcp,0,200,0.88523,0.13461722059380818,0.009518874954636712,0.0,2.3759062492697733,2.3429488941814056,1.213451527438841,1.213451527438841,1.196619149105472,1.9579737595983386,1.8249190201656063,1.2815515655446001,0.9320446769112846,0.6545294896125162,0.30070787434281465,False
normal|K10|N21|share0.3|tau0.0,normal,10,21,0.3,0.0,1.1538468782873679,0.2,one_per,0,200,0.8297399999999999,0.1792007167519765,0.012671404200881232,0.0,2.161342365640714,2.1106650252672416,1.103866870046356,1.103866870046356,1.077984326868725,1.9579737595983386,1.8249190201656063,1.2815515655446001,0.9320446769112846,0.6545294896125162,0.30070787434281465,False
normal|K10|N21|share0.3|tau0.0,normal,10,21,0.3,0.0,1.1538468782873679,0.2,pooled,0,200,0.81366,0.16773023447723712,0.011860318620886401,0.0,1.9934271044513532,1.9610957182732145,1.0181071603637264,1.0181071603637264,1.0015944844304332,1.9579737595983386,1.8249190201656063,1.2815515655446001,0.9320446769112846,0.6545294896125162,0.30070787434281465,False
normal|K10|N21|share0.3|tau0.0,normal,10,21,0.3,0.0,1.1538468782873679,0.2,within,3,200,1.0,0.0,0.0,1.0,inf,inf,inf,inf,inf,1.9579737595983386,1.8249190201656063,1.2815515655446001,0.9320446769112846,0.6545294896125162,0.30070787434281465,False
normal|K10|N21|share0.3|tau0.0,normal,10,21,0.3,0.0,1.1538468782873679,0.2,within,5,200,1.0,0.0,0.0,1.0,inf,inf,inf,inf,inf,1.9579737595983386,1.8249190201656063,1.2815515655446001,0.9320446769112846,0.6545294896125162,0.30070787434281465,False
normal|K10|N21|share0.3|tau0.0,normal,10,21,0.3,0.0,1.1538468782873679,0.2,within,9,200,0.8362200000000002,0.13636513060244215,0.009642470856637603,0.0,1.724536541359778,1.694013017694616,0.8807761252702139,0.8807761252702139,0.8651867827085326,1.9579737595983386,1.8249190201656063,1.2815515655446001,0.9320446769112846,0.6545294896125162,0.30070787434281465,False
normal|K10|N21|share0.3|tau0.0,normal,10,21,0.3,0.0,1.1538468782873679,0.2,within,10,200,0.82955,0.1459792010379506,0.010322288296612915,0.0,1.7107810985679057,1.6563781884863544,0.8737507794378502,0.8737507794378502,0.8459654683146246,1.9579737595983386,1.8249190201656063,1.2815515655446001,0.9320446769112846,0.6545294896125162,0.30070787434281465,False
normal|K10|N21|share0.3|tau0.0,normal,10,21,0.3,0.0,1.1538468782873679,0.2,within,12,200,0.8625499999999999,0.12307336333999772,0.008702600980114822,0.0,1.8474023658355394,1.7538551962509707,0.9435276426863445,0.9435276426863445,0.8957501027035006,1.9579737595983386,1.8249190201656063,1.2815515655446001,0.9320446769112846,0.6545294896125162,0.30070787434281465,False
normal|K10|N21|share0.3|tau0.0,normal,10,21,0.3,0.0,1.1538468782873679,0.2,within,15,200,0.90286,0.08650709675480228,0.006116975473608147,0.0,1.9912433386731547,1.9059837192323956,1.0169918411376673,1.0169918411376673,0.9734470188320563,1.9579737595983386,1.8249190201656063,1.2815515655446001,0.9320446769112846,0.6545294896125162,0.30070787434281465,False
normal|K10|N21|share0.3|tau0.0,normal,10,21,0.3,0.0,1.1538468782873679,0.2,within,17,200,0.8219299999999999,0.11357672942701195,0.008031087556282986,0.0,1.5434651203532723,1.4780448182842219,0.7882971427920978,0.7882971427920978,0.7548848962038338,1.9579737595983386,1.8249190201656063,1.2815515655446001,0.9320446769112846,0.6545294896125162,0.30070787434281465,False
normal|K10|N21|share0.3|tau0.0,normal,10,21,0.3,0.0,1.1538468782873679,0.2,within,20,200,0.8413900000000001,0.10725542658841704,0.007584103945972562,0.0,1.5890650477706674,1.568420635944213,0.8115864883177244,0.8115864883177244,0.8010427250393597,1.9579737595983386,1.8249190201656063,1.2815515655446001,0.9320446769112846,0.6545294896125162,0.30070787434281465,False
normal|K10|N21|share0.3|tau0.0,normal,10,21,0.3,0.0,1.1538468782873679,0.2,within,25,200,0.87347,0.08196100985028426,0.005795518585803342,0.0,1.6782810432831115,1.6499367531756595,0.8571519587818157,0.8571519587818157,0.8426756206958208,1.9579737595983386,1.8249190201656063,1.2815515655446001,0.9320446769112846,0.6545294896125162,0.30070787434281465,False
normal|K10|N21|share0.3|tau0.0,normal,10,21,0.3,0.0,1.1538468782873679,0.2,within,35,200,0.8436400000000001,0.08569544296357665,0.006059582883633005,0.0,1.517032133883502,1.4949832527986335,0.7747969687779208,0.7747969687779208,0.7635358980016753,1.9579737595983386,1.8249190201656063,1.2815515655446001,0.9320446769112846,0.6545294896125162,0.30070787434281465,False
normal|K10|N21|share0.3|tau0.0,normal,10,21,0.3,0.0,1.1538468782873679,0.2,within,50,200,0.80035,0.08435494224648035,0.0059647951689085835,0.0,1.3449462730754187,1.3306670713882038,0.6869072001002317,0.6869072001002317,0.6796143538007267,1.9579737595983386,1.8249190201656063,1.2815515655446001,0.9320446769112846,0.6545294896125162,0.30070787434281465,False
normal|K10|N21|share0.3|tau0.0,normal,10,21,0.3,0.0,1.1538468782873679,0.2,within,100,200,0.8077099999999998,0.05451712100259935,0.0038549425951705553,0.0,1.3326771928577625,1.3136120444594859,0.6806409873088137,0.6806409873088137,0.6709038045172588,1.9579737595983386,1.8249190201656063,1.2815515655446001,0.9320446769112846,0.6545294896125162,0.30070787434281465,False
normal|K10|N21|share0.3|tau0.0,normal,10,21,0.3,0.0,1.1538468782873679,0.2,within_full,3,200,1.0,0.0,0.0,1.0,inf,inf,inf,inf,inf,1.9579737595983386,1.8249190201656063,1.2815515655446001,0.9320446769112846,0.6545294896125162,0.30070787434281465,False
normal|K10|N21|share0.3|tau0.0,normal,10,21,0.3,0.0,1.1538468782873679,0.2,within_full,5,200,0.84414,0.14997949742628558,0.010605151966907688,0.0,1.8194965515505492,1.8012436608713598,0.929275248266761,0.929275248266761,0.919952911545081,1.9579737595983386,1.8249190201656063,1.2815515655446001,0.9320446769112846,0.6545294896125162,0.30070787434281465,False
normal|K10|N21|share0.3|tau0.0,normal,10,21,0.3,0.0,1.1538468782873679,0.2,within_full,9,200,0.8110799999999999,0.11445792538490764,0.008093397520021207,0.0,1.475186174305664,1.440222539052721,0.7534248950344902,0.7534248950344902,0.7355678450706973,1.9579737595983386,1.8249190201656063,1.2815515655446001,0.9320446769112846,0.6545294896125162,0.30070787434281465,False
normal|K10|N21|share0.3|tau0.0,normal,10,21,0.3,0.0,1.1538468782873679,0.2,within_full,10,200,0.82651,0.11402723777577825,0.008062943307122365,0.0,1.5291087891747315,1.4852887114714042,0.7809649039874852,0.7809649039874852,0.7585845847985719,1.9579737595983386,1.8249190201656063,1.2815515655446001,0.9320446769112846,0.6545294896125162,0.30070787434281465,False
normal|K10|N21|share0.3|tau0.0,normal,10,21,0.3,0.0,1.1538468782873679,0.2,within_full,12,200,0.84944,0.09922071432293647,0.007015963993192158,0.0,1.6053524488326139,1.5842942681264425,0.819904986449838,0.819904986449838,0.8091498981331839,1.9579737595983386,1.8249190201656063,1.2815515655446001,0.9320446769112846,0.6545294896125162,0.30070787434281465,False
normal|K10|N21|share0.3|tau0.0,normal,10,21,0.3,0.0,1.1538468782873679,0.2,within_full,15,200,0.8225100000000001,0.09402041850299002,0.006648247549346138,0.0,1.448202680650055,1.4439723029283043,0.7396435593432784,0.7396435593432784,0.7374829697536514,1.9579737595983386,1.8249190201656063,1.2815515655446001,0.9320446769112846,0.6545294896125162,0.30070787434281465,False
normal|K10|N21|share0.3|tau0.0,normal,10,21,0.3,0.0,1.1538468782873679,0.2,within_full,17,200,0.84315,0.08325765240154857,0.005887205059880744,0.0,1.5171679223092456,1.4856438510917278,0.7748663202822901,0.7748663202822901,0.7587659659935866,1.9579737595983386,1.8249190201656063,1.2815515655446001,0.9320446769112846,0.6545294896125162,0.30070787434281465,False
normal|K10|N21|share0.3|tau0.0,normal,10,21,0.3,0.0,1.1538468782873679,0.2,within_full,20,200,0.82319,0.07934584244664518,0.00561059832529822,0.0,1.424397524273773,1.4184228449496579,0.7274855024441063,0.7274855024441063,0.7244340420786003,1.9579737595983386,1.8249190201656063,1.2815515655446001,0.9320446769112846,0.6545294896125162,0.30070787434281465,False
normal|K10|N21|share0.3|tau0.0,normal,10,21,0.3,0.0,1.1538468782873679,0.2,within_full,25,200,0.8195599999999998,0.07181695324830584,0.005078225464603431,0.0,1.3975798759404432,1.3815642916380455,0.7137888692783835,0.7137888692783835,0.7056091966837501,1.9579737595983386,1.8249190201656063,1.2815515655446001,0.9320446769112846,0.6545294896125162,0.30070787434281465,False
normal|K10|N21|share0.3|tau0.0,normal,10,21,0.3,0.0,1.1538468782873679,0.2,within_full,35,200,0.81645,0.064514713369944,0.0045618791310193816,0.0,1.3713198037441492,1.3786288234176158,0.7003770081298046,0.7003770081298046,0.7041099589099856,1.9579737595983386,1.8249190201656063,1.2815515655446001,0.9320446769112846,0.6545294896125162,0.30070787434281465,False
normal|K10|N21|share0.3|tau0.0,normal,10,21,0.3,0.0,1.1538468782873679,0.2,within_full,50,200,0.81049,0.05857864103860423,0.0041421354311089635,0.0,1.3410130459325464,1.340842350602868,0.6848983748421859,0.6848983748421859,0.6848111952623566,1.9579737595983386,1.8249190201656063,1.2815515655446001,0.9320446769112846,0.6545294896125162,0.30070787434281465,False
normal|K10|N21|share0.3|tau0.0,normal,10,21,0.3,0.0,1.1538468782873679,0.2,within_full,100,200,0.8055199999999999,0.04121678928049787,0.0029144671198977046,0.0,1.3079939390475281,1.2952060229571378,0.6680344578856113,0.6680344578856113,0.6615032589726015,1.9579737595983386,1.8249190201656063,1.2815515655446001,0.9320446769112846,0.6545294896125162,0.30070787434281465,False
normal|K10|N21|share0.3|tau0.0,normal,10,21,0.3,0.0,1.1538468782873679,0.2,within_plain,3,200,1.0,0.0,0.0,1.0,inf,inf,inf,inf,inf,1.9579737595983386,1.8249190201656063,1.2815515655446001,0.9320446769112846,0.6545294896125162,0.30070787434281465,False
normal|K10|N21|share0.3|tau0.0,normal,10,21,0.3,0.0,1.1538468782873679,0.2,within_plain,5,200,0.82758,0.15113208838861295,0.010686652455447289,0.0,2.1362191716943584,1.980923924478149,1.0910356490847894,1.0910356490847894,1.0117213853185238,1.9579737595983386,1.8249190201656063,1.2815515655446001,0.9320446769112846,0.6545294896125162,0.30070787434281465,False
normal|K10|N21|share0.3|tau0.0,normal,10,21,0.3,0.0,1.1538468782873679,0.2,within_plain,9,200,0.8035000000000001,0.1254234636187769,0.008868778164474138,0.0,1.9342289947177642,1.837342986118351,0.9878727869747115,0.9878727869747115,0.9383899948154903,1.9579737595983386,1.8249190201656063,1.2815515655446001,0.9320446769112846,0.6545294896125162,0.30070787434281465,False
normal|K10|N21|share0.3|tau0.0,normal,10,21,0.3,0.0,1.1538468782873679,0.2,within_plain,10,200,0.82138,0.1175842928696186,0.008314465084913233,0.0,2.0015047494943468,1.9110227628346896,1.022232672773377,1.022232672773377,0.9760206200244073,1.9579737595983386,1.8249190201656063,1.2815515655446001,0.9320446769112846,0.6545294896125162,0.30070787434281465,False
normal|K10|N21|share0.3|tau0.0,normal,10,21,0.3,0.0,1.1538468782873679,0.2,within_plain,12,200,0.84994,0.09775344022271996,0.00691221204657991,0.0,2.1100548530899808,2.0072228047344294,1.077672692366848,1.077672692366848,1.0251530669880857,1.9579737595983386,1.8249190201656063,1.2815515655446001,0.9320446769112846,0.6545294896125162,0.30070787434281465,False
normal|K10|N21|share0.3|tau0.0,normal,10,21,0.3,0.0,1.1538468782873679,0.2,within_plain,15,200,0.8161400000000001,0.09396642402593124,0.00664442956325865,0.0,1.936979270854843,1.8269214891433805,0.9892774412115708,0.9892774412115708,0.9330674020463675,1.9579737595983386,1.8249190201656063,1.2815515655446001,0.9320446769112846,0.6545294896125162,0.30070787434281465,False
normal|K10|N21|share0.3|tau0.0,normal,10,21,0.3,0.0,1.1538468782873679,0.2,within_plain,17,200,0.8398399999999999,0.08451941824398407,0.005976425378226314,0.0,2.0275915526023263,1.9469523186295343,1.0355560398410395,1.0355560398410395,0.99437099659034,1.9579737595983386,1.8249190201656063,1.2815515655446001,0.9320446769112846,0.6545294896125162,0.30070787434281465,False
normal|K10|N21|share0.3|tau0.0,normal,10,21,0.3,0.0,1.1538468782873679,0.2,within_plain,20,200,0.8166599999999999,0.08406628396986816,0.005944383946424773,0.0,1.92411711286277,1.8028035730713063,0.9827083245781019,0.9827083245781019,0.9207496087389528,1.9579737595983386,1.8249190201656063,1.2815515655446001,0.9320446769112846,0.6545294896125162,0.30070787434281465,False
normal|K10|N21|share0.3|tau0.0,normal,10,21,0.3,0.0,1.1538468782873679,0.2,within_plain,25,200,0.81477,0.07636428892562006,0.005399770653979471,0.0,1.909628371160918,1.7867371572102997,0.9753084594722364,0.9753084594722364,0.9125439748369425,1.9579737595983386,1.8249190201656063,1.2815515655446001,0.9320446769112846,0.6545294896125162,0.30070787434281465,False
normal|K10|N21|share0.3|tau0.0,normal,10,21,0.3,0.0,1.1538468782873679,0.2,within_plain,35,200,0.81352,0.06654011976009994,0.004705096990333165,0.0,1.8934331352969014,1.7556677826880387,0.9670370330628555,0.9670370330628555,0.8966758487346629,1.9579737595983386,1.8249190201656063,1.2815515655446001,0.9320446769112846,0.6545294896125162,0.30070787434281465,False
normal|K10|N21|share0.3|tau0.0,normal,10,21,0.3,0.0,1.1538468782873679,0.2,within_plain,50,200,0.8060299999999999,0.05663760403614169,0.004004883388411436,0.0,1.859196355367666,1.7326868704115812,0.9495512114263802,0.9495512114263802,0.8849387597344651,1.9579737595983386,1.8249190201656063,1.2815515655446001,0.9320446769112846,0.6545294896125162,0.30070787434281465,False
normal|K10|N21|share0.3|tau0.0,normal,10,21,0.3,0.0,1.1538468782873679,0.2,within_plain,100,200,0.80428,0.041702482964772435,0.0029488108496707067,0.0,1.8439575596414057,1.6802141112077242,0.9417682696726628,0.9417682696726628,0.8581392385730471,1.9579737595983386,1.8249190201656063,1.2815515655446001,0.9320446769112846,0.6545294896125162,0.30070787434281465,False
normal|K10|N500|share0.3|tau0.0,normal,10,500,0.3,0.0,1.1538468782873679,0.1,ghcp,0,200,0.99874,0.006923298368661251,0.0004895511224658133,0.0,5.319073864427956,5.217248897016988,2.1166708718782417,2.1166708718782417,2.076150670797724,2.5129432899069672,2.3493470342262945,1.6448536269514722,0.9348985485117219,0.6545526250265549,0.30053983400693596,False
normal|K10|N500|share0.3|tau0.0,normal,10,500,0.3,0.0,1.1538468782873679,0.1,ghcp,3,200,0.99714,0.012755938611064504,0.0009019810692283021,0.0,4.6969494891848225,4.619824723043565,1.8691028596028167,1.8691028596028167,1.8384118501992135,2.5129432899069672,2.3493470342262945,1.6448536269514722,0.9348985485117219,0.6545526250265549,0.30053983400693596,False
normal|K10|N500|share0.3|tau0.0,normal,10,500,0.3,0.0,1.1538468782873679,0.1,ghcp,5,200,0.99713,0.011291616492560993,0.0007984378592447737,0.0,4.459639001792383,4.416168088775049,1.7746675858958543,1.7746675858958543,1.7573687820621464,2.5129432899069672,2.3493470342262945,1.6448536269514722,0.9348985485117219,0.6545526250265549,0.30053983400693596,False
normal|K10|N500|share0.3|tau0.0,normal,10,500,0.3,0.0,1.1538468782873679,0.1,ghcp,9,200,0.9970699999999999,0.009779226264467878,0.0006914957206362826,0.0,4.131975665512083,4.09420851991146,1.644277322973355,1.644277322973355,1.6292482748637886,2.5129432899069672,2.3493470342262945,1.6448536269514722,0.9348985485117219,0.6545526250265549,0.30053983400693596,False
normal|K10|N500|share0.3|tau0.0,normal,10,500,0.3,0.0,1.1538468782873679,0.1,ghcp,10,200,0.9973499999999998,0.008171374228605593,0.0005778034128660008,0.0,4.0683087284466275,4.0199105277902145,1.618941718576245,1.618941718576245,1.5996821511793997,2.5129432899069672,2.3493470342262945,1.6448536269514722,0.9348985485117219,0.6545526250265549,0.30053983400693596,False
normal|K10|N500|share0.3|tau0.0,normal,10,500,0.3,0.0,1.1538468782873679,0.1,ghcp,12,200,0.99697,0.008136962010097434,0.0005753701015597216,0.0,3.939263682669075,3.872872566929134,1.5675895665814699,1.5675895665814699,1.5411699032302928,2.5129432899069672,2.3493470342262945,1.6448536269514722,0.9348985485117219,0.6545526250265549,0.30053983400693596,False
normal|K10|N500|share0.3|tau0.0,normal,10,500,0.3,0.0,1.1538468782873679,0.1,ghcp,15,200,0.99654,0.008350873333199098,0.0005904959162734989,0.0,3.8065660339442617,3.7701628942747956,1.5147838987186961,1.5147838987186961,1.5002976427750476,2.5129432899069672,2.3493470342262945,1.6448536269514722,0.9348985485117219,0.6545526250265549,0.30053983400693596,False
normal|K10|N500|share0.3|tau0.0,normal,10,500,0.3,0.0,1.1538468782873679,0.1,ghcp,17,200,0.9962899999999999,0.009078988941562002,0.0006419814646896167,0.0,3.7106320939277997,3.673549125215766,1.4766079715492397,1.4766079715492397,1.461851184612991,2.5129432899069672,2.3493470342262945,1.6448536269514722,0.9348985485117219,0.6545526250265549,0.30053983400693596,False
normal|K10|N500|share0.3|tau0.0,normal,10,500,0.3,0.0,1.1538468782873679,0.1,ghcp,20,200,0.9966499999999999,0.006793249679353045,0.00048035529145638774,0.0,3.600741262809621,3.546759547045202,1.432878042760339,1.432878042760339,1.4113965728118394,2.5129432899069672,2.3493470342262945,1.6448536269514722,0.9348985485117219,0.6545526250265549,0.30053983400693596,False
normal|K10|N500|share0.3|tau0.0,normal,10,500,0.3,0.0,1.1538468782873679,0.1,ghcp,25,200,0.99564,0.007231311035799975,0.0005113309070283279,0.0,3.4177457384692587,3.3778192164774596,1.3600568513409588,1.3600568513409588,1.3441685015512275,2.5129432899069672,2.3493470342262945,1.6448536269514722,0.9348985485117219,0.6545526250265549,0.30053983400693596,False
normal|K10|N500|share0.3|tau0.0,normal,10,500,0.3,0.0,1.1538468782873679,0.1,ghcp,35,200,0.99491,0.006652305301859334,0.00047038901894679583,0.0,3.2082578827953,3.1808773126370316,1.2766933084725818,1.2766933084725818,1.265797491496433,2.5129432899069672,2.3493470342262945,1.6448536269514722,0.9348985485117219,0.6545526250265549,0.30053983400693596,False
normal|K10|N500|share0.3|tau0.0,normal,10,500,0.3,0.0,1.1538468782873679,0.1,ghcp,50,200,0.9932300000000001,0.006393078858142783,0.0004520589413253112,0.0,2.9731190829023166,2.960728944782587,1.183122235525015,1.183122235525015,1.1781917071802277,2.5129432899069672,2.3493470342262945,1.6448536269514722,0.9348985485117219,0.6545526250265549,0.30053983400693596,False
normal|K10|N500|share0.3|tau0.0,normal,10,500,0.3,0.0,1.1538468782873679,0.1,ghcp,100,200,0.9865199999999998,0.006692799701111342,0.0004732524053779128,0.0,2.581402269907162,2.5769420946915864,1.0272425487177346,1.0272425487177346,1.0254676677510652,2.5129432899069672,2.3493470342262945,1.6448536269514722,0.9348985485117219,0.6545526250265549,0.30053983400693596,False
normal|K10|N500|share0.3|tau0.0,normal,10,500,0.3,0.0,1.1538468782873679,0.1,ghcp_noad,0,200,0.99879,0.006813812457134773,0.000481809299417337,0.0,5.266858828493618,5.196205059741567,2.0958924340423954,2.0958924340423954,2.0677764916588863,2.5129432899069672,2.3493470342262945,1.6448536269514722,0.9348985485117219,0.6545526250265549,0.30053983400693596,False
normal|K10|N500|share0.3|tau0.0,normal,10,500,0.3,0.0,1.1538468782873679,0.1,ghcp_noad,3,200,0.99652,0.0164133050576224,0.0011605959307928256,0.0,4.739732157979415,4.677179731103589,1.8861277837093124,1.8861277837093124,1.8612356872075475,2.5129432899069672,2.3493470342262945,1.6448536269514722,0.9348985485117219,0.6545526250265549,0.30053983400693596,False
normal|K10|N500|share0.3|tau0.0,normal,10,500,0.3,0.0,1.1538468782873679,0.1,ghcp_noad,5,200,0.99529,0.019877916334187163,0.0014055809435762582,0.0,4.564759531356644,4.4988793708550965,1.8164992221235672,1.8164992221235672,1.7902828881672268,2.5129432899069672,2.3493470342262945,1.6448536269514722,0.9348985485117219,0.6545526250265549,0.30053983400693596,False
normal|K10|N500|share0.3|tau0.0,normal,10,500,0.3,0.0,1.1538468782873679,0.1,ghcp_noad,9,200,0.9933699999999999,0.023798633886724926,0.0016828175404279156,0.0,4.394964903294659,4.30943806785337,1.7489311919400172,1.7489311919400172,1.7148966652617585,2.5129432899069672,2.3493470342262945,1.6448536269514722,0.9348985485117219,0.6545526250265549,0.30053983400693596,False
normal|K10|N500|share0.3|tau0.0,normal,10,500,0.3,0.0,1.1538468782873679,0.1,ghcp_noad,10,200,0.9929300000000001,0.024219164719256787,0.0017125535607660461,0.0,4.3387727476055264,4.211559601449423,1.726570100102082,1.726570100102082,1.675946933766795,2.5129432899069672,2.3493470342262945,1.6448536269514722,0.9348985485117219,0.6545526250265549,0.30053983400693596,False
normal|K10|N500|share0.3|tau0.0,normal,10,500,0.3,0.0,1.1538468782873679,0.1,ghcp_noad,12,200,0.9921099999999998,0.02558438397768428,0.001809089140310101,0.0,4.274468230463685,4.153378659601204,1.7009807772549985,1.7009807772549985,1.6527944248813387,2.5129432899069672,2.3493470342262945,1.6448536269514722,0.9348985485117219,0.6545526250265549,0.30053983400693596,False
normal|K10|N500|share0.3|tau0.0,normal,10,500,0.3,0.0,1.1538468782873679,0.1,ghcp_noad,15,200,0.9895599999999999,0.03674722017996428,0.0025984208579007883,0.0,4.212523835554516,4.108173331152523,1.6763306408360972,1.6763306408360972,1.634805428221428,2.5129432899069672,2.3493470342262945,1.6448536269514722,0.9348985485117219,0.6545526250265549,0.30053983400693596,False
normal|K10|N500|share0.3|tau0.0,normal,10,500,0.3,0.0,1.1538468782873679,0.1,ghcp_noad,17,200,0.9905099999999999,0.031359159498017646,0.0022174274333358807,0.0,4.163463481402399,4.071186612966411,1.656807576249179,1.656807576249179,1.6200869431944611,2.5129432899069672,2.3493470342262945,1.6448536269514722,0.9348985485117219,0.6545526250265549,0.30053983400693596,False
normal|K10|N500|share0.3|tau0.0,normal,10,500,0.3,0.0,1.1538468782873679,0.1,ghcp_noad,20,200,0.9886,0.036161558200073274,0.0025570083021543813,0.0,4.097179719800118,4.01090884106012,1.630430633375655,1.630430633375655,1.596100022300388,2.5129432899069672,2.3493470342262945,1.6448536269514722,0.9348985485117219,0.6545526250265549,0.30053983400693596,False
normal|K10|N500|share0.3|tau0.0,normal,10,500,0.3,0.0,1.1538468782873679,0.1,ghcp_noad,25,200,0.9871699999999999,0.03953665178250245,0.0027956634580818683,0.0,4.018374242021139,3.9076157396171434,1.5990708020195337,1.5990708020195337,1.5549955923445489,2.5129432899069672,2.3493470342262945,1.6448536269514722,0.9348985485117219,0.6545526250265549,0.30053983400693596,False
normal|K10|N500|share0.3|tau0.0,normal,10,500,0.3,0.0,1.1538468782873679,0.1,ghcp_noad,35,200,0.98374,0.04561728932572754,0.0032256294621570655,0.0,3.889532431915751,3.7874044143446346,1.5477995255753454,1.5477995255753454,1.5071587287928214,2.5129432899069672,2.3493470342262945,1.6448536269514722,0.9348985485117219,0.6545526250265549,0.30053983400693596,False
normal|K10|N500|share0.3|tau0.0,normal,10,500,0.3,0.0,1.1538468782873679,0.1,ghcp_noad,50,200,0.9795099999999999,0.05292395131805237,0.003742288486418155,0.0,3.7198922472473104,3.619267457291925,1.480292954555702,1.480292954555702,1.4402503517800898,2.5129432899069672,2.3493470342262945,1.6448536269514722,0.9348985485117219,0.6545526250265549,0.30053983400693596,False
normal|K10|N500|share0.3|tau0.0,normal,10,500,0.3,0.0,1.1538468782873679,0.1,ghcp_noad,100,200,0.96565,0.07063884719945776,0.004994920786993694,0.0,3.414662092588672,3.3035599736360126,1.3588297461002745,1.3588297461002745,1.3146177977451754,2.5129432899069672,2.3493470342262945,1.6448536269514722,0.9348985485117219,0.6545526250265549,0.30053983400693596,False
normal|K10|N500|share0.3|tau0.0,normal,10,500,0.3,0.0,1.1538468782873679,0.1,ghcp_r05,0,200,1.0,0.0,0.0,1.0,inf,inf,inf,inf,inf,2.5129432899069672,2.3493470342262945,1.6448536269514722,0.9348985485117219,0.6545526250265549,0.30053983400693596,False
normal|K10|N500|share0.3|tau0.0,normal,10,500,0.3,0.0,1.1538468782873679,0.1,ghcp_r05,3,200,1.0,0.0,0.0,1.0,inf,inf,inf,inf,inf,2.5129432899069672,2.3493470342262945,1.6448536269514722,0.9348985485117219,0.6545526250265549,0.30053983400693596,False
normal|K10|N500|share0.3|tau0.0,normal,10,500,0.3,0.0,1.1538468782873679,0.1,ghcp_r05,5,200,1.0,0.0,0.0,1.0,inf,inf,inf,inf,inf,2.5129432899069672,2.3493470342262945,1.6448536269514722,0.9348985485117219,0.6545526250265549,0.30053983400693596,False
normal|K10|N500|share0.3|tau0.0,normal,10,500,0.3,0.0,1.1538468782873679,0.1,ghcp_r05,9,200,1.0,0.0,0.0,1.0,inf,inf,inf,inf,inf,2.5129432899069672,2.3493470342262945,1.6448536269514722,0.9348985485117219,0.6545526250265549,0.30053983400693596,False
normal|K10|N500|share0.3|tau0.0,normal,10,500,0.3,0.0,1.1538468782873679,0.1,ghcp_r05,10,200,1.0,0.0,0.0,1.0,inf,inf,inf,inf,inf,2.5129432899069672,2.3493470342262945,1.6448536269514722,0.9348985485117219,0.6545526250265549,0.30053983400693596,False
normal|K10|N500|share0.3|tau0.0,normal,10,500,0.3,0.0,1.1538468782873679,0.1,ghcp_r05,12,200,1.0,0.0,0.0,1.0,inf,inf,inf,inf,inf,2.5129432899069672,2.3493470342262945,1.6448536269514722,0.9348985485117219,0.6545526250265549,0.30053983400693596,False
normal|K10|N500|share0.3|tau0.0,normal,10,500,0.3,0.0,1.1538468782873679,0.1,ghcp_r05,15,200,1.0,0.0,0.0,1.0,inf,inf,inf,inf,inf,2.5129432899069672,2.3493470342262945,1.6448536269514722,0.9348985485117219,0.6545526250265549,0.30053983400693596,False
normal|K10|N500|share0.3|tau0.0,normal,10,500,0.3,0.0,1.1538468782873679,0.1,ghcp_r05,17,200,1.0,0.0,0.0,1.0,inf,inf,inf,inf,inf,2.5129432899069672,2.3493470342262945,1.6448536269514722,0.9348985485117219,0.6545526250265549,0.30053983400693596,False
normal|K10|N500|share0.3|tau0.0,normal,10,500,0.3,0.0,1.1538468782873679,0.1,ghcp_r05,20,200,1.0,0.0,0.0,1.0,inf,inf,inf,inf,inf,2.5129432899069672,2.3493470342262945,1.6448536269514722,0.9348985485117219,0.6545526250265549,0.30053983400693596,False
normal|K10|N500|share0.3|tau0.0,normal,10,500,0.3,0.0,1.1538468782873679,0.1,ghcp_r05,25,200,1.0,0.0,0.0,1.0,inf,inf,inf,inf,inf,2.5129432899069672,2.3493470342262945,1.6448536269514722,0.9348985485117219,0.6545526250265549,0.30053983400693596,False
normal|K10|N500|share0.3|tau0.0,normal,10,500,0.3,0.0,1.1538468782873679,0.1,ghcp_r05,35,200,1.0,0.0,0.0,1.0,inf,inf,inf,inf,inf,2.5129432899069672,2.3493470342262945,1.6448536269514722,0.9348985485117219,0.6545526250265549,0.30053983400693596,False
normal|K10|N500|share0.3|tau0.0,normal,10,500,0.3,0.0,1.1538468782873679,0.1,ghcp_r05,50,200,1.0,0.0,0.0,1.0,inf,inf,inf,inf,inf,2.5129432899069672,2.3493470342262945,1.6448536269514722,0.9348985485117219,0.6545526250265549,0.30053983400693596,False
normal|K10|N500|share0.3|tau0.0,normal,10,500,0.3,0.0,1.1538468782873679,0.1,ghcp_r05,100,200,1.0,0.0,0.0,1.0,inf,inf,inf,inf,inf,2.5129432899069672,2.3493470342262945,1.6448536269514722,0.9348985485117219,0.6545526250265549,0.30053983400693596,False
normal|K10|N500|share0.3|tau0.0,normal,10,500,0.3,0.0,1.1538468782873679,0.1,ghcp_r05code,0,200,1.0,0.0,0.0,1.0,inf,inf,inf,inf,inf,2.5129432899069672,2.3493470342262945,1.6448536269514722,0.9348985485117219,0.6545526250265549,0.30053983400693596,False
normal|K10|N500|share0.3|tau0.0,normal,10,500,0.3,0.0,1.1538468782873679,0.1,ghcp_r05code,3,200,1.0,0.0,0.0,1.0,inf,inf,inf,inf,inf,2.5129432899069672,2.3493470342262945,1.6448536269514722,0.9348985485117219,0.6545526250265549,0.30053983400693596,False
normal|K10|N500|share0.3|tau0.0,normal,10,500,0.3,0.0,1.1538468782873679,0.1,ghcp_r05code,5,200,1.0,0.0,0.0,1.0,inf,inf,inf,inf,inf,2.5129432899069672,2.3493470342262945,1.6448536269514722,0.9348985485117219,0.6545526250265549,0.30053983400693596,False
normal|K10|N500|share0.3|tau0.0,normal,10,500,0.3,0.0,1.1538468782873679,0.1,ghcp_r05code,9,200,1.0,0.0,0.0,1.0,inf,inf,inf,inf,inf,2.5129432899069672,2.3493470342262945,1.6448536269514722,0.9348985485117219,0.6545526250265549,0.30053983400693596,False
normal|K10|N500|share0.3|tau0.0,normal,10,500,0.3,0.0,1.1538468782873679,0.1,ghcp_r05code,10,200,1.0,0.0,0.0,1.0,inf,inf,inf,inf,inf,2.5129432899069672,2.3493470342262945,1.6448536269514722,0.9348985485117219,0.6545526250265549,0.30053983400693596,False
normal|K10|N500|share0.3|tau0.0,normal,10,500,0.3,0.0,1.1538468782873679,0.1,ghcp_r05code,12,200,1.0,0.0,0.0,1.0,inf,inf,inf,inf,inf,2.5129432899069672,2.3493470342262945,1.6448536269514722,0.9348985485117219,0.6545526250265549,0.30053983400693596,False
normal|K10|N500|share0.3|tau0.0,normal,10,500,0.3,0.0,1.1538468782873679,0.1,ghcp_r05code,15,200,1.0,0.0,0.0,1.0,inf,inf,inf,inf,inf,2.5129432899069672,2.3493470342262945,1.6448536269514722,0.9348985485117219,0.6545526250265549,0.30053983400693596,False
normal|K10|N500|share0.3|tau0.0,normal,10,500,0.3,0.0,1.1538468782873679,0.1,ghcp_r05code,17,200,1.0,0.0,0.0,1.0,inf,inf,inf,inf,inf,2.5129432899069672,2.3493470342262945,1.6448536269514722,0.9348985485117219,0.6545526250265549,0.30053983400693596,False
normal|K10|N500|share0.3|tau0.0,normal,10,500,0.3,0.0,1.1538468782873679,0.1,ghcp_r05code,20,200,1.0,0.0,0.0,1.0,inf,inf,inf,inf,inf,2.5129432899069672,2.3493470342262945,1.6448536269514722,0.9348985485117219,0.6545526250265549,0.30053983400693596,False
normal|K10|N500|share0.3|tau0.0,normal,10,500,0.3,0.0,1.1538468782873679,0.1,ghcp_r05code,25,200,1.0,0.0,0.0,1.0,inf,inf,inf,inf,inf,2.5129432899069672,2.3493470342262945,1.6448536269514722,0.9348985485117219,0.6545526250265549,0.30053983400693596,False
normal|K10|N500|share0.3|tau0.0,normal,10,500,0.3,0.0,1.1538468782873679,0.1,ghcp_r05code,35,200,1.0,0.0,0.0,1.0,inf,inf,inf,inf,inf,2.5129432899069672,2.3493470342262945,1.6448536269514722,0.9348985485117219,0.6545526250265549,0.30053983400693596,False
normal|K10|N500|share0.3|tau0.0,normal,10,500,0.3,0.0,1.1538468782873679,0.1,ghcp_r05code,50,200,1.0,0.0,0.0,1.0,inf,inf,inf,inf,inf,2.5129432899069672,2.3493470342262945,1.6448536269514722,0.9348985485117219,0.6545526250265549,0.30053983400693596,False
normal|K10|N500|share0.3|tau0.0,normal,10,500,0.3,0.0,1.1538468782873679,0.1,ghcp_r05code,100,200,1.0,0.0,0.0,1.0,inf,inf,inf,inf,inf,2.5129432899069672,2.3493470342262945,1.6448536269514722,0.9348985485117219,0.6545526250265549,0.30053983400693596,False
normal|K10|N500|share0.3|tau0.0,normal,10,500,0.3,0.0,1.1538468782873679,0.1,hcp,0,200,0.97895,0.058595603278898754,0.0041433348426226,0.0,3.7753092232209955,3.6573080204759134,1.5023455715790401,1.5023455715790401,1.4553882036117547,2.5129432899069672,2.3493470342262945,1.6448536269514722,0.9348985485117219,0.6545526250265549,0.30053983400693596,False
normal|K10|N500|share0.3|tau0.0,normal,10,500,0.3,0.0,1.1538468782873679,0.1,one_per,0,200,0.90251,0.1471500785869335,0.010405081842095406,0.0,2.8401139708987717,2.8068693602090757,1.1301942158049725,1.1301942158049725,1.116964864063045,2.5129432899069672,2.3493470342262945,1.6448536269514722,0.9348985485117219,0.6545526250265549,0.30053983400693596,False
normal|K10|N500|share0.3|tau0.0,normal,10,500,0.3,0.0,1.1538468782873679,0.1,pooled,0,200,0.8743599999999999,0.16222643892854574,0.011471141505412001,0.0,2.4925011438811024,2.425967361533527,0.9918652577207101,0.9918652577207101,0.9653888216567514,2.5129432899069672,2.3493470342262945,1.6448536269514722,0.9348985485117219,0.6545526250265549,0.30053983400693596,False
normal|K10|N500|share0.3|tau0.0,normal,10,500,0.3,0.0,1.1538468782873679,0.1,within,3,200,1.0,0.0,0.0,1.0,inf,inf,inf,inf,inf,2.5129432899069672,2.3493470342262945,1.6448536269514722,0.9348985485117219,0.6545526250265549,0.30053983400693596,False
normal|K10|N500|share0.3|tau0.0,normal,10,500,0.3,0.0,1.1538468782873679,0.1,within,5,200,1.0,0.0,0.0,1.0,inf,inf,inf,inf,inf,2.5129432899069672,2.3493470342262945,1.6448536269514722,0.9348985485117219,0.6545526250265549,0.30053983400693596,False
normal|K10|N500|share0.3|tau0.0,normal,10,500,0.3,0.0,1.1538468782873679,0.1,within,9,200,1.0,0.0,0.0,1.0,inf,inf,inf,inf,inf,2.5129432899069672,2.3493470342262945,1.6448536269514722,0.9348985485117219,0.6545526250265549,0.30053983400693596,False
normal|K10|N500|share0.3|tau0.0,normal,10,500,0.3,0.0,1.1538468782873679,0.1,within,10,200,1.0,0.0,0.0,1.0,inf,inf,inf,inf,inf,2.5129432899069672,2.3493470342262945,1.6448536269514722,0.9348985485117219,0.6545526250265549,0.30053983400693596,False
normal|K10|N500|share0.3|tau0.0,normal,10,500,0.3,0.0,1.1538468782873679,0.1,within,12,200,1.0,0.0,0.0,1.0,inf,inf,inf,inf,inf,2.5129432899069672,2.3493470342262945,1.6448536269514722,0.9348985485117219,0.6545526250265549,0.30053983400693596,False
normal|K10|N500|share0.3|tau0.0,normal,10,500,0.3,0.0,1.1538468782873679,0.1,within,15,200,1.0,0.0,0.0,1.0,inf,inf,inf,inf,inf,2.5129432899069672,2.3493470342262945,1.6448536269514722,0.9348985485117219,0.6545526250265549,0.30053983400693596,False
normal|K10|N500|share0.3|tau0.0,normal,10,500,0.3,0.0,1.1538468782873679,0.1,within,17,200,0.90596,0.09459396646965551,0.006688803515002631,0.0,1.9969944857528725,1.9297889316897399,0.7946834669025915,0.7946834669025915,0.7679397061766499,2.5129432899069672,2.3493470342262945,1.6448536269514722,0.9348985485117219,0.6545526250265549,0.30053983400693596,False
normal|K10|N500|share0.3|tau0.0,normal,10,500,0.3,0.0,1.1538468782873679,0.1,within,20,200,0.9119200000000001,0.09412358816601836,0.006655542746180146,0.0,1.9997045955961859,1.954626089399644,0.7957619273096361,0.7957619273096361,0.7778233982637974,2.5129432899069672,2.3493470342262945,1.6448536269514722,0.9348985485117219,0.6545526250265549,0.30053983400693596,False
normal|K10|N500|share0.3|tau0.0,normal,10,500,0.3,0.0,1.1538468782873679,0.1,within,25,200,0.93222,0.06567126598352888,0.004643659750605871,0.0,2.082253657601294,2.0425067026458876,0.8286114796002348,0.8286114796002348,0.8127945866703202,2.5129432899069672,2.3493470342262945,1.6448536269514722,0.9348985485117219,0.6545526250265549,0.30053983400693596,False
normal|K10|N500|share0.3|tau0.0,normal,10,500,0.3,0.0,1.1538468782873679,0.1,within,35,200,0.9473199999999999,0.05353003759220719,0.003785145257862051,0.0,2.187959672417344,2.1356414887618853,0.8706761036769538,0.8706761036769538,0.84985661926376,2.5129432899069672,2.3493470342262945,1.6448536269514722,0.9348985485117219,0.6545526250265549,0.30053983400693596,False
normal|K10|N500|share0.3|tau0.0,normal,10,500,0.3,0.0,1.1538468782873679,0.1,within,50,200,0.9207900000000001,0.055785986424970874,0.003944664929627759,0.0,1.8853558014590115,1.8790495071105053,0.7502579978749979,0.7502579978749979,0.7477484727401353,2.5129432899069672,2.3493470342262945,1.6448536269514722,0.9348985485117219,0.6545526250265549,0.30053983400693596,False
normal|K10|N500|share0.3|tau0.0,normal,10,500,0.3,0.0,1.1538468782873679,0.1,within,100,200,0.90192,0.04389885130306535,0.0031041175442697417,0.0,1.7145818658360445,1.7018347816378159,0.6823002622950242,0.6823002622950242,0.6772276909204825,2.5129432899069672,2.3493470342262945,1.6448536269514722,0.9348985485117219,0.6545526250265549,0.30053983400693596,False
normal|K10|N500|share0.3|tau0.0,normal,10,500,0.3,0.0,1.1538468782873679,0.1,within_full,3,200,1.0,0.0,0.0,1.0,inf,inf,inf,inf,inf,2.5129432899069672,2.3493470342262945,1.6448536269514722,0.9348985485117219,0.6545526250265549,0.30053983400693596,False
normal|K10|N500|share0.3|tau0.0,normal,10,500,0.3,0.0,1.1538468782873679,0.1,within_full,5,200,1.0,0.0,0.0,1.0,inf,inf,inf,inf,inf,2.5129432899069672,2.3493470342262945,1.6448536269514722,0.9348985485117219,0.6545526250265549,0.30053983400693596,False
normal|K10|N500|share0.3|tau0.0,normal,10,500,0.3,0.0,1.1538468782873679,0.1,within_full,9,200,0.90392,0.0934256676555454,0.006606192313611685,0.0,1.9842159697096244,1.9581800799564664,0.7895983875478079,0.7895983875478079,0.7792376723427615,2.5129432899069672,2.3493470342262945,1.6448536269514722,0.9348985485117219,0.6545526250265549,0.30053983400693596,False
normal|K10|N500|share0.3|tau0.0,normal,10,500,0.3,0.0,1.1538468782873679,0.1,within_full,10,200,0.9115899999999999,0.08768612308059082,0.0062003452246244,0.0,2.0109396386997203,1.9895475558332263,0.8002327974437372,0.8002327974437372,0.7917200375448514,2.5129432899069672,2.3493470342262945,1.6448536269514722,0.9348985485117219,0.6545526250265549,0.30053983400693596,False
normal|K10|N500|share0.3|tau0.0,normal,10,500,0.3,0.0,1.1538468782873679,0.1,within_full,12,200,0.92601,0.07763398144741054,0.005489551473197462,0.0,2.0852880063716013,2.1115359896934915,0.8298189675616602,0.8298189675616602,0.8402640832263524,2.5129432899069672,2.3493470342262945,1.6448536269514722,0.9348985485117219,0.6545526250265549,0.30053983400693596,False
normal|K10|N500|share0.3|tau0.0,normal,10,500,0.3,0.0,1.1538468782873679,0.1,within_full,15,200,0.93792,0.06831491960916027,0.004830594291185107,0.0,2.151894581465308,2.151736441114095,0.856324370752105,0.856324370752105,0.8562614404218234,2.5129432899069672,2.3493470342262945,1.6448536269514722,0.9348985485117219,0.6545526250265549,0.30053983400693596,False
normal|K10|N500|share0.3|tau0.0,normal,10,500,0.3,0.0,1.1538468782873679,0.1,within_full,17,200,0.94667,0.05850474447109516,0.004136910154709756,0.0,2.2029198116463276,2.1918397517827772,0.8766293375955505,0.8766293375955505,0.8722201414517089,2.5129432899069672,2.3493470342262945,1.6448536269514722,0.9348985485117219,0.6545526250265549,0.30053983400693596,False
normal|K10|N500|share0.3|tau0.0,normal,10,500,0.3,0.0,1.1538468782873679,0.1,within_full,20,200,0.90833,0.06599338401437178,0.004666436935001019,0.0,1.8395811375881919,1.8282779405026712,0.7320424400250974,0.7320424400250974,0.7275444487131093,2.5129432899069672,2.3493470342262945,1.6448536269514722,0.9348985485117219,0.6545526250265549,0.30053983400693596,False
normal|K10|N500|share0.3|tau0.0,normal,10,500,0.3,0.0,1.1538468782873679,0.1,within_full,25,200,0.9301900000000001,0.04979378480317725,0.003520952289527029,0.0,1.9462100801511502,1.9345694007004557,0.7744743337296728,0.7744743337296728,0.7698420447729548,2.5129432899069672,2.3493470342262945,1.6448536269514722,0.9348985485117219,0.6545526250265549,0.30053983400693596,False
normal|K10|N500|share0.3|tau0.0,normal,10,500,0.3,0.0,1.1538468782873679,0.1,within_full,35,200,0.9237100000000001,0.04464776607038,0.003157073815319635,0.0,1.8641077413984322,1.8491571991532512,0.7418025503740852,0.7418025503740852,0.73585313547673,2.5129432899069672,2.3493470342262945,1.6448536269514722,0.9348985485117219,0.6545526250265549,0.30053983400693596,False
normal|K10|N500|share0.3|tau0.0,normal,10,500,0.3,0.0,1.1538468782873679,0.1,within_full,50,200,0.9044599999999999,0.04171919047957853,0.0029499922493723234,0.0,1.722961219558227,1.7198178341529442,0.6856347401385304,0.6856347401385304,0.6843838621669074,2.5129432899069672,2.3493470342262945,1.6448536269514722,0.9348985485117219,0.6545526250265549,0.30053983400693596,False
normal|K10|N500|share0.3|tau0.0,normal,10,500,0.3,0.0,1.1538468782873679,0.1,within_full,100,200,0.9014699999999999,0.03451980860215839,0.0024409190747847914,0.0,1.6900825869333482,1.6913267300873414,0.6725510256126465,0.6725510256126465,0.6730461196161561,2.5129432899069672,2.3493470342262945,1.6448536269514722,0.9348985485117219,0.6545526250265549,0.30053983400693596,False
normal|K10|N500|share0.3|tau0.0,normal,10,500,0.3,0.0,1.1538468782873679,0.1,within_plain,3,200,1.0,0.0,0.0,1.0,inf,inf,inf,inf,inf,2.5129432899069672,2.3493470342262945,1.6448536269514722,0.9348985485117219,0.6545526250265549,0.30053983400693596,False
normal|K10|N500|share0.3|tau0.0,normal,10,500,0.3,0.0,1.1538468782873679,0.1,within_plain,5,200,1.0,0.0,0.0,1.0,inf,inf,inf,inf,inf,2.5129432899069672,2.3493470342262945,1.6448536269514722,0.9348985485117219,0.6545526250265549,0.30053983400693596,False
normal|K10|N500|share0.3|tau0.0,normal,10,500,0.3,0.0,1.1538468782873679,0.1,within_plain,9,200,0.904,0.09950551107184134,0.00703610216443321,0.0,2.5797703472651823,2.3871104427614833,1.0265931418455088,1.0265931418455088,0.9499261094944398,2.5129432899069672,2.3493470342262945,1.6448536269514722,0.9348985485117219,0.6545526250265549,0.30053983400693596,False
normal|K10|N500|share0.3|tau0.0,normal,10,500,0.3,0.0,1.1538468782873679,0.1,within_plain,10,200,0.9096799999999999,0.09593348617059749,0.006783521861409536,0.0,2.6240631437790864,2.4176665851101378,1.0442190057843421,1.0442190057843421,0.9620856128431149,2.5129432899069672,2.3493470342262945,1.6448536269514722,0.9348985485117219,0.6545526250265549,0.30053983400693596,False
normal|K10|N500|share0.3|tau0.0,normal,10,500,0.3,0.0,1.1538468782873679,0.1,within_plain,12,200,0.93168,0.0676260602142436,0.0047818845762421435,0.0,2.7398723974705024,2.5665278300186514,1.0903041101146127,1.0903041101146127,1.021323417972424,2.5129432899069672,2.3493470342262945,1.6448536269514722,0.9348985485117219,0.6545526250265549,0.30053983400693596,False
normal|K10|N500|share0.3|tau0.0,normal,10,500,0.3,0.0,1.1538468782873679,0.1,within_plain,15,200,0.94046,0.0622152883988555,0.004399285232030746,0.0,2.822822462796605,2.6693898597407313,1.1233132375625994,1.1233132375625994,1.0622563073596285,2.5129432899069672,2.3493470342262945,1.6448536269514722,0.9348985485117219,0.6545526250265549,0.30053983400693596,False
normal|K10|N500|share0.3|tau0.0,normal,10,500,0.3,0.0,1.1538468782873679,0.1,within_plain,17,200,0.9481100000000001,0.05613057193301736,0.003969030804571587,0.0,2.8792601876552273,2.7556268577778456,1.14577205113205,1.14577205113205,1.0965734359567914,2.5129432899069672,2.3493470342262945,1.6448536269514722,0.9348985485117219,0.6545526250265549,0.30053983400693596,False
normal|K10|N500|share0.3|tau0.0,normal,10,500,0.3,0.0,1.1538468782873679,0.1,within_plain,20,200,0.90982,0.06432930043512335,0.004548768456666244,0.0,2.5079905206980215,2.322067095817615,0.9980290963075698,0.9980290963075698,0.924042776907863,2.5129432899069672,2.3493470342262945,1.6448536269514722,0.9348985485117219,0.6545526250265549,0.30053983400693596,False
normal|K10|N500|share0.3|tau0.0,normal,10,500,0.3,0.0,1.1538468782873679,0.1,within_plain,25,200,0.9282699999999999,0.05088273146961594,0.0035979524467459572,0.0,2.6208113912568587,2.435149625202717,1.0429250042303522,1.0429250042303522,0.9690428092759984,2.5129432899069672,2.3493470342262945,1.6448536269514722,0.9348985485117219,0.6545526250265549,0.30053983400693596,False
normal|K10|N500|share0.3|tau0.0,normal,10,500,0.3,0.0,1.1538468782873679,0.1,within_plain,35,200,0.9249200000000001,0.03996975741154414,0.002826288650808413,0.0,2.551925107515267,2.3548761540453524,1.0155124143727665,1.0155124143727665,0.9370988050162221,2.5129432899069672,2.3493470342262945,1.6448536269514722,0.9348985485117219,0.6545526250265549,0.30053983400693596,False
normal|K10|N500|share0.3|tau0.0,normal,10,500,0.3,0.0,1.1538468782873679,0.1,within_plain,50,200,0.9034299999999998,0.04733899027229034,0.0033473721036060508,0.0,2.41526479981872,2.1985144683833955,0.9611298470281585,0.9611298470281585,0.8748762764418724,2.5129432899069672,2.3493470342262945,1.6448536269514722,0.9348985485117219,0.6545526250265549,0.30053983400693596,False
normal|K10|N500|share0.3|tau0.0,normal,10,500,0.3,0.0,1.1538468782873679,0.1,within_plain,100,200,0.90366,0.030972258619934398,0.002190069409881911,0.0,2.3876970363028263,2.195286832980937,0.9501595383759027,0.9501595383759027,0.8735918720482585,2.5129432899069672,2.3493470342262945,1.6448536269514722,0.9348985485117219,0.6545526250265549,0.30053983400693596,False
normal|K10|N500|share0.3|tau0.0,normal,10,500,0.3,0.0,1.1538468782873679,0.2,ghcp,0,200,0.8606699999999999,0.1743173652253139,0.012326099102939152,0.0,2.4105084860399653,2.358589119691189,1.2321610529335447,1.2321610529335447,1.2056218304091524,1.9563258230740177,1.9343171598401665,1.2815515655446001,0.9887500011632678,0.655080841048691,0.30053983400693596,False
normal|K10|N500|share0.3|tau0.0,normal,10,500,0.3,0.0,1.1538468782873679,0.2,ghcp,3,200,0.85964,0.16653196352163707,0.011775588069046033,0.0,2.3150373158518542,2.268085259119724,1.1833597903513766,1.1833597903513766,1.1593596692169772,1.9563258230740177,1.9343171598401665,1.2815515655446001,0.9887500011632678,0.655080841048691,0.30053983400693596,False
normal|K10|N500|share0.3|tau0.0,normal,10,500,0.3,0.0,1.1538468782873679,0.2,ghcp,5,200,0.86233,0.15488894092252198,0.010952302045711784,0.0,2.2383100913578544,2.2037539421828614,1.144139726091612,1.144139726091612,1.1264759255286292,1.9563258230740177,1.9343171598401665,1.2815515655446001,0.9887500011632678,0.655080841048691,0.30053983400693596,False
normal|K10|N500|share0.3|tau0.0,normal,10,500,0.3,0.0,1.1538468782873679,0.2,ghcp,9,200,0.8672200000000001,0.13012924228816697,0.00920152696526301,0.0,2.112374526473044,2.07175811780128,1.0797662135614112,1.0797662135614112,1.0590046368379888,1.9563258230740177,1.9343171598401665,1.2815515655446001,0.9887500011632678,0.655080841048691,0.30053983400693596,False
normal|K10|N500|share0.3|tau0.0,normal,10,500,0.3,0.0,1.1538468782873679,0.2,ghcp,10,200,0.8690899999999999,0.12288276023844473,0.008689123305552491,0.0,2.0709744446336305,2.0439654292378204,1.058604052662078,1.058604052662078,1.044798062332016,1.9563258230740177,1.9343171598401665,1.2815515655446001,0.9887500011632678,0.655080841048691,0.30053983400693596,False
normal|K10|N500|share0.3|tau0.0,normal,10,500,0.3,0.0,1.1538468782873679,0.2,ghcp,12,200,0.86773,0.11898374999897715,0.00841342164752816,0.0,2.0220755740867244,1.9811696773406469,1.0336087937076823,1.0336087937076823,1.0126992415954472,1.9563258230740177,1.9343171598401665,1.2815515655446001,0.9887500011632678,0.655080841048691,0.30053983400693596,False
normal|K10|N500|share0.3|tau0.0,normal,10,500,0.3,0.0,1.1538468782873679,0.2,ghcp,15,200,0.8712300000000001,0.10978181696748973,0.007762746722869237,0.0,1.990041278628155,1.9601452953636618,1.0172340696812758,1.0172340696812758,1.0019523702261632,1.9563258230740177,1.9343171598401665,1.2815515655446001,0.9887500011632678,0.655080841048691,0.30053983400693596,False
normal|K10|N500|share0.3|tau0.0,normal,10,500,0.3,0.0,1.1538468782873679,0.2,ghcp,17,200,0.87103,0.10257704103128375,0.007253292130727146,0.0,1.951061346141646,1.9144494359602997,0.9973089978825206,0.9973089978825206,0.9785943698029211,1.9563258230740177,1.9343171598401665,1.2815515655446001,0.9887500011632678,0.655080841048691,0.30053983400693596,False
normal|K10|N500|share0.3|tau0.0,normal,10,500,0.3,0.0,1.1538468782873679,0.2,ghcp,20,200,0.87445,0.08800398289296416,0.0062228213075039875,0.0,1.9034816474343363,1.8695781849200253,0.9729880498348448,0.9729880498348448,0.9556578780840892,1.9563258230740177,1.9343171598401665,1.2815515655446001,0.9887500011632678,0.655080841048691,0.30053983400693596,False
normal|K10|N500|share0.3|tau0.0,normal,10,500,0.3,0.0,1.1538468782873679,0.2,ghcp,25,200,0.87316,0.07895660279943749,0.0055830749258934985,0.0,1.844994189661823,1.8213176853601638,0.943091466616099,0.943091466616099,0.9309889303093117,1.9563258230740177,1.9343171598401665,1.2815515655446001,0.9887500011632678,0.655080841048691,0.30053983400693596,False
normal|K10|N500|share0.3|tau0.0,normal,10,500,0.3,0.0,1.1538468782873679,0.2,ghcp,35,200,0.87469,0.06365440531952926,0.004501046165383618,0.0,1.7742193846707897,1.7635780995074228,0.90691405477791,0.90691405477791,0.9014746310184025,1.9563258230740177,1.9343171598401665,1.2815515655446001,0.9887500011632678,0.655080841048691,0.30053983400693596,False
normal|K10|N500|share0.3|tau0.0,normal,10,500,0.3,0.0,1.1538468782873679,0.2,ghcp,50,200,0.87583,0.04631931014665819,0.003275269830458486,0.0,1.6972513556691156,1.6875799558782925,0.8675709003330474,0.8675709003330474,0.8626272454077004,1.9563258230740177,1.9343171598401665,1.2815515655446001,0.9887500011632678,0.655080841048691,0.30053983400693596,False
normal|K10|N500|share0.3|tau0.0,normal,10,500,0.3,0.0,1.1538468782873679,0.2,ghcp,100,200,0.87405,0.024415529698375623,0.0017264386615982944,0.0,1.5971545655935682,1.5924284796638095,0.8164051952674857,0.8164051952674857,0.8139893983312001,1.9563258230740177,1.9343171598401665,1.2815515655446001,0.9887500011632678,0.655080841048691,0.30053983400693596,False
normal|K10|N500|share0.3|tau0.0,normal,10,500,0.3,0.0,1.1538468782873679,0.2,ghcp_noad,0,200,0.8570099999999999,0.17535445768256286,0.012399432613862968,0.0,2.400257862189317,2.36162425137403,1.2269213205077154,1.2269213205077154,1.2071732752896742,1.9563258230740177,1.9343171598401665,1.2815515655446001,0.9887500011632678,0.655080841048691,0.30053983400693596,False
normal|K10|N500|share0.3|tau0.0,normal,10,500,0.3,0.0,1.1538468782873679,0.2,ghcp_noad,3,200,0.86145,0.16972303036175107,0.012001230569232448,0.0,2.4119234432351564,2.363692430563127,1.2328843257025806,1.2328843257025806,1.2082304505130974,1.9563258230740177,1.9343171598401665,1.2815515655446001,0.9887500011632678,0.655080841048691,0.30053983400693596,False
normal|K10|N500|share0.3|tau0.0,normal,10,500,0.3,0.0,1.1538468782873679,0.2,ghcp_noad,5,200,0.8614600000000001,0.16946272888872072,0.011982824475559185,0.0,2.403758870891528,2.36482147292656,1.2287109041552438,1.2287109041552438,1.2088075744001907,1.9563258230740177,1.9343171598401665,1.2815515655446001,0.9887500011632678,0.655080841048691,0.30053983400693596,False
normal|K10|N500|share0.3|tau0.0,normal,10,500,0.3,0.0,1.1538468782873679,0.2,ghcp_noad,9,200,0.861,0.16935479097483677,0.01197519211247374,0.0,2.4106273579260575,2.3505750892600235,1.2322218157598028,1.2322218157598028,1.201525360211477,1.9563258230740177,1.9343171598401665,1.2815515655446001,0.9887500011632678,0.655080841048691,0.30053983400693596,False
normal|K10|N500|share0.3|tau0.0,normal,10,500,0.3,0.0,1.1538468782873679,0.2,ghcp_noad,10,200,0.85811,0.17393341271964252,0.012298949560897773,0.0,2.3905966758624344,2.34348033807779,1.2219828863200493,1.2219828863200493,1.1978987909056111,1.9563258230740177,1.9343171598401665,1.2815515655446001,0.9887500011632678,0.655080841048691,0.30053983400693596,False
normal|K10|N500|share0.3|tau0.0,normal,10,500,0.3,0.0,1.1538468782873679,0.2,ghcp_noad,12,200,0.8585,0.17157839528519672,0.012132424681126856,0.0,2.390649550857695,2.3413386474179134,1.2220099140240426,1.2220099140240426,1.1968040393899806,1.9563258230740177,1.9343171598401665,1.2815515655446001,0.9887500011632678,0.655080841048691,0.30053983400693596,False
normal|K10|N500|share0.3|tau0.0,normal,10,500,0.3,0.0,1.1538468782873679,0.2,ghcp_noad,15,200,0.8591799999999999,0.17164989376679135,0.012137480387244865,0.0,2.3968854770565367,2.3347866834287445,1.225197484379293,1.225197484379293,1.1934549224321143,1.9563258230740177,1.9343171598401665,1.2815515655446001,0.9887500011632678,0.655080841048691,0.30053983400693596,False
normal|K10|N500|share0.3|tau0.0,normal,10,500,0.3,0.0,1.1538468782873679,0.2,ghcp_noad,17,200,0.85832,0.17127736945210292,0.01211113894033756,0.0,2.3923009685194234,2.332930707211113,1.2228540564681338,1.2228540564681338,1.1925062173668635,1.9563258230740177,1.9343171598401665,1.2815515655446001,0.9887500011632678,0.655080841048691,0.30053983400693596,False
normal|K10|N500|share0.3|tau0.0,normal,10,500,0.3,0.0,1.1538468782873679,0.2,ghcp_noad,20,200,0.8581,0.17185347855208594,0.012151876005467686,0.0,2.3884809371631173,2.3360805918520393,1.2209014004681717,1.2209014004681717,1.1941163196329456,1.9563258230740177,1.9343171598401665,1.2815515655446001,0.9887500011632678,0.655080841048691,0.30053983400693596,False
normal|K10|N500|share0.3|tau0.0,normal,10,500,0.3,0.0,1.1538468782873679,0.2,ghcp_noad,25,200,0.8573099999999999,0.16993615088286665,0.012016300465801532,0.0,2.388450932993936,2.328024422724636,1.220886063468155,1.220886063468155,1.1899983097225388,1.9563258230740177,1.9343171598401665,1.2815515655446001,0.9887500011632678,0.655080841048691,0.30053983400693596,False
normal|K10|N500|share0.3|tau0.0,normal,10,500,0.3,0.0,1.1538468782873679,0.2,ghcp_noad,35,200,0.8555799999999999,0.17134297674078142,0.012115778076209543,0.0,2.372584922473452,2.3103105681893368,1.2127759570976564,1.2127759570976564,1.1809436551622543,1.9563258230740177,1.9343171598401665,1.2815515655446001,0.9887500011632678,0.655080841048691,0.30053983400693596,False
normal|K10|N500|share0.3|tau0.0,normal,10,500,0.3,0.0,1.1538468782873679,0.2,ghcp_noad,50,200,0.85392,0.16990968218586752,0.012014428846287806,0.0,2.3505352110142868,2.2964340597254593,1.2015049759558145,1.2015049759558145,1.17385050723147,1.9563258230740177,1.9343171598401665,1.2815515655446001,0.9887500011632678,0.655080841048691,0.30053983400693596,False
normal|K10|N500|share0.3|tau0.0,normal,10,500,0.3,0.0,1.1538468782873679,0.2,ghcp_noad,100,200,0.8454599999999999,0.1735549335941631,0.012272187045281368,0.0,2.3035459492921264,2.24440569359792,1.177485837033278,1.177485837033278,1.1472555681298708,1.9563258230740177,1.9343171598401665,1.2815515655446001,0.9887500011632678,0.655080841048691,0.30053983400693596,False
normal|K10|N500|share0.3|tau0.0,normal,10,500,0.3,0.0,1.1538468782873679,0.2,ghcp_r05,0,200,0.99673,0.014415482324683641,0.0010193285305858618,0.0,4.8044546380241036,4.679721241397504,2.4558560651593084,2.4558560651593084,2.3920970557164933,1.9563258230740177,1.9343171598401665,1.2815515655446001,0.9887500011632678,0.655080841048691,0.30053983400693596,False
normal|K10|N500|share0.3|tau0.0,normal,10,500,0.3,0.0,1.1538468782873679,0.2,ghcp_r05,3,200,0.9925499999999999,0.02699781305120359,0.0019090336685712733,0.0,4.243231962482451,4.191099024455988,2.1689801936034185,2.1689801936034185,2.1423318012898394,1.9563258230740177,1.9343171598401665,1.2815515655446001,0.9887500011632678,0.655080841048691,0.30053983400693596,False
normal|K10|N500|share0.3|tau0.0,normal,10,500,0.3,0.0,1.1538468782873679,0.2,ghcp_r05,5,200,0.99147,0.025442794243055778,0.0017990772341598793,0.0,4.09829004234179,4.038824622431942,2.0948913488766694,2.0948913488766694,2.0644948682861264,1.9563258230740177,1.9343171598401665,1.2815515655446001,0.9887500011632678,0.655080841048691,0.30053983400693596,False
normal|K10|N500|share0.3|tau0.0,normal,10,500,0.3,0.0,1.1538468782873679,0.2,ghcp_r05,9,200,0.99298,0.01574161976941459,0.0011131006085813272,0.0,3.780488339711005,3.7119478750442942,1.9324431007973104,1.9324431007973104,1.897407799489979,1.9563258230740177,1.9343171598401665,1.2815515655446001,0.9887500011632678,0.655080841048691,0.30053983400693596,False
normal|K10|N500|share0.3|tau0.0,normal,10,500,0.3,0.0,1.1538468782873679,0.2,ghcp_r05,10,200,0.99178,0.025646840000476675,0.0018135054480343453,0.0,3.7326611722485183,3.659401000664135,1.9079956560524798,1.9079956560524798,1.870547818519329,1.9563258230740177,1.9343171598401665,1.2815515655446001,0.9887500011632678,0.655080841048691,0.30053983400693596,False
normal|K10|N500|share0.3|tau0.0,normal,10,500,0.3,0.0,1.1538468782873679,0.2,ghcp_r05,12,200,0.99281,0.01485757847668841,0.001050589449287767,0.0,3.609919706603626,3.523361702219901,1.845254846624311,1.845254846624311,1.8010096583418629,1.9563258230740177,1.9343171598401665,1.2815515655446001,0.9887500011632678,0.655080841048691,0.30053983400693596,False
normal|K10|N500|share0.3|tau0.0,normal,10,500,0.3,0.0,1.1538468782873679,0.2,ghcp_r05,15,200,0.9917699999999999,0.01504990358739716,0.001064188888285228,0.0,3.4509761072371274,3.372219344150946,1.7640088713926667,1.7640088713926667,1.7237513835257274,1.9563258230740177,1.9343171598401665,1.2815515655446001,0.9887500011632678,0.655080841048691,0.30053983400693596,False
normal|K10|N500|share0.3|tau0.0,normal,10,500,0.3,0.0,1.1538468782873679,0.2,ghcp_r05,17,200,0.9914499999999999,0.014782765328373746,0.0010452993608382455,0.0,3.367481363659088,3.3291073674830214,1.7213295065377663,1.7213295065377663,1.7017141665348574,1.9563258230740177,1.9343171598401665,1.2815515655446001,0.9887500011632678,0.655080841048691,0.30053983400693596,False
normal|K10|N500|share0.3|tau0.0,normal,10,500,0.3,0.0,1.1538468782873679,0.2,ghcp_r05,20,200,0.99088,0.01444120291764307,0.001021147251155637,0.0,3.2402305222926553,3.178085374001882,1.6562836742609721,1.6562836742609721,1.624517417557821,1.9563258230740177,1.9343171598401665,1.2815515655446001,0.9887500011632678,0.655080841048691,0.30053983400693596,False
normal|K10|N500|share0.3|tau0.0,normal,10,500,0.3,0.0,1.1538468782873679,0.2,ghcp_r05,25,200,0.9901099999999999,0.01598265076976097,0.0011301440740634377,0.0,3.1372229944629004,3.0970834040406867,1.6036301098010926,1.6036301098010926,1.5831122645890199,1.9563258230740177,1.9343171598401665,1.2815515655446001,0.9887500011632678,0.655080841048691,0.30053983400693596,False
normal|K10|N500|share0.3|tau0.0,normal,10,500,0.3,0.0,1.1538468782873679,0.2,ghcp_r05,35,200,0.9874300000000001,0.014243224608078786,0.0010071480706335615,0.0,2.887272860718134,2.8445808041711165,1.4758650254799062,1.4758650254799062,1.4540424558222944,1.9563258230740177,1.9343171598401665,1.2815515655446001,0.9887500011632678,0.655080841048691,0.30053983400693596,False
normal|K10|N500|share0.3|tau0.0,normal,10,500,0.3,0.0,1.1538468782873679,0.2,ghcp_r05,50,200,0.98398,0.013205739577507383,0.0009337868005839043,0.0,2.6755712087106964,2.6531909354184116,1.3676511229129062,1.3676511229129062,1.3562111710253837,1.9563258230740177,1.9343171598401665,1.2815515655446001,0.9887500011632678,0.655080841048691,0.30053983400693596,False
normal|K10|N500|share0.3|tau0.0,normal,10,500,0.3,0.0,1.1538468782873679,0.2,ghcp_r05,100,200,0.97051,0.01107851830522458,0.0007833695419123598,0.0,2.2723288348665465,2.2651753130734695,1.1615288251401732,1.1615288251401732,1.1578722145139144,1.9563258230740177,1.9343171598401665,1.2815515655446001,0.9887500011632678,0.655080841048691,0.30053983400693596,False
normal|K10|N500|share0.3|tau0.0,normal,10,500,0.3,0.0,1.1538468782873679,0.2,hcp,0,200,0.85263,0.17549901029084275,0.012409654026818259,0.0,2.3568986803232193,2.2926748375528763,1.204757741540094,1.204757741540094,1.1719289345934951,1.9563258230740177,1.9343171598401665,1.2815515655446001,0.9887500011632678,0.655080841048691,0.30053983400693596,False
normal|K10|N500|share0.3|tau0.0,normal,10,500,0.3,0.0,1.1538468782873679,0.2,one_per,0,200,0.79774,0.21208970416563205,0.014997006803536718,0.0,2.161326397272593,2.1066026772703244,1.1047885642466513,1.1047885642466513,1.0768158618691508,1.9563258230740177,1.9343171598401665,1.2815515655446001,0.9887500011632678,0.655080841048691,0.30053983400693596,False
normal|K10|N500|share0.3|tau0.0,normal,10,500,0.3,0.0,1.1538468782873679,0.2,pooled,0,200,0.77006,0.2086447207515384,0.014753409690218636,0.0,1.9501773446656012,1.90201709562561,0.9968571296581081,0.9968571296581081,0.9722394261692711,1.9563258230740177,1.9343171598401665,1.2815515655446001,0.9887500011632678,0.655080841048691,0.30053983400693596,False
normal|K10|N500|share0.3|tau0.0,normal,10,500,0.3,0.0,1.1538468782873679,0.2,within,3,200,1.0,0.0,0.0,1.0,inf,inf,inf,inf,inf,1.9563258230740177,1.9343171598401665,1.2815515655446001,0.9887500011632678,0.655080841048691,0.30053983400693596,False
normal|K10|N500|share0.3|tau0.0,normal,10,500,0.3,0.0,1.1538468782873679,0.2,within,5,200,1.0,0.0,0.0,1.0,inf,inf,inf,inf,inf,1.9563258230740177,1.9343171598401665,1.2815515655446001,0.9887500011632678,0.655080841048691,0.30053983400693596,False
normal|K10|N500|share0.3|tau0.0,normal,10,500,0.3,0.0,1.1538468782873679,0.2,within,9,200,0.8372700000000001,0.13192325734739013,0.009328382986655758,0.0,1.7162031199184014,1.6911628783923132,0.877258327665324,0.877258327665324,0.8644587003073709,1.9563258230740177,1.9343171598401665,1.2815515655446001,0.9887500011632678,0.655080841048691,0.30053983400693596,False
normal|K10|N500|share0.3|tau0.0,normal,10,500,0.3,0.0,1.1538468782873679,0.2,within,10,200,0.81699,0.1495116334694848,0.010572068989255027,0.0,1.629395379938137,1.5508274902972952,0.8328854839618853,0.8328854839618853,0.7927245410789732,1.9563258230740177,1.9343171598401665,1.2815515655446001,0.9887500011632678,0.655080841048691,0.30053983400693596,False
normal|K10|N500|share0.3|tau0.0,normal,10,500,0.3,0.0,1.1538468782873679,0.2,within,12,200,0.85519,0.12725143827365398,0.00899803549190421,0.0,1.7682944654911568,1.7460624827455438,0.9038854594847584,0.9038854594847584,0.8925213081335895,1.9563258230740177,1.9343171598401665,1.2815515655446001,0.9887500011632678,0.655080841048691,0.30053983400693596,False
normal|K10|N500|share0.3|tau0.0,normal,10,500,0.3,0.0,1.1538468782873679,0.2,within,15,200,0.8944200000000001,0.10006703080069045,0.007075807605237133,0.0,1.943551036886224,1.9275797024857853,0.9934700109577247,0.9934700109577247,0.9853060669908945,1.9563258230740177,1.9343171598401665,1.2815515655446001,0.9887500011632678,0.655080841048691,0.30053983400693596,False
normal|K10|N500|share0.3|tau0.0,normal,10,500,0.3,0.0,1.1538468782873679,0.2,within,17,200,0.7992,0.13486281881785464,0.009536241371603775,0.0,1.476811308147068,1.421072924312408,0.7548902594489714,0.7548902594489714,0.7263988991769503,1.9563258230740177,1.9343171598401665,1.2815515655446001,0.9887500011632678,0.655080841048691,0.30053983400693596,False
normal|K10|N500|share0.3|tau0.0,normal,10,500,0.3,0.0,1.1538468782873679,0.2,within,20,200,0.82281,0.12268554361890127,0.008675177984648305,0.0,1.5313914220323372,1.4996144123122932,0.7827895557939465,0.7827895557939465,0.7665463465364455,1.9563258230740177,1.9343171598401665,1.2815515655446001,0.9887500011632678,0.655080841048691,0.30053983400693596,False
normal|K10|N500|share0.3|tau0.0,normal,10,500,0.3,0.0,1.1538468782873679,0.2,within,25,200,0.8642799999999999,0.09303698729551126,0.006578708461782268,0.0,1.6541806575122087,1.618707574593221,0.8455547833606561,0.8455547833606561,0.8274222808395536,1.9563258230740177,1.9343171598401665,1.2815515655446001,0.9887500011632678,0.655080841048691,0.30053983400693596,False
normal|K10|N500|share0.3|tau0.0,normal,10,500,0.3,0.0,1.1538468782873679,0.2,within,35,200,0.8407800000000001,0.09747357121511008,0.006892422319267419,0.0,1.5262461439928208,1.5577462158403659,0.7801594836562535,0.7801594836562535,0.79626113271492,1.9563258230740177,1.9343171598401665,1.2815515655446001,0.9887500011632678,0.655080841048691,0.30053983400693596,False
normal|K10|N500|share0.3|tau0.0,normal,10,500,0.3,0.0,1.1538468782873679,0.2,within,50,200,0.80904,0.07789129391877958,0.005507746212536353,0.0,1.3733078877944656,1.3660408209355586,0.7019832134284036,0.7019832134284036,0.6982685628455634,1.9563258230740177,1.9343171598401665,1.2815515655446001,0.9887500011632678,0.655080841048691,0.30053983400693596,False
normal|K10|N500|share0.3|tau0.0,normal,10,500,0.3,0.0,1.1538468782873679,0.2,within,100,200,0.80081,0.058642978219667206,0.004146684756810169,0.0,1.3199798271645278,1.3176499964960326,0.6747239195004923,0.6747239195004923,0.6735329979060339,1.9563258230740177,1.9343171598401665,1.2815515655446001,0.9887500011632678,0.655080841048691,0.30053983400693596,False
normal|K10|N500|share0.3|tau0.0,normal,10,500,0.3,0.0,1.1538468782873679,0.2,within_full,3,200,1.0,0.0,0.0,1.0,inf,inf,inf,inf,inf,1.9563258230740177,1.9343171598401665,1.2815515655446001,0.9887500011632678,0.655080841048691,0.30053983400693596,False
normal|K10|N500|share0.3|tau0.0,normal,10,500,0.3,0.0,1.1538468782873679,0.2,within_full,5,200,0.84048,0.1718302586535466,0.012150234110696123,0.0,1.857237397633059,1.827114778488875,0.949349732916545,0.949349732916545,0.9339521857447495,1.9563258230740177,1.9343171598401665,1.2815515655446001,0.9887500011632678,0.655080841048691,0.30053983400693596,False
normal|K10|N500|share0.3|tau0.0,normal,10,500,0.3,0.0,1.1538468782873679,0.2,within_full,9,200,0.8002400000000001,0.13298619870206882,0.00940354429064545,0.0,1.459808737399193,1.4106049355009094,0.7461991863427757,0.7461991863427757,0.7210480579786014,1.9563258230740177,1.9343171598401665,1.2815515655446001,0.9887500011632678,0.655080841048691,0.30053983400693596,False
normal|K10|N500|share0.3|tau0.0,normal,10,500,0.3,0.0,1.1538468782873679,0.2,within_full,10,200,0.8175199999999999,0.12291358078629286,0.008691302647390821,0.0,1.5164048338333622,1.4616174239005135,0.7751289769567127,0.7751289769567127,0.7471237186880464,1.9563258230740177,1.9343171598401665,1.2815515655446001,0.9887500011632678,0.655080841048691,0.30053983400693596,False
normal|K10|N500|share0.3|tau0.0,normal,10,500,0.3,0.0,1.1538468782873679,0.2,within_full,12,200,0.8523900000000001,0.10569543759140311,0.007473796066136067,0.0,1.6314364879836867,1.5809479118524123,0.8339288214374099,0.8339288214374099,0.8081209649260951,1.9563258230740177,1.9343171598401665,1.2815515655446001,0.9887500011632678,0.655080841048691,0.30053983400693596,False
normal|K10|N500|share0.3|tau0.0,normal,10,500,0.3,0.0,1.1538468782873679,0.2,within_full,15,200,0.8124199999999999,0.11156764899157613,0.007889024116298396,0.0,1.4456047073829443,1.4136853412381298,0.7389386217431992,0.7389386217431992,0.7226226452487219,1.9563258230740177,1.9343171598401665,1.2815515655446001,0.9887500011632678,0.655080841048691,0.30053983400693596,False
normal|K10|N500|share0.3|tau0.0,normal,10,500,0.3,0.0,1.1538468782873679,0.2,within_full,17,200,0.83527,0.09876995810020159,0.006984090715016371,0.0,1.5133588754207326,1.469238210828306,0.7735719978601306,0.7735719978601306,0.7510191776335393,1.9563258230740177,1.9343171598401665,1.2815515655446001,0.9887500011632678,0.655080841048691,0.30053983400693596,False
normal|K10|N500|share0.3|tau0.0,normal,10,500,0.3,0.0,1.1538468782873679,0.2,within_full,20,200,0.81133,0.09268269259973885,0.0065536560435903585,0.0,1.4071906948703616,1.3721519316747803,0.7193028268978281,0.7193028268978281,0.701392332243863,1.9563258230740177,1.9343171598401665,1.2815515655446001,0.9887500011632678,0.655080841048691,0.30053983400693596,False
normal|K10|N500|share0.3|tau0.0,normal,10,500,0.3,0.0,1.1538468782873679,0.2,within_full,25,200,0.8121800000000001,0.07938588155934766,0.005613429518108682,0.0,1.3893682398253064,1.3692859413908915,0.7101926598515993,0.7101926598515993,0.6999273460692261,1.9563258230740177,1.9343171598401665,1.2815515655446001,0.9887500011632678,0.655080841048691,0.30053983400693596,False
normal|K10|N500|share0.3|tau0.0,normal,10,500,0.3,0.0,1.1538468782873679,0.2,within_full,35,200,0.8093699999999999,0.06994716670926183,0.004946011590490497,0.0,1.3565374343413714,1.3584934800038702,0.6934107899316149,0.6934107899316149,0.6944106467240918,1.9563258230740177,1.9343171598401665,1.2815515655446001,0.9887500011632678,0.655080841048691,0.30053983400693596,False
normal|K10|N500|share0.3|tau0.0,normal,10,500,0.3,0.0,1.1538468782873679,0.2,within_full,50,200,0.8083499999999999,0.058403358305036984,0.0041297410701559316,0.0,1.33967215967358,1.3448786804782489,0.6847898974049852,0.6847898974049852,0.6874512745351444,1.9563258230740177,1.9343171598401665,1.2815515655446001,0.9887500011632678,0.655080841048691,0.30053983400693596,False
normal|K10|N500|share0.3|tau0.0,normal,10,500,0.3,0.0,1.1538468782873679,0.2,within_full,100,200,0.80404,0.04421962546632331,0.003126799702876656,0.0,1.3126523927729352,1.3106951022833342,0.6709784113110235,0.6709784113110235,0.6699779182098666,1.9563258230740177,1.9343171598401665,1.2815515655446001,0.9887500011632678,0.655080841048691,0.30053983400693596,False
normal|K10|N500|share0.3|tau0.0,normal,10,500,0.3,0.0,1.1538468782873679,0.2,within_plain,3,200,1.0,0.0,0.0,1.0,inf,inf,inf,inf,inf,1.9563258230740177,1.9343171598401665,1.2815515655446001,0.9887500011632678,0.655080841048691,0.30053983400693596,False
normal|K10|N500|share0.3|tau0.0,normal,10,500,0.3,0.0,1.1538468782873679,0.2,within_plain,5,200,0.82923,0.16600498600007296,0.011738325131142948,0.0,2.268920641263836,2.2297814251527255,1.159786685072035,1.159786685072035,1.1397801934899683,1.9563258230740177,1.9343171598401665,1.2815515655446001,0.9887500011632678,0.655080841048691,0.30053983400693596,False
normal|K10|N500|share0.3|tau0.0,normal,10,500,0.3,0.0,1.1538468782873679,0.2,within_plain,9,200,0.7903600000000001,0.13460424179626634,0.009517957215061363,0.0,2.002673063511513,1.8637689216631697,1.0236909618484047,1.0236909618484047,0.9526884017380031,1.9563258230740177,1.9343171598401665,1.2815515655446001,0.9887500011632678,0.655080841048691,0.30053983400693596,False
normal|K10|N500|share0.3|tau0.0,normal,10,500,0.3,0.0,1.1538468782873679,0.2,within_plain,10,200,0.81286,0.12040543068605115,0.008513949652979358,0.0,2.0784899060606943,1.9712727050172099,1.0624456731827612,1.0624456731827612,1.007640282496351,1.9563258230740177,1.9343171598401665,1.2815515655446001,0.9887500011632678,0.655080841048691,0.30053983400693596,False
normal|K10|N500|share0.3|tau0.0,normal,10,500,0.3,0.0,1.1538468782873679,0.2,within_plain,12,200,0.84628,0.10313927550043082,0.007293048111302218,0.0,2.2160392467410217,2.0492153289151265,1.1327557100171128,1.1327557100171128,1.0474816131063227,1.9563258230740177,1.9343171598401665,1.2815515655446001,0.9887500011632678,0.655080841048691,0.30053983400693596,False
normal|K10|N500|share0.3|tau0.0,normal,10,500,0.3,0.0,1.1538468782873679,0.2,within_plain,15,200,0.80932,0.1044681077058362,0.00738701073765234,0.0,2.041462327836844,1.8699655096944423,1.043518571272064,1.043518571272064,0.9558558639051875,1.9563258230740177,1.9343171598401665,1.2815515655446001,0.9887500011632678,0.655080841048691,0.30053983400693596,False
normal|K10|N500|share0.3|tau0.0,normal,10,500,0.3,0.0,1.1538468782873679,0.2,within_plain,17,200,0.8303,0.09700391123026869,0.006859212343254088,0.0,2.1206619006868213,1.938246483785378,1.0840024067946814,1.0840024067946814,0.9907585234139415,1.9563258230740177,1.9343171598401665,1.2815515655446001,0.9887500011632678,0.655080841048691,0.30053983400693596,False
normal|K10|N500|share0.3|tau0.0,normal,10,500,0.3,0.0,1.1538468782873679,0.2,within_plain,20,200,0.8084599999999998,0.0890814567104077,0.0062990102117905155,0.0,2.0129942042512994,1.8125859186528754,1.0289667398492124,1.0289667398492124,0.9265255803886079,1.9563258230740177,1.9343171598401665,1.2815515655446001,0.9887500011632678,0.655080841048691,0.30053983400693596,False
normal|K10|N500|share0.3|tau0.0,normal,10,500,0.3,0.0,1.1538468782873679,0.2,within_plain,25,200,0.8005099999999998,0.07834314354621927,0.005539696806100275,0.0,1.9708737380763623,1.7652694975611376,1.0074363456387265,1.0074363456387265,0.9023392099314678,1.9563258230740177,1.9343171598401665,1.2815515655446001,0.9887500011632678,0.655080841048691,0.30053983400693596,False
normal|K10|N500|share0.3|tau0.0,normal,10,500,0.3,0.0,1.1538468782873679,0.2,within_plain,35,200,0.79975,0.06629337491626855,0.004687649495103566,0.0,1.9602489887197825,1.7614116169456464,1.0020053743601869,1.0020053743601869,0.9003672068172681,1.9563258230740177,1.9343171598401665,1.2815515655446001,0.9887500011632678,0.655080841048691,0.30053983400693596,False
normal|K10|N500|share0.3|tau0.0,normal,10,500,0.3,0.0,1.1538468782873679,0.2,within_plain,50,200,0.80025,0.06086575969720239,0.004303859142396268,0.0,1.9582781270495935,1.7911070463140546,1.0009979441831973,1.0009979441831973,0.9155463906823296,1.9563258230740177,1.9343171598401665,1.2815515655446001,0.9887500011632678,0.655080841048691,0.30053983400693596,False
normal|K10|N500|share0.3|tau0.0,normal,10,500,0.3,0.0,1.1538468782873679,0.2,within_plain,100,200,0.79816,0.042773382039012015,0.003024534849406827,0.0,1.9405273499826408,1.7409310876221453,0.9919244162168485,0.9919244162168485,0.8898983324191785,1.9563258230740177,1.9343171598401665,1.2815515655446001,0.9887500011632678,0.655080841048691,0.30053983400693596,False
normal|K10|Nunequal|share0.3|tau0.0,normal,10,unequal,0.3,0.0,1.1538468782873679,0.1,ghcp,0,200,0.99865,0.006936720439246584,0.0004905002061786586,0.0,5.244739932566733,5.187331998079138,2.0857734005807145,2.0857734005807145,2.0629429181781473,2.5145300688495253,2.3217810373625527,1.6448536269514722,0.9233459031272744,0.6541395735641542,0.29837335289200345,False
normal|K10|Nunequal|share0.3|tau0.0,normal,10,unequal,0.3,0.0,1.1538468782873679,0.1,ghcp,3,200,0.99777,0.008849784939044382,0.000625774294244086,0.0,4.680666761685023,4.630201896751457,1.8614479181100314,1.8614479181100314,1.8413786154762173,2.5145300688495253,2.3217810373625527,1.6448536269514722,0.9233459031272744,0.6541395735641542,0.29837335289200345,False
normal|K10|Nunequal|share0.3|tau0.0,normal,10,unequal,0.3,0.0,1.1538468782873679,0.1,ghcp,5,200,0.9976,0.008600572611531812,0.0006081523215701438,0.0,4.42340347632441,4.380036168721032,1.759137236465123,1.759137236465123,1.741890551630998,2.5145300688495253,2.3217810373625527,1.6448536269514722,0.9233459031272744,0.6541395735641542,0.29837335289200345,False
normal|K10|Nunequal|share0.3|tau0.0,normal,10,unequal,0.3,0.0,1.1538468782873679,0.1,ghcp,9,200,0.9963599999999999,0.010605317714198646,0.0007499092072347677,0.0,4.109162368044728,4.092231287511854,1.634167122894973,1.634167122894973,1.6274338247958093,2.5145300688495253,2.3217810373625527,1.6448536269514722,0.9233459031272744,0.6541395735641542,0.29837335289200345,False
normal|K10|Nunequal|share0.3|tau0.0,normal,10,unequal,0.3,0.0,1.1538468782873679,0.1,ghcp,10,200,0.9963999999999998,0.012484362077511694,0.0008827777083796693,0.0,3.9990625644677014,3.995418086067284,1.5903816836429379,1.5903816836429379,1.588932316047153,2.5145300688495253,2.3217810373625527,1.6448536269514722,0.9233459031272744,0.6541395735641542,0.29837335289200345,False
normal|K10|Nunequal|share0.3|tau0.0,normal,10,unequal,0.3,0.0,1.1538468782873679,0.1,ghcp,12,200,0.99676,0.010678603036636878,0.0007550912620805194,0.0,3.9048652983819068,3.8626570092174477,1.5529205026243738,1.5529205026243738,1.53613474623699,2.5145300688495253,2.3217810373625527,1.6448536269514722,0.9233459031272744,0.6541395735641542,0.29837335289200345,False
normal|K10|Nunequal|share0.3|tau0.0,normal,10,unequal,0.3,0.0,1.1538468782873679,0.1,ghcp,15,200,0.99473,0.015674038324150378,0.0011083218787584562,0.0,3.738156958381189,3.6834089281335975,1.4866224924848523,1.4866224924848523,1.464849823736198,2.5145300688495253,2.3217810373625527,1.6448536269514722,0.9233459031272744,0.6541395735641542,0.29837335289200345,False
normal|K10|Nunequal|share0.3|tau0.0,normal,10,unequal,0.3,0.0,1.1538468782873679,0.1,ghcp,17,200,0.9950199999999999,0.012419776739996448,0.0008782108353674441,0.0,3.6209386477215806,3.5651185439455046,1.440006103954951,1.440006103954951,1.4178070837612435,2.5145300688495253,2.3217810373625527,1.6448536269514722,0.9233459031272744,0.6541395735641542,0.29837335289200345,False
normal|K10|Nunequal|share0.3|tau0.0,normal,10,unequal,0.3,0.0,1.1538468782873679,0.1,ghcp,20,200,0.99512,0.012051213996688046,0.0008521495138588353,0.0,3.5517265133474036,3.5542318149202843,1.4124812255565617,1.4124812255565617,1.4134775554887096,2.5145300688495253,2.3217810373625527,1.6448536269514722,0.9233459031272744,0.6541395735641542,0.29837335289200345,False
normal|K10|Nunequal|share0.3|tau0.0,normal,10,unequal,0.3,0.0,1.1538468782873679,0.1,ghcp,25,200,0.99414,0.011743506705781873,0.0008303913226568056,0.0,3.3924115624367106,3.3208730281230383,1.349123482141871,1.349123482141871,1.3206734209555262,2.5145300688495253,2.3217810373625527,1.6448536269514722,0.9233459031272744,0.6541395735641542,0.29837335289200345,False
normal|K10|Nunequal|share0.3|tau0.0,normal,10,unequal,0.3,0.0,1.1538468782873679,0.1,ghcp,35,200,0.99286,0.01120213547480926,0.0007921105958008012,0.0,3.1599038647434976,3.198736038748619,1.2566578160623272,1.2566578160623272,1.272100929861673,2.5145300688495253,2.3217810373625527,1.6448536269514722,0.9233459031272744,0.6541395735641542,0.29837335289200345,False
normal|K10|Nunequal|share0.3|tau0.0,normal,10,unequal,0.3,0.0,1.1538468782873679,0.1,ghcp,50,200,0.98993,0.012110674721544439,0.0008563540220348576,0.0,2.9229337954990826,2.922395521247451,1.1624175155862877,1.1624175155862877,1.1622034500404825,2.5145300688495253,2.3217810373625527,1.6448536269514722,0.9233459031272744,0.6541395735641542,0.29837335289200345,False
normal|K10|Nunequal|share0.3|tau0.0,normal,10,unequal,0.3,0.0,1.1538468782873679,0.1,ghcp,100,200,0.97572,0.025228236553472973,0.0017839057144339073,0.015000000000000013,2.499418818647615,2.493915499773591,inf,0.9939904277188362,0.9987924562818049,2.5145300688495253,2.3217810373625527,1.6448536269514722,0.9233459031272744,0.6541395735641542,0.29837335289200345,False
normal|K10|Nunequal|share0.3|tau0.0,normal,10,unequal,0.3,0.0,1.1538468782873679,0.1,ghcp_noad,0,200,0.99863,0.006961711509081542,0.0004922673416735991,0.0,5.257901560987368,5.1782527052565115,2.091007630460756,2.091007630460756,2.059332186719771,2.5145300688495253,2.3217810373625527,1.6448536269514722,0.9233459031272744,0.6541395735641542,0.29837335289200345,False
normal|K10|Nunequal|share0.3|tau0.0,normal,10,unequal,0.3,0.0,1.1538468782873679,0.1,ghcp_noad,3,200,0.99701,0.013201183896961932,0.0009334646653232435,0.0,4.671156780477906,4.65884360517134,1.8576659067811834,1.8576659067811834,1.8527690970515627,2.5145300688495253,2.3217810373625527,1.6448536269514722,0.9233459031272744,0.6541395735641542,0.29837335289200345,False
normal|K10|Nunequal|share0.3|tau0.0,normal,10,unequal,0.3,0.0,1.1538468782873679,0.1,ghcp_noad,5,200,0.99542,0.01643453894551834,0.0011620973934050429,0.0,4.543571523058174,4.4955155071669575,1.8069267014718966,1.8069267014718966,1.7878153706962006,2.5145300688495253,2.3217810373625527,1.6448536269514722,0.9233459031272744,0.6541395735641542,0.29837335289200345,False
normal|K10|Nunequal|share0.3|tau0.0,normal,10,unequal,0.3,0.0,1.1538468782873679,0.1,ghcp_noad,9,200,0.9931200000000001,0.02332522089173522,0.0016493421865220103,0.0,4.3351308262062,4.284066509528504,1.7240322078111618,1.7240322078111618,1.703724510038806,2.5145300688495253,2.3217810373625527,1.6448536269514722,0.9233459031272744,0.6541395735641542,0.29837335289200345,False
normal|K10|Nunequal|share0.3|tau0.0,normal,10,unequal,0.3,0.0,1.1538468782873679,0.1,ghcp_noad,10,200,0.99209,0.02721904262473306,0.001924676961735443,0.0,4.301110030801898,4.253659114419499,1.7105025245412109,1.7105025245412109,1.6916318349558164,2.5145300688495253,2.3217810373625527,1.6448536269514722,0.9233459031272744,0.6541395735641542,0.29837335289200345,False
normal|K10|Nunequal|share0.3|tau0.0,normal,10,unequal,0.3,0.0,1.1538468782873679,0.1,ghcp_noad,12,200,0.9911399999999999,0.0273841167329938,0.0019363494638703922,0.0,4.2036187404040275,4.149777043819494,1.671731347530599,1.671731347530599,1.6503191173681784,2.5145300688495253,2.3217810373625527,1.6448536269514722,0.9233459031272744,0.6541395735641542,0.29837335289200345,False
normal|K10|Nunequal|share0.3|tau0.0,normal,10,unequal,0.3,0.0,1.1538468782873679,0.1,ghcp_noad,15,200,0.9903399999999999,0.027450538433726718,0.001941046187371011,0.0,4.096176991224345,4.066523543092572,1.6290029862710969,1.6290029862710969,1.6172101473231262,2.5145300688495253,2.3217810373625527,1.6448536269514722,0.9233459031272744,0.6541395735641542,0.29837335289200345,False
normal|K10|Nunequal|share0.3|tau0.0,normal,10,unequal,0.3,0.0,1.1538468782873679,0.1,ghcp_noad,17,200,0.98909,0.03155328746341249,0.0022311543534107446,0.0,4.054553640182158,4.009729144743357,1.6124498531199674,1.6124498531199674,1.594623661262452,2.5145300688495253,2.3217810373625527,1.6448536269514722,0.9233459031272744,0.6541395735641542,0.29837335289200345,False
normal|K10|Nunequal|share0.3|tau0.0,normal,10,unequal,0.3,0.0,1.1538468782873679,0.1,ghcp_noad,20,200,0.9868799999999999,0.0374754271248635,0.002649912864785326,0.0,3.986509411117221,3.9503199774682107,1.5853894373755375,1.5853894373755375,1.5709973113487572,2.5145300688495253,2.3217810373625527,1.6448536269514722,0.9233459031272744,0.6541395735641542,0.29837335289200345,False
normal|K10|Nunequal|share0.3|tau0.0,normal,10,unequal,0.3,0.0,1.1538468782873679,0.1,ghcp_noad,25,200,0.98496,0.042185024373668854,0.0029829316799141036,0.0,3.9408131236059667,3.8620139858138476,1.567216543729385,1.567216543729385,1.5358790231452022,2.5145300688495253,2.3217810373625527,1.6448536269514722,0.9233459031272744,0.6541395735641542,0.29837335289200345,False
normal|K10|Nunequal|share0.3|tau0.0,normal,10,unequal,0.3,0.0,1.1538468782873679,0.1,ghcp_noad,35,200,0.98399,0.03684082152522208,0.0026050394724967856,0.0,3.7559842509751773,3.7183561278734176,1.493712203924312,1.493712203924312,1.4787479274704713,2.5145300688495253,2.3217810373625527,1.6448536269514722,0.9233459031272744,0.6541395735641542,0.29837335289200345,False
normal|K10|Nunequal|share0.3|tau0.0,normal,10,unequal,0.3,0.0,1.1538468782873679,0.1,ghcp_noad,50,200,0.97497,0.05508950323640766,0.0038954161310662113,0.0,3.612834089082669,3.5454044856767712,1.436783013191666,1.436783013191666,1.4099670270791003,2.5145300688495253,2.3217810373625527,1.6448536269514722,0.9233459031272744,0.6541395735641542,0.29837335289200345,False
normal|K10|Nunequal|share0.3|tau0.0,normal,10,unequal,0.3,0.0,1.1538468782873679,0.1,ghcp_noad,100,200,0.9586699999999999,0.07459351218639264,0.0052745578299519605,0.0050000000000000044,3.2892027609038026,3.1782775506370515,inf,1.3080785160022816,1.264404459352761,2.5145300688495253,2.3217810373625527,1.6448536269514722,0.9233459031272744,0.6541395735641542,0.29837335289200345,False
normal|K10|Nunequal|share0.3|tau0.0,normal,10,unequal,0.3,0.0,1.1538468782873679,0.1,ghcp_r05,0,200,1.0,0.0,0.0,1.0,inf,inf,inf,inf,inf,2.5145300688495253,2.3217810373625527,1.6448536269514722,0.9233459031272744,0.6541395735641542,0.29837335289200345,False
normal|K10|Nunequal|share0.3|tau0.0,normal,10,unequal,0.3,0.0,1.1538468782873679,0.1,ghcp_r05,3,200,1.0,0.0,0.0,1.0,inf,inf,inf,inf,inf,2.5145300688495253,2.3217810373625527,1.6448536269514722,0.9233459031272744,0.6541395735641542,0.29837335289200345,False
normal|K10|Nunequal|share0.3|tau0.0,normal,10,unequal,0.3,0.0,1.1538468782873679,0.1,ghcp_r05,5,200,1.0,0.0,0.0,1.0,inf,inf,inf,inf,inf,2.5145300688495253,2.3217810373625527,1.6448536269514722,0.9233459031272744,0.6541395735641542,0.29837335289200345,False
normal|K10|Nunequal|share0.3|tau0.0,normal,10,unequal,0.3,0.0,1.1538468782873679,0.1,ghcp_r05,9,200,1.0,0.0,0.0,1.0,inf,inf,inf,inf,inf,2.5145300688495253,2.3217810373625527,1.6448536269514722,0.9233459031272744,0.6541395735641542,0.29837335289200345,False
normal|K10|Nunequal|share0.3|tau0.0,normal,10,unequal,0.3,0.0,1.1538468782873679,0.1,ghcp_r05,10,200,1.0,0.0,0.0,1.0,inf,inf,inf,inf,inf,2.5145300688495253,2.3217810373625527,1.6448536269514722,0.9233459031272744,0.6541395735641542,0.29837335289200345,False
normal|K10|Nunequal|share0.3|tau0.0,normal,10,unequal,0.3,0.0,1.1538468782873679,0.1,ghcp_r05,12,200,1.0,0.0,0.0,1.0,inf,inf,inf,inf,inf,2.5145300688495253,2.3217810373625527,1.6448536269514722,0.9233459031272744,0.6541395735641542,0.29837335289200345,False
normal|K10|Nunequal|share0.3|tau0.0,normal,10,unequal,0.3,0.0,1.1538468782873679,0.1,ghcp_r05,15,200,1.0,0.0,0.0,1.0,inf,inf,inf,inf,inf,2.5145300688495253,2.3217810373625527,1.6448536269514722,0.9233459031272744,0.6541395735641542,0.29837335289200345,False
normal|K10|Nunequal|share0.3|tau0.0,normal,10,unequal,0.3,0.0,1.1538468782873679,0.1,ghcp_r05,17,200,1.0,0.0,0.0,1.0,inf,inf,inf,inf,inf,2.5145300688495253,2.3217810373625527,1.6448536269514722,0.9233459031272744,0.6541395735641542,0.29837335289200345,False
normal|K10|Nunequal|share0.3|tau0.0,normal,10,unequal,0.3,0.0,1.1538468782873679,0.1,ghcp_r05,20,200,1.0,0.0,0.0,1.0,inf,inf,inf,inf,inf,2.5145300688495253,2.3217810373625527,1.6448536269514722,0.9233459031272744,0.6541395735641542,0.29837335289200345,False
normal|K10|Nunequal|share0.3|tau0.0,normal,10,unequal,0.3,0.0,1.1538468782873679,0.1,ghcp_r05,25,200,1.0,0.0,0.0,1.0,inf,inf,inf,inf,inf,2.5145300688495253,2.3217810373625527,1.6448536269514722,0.9233459031272744,0.6541395735641542,0.29837335289200345,False
normal|K10|Nunequal|share0.3|tau0.0,normal,10,unequal,0.3,0.0,1.1538468782873679,0.1,ghcp_r05,35,200,1.0,0.0,0.0,1.0,inf,inf,inf,inf,inf,2.5145300688495253,2.3217810373625527,1.6448536269514722,0.9233459031272744,0.6541395735641542,0.29837335289200345,False
normal|K10|Nunequal|share0.3|tau0.0,normal,10,unequal,0.3,0.0,1.1538468782873679,0.1,ghcp_r05,50,200,1.0,0.0,0.0,1.0,inf,inf,inf,inf,inf,2.5145300688495253,2.3217810373625527,1.6448536269514722,0.9233459031272744,0.6541395735641542,0.29837335289200345,False
normal|K10|Nunequal|share0.3|tau0.0,normal,10,unequal,0.3,0.0,1.1538468782873679,0.1,ghcp_r05,100,200,0.9896299999999999,0.02295468772260278,0.0016231415348672013,0.71,2.3091413092371997,2.233070567178169,inf,0.9183192270568881,inf,2.5145300688495253,2.3217810373625527,1.6448536269514722,0.9233459031272744,0.6541395735641542,0.29837335289200345,False
normal|K10|Nunequal|share0.3|tau0.0,normal,10,unequal,0.3,0.0,1.1538468782873679,0.1,ghcp_r05code,0,200,1.0,0.0,0.0,1.0,inf,inf,inf,inf,inf,2.5145300688495253,2.3217810373625527,1.6448536269514722,0.9233459031272744,0.6541395735641542,0.29837335289200345,False
normal|K10|Nunequal|share0.3|tau0.0,normal,10,unequal,0.3,0.0,1.1538468782873679,0.1,ghcp_r05code,3,200,1.0,0.0,0.0,1.0,inf,inf,inf,inf,inf,2.5145300688495253,2.3217810373625527,1.6448536269514722,0.9233459031272744,0.6541395735641542,0.29837335289200345,False
normal|K10|Nunequal|share0.3|tau0.0,normal,10,unequal,0.3,0.0,1.1538468782873679,0.1,ghcp_r05code,5,200,1.0,0.0,0.0,1.0,inf,inf,inf,inf,inf,2.5145300688495253,2.3217810373625527,1.6448536269514722,0.9233459031272744,0.6541395735641542,0.29837335289200345,False
normal|K10|Nunequal|share0.3|tau0.0,normal,10,unequal,0.3,0.0,1.1538468782873679,0.1,ghcp_r05code,9,200,1.0,0.0,0.0,1.0,inf,inf,inf,inf,inf,2.5145300688495253,2.3217810373625527,1.6448536269514722,0.9233459031272744,0.6541395735641542,0.29837335289200345,False
normal|K10|Nunequal|share0.3|tau0.0,normal,10,unequal,0.3,0.0,1.1538468782873679,0.1,ghcp_r05code,10,200,1.0,0.0,0.0,1.0,inf,inf,inf,inf,inf,2.5145300688495253,2.3217810373625527,1.6448536269514722,0.9233459031272744,0.6541395735641542,0.29837335289200345,False
normal|K10|Nunequal|share0.3|tau0.0,normal,10,unequal,0.3,0.0,1.1538468782873679,0.1,ghcp_r05code,12,200,1.0,0.0,0.0,1.0,inf,inf,inf,inf,inf,2.5145300688495253,2.3217810373625527,1.6448536269514722,0.9233459031272744,0.6541395735641542,0.29837335289200345,False
normal|K10|Nunequal|share0.3|tau0.0,normal,10,unequal,0.3,0.0,1.1538468782873679,0.1,ghcp_r05code,15,200,1.0,0.0,0.0,1.0,inf,inf,inf,inf,inf,2.5145300688495253,2.3217810373625527,1.6448536269514722,0.9233459031272744,0.6541395735641542,0.29837335289200345,False
normal|K10|Nunequal|share0.3|tau0.0,normal,10,unequal,0.3,0.0,1.1538468782873679,0.1,ghcp_r05code,17,200,1.0,0.0,0.0,1.0,inf,inf,inf,inf,inf,2.5145300688495253,2.3217810373625527,1.6448536269514722,0.9233459031272744,0.6541395735641542,0.29837335289200345,False
normal|K10|Nunequal|share0.3|tau0.0,normal,10,unequal,0.3,0.0,1.1538468782873679,0.1,ghcp_r05code,20,200,1.0,0.0,0.0,1.0,inf,inf,inf,inf,inf,2.5145300688495253,2.3217810373625527,1.6448536269514722,0.9233459031272744,0.6541395735641542,0.29837335289200345,False
normal|K10|Nunequal|share0.3|tau0.0,normal,10,unequal,0.3,0.0,1.1538468782873679,0.1,ghcp_r05code,25,200,1.0,0.0,0.0,1.0,inf,inf,inf,inf,inf,2.5145300688495253,2.3217810373625527,1.6448536269514722,0.9233459031272744,0.6541395735641542,0.29837335289200345,False
normal|K10|Nunequal|share0.3|tau0.0,normal,10,unequal,0.3,0.0,1.1538468782873679,0.1,ghcp_r05code,35,200,1.0,0.0,0.0,1.0,inf,inf,inf,inf,inf,2.5145300688495253,2.3217810373625527,1.6448536269514722,0.9233459031272744,0.6541395735641542,0.29837335289200345,False
normal|K10|Nunequal|share0.3|tau0.0,normal,10,unequal,0.3,0.0,1.1538468782873679,0.1,ghcp_r05code,50,200,1.0,0.0,0.0,1.0,inf,inf,inf,inf,inf,2.5145300688495253,2.3217810373625527,1.6448536269514722,0.9233459031272744,0.6541395735641542,0.29837335289200345,False
normal|K10|Nunequal|share0.3|tau0.0,normal,10,unequal,0.3,0.0,1.1538468782873679,0.1,ghcp_r05code,100,200,0.98783,0.02397802804956506,0.00169550262333287,0.69,2.30161499186091,2.0977126895179317,inf,0.9153260962649651,inf,2.5145300688495253,2.3217810373625527,1.6448536269514722,0.9233459031272744,0.6541395735641542,0.29837335289200345,False
normal|K10|Nunequal|share0.3|tau0.0,normal,10,unequal,0.3,0.0,1.1538468782873679,0.1,hcp,0,200,0.98176,0.045838940238743034,0.0032413025485220097,0.0,3.7365358946244704,3.6965249965780913,1.4859778138720168,1.4859778138720168,1.4700659349320744,2.5145300688495253,2.3217810373625527,1.6448536269514722,0.9233459031272744,0.6541395735641542,0.29837335289200345,False
normal|K10|Nunequal|share0.3|tau0.0,normal,10,unequal,0.3,0.0,1.1538468782873679,0.1,one_per,0,200,0.89631,0.1707206242894775,0.012071771112349037,0.0,2.84967576378187,2.834582511056191,1.133283629845669,1.133283629845669,1.127281214956041,2.5145300688495253,2.3217810373625527,1.6448536269514722,0.9233459031272744,0.6541395735641542,0.29837335289200345,False
normal|K10|Nunequal|share0.3|tau0.0,normal,10,unequal,0.3,0.0,1.1538468782873679,0.1,pooled,0,200,0.87818,0.14957254874034678,0.01057637634936546,0.0,2.4621108938184046,2.420441076303793,0.9791534904750198,0.9791534904750198,0.9625818781364658,2.5145300688495253,2.3217810373625527,1.6448536269514722,0.9233459031272744,0.6541395735641542,0.29837335289200345,False
normal|K10|Nunequal|share0.3|tau0.0,normal,10,unequal,0.3,0.0,1.1538468782873679,0.1,within,3,200,1.0,0.0,0.0,1.0,inf,inf,inf,inf,inf,2.5145300688495253,2.3217810373625527,1.6448536269514722,0.9233459031272744,0.6541395735641542,0.29837335289200345,False
normal|K10|Nunequal|share0.3|tau0.0,normal,10,unequal,0.3,0.0,1.1538468782873679,0.1,within,5,200,1.0,0.0,0.0,1.0,inf,inf,inf,inf,inf,2.5145300688495253,2.3217810373625527,1.6448536269514722,0.9233459031272744,0.6541395735641542,0.29837335289200345,False
normal|K10|Nunequal|share0.3|tau0.0,normal,10,unequal,0.3,0.0,1.1538468782873679,0.1,within,9,200,1.0,0.0,0.0,1.0,inf,inf,inf,inf,inf,2.5145300688495253,2.3217810373625527,1.6448536269514722,0.9233459031272744,0.6541395735641542,0.29837335289200345,False
normal|K10|Nunequal|share0.3|tau0.0,normal,10,unequal,0.3,0.0,1.1538468782873679,0.1,within,10,200,1.0,0.0,0.0,1.0,inf,inf,inf,inf,inf,2.5145300688495253,2.3217810373625527,1.6448536269514722,0.9233459031272744,0.6541395735641542,0.29837335289200345,False
normal|K10|Nunequal|share0.3|tau0.0,normal,10,unequal,0.3,0.0,1.1538468782873679,0.1,within,12,200,1.0,0.0,0.0,1.0,inf,inf,inf,inf,inf,2.5145300688495253,2.3217810373625527,1.6448536269514722,0.9233459031272744,0.6541395735641542,0.29837335289200345,False
normal|K10|Nunequal|share0.3|tau0.0,normal,10,unequal,0.3,0.0,1.1538468782873679,0.1,within,15,200,1.0,0.0,0.0,1.0,inf,inf,inf,inf,inf,2.5145300688495253,2.3217810373625527,1.6448536269514722,0.9233459031272744,0.6541395735641542,0.29837335289200345,False
normal|K10|Nunequal|share0.3|tau0.0,normal,10,unequal,0.3,0.0,1.1538468782873679,0.1,within,17,200,0.9089499999999999,0.09369895930518317,0.006625516951481738,0.0,2.0057528280604027,1.9884213994529776,0.7976650798127443,0.7976650798127443,0.7907725678391833,2.5145300688495253,2.3217810373625527,1.6448536269514722,0.9233459031272744,0.6541395735641542,0.29837335289200345,False
normal|K10|Nunequal|share0.3|tau0.0,normal,10,unequal,0.3,0.0,1.1538468782873679,0.1,within,20,200,0.9115199999999999,0.09319245553607985,0.006589701726498787,0.0,2.004731628923156,2.0041702171677493,0.7972589605342765,0.7972589605342765,0.7970356934664609,2.5145300688495253,2.3217810373625527,1.6448536269514722,0.9233459031272744,0.6541395735641542,0.29837335289200345,False
normal|K10|Nunequal|share0.3|tau0.0,normal,10,unequal,0.3,0.0,1.1538468782873679,0.1,within,25,200,0.9311099999999999,0.07294623820555593,0.005158077969719781,0.0,2.1008963825837292,2.123065857884569,0.8355025889767758,0.8355025889767758,0.8443191370767487,2.5145300688495253,2.3217810373625527,1.6448536269514722,0.9233459031272744,0.6541395735641542,0.29837335289200345,False
normal|K10|Nunequal|share0.3|tau0.0,normal,10,unequal,0.3,0.0,1.1538468782873679,0.1,within,35,200,0.9490000000000001,0.05591342913637961,0.00395367649017275,0.0,2.223540546046726,2.1831220337358594,0.8842767774354211,0.8842767774354211,0.8682027949400122,2.5145300688495253,2.3217810373625527,1.6448536269514722,0.9233459031272744,0.6541395735641542,0.29837335289200345,False
normal|K10|Nunequal|share0.3|tau0.0,normal,10,unequal,0.3,0.0,1.1538468782873679,0.1,within,50,200,0.92975,0.04938249338851098,0.003491869594691596,0.0,1.939763802440916,1.9041920763513893,0.7714219950960529,0.7714219950960529,0.7572755243378797,2.5145300688495253,2.3217810373625527,1.6448536269514722,0.9233459031272744,0.6541395735641542,0.29837335289200345,False
normal|K10|Nunequal|share0.3|tau0.0,normal,10,unequal,0.3,0.0,1.1538468782873679,0.1,within,100,200,0.90161,0.04149841554158799,0.002934381103795408,0.0,1.7011938210816717,1.6918667995358276,0.6765454277745107,0.6765454277745107,0.6728361774213774,2.5145300688495253,2.3217810373625527,1.6448536269514722,0.9233459031272744,0.6541395735641542,0.29837335289200345,False
normal|K10|Nunequal|share0.3|tau0.0,normal,10,unequal,0.3,0.0,1.1538468782873679,0.1,within_full,3,200,1.0,0.0,0.0,1.0,inf,inf,inf,inf,inf,2.5145300688495253,2.3217810373625527,1.6448536269514722,0.9233459031272744,0.6541395735641542,0.29837335289200345,False
normal|K10|Nunequal|share0.3|tau0.0,normal,10,unequal,0.3,0.0,1.1538468782873679,0.1,within_full,5,200,1.0,0.0,0.0,1.0,inf,inf,inf,inf,inf,2.5145300688495253,2.3217810373625527,1.6448536269514722,0.9233459031272744,0.6541395735641542,0.29837335289200345,False
normal|K10|Nunequal|share0.3|tau0.0,normal,10,unequal,0.3,0.0,1.1538468782873679,0.1,within_full,9,200,0.8933,0.09492927809267265,0.00671251362724724,0.0,1.9214187825835858,1.8817579308739942,0.7641263894142628,0.7641263894142628,0.7483537199199037,2.5145300688495253,2.3217810373625527,1.6448536269514722,0.9233459031272744,0.6541395735641542,0.29837335289200345,False
normal|K10|Nunequal|share0.3|tau0.0,normal,10,unequal,0.3,0.0,1.1538468782873679,0.1,within_full,10,200,0.9014,0.08919359555168288,0.006306939625300524,0.0,1.954633471505016,1.8926283436769753,0.7773354933072326,0.7773354933072326,0.7526767594164863,2.5145300688495253,2.3217810373625527,1.6448536269514722,0.9233459031272744,0.6541395735641542,0.29837335289200345,False
normal|K10|Nunequal|share0.3|tau0.0,normal,10,unequal,0.3,0.0,1.1538468782873679,0.1,within_full,12,200,0.9193899999999999,0.08262215199327598,0.005842268395067107,0.0,2.057152067203616,2.0134005690895247,0.8181059724391468,0.8181059724391468,0.8007064994099342,2.5145300688495253,2.3217810373625527,1.6448536269514722,0.9233459031272744,0.6541395735641542,0.29837335289200345,False
normal|K10|Nunequal|share0.3|tau0.0,normal,10,unequal,0.3,0.0,1.1538468782873679,0.1,within_full,15,200,0.9369,0.07222654198308383,0.005107187761789344,0.0,2.1385013678379767,2.10392870102363,0.8504576637719056,0.8504576637719056,0.8367085075209468,2.5145300688495253,2.3217810373625527,1.6448536269514722,0.9233459031272744,0.6541395735641542,0.29837335289200345,False
normal|K10|Nunequal|share0.3|tau0.0,normal,10,unequal,0.3,0.0,1.1538468782873679,0.1,within_full,17,200,0.9434699999999999,0.0615555401455715,0.004352633985653436,0.0,2.178840849040268,2.1281415549388756,0.866500216494589,0.866500216494589,0.8463376840478846,2.5145300688495253,2.3217810373625527,1.6448536269514722,0.9233459031272744,0.6541395735641542,0.29837335289200345,False
normal|K10|Nunequal|share0.3|tau0.0,normal,10,unequal,0.3,0.0,1.1538468782873679,0.1,within_full,20,200,0.90523,0.07174625233151966,0.005073226154833869,0.0,1.8311743662358813,1.8372084910548658,0.7282372117640651,0.7282372117640651,0.7306369145529625,2.5145300688495253,2.3217810373625527,1.6448536269514722,0.9233459031272744,0.6541395735641542,0.29837335289200345,False
normal|K10|Nunequal|share0.3|tau0.0,normal,10,unequal,0.3,0.0,1.1538468782873679,0.1,within_full,25,200,0.925,0.055449918551217746,0.003920901342380781,0.0,1.9221217206136298,1.915179051956796,0.7644059398713253,0.7644059398713253,0.7616449195348254,2.5145300688495253,2.3217810373625527,1.6448536269514722,0.9233459031272744,0.6541395735641542,0.29837335289200345,False
normal|K10|Nunequal|share0.3|tau0.0,normal,10,unequal,0.3,0.0,1.1538468782873679,0.1,within_full,35,200,0.92012,0.04608475477981387,0.0032586842614125548,0.0,1.8356266010543476,1.8263052212048052,0.7300078148972793,0.7300078148972793,0.7263008081825785,2.5145300688495253,2.3217810373625527,1.6448536269514722,0.9233459031272744,0.6541395735641542,0.29837335289200345,False
normal|K10|Nunequal|share0.3|tau0.0,normal,10,unequal,0.3,0.0,1.1538468782873679,0.1,within_full,50,200,0.9075699999999999,0.04268895447502614,0.0030185649191054793,0.0,1.7365923480241572,1.7320019855845485,0.6906230192024314,0.6906230192024314,0.6887974842857983,2.5145300688495253,2.3217810373625527,1.6448536269514722,0.9233459031272744,0.6541395735641542,0.29837335289200345,False
normal|K10|Nunequal|share0.3|tau0.0,normal,10,unequal,0.3,0.0,1.1538468782873679,0.1,within_full,100,200,0.90452,0.03132468322097564,0.0022149895924072336,0.0,1.693332310248676,1.6772854892918678,0.6734189943584278,0.6734189943584278,0.6670373562322431,2.5145300688495253,2.3217810373625527,1.6448536269514722,0.9233459031272744,0.6541395735641542,0.29837335289200345,False
normal|K10|Nunequal|share0.3|tau0.0,normal,10,unequal,0.3,0.0,1.1538468782873679,0.1,within_plain,3,200,1.0,0.0,0.0,1.0,inf,inf,inf,inf,inf,2.5145300688495253,2.3217810373625527,1.6448536269514722,0.9233459031272744,0.6541395735641542,0.29837335289200345,False
normal|K10|Nunequal|share0.3|tau0.0,normal,10,unequal,0.3,0.0,1.1538468782873679,0.1,within_plain,5,200,1.0,0.0,0.0,1.0,inf,inf,inf,inf,inf,2.5145300688495253,2.3217810373625527,1.6448536269514722,0.9233459031272744,0.6541395735641542,0.29837335289200345,False
normal|K10|Nunequal|share0.3|tau0.0,normal,10,unequal,0.3,0.0,1.1538468782873679,0.1,within_plain,9,200,0.89485,0.09429440425267469,0.006667621267501189,0.0,2.5031942979132937,2.395411858910693,0.995491892868309,0.995491892868309,0.9526280431423384,2.5145300688495253,2.3217810373625527,1.6448536269514722,0.9233459031272744,0.6541395735641542,0.29837335289200345,False
normal|K10|Nunequal|share0.3|tau0.0,normal,10,unequal,0.3,0.0,1.1538468782873679,0.1,within_plain,10,200,0.9042500000000001,0.08820759832355742,0.0062372190926766585,0.0,2.5526998975091133,2.448182385362104,1.0151797065910815,1.0151797065910815,0.973614281129763,2.5145300688495253,2.3217810373625527,1.6448536269514722,0.9233459031272744,0.6541395735641542,0.29837335289200345,False
normal|K10|Nunequal|share0.3|tau0.0,normal,10,unequal,0.3,0.0,1.1538468782873679,0.1,within_plain,12,200,0.92161,0.0713171689915186,0.005042885380892977,0.0,2.647294445961633,2.5238164789761037,1.05279888228692,1.05279888228692,1.0036930996537363,2.5145300688495253,2.3217810373625527,1.6448536269514722,0.9233459031272744,0.6541395735641542,0.29837335289200345,False
normal|K10|Nunequal|share0.3|tau0.0,normal,10,unequal,0.3,0.0,1.1538468782873679,0.1,within_plain,15,200,0.9374899999999999,0.05629570080963768,0.003980707179414382,0.0,2.752587960583562,2.6094566751349855,1.0946729151037573,1.0946729151037573,1.0377512313181012,2.5145300688495253,2.3217810373625527,1.6448536269514722,0.9233459031272744,0.6541395735641542,0.29837335289200345,False
normal|K10|Nunequal|share0.3|tau0.0,normal,10,unequal,0.3,0.0,1.1538468782873679,0.1,within_plain,17,200,0.9434999999999999,0.05285183613569705,0.0037371891729711597,0.0,2.802588904436042,2.686632230297499,1.1145577216017593,1.1145577216017593,1.0684430715623598,2.5145300688495253,2.3217810373625527,1.6448536269514722,0.9233459031272744,0.6541395735641542,0.29837335289200345,False
normal|K10|Nunequal|share0.3|tau0.0,normal,10,unequal,0.3,0.0,1.1538468782873679,0.1,within_plain,20,200,0.9046699999999999,0.0720628640973251,0.005095613987494317,0.0,2.4632507266076797,2.360542643202856,0.9796067890071771,0.9796067890071771,0.9387609527703427,2.5145300688495253,2.3217810373625527,1.6448536269514722,0.9233459031272744,0.6541395735641542,0.29837335289200345,False
normal|K10|Nunequal|share0.3|tau0.0,normal,10,unequal,0.3,0.0,1.1538468782873679,0.1,within_plain,25,200,0.92251,0.059592248492585084,0.004213808301526073,0.0,2.560871948594541,2.4664943186457373,1.018429638332469,1.018429638332469,0.9808967286576269,2.5145300688495253,2.3217810373625527,1.6448536269514722,0.9233459031272744,0.6541395735641542,0.29837335289200345,False
normal|K10|Nunequal|share0.3|tau0.0,normal,10,unequal,0.3,0.0,1.1538468782873679,0.1,within_plain,35,200,0.9164500000000001,0.04924982463045582,0.0034824884968443558,0.0,2.4874187075049474,2.40378433334958,0.9892181200453958,0.9892181200453958,0.9559576809711345,2.5145300688495253,2.3217810373625527,1.6448536269514722,0.9233459031272744,0.6541395735641542,0.29837335289200345,False
normal|K10|Nunequal|share0.3|tau0.0,normal,10,unequal,0.3,0.0,1.1538468782873679,0.1,within_plain,50,200,0.90613,0.04143364374721169,0.002929801046292098,0.0,2.3919899783466407,2.2637047207616297,0.9512672001735294,0.9512672001735294,0.9002496127625721,2.5145300688495253,2.3217810373625527,1.6448536269514722,0.9233459031272744,0.6541395735641542,0.29837335289200345,False
normal|K10|Nunequal|share0.3|tau0.0,normal,10,unequal,0.3,0.0,1.1538468782873679,0.1,within_plain,100,200,0.9038299999999999,0.030740134667840757,0.0021736557678217875,0.0,2.3547699532225397,2.190372769535248,0.9364652196423797,0.9364652196423797,0.871086330074156,2.5145300688495253,2.3217810373625527,1.6448536269514722,0.9233459031272744,0.6541395735641542,0.29837335289200345,False
normal|K10|Nunequal|share0.3|tau0.0,normal,10,unequal,0.3,0.0,1.1538468782873679,0.2,ghcp,0,200,0.8625899999999999,0.16429508903618217,0.0116174171573132,0.0,2.3761084007463924,2.32143768261779,1.2147912130468617,1.2147912130468617,1.1868406751115024,1.955980892211748,1.9063391730822548,1.2815515655446001,0.9746205500640858,0.6551963624222684,0.29837335289200345,False
normal|K10|Nunequal|share0.3|tau0.0,normal,10,unequal,0.3,0.0,1.1538468782873679,0.2,ghcp,3,200,0.8674199999999999,0.1493574297082178,0.010561165136727392,0.0,2.2978070983584438,2.279737371593865,1.1747594812954292,1.1747594812954292,1.1655212894314246,1.955980892211748,1.9063391730822548,1.2815515655446001,0.9746205500640858,0.6551963624222684,0.29837335289200345,False
normal|K10|Nunequal|share0.3|tau0.0,normal,10,unequal,0.3,0.0,1.1538468782873679,0.2,ghcp,5,200,0.8710499999999999,0.13707525534588913,0.009692684258795575,0.0,2.223943099645758,2.2096410629153667,1.136996331866519,1.136996331866519,1.1296843807184587,1.955980892211748,1.9063391730822548,1.2815515655446001,0.9746205500640858,0.6551963624222684,0.29837335289200345,False
normal|K10|Nunequal|share0.3|tau0.0,normal,10,unequal,0.3,0.0,1.1538468782873679,0.2,ghcp,9,200,0.8728,0.12279181220964468,0.008682692308762485,0.0,2.1022684962822717,2.0850439185675524,1.0747898942433467,1.0747898942433467,1.0659837868916324,1.955980892211748,1.9063391730822548,1.2815515655446001,0.9746205500640858,0.6551963624222684,0.29837335289200345,False
normal|K10|Nunequal|share0.3|tau0.0,normal,10,unequal,0.3,0.0,1.1538468782873679,0.2,ghcp,10,200,0.87263,0.11450633872428286,0.008096820860078418,0.0,2.048765613785865,2.0404980706335016,1.0474364151222357,1.0474364151222357,1.0432096135285784,1.955980892211748,1.9063391730822548,1.2815515655446001,0.9746205500640858,0.6551963624222684,0.29837335289200345,False
normal|K10|Nunequal|share0.3|tau0.0,normal,10,unequal,0.3,0.0,1.1538468782873679,0.2,ghcp,12,200,0.87459,0.10771053661779084,0.007616285084768184,0.0,2.006967973491307,1.9932780645107502,1.026067269615249,1.026067269615249,1.0190682702717142,1.955980892211748,1.9063391730822548,1.2815515655446001,0.9746205500640858,0.6551963624222684,0.29837335289200345,False
normal|K10|Nunequal|share0.3|tau0.0,normal,10,unequal,0.3,0.0,1.1538468782873679,0.2,ghcp,15,200,0.8754500000000001,0.09935165452211356,0.0070252228634689615,0.0,1.9666133495644784,1.9599540020136026,1.0054358697444676,1.0054358697444676,1.002031262072996,1.955980892211748,1.9063391730822548,1.2815515655446001,0.9746205500640858,0.6551963624222684,0.29837335289200345,False
normal|K10|Nunequal|share0.3|tau0.0,normal,10,unequal,0.3,0.0,1.1538468782873679,0.2,ghcp,17,200,0.87791,0.09107516306124938,0.006439986539828,0.0,1.9375557403400439,1.9255083299406912,0.9905800961834195,0.9905800961834195,0.984420828244084,1.955980892211748,1.9063391730822548,1.2815515655446001,0.9746205500640858,0.6551963624222684,0.29837335289200345,False
normal|K10|Nunequal|share0.3|tau0.0,normal,10,unequal,0.3,0.0,1.1538468782873679,0.2,ghcp,20,200,0.87819,0.08126477538634413,0.005746287374728557,0.0,1.8858855031746429,1.8732629366468854,0.9641635614559385,0.9641635614559385,0.9577102435436737,1.955980892211748,1.9063391730822548,1.2815515655446001,0.9746205500640858,0.6551963624222684,0.29837335289200345,False
normal|K10|Nunequal|share0.3|tau0.0,normal,10,unequal,0.3,0.0,1.1538468782873679,0.2,ghcp,25,200,0.8774199999999999,0.074879760232404,0.005294798623395564,0.0,1.8391269165180881,1.8268268337675986,0.9402581200261493,0.9402581200261493,0.9339696727312572,1.955980892211748,1.9063391730822548,1.2815515655446001,0.9746205500640858,0.6551963624222684,0.29837335289200345,False
normal|K10|Nunequal|share0.3|tau0.0,normal,10,unequal,0.3,0.0,1.1538468782873679,0.2,ghcp,35,200,0.8781100000000001,0.05988974711121451,0.0042348446305887225,0.0,1.7558722354111083,1.7445964552576942,0.8976939613278304,0.8976939613278304,0.8919291912330348,1.955980892211748,1.9063391730822548,1.2815515655446001,0.9746205500640858,0.6551963624222684,0.29837335289200345,False
normal|K10|Nunequal|share0.3|tau0.0,normal,10,unequal,0.3,0.0,1.1538468782873679,0.2,ghcp,50,200,0.87772,0.04473755518824321,0.0031634228647314184,0.0,1.6839774390021476,1.6818256461270504,0.8609375713777913,0.8609375713777913,0.8598374620241339,1.955980892211748,1.9063391730822548,1.2815515655446001,0.9746205500640858,0.6551963624222684,0.29837335289200345,False
normal|K10|Nunequal|share0.3|tau0.0,normal,10,unequal,0.3,0.0,1.1538468782873679,0.2,ghcp,100,200,0.86733,0.0325618252300383,0.002302468742797129,0.0,1.5616425546768788,1.5820506561746865,0.7983935635030841,0.7983935635030841,0.8088272551506188,1.955980892211748,1.9063391730822548,1.2815515655446001,0.9746205500640858,0.6551963624222684,0.29837335289200345,False
normal|K10|Nunequal|share0.3|tau0.0,normal,10,unequal,0.3,0.0,1.1538468782873679,0.2,ghcp_noad,0,200,0.865,0.16044410727037917,0.011345111625230695,0.0,2.380043627238596,2.355516200303377,1.2168031071854357,1.2168031071854357,1.2042634003647397,1.955980892211748,1.9063391730822548,1.2815515655446001,0.9746205500640858,0.6551963624222684,0.29837335289200345,False
normal|K10|Nunequal|share0.3|tau0.0,normal,10,unequal,0.3,0.0,1.1538468782873679,0.2,ghcp_noad,3,200,0.86494,0.15927447438605713,0.011262406090830407,0.0,2.3847456018713102,2.347861806906872,1.2192070031802467,1.2192070031802467,1.2003500730786794,1.955980892211748,1.9063391730822548,1.2815515655446001,0.9746205500640858,0.6551963624222684,0.29837335289200345,False
normal|K10|Nunequal|share0.3|tau0.0,normal,10,unequal,0.3,0.0,1.1538468782873679,0.2,ghcp_noad,5,200,0.8641199999999999,0.16022078234572876,0.011329320168367867,0.0,2.3818623648337893,2.33897913195141,1.2177329412152238,1.2177329412152238,1.1958087838509415,1.955980892211748,1.9063391730822548,1.2815515655446001,0.9746205500640858,0.6551963624222684,0.29837335289200345,False
normal|K10|Nunequal|share0.3|tau0.0,normal,10,unequal,0.3,0.0,1.1538468782873679,0.2,ghcp_noad,9,200,0.86112,0.1647284520493435,0.011648060549845381,0.0,2.3663741746802973,2.326969408178103,1.2098145662376552,1.2098145662376552,1.1896687832910553,1.955980892211748,1.9063391730822548,1.2815515655446001,0.9746205500640858,0.6551963624222684,0.29837335289200345,False
normal|K10|Nunequal|share0.3|tau0.0,normal,10,unequal,0.3,0.0,1.1538468782873679,0.2,ghcp_noad,10,200,0.8626699999999999,0.16085078793683139,0.011373868290933278,0.0,2.3709152020622377,2.346936653571219,1.2121361775581039,1.2121361775581039,1.1998770861802202,1.955980892211748,1.9063391730822548,1.2815515655446001,0.9746205500640858,0.6551963624222684,0.29837335289200345,False
normal|K10|Nunequal|share0.3|tau0.0,normal,10,unequal,0.3,0.0,1.1538468782873679,0.2,ghcp_noad,12,200,0.8612299999999999,0.16334575685155409,0.011550289234778285,0.0,2.3737512007800823,2.3382200833888467,1.213586088817021,1.213586088817021,1.1954207184227026,1.955980892211748,1.9063391730822548,1.2815515655446001,0.9746205500640858,0.6551963624222684,0.29837335289200345,False
normal|K10|Nunequal|share0.3|tau0.0,normal,10,unequal,0.3,0.0,1.1538468782873679,0.2,ghcp_noad,15,200,0.86,0.16677948610343127,0.01179309055865438,0.0,2.362623823553307,2.3357729354227317,1.207897190080289,1.207897190080289,1.1941696080586601,1.955980892211748,1.9063391730822548,1.2815515655446001,0.9746205500640858,0.6551963624222684,0.29837335289200345,False
normal|K10|Nunequal|share0.3|tau0.0,normal,10,unequal,0.3,0.0,1.1538468782873679,0.2,ghcp_noad,17,200,0.861,0.16222213196879923,0.011470836957367695,0.0,2.3600104090426295,2.331852504956844,1.2065610755399663,1.2065610755399663,1.1921652784246142,1.955980892211748,1.9063391730822548,1.2815515655446001,0.9746205500640858,0.6551963624222684,0.29837335289200345,False
normal|K10|Nunequal|share0.3|tau0.0,normal,10,unequal,0.3,0.0,1.1538468782873679,0.2,ghcp_noad,20,200,0.85957,0.163043155183716,0.011528892065645618,0.0,2.3512403123389087,2.3048136336507925,1.2020773422179074,1.2020773422179074,1.1783415895462037,1.955980892211748,1.9063391730822548,1.2815515655446001,0.9746205500640858,0.6551963624222684,0.29837335289200345,False
normal|K10|Nunequal|share0.3|tau0.0,normal,10,unequal,0.3,0.0,1.1538468782873679,0.2,ghcp_noad,25,200,0.8592400000000001,0.1638242175972673,0.011584121518560824,0.0,2.352001731499468,2.3109243584083425,1.2024666196201512,1.2024666196201512,1.1814657124769958,1.955980892211748,1.9063391730822548,1.2815515655446001,0.9746205500640858,0.6551963624222684,0.29837335289200345,False
normal|K10|Nunequal|share0.3|tau0.0,normal,10,unequal,0.3,0.0,1.1538468782873679,0.2,ghcp_noad,35,200,0.85705,0.16169267175881075,0.011433398466882565,0.0,2.327037518561107,2.281131436688205,1.1897036048904255,1.1897036048904255,1.1662340086097616,1.955980892211748,1.9063391730822548,1.2815515655446001,0.9746205500640858,0.6551963624222684,0.29837335289200345,False
normal|K10|Nunequal|share0.3|tau0.0,normal,10,unequal,0.3,0.0,1.1538468782873679,0.2,ghcp_noad,50,200,0.8509099999999999,0.16450220905483184,0.011632062754283867,0.0,2.3046607294648296,2.273175922487508,1.1782634169083357,1.1782634169083357,1.1621667325783986,1.955980892211748,1.9063391730822548,1.2815515655446001,0.9746205500640858,0.6551963624222684,0.29837335289200345,False
normal|K10|Nunequal|share0.3|tau0.0,normal,10,unequal,0.3,0.0,1.1538468782873679,0.2,ghcp_noad,100,200,0.8403300000000001,0.17108718603720927,0.012097690942103508,0.0,2.237506374468554,2.196790540843735,1.143930589188153,1.143930589188153,1.1231145199786126,1.955980892211748,1.9063391730822548,1.2815515655446001,0.9746205500640858,0.6551963624222684,0.29837335289200345,False
normal|K10|Nunequal|share0.3|tau0.0,normal,10,unequal,0.3,0.0,1.1538468782873679,0.2,ghcp_r05,0,200,0.99273,0.03212549356326556,0.0022716154347549858,0.0,4.5698936082918244,4.4663073390661,2.336369249049445,2.336369249049445,2.283410516355184,1.955980892211748,1.9063391730822548,1.2815515655446001,0.9746205500640858,0.6551963624222684,0.29837335289200345,False
normal|K10|Nunequal|share0.3|tau0.0,normal,10,unequal,0.3,0.0,1.1538468782873679,0.2,ghcp_r05,3,200,0.98918,0.035083928087519665,0.0024808083461346337,0.0,4.043157679462135,3.9532851981650174,2.0670742212058566,2.0670742212058566,2.02112669602554,1.955980892211748,1.9063391730822548,1.2815515655446001,0.9746205500640858,0.6551963624222684,0.29837335289200345,False
normal|K10|Nunequal|share0.3|tau0.0,normal,10,unequal,0.3,0.0,1.1538468782873679,0.2,ghcp_r05,5,200,0.98779,0.031452858559402656,0.002224052957505496,0.0,3.803588977959308,3.6838953575640216,1.944594138472568,1.944594138472568,1.883400483221702,1.955980892211748,1.9063391730822548,1.2815515655446001,0.9746205500640858,0.6551963624222684,0.29837335289200345,False
normal|K10|Nunequal|share0.3|tau0.0,normal,10,unequal,0.3,0.0,1.1538468782873679,0.2,ghcp_r05,9,200,0.98674,0.032261687531994675,0.0022812458026394925,0.0,3.4713627262905242,3.4243049642528987,1.7747426573095202,1.7747426573095202,1.7506842617367426,1.955980892211748,1.9063391730822548,1.2815515655446001,0.9746205500640858,0.6551963624222684,0.29837335289200345,False
normal|K10|Nunequal|share0.3|tau0.0,normal,10,unequal,0.3,0.0,1.1538468782873679,0.2,ghcp_r05,10,200,0.9863299999999999,0.029667353425886885,0.002097798678730257,0.0,3.3905662034044384,3.3194088767699936,1.733435237994844,1.733435237994844,1.6970558812650434,1.955980892211748,1.9063391730822548,1.2815515655446001,0.9746205500640858,0.6551963624222684,0.29837335289200345,False
normal|K10|Nunequal|share0.3|tau0.0,normal,10,unequal,0.3,0.0,1.1538468782873679,0.2,ghcp_r05,12,200,0.9853399999999999,0.0333232138743335,0.002356307050147086,0.0,3.2962138070437845,3.2129223910121025,1.6851973453158597,1.6851973453158597,1.6426144057977243,1.955980892211748,1.9063391730822548,1.2815515655446001,0.9746205500640858,0.6551963624222684,0.29837335289200345,False
normal|K10|Nunequal|share0.3|tau0.0,normal,10,unequal,0.3,0.0,1.1538468782873679,0.2,ghcp_r05,15,200,0.9860099999999999,0.024383450603156703,0.0017241703270219316,0.0,3.163667690133614,3.1203295377174927,1.6174328198862213,1.6174328198862213,1.595276083801179,1.955980892211748,1.9063391730822548,1.2815515655446001,0.9746205500640858,0.6551963624222684,0.29837335289200345,False
normal|K10|Nunequal|share0.3|tau0.0,normal,10,unequal,0.3,0.0,1.1538468782873679,0.2,ghcp_r05,17,200,0.98333,0.028635485944477734,0.002024834629391227,0.0,3.0590975271169327,2.9893806803739507,1.563971069092512,1.563971069092512,1.5283281612192408,1.955980892211748,1.9063391730822548,1.2815515655446001,0.9746205500640858,0.6551963624222684,0.29837335289200345,False
normal|K10|Nunequal|share0.3|tau0.0,normal,10,unequal,0.3,0.0,1.1538468782873679,0.2,ghcp_r05,20,200,0.9826599999999999,0.025433812021988553,0.001798442095217204,0.0,2.9453104240304655,2.878101391187795,1.5057971352163986,1.5057971352163986,1.471436353313937,1.955980892211748,1.9063391730822548,1.2815515655446001,0.9746205500640858,0.6551963624222684,0.29837335289200345,False
normal|K10|Nunequal|share0.3|tau0.0,normal,10,unequal,0.3,0.0,1.1538468782873679,0.2,ghcp_r05,25,200,0.97756,0.030425564495574632,0.002151412297624948,0.0,2.7864551618754403,2.70944187059545,1.424581995136274,1.424581995136274,1.3852087622040712,1.955980892211748,1.9063391730822548,1.2815515655446001,0.9746205500640858,0.6551963624222684,0.29837335289200345,False
normal|K10|Nunequal|share0.3|tau0.0,normal,10,unequal,0.3,0.0,1.1538468782873679,0.2,ghcp_r05,35,200,0.9723699999999998,0.027457836109553418,0.0019415622109774072,0.0,2.5594418274271824,2.5056455694393778,1.3085208744207433,1.3085208744207433,1.281017406364379,1.955980892211748,1.9063391730822548,1.2815515655446001,0.9746205500640858,0.6551963624222684,0.29837335289200345,False
normal|K10|Nunequal|share0.3|tau0.0,normal,10,unequal,0.3,0.0,1.1538468782873679,0.2,ghcp_r05,50,200,0.96354,0.028894338789291433,0.002043138289580947,0.0,2.3390185281679066,2.3115591095396786,1.1958289252626768,1.1958289252626768,1.1817902305404715,1.955980892211748,1.9063391730822548,1.2815515655446001,0.9746205500640858,0.6551963624222684,0.29837335289200345,False
normal|K10|Nunequal|share0.3|tau0.0,normal,10,unequal,0.3,0.0,1.1538468782873679,0.2,ghcp_r05,100,200,0.92053,0.04802908561826502,0.003396169213486448,0.0,1.8807321244328137,1.8782918065862328,0.961528884009779,0.961528884009779,0.9602812655610009,1.955980892211748,1.9063391730822548,1.2815515655446001,0.9746205500640858,0.6551963624222684,0.29837335289200345,False
normal|K10|Nunequal|share0.3|tau0.0,normal,10,unequal,0.3,0.0,1.1538468782873679,0.2,hcp,0,200,0.8569200000000001,0.16603176302038802,0.011740218552407422,0.0,2.335059473909136,2.305646390001076,1.1938048491203515,1.1938048491203515,1.178767338260621,1.955980892211748,1.9063391730822548,1.2815515655446001,0.9746205500640858,0.6551963624222684,0.29837335289200345,False
normal|K10|Nunequal|share0.3|tau0.0,normal,10,unequal,0.3,0.0,1.1538468782873679,0.2,one_per,0,200,0.80292,0.21774946093777928,0.015397212042881896,0.0,2.183966535876126,2.094735579410237,1.1165582161728487,1.1165582161728487,1.0709386721265926,1.955980892211748,1.9063391730822548,1.2815515655446001,0.9746205500640858,0.6551963624222684,0.29837335289200345,False
normal|K10|Nunequal|share0.3|tau0.0,normal,10,unequal,0.3,0.0,1.1538468782873679,0.2,pooled,0,200,0.77511,0.1979395062656859,0.01399643671451836,0.0,1.9409724367955588,1.9149306451247754,0.9923268905765137,0.9923268905765137,0.9790129610926033,1.955980892211748,1.9063391730822548,1.2815515655446001,0.9746205500640858,0.6551963624222684,0.29837335289200345,False
normal|K10|Nunequal|share0.3|tau0.0,normal,10,unequal,0.3,0.0,1.1538468782873679,0.2,within,3,200,1.0,0.0,0.0,1.0,inf,inf,inf,inf,inf,1.955980892211748,1.9063391730822548,1.2815515655446001,0.9746205500640858,0.6551963624222684,0.29837335289200345,False
normal|K10|Nunequal|share0.3|tau0.0,normal,10,unequal,0.3,0.0,1.1538468782873679,0.2,within,5,200,1.0,0.0,0.0,1.0,inf,inf,inf,inf,inf,1.955980892211748,1.9063391730822548,1.2815515655446001,0.9746205500640858,0.6551963624222684,0.29837335289200345,False
normal|K10|Nunequal|share0.3|tau0.0,normal,10,unequal,0.3,0.0,1.1538468782873679,0.2,within,9,200,0.8418599999999999,0.12742924098214833,0.00901060804199318,0.0,1.7474199805157886,1.6834494960653386,0.8933727254052434,0.8933727254052434,0.8606676592641753,1.955980892211748,1.9063391730822548,1.2815515655446001,0.9746205500640858,0.6551963624222684,0.29837335289200345,False
normal|K10|Nunequal|share0.3|tau0.0,normal,10,unequal,0.3,0.0,1.1538468782873679,0.2,within,10,200,0.83501,0.13945190594019058,0.009860738833969734,0.0,1.7087647284915244,1.6216802165886397,0.8736101335628688,0.8736101335628688,0.829087964532673,1.955980892211748,1.9063391730822548,1.2815515655446001,0.9746205500640858,0.6551963624222684,0.29837335289200345,False
normal|K10|Nunequal|share0.3|tau0.0,normal,10,unequal,0.3,0.0,1.1538468782873679,0.2,within,12,200,0.8599199999999999,0.13189257696813902,0.009326213556233975,0.0,1.8143277179386148,1.8185918342134424,0.9275794692897245,0.9275794692897245,0.9297595091315278,1.955980892211748,1.9063391730822548,1.2815515655446001,0.9746205500640858,0.6551963624222684,0.29837335289200345,False
normal|K10|Nunequal|share0.3|tau0.0,normal,10,unequal,0.3,0.0,1.1538468782873679,0.2,within,15,200,0.89861,0.10073263232974904,0.007122872740713679,0.0,1.9722039220562015,1.940020810347657,1.008294063561178,1.008294063561178,0.9918403692348734,1.955980892211748,1.9063391730822548,1.2815515655446001,0.9746205500640858,0.6551963624222684,0.29837335289200345,False
normal|K10|Nunequal|share0.3|tau0.0,normal,10,unequal,0.3,0.0,1.1538468782873679,0.2,within,17,200,0.8218099999999999,0.12070573004763137,0.008535184024475295,0.0,1.5357631306868134,1.4767934322746497,0.7851626448918076,0.7851626448918076,0.7550142428051783,1.955980892211748,1.9063391730822548,1.2815515655446001,0.9746205500640858,0.6551963624222684,0.29837335289200345,False
normal|K10|Nunequal|share0.3|tau0.0,normal,10,unequal,0.3,0.0,1.1538468782873679,0.2,within,20,200,0.83357,0.12324912508480884,0.008715029212277734,0.0,1.5817920679209039,1.5773701835580238,0.8086950512754112,0.8086950512754112,0.8064343521139383,1.955980892211748,1.9063391730822548,1.2815515655446001,0.9746205500640858,0.6551963624222684,0.29837335289200345,False
normal|K10|Nunequal|share0.3|tau0.0,normal,10,unequal,0.3,0.0,1.1538468782873679,0.2,within,25,200,0.86111,0.10520039694596185,0.007438791406400619,0.0,1.6564174060713908,1.6644445496314881,0.846847437348111,0.846847437348111,0.8509513340641065,1.955980892211748,1.9063391730822548,1.2815515655446001,0.9746205500640858,0.6551963624222684,0.29837335289200345,False
normal|K10|Nunequal|share0.3|tau0.0,normal,10,unequal,0.3,0.0,1.1538468782873679,0.2,within,35,200,0.84347,0.08349873829275753,0.005904252406732969,0.0,1.5236481640001716,1.4698480135261103,0.778968838635887,0.778968838635887,0.751463380536434,1.955980892211748,1.9063391730822548,1.2815515655446001,0.9746205500640858,0.6551963624222684,0.29837335289200345,False
normal|K10|Nunequal|share0.3|tau0.0,normal,10,unequal,0.3,0.0,1.1538468782873679,0.2,within,50,200,0.81922,0.0681165982325444,0.004816570852159174,0.0,1.3976927779064834,1.373672637684645,0.7145738404049676,0.7145738404049676,0.7022934851532978,1.955980892211748,1.9063391730822548,1.2815515655446001,0.9746205500640858,0.6551963624222684,0.29837335289200345,False
normal|K10|Nunequal|share0.3|tau0.0,normal,10,unequal,0.3,0.0,1.1538468782873679,0.2,within,100,200,0.8061799999999999,0.05799192111469376,0.004100648067423529,0.0,1.3254230012817105,1.3321970394278442,0.6776257409053589,0.6776257409053589,0.6810889844232819,1.955980892211748,1.9063391730822548,1.2815515655446001,0.9746205500640858,0.6551963624222684,0.29837335289200345,False
normal|K10|Nunequal|share0.3|tau0.0,normal,10,unequal,0.3,0.0,1.1538468782873679,0.2,within_full,3,200,1.0,0.0,0.0,1.0,inf,inf,inf,inf,inf,1.955980892211748,1.9063391730822548,1.2815515655446001,0.9746205500640858,0.6551963624222684,0.29837335289200345,False
normal|K10|Nunequal|share0.3|tau0.0,normal,10,unequal,0.3,0.0,1.1538468782873679,0.2,within_full,5,200,0.8183500000000001,0.14679551120709639,0.010380010142228368,0.0,1.7311371817364503,1.6162020147441907,0.8850481048303835,0.8850481048303835,0.8262872204833513,1.955980892211748,1.9063391730822548,1.2815515655446001,0.9746205500640858,0.6551963624222684,0.29837335289200345,False
normal|K10|Nunequal|share0.3|tau0.0,normal,10,unequal,0.3,0.0,1.1538468782873679,0.2,within_full,9,200,0.7906099999999999,0.12525755536445454,0.008857046679305522,0.0,1.4191651131430343,1.3981669509186143,0.7255516241461321,0.7255516241461321,0.7148162625134957,1.955980892211748,1.9063391730822548,1.2815515655446001,0.9746205500640858,0.6551963624222684,0.29837335289200345,False
normal|K10|Nunequal|share0.3|tau0.0,normal,10,unequal,0.3,0.0,1.1538468782873679,0.2,within_full,10,200,0.81251,0.11406301661272145,0.008065473252944915,0.0,1.475661473832584,1.4474063208680938,0.7544355262918561,0.7544355262918561,0.7399900104501647,1.955980892211748,1.9063391730822548,1.2815515655446001,0.9746205500640858,0.6551963624222684,0.29837335289200345,False
normal|K10|Nunequal|share0.3|tau0.0,normal,10,unequal,0.3,0.0,1.1538468782873679,0.2,within_full,12,200,0.8454200000000001,0.10140551757658393,0.007170452912813413,0.0,1.574242847245206,1.547922261446045,0.8048354937992838,0.8048354937992838,0.7913790301375154,1.955980892211748,1.9063391730822548,1.2815515655446001,0.9746205500640858,0.6551963624222684,0.29837335289200345,False
normal|K10|Nunequal|share0.3|tau0.0,normal,10,unequal,0.3,0.0,1.1538468782873679,0.2,within_full,15,200,0.8183599999999999,0.10176784300232923,0.007196073189367494,0.0,1.4396732604503841,1.430629673605782,0.7360364644577163,0.7360364644577163,0.7314129086343379,1.955980892211748,1.9063391730822548,1.2815515655446001,0.9746205500640858,0.6551963624222684,0.29837335289200345,False
normal|K10|Nunequal|share0.3|tau0.0,normal,10,unequal,0.3,0.0,1.1538468782873679,0.2,within_full,17,200,0.8352799999999999,0.0919689788207232,0.006503188858293534,0.0,1.4942523492485504,1.4587342906494412,0.7639401566744894,0.7639401566744894,0.7457814626194843,1.955980892211748,1.9063391730822548,1.2815515655446001,0.9746205500640858,0.6551963624222684,0.29837335289200345,False
normal|K10|Nunequal|share0.3|tau0.0,normal,10,unequal,0.3,0.0,1.1538468782873679,0.2,within_full,20,200,0.81637,0.08746044676734574,0.006184387499479523,0.0,1.4127769868989564,1.3791196169521678,0.7222856790290229,0.7222856790290229,0.7050782665840423,1.955980892211748,1.9063391730822548,1.2815515655446001,0.9746205500640858,0.6551963624222684,0.29837335289200345,False
normal|K10|Nunequal|share0.3|tau0.0,normal,10,unequal,0.3,0.0,1.1538468782873679,0.2,within_full,25,200,0.8092900000000001,0.0865390137713772,0.006119232347493684,0.0,1.3792632736362072,1.3749418007007206,0.7051517114140053,0.7051517114140053,0.7029423478395995,1.955980892211748,1.9063391730822548,1.2815515655446001,0.9746205500640858,0.6551963624222684,0.29837335289200345,False
normal|K10|Nunequal|share0.3|tau0.0,normal,10,unequal,0.3,0.0,1.1538468782873679,0.2,within_full,35,200,0.80897,0.07040756512002566,0.004978566674320358,0.0,1.3541058984200383,1.354112680721172,0.692289941998803,0.692289941998803,0.6922934094667937,1.955980892211748,1.9063391730822548,1.2815515655446001,0.9746205500640858,0.6551963624222684,0.29837335289200345,False
normal|K10|Nunequal|share0.3|tau0.0,normal,10,unequal,0.3,0.0,1.1538468782873679,0.2,within_full,50,200,0.80943,0.05377727285179944,0.0038026274307226605,0.0,1.3393804627836925,1.3278425540627596,0.6847615271277894,0.6847615271277894,0.6788627431637568,1.955980892211748,1.9063391730822548,1.2815515655446001,0.9746205500640858,0.6551963624222684,0.29837335289200345,False
normal|K10|Nunequal|share0.3|tau0.0,normal,10,unequal,0.3,0.0,1.1538468782873679,0.2,within_full,100,200,0.80732,0.041294354560798795,0.0029199518134662462,0.0,1.3153306136660359,1.3196386346373346,0.6724659831306995,0.6724659831306995,0.6746684693556173,1.955980892211748,1.9063391730822548,1.2815515655446001,0.9746205500640858,0.6551963624222684,0.29837335289200345,False
normal|K10|Nunequal|share0.3|tau0.0,normal,10,unequal,0.3,0.0,1.1538468782873679,0.2,within_plain,3,200,1.0,0.0,0.0,1.0,inf,inf,inf,inf,inf,1.955980892211748,1.9063391730822548,1.2815515655446001,0.9746205500640858,0.6551963624222684,0.29837335289200345,False
normal|K10|Nunequal|share0.3|tau0.0,normal,10,unequal,0.3,0.0,1.1538468782873679,0.2,within_plain,5,200,0.82348,0.13760583720235417,0.009730202061663673,0.0,2.175002867341566,2.1195202155312924,1.111975518780327,1.111975518780327,1.0836098777706467,1.955980892211748,1.9063391730822548,1.2815515655446001,0.9746205500640858,0.6551963624222684,0.29837335289200345,False
normal|K10|Nunequal|share0.3|tau0.0,normal,10,unequal,0.3,0.0,1.1538468782873679,0.2,within_plain,9,200,0.79405,0.11758908736501311,0.008314804106933815,0.0,1.9756897026712443,1.878892375172979,1.0100761773992641,1.0100761773992641,0.9605883077152149,1.955980892211748,1.9063391730822548,1.2815515655446001,0.9746205500640858,0.6551963624222684,0.29837335289200345,False
normal|K10|Nunequal|share0.3|tau0.0,normal,10,unequal,0.3,0.0,1.1538468782873679,0.2,within_plain,10,200,0.812,0.11050364372445783,0.00781378758233864,0.0,2.0395699576525486,1.941012060606906,1.0427351135042435,1.0427351135042435,0.9923471483466714,1.955980892211748,1.9063391730822548,1.2815515655446001,0.9746205500640858,0.6551963624222684,0.29837335289200345,False
normal|K10|Nunequal|share0.3|tau0.0,normal,10,unequal,0.3,0.0,1.1538468782873679,0.2,within_plain,12,200,0.84387,0.09436997169539126,0.006672964692619371,0.0,2.150293184163533,2.048952038653729,1.0993426330111356,1.0993426330111356,1.0475317252904517,1.955980892211748,1.9063391730822548,1.2815515655446001,0.9746205500640858,0.6551963624222684,0.29837335289200345,False
normal|K10|Nunequal|share0.3|tau0.0,normal,10,unequal,0.3,0.0,1.1538468782873679,0.2,within_plain,15,200,0.8105,0.09499828086251967,0.006717392859895188,0.0,2.005489075132423,1.8848283440168838,1.0253111792235827,1.0253111792235827,0.9636230862590853,1.955980892211748,1.9063391730822548,1.2815515655446001,0.9746205500640858,0.6551963624222684,0.29837335289200345,False
normal|K10|Nunequal|share0.3|tau0.0,normal,10,unequal,0.3,0.0,1.1538468782873679,0.2,within_plain,17,200,0.8286199999999999,0.0931018548520083,0.006583295290690074,0.0,2.074772235561842,1.9431131798895567,1.0607323639116788,1.0607323639116788,0.9934213507026437,1.955980892211748,1.9063391730822548,1.2815515655446001,0.9746205500640858,0.6551963624222684,0.29837335289200345,False
normal|K10|Nunequal|share0.3|tau0.0,normal,10,unequal,0.3,0.0,1.1538468782873679,0.2,within_plain,20,200,0.80934,0.08879746250165975,0.006278928788708177,0.0,1.9859422309232764,1.8214178665021,1.0153178074646982,1.0153178074646982,0.9312043250292239,1.955980892211748,1.9063391730822548,1.2815515655446001,0.9746205500640858,0.6551963624222684,0.29837335289200345,False
normal|K10|Nunequal|share0.3|tau0.0,normal,10,unequal,0.3,0.0,1.1538468782873679,0.2,within_plain,25,200,0.80661,0.08109952877692445,0.005734602674919683,0.0,1.964160227818967,1.7891554900770918,1.0041817052711441,1.0041817052711441,0.9147101064233729,1.955980892211748,1.9063391730822548,1.2815515655446001,0.9746205500640858,0.6551963624222684,0.29837335289200345,False
normal|K10|Nunequal|share0.3|tau0.0,normal,10,unequal,0.3,0.0,1.1538468782873679,0.2,within_plain,35,200,0.80444,0.06582698809613763,0.0046546709667865055,0.0,1.9432518169391642,1.7875375490936398,0.9934922292322653,0.9934922292322653,0.9138829301508979,1.955980892211748,1.9063391730822548,1.2815515655446001,0.9746205500640858,0.6551963624222684,0.29837335289200345,False
normal|K10|Nunequal|share0.3|tau0.0,normal,10,unequal,0.3,0.0,1.1538468782873679,0.2,within_plain,50,200,0.80775,0.056010744661965886,0.00396055773697843,0.0,1.9509386047824229,1.7738004597674122,0.9974221182582089,0.9974221182582089,0.9068598097406089,1.955980892211748,1.9063391730822548,1.2815515655446001,0.9746205500640858,0.6551963624222684,0.29837335289200345,False
normal|K10|Nunequal|share0.3|tau0.0,normal,10,unequal,0.3,0.0,1.1538468782873679,0.2,within_plain,100,200,0.8031899999999998,0.04229168753042202,0.0029904739040583963,0.0,1.9236978976872439,1.7249906885740798,0.9834952403405132,0.9834952403405132,0.8819056952154204,1.955980892211748,1.9063391730822548,1.2815515655446001,0.9746205500640858,0.6551963624222684,0.29837335289200345,False
semireal|K10|Ndata|sharenan|taunan,semireal,10,data,,,,0.1,ghcp,0,200,0.9952799999999999,0.02984182084519615,0.002110135388259227,0.0,3.3022006895684854,3.111084452306265,2.836806509369751,2.836806509369751,2.657944317135275,1.1788890945736454,1.1507823201101834,0.7734660570130879,0.9833332634014993,0.6620316717213752,,False
semireal|K10|Ndata|sharenan|taunan,semireal,10,data,,,,0.1,ghcp,3,200,0.99496,0.02598566284255289,0.0018374638409596445,0.0,3.05384978850485,2.907609499477495,2.6172180676833716,2.6172180676833716,2.4680222541309274,1.1788890945736454,1.1507823201101834,0.7734660570130879,0.9833332634014993,0.6620316717213752,,False
semireal|K10|Ndata|sharenan|taunan,semireal,10,data,,,,0.1,ghcp,5,200,0.9943500000000001,0.029170396985668666,0.0020626585518469936,0.0,2.94471323164629,2.860507403383689,2.5316458024548827,2.5316458024548827,2.323133487589546,1.1788890945736454,1.1507823201101834,0.7734660570130879,0.9833332634014993,0.6620316717213752,,False
semireal|K10|Ndata|sharenan|taunan,semireal,10,data,,,,0.1,ghcp,9,200,0.99519,0.028436014746679374,0.002010729885729765,0.0,2.7486200255349034,2.635048886360296,2.3608481313438885,2.3608481313438885,2.2222514747318405,1.1788890945736454,1.1507823201101834,0.7734660570130879,0.9833332634014993,0.6620316717213752,,False
semireal|K10|Ndata|sharenan|taunan,semireal,10,data,,,,0.1,ghcp,10,200,0.9958699999999999,0.02080208483946601,0.001470929525280429,0.0,2.7074531443556484,2.633337367043443,2.3258847839117585,2.3258847839117585,2.1627927111088643,1.1788890945736454,1.1507823201101834,0.7734660570130879,0.9833332634014993,0.6620316717213752,,False
semireal|K10|Ndata|sharenan|taunan,semireal,10,data,,,,0.1,ghcp,12,200,0.99625,0.021316412625866032,0.001507297991832041,0.0,2.6542087143324555,2.5760936131915315,2.2834980624061285,2.2834980624061285,2.1507902620653905,1.1788890945736454,1.1507823201101834,0.7734660570130879,0.9833332634014993,0.6620316717213752,,False
semireal|K10|Ndata|sharenan|taunan,semireal,10,data,,,,0.1,ghcp,15,200,0.99602,0.018555894104843096,0.0013120998552514033,0.0,2.555643716339189,2.4751196747306174,2.202052169082469,2.202052169082469,2.0418371976623937,1.1788890945736454,1.1507823201101834,0.7734660570130879,0.9833332634014993,0.6620316717213752,,False
semireal|K10|Ndata|sharenan|taunan,semireal,10,data,,,,0.1,ghcp,17,200,0.9948999999999999,0.027725684262776926,0.0019605019355246707,0.0,2.492293644256762,2.4185285956774565,2.147559672157097,2.147559672157097,2.0059750181594618,1.1788890945736454,1.1507823201101834,0.7734660570130879,0.9833332634014993,0.6620316717213752,,False
semireal|K10|Ndata|sharenan|taunan,semireal,10,data,,,,0.1,ghcp,20,200,0.99509,0.023193134922594838,0.0016400022980741342,0.0,2.4176317590020977,2.3542579759648463,2.0826131316070335,2.0826131316070335,1.9443736176630293,1.1788890945736454,1.1507823201101834,0.7734660570130879,0.9833332634014993,0.6620316717213752,,False
semireal|K10|Ndata|sharenan|taunan,semireal,10,data,,,,0.1,ghcp,25,200,0.9966700000000001,0.017492312740890654,0.0012368932957719625,0.0,2.3576999558027807,2.291666808761207,2.0282856389273087,2.0282856389273087,1.9286614669397493,1.1788890945736454,1.1507823201101834,0.7734660570130879,0.9833332634014993,0.6620316717213752,,False
semireal|K10|Ndata|sharenan|taunan,semireal,10,data,,,,0.1,ghcp,35,200,0.99633,0.015651708529725993,0.0011067429238524576,0.0,2.211293533419725,2.170941827365967,1.9045011383315265,1.9045011383315265,1.810944975608356,1.1788890945736454,1.1507823201101834,0.7734660570130879,0.9833332634014993,0.6620316717213752,,False
semireal|K10|Ndata|sharenan|taunan,semireal,10,data,,,,0.1,ghcp,50,200,0.99605,0.015697437616970917,0.0011099764586212934,0.0,2.079350480226194,2.062016911102381,1.7884739148098487,1.7884739148098487,1.701342456374574,1.1788890945736454,1.1507823201101834,0.7734660570130879,0.9833332634014993,0.6620316717213752,,False
semireal|K10|Ndata|sharenan|taunan,semireal,10,data,,,,0.1,ghcp,100,200,0.9941999999999999,0.019316980318963322,0.0013659167775586043,0.0,1.8289888677766322,1.7896672717062883,1.5719533620389508,1.5719533620389508,1.492999473484225,1.1788890945736454,1.1507823201101834,0.7734660570130879,0.9833332634014993,0.6620316717213752,,False
semireal|K10|Ndata|sharenan|taunan,semireal,10,data,,,,0.1,ghcp_noad,0,200,0.99523,0.02984225024185487,0.0021101657511881466,0.0,3.2845912888432633,3.1064685273465935,2.8236025178089386,2.8236025178089386,2.606632878036173,1.1788890945736454,1.1507823201101834,0.7734660570130879,0.9833332634014993,0.6620316717213752,,False
semireal|K10|Ndata|sharenan|taunan,semireal,10,data,,,,0.1,ghcp_noad,3,200,0.9934700000000001,0.03569410941928907,0.002523954681879392,0.0,3.076625333082236,2.9305987216690514,2.6406671692209573,2.6406671692209573,2.4375689775906517,1.1788890945736454,1.1507823201101834,0.7734660570130879,0.9833332634014993,0.6620316717213752,,False
semireal|K10|Ndata|sharenan|taunan,semireal,10,data,,,,0.1,ghcp_noad,5,200,0.9925200000000001,0.04356211530042172,0.0030803067131758453,0.0,2.9495829879432396,2.8001703659771993,2.526030425443479,2.526030425443479,2.3270610619439864,1.1788890945736454,1.1507823201101834,0.7734660570130879,0.9833332634014993,0.6620316717213752,,False
semireal|K10|Ndata|sharenan|taunan,semireal,10,data,,,,0.1,ghcp_noad,9,200,0.98968,0.05466588878802689,0.003865462066160347,0.0,2.8684598519155706,2.7229611275033343,2.464074299658554,2.464074299658554,2.25384757939775,1.1788890945736454,1.1507823201101834,0.7734660570130879,0.9833332634014993,0.6620316717213752,,False
semireal|K10|Ndata|sharenan|taunan,semireal,10,data,,,,0.1,ghcp_noad,10,200,0.99177,0.04123772361862657,0.00291594740114275,0.0,2.8237750435073816,2.6968642599940367,2.4212194710017174,2.4212194710017174,2.2720097954978806,1.1788890945736454,1.1507823201101834,0.7734660570130879,0.9833332634014993,0.6620316717213752,,False
semireal|K10|Ndata|sharenan|taunan,semireal,10,data,,,,0.1,ghcp_noad,12,200,0.9898599999999999,0.05068952098499691,0.0035842904023589118,0.0,2.7869823178721096,2.6063766304047458,2.392041186130113,2.392041186130113,2.1839364470346494,1.1788890945736454,1.1507823201101834,0.7734660570130879,0.9833332634014993,0.6620316717213752,,False
semireal|K10|Ndata|sharenan|taunan,semireal,10,data,,,,0.1,ghcp_noad,15,200,0.98624,0.06906163877109162,0.004883395309489467,0.0,2.752499276827848,2.6761817992396724,2.3596181393516016,2.3596181393516016,2.171141416540606,1.1788890945736454,1.1507823201101834,0.7734660570130879,0.9833332634014993,0.6620316717213752,,False
semireal|K10|Ndata|sharenan|taunan,semireal,10,data,,,,0.1,ghcp_noad,17,200,0.9878300000000002,0.059003032883464875,0.004172144466247086,0.0,2.733383389552208,2.614978368513783,2.3435598203329078,2.3435598203329078,2.1827242352841596,1.1788890945736454,1.1507823201101834,0.7734660570130879,0.9833332634014993,0.6620316717213752,,False
semireal|K10|Ndata|sharenan|taunan,semireal,10,data,,,,0.1,ghcp_noad,20,200,0.9878800000000001,0.05947023747832728,0.0042051808199699585,0.0,2.6650724331956828,2.518249066681764,2.284911078352915,2.284911078352915,2.1178854689521076,1.1788890945736454,1.1507823201101834,0.7734660570130879,0.9833332634014993,0.6620316717213752,,False
semireal|K10|Ndata|sharenan|taunan,semireal,10,data,,,,0.1,ghcp_noad,25,200,0.98696,0.06436858686404706,0.0045515464266963,0.0,2.6453849150861872,2.539049167088855,2.273199213627685,2.273199213627685,2.0993369545344214,1.1788890945736454,1.1507823201101834,0.7734660570130879,0.9833332634014993,0.6620316717213752,,False
semireal|K10|Ndata|sharenan|taunan,semireal,10,data,,,,0.1,ghcp_noad,35,200,0.9837200000000001,0.07598863707702698,0.005373208057028928,0.0,2.5751708515516754,2.4780817593224027,2.2043905171753546,2.2043905171753546,2.0499904505724524,1.1788890945736454,1.1507823201101834,0.7734660570130879,0.9833332634014993,0.6620316717213752,,False
semireal|K10|Ndata|sharenan|taunan,semireal,10,data,,,,0.1,ghcp_noad,50,200,0.9838399999999998,0.07370001943230144,0.005211378351416067,0.0,2.485218543263691,2.373714276246032,2.131355852045003,2.131355852045003,1.9950154092820909,1.1788890945736454,1.1507823201101834,0.7734660570130879,0.9833332634014993,0.6620316717213752,,False
semireal|K10|Ndata|sharenan|taunan,semireal,10,data,,,,0.1,ghcp_noad,100,200,0.97848,0.08335966511955421,0.00589441844834765,0.0,2.2877021874228967,2.155233165229024,1.9530069113186783,1.9530069113186783,1.7904459607249072,1.1788890945736454,1.1507823201101834,0.7734660570130879,0.9833332634014993,0.6620316717213752,,False
semireal|K10|Ndata|sharenan|taunan,semireal,10,data,,,,0.1,ghcp_r05,0,200,1.0,0.0,0.0,1.0,inf,inf,inf,inf,inf,1.1788890945736454,1.1507823201101834,0.7734660570130879,0.9833332634014993,0.6620316717213752,,False
semireal|K10|Ndata|sharenan|taunan,semireal,10,data,,,,0.1,ghcp_r05,3,200,1.0,0.0,0.0,1.0,inf,inf,inf,inf,inf,1.1788890945736454,1.1507823201101834,0.7734660570130879,0.9833332634014993,0.6620316717213752,,False
semireal|K10|Ndata|sharenan|taunan,semireal,10,data,,,,0.1,ghcp_r05,5,200,1.0,0.0,0.0,1.0,inf,inf,inf,inf,inf,1.1788890945736454,1.1507823201101834,0.7734660570130879,0.9833332634014993,0.6620316717213752,,False
semireal|K10|Ndata|sharenan|taunan,semireal,10,data,,,,0.1,ghcp_r05,9,200,1.0,0.0,0.0,1.0,inf,inf,inf,inf,inf,1.1788890945736454,1.1507823201101834,0.7734660570130879,0.9833332634014993,0.6620316717213752,,False
semireal|K10|Ndata|sharenan|taunan,semireal,10,data,,,,0.1,ghcp_r05,10,200,1.0,0.0,0.0,1.0,inf,inf,inf,inf,inf,1.1788890945736454,1.1507823201101834,0.7734660570130879,0.9833332634014993,0.6620316717213752,,False
semireal|K10|Ndata|sharenan|taunan,semireal,10,data,,,,0.1,ghcp_r05,12,200,1.0,0.0,0.0,1.0,inf,inf,inf,inf,inf,1.1788890945736454,1.1507823201101834,0.7734660570130879,0.9833332634014993,0.6620316717213752,,False
semireal|K10|Ndata|sharenan|taunan,semireal,10,data,,,,0.1,ghcp_r05,15,200,1.0,0.0,0.0,1.0,inf,inf,inf,inf,inf,1.1788890945736454,1.1507823201101834,0.7734660570130879,0.9833332634014993,0.6620316717213752,,False
semireal|K10|Ndata|sharenan|taunan,semireal,10,data,,,,0.1,ghcp_r05,17,200,1.0,0.0,0.0,1.0,inf,inf,inf,inf,inf,1.1788890945736454,1.1507823201101834,0.7734660570130879,0.9833332634014993,0.6620316717213752,,False
semireal|K10|Ndata|sharenan|taunan,semireal,10,data,,,,0.1,ghcp_r05,20,200,1.0,0.0,0.0,1.0,inf,inf,inf,inf,inf,1.1788890945736454,1.1507823201101834,0.7734660570130879,0.9833332634014993,0.6620316717213752,,False
semireal|K10|Ndata|sharenan|taunan,semireal,10,data,,,,0.1,ghcp_r05,25,200,1.0,0.0,0.0,1.0,inf,inf,inf,inf,inf,1.1788890945736454,1.1507823201101834,0.7734660570130879,0.9833332634014993,0.6620316717213752,,False
semireal|K10|Ndata|sharenan|taunan,semireal,10,data,,,,0.1,ghcp_r05,35,200,1.0,0.0,0.0,1.0,inf,inf,inf,inf,inf,1.1788890945736454,1.1507823201101834,0.7734660570130879,0.9833332634014993,0.6620316717213752,,False
semireal|K10|Ndata|sharenan|taunan,semireal,10,data,,,,0.1,ghcp_r05,50,200,1.0,0.0,0.0,1.0,inf,inf,inf,inf,inf,1.1788890945736454,1.1507823201101834,0.7734660570130879,0.9833332634014993,0.6620316717213752,,False
semireal|K10|Ndata|sharenan|taunan,semireal,10,data,,,,0.1,ghcp_r05,100,200,1.0,0.0,0.0,1.0,inf,inf,inf,inf,inf,1.1788890945736454,1.1507823201101834,0.7734660570130879,0.9833332634014993,0.6620316717213752,,False
semireal|K10|Ndata|sharenan|taunan,semireal,10,data,,,,0.1,ghcp_r05code,0,200,1.0,0.0,0.0,1.0,inf,inf,inf,inf,inf,1.1788890945736454,1.1507823201101834,0.7734660570130879,0.9833332634014993,0.6620316717213752,,False
semireal|K10|Ndata|sharenan|taunan,semireal,10,data,,,,0.1,ghcp_r05code,3,200,1.0,0.0,0.0,1.0,inf,inf,inf,inf,inf,1.1788890945736454,1.1507823201101834,0.7734660570130879,0.9833332634014993,0.6620316717213752,,False
semireal|K10|Ndata|sharenan|taunan,semireal,10,data,,,,0.1,ghcp_r05code,5,200,1.0,0.0,0.0,1.0,inf,inf,inf,inf,inf,1.1788890945736454,1.1507823201101834,0.7734660570130879,0.9833332634014993,0.6620316717213752,,False
semireal|K10|Ndata|sharenan|taunan,semireal,10,data,,,,0.1,ghcp_r05code,9,200,1.0,0.0,0.0,1.0,inf,inf,inf,inf,inf,1.1788890945736454,1.1507823201101834,0.7734660570130879,0.9833332634014993,0.6620316717213752,,False
semireal|K10|Ndata|sharenan|taunan,semireal,10,data,,,,0.1,ghcp_r05code,10,200,1.0,0.0,0.0,1.0,inf,inf,inf,inf,inf,1.1788890945736454,1.1507823201101834,0.7734660570130879,0.9833332634014993,0.6620316717213752,,False
semireal|K10|Ndata|sharenan|taunan,semireal,10,data,,,,0.1,ghcp_r05code,12,200,1.0,0.0,0.0,1.0,inf,inf,inf,inf,inf,1.1788890945736454,1.1507823201101834,0.7734660570130879,0.9833332634014993,0.6620316717213752,,False
semireal|K10|Ndata|sharenan|taunan,semireal,10,data,,,,0.1,ghcp_r05code,15,200,1.0,0.0,0.0,1.0,inf,inf,inf,inf,inf,1.1788890945736454,1.1507823201101834,0.7734660570130879,0.9833332634014993,0.6620316717213752,,False
semireal|K10|Ndata|sharenan|taunan,semireal,10,data,,,,0.1,ghcp_r05code,17,200,1.0,0.0,0.0,1.0,inf,inf,inf,inf,inf,1.1788890945736454,1.1507823201101834,0.7734660570130879,0.9833332634014993,0.6620316717213752,,False
semireal|K10|Ndata|sharenan|taunan,semireal,10,data,,,,0.1,ghcp_r05code,20,200,1.0,0.0,0.0,1.0,inf,inf,inf,inf,inf,1.1788890945736454,1.1507823201101834,0.7734660570130879,0.9833332634014993,0.6620316717213752,,False
semireal|K10|Ndata|sharenan|taunan,semireal,10,data,,,,0.1,ghcp_r05code,25,200,1.0,0.0,0.0,1.0,inf,inf,inf,inf,inf,1.1788890945736454,1.1507823201101834,0.7734660570130879,0.9833332634014993,0.6620316717213752,,False
semireal|K10|Ndata|sharenan|taunan,semireal,10,data,,,,0.1,ghcp_r05code,35,200,1.0,0.0,0.0,1.0,inf,inf,inf,inf,inf,1.1788890945736454,1.1507823201101834,0.7734660570130879,0.9833332634014993,0.6620316717213752,,False
semireal|K10|Ndata|sharenan|taunan,semireal,10,data,,,,0.1,ghcp_r05code,50,200,1.0,0.0,0.0,1.0,inf,inf,inf,inf,inf,1.1788890945736454,1.1507823201101834,0.7734660570130879,0.9833332634014993,0.6620316717213752,,False
semireal|K10|Ndata|sharenan|taunan,semireal,10,data,,,,0.1,ghcp_r05code,100,200,1.0,0.0,0.0,1.0,inf,inf,inf,inf,inf,1.1788890945736454,1.1507823201101834,0.7734660570130879,0.9833332634014993,0.6620316717213752,,False
semireal|K10|Ndata|sharenan|taunan,semireal,10,data,,,,0.1,hcp,0,200,0.9666800000000001,0.12225575630516851,0.008644787432247466,0.0,2.08944857798718,1.9530620831837813,1.7859237852625744,1.7859237852625744,1.6564436861420222,1.1788890945736454,1.1507823201101834,0.7734660570130879,0.9833332634014993,0.6620316717213752,,False
semireal|K10|Ndata|sharenan|taunan,semireal,10,data,,,,0.1,one_per,0,200,0.8925,0.19293873842212092,0.013642829029185918,0.0,1.5174895374388484,1.3449001651802917,1.2866929760572925,1.2866929760572925,1.1348274385278412,1.1788890945736454,1.1507823201101834,0.7734660570130879,0.9833332634014993,0.6620316717213752,,False
semireal|K10|Ndata|sharenan|taunan,semireal,10,data,,,,0.1,pooled,0,200,0.8431500000000001,0.20253195665705864,0.014321171995918609,0.0,1.089236191859041,1.0272005814037217,0.9272951244848937,0.9272951244848937,0.8859192931551363,1.1788890945736454,1.1507823201101834,0.7734660570130879,0.9833332634014993,0.6620316717213752,,False
semireal|K10|Ndata|sharenan|taunan,semireal,10,data,,,,0.1,within,3,200,1.0,0.0,0.0,1.0,inf,inf,inf,inf,inf,1.1788890945736454,1.1507823201101834,0.7734660570130879,0.9833332634014993,0.6620316717213752,,False
semireal|K10|Ndata|sharenan|taunan,semireal,10,data,,,,0.1,within,5,200,1.0,0.0,0.0,1.0,inf,inf,inf,inf,inf,1.1788890945736454,1.1507823201101834,0.7734660570130879,0.9833332634014993,0.6620316717213752,,False
semireal|K10|Ndata|sharenan|taunan,semireal,10,data,,,,0.1,within,9,200,1.0,0.0,0.0,1.0,inf,inf,inf,inf,inf,1.1788890945736454,1.1507823201101834,0.7734660570130879,0.9833332634014993,0.6620316717213752,,False
semireal|K10|Ndata|sharenan|taunan,semireal,10,data,,,,0.1,within,10,200,1.0,0.0,0.0,1.0,inf,inf,inf,inf,inf,1.1788890945736454,1.1507823201101834,0.7734660570130879,0.9833332634014993,0.6620316717213752,,False
semireal|K10|Ndata|sharenan|taunan,semireal,10,data,,,,0.1,within,12,200,1.0,0.0,0.0,1.0,inf,inf,inf,inf,inf,1.1788890945736454,1.1507823201101834,0.7734660570130879,0.9833332634014993,0.6620316717213752,,False
semireal|K10|Ndata|sharenan|taunan,semireal,10,data,,,,0.1,within,15,200,1.0,0.0,0.0,1.0,inf,inf,inf,inf,inf,1.1788890945736454,1.1507823201101834,0.7734660570130879,0.9833332634014993,0.6620316717213752,,False
semireal|K10|Ndata|sharenan|taunan,semireal,10,data,,,,0.1,within,17,200,0.9046000000000001,0.08926635655195242,0.006312084604970175,0.0,0.9235805197453578,0.8337893170392963,0.7868585252487356,0.7868585252487356,0.7165765849708695,1.1788890945736454,1.1507823201101834,0.7734660570130879,0.9833332634014993,0.6620316717213752,,False
semireal|K10|Ndata|sharenan|taunan,semireal,10,data,,,,0.1,within,20,200,0.90509,0.08526748866429443,0.0060293219449269655,0.0,0.9123442857520838,0.8366880413065974,0.7829684811195443,0.7829684811195443,0.7146181005347991,1.1788890945736454,1.1507823201101834,0.7734660570130879,0.9833332634014993,0.6620316717213752,,False
semireal|K10|Ndata|sharenan|taunan,semireal,10,data,,,,0.1,within,25,200,0.92658,0.06657012473728503,0.004707218662616858,0.0,0.9555870368053111,0.8649092564539156,0.8171685046507531,0.8171685046507531,0.7453985034895911,1.1788890945736454,1.1507823201101834,0.7734660570130879,0.9833332634014993,0.6620316717213752,,False
semireal|K10|Ndata|sharenan|taunan,semireal,10,data,,,,0.1,within,35,200,0.94778,0.04846167837948644,0.003426758140981636,0.0,1.0234109259539603,0.9468934426988951,0.8770360452308527,0.8770360452308527,0.7953824565796863,1.1788890945736454,1.1507823201101834,0.7734660570130879,0.9833332634014993,0.6620316717213752,,False
semireal|K10|Ndata|sharenan|taunan,semireal,10,data,,,,0.1,within,50,200,0.9216100000000002,0.05327191930965763,0.003766893539068149,0.0,0.8739875651935168,0.8304201758926417,0.75143649801787,0.75143649801787,0.6906096624024957,1.1788890945736454,1.1507823201101834,0.7734660570130879,0.9833332634014993,0.6620316717213752,,False
semireal|K10|Ndata|sharenan|taunan,semireal,10,data,,,,0.1,within,100,200,0.9023400000000001,0.040978047806234624,0.002897585548357503,0.0,0.795697890690673,0.7690042817588519,0.6812803243647264,0.6812803243647264,0.6432010605919107,1.1788890945736454,1.1507823201101834,0.7734660570130879,0.9833332634014993,0.6620316717213752,,False
semireal|K10|Ndata|sharenan|taunan,semireal,10,data,,,,0.1,within_full,3,200,1.0,0.0,0.0,1.0,inf,inf,inf,inf,inf,1.1788890945736454,1.1507823201101834,0.7734660570130879,0.9833332634014993,0.6620316717213752,,False
semireal|K10|Ndata|sharenan|taunan,semireal,10,data,,,,0.1,within_full,5,200,1.0,0.0,0.0,1.0,inf,inf,inf,inf,inf,1.1788890945736454,1.1507823201101834,0.7734660570130879,0.9833332634014993,0.6620316717213752,,False
semireal|K10|Ndata|sharenan|taunan,semireal,10,data,,,,0.1,within_full,9,200,0.90664,0.0983589488255662,0.006955027970493847,0.0,0.9440134700548961,0.8128330816070881,0.8015759555107337,0.8015759555107337,0.7363640380904253,1.1788890945736454,1.1507823201101834,0.7734660570130879,0.9833332634014993,0.6620316717213752,,False
semireal|K10|Ndata|sharenan|taunan,semireal,10,data,,,,0.1,within_full,10,200,0.9133199999999999,0.09121104579146025,0.006449594899825824,0.0,0.9541039234261436,0.8202077115275608,0.8107074896900393,0.8107074896900393,0.735922721020419,1.1788890945736454,1.1507823201101834,0.7734660570130879,0.9833332634014993,0.6620316717213752,,False
semireal|K10|Ndata|sharenan|taunan,semireal,10,data,,,,0.1,within_full,12,200,0.9277,0.0674365512330743,0.004768484267674087,0.0,0.9756971575845423,0.8438804337275393,0.8297009391379521,0.8297009391379521,0.7394232918659098,1.1788890945736454,1.1507823201101834,0.7734660570130879,0.9833332634014993,0.6620316717213752,,False
semireal|K10|Ndata|sharenan|taunan,semireal,10,data,,,,0.1,within_full,15,200,0.9390799999999999,0.05466860968071267,0.0038656544623272464,0.0,0.9921379800979935,0.8807592709819131,0.8454099855288791,0.8454099855288791,0.7574884350526025,1.1788890945736454,1.1507823201101834,0.7734660570130879,0.9833332634014993,0.6620316717213752,,False
semireal|K10|Ndata|sharenan|taunan,semireal,10,data,,,,0.1,within_full,17,200,0.94589,0.050090650488206455,0.0035419438634256032,0.0,1.0157449526835733,0.8894523382880334,0.8675073463970562,0.8675073463970562,0.7825937811555574,1.1788890945736454,1.1507823201101834,0.7734660570130879,0.9833332634014993,0.6620316717213752,,False
semireal|K10|Ndata|sharenan|taunan,semireal,10,data,,,,0.1,within_full,20,200,0.9072100000000001,0.06051832979524492,0.004279292138430157,0.0,0.856306834467629,0.7789124369901599,0.7332698796206683,0.7332698796206683,0.6906688794527907,1.1788890945736454,1.1507823201101834,0.7734660570130879,0.9833332634014993,0.6620316717213752,,False
semireal|K10|Ndata|sharenan|taunan,semireal,10,data,,,,0.1,within_full,25,200,0.9238599999999999,0.04933141333581009,0.0034882576895267797,0.0,0.895999377325301,0.7918949284782508,0.7657484280657479,0.7657484280657479,0.7117985746435527,1.1788890945736454,1.1507823201101834,0.7734660570130879,0.9833332634014993,0.6620316717213752,,False
semireal|K10|Ndata|sharenan|taunan,semireal,10,data,,,,0.1,within_full,35,200,0.9157900000000001,0.04456214564089798,0.0031510195366901508,0.0,0.8479702282997291,0.7861000889668373,0.7255475010953708,0.7255475010953708,0.6758874795889084,1.1788890945736454,1.1507823201101834,0.7734660570130879,0.9833332634014993,0.6620316717213752,,False
semireal|K10|Ndata|sharenan|taunan,semireal,10,data,,,,0.1,within_full,50,200,0.8993700000000001,0.04230854719591711,0.0029916660624384078,0.0,0.7937279684330966,0.7352811665161687,0.6794191864780733,0.6794191864780733,0.6411938929476355,1.1788890945736454,1.1507823201101834,0.7734660570130879,0.9833332634014993,0.6620316717213752,,False
semireal|K10|Ndata|sharenan|taunan,semireal,10,data,,,,0.1,within_full,100,200,0.90213,0.03250733353673201,0.0022986155982116082,0.0,0.786988685156943,0.7490131160190284,0.6741781065507265,0.6741781065507265,0.6324820440523127,1.1788890945736454,1.1507823201101834,0.7734660570130879,0.9833332634014993,0.6620316717213752,,False
semireal|K10|Ndata|sharenan|taunan,semireal,10,data,,,,0.1,within_plain,3,200,1.0,0.0,0.0,1.0,inf,inf,inf,inf,inf,1.1788890945736454,1.1507823201101834,0.7734660570130879,0.9833332634014993,0.6620316717213752,,False
semireal|K10|Ndata|sharenan|taunan,semireal,10,data,,,,0.1,within_plain,5,200,1.0,0.0,0.0,1.0,inf,inf,inf,inf,inf,1.1788890945736454,1.1507823201101834,0.7734660570130879,0.9833332634014993,0.6620316717213752,,False
semireal|K10|Ndata|sharenan|taunan,semireal,10,data,,,,0.1,within_plain,9,200,0.9135300000000001,0.08098910591173303,0.005726794599242193,0.0,1.2851112597466456,1.0840365900315159,1.0943026407168697,1.0943026407168697,0.9439379057566311,1.1788890945736454,1.1507823201101834,0.7734660570130879,0.9833332634014993,0.6620316717213752,,False
semireal|K10|Ndata|sharenan|taunan,semireal,10,data,,,,0.1,within_plain,10,200,0.9181699999999999,0.07888361186650575,0.005577913687529382,0.0,1.3005992066062484,1.0920876890533298,1.1071895201231576,1.1071895201231576,0.9531492967487658,1.1788890945736454,1.1507823201101834,0.7734660570130879,0.9833332634014993,0.6620316717213752,,False
semireal|K10|Ndata|sharenan|taunan,semireal,10,data,,,,0.1,within_plain,12,200,0.9308799999999999,0.06096102717450595,0.004310595570319055,0.0,1.3304720597430775,1.1026482806105764,1.1334001032847332,1.1334001032847332,0.9633177401430862,1.1788890945736454,1.1507823201101834,0.7734660570130879,0.9833332634014993,0.6620316717213752,,False
semireal|K10|Ndata|sharenan|taunan,semireal,10,data,,,,0.1,within_plain,15,200,0.9392499999999999,0.05373803477900497,0.0037998528799872947,0.0,1.3584642393239705,1.1657767270472925,1.1580457999770477,1.1580457999770477,1.0127794131733237,1.1788890945736454,1.1507823201101834,0.7734660570130879,0.9833332634014993,0.6620316717213752,,False
semireal|K10|Ndata|sharenan|taunan,semireal,10,data,,,,0.1,within_plain,17,200,0.94536,0.04987250478638847,0.003526518632921384,0.0,1.3851511926818265,1.222426279782915,1.1826955984418062,1.1826955984418062,1.027395648099529,1.1788890945736454,1.1507823201101834,0.7734660570130879,0.9833332634014993,0.6620316717213752,,False
semireal|K10|Ndata|sharenan|taunan,semireal,10,data,,,,0.1,within_plain,20,200,0.9111899999999999,0.05807709224139996,0.0041066705755490535,0.0,1.2246861696715863,1.0513984429117582,1.046015742113373,1.046015742113373,0.913241975587296,1.1788890945736454,1.1507823201101834,0.7734660570130879,0.9833332634014993,0.6620316717213752,,False
semireal|K10|Ndata|sharenan|taunan,semireal,10,data,,,,0.1,within_plain,25,200,0.9260499999999999,0.04962348183822597,0.003508910051389707,0.0,1.270509854722723,1.0792614543696986,1.085230296797781,1.085230296797781,0.9432763006833189,1.1788890945736454,1.1507823201101834,0.7734660570130879,0.9833332634014993,0.6620316717213752,,False
semireal|K10|Ndata|sharenan|taunan,semireal,10,data,,,,0.1,within_plain,35,200,0.92089,0.04263232901668561,0.003014560894547441,0.0,1.2366528664693883,1.0613484853051787,1.0567350222355056,1.0567350222355056,0.9410481803955106,1.1788890945736454,1.1507823201101834,0.7734660570130879,0.9833332634014993,0.6620316717213752,,False
semireal|K10|Ndata|sharenan|taunan,semireal,10,data,,,,0.1,within_plain,50,200,0.9029699999999999,0.04187465262737491,0.0029609850832647876,0.0,1.1693506071029456,0.9929655481454411,1.0009503590560616,1.0009503590560616,0.8798858932795813,1.1788890945736454,1.1507823201101834,0.7734660570130879,0.9833332634014993,0.6620316717213752,,False
semireal|K10|Ndata|sharenan|taunan,semireal,10,data,,,,0.1,within_plain,100,200,0.90375,0.03010863913819038,0.0021290022906913105,0.0,1.1651016026309537,1.0050514171663134,0.9968784991583475,0.9968784991583475,0.8729720359716365,1.1788890945736454,1.1507823201101834,0.7734660570130879,0.9833332634014993,0.6620316717213752,,False
semireal|K10|Ndata|sharenan|taunan,semireal,10,data,,,,0.2,ghcp,0,200,0.8614799999999999,0.1930253442364187,0.013648952985043932,0.0,1.169651856087282,1.0942796153465275,1.3199315013772905,1.3199315013772905,1.246895783542909,0.885288780955831,0.9519390653571554,0.6026290850559534,1.0795953140176648,0.6848397655793821,,False
semireal|K10|Ndata|sharenan|taunan,semireal,10,data,,,,0.2,ghcp,3,200,0.86378,0.18879408793230512,0.013349757982486228,0.0,1.1289928429295841,1.0658228360358344,1.2747291789549544,1.2747291789549544,1.205142731055687,0.885288780955831,0.9519390653571554,0.6026290850559534,1.0795953140176648,0.6848397655793821,,False
semireal|K10|Ndata|sharenan|taunan,semireal,10,data,,,,0.2,ghcp,5,200,0.86617,0.17969978062251188,0.012706693345591309,0.0,1.0930106844118237,1.0375472692726395,1.2367271307908752,1.2367271307908752,1.1797095822141412,0.885288780955831,0.9519390653571554,0.6026290850559534,1.0795953140176648,0.6848397655793821,,False
semireal|K10|Ndata|sharenan|taunan,semireal,10,data,,,,0.2,ghcp,9,200,0.8645900000000001,0.17238018021995255,0.01218911943756876,0.0,1.0256197227174781,0.9714350106407061,1.1590641789532952,1.1590641789532952,1.1179595200040922,0.885288780955831,0.9519390653571554,0.6026290850559534,1.0795953140176648,0.6848397655793821,,False
semireal|K10|Ndata|sharenan|taunan,semireal,10,data,,,,0.2,ghcp,10,200,0.86457,0.16740831166363979,0.011837555240435069,0.0,1.0016254322033387,0.964955087720022,1.1346485016761412,1.1346485016761412,1.0844716102380494,0.885288780955831,0.9519390653571554,0.6026290850559534,1.0795953140176648,0.6848397655793821,,False
semireal|K10|Ndata|sharenan|taunan,semireal,10,data,,,,0.2,ghcp,12,200,0.86509,0.15996290995982185,0.011311085837092314,0.0,0.974964676895184,0.9472796443759561,1.1031325270457404,1.1031325270457404,1.070863562680452,0.885288780955831,0.9519390653571554,0.6026290850559534,1.0795953140176648,0.6848397655793821,,False
semireal|K10|Ndata|sharenan|taunan,semireal,10,data,,,,0.2,ghcp,15,200,0.86472,0.15881319135620856,0.011229788454985186,0.0,0.9536086108200528,0.9179101519023827,1.081210989474875,1.081210989474875,1.0307667432075773,0.885288780955831,0.9519390653571554,0.6026290850559534,1.0795953140176648,0.6848397655793821,,False
semireal|K10|Ndata|sharenan|taunan,semireal,10,data,,,,0.2,ghcp,17,200,0.8658,0.15403765120888385,0.010892106772784996,0.0,0.9321562539794798,0.908244411036581,1.0571439854149005,1.0571439854149005,1.0155062928316267,0.885288780955831,0.9519390653571554,0.6026290850559534,1.0795953140176648,0.6848397655793821,,False
semireal|K10|Ndata|sharenan|taunan,semireal,10,data,,,,0.2,ghcp,20,200,0.86706,0.1471351766268183,0.010404028114390363,0.0,0.9102710687884418,0.8870819671534116,1.0323484452944702,1.0323484452944702,1.0082125468920367,0.885288780955831,0.9519390653571554,0.6026290850559534,1.0795953140176648,0.6848397655793821,,False
semireal|K10|Ndata|sharenan|taunan,semireal,10,data,,,,0.2,ghcp,25,200,0.8681500000000001,0.13804011324365684,0.009760910015034869,0.0,0.8845604940564447,0.8686246447431067,1.0021121882066215,1.0021121882066215,0.9842102261127752,0.885288780955831,0.9519390653571554,0.6026290850559534,1.0795953140176648,0.6848397655793821,,False
semireal|K10|Ndata|sharenan|taunan,semireal,10,data,,,,0.2,ghcp,35,200,0.8685299999999999,0.12642108428883142,0.00893932059855888,0.0,0.8434293555735135,0.842504012114958,0.9568992014096794,0.9568992014096794,0.9437860025095459,0.885288780955831,0.9519390653571554,0.6026290850559534,1.0795953140176648,0.6848397655793821,,False
semireal|K10|Ndata|sharenan|taunan,semireal,10,data,,,,0.2,ghcp,50,200,0.86918,0.11707630806250997,0.008278545134728607,0.0,0.8059734363104941,0.7973742372818196,0.9136034194289686,0.9136034194289686,0.8954047166118733,0.885288780955831,0.9519390653571554,0.6026290850559534,1.0795953140176648,0.6848397655793821,,False
semireal|K10|Ndata|sharenan|taunan,semireal,10,data,,,,0.2,ghcp,100,200,0.86555,0.11321069209231123,0.008005204808129551,0.0,0.7572827253509843,0.7415230714318874,0.8597077933832056,0.8597077933832056,0.8469773211958614,0.885288780955831,0.9519390653571554,0.6026290850559534,1.0795953140176648,0.6848397655793821,,False
semireal|K10|Ndata|sharenan|taunan,semireal,10,data,,,,0.2,ghcp_noad,0,200,0.86236,0.19159911666690346,0.013548103466451989,0.0,1.166419136897736,1.0902750614454155,1.3165652499197646,1.3165652499197646,1.2431271763372655,0.885288780955831,0.9519390653571554,0.6026290850559534,1.0795953140176648,0.6848397655793821,,False
semireal|K10|Ndata|sharenan|taunan,semireal,10,data,,,,0.2,ghcp_noad,3,200,0.8617400000000001,0.19472390556114297,0.013769059408141306,0.0,1.1735994399157015,1.1176991009048272,1.3267485194533781,1.3267485194533781,1.2513175282473872,0.885288780955831,0.9519390653571554,0.6026290850559534,1.0795953140176648,0.6848397655793821,,False
semireal|K10|Ndata|sharenan|taunan,semireal,10,data,,,,0.2,ghcp_noad,5,200,0.86047,0.1942435892373259,0.013735095915172742,0.0,1.173272469659942,1.0995863684725076,1.3237124206059827,1.3237124206059827,1.2483876588818108,0.885288780955831,0.9519390653571554,0.6026290850559534,1.0795953140176648,0.6848397655793821,,False
semireal|K10|Ndata|sharenan|taunan,semireal,10,data,,,,0.2,ghcp_noad,9,200,0.86187,0.19643936781136986,0.013890360907141804,0.0,1.1742443968937035,1.1170990634848041,1.3276541699091,1.3276541699091,1.2547150328800232,0.885288780955831,0.9519390653571554,0.6026290850559534,1.0795953140176648,0.6848397655793821,,False
semireal|K10|Ndata|sharenan|taunan,semireal,10,data,,,,0.2,ghcp_noad,10,200,0.8591399999999999,0.19950547000725086,0.014107167072593645,0.0,1.175124901426658,1.113224245805394,1.328796465117851,1.328796465117851,1.2496590657162152,0.885288780955831,0.9519390653571554,0.6026290850559534,1.0795953140176648,0.6848397655793821,,False
semireal|K10|Ndata|sharenan|taunan,semireal,10,data,,,,0.2,ghcp_noad,12,200,0.8608,0.1958588354327816,0.013849311068981992,0.0,1.1759190825440897,1.091660304499657,1.3289366614043296,1.3289366614043296,1.2596074686264622,0.885288780955831,0.9519390653571554,0.6026290850559534,1.0795953140176648,0.6848397655793821,,False
semireal|K10|Ndata|sharenan|taunan,semireal,10,data,,,,0.2,ghcp_noad,15,200,0.86019,0.198781777017844,0.014055994250562968,0.0,1.174470461068092,1.0948018938407333,1.3260230176138055,1.3260230176138055,1.256936148830531,0.885288780955831,0.9519390653571554,0.6026290850559534,1.0795953140176648,0.6848397655793821,,False
semireal|K10|Ndata|sharenan|taunan,semireal,10,data,,,,0.2,ghcp_noad,17,200,0.8619100000000001,0.1957362903931829,0.01384064582613189,0.0,1.1840156947062603,1.1188936438029238,1.3377127680129337,1.3377127680129337,1.2607935368237841,0.885288780955831,0.9519390653571554,0.6026290850559534,1.0795953140176648,0.6848397655793821,,False
semireal|K10|Ndata|sharenan|taunan,semireal,10,data,,,,0.2,ghcp_noad,20,200,0.86137,0.1912021296216632,0.013520032243278728,0.0,1.173038666499481,1.1085369022751905,1.3277105143988235,1.3277105143988235,1.2352221929933471,0.885288780955831,0.9519390653571554,0.6026290850559534,1.0795953140176648,0.6848397655793821,,False
semireal|K10|Ndata|sharenan|taunan,semireal,10,data,,,,0.2,ghcp_noad,25,200,0.863,0.1940207728608139,0.013719340418093636,0.0,1.176875836696427,1.1148423226263868,1.3328823890265102,1.3328823890265102,1.2519834685507065,0.885288780955831,0.9519390653571554,0.6026290850559534,1.0795953140176648,0.6848397655793821,,False
semireal|K10|Ndata|sharenan|taunan,semireal,10,data,,,,0.2,ghcp_noad,35,200,0.8628100000000001,0.19191582089957512,0.01357049783750725,0.0,1.1724408905566088,1.1068108865398432,1.3223431081074148,1.3223431081074148,1.2527758716866055,0.885288780955831,0.9519390653571554,0.6026290850559534,1.0795953140176648,0.6848397655793821,,False
semireal|K10|Ndata|sharenan|taunan,semireal,10,data,,,,0.2,ghcp_noad,50,200,0.8620099999999999,0.19666807457690974,0.013906532917623452,0.0,1.1760994499333965,1.1050012658710902,1.3305001250477462,1.3305001250477462,1.2627664633050746,0.885288780955831,0.9519390653571554,0.6026290850559534,1.0795953140176648,0.6848397655793821,,False
semireal|K10|Ndata|sharenan|taunan,semireal,10,data,,,,0.2,ghcp_noad,100,200,0.85741,0.19758530223245718,0.013971390707136395,0.0,1.1554100234785794,1.110087507919549,1.305834767444946,1.305834767444946,1.2322240043230215,0.885288780955831,0.9519390653571554,0.6026290850559534,1.0795953140176648,0.6848397655793821,,False
semireal|K10|Ndata|sharenan|taunan,semireal,10,data,,,,0.2,ghcp_r05,0,200,0.9931,0.03629070232686169,0.002566140170934632,0.0,3.0108580192065517,2.851661202883314,3.4305521413106193,3.4305521413106193,3.1950506104149303,0.885288780955831,0.9519390653571554,0.6026290850559534,1.0795953140176648,0.6848397655793821,,False
semireal|K10|Ndata|sharenan|taunan,semireal,10,data,,,,0.2,ghcp_r05,3,200,0.99122,0.04230484724594231,0.0029914044364666844,0.0,2.8180431662731418,2.6788571561878376,3.2071183940295134,3.2071183940295134,3.036076700601768,0.885288780955831,0.9519390653571554,0.6026290850559534,1.0795953140176648,0.6848397655793821,,False
semireal|K10|Ndata|sharenan|taunan,semireal,10,data,,,,0.2,ghcp_r05,5,200,0.9912399999999999,0.043999798994515754,0.0031112556239867124,0.0,2.6607301003148542,2.5129933783440235,3.0310134281626926,3.0310134281626926,2.8822679069318853,0.885288780955831,0.9519390653571554,0.6026290850559534,1.0795953140176648,0.6848397655793821,,False
semireal|K10|Ndata|sharenan|taunan,semireal,10,data,,,,0.2,ghcp_r05,9,200,0.99213,0.03548151334067818,0.0025089218689954493,0.0,2.50237080960959,2.402032504524975,2.8543226045388543,2.8543226045388543,2.675603062085033,0.885288780955831,0.9519390653571554,0.6026290850559534,1.0795953140176648,0.6848397655793821,,False
semireal|K10|Ndata|sharenan|taunan,semireal,10,data,,,,0.2,ghcp_r05,10,200,0.99232,0.040392267532064964,0.0028561646279424346,0.0,2.4184902241852684,2.2911812726734384,2.7575179737212214,2.7575179737212214,2.6032211606614823,0.885288780955831,0.9519390653571554,0.6026290850559534,1.0795953140176648,0.6848397655793821,,False
semireal|K10|Ndata|sharenan|taunan,semireal,10,data,,,,0.2,ghcp_r05,12,200,0.9919,0.03339590442196174,0.0023614470480626953,0.0,2.361034449072611,2.2686226755384666,2.687675243191965,2.687675243191965,2.543487156324005,0.885288780955831,0.9519390653571554,0.6026290850559534,1.0795953140176648,0.6848397655793821,,False
semireal|K10|Ndata|sharenan|taunan,semireal,10,data,,,,0.2,ghcp_r05,15,200,0.9919899999999999,0.03316988250699176,0.002345464885185491,0.0,2.3257840847977413,2.2584673712873338,2.6522939204749245,2.6522939204749245,2.4927163239109467,0.885288780955831,0.9519390653571554,0.6026290850559534,1.0795953140176648,0.6848397655793821,,False
semireal|K10|Ndata|sharenan|taunan,semireal,10,data,,,,0.2,ghcp_r05,17,200,0.99152,0.03451967030825982,0.002440909295929444,0.0,2.268103795578744,2.2006462667880657,2.5799340825716213,2.5799340825716213,2.4383939012175704,0.885288780955831,0.9519390653571554,0.6026290850559534,1.0795953140176648,0.6848397655793821,,False
semireal|K10|Ndata|sharenan|taunan,semireal,10,data,,,,0.2,ghcp_r05,20,200,0.9909299999999999,0.03589760843645837,0.0025383442353799127,0.0,2.1807382908685033,2.125968027339689,2.4832401240330966,2.4832401240330966,2.4040447890729206,0.885288780955831,0.9519390653571554,0.6026290850559534,1.0795953140176648,0.6848397655793821,,False
semireal|K10|Ndata|sharenan|taunan,semireal,10,data,,,,0.2,ghcp_r05,25,200,0.9905499999999999,0.03628969841504992,0.0025660691836496504,0.0,2.088321218090676,2.048591205419042,2.38003366849737,2.38003366849737,2.316391466478569,0.885288780955831,0.9519390653571554,0.6026290850559534,1.0795953140176648,0.6848397655793821,,False
semireal|K10|Ndata|sharenan|taunan,semireal,10,data,,,,0.2,ghcp_r05,35,200,0.99065,0.03598209353659653,0.0025443182341016047,0.0,1.9504093649112044,1.9314846835046109,2.2190267286761554,2.2190267286761554,2.154438246036678,0.885288780955831,0.9519390653571554,0.6026290850559534,1.0795953140176648,0.6848397655793821,,False
semireal|K10|Ndata|sharenan|taunan,semireal,10,data,,,,0.2,ghcp_r05,50,200,0.9909,0.03177100856007916,0.0022465495597967823,0.0,1.8345408486650439,1.8276108081110518,2.086515275206166,2.086515275206166,2.036455629667384,0.885288780955831,0.9519390653571554,0.6026290850559534,1.0795953140176648,0.6848397655793821,,False
semireal|K10|Ndata|sharenan|taunan,semireal,10,data,,,,0.2,ghcp_r05,100,200,0.9853799999999998,0.038834471554335885,0.002746011817986699,0.0,1.562618031145817,1.5582237932352379,1.7814693877395444,1.7814693877395444,1.7349793298929415,0.885288780955831,0.9519390653571554,0.6026290850559534,1.0795953140176648,0.6848397655793821,,False
semireal|K10|Ndata|sharenan|taunan,semireal,10,data,,,,0.2,hcp,0,200,0.8548399999999999,0.19675062501097945,0.01391237011479551,0.0,1.1411987425850225,1.0793968566997667,1.2899856269273164,1.2899856269273164,1.2318485222892865,0.885288780955831,0.9519390653571554,0.6026290850559534,1.0795953140176648,0.6848397655793821,,False
semireal|K10|Ndata|sharenan|taunan,semireal,10,data,,,,0.2,one_per,0,200,0.7997700000000001,0.22395281067009445,0.01583585510906108,0.0,1.0511594414598924,0.92496422913532,1.1892725365079637,1.1892725365079637,1.1082026781137428,0.885288780955831,0.9519390653571554,0.6026290850559534,1.0795953140176648,0.6848397655793821,,False
semireal|K10|Ndata|sharenan|taunan,semireal,10,data,,,,0.2,pooled,0,200,0.7368899999999999,0.21861865998231328,0.015458673696740982,0.0,0.8362627526026316,0.7882346490930162,0.9455977032862398,0.9455977032862398,0.9126544222181632,0.885288780955831,0.9519390653571554,0.6026290850559534,1.0795953140176648,0.6848397655793821,,False
semireal|K10|Ndata|sharenan|taunan,semireal,10,data,,,,0.2,within,3,200,1.0,0.0,0.0,1.0,inf,inf,inf,inf,inf,0.885288780955831,0.9519390653571554,0.6026290850559534,1.0795953140176648,0.6848397655793821,,False
semireal|K10|Ndata|sharenan|taunan,semireal,10,data,,,,0.2,within,5,200,1.0,0.0,0.0,1.0,inf,inf,inf,inf,inf,0.885288780955831,0.9519390653571554,0.6026290850559534,1.0795953140176648,0.6848397655793821,,False
semireal|K10|Ndata|sharenan|taunan,semireal,10,data,,,,0.2,within,9,200,0.84297,0.13708567214533285,0.009693420837748067,0.0,0.8402650458231049,0.7230757254105915,0.9453123644754151,0.9453123644754151,0.8185646837639406,0.885288780955831,0.9519390653571554,0.6026290850559534,1.0795953140176648,0.6848397655793821,,False
semireal|K10|Ndata|sharenan|taunan,semireal,10,data,,,,0.2,within,10,200,0.8359000000000001,0.14816800867248586,0.010477060368722193,0.0,0.8211991537408997,0.6920658808827409,0.9220303090333672,0.9220303090333672,0.8001017228939202,0.885288780955831,0.9519390653571554,0.6026290850559534,1.0795953140176648,0.6848397655793821,,False
semireal|K10|Ndata|sharenan|taunan,semireal,10,data,,,,0.2,within,12,200,0.8631300000000001,0.1265183685791897,0.008946199636700404,0.0,0.8537634829599615,0.7324949708963502,0.9638606303405617,0.9638606303405617,0.8555329763358572,0.885288780955831,0.9519390653571554,0.6026290850559534,1.0795953140176648,0.6848397655793821,,False
semireal|K10|Ndata|sharenan|taunan,semireal,10,data,,,,0.2,within,15,200,0.8903099999999999,0.09994513017264088,0.007067187929164658,0.0,0.8929445705840433,0.7952565126125455,1.0080897457380587,1.0080897457380587,0.9239292780315894,0.885288780955831,0.9519390653571554,0.6026290850559534,1.0795953140176648,0.6848397655793821,,False
semireal|K10|Ndata|sharenan|taunan,semireal,10,data,,,,0.2,within,17,200,0.8031200000000002,0.12088062802267277,0.008547551178892051,0.0,0.6793807813965143,0.6237060069283369,0.7685686842468826,0.7685686842468826,0.7032869050833008,0.885288780955831,0.9519390653571554,0.6026290850559534,1.0795953140176648,0.6848397655793821,,False
semireal|K10|Ndata|sharenan|taunan,semireal,10,data,,,,0.2,within,20,200,0.8181499999999999,0.1102399279233378,0.007795140059210838,0.0,0.7027568588429696,0.6285697313112327,0.7986572142626032,0.7986572142626032,0.7077816727789519,0.885288780955831,0.9519390653571554,0.6026290850559534,1.0795953140176648,0.6848397655793821,,False
semireal|K10|Ndata|sharenan|taunan,semireal,10,data,,,,0.2,within,25,200,0.86297,0.08653694188933296,0.006119085843309354,0.0,0.7651599993017122,0.7083944368456885,0.8701165860784985,0.8701165860784985,0.806696798843946,0.885288780955831,0.9519390653571554,0.6026290850559534,1.0795953140176648,0.6848397655793821,,False
semireal|K10|Ndata|sharenan|taunan,semireal,10,data,,,,0.2,within,35,200,0.8462100000000001,0.07653275253808187,0.005411682830254964,0.0,0.7145138840006149,0.6663828348930894,0.8144477827557367,0.8144477827557367,0.7860871346116969,0.885288780955831,0.9519390653571554,0.6026290850559534,1.0795953140176648,0.6848397655793821,,False
semireal|K10|Ndata|sharenan|taunan,semireal,10,data,,,,0.2,within,50,200,0.80711,0.07400141177520614,0.005232690008362628,0.0,0.6275585713940248,0.5878751476375965,0.7166105903299388,0.7166105903299388,0.6712828961375448,0.885288780955831,0.9519390653571554,0.6026290850559534,1.0795953140176648,0.6848397655793821,,False
semireal|K10|Ndata|sharenan|taunan,semireal,10,data,,,,0.2,within,100,200,0.80454,0.061195037076662274,0.004327142569187009,0.0,0.619191514150062,0.585138333566998,0.7049428636641082,0.7049428636641082,0.6436969144396617,0.885288780955831,0.9519390653571554,0.6026290850559534,1.0795953140176648,0.6848397655793821,,False
semireal|K10|Ndata|sharenan|taunan,semireal,10,data,,,,0.2,within_full,3,200,1.0,0.0,0.0,1.0,inf,inf,inf,inf,inf,0.885288780955831,0.9519390653571554,0.6026290850559534,1.0795953140176648,0.6848397655793821,,False
semireal|K10|Ndata|sharenan|taunan,semireal,10,data,,,,0.2,within_full,5,200,0.8403700000000001,0.16347336420353042,0.011559312437169457,0.0,0.8580505482657443,0.7810026520656859,0.9735795690156352,0.9735795690156352,0.8986899980381795,0.885288780955831,0.9519390653571554,0.6026290850559534,1.0795953140176648,0.6848397655793821,,False
semireal|K10|Ndata|sharenan|taunan,semireal,10,data,,,,0.2,within_full,9,200,0.80714,0.12243353401440424,0.008657358214621906,0.0,0.6879700157702615,0.6135398309986264,0.7781761324626933,0.7781761324626933,0.7094905246213694,0.885288780955831,0.9519390653571554,0.6026290850559534,1.0795953140176648,0.6848397655793821,,False
semireal|K10|Ndata|sharenan|taunan,semireal,10,data,,,,0.2,within_full,10,200,0.82298,0.11897856569768098,0.008413055062067937,0.0,0.7138616928722272,0.6352612480269071,0.8071144762116771,0.8071144762116771,0.7445408745475404,0.885288780955831,0.9519390653571554,0.6026290850559534,1.0795953140176648,0.6848397655793821,,False
semireal|K10|Ndata|sharenan|taunan,semireal,10,data,,,,0.2,within_full,12,200,0.85018,0.09604399954836444,0.00679133633729262,0.0,0.7437816106000943,0.6624511091116161,0.8425746000445148,0.8425746000445148,0.7547341593525871,0.885288780955831,0.9519390653571554,0.6026290850559534,1.0795953140176648,0.6848397655793821,,False
semireal|K10|Ndata|sharenan|taunan,semireal,10,data,,,,0.2,within_full,15,200,0.81683,0.09385378931531865,0.0066364650864915355,0.0,0.6738530638833986,0.6043614040876438,0.763151451233474,0.763151451233474,0.7027723122974364,0.885288780955831,0.9519390653571554,0.6026290850559534,1.0795953140176648,0.6848397655793821,,False
semireal|K10|Ndata|sharenan|taunan,semireal,10,data,,,,0.2,within_full,17,200,0.8370400000000001,0.08096055494675436,0.005724775741147609,0.0,0.7019269823792669,0.6383754059022809,0.7943062096188109,0.7943062096188109,0.7377677980321,0.885288780955831,0.9519390653571554,0.6026290850559534,1.0795953140176648,0.6848397655793821,,False
semireal|K10|Ndata|sharenan|taunan,semireal,10,data,,,,0.2,within_full,20,200,0.81089,0.08022849216315778,0.005673011085294065,0.0,0.6569652299813948,0.6030603765679061,0.7437521167920841,0.7437521167920841,0.6965889619409523,0.885288780955831,0.9519390653571554,0.6026290850559534,1.0795953140176648,0.6848397655793821,,False
semireal|K10|Ndata|sharenan|taunan,semireal,10,data,,,,0.2,within_full,25,200,0.80925,0.07771315313931272,0.005495149757219666,0.0,0.6486665514589227,0.5910792890140976,0.7345735033880542,0.7345735033880542,0.6799585539725801,0.885288780955831,0.9519390653571554,0.6026290850559534,1.0795953140176648,0.6848397655793821,,False
semireal|K10|Ndata|sharenan|taunan,semireal,10,data,,,,0.2,within_full,35,200,0.8107899999999999,0.06494246313151311,0.004592125606725027,0.0,0.6355243641606887,0.5870858192240433,0.7221981997894826,0.7221981997894826,0.6845161342962196,0.885288780955831,0.9519390653571554,0.6026290850559534,1.0795953140176648,0.6848397655793821,,False
semireal|K10|Ndata|sharenan|taunan,semireal,10,data,,,,0.2,within_full,50,200,0.8060200000000001,0.05600430349580514,0.003960102277751328,0.0,0.6201184826342114,0.5789186925537171,0.7063344941662383,0.7063344941662383,0.6636106589454018,0.885288780955831,0.9519390653571554,0.6026290850559534,1.0795953140176648,0.6848397655793821,,False
semireal|K10|Ndata|sharenan|taunan,semireal,10,data,,,,0.2,within_full,100,200,0.80203,0.04337680064470931,0.0030672029882050957,0.0,0.6095682505837073,0.5733283712963294,0.6941211442688942,0.6941211442688942,0.6395453014555457,0.885288780955831,0.9519390653571554,0.6026290850559534,1.0795953140176648,0.6848397655793821,,False
semireal|K10|Ndata|sharenan|taunan,semireal,10,data,,,,0.2,within_plain,3,200,1.0,0.0,0.0,1.0,inf,inf,inf,inf,inf,0.885288780955831,0.9519390653571554,0.6026290850559534,1.0795953140176648,0.6848397655793821,,False
semireal|K10|Ndata|sharenan|taunan,semireal,10,data,,,,0.2,within_plain,5,200,0.85884,0.1296527034719598,0.00916783058241914,0.0,1.1473300049058932,0.9773932288326004,1.3012485177098512,1.3012485177098512,1.1463139638429656,0.885288780955831,0.9519390653571554,0.6026290850559534,1.0795953140176648,0.6848397655793821,,False
semireal|K10|Ndata|sharenan|taunan,semireal,10,data,,,,0.2,within_plain,9,200,0.82038,0.11148146115343359,0.007882929715817756,0.0,1.032014999024553,0.8760867997151893,1.166694085138093,1.166694085138093,0.9911682171261627,0.885288780955831,0.9519390653571554,0.6026290850559534,1.0795953140176648,0.6848397655793821,,False
semireal|K10|Ndata|sharenan|taunan,semireal,10,data,,,,0.2,within_plain,10,200,0.835,0.10481033360385203,0.007411209762970804,0.0,1.061410914812089,0.8975733487432536,1.2000128952282223,1.2000128952282223,1.0289464563533695,0.885288780955831,0.9519390653571554,0.6026290850559534,1.0795953140176648,0.6848397655793821,,False
semireal|K10|Ndata|sharenan|taunan,semireal,10,data,,,,0.2,within_plain,12,200,0.85984,0.08611068254427673,0.006088944755966014,0.0,1.1033958112017879,0.949331471052323,1.2491021384856154,1.2491021384856154,1.0813811745999602,0.885288780955831,0.9519390653571554,0.6026290850559534,1.0795953140176648,0.6848397655793821,,False
semireal|K10|Ndata|sharenan|taunan,semireal,10,data,,,,0.2,within_plain,15,200,0.82014,0.09077743726046626,0.006418934146561206,0.0,1.0160710174875445,0.8601637875255244,1.1485629292963175,1.1485629292963175,0.985957987577792,0.885288780955831,0.9519390653571554,0.6026290850559534,1.0795953140176648,0.6848397655793821,,False
semireal|K10|Ndata|sharenan|taunan,semireal,10,data,,,,0.2,within_plain,17,200,0.8414099999999999,0.07727229085948835,0.005463976086456348,0.0,1.0507808507710399,0.8977477581386047,1.1908475939344165,1.1908475939344165,1.0304536051745465,0.885288780955831,0.9519390653571554,0.6026290850559534,1.0795953140176648,0.6848397655793821,,False
semireal|K10|Ndata|sharenan|taunan,semireal,10,data,,,,0.2,within_plain,20,200,0.8156699999999999,0.0807277893906398,0.005708316730832083,0.0,1.0020165625370405,0.8369415649614689,1.1370679111738835,1.1370679111738835,0.9780009297178915,0.885288780955831,0.9519390653571554,0.6026290850559534,1.0795953140176648,0.6848397655793821,,False
semireal|K10|Ndata|sharenan|taunan,semireal,10,data,,,,0.2,within_plain,25,200,0.81087,0.07590991156210652,0.005367641322483663,0.0,0.9882834310976294,0.8236040372552926,1.1203478031783163,1.1203478031783163,0.9476629154999636,0.885288780955831,0.9519390653571554,0.6026290850559534,1.0795953140176648,0.6848397655793821,,False
semireal|K10|Ndata|sharenan|taunan,semireal,10,data,,,,0.2,within_plain,35,200,0.80897,0.061522713867384296,0.004350312817262708,0.0,0.9768630697413114,0.8194211534745155,1.1082595805353546,1.1082595805353546,0.9566495231684833,0.885288780955831,0.9519390653571554,0.6026290850559534,1.0795953140176648,0.6848397655793821,,False
semireal|K10|Ndata|sharenan|taunan,semireal,10,data,,,,0.2,within_plain,50,200,0.80266,0.050584566736899095,0.0035768690163044815,0.0,0.9627807240912276,0.8060427504226324,1.0916218476652502,1.0916218476652502,0.9460941149203685,0.885288780955831,0.9519390653571554,0.6026290850559534,1.0795953140176648,0.6848397655793821,,False
semireal|K10|Ndata|sharenan|taunan,semireal,10,data,,,,0.2,within_plain,100,200,0.8017699999999999,0.03822871004044975,0.002703178010561627,0.0,0.9582343158899528,0.8090170048031148,1.0874940606638839,1.0874940606638839,0.93627040601791,0.885288780955831,0.9519390653571554,0.6026290850559534,1.0795953140176648,0.6848397655793821,,False
