check,estimand,n_L,m,draw,max_abs_theta,max_rel_var
1_regimeA_r4_vs_round4_code,theta3,4,600,0,1.1102230246251565e-16,2.220446049250313e-15
1_regimeA_r4_vs_round4_code,theta2,4,600,0,1.1657341758564144e-15,8.659739592076221e-15
1_regimeA_r4_vs_round4_code,theta3,4,600,1,1.1102230246251565e-16,1.9984014443252818e-15
1_regimeA_r4_vs_round4_code,theta2,4,600,1,1.4988010832439613e-15,1.0880185641326534e-14
1_regimeA_r4_vs_round4_code,theta3,4,600,2,2.220446049250313e-16,2.6645352591003757e-15
1_regimeA_r4_vs_round4_code,theta2,4,600,2,6.938893903907228e-16,1.4210854715202004e-14
1_regimeA_r4_vs_round4_code,theta3,4,600,3,2.220446049250313e-16,2.7755575615628914e-15
1_regimeA_r4_vs_round4_code,theta2,4,600,3,7.771561172376096e-16,4.440892098500626e-15
1_regimeA_r4_vs_round4_code,theta3,4,600,4,1.1102230246251565e-16,3.3306690738754696e-15
1_regimeA_r4_vs_round4_code,theta2,4,600,4,1.27675647831893e-15,5.995204332975845e-15
1_regimeA_r4_vs_round4_code,theta3,4,600,5,6.938893903907228e-17,3.4416913763379853e-15
1_regimeA_r4_vs_round4_code,theta2,4,600,5,1.3877787807814457e-15,1.4210854715202004e-14
1_regimeA_r4_vs_round4_code,theta3,4,600,6,1.3877787807814457e-16,2.9976021664879227e-15
1_regimeA_r4_vs_round4_code,theta2,4,600,6,4.440892098500626e-15,1.865174681370263e-14
1_regimeA_r4_vs_round4_code,theta3,4,600,7,8.326672684688674e-17,4.218847493575595e-15
1_regimeA_r4_vs_round4_code,theta2,4,600,7,1.4432899320127035e-15,1.27675647831893e-14
1_regimeA_r4_vs_round4_code,theta3,4,600,8,1.942890293094024e-16,3.219646771412954e-15
1_regimeA_r4_vs_round4_code,theta2,4,600,8,3.3306690738754696e-15,1.8207657603852567e-14
1_regimeA_r4_vs_round4_code,theta3,4,600,9,2.220446049250313e-16,3.1086244689504383e-15
1_regimeA_r4_vs_round4_code,theta2,4,600,9,2.220446049250313e-15,1.199040866595169e-14
1_regimeA_r4_vs_round4_code,theta3,4,600,10,1.942890293094024e-16,2.220446049250313e-15
1_regimeA_r4_vs_round4_code,theta2,4,600,10,8.326672684688674e-16,5.551115123125783e-15
1_regimeA_r4_vs_round4_code,theta3,4,600,11,2.0816681711721685e-16,2.55351295663786e-15
1_regimeA_r4_vs_round4_code,theta2,4,600,11,1.199040866595169e-14,2.930988785010413e-14
1_regimeA_r4_vs_round4_code,theta3,4,600,12,1.249000902703301e-16,3.552713678800501e-15
1_regimeA_r4_vs_round4_code,theta2,4,600,12,4.996003610813204e-16,1.1102230246251565e-14
1_regimeA_r4_vs_round4_code,theta3,4,600,13,2.220446049250313e-16,2.220446049250313e-15
1_regimeA_r4_vs_round4_code,theta2,4,600,13,1.3322676295501878e-15,6.8833827526759706e-15
1_regimeA_r4_vs_round4_code,theta3,4,600,14,3.885780586188048e-16,3.774758283725532e-15
1_regimeA_r4_vs_round4_code,theta2,4,600,14,1.5543122344752192e-15,7.327471962526033e-15
1_regimeA_r4_vs_round4_code,theta3,4,600,15,8.326672684688674e-17,2.886579864025407e-15
1_regimeA_r4_vs_round4_code,theta2,4,600,15,1.7763568394002505e-15,1.021405182655144e-14
1_regimeA_r4_vs_round4_code,theta3,4,600,16,1.6653345369377348e-16,3.4416913763379853e-15
1_regimeA_r4_vs_round4_code,theta2,4,600,16,2.9976021664879227e-15,1.709743457922741e-14
1_regimeA_r4_vs_round4_code,theta3,4,600,17,5.551115123125783e-17,2.6645352591003757e-15
1_regimeA_r4_vs_round4_code,theta2,4,600,17,2.0539125955565396e-15,8.881784197001252e-15
1_regimeA_r4_vs_round4_code,theta3,4,600,18,8.326672684688674e-17,2.886579864025407e-15
1_regimeA_r4_vs_round4_code,theta2,4,600,18,3.122502256758253e-16,1.2656542480726785e-14
1_regimeA_r4_vs_round4_code,theta3,4,600,19,1.942890293094024e-16,2.6645352591003757e-15
1_regimeA_r4_vs_round4_code,theta2,4,600,19,9.992007221626409e-16,1.1324274851176597e-14
1_regimeA_r4_vs_round4_code,theta3,4,600,20,1.1102230246251565e-16,4.6629367034256575e-15
1_regimeA_r4_vs_round4_code,theta2,4,600,20,2.0261570199409107e-15,9.325873406851315e-15
1_regimeA_r4_vs_round4_code,theta3,4,600,21,2.220446049250313e-16,1.9984014443252818e-15
1_regimeA_r4_vs_round4_code,theta2,4,600,21,1.1102230246251565e-15,6.328271240363392e-15
1_regimeA_r4_vs_round4_code,theta3,4,600,22,6.591949208711867e-17,2.220446049250313e-15
1_regimeA_r4_vs_round4_code,theta2,4,600,22,1.609823385706477e-15,1.3322676295501878e-14
1_regimeA_r4_vs_round4_code,theta3,4,600,23,1.3877787807814457e-16,3.3306690738754696e-15
1_regimeA_r4_vs_round4_code,theta2,4,600,23,4.9960036108132044e-15,2.4646951146678475e-14
1_regimeA_r4_vs_round4_code,theta3,4,600,24,1.1102230246251565e-16,3.3306690738754696e-15
1_regimeA_r4_vs_round4_code,theta2,4,600,24,1.1657341758564144e-15,6.772360450213455e-15
1_regimeA_r4_vs_round4_code,theta3,4,600,25,1.942890293094024e-16,4.218847493575595e-15
1_regimeA_r4_vs_round4_code,theta2,4,600,25,1.1657341758564144e-15,1.4210854715202004e-14
1_regimeA_r4_vs_round4_code,theta3,4,600,26,1.3877787807814457e-16,3.6637359812630166e-15
1_regimeA_r4_vs_round4_code,theta2,4,600,26,4.773959005888173e-15,1.887379141862766e-14
1_regimeA_r4_vs_round4_code,theta3,4,600,27,8.326672684688674e-17,3.552713678800501e-15
1_regimeA_r4_vs_round4_code,theta2,4,600,27,8.326672684688674e-16,7.771561172376096e-15
1_regimeA_r4_vs_round4_code,theta3,4,600,28,1.1102230246251565e-16,3.1086244689504383e-15
1_regimeA_r4_vs_round4_code,theta2,4,600,28,4.468647674116255e-15,1.0103029524088925e-14
1_regimeA_r4_vs_round4_code,theta3,4,600,29,1.6653345369377348e-16,3.1086244689504383e-15
1_regimeA_r4_vs_round4_code,theta2,4,600,29,4.440892098500626e-15,2.4646951146678475e-14
1_regimeA_r4_vs_round4_code,theta3,4,600,30,8.326672684688674e-17,2.4424906541753444e-15
1_regimeA_r4_vs_round4_code,theta2,4,600,30,1.609823385706477e-15,7.993605777301127e-15
1_regimeA_r4_vs_round4_code,theta3,4,600,31,1.1102230246251565e-16,4.440892098500626e-15
1_regimeA_r4_vs_round4_code,theta2,4,600,31,6.106226635438361e-16,9.769962616701378e-15
1_regimeA_r4_vs_round4_code,theta3,4,600,32,6.938893903907228e-17,4.107825191113079e-15
1_regimeA_r4_vs_round4_code,theta2,4,600,32,3.608224830031759e-16,1.687538997430238e-14
1_regimeA_r4_vs_round4_code,theta3,4,600,33,2.220446049250313e-16,2.7755575615628914e-15
1_regimeA_r4_vs_round4_code,theta2,4,600,33,4.191091917959966e-15,2.708944180085382e-14
1_regimeA_r4_vs_round4_code,theta3,4,600,34,1.3877787807814457e-16,2.220446049250313e-15
1_regimeA_r4_vs_round4_code,theta2,4,600,34,6.661338147750939e-16,4.884981308350689e-15
1_regimeA_r4_vs_round4_code,theta3,4,600,35,1.1102230246251565e-16,3.219646771412954e-15
1_regimeA_r4_vs_round4_code,theta2,4,600,35,4.440892098500626e-16,7.105427357601002e-15
1_regimeA_r4_vs_round4_code,theta3,4,600,36,1.3877787807814457e-16,3.3306690738754696e-15
1_regimeA_r4_vs_round4_code,theta2,4,600,36,9.769962616701378e-15,1.865174681370263e-14
1_regimeA_r4_vs_round4_code,theta3,4,600,37,1.6653345369377348e-16,3.1086244689504383e-15
1_regimeA_r4_vs_round4_code,theta2,4,600,37,3.6914915568786455e-15,1.887379141862766e-14
1_regimeA_r4_vs_round4_code,theta3,4,600,38,1.3877787807814457e-16,4.218847493575595e-15
1_regimeA_r4_vs_round4_code,theta2,4,600,38,2.55351295663786e-15,1.2878587085651816e-14
1_regimeA_r4_vs_round4_code,theta3,4,600,39,1.6653345369377348e-16,2.4424906541753444e-15
1_regimeA_r4_vs_round4_code,theta2,4,600,39,9.992007221626409e-16,1.2656542480726785e-14
1_regimeA_r4_vs_round4_code,theta3,4,600,40,2.7755575615628914e-16,3.3306690738754696e-15
1_regimeA_r4_vs_round4_code,theta2,4,600,40,9.992007221626409e-16,7.771561172376096e-15
1_regimeA_r4_vs_round4_code,theta3,4,600,41,2.220446049250313e-16,2.6645352591003757e-15
1_regimeA_r4_vs_round4_code,theta2,4,600,41,1.3322676295501878e-15,5.995204332975845e-15
1_regimeA_r4_vs_round4_code,theta3,4,600,42,1.1102230246251565e-16,3.1086244689504383e-15
1_regimeA_r4_vs_round4_code,theta2,4,600,42,3.774758283725532e-15,2.55351295663786e-14
1_regimeA_r4_vs_round4_code,theta3,4,600,43,1.6653345369377348e-16,2.6645352591003757e-15
1_regimeA_r4_vs_round4_code,theta2,4,600,43,3.774758283725532e-15,2.4424906541753444e-14
1_regimeA_r4_vs_round4_code,theta3,4,600,44,1.1102230246251565e-16,3.552713678800501e-15
1_regimeA_r4_vs_round4_code,theta2,4,600,44,7.355227538141662e-16,1.0103029524088925e-14
1_regimeA_r4_vs_round4_code,theta3,4,600,45,1.1102230246251565e-16,2.4424906541753444e-15
1_regimeA_r4_vs_round4_code,theta2,4,600,45,2.4424906541753444e-15,1.554312234475219e-14
1_regimeA_r4_vs_round4_code,theta3,4,600,46,6.938893903907228e-17,1.7763568394002505e-15
1_regimeA_r4_vs_round4_code,theta2,4,600,46,9.992007221626409e-16,7.993605777301127e-15
1_regimeA_r4_vs_round4_code,theta3,4,600,47,2.220446049250313e-16,2.6645352591003757e-15
1_regimeA_r4_vs_round4_code,theta2,4,600,47,1.3322676295501878e-15,9.992007221626409e-15
1_regimeA_r4_vs_round4_code,theta3,4,600,48,1.6653345369377348e-16,3.9968028886505635e-15
1_regimeA_r4_vs_round4_code,theta2,4,600,48,8.881784197001252e-16,9.547918011776346e-15
1_regimeA_r4_vs_round4_code,theta3,4,600,49,1.6653345369377348e-16,2.220446049250313e-15
1_regimeA_r4_vs_round4_code,theta2,4,600,49,1.4432899320127035e-15,6.8833827526759706e-15
1_regimeA_r4_vs_round4_code,theta3,4,600,50,9.71445146547012e-17,2.6645352591003757e-15
1_regimeA_r4_vs_round4_code,theta2,4,600,50,2.1649348980190553e-15,5.995204332975845e-15
1_regimeA_r4_vs_round4_code,theta3,4,600,51,3.885780586188048e-16,4.6629367034256575e-15
1_regimeA_r4_vs_round4_code,theta2,4,600,51,6.106226635438361e-16,9.325873406851315e-15
1_regimeA_r4_vs_round4_code,theta3,4,600,52,3.885780586188048e-16,3.1086244689504383e-15
1_regimeA_r4_vs_round4_code,theta2,4,600,52,2.6645352591003757e-15,5.995204332975845e-15
1_regimeA_r4_vs_round4_code,theta3,4,600,53,1.1102230246251565e-16,1.7763568394002505e-15
1_regimeA_r4_vs_round4_code,theta2,4,600,53,9.992007221626409e-16,1.021405182655144e-14
1_regimeA_r4_vs_round4_code,theta3,4,600,54,1.942890293094024e-16,4.440892098500626e-15
1_regimeA_r4_vs_round4_code,theta2,4,600,54,8.881784197001252e-16,8.659739592076221e-15
1_regimeA_r4_vs_round4_code,theta3,4,600,55,3.3306690738754696e-16,3.219646771412954e-15
1_regimeA_r4_vs_round4_code,theta2,4,600,55,1.4988010832439613e-15,1.0658141036401503e-14
1_regimeA_r4_vs_round4_code,theta3,4,600,56,1.3877787807814457e-16,4.6629367034256575e-15
1_regimeA_r4_vs_round4_code,theta2,4,600,56,9.992007221626409e-16,7.993605777301127e-15
1_regimeA_r4_vs_round4_code,theta3,4,600,57,1.942890293094024e-16,2.7755575615628914e-15
1_regimeA_r4_vs_round4_code,theta2,4,600,57,1.27675647831893e-15,1.27675647831893e-14
1_regimeA_r4_vs_round4_code,theta3,4,600,58,3.3306690738754696e-16,2.886579864025407e-15
1_regimeA_r4_vs_round4_code,theta2,4,600,58,6.661338147750939e-16,1.021405182655144e-14
1_regimeA_r4_vs_round4_code,theta3,4,600,59,1.3877787807814457e-16,5.329070518200751e-15
1_regimeA_r4_vs_round4_code,theta2,4,600,59,6.106226635438361e-16,6.5503158452884236e-15
1_regimeA_r4_vs_round4_code,theta3,4,600,60,2.7755575615628914e-16,2.220446049250313e-15
1_regimeA_r4_vs_round4_code,theta2,4,600,60,5.134781488891349e-16,5.440092820663267e-15
1_regimeA_r4_vs_round4_code,theta3,4,600,61,2.498001805406602e-16,2.886579864025407e-15
1_regimeA_r4_vs_round4_code,theta2,4,600,61,9.71445146547012e-16,1.1102230246251565e-14
1_regimeA_r4_vs_round4_code,theta3,4,600,62,1.6653345369377348e-16,2.4424906541753444e-15
1_regimeA_r4_vs_round4_code,theta2,4,600,62,2.9698465908722937e-15,1.887379141862766e-14
1_regimeA_r4_vs_round4_code,theta3,4,600,63,2.7755575615628914e-16,2.886579864025407e-15
1_regimeA_r4_vs_round4_code,theta2,4,600,63,8.881784197001252e-16,7.993605777301127e-15
1_regimeA_r4_vs_round4_code,theta3,4,600,64,9.71445146547012e-17,2.220446049250313e-15
1_regimeA_r4_vs_round4_code,theta2,4,600,64,2.3869795029440866e-15,9.103828801926284e-15
1_regimeA_r4_vs_round4_code,theta3,4,600,65,2.220446049250313e-16,2.6645352591003757e-15
1_regimeA_r4_vs_round4_code,theta2,4,600,65,7.494005416219807e-16,1.099120794378905e-14
1_regimeA_r4_vs_round4_code,theta3,4,600,66,5.551115123125783e-17,1.6653345369377348e-15
1_regimeA_r4_vs_round4_code,theta2,4,600,66,1.6653345369377348e-15,7.549516567451064e-15
1_regimeA_r4_vs_round4_code,theta3,4,600,67,1.1102230246251565e-16,3.4416913763379853e-15
1_regimeA_r4_vs_round4_code,theta2,4,600,67,1.8318679906315083e-15,1.3766765505351941e-14
1_regimeA_r4_vs_round4_code,theta3,4,600,68,1.6653345369377348e-16,3.1086244689504383e-15
1_regimeA_r4_vs_round4_code,theta2,4,600,68,1.7763568394002505e-15,6.5503158452884236e-15
1_regimeA_r4_vs_round4_code,theta3,4,600,69,1.1102230246251565e-16,3.6637359812630166e-15
1_regimeA_r4_vs_round4_code,theta2,4,600,69,3.885780586188048e-16,8.43769498715119e-15
1_regimeA_r4_vs_round4_code,theta3,4,600,70,2.220446049250313e-16,3.9968028886505635e-15
1_regimeA_r4_vs_round4_code,theta2,4,600,70,1.1102230246251565e-15,1.1324274851176597e-14
1_regimeA_r4_vs_round4_code,theta3,4,600,71,2.220446049250313e-16,1.7763568394002505e-15
1_regimeA_r4_vs_round4_code,theta2,4,600,71,1.887379141862766e-15,6.217248937900877e-15
1_regimeA_r4_vs_round4_code,theta3,4,600,72,1.6653345369377348e-16,4.884981308350689e-15
1_regimeA_r4_vs_round4_code,theta2,4,600,72,1.4432899320127035e-15,9.103828801926284e-15
1_regimeA_r4_vs_round4_code,theta3,4,600,73,3.3306690738754696e-16,2.220446049250313e-15
1_regimeA_r4_vs_round4_code,theta2,4,600,73,8.881784197001252e-16,1.1324274851176597e-14
1_regimeA_r4_vs_round4_code,theta3,4,600,74,1.6653345369377348e-16,3.552713678800501e-15
1_regimeA_r4_vs_round4_code,theta2,4,600,74,6.661338147750939e-16,3.885780586188048e-15
1_regimeA_r4_vs_round4_code,theta3,4,600,75,1.942890293094024e-16,3.1086244689504383e-15
1_regimeA_r4_vs_round4_code,theta2,4,600,75,1.3322676295501878e-15,1.0658141036401503e-14
1_regimeA_r4_vs_round4_code,theta3,4,600,76,1.8041124150158794e-16,3.1086244689504383e-15
1_regimeA_r4_vs_round4_code,theta2,4,600,76,1.4155343563970746e-15,9.992007221626409e-15
1_regimeA_r4_vs_round4_code,theta3,4,600,77,1.1102230246251565e-16,3.6637359812630166e-15
1_regimeA_r4_vs_round4_code,theta2,4,600,77,8.215650382226158e-15,2.0872192862952943e-14
1_regimeA_r4_vs_round4_code,theta3,4,600,78,1.457167719820518e-16,4.107825191113079e-15
1_regimeA_r4_vs_round4_code,theta2,4,600,78,6.106226635438361e-16,7.993605777301127e-15
1_regimeA_r4_vs_round4_code,theta3,4,600,79,5.551115123125783e-17,3.774758283725532e-15
1_regimeA_r4_vs_round4_code,theta2,4,600,79,5.551115123125783e-16,9.547918011776346e-15
1_regimeA_r4_vs_round4_code,theta3,4,600,80,1.1102230246251565e-16,2.4424906541753444e-15
1_regimeA_r4_vs_round4_code,theta2,4,600,80,2.55351295663786e-15,9.769962616701378e-15
1_regimeA_r4_vs_round4_code,theta3,4,600,81,2.220446049250313e-16,2.7755575615628914e-15
1_regimeA_r4_vs_round4_code,theta2,4,600,81,3.3306690738754696e-15,2.0650148258027912e-14
1_regimeA_r4_vs_round4_code,theta3,4,600,82,1.249000902703301e-16,2.220446049250313e-15
1_regimeA_r4_vs_round4_code,theta2,4,600,82,3.7192471324942744e-15,2.1538326677728037e-14
1_regimeA_r4_vs_round4_code,theta3,4,600,83,1.249000902703301e-16,2.886579864025407e-15
1_regimeA_r4_vs_round4_code,theta2,4,600,83,8.881784197001252e-16,7.438494264988549e-15
1_regimeA_r4_vs_round4_code,theta3,4,600,84,1.3877787807814457e-16,4.440892098500626e-15
1_regimeA_r4_vs_round4_code,theta2,4,600,84,1.0547118733938987e-15,8.659739592076221e-15
1_regimeA_r4_vs_round4_code,theta3,4,600,85,1.6653345369377348e-16,3.3306690738754696e-15
1_regimeA_r4_vs_round4_code,theta2,4,600,85,1.7208456881689926e-15,1.2434497875801753e-14
1_regimeA_r4_vs_round4_code,theta3,4,600,86,1.6653345369377348e-16,2.886579864025407e-15
1_regimeA_r4_vs_round4_code,theta2,4,600,86,7.771561172376096e-16,8.215650382226158e-15
1_regimeA_r4_vs_round4_code,theta3,4,600,87,1.3877787807814457e-16,4.6629367034256575e-15
1_regimeA_r4_vs_round4_code,theta2,4,600,87,3.219646771412954e-15,1.176836406102666e-14
1_regimeA_r4_vs_round4_code,theta3,4,600,88,2.7755575615628914e-16,3.552713678800501e-15
1_regimeA_r4_vs_round4_code,theta2,4,600,88,1.3322676295501878e-15,5.773159728050814e-15
1_regimeA_r4_vs_round4_code,theta3,4,600,89,1.6653345369377348e-16,3.3306690738754696e-15
1_regimeA_r4_vs_round4_code,theta2,4,600,89,2.942091015256665e-15,1.687538997430238e-14
1_regimeA_r4_vs_round4_code,theta3,4,600,90,2.220446049250313e-16,2.55351295663786e-15
1_regimeA_r4_vs_round4_code,theta2,4,600,90,6.439293542825908e-15,1.9317880628477724e-14
1_regimeA_r4_vs_round4_code,theta3,4,600,91,1.6653345369377348e-16,3.1086244689504383e-15
1_regimeA_r4_vs_round4_code,theta2,4,600,91,9.992007221626409e-16,5.773159728050814e-15
1_regimeA_r4_vs_round4_code,theta3,4,600,92,2.220446049250313e-16,3.1086244689504383e-15
1_regimeA_r4_vs_round4_code,theta2,4,600,92,4.787836793695988e-16,1.0658141036401503e-14
1_regimeA_r4_vs_round4_code,theta3,4,600,93,2.220446049250313e-16,2.886579864025407e-15
1_regimeA_r4_vs_round4_code,theta2,4,600,93,1.27675647831893e-15,5.662137425588298e-15
1_regimeA_r4_vs_round4_code,theta3,4,600,94,1.249000902703301e-16,3.774758283725532e-15
1_regimeA_r4_vs_round4_code,theta2,4,600,94,1.5543122344752192e-15,6.661338147750939e-15
1_regimeA_r4_vs_round4_code,theta3,4,600,95,1.6653345369377348e-16,2.886579864025407e-15
1_regimeA_r4_vs_round4_code,theta2,4,600,95,1.9984014443252818e-15,9.2148511043888e-15
1_regimeA_r4_vs_round4_code,theta3,4,600,96,8.326672684688674e-17,2.55351295663786e-15
1_regimeA_r4_vs_round4_code,theta2,4,600,96,1.0824674490095276e-15,1.1324274851176597e-14
1_regimeA_r4_vs_round4_code,theta3,4,600,97,9.71445146547012e-17,2.886579864025407e-15
1_regimeA_r4_vs_round4_code,theta2,4,600,97,1.1796119636642288e-15,8.43769498715119e-15
1_regimeA_r4_vs_round4_code,theta3,4,600,98,6.938893903907228e-17,2.9976021664879227e-15
1_regimeA_r4_vs_round4_code,theta2,4,600,98,2.220446049250313e-15,1.1102230246251565e-14
1_regimeA_r4_vs_round4_code,theta3,4,600,99,2.498001805406602e-16,2.6645352591003757e-15
1_regimeA_r4_vs_round4_code,theta2,4,600,99,7.771561172376096e-16,9.325873406851315e-15
1_regimeA_r4_vs_round4_code,theta3,4,600,100,1.6653345369377348e-16,4.107825191113079e-15
1_regimeA_r4_vs_round4_code,theta2,4,600,100,8.881784197001252e-16,6.8833827526759706e-15
1_regimeA_r4_vs_round4_code,theta3,4,600,101,1.6653345369377348e-16,5.551115123125783e-15
1_regimeA_r4_vs_round4_code,theta2,4,600,101,1.609823385706477e-15,5.88418203051333e-15
1_regimeA_r4_vs_round4_code,theta3,4,600,102,2.7755575615628914e-16,4.884981308350689e-15
1_regimeA_r4_vs_round4_code,theta2,4,600,102,1.9984014443252818e-15,7.771561172376096e-15
1_regimeA_r4_vs_round4_code,theta3,4,600,103,2.7755575615628914e-16,3.3306690738754696e-15
1_regimeA_r4_vs_round4_code,theta2,4,600,103,3.2751579226442118e-15,1.1324274851176597e-14
1_regimeA_r4_vs_round4_code,theta3,4,600,104,1.1102230246251565e-16,3.1086244689504383e-15
1_regimeA_r4_vs_round4_code,theta2,4,600,104,3.3029134982598407e-15,1.2434497875801753e-14
1_regimeA_r4_vs_round4_code,theta3,4,600,105,2.220446049250313e-16,2.4424906541753444e-15
1_regimeA_r4_vs_round4_code,theta2,4,600,105,5.134781488891349e-16,1.099120794378905e-14
1_regimeA_r4_vs_round4_code,theta3,4,600,106,1.8041124150158794e-16,3.885780586188048e-15
1_regimeA_r4_vs_round4_code,theta2,4,600,106,8.881784197001252e-16,9.658940314238862e-15
1_regimeA_r4_vs_round4_code,theta3,4,600,107,2.7755575615628914e-16,2.4424906541753444e-15
1_regimeA_r4_vs_round4_code,theta2,4,600,107,1.2212453270876722e-15,5.773159728050814e-15
1_regimeA_r4_vs_round4_code,theta3,4,600,108,2.7755575615628914e-16,4.6629367034256575e-15
1_regimeA_r4_vs_round4_code,theta2,4,600,108,1.4432899320127035e-15,8.215650382226158e-15
1_regimeA_r4_vs_round4_code,theta3,4,600,109,4.163336342344337e-17,3.774758283725532e-15
1_regimeA_r4_vs_round4_code,theta2,4,600,109,4.3298697960381105e-15,2.375877272697835e-14
1_regimeA_r4_vs_round4_code,theta3,4,600,110,2.220446049250313e-16,4.773959005888173e-15
1_regimeA_r4_vs_round4_code,theta2,4,600,110,8.049116928532385e-16,1.3322676295501878e-14
1_regimeA_r4_vs_round4_code,theta3,4,600,111,1.1102230246251565e-16,7.327471962526033e-15
1_regimeA_r4_vs_round4_code,theta2,4,600,111,1.124100812432971e-15,7.105427357601002e-15
1_regimeA_r4_vs_round4_code,theta3,4,600,112,1.3877787807814457e-16,2.886579864025407e-15
1_regimeA_r4_vs_round4_code,theta2,4,600,112,1.3322676295501878e-15,1.1102230246251565e-14
1_regimeA_r4_vs_round4_code,theta3,4,600,113,1.3877787807814457e-16,4.884981308350689e-15
1_regimeA_r4_vs_round4_code,theta2,4,600,113,3.774758283725532e-15,2.886579864025407e-14
1_regimeA_r4_vs_round4_code,theta3,4,600,114,2.220446049250313e-16,2.6645352591003757e-15
1_regimeA_r4_vs_round4_code,theta2,4,600,114,9.992007221626409e-16,7.771561172376096e-15
1_regimeA_r4_vs_round4_code,theta3,4,600,115,1.6653345369377348e-16,4.773959005888173e-15
1_regimeA_r4_vs_round4_code,theta2,4,600,115,6.106226635438361e-16,7.105427357601002e-15
1_regimeA_r4_vs_round4_code,theta3,4,600,116,2.498001805406602e-16,2.220446049250313e-15
1_regimeA_r4_vs_round4_code,theta2,4,600,116,1.6653345369377348e-15,3.9968028886505635e-15
1_regimeA_r4_vs_round4_code,theta3,4,600,117,2.220446049250313e-16,4.218847493575595e-15
1_regimeA_r4_vs_round4_code,theta2,4,600,117,2.55351295663786e-15,9.769962616701378e-15
1_regimeA_r4_vs_round4_code,theta3,4,600,118,1.1102230246251565e-16,2.220446049250313e-15
1_regimeA_r4_vs_round4_code,theta2,4,600,118,2.9976021664879227e-15,7.327471962526033e-15
1_regimeA_r4_vs_round4_code,theta3,4,600,119,2.220446049250313e-16,2.220446049250313e-15
1_regimeA_r4_vs_round4_code,theta2,4,600,119,9.992007221626409e-16,5.10702591327572e-15
1_regimeA_r4_vs_round4_code,theta3,4,600,120,1.1102230246251565e-16,2.886579864025407e-15
1_regimeA_r4_vs_round4_code,theta2,4,600,120,2.886579864025407e-15,9.325873406851315e-15
1_regimeA_r4_vs_round4_code,theta3,4,600,121,1.6653345369377348e-16,3.1086244689504383e-15
1_regimeA_r4_vs_round4_code,theta2,4,600,121,1.2212453270876722e-15,1.4432899320127035e-14
1_regimeA_r4_vs_round4_code,theta3,4,600,122,1.1102230246251565e-16,2.6645352591003757e-15
1_regimeA_r4_vs_round4_code,theta2,4,600,122,1.3322676295501878e-15,6.5503158452884236e-15
1_regimeA_r4_vs_round4_code,theta3,4,600,123,8.326672684688674e-17,4.3298697960381105e-15
1_regimeA_r4_vs_round4_code,theta2,4,600,123,7.216449660063518e-16,6.328271240363392e-15
1_regimeA_r4_vs_round4_code,theta3,4,600,124,1.6653345369377348e-16,3.1086244689504383e-15
1_regimeA_r4_vs_round4_code,theta2,4,600,124,1.4988010832439613e-15,1.4432899320127035e-14
1_regimeA_r4_vs_round4_code,theta3,4,600,125,1.6653345369377348e-16,3.552713678800501e-15
1_regimeA_r4_vs_round4_code,theta2,4,600,125,3.1086244689504383e-15,1.509903313490213e-14
1_regimeA_r4_vs_round4_code,theta3,4,600,126,1.1102230246251565e-16,1.9984014443252818e-15
1_regimeA_r4_vs_round4_code,theta2,4,600,126,2.7755575615628914e-15,1.1102230246251565e-14
1_regimeA_r4_vs_round4_code,theta3,4,600,127,1.3877787807814457e-16,3.1086244689504383e-15
1_regimeA_r4_vs_round4_code,theta2,4,600,127,9.71445146547012e-16,5.88418203051333e-15
1_regimeA_r4_vs_round4_code,theta3,4,600,128,1.1102230246251565e-16,2.55351295663786e-15
1_regimeA_r4_vs_round4_code,theta2,4,600,128,1.1102230246251565e-15,1.2434497875801753e-14
1_regimeA_r4_vs_round4_code,theta3,4,600,129,2.220446049250313e-16,2.220446049250313e-15
1_regimeA_r4_vs_round4_code,theta2,4,600,129,8.881784197001252e-16,5.995204332975845e-15
1_regimeA_r4_vs_round4_code,theta3,4,600,130,1.6653345369377348e-16,3.1086244689504383e-15
1_regimeA_r4_vs_round4_code,theta2,4,600,130,1.1102230246251565e-15,8.659739592076221e-15
1_regimeA_r4_vs_round4_code,theta3,4,600,131,1.1102230246251565e-16,3.1086244689504383e-15
1_regimeA_r4_vs_round4_code,theta2,4,600,131,7.216449660063518e-16,8.43769498715119e-15
1_regimeA_r4_vs_round4_code,theta3,4,600,132,1.6653345369377348e-16,4.440892098500626e-15
1_regimeA_r4_vs_round4_code,theta2,4,600,132,1.3600232051658168e-15,6.217248937900877e-15
1_regimeA_r4_vs_round4_code,theta3,4,600,133,2.220446049250313e-16,2.4424906541753444e-15
1_regimeA_r4_vs_round4_code,theta2,4,600,133,2.886579864025407e-15,6.661338147750939e-15
1_regimeA_r4_vs_round4_code,theta3,4,600,134,1.1102230246251565e-16,2.6645352591003757e-15
1_regimeA_r4_vs_round4_code,theta2,4,600,134,1.1657341758564144e-15,6.8833827526759706e-15
1_regimeA_r4_vs_round4_code,theta3,4,600,135,5.551115123125783e-16,3.9968028886505635e-15
1_regimeA_r4_vs_round4_code,theta2,4,600,135,1.0547118733938987e-15,2.0317081350640365e-14
1_regimeA_r4_vs_round4_code,theta3,4,600,136,3.885780586188048e-16,4.884981308350689e-15
1_regimeA_r4_vs_round4_code,theta2,4,600,136,1.3322676295501878e-15,9.769962616701378e-15
1_regimeA_r4_vs_round4_code,theta3,4,600,137,2.220446049250313e-16,4.551914400963142e-15
1_regimeA_r4_vs_round4_code,theta2,4,600,137,1.5265566588595902e-15,7.882583474838611e-15
1_regimeA_r4_vs_round4_code,theta3,4,600,138,1.6653345369377348e-16,2.220446049250313e-15
1_regimeA_r4_vs_round4_code,theta2,4,600,138,7.549516567451064e-15,2.531308496145357e-14
1_regimeA_r4_vs_round4_code,theta3,4,600,139,2.220446049250313e-16,3.3306690738754696e-15
1_regimeA_r4_vs_round4_code,theta2,4,600,139,6.661338147750939e-16,5.995204332975845e-15
1_regimeA_r4_vs_round4_code,theta3,4,600,140,2.220446049250313e-16,2.9976021664879227e-15
1_regimeA_r4_vs_round4_code,theta2,4,600,140,1.7763568394002505e-15,1.2434497875801753e-14
1_regimeA_r4_vs_round4_code,theta3,4,600,141,1.5265566588595902e-16,2.886579864025407e-15
1_regimeA_r4_vs_round4_code,theta2,4,600,141,1.1379786002407855e-15,8.215650382226158e-15
1_regimeA_r4_vs_round4_code,theta3,4,600,142,2.498001805406602e-16,4.3298697960381105e-15
1_regimeA_r4_vs_round4_code,theta2,4,600,142,1.2212453270876722e-15,1.021405182655144e-14
1_regimeA_r4_vs_round4_code,theta3,4,600,143,1.3877787807814457e-16,2.55351295663786e-15
1_regimeA_r4_vs_round4_code,theta2,4,600,143,1.5543122344752192e-15,7.327471962526033e-15
1_regimeA_r4_vs_round4_code,theta3,4,600,144,1.3877787807814457e-16,3.552713678800501e-15
1_regimeA_r4_vs_round4_code,theta2,4,600,144,8.326672684688674e-16,6.106226635438361e-15
1_regimeA_r4_vs_round4_code,theta3,4,600,145,1.6653345369377348e-16,3.1086244689504383e-15
1_regimeA_r4_vs_round4_code,theta2,4,600,145,6.106226635438361e-16,1.2434497875801753e-14
1_regimeA_r4_vs_round4_code,theta3,4,600,146,2.220446049250313e-16,4.440892098500626e-15
1_regimeA_r4_vs_round4_code,theta2,4,600,146,4.440892098500626e-16,6.8833827526759706e-15
1_regimeA_r4_vs_round4_code,theta3,4,600,147,2.220446049250313e-16,3.219646771412954e-15
1_regimeA_r4_vs_round4_code,theta2,4,600,147,1.887379141862766e-15,7.771561172376096e-15
1_regimeA_r4_vs_round4_code,theta3,4,600,148,2.498001805406602e-16,3.1086244689504383e-15
1_regimeA_r4_vs_round4_code,theta2,4,600,148,3.552713678800501e-15,1.687538997430238e-14
1_regimeA_r4_vs_round4_code,theta3,4,600,149,5.551115123125783e-17,2.886579864025407e-15
1_regimeA_r4_vs_round4_code,theta2,4,600,149,6.938893903907228e-16,6.772360450213455e-15
1_regimeA_r4_vs_round4_code,theta3,4,600,150,2.7755575615628914e-16,3.3306690738754696e-15
1_regimeA_r4_vs_round4_code,theta2,4,600,150,1.6653345369377348e-15,1.2101430968414206e-14
1_regimeA_r4_vs_round4_code,theta3,4,600,151,1.1102230246251565e-16,2.6645352591003757e-15
1_regimeA_r4_vs_round4_code,theta2,4,600,151,9.992007221626409e-16,7.327471962526033e-15
1_regimeA_r4_vs_round4_code,theta3,4,600,152,1.1102230246251565e-16,3.1086244689504383e-15
1_regimeA_r4_vs_round4_code,theta2,4,600,152,4.440892098500626e-16,8.43769498715119e-15
1_regimeA_r4_vs_round4_code,theta3,4,600,153,5.551115123125783e-17,3.1086244689504383e-15
1_regimeA_r4_vs_round4_code,theta2,4,600,153,7.771561172376096e-16,7.549516567451064e-15
1_regimeA_r4_vs_round4_code,theta3,4,600,154,9.71445146547012e-17,2.7755575615628914e-15
1_regimeA_r4_vs_round4_code,theta2,4,600,154,9.992007221626409e-16,1.0436096431476471e-14
1_regimeA_r4_vs_round4_code,theta3,4,600,155,3.3306690738754696e-16,2.220446049250313e-15
1_regimeA_r4_vs_round4_code,theta2,4,600,155,1.4432899320127035e-15,9.103828801926284e-15
1_regimeA_r4_vs_round4_code,theta3,4,600,156,1.1102230246251565e-16,5.218048215738236e-15
1_regimeA_r4_vs_round4_code,theta2,4,600,156,7.771561172376096e-16,9.2148511043888e-15
1_regimeA_r4_vs_round4_code,theta3,4,600,157,1.8041124150158794e-16,4.440892098500626e-15
1_regimeA_r4_vs_round4_code,theta2,4,600,157,1.3322676295501878e-15,1.0769163338864018e-14
1_regimeA_r4_vs_round4_code,theta3,4,600,158,2.220446049250313e-16,3.774758283725532e-15
1_regimeA_r4_vs_round4_code,theta2,4,600,158,9.992007221626409e-16,7.327471962526033e-15
1_regimeA_r4_vs_round4_code,theta3,4,600,159,2.7755575615628914e-16,2.6645352591003757e-15
1_regimeA_r4_vs_round4_code,theta2,4,600,159,1.0269562977782698e-15,4.440892098500626e-15
1_regimeA_r4_vs_round4_code,theta3,4,600,160,8.326672684688674e-17,2.6645352591003757e-15
1_regimeA_r4_vs_round4_code,theta2,4,600,160,1.27675647831893e-15,1.0769163338864018e-14
1_regimeA_r4_vs_round4_code,theta3,4,600,161,2.498001805406602e-16,2.6645352591003757e-15
1_regimeA_r4_vs_round4_code,theta2,4,600,161,1.7208456881689926e-15,1.021405182655144e-14
1_regimeA_r4_vs_round4_code,theta3,4,600,162,2.220446049250313e-16,2.55351295663786e-15
1_regimeA_r4_vs_round4_code,theta2,4,600,162,2.3869795029440866e-15,1.2434497875801753e-14
1_regimeA_r4_vs_round4_code,theta3,4,600,163,8.326672684688674e-17,1.9984014443252818e-15
1_regimeA_r4_vs_round4_code,theta2,4,600,163,5.551115123125783e-16,5.329070518200751e-15
1_regimeA_r4_vs_round4_code,theta3,4,600,164,8.326672684688674e-17,3.1086244689504383e-15
1_regimeA_r4_vs_round4_code,theta2,4,600,164,1.6653345369377348e-15,1.1546319456101628e-14
1_regimeA_r4_vs_round4_code,theta3,4,600,165,1.6653345369377348e-16,2.3314683517128287e-15
1_regimeA_r4_vs_round4_code,theta2,4,600,165,1.3322676295501878e-15,5.329070518200751e-15
1_regimeA_r4_vs_round4_code,theta3,4,600,166,8.673617379884035e-17,3.1086244689504383e-15
1_regimeA_r4_vs_round4_code,theta2,4,600,166,2.4841240175987878e-15,1.1324274851176597e-14
1_regimeA_r4_vs_round4_code,theta3,4,600,167,2.220446049250313e-16,2.220446049250313e-15
1_regimeA_r4_vs_round4_code,theta2,4,600,167,4.3298697960381105e-15,2.5091040356528538e-14
1_regimeA_r4_vs_round4_code,theta3,4,600,168,1.1102230246251565e-16,2.6645352591003757e-15
1_regimeA_r4_vs_round4_code,theta2,4,600,168,6.938893903907228e-16,1.3766765505351941e-14
1_regimeA_r4_vs_round4_code,theta3,4,600,169,2.220446049250313e-16,3.1086244689504383e-15
1_regimeA_r4_vs_round4_code,theta2,4,600,169,1.7763568394002505e-15,9.769962616701378e-15
1_regimeA_r4_vs_round4_code,theta3,4,600,170,1.6653345369377348e-16,3.9968028886505635e-15
1_regimeA_r4_vs_round4_code,theta2,4,600,170,1.4988010832439613e-15,2.3314683517128287e-14
1_regimeA_r4_vs_round4_code,theta3,4,600,171,1.6653345369377348e-16,1.7763568394002505e-15
1_regimeA_r4_vs_round4_code,theta2,4,600,171,8.881784197001252e-16,6.661338147750939e-15
1_regimeA_r4_vs_round4_code,theta3,4,600,172,1.6653345369377348e-16,2.886579864025407e-15
1_regimeA_r4_vs_round4_code,theta2,4,600,172,5.655198531684391e-16,8.215650382226158e-15
1_regimeA_r4_vs_round4_code,theta3,4,600,173,2.498001805406602e-16,2.886579864025407e-15
1_regimeA_r4_vs_round4_code,theta2,4,600,173,1.6653345369377348e-15,4.551914400963142e-15
1_regimeA_r4_vs_round4_code,theta3,4,600,174,1.1102230246251565e-16,2.220446049250313e-15
1_regimeA_r4_vs_round4_code,theta2,4,600,174,9.992007221626409e-16,1.554312234475219e-14
1_regimeA_r4_vs_round4_code,theta3,4,600,175,1.3877787807814457e-16,2.7755575615628914e-15
1_regimeA_r4_vs_round4_code,theta2,4,600,175,1.1657341758564144e-15,1.1435297153639112e-14
1_regimeA_r4_vs_round4_code,theta3,4,600,176,1.3877787807814457e-16,2.886579864025407e-15
1_regimeA_r4_vs_round4_code,theta2,4,600,176,8.881784197001252e-16,6.661338147750939e-15
1_regimeA_r4_vs_round4_code,theta3,4,600,177,1.3877787807814457e-16,3.552713678800501e-15
1_regimeA_r4_vs_round4_code,theta2,4,600,177,2.1649348980190553e-15,7.993605777301127e-15
1_regimeA_r4_vs_round4_code,theta3,4,600,178,1.3877787807814457e-16,2.9976021664879227e-15
1_regimeA_r4_vs_round4_code,theta2,4,600,178,1.7208456881689926e-15,7.549516567451064e-15
1_regimeA_r4_vs_round4_code,theta3,4,600,179,1.3877787807814457e-16,3.1086244689504383e-15
1_regimeA_r4_vs_round4_code,theta2,4,600,179,1.0269562977782698e-15,1.687538997430238e-14
1_regimeA_r4_vs_round4_code,theta3,4,600,180,1.1102230246251565e-16,5.551115123125783e-15
1_regimeA_r4_vs_round4_code,theta2,4,600,180,1.304512053934559e-15,1.1102230246251565e-14
1_regimeA_r4_vs_round4_code,theta3,4,600,181,1.1102230246251565e-16,4.218847493575595e-15
1_regimeA_r4_vs_round4_code,theta2,4,600,181,3.885780586188048e-16,6.661338147750939e-15
1_regimeA_r4_vs_round4_code,theta3,4,600,182,1.1102230246251565e-16,3.9968028886505635e-15
1_regimeA_r4_vs_round4_code,theta2,4,600,182,4.440892098500626e-16,8.659739592076221e-15
1_regimeA_r4_vs_round4_code,theta3,4,600,183,2.220446049250313e-16,3.552713678800501e-15
1_regimeA_r4_vs_round4_code,theta2,4,600,183,4.107825191113079e-15,1.1546319456101628e-14
1_regimeA_r4_vs_round4_code,theta3,4,600,184,8.326672684688674e-17,2.220446049250313e-15
1_regimeA_r4_vs_round4_code,theta2,4,600,184,1.0547118733938987e-15,9.2148511043888e-15
1_regimeA_r4_vs_round4_code,theta3,4,600,185,1.3877787807814457e-16,3.9968028886505635e-15
1_regimeA_r4_vs_round4_code,theta2,4,600,185,1.4710455076283324e-15,9.2148511043888e-15
1_regimeA_r4_vs_round4_code,theta3,4,600,186,8.326672684688674e-17,3.552713678800501e-15
1_regimeA_r4_vs_round4_code,theta2,4,600,186,1.9984014443252818e-15,1.4876988529977098e-14
1_regimeA_r4_vs_round4_code,theta3,4,600,187,1.6653345369377348e-16,2.1094237467877974e-15
1_regimeA_r4_vs_round4_code,theta2,4,600,187,1.2490009027033011e-15,7.993605777301127e-15
1_regimeA_r4_vs_round4_code,theta3,4,600,188,2.498001805406602e-16,2.6645352591003757e-15
1_regimeA_r4_vs_round4_code,theta2,4,600,188,1.4710455076283324e-15,6.8833827526759706e-15
1_regimeA_r4_vs_round4_code,theta3,4,600,189,1.6653345369377348e-16,4.218847493575595e-15
1_regimeA_r4_vs_round4_code,theta2,4,600,189,6.661338147750939e-16,5.329070518200751e-15
1_regimeA_r4_vs_round4_code,theta3,4,600,190,2.7755575615628914e-16,2.1094237467877974e-15
1_regimeA_r4_vs_round4_code,theta2,4,600,190,9.43689570931383e-16,7.549516567451064e-15
1_regimeA_r4_vs_round4_code,theta3,4,600,191,2.7755575615628914e-16,3.1086244689504383e-15
1_regimeA_r4_vs_round4_code,theta2,4,600,191,7.771561172376096e-16,4.6629367034256575e-15
1_regimeA_r4_vs_round4_code,theta3,4,600,192,2.7755575615628914e-16,2.55351295663786e-15
1_regimeA_r4_vs_round4_code,theta2,4,600,192,1.942890293094024e-15,5.995204332975845e-15
1_regimeA_r4_vs_round4_code,theta3,4,600,193,9.71445146547012e-17,4.218847493575595e-15
1_regimeA_r4_vs_round4_code,theta2,4,600,193,1.609823385706477e-15,7.327471962526033e-15
1_regimeA_r4_vs_round4_code,theta3,4,600,194,1.942890293094024e-16,3.552713678800501e-15
1_regimeA_r4_vs_round4_code,theta2,4,600,194,1.27675647831893e-15,6.106226635438361e-15
1_regimeA_r4_vs_round4_code,theta3,4,600,195,2.220446049250313e-16,3.552713678800501e-15
1_regimeA_r4_vs_round4_code,theta2,4,600,195,8.881784197001252e-16,5.995204332975845e-15
1_regimeA_r4_vs_round4_code,theta3,4,600,196,2.7755575615628914e-16,3.1086244689504383e-15
1_regimeA_r4_vs_round4_code,theta2,4,600,196,1.2490009027033011e-15,7.549516567451064e-15
1_regimeA_r4_vs_round4_code,theta3,4,600,197,1.5265566588595902e-16,1.9984014443252818e-15
1_regimeA_r4_vs_round4_code,theta2,4,600,197,7.993605777301127e-15,2.3314683517128287e-14
1_regimeA_r4_vs_round4_code,theta3,4,600,198,2.220446049250313e-16,3.1086244689504383e-15
1_regimeA_r4_vs_round4_code,theta2,4,600,198,1.887379141862766e-15,1.3100631690576847e-14
1_regimeA_r4_vs_round4_code,theta3,4,600,199,2.220446049250313e-16,4.218847493575595e-15
1_regimeA_r4_vs_round4_code,theta2,4,600,199,8.881784197001252e-16,5.773159728050814e-15
1_regimeA_r4_vs_round4_code,theta3,6,400,0,2.498001805406602e-16,1.9984014443252818e-15
1_regimeA_r4_vs_round4_code,theta2,6,400,0,9.159339953157541e-16,6.217248937900877e-15
1_regimeA_r4_vs_round4_code,theta3,6,400,1,2.0816681711721685e-16,2.6645352591003757e-15
1_regimeA_r4_vs_round4_code,theta2,6,400,1,1.1379786002407855e-15,2.864375403532904e-14
1_regimeA_r4_vs_round4_code,theta3,6,400,2,9.020562075079397e-17,3.219646771412954e-15
1_regimeA_r4_vs_round4_code,theta2,6,400,2,1.7763568394002505e-15,1.6209256159527285e-14
1_regimeA_r4_vs_round4_code,theta3,6,400,3,1.1102230246251565e-16,1.7763568394002505e-15
1_regimeA_r4_vs_round4_code,theta2,6,400,3,4.440892098500626e-16,5.10702591327572e-15
1_regimeA_r4_vs_round4_code,theta3,6,400,4,1.1102230246251565e-16,3.9968028886505635e-15
1_regimeA_r4_vs_round4_code,theta2,6,400,4,8.881784197001252e-16,3.9968028886505635e-15
1_regimeA_r4_vs_round4_code,theta3,6,400,5,1.942890293094024e-16,2.886579864025407e-15
1_regimeA_r4_vs_round4_code,theta2,6,400,5,7.216449660063518e-16,2.886579864025407e-15
1_regimeA_r4_vs_round4_code,theta3,6,400,6,1.1102230246251565e-16,2.220446049250313e-15
1_regimeA_r4_vs_round4_code,theta2,6,400,6,1.6653345369377348e-15,1.5432100042289676e-14
1_regimeA_r4_vs_round4_code,theta3,6,400,7,1.3877787807814457e-16,6.217248937900877e-15
1_regimeA_r4_vs_round4_code,theta2,6,400,7,4.996003610813204e-16,5.551115123125783e-15
1_regimeA_r4_vs_round4_code,theta3,6,400,8,6.938893903907228e-17,2.886579864025407e-15
1_regimeA_r4_vs_round4_code,theta2,6,400,8,5.10702591327572e-15,1.1879386363489175e-14
1_regimeA_r4_vs_round4_code,theta3,6,400,9,1.6653345369377348e-16,3.3306690738754696e-15
1_regimeA_r4_vs_round4_code,theta2,6,400,9,7.771561172376096e-16,6.217248937900877e-15
1_regimeA_r4_vs_round4_code,theta3,6,400,10,1.1102230246251565e-16,3.552713678800501e-15
1_regimeA_r4_vs_round4_code,theta2,6,400,10,7.216449660063518e-16,1.7541523789077473e-14
1_regimeA_r4_vs_round4_code,theta3,6,400,11,1.942890293094024e-16,4.107825191113079e-15
1_regimeA_r4_vs_round4_code,theta2,6,400,11,6.661338147750939e-16,8.659739592076221e-15
1_regimeA_r4_vs_round4_code,theta3,6,400,12,1.1102230246251565e-16,1.7763568394002505e-15
1_regimeA_r4_vs_round4_code,theta2,6,400,12,1.3877787807814457e-15,2.4646951146678475e-14
1_regimeA_r4_vs_round4_code,theta3,6,400,13,1.1102230246251565e-16,2.6645352591003757e-15
1_regimeA_r4_vs_round4_code,theta2,6,400,13,2.914335439641036e-16,2.6645352591003757e-15
1_regimeA_r4_vs_round4_code,theta3,6,400,14,1.1102230246251565e-16,2.3314683517128287e-15
1_regimeA_r4_vs_round4_code,theta2,6,400,14,1.6930901125533637e-15,1.5765166949677223e-14
1_regimeA_r4_vs_round4_code,theta3,6,400,15,6.938893903907228e-17,1.9984014443252818e-15
1_regimeA_r4_vs_round4_code,theta2,6,400,15,4.163336342344337e-16,4.107825191113079e-15
1_regimeA_r4_vs_round4_code,theta3,6,400,16,1.1102230246251565e-16,3.1086244689504383e-15
1_regimeA_r4_vs_round4_code,theta2,6,400,16,4.440892098500626e-16,5.329070518200751e-15
1_regimeA_r4_vs_round4_code,theta3,6,400,17,1.1102230246251565e-16,2.6645352591003757e-15
1_regimeA_r4_vs_round4_code,theta2,6,400,17,9.575673587391975e-16,7.993605777301127e-15
1_regimeA_r4_vs_round4_code,theta3,6,400,18,2.7755575615628914e-16,2.886579864025407e-15
1_regimeA_r4_vs_round4_code,theta2,6,400,18,7.771561172376096e-16,4.218847493575595e-15
1_regimeA_r4_vs_round4_code,theta3,6,400,19,1.1102230246251565e-16,1.6653345369377348e-15
1_regimeA_r4_vs_round4_code,theta2,6,400,19,2.2898349882893854e-16,8.215650382226158e-15
1_regimeA_r4_vs_round4_code,theta3,6,400,20,8.326672684688674e-17,4.884981308350689e-15
1_regimeA_r4_vs_round4_code,theta2,6,400,20,3.3306690738754696e-16,4.218847493575595e-15
1_regimeA_r4_vs_round4_code,theta3,6,400,21,1.1102230246251565e-16,3.9968028886505635e-15
1_regimeA_r4_vs_round4_code,theta2,6,400,21,1.27675647831893e-15,1.199040866595169e-14
1_regimeA_r4_vs_round4_code,theta3,6,400,22,2.7755575615628914e-16,3.3306690738754696e-15
1_regimeA_r4_vs_round4_code,theta2,6,400,22,8.049116928532385e-16,5.440092820663267e-15
1_regimeA_r4_vs_round4_code,theta3,6,400,23,1.3877787807814457e-16,4.440892098500626e-15
1_regimeA_r4_vs_round4_code,theta2,6,400,23,1.2212453270876722e-15,6.106226635438361e-15
1_regimeA_r4_vs_round4_code,theta3,6,400,24,6.938893903907228e-17,3.885780586188048e-15
1_regimeA_r4_vs_round4_code,theta2,6,400,24,3.885780586188048e-16,4.6629367034256575e-15
1_regimeA_r4_vs_round4_code,theta3,6,400,25,2.498001805406602e-16,3.4416913763379853e-15
1_regimeA_r4_vs_round4_code,theta2,6,400,25,6.661338147750939e-16,3.3306690738754696e-15
1_regimeA_r4_vs_round4_code,theta3,6,400,26,1.1102230246251565e-16,2.6645352591003757e-15
1_regimeA_r4_vs_round4_code,theta2,6,400,26,5.551115123125783e-16,5.10702591327572e-15
1_regimeA_r4_vs_round4_code,theta3,6,400,27,1.6653345369377348e-16,3.552713678800501e-15
1_regimeA_r4_vs_round4_code,theta2,6,400,27,6.106226635438361e-16,5.773159728050814e-15
1_regimeA_r4_vs_round4_code,theta3,6,400,28,1.6653345369377348e-16,2.220446049250313e-15
1_regimeA_r4_vs_round4_code,theta2,6,400,28,4.884981308350689e-15,5.762057497804562e-14
1_regimeA_r4_vs_round4_code,theta3,6,400,29,2.498001805406602e-16,2.886579864025407e-15
1_regimeA_r4_vs_round4_code,theta2,6,400,29,4.440892098500626e-16,3.552713678800501e-15
1_regimeA_r4_vs_round4_code,theta3,6,400,30,1.1102230246251565e-16,3.1086244689504383e-15
1_regimeA_r4_vs_round4_code,theta2,6,400,30,2.1094237467877974e-15,7.993605777301127e-15
1_regimeA_r4_vs_round4_code,theta3,6,400,31,1.6653345369377348e-16,3.3306690738754696e-15
1_regimeA_r4_vs_round4_code,theta2,6,400,31,4.773959005888173e-15,1.6431300764452317e-14
1_regimeA_r4_vs_round4_code,theta3,6,400,32,2.220446049250313e-16,3.3306690738754696e-15
1_regimeA_r4_vs_round4_code,theta2,6,400,32,7.216449660063518e-16,1.1102230246251565e-14
1_regimeA_r4_vs_round4_code,theta3,6,400,33,1.1102230246251565e-16,2.886579864025407e-15
1_regimeA_r4_vs_round4_code,theta2,6,400,33,2.275957200481571e-15,1.9317880628477724e-14
1_regimeA_r4_vs_round4_code,theta3,6,400,34,2.220446049250313e-16,4.440892098500626e-15
1_regimeA_r4_vs_round4_code,theta2,6,400,34,1.4432899320127035e-15,6.106226635438361e-15
1_regimeA_r4_vs_round4_code,theta3,6,400,35,1.942890293094024e-16,3.4416913763379853e-15
1_regimeA_r4_vs_round4_code,theta2,6,400,35,1.1102230246251565e-15,5.218048215738236e-15
1_regimeA_r4_vs_round4_code,theta3,6,400,36,1.6653345369377348e-16,2.6645352591003757e-15
1_regimeA_r4_vs_round4_code,theta2,6,400,36,5.551115123125783e-16,3.552713678800501e-15
1_regimeA_r4_vs_round4_code,theta3,6,400,37,1.942890293094024e-16,2.220446049250313e-15
1_regimeA_r4_vs_round4_code,theta2,6,400,37,6.661338147750939e-16,4.440892098500626e-15
1_regimeA_r4_vs_round4_code,theta3,6,400,38,1.1102230246251565e-16,2.220446049250313e-15
1_regimeA_r4_vs_round4_code,theta2,6,400,38,6.106226635438361e-16,6.8833827526759706e-15
1_regimeA_r4_vs_round4_code,theta3,6,400,39,1.1102230246251565e-16,4.6629367034256575e-15
1_regimeA_r4_vs_round4_code,theta2,6,400,39,7.771561172376096e-16,5.551115123125783e-15
1_regimeA_r4_vs_round4_code,theta3,6,400,40,1.6653345369377348e-16,2.4424906541753444e-15
1_regimeA_r4_vs_round4_code,theta2,6,400,40,3.1086244689504383e-15,1.7985612998927536e-14
1_regimeA_r4_vs_round4_code,theta3,6,400,41,1.1102230246251565e-16,4.218847493575595e-15
1_regimeA_r4_vs_round4_code,theta2,6,400,41,1.1934897514720433e-15,1.021405182655144e-14
1_regimeA_r4_vs_round4_code,theta3,6,400,42,1.942890293094024e-16,3.9968028886505635e-15
1_regimeA_r4_vs_round4_code,theta2,6,400,42,9.43689570931383e-16,2.220446049250313e-15
1_regimeA_r4_vs_round4_code,theta3,6,400,43,1.3877787807814457e-16,1.9984014443252818e-15
1_regimeA_r4_vs_round4_code,theta2,6,400,43,1.1102230246251565e-15,3.9968028886505635e-15
1_regimeA_r4_vs_round4_code,theta3,6,400,44,8.326672684688674e-17,2.7755575615628914e-15
1_regimeA_r4_vs_round4_code,theta2,6,400,44,3.7470027081099033e-16,4.218847493575595e-15
1_regimeA_r4_vs_round4_code,theta3,6,400,45,8.326672684688674e-17,2.220446049250313e-15
1_regimeA_r4_vs_round4_code,theta2,6,400,45,1.1657341758564144e-15,8.43769498715119e-15
1_regimeA_r4_vs_round4_code,theta3,6,400,46,8.326672684688674e-17,1.9984014443252818e-15
1_regimeA_r4_vs_round4_code,theta2,6,400,46,6.106226635438361e-16,4.551914400963142e-15
1_regimeA_r4_vs_round4_code,theta3,6,400,47,9.71445146547012e-17,2.886579864025407e-15
1_regimeA_r4_vs_round4_code,theta2,6,400,47,6.106226635438361e-16,9.992007221626409e-15
1_regimeA_r4_vs_round4_code,theta3,6,400,48,1.942890293094024e-16,3.1086244689504383e-15
1_regimeA_r4_vs_round4_code,theta2,6,400,48,1.1102230246251565e-15,5.10702591327572e-15
1_regimeA_r4_vs_round4_code,theta3,6,400,49,2.220446049250313e-16,1.7763568394002505e-15
1_regimeA_r4_vs_round4_code,theta2,6,400,49,4.85722573273506e-16,5.10702591327572e-15
1_regimeA_r4_vs_round4_code,theta3,6,400,50,9.71445146547012e-17,2.3314683517128287e-15
1_regimeA_r4_vs_round4_code,theta2,6,400,50,5.759281940243e-16,5.329070518200751e-15
1_regimeA_r4_vs_round4_code,theta3,6,400,51,1.6653345369377348e-16,4.218847493575595e-15
1_regimeA_r4_vs_round4_code,theta2,6,400,51,1.0824674490095276e-15,1.0436096431476471e-14
1_regimeA_r4_vs_round4_code,theta3,6,400,52,1.6653345369377348e-16,3.6637359812630166e-15
1_regimeA_r4_vs_round4_code,theta2,6,400,52,2.1094237467877974e-15,6.439293542825908e-15
1_regimeA_r4_vs_round4_code,theta3,6,400,53,1.1102230246251565e-16,1.9984014443252818e-15
1_regimeA_r4_vs_round4_code,theta2,6,400,53,9.992007221626409e-16,5.10702591327572e-15
1_regimeA_r4_vs_round4_code,theta3,6,400,54,1.1102230246251565e-16,2.6645352591003757e-15
1_regimeA_r4_vs_round4_code,theta2,6,400,54,2.275957200481571e-15,7.993605777301127e-15
1_regimeA_r4_vs_round4_code,theta3,6,400,55,2.220446049250313e-16,3.1086244689504383e-15
1_regimeA_r4_vs_round4_code,theta2,6,400,55,4.996003610813204e-16,4.884981308350689e-15
1_regimeA_r4_vs_round4_code,theta3,6,400,56,1.1102230246251565e-16,3.552713678800501e-15
1_regimeA_r4_vs_round4_code,theta2,6,400,56,6.938893903907228e-16,8.43769498715119e-15
1_regimeA_r4_vs_round4_code,theta3,6,400,57,1.6653345369377348e-16,3.4416913763379853e-15
1_regimeA_r4_vs_round4_code,theta2,6,400,57,8.881784197001252e-16,8.43769498715119e-15
1_regimeA_r4_vs_round4_code,theta3,6,400,58,1.6653345369377348e-16,1.5543122344752192e-15
1_regimeA_r4_vs_round4_code,theta2,6,400,58,5.551115123125783e-16,7.549516567451064e-15
1_regimeA_r4_vs_round4_code,theta3,6,400,59,8.326672684688674e-17,1.5543122344752192e-15
1_regimeA_r4_vs_round4_code,theta2,6,400,59,9.992007221626409e-16,2.2093438190040615e-14
1_regimeA_r4_vs_round4_code,theta3,6,400,60,2.220446049250313e-16,2.4424906541753444e-15
1_regimeA_r4_vs_round4_code,theta2,6,400,60,5.88418203051333e-15,9.547918011776346e-15
1_regimeA_r4_vs_round4_code,theta3,6,400,61,1.3877787807814457e-16,2.3314683517128287e-15
1_regimeA_r4_vs_round4_code,theta2,6,400,61,6.661338147750939e-16,1.2212453270876722e-14
1_regimeA_r4_vs_round4_code,theta3,6,400,62,1.6653345369377348e-16,2.6645352591003757e-15
1_regimeA_r4_vs_round4_code,theta2,6,400,62,7.771561172376096e-16,8.881784197001252e-15
1_regimeA_r4_vs_round4_code,theta3,6,400,63,1.8041124150158794e-16,2.220446049250313e-15
1_regimeA_r4_vs_round4_code,theta2,6,400,63,2.6367796834847468e-15,1.687538997430238e-14
1_regimeA_r4_vs_round4_code,theta3,6,400,64,1.942890293094024e-16,1.887379141862766e-15
1_regimeA_r4_vs_round4_code,theta2,6,400,64,1.0547118733938987e-15,7.549516567451064e-15
1_regimeA_r4_vs_round4_code,theta3,6,400,65,1.1102230246251565e-16,2.9976021664879227e-15
1_regimeA_r4_vs_round4_code,theta2,6,400,65,8.881784197001252e-16,4.6629367034256575e-15
1_regimeA_r4_vs_round4_code,theta3,6,400,66,1.6653345369377348e-16,1.9984014443252818e-15
1_regimeA_r4_vs_round4_code,theta2,6,400,66,9.159339953157541e-16,8.43769498715119e-15
1_regimeA_r4_vs_round4_code,theta3,6,400,67,1.1102230246251565e-16,2.6645352591003757e-15
1_regimeA_r4_vs_round4_code,theta2,6,400,67,6.106226635438361e-16,1.1435297153639112e-14
1_regimeA_r4_vs_round4_code,theta3,6,400,68,1.1102230246251565e-16,2.4424906541753444e-15
1_regimeA_r4_vs_round4_code,theta2,6,400,68,6.661338147750939e-16,6.439293542825908e-15
1_regimeA_r4_vs_round4_code,theta3,6,400,69,5.551115123125783e-17,1.7763568394002505e-15
1_regimeA_r4_vs_round4_code,theta2,6,400,69,1.4988010832439613e-15,9.547918011776346e-15
1_regimeA_r4_vs_round4_code,theta3,6,400,70,8.326672684688674e-17,2.4424906541753444e-15
1_regimeA_r4_vs_round4_code,theta2,6,400,70,1.1657341758564144e-15,1.099120794378905e-14
1_regimeA_r4_vs_round4_code,theta3,6,400,71,1.1102230246251565e-16,1.9984014443252818e-15
1_regimeA_r4_vs_round4_code,theta2,6,400,71,3.3306690738754696e-16,5.773159728050814e-15
1_regimeA_r4_vs_round4_code,theta3,6,400,72,2.7755575615628914e-16,1.887379141862766e-15
1_regimeA_r4_vs_round4_code,theta2,6,400,72,6.106226635438361e-16,3.1086244689504383e-15
1_regimeA_r4_vs_round4_code,theta3,6,400,73,1.3877787807814457e-16,3.4416913763379853e-15
1_regimeA_r4_vs_round4_code,theta2,6,400,73,9.992007221626409e-16,5.773159728050814e-15
1_regimeA_r4_vs_round4_code,theta3,6,400,74,2.498001805406602e-16,2.1094237467877974e-15
1_regimeA_r4_vs_round4_code,theta2,6,400,74,1.9984014443252818e-15,1.2878587085651816e-14
1_regimeA_r4_vs_round4_code,theta3,6,400,75,8.326672684688674e-17,2.886579864025407e-15
1_regimeA_r4_vs_round4_code,theta2,6,400,75,4.6629367034256575e-15,3.730349362740526e-14
1_regimeA_r4_vs_round4_code,theta3,6,400,76,1.1102230246251565e-16,1.7763568394002505e-15
1_regimeA_r4_vs_round4_code,theta2,6,400,76,9.992007221626409e-16,7.438494264988549e-15
1_regimeA_r4_vs_round4_code,theta3,6,400,77,5.551115123125783e-17,2.886579864025407e-15
1_regimeA_r4_vs_round4_code,theta2,6,400,77,1.887379141862766e-15,7.327471962526033e-15
1_regimeA_r4_vs_round4_code,theta3,6,400,78,1.1102230246251565e-16,1.5543122344752192e-15
1_regimeA_r4_vs_round4_code,theta2,6,400,78,8.43769498715119e-15,1.1546319456101628e-14
1_regimeA_r4_vs_round4_code,theta3,6,400,79,1.1102230246251565e-16,2.7755575615628914e-15
1_regimeA_r4_vs_round4_code,theta2,6,400,79,6.38378239159465e-16,3.3306690738754696e-15
1_regimeA_r4_vs_round4_code,theta3,6,400,80,1.3183898417423734e-16,1.6653345369377348e-15
1_regimeA_r4_vs_round4_code,theta2,6,400,80,1.1657341758564144e-15,5.440092820663267e-15
1_regimeA_r4_vs_round4_code,theta3,6,400,81,1.6653345369377348e-16,1.9984014443252818e-15
1_regimeA_r4_vs_round4_code,theta2,6,400,81,7.771561172376096e-16,9.2148511043888e-15
1_regimeA_r4_vs_round4_code,theta3,6,400,82,8.326672684688674e-17,1.7763568394002505e-15
1_regimeA_r4_vs_round4_code,theta2,6,400,82,1.2212453270876722e-15,5.329070518200751e-15
1_regimeA_r4_vs_round4_code,theta3,6,400,83,1.3877787807814457e-16,2.4424906541753444e-15
1_regimeA_r4_vs_round4_code,theta2,6,400,83,7.216449660063518e-16,5.551115123125783e-15
1_regimeA_r4_vs_round4_code,theta3,6,400,84,2.220446049250313e-16,2.7755575615628914e-15
1_regimeA_r4_vs_round4_code,theta2,6,400,84,1.1102230246251565e-15,4.884981308350689e-15
1_regimeA_r4_vs_round4_code,theta3,6,400,85,8.326672684688674e-17,2.220446049250313e-15
1_regimeA_r4_vs_round4_code,theta2,6,400,85,3.774758283725532e-15,1.8207657603852567e-14
1_regimeA_r4_vs_round4_code,theta3,6,400,86,6.938893903907228e-17,2.9976021664879227e-15
1_regimeA_r4_vs_round4_code,theta2,6,400,86,2.220446049250313e-15,1.865174681370263e-14
1_regimeA_r4_vs_round4_code,theta3,6,400,87,1.3877787807814457e-16,2.6645352591003757e-15
1_regimeA_r4_vs_round4_code,theta2,6,400,87,2.609024107869118e-15,1.509903313490213e-14
1_regimeA_r4_vs_round4_code,theta3,6,400,88,1.6653345369377348e-16,1.9984014443252818e-15
1_regimeA_r4_vs_round4_code,theta2,6,400,88,5.551115123125783e-16,3.9968028886505635e-15
1_regimeA_r4_vs_round4_code,theta3,6,400,89,1.6653345369377348e-16,4.6629367034256575e-15
1_regimeA_r4_vs_round4_code,theta2,6,400,89,6.661338147750939e-16,5.88418203051333e-15
1_regimeA_r4_vs_round4_code,theta3,6,400,90,3.608224830031759e-16,7.327471962526033e-15
1_regimeA_r4_vs_round4_code,theta2,6,400,90,1.4988010832439613e-15,3.774758283725532e-15
1_regimeA_r4_vs_round4_code,theta3,6,400,91,1.1102230246251565e-16,1.7763568394002505e-15
1_regimeA_r4_vs_round4_code,theta2,6,400,91,1.4432899320127035e-15,7.771561172376096e-15
1_regimeA_r4_vs_round4_code,theta3,6,400,92,9.71445146547012e-17,2.3314683517128287e-15
1_regimeA_r4_vs_round4_code,theta2,6,400,92,4.884981308350689e-15,2.2093438190040615e-14
1_regimeA_r4_vs_round4_code,theta3,6,400,93,2.220446049250313e-16,3.885780586188048e-15
1_regimeA_r4_vs_round4_code,theta2,6,400,93,8.881784197001252e-16,4.773959005888173e-15
1_regimeA_r4_vs_round4_code,theta3,6,400,94,9.71445146547012e-17,2.220446049250313e-15
1_regimeA_r4_vs_round4_code,theta2,6,400,94,5.828670879282072e-16,6.106226635438361e-15
1_regimeA_r4_vs_round4_code,theta3,6,400,95,5.551115123125783e-17,2.4424906541753444e-15
1_regimeA_r4_vs_round4_code,theta2,6,400,95,1.2351231148954867e-15,1.021405182655144e-14
1_regimeA_r4_vs_round4_code,theta3,6,400,96,1.1102230246251565e-16,2.3314683517128287e-15
1_regimeA_r4_vs_round4_code,theta2,6,400,96,3.7470027081099033e-16,4.884981308350689e-15
1_regimeA_r4_vs_round4_code,theta3,6,400,97,8.326672684688674e-17,2.6645352591003757e-15
1_regimeA_r4_vs_round4_code,theta2,6,400,97,6.938893903907228e-16,3.9968028886505635e-15
1_regimeA_r4_vs_round4_code,theta3,6,400,98,1.1102230246251565e-16,2.4424906541753444e-15
1_regimeA_r4_vs_round4_code,theta2,6,400,98,1.4432899320127035e-15,6.439293542825908e-15
1_regimeA_r4_vs_round4_code,theta3,6,400,99,8.326672684688674e-17,1.7763568394002505e-15
1_regimeA_r4_vs_round4_code,theta2,6,400,99,7.91033905045424e-16,3.3306690738754696e-15
1_regimeA_r4_vs_round4_code,theta3,6,400,100,1.3877787807814457e-16,4.3298697960381105e-15
1_regimeA_r4_vs_round4_code,theta2,6,400,100,1.2212453270876722e-15,3.4416913763379853e-15
1_regimeA_r4_vs_round4_code,theta3,6,400,101,1.3877787807814457e-16,3.6637359812630166e-15
1_regimeA_r4_vs_round4_code,theta2,6,400,101,1.1657341758564144e-15,1.3100631690576847e-14
1_regimeA_r4_vs_round4_code,theta3,6,400,102,1.6653345369377348e-16,2.55351295663786e-15
1_regimeA_r4_vs_round4_code,theta2,6,400,102,3.3861802251067274e-15,1.021405182655144e-14
1_regimeA_r4_vs_round4_code,theta3,6,400,103,2.220446049250313e-16,8.43769498715119e-15
1_regimeA_r4_vs_round4_code,theta2,6,400,103,1.7763568394002505e-15,1.199040866595169e-14
1_regimeA_r4_vs_round4_code,theta3,6,400,104,1.1102230246251565e-16,2.4424906541753444e-15
1_regimeA_r4_vs_round4_code,theta2,6,400,104,1.0269562977782698e-15,9.769962616701378e-15
1_regimeA_r4_vs_round4_code,theta3,6,400,105,9.71445146547012e-17,1.9984014443252818e-15
1_regimeA_r4_vs_round4_code,theta2,6,400,105,1.3322676295501878e-15,7.549516567451064e-15
1_regimeA_r4_vs_round4_code,theta3,6,400,106,1.6653345369377348e-16,3.3306690738754696e-15
1_regimeA_r4_vs_round4_code,theta2,6,400,106,7.771561172376096e-16,1.176836406102666e-14
1_regimeA_r4_vs_round4_code,theta3,6,400,107,1.1102230246251565e-16,3.3306690738754696e-15
1_regimeA_r4_vs_round4_code,theta2,6,400,107,1.0547118733938987e-15,1.3988810110276972e-14
1_regimeA_r4_vs_round4_code,theta3,6,400,108,1.1102230246251565e-16,2.6645352591003757e-15
1_regimeA_r4_vs_round4_code,theta2,6,400,108,1.0269562977782698e-15,1.0658141036401503e-14
1_regimeA_r4_vs_round4_code,theta3,6,400,109,8.326672684688674e-17,2.1094237467877974e-15
1_regimeA_r4_vs_round4_code,theta2,6,400,109,4.0245584642661925e-16,2.886579864025407e-15
1_regimeA_r4_vs_round4_code,theta3,6,400,110,8.326672684688674e-17,2.6645352591003757e-15
1_regimeA_r4_vs_round4_code,theta2,6,400,110,7.494005416219807e-16,5.551115123125783e-15
1_regimeA_r4_vs_round4_code,theta3,6,400,111,1.0408340855860843e-16,2.1094237467877974e-15
1_regimeA_r4_vs_round4_code,theta2,6,400,111,1.2212453270876722e-15,1.9984014443252818e-14
1_regimeA_r4_vs_round4_code,theta3,6,400,112,2.220446049250313e-16,2.4424906541753444e-15
1_regimeA_r4_vs_round4_code,theta2,6,400,112,9.298117831235686e-16,9.43689570931383e-15
1_regimeA_r4_vs_round4_code,theta3,6,400,113,1.3877787807814457e-16,2.7755575615628914e-15
1_regimeA_r4_vs_round4_code,theta2,6,400,113,2.4980018054066022e-15,1.0880185641326534e-14
1_regimeA_r4_vs_round4_code,theta3,6,400,114,1.942890293094024e-16,3.4416913763379853e-15
1_regimeA_r4_vs_round4_code,theta2,6,400,114,5.551115123125783e-16,5.329070518200751e-15
1_regimeA_r4_vs_round4_code,theta3,6,400,115,2.220446049250313e-16,5.10702591327572e-15
1_regimeA_r4_vs_round4_code,theta2,6,400,115,2.220446049250313e-15,5.551115123125783e-15
1_regimeA_r4_vs_round4_code,theta3,6,400,116,1.6653345369377348e-16,2.1094237467877974e-15
1_regimeA_r4_vs_round4_code,theta2,6,400,116,3.1086244689504383e-15,1.9317880628477724e-14
1_regimeA_r4_vs_round4_code,theta3,6,400,117,9.71445146547012e-17,2.4424906541753444e-15
1_regimeA_r4_vs_round4_code,theta2,6,400,117,1.4432899320127035e-15,7.105427357601002e-15
1_regimeA_r4_vs_round4_code,theta3,6,400,118,9.71445146547012e-17,1.6653345369377348e-15
1_regimeA_r4_vs_round4_code,theta2,6,400,118,1.3322676295501878e-15,9.992007221626409e-15
1_regimeA_r4_vs_round4_code,theta3,6,400,119,1.6653345369377348e-16,3.3306690738754696e-15
1_regimeA_r4_vs_round4_code,theta2,6,400,119,2.1094237467877974e-15,7.105427357601002e-15
1_regimeA_r4_vs_round4_code,theta3,6,400,120,1.1102230246251565e-16,1.7763568394002505e-15
1_regimeA_r4_vs_round4_code,theta2,6,400,120,1.4016565685892601e-15,7.327471962526033e-15
1_regimeA_r4_vs_round4_code,theta3,6,400,121,1.1102230246251565e-16,1.7763568394002505e-15
1_regimeA_r4_vs_round4_code,theta2,6,400,121,7.771561172376096e-16,7.105427357601002e-15
1_regimeA_r4_vs_round4_code,theta3,6,400,122,7.632783294297951e-17,2.220446049250313e-15
1_regimeA_r4_vs_round4_code,theta2,6,400,122,6.661338147750939e-16,5.329070518200751e-15
1_regimeA_r4_vs_round4_code,theta3,6,400,123,9.71445146547012e-17,3.1086244689504383e-15
1_regimeA_r4_vs_round4_code,theta2,6,400,123,1.1379786002407855e-15,7.771561172376096e-15
1_regimeA_r4_vs_round4_code,theta3,6,400,124,1.6653345369377348e-16,3.552713678800501e-15
1_regimeA_r4_vs_round4_code,theta2,6,400,124,1.1934897514720433e-15,1.9539925233402755e-14
1_regimeA_r4_vs_round4_code,theta3,6,400,125,1.942890293094024e-16,3.552713678800501e-15
1_regimeA_r4_vs_round4_code,theta2,6,400,125,8.881784197001252e-16,2.6645352591003757e-15
1_regimeA_r4_vs_round4_code,theta3,6,400,126,1.942890293094024e-16,2.4424906541753444e-15
1_regimeA_r4_vs_round4_code,theta2,6,400,126,6.6058269965196814e-15,2.5424107263916085e-14
1_regimeA_r4_vs_round4_code,theta3,6,400,127,8.326672684688674e-17,2.3314683517128287e-15
1_regimeA_r4_vs_round4_code,theta2,6,400,127,2.4424906541753444e-15,1.6653345369377348e-14
1_regimeA_r4_vs_round4_code,theta3,6,400,128,1.6653345369377348e-16,3.552713678800501e-15
1_regimeA_r4_vs_round4_code,theta2,6,400,128,6.661338147750939e-15,1.7763568394002505e-14
1_regimeA_r4_vs_round4_code,theta3,6,400,129,1.1102230246251565e-16,3.3306690738754696e-15
1_regimeA_r4_vs_round4_code,theta2,6,400,129,1.4432899320127035e-15,7.549516567451064e-15
1_regimeA_r4_vs_round4_code,theta3,6,400,130,2.7755575615628914e-16,4.3298697960381105e-15
1_regimeA_r4_vs_round4_code,theta2,6,400,130,6.661338147750939e-16,7.438494264988549e-15
1_regimeA_r4_vs_round4_code,theta3,6,400,131,1.3877787807814457e-16,1.7763568394002505e-15
1_regimeA_r4_vs_round4_code,theta2,6,400,131,6.800116025829084e-16,7.105427357601002e-15
1_regimeA_r4_vs_round4_code,theta3,6,400,132,1.249000902703301e-16,4.440892098500626e-15
1_regimeA_r4_vs_round4_code,theta2,6,400,132,3.885780586188048e-16,4.218847493575595e-15
1_regimeA_r4_vs_round4_code,theta3,6,400,133,1.249000902703301e-16,1.9984014443252818e-15
1_regimeA_r4_vs_round4_code,theta2,6,400,133,1.4432899320127035e-15,1.176836406102666e-14
1_regimeA_r4_vs_round4_code,theta3,6,400,134,1.1102230246251565e-16,3.552713678800501e-15
1_regimeA_r4_vs_round4_code,theta2,6,400,134,7.077671781985373e-16,8.43769498715119e-15
1_regimeA_r4_vs_round4_code,theta3,6,400,135,5.551115123125783e-17,2.55351295663786e-15
1_regimeA_r4_vs_round4_code,theta2,6,400,135,5.048045315092509e-16,4.884981308350689e-15
1_regimeA_r4_vs_round4_code,theta3,6,400,136,6.938893903907228e-17,1.9984014443252818e-15
1_regimeA_r4_vs_round4_code,theta2,6,400,136,1.3322676295501878e-15,9.769962616701378e-15
1_regimeA_r4_vs_round4_code,theta3,6,400,137,8.326672684688674e-17,2.9976021664879227e-15
1_regimeA_r4_vs_round4_code,theta2,6,400,137,1.2212453270876722e-15,8.881784197001252e-15
1_regimeA_r4_vs_round4_code,theta3,6,400,138,8.326672684688674e-17,1.7763568394002505e-15
1_regimeA_r4_vs_round4_code,theta2,6,400,138,1.4432899320127035e-15,7.549516567451064e-15
1_regimeA_r4_vs_round4_code,theta3,6,400,139,1.3877787807814457e-16,2.6645352591003757e-15
1_regimeA_r4_vs_round4_code,theta2,6,400,139,1.1102230246251565e-15,1.176836406102666e-14
1_regimeA_r4_vs_round4_code,theta3,6,400,140,1.1102230246251565e-16,1.5543122344752192e-15
1_regimeA_r4_vs_round4_code,theta2,6,400,140,7.771561172376096e-16,9.992007221626409e-15
1_regimeA_r4_vs_round4_code,theta3,6,400,141,3.3306690738754696e-16,2.6645352591003757e-15
1_regimeA_r4_vs_round4_code,theta2,6,400,141,2.7200464103316335e-15,1.532107773982716e-14
1_regimeA_r4_vs_round4_code,theta3,6,400,142,1.8041124150158794e-16,2.4424906541753444e-15
1_regimeA_r4_vs_round4_code,theta2,6,400,142,2.220446049250313e-16,9.43689570931383e-15
1_regimeA_r4_vs_round4_code,theta3,6,400,143,1.1102230246251565e-16,3.552713678800501e-15
1_regimeA_r4_vs_round4_code,theta2,6,400,143,1.4988010832439613e-15,6.217248937900877e-15
1_regimeA_r4_vs_round4_code,theta3,6,400,144,3.0531133177191805e-16,3.774758283725532e-15
1_regimeA_r4_vs_round4_code,theta2,6,400,144,1.7763568394002505e-15,6.8833827526759706e-15
1_regimeA_r4_vs_round4_code,theta3,6,400,145,8.326672684688674e-17,2.4424906541753444e-15
1_regimeA_r4_vs_round4_code,theta2,6,400,145,8.326672684688674e-16,4.440892098500626e-15
1_regimeA_r4_vs_round4_code,theta3,6,400,146,1.1102230246251565e-16,2.220446049250313e-15
1_regimeA_r4_vs_round4_code,theta2,6,400,146,9.992007221626409e-16,7.549516567451064e-15
1_regimeA_r4_vs_round4_code,theta3,6,400,147,3.3306690738754696e-16,4.884981308350689e-15
1_regimeA_r4_vs_round4_code,theta2,6,400,147,8.604228440844963e-16,5.329070518200751e-15
1_regimeA_r4_vs_round4_code,theta3,6,400,148,1.6653345369377348e-16,2.9976021664879227e-15
1_regimeA_r4_vs_round4_code,theta2,6,400,148,3.0808688933348094e-15,5.773159728050814e-15
1_regimeA_r4_vs_round4_code,theta3,6,400,149,2.220446049250313e-16,4.6629367034256575e-15
1_regimeA_r4_vs_round4_code,theta2,6,400,149,1.7763568394002505e-15,1.2212453270876722e-14
1_regimeA_r4_vs_round4_code,theta3,6,400,150,1.942890293094024e-16,2.886579864025407e-15
1_regimeA_r4_vs_round4_code,theta2,6,400,150,8.881784197001252e-16,5.551115123125783e-15
1_regimeA_r4_vs_round4_code,theta3,6,400,151,1.6653345369377348e-16,2.55351295663786e-15
1_regimeA_r4_vs_round4_code,theta2,6,400,151,6.938893903907228e-16,1.532107773982716e-14
1_regimeA_r4_vs_round4_code,theta3,6,400,152,8.326672684688674e-17,1.7763568394002505e-15
1_regimeA_r4_vs_round4_code,theta2,6,400,152,1.1102230246251565e-15,1.554312234475219e-14
1_regimeA_r4_vs_round4_code,theta3,6,400,153,2.220446049250313e-16,4.218847493575595e-15
1_regimeA_r4_vs_round4_code,theta2,6,400,153,1.1431827706687159e-15,3.1086244689504383e-15
1_regimeA_r4_vs_round4_code,theta3,6,400,154,1.1102230246251565e-16,2.55351295663786e-15
1_regimeA_r4_vs_round4_code,theta2,6,400,154,2.3314683517128287e-15,2.531308496145357e-14
1_regimeA_r4_vs_round4_code,theta3,6,400,155,1.1102230246251565e-16,4.440892098500626e-15
1_regimeA_r4_vs_round4_code,theta2,6,400,155,9.43689570931383e-16,5.995204332975845e-15
1_regimeA_r4_vs_round4_code,theta3,6,400,156,1.3877787807814457e-16,2.7755575615628914e-15
1_regimeA_r4_vs_round4_code,theta2,6,400,156,8.881784197001252e-16,9.992007221626409e-15
1_regimeA_r4_vs_round4_code,theta3,6,400,157,2.220446049250313e-16,3.9968028886505635e-15
1_regimeA_r4_vs_round4_code,theta2,6,400,157,1.2351231148954867e-15,7.105427357601002e-15
1_regimeA_r4_vs_round4_code,theta3,6,400,158,1.1102230246251565e-16,2.886579864025407e-15
1_regimeA_r4_vs_round4_code,theta2,6,400,158,4.0245584642661925e-15,1.7319479184152442e-14
1_regimeA_r4_vs_round4_code,theta3,6,400,159,1.3877787807814457e-16,4.6629367034256575e-15
1_regimeA_r4_vs_round4_code,theta2,6,400,159,2.1094237467877974e-15,1.0880185641326534e-14
1_regimeA_r4_vs_round4_code,theta3,6,400,160,1.6653345369377348e-16,3.1086244689504383e-15
1_regimeA_r4_vs_round4_code,theta2,6,400,160,9.43689570931383e-16,3.6637359812630166e-15
1_regimeA_r4_vs_round4_code,theta3,6,400,161,1.942890293094024e-16,4.9960036108132044e-15
1_regimeA_r4_vs_round4_code,theta2,6,400,161,1.7763568394002505e-15,1.7763568394002505e-14
1_regimeA_r4_vs_round4_code,theta3,6,400,162,1.1102230246251565e-16,2.4424906541753444e-15
1_regimeA_r4_vs_round4_code,theta2,6,400,162,2.1094237467877974e-15,9.103828801926284e-15
1_regimeA_r4_vs_round4_code,theta3,6,400,163,9.71445146547012e-17,1.3322676295501878e-15
1_regimeA_r4_vs_round4_code,theta2,6,400,163,3.9968028886505635e-15,2.55351295663786e-14
1_regimeA_r4_vs_round4_code,theta3,6,400,164,8.326672684688674e-17,1.7763568394002505e-15
1_regimeA_r4_vs_round4_code,theta2,6,400,164,3.3306690738754696e-16,4.440892098500626e-15
1_regimeA_r4_vs_round4_code,theta3,6,400,165,3.3306690738754696e-16,2.55351295663786e-15
1_regimeA_r4_vs_round4_code,theta2,6,400,165,1.2212453270876722e-15,9.103828801926284e-15
1_regimeA_r4_vs_round4_code,theta3,6,400,166,1.1102230246251565e-16,2.220446049250313e-15
1_regimeA_r4_vs_round4_code,theta2,6,400,166,1.1102230246251565e-15,6.217248937900877e-15
1_regimeA_r4_vs_round4_code,theta3,6,400,167,8.326672684688674e-17,2.4424906541753444e-15
1_regimeA_r4_vs_round4_code,theta2,6,400,167,1.1796119636642288e-15,1.865174681370263e-14
1_regimeA_r4_vs_round4_code,theta3,6,400,168,1.1102230246251565e-16,3.552713678800501e-15
1_regimeA_r4_vs_round4_code,theta2,6,400,168,8.881784197001252e-16,5.551115123125783e-15
1_regimeA_r4_vs_round4_code,theta3,6,400,169,2.220446049250313e-16,2.220446049250313e-15
1_regimeA_r4_vs_round4_code,theta2,6,400,169,8.049116928532385e-16,6.661338147750939e-15
1_regimeA_r4_vs_round4_code,theta3,6,400,170,1.6653345369377348e-16,3.774758283725532e-15
1_regimeA_r4_vs_round4_code,theta2,6,400,170,5.828670879282072e-16,8.659739592076221e-15
1_regimeA_r4_vs_round4_code,theta3,6,400,171,1.1102230246251565e-16,2.4424906541753444e-15
1_regimeA_r4_vs_round4_code,theta2,6,400,171,1.5543122344752192e-15,7.327471962526033e-15
1_regimeA_r4_vs_round4_code,theta3,6,400,172,1.249000902703301e-16,2.220446049250313e-15
1_regimeA_r4_vs_round4_code,theta2,6,400,172,3.3306690738754696e-16,4.440892098500626e-15
1_regimeA_r4_vs_round4_code,theta3,6,400,173,1.3877787807814457e-16,1.9984014443252818e-15
1_regimeA_r4_vs_round4_code,theta2,6,400,173,1.1518563880486e-15,7.993605777301127e-15
1_regimeA_r4_vs_round4_code,theta3,6,400,174,1.1102230246251565e-16,3.3306690738754696e-15
1_regimeA_r4_vs_round4_code,theta2,6,400,174,9.71445146547012e-16,6.439293542825908e-15
1_regimeA_r4_vs_round4_code,theta3,6,400,175,1.1102230246251565e-16,2.4424906541753444e-15
1_regimeA_r4_vs_round4_code,theta2,6,400,175,4.440892098500626e-16,3.9968028886505635e-15
1_regimeA_r4_vs_round4_code,theta3,6,400,176,5.551115123125783e-17,2.4424906541753444e-15
1_regimeA_r4_vs_round4_code,theta2,6,400,176,5.551115123125783e-16,3.552713678800501e-15
1_regimeA_r4_vs_round4_code,theta3,6,400,177,8.326672684688674e-17,3.4416913763379853e-15
1_regimeA_r4_vs_round4_code,theta2,6,400,177,1.1102230246251565e-15,8.881784197001252e-15
1_regimeA_r4_vs_round4_code,theta3,6,400,178,6.938893903907228e-17,2.220446049250313e-15
1_regimeA_r4_vs_round4_code,theta2,6,400,178,2.914335439641036e-16,9.658940314238862e-15
1_regimeA_r4_vs_round4_code,theta3,6,400,179,1.6653345369377348e-16,3.552713678800501e-15
1_regimeA_r4_vs_round4_code,theta2,6,400,179,2.1094237467877974e-15,1.3433698597964394e-14
1_regimeA_r4_vs_round4_code,theta3,6,400,180,1.249000902703301e-16,2.4424906541753444e-15
1_regimeA_r4_vs_round4_code,theta2,6,400,180,1.2004286453759505e-15,1.3100631690576847e-14
1_regimeA_r4_vs_round4_code,theta3,6,400,181,6.938893903907228e-17,1.5543122344752192e-15
1_regimeA_r4_vs_round4_code,theta2,6,400,181,9.992007221626409e-16,2.5979218776228663e-14
1_regimeA_r4_vs_round4_code,theta3,6,400,182,1.3877787807814457e-16,3.552713678800501e-15
1_regimeA_r4_vs_round4_code,theta2,6,400,182,6.38378239159465e-16,7.771561172376096e-15
1_regimeA_r4_vs_round4_code,theta3,6,400,183,8.326672684688674e-17,2.7755575615628914e-15
1_regimeA_r4_vs_round4_code,theta2,6,400,183,1.5543122344752192e-15,1.1657341758564144e-14
1_regimeA_r4_vs_round4_code,theta3,6,400,184,5.551115123125783e-17,1.7763568394002505e-15
1_regimeA_r4_vs_round4_code,theta2,6,400,184,8.326672684688674e-16,2.3092638912203256e-14
1_regimeA_r4_vs_round4_code,theta3,6,400,185,1.3877787807814457e-16,2.886579864025407e-15
1_regimeA_r4_vs_round4_code,theta2,6,400,185,1.1379786002407855e-15,1.7763568394002505e-14
1_regimeA_r4_vs_round4_code,theta3,6,400,186,8.326672684688674e-17,2.220446049250313e-15
1_regimeA_r4_vs_round4_code,theta2,6,400,186,7.494005416219807e-16,5.10702591327572e-15
1_regimeA_r4_vs_round4_code,theta3,6,400,187,1.6653345369377348e-16,4.773959005888173e-15
1_regimeA_r4_vs_round4_code,theta2,6,400,187,1.4988010832439613e-15,2.220446049250313e-14
1_regimeA_r4_vs_round4_code,theta3,6,400,188,2.498001805406602e-16,4.884981308350689e-15
1_regimeA_r4_vs_round4_code,theta2,6,400,188,5.773159728050814e-15,9.103828801926284e-15
1_regimeA_r4_vs_round4_code,theta3,6,400,189,1.3877787807814457e-16,2.1094237467877974e-15
1_regimeA_r4_vs_round4_code,theta2,6,400,189,7.216449660063518e-16,1.0658141036401503e-14
1_regimeA_r4_vs_round4_code,theta3,6,400,190,1.942890293094024e-16,2.6645352591003757e-15
1_regimeA_r4_vs_round4_code,theta2,6,400,190,8.881784197001252e-16,5.10702591327572e-15
1_regimeA_r4_vs_round4_code,theta3,6,400,191,1.3877787807814457e-16,3.1086244689504383e-15
1_regimeA_r4_vs_round4_code,theta2,6,400,191,1.3877787807814457e-15,1.3988810110276972e-14
1_regimeA_r4_vs_round4_code,theta3,6,400,192,8.326672684688674e-17,1.9984014443252818e-15
1_regimeA_r4_vs_round4_code,theta2,6,400,192,3.9968028886505635e-15,2.353672812205332e-14
1_regimeA_r4_vs_round4_code,theta3,6,400,193,8.326672684688674e-17,2.1094237467877974e-15
1_regimeA_r4_vs_round4_code,theta2,6,400,193,2.220446049250313e-15,5.329070518200751e-15
1_regimeA_r4_vs_round4_code,theta3,6,400,194,1.1102230246251565e-16,2.4424906541753444e-15
1_regimeA_r4_vs_round4_code,theta2,6,400,194,1.1657341758564144e-15,7.327471962526033e-15
1_regimeA_r4_vs_round4_code,theta3,6,400,195,1.6653345369377348e-16,3.1086244689504383e-15
1_regimeA_r4_vs_round4_code,theta2,6,400,195,1.27675647831893e-15,6.8833827526759706e-15
1_regimeA_r4_vs_round4_code,theta3,6,400,196,1.1102230246251565e-16,3.9968028886505635e-15
1_regimeA_r4_vs_round4_code,theta2,6,400,196,1.1102230246251565e-15,1.6431300764452317e-14
1_regimeA_r4_vs_round4_code,theta3,6,400,197,1.5265566588595902e-16,5.773159728050814e-15
1_regimeA_r4_vs_round4_code,theta2,6,400,197,7.771561172376096e-16,5.218048215738236e-15
1_regimeA_r4_vs_round4_code,theta3,6,400,198,1.6653345369377348e-16,3.552713678800501e-15
1_regimeA_r4_vs_round4_code,theta2,6,400,198,2.6645352591003757e-15,1.6209256159527285e-14
1_regimeA_r4_vs_round4_code,theta3,6,400,199,1.1102230246251565e-16,2.4424906541753444e-15
1_regimeA_r4_vs_round4_code,theta2,6,400,199,8.881784197001252e-16,7.771561172376096e-15
1_regimeA_r4_vs_round4_code,theta3,8,300,0,1.6653345369377348e-16,3.6637359812630166e-15
1_regimeA_r4_vs_round4_code,theta2,8,300,0,6.661338147750939e-16,5.10702591327572e-15
1_regimeA_r4_vs_round4_code,theta3,8,300,1,1.1102230246251565e-16,1.5543122344752192e-15
1_regimeA_r4_vs_round4_code,theta2,8,300,1,6.106226635438361e-16,3.9968028886505635e-15
1_regimeA_r4_vs_round4_code,theta3,8,300,2,5.551115123125783e-17,1.6653345369377348e-15
1_regimeA_r4_vs_round4_code,theta2,8,300,2,8.326672684688674e-16,4.218847493575595e-15
1_regimeA_r4_vs_round4_code,theta3,8,300,3,1.1102230246251565e-16,1.5543122344752192e-15
1_regimeA_r4_vs_round4_code,theta2,8,300,3,9.71445146547012e-16,3.774758283725532e-15
1_regimeA_r4_vs_round4_code,theta3,8,300,4,6.938893903907228e-17,1.3322676295501878e-15
1_regimeA_r4_vs_round4_code,theta2,8,300,4,5.551115123125783e-16,8.43769498715119e-15
1_regimeA_r4_vs_round4_code,theta3,8,300,5,2.220446049250313e-16,2.1094237467877974e-15
1_regimeA_r4_vs_round4_code,theta2,8,300,5,4.996003610813204e-16,4.3298697960381105e-15
1_regimeA_r4_vs_round4_code,theta3,8,300,6,1.1102230246251565e-16,2.220446049250313e-15
1_regimeA_r4_vs_round4_code,theta2,8,300,6,5.551115123125783e-16,3.1086244689504383e-15
1_regimeA_r4_vs_round4_code,theta3,8,300,7,1.1102230246251565e-16,1.5543122344752192e-15
1_regimeA_r4_vs_round4_code,theta2,8,300,7,6.38378239159465e-16,6.217248937900877e-15
1_regimeA_r4_vs_round4_code,theta3,8,300,8,6.938893903907228e-17,2.886579864025407e-15
1_regimeA_r4_vs_round4_code,theta2,8,300,8,9.992007221626409e-16,6.8833827526759706e-15
1_regimeA_r4_vs_round4_code,theta3,8,300,9,1.6653345369377348e-16,2.220446049250313e-15
1_regimeA_r4_vs_round4_code,theta2,8,300,9,1.0547118733938987e-15,9.547918011776346e-15
1_regimeA_r4_vs_round4_code,theta3,8,300,10,1.1102230246251565e-16,1.7763568394002505e-15
1_regimeA_r4_vs_round4_code,theta2,8,300,10,1.3322676295501878e-15,8.43769498715119e-15
1_regimeA_r4_vs_round4_code,theta3,8,300,11,9.71445146547012e-17,1.5543122344752192e-15
1_regimeA_r4_vs_round4_code,theta2,8,300,11,7.494005416219807e-16,5.995204332975845e-15
1_regimeA_r4_vs_round4_code,theta3,8,300,12,1.1102230246251565e-16,1.7763568394002505e-15
1_regimeA_r4_vs_round4_code,theta2,8,300,12,1.3183898417423734e-15,4.884981308350689e-15
1_regimeA_r4_vs_round4_code,theta3,8,300,13,8.326672684688674e-17,2.220446049250313e-15
1_regimeA_r4_vs_round4_code,theta2,8,300,13,8.326672684688674e-16,7.993605777301127e-15
1_regimeA_r4_vs_round4_code,theta3,8,300,14,2.220446049250313e-16,3.774758283725532e-15
1_regimeA_r4_vs_round4_code,theta2,8,300,14,9.43689570931383e-16,5.551115123125783e-15
1_regimeA_r4_vs_round4_code,theta3,8,300,15,9.71445146547012e-17,2.6645352591003757e-15
1_regimeA_r4_vs_round4_code,theta2,8,300,15,8.881784197001252e-16,6.217248937900877e-15
1_regimeA_r4_vs_round4_code,theta3,8,300,16,1.1102230246251565e-16,1.5543122344752192e-15
1_regimeA_r4_vs_round4_code,theta2,8,300,16,4.440892098500626e-16,4.3298697960381105e-15
1_regimeA_r4_vs_round4_code,theta3,8,300,17,1.1102230246251565e-16,1.5543122344752192e-15
1_regimeA_r4_vs_round4_code,theta2,8,300,17,7.771561172376096e-16,6.439293542825908e-15
1_regimeA_r4_vs_round4_code,theta3,8,300,18,8.326672684688674e-17,1.7763568394002505e-15
1_regimeA_r4_vs_round4_code,theta2,8,300,18,7.771561172376096e-16,6.217248937900877e-15
1_regimeA_r4_vs_round4_code,theta3,8,300,19,1.942890293094024e-16,2.4424906541753444e-15
1_regimeA_r4_vs_round4_code,theta2,8,300,19,3.608224830031759e-16,3.4416913763379853e-15
1_regimeA_r4_vs_round4_code,theta3,8,300,20,1.249000902703301e-16,1.9984014443252818e-15
1_regimeA_r4_vs_round4_code,theta2,8,300,20,5.828670879282072e-16,3.9968028886505635e-15
1_regimeA_r4_vs_round4_code,theta3,8,300,21,8.326672684688674e-17,1.9984014443252818e-15
1_regimeA_r4_vs_round4_code,theta2,8,300,21,8.326672684688674e-16,3.4416913763379853e-15
1_regimeA_r4_vs_round4_code,theta3,8,300,22,1.3877787807814457e-16,1.5543122344752192e-15
1_regimeA_r4_vs_round4_code,theta2,8,300,22,2.0539125955565396e-15,8.104628079763643e-15
1_regimeA_r4_vs_round4_code,theta3,8,300,23,6.938893903907228e-17,1.3322676295501878e-15
1_regimeA_r4_vs_round4_code,theta2,8,300,23,1.3877787807814457e-15,1.1879386363489175e-14
1_regimeA_r4_vs_round4_code,theta3,8,300,24,1.6653345369377348e-16,2.220446049250313e-15
1_regimeA_r4_vs_round4_code,theta2,8,300,24,1.3322676295501878e-15,6.217248937900877e-15
1_regimeA_r4_vs_round4_code,theta3,8,300,25,1.942890293094024e-16,2.220446049250313e-15
1_regimeA_r4_vs_round4_code,theta2,8,300,25,1.1934897514720433e-15,8.881784197001252e-15
1_regimeA_r4_vs_round4_code,theta3,8,300,26,8.326672684688674e-17,1.5543122344752192e-15
1_regimeA_r4_vs_round4_code,theta2,8,300,26,1.304512053934559e-15,5.329070518200751e-15
1_regimeA_r4_vs_round4_code,theta3,8,300,27,9.71445146547012e-17,1.4432899320127035e-15
1_regimeA_r4_vs_round4_code,theta2,8,300,27,1.7208456881689926e-15,1.2434497875801753e-14
1_regimeA_r4_vs_round4_code,theta3,8,300,28,1.1102230246251565e-16,2.220446049250313e-15
1_regimeA_r4_vs_round4_code,theta2,8,300,28,6.38378239159465e-16,6.8833827526759706e-15
1_regimeA_r4_vs_round4_code,theta3,8,300,29,1.1102230246251565e-16,2.886579864025407e-15
1_regimeA_r4_vs_round4_code,theta2,8,300,29,9.992007221626409e-16,9.547918011776346e-15
1_regimeA_r4_vs_round4_code,theta3,8,300,30,1.3877787807814457e-16,1.5543122344752192e-15
1_regimeA_r4_vs_round4_code,theta2,8,300,30,3.9968028886505635e-15,1.176836406102666e-14
1_regimeA_r4_vs_round4_code,theta3,8,300,31,1.1102230246251565e-16,1.3322676295501878e-15
1_regimeA_r4_vs_round4_code,theta2,8,300,31,7.632783294297951e-16,3.774758283725532e-15
1_regimeA_r4_vs_round4_code,theta3,8,300,32,8.326672684688674e-17,1.3322676295501878e-15
1_regimeA_r4_vs_round4_code,theta2,8,300,32,1.0547118733938987e-15,3.774758283725532e-15
1_regimeA_r4_vs_round4_code,theta3,8,300,33,8.326672684688674e-17,2.1094237467877974e-15
1_regimeA_r4_vs_round4_code,theta2,8,300,33,3.885780586188048e-16,3.885780586188048e-15
1_regimeA_r4_vs_round4_code,theta3,8,300,34,8.326672684688674e-17,1.3322676295501878e-15
1_regimeA_r4_vs_round4_code,theta2,8,300,34,6.106226635438361e-16,5.551115123125783e-15
1_regimeA_r4_vs_round4_code,theta3,8,300,35,8.326672684688674e-17,2.220446049250313e-15
1_regimeA_r4_vs_round4_code,theta2,8,300,35,1.2212453270876722e-15,5.551115123125783e-15
1_regimeA_r4_vs_round4_code,theta3,8,300,36,1.3877787807814457e-16,2.55351295663786e-15
1_regimeA_r4_vs_round4_code,theta2,8,300,36,8.326672684688674e-16,3.9968028886505635e-15
1_regimeA_r4_vs_round4_code,theta3,8,300,37,8.326672684688674e-17,1.7763568394002505e-15
1_regimeA_r4_vs_round4_code,theta2,8,300,37,7.494005416219807e-16,4.440892098500626e-15
1_regimeA_r4_vs_round4_code,theta3,8,300,38,8.326672684688674e-17,1.1102230246251565e-15
1_regimeA_r4_vs_round4_code,theta2,8,300,38,1.5543122344752192e-15,1.0436096431476471e-14
1_regimeA_r4_vs_round4_code,theta3,8,300,39,8.326672684688674e-17,2.886579864025407e-15
1_regimeA_r4_vs_round4_code,theta2,8,300,39,5.551115123125783e-16,2.886579864025407e-15
1_regimeA_r4_vs_round4_code,theta3,8,300,40,1.1102230246251565e-16,2.6645352591003757e-15
1_regimeA_r4_vs_round4_code,theta2,8,300,40,4.996003610813204e-16,5.773159728050814e-15
1_regimeA_r4_vs_round4_code,theta3,8,300,41,1.3877787807814457e-16,2.886579864025407e-15
1_regimeA_r4_vs_round4_code,theta2,8,300,41,1.2212453270876722e-15,6.217248937900877e-15
1_regimeA_r4_vs_round4_code,theta3,8,300,42,1.3877787807814457e-16,1.9984014443252818e-15
1_regimeA_r4_vs_round4_code,theta2,8,300,42,2.3314683517128287e-15,6.328271240363392e-15
1_regimeA_r4_vs_round4_code,theta3,8,300,43,1.1102230246251565e-16,2.220446049250313e-15
1_regimeA_r4_vs_round4_code,theta2,8,300,43,5.3013149425851225e-15,1.5765166949677223e-14
1_regimeA_r4_vs_round4_code,theta3,8,300,44,9.71445146547012e-17,2.4424906541753444e-15
1_regimeA_r4_vs_round4_code,theta2,8,300,44,4.6629367034256575e-15,1.687538997430238e-14
1_regimeA_r4_vs_round4_code,theta3,8,300,45,1.249000902703301e-16,1.6653345369377348e-15
1_regimeA_r4_vs_round4_code,theta2,8,300,45,2.914335439641036e-16,1.9984014443252818e-15
1_regimeA_r4_vs_round4_code,theta3,8,300,46,5.551115123125783e-17,2.4424906541753444e-15
1_regimeA_r4_vs_round4_code,theta2,8,300,46,3.3306690738754696e-16,3.774758283725532e-15
1_regimeA_r4_vs_round4_code,theta3,8,300,47,1.942890293094024e-16,2.9976021664879227e-15
1_regimeA_r4_vs_round4_code,theta2,8,300,47,6.106226635438361e-16,1.9984014443252818e-15
1_regimeA_r4_vs_round4_code,theta3,8,300,48,1.6653345369377348e-16,2.3314683517128287e-15
1_regimeA_r4_vs_round4_code,theta2,8,300,48,1.8041124150158794e-15,5.329070518200751e-15
1_regimeA_r4_vs_round4_code,theta3,8,300,49,1.1102230246251565e-16,1.887379141862766e-15
1_regimeA_r4_vs_round4_code,theta2,8,300,49,4.163336342344337e-16,2.55351295663786e-15
1_regimeA_r4_vs_round4_code,theta3,8,300,50,8.326672684688674e-17,2.3314683517128287e-15
1_regimeA_r4_vs_round4_code,theta2,8,300,50,4.440892098500626e-16,3.552713678800501e-15
1_regimeA_r4_vs_round4_code,theta3,8,300,51,1.3877787807814457e-16,2.220446049250313e-15
1_regimeA_r4_vs_round4_code,theta2,8,300,51,8.881784197001252e-16,3.552713678800501e-15
1_regimeA_r4_vs_round4_code,theta3,8,300,52,1.1102230246251565e-16,2.220446049250313e-15
1_regimeA_r4_vs_round4_code,theta2,8,300,52,1.0824674490095276e-15,3.9968028886505635e-15
1_regimeA_r4_vs_round4_code,theta3,8,300,53,1.1102230246251565e-16,2.4424906541753444e-15
1_regimeA_r4_vs_round4_code,theta2,8,300,53,7.771561172376096e-16,4.884981308350689e-15
1_regimeA_r4_vs_round4_code,theta3,8,300,54,1.1102230246251565e-16,2.6645352591003757e-15
1_regimeA_r4_vs_round4_code,theta2,8,300,54,1.7208456881689926e-15,7.549516567451064e-15
1_regimeA_r4_vs_round4_code,theta3,8,300,55,8.326672684688674e-17,2.220446049250313e-15
1_regimeA_r4_vs_round4_code,theta2,8,300,55,6.661338147750939e-16,5.88418203051333e-15
1_regimeA_r4_vs_round4_code,theta3,8,300,56,1.1102230246251565e-16,2.220446049250313e-15
1_regimeA_r4_vs_round4_code,theta2,8,300,56,6.106226635438361e-16,7.993605777301127e-15
1_regimeA_r4_vs_round4_code,theta3,8,300,57,1.3877787807814457e-16,2.4424906541753444e-15
1_regimeA_r4_vs_round4_code,theta2,8,300,57,6.106226635438361e-16,4.440892098500626e-15
1_regimeA_r4_vs_round4_code,theta3,8,300,58,1.3877787807814457e-16,2.7755575615628914e-15
1_regimeA_r4_vs_round4_code,theta2,8,300,58,7.771561172376096e-16,2.4424906541753444e-15
1_regimeA_r4_vs_round4_code,theta3,8,300,59,1.1102230246251565e-16,2.220446049250313e-15
1_regimeA_r4_vs_round4_code,theta2,8,300,59,6.106226635438361e-16,4.6629367034256575e-15
1_regimeA_r4_vs_round4_code,theta3,8,300,60,8.326672684688674e-17,1.3322676295501878e-15
1_regimeA_r4_vs_round4_code,theta2,8,300,60,7.216449660063518e-16,1.354472090042691e-14
1_regimeA_r4_vs_round4_code,theta3,8,300,61,8.326672684688674e-17,2.6645352591003757e-15
1_regimeA_r4_vs_round4_code,theta2,8,300,61,8.881784197001252e-16,2.1094237467877974e-15
1_regimeA_r4_vs_round4_code,theta3,8,300,62,1.1102230246251565e-16,1.887379141862766e-15
1_regimeA_r4_vs_round4_code,theta2,8,300,62,3.3306690738754696e-16,1.9984014443252818e-15
1_regimeA_r4_vs_round4_code,theta3,8,300,63,1.3877787807814457e-16,1.7763568394002505e-15
1_regimeA_r4_vs_round4_code,theta2,8,300,63,2.1094237467877974e-15,7.549516567451064e-15
1_regimeA_r4_vs_round4_code,theta3,8,300,64,1.1102230246251565e-16,2.220446049250313e-15
1_regimeA_r4_vs_round4_code,theta2,8,300,64,6.661338147750939e-16,5.773159728050814e-15
1_regimeA_r4_vs_round4_code,theta3,8,300,65,5.551115123125783e-17,1.3322676295501878e-15
1_regimeA_r4_vs_round4_code,theta2,8,300,65,7.216449660063518e-16,4.440892098500626e-15
1_regimeA_r4_vs_round4_code,theta3,8,300,66,8.326672684688674e-17,1.7763568394002505e-15
1_regimeA_r4_vs_round4_code,theta2,8,300,66,9.43689570931383e-16,9.547918011776346e-15
1_regimeA_r4_vs_round4_code,theta3,8,300,67,1.1102230246251565e-16,2.4424906541753444e-15
1_regimeA_r4_vs_round4_code,theta2,8,300,67,1.0269562977782698e-15,3.9968028886505635e-15
1_regimeA_r4_vs_round4_code,theta3,8,300,68,1.3877787807814457e-16,2.4424906541753444e-15
1_regimeA_r4_vs_round4_code,theta2,8,300,68,1.5543122344752192e-15,5.551115123125783e-15
1_regimeA_r4_vs_round4_code,theta3,8,300,69,1.6653345369377348e-16,3.1086244689504383e-15
1_regimeA_r4_vs_round4_code,theta2,8,300,69,8.881784197001252e-16,4.218847493575595e-15
1_regimeA_r4_vs_round4_code,theta3,8,300,70,9.020562075079397e-17,2.4424906541753444e-15
1_regimeA_r4_vs_round4_code,theta2,8,300,70,3.552713678800501e-15,4.1522341120980855e-14
1_regimeA_r4_vs_round4_code,theta3,8,300,71,8.326672684688674e-17,1.7763568394002505e-15
1_regimeA_r4_vs_round4_code,theta2,8,300,71,6.661338147750939e-16,4.6629367034256575e-15
1_regimeA_r4_vs_round4_code,theta3,8,300,72,1.1102230246251565e-16,1.9984014443252818e-15
1_regimeA_r4_vs_round4_code,theta2,8,300,72,8.604228440844963e-16,6.439293542825908e-15
1_regimeA_r4_vs_round4_code,theta3,8,300,73,9.71445146547012e-17,1.9984014443252818e-15
1_regimeA_r4_vs_round4_code,theta2,8,300,73,7.771561172376096e-16,1.3988810110276972e-14
1_regimeA_r4_vs_round4_code,theta3,8,300,74,1.3877787807814457e-16,1.887379141862766e-15
1_regimeA_r4_vs_round4_code,theta2,8,300,74,1.9290125052862095e-15,7.993605777301127e-15
1_regimeA_r4_vs_round4_code,theta3,8,300,75,1.1102230246251565e-16,1.7763568394002505e-15
1_regimeA_r4_vs_round4_code,theta2,8,300,75,4.440892098500626e-16,1.7763568394002505e-15
1_regimeA_r4_vs_round4_code,theta3,8,300,76,1.3877787807814457e-16,1.3322676295501878e-15
1_regimeA_r4_vs_round4_code,theta2,8,300,76,6.661338147750939e-16,1.9984014443252818e-15
1_regimeA_r4_vs_round4_code,theta3,8,300,77,5.551115123125783e-17,1.1102230246251565e-15
1_regimeA_r4_vs_round4_code,theta2,8,300,77,1.7763568394002505e-15,5.10702591327572e-15
1_regimeA_r4_vs_round4_code,theta3,8,300,78,1.6653345369377348e-16,2.6645352591003757e-15
1_regimeA_r4_vs_round4_code,theta2,8,300,78,4.440892098500626e-16,1.9984014443252818e-15
1_regimeA_r4_vs_round4_code,theta3,8,300,79,2.220446049250313e-16,1.1102230246251565e-15
1_regimeA_r4_vs_round4_code,theta2,8,300,79,9.43689570931383e-16,7.327471962526033e-15
1_regimeA_r4_vs_round4_code,theta3,8,300,80,1.1102230246251565e-16,1.7763568394002505e-15
1_regimeA_r4_vs_round4_code,theta2,8,300,80,2.9976021664879227e-15,1.1102230246251565e-14
1_regimeA_r4_vs_round4_code,theta3,8,300,81,1.6653345369377348e-16,2.886579864025407e-15
1_regimeA_r4_vs_round4_code,theta2,8,300,81,1.3322676295501878e-15,3.1086244689504383e-15
1_regimeA_r4_vs_round4_code,theta3,8,300,82,1.1102230246251565e-16,4.6629367034256575e-15
1_regimeA_r4_vs_round4_code,theta2,8,300,82,4.85722573273506e-16,2.9976021664879227e-15
1_regimeA_r4_vs_round4_code,theta3,8,300,83,2.220446049250313e-16,2.4424906541753444e-15
1_regimeA_r4_vs_round4_code,theta2,8,300,83,1.1657341758564144e-15,2.6645352591003757e-15
1_regimeA_r4_vs_round4_code,theta3,8,300,84,1.6653345369377348e-16,1.7763568394002505e-15
1_regimeA_r4_vs_round4_code,theta2,8,300,84,1.0200174038743626e-15,7.66053886991358e-15
1_regimeA_r4_vs_round4_code,theta3,8,300,85,5.898059818321144e-17,8.881784197001252e-16
1_regimeA_r4_vs_round4_code,theta2,8,300,85,6.938893903907228e-16,7.771561172376096e-15
1_regimeA_r4_vs_round4_code,theta3,8,300,86,8.326672684688674e-17,1.5543122344752192e-15
1_regimeA_r4_vs_round4_code,theta2,8,300,86,1.2212453270876722e-15,7.771561172376096e-15
1_regimeA_r4_vs_round4_code,theta3,8,300,87,1.1102230246251565e-16,1.887379141862766e-15
1_regimeA_r4_vs_round4_code,theta2,8,300,87,3.1086244689504383e-15,8.43769498715119e-15
1_regimeA_r4_vs_round4_code,theta3,8,300,88,1.6653345369377348e-16,3.552713678800501e-15
1_regimeA_r4_vs_round4_code,theta2,8,300,88,8.881784197001252e-16,3.1086244689504383e-15
1_regimeA_r4_vs_round4_code,theta3,8,300,89,1.1102230246251565e-16,1.3322676295501878e-15
1_regimeA_r4_vs_round4_code,theta2,8,300,89,6.106226635438361e-16,6.106226635438361e-15
1_regimeA_r4_vs_round4_code,theta3,8,300,90,8.326672684688674e-17,1.887379141862766e-15
1_regimeA_r4_vs_round4_code,theta2,8,300,90,6.938893903907228e-16,6.661338147750939e-15
1_regimeA_r4_vs_round4_code,theta3,8,300,91,8.326672684688674e-17,1.9984014443252818e-15
1_regimeA_r4_vs_round4_code,theta2,8,300,91,6.38378239159465e-16,5.10702591327572e-15
1_regimeA_r4_vs_round4_code,theta3,8,300,92,1.1102230246251565e-16,2.6645352591003757e-15
1_regimeA_r4_vs_round4_code,theta2,8,300,92,6.106226635438361e-16,7.327471962526033e-15
1_regimeA_r4_vs_round4_code,theta3,8,300,93,1.6653345369377348e-16,1.3322676295501878e-15
1_regimeA_r4_vs_round4_code,theta2,8,300,93,1.7763568394002505e-15,5.329070518200751e-15
1_regimeA_r4_vs_round4_code,theta3,8,300,94,1.6653345369377348e-16,1.887379141862766e-15
1_regimeA_r4_vs_round4_code,theta2,8,300,94,2.3314683517128287e-15,1.709743457922741e-14
1_regimeA_r4_vs_round4_code,theta3,8,300,95,8.326672684688674e-17,1.9984014443252818e-15
1_regimeA_r4_vs_round4_code,theta2,8,300,95,5.773159728050814e-15,7.327471962526033e-15
1_regimeA_r4_vs_round4_code,theta3,8,300,96,5.551115123125783e-17,1.3322676295501878e-15
1_regimeA_r4_vs_round4_code,theta2,8,300,96,6.106226635438361e-16,3.1086244689504383e-15
1_regimeA_r4_vs_round4_code,theta3,8,300,97,1.249000902703301e-16,2.4424906541753444e-15
1_regimeA_r4_vs_round4_code,theta2,8,300,97,7.771561172376096e-16,5.551115123125783e-15
1_regimeA_r4_vs_round4_code,theta3,8,300,98,1.1102230246251565e-16,1.7763568394002505e-15
1_regimeA_r4_vs_round4_code,theta2,8,300,98,4.440892098500626e-16,5.10702591327572e-15
1_regimeA_r4_vs_round4_code,theta3,8,300,99,1.3877787807814457e-16,1.7763568394002505e-15
1_regimeA_r4_vs_round4_code,theta2,8,300,99,8.881784197001252e-16,7.771561172376096e-15
1_regimeA_r4_vs_round4_code,theta3,8,300,100,1.1102230246251565e-16,1.3322676295501878e-15
1_regimeA_r4_vs_round4_code,theta2,8,300,100,7.771561172376096e-16,2.3314683517128287e-15
1_regimeA_r4_vs_round4_code,theta3,8,300,101,1.1102230246251565e-16,2.220446049250313e-15
1_regimeA_r4_vs_round4_code,theta2,8,300,101,1.3877787807814457e-15,6.217248937900877e-15
1_regimeA_r4_vs_round4_code,theta3,8,300,102,1.1102230246251565e-16,1.5543122344752192e-15
1_regimeA_r4_vs_round4_code,theta2,8,300,102,8.881784197001252e-16,1.4876988529977098e-14
1_regimeA_r4_vs_round4_code,theta3,8,300,103,6.938893903907228e-17,1.5543122344752192e-15
1_regimeA_r4_vs_round4_code,theta2,8,300,103,1.1102230246251565e-15,9.547918011776346e-15
1_regimeA_r4_vs_round4_code,theta3,8,300,104,1.1102230246251565e-16,2.7755575615628914e-15
1_regimeA_r4_vs_round4_code,theta2,8,300,104,1.4710455076283324e-15,7.549516567451064e-15
1_regimeA_r4_vs_round4_code,theta3,8,300,105,1.6653345369377348e-16,2.6645352591003757e-15
1_regimeA_r4_vs_round4_code,theta2,8,300,105,2.609024107869118e-15,1.0436096431476471e-14
1_regimeA_r4_vs_round4_code,theta3,8,300,106,5.551115123125783e-17,1.1102230246251565e-15
1_regimeA_r4_vs_round4_code,theta2,8,300,106,1.1102230246251565e-15,7.105427357601002e-15
1_regimeA_r4_vs_round4_code,theta3,8,300,107,1.0408340855860843e-16,1.7763568394002505e-15
1_regimeA_r4_vs_round4_code,theta2,8,300,107,5.828670879282072e-16,4.440892098500626e-15
1_regimeA_r4_vs_round4_code,theta3,8,300,108,1.1102230246251565e-16,3.552713678800501e-15
1_regimeA_r4_vs_round4_code,theta2,8,300,108,4.718447854656915e-16,3.219646771412954e-15
1_regimeA_r4_vs_round4_code,theta3,8,300,109,5.551115123125783e-17,1.1102230246251565e-15
1_regimeA_r4_vs_round4_code,theta2,8,300,109,6.938893903907228e-16,3.1086244689504383e-15
1_regimeA_r4_vs_round4_code,theta3,8,300,110,8.326672684688674e-17,1.5543122344752192e-15
1_regimeA_r4_vs_round4_code,theta2,8,300,110,1.4988010832439613e-15,1.6209256159527285e-14
1_regimeA_r4_vs_round4_code,theta3,8,300,111,1.1102230246251565e-16,2.886579864025407e-15
1_regimeA_r4_vs_round4_code,theta2,8,300,111,4.163336342344337e-16,7.771561172376096e-15
1_regimeA_r4_vs_round4_code,theta3,8,300,112,8.326672684688674e-17,1.3322676295501878e-15
1_regimeA_r4_vs_round4_code,theta2,8,300,112,9.992007221626409e-16,9.325873406851315e-15
1_regimeA_r4_vs_round4_code,theta3,8,300,113,1.1102230246251565e-16,1.7763568394002505e-15
1_regimeA_r4_vs_round4_code,theta2,8,300,113,8.326672684688674e-16,3.1086244689504383e-15
1_regimeA_r4_vs_round4_code,theta3,8,300,114,1.6653345369377348e-16,2.886579864025407e-15
1_regimeA_r4_vs_round4_code,theta2,8,300,114,5.828670879282072e-16,6.8833827526759706e-15
1_regimeA_r4_vs_round4_code,theta3,8,300,115,1.249000902703301e-16,1.9984014443252818e-15
1_regimeA_r4_vs_round4_code,theta2,8,300,115,5.273559366969494e-16,2.6645352591003757e-15
1_regimeA_r4_vs_round4_code,theta3,8,300,116,1.1102230246251565e-16,1.5543122344752192e-15
1_regimeA_r4_vs_round4_code,theta2,8,300,116,4.884981308350689e-15,1.2878587085651816e-14
1_regimeA_r4_vs_round4_code,theta3,8,300,117,1.1102230246251565e-16,1.9984014443252818e-15
1_regimeA_r4_vs_round4_code,theta2,8,300,117,8.881784197001252e-16,2.4424906541753444e-15
1_regimeA_r4_vs_round4_code,theta3,8,300,118,5.551115123125783e-17,1.3322676295501878e-15
1_regimeA_r4_vs_round4_code,theta2,8,300,118,8.187894806610529e-16,4.884981308350689e-15
1_regimeA_r4_vs_round4_code,theta3,8,300,119,1.1102230246251565e-16,1.7763568394002505e-15
1_regimeA_r4_vs_round4_code,theta2,8,300,119,1.2212453270876722e-15,1.532107773982716e-14
1_regimeA_r4_vs_round4_code,theta3,8,300,120,1.1102230246251565e-16,1.9984014443252818e-15
1_regimeA_r4_vs_round4_code,theta2,8,300,120,1.4432899320127035e-15,1.5432100042289676e-14
1_regimeA_r4_vs_round4_code,theta3,8,300,121,1.3877787807814457e-16,1.9984014443252818e-15
1_regimeA_r4_vs_round4_code,theta2,8,300,121,4.440892098500626e-16,2.7755575615628914e-15
1_regimeA_r4_vs_round4_code,theta3,8,300,122,8.326672684688674e-17,1.7763568394002505e-15
1_regimeA_r4_vs_round4_code,theta2,8,300,122,9.992007221626409e-16,4.440892098500626e-15
1_regimeA_r4_vs_round4_code,theta3,8,300,123,1.3877787807814457e-16,2.4424906541753444e-15
1_regimeA_r4_vs_round4_code,theta2,8,300,123,1.0547118733938987e-15,6.439293542825908e-15
1_regimeA_r4_vs_round4_code,theta3,8,300,124,1.3877787807814457e-16,1.5543122344752192e-15
1_regimeA_r4_vs_round4_code,theta2,8,300,124,4.996003610813204e-16,2.6645352591003757e-15
1_regimeA_r4_vs_round4_code,theta3,8,300,125,1.942890293094024e-16,1.9984014443252818e-15
1_regimeA_r4_vs_round4_code,theta2,8,300,125,7.771561172376096e-16,4.440892098500626e-15
1_regimeA_r4_vs_round4_code,theta3,8,300,126,1.249000902703301e-16,1.7763568394002505e-15
1_regimeA_r4_vs_round4_code,theta2,8,300,126,7.771561172376096e-16,3.3306690738754696e-15
1_regimeA_r4_vs_round4_code,theta3,8,300,127,1.3877787807814457e-16,1.9984014443252818e-15
1_regimeA_r4_vs_round4_code,theta2,8,300,127,6.106226635438361e-16,5.10702591327572e-15
1_regimeA_r4_vs_round4_code,theta3,8,300,128,8.326672684688674e-17,1.1102230246251565e-15
1_regimeA_r4_vs_round4_code,theta2,8,300,128,7.216449660063518e-16,6.661338147750939e-15
1_regimeA_r4_vs_round4_code,theta3,8,300,129,1.3877787807814457e-16,1.9984014443252818e-15
1_regimeA_r4_vs_round4_code,theta2,8,300,129,6.661338147750939e-16,3.774758283725532e-15
1_regimeA_r4_vs_round4_code,theta3,8,300,130,1.6653345369377348e-16,1.7763568394002505e-15
1_regimeA_r4_vs_round4_code,theta2,8,300,130,8.187894806610529e-16,7.549516567451064e-15
1_regimeA_r4_vs_round4_code,theta3,8,300,131,1.3877787807814457e-16,1.9984014443252818e-15
1_regimeA_r4_vs_round4_code,theta2,8,300,131,4.996003610813204e-16,2.220446049250313e-15
1_regimeA_r4_vs_round4_code,theta3,8,300,132,8.326672684688674e-17,1.887379141862766e-15
1_regimeA_r4_vs_round4_code,theta2,8,300,132,9.43689570931383e-16,6.217248937900877e-15
1_regimeA_r4_vs_round4_code,theta3,8,300,133,8.673617379884035e-17,1.7763568394002505e-15
1_regimeA_r4_vs_round4_code,theta2,8,300,133,8.881784197001252e-16,6.217248937900877e-15
1_regimeA_r4_vs_round4_code,theta3,8,300,134,1.942890293094024e-16,2.6645352591003757e-15
1_regimeA_r4_vs_round4_code,theta2,8,300,134,1.0547118733938987e-15,5.773159728050814e-15
1_regimeA_r4_vs_round4_code,theta3,8,300,135,1.1102230246251565e-16,1.6653345369377348e-15
1_regimeA_r4_vs_round4_code,theta2,8,300,135,5.551115123125783e-16,4.6629367034256575e-15
1_regimeA_r4_vs_round4_code,theta3,8,300,136,8.326672684688674e-17,2.220446049250313e-15
1_regimeA_r4_vs_round4_code,theta2,8,300,136,3.3306690738754696e-16,2.6645352591003757e-15
1_regimeA_r4_vs_round4_code,theta3,8,300,137,5.551115123125783e-17,1.9984014443252818e-15
1_regimeA_r4_vs_round4_code,theta2,8,300,137,1.9984014443252818e-15,1.4432899320127035e-14
1_regimeA_r4_vs_round4_code,theta3,8,300,138,5.551115123125783e-17,1.7763568394002505e-15
1_regimeA_r4_vs_round4_code,theta2,8,300,138,6.106226635438361e-16,1.0436096431476471e-14
1_regimeA_r4_vs_round4_code,theta3,8,300,139,1.1102230246251565e-16,2.220446049250313e-15
1_regimeA_r4_vs_round4_code,theta2,8,300,139,5.551115123125783e-16,3.552713678800501e-15
1_regimeA_r4_vs_round4_code,theta3,8,300,140,8.326672684688674e-17,1.3322676295501878e-15
1_regimeA_r4_vs_round4_code,theta2,8,300,140,8.049116928532385e-16,4.6629367034256575e-15
1_regimeA_r4_vs_round4_code,theta3,8,300,141,1.3877787807814457e-16,2.3314683517128287e-15
1_regimeA_r4_vs_round4_code,theta2,8,300,141,5.967448757360216e-16,9.769962616701378e-15
1_regimeA_r4_vs_round4_code,theta3,8,300,142,8.326672684688674e-17,1.5543122344752192e-15
1_regimeA_r4_vs_round4_code,theta2,8,300,142,6.661338147750939e-16,3.1086244689504383e-15
1_regimeA_r4_vs_round4_code,theta3,8,300,143,8.326672684688674e-17,1.4432899320127035e-15
1_regimeA_r4_vs_round4_code,theta2,8,300,143,5.689893001203927e-16,3.774758283725532e-15
1_regimeA_r4_vs_round4_code,theta3,8,300,144,1.6653345369377348e-16,2.4424906541753444e-15
1_regimeA_r4_vs_round4_code,theta2,8,300,144,8.881784197001252e-16,3.774758283725532e-15
1_regimeA_r4_vs_round4_code,theta3,8,300,145,8.326672684688674e-17,2.220446049250313e-15
1_regimeA_r4_vs_round4_code,theta2,8,300,145,3.3306690738754696e-16,6.661338147750939e-15
1_regimeA_r4_vs_round4_code,theta3,8,300,146,1.1102230246251565e-16,2.4424906541753444e-15
1_regimeA_r4_vs_round4_code,theta2,8,300,146,3.3306690738754696e-16,5.329070518200751e-15
1_regimeA_r4_vs_round4_code,theta3,8,300,147,8.326672684688674e-17,1.3322676295501878e-15
1_regimeA_r4_vs_round4_code,theta2,8,300,147,1.5265566588595902e-15,7.105427357601002e-15
1_regimeA_r4_vs_round4_code,theta3,8,300,148,8.326672684688674e-17,2.3314683517128287e-15
1_regimeA_r4_vs_round4_code,theta2,8,300,148,8.326672684688674e-16,7.327471962526033e-15
1_regimeA_r4_vs_round4_code,theta3,8,300,149,9.71445146547012e-17,1.5543122344752192e-15
1_regimeA_r4_vs_round4_code,theta2,8,300,149,9.43689570931383e-16,8.881784197001252e-15
1_regimeA_r4_vs_round4_code,theta3,8,300,150,1.1102230246251565e-16,1.9984014443252818e-15
1_regimeA_r4_vs_round4_code,theta2,8,300,150,2.7755575615628914e-15,1.3433698597964394e-14
1_regimeA_r4_vs_round4_code,theta3,8,300,151,8.326672684688674e-17,2.220446049250313e-15
1_regimeA_r4_vs_round4_code,theta2,8,300,151,1.0547118733938987e-15,8.43769498715119e-15
1_regimeA_r4_vs_round4_code,theta3,8,300,152,9.71445146547012e-17,9.992007221626409e-16
1_regimeA_r4_vs_round4_code,theta2,8,300,152,2.0261570199409107e-15,5.551115123125783e-15
1_regimeA_r4_vs_round4_code,theta3,8,300,153,1.3877787807814457e-16,2.886579864025407e-15
1_regimeA_r4_vs_round4_code,theta2,8,300,153,9.992007221626409e-16,3.552713678800501e-15
1_regimeA_r4_vs_round4_code,theta3,8,300,154,8.326672684688674e-17,1.1102230246251565e-15
1_regimeA_r4_vs_round4_code,theta2,8,300,154,9.992007221626409e-16,5.773159728050814e-15
1_regimeA_r4_vs_round4_code,theta3,8,300,155,1.6653345369377348e-16,1.5543122344752192e-15
1_regimeA_r4_vs_round4_code,theta2,8,300,155,1.1657341758564144e-15,5.773159728050814e-15
1_regimeA_r4_vs_round4_code,theta3,8,300,156,1.1102230246251565e-16,1.5543122344752192e-15
1_regimeA_r4_vs_round4_code,theta2,8,300,156,9.159339953157541e-16,7.549516567451064e-15
1_regimeA_r4_vs_round4_code,theta3,8,300,157,8.326672684688674e-17,2.4424906541753444e-15
1_regimeA_r4_vs_round4_code,theta2,8,300,157,7.771561172376096e-16,2.6645352591003757e-15
1_regimeA_r4_vs_round4_code,theta3,8,300,158,1.249000902703301e-16,1.3322676295501878e-15
1_regimeA_r4_vs_round4_code,theta2,8,300,158,5.828670879282072e-16,3.774758283725532e-15
1_regimeA_r4_vs_round4_code,theta3,8,300,159,1.3877787807814457e-16,2.220446049250313e-15
1_regimeA_r4_vs_round4_code,theta2,8,300,159,1.0547118733938987e-15,4.218847493575595e-15
1_regimeA_r4_vs_round4_code,theta3,8,300,160,1.1102230246251565e-16,1.9984014443252818e-15
1_regimeA_r4_vs_round4_code,theta2,8,300,160,1.887379141862766e-15,1.3988810110276972e-14
1_regimeA_r4_vs_round4_code,theta3,8,300,161,7.632783294297951e-17,1.7763568394002505e-15
1_regimeA_r4_vs_round4_code,theta2,8,300,161,6.661338147750939e-16,3.219646771412954e-15
1_regimeA_r4_vs_round4_code,theta3,8,300,162,8.326672684688674e-17,3.3306690738754696e-15
1_regimeA_r4_vs_round4_code,theta2,8,300,162,9.43689570931383e-16,4.884981308350689e-15
1_regimeA_r4_vs_round4_code,theta3,8,300,163,8.326672684688674e-17,2.55351295663786e-15
1_regimeA_r4_vs_round4_code,theta2,8,300,163,2.3592239273284576e-16,2.55351295663786e-15
1_regimeA_r4_vs_round4_code,theta3,8,300,164,2.220446049250313e-16,2.220446049250313e-15
1_regimeA_r4_vs_round4_code,theta2,8,300,164,6.938893903907228e-16,3.219646771412954e-15
1_regimeA_r4_vs_round4_code,theta3,8,300,165,8.326672684688674e-17,1.7763568394002505e-15
1_regimeA_r4_vs_round4_code,theta2,8,300,165,2.7755575615628914e-16,3.552713678800501e-15
1_regimeA_r4_vs_round4_code,theta3,8,300,166,2.220446049250313e-16,1.887379141862766e-15
1_regimeA_r4_vs_round4_code,theta2,8,300,166,8.881784197001252e-16,6.8833827526759706e-15
1_regimeA_r4_vs_round4_code,theta3,8,300,167,1.1102230246251565e-16,1.7763568394002505e-15
1_regimeA_r4_vs_round4_code,theta2,8,300,167,8.881784197001252e-16,2.6645352591003757e-15
1_regimeA_r4_vs_round4_code,theta3,8,300,168,1.1102230246251565e-16,1.5543122344752192e-15
1_regimeA_r4_vs_round4_code,theta2,8,300,168,3.885780586188048e-16,4.218847493575595e-15
1_regimeA_r4_vs_round4_code,theta3,8,300,169,1.6653345369377348e-16,1.5543122344752192e-15
1_regimeA_r4_vs_round4_code,theta2,8,300,169,7.771561172376096e-16,2.6645352591003757e-15
1_regimeA_r4_vs_round4_code,theta3,8,300,170,8.326672684688674e-17,1.7763568394002505e-15
1_regimeA_r4_vs_round4_code,theta2,8,300,170,6.38378239159465e-16,5.329070518200751e-15
1_regimeA_r4_vs_round4_code,theta3,8,300,171,1.3877787807814457e-16,2.3314683517128287e-15
1_regimeA_r4_vs_round4_code,theta2,8,300,171,1.0824674490095276e-15,7.993605777301127e-15
1_regimeA_r4_vs_round4_code,theta3,8,300,172,1.3877787807814457e-16,1.9984014443252818e-15
1_regimeA_r4_vs_round4_code,theta2,8,300,172,7.632783294297951e-16,9.103828801926284e-15
1_regimeA_r4_vs_round4_code,theta3,8,300,173,6.938893903907228e-17,1.5543122344752192e-15
1_regimeA_r4_vs_round4_code,theta2,8,300,173,6.38378239159465e-16,5.995204332975845e-15
1_regimeA_r4_vs_round4_code,theta3,8,300,174,1.3877787807814457e-16,1.6653345369377348e-15
1_regimeA_r4_vs_round4_code,theta2,8,300,174,1.734723475976807e-15,9.103828801926284e-15
1_regimeA_r4_vs_round4_code,theta3,8,300,175,9.71445146547012e-17,1.4432899320127035e-15
1_regimeA_r4_vs_round4_code,theta2,8,300,175,9.43689570931383e-16,5.329070518200751e-15
1_regimeA_r4_vs_round4_code,theta3,8,300,176,1.1102230246251565e-16,1.9984014443252818e-15
1_regimeA_r4_vs_round4_code,theta2,8,300,176,5.551115123125783e-16,6.439293542825908e-15
1_regimeA_r4_vs_round4_code,theta3,8,300,177,5.551115123125783e-17,1.7763568394002505e-15
1_regimeA_r4_vs_round4_code,theta2,8,300,177,8.881784197001252e-16,5.329070518200751e-15
1_regimeA_r4_vs_round4_code,theta3,8,300,178,1.942890293094024e-16,1.9984014443252818e-15
1_regimeA_r4_vs_round4_code,theta2,8,300,178,1.0547118733938987e-15,4.218847493575595e-15
1_regimeA_r4_vs_round4_code,theta3,8,300,179,1.3877787807814457e-16,1.7763568394002505e-15
1_regimeA_r4_vs_round4_code,theta2,8,300,179,4.107825191113079e-15,1.9984014443252818e-14
1_regimeA_r4_vs_round4_code,theta3,8,300,180,1.3877787807814457e-16,1.7763568394002505e-15
1_regimeA_r4_vs_round4_code,theta2,8,300,180,6.661338147750939e-16,2.886579864025407e-15
1_regimeA_r4_vs_round4_code,theta3,8,300,181,8.326672684688674e-17,1.5543122344752192e-15
1_regimeA_r4_vs_round4_code,theta2,8,300,181,3.3306690738754696e-16,3.1086244689504383e-15
1_regimeA_r4_vs_round4_code,theta3,8,300,182,8.326672684688674e-17,1.9984014443252818e-15
1_regimeA_r4_vs_round4_code,theta2,8,300,182,4.440892098500626e-16,4.6629367034256575e-15
1_regimeA_r4_vs_round4_code,theta3,8,300,183,1.1102230246251565e-16,3.552713678800501e-15
1_regimeA_r4_vs_round4_code,theta2,8,300,183,6.661338147750939e-16,4.440892098500626e-15
1_regimeA_r4_vs_round4_code,theta3,8,300,184,1.1102230246251565e-16,1.4432899320127035e-15
1_regimeA_r4_vs_round4_code,theta2,8,300,184,1.0547118733938987e-15,1.7541523789077473e-14
1_regimeA_r4_vs_round4_code,theta3,8,300,185,1.3877787807814457e-16,2.220446049250313e-15
1_regimeA_r4_vs_round4_code,theta2,8,300,185,5.828670879282072e-16,4.218847493575595e-15
1_regimeA_r4_vs_round4_code,theta3,8,300,186,1.3877787807814457e-16,1.4432899320127035e-15
1_regimeA_r4_vs_round4_code,theta2,8,300,186,4.996003610813204e-16,3.552713678800501e-15
1_regimeA_r4_vs_round4_code,theta3,8,300,187,5.551115123125783e-17,1.3322676295501878e-15
1_regimeA_r4_vs_round4_code,theta2,8,300,187,1.1934897514720433e-15,9.325873406851315e-15
1_regimeA_r4_vs_round4_code,theta3,8,300,188,2.220446049250313e-16,2.4424906541753444e-15
1_regimeA_r4_vs_round4_code,theta2,8,300,188,3.608224830031759e-16,4.884981308350689e-15
1_regimeA_r4_vs_round4_code,theta3,8,300,189,1.3877787807814457e-16,1.7763568394002505e-15
1_regimeA_r4_vs_round4_code,theta2,8,300,189,6.106226635438361e-16,4.440892098500626e-15
1_regimeA_r4_vs_round4_code,theta3,8,300,190,9.71445146547012e-17,2.1094237467877974e-15
1_regimeA_r4_vs_round4_code,theta2,8,300,190,5.88418203051333e-15,1.0436096431476471e-14
1_regimeA_r4_vs_round4_code,theta3,8,300,191,1.6653345369377348e-16,2.220446049250313e-15
1_regimeA_r4_vs_round4_code,theta2,8,300,191,8.881784197001252e-16,5.995204332975845e-15
1_regimeA_r4_vs_round4_code,theta3,8,300,192,6.245004513516506e-17,1.9984014443252818e-15
1_regimeA_r4_vs_round4_code,theta2,8,300,192,8.049116928532385e-16,7.549516567451064e-15
1_regimeA_r4_vs_round4_code,theta3,8,300,193,1.1102230246251565e-16,1.7763568394002505e-15
1_regimeA_r4_vs_round4_code,theta2,8,300,193,1.1102230246251565e-15,5.773159728050814e-15
1_regimeA_r4_vs_round4_code,theta3,8,300,194,1.1102230246251565e-16,2.4424906541753444e-15
1_regimeA_r4_vs_round4_code,theta2,8,300,194,9.159339953157541e-16,5.995204332975845e-15
1_regimeA_r4_vs_round4_code,theta3,8,300,195,8.326672684688674e-17,3.1086244689504383e-15
1_regimeA_r4_vs_round4_code,theta2,8,300,195,4.440892098500626e-16,6.8833827526759706e-15
1_regimeA_r4_vs_round4_code,theta3,8,300,196,8.326672684688674e-17,1.5543122344752192e-15
1_regimeA_r4_vs_round4_code,theta2,8,300,196,1.5543122344752192e-15,8.215650382226158e-15
1_regimeA_r4_vs_round4_code,theta3,8,300,197,7.632783294297951e-17,1.2212453270876722e-15
1_regimeA_r4_vs_round4_code,theta2,8,300,197,4.718447854656915e-16,4.107825191113079e-15
1_regimeA_r4_vs_round4_code,theta3,8,300,198,1.942890293094024e-16,3.774758283725532e-15
1_regimeA_r4_vs_round4_code,theta2,8,300,198,1.1102230246251565e-15,8.43769498715119e-15
1_regimeA_r4_vs_round4_code,theta3,8,300,199,1.3877787807814457e-16,2.886579864025407e-15
1_regimeA_r4_vs_round4_code,theta2,8,300,199,4.996003610813204e-16,1.021405182655144e-14
1_regimeA_r4_vs_round4_code,theta3,12,200,0,6.938893903907228e-17,1.1102230246251565e-15
1_regimeA_r4_vs_round4_code,theta2,12,200,0,4.440892098500626e-16,1.7763568394002505e-15
1_regimeA_r4_vs_round4_code,theta3,12,200,1,5.551115123125783e-17,1.1102230246251565e-15
1_regimeA_r4_vs_round4_code,theta2,12,200,1,6.800116025829084e-16,4.6629367034256575e-15
1_regimeA_r4_vs_round4_code,theta3,12,200,2,6.938893903907228e-17,1.1102230246251565e-15
1_regimeA_r4_vs_round4_code,theta2,12,200,2,3.885780586188048e-16,2.4424906541753444e-15
1_regimeA_r4_vs_round4_code,theta3,12,200,3,1.1102230246251565e-16,1.5543122344752192e-15
1_regimeA_r4_vs_round4_code,theta2,12,200,3,6.106226635438361e-16,1.5543122344752192e-15
1_regimeA_r4_vs_round4_code,theta3,12,200,4,5.551115123125783e-17,1.1102230246251565e-15
1_regimeA_r4_vs_round4_code,theta2,12,200,4,4.440892098500626e-16,2.6645352591003757e-15
1_regimeA_r4_vs_round4_code,theta3,12,200,5,8.326672684688674e-17,1.3322676295501878e-15
1_regimeA_r4_vs_round4_code,theta2,12,200,5,6.106226635438361e-16,3.3306690738754696e-15
1_regimeA_r4_vs_round4_code,theta3,12,200,6,8.326672684688674e-17,2.1094237467877974e-15
1_regimeA_r4_vs_round4_code,theta2,12,200,6,6.661338147750939e-16,1.3322676295501878e-15
1_regimeA_r4_vs_round4_code,theta3,12,200,7,1.1102230246251565e-16,1.2212453270876722e-15
1_regimeA_r4_vs_round4_code,theta2,12,200,7,9.43689570931383e-16,1.5543122344752192e-15
1_regimeA_r4_vs_round4_code,theta3,12,200,8,1.1102230246251565e-16,1.1102230246251565e-15
1_regimeA_r4_vs_round4_code,theta2,12,200,8,4.579669976578771e-16,2.220446049250313e-15
1_regimeA_r4_vs_round4_code,theta3,12,200,9,9.71445146547012e-17,8.881784197001252e-16
1_regimeA_r4_vs_round4_code,theta2,12,200,9,4.440892098500626e-16,2.6645352591003757e-15
1_regimeA_r4_vs_round4_code,theta3,12,200,10,8.326672684688674e-17,1.2212453270876722e-15
1_regimeA_r4_vs_round4_code,theta2,12,200,10,1.7763568394002505e-15,8.43769498715119e-15
1_regimeA_r4_vs_round4_code,theta3,12,200,11,1.1102230246251565e-16,1.1102230246251565e-15
1_regimeA_r4_vs_round4_code,theta2,12,200,11,4.163336342344337e-16,1.3322676295501878e-15
1_regimeA_r4_vs_round4_code,theta3,12,200,12,8.326672684688674e-17,1.2212453270876722e-15
1_regimeA_r4_vs_round4_code,theta2,12,200,12,3.469446951953614e-16,4.440892098500626e-15
1_regimeA_r4_vs_round4_code,theta3,12,200,13,5.551115123125783e-17,1.7763568394002505e-15
1_regimeA_r4_vs_round4_code,theta2,12,200,13,8.396061623727746e-16,3.219646771412954e-15
1_regimeA_r4_vs_round4_code,theta3,12,200,14,5.551115123125783e-17,1.1102230246251565e-15
1_regimeA_r4_vs_round4_code,theta2,12,200,14,1.6653345369377348e-16,1.9984014443252818e-15
1_regimeA_r4_vs_round4_code,theta3,12,200,15,6.938893903907228e-17,9.992007221626409e-16
1_regimeA_r4_vs_round4_code,theta2,12,200,15,4.440892098500626e-16,3.774758283725532e-15
1_regimeA_r4_vs_round4_code,theta3,12,200,16,5.551115123125783e-17,8.881784197001252e-16
1_regimeA_r4_vs_round4_code,theta2,12,200,16,1.4432899320127035e-15,5.551115123125783e-15
1_regimeA_r4_vs_round4_code,theta3,12,200,17,1.1102230246251565e-16,1.5543122344752192e-15
1_regimeA_r4_vs_round4_code,theta2,12,200,17,6.106226635438361e-16,4.884981308350689e-15
1_regimeA_r4_vs_round4_code,theta3,12,200,18,8.326672684688674e-17,1.4432899320127035e-15
1_regimeA_r4_vs_round4_code,theta2,12,200,18,6.106226635438361e-16,1.7763568394002505e-15
1_regimeA_r4_vs_round4_code,theta3,12,200,19,1.1102230246251565e-16,8.881784197001252e-16
1_regimeA_r4_vs_round4_code,theta2,12,200,19,5.273559366969494e-16,1.9984014443252818e-15
1_regimeA_r4_vs_round4_code,theta3,12,200,20,1.5265566588595902e-16,1.1102230246251565e-15
1_regimeA_r4_vs_round4_code,theta2,12,200,20,4.440892098500626e-16,2.6645352591003757e-15
1_regimeA_r4_vs_round4_code,theta3,12,200,21,1.1102230246251565e-16,1.1102230246251565e-15
1_regimeA_r4_vs_round4_code,theta2,12,200,21,3.3306690738754696e-16,6.217248937900877e-15
1_regimeA_r4_vs_round4_code,theta3,12,200,22,8.326672684688674e-17,8.881784197001252e-16
1_regimeA_r4_vs_round4_code,theta2,12,200,22,1.0269562977782698e-15,3.1086244689504383e-15
1_regimeA_r4_vs_round4_code,theta3,12,200,23,5.551115123125783e-17,1.2212453270876722e-15
1_regimeA_r4_vs_round4_code,theta2,12,200,23,3.3306690738754696e-16,2.6645352591003757e-15
1_regimeA_r4_vs_round4_code,theta3,12,200,24,8.326672684688674e-17,1.1102230246251565e-15
1_regimeA_r4_vs_round4_code,theta2,12,200,24,5.967448757360216e-16,2.886579864025407e-15
1_regimeA_r4_vs_round4_code,theta3,12,200,25,1.3877787807814457e-16,1.1102230246251565e-15
1_regimeA_r4_vs_round4_code,theta2,12,200,25,2.7755575615628914e-16,1.3322676295501878e-15
1_regimeA_r4_vs_round4_code,theta3,12,200,26,5.551115123125783e-17,6.661338147750939e-16
1_regimeA_r4_vs_round4_code,theta2,12,200,26,3.885780586188048e-16,1.9984014443252818e-15
1_regimeA_r4_vs_round4_code,theta3,12,200,27,1.1102230246251565e-16,1.4432899320127035e-15
1_regimeA_r4_vs_round4_code,theta2,12,200,27,2.498001805406602e-16,2.6645352591003757e-15
1_regimeA_r4_vs_round4_code,theta3,12,200,28,2.7755575615628914e-17,6.661338147750939e-16
1_regimeA_r4_vs_round4_code,theta2,12,200,28,3.469446951953614e-16,7.105427357601002e-15
1_regimeA_r4_vs_round4_code,theta3,12,200,29,8.326672684688674e-17,1.3322676295501878e-15
1_regimeA_r4_vs_round4_code,theta2,12,200,29,5.134781488891349e-16,2.886579864025407e-15
1_regimeA_r4_vs_round4_code,theta3,12,200,30,1.1102230246251565e-16,1.1102230246251565e-15
1_regimeA_r4_vs_round4_code,theta2,12,200,30,4.440892098500626e-16,1.5543122344752192e-15
1_regimeA_r4_vs_round4_code,theta3,12,200,31,1.1102230246251565e-16,1.3322676295501878e-15
1_regimeA_r4_vs_round4_code,theta2,12,200,31,7.771561172376096e-16,2.3314683517128287e-15
1_regimeA_r4_vs_round4_code,theta3,12,200,32,1.1102230246251565e-16,9.992007221626409e-16
1_regimeA_r4_vs_round4_code,theta2,12,200,32,4.996003610813204e-16,1.6653345369377348e-15
1_regimeA_r4_vs_round4_code,theta3,12,200,33,5.551115123125783e-17,2.4424906541753444e-15
1_regimeA_r4_vs_round4_code,theta2,12,200,33,1.0824674490095276e-15,6.217248937900877e-15
1_regimeA_r4_vs_round4_code,theta3,12,200,34,1.1102230246251565e-16,1.7763568394002505e-15
1_regimeA_r4_vs_round4_code,theta2,12,200,34,2.498001805406602e-16,1.6653345369377348e-15
1_regimeA_r4_vs_round4_code,theta3,12,200,35,8.326672684688674e-17,1.1102230246251565e-15
1_regimeA_r4_vs_round4_code,theta2,12,200,35,6.661338147750939e-16,2.6645352591003757e-15
1_regimeA_r4_vs_round4_code,theta3,12,200,36,5.551115123125783e-17,1.3322676295501878e-15
1_regimeA_r4_vs_round4_code,theta2,12,200,36,5.551115123125783e-16,2.6645352591003757e-15
1_regimeA_r4_vs_round4_code,theta3,12,200,37,8.326672684688674e-17,1.1102230246251565e-15
1_regimeA_r4_vs_round4_code,theta2,12,200,37,3.885780586188048e-16,3.1086244689504383e-15
1_regimeA_r4_vs_round4_code,theta3,12,200,38,5.551115123125783e-17,8.881784197001252e-16
1_regimeA_r4_vs_round4_code,theta2,12,200,38,2.886579864025407e-15,4.6629367034256575e-15
1_regimeA_r4_vs_round4_code,theta3,12,200,39,1.1102230246251565e-16,1.5543122344752192e-15
1_regimeA_r4_vs_round4_code,theta2,12,200,39,1.5543122344752192e-15,5.329070518200751e-15
1_regimeA_r4_vs_round4_code,theta3,12,200,40,1.1102230246251565e-16,1.1102230246251565e-15
1_regimeA_r4_vs_round4_code,theta2,12,200,40,3.608224830031759e-16,3.3306690738754696e-15
1_regimeA_r4_vs_round4_code,theta3,12,200,41,1.3877787807814457e-16,1.5543122344752192e-15
1_regimeA_r4_vs_round4_code,theta2,12,200,41,3.1086244689504383e-15,3.3306690738754696e-15
1_regimeA_r4_vs_round4_code,theta3,12,200,42,5.551115123125783e-17,8.881784197001252e-16
1_regimeA_r4_vs_round4_code,theta2,12,200,42,1.942890293094024e-16,1.5543122344752192e-15
1_regimeA_r4_vs_round4_code,theta3,12,200,43,1.6653345369377348e-16,1.5543122344752192e-15
1_regimeA_r4_vs_round4_code,theta2,12,200,43,7.077671781985373e-16,1.9984014443252818e-15
1_regimeA_r4_vs_round4_code,theta3,12,200,44,1.1102230246251565e-16,1.887379141862766e-15
1_regimeA_r4_vs_round4_code,theta2,12,200,44,3.3306690738754696e-16,2.220446049250313e-15
1_regimeA_r4_vs_round4_code,theta3,12,200,45,8.326672684688674e-17,1.5543122344752192e-15
1_regimeA_r4_vs_round4_code,theta2,12,200,45,2.6645352591003757e-15,5.329070518200751e-15
1_regimeA_r4_vs_round4_code,theta3,12,200,46,1.3877787807814457e-16,1.4432899320127035e-15
1_regimeA_r4_vs_round4_code,theta2,12,200,46,4.440892098500626e-16,1.9984014443252818e-15
1_regimeA_r4_vs_round4_code,theta3,12,200,47,1.1102230246251565e-16,1.887379141862766e-15
1_regimeA_r4_vs_round4_code,theta2,12,200,47,5.273559366969494e-16,3.9968028886505635e-15
1_regimeA_r4_vs_round4_code,theta3,12,200,48,8.326672684688674e-17,1.3322676295501878e-15
1_regimeA_r4_vs_round4_code,theta2,12,200,48,4.440892098500626e-16,2.1094237467877974e-15
1_regimeA_r4_vs_round4_code,theta3,12,200,49,5.551115123125783e-17,8.881784197001252e-16
1_regimeA_r4_vs_round4_code,theta2,12,200,49,5.828670879282072e-16,1.9984014443252818e-15
1_regimeA_r4_vs_round4_code,theta3,12,200,50,5.551115123125783e-17,6.661338147750939e-16
1_regimeA_r4_vs_round4_code,theta2,12,200,50,2.1788126858268697e-15,4.6629367034256575e-15
1_regimeA_r4_vs_round4_code,theta3,12,200,51,5.551115123125783e-17,1.1102230246251565e-15
1_regimeA_r4_vs_round4_code,theta2,12,200,51,2.7755575615628914e-16,1.7763568394002505e-15
1_regimeA_r4_vs_round4_code,theta3,12,200,52,1.1102230246251565e-16,2.220446049250313e-15
1_regimeA_r4_vs_round4_code,theta2,12,200,52,4.440892098500626e-16,1.9984014443252818e-15
1_regimeA_r4_vs_round4_code,theta3,12,200,53,5.551115123125783e-17,7.771561172376096e-16
1_regimeA_r4_vs_round4_code,theta2,12,200,53,3.0531133177191805e-16,3.774758283725532e-15
1_regimeA_r4_vs_round4_code,theta3,12,200,54,7.632783294297951e-17,1.3322676295501878e-15
1_regimeA_r4_vs_round4_code,theta2,12,200,54,4.996003610813204e-16,4.884981308350689e-15
1_regimeA_r4_vs_round4_code,theta3,12,200,55,1.0408340855860843e-16,1.1102230246251565e-15
1_regimeA_r4_vs_round4_code,theta2,12,200,55,4.996003610813204e-16,3.9968028886505635e-15
1_regimeA_r4_vs_round4_code,theta3,12,200,56,6.938893903907228e-17,1.7763568394002505e-15
1_regimeA_r4_vs_round4_code,theta2,12,200,56,1.1657341758564144e-15,4.551914400963142e-15
1_regimeA_r4_vs_round4_code,theta3,12,200,57,1.1102230246251565e-16,1.5543122344752192e-15
1_regimeA_r4_vs_round4_code,theta2,12,200,57,2.886579864025407e-15,3.3306690738754696e-15
1_regimeA_r4_vs_round4_code,theta3,12,200,58,8.326672684688674e-17,1.5543122344752192e-15
1_regimeA_r4_vs_round4_code,theta2,12,200,58,4.718447854656915e-16,2.886579864025407e-15
1_regimeA_r4_vs_round4_code,theta3,12,200,59,8.326672684688674e-17,8.881784197001252e-16
1_regimeA_r4_vs_round4_code,theta2,12,200,59,5.689893001203927e-16,3.774758283725532e-15
1_regimeA_r4_vs_round4_code,theta3,12,200,60,8.326672684688674e-17,6.661338147750939e-16
1_regimeA_r4_vs_round4_code,theta2,12,200,60,1.6653345369377348e-15,6.439293542825908e-15
1_regimeA_r4_vs_round4_code,theta3,12,200,61,6.938893903907228e-17,1.1102230246251565e-15
1_regimeA_r4_vs_round4_code,theta2,12,200,61,6.938893903907228e-16,1.9984014443252818e-15
1_regimeA_r4_vs_round4_code,theta3,12,200,62,8.326672684688674e-17,8.881784197001252e-16
1_regimeA_r4_vs_round4_code,theta2,12,200,62,3.3306690738754696e-16,1.3322676295501878e-15
1_regimeA_r4_vs_round4_code,theta3,12,200,63,1.1102230246251565e-16,1.7763568394002505e-15
1_regimeA_r4_vs_round4_code,theta2,12,200,63,7.771561172376096e-16,3.774758283725532e-15
1_regimeA_r4_vs_round4_code,theta3,12,200,64,8.326672684688674e-17,1.6653345369377348e-15
1_regimeA_r4_vs_round4_code,theta2,12,200,64,6.106226635438361e-16,2.886579864025407e-15
1_regimeA_r4_vs_round4_code,theta3,12,200,65,8.326672684688674e-17,1.5543122344752192e-15
1_regimeA_r4_vs_round4_code,theta2,12,200,65,4.440892098500626e-16,8.881784197001252e-16
1_regimeA_r4_vs_round4_code,theta3,12,200,66,8.326672684688674e-17,9.992007221626409e-16
1_regimeA_r4_vs_round4_code,theta2,12,200,66,4.996003610813204e-16,2.886579864025407e-15
1_regimeA_r4_vs_round4_code,theta3,12,200,67,5.551115123125783e-17,1.3322676295501878e-15
1_regimeA_r4_vs_round4_code,theta2,12,200,67,2.7755575615628914e-16,2.1094237467877974e-15
1_regimeA_r4_vs_round4_code,theta3,12,200,68,9.71445146547012e-17,9.992007221626409e-16
1_regimeA_r4_vs_round4_code,theta2,12,200,68,4.440892098500626e-16,2.886579864025407e-15
1_regimeA_r4_vs_round4_code,theta3,12,200,69,5.551115123125783e-17,1.3322676295501878e-15
1_regimeA_r4_vs_round4_code,theta2,12,200,69,6.661338147750939e-16,2.220446049250313e-15
1_regimeA_r4_vs_round4_code,theta3,12,200,70,1.1102230246251565e-16,9.992007221626409e-16
1_regimeA_r4_vs_round4_code,theta2,12,200,70,6.661338147750939e-16,3.552713678800501e-15
1_regimeA_r4_vs_round4_code,theta3,12,200,71,5.551115123125783e-17,1.1102230246251565e-15
1_regimeA_r4_vs_round4_code,theta2,12,200,71,1.0547118733938987e-15,4.884981308350689e-15
1_regimeA_r4_vs_round4_code,theta3,12,200,72,9.020562075079397e-17,1.3322676295501878e-15
1_regimeA_r4_vs_round4_code,theta2,12,200,72,6.106226635438361e-16,3.1086244689504383e-15
1_regimeA_r4_vs_round4_code,theta3,12,200,73,5.551115123125783e-17,1.3322676295501878e-15
1_regimeA_r4_vs_round4_code,theta2,12,200,73,4.996003610813204e-16,2.220446049250313e-15
1_regimeA_r4_vs_round4_code,theta3,12,200,74,8.326672684688674e-17,1.887379141862766e-15
1_regimeA_r4_vs_round4_code,theta2,12,200,74,8.326672684688674e-16,1.887379141862766e-15
1_regimeA_r4_vs_round4_code,theta3,12,200,75,8.326672684688674e-17,1.1102230246251565e-15
1_regimeA_r4_vs_round4_code,theta2,12,200,75,1.7763568394002505e-15,6.217248937900877e-15
1_regimeA_r4_vs_round4_code,theta3,12,200,76,1.1102230246251565e-16,1.5543122344752192e-15
1_regimeA_r4_vs_round4_code,theta2,12,200,76,3.3306690738754696e-16,1.5543122344752192e-15
1_regimeA_r4_vs_round4_code,theta3,12,200,77,1.1102230246251565e-16,1.1102230246251565e-15
1_regimeA_r4_vs_round4_code,theta2,12,200,77,6.661338147750939e-16,2.886579864025407e-15
1_regimeA_r4_vs_round4_code,theta3,12,200,78,1.3877787807814457e-16,1.2212453270876722e-15
1_regimeA_r4_vs_round4_code,theta2,12,200,78,6.106226635438361e-16,1.5543122344752192e-15
1_regimeA_r4_vs_round4_code,theta3,12,200,79,1.1102230246251565e-16,1.1102230246251565e-15
1_regimeA_r4_vs_round4_code,theta2,12,200,79,1.3322676295501878e-15,7.105427357601002e-15
1_regimeA_r4_vs_round4_code,theta3,12,200,80,8.326672684688674e-17,8.881784197001252e-16
1_regimeA_r4_vs_round4_code,theta2,12,200,80,5.551115123125783e-16,2.886579864025407e-15
1_regimeA_r4_vs_round4_code,theta3,12,200,81,1.1102230246251565e-16,1.9984014443252818e-15
1_regimeA_r4_vs_round4_code,theta2,12,200,81,2.498001805406602e-16,1.9984014443252818e-15
1_regimeA_r4_vs_round4_code,theta3,12,200,82,8.326672684688674e-17,8.881784197001252e-16
1_regimeA_r4_vs_round4_code,theta2,12,200,82,5.551115123125783e-16,8.215650382226158e-15
1_regimeA_r4_vs_round4_code,theta3,12,200,83,5.551115123125783e-17,1.4432899320127035e-15
1_regimeA_r4_vs_round4_code,theta2,12,200,83,1.3600232051658168e-15,5.88418203051333e-15
1_regimeA_r4_vs_round4_code,theta3,12,200,84,1.1102230246251565e-16,8.881784197001252e-16
1_regimeA_r4_vs_round4_code,theta2,12,200,84,1.0547118733938987e-15,4.773959005888173e-15
1_regimeA_r4_vs_round4_code,theta3,12,200,85,8.326672684688674e-17,1.5543122344752192e-15
1_regimeA_r4_vs_round4_code,theta2,12,200,85,3.885780586188048e-16,2.220446049250313e-15
1_regimeA_r4_vs_round4_code,theta3,12,200,86,8.326672684688674e-17,1.2212453270876722e-15
1_regimeA_r4_vs_round4_code,theta2,12,200,86,1.1102230246251565e-15,5.329070518200751e-15
1_regimeA_r4_vs_round4_code,theta3,12,200,87,6.938893903907228e-17,1.1102230246251565e-15
1_regimeA_r4_vs_round4_code,theta2,12,200,87,5.273559366969494e-16,1.6653345369377348e-15
1_regimeA_r4_vs_round4_code,theta3,12,200,88,8.326672684688674e-17,1.5543122344752192e-15
1_regimeA_r4_vs_round4_code,theta2,12,200,88,4.996003610813204e-16,3.1086244689504383e-15
1_regimeA_r4_vs_round4_code,theta3,12,200,89,8.326672684688674e-17,9.992007221626409e-16
1_regimeA_r4_vs_round4_code,theta2,12,200,89,6.661338147750939e-16,3.3306690738754696e-15
1_regimeA_r4_vs_round4_code,theta3,12,200,90,1.1102230246251565e-16,1.9984014443252818e-15
1_regimeA_r4_vs_round4_code,theta2,12,200,90,9.992007221626409e-16,3.9968028886505635e-15
1_regimeA_r4_vs_round4_code,theta3,12,200,91,1.3877787807814457e-16,1.4432899320127035e-15
1_regimeA_r4_vs_round4_code,theta2,12,200,91,4.579669976578771e-16,2.220446049250313e-15
1_regimeA_r4_vs_round4_code,theta3,12,200,92,5.551115123125783e-17,1.4432899320127035e-15
1_regimeA_r4_vs_round4_code,theta2,12,200,92,2.0816681711721685e-16,2.220446049250313e-15
1_regimeA_r4_vs_round4_code,theta3,12,200,93,1.1102230246251565e-16,1.9984014443252818e-15
1_regimeA_r4_vs_round4_code,theta2,12,200,93,7.077671781985373e-16,2.220446049250313e-15
1_regimeA_r4_vs_round4_code,theta3,12,200,94,8.326672684688674e-17,1.6653345369377348e-15
1_regimeA_r4_vs_round4_code,theta2,12,200,94,6.38378239159465e-16,2.4424906541753444e-15
1_regimeA_r4_vs_round4_code,theta3,12,200,95,1.3877787807814457e-16,2.7755575615628914e-15
1_regimeA_r4_vs_round4_code,theta2,12,200,95,6.938893903907228e-16,2.4424906541753444e-15
1_regimeA_r4_vs_round4_code,theta3,12,200,96,5.551115123125783e-17,9.992007221626409e-16
1_regimeA_r4_vs_round4_code,theta2,12,200,96,1.0824674490095276e-15,1.9984014443252818e-15
1_regimeA_r4_vs_round4_code,theta3,12,200,97,1.3877787807814457e-16,1.3322676295501878e-15
1_regimeA_r4_vs_round4_code,theta2,12,200,97,1.304512053934559e-15,4.884981308350689e-15
1_regimeA_r4_vs_round4_code,theta3,12,200,98,1.1102230246251565e-16,1.9984014443252818e-15
1_regimeA_r4_vs_round4_code,theta2,12,200,98,1.0547118733938987e-15,3.3306690738754696e-15
1_regimeA_r4_vs_round4_code,theta3,12,200,99,8.326672684688674e-17,1.3322676295501878e-15
1_regimeA_r4_vs_round4_code,theta2,12,200,99,5.551115123125783e-16,4.440892098500626e-15
1_regimeA_r4_vs_round4_code,theta3,12,200,100,9.71445146547012e-17,9.992007221626409e-16
1_regimeA_r4_vs_round4_code,theta2,12,200,100,2.220446049250313e-16,1.3322676295501878e-15
1_regimeA_r4_vs_round4_code,theta3,12,200,101,8.326672684688674e-17,1.1102230246251565e-15
1_regimeA_r4_vs_round4_code,theta2,12,200,101,3.3306690738754696e-16,1.5543122344752192e-15
1_regimeA_r4_vs_round4_code,theta3,12,200,102,8.326672684688674e-17,1.5543122344752192e-15
1_regimeA_r4_vs_round4_code,theta2,12,200,102,3.885780586188048e-16,2.4424906541753444e-15
1_regimeA_r4_vs_round4_code,theta3,12,200,103,8.326672684688674e-17,1.5543122344752192e-15
1_regimeA_r4_vs_round4_code,theta2,12,200,103,3.885780586188048e-16,1.3322676295501878e-15
1_regimeA_r4_vs_round4_code,theta3,12,200,104,1.1102230246251565e-16,1.6653345369377348e-15
1_regimeA_r4_vs_round4_code,theta2,12,200,104,3.885780586188048e-16,3.1086244689504383e-15
1_regimeA_r4_vs_round4_code,theta3,12,200,105,1.1102230246251565e-16,1.3322676295501878e-15
1_regimeA_r4_vs_round4_code,theta2,12,200,105,3.3306690738754696e-16,1.7763568394002505e-15
1_regimeA_r4_vs_round4_code,theta3,12,200,106,1.1102230246251565e-16,8.881784197001252e-16
1_regimeA_r4_vs_round4_code,theta2,12,200,106,5.273559366969494e-16,2.4424906541753444e-15
1_regimeA_r4_vs_round4_code,theta3,12,200,107,6.938893903907228e-17,1.1102230246251565e-15
1_regimeA_r4_vs_round4_code,theta2,12,200,107,7.494005416219807e-16,2.6645352591003757e-15
1_regimeA_r4_vs_round4_code,theta3,12,200,108,5.551115123125783e-17,8.881784197001252e-16
1_regimeA_r4_vs_round4_code,theta2,12,200,108,7.216449660063518e-16,2.886579864025407e-15
1_regimeA_r4_vs_round4_code,theta3,12,200,109,5.551115123125783e-17,1.5543122344752192e-15
1_regimeA_r4_vs_round4_code,theta2,12,200,109,4.718447854656915e-16,2.220446049250313e-15
1_regimeA_r4_vs_round4_code,theta3,12,200,110,6.938893903907228e-17,1.1102230246251565e-15
1_regimeA_r4_vs_round4_code,theta2,12,200,110,3.552713678800501e-15,2.2648549702353193e-14
1_regimeA_r4_vs_round4_code,theta3,12,200,111,5.551115123125783e-17,1.3322676295501878e-15
1_regimeA_r4_vs_round4_code,theta2,12,200,111,1.9984014443252818e-15,5.329070518200751e-15
1_regimeA_r4_vs_round4_code,theta3,12,200,112,8.326672684688674e-17,8.881784197001252e-16
1_regimeA_r4_vs_round4_code,theta2,12,200,112,5.828670879282072e-16,1.9984014443252818e-15
1_regimeA_r4_vs_round4_code,theta3,12,200,113,4.85722573273506e-17,1.3322676295501878e-15
1_regimeA_r4_vs_round4_code,theta2,12,200,113,1.6653345369377348e-16,1.9984014443252818e-15
1_regimeA_r4_vs_round4_code,theta3,12,200,114,6.938893903907228e-17,6.661338147750939e-16
1_regimeA_r4_vs_round4_code,theta2,12,200,114,4.218847493575595e-15,7.105427357601002e-15
1_regimeA_r4_vs_round4_code,theta3,12,200,115,1.1102230246251565e-16,1.6653345369377348e-15
1_regimeA_r4_vs_round4_code,theta2,12,200,115,3.3306690738754696e-16,9.992007221626409e-16
1_regimeA_r4_vs_round4_code,theta3,12,200,116,8.326672684688674e-17,1.3322676295501878e-15
1_regimeA_r4_vs_round4_code,theta2,12,200,116,2.7755575615628914e-16,1.9984014443252818e-15
1_regimeA_r4_vs_round4_code,theta3,12,200,117,1.1102230246251565e-16,6.661338147750939e-16
1_regimeA_r4_vs_round4_code,theta2,12,200,117,4.996003610813204e-16,3.3306690738754696e-15
1_regimeA_r4_vs_round4_code,theta3,12,200,118,1.1102230246251565e-16,1.1102230246251565e-15
1_regimeA_r4_vs_round4_code,theta2,12,200,118,4.440892098500626e-16,4.6629367034256575e-15
1_regimeA_r4_vs_round4_code,theta3,12,200,119,8.326672684688674e-17,1.1102230246251565e-15
1_regimeA_r4_vs_round4_code,theta2,12,200,119,5.551115123125783e-16,2.6645352591003757e-15
1_regimeA_r4_vs_round4_code,theta3,12,200,120,1.1102230246251565e-16,1.4432899320127035e-15
1_regimeA_r4_vs_round4_code,theta2,12,200,120,6.661338147750939e-16,4.218847493575595e-15
1_regimeA_r4_vs_round4_code,theta3,12,200,121,5.551115123125783e-17,1.6653345369377348e-15
1_regimeA_r4_vs_round4_code,theta2,12,200,121,6.38378239159465e-16,3.1086244689504383e-15
1_regimeA_r4_vs_round4_code,theta3,12,200,122,1.1102230246251565e-16,1.1102230246251565e-15
1_regimeA_r4_vs_round4_code,theta2,12,200,122,4.440892098500626e-16,4.6629367034256575e-15
1_regimeA_r4_vs_round4_code,theta3,12,200,123,8.326672684688674e-17,1.1102230246251565e-15
1_regimeA_r4_vs_round4_code,theta2,12,200,123,1.27675647831893e-15,4.884981308350689e-15
1_regimeA_r4_vs_round4_code,theta3,12,200,124,8.326672684688674e-17,1.3322676295501878e-15
1_regimeA_r4_vs_round4_code,theta2,12,200,124,2.6645352591003757e-15,9.992007221626409e-15
1_regimeA_r4_vs_round4_code,theta3,12,200,125,8.326672684688674e-17,1.1102230246251565e-15
1_regimeA_r4_vs_round4_code,theta2,12,200,125,7.771561172376096e-16,1.9984014443252818e-15
1_regimeA_r4_vs_round4_code,theta3,12,200,126,6.938893903907228e-17,9.992007221626409e-16
1_regimeA_r4_vs_round4_code,theta2,12,200,126,1.7763568394002505e-15,8.43769498715119e-15
1_regimeA_r4_vs_round4_code,theta3,12,200,127,1.1102230246251565e-16,1.5543122344752192e-15
1_regimeA_r4_vs_round4_code,theta2,12,200,127,3.7470027081099033e-16,1.5543122344752192e-15
1_regimeA_r4_vs_round4_code,theta3,12,200,128,5.551115123125783e-17,6.661338147750939e-16
1_regimeA_r4_vs_round4_code,theta2,12,200,128,1.9984014443252818e-15,2.6645352591003757e-15
1_regimeA_r4_vs_round4_code,theta3,12,200,129,8.326672684688674e-17,1.3322676295501878e-15
1_regimeA_r4_vs_round4_code,theta2,12,200,129,7.771561172376096e-16,2.6645352591003757e-15
1_regimeA_r4_vs_round4_code,theta3,12,200,130,1.3877787807814457e-16,1.3322676295501878e-15
1_regimeA_r4_vs_round4_code,theta2,12,200,130,3.0531133177191805e-16,1.1102230246251565e-15
1_regimeA_r4_vs_round4_code,theta3,12,200,131,5.551115123125783e-17,1.1102230246251565e-15
1_regimeA_r4_vs_round4_code,theta2,12,200,131,5.828670879282072e-16,2.6645352591003757e-15
1_regimeA_r4_vs_round4_code,theta3,12,200,132,1.1102230246251565e-16,1.3322676295501878e-15
1_regimeA_r4_vs_round4_code,theta2,12,200,132,8.881784197001252e-16,1.7763568394002505e-15
1_regimeA_r4_vs_round4_code,theta3,12,200,133,1.3877787807814457e-16,2.4424906541753444e-15
1_regimeA_r4_vs_round4_code,theta2,12,200,133,7.771561172376096e-16,1.887379141862766e-15
1_regimeA_r4_vs_round4_code,theta3,12,200,134,8.326672684688674e-17,1.2212453270876722e-15
1_regimeA_r4_vs_round4_code,theta2,12,200,134,1.7763568394002505e-15,9.547918011776346e-15
1_regimeA_r4_vs_round4_code,theta3,12,200,135,8.326672684688674e-17,9.992007221626409e-16
1_regimeA_r4_vs_round4_code,theta2,12,200,135,4.163336342344337e-16,2.6645352591003757e-15
1_regimeA_r4_vs_round4_code,theta3,12,200,136,8.326672684688674e-17,9.992007221626409e-16
1_regimeA_r4_vs_round4_code,theta2,12,200,136,4.718447854656915e-16,3.3306690738754696e-15
1_regimeA_r4_vs_round4_code,theta3,12,200,137,1.3877787807814457e-16,1.2212453270876722e-15
1_regimeA_r4_vs_round4_code,theta2,12,200,137,8.881784197001252e-16,2.4424906541753444e-15
1_regimeA_r4_vs_round4_code,theta3,12,200,138,1.1102230246251565e-16,1.5543122344752192e-15
1_regimeA_r4_vs_round4_code,theta2,12,200,138,9.992007221626409e-16,2.886579864025407e-15
1_regimeA_r4_vs_round4_code,theta3,12,200,139,1.3877787807814457e-16,1.5543122344752192e-15
1_regimeA_r4_vs_round4_code,theta2,12,200,139,1.2212453270876722e-15,4.218847493575595e-15
1_regimeA_r4_vs_round4_code,theta3,12,200,140,1.3877787807814457e-16,1.4432899320127035e-15
1_regimeA_r4_vs_round4_code,theta2,12,200,140,5.551115123125783e-16,2.220446049250313e-15
1_regimeA_r4_vs_round4_code,theta3,12,200,141,1.1102230246251565e-16,1.4432899320127035e-15
1_regimeA_r4_vs_round4_code,theta2,12,200,141,2.220446049250313e-16,2.220446049250313e-15
1_regimeA_r4_vs_round4_code,theta3,12,200,142,1.249000902703301e-16,7.771561172376096e-16
1_regimeA_r4_vs_round4_code,theta2,12,200,142,2.914335439641036e-16,1.1102230246251565e-15
1_regimeA_r4_vs_round4_code,theta3,12,200,143,5.551115123125783e-17,1.6653345369377348e-15
1_regimeA_r4_vs_round4_code,theta2,12,200,143,1.304512053934559e-15,3.552713678800501e-15
1_regimeA_r4_vs_round4_code,theta3,12,200,144,8.326672684688674e-17,8.881784197001252e-16
1_regimeA_r4_vs_round4_code,theta2,12,200,144,5.551115123125783e-16,1.5543122344752192e-15
1_regimeA_r4_vs_round4_code,theta3,12,200,145,1.1102230246251565e-16,1.4432899320127035e-15
1_regimeA_r4_vs_round4_code,theta2,12,200,145,4.163336342344337e-16,2.4424906541753444e-15
1_regimeA_r4_vs_round4_code,theta3,12,200,146,8.326672684688674e-17,8.881784197001252e-16
1_regimeA_r4_vs_round4_code,theta2,12,200,146,5.551115123125783e-16,1.3322676295501878e-15
1_regimeA_r4_vs_round4_code,theta3,12,200,147,8.326672684688674e-17,1.3322676295501878e-15
1_regimeA_r4_vs_round4_code,theta2,12,200,147,4.440892098500626e-16,2.220446049250313e-15
1_regimeA_r4_vs_round4_code,theta3,12,200,148,8.326672684688674e-17,8.881784197001252e-16
1_regimeA_r4_vs_round4_code,theta2,12,200,148,1.942890293094024e-16,2.3314683517128287e-15
1_regimeA_r4_vs_round4_code,theta3,12,200,149,8.326672684688674e-17,1.1102230246251565e-15
1_regimeA_r4_vs_round4_code,theta2,12,200,149,5.273559366969494e-16,1.9984014443252818e-15
1_regimeA_r4_vs_round4_code,theta3,12,200,150,9.71445146547012e-17,1.1102230246251565e-15
1_regimeA_r4_vs_round4_code,theta2,12,200,150,4.440892098500626e-16,1.7763568394002505e-15
1_regimeA_r4_vs_round4_code,theta3,12,200,151,1.6653345369377348e-16,1.1102230246251565e-15
1_regimeA_r4_vs_round4_code,theta2,12,200,151,1.4988010832439613e-15,3.4416913763379853e-15
1_regimeA_r4_vs_round4_code,theta3,12,200,152,6.938893903907228e-17,1.4432899320127035e-15
1_regimeA_r4_vs_round4_code,theta2,12,200,152,8.881784197001252e-16,2.4424906541753444e-15
1_regimeA_r4_vs_round4_code,theta3,12,200,153,6.938893903907228e-17,9.992007221626409e-16
1_regimeA_r4_vs_round4_code,theta2,12,200,153,5.412337245047638e-16,3.1086244689504383e-15
1_regimeA_r4_vs_round4_code,theta3,12,200,154,8.326672684688674e-17,1.6653345369377348e-15
1_regimeA_r4_vs_round4_code,theta2,12,200,154,3.3306690738754696e-16,1.5543122344752192e-15
1_regimeA_r4_vs_round4_code,theta3,12,200,155,1.1102230246251565e-16,1.7763568394002505e-15
1_regimeA_r4_vs_round4_code,theta2,12,200,155,6.38378239159465e-16,1.9984014443252818e-15
1_regimeA_r4_vs_round4_code,theta3,12,200,156,1.1102230246251565e-16,1.6653345369377348e-15
1_regimeA_r4_vs_round4_code,theta2,12,200,156,1.7763568394002505e-15,7.105427357601002e-15
1_regimeA_r4_vs_round4_code,theta3,12,200,157,5.551115123125783e-17,1.9984014443252818e-15
1_regimeA_r4_vs_round4_code,theta2,12,200,157,5.828670879282072e-16,3.1086244689504383e-15
1_regimeA_r4_vs_round4_code,theta3,12,200,158,8.326672684688674e-17,1.7763568394002505e-15
1_regimeA_r4_vs_round4_code,theta2,12,200,158,6.938893903907228e-16,3.774758283725532e-15
1_regimeA_r4_vs_round4_code,theta3,12,200,159,1.1102230246251565e-16,1.2212453270876722e-15
1_regimeA_r4_vs_round4_code,theta2,12,200,159,2.220446049250313e-16,1.7763568394002505e-15
1_regimeA_r4_vs_round4_code,theta3,12,200,160,1.6653345369377348e-16,1.2212453270876722e-15
1_regimeA_r4_vs_round4_code,theta2,12,200,160,1.6653345369377348e-15,4.440892098500626e-15
1_regimeA_r4_vs_round4_code,theta3,12,200,161,6.938893903907228e-17,1.3322676295501878e-15
1_regimeA_r4_vs_round4_code,theta2,12,200,161,2.220446049250313e-16,2.6645352591003757e-15
1_regimeA_r4_vs_round4_code,theta3,12,200,162,1.1102230246251565e-16,2.220446049250313e-15
1_regimeA_r4_vs_round4_code,theta2,12,200,162,3.1086244689504383e-15,7.993605777301127e-15
1_regimeA_r4_vs_round4_code,theta3,12,200,163,1.6653345369377348e-16,2.220446049250313e-15
1_regimeA_r4_vs_round4_code,theta2,12,200,163,9.992007221626409e-16,2.220446049250313e-15
1_regimeA_r4_vs_round4_code,theta3,12,200,164,5.551115123125783e-17,8.881784197001252e-16
1_regimeA_r4_vs_round4_code,theta2,12,200,164,6.106226635438361e-16,3.774758283725532e-15
1_regimeA_r4_vs_round4_code,theta3,12,200,165,4.163336342344337e-17,8.881784197001252e-16
1_regimeA_r4_vs_round4_code,theta2,12,200,165,1.582067810090848e-15,1.0658141036401503e-14
1_regimeA_r4_vs_round4_code,theta3,12,200,166,5.551115123125783e-17,6.661338147750939e-16
1_regimeA_r4_vs_round4_code,theta2,12,200,166,6.106226635438361e-16,3.1086244689504383e-15
1_regimeA_r4_vs_round4_code,theta3,12,200,167,8.326672684688674e-17,1.9984014443252818e-15
1_regimeA_r4_vs_round4_code,theta2,12,200,167,4.440892098500626e-16,8.881784197001252e-16
1_regimeA_r4_vs_round4_code,theta3,12,200,168,5.551115123125783e-17,8.881784197001252e-16
1_regimeA_r4_vs_round4_code,theta2,12,200,168,7.771561172376096e-16,4.6629367034256575e-15
1_regimeA_r4_vs_round4_code,theta3,12,200,169,1.1102230246251565e-16,1.3322676295501878e-15
1_regimeA_r4_vs_round4_code,theta2,12,200,169,1.942890293094024e-16,2.220446049250313e-15
1_regimeA_r4_vs_round4_code,theta3,12,200,170,5.551115123125783e-17,1.2212453270876722e-15
1_regimeA_r4_vs_round4_code,theta2,12,200,170,4.440892098500626e-16,1.9984014443252818e-15
1_regimeA_r4_vs_round4_code,theta3,12,200,171,5.551115123125783e-17,1.6653345369377348e-15
1_regimeA_r4_vs_round4_code,theta2,12,200,171,4.440892098500626e-16,2.4424906541753444e-15
1_regimeA_r4_vs_round4_code,theta3,12,200,172,8.326672684688674e-17,1.887379141862766e-15
1_regimeA_r4_vs_round4_code,theta2,12,200,172,7.771561172376096e-16,3.774758283725532e-15
1_regimeA_r4_vs_round4_code,theta3,12,200,173,8.326672684688674e-17,1.1102230246251565e-15
1_regimeA_r4_vs_round4_code,theta2,12,200,173,3.885780586188048e-16,2.220446049250313e-15
1_regimeA_r4_vs_round4_code,theta3,12,200,174,1.3877787807814457e-16,9.992007221626409e-16
1_regimeA_r4_vs_round4_code,theta2,12,200,174,1.1102230246251565e-15,1.0436096431476471e-14
1_regimeA_r4_vs_round4_code,theta3,12,200,175,5.551115123125783e-17,1.1102230246251565e-15
1_regimeA_r4_vs_round4_code,theta2,12,200,175,1.6653345369377348e-16,2.220446049250313e-15
1_regimeA_r4_vs_round4_code,theta3,12,200,176,1.1102230246251565e-16,1.3322676295501878e-15
1_regimeA_r4_vs_round4_code,theta2,12,200,176,2.7755575615628914e-16,8.881784197001252e-16
1_regimeA_r4_vs_round4_code,theta3,12,200,177,1.3877787807814457e-16,1.2212453270876722e-15
1_regimeA_r4_vs_round4_code,theta2,12,200,177,1.1934897514720433e-15,3.774758283725532e-15
1_regimeA_r4_vs_round4_code,theta3,12,200,178,5.551115123125783e-17,1.1102230246251565e-15
1_regimeA_r4_vs_round4_code,theta2,12,200,178,1.1102230246251565e-15,3.9968028886505635e-15
1_regimeA_r4_vs_round4_code,theta3,12,200,179,5.551115123125783e-17,1.2212453270876722e-15
1_regimeA_r4_vs_round4_code,theta2,12,200,179,3.774758283725532e-15,9.325873406851315e-15
1_regimeA_r4_vs_round4_code,theta3,12,200,180,1.1102230246251565e-16,1.7763568394002505e-15
1_regimeA_r4_vs_round4_code,theta2,12,200,180,1.3322676295501878e-15,3.9968028886505635e-15
1_regimeA_r4_vs_round4_code,theta3,12,200,181,8.326672684688674e-17,9.992007221626409e-16
1_regimeA_r4_vs_round4_code,theta2,12,200,181,7.771561172376096e-16,3.3306690738754696e-15
1_regimeA_r4_vs_round4_code,theta3,12,200,182,1.6653345369377348e-16,1.887379141862766e-15
1_regimeA_r4_vs_round4_code,theta2,12,200,182,6.661338147750939e-16,2.886579864025407e-15
1_regimeA_r4_vs_round4_code,theta3,12,200,183,1.1102230246251565e-16,1.2212453270876722e-15
1_regimeA_r4_vs_round4_code,theta2,12,200,183,4.440892098500626e-16,1.5543122344752192e-15
1_regimeA_r4_vs_round4_code,theta3,12,200,184,1.1102230246251565e-16,1.5543122344752192e-15
1_regimeA_r4_vs_round4_code,theta2,12,200,184,4.996003610813204e-16,1.7763568394002505e-15
1_regimeA_r4_vs_round4_code,theta3,12,200,185,9.71445146547012e-17,1.5543122344752192e-15
1_regimeA_r4_vs_round4_code,theta2,12,200,185,5.551115123125783e-16,2.886579864025407e-15
1_regimeA_r4_vs_round4_code,theta3,12,200,186,1.1102230246251565e-16,1.6653345369377348e-15
1_regimeA_r4_vs_round4_code,theta2,12,200,186,4.440892098500626e-16,1.5543122344752192e-15
1_regimeA_r4_vs_round4_code,theta3,12,200,187,8.326672684688674e-17,1.1102230246251565e-15
1_regimeA_r4_vs_round4_code,theta2,12,200,187,5.551115123125783e-16,1.7763568394002505e-15
1_regimeA_r4_vs_round4_code,theta3,12,200,188,1.942890293094024e-16,1.3322676295501878e-15
1_regimeA_r4_vs_round4_code,theta2,12,200,188,5.273559366969494e-16,3.3306690738754696e-15
1_regimeA_r4_vs_round4_code,theta3,12,200,189,5.551115123125783e-17,1.1102230246251565e-15
1_regimeA_r4_vs_round4_code,theta2,12,200,189,6.106226635438361e-16,2.886579864025407e-15
1_regimeA_r4_vs_round4_code,theta3,12,200,190,8.326672684688674e-17,1.3322676295501878e-15
1_regimeA_r4_vs_round4_code,theta2,12,200,190,6.661338147750939e-16,2.220446049250313e-15
1_regimeA_r4_vs_round4_code,theta3,12,200,191,6.938893903907228e-17,1.1102230246251565e-15
1_regimeA_r4_vs_round4_code,theta2,12,200,191,5.551115123125783e-16,2.4424906541753444e-15
1_regimeA_r4_vs_round4_code,theta3,12,200,192,1.1102230246251565e-16,8.881784197001252e-16
1_regimeA_r4_vs_round4_code,theta2,12,200,192,6.38378239159465e-16,1.887379141862766e-15
1_regimeA_r4_vs_round4_code,theta3,12,200,193,5.551115123125783e-17,1.3322676295501878e-15
1_regimeA_r4_vs_round4_code,theta2,12,200,193,4.440892098500626e-16,1.7763568394002505e-15
1_regimeA_r4_vs_round4_code,theta3,12,200,194,6.245004513516506e-17,1.3322676295501878e-15
1_regimeA_r4_vs_round4_code,theta2,12,200,194,1.3322676295501878e-15,4.6629367034256575e-15
1_regimeA_r4_vs_round4_code,theta3,12,200,195,5.551115123125783e-17,1.1102230246251565e-15
1_regimeA_r4_vs_round4_code,theta2,12,200,195,9.992007221626409e-16,9.103828801926284e-15
1_regimeA_r4_vs_round4_code,theta3,12,200,196,5.551115123125783e-17,8.881784197001252e-16
1_regimeA_r4_vs_round4_code,theta2,12,200,196,6.106226635438361e-16,2.4424906541753444e-15
1_regimeA_r4_vs_round4_code,theta3,12,200,197,5.551115123125783e-17,8.881784197001252e-16
1_regimeA_r4_vs_round4_code,theta2,12,200,197,3.3306690738754696e-16,3.3306690738754696e-15
1_regimeA_r4_vs_round4_code,theta3,12,200,198,8.326672684688674e-17,1.3322676295501878e-15
1_regimeA_r4_vs_round4_code,theta2,12,200,198,7.494005416219807e-16,1.2212453270876722e-15
1_regimeA_r4_vs_round4_code,theta3,12,200,199,2.220446049250313e-16,1.3322676295501878e-15
1_regimeA_r4_vs_round4_code,theta2,12,200,199,5.273559366969494e-16,2.6645352591003757e-15
1_regimeA_r4_vs_round4_code,theta3,4,0,0,2.7755575615628914e-16,6.439293542825908e-15
1_regimeA_r4_vs_round4_code,theta2,4,0,0,7.549516567451064e-15,6.106226635438361e-14
1_regimeA_r4_vs_round4_code,theta3,4,0,1,2.7755575615628914e-16,7.105427357601002e-15
1_regimeA_r4_vs_round4_code,theta2,4,0,1,3.941291737419306e-15,4.651834473179406e-14
1_regimeA_r4_vs_round4_code,theta3,4,0,2,2.220446049250313e-16,3.1086244689504383e-15
1_regimeA_r4_vs_round4_code,theta2,4,0,2,8.708311849403572e-16,6.195044477408373e-14
1_regimeA_r4_vs_round4_code,theta3,4,0,3,6.661338147750939e-16,5.995204332975845e-15
1_regimeA_r4_vs_round4_code,theta2,4,0,3,6.328271240363392e-15,5.484501741648273e-14
1_regimeA_r4_vs_round4_code,theta3,4,0,4,3.3306690738754696e-16,1.6209256159527285e-14
1_regimeA_r4_vs_round4_code,theta2,4,0,4,3.039235529911366e-15,5.2513549064769904e-14
1_regimeA_r4_vs_round4_code,theta3,4,0,5,3.3306690738754696e-16,8.659739592076221e-15
1_regimeA_r4_vs_round4_code,theta2,4,0,5,6.106226635438361e-15,8.903988657493755e-14
1_regimeA_r4_vs_round4_code,theta3,4,0,6,3.3306690738754696e-16,2.2426505097428162e-14
1_regimeA_r4_vs_round4_code,theta2,4,0,6,5.488665077990618e-15,6.350475700855895e-14
1_regimeA_r4_vs_round4_code,theta3,4,0,7,2.498001805406602e-16,4.884981308350689e-15
1_regimeA_r4_vs_round4_code,theta2,4,0,7,2.5951463200613034e-15,4.929390229335695e-14
1_regimeA_r4_vs_round4_code,theta3,4,0,8,2.220446049250313e-16,4.9960036108132044e-15
1_regimeA_r4_vs_round4_code,theta2,4,0,8,5.981326545168031e-15,1.318944953254686e-13
1_regimeA_r4_vs_round4_code,theta3,4,0,9,2.3592239273284576e-16,1.0436096431476471e-14
1_regimeA_r4_vs_round4_code,theta2,4,0,9,4.274358644806853e-15,2.7755575615628914e-14
1_regimeA_r4_vs_round4_code,theta3,4,0,10,3.3306690738754696e-16,7.549516567451064e-15
1_regimeA_r4_vs_round4_code,theta2,4,0,10,4.3298697960381105e-15,4.696243394164412e-14
1_regimeA_r4_vs_round4_code,theta3,4,0,11,2.498001805406602e-16,3.774758283725532e-15
1_regimeA_r4_vs_round4_code,theta2,4,0,11,7.965850201685498e-15,1.7907897387203775e-13
1_regimeA_r4_vs_round4_code,theta3,4,0,12,3.608224830031759e-16,8.881784197001252e-15
1_regimeA_r4_vs_round4_code,theta2,4,0,12,5.10702591327572e-15,8.493206138382448e-14
1_regimeA_r4_vs_round4_code,theta3,4,0,13,4.440892098500626e-16,7.105427357601002e-15
1_regimeA_r4_vs_round4_code,theta2,4,0,13,3.4416913763379853e-15,3.4638958368304884e-14
1_regimeA_r4_vs_round4_code,theta3,4,0,14,3.885780586188048e-16,4.218847493575595e-15
1_regimeA_r4_vs_round4_code,theta2,4,0,14,2.3314683517128287e-15,2.3203661214665772e-14
1_regimeA_r4_vs_round4_code,theta3,4,0,15,9.71445146547012e-17,3.885780586188048e-15
1_regimeA_r4_vs_round4_code,theta2,4,0,15,2.4980018054066022e-15,3.708144902248023e-14
1_regimeA_r4_vs_round4_code,theta3,4,0,16,2.8449465006019636e-16,2.5202062658991053e-14
1_regimeA_r4_vs_round4_code,theta2,4,0,16,3.885780586188048e-15,5.0737192225369654e-14
1_regimeA_r4_vs_round4_code,theta3,4,0,17,1.942890293094024e-16,4.6629367034256575e-15
1_regimeA_r4_vs_round4_code,theta2,4,0,17,3.1086244689504383e-15,1.6209256159527285e-14
1_regimeA_r4_vs_round4_code,theta3,4,0,18,2.7755575615628914e-16,6.439293542825908e-15
1_regimeA_r4_vs_round4_code,theta2,4,0,18,2.55351295663786e-15,1.0802470029602773e-13
1_regimeA_r4_vs_round4_code,theta3,4,0,19,3.677613769070831e-16,4.884981308350689e-15
1_regimeA_r4_vs_round4_code,theta2,4,0,19,4.898859096158503e-15,1.5354384430565915e-13
1_regimeA_r4_vs_round4_code,theta3,4,0,20,1.6653345369377348e-16,1.3100631690576847e-14
1_regimeA_r4_vs_round4_code,theta2,4,0,20,4.3298697960381105e-15,3.7414515929867775e-14
1_regimeA_r4_vs_round4_code,theta3,4,0,21,4.996003610813204e-16,6.439293542825908e-15
1_regimeA_r4_vs_round4_code,theta2,4,0,21,4.6629367034256575e-15,1.0791367799356522e-13
1_regimeA_r4_vs_round4_code,theta3,4,0,22,3.608224830031759e-16,7.882583474838611e-15
1_regimeA_r4_vs_round4_code,theta2,4,0,22,3.788636071533347e-15,6.217248937900877e-14
1_regimeA_r4_vs_round4_code,theta3,4,0,23,2.220446049250313e-16,8.659739592076221e-15
1_regimeA_r4_vs_round4_code,theta2,4,0,23,7.716050021144838e-15,1.354472090042691e-13
1_regimeA_r4_vs_round4_code,theta3,4,0,24,4.163336342344337e-16,5.551115123125783e-15
1_regimeA_r4_vs_round4_code,theta2,4,0,24,8.493206138382448e-15,7.527312106958561e-14
1_regimeA_r4_vs_round4_code,theta3,4,0,25,3.0531133177191805e-16,8.881784197001252e-15
1_regimeA_r4_vs_round4_code,theta2,4,0,25,7.66053886991358e-15,6.119549311733863e-13
1_regimeA_r4_vs_round4_code,theta3,4,0,26,3.608224830031759e-16,7.105427357601002e-15
1_regimeA_r4_vs_round4_code,theta2,4,0,26,5.440092820663267e-15,4.285460875053104e-14
1_regimeA_r4_vs_round4_code,theta3,4,0,27,3.3306690738754696e-16,1.2434497875801753e-14
1_regimeA_r4_vs_round4_code,theta2,4,0,27,7.327471962526033e-15,1.475486399726833e-13
1_regimeA_r4_vs_round4_code,theta3,4,0,28,1.6653345369377348e-16,5.662137425588298e-15
1_regimeA_r4_vs_round4_code,theta2,4,0,28,3.344546861683284e-15,3.175237850427948e-14
1_regimeA_r4_vs_round4_code,theta3,4,0,29,1.5265566588595902e-16,3.9968028886505635e-15
1_regimeA_r4_vs_round4_code,theta2,4,0,29,4.9404924595819466e-15,8.37108160567368e-14
1_regimeA_r4_vs_round4_code,theta3,4,0,30,3.0531133177191805e-16,6.661338147750939e-15
1_regimeA_r4_vs_round4_code,theta2,4,0,30,7.105427357601002e-15,5.218048215738236e-14
1_regimeA_r4_vs_round4_code,theta3,4,0,31,2.7755575615628914e-16,1.3988810110276972e-14
1_regimeA_r4_vs_round4_code,theta2,4,0,31,6.106226635438361e-15,3.941291737419306e-14
1_regimeA_r4_vs_round4_code,theta3,4,0,32,3.3306690738754696e-16,6.217248937900877e-15
1_regimeA_r4_vs_round4_code,theta2,4,0,32,2.345346139520643e-15,7.16093850883226e-14
1_regimeA_r4_vs_round4_code,theta3,4,0,33,3.0531133177191805e-16,7.66053886991358e-15
1_regimeA_r4_vs_round4_code,theta2,4,0,33,9.353628982466944e-15,1.2589929099249275e-13
1_regimeA_r4_vs_round4_code,theta3,4,0,34,3.0531133177191805e-16,4.107825191113079e-15
1_regimeA_r4_vs_round4_code,theta2,4,0,34,2.0261570199409107e-15,1.099120794378905e-14
1_regimeA_r4_vs_round4_code,theta3,4,0,35,3.3306690738754696e-16,1.1879386363489175e-14
1_regimeA_r4_vs_round4_code,theta2,4,0,35,2.1094237467877974e-15,2.1094237467877974e-14
1_regimeA_r4_vs_round4_code,theta3,4,0,36,2.498001805406602e-16,9.992007221626409e-15
1_regimeA_r4_vs_round4_code,theta2,4,0,36,8.076872504148014e-15,1.0658141036401503e-13
1_regimeA_r4_vs_round4_code,theta3,4,0,37,2.498001805406602e-16,7.105427357601002e-15
1_regimeA_r4_vs_round4_code,theta2,4,0,37,5.717648576819556e-15,1.2945200467129325e-13
1_regimeA_r4_vs_round4_code,theta3,4,0,38,3.885780586188048e-16,7.993605777301127e-15
1_regimeA_r4_vs_round4_code,theta2,4,0,38,4.954370247389761e-15,9.270362255620057e-14
1_regimeA_r4_vs_round4_code,theta3,4,0,39,2.498001805406602e-16,8.215650382226158e-15
1_regimeA_r4_vs_round4_code,theta2,4,0,39,6.058521739848999e-15,5.928590951498336e-14
1_regimeA_r4_vs_round4_code,theta3,4,0,40,3.3306690738754696e-16,6.8833827526759706e-15
1_regimeA_r4_vs_round4_code,theta2,4,0,40,4.3298697960381105e-15,6.283862319378386e-14
1_regimeA_r4_vs_round4_code,theta3,4,0,41,2.7755575615628914e-16,7.771561172376096e-15
1_regimeA_r4_vs_round4_code,theta2,4,0,41,6.217248937900877e-15,6.328271240363392e-14
1_regimeA_r4_vs_round4_code,theta3,4,0,42,3.3306690738754696e-16,8.992806499463768e-15
1_regimeA_r4_vs_round4_code,theta2,4,0,42,5.384581669432009e-15,1.87960758069039e-13
1_regimeA_r4_vs_round4_code,theta3,4,0,43,4.0245584642661925e-16,8.326672684688674e-15
1_regimeA_r4_vs_round4_code,theta2,4,0,43,6.439293542825908e-15,7.739364704661966e-13
1_regimeA_r4_vs_round4_code,theta3,4,0,44,1.6653345369377348e-16,4.884981308350689e-15
1_regimeA_r4_vs_round4_code,theta2,4,0,44,3.1086244689504383e-15,5.595524044110789e-14
1_regimeA_r4_vs_round4_code,theta3,4,0,45,4.163336342344337e-16,6.8833827526759706e-15
1_regimeA_r4_vs_round4_code,theta2,4,0,45,4.052314039881821e-15,3.7636560534792807e-14
1_regimeA_r4_vs_round4_code,theta3,4,0,46,1.1102230246251565e-16,4.440892098500626e-15
1_regimeA_r4_vs_round4_code,theta2,4,0,46,1.6375789613221059e-15,4.729550084903167e-14
1_regimeA_r4_vs_round4_code,theta3,4,0,47,3.608224830031759e-16,6.8833827526759706e-15
1_regimeA_r4_vs_round4_code,theta2,4,0,47,3.552713678800501e-15,2.1249668691325496e-13
1_regimeA_r4_vs_round4_code,theta3,4,0,48,2.7755575615628914e-16,9.325873406851315e-15
1_regimeA_r4_vs_round4_code,theta2,4,0,48,2.886579864025407e-15,2.864375403532904e-14
1_regimeA_r4_vs_round4_code,theta3,4,0,49,3.885780586188048e-16,3.9968028886505635e-15
1_regimeA_r4_vs_round4_code,theta2,4,0,49,2.9976021664879227e-15,1.532107773982716e-14
1_regimeA_r4_vs_round4_code,theta3,4,0,50,1.1102230246251565e-16,4.884981308350689e-15
1_regimeA_r4_vs_round4_code,theta2,4,0,50,5.6066262743570405e-15,3.865796571744795e-13
1_regimeA_r4_vs_round4_code,theta3,4,0,51,2.7755575615628914e-16,3.552713678800501e-15
1_regimeA_r4_vs_round4_code,theta2,4,0,51,4.440892098500626e-15,7.194245199571014e-14
1_regimeA_r4_vs_round4_code,theta3,4,0,52,3.885780586188048e-16,3.774758283725532e-15
1_regimeA_r4_vs_round4_code,theta2,4,0,52,2.9976021664879227e-15,2.942091015256665e-14
1_regimeA_r4_vs_round4_code,theta3,4,0,53,3.191891195797325e-16,9.769962616701378e-15
1_regimeA_r4_vs_round4_code,theta2,4,0,53,3.4416913763379853e-15,1.0824674490095276e-13
1_regimeA_r4_vs_round4_code,theta3,4,0,54,1.942890293094024e-16,1.5987211554602254e-14
1_regimeA_r4_vs_round4_code,theta2,4,0,54,7.327471962526033e-15,2.5979218776228663e-14
1_regimeA_r4_vs_round4_code,theta3,4,0,55,3.885780586188048e-16,4.3298697960381105e-15
1_regimeA_r4_vs_round4_code,theta2,4,0,55,3.164135620181696e-15,2.2648549702353193e-14
1_regimeA_r4_vs_round4_code,theta3,4,0,56,3.3306690738754696e-16,6.439293542825908e-15
1_regimeA_r4_vs_round4_code,theta2,4,0,56,7.549516567451064e-15,4.8405723873656825e-14
1_regimeA_r4_vs_round4_code,theta3,4,0,57,4.163336342344337e-16,8.326672684688674e-15
1_regimeA_r4_vs_round4_code,theta2,4,0,57,6.994405055138486e-15,3.3084646133829665e-13
1_regimeA_r4_vs_round4_code,theta3,4,0,58,1.6653345369377348e-16,3.774758283725532e-15
1_regimeA_r4_vs_round4_code,theta2,4,0,58,2.1649348980190553e-15,5.295763827461997e-14
1_regimeA_r4_vs_round4_code,theta3,4,0,59,3.885780586188048e-16,1.2434497875801753e-14
1_regimeA_r4_vs_round4_code,theta2,4,0,59,3.9968028886505635e-15,3.375077994860476e-14
1_regimeA_r4_vs_round4_code,theta3,4,0,60,3.885780586188048e-16,4.440892098500626e-15
1_regimeA_r4_vs_round4_code,theta2,4,0,60,1.429412144204889e-15,3.885780586188048e-14
1_regimeA_r4_vs_round4_code,theta3,4,0,61,3.885780586188048e-16,8.215650382226158e-15
1_regimeA_r4_vs_round4_code,theta2,4,0,61,2.275957200481571e-15,6.961098364399732e-14
1_regimeA_r4_vs_round4_code,theta3,4,0,62,1.942890293094024e-16,9.992007221626409e-15
1_regimeA_r4_vs_round4_code,theta2,4,0,62,7.105427357601002e-15,1.0080825063596421e-13
1_regimeA_r4_vs_round4_code,theta3,4,0,63,3.608224830031759e-16,7.327471962526033e-15
1_regimeA_r4_vs_round4_code,theta2,4,0,63,3.608224830031759e-15,4.729550084903167e-14
1_regimeA_r4_vs_round4_code,theta3,4,0,64,3.191891195797325e-16,7.993605777301127e-15
1_regimeA_r4_vs_round4_code,theta2,4,0,64,6.217248937900877e-15,5.395683899678261e-14
1_regimeA_r4_vs_round4_code,theta3,4,0,65,3.0531133177191805e-16,6.217248937900877e-15
1_regimeA_r4_vs_round4_code,theta2,4,0,65,5.745404152435185e-15,1.0036416142611415e-13
1_regimeA_r4_vs_round4_code,theta3,4,0,66,3.434752482434078e-16,4.3298697960381105e-15
1_regimeA_r4_vs_round4_code,theta2,4,0,66,6.661338147750939e-15,2.1149748619109232e-13
1_regimeA_r4_vs_round4_code,theta3,4,0,67,2.7755575615628914e-16,5.773159728050814e-15
1_regimeA_r4_vs_round4_code,theta2,4,0,67,6.439293542825908e-15,5.995204332975845e-14
1_regimeA_r4_vs_round4_code,theta3,4,0,68,4.163336342344337e-16,5.995204332975845e-15
1_regimeA_r4_vs_round4_code,theta2,4,0,68,5.162537064506978e-15,1.1080025785759062e-13
1_regimeA_r4_vs_round4_code,theta3,4,0,69,2.220446049250313e-16,5.551115123125783e-15
1_regimeA_r4_vs_round4_code,theta2,4,0,69,3.9968028886505635e-15,1.2012613126444194e-13
1_regimeA_r4_vs_round4_code,theta3,4,0,70,4.440892098500626e-16,4.440892098500626e-15
1_regimeA_r4_vs_round4_code,theta2,4,0,70,2.3314683517128287e-15,9.325873406851315e-15
1_regimeA_r4_vs_round4_code,theta3,4,0,71,3.885780586188048e-16,7.105427357601002e-15
1_regimeA_r4_vs_round4_code,theta2,4,0,71,4.107825191113079e-15,2.90878432451791e-14
1_regimeA_r4_vs_round4_code,theta3,4,0,72,2.7755575615628914e-16,8.881784197001252e-15
1_regimeA_r4_vs_round4_code,theta2,4,0,72,5.773159728050814e-15,1.34781075189494e-13
1_regimeA_r4_vs_round4_code,theta3,4,0,73,3.885780586188048e-16,5.10702591327572e-15
1_regimeA_r4_vs_round4_code,theta2,4,0,73,4.246603069191224e-15,1.0080825063596421e-13
1_regimeA_r4_vs_round4_code,theta3,4,0,74,3.469446951953614e-16,6.994405055138486e-15
1_regimeA_r4_vs_round4_code,theta2,4,0,74,6.217248937900877e-15,3.9479530755670567e-13
1_regimeA_r4_vs_round4_code,theta3,4,0,75,3.3306690738754696e-16,5.329070518200751e-15
1_regimeA_r4_vs_round4_code,theta2,4,0,75,7.16093850883226e-15,4.596323321948148e-14
1_regimeA_r4_vs_round4_code,theta3,4,0,76,3.0531133177191805e-16,8.43769498715119e-15
1_regimeA_r4_vs_round4_code,theta2,4,0,76,4.274358644806853e-15,5.218048215738236e-14
1_regimeA_r4_vs_round4_code,theta3,4,0,77,3.7470027081099033e-16,6.328271240363392e-15
1_regimeA_r4_vs_round4_code,theta2,4,0,77,6.25888230132432e-15,1.20570220474292e-13
1_regimeA_r4_vs_round4_code,theta3,4,0,78,2.7755575615628914e-16,6.217248937900877e-15
1_regimeA_r4_vs_round4_code,theta2,4,0,78,2.3869795029440866e-15,4.0523140398818214e-14
1_regimeA_r4_vs_round4_code,theta3,4,0,79,3.0531133177191805e-16,8.881784197001252e-15
1_regimeA_r4_vs_round4_code,theta2,4,0,79,7.66053886991358e-15,6.119549311733863e-13
1_regimeA_r4_vs_round4_code,theta3,4,0,80,3.191891195797325e-16,9.325873406851315e-15
1_regimeA_r4_vs_round4_code,theta2,4,0,80,6.5503158452884236e-15,7.738254481637341e-14
1_regimeA_r4_vs_round4_code,theta3,4,0,81,3.3306690738754696e-16,1.099120794378905e-14
1_regimeA_r4_vs_round4_code,theta2,4,0,81,8.1601392309949e-15,1.27675647831893e-13
1_regimeA_r4_vs_round4_code,theta3,4,0,82,3.0531133177191805e-16,8.215650382226158e-15
1_regimeA_r4_vs_round4_code,theta2,4,0,82,9.71445146547012e-15,2.3359092438113294e-13
1_regimeA_r4_vs_round4_code,theta3,4,0,83,1.249000902703301e-16,4.3298697960381105e-15
1_regimeA_r4_vs_round4_code,theta2,4,0,83,1.9984014443252818e-15,1.7985612998927536e-14
1_regimeA_r4_vs_round4_code,theta3,4,0,84,3.0531133177191805e-16,8.43769498715119e-15
1_regimeA_r4_vs_round4_code,theta2,4,0,84,8.659739592076221e-15,1.0680345496894006e-13
1_regimeA_r4_vs_round4_code,theta3,4,0,85,3.608224830031759e-16,8.43769498715119e-15
1_regimeA_r4_vs_round4_code,theta2,4,0,85,6.772360450213455e-15,1.4510614931850796e-13
1_regimeA_r4_vs_round4_code,theta3,4,0,86,3.677613769070831e-16,7.327471962526033e-15
1_regimeA_r4_vs_round4_code,theta2,4,0,86,4.9960036108132044e-15,8.149037000748649e-14
1_regimeA_r4_vs_round4_code,theta3,4,0,87,2.220446049250313e-16,1.4654943925052066e-14
1_regimeA_r4_vs_round4_code,theta2,4,0,87,4.3298697960381105e-15,3.042011087472929e-14
1_regimeA_r4_vs_round4_code,theta3,4,0,88,5.551115123125783e-16,1.532107773982716e-14
1_regimeA_r4_vs_round4_code,theta2,4,0,88,7.549516567451064e-15,4.8627768478581856e-14
1_regimeA_r4_vs_round4_code,theta3,4,0,89,2.914335439641036e-16,7.882583474838611e-15
1_regimeA_r4_vs_round4_code,theta2,4,0,89,5.88418203051333e-15,7.149836278586008e-14
1_regimeA_r4_vs_round4_code,theta3,4,0,90,3.885780586188048e-16,3.552713678800501e-15
1_regimeA_r4_vs_round4_code,theta2,4,0,90,5.689893001203927e-15,5.917488721252084e-14
1_regimeA_r4_vs_round4_code,theta3,4,0,91,3.3306690738754696e-16,5.218048215738236e-15
1_regimeA_r4_vs_round4_code,theta2,4,0,91,7.549516567451064e-15,4.551914400963142e-14
1_regimeA_r4_vs_round4_code,theta3,4,0,92,2.3592239273284576e-16,6.661338147750939e-15
1_regimeA_r4_vs_round4_code,theta2,4,0,92,4.107825191113079e-15,4.796163466380676e-14
1_regimeA_r4_vs_round4_code,theta3,4,0,93,2.7755575615628914e-16,6.8833827526759706e-15
1_regimeA_r4_vs_round4_code,theta2,4,0,93,7.494005416219807e-15,1.0036416142611415e-13
1_regimeA_r4_vs_round4_code,theta3,4,0,94,2.7755575615628914e-16,4.884981308350689e-15
1_regimeA_r4_vs_round4_code,theta2,4,0,94,6.050715484207103e-15,6.084022174945858e-14
1_regimeA_r4_vs_round4_code,theta3,4,0,95,2.220446049250313e-16,1.2434497875801753e-14
1_regimeA_r4_vs_round4_code,theta2,4,0,95,4.385380947269368e-15,3.5638159090467525e-14
1_regimeA_r4_vs_round4_code,theta3,4,0,96,1.3877787807814457e-16,8.43769498715119e-15
1_regimeA_r4_vs_round4_code,theta2,4,0,96,2.3314683517128287e-15,2.5979218776228663e-14
1_regimeA_r4_vs_round4_code,theta3,4,0,97,2.498001805406602e-16,6.8833827526759706e-15
1_regimeA_r4_vs_round4_code,theta2,4,0,97,7.022160630754115e-15,6.550315845288424e-14
1_regimeA_r4_vs_round4_code,theta3,4,0,98,1.5265566588595902e-16,6.328271240363392e-15
1_regimeA_r4_vs_round4_code,theta2,4,0,98,1.887379141862766e-15,5.639932965095795e-14
1_regimeA_r4_vs_round4_code,theta3,4,0,99,3.885780586188048e-16,6.439293542825908e-15
1_regimeA_r4_vs_round4_code,theta2,4,0,99,3.941291737419306e-15,7.260858581048524e-14
1_regimeA_r4_vs_round4_code,theta3,4,0,100,2.706168622523819e-16,1.4432899320127035e-14
1_regimeA_r4_vs_round4_code,theta2,4,0,100,3.9968028886505635e-15,1.8207657603852567e-14
1_regimeA_r4_vs_round4_code,theta3,4,0,101,3.3306690738754696e-16,6.439293542825908e-15
1_regimeA_r4_vs_round4_code,theta2,4,0,101,2.4980018054066022e-15,1.4654943925052066e-14
1_regimeA_r4_vs_round4_code,theta3,4,0,102,2.7755575615628914e-16,8.659739592076221e-15
1_regimeA_r4_vs_round4_code,theta2,4,0,102,7.771561172376096e-15,3.019806626980426e-14
1_regimeA_r4_vs_round4_code,theta3,4,0,103,3.3306690738754696e-16,6.106226635438361e-15
1_regimeA_r4_vs_round4_code,theta2,4,0,103,3.3861802251067274e-15,3.164135620181696e-14
1_regimeA_r4_vs_round4_code,theta3,4,0,104,1.3877787807814457e-16,6.5503158452884236e-15
1_regimeA_r4_vs_round4_code,theta2,4,0,104,5.0306980803327406e-15,4.796163466380676e-14
1_regimeA_r4_vs_round4_code,theta3,4,0,105,3.885780586188048e-16,1.1102230246251565e-14
1_regimeA_r4_vs_round4_code,theta2,4,0,105,6.966649479522857e-15,6.150635556423367e-14
1_regimeA_r4_vs_round4_code,theta3,4,0,106,2.7755575615628914e-16,6.8833827526759706e-15
1_regimeA_r4_vs_round4_code,theta2,4,0,106,7.049916206369744e-15,5.861977570020827e-14
1_regimeA_r4_vs_round4_code,theta3,4,0,107,4.440892098500626e-16,5.662137425588298e-15
1_regimeA_r4_vs_round4_code,theta2,4,0,107,2.6922908347160046e-15,2.0650148258027912e-14
1_regimeA_r4_vs_round4_code,theta3,4,0,108,4.440892098500626e-16,7.105427357601002e-15
1_regimeA_r4_vs_round4_code,theta2,4,0,108,9.103828801926284e-15,3.856914787547794e-13
1_regimeA_r4_vs_round4_code,theta3,4,0,109,1.1102230246251565e-16,5.773159728050814e-15
1_regimeA_r4_vs_round4_code,theta2,4,0,109,5.551115123125783e-15,2.5868196473766147e-13
1_regimeA_r4_vs_round4_code,theta3,4,0,110,3.885780586188048e-16,5.88418203051333e-15
1_regimeA_r4_vs_round4_code,theta2,4,0,110,1.7832957333041577e-15,2.9976021664879227e-14
1_regimeA_r4_vs_round4_code,theta3,4,0,111,1.942890293094024e-16,1.099120794378905e-14
1_regimeA_r4_vs_round4_code,theta2,4,0,111,2.9698465908722937e-15,3.6193270602780103e-14
1_regimeA_r4_vs_round4_code,theta3,4,0,112,3.608224830031759e-16,5.218048215738236e-15
1_regimeA_r4_vs_round4_code,theta2,4,0,112,3.1086244689504383e-15,5.495603971894525e-14
1_regimeA_r4_vs_round4_code,theta3,4,0,113,6.106226635438361e-16,1.0325074129013956e-14
1_regimeA_r4_vs_round4_code,theta2,4,0,113,6.106226635438361e-15,8.504308368628699e-14
1_regimeA_r4_vs_round4_code,theta3,4,0,114,4.996003610813204e-16,6.661338147750939e-15
1_regimeA_r4_vs_round4_code,theta2,4,0,114,5.10702591327572e-15,1.603162047558726e-13
1_regimeA_r4_vs_round4_code,theta3,4,0,115,2.7755575615628914e-16,1.199040866595169e-14
1_regimeA_r4_vs_round4_code,theta2,4,0,115,5.995204332975845e-15,9.769962616701378e-14
1_regimeA_r4_vs_round4_code,theta3,4,0,116,4.440892098500626e-16,3.9968028886505635e-15
1_regimeA_r4_vs_round4_code,theta2,4,0,116,1.9984014443252818e-15,4.1522341120980855e-14
1_regimeA_r4_vs_round4_code,theta3,4,0,117,3.0531133177191805e-16,1.2656542480726785e-14
1_regimeA_r4_vs_round4_code,theta2,4,0,117,3.219646771412954e-15,1.3322676295501878e-14
1_regimeA_r4_vs_round4_code,theta3,4,0,118,3.3306690738754696e-16,5.551115123125783e-15
1_regimeA_r4_vs_round4_code,theta2,4,0,118,8.215650382226158e-15,2.930988785010413e-14
1_regimeA_r4_vs_round4_code,theta3,4,0,119,4.996003610813204e-16,4.773959005888173e-15
1_regimeA_r4_vs_round4_code,theta2,4,0,119,6.994405055138486e-15,4.596323321948148e-14
1_regimeA_r4_vs_round4_code,theta3,4,0,120,2.7755575615628914e-16,7.771561172376096e-15
1_regimeA_r4_vs_round4_code,theta2,4,0,120,9.325873406851315e-15,8.326672684688674e-14
1_regimeA_r4_vs_round4_code,theta3,4,0,121,3.3306690738754696e-16,8.43769498715119e-15
1_regimeA_r4_vs_round4_code,theta2,4,0,121,2.4424906541753444e-15,6.084022174945858e-14
1_regimeA_r4_vs_round4_code,theta3,4,0,122,3.7470027081099033e-16,1.099120794378905e-14
1_regimeA_r4_vs_round4_code,theta2,4,0,122,6.38378239159465e-15,1.9206858326015208e-13
1_regimeA_r4_vs_round4_code,theta3,4,0,123,1.942890293094024e-16,1.2656542480726785e-14
1_regimeA_r4_vs_round4_code,theta2,4,0,123,1.6930901125533637e-15,3.042011087472929e-14
1_regimeA_r4_vs_round4_code,theta3,4,0,124,3.3306690738754696e-16,7.327471962526033e-15
1_regimeA_r4_vs_round4_code,theta2,4,0,124,7.66053886991358e-15,4.796163466380676e-14
1_regimeA_r4_vs_round4_code,theta3,4,0,125,3.885780586188048e-16,9.103828801926284e-15
1_regimeA_r4_vs_round4_code,theta2,4,0,125,8.326672684688674e-15,7.460698725481052e-14
1_regimeA_r4_vs_round4_code,theta3,4,0,126,1.1102230246251565e-16,4.6629367034256575e-15
1_regimeA_r4_vs_round4_code,theta2,4,0,126,2.3314683517128287e-15,3.019806626980426e-14
1_regimeA_r4_vs_round4_code,theta3,4,0,127,1.249000902703301e-16,5.551115123125783e-15
1_regimeA_r4_vs_round4_code,theta2,4,0,127,2.6922908347160046e-15,3.4861002973229915e-14
1_regimeA_r4_vs_round4_code,theta3,4,0,128,3.0531133177191805e-16,6.8833827526759706e-15
1_regimeA_r4_vs_round4_code,theta2,4,0,128,7.605027718682322e-15,1.7474910407599964e-13
1_regimeA_r4_vs_round4_code,theta3,4,0,129,3.3306690738754696e-16,3.552713678800501e-15
1_regimeA_r4_vs_round4_code,theta2,4,0,129,6.439293542825908e-15,1.3011813848606835e-13
1_regimeA_r4_vs_round4_code,theta3,4,0,130,2.7755575615628914e-16,7.105427357601002e-15
1_regimeA_r4_vs_round4_code,theta2,4,0,130,7.438494264988549e-15,4.807265696626928e-14
1_regimeA_r4_vs_round4_code,theta3,4,0,131,1.1102230246251565e-16,3.9968028886505635e-15
1_regimeA_r4_vs_round4_code,theta2,4,0,131,2.4980018054066022e-15,2.5091040356528538e-14
1_regimeA_r4_vs_round4_code,theta3,4,0,132,3.3306690738754696e-16,1.021405182655144e-14
1_regimeA_r4_vs_round4_code,theta2,4,0,132,8.215650382226158e-15,7.283063041541027e-14
1_regimeA_r4_vs_round4_code,theta3,4,0,133,3.885780586188048e-16,4.6629367034256575e-15
1_regimeA_r4_vs_round4_code,theta2,4,0,133,3.941291737419306e-15,4.6851411639181606e-14
1_regimeA_r4_vs_round4_code,theta3,4,0,134,2.7755575615628914e-16,7.549516567451064e-15
1_regimeA_r4_vs_round4_code,theta2,4,0,134,8.881784197001252e-15,1.1879386363489175e-13
1_regimeA_r4_vs_round4_code,theta3,4,0,135,5.551115123125783e-16,5.88418203051333e-15
1_regimeA_r4_vs_round4_code,theta2,4,0,135,6.938893903907228e-15,5.240252676230739e-14
1_regimeA_r4_vs_round4_code,theta3,4,0,136,3.885780586188048e-16,5.995204332975845e-15
1_regimeA_r4_vs_round4_code,theta2,4,0,136,2.7755575615628914e-15,4.1522341120980855e-14
1_regimeA_r4_vs_round4_code,theta3,4,0,137,2.498001805406602e-16,7.327471962526033e-15
1_regimeA_r4_vs_round4_code,theta2,4,0,137,6.800116025829084e-15,7.549516567451064e-14
1_regimeA_r4_vs_round4_code,theta3,4,0,138,3.885780586188048e-16,1.1102230246251565e-14
1_regimeA_r4_vs_round4_code,theta2,4,0,138,7.646661082105766e-15,8.104628079763643e-14
1_regimeA_r4_vs_round4_code,theta3,4,0,139,6.661338147750939e-16,4.9960036108132044e-15
1_regimeA_r4_vs_round4_code,theta2,4,0,139,6.994405055138486e-15,5.3290705182007514e-14
1_regimeA_r4_vs_round4_code,theta3,4,0,140,3.885780586188048e-16,6.328271240363392e-15
1_regimeA_r4_vs_round4_code,theta2,4,0,140,7.93809462606987e-15,4.063416270128073e-14
1_regimeA_r4_vs_round4_code,theta3,4,0,141,2.498001805406602e-16,4.3298697960381105e-15
1_regimeA_r4_vs_round4_code,theta2,4,0,141,1.1934897514720433e-15,3.5083047578154947e-14
1_regimeA_r4_vs_round4_code,theta3,4,0,142,2.220446049250313e-16,1.5432100042289676e-14
1_regimeA_r4_vs_round4_code,theta2,4,0,142,1.7763568394002505e-15,2.19824158875781e-14
1_regimeA_r4_vs_round4_code,theta3,4,0,143,2.7755575615628914e-16,7.882583474838611e-15
1_regimeA_r4_vs_round4_code,theta2,4,0,143,7.438494264988549e-15,3.2862601528904634e-14
1_regimeA_r4_vs_round4_code,theta3,4,0,144,3.400058012914542e-16,8.215650382226158e-15
1_regimeA_r4_vs_round4_code,theta2,4,0,144,7.494005416219807e-15,1.0613732115416497e-13
1_regimeA_r4_vs_round4_code,theta3,4,0,145,3.0531133177191805e-16,6.8833827526759706e-15
1_regimeA_r4_vs_round4_code,theta2,4,0,145,8.992806499463768e-15,5.3290705182007514e-14
1_regimeA_r4_vs_round4_code,theta3,4,0,146,3.191891195797325e-16,1.4432899320127035e-14
1_regimeA_r4_vs_round4_code,theta2,4,0,146,4.468647674116255e-15,1.2967404927621828e-13
1_regimeA_r4_vs_round4_code,theta3,4,0,147,3.885780586188048e-16,9.547918011776346e-15
1_regimeA_r4_vs_round4_code,theta2,4,0,147,5.773159728050814e-15,7.127631818093505e-14
1_regimeA_r4_vs_round4_code,theta3,4,0,148,3.885780586188048e-16,3.552713678800501e-15
1_regimeA_r4_vs_round4_code,theta2,4,0,148,5.717648576819556e-15,3.9968028886505635e-14
1_regimeA_r4_vs_round4_code,theta3,4,0,149,1.8041124150158794e-16,1.3211653993039363e-14
1_regimeA_r4_vs_round4_code,theta2,4,0,149,2.609024107869118e-15,5.828670879282072e-14
1_regimeA_r4_vs_round4_code,theta3,4,0,150,3.885780586188048e-16,9.103828801926284e-15
1_regimeA_r4_vs_round4_code,theta2,4,0,150,6.328271240363392e-15,1.1368683772161603e-13
1_regimeA_r4_vs_round4_code,theta3,4,0,151,3.608224830031759e-16,7.993605777301127e-15
1_regimeA_r4_vs_round4_code,theta2,4,0,151,2.9837243786801082e-15,2.653433028854124e-14
1_regimeA_r4_vs_round4_code,theta3,4,0,152,2.7755575615628914e-16,1.199040866595169e-14
1_regimeA_r4_vs_round4_code,theta2,4,0,152,4.274358644806853e-15,6.017408793468348e-14
1_regimeA_r4_vs_round4_code,theta3,4,0,153,2.914335439641036e-16,9.992007221626409e-15
1_regimeA_r4_vs_round4_code,theta2,4,0,153,3.4139358007223564e-15,1.2367884494324244e-13
1_regimeA_r4_vs_round4_code,theta3,4,0,154,2.3592239273284576e-16,9.103828801926284e-15
1_regimeA_r4_vs_round4_code,theta2,4,0,154,5.995204332975845e-15,2.473576898864849e-13
1_regimeA_r4_vs_round4_code,theta3,4,0,155,3.885780586188048e-16,5.995204332975845e-15
1_regimeA_r4_vs_round4_code,theta2,4,0,155,3.3306690738754696e-15,4.785061236134425e-14
1_regimeA_r4_vs_round4_code,theta3,4,0,156,1.942890293094024e-16,5.551115123125783e-15
1_regimeA_r4_vs_round4_code,theta2,4,0,156,3.1086244689504383e-15,4.141131881851834e-14
1_regimeA_r4_vs_round4_code,theta3,4,0,157,2.220446049250313e-16,5.551115123125783e-15
1_regimeA_r4_vs_round4_code,theta2,4,0,157,7.93809462606987e-15,9.525713551283843e-14
1_regimeA_r4_vs_round4_code,theta3,4,0,158,3.608224830031759e-16,5.773159728050814e-15
1_regimeA_r4_vs_round4_code,theta2,4,0,158,3.3306690738754696e-15,3.863576125695545e-14
1_regimeA_r4_vs_round4_code,theta3,4,0,159,3.885780586188048e-16,3.4416913763379853e-15
1_regimeA_r4_vs_round4_code,theta2,4,0,159,2.220446049250313e-15,3.4638958368304884e-14
1_regimeA_r4_vs_round4_code,theta3,4,0,160,3.469446951953614e-16,9.103828801926284e-15
1_regimeA_r4_vs_round4_code,theta2,4,0,160,7.105427357601002e-15,2.8110846983508964e-13
1_regimeA_r4_vs_round4_code,theta3,4,0,161,3.3306690738754696e-16,7.549516567451064e-15
1_regimeA_r4_vs_round4_code,theta2,4,0,161,6.217248937900877e-15,1.0325074129013956e-13
1_regimeA_r4_vs_round4_code,theta3,4,0,162,3.885780586188048e-16,3.9968028886505635e-15
1_regimeA_r4_vs_round4_code,theta2,4,0,162,3.1086244689504383e-15,2.986499936241671e-14
1_regimeA_r4_vs_round4_code,theta3,4,0,163,2.7755575615628914e-16,1.0880185641326534e-14
1_regimeA_r4_vs_round4_code,theta2,4,0,163,2.886579864025407e-15,5.1958437552457326e-14
1_regimeA_r4_vs_round4_code,theta3,4,0,164,1.5265566588595902e-16,5.662137425588298e-15
1_regimeA_r4_vs_round4_code,theta2,4,0,164,2.55351295663786e-15,3.219646771412954e-14
1_regimeA_r4_vs_round4_code,theta3,4,0,165,5.551115123125783e-16,4.551914400963142e-15
1_regimeA_r4_vs_round4_code,theta2,4,0,165,9.603429163007604e-15,1.1590728377086634e-13
1_regimeA_r4_vs_round4_code,theta3,4,0,166,1.1102230246251565e-16,5.773159728050814e-15
1_regimeA_r4_vs_round4_code,theta2,4,0,166,4.829470157119431e-15,1.5654144647214707e-14
1_regimeA_r4_vs_round4_code,theta3,4,0,167,3.885780586188048e-16,8.881784197001252e-15
1_regimeA_r4_vs_round4_code,theta2,4,0,167,9.048317650695026e-15,1.9750867608081535e-13
1_regimeA_r4_vs_round4_code,theta3,4,0,168,4.440892098500626e-16,9.992007221626409e-15
1_regimeA_r4_vs_round4_code,theta2,4,0,168,6.106226635438361e-15,9.670042544485113e-14
1_regimeA_r4_vs_round4_code,theta3,4,0,169,6.106226635438361e-16,5.329070518200751e-15
1_regimeA_r4_vs_round4_code,theta2,4,0,169,7.882583474838611e-15,7.460698725481052e-14
1_regimeA_r4_vs_round4_code,theta3,4,0,170,1.942890293094024e-16,6.217248937900877e-15
1_regimeA_r4_vs_round4_code,theta2,4,0,170,6.8833827526759706e-15,1.5898393712632242e-13
1_regimeA_r4_vs_round4_code,theta3,4,0,171,3.0531133177191805e-16,7.105427357601002e-15
1_regimeA_r4_vs_round4_code,theta2,4,0,171,3.1363800445660672e-15,7.560618797697316e-14
1_regimeA_r4_vs_round4_code,theta3,4,0,172,2.7755575615628914e-16,6.106226635438361e-15
1_regimeA_r4_vs_round4_code,theta2,4,0,172,1.970645868709653e-15,3.430589146091734e-14
1_regimeA_r4_vs_round4_code,theta3,4,0,173,3.3306690738754696e-16,3.774758283725532e-15
1_regimeA_r4_vs_round4_code,theta2,4,0,173,2.6645352591003757e-15,2.55351295663786e-14
1_regimeA_r4_vs_round4_code,theta3,4,0,174,3.608224830031759e-16,4.884981308350689e-15
1_regimeA_r4_vs_round4_code,theta2,4,0,174,3.552713678800501e-15,3.5083047578154947e-14
1_regimeA_r4_vs_round4_code,theta3,4,0,175,2.7755575615628914e-16,5.773159728050814e-15
1_regimeA_r4_vs_round4_code,theta2,4,0,175,7.993605777301127e-15,9.57012247226885e-14
1_regimeA_r4_vs_round4_code,theta3,4,0,176,3.3306690738754696e-16,1.0436096431476471e-14
1_regimeA_r4_vs_round4_code,theta2,4,0,176,2.9698465908722937e-15,3.352873534367973e-14
1_regimeA_r4_vs_round4_code,theta3,4,0,177,1.942890293094024e-16,3.9968028886505635e-15
1_regimeA_r4_vs_round4_code,theta2,4,0,177,2.55351295663786e-15,3.630429290524262e-14
1_regimeA_r4_vs_round4_code,theta3,4,0,178,3.608224830031759e-16,5.551115123125783e-15
1_regimeA_r4_vs_round4_code,theta2,4,0,178,3.8441472227646045e-15,3.941291737419306e-14
1_regimeA_r4_vs_round4_code,theta3,4,0,179,2.7755575615628914e-16,1.0436096431476471e-14
1_regimeA_r4_vs_round4_code,theta2,4,0,179,9.103828801926284e-15,8.215650382226158e-14
1_regimeA_r4_vs_round4_code,theta3,4,0,180,1.942890293094024e-16,2.0650148258027912e-14
1_regimeA_r4_vs_round4_code,theta2,4,0,180,2.9698465908722937e-15,2.7200464103316335e-14
1_regimeA_r4_vs_round4_code,theta3,4,0,181,3.3306690738754696e-16,1.4432899320127035e-14
1_regimeA_r4_vs_round4_code,theta2,4,0,181,5.551115123125783e-15,1.0891287871572786e-13
1_regimeA_r4_vs_round4_code,theta3,4,0,182,3.608224830031759e-16,1.6986412276764895e-14
1_regimeA_r4_vs_round4_code,theta2,4,0,182,5.440092820663267e-15,9.836575998178887e-14
1_regimeA_r4_vs_round4_code,theta3,4,0,183,3.885780586188048e-16,7.105427357601002e-15
1_regimeA_r4_vs_round4_code,theta2,4,0,183,4.829470157119431e-15,5.162537064506978e-14
1_regimeA_r4_vs_round4_code,theta3,4,0,184,2.220446049250313e-16,5.995204332975845e-15
1_regimeA_r4_vs_round4_code,theta2,4,0,184,2.9976021664879227e-15,2.8477220581635265e-13
1_regimeA_r4_vs_round4_code,theta3,4,0,185,2.7755575615628914e-16,5.995204332975845e-15
1_regimeA_r4_vs_round4_code,theta2,4,0,185,6.238065619612598e-15,6.372680161348399e-14
1_regimeA_r4_vs_round4_code,theta3,4,0,186,3.3306690738754696e-16,2.2426505097428162e-14
1_regimeA_r4_vs_round4_code,theta2,4,0,186,4.933553565678039e-15,9.825473767932635e-14
1_regimeA_r4_vs_round4_code,theta3,4,0,187,4.0245584642661925e-16,9.325873406851315e-15
1_regimeA_r4_vs_round4_code,theta2,4,0,187,5.065392549852277e-15,7.682743330406083e-14
1_regimeA_r4_vs_round4_code,theta3,4,0,188,3.3306690738754696e-16,4.773959005888173e-15
1_regimeA_r4_vs_round4_code,theta2,4,0,188,2.7478019859472624e-15,2.7422508708241367e-14
1_regimeA_r4_vs_round4_code,theta3,4,0,189,3.3306690738754696e-16,7.327471962526033e-15
1_regimeA_r4_vs_round4_code,theta2,4,0,189,6.661338147750939e-15,6.572520305780927e-14
1_regimeA_r4_vs_round4_code,theta3,4,0,190,2.220446049250313e-16,2.6201263381153694e-14
1_regimeA_r4_vs_round4_code,theta2,4,0,190,1.8318679906315083e-15,3.352873534367973e-14
1_regimeA_r4_vs_round4_code,theta3,4,0,191,3.885780586188048e-16,5.329070518200751e-15
1_regimeA_r4_vs_round4_code,theta2,4,0,191,4.218847493575595e-15,1.887379141862766e-14
1_regimeA_r4_vs_round4_code,theta3,4,0,192,3.885780586188048e-16,3.885780586188048e-15
1_regimeA_r4_vs_round4_code,theta2,4,0,192,2.9976021664879227e-15,1.554312234475219e-14
1_regimeA_r4_vs_round4_code,theta3,4,0,193,3.469446951953614e-16,8.548717289613705e-15
1_regimeA_r4_vs_round4_code,theta2,4,0,193,4.232725281383409e-15,4.3076653355456074e-14
1_regimeA_r4_vs_round4_code,theta3,4,0,194,1.942890293094024e-16,7.771561172376096e-15
1_regimeA_r4_vs_round4_code,theta2,4,0,194,7.271960811294775e-15,2.6845192735436285e-13
1_regimeA_r4_vs_round4_code,theta3,4,0,195,3.885780586188048e-16,4.551914400963142e-15
1_regimeA_r4_vs_round4_code,theta2,4,0,195,3.0253577421035516e-15,4.785061236134425e-14
1_regimeA_r4_vs_round4_code,theta3,4,0,196,3.885780586188048e-16,6.8833827526759706e-15
1_regimeA_r4_vs_round4_code,theta2,4,0,196,6.13398221105399e-15,1.3278267374516872e-13
1_regimeA_r4_vs_round4_code,theta3,4,0,197,1.942890293094024e-16,3.9968028886505635e-15
1_regimeA_r4_vs_round4_code,theta2,4,0,197,5.856426454897701e-15,1.192379528447418e-13
1_regimeA_r4_vs_round4_code,theta3,4,0,198,4.996003610813204e-16,3.774758283725532e-15
1_regimeA_r4_vs_round4_code,theta2,4,0,198,5.6066262743570405e-15,9.880984919163893e-14
1_regimeA_r4_vs_round4_code,theta3,4,0,199,2.498001805406602e-16,5.329070518200751e-15
1_regimeA_r4_vs_round4_code,theta2,4,0,199,7.327471962526033e-15,3.1308289294429414e-14
1_regimeA_r4_vs_round4_code,theta3,6,0,0,2.636779683484747e-16,9.547918011776346e-15
1_regimeA_r4_vs_round4_code,theta2,6,0,0,4.801714581503802e-15,5.46229728115577e-14
1_regimeA_r4_vs_round4_code,theta3,6,0,1,3.0531133177191805e-16,2.731148640577885e-14
1_regimeA_r4_vs_round4_code,theta2,6,0,1,3.83026943495679e-15,1.1546319456101628e-13
1_regimeA_r4_vs_round4_code,theta3,6,0,2,3.885780586188048e-16,7.66053886991358e-15
1_regimeA_r4_vs_round4_code,theta2,6,0,2,4.829470157119431e-15,4.196643033083092e-14
1_regimeA_r4_vs_round4_code,theta3,6,0,3,4.440892098500626e-16,8.548717289613705e-15
1_regimeA_r4_vs_round4_code,theta2,6,0,3,5.551115123125783e-15,2.7977620220553945e-14
1_regimeA_r4_vs_round4_code,theta3,6,0,4,2.3592239273284576e-16,7.549516567451064e-15
1_regimeA_r4_vs_round4_code,theta2,6,0,4,4.884981308350689e-15,4.773959005888173e-14
1_regimeA_r4_vs_round4_code,theta3,6,0,5,3.608224830031759e-16,5.10702591327572e-15
1_regimeA_r4_vs_round4_code,theta2,6,0,5,4.884981308350689e-15,4.085620730620576e-14
1_regimeA_r4_vs_round4_code,theta3,6,0,6,2.914335439641036e-16,8.215650382226158e-15
1_regimeA_r4_vs_round4_code,theta2,6,0,6,3.83026943495679e-15,5.384581669432009e-14
1_regimeA_r4_vs_round4_code,theta3,6,0,7,2.7755575615628914e-16,1.0325074129013956e-14
1_regimeA_r4_vs_round4_code,theta2,6,0,7,4.7531423241764514e-15,1.1657341758564144e-13
1_regimeA_r4_vs_round4_code,theta3,6,0,8,2.0816681711721685e-16,1.432187701766452e-14
1_regimeA_r4_vs_round4_code,theta2,6,0,8,3.7192471324942744e-15,5.306866057708248e-14
1_regimeA_r4_vs_round4_code,theta3,6,0,9,2.7755575615628914e-16,1.021405182655144e-14
1_regimeA_r4_vs_round4_code,theta2,6,0,9,3.635980405647388e-15,8.08242361927114e-14
1_regimeA_r4_vs_round4_code,theta3,6,0,10,4.440892098500626e-16,8.43769498715119e-15
1_regimeA_r4_vs_round4_code,theta2,6,0,10,5.162537064506978e-15,1.326716514427062e-13
1_regimeA_r4_vs_round4_code,theta3,6,0,11,2.7755575615628914e-16,7.771561172376096e-15
1_regimeA_r4_vs_round4_code,theta2,6,0,11,3.3861802251067274e-15,8.615330671091215e-14
1_regimeA_r4_vs_round4_code,theta3,6,0,12,2.7755575615628914e-16,8.881784197001252e-15
1_regimeA_r4_vs_round4_code,theta2,6,0,12,4.829470157119431e-15,7.394085344003543e-14
1_regimeA_r4_vs_round4_code,theta3,6,0,13,4.996003610813204e-16,6.439293542825908e-15
1_regimeA_r4_vs_round4_code,theta2,6,0,13,4.066191827689636e-15,6.572520305780927e-14
1_regimeA_r4_vs_round4_code,theta3,6,0,14,3.3306690738754696e-16,9.992007221626409e-15
1_regimeA_r4_vs_round4_code,theta2,6,0,14,4.884981308350689e-15,4.596323321948148e-14
1_regimeA_r4_vs_round4_code,theta3,6,0,15,2.42861286636753e-16,7.105427357601002e-15
1_regimeA_r4_vs_round4_code,theta2,6,0,15,4.274358644806853e-15,3.4861002973229915e-14
1_regimeA_r4_vs_round4_code,theta3,6,0,16,3.608224830031759e-16,1.4876988529977098e-14
1_regimeA_r4_vs_round4_code,theta2,6,0,16,2.6645352591003757e-15,3.1530333899354446e-14
1_regimeA_r4_vs_round4_code,theta3,6,0,17,2.914335439641036e-16,7.327471962526033e-15
1_regimeA_r4_vs_round4_code,theta2,6,0,17,3.9968028886505635e-15,3.341771304121721e-14
1_regimeA_r4_vs_round4_code,theta3,6,0,18,5.551115123125783e-16,6.439293542825908e-15
1_regimeA_r4_vs_round4_code,theta2,6,0,18,3.6637359812630166e-15,4.596323321948148e-14
1_regimeA_r4_vs_round4_code,theta3,6,0,19,2.636779683484747e-16,7.327471962526033e-15
1_regimeA_r4_vs_round4_code,theta2,6,0,19,4.829470157119431e-15,4.118927421359331e-14
1_regimeA_r4_vs_round4_code,theta3,6,0,20,3.0531133177191805e-16,9.2148511043888e-15
1_regimeA_r4_vs_round4_code,theta2,6,0,20,3.885780586188048e-15,3.552713678800501e-14
1_regimeA_r4_vs_round4_code,theta3,6,0,21,2.8622937353617317e-16,1.0436096431476471e-14
1_regimeA_r4_vs_round4_code,theta2,6,0,21,3.552713678800501e-15,4.0190073491430667e-14
1_regimeA_r4_vs_round4_code,theta3,6,0,22,4.440892098500626e-16,8.104628079763643e-15
1_regimeA_r4_vs_round4_code,theta2,6,0,22,3.733124920302089e-15,3.164135620181696e-14
1_regimeA_r4_vs_round4_code,theta3,6,0,23,2.7755575615628914e-16,7.327471962526033e-15
1_regimeA_r4_vs_round4_code,theta2,6,0,23,2.581268532253489e-15,3.2529534621517087e-14
1_regimeA_r4_vs_round4_code,theta3,6,0,24,3.608224830031759e-16,1.3100631690576847e-14
1_regimeA_r4_vs_round4_code,theta2,6,0,24,4.440892098500626e-15,6.217248937900877e-14
1_regimeA_r4_vs_round4_code,theta3,6,0,25,4.718447854656915e-16,6.328271240363392e-15
1_regimeA_r4_vs_round4_code,theta2,6,0,25,4.884981308350689e-15,5.062616992290714e-14
1_regimeA_r4_vs_round4_code,theta3,6,0,26,2.3592239273284576e-16,7.327471962526033e-15
1_regimeA_r4_vs_round4_code,theta2,6,0,26,3.3861802251067274e-15,9.170442183403793e-14
1_regimeA_r4_vs_round4_code,theta3,6,0,27,2.7755575615628914e-16,7.216449660063518e-15
1_regimeA_r4_vs_round4_code,theta2,6,0,27,4.440892098500626e-15,3.4083846855992306e-14
1_regimeA_r4_vs_round4_code,theta3,6,0,28,1.942890293094024e-16,7.549516567451064e-15
1_regimeA_r4_vs_round4_code,theta2,6,0,28,4.496403249731884e-15,2.8199664825478976e-14
1_regimeA_r4_vs_round4_code,theta3,6,0,29,4.440892098500626e-16,1.0325074129013956e-14
1_regimeA_r4_vs_round4_code,theta2,6,0,29,2.4424906541753444e-15,2.2870594307278225e-14
1_regimeA_r4_vs_round4_code,theta3,6,0,30,2.7755575615628914e-16,1.4876988529977098e-14
1_regimeA_r4_vs_round4_code,theta2,6,0,30,3.4416913763379853e-15,3.3084646133829665e-14
1_regimeA_r4_vs_round4_code,theta3,6,0,31,3.885780586188048e-16,1.5432100042289676e-14
1_regimeA_r4_vs_round4_code,theta2,6,0,31,4.9404924595819466e-15,9.614531393253856e-14
1_regimeA_r4_vs_round4_code,theta3,6,0,32,3.3306690738754696e-16,6.217248937900877e-15
1_regimeA_r4_vs_round4_code,theta2,6,0,32,2.1996293675385914e-15,2.5646151868841116e-14
1_regimeA_r4_vs_round4_code,theta3,6,0,33,3.0531133177191805e-16,2.353672812205332e-14
1_regimeA_r4_vs_round4_code,theta2,6,0,33,5.037636974236648e-15,7.016609515630989e-14
1_regimeA_r4_vs_round4_code,theta3,6,0,34,2.220446049250313e-16,5.88418203051333e-15
1_regimeA_r4_vs_round4_code,theta2,6,0,34,3.3306690738754696e-15,2.7533531010703882e-14
1_regimeA_r4_vs_round4_code,theta3,6,0,35,3.885780586188048e-16,8.548717289613705e-15
1_regimeA_r4_vs_round4_code,theta2,6,0,35,3.0531133177191805e-15,1.587618925213974e-14
1_regimeA_r4_vs_round4_code,theta3,6,0,36,2.3592239273284576e-16,1.0325074129013956e-14
1_regimeA_r4_vs_round4_code,theta2,6,0,36,4.773959005888173e-15,5.795364188543317e-14
1_regimeA_r4_vs_round4_code,theta3,6,0,37,2.7755575615628914e-16,9.769962616701378e-15
1_regimeA_r4_vs_round4_code,theta2,6,0,37,4.718447854656915e-15,3.574918139293004e-14
1_regimeA_r4_vs_round4_code,theta3,6,0,38,2.7755575615628914e-16,6.994405055138486e-15
1_regimeA_r4_vs_round4_code,theta2,6,0,38,3.8719027983802334e-15,8.781864124784988e-14
1_regimeA_r4_vs_round4_code,theta3,6,0,39,4.163336342344337e-16,1.1324274851176597e-14
1_regimeA_r4_vs_round4_code,theta2,6,0,39,4.052314039881821e-15,7.704947790898586e-14
1_regimeA_r4_vs_round4_code,theta3,6,0,40,3.469446951953614e-16,6.439293542825908e-15
1_regimeA_r4_vs_round4_code,theta2,6,0,40,4.524158825347513e-15,4.2521541843143495e-14
1_regimeA_r4_vs_round4_code,theta3,6,0,41,3.0531133177191805e-16,6.217248937900877e-15
1_regimeA_r4_vs_round4_code,theta2,6,0,41,3.497202527569243e-15,3.752553823233029e-14
1_regimeA_r4_vs_round4_code,theta3,6,0,42,4.718447854656915e-16,1.2212453270876722e-14
1_regimeA_r4_vs_round4_code,theta2,6,0,42,3.9968028886505635e-15,5.46229728115577e-14
1_regimeA_r4_vs_round4_code,theta3,6,0,43,2.498001805406602e-16,6.217248937900877e-15
1_regimeA_r4_vs_round4_code,theta2,6,0,43,4.760081218080359e-15,2.6867397195928788e-14
1_regimeA_r4_vs_round4_code,theta3,6,0,44,3.0531133177191805e-16,1.0436096431476471e-14
1_regimeA_r4_vs_round4_code,theta2,6,0,44,4.218847493575595e-15,4.729550084903167e-14
1_regimeA_r4_vs_round4_code,theta3,6,0,45,3.191891195797325e-16,7.882583474838611e-15
1_regimeA_r4_vs_round4_code,theta2,6,0,45,4.218847493575595e-15,3.6415315207705135e-14
1_regimeA_r4_vs_round4_code,theta3,6,0,46,2.220446049250313e-16,7.771561172376096e-15
1_regimeA_r4_vs_round4_code,theta2,6,0,46,2.1649348980190553e-15,2.6201263381153694e-14
1_regimeA_r4_vs_round4_code,theta3,6,0,47,3.608224830031759e-16,8.881784197001252e-15
1_regimeA_r4_vs_round4_code,theta2,6,0,47,3.885780586188048e-15,1.241229341530925e-13
1_regimeA_r4_vs_round4_code,theta3,6,0,48,3.0531133177191805e-16,6.328271240363392e-15
1_regimeA_r4_vs_round4_code,theta2,6,0,48,1.3322676295501878e-15,3.952393967665557e-14
1_regimeA_r4_vs_round4_code,theta3,6,0,49,2.914335439641036e-16,1.2878587085651816e-14
1_regimeA_r4_vs_round4_code,theta2,6,0,49,6.439293542825908e-15,5.084821452783217e-14
1_regimeA_r4_vs_round4_code,theta3,6,0,50,3.0531133177191805e-16,8.659739592076221e-15
1_regimeA_r4_vs_round4_code,theta2,6,0,50,4.6629367034256575e-15,9.00390872971002e-14
1_regimeA_r4_vs_round4_code,theta3,6,0,51,2.7755575615628914e-16,1.021405182655144e-14
1_regimeA_r4_vs_round4_code,theta2,6,0,51,4.6629367034256575e-15,5.062616992290714e-14
1_regimeA_r4_vs_round4_code,theta3,6,0,52,3.608224830031759e-16,1.099120794378905e-14
1_regimeA_r4_vs_round4_code,theta2,6,0,52,4.746203430272544e-15,6.639133687258436e-14
1_regimeA_r4_vs_round4_code,theta3,6,0,53,2.7755575615628914e-16,4.440892098500626e-15
1_regimeA_r4_vs_round4_code,theta2,6,0,53,5.717648576819556e-15,4.773959005888173e-14
1_regimeA_r4_vs_round4_code,theta3,6,0,54,2.636779683484747e-16,4.3298697960381105e-15
1_regimeA_r4_vs_round4_code,theta2,6,0,54,2.753006156375193e-15,1.532107773982716e-14
1_regimeA_r4_vs_round4_code,theta3,6,0,55,2.636779683484747e-16,7.993605777301127e-15
1_regimeA_r4_vs_round4_code,theta2,6,0,55,3.982925100842749e-15,6.261657858885883e-14
1_regimeA_r4_vs_round4_code,theta3,6,0,56,2.7755575615628914e-16,1.1546319456101628e-14
1_regimeA_r4_vs_round4_code,theta2,6,0,56,4.524158825347513e-15,8.215650382226158e-14
1_regimeA_r4_vs_round4_code,theta3,6,0,57,3.0531133177191805e-16,3.11972669919669e-14
1_regimeA_r4_vs_round4_code,theta2,6,0,57,2.0261570199409107e-15,2.7977620220553945e-14
1_regimeA_r4_vs_round4_code,theta3,6,0,58,1.942890293094024e-16,6.217248937900877e-15
1_regimeA_r4_vs_round4_code,theta2,6,0,58,2.1094237467877974e-15,2.653433028854124e-14
1_regimeA_r4_vs_round4_code,theta3,6,0,59,3.0531133177191805e-16,1.7763568394002505e-14
1_regimeA_r4_vs_round4_code,theta2,6,0,59,6.38378239159465e-15,5.88418203051333e-14
1_regimeA_r4_vs_round4_code,theta3,6,0,60,1.942890293094024e-16,9.2148511043888e-15
1_regimeA_r4_vs_round4_code,theta2,6,0,60,3.4416913763379853e-15,3.885780586188048e-14
1_regimeA_r4_vs_round4_code,theta3,6,0,61,1.6653345369377348e-16,5.773159728050814e-15
1_regimeA_r4_vs_round4_code,theta2,6,0,61,4.135580766728708e-15,9.126033262418787e-14
1_regimeA_r4_vs_round4_code,theta3,6,0,62,2.7755575615628914e-16,8.548717289613705e-15
1_regimeA_r4_vs_round4_code,theta2,6,0,62,2.886579864025407e-15,3.042011087472929e-14
1_regimeA_r4_vs_round4_code,theta3,6,0,63,4.163336342344337e-16,9.43689570931383e-15
1_regimeA_r4_vs_round4_code,theta2,6,0,63,4.6629367034256575e-15,5.140332604014475e-14
1_regimeA_r4_vs_round4_code,theta3,6,0,64,2.498001805406602e-16,8.992806499463768e-15
1_regimeA_r4_vs_round4_code,theta2,6,0,64,3.3861802251067274e-15,2.3314683517128287e-14
1_regimeA_r4_vs_round4_code,theta3,6,0,65,2.706168622523819e-16,5.551115123125783e-15
1_regimeA_r4_vs_round4_code,theta2,6,0,65,3.3306690738754696e-15,1.7985612998927536e-14
1_regimeA_r4_vs_round4_code,theta3,6,0,66,2.0816681711721685e-16,5.995204332975845e-15
1_regimeA_r4_vs_round4_code,theta2,6,0,66,2.4980018054066022e-15,6.8833827526759706e-15
1_regimeA_r4_vs_round4_code,theta3,6,0,67,2.7929047963226594e-16,7.327471962526033e-15
1_regimeA_r4_vs_round4_code,theta2,6,0,67,2.7755575615628914e-15,2.4868995751603507e-14
1_regimeA_r4_vs_round4_code,theta3,6,0,68,2.220446049250313e-16,1.021405182655144e-14
1_regimeA_r4_vs_round4_code,theta2,6,0,68,5.717648576819556e-15,3.5083047578154947e-14
1_regimeA_r4_vs_round4_code,theta3,6,0,69,2.7755575615628914e-16,9.547918011776346e-15
1_regimeA_r4_vs_round4_code,theta2,6,0,69,5.065392549852277e-15,5.728750807065808e-14
1_regimeA_r4_vs_round4_code,theta3,6,0,70,2.7755575615628914e-16,9.325873406851315e-15
1_regimeA_r4_vs_round4_code,theta2,6,0,70,4.3298697960381105e-15,5.3734794391857577e-14
1_regimeA_r4_vs_round4_code,theta3,6,0,71,2.220446049250313e-16,7.327471962526033e-15
1_regimeA_r4_vs_round4_code,theta2,6,0,71,4.3298697960381105e-15,5.062616992290714e-14
1_regimeA_r4_vs_round4_code,theta3,6,0,72,5.551115123125783e-16,6.439293542825908e-15
1_regimeA_r4_vs_round4_code,theta2,6,0,72,3.885780586188048e-15,1.0458300891968975e-13
1_regimeA_r4_vs_round4_code,theta3,6,0,73,2.220446049250313e-16,6.439293542825908e-15
1_regimeA_r4_vs_round4_code,theta2,6,0,73,2.609024107869118e-15,1.9317880628477724e-14
1_regimeA_r4_vs_round4_code,theta3,6,0,74,3.3306690738754696e-16,7.438494264988549e-15
1_regimeA_r4_vs_round4_code,theta2,6,0,74,4.496403249731884e-15,4.263256414560601e-14
1_regimeA_r4_vs_round4_code,theta3,6,0,75,4.440892098500626e-16,8.43769498715119e-15
1_regimeA_r4_vs_round4_code,theta2,6,0,75,6.661338147750939e-15,7.149836278586008e-14
1_regimeA_r4_vs_round4_code,theta3,6,0,76,3.3306690738754696e-16,1.199040866595169e-14
1_regimeA_r4_vs_round4_code,theta2,6,0,76,7.549516567451064e-15,1.0103029524088925e-13
1_regimeA_r4_vs_round4_code,theta3,6,0,77,3.0531133177191805e-16,9.547918011776346e-15
1_regimeA_r4_vs_round4_code,theta2,6,0,77,4.413136522884997e-15,2.55351295663786e-14
1_regimeA_r4_vs_round4_code,theta3,6,0,78,1.942890293094024e-16,4.551914400963142e-15
1_regimeA_r4_vs_round4_code,theta2,6,0,78,8.326672684688674e-15,2.0872192862952943e-14
1_regimeA_r4_vs_round4_code,theta3,6,0,79,3.608224830031759e-16,7.216449660063518e-15
1_regimeA_r4_vs_round4_code,theta2,6,0,79,4.718447854656915e-15,3.26405569239796e-14
1_regimeA_r4_vs_round4_code,theta3,6,0,80,2.7755575615628914e-16,6.439293542825908e-15
1_regimeA_r4_vs_round4_code,theta2,6,0,80,2.4980018054066022e-15,3.5083047578154947e-14
1_regimeA_r4_vs_round4_code,theta3,6,0,81,3.608224830031759e-16,2.6423307986078726e-14
1_regimeA_r4_vs_round4_code,theta2,6,0,81,5.440092820663267e-15,1.0036416142611415e-13
1_regimeA_r4_vs_round4_code,theta3,6,0,82,3.3306690738754696e-16,6.661338147750939e-15
1_regimeA_r4_vs_round4_code,theta2,6,0,82,3.2751579226442118e-15,3.397282455352979e-14
1_regimeA_r4_vs_round4_code,theta3,6,0,83,2.7755575615628914e-16,7.771561172376096e-15
1_regimeA_r4_vs_round4_code,theta2,6,0,83,8.992806499463768e-15,1.2945200467129325e-13
1_regimeA_r4_vs_round4_code,theta3,6,0,84,2.220446049250313e-16,6.994405055138486e-15
1_regimeA_r4_vs_round4_code,theta2,6,0,84,2.886579864025407e-15,1.587618925213974e-14
1_regimeA_r4_vs_round4_code,theta3,6,0,85,2.220446049250313e-16,9.992007221626409e-15
1_regimeA_r4_vs_round4_code,theta2,6,0,85,6.661338147750939e-15,4.085620730620576e-14
1_regimeA_r4_vs_round4_code,theta3,6,0,86,2.498001805406602e-16,9.880984919163893e-15
1_regimeA_r4_vs_round4_code,theta2,6,0,86,4.6351811278100286e-15,6.727951529228449e-14
1_regimeA_r4_vs_round4_code,theta3,6,0,87,3.0531133177191805e-16,4.6629367034256575e-15
1_regimeA_r4_vs_round4_code,theta2,6,0,87,5.440092820663267e-15,5.3512749786932545e-14
1_regimeA_r4_vs_round4_code,theta3,6,0,88,2.220446049250313e-16,5.773159728050814e-15
1_regimeA_r4_vs_round4_code,theta2,6,0,88,5.162537064506978e-15,4.418687638008123e-14
1_regimeA_r4_vs_round4_code,theta3,6,0,89,2.220446049250313e-16,1.0325074129013956e-14
1_regimeA_r4_vs_round4_code,theta2,6,0,89,4.6629367034256575e-15,1.3455903058456897e-13
1_regimeA_r4_vs_round4_code,theta3,6,0,90,3.0531133177191805e-16,8.43769498715119e-15
1_regimeA_r4_vs_round4_code,theta2,6,0,90,6.161737786669619e-15,3.1308289294429414e-14
1_regimeA_r4_vs_round4_code,theta3,6,0,91,2.498001805406602e-16,1.5987211554602254e-14
1_regimeA_r4_vs_round4_code,theta2,6,0,91,7.93809462606987e-15,4.418687638008123e-14
1_regimeA_r4_vs_round4_code,theta3,6,0,92,1.3877787807814457e-16,7.771561172376096e-15
1_regimeA_r4_vs_round4_code,theta2,6,0,92,3.7192471324942744e-15,2.5646151868841116e-14
1_regimeA_r4_vs_round4_code,theta3,6,0,93,3.885780586188048e-16,8.215650382226158e-15
1_regimeA_r4_vs_round4_code,theta2,6,0,93,5.717648576819556e-15,6.084022174945858e-14
1_regimeA_r4_vs_round4_code,theta3,6,0,94,2.220446049250313e-16,6.661338147750939e-15
1_regimeA_r4_vs_round4_code,theta2,6,0,94,5.6066262743570405e-15,4.973799150320701e-14
1_regimeA_r4_vs_round4_code,theta3,6,0,95,3.608224830031759e-16,9.2148511043888e-15
1_regimeA_r4_vs_round4_code,theta2,6,0,95,2.248201624865942e-15,1.84297022087776e-14
1_regimeA_r4_vs_round4_code,theta3,6,0,96,4.996003610813204e-16,4.884981308350689e-15
1_regimeA_r4_vs_round4_code,theta2,6,0,96,4.884981308350689e-15,3.730349362740526e-14
1_regimeA_r4_vs_round4_code,theta3,6,0,97,2.7755575615628914e-16,1.2323475573339238e-14
1_regimeA_r4_vs_round4_code,theta2,6,0,97,3.83026943495679e-15,5.773159728050814e-14
1_regimeA_r4_vs_round4_code,theta3,6,0,98,3.3306690738754696e-16,8.43769498715119e-15
1_regimeA_r4_vs_round4_code,theta2,6,0,98,6.217248937900877e-15,2.9753977059954195e-14
1_regimeA_r4_vs_round4_code,theta3,6,0,99,2.7755575615628914e-16,6.8833827526759706e-15
1_regimeA_r4_vs_round4_code,theta2,6,0,99,2.220446049250313e-15,3.708144902248023e-14
1_regimeA_r4_vs_round4_code,theta3,6,0,100,3.191891195797325e-16,5.995204332975845e-15
1_regimeA_r4_vs_round4_code,theta2,6,0,100,2.3869795029440866e-15,3.241851231905457e-14
1_regimeA_r4_vs_round4_code,theta3,6,0,101,1.8041124150158794e-16,1.0325074129013956e-14
1_regimeA_r4_vs_round4_code,theta2,6,0,101,4.614364446098307e-15,1.0391687510491465e-13
1_regimeA_r4_vs_round4_code,theta3,6,0,102,3.885780586188048e-16,8.659739592076221e-15
1_regimeA_r4_vs_round4_code,theta2,6,0,102,5.6343818499726694e-15,5.0737192225369654e-14
1_regimeA_r4_vs_round4_code,theta3,6,0,103,3.3306690738754696e-16,7.105427357601002e-15
1_regimeA_r4_vs_round4_code,theta2,6,0,103,1.4988010832439613e-15,3.774758283725532e-14
1_regimeA_r4_vs_round4_code,theta3,6,0,104,2.498001805406602e-16,8.104628079763643e-15
1_regimeA_r4_vs_round4_code,theta2,6,0,104,3.913536161803677e-15,3.930189507173054e-14
1_regimeA_r4_vs_round4_code,theta3,6,0,105,2.636779683484747e-16,6.217248937900877e-15
1_regimeA_r4_vs_round4_code,theta2,6,0,105,3.219646771412954e-15,4.9182879990894435e-14
1_regimeA_r4_vs_round4_code,theta3,6,0,106,2.7755575615628914e-16,1.1435297153639112e-14
1_regimeA_r4_vs_round4_code,theta2,6,0,106,6.439293542825908e-15,1.1035616864774056e-13
1_regimeA_r4_vs_round4_code,theta3,6,0,107,2.498001805406602e-16,6.661338147750939e-15
1_regimeA_r4_vs_round4_code,theta2,6,0,107,4.052314039881821e-15,4.296563105299356e-14
1_regimeA_r4_vs_round4_code,theta3,6,0,108,2.498001805406602e-16,7.882583474838611e-15
1_regimeA_r4_vs_round4_code,theta2,6,0,108,3.9968028886505635e-15,5.1958437552457326e-14
1_regimeA_r4_vs_round4_code,theta3,6,0,109,1.734723475976807e-16,7.327471962526033e-15
1_regimeA_r4_vs_round4_code,theta2,6,0,109,2.609024107869118e-15,2.9753977059954195e-14
1_regimeA_r4_vs_round4_code,theta3,6,0,110,1.5265566588595902e-16,5.440092820663267e-15
1_regimeA_r4_vs_round4_code,theta2,6,0,110,4.621303340002214e-15,9.281464485866309e-14
1_regimeA_r4_vs_round4_code,theta3,6,0,111,2.220446049250313e-16,1.0658141036401503e-14
1_regimeA_r4_vs_round4_code,theta2,6,0,111,3.219646771412954e-15,7.438494264988549e-14
1_regimeA_r4_vs_round4_code,theta3,6,0,112,2.220446049250313e-16,6.772360450213455e-15
1_regimeA_r4_vs_round4_code,theta2,6,0,112,3.497202527569243e-15,8.615330671091215e-14
1_regimeA_r4_vs_round4_code,theta3,6,0,113,3.3306690738754696e-16,6.994405055138486e-15
1_regimeA_r4_vs_round4_code,theta2,6,0,113,3.83026943495679e-15,2.453592884421596e-14
1_regimeA_r4_vs_round4_code,theta3,6,0,114,3.608224830031759e-16,1.3766765505351941e-14
1_regimeA_r4_vs_round4_code,theta2,6,0,114,2.6922908347160046e-15,3.175237850427948e-14
1_regimeA_r4_vs_round4_code,theta3,6,0,115,3.0531133177191805e-16,1.0436096431476471e-14
1_regimeA_r4_vs_round4_code,theta2,6,0,115,4.107825191113079e-15,3.574918139293004e-14
1_regimeA_r4_vs_round4_code,theta3,6,0,116,5.551115123125783e-16,1.887379141862766e-14
1_regimeA_r4_vs_round4_code,theta2,6,0,116,6.439293542825908e-15,5.773159728050814e-14
1_regimeA_r4_vs_round4_code,theta3,6,0,117,2.220446049250313e-16,1.021405182655144e-14
1_regimeA_r4_vs_round4_code,theta2,6,0,117,6.161737786669619e-15,2.9753977059954195e-14
1_regimeA_r4_vs_round4_code,theta3,6,0,118,3.191891195797325e-16,6.328271240363392e-15
1_regimeA_r4_vs_round4_code,theta2,6,0,118,4.3298697960381105e-15,3.375077994860476e-14
1_regimeA_r4_vs_round4_code,theta3,6,0,119,3.3306690738754696e-16,9.325873406851315e-15
1_regimeA_r4_vs_round4_code,theta2,6,0,119,4.773959005888173e-15,4.3520742565306136e-14
1_regimeA_r4_vs_round4_code,theta3,6,0,120,2.220446049250313e-16,6.217248937900877e-15
1_regimeA_r4_vs_round4_code,theta2,6,0,120,3.247402347028583e-15,2.2426505097428162e-14
1_regimeA_r4_vs_round4_code,theta3,6,0,121,2.7755575615628914e-16,8.215650382226158e-15
1_regimeA_r4_vs_round4_code,theta2,6,0,121,6.439293542825908e-15,2.4424906541753444e-14
1_regimeA_r4_vs_round4_code,theta3,6,0,122,2.220446049250313e-16,8.659739592076221e-15
1_regimeA_r4_vs_round4_code,theta2,6,0,122,4.3298697960381105e-15,2.731148640577885e-14
1_regimeA_r4_vs_round4_code,theta3,6,0,123,2.498001805406602e-16,7.771561172376096e-15
1_regimeA_r4_vs_round4_code,theta2,6,0,123,3.802513859341161e-15,5.6621374255882984e-14
1_regimeA_r4_vs_round4_code,theta3,6,0,124,3.0531133177191805e-16,1.1879386363489175e-14
1_regimeA_r4_vs_round4_code,theta2,6,0,124,4.260480856999038e-15,5.928590951498336e-14
1_regimeA_r4_vs_round4_code,theta3,6,0,125,4.440892098500626e-16,5.995204332975845e-15
1_regimeA_r4_vs_round4_code,theta2,6,0,125,5.88418203051333e-15,4.929390229335695e-14
1_regimeA_r4_vs_round4_code,theta3,6,0,126,2.7755575615628914e-16,5.10702591327572e-15
1_regimeA_r4_vs_round4_code,theta2,6,0,126,2.7200464103316335e-15,3.963496197911809e-14
1_regimeA_r4_vs_round4_code,theta3,6,0,127,2.220446049250313e-16,8.881784197001252e-15
1_regimeA_r4_vs_round4_code,theta2,6,0,127,3.2057689836051395e-15,2.90878432451791e-14
1_regimeA_r4_vs_round4_code,theta3,6,0,128,2.220446049250313e-16,5.551115123125783e-15
1_regimeA_r4_vs_round4_code,theta2,6,0,128,4.385380947269368e-15,3.3861802251067274e-14
1_regimeA_r4_vs_round4_code,theta3,6,0,129,2.7755575615628914e-16,6.439293542825908e-15
1_regimeA_r4_vs_round4_code,theta2,6,0,129,4.884981308350689e-15,5.773159728050814e-14
1_regimeA_r4_vs_round4_code,theta3,6,0,130,2.498001805406602e-16,1.3655743202889425e-14
1_regimeA_r4_vs_round4_code,theta2,6,0,130,4.579669976578771e-15,8.659739592076221e-14
1_regimeA_r4_vs_round4_code,theta3,6,0,131,1.5265566588595902e-16,7.216449660063518e-15
1_regimeA_r4_vs_round4_code,theta2,6,0,131,3.4416913763379853e-15,6.195044477408373e-14
1_regimeA_r4_vs_round4_code,theta3,6,0,132,3.885780586188048e-16,7.993605777301127e-15
1_regimeA_r4_vs_round4_code,theta2,6,0,132,3.969047313034935e-15,8.992806499463768e-14
1_regimeA_r4_vs_round4_code,theta3,6,0,133,4.440892098500626e-16,5.551115123125783e-15
1_regimeA_r4_vs_round4_code,theta2,6,0,133,2.220446049250313e-15,3.5083047578154947e-14
1_regimeA_r4_vs_round4_code,theta3,6,0,134,1.942890293094024e-16,6.106226635438361e-15
1_regimeA_r4_vs_round4_code,theta2,6,0,134,6.439293542825908e-15,5.1736392947532295e-14
1_regimeA_r4_vs_round4_code,theta3,6,0,135,2.498001805406602e-16,7.993605777301127e-15
1_regimeA_r4_vs_round4_code,theta2,6,0,135,6.161737786669619e-15,9.636735853746359e-14
1_regimeA_r4_vs_round4_code,theta3,6,0,136,3.0531133177191805e-16,7.105427357601002e-15
1_regimeA_r4_vs_round4_code,theta2,6,0,136,3.608224830031759e-15,2.4868995751603507e-14
1_regimeA_r4_vs_round4_code,theta3,6,0,137,2.3158558404290375e-16,7.105427357601002e-15
1_regimeA_r4_vs_round4_code,theta2,6,0,137,3.3306690738754696e-15,4.718447854656915e-14
1_regimeA_r4_vs_round4_code,theta3,6,0,138,2.42861286636753e-16,5.88418203051333e-15
1_regimeA_r4_vs_round4_code,theta2,6,0,138,5.495603971894525e-15,4.518607710224387e-14
1_regimeA_r4_vs_round4_code,theta3,6,0,139,2.220446049250313e-16,1.8207657603852567e-14
1_regimeA_r4_vs_round4_code,theta2,6,0,139,4.274358644806853e-15,3.885780586188048e-14
1_regimeA_r4_vs_round4_code,theta3,6,0,140,2.498001805406602e-16,6.772360450213455e-15
1_regimeA_r4_vs_round4_code,theta2,6,0,140,3.164135620181696e-15,3.352873534367973e-14
1_regimeA_r4_vs_round4_code,theta3,6,0,141,3.3306690738754696e-16,7.105427357601002e-15
1_regimeA_r4_vs_round4_code,theta2,6,0,141,4.440892098500626e-15,1.1968204205459188e-13
1_regimeA_r4_vs_round4_code,theta3,6,0,142,2.7755575615628914e-16,7.993605777301127e-15
1_regimeA_r4_vs_round4_code,theta2,6,0,142,4.440892098500626e-15,5.040412531798211e-14
1_regimeA_r4_vs_round4_code,theta3,6,0,143,1.6653345369377348e-16,1.2878587085651816e-14
1_regimeA_r4_vs_round4_code,theta2,6,0,143,6.328271240363392e-15,3.774758283725532e-14
1_regimeA_r4_vs_round4_code,theta3,6,0,144,2.498001805406602e-16,4.773959005888173e-15
1_regimeA_r4_vs_round4_code,theta2,6,0,144,2.6645352591003757e-15,2.0650148258027912e-14
1_regimeA_r4_vs_round4_code,theta3,6,0,145,3.608224830031759e-16,7.993605777301127e-15
1_regimeA_r4_vs_round4_code,theta2,6,0,145,3.9621084191310274e-15,6.261657858885883e-14
1_regimeA_r4_vs_round4_code,theta3,6,0,146,3.3306690738754696e-16,9.103828801926284e-15
1_regimeA_r4_vs_round4_code,theta2,6,0,146,2.0261570199409107e-15,1.3100631690576847e-14
1_regimeA_r4_vs_round4_code,theta3,6,0,147,4.718447854656915e-16,8.659739592076221e-15
1_regimeA_r4_vs_round4_code,theta2,6,0,147,2.4147350785597155e-15,2.3425705819590803e-14
1_regimeA_r4_vs_round4_code,theta3,6,0,148,4.996003610813204e-16,9.325873406851315e-15
1_regimeA_r4_vs_round4_code,theta2,6,0,148,3.552713678800501e-15,1.0880185641326534e-13
1_regimeA_r4_vs_round4_code,theta3,6,0,149,3.885780586188048e-16,9.880984919163893e-15
1_regimeA_r4_vs_round4_code,theta2,6,0,149,1.7763568394002505e-15,9.325873406851315e-15
1_regimeA_r4_vs_round4_code,theta3,6,0,150,2.220446049250313e-16,5.440092820663267e-15
1_regimeA_r4_vs_round4_code,theta2,6,0,150,3.7192471324942744e-15,6.505906924303417e-14
1_regimeA_r4_vs_round4_code,theta3,6,0,151,4.0245584642661925e-16,9.325873406851315e-15
1_regimeA_r4_vs_round4_code,theta2,6,0,151,4.052314039881821e-15,6.639133687258436e-14
1_regimeA_r4_vs_round4_code,theta3,6,0,152,1.942890293094024e-16,7.549516567451064e-15
1_regimeA_r4_vs_round4_code,theta2,6,0,152,3.774758283725532e-15,3.042011087472929e-14
1_regimeA_r4_vs_round4_code,theta3,6,0,153,7.216449660063518e-16,6.661338147750939e-15
1_regimeA_r4_vs_round4_code,theta2,6,0,153,6.661338147750939e-15,7.283063041541027e-14
1_regimeA_r4_vs_round4_code,theta3,6,0,154,2.220446049250313e-16,7.438494264988549e-15
1_regimeA_r4_vs_round4_code,theta2,6,0,154,2.55351295663786e-15,5.995204332975845e-14
1_regimeA_r4_vs_round4_code,theta3,6,0,155,3.608224830031759e-16,8.215650382226158e-15
1_regimeA_r4_vs_round4_code,theta2,6,0,155,3.83026943495679e-15,3.11972669919669e-14
1_regimeA_r4_vs_round4_code,theta3,6,0,156,3.3306690738754696e-16,6.661338147750939e-15
1_regimeA_r4_vs_round4_code,theta2,6,0,156,6.328271240363392e-15,4.8405723873656825e-14
1_regimeA_r4_vs_round4_code,theta3,6,0,157,4.163336342344337e-16,5.551115123125783e-15
1_regimeA_r4_vs_round4_code,theta2,6,0,157,4.760081218080359e-15,5.417888360170764e-14
1_regimeA_r4_vs_round4_code,theta3,6,0,158,1.5265566588595902e-16,6.217248937900877e-15
1_regimeA_r4_vs_round4_code,theta2,6,0,158,5.6066262743570405e-15,1.1457501614131615e-13
1_regimeA_r4_vs_round4_code,theta3,6,0,159,4.163336342344337e-16,5.440092820663267e-15
1_regimeA_r4_vs_round4_code,theta2,6,0,159,2.1649348980190553e-15,2.6201263381153694e-14
1_regimeA_r4_vs_round4_code,theta3,6,0,160,5.551115123125783e-16,6.661338147750939e-15
1_regimeA_r4_vs_round4_code,theta2,6,0,160,3.3306690738754696e-15,8.260059303211165e-14
1_regimeA_r4_vs_round4_code,theta3,6,0,161,2.498001805406602e-16,1.1657341758564144e-14
1_regimeA_r4_vs_round4_code,theta2,6,0,161,3.3306690738754696e-15,3.808064974464287e-14
1_regimeA_r4_vs_round4_code,theta3,6,0,162,2.220446049250313e-16,8.659739592076221e-15
1_regimeA_r4_vs_round4_code,theta2,6,0,162,4.801714581503802e-15,7.016609515630989e-14
1_regimeA_r4_vs_round4_code,theta3,6,0,163,1.942890293094024e-16,7.327471962526033e-15
1_regimeA_r4_vs_round4_code,theta2,6,0,163,4.052314039881821e-15,5.0182080713057076e-14
1_regimeA_r4_vs_round4_code,theta3,6,0,164,4.996003610813204e-16,8.215650382226158e-15
1_regimeA_r4_vs_round4_code,theta2,6,0,164,5.773159728050814e-15,5.084821452783217e-14
1_regimeA_r4_vs_round4_code,theta3,6,0,165,3.3306690738754696e-16,1.2878587085651816e-14
1_regimeA_r4_vs_round4_code,theta2,6,0,165,3.608224830031759e-15,5.906386491005833e-14
1_regimeA_r4_vs_round4_code,theta3,6,0,166,3.3306690738754696e-16,6.217248937900877e-15
1_regimeA_r4_vs_round4_code,theta2,6,0,166,4.3298697960381105e-15,2.7755575615628914e-14
1_regimeA_r4_vs_round4_code,theta3,6,0,167,3.3306690738754696e-16,1.1324274851176597e-14
1_regimeA_r4_vs_round4_code,theta2,6,0,167,3.9968028886505635e-15,3.907985046680551e-14
1_regimeA_r4_vs_round4_code,theta3,6,0,168,2.7755575615628914e-16,1.1324274851176597e-14
1_regimeA_r4_vs_round4_code,theta2,6,0,168,4.440892098500626e-15,3.375077994860476e-14
1_regimeA_r4_vs_round4_code,theta3,6,0,169,4.718447854656915e-16,8.215650382226158e-15
1_regimeA_r4_vs_round4_code,theta2,6,0,169,3.0253577421035516e-15,1.1868284133242923e-13
1_regimeA_r4_vs_round4_code,theta3,6,0,170,4.440892098500626e-16,1.1546319456101628e-14
1_regimeA_r4_vs_round4_code,theta2,6,0,170,6.966649479522857e-15,3.4861002973229915e-14
1_regimeA_r4_vs_round4_code,theta3,6,0,171,2.220446049250313e-16,9.880984919163893e-15
1_regimeA_r4_vs_round4_code,theta2,6,0,171,2.3314683517128287e-15,1.609823385706477e-14
1_regimeA_r4_vs_round4_code,theta3,6,0,172,2.7755575615628914e-16,1.2545520178264269e-14
1_regimeA_r4_vs_round4_code,theta2,6,0,172,3.3306690738754696e-15,3.574918139293004e-14
1_regimeA_r4_vs_round4_code,theta3,6,0,173,1.942890293094024e-16,4.9960036108132044e-15
1_regimeA_r4_vs_round4_code,theta2,6,0,173,1.6653345369377348e-15,2.531308496145357e-14
1_regimeA_r4_vs_round4_code,theta3,6,0,174,2.498001805406602e-16,1.0658141036401503e-14
1_regimeA_r4_vs_round4_code,theta2,6,0,174,4.052314039881821e-15,2.942091015256665e-14
1_regimeA_r4_vs_round4_code,theta3,6,0,175,2.7755575615628914e-16,1.3211653993039363e-14
1_regimeA_r4_vs_round4_code,theta2,6,0,175,1.3877787807814457e-15,4.163336342344337e-14
1_regimeA_r4_vs_round4_code,theta3,6,0,176,3.608224830031759e-16,1.2989609388114332e-14
1_regimeA_r4_vs_round4_code,theta2,6,0,176,5.717648576819556e-15,3.6637359812630166e-14
1_regimeA_r4_vs_round4_code,theta3,6,0,177,2.914335439641036e-16,8.215650382226158e-15
1_regimeA_r4_vs_round4_code,theta2,6,0,177,4.829470157119431e-15,1.170175067954915e-13
1_regimeA_r4_vs_round4_code,theta3,6,0,178,1.5265566588595902e-16,3.774758283725532e-15
1_regimeA_r4_vs_round4_code,theta2,6,0,178,1.8318679906315083e-15,4.0967229608668276e-14
1_regimeA_r4_vs_round4_code,theta3,6,0,179,4.163336342344337e-16,1.1546319456101628e-14
1_regimeA_r4_vs_round4_code,theta2,6,0,179,2.886579864025407e-15,1.8540724511240114e-14
1_regimeA_r4_vs_round4_code,theta3,6,0,180,2.3592239273284576e-16,1.1102230246251565e-14
1_regimeA_r4_vs_round4_code,theta2,6,0,180,5.995204332975845e-15,3.6193270602780103e-14
1_regimeA_r4_vs_round4_code,theta3,6,0,181,1.1102230246251565e-16,4.884981308350689e-15
1_regimeA_r4_vs_round4_code,theta2,6,0,181,4.191091917959966e-15,3.630429290524262e-14
1_regimeA_r4_vs_round4_code,theta3,6,0,182,1.942890293094024e-16,7.993605777301127e-15
1_regimeA_r4_vs_round4_code,theta2,6,0,182,3.885780586188048e-15,1.127986593019159e-13
1_regimeA_r4_vs_round4_code,theta3,6,0,183,2.0816681711721685e-16,7.771561172376096e-15
1_regimeA_r4_vs_round4_code,theta2,6,0,183,2.525757381022231e-15,3.352873534367973e-14
1_regimeA_r4_vs_round4_code,theta3,6,0,184,1.6653345369377348e-16,3.9968028886505635e-15
1_regimeA_r4_vs_round4_code,theta2,6,0,184,2.3869795029440866e-15,1.6653345369377348e-14
1_regimeA_r4_vs_round4_code,theta3,6,0,185,1.942890293094024e-16,9.103828801926284e-15
1_regimeA_r4_vs_round4_code,theta2,6,0,185,5.134781488891349e-15,1.2279066652354231e-13
1_regimeA_r4_vs_round4_code,theta3,6,0,186,4.440892098500626e-16,2.375877272697835e-14
1_regimeA_r4_vs_round4_code,theta2,6,0,186,3.9968028886505635e-15,8.22675261247241e-14
1_regimeA_r4_vs_round4_code,theta3,6,0,187,2.220446049250313e-16,1.199040866595169e-14
1_regimeA_r4_vs_round4_code,theta2,6,0,187,2.914335439641036e-15,2.7533531010703882e-14
1_regimeA_r4_vs_round4_code,theta3,6,0,188,3.885780586188048e-16,9.992007221626409e-15
1_regimeA_r4_vs_round4_code,theta2,6,0,188,3.774758283725532e-15,2.6867397195928788e-14
1_regimeA_r4_vs_round4_code,theta3,6,0,189,2.220446049250313e-16,9.880984919163893e-15
1_regimeA_r4_vs_round4_code,theta2,6,0,189,6.6058269965196814e-15,4.75175454539567e-14
1_regimeA_r4_vs_round4_code,theta3,6,0,190,2.7755575615628914e-16,1.4210854715202004e-14
1_regimeA_r4_vs_round4_code,theta2,6,0,190,2.7478019859472624e-15,3.3084646133829665e-14
1_regimeA_r4_vs_round4_code,theta3,6,0,191,1.6653345369377348e-16,7.327471962526033e-15
1_regimeA_r4_vs_round4_code,theta2,6,0,191,4.6074255521944e-15,3.930189507173054e-14
1_regimeA_r4_vs_round4_code,theta3,6,0,192,2.220446049250313e-16,1.099120794378905e-14
1_regimeA_r4_vs_round4_code,theta2,6,0,192,3.427813588530171e-15,8.149037000748649e-14
1_regimeA_r4_vs_round4_code,theta3,6,0,193,2.498001805406602e-16,5.773159728050814e-15
1_regimeA_r4_vs_round4_code,theta2,6,0,193,1.8041124150158794e-15,2.020605904817785e-14
1_regimeA_r4_vs_round4_code,theta3,6,0,194,1.6653345369377348e-16,4.9960036108132044e-15
1_regimeA_r4_vs_round4_code,theta2,6,0,194,2.886579864025407e-15,2.531308496145357e-14
1_regimeA_r4_vs_round4_code,theta3,6,0,195,2.220446049250313e-16,5.10702591327572e-15
1_regimeA_r4_vs_round4_code,theta2,6,0,195,3.83026943495679e-15,1.5987211554602254e-14
1_regimeA_r4_vs_round4_code,theta3,6,0,196,3.0531133177191805e-16,6.8833827526759706e-15
1_regimeA_r4_vs_round4_code,theta2,6,0,196,3.6637359812630166e-15,4.118927421359331e-14
1_regimeA_r4_vs_round4_code,theta3,6,0,197,2.0816681711721685e-16,6.439293542825908e-15
1_regimeA_r4_vs_round4_code,theta2,6,0,197,7.382983113757291e-15,1.1124434706744069e-13
1_regimeA_r4_vs_round4_code,theta3,6,0,198,4.440892098500626e-16,8.43769498715119e-15
1_regimeA_r4_vs_round4_code,theta2,6,0,198,4.440892098500626e-15,9.237055564881302e-14
1_regimeA_r4_vs_round4_code,theta3,6,0,199,3.3306690738754696e-16,9.769962616701378e-15
1_regimeA_r4_vs_round4_code,theta2,6,0,199,7.605027718682322e-15,3.2529534621517087e-14
1_regimeA_r4_vs_round4_code,theta3,8,0,0,4.440892098500626e-16,6.994405055138486e-15
1_regimeA_r4_vs_round4_code,theta2,8,0,0,6.022959908591474e-15,5.972999872483342e-14
1_regimeA_r4_vs_round4_code,theta3,8,0,1,2.7755575615628914e-16,5.773159728050814e-15
1_regimeA_r4_vs_round4_code,theta2,8,0,1,3.774758283725532e-15,4.707345624410664e-14
1_regimeA_r4_vs_round4_code,theta3,8,0,2,1.942890293094024e-16,4.440892098500626e-15
1_regimeA_r4_vs_round4_code,theta2,8,0,2,1.887379141862766e-15,1.8318679906315083e-14
1_regimeA_r4_vs_round4_code,theta3,8,0,3,2.498001805406602e-16,4.3298697960381105e-15
1_regimeA_r4_vs_round4_code,theta2,8,0,3,4.163336342344337e-15,2.8199664825478976e-14
1_regimeA_r4_vs_round4_code,theta3,8,0,4,2.7755575615628914e-16,6.772360450213455e-15
1_regimeA_r4_vs_round4_code,theta2,8,0,4,2.4980018054066022e-15,6.505906924303417e-14
1_regimeA_r4_vs_round4_code,theta3,8,0,5,3.608224830031759e-16,7.549516567451064e-15
1_regimeA_r4_vs_round4_code,theta2,8,0,5,1.27675647831893e-15,1.0880185641326534e-14
1_regimeA_r4_vs_round4_code,theta3,8,0,6,3.3306690738754696e-16,5.440092820663267e-15
1_regimeA_r4_vs_round4_code,theta2,8,0,6,3.9968028886505635e-15,5.0182080713057076e-14
1_regimeA_r4_vs_round4_code,theta3,8,0,7,3.608224830031759e-16,1.2656542480726785e-14
1_regimeA_r4_vs_round4_code,theta2,8,0,7,6.689093723366568e-15,8.548717289613705e-14
1_regimeA_r4_vs_round4_code,theta3,8,0,8,1.942890293094024e-16,5.995204332975845e-15
1_regimeA_r4_vs_round4_code,theta2,8,0,8,3.9968028886505635e-15,6.705747068735946e-14
1_regimeA_r4_vs_round4_code,theta3,8,0,9,2.7755575615628914e-16,6.5503158452884236e-15
1_regimeA_r4_vs_round4_code,theta2,8,0,9,5.6066262743570405e-15,5.795364188543317e-14
1_regimeA_r4_vs_round4_code,theta3,8,0,10,2.0816681711721685e-16,7.882583474838611e-15
1_regimeA_r4_vs_round4_code,theta2,8,0,10,3.774758283725532e-15,3.7969627442180354e-14
1_regimeA_r4_vs_round4_code,theta3,8,0,11,2.498001805406602e-16,2.2648549702353193e-14
1_regimeA_r4_vs_round4_code,theta2,8,0,11,4.6629367034256575e-15,1.078026556911027e-13
1_regimeA_r4_vs_round4_code,theta3,8,0,12,3.885780586188048e-16,5.995204332975845e-15
1_regimeA_r4_vs_round4_code,theta2,8,0,12,5.190292640122607e-15,3.8191672047105385e-14
1_regimeA_r4_vs_round4_code,theta3,8,0,13,2.220446049250313e-16,7.105427357601002e-15
1_regimeA_r4_vs_round4_code,theta2,8,0,13,2.886579864025407e-15,3.863576125695545e-14
1_regimeA_r4_vs_round4_code,theta3,8,0,14,3.3306690738754696e-16,6.439293542825908e-15
1_regimeA_r4_vs_round4_code,theta2,8,0,14,4.274358644806853e-15,4.1522341120980855e-14
1_regimeA_r4_vs_round4_code,theta3,8,0,15,2.220446049250313e-16,3.219646771412954e-15
1_regimeA_r4_vs_round4_code,theta2,8,0,15,4.524158825347513e-15,4.729550084903167e-14
1_regimeA_r4_vs_round4_code,theta3,8,0,16,1.8041124150158794e-16,4.440892098500626e-15
1_regimeA_r4_vs_round4_code,theta2,8,0,16,2.831068712794149e-15,3.8413716652030416e-14
1_regimeA_r4_vs_round4_code,theta3,8,0,17,2.498001805406602e-16,1.2434497875801753e-14
1_regimeA_r4_vs_round4_code,theta2,8,0,17,2.4147350785597155e-15,3.164135620181696e-14
1_regimeA_r4_vs_round4_code,theta3,8,0,18,3.0531133177191805e-16,5.773159728050814e-15
1_regimeA_r4_vs_round4_code,theta2,8,0,18,5.10702591327572e-15,3.863576125695545e-14
1_regimeA_r4_vs_round4_code,theta3,8,0,19,2.220446049250313e-16,1.2656542480726785e-14
1_regimeA_r4_vs_round4_code,theta2,8,0,19,2.942091015256665e-15,1.2656542480726785e-13
1_regimeA_r4_vs_round4_code,theta3,8,0,20,3.608224830031759e-16,7.549516567451064e-15
1_regimeA_r4_vs_round4_code,theta2,8,0,20,4.0245584642661925e-15,4.218847493575595e-14
1_regimeA_r4_vs_round4_code,theta3,8,0,21,2.0469737016526324e-16,5.329070518200751e-15
1_regimeA_r4_vs_round4_code,theta2,8,0,21,2.4424906541753444e-15,2.0539125955565396e-14
1_regimeA_r4_vs_round4_code,theta3,8,0,22,2.7755575615628914e-16,7.993605777301127e-15
1_regimeA_r4_vs_round4_code,theta2,8,0,22,3.6637359812630166e-15,4.063416270128073e-14
1_regimeA_r4_vs_round4_code,theta3,8,0,23,2.7755575615628914e-16,7.549516567451064e-15
1_regimeA_r4_vs_round4_code,theta2,8,0,23,5.2735593669694936e-15,2.90878432451791e-14
1_regimeA_r4_vs_round4_code,theta3,8,0,24,2.7755575615628914e-16,6.106226635438361e-15
1_regimeA_r4_vs_round4_code,theta2,8,0,24,3.1086244689504383e-15,3.907985046680551e-14
1_regimeA_r4_vs_round4_code,theta3,8,0,25,3.3306690738754696e-16,4.773959005888173e-15
1_regimeA_r4_vs_round4_code,theta2,8,0,25,4.9404924595819466e-15,5.5289106626332796e-14
1_regimeA_r4_vs_round4_code,theta3,8,0,26,3.0531133177191805e-16,8.215650382226158e-15
1_regimeA_r4_vs_round4_code,theta2,8,0,26,3.6914915568786455e-15,5.928590951498336e-14
1_regimeA_r4_vs_round4_code,theta3,8,0,27,1.734723475976807e-16,5.995204332975845e-15
1_regimeA_r4_vs_round4_code,theta2,8,0,27,2.9004576518332215e-15,2.55351295663786e-14
1_regimeA_r4_vs_round4_code,theta3,8,0,28,4.0245584642661925e-16,5.329070518200751e-15
1_regimeA_r4_vs_round4_code,theta2,8,0,28,3.2751579226442118e-15,6.861178292183467e-14
1_regimeA_r4_vs_round4_code,theta3,8,0,29,1.942890293094024e-16,5.10702591327572e-15
1_regimeA_r4_vs_round4_code,theta2,8,0,29,3.247402347028583e-15,5.46229728115577e-14
1_regimeA_r4_vs_round4_code,theta3,8,0,30,4.440892098500626e-16,5.773159728050814e-15
1_regimeA_r4_vs_round4_code,theta2,8,0,30,1.9984014443252818e-15,3.397282455352979e-14
1_regimeA_r4_vs_round4_code,theta3,8,0,31,3.0531133177191805e-16,7.549516567451064e-15
1_regimeA_r4_vs_round4_code,theta2,8,0,31,2.831068712794149e-15,3.5083047578154947e-14
1_regimeA_r4_vs_round4_code,theta3,8,0,32,2.3592239273284576e-16,7.327471962526033e-15
1_regimeA_r4_vs_round4_code,theta2,8,0,32,5.10702591327572e-15,1.8207657603852567e-14
1_regimeA_r4_vs_round4_code,theta3,8,0,33,1.6653345369377348e-16,5.773159728050814e-15
1_regimeA_r4_vs_round4_code,theta2,8,0,33,2.55351295663786e-15,2.19824158875781e-14
1_regimeA_r4_vs_round4_code,theta3,8,0,34,1.6653345369377348e-16,5.218048215738236e-15
1_regimeA_r4_vs_round4_code,theta2,8,0,34,3.247402347028583e-15,1.219024881038422e-13
1_regimeA_r4_vs_round4_code,theta3,8,0,35,3.0531133177191805e-16,7.549516567451064e-15
1_regimeA_r4_vs_round4_code,theta2,8,0,35,5.329070518200751e-15,7.105427357601002e-14
1_regimeA_r4_vs_round4_code,theta3,8,0,36,4.163336342344337e-16,9.547918011776346e-15
1_regimeA_r4_vs_round4_code,theta2,8,0,36,3.885780586188048e-15,5.1514348342607263e-14
1_regimeA_r4_vs_round4_code,theta3,8,0,37,2.498001805406602e-16,7.105427357601002e-15
1_regimeA_r4_vs_round4_code,theta2,8,0,37,3.635980405647388e-15,5.084821452783217e-14
1_regimeA_r4_vs_round4_code,theta3,8,0,38,2.498001805406602e-16,1.2434497875801753e-14
1_regimeA_r4_vs_round4_code,theta2,8,0,38,5.440092820663267e-15,3.086420008457935e-14
1_regimeA_r4_vs_round4_code,theta3,8,0,39,3.608224830031759e-16,6.439293542825908e-15
1_regimeA_r4_vs_round4_code,theta2,8,0,39,3.4416913763379853e-15,3.863576125695545e-14
1_regimeA_r4_vs_round4_code,theta3,8,0,40,1.6653345369377348e-16,7.105427357601002e-15
1_regimeA_r4_vs_round4_code,theta2,8,0,40,6.161737786669619e-15,4.54081217071689e-14
1_regimeA_r4_vs_round4_code,theta3,8,0,41,2.220446049250313e-16,5.551115123125783e-15
1_regimeA_r4_vs_round4_code,theta2,8,0,41,4.218847493575595e-15,3.1530333899354446e-14
1_regimeA_r4_vs_round4_code,theta3,8,0,42,4.996003610813204e-16,3.9968028886505635e-15
1_regimeA_r4_vs_round4_code,theta2,8,0,42,3.3306690738754696e-15,4.618527782440651e-14
1_regimeA_r4_vs_round4_code,theta3,8,0,43,3.0531133177191805e-16,5.551115123125783e-15
1_regimeA_r4_vs_round4_code,theta2,8,0,43,4.829470157119431e-15,5.007105841059456e-14
1_regimeA_r4_vs_round4_code,theta3,8,0,44,2.498001805406602e-16,1.021405182655144e-14
1_regimeA_r4_vs_round4_code,theta2,8,0,44,2.581268532253489e-15,5.573319583618286e-14
1_regimeA_r4_vs_round4_code,theta3,8,0,45,1.942890293094024e-16,9.2148511043888e-15
1_regimeA_r4_vs_round4_code,theta2,8,0,45,5.828670879282072e-15,3.375077994860476e-14
1_regimeA_r4_vs_round4_code,theta3,8,0,46,2.0122792321330962e-16,5.995204332975845e-15
1_regimeA_r4_vs_round4_code,theta2,8,0,46,2.1649348980190553e-15,6.52811138479592e-14
1_regimeA_r4_vs_round4_code,theta3,8,0,47,1.6653345369377348e-16,5.662137425588298e-15
1_regimeA_r4_vs_round4_code,theta2,8,0,47,4.107825191113079e-15,4.3520742565306136e-14
1_regimeA_r4_vs_round4_code,theta3,8,0,48,3.608224830031759e-16,5.440092820663267e-15
1_regimeA_r4_vs_round4_code,theta2,8,0,48,2.0539125955565396e-15,1.5432100042289676e-14
1_regimeA_r4_vs_round4_code,theta3,8,0,49,1.942890293094024e-16,6.106226635438361e-15
1_regimeA_r4_vs_round4_code,theta2,8,0,49,1.609823385706477e-15,5.062616992290714e-14
1_regimeA_r4_vs_round4_code,theta3,8,0,50,1.942890293094024e-16,7.549516567451064e-15
1_regimeA_r4_vs_round4_code,theta2,8,0,50,3.608224830031759e-15,1.1579626146840383e-13
1_regimeA_r4_vs_round4_code,theta3,8,0,51,3.0531133177191805e-16,4.773959005888173e-15
1_regimeA_r4_vs_round4_code,theta2,8,0,51,2.7200464103316335e-15,4.39648317751562e-14
1_regimeA_r4_vs_round4_code,theta3,8,0,52,3.3306690738754696e-16,7.327471962526033e-15
1_regimeA_r4_vs_round4_code,theta2,8,0,52,9.992007221626409e-16,1.7319479184152442e-14
1_regimeA_r4_vs_round4_code,theta3,8,0,53,2.498001805406602e-16,7.327471962526033e-15
1_regimeA_r4_vs_round4_code,theta2,8,0,53,2.220446049250313e-15,1.6764367671839864e-14
1_regimeA_r4_vs_round4_code,theta3,8,0,54,2.7755575615628914e-16,6.439293542825908e-15
1_regimeA_r4_vs_round4_code,theta2,8,0,54,3.4139358007223564e-15,5.3290705182007514e-14
1_regimeA_r4_vs_round4_code,theta3,8,0,55,4.163336342344337e-16,7.549516567451064e-15
1_regimeA_r4_vs_round4_code,theta2,8,0,55,1.609823385706477e-15,2.2315482794965646e-14
1_regimeA_r4_vs_round4_code,theta3,8,0,56,2.7755575615628914e-16,8.659739592076221e-15
1_regimeA_r4_vs_round4_code,theta2,8,0,56,4.121702978920894e-15,1.021405182655144e-13
1_regimeA_r4_vs_round4_code,theta3,8,0,57,3.0531133177191805e-16,9.325873406851315e-15
1_regimeA_r4_vs_round4_code,theta2,8,0,57,4.052314039881821e-15,3.175237850427948e-14
1_regimeA_r4_vs_round4_code,theta3,8,0,58,1.942890293094024e-16,4.3298697960381105e-15
1_regimeA_r4_vs_round4_code,theta2,8,0,58,1.942890293094024e-15,3.397282455352979e-14
1_regimeA_r4_vs_round4_code,theta3,8,0,59,1.942890293094024e-16,7.105427357601002e-15
1_regimeA_r4_vs_round4_code,theta2,8,0,59,3.4416913763379853e-15,3.808064974464287e-14
1_regimeA_r4_vs_round4_code,theta3,8,0,60,1.6653345369377348e-16,6.661338147750939e-15
1_regimeA_r4_vs_round4_code,theta2,8,0,60,1.5543122344752192e-15,2.4424906541753444e-14
1_regimeA_r4_vs_round4_code,theta3,8,0,61,4.163336342344337e-16,7.66053886991358e-15
1_regimeA_r4_vs_round4_code,theta2,8,0,61,2.6645352591003757e-15,3.7414515929867775e-14
1_regimeA_r4_vs_round4_code,theta3,8,0,62,2.7755575615628914e-16,9.547918011776346e-15
1_regimeA_r4_vs_round4_code,theta2,8,0,62,2.886579864025407e-15,1.84297022087776e-14
1_regimeA_r4_vs_round4_code,theta3,8,0,63,3.0531133177191805e-16,7.66053886991358e-15
1_regimeA_r4_vs_round4_code,theta2,8,0,63,1.7763568394002505e-15,2.6423307986078726e-14
1_regimeA_r4_vs_round4_code,theta3,8,0,64,2.7755575615628914e-16,5.329070518200751e-15
1_regimeA_r4_vs_round4_code,theta2,8,0,64,2.886579864025407e-15,6.572520305780927e-14
1_regimeA_r4_vs_round4_code,theta3,8,0,65,1.942890293094024e-16,1.176836406102666e-14
1_regimeA_r4_vs_round4_code,theta2,8,0,65,3.2751579226442118e-15,2.6867397195928788e-14
1_regimeA_r4_vs_round4_code,theta3,8,0,66,2.220446049250313e-16,4.6629367034256575e-15
1_regimeA_r4_vs_round4_code,theta2,8,0,66,4.385380947269368e-15,6.794564910705958e-14
1_regimeA_r4_vs_round4_code,theta3,8,0,67,2.498001805406602e-16,5.329070518200751e-15
1_regimeA_r4_vs_round4_code,theta2,8,0,67,2.942091015256665e-15,5.3734794391857577e-14
1_regimeA_r4_vs_round4_code,theta3,8,0,68,2.7755575615628914e-16,3.9968028886505635e-15
1_regimeA_r4_vs_round4_code,theta2,8,0,68,1.582067810090848e-15,2.353672812205332e-14
1_regimeA_r4_vs_round4_code,theta3,8,0,69,2.7755575615628914e-16,7.993605777301127e-15
1_regimeA_r4_vs_round4_code,theta2,8,0,69,2.2898349882893854e-15,1.3988810110276972e-14
1_regimeA_r4_vs_round4_code,theta3,8,0,70,1.6653345369377348e-16,7.438494264988549e-15
1_regimeA_r4_vs_round4_code,theta2,8,0,70,3.858025010572419e-15,2.6867397195928788e-14
1_regimeA_r4_vs_round4_code,theta3,8,0,71,1.6653345369377348e-16,3.9968028886505635e-15
1_regimeA_r4_vs_round4_code,theta2,8,0,71,3.747002708109903e-15,4.951594689828198e-14
1_regimeA_r4_vs_round4_code,theta3,8,0,72,1.6653345369377348e-16,7.549516567451064e-15
1_regimeA_r4_vs_round4_code,theta2,8,0,72,3.552713678800501e-15,3.6637359812630166e-14
1_regimeA_r4_vs_round4_code,theta3,8,0,73,2.7755575615628914e-16,8.770761894538737e-15
1_regimeA_r4_vs_round4_code,theta2,8,0,73,4.440892098500626e-15,3.907985046680551e-14
1_regimeA_r4_vs_round4_code,theta3,8,0,74,1.6653345369377348e-16,5.218048215738236e-15
1_regimeA_r4_vs_round4_code,theta2,8,0,74,5.10702591327572e-15,4.3520742565306136e-14
1_regimeA_r4_vs_round4_code,theta3,8,0,75,3.0531133177191805e-16,5.773159728050814e-15
1_regimeA_r4_vs_round4_code,theta2,8,0,75,4.6629367034256575e-15,2.9976021664879227e-14
1_regimeA_r4_vs_round4_code,theta3,8,0,76,3.885780586188048e-16,7.327471962526033e-15
1_regimeA_r4_vs_round4_code,theta2,8,0,76,2.55351295663786e-15,4.551914400963142e-14
1_regimeA_r4_vs_round4_code,theta3,8,0,77,3.0531133177191805e-16,5.10702591327572e-15
1_regimeA_r4_vs_round4_code,theta2,8,0,77,2.6367796834847468e-15,3.3306690738754696e-14
1_regimeA_r4_vs_round4_code,theta3,8,0,78,2.498001805406602e-16,6.439293542825908e-15
1_regimeA_r4_vs_round4_code,theta2,8,0,78,3.7192471324942744e-15,5.084821452783217e-14
1_regimeA_r4_vs_round4_code,theta3,8,0,79,2.220446049250313e-16,5.662137425588298e-15
1_regimeA_r4_vs_round4_code,theta2,8,0,79,1.7763568394002505e-15,1.354472090042691e-14
1_regimeA_r4_vs_round4_code,theta3,8,0,80,2.7755575615628914e-16,7.549516567451064e-15
1_regimeA_r4_vs_round4_code,theta2,8,0,80,6.050715484207103e-15,3.7969627442180354e-14
1_regimeA_r4_vs_round4_code,theta3,8,0,81,3.885780586188048e-16,4.551914400963142e-15
1_regimeA_r4_vs_round4_code,theta2,8,0,81,2.609024107869118e-15,2.1871393585115584e-14
1_regimeA_r4_vs_round4_code,theta3,8,0,82,3.3306690738754696e-16,1.509903313490213e-14
1_regimeA_r4_vs_round4_code,theta2,8,0,82,4.773959005888173e-15,4.596323321948148e-14
1_regimeA_r4_vs_round4_code,theta3,8,0,83,2.498001805406602e-16,5.995204332975845e-15
1_regimeA_r4_vs_round4_code,theta2,8,0,83,2.8033131371785203e-15,4.474198789239381e-14
1_regimeA_r4_vs_round4_code,theta3,8,0,84,2.7755575615628914e-16,7.438494264988549e-15
1_regimeA_r4_vs_round4_code,theta2,8,0,84,3.552713678800501e-15,1.4654943925052066e-14
1_regimeA_r4_vs_round4_code,theta3,8,0,85,3.191891195797325e-16,7.771561172376096e-15
1_regimeA_r4_vs_round4_code,theta2,8,0,85,3.941291737419306e-15,2.5979218776228663e-14
1_regimeA_r4_vs_round4_code,theta3,8,0,86,1.942890293094024e-16,1.1213252548714081e-14
1_regimeA_r4_vs_round4_code,theta2,8,0,86,4.385380947269368e-15,3.7969627442180354e-14
1_regimeA_r4_vs_round4_code,theta3,8,0,87,3.0531133177191805e-16,4.440892098500626e-15
1_regimeA_r4_vs_round4_code,theta2,8,0,87,4.85722573273506e-15,6.261657858885883e-14
1_regimeA_r4_vs_round4_code,theta3,8,0,88,2.636779683484747e-16,6.328271240363392e-15
1_regimeA_r4_vs_round4_code,theta2,8,0,88,2.6645352591003757e-15,1.3322676295501878e-14
1_regimeA_r4_vs_round4_code,theta3,8,0,89,1.6653345369377348e-16,1.0325074129013956e-14
1_regimeA_r4_vs_round4_code,theta2,8,0,89,1.8596235662471372e-15,2.864375403532904e-14
1_regimeA_r4_vs_round4_code,theta3,8,0,90,1.5265566588595902e-16,6.661338147750939e-15
1_regimeA_r4_vs_round4_code,theta2,8,0,90,2.886579864025407e-15,1.3766765505351941e-14
1_regimeA_r4_vs_round4_code,theta3,8,0,91,2.3592239273284576e-16,4.884981308350689e-15
1_regimeA_r4_vs_round4_code,theta2,8,0,91,2.275957200481571e-15,1.887379141862766e-14
1_regimeA_r4_vs_round4_code,theta3,8,0,92,1.6653345369377348e-16,6.8833827526759706e-15
1_regimeA_r4_vs_round4_code,theta2,8,0,92,1.970645868709653e-15,1.3100631690576847e-14
1_regimeA_r4_vs_round4_code,theta3,8,0,93,2.498001805406602e-16,9.325873406851315e-15
1_regimeA_r4_vs_round4_code,theta2,8,0,93,3.7192471324942744e-15,3.108624468950438e-14
1_regimeA_r4_vs_round4_code,theta3,8,0,94,2.7755575615628914e-16,4.884981308350689e-15
1_regimeA_r4_vs_round4_code,theta2,8,0,94,5.329070518200751e-15,3.5083047578154947e-14
1_regimeA_r4_vs_round4_code,theta3,8,0,95,2.914335439641036e-16,6.439293542825908e-15
1_regimeA_r4_vs_round4_code,theta2,8,0,95,5.218048215738236e-15,3.774758283725532e-14
1_regimeA_r4_vs_round4_code,theta3,8,0,96,1.942890293094024e-16,6.217248937900877e-15
1_regimeA_r4_vs_round4_code,theta2,8,0,96,4.884981308350689e-15,2.808864252301646e-14
1_regimeA_r4_vs_round4_code,theta3,8,0,97,4.163336342344337e-16,8.43769498715119e-15
1_regimeA_r4_vs_round4_code,theta2,8,0,97,2.886579864025407e-15,3.1530333899354446e-14
1_regimeA_r4_vs_round4_code,theta3,8,0,98,2.7755575615628914e-16,7.438494264988549e-15
1_regimeA_r4_vs_round4_code,theta2,8,0,98,4.6629367034256575e-15,6.616929226765933e-14
1_regimeA_r4_vs_round4_code,theta3,8,0,99,2.3592239273284576e-16,5.329070518200751e-15
1_regimeA_r4_vs_round4_code,theta2,8,0,99,3.3306690738754696e-15,3.8968828164342995e-14
1_regimeA_r4_vs_round4_code,theta3,8,0,100,1.942890293094024e-16,3.1086244689504383e-15
1_regimeA_r4_vs_round4_code,theta2,8,0,100,1.7486012637846216e-15,2.375877272697835e-14
1_regimeA_r4_vs_round4_code,theta3,8,0,101,1.8041124150158794e-16,5.551115123125783e-15
1_regimeA_r4_vs_round4_code,theta2,8,0,101,3.2751579226442118e-15,3.6415315207705135e-14
1_regimeA_r4_vs_round4_code,theta3,8,0,102,2.220446049250313e-16,6.106226635438361e-15
1_regimeA_r4_vs_round4_code,theta2,8,0,102,1.9984014443252818e-15,2.4646951146678475e-14
1_regimeA_r4_vs_round4_code,theta3,8,0,103,1.249000902703301e-16,6.661338147750939e-15
1_regimeA_r4_vs_round4_code,theta2,8,0,103,3.760880495917718e-15,1.354472090042691e-14
1_regimeA_r4_vs_round4_code,theta3,8,0,104,3.3306690738754696e-16,4.6629367034256575e-15
1_regimeA_r4_vs_round4_code,theta2,8,0,104,2.2898349882893854e-15,1.3322676295501878e-14
1_regimeA_r4_vs_round4_code,theta3,8,0,105,2.498001805406602e-16,6.772360450213455e-15
1_regimeA_r4_vs_round4_code,theta2,8,0,105,4.551914400963142e-15,6.705747068735946e-14
1_regimeA_r4_vs_round4_code,theta3,8,0,106,2.0122792321330962e-16,5.329070518200751e-15
1_regimeA_r4_vs_round4_code,theta2,8,0,106,3.524958103184872e-15,3.83026943495679e-14
1_regimeA_r4_vs_round4_code,theta3,8,0,107,2.3592239273284576e-16,8.215650382226158e-15
1_regimeA_r4_vs_round4_code,theta2,8,0,107,2.9976021664879227e-15,3.7192471324942744e-14
1_regimeA_r4_vs_round4_code,theta3,8,0,108,3.3306690738754696e-16,7.549516567451064e-15
1_regimeA_r4_vs_round4_code,theta2,8,0,108,3.011479954295737e-15,9.658940314238862e-14
1_regimeA_r4_vs_round4_code,theta3,8,0,109,2.7755575615628914e-16,5.995204332975845e-15
1_regimeA_r4_vs_round4_code,theta2,8,0,109,1.6653345369377348e-15,1.3211653993039363e-14
1_regimeA_r4_vs_round4_code,theta3,8,0,110,2.7755575615628914e-16,6.439293542825908e-15
1_regimeA_r4_vs_round4_code,theta2,8,0,110,3.469446951953614e-15,6.505906924303417e-14
1_regimeA_r4_vs_round4_code,theta3,8,0,111,1.942890293094024e-16,1.0769163338864018e-14
1_regimeA_r4_vs_round4_code,theta2,8,0,111,4.052314039881821e-15,9.225953334635051e-14
1_regimeA_r4_vs_round4_code,theta3,8,0,112,2.636779683484747e-16,5.329070518200751e-15
1_regimeA_r4_vs_round4_code,theta2,8,0,112,2.3314683517128287e-15,2.8199664825478976e-14
1_regimeA_r4_vs_round4_code,theta3,8,0,113,4.718447854656915e-16,6.5503158452884236e-15
1_regimeA_r4_vs_round4_code,theta2,8,0,113,2.9837243786801082e-15,1.9984014443252818e-14
1_regimeA_r4_vs_round4_code,theta3,8,0,114,2.7755575615628914e-16,9.103828801926284e-15
1_regimeA_r4_vs_round4_code,theta2,8,0,114,3.497202527569243e-15,1.6431300764452317e-14
1_regimeA_r4_vs_round4_code,theta3,8,0,115,2.7755575615628914e-16,4.3298697960381105e-15
1_regimeA_r4_vs_round4_code,theta2,8,0,115,2.4424906541753444e-15,2.3092638912203256e-14
1_regimeA_r4_vs_round4_code,theta3,8,0,116,2.220446049250313e-16,4.6629367034256575e-15
1_regimeA_r4_vs_round4_code,theta2,8,0,116,3.1086244689504383e-15,3.752553823233029e-14
1_regimeA_r4_vs_round4_code,theta3,8,0,117,3.3306690738754696e-16,8.43769498715119e-15
1_regimeA_r4_vs_round4_code,theta2,8,0,117,2.3037127760972e-15,1.432187701766452e-14
1_regimeA_r4_vs_round4_code,theta3,8,0,118,1.942890293094024e-16,8.215650382226158e-15
1_regimeA_r4_vs_round4_code,theta2,8,0,118,2.3314683517128287e-15,9.126033262418787e-14
1_regimeA_r4_vs_round4_code,theta3,8,0,119,1.6653345369377348e-16,5.10702591327572e-15
1_regimeA_r4_vs_round4_code,theta2,8,0,119,3.913536161803677e-15,6.750155989720952e-14
1_regimeA_r4_vs_round4_code,theta3,8,0,120,2.220446049250313e-16,5.551115123125783e-15
1_regimeA_r4_vs_round4_code,theta2,8,0,120,2.831068712794149e-15,2.55351295663786e-14
1_regimeA_r4_vs_round4_code,theta3,8,0,121,2.7755575615628914e-16,6.217248937900877e-15
1_regimeA_r4_vs_round4_code,theta2,8,0,121,2.1649348980190553e-15,1.887379141862766e-14
1_regimeA_r4_vs_round4_code,theta3,8,0,122,1.942890293094024e-16,5.88418203051333e-15
1_regimeA_r4_vs_round4_code,theta2,8,0,122,1.942890293094024e-15,3.8191672047105385e-14
1_regimeA_r4_vs_round4_code,theta3,8,0,123,2.7755575615628914e-16,9.2148511043888e-15
1_regimeA_r4_vs_round4_code,theta2,8,0,123,3.58046925441613e-15,7.416289804496046e-14
1_regimeA_r4_vs_round4_code,theta3,8,0,124,2.2898349882893854e-16,6.439293542825908e-15
1_regimeA_r4_vs_round4_code,theta2,8,0,124,2.609024107869118e-15,2.2426505097428162e-14
1_regimeA_r4_vs_round4_code,theta3,8,0,125,3.885780586188048e-16,6.106226635438361e-15
1_regimeA_r4_vs_round4_code,theta2,8,0,125,4.718447854656915e-15,3.26405569239796e-14
1_regimeA_r4_vs_round4_code,theta3,8,0,126,2.220446049250313e-16,5.218048215738236e-15
1_regimeA_r4_vs_round4_code,theta2,8,0,126,3.6637359812630166e-15,1.787459069646502e-14
1_regimeA_r4_vs_round4_code,theta3,8,0,127,3.3306690738754696e-16,8.215650382226158e-15
1_regimeA_r4_vs_round4_code,theta2,8,0,127,3.774758283725532e-15,4.3298697960381105e-14
1_regimeA_r4_vs_round4_code,theta3,8,0,128,2.3592239273284576e-16,1.532107773982716e-14
1_regimeA_r4_vs_round4_code,theta2,8,0,128,1.4988010832439613e-15,2.375877272697835e-14
1_regimeA_r4_vs_round4_code,theta3,8,0,129,2.498001805406602e-16,7.549516567451064e-15
1_regimeA_r4_vs_round4_code,theta2,8,0,129,3.191891195797325e-15,2.375877272697835e-14
1_regimeA_r4_vs_round4_code,theta3,8,0,130,2.220446049250313e-16,4.440892098500626e-15
1_regimeA_r4_vs_round4_code,theta2,8,0,130,3.774758283725532e-15,6.23945339839338e-14
1_regimeA_r4_vs_round4_code,theta3,8,0,131,2.7755575615628914e-16,4.440892098500626e-15
1_regimeA_r4_vs_round4_code,theta2,8,0,131,1.582067810090848e-15,3.241851231905457e-14
1_regimeA_r4_vs_round4_code,theta3,8,0,132,1.8041124150158794e-16,8.326672684688674e-15
1_regimeA_r4_vs_round4_code,theta2,8,0,132,3.941291737419306e-15,3.1530333899354446e-14
1_regimeA_r4_vs_round4_code,theta3,8,0,133,3.3306690738754696e-16,5.440092820663267e-15
1_regimeA_r4_vs_round4_code,theta2,8,0,133,3.885780586188048e-15,3.375077994860476e-14
1_regimeA_r4_vs_round4_code,theta3,8,0,134,3.3306690738754696e-16,4.884981308350689e-15
1_regimeA_r4_vs_round4_code,theta2,8,0,134,3.219646771412954e-15,2.042810365310288e-14
1_regimeA_r4_vs_round4_code,theta3,8,0,135,2.7755575615628914e-16,6.994405055138486e-15
1_regimeA_r4_vs_round4_code,theta2,8,0,135,3.83026943495679e-15,2.5757174171303632e-14
1_regimeA_r4_vs_round4_code,theta3,8,0,136,2.7755575615628914e-16,6.8833827526759706e-15
1_regimeA_r4_vs_round4_code,theta2,8,0,136,3.552713678800501e-15,6.994405055138486e-14
1_regimeA_r4_vs_round4_code,theta3,8,0,137,2.498001805406602e-16,6.661338147750939e-15
1_regimeA_r4_vs_round4_code,theta2,8,0,137,5.925815393936773e-15,8.526512829121202e-14
1_regimeA_r4_vs_round4_code,theta3,8,0,138,1.942890293094024e-16,7.327471962526033e-15
1_regimeA_r4_vs_round4_code,theta2,8,0,138,3.9968028886505635e-15,4.3076653355456074e-14
1_regimeA_r4_vs_round4_code,theta3,8,0,139,2.7755575615628914e-16,5.88418203051333e-15
1_regimeA_r4_vs_round4_code,theta2,8,0,139,3.2057689836051395e-15,5.795364188543317e-14
1_regimeA_r4_vs_round4_code,theta3,8,0,140,2.220446049250313e-16,5.551115123125783e-15
1_regimeA_r4_vs_round4_code,theta2,8,0,140,3.774758283725532e-15,3.6637359812630166e-14
1_regimeA_r4_vs_round4_code,theta3,8,0,141,1.942890293094024e-16,5.329070518200751e-15
1_regimeA_r4_vs_round4_code,theta2,8,0,141,1.8318679906315083e-15,1.9539925233402755e-14
1_regimeA_r4_vs_round4_code,theta3,8,0,142,2.7755575615628914e-16,2.4868995751603507e-14
1_regimeA_r4_vs_round4_code,theta2,8,0,142,4.3298697960381105e-15,6.52811138479592e-14
1_regimeA_r4_vs_round4_code,theta3,8,0,143,3.608224830031759e-16,8.43769498715119e-15
1_regimeA_r4_vs_round4_code,theta2,8,0,143,3.566591466608315e-15,5.995204332975845e-14
1_regimeA_r4_vs_round4_code,theta3,8,0,144,2.498001805406602e-16,7.438494264988549e-15
1_regimeA_r4_vs_round4_code,theta2,8,0,144,4.052314039881821e-15,5.218048215738236e-14
1_regimeA_r4_vs_round4_code,theta3,8,0,145,3.3306690738754696e-16,5.329070518200751e-15
1_regimeA_r4_vs_round4_code,theta2,8,0,145,4.218847493575595e-15,2.90878432451791e-14
1_regimeA_r4_vs_round4_code,theta3,8,0,146,3.3306690738754696e-16,9.547918011776346e-15
1_regimeA_r4_vs_round4_code,theta2,8,0,146,3.552713678800501e-15,4.1744385725905886e-14
1_regimeA_r4_vs_round4_code,theta3,8,0,147,2.636779683484747e-16,4.773959005888173e-15
1_regimeA_r4_vs_round4_code,theta2,8,0,147,4.3298697960381105e-15,1.099120794378905e-14
1_regimeA_r4_vs_round4_code,theta3,8,0,148,3.0531133177191805e-16,6.661338147750939e-15
1_regimeA_r4_vs_round4_code,theta2,8,0,148,4.884981308350689e-15,3.552713678800501e-14
1_regimeA_r4_vs_round4_code,theta3,8,0,149,1.942890293094024e-16,1.021405182655144e-14
1_regimeA_r4_vs_round4_code,theta2,8,0,149,4.3298697960381105e-15,3.552713678800501e-14
1_regimeA_r4_vs_round4_code,theta3,8,0,150,1.6653345369377348e-16,3.1086244689504383e-15
1_regimeA_r4_vs_round4_code,theta2,8,0,150,6.161737786669619e-15,4.463096558993129e-14
1_regimeA_r4_vs_round4_code,theta3,8,0,151,1.6653345369377348e-16,4.3298697960381105e-15
1_regimeA_r4_vs_round4_code,theta2,8,0,151,5.717648576819556e-15,3.3084646133829665e-14
1_regimeA_r4_vs_round4_code,theta3,8,0,152,2.220446049250313e-16,5.995204332975845e-15
1_regimeA_r4_vs_round4_code,theta2,8,0,152,3.164135620181696e-15,3.597122599785507e-14
1_regimeA_r4_vs_round4_code,theta3,8,0,153,3.0531133177191805e-16,4.440892098500626e-15
1_regimeA_r4_vs_round4_code,theta2,8,0,153,2.0539125955565396e-15,1.3655743202889425e-14
1_regimeA_r4_vs_round4_code,theta3,8,0,154,3.3306690738754696e-16,5.773159728050814e-15
1_regimeA_r4_vs_round4_code,theta2,8,0,154,5.828670879282072e-15,1.9539925233402755e-14
1_regimeA_r4_vs_round4_code,theta3,8,0,155,3.0531133177191805e-16,1.4210854715202004e-14
1_regimeA_r4_vs_round4_code,theta2,8,0,155,3.941291737419306e-15,6.639133687258436e-14
1_regimeA_r4_vs_round4_code,theta3,8,0,156,2.498001805406602e-16,5.773159728050814e-15
1_regimeA_r4_vs_round4_code,theta2,8,0,156,3.1086244689504383e-15,4.3298697960381105e-14
1_regimeA_r4_vs_round4_code,theta3,8,0,157,2.7755575615628914e-16,5.88418203051333e-15
1_regimeA_r4_vs_round4_code,theta2,8,0,157,2.9698465908722937e-15,4.707345624410664e-14
1_regimeA_r4_vs_round4_code,theta3,8,0,158,2.498001805406602e-16,4.218847493575595e-15
1_regimeA_r4_vs_round4_code,theta2,8,0,158,3.497202527569243e-15,3.419486915845482e-14
1_regimeA_r4_vs_round4_code,theta3,8,0,159,2.3592239273284576e-16,6.5503158452884236e-15
1_regimeA_r4_vs_round4_code,theta2,8,0,159,5.329070518200751e-15,4.0190073491430667e-14
1_regimeA_r4_vs_round4_code,theta3,8,0,160,2.3592239273284576e-16,1.354472090042691e-14
1_regimeA_r4_vs_round4_code,theta2,8,0,160,4.3298697960381105e-15,3.1530333899354446e-14
1_regimeA_r4_vs_round4_code,theta3,8,0,161,2.7755575615628914e-16,6.106226635438361e-15
1_regimeA_r4_vs_round4_code,theta2,8,0,161,2.3869795029440866e-15,3.3639757646142243e-14
1_regimeA_r4_vs_round4_code,theta3,8,0,162,2.636779683484747e-16,8.43769498715119e-15
1_regimeA_r4_vs_round4_code,theta2,8,0,162,3.1225022567582528e-15,2.4868995751603507e-14
1_regimeA_r4_vs_round4_code,theta3,8,0,163,3.0531133177191805e-16,6.8833827526759706e-15
1_regimeA_r4_vs_round4_code,theta2,8,0,163,3.1086244689504383e-15,2.3314683517128287e-14
1_regimeA_r4_vs_round4_code,theta3,8,0,164,2.7755575615628914e-16,1.199040866595169e-14
1_regimeA_r4_vs_round4_code,theta2,8,0,164,3.635980405647388e-15,1.1146639167236572e-13
1_regimeA_r4_vs_round4_code,theta3,8,0,165,2.220446049250313e-16,7.105427357601002e-15
1_regimeA_r4_vs_round4_code,theta2,8,0,165,2.761679773755077e-15,5.81756864903582e-14
1_regimeA_r4_vs_round4_code,theta3,8,0,166,3.3306690738754696e-16,4.551914400963142e-15
1_regimeA_r4_vs_round4_code,theta2,8,0,166,2.3869795029440866e-15,2.0650148258027912e-14
1_regimeA_r4_vs_round4_code,theta3,8,0,167,2.7755575615628914e-16,5.551115123125783e-15
1_regimeA_r4_vs_round4_code,theta2,8,0,167,3.164135620181696e-15,9.103828801926284e-14
1_regimeA_r4_vs_round4_code,theta3,8,0,168,2.220446049250313e-16,8.659739592076221e-15
1_regimeA_r4_vs_round4_code,theta2,8,0,168,2.2343238370581275e-15,1.8984813721090177e-14
1_regimeA_r4_vs_round4_code,theta3,8,0,169,2.7755575615628914e-16,6.5503158452884236e-15
1_regimeA_r4_vs_round4_code,theta2,8,0,169,5.551115123125783e-15,3.907985046680551e-14
1_regimeA_r4_vs_round4_code,theta3,8,0,170,1.942890293094024e-16,7.438494264988549e-15
1_regimeA_r4_vs_round4_code,theta2,8,0,170,3.497202527569243e-15,1.0935696792557792e-13
1_regimeA_r4_vs_round4_code,theta3,8,0,171,4.718447854656915e-16,8.215650382226158e-15
1_regimeA_r4_vs_round4_code,theta2,8,0,171,2.6506574712925612e-15,2.930988785010413e-14
1_regimeA_r4_vs_round4_code,theta3,8,0,172,3.0531133177191805e-16,5.10702591327572e-15
1_regimeA_r4_vs_round4_code,theta2,8,0,172,4.3298697960381105e-15,4.1300296516055823e-14
1_regimeA_r4_vs_round4_code,theta3,8,0,173,2.3592239273284576e-16,1.2101430968414206e-14
1_regimeA_r4_vs_round4_code,theta2,8,0,173,3.941291737419306e-15,8.748557434046234e-14
1_regimeA_r4_vs_round4_code,theta3,8,0,174,2.7755575615628914e-16,5.10702591327572e-15
1_regimeA_r4_vs_round4_code,theta2,8,0,174,3.1086244689504383e-15,1.7541523789077473e-14
1_regimeA_r4_vs_round4_code,theta3,8,0,175,3.608224830031759e-16,4.6629367034256575e-15
1_regimeA_r4_vs_round4_code,theta2,8,0,175,3.7192471324942744e-15,4.729550084903167e-14
1_regimeA_r4_vs_round4_code,theta3,8,0,176,5.551115123125783e-16,4.773959005888173e-15
1_regimeA_r4_vs_round4_code,theta2,8,0,176,4.718447854656915e-15,5.5289106626332796e-14
1_regimeA_r4_vs_round4_code,theta3,8,0,177,1.5265566588595902e-16,3.3306690738754696e-15
1_regimeA_r4_vs_round4_code,theta2,8,0,177,1.7208456881689926e-15,1.199040866595169e-14
1_regimeA_r4_vs_round4_code,theta3,8,0,178,2.914335439641036e-16,3.885780586188048e-15
1_regimeA_r4_vs_round4_code,theta2,8,0,178,4.9404924595819466e-15,3.530509218307998e-14
1_regimeA_r4_vs_round4_code,theta3,8,0,179,4.440892098500626e-16,6.8833827526759706e-15
1_regimeA_r4_vs_round4_code,theta2,8,0,179,4.496403249731884e-15,5.950795411990839e-14
1_regimeA_r4_vs_round4_code,theta3,8,0,180,2.7755575615628914e-16,8.659739592076221e-15
1_regimeA_r4_vs_round4_code,theta2,8,0,180,3.7192471324942744e-15,1.6209256159527285e-14
1_regimeA_r4_vs_round4_code,theta3,8,0,181,2.7755575615628914e-16,1.176836406102666e-14
1_regimeA_r4_vs_round4_code,theta2,8,0,181,4.163336342344337e-15,4.75175454539567e-14
1_regimeA_r4_vs_round4_code,theta3,8,0,182,2.498001805406602e-16,4.440892098500626e-15
1_regimeA_r4_vs_round4_code,theta2,8,0,182,4.829470157119431e-15,3.4638958368304884e-14
1_regimeA_r4_vs_round4_code,theta3,8,0,183,1.6653345369377348e-16,4.773959005888173e-15
1_regimeA_r4_vs_round4_code,theta2,8,0,183,1.4988010832439613e-15,3.26405569239796e-14
1_regimeA_r4_vs_round4_code,theta3,8,0,184,2.498001805406602e-16,8.215650382226158e-15
1_regimeA_r4_vs_round4_code,theta2,8,0,184,4.3576253716537394e-15,5.88418203051333e-14
1_regimeA_r4_vs_round4_code,theta3,8,0,185,2.220446049250313e-16,6.661338147750939e-15
1_regimeA_r4_vs_round4_code,theta2,8,0,185,5.995204332975845e-15,4.729550084903167e-14
1_regimeA_r4_vs_round4_code,theta3,8,0,186,2.498001805406602e-16,7.993605777301127e-15
1_regimeA_r4_vs_round4_code,theta2,8,0,186,6.38378239159465e-15,2.886579864025407e-14
1_regimeA_r4_vs_round4_code,theta3,8,0,187,1.3877787807814457e-16,5.773159728050814e-15
1_regimeA_r4_vs_round4_code,theta2,8,0,187,4.274358644806853e-15,8.01581023779363e-14
1_regimeA_r4_vs_round4_code,theta3,8,0,188,3.885780586188048e-16,4.440892098500626e-15
1_regimeA_r4_vs_round4_code,theta2,8,0,188,2.4424906541753444e-15,3.0531133177191805e-14
1_regimeA_r4_vs_round4_code,theta3,8,0,189,3.469446951953614e-16,1.2656542480726785e-14
1_regimeA_r4_vs_round4_code,theta2,8,0,189,3.774758283725532e-15,3.941291737419306e-14
1_regimeA_r4_vs_round4_code,theta3,8,0,190,2.0816681711721685e-16,5.10702591327572e-15
1_regimeA_r4_vs_round4_code,theta2,8,0,190,4.496403249731884e-15,3.9745984281580604e-14
1_regimeA_r4_vs_round4_code,theta3,8,0,191,3.0531133177191805e-16,6.106226635438361e-15
1_regimeA_r4_vs_round4_code,theta2,8,0,191,4.3298697960381105e-15,2.0650148258027912e-14
1_regimeA_r4_vs_round4_code,theta3,8,0,192,1.6653345369377348e-16,5.773159728050814e-15
1_regimeA_r4_vs_round4_code,theta2,8,0,192,4.052314039881821e-15,3.5083047578154947e-14
1_regimeA_r4_vs_round4_code,theta3,8,0,193,2.7755575615628914e-16,6.661338147750939e-15
1_regimeA_r4_vs_round4_code,theta2,8,0,193,5.218048215738236e-15,3.3306690738754696e-14
1_regimeA_r4_vs_round4_code,theta3,8,0,194,2.7755575615628914e-16,5.10702591327572e-15
1_regimeA_r4_vs_round4_code,theta2,8,0,194,3.941291737419306e-15,4.241051954068098e-14
1_regimeA_r4_vs_round4_code,theta3,8,0,195,1.6653345369377348e-16,4.6629367034256575e-15
1_regimeA_r4_vs_round4_code,theta2,8,0,195,3.552713678800501e-15,6.128431095930864e-14
1_regimeA_r4_vs_round4_code,theta3,8,0,196,1.942890293094024e-16,5.10702591327572e-15
1_regimeA_r4_vs_round4_code,theta2,8,0,196,3.608224830031759e-15,2.7755575615628914e-14
1_regimeA_r4_vs_round4_code,theta3,8,0,197,2.220446049250313e-16,6.439293542825908e-15
1_regimeA_r4_vs_round4_code,theta2,8,0,197,1.7763568394002505e-15,8.08242361927114e-14
1_regimeA_r4_vs_round4_code,theta3,8,0,198,2.7755575615628914e-16,8.881784197001252e-15
1_regimeA_r4_vs_round4_code,theta2,8,0,198,2.3314683517128287e-15,2.098321516541546e-14
1_regimeA_r4_vs_round4_code,theta3,8,0,199,1.6653345369377348e-16,6.772360450213455e-15
1_regimeA_r4_vs_round4_code,theta2,8,0,199,3.2751579226442118e-15,1.4521717162097048e-13
1_regimeA_r4_vs_round4_code,theta3,12,0,0,1.249000902703301e-16,4.6629367034256575e-15
1_regimeA_r4_vs_round4_code,theta2,12,0,0,2.9976021664879227e-15,2.042810365310288e-14
1_regimeA_r4_vs_round4_code,theta3,12,0,1,2.498001805406602e-16,6.994405055138486e-15
1_regimeA_r4_vs_round4_code,theta2,12,0,1,2.6645352591003757e-15,3.219646771412954e-14
1_regimeA_r4_vs_round4_code,theta3,12,0,2,1.942890293094024e-16,4.3298697960381105e-15
1_regimeA_r4_vs_round4_code,theta2,12,0,2,2.55351295663786e-15,2.5757174171303632e-14
1_regimeA_r4_vs_round4_code,theta3,12,0,3,3.0531133177191805e-16,4.9960036108132044e-15
1_regimeA_r4_vs_round4_code,theta2,12,0,3,4.052314039881821e-15,3.086420008457935e-14
1_regimeA_r4_vs_round4_code,theta3,12,0,4,1.1796119636642288e-16,5.773159728050814e-15
1_regimeA_r4_vs_round4_code,theta2,12,0,4,2.2898349882893854e-15,1.6431300764452317e-14
1_regimeA_r4_vs_round4_code,theta3,12,0,5,2.220446049250313e-16,4.551914400963142e-15
1_regimeA_r4_vs_round4_code,theta2,12,0,5,1.942890293094024e-15,1.2212453270876722e-14
1_regimeA_r4_vs_round4_code,theta3,12,0,6,2.498001805406602e-16,3.9968028886505635e-15
1_regimeA_r4_vs_round4_code,theta2,12,0,6,2.9976021664879227e-15,2.930988785010413e-14
1_regimeA_r4_vs_round4_code,theta3,12,0,7,2.220446049250313e-16,4.218847493575595e-15
1_regimeA_r4_vs_round4_code,theta2,12,0,7,2.4424906541753444e-15,1.4099832412739488e-14
1_regimeA_r4_vs_round4_code,theta3,12,0,8,2.498001805406602e-16,4.3298697960381105e-15
1_regimeA_r4_vs_round4_code,theta2,12,0,8,1.8318679906315083e-15,3.175237850427948e-14
1_regimeA_r4_vs_round4_code,theta3,12,0,9,1.6653345369377348e-16,4.440892098500626e-15
1_regimeA_r4_vs_round4_code,theta2,12,0,9,3.1086244689504383e-15,3.086420008457935e-14
1_regimeA_r4_vs_round4_code,theta3,12,0,10,2.7755575615628914e-16,5.551115123125783e-15
1_regimeA_r4_vs_round4_code,theta2,12,0,10,3.969047313034935e-15,5.706546346573305e-14
1_regimeA_r4_vs_round4_code,theta3,12,0,11,1.8041124150158794e-16,4.3298697960381105e-15
1_regimeA_r4_vs_round4_code,theta2,12,0,11,2.9976021664879227e-15,4.285460875053104e-14
1_regimeA_r4_vs_round4_code,theta3,12,0,12,1.6653345369377348e-16,5.440092820663267e-15
1_regimeA_r4_vs_round4_code,theta2,12,0,12,2.886579864025407e-15,2.1649348980190553e-14
1_regimeA_r4_vs_round4_code,theta3,12,0,13,3.0531133177191805e-16,5.329070518200751e-15
1_regimeA_r4_vs_round4_code,theta2,12,0,13,1.7763568394002505e-15,2.9531932455029164e-14
1_regimeA_r4_vs_round4_code,theta3,12,0,14,1.3877787807814457e-16,6.217248937900877e-15
1_regimeA_r4_vs_round4_code,theta2,12,0,14,2.220446049250313e-15,3.6415315207705135e-14
1_regimeA_r4_vs_round4_code,theta3,12,0,15,1.942890293094024e-16,5.218048215738236e-15
1_regimeA_r4_vs_round4_code,theta2,12,0,15,1.970645868709653e-15,2.3092638912203256e-14
1_regimeA_r4_vs_round4_code,theta3,12,0,16,1.942890293094024e-16,5.995204332975845e-15
1_regimeA_r4_vs_round4_code,theta2,12,0,16,2.9976021664879227e-15,2.0650148258027912e-14
1_regimeA_r4_vs_round4_code,theta3,12,0,17,1.942890293094024e-16,9.992007221626409e-15
1_regimeA_r4_vs_round4_code,theta2,12,0,17,3.497202527569243e-15,3.197442310920451e-14
1_regimeA_r4_vs_round4_code,theta3,12,0,18,1.6653345369377348e-16,5.662137425588298e-15
1_regimeA_r4_vs_round4_code,theta2,12,0,18,3.219646771412954e-15,4.1744385725905886e-14
1_regimeA_r4_vs_round4_code,theta3,12,0,19,1.6653345369377348e-16,5.10702591327572e-15
1_regimeA_r4_vs_round4_code,theta2,12,0,19,3.3306690738754696e-15,4.218847493575595e-14
1_regimeA_r4_vs_round4_code,theta3,12,0,20,1.5265566588595902e-16,6.994405055138486e-15
1_regimeA_r4_vs_round4_code,theta2,12,0,20,3.3861802251067274e-15,4.1300296516055823e-14
1_regimeA_r4_vs_round4_code,theta3,12,0,21,1.3877787807814457e-16,5.10702591327572e-15
1_regimeA_r4_vs_round4_code,theta2,12,0,21,3.219646771412954e-15,9.592326932761353e-14
1_regimeA_r4_vs_round4_code,theta3,12,0,22,2.498001805406602e-16,5.440092820663267e-15
1_regimeA_r4_vs_round4_code,theta2,12,0,22,3.219646771412954e-15,2.786659791809143e-14
1_regimeA_r4_vs_round4_code,theta3,12,0,23,1.8041124150158794e-16,5.329070518200751e-15
1_regimeA_r4_vs_round4_code,theta2,12,0,23,2.4424906541753444e-15,4.107825191113079e-14
1_regimeA_r4_vs_round4_code,theta3,12,0,24,1.3877787807814457e-16,4.884981308350689e-15
1_regimeA_r4_vs_round4_code,theta2,12,0,24,3.3306690738754696e-15,4.3520742565306136e-14
1_regimeA_r4_vs_round4_code,theta3,12,0,25,2.7755575615628914e-16,3.9968028886505635e-15
1_regimeA_r4_vs_round4_code,theta2,12,0,25,2.192690473634684e-15,1.9539925233402755e-14
1_regimeA_r4_vs_round4_code,theta3,12,0,26,1.942890293094024e-16,5.440092820663267e-15
1_regimeA_r4_vs_round4_code,theta2,12,0,26,3.0531133177191805e-15,1.354472090042691e-14
1_regimeA_r4_vs_round4_code,theta3,12,0,27,1.6653345369377348e-16,4.218847493575595e-15
1_regimeA_r4_vs_round4_code,theta2,12,0,27,3.3861802251067274e-15,3.8413716652030416e-14
1_regimeA_r4_vs_round4_code,theta3,12,0,28,1.6653345369377348e-16,6.439293542825908e-15
1_regimeA_r4_vs_round4_code,theta2,12,0,28,2.345346139520643e-15,3.708144902248023e-14
1_regimeA_r4_vs_round4_code,theta3,12,0,29,2.0816681711721685e-16,4.6629367034256575e-15
1_regimeA_r4_vs_round4_code,theta2,12,0,29,2.4980018054066022e-15,3.930189507173054e-14
1_regimeA_r4_vs_round4_code,theta3,12,0,30,2.3592239273284576e-16,6.106226635438361e-15
1_regimeA_r4_vs_round4_code,theta2,12,0,30,3.0808688933348094e-15,1.7985612998927536e-14
1_regimeA_r4_vs_round4_code,theta3,12,0,31,3.0531133177191805e-16,6.106226635438361e-15
1_regimeA_r4_vs_round4_code,theta2,12,0,31,1.4988010832439613e-15,2.3092638912203256e-14
1_regimeA_r4_vs_round4_code,theta3,12,0,32,1.942890293094024e-16,9.43689570931383e-15
1_regimeA_r4_vs_round4_code,theta2,12,0,32,3.9968028886505635e-15,5.88418203051333e-14
1_regimeA_r4_vs_round4_code,theta3,12,0,33,1.457167719820518e-16,4.440892098500626e-15
1_regimeA_r4_vs_round4_code,theta2,12,0,33,2.6645352591003757e-15,1.9539925233402755e-14
1_regimeA_r4_vs_round4_code,theta3,12,0,34,2.7755575615628914e-16,4.218847493575595e-15
1_regimeA_r4_vs_round4_code,theta2,12,0,34,3.0531133177191805e-15,3.552713678800501e-14
1_regimeA_r4_vs_round4_code,theta3,12,0,35,2.220446049250313e-16,4.6629367034256575e-15
1_regimeA_r4_vs_round4_code,theta2,12,0,35,2.0539125955565396e-15,1.532107773982716e-14
1_regimeA_r4_vs_round4_code,theta3,12,0,36,2.7755575615628914e-16,4.9960036108132044e-15
1_regimeA_r4_vs_round4_code,theta2,12,0,36,2.4424906541753444e-15,2.7755575615628914e-14
1_regimeA_r4_vs_round4_code,theta3,12,0,37,1.942890293094024e-16,5.995204332975845e-15
1_regimeA_r4_vs_round4_code,theta2,12,0,37,4.773959005888173e-15,8.260059303211165e-14
1_regimeA_r4_vs_round4_code,theta3,12,0,38,1.1102230246251565e-16,5.440092820663267e-15
1_regimeA_r4_vs_round4_code,theta2,12,0,38,3.7192471324942744e-15,2.2870594307278225e-14
1_regimeA_r4_vs_round4_code,theta3,12,0,39,2.498001805406602e-16,3.552713678800501e-15
1_regimeA_r4_vs_round4_code,theta2,12,0,39,3.858025010572419e-15,2.5979218776228663e-14
1_regimeA_r4_vs_round4_code,theta3,12,0,40,1.3877787807814457e-16,4.218847493575595e-15
1_regimeA_r4_vs_round4_code,theta2,12,0,40,4.052314039881821e-15,2.731148640577885e-14
1_regimeA_r4_vs_round4_code,theta3,12,0,41,1.6653345369377348e-16,6.5503158452884236e-15
1_regimeA_r4_vs_round4_code,theta2,12,0,41,3.2751579226442118e-15,3.3084646133829665e-14
1_regimeA_r4_vs_round4_code,theta3,12,0,42,1.3877787807814457e-16,3.885780586188048e-15
1_regimeA_r4_vs_round4_code,theta2,12,0,42,2.4147350785597155e-15,4.5075054799781356e-14
1_regimeA_r4_vs_round4_code,theta3,12,0,43,2.7755575615628914e-16,5.551115123125783e-15
1_regimeA_r4_vs_round4_code,theta2,12,0,43,2.942091015256665e-15,3.8413716652030416e-14
1_regimeA_r4_vs_round4_code,theta3,12,0,44,2.498001805406602e-16,4.6629367034256575e-15
1_regimeA_r4_vs_round4_code,theta2,12,0,44,2.3314683517128287e-15,4.907185768843192e-14
1_regimeA_r4_vs_round4_code,theta3,12,0,45,2.7755575615628914e-16,3.9968028886505635e-15
1_regimeA_r4_vs_round4_code,theta2,12,0,45,4.496403249731884e-15,3.397282455352979e-14
1_regimeA_r4_vs_round4_code,theta3,12,0,46,1.6653345369377348e-16,4.440892098500626e-15
1_regimeA_r4_vs_round4_code,theta2,12,0,46,3.3861802251067274e-15,2.6423307986078726e-14
1_regimeA_r4_vs_round4_code,theta3,12,0,47,3.0531133177191805e-16,4.107825191113079e-15
1_regimeA_r4_vs_round4_code,theta2,12,0,47,3.3306690738754696e-15,3.930189507173054e-14
1_regimeA_r4_vs_round4_code,theta3,12,0,48,2.498001805406602e-16,6.106226635438361e-15
1_regimeA_r4_vs_round4_code,theta2,12,0,48,1.7763568394002505e-15,2.5091040356528538e-14
1_regimeA_r4_vs_round4_code,theta3,12,0,49,1.942890293094024e-16,5.995204332975845e-15
1_regimeA_r4_vs_round4_code,theta2,12,0,49,3.3861802251067274e-15,1.5987211554602254e-14
1_regimeA_r4_vs_round4_code,theta3,12,0,50,1.6653345369377348e-16,5.218048215738236e-15
1_regimeA_r4_vs_round4_code,theta2,12,0,50,3.83026943495679e-15,4.574118861455645e-14
1_regimeA_r4_vs_round4_code,theta3,12,0,51,2.498001805406602e-16,5.773159728050814e-15
1_regimeA_r4_vs_round4_code,theta2,12,0,51,3.635980405647388e-15,5.750955267558311e-14
1_regimeA_r4_vs_round4_code,theta3,12,0,52,1.5265566588595902e-16,5.218048215738236e-15
1_regimeA_r4_vs_round4_code,theta2,12,0,52,3.2751579226442118e-15,2.020605904817785e-14
1_regimeA_r4_vs_round4_code,theta3,12,0,53,1.3877787807814457e-16,5.995204332975845e-15
1_regimeA_r4_vs_round4_code,theta2,12,0,53,2.886579864025407e-15,9.126033262418787e-14
1_regimeA_r4_vs_round4_code,theta3,12,0,54,2.636779683484747e-16,1.0436096431476471e-14
1_regimeA_r4_vs_round4_code,theta2,12,0,54,3.4416913763379853e-15,2.1760371282653068e-14
1_regimeA_r4_vs_round4_code,theta3,12,0,55,2.220446049250313e-16,4.3298697960381105e-15
1_regimeA_r4_vs_round4_code,theta2,12,0,55,2.0539125955565396e-15,3.042011087472929e-14
1_regimeA_r4_vs_round4_code,theta3,12,0,56,2.636779683484747e-16,5.10702591327572e-15
1_regimeA_r4_vs_round4_code,theta2,12,0,56,3.039235529911366e-15,2.0650148258027912e-14
1_regimeA_r4_vs_round4_code,theta3,12,0,57,3.885780586188048e-16,5.329070518200751e-15
1_regimeA_r4_vs_round4_code,theta2,12,0,57,3.497202527569243e-15,3.752553823233029e-14
1_regimeA_r4_vs_round4_code,theta3,12,0,58,2.220446049250313e-16,6.439293542825908e-15
1_regimeA_r4_vs_round4_code,theta2,12,0,58,2.0539125955565396e-15,2.708944180085382e-14
1_regimeA_r4_vs_round4_code,theta3,12,0,59,1.942890293094024e-16,6.106226635438361e-15
1_regimeA_r4_vs_round4_code,theta2,12,0,59,2.4980018054066022e-15,3.042011087472929e-14
1_regimeA_r4_vs_round4_code,theta3,12,0,60,3.0531133177191805e-16,3.9968028886505635e-15
1_regimeA_r4_vs_round4_code,theta2,12,0,60,2.609024107869118e-15,4.5075054799781356e-14
1_regimeA_r4_vs_round4_code,theta3,12,0,61,1.6653345369377348e-16,4.6629367034256575e-15
1_regimeA_r4_vs_round4_code,theta2,12,0,61,2.3869795029440866e-15,2.6423307986078726e-14
1_regimeA_r4_vs_round4_code,theta3,12,0,62,3.3306690738754696e-16,3.9968028886505635e-15
1_regimeA_r4_vs_round4_code,theta2,12,0,62,3.608224830031759e-15,3.108624468950438e-14
1_regimeA_r4_vs_round4_code,theta3,12,0,63,2.498001805406602e-16,4.218847493575595e-15
1_regimeA_r4_vs_round4_code,theta2,12,0,63,1.609823385706477e-15,1.354472090042691e-14
1_regimeA_r4_vs_round4_code,theta3,12,0,64,1.5265566588595902e-16,4.9960036108132044e-15
1_regimeA_r4_vs_round4_code,theta2,12,0,64,3.9968028886505635e-15,2.7755575615628914e-14
1_regimeA_r4_vs_round4_code,theta3,12,0,65,3.0531133177191805e-16,5.329070518200751e-15
1_regimeA_r4_vs_round4_code,theta2,12,0,65,2.4980018054066022e-15,3.574918139293004e-14
1_regimeA_r4_vs_round4_code,theta3,12,0,66,2.498001805406602e-16,6.772360450213455e-15
1_regimeA_r4_vs_round4_code,theta2,12,0,66,3.164135620181696e-15,2.3092638912203256e-14
1_regimeA_r4_vs_round4_code,theta3,12,0,67,1.4051260155412137e-16,3.9968028886505635e-15
1_regimeA_r4_vs_round4_code,theta2,12,0,67,2.3314683517128287e-15,2.5979218776228663e-14
1_regimeA_r4_vs_round4_code,theta3,12,0,68,2.220446049250313e-16,4.6629367034256575e-15
1_regimeA_r4_vs_round4_code,theta2,12,0,68,3.0808688933348094e-15,3.275157922644212e-14
1_regimeA_r4_vs_round4_code,theta3,12,0,69,1.942890293094024e-16,6.328271240363392e-15
1_regimeA_r4_vs_round4_code,theta2,12,0,69,4.052314039881821e-15,2.7977620220553945e-14
1_regimeA_r4_vs_round4_code,theta3,12,0,70,2.220446049250313e-16,4.551914400963142e-15
1_regimeA_r4_vs_round4_code,theta2,12,0,70,2.942091015256665e-15,2.1094237467877974e-14
1_regimeA_r4_vs_round4_code,theta3,12,0,71,1.3877787807814457e-16,4.218847493575595e-15
1_regimeA_r4_vs_round4_code,theta2,12,0,71,2.831068712794149e-15,3.1530333899354446e-14
1_regimeA_r4_vs_round4_code,theta3,12,0,72,2.7755575615628914e-16,4.107825191113079e-15
1_regimeA_r4_vs_round4_code,theta2,12,0,72,1.762479051592436e-15,1.609823385706477e-14
1_regimeA_r4_vs_round4_code,theta3,12,0,73,2.220446049250313e-16,4.3298697960381105e-15
1_regimeA_r4_vs_round4_code,theta2,12,0,73,3.941291737419306e-15,3.885780586188048e-14
1_regimeA_r4_vs_round4_code,theta3,12,0,74,2.220446049250313e-16,6.8833827526759706e-15
1_regimeA_r4_vs_round4_code,theta2,12,0,74,3.3306690738754696e-15,3.68594044175552e-14
1_regimeA_r4_vs_round4_code,theta3,12,0,75,2.3592239273284576e-16,5.551115123125783e-15
1_regimeA_r4_vs_round4_code,theta2,12,0,75,1.9984014443252818e-15,2.4980018054066022e-14
1_regimeA_r4_vs_round4_code,theta3,12,0,76,1.6653345369377348e-16,5.329070518200751e-15
1_regimeA_r4_vs_round4_code,theta2,12,0,76,3.1086244689504383e-15,2.7755575615628914e-14
1_regimeA_r4_vs_round4_code,theta3,12,0,77,1.942890293094024e-16,6.8833827526759706e-15
1_regimeA_r4_vs_round4_code,theta2,12,0,77,2.55351295663786e-15,2.5202062658991053e-14
1_regimeA_r4_vs_round4_code,theta3,12,0,78,3.3306690738754696e-16,4.107825191113079e-15
1_regimeA_r4_vs_round4_code,theta2,12,0,78,2.3869795029440866e-15,3.219646771412954e-14
1_regimeA_r4_vs_round4_code,theta3,12,0,79,1.249000902703301e-16,4.884981308350689e-15
1_regimeA_r4_vs_round4_code,theta2,12,0,79,2.886579864025407e-15,5.684341886080802e-14
1_regimeA_r4_vs_round4_code,theta3,12,0,80,1.5265566588595902e-16,4.107825191113079e-15
1_regimeA_r4_vs_round4_code,theta2,12,0,80,3.83026943495679e-15,3.6193270602780103e-14
1_regimeA_r4_vs_round4_code,theta3,12,0,81,1.6653345369377348e-16,4.884981308350689e-15
1_regimeA_r4_vs_round4_code,theta2,12,0,81,1.4432899320127035e-15,1.6542323066914832e-14
1_regimeA_r4_vs_round4_code,theta3,12,0,82,1.942890293094024e-16,5.773159728050814e-15
1_regimeA_r4_vs_round4_code,theta2,12,0,82,2.886579864025407e-15,3.2862601528904634e-14
1_regimeA_r4_vs_round4_code,theta3,12,0,83,2.220446049250313e-16,4.884981308350689e-15
1_regimeA_r4_vs_round4_code,theta2,12,0,83,4.274358644806853e-15,6.772360450213455e-14
1_regimeA_r4_vs_round4_code,theta3,12,0,84,2.0816681711721685e-16,4.3298697960381105e-15
1_regimeA_r4_vs_round4_code,theta2,12,0,84,2.1094237467877974e-15,3.241851231905457e-14
1_regimeA_r4_vs_round4_code,theta3,12,0,85,1.942890293094024e-16,5.329070518200751e-15
1_regimeA_r4_vs_round4_code,theta2,12,0,85,2.7478019859472624e-15,2.1094237467877974e-14
1_regimeA_r4_vs_round4_code,theta3,12,0,86,1.1102230246251565e-16,4.773959005888173e-15
1_regimeA_r4_vs_round4_code,theta2,12,0,86,2.55351295663786e-15,3.175237850427948e-14
1_regimeA_r4_vs_round4_code,theta3,12,0,87,2.7755575615628914e-16,6.439293542825908e-15
1_regimeA_r4_vs_round4_code,theta2,12,0,87,2.248201624865942e-15,3.4861002973229915e-14
1_regimeA_r4_vs_round4_code,theta3,12,0,88,1.942890293094024e-16,5.10702591327572e-15
1_regimeA_r4_vs_round4_code,theta2,12,0,88,3.3029134982598407e-15,3.608224830031759e-14
1_regimeA_r4_vs_round4_code,theta3,12,0,89,1.942890293094024e-16,5.329070518200751e-15
1_regimeA_r4_vs_round4_code,theta2,12,0,89,2.706168622523819e-15,5.262457136723242e-14
1_regimeA_r4_vs_round4_code,theta3,12,0,90,3.0531133177191805e-16,5.995204332975845e-15
1_regimeA_r4_vs_round4_code,theta2,12,0,90,3.2751579226442118e-15,3.68594044175552e-14
1_regimeA_r4_vs_round4_code,theta3,12,0,91,2.498001805406602e-16,5.440092820663267e-15
1_regimeA_r4_vs_round4_code,theta2,12,0,91,3.885780586188048e-15,4.39648317751562e-14
1_regimeA_r4_vs_round4_code,theta3,12,0,92,2.0816681711721685e-16,6.8833827526759706e-15
1_regimeA_r4_vs_round4_code,theta2,12,0,92,2.1371793224034263e-15,3.1308289294429414e-14
1_regimeA_r4_vs_round4_code,theta3,12,0,93,1.6653345369377348e-16,3.6637359812630166e-15
1_regimeA_r4_vs_round4_code,theta2,12,0,93,2.3592239273284576e-15,2.6867397195928788e-14
1_regimeA_r4_vs_round4_code,theta3,12,0,94,2.220446049250313e-16,4.218847493575595e-15
1_regimeA_r4_vs_round4_code,theta2,12,0,94,2.4424906541753444e-15,1.2656542480726785e-14
1_regimeA_r4_vs_round4_code,theta3,12,0,95,1.8041124150158794e-16,5.329070518200751e-15
1_regimeA_r4_vs_round4_code,theta2,12,0,95,3.3306690738754696e-15,3.552713678800501e-14
1_regimeA_r4_vs_round4_code,theta3,12,0,96,2.498001805406602e-16,6.8833827526759706e-15
1_regimeA_r4_vs_round4_code,theta2,12,0,96,3.3861802251067274e-15,3.064215547965432e-14
1_regimeA_r4_vs_round4_code,theta3,12,0,97,1.8041124150158794e-16,5.10702591327572e-15
1_regimeA_r4_vs_round4_code,theta2,12,0,97,3.635980405647388e-15,4.929390229335695e-14
1_regimeA_r4_vs_round4_code,theta3,12,0,98,2.220446049250313e-16,4.6629367034256575e-15
1_regimeA_r4_vs_round4_code,theta2,12,0,98,1.9984014443252818e-15,6.994405055138486e-15
1_regimeA_r4_vs_round4_code,theta3,12,0,99,2.220446049250313e-16,6.772360450213455e-15
1_regimeA_r4_vs_round4_code,theta2,12,0,99,2.0539125955565396e-15,3.952393967665557e-14
1_regimeA_r4_vs_round4_code,theta3,12,0,100,2.220446049250313e-16,9.325873406851315e-15
1_regimeA_r4_vs_round4_code,theta2,12,0,100,2.9976021664879227e-15,3.8191672047105385e-14
1_regimeA_r4_vs_round4_code,theta3,12,0,101,1.3877787807814457e-16,5.551115123125783e-15
1_regimeA_r4_vs_round4_code,theta2,12,0,101,3.3029134982598407e-15,3.397282455352979e-14
1_regimeA_r4_vs_round4_code,theta3,12,0,102,2.220446049250313e-16,4.6629367034256575e-15
1_regimeA_r4_vs_round4_code,theta2,12,0,102,2.4424906541753444e-15,2.2870594307278225e-14
1_regimeA_r4_vs_round4_code,theta3,12,0,103,3.0531133177191805e-16,6.661338147750939e-15
1_regimeA_r4_vs_round4_code,theta2,12,0,103,3.164135620181696e-15,2.0650148258027912e-14
1_regimeA_r4_vs_round4_code,theta3,12,0,104,1.942890293094024e-16,5.995204332975845e-15
1_regimeA_r4_vs_round4_code,theta2,12,0,104,4.9960036108132044e-15,2.708944180085382e-14
1_regimeA_r4_vs_round4_code,theta3,12,0,105,1.6653345369377348e-16,4.218847493575595e-15
1_regimeA_r4_vs_round4_code,theta2,12,0,105,2.3869795029440866e-15,2.6423307986078726e-14
1_regimeA_r4_vs_round4_code,theta3,12,0,106,2.3592239273284576e-16,4.551914400963142e-15
1_regimeA_r4_vs_round4_code,theta2,12,0,106,2.1094237467877974e-15,2.0650148258027912e-14
1_regimeA_r4_vs_round4_code,theta3,12,0,107,2.7755575615628914e-16,4.3298697960381105e-15
1_regimeA_r4_vs_round4_code,theta2,12,0,107,2.3314683517128287e-15,1.7319479184152442e-14
1_regimeA_r4_vs_round4_code,theta3,12,0,108,1.8041124150158794e-16,5.329070518200751e-15
1_regimeA_r4_vs_round4_code,theta2,12,0,108,4.6074255521944e-15,2.886579864025407e-14
1_regimeA_r4_vs_round4_code,theta3,12,0,109,2.220446049250313e-16,4.218847493575595e-15
1_regimeA_r4_vs_round4_code,theta2,12,0,109,2.220446049250313e-15,2.2648549702353193e-14
1_regimeA_r4_vs_round4_code,theta3,12,0,110,1.8041124150158794e-16,5.10702591327572e-15
1_regimeA_r4_vs_round4_code,theta2,12,0,110,3.0531133177191805e-15,2.708944180085382e-14
1_regimeA_r4_vs_round4_code,theta3,12,0,111,1.3183898417423734e-16,4.884981308350689e-15
1_regimeA_r4_vs_round4_code,theta2,12,0,111,3.552713678800501e-15,2.7977620220553945e-14
1_regimeA_r4_vs_round4_code,theta3,12,0,112,2.498001805406602e-16,4.551914400963142e-15
1_regimeA_r4_vs_round4_code,theta2,12,0,112,2.3869795029440866e-15,2.3647750424515834e-14
1_regimeA_r4_vs_round4_code,theta3,12,0,113,1.3877787807814457e-16,5.551115123125783e-15
1_regimeA_r4_vs_round4_code,theta2,12,0,113,1.4988010832439613e-15,2.19824158875781e-14
1_regimeA_r4_vs_round4_code,theta3,12,0,114,2.636779683484747e-16,3.3306690738754696e-15
1_regimeA_r4_vs_round4_code,theta2,12,0,114,3.0808688933348094e-15,4.3520742565306136e-14
1_regimeA_r4_vs_round4_code,theta3,12,0,115,1.942890293094024e-16,5.329070518200751e-15
1_regimeA_r4_vs_round4_code,theta2,12,0,115,2.4424906541753444e-15,2.9531932455029164e-14
1_regimeA_r4_vs_round4_code,theta3,12,0,116,1.942890293094024e-16,4.440892098500626e-15
1_regimeA_r4_vs_round4_code,theta2,12,0,116,3.552713678800501e-15,4.3298697960381105e-14
1_regimeA_r4_vs_round4_code,theta3,12,0,117,1.3877787807814457e-16,5.995204332975845e-15
1_regimeA_r4_vs_round4_code,theta2,12,0,117,3.2751579226442118e-15,2.5757174171303632e-14
1_regimeA_r4_vs_round4_code,theta3,12,0,118,2.220446049250313e-16,5.995204332975845e-15
1_regimeA_r4_vs_round4_code,theta2,12,0,118,2.7478019859472624e-15,3.197442310920451e-14
1_regimeA_r4_vs_round4_code,theta3,12,0,119,1.1102230246251565e-16,4.440892098500626e-15
1_regimeA_r4_vs_round4_code,theta2,12,0,119,3.0253577421035516e-15,1.7763568394002505e-14
1_regimeA_r4_vs_round4_code,theta3,12,0,120,2.220446049250313e-16,3.774758283725532e-15
1_regimeA_r4_vs_round4_code,theta2,12,0,120,2.9976021664879227e-15,2.886579864025407e-14
1_regimeA_r4_vs_round4_code,theta3,12,0,121,2.220446049250313e-16,4.884981308350689e-15
1_regimeA_r4_vs_round4_code,theta2,12,0,121,2.6645352591003757e-15,2.9753977059954195e-14
1_regimeA_r4_vs_round4_code,theta3,12,0,122,1.942890293094024e-16,4.6629367034256575e-15
1_regimeA_r4_vs_round4_code,theta2,12,0,122,2.9976021664879227e-15,3.5083047578154947e-14
1_regimeA_r4_vs_round4_code,theta3,12,0,123,1.3877787807814457e-16,4.218847493575595e-15
1_regimeA_r4_vs_round4_code,theta2,12,0,123,3.885780586188048e-15,4.707345624410664e-14
1_regimeA_r4_vs_round4_code,theta3,12,0,124,1.6653345369377348e-16,6.217248937900877e-15
1_regimeA_r4_vs_round4_code,theta2,12,0,124,3.1086244689504383e-15,3.019806626980426e-14
1_regimeA_r4_vs_round4_code,theta3,12,0,125,1.5265566588595902e-16,3.885780586188048e-15
1_regimeA_r4_vs_round4_code,theta2,12,0,125,4.6629367034256575e-15,3.430589146091734e-14
1_regimeA_r4_vs_round4_code,theta3,12,0,126,1.3877787807814457e-16,5.10702591327572e-15
1_regimeA_r4_vs_round4_code,theta2,12,0,126,3.1086244689504383e-15,3.4638958368304884e-14
1_regimeA_r4_vs_round4_code,theta3,12,0,127,2.3592239273284576e-16,5.10702591327572e-15
1_regimeA_r4_vs_round4_code,theta2,12,0,127,3.3861802251067274e-15,5.240252676230739e-14
1_regimeA_r4_vs_round4_code,theta3,12,0,128,1.942890293094024e-16,4.3298697960381105e-15
1_regimeA_r4_vs_round4_code,theta2,12,0,128,3.219646771412954e-15,1.9095836023552692e-14
1_regimeA_r4_vs_round4_code,theta3,12,0,129,1.942890293094024e-16,4.218847493575595e-15
1_regimeA_r4_vs_round4_code,theta2,12,0,129,1.2212453270876722e-15,2.1094237467877974e-14
1_regimeA_r4_vs_round4_code,theta3,12,0,130,2.220446049250313e-16,4.218847493575595e-15
1_regimeA_r4_vs_round4_code,theta2,12,0,130,2.0539125955565396e-15,2.5757174171303632e-14
1_regimeA_r4_vs_round4_code,theta3,12,0,131,1.942890293094024e-16,5.329070518200751e-15
1_regimeA_r4_vs_round4_code,theta2,12,0,131,3.2751579226442118e-15,3.1530333899354446e-14
1_regimeA_r4_vs_round4_code,theta3,12,0,132,1.6653345369377348e-16,5.773159728050814e-15
1_regimeA_r4_vs_round4_code,theta2,12,0,132,3.219646771412954e-15,2.842170943040401e-14
1_regimeA_r4_vs_round4_code,theta3,12,0,133,1.6653345369377348e-16,6.661338147750939e-15
1_regimeA_r4_vs_round4_code,theta2,12,0,133,3.6637359812630166e-15,2.2648549702353193e-14
1_regimeA_r4_vs_round4_code,theta3,12,0,134,2.220446049250313e-16,4.3298697960381105e-15
1_regimeA_r4_vs_round4_code,theta2,12,0,134,2.4980018054066022e-15,3.108624468950438e-14
1_regimeA_r4_vs_round4_code,theta3,12,0,135,1.942890293094024e-16,3.885780586188048e-15
1_regimeA_r4_vs_round4_code,theta2,12,0,135,1.887379141862766e-15,2.708944180085382e-14
1_regimeA_r4_vs_round4_code,theta3,12,0,136,1.942890293094024e-16,4.218847493575595e-15
1_regimeA_r4_vs_round4_code,theta2,12,0,136,2.275957200481571e-15,2.930988785010413e-14
1_regimeA_r4_vs_round4_code,theta3,12,0,137,3.0531133177191805e-16,6.439293542825908e-15
1_regimeA_r4_vs_round4_code,theta2,12,0,137,2.886579864025407e-15,2.1760371282653068e-14
1_regimeA_r4_vs_round4_code,theta3,12,0,138,1.6653345369377348e-16,5.329070518200751e-15
1_regimeA_r4_vs_round4_code,theta2,12,0,138,3.4416913763379853e-15,3.8191672047105385e-14
1_regimeA_r4_vs_round4_code,theta3,12,0,139,1.942890293094024e-16,6.328271240363392e-15
1_regimeA_r4_vs_round4_code,theta2,12,0,139,4.496403249731884e-15,2.6423307986078726e-14
1_regimeA_r4_vs_round4_code,theta3,12,0,140,2.7755575615628914e-16,8.659739592076221e-15
1_regimeA_r4_vs_round4_code,theta2,12,0,140,2.1094237467877974e-15,1.2101430968414206e-14
1_regimeA_r4_vs_round4_code,theta3,12,0,141,2.498001805406602e-16,5.995204332975845e-15
1_regimeA_r4_vs_round4_code,theta2,12,0,141,2.831068712794149e-15,3.4638958368304884e-14
1_regimeA_r4_vs_round4_code,theta3,12,0,142,2.498001805406602e-16,4.107825191113079e-15
1_regimeA_r4_vs_round4_code,theta2,12,0,142,2.942091015256665e-15,3.042011087472929e-14
1_regimeA_r4_vs_round4_code,theta3,12,0,143,1.942890293094024e-16,4.440892098500626e-15
1_regimeA_r4_vs_round4_code,theta2,12,0,143,2.609024107869118e-15,2.6867397195928788e-14
1_regimeA_r4_vs_round4_code,theta3,12,0,144,1.6653345369377348e-16,4.9960036108132044e-15
1_regimeA_r4_vs_round4_code,theta2,12,0,144,3.4416913763379853e-15,3.68594044175552e-14
1_regimeA_r4_vs_round4_code,theta3,12,0,145,2.220446049250313e-16,4.773959005888173e-15
1_regimeA_r4_vs_round4_code,theta2,12,0,145,3.400058012914542e-15,2.4868995751603507e-14
1_regimeA_r4_vs_round4_code,theta3,12,0,146,2.220446049250313e-16,3.219646771412954e-15
1_regimeA_r4_vs_round4_code,theta2,12,0,146,1.8318679906315083e-15,1.354472090042691e-14
1_regimeA_r4_vs_round4_code,theta3,12,0,147,2.220446049250313e-16,4.3298697960381105e-15
1_regimeA_r4_vs_round4_code,theta2,12,0,147,2.6645352591003757e-15,4.907185768843192e-14
1_regimeA_r4_vs_round4_code,theta3,12,0,148,1.6653345369377348e-16,7.216449660063518e-15
1_regimeA_r4_vs_round4_code,theta2,12,0,148,2.4702462297909733e-15,3.9745984281580604e-14
1_regimeA_r4_vs_round4_code,theta3,12,0,149,2.7755575615628914e-16,6.439293542825908e-15
1_regimeA_r4_vs_round4_code,theta2,12,0,149,2.248201624865942e-15,1.2212453270876722e-14
1_regimeA_r4_vs_round4_code,theta3,12,0,150,1.6653345369377348e-16,5.329070518200751e-15
1_regimeA_r4_vs_round4_code,theta2,12,0,150,3.4416913763379853e-15,2.5979218776228663e-14
1_regimeA_r4_vs_round4_code,theta3,12,0,151,1.942890293094024e-16,3.885780586188048e-15
1_regimeA_r4_vs_round4_code,theta2,12,0,151,3.552713678800501e-15,2.864375403532904e-14
1_regimeA_r4_vs_round4_code,theta3,12,0,152,2.220446049250313e-16,5.773159728050814e-15
1_regimeA_r4_vs_round4_code,theta2,12,0,152,3.3861802251067274e-15,3.3306690738754696e-14
1_regimeA_r4_vs_round4_code,theta3,12,0,153,1.3877787807814457e-16,5.440092820663267e-15
1_regimeA_r4_vs_round4_code,theta2,12,0,153,3.3306690738754696e-15,2.1538326677728037e-14
1_regimeA_r4_vs_round4_code,theta3,12,0,154,3.0531133177191805e-16,5.551115123125783e-15
1_regimeA_r4_vs_round4_code,theta2,12,0,154,1.6653345369377348e-15,1.3322676295501878e-14
1_regimeA_r4_vs_round4_code,theta3,12,0,155,2.498001805406602e-16,6.661338147750939e-15
1_regimeA_r4_vs_round4_code,theta2,12,0,155,3.552713678800501e-15,3.2862601528904634e-14
1_regimeA_r4_vs_round4_code,theta3,12,0,156,2.220446049250313e-16,5.551115123125783e-15
1_regimeA_r4_vs_round4_code,theta2,12,0,156,2.7200464103316335e-15,2.3092638912203256e-14
1_regimeA_r4_vs_round4_code,theta3,12,0,157,1.5265566588595902e-16,5.218048215738236e-15
1_regimeA_r4_vs_round4_code,theta2,12,0,157,3.524958103184872e-15,4.374278717023117e-14
1_regimeA_r4_vs_round4_code,theta3,12,0,158,1.6653345369377348e-16,3.9968028886505635e-15
1_regimeA_r4_vs_round4_code,theta2,12,0,158,2.886579864025407e-15,2.7977620220553945e-14
1_regimeA_r4_vs_round4_code,theta3,12,0,159,2.498001805406602e-16,4.440892098500626e-15
1_regimeA_r4_vs_round4_code,theta2,12,0,159,2.609024107869118e-15,4.440892098500626e-14
1_regimeA_r4_vs_round4_code,theta3,12,0,160,3.0531133177191805e-16,4.6629367034256575e-15
1_regimeA_r4_vs_round4_code,theta2,12,0,160,3.1086244689504383e-15,3.1530333899354446e-14
1_regimeA_r4_vs_round4_code,theta3,12,0,161,2.636779683484747e-16,1.0436096431476471e-14
1_regimeA_r4_vs_round4_code,theta2,12,0,161,2.3175905639050143e-15,4.1744385725905886e-14
1_regimeA_r4_vs_round4_code,theta3,12,0,162,2.3592239273284576e-16,7.216449660063518e-15
1_regimeA_r4_vs_round4_code,theta2,12,0,162,3.219646771412954e-15,4.263256414560601e-14
1_regimeA_r4_vs_round4_code,theta3,12,0,163,2.220446049250313e-16,4.884981308350689e-15
1_regimeA_r4_vs_round4_code,theta2,12,0,163,2.581268532253489e-15,5.040412531798211e-14
1_regimeA_r4_vs_round4_code,theta3,12,0,164,1.8041124150158794e-16,4.9960036108132044e-15
1_regimeA_r4_vs_round4_code,theta2,12,0,164,2.1094237467877974e-15,2.353672812205332e-14
1_regimeA_r4_vs_round4_code,theta3,12,0,165,1.942890293094024e-16,5.551115123125783e-15
1_regimeA_r4_vs_round4_code,theta2,12,0,165,3.2751579226442118e-15,2.6423307986078726e-14
1_regimeA_r4_vs_round4_code,theta3,12,0,166,1.1102230246251565e-16,4.6629367034256575e-15
1_regimeA_r4_vs_round4_code,theta2,12,0,166,4.6351811278100286e-15,2.5757174171303632e-14
1_regimeA_r4_vs_round4_code,theta3,12,0,167,2.498001805406602e-16,5.218048215738236e-15
1_regimeA_r4_vs_round4_code,theta2,12,0,167,2.7755575615628914e-15,4.3076653355456074e-14
1_regimeA_r4_vs_round4_code,theta3,12,0,168,1.5265566588595902e-16,4.440892098500626e-15
1_regimeA_r4_vs_round4_code,theta2,12,0,168,2.8033131371785203e-15,7.338574192772285e-14
1_regimeA_r4_vs_round4_code,theta3,12,0,169,2.498001805406602e-16,5.329070518200751e-15
1_regimeA_r4_vs_round4_code,theta2,12,0,169,2.9976021664879227e-15,3.219646771412954e-14
1_regimeA_r4_vs_round4_code,theta3,12,0,170,1.942890293094024e-16,5.662137425588298e-15
1_regimeA_r4_vs_round4_code,theta2,12,0,170,1.942890293094024e-15,3.241851231905457e-14
1_regimeA_r4_vs_round4_code,theta3,12,0,171,1.3877787807814457e-16,8.659739592076221e-15
1_regimeA_r4_vs_round4_code,theta2,12,0,171,2.7755575615628914e-15,2.6645352591003757e-14
1_regimeA_r4_vs_round4_code,theta3,12,0,172,1.3183898417423734e-16,4.6629367034256575e-15
1_regimeA_r4_vs_round4_code,theta2,12,0,172,2.9976021664879227e-15,3.2085445411667024e-14
1_regimeA_r4_vs_round4_code,theta3,12,0,173,1.942890293094024e-16,6.217248937900877e-15
1_regimeA_r4_vs_round4_code,theta2,12,0,173,2.609024107869118e-15,3.68594044175552e-14
1_regimeA_r4_vs_round4_code,theta3,12,0,174,3.3306690738754696e-16,4.9960036108132044e-15
1_regimeA_r4_vs_round4_code,theta2,12,0,174,2.831068712794149e-15,3.552713678800501e-14
1_regimeA_r4_vs_round4_code,theta3,12,0,175,2.0816681711721685e-16,5.10702591327572e-15
1_regimeA_r4_vs_round4_code,theta2,12,0,175,3.885780586188048e-15,3.219646771412954e-14
1_regimeA_r4_vs_round4_code,theta3,12,0,176,2.498001805406602e-16,4.440892098500626e-15
1_regimeA_r4_vs_round4_code,theta2,12,0,176,2.220446049250313e-15,1.4654943925052066e-14
1_regimeA_r4_vs_round4_code,theta3,12,0,177,1.6653345369377348e-16,5.662137425588298e-15
1_regimeA_r4_vs_round4_code,theta2,12,0,177,2.942091015256665e-15,2.531308496145357e-14
1_regimeA_r4_vs_round4_code,theta3,12,0,178,1.6653345369377348e-16,4.884981308350689e-15
1_regimeA_r4_vs_round4_code,theta2,12,0,178,2.0816681711721685e-15,2.0650148258027912e-14
1_regimeA_r4_vs_round4_code,theta3,12,0,179,2.7755575615628914e-16,5.662137425588298e-15
1_regimeA_r4_vs_round4_code,theta2,12,0,179,3.95516952522712e-15,3.8191672047105385e-14
1_regimeA_r4_vs_round4_code,theta3,12,0,180,1.6653345369377348e-16,4.218847493575595e-15
1_regimeA_r4_vs_round4_code,theta2,12,0,180,2.9976021664879227e-15,3.4638958368304884e-14
1_regimeA_r4_vs_round4_code,theta3,12,0,181,1.8041124150158794e-16,5.329070518200751e-15
1_regimeA_r4_vs_round4_code,theta2,12,0,181,3.6914915568786455e-15,7.216449660063518e-14
1_regimeA_r4_vs_round4_code,theta3,12,0,182,1.8041124150158794e-16,5.551115123125783e-15
1_regimeA_r4_vs_round4_code,theta2,12,0,182,2.275957200481571e-15,1.1102230246251565e-14
1_regimeA_r4_vs_round4_code,theta3,12,0,183,2.498001805406602e-16,4.6629367034256575e-15
1_regimeA_r4_vs_round4_code,theta2,12,0,183,2.831068712794149e-15,3.086420008457935e-14
1_regimeA_r4_vs_round4_code,theta3,12,0,184,2.220446049250313e-16,7.771561172376096e-15
1_regimeA_r4_vs_round4_code,theta2,12,0,184,2.55351295663786e-15,6.816769371198461e-14
1_regimeA_r4_vs_round4_code,theta3,12,0,185,2.220446049250313e-16,6.772360450213455e-15
1_regimeA_r4_vs_round4_code,theta2,12,0,185,3.4416913763379853e-15,3.197442310920451e-14
1_regimeA_r4_vs_round4_code,theta3,12,0,186,2.7755575615628914e-16,4.6629367034256575e-15
1_regimeA_r4_vs_round4_code,theta2,12,0,186,1.609823385706477e-15,2.964295475749168e-14
1_regimeA_r4_vs_round4_code,theta3,12,0,187,2.7755575615628914e-16,5.88418203051333e-15
1_regimeA_r4_vs_round4_code,theta2,12,0,187,1.942890293094024e-15,2.5979218776228663e-14
1_regimeA_r4_vs_round4_code,theta3,12,0,188,2.498001805406602e-16,5.995204332975845e-15
1_regimeA_r4_vs_round4_code,theta2,12,0,188,3.608224830031759e-15,3.530509218307998e-14
1_regimeA_r4_vs_round4_code,theta3,12,0,189,1.3877787807814457e-16,5.10702591327572e-15
1_regimeA_r4_vs_round4_code,theta2,12,0,189,4.246603069191224e-15,2.1760371282653068e-14
1_regimeA_r4_vs_round4_code,theta3,12,0,190,1.942890293094024e-16,6.328271240363392e-15
1_regimeA_r4_vs_round4_code,theta2,12,0,190,2.4980018054066022e-15,1.9206858326015208e-14
1_regimeA_r4_vs_round4_code,theta3,12,0,191,2.636779683484747e-16,6.439293542825908e-15
1_regimeA_r4_vs_round4_code,theta2,12,0,191,2.3869795029440866e-15,5.950795411990839e-14
1_regimeA_r4_vs_round4_code,theta3,12,0,192,1.3877787807814457e-16,4.884981308350689e-15
1_regimeA_r4_vs_round4_code,theta2,12,0,192,3.4139358007223564e-15,2.842170943040401e-14
1_regimeA_r4_vs_round4_code,theta3,12,0,193,3.0531133177191805e-16,7.327471962526033e-15
1_regimeA_r4_vs_round4_code,theta2,12,0,193,3.3861802251067274e-15,2.375877272697835e-14
1_regimeA_r4_vs_round4_code,theta3,12,0,194,2.220446049250313e-16,5.773159728050814e-15
1_regimeA_r4_vs_round4_code,theta2,12,0,194,3.4139358007223564e-15,6.228351168147128e-14
1_regimeA_r4_vs_round4_code,theta3,12,0,195,2.7755575615628914e-16,4.3298697960381105e-15
1_regimeA_r4_vs_round4_code,theta2,12,0,195,3.9968028886505635e-15,3.019806626980426e-14
1_regimeA_r4_vs_round4_code,theta3,12,0,196,1.36501053515925e-16,4.773959005888173e-15
1_regimeA_r4_vs_round4_code,theta2,12,0,196,2.525757381022231e-15,5.3290705182007514e-14
1_regimeA_r4_vs_round4_code,theta3,12,0,197,1.6653345369377348e-16,5.329070518200751e-15
1_regimeA_r4_vs_round4_code,theta2,12,0,197,3.6637359812630166e-15,3.8413716652030416e-14
1_regimeA_r4_vs_round4_code,theta3,12,0,198,2.220446049250313e-16,4.551914400963142e-15
1_regimeA_r4_vs_round4_code,theta2,12,0,198,1.9984014443252818e-15,2.6645352591003757e-14
1_regimeA_r4_vs_round4_code,theta3,12,0,199,1.6653345369377348e-16,3.9968028886505635e-15
1_regimeA_r4_vs_round4_code,theta2,12,0,199,3.3306690738754696e-15,3.219646771412954e-14
1_regimeB_r4_vs_round4_code,theta3,23,prop,0,8.326672684688674e-17,4.440892098500626e-16
1_regimeB_r4_vs_round4_code,theta2,23,prop,0,1.942890293094024e-16,4.440892098500626e-16
1_regimeB_r4_vs_round4_code,theta3,23,prop,1,6.938893903907228e-17,6.661338147750939e-16
1_regimeB_r4_vs_round4_code,theta2,23,prop,1,4.440892098500626e-16,8.881784197001252e-16
1_regimeB_r4_vs_round4_code,theta3,23,prop,2,8.326672684688674e-17,6.661338147750939e-16
1_regimeB_r4_vs_round4_code,theta2,23,prop,2,3.3306690738754696e-16,8.881784197001252e-16
1_regimeB_r4_vs_round4_code,theta3,23,prop,3,1.1102230246251565e-16,8.881784197001252e-16
1_regimeB_r4_vs_round4_code,theta2,23,prop,3,7.216449660063518e-16,1.1102230246251565e-15
1_regimeB_r4_vs_round4_code,theta3,23,prop,4,1.3877787807814457e-16,6.661338147750939e-16
1_regimeB_r4_vs_round4_code,theta2,23,prop,4,6.106226635438361e-16,6.661338147750939e-16
1_regimeB_r4_vs_round4_code,theta3,23,prop,5,6.938893903907228e-17,4.440892098500626e-16
1_regimeB_r4_vs_round4_code,theta2,23,prop,5,5.551115123125783e-17,7.771561172376096e-16
1_regimeB_r4_vs_round4_code,theta3,23,prop,6,1.1102230246251565e-16,6.661338147750939e-16
1_regimeB_r4_vs_round4_code,theta2,23,prop,6,1.1102230246251565e-16,6.661338147750939e-16
1_regimeB_r4_vs_round4_code,theta3,23,prop,7,8.326672684688674e-17,6.661338147750939e-16
1_regimeB_r4_vs_round4_code,theta2,23,prop,7,2.7755575615628914e-16,9.992007221626409e-16
1_regimeB_r4_vs_round4_code,theta3,23,prop,8,8.326672684688674e-17,4.440892098500626e-16
1_regimeB_r4_vs_round4_code,theta2,23,prop,8,1.1102230246251565e-16,5.551115123125783e-16
1_regimeB_r4_vs_round4_code,theta3,23,prop,9,1.3877787807814457e-16,4.440892098500626e-16
1_regimeB_r4_vs_round4_code,theta2,23,prop,9,6.661338147750939e-16,8.881784197001252e-16
1_regimeB_r4_vs_round4_code,theta3,23,prop,10,8.326672684688674e-17,4.440892098500626e-16
1_regimeB_r4_vs_round4_code,theta2,23,prop,10,1.942890293094024e-16,5.551115123125783e-16
1_regimeB_r4_vs_round4_code,theta3,23,prop,11,8.326672684688674e-17,6.661338147750939e-16
1_regimeB_r4_vs_round4_code,theta2,23,prop,11,1.6653345369377348e-16,4.440892098500626e-16
1_regimeB_r4_vs_round4_code,theta3,23,prop,12,8.326672684688674e-17,6.661338147750939e-16
1_regimeB_r4_vs_round4_code,theta2,23,prop,12,2.220446049250313e-16,6.661338147750939e-16
1_regimeB_r4_vs_round4_code,theta3,23,prop,13,5.551115123125783e-17,6.661338147750939e-16
1_regimeB_r4_vs_round4_code,theta2,23,prop,13,4.440892098500626e-16,5.551115123125783e-16
1_regimeB_r4_vs_round4_code,theta3,23,prop,14,5.551115123125783e-17,6.661338147750939e-16
1_regimeB_r4_vs_round4_code,theta2,23,prop,14,1.6653345369377348e-16,1.1102230246251565e-15
1_regimeB_r4_vs_round4_code,theta3,23,prop,15,8.326672684688674e-17,4.440892098500626e-16
1_regimeB_r4_vs_round4_code,theta2,23,prop,15,3.885780586188048e-16,6.661338147750939e-16
1_regimeB_r4_vs_round4_code,theta3,23,prop,16,6.938893903907228e-17,7.771561172376096e-16
1_regimeB_r4_vs_round4_code,theta2,23,prop,16,1.249000902703301e-16,6.661338147750939e-16
1_regimeB_r4_vs_round4_code,theta3,23,prop,17,5.551115123125783e-17,6.661338147750939e-16
1_regimeB_r4_vs_round4_code,theta2,23,prop,17,1.1102230246251565e-16,6.661338147750939e-16
1_regimeB_r4_vs_round4_code,theta3,23,prop,18,6.938893903907228e-17,4.440892098500626e-16
1_regimeB_r4_vs_round4_code,theta2,23,prop,18,1.1102230246251565e-16,5.551115123125783e-16
1_regimeB_r4_vs_round4_code,theta3,23,prop,19,8.326672684688674e-17,6.661338147750939e-16
1_regimeB_r4_vs_round4_code,theta2,23,prop,19,4.440892098500626e-16,6.661338147750939e-16
1_regimeB_r4_vs_round4_code,theta3,23,prop,20,8.326672684688674e-17,4.440892098500626e-16
1_regimeB_r4_vs_round4_code,theta2,23,prop,20,1.1102230246251565e-15,6.661338147750939e-16
1_regimeB_r4_vs_round4_code,theta3,23,prop,21,5.551115123125783e-17,6.661338147750939e-16
1_regimeB_r4_vs_round4_code,theta2,23,prop,21,1.249000902703301e-16,7.771561172376096e-16
1_regimeB_r4_vs_round4_code,theta3,23,prop,22,8.326672684688674e-17,6.661338147750939e-16
1_regimeB_r4_vs_round4_code,theta2,23,prop,22,1.1102230246251565e-16,7.771561172376096e-16
1_regimeB_r4_vs_round4_code,theta3,23,prop,23,1.6653345369377348e-16,4.440892098500626e-16
1_regimeB_r4_vs_round4_code,theta2,23,prop,23,2.2898349882893854e-16,6.661338147750939e-16
1_regimeB_r4_vs_round4_code,theta3,23,prop,24,1.1102230246251565e-16,4.440892098500626e-16
1_regimeB_r4_vs_round4_code,theta2,23,prop,24,2.498001805406602e-16,8.881784197001252e-16
1_regimeB_r4_vs_round4_code,theta3,23,prop,25,8.326672684688674e-17,4.440892098500626e-16
1_regimeB_r4_vs_round4_code,theta2,23,prop,25,3.3306690738754696e-16,7.771561172376096e-16
1_regimeB_r4_vs_round4_code,theta3,23,prop,26,4.163336342344337e-17,6.661338147750939e-16
1_regimeB_r4_vs_round4_code,theta2,23,prop,26,2.498001805406602e-16,6.661338147750939e-16
1_regimeB_r4_vs_round4_code,theta3,23,prop,27,5.551115123125783e-17,6.661338147750939e-16
1_regimeB_r4_vs_round4_code,theta2,23,prop,27,2.7755575615628914e-16,7.771561172376096e-16
1_regimeB_r4_vs_round4_code,theta3,23,prop,28,1.1102230246251565e-16,6.661338147750939e-16
1_regimeB_r4_vs_round4_code,theta2,23,prop,28,1.3877787807814457e-16,5.551115123125783e-16
1_regimeB_r4_vs_round4_code,theta3,23,prop,29,5.551115123125783e-17,4.440892098500626e-16
1_regimeB_r4_vs_round4_code,theta2,23,prop,29,1.6653345369377348e-16,6.661338147750939e-16
1_regimeB_r4_vs_round4_code,theta3,23,prop,30,5.551115123125783e-17,4.440892098500626e-16
1_regimeB_r4_vs_round4_code,theta2,23,prop,30,9.71445146547012e-17,6.661338147750939e-16
1_regimeB_r4_vs_round4_code,theta3,23,prop,31,8.326672684688674e-17,6.661338147750939e-16
1_regimeB_r4_vs_round4_code,theta2,23,prop,31,4.440892098500626e-16,7.771561172376096e-16
1_regimeB_r4_vs_round4_code,theta3,23,prop,32,8.326672684688674e-17,6.661338147750939e-16
1_regimeB_r4_vs_round4_code,theta2,23,prop,32,2.220446049250313e-16,8.881784197001252e-16
1_regimeB_r4_vs_round4_code,theta3,23,prop,33,8.326672684688674e-17,6.661338147750939e-16
1_regimeB_r4_vs_round4_code,theta2,23,prop,33,2.220446049250313e-16,5.551115123125783e-16
1_regimeB_r4_vs_round4_code,theta3,23,prop,34,4.85722573273506e-17,1.1102230246251565e-15
1_regimeB_r4_vs_round4_code,theta2,23,prop,34,1.6653345369377348e-16,5.551115123125783e-16
1_regimeB_r4_vs_round4_code,theta3,23,prop,35,6.938893903907228e-17,4.440892098500626e-16
1_regimeB_r4_vs_round4_code,theta2,23,prop,35,2.463307335887066e-16,6.661338147750939e-16
1_regimeB_r4_vs_round4_code,theta3,23,prop,36,8.326672684688674e-17,4.440892098500626e-16
1_regimeB_r4_vs_round4_code,theta2,23,prop,36,3.3306690738754696e-16,7.771561172376096e-16
1_regimeB_r4_vs_round4_code,theta3,23,prop,37,1.1102230246251565e-16,6.661338147750939e-16
1_regimeB_r4_vs_round4_code,theta2,23,prop,37,1.6653345369377348e-16,8.881784197001252e-16
1_regimeB_r4_vs_round4_code,theta3,23,prop,38,1.6653345369377348e-16,6.661338147750939e-16
1_regimeB_r4_vs_round4_code,theta2,23,prop,38,2.220446049250313e-16,8.881784197001252e-16
1_regimeB_r4_vs_round4_code,theta3,23,prop,39,8.326672684688674e-17,6.661338147750939e-16
1_regimeB_r4_vs_round4_code,theta2,23,prop,39,1.6653345369377348e-16,5.551115123125783e-16
1_regimeB_r4_vs_round4_code,theta3,23,prop,40,5.551115123125783e-17,4.440892098500626e-16
1_regimeB_r4_vs_round4_code,theta2,23,prop,40,1.448494102440634e-16,6.661338147750939e-16
1_regimeB_r4_vs_round4_code,theta3,23,prop,41,5.551115123125783e-17,6.661338147750939e-16
1_regimeB_r4_vs_round4_code,theta2,23,prop,41,2.220446049250313e-16,6.661338147750939e-16
1_regimeB_r4_vs_round4_code,theta3,23,prop,42,8.326672684688674e-17,6.661338147750939e-16
1_regimeB_r4_vs_round4_code,theta2,23,prop,42,8.326672684688674e-17,4.440892098500626e-16
1_regimeB_r4_vs_round4_code,theta3,23,prop,43,8.326672684688674e-17,4.440892098500626e-16
1_regimeB_r4_vs_round4_code,theta2,23,prop,43,1.1102230246251565e-16,4.440892098500626e-16
1_regimeB_r4_vs_round4_code,theta3,23,prop,44,4.163336342344337e-17,4.440892098500626e-16
1_regimeB_r4_vs_round4_code,theta2,23,prop,44,1.6653345369377348e-16,6.661338147750939e-16
1_regimeB_r4_vs_round4_code,theta3,23,prop,45,1.6653345369377348e-16,6.661338147750939e-16
1_regimeB_r4_vs_round4_code,theta2,23,prop,45,1.3322676295501878e-15,8.881784197001252e-16
1_regimeB_r4_vs_round4_code,theta3,23,prop,46,8.326672684688674e-17,6.661338147750939e-16
1_regimeB_r4_vs_round4_code,theta2,23,prop,46,1.3877787807814457e-16,8.881784197001252e-16
1_regimeB_r4_vs_round4_code,theta3,23,prop,47,5.551115123125783e-17,5.551115123125783e-16
1_regimeB_r4_vs_round4_code,theta2,23,prop,47,1.3877787807814457e-16,4.440892098500626e-16
1_regimeB_r4_vs_round4_code,theta3,23,prop,48,5.551115123125783e-17,6.661338147750939e-16
1_regimeB_r4_vs_round4_code,theta2,23,prop,48,2.220446049250313e-16,6.661338147750939e-16
1_regimeB_r4_vs_round4_code,theta3,23,prop,49,1.1102230246251565e-16,6.661338147750939e-16
1_regimeB_r4_vs_round4_code,theta2,23,prop,49,8.881784197001252e-16,1.3322676295501878e-15
1_regimeB_r4_vs_round4_code,theta3,23,prop,50,5.551115123125783e-17,6.661338147750939e-16
1_regimeB_r4_vs_round4_code,theta2,23,prop,50,1.1102230246251565e-16,5.551115123125783e-16
1_regimeB_r4_vs_round4_code,theta3,23,prop,51,8.326672684688674e-17,4.440892098500626e-16
1_regimeB_r4_vs_round4_code,theta2,23,prop,51,1.1102230246251565e-16,6.661338147750939e-16
1_regimeB_r4_vs_round4_code,theta3,23,prop,52,8.326672684688674e-17,6.661338147750939e-16
1_regimeB_r4_vs_round4_code,theta2,23,prop,52,4.440892098500626e-16,6.661338147750939e-16
1_regimeB_r4_vs_round4_code,theta3,23,prop,53,1.1102230246251565e-16,6.661338147750939e-16
1_regimeB_r4_vs_round4_code,theta2,23,prop,53,2.220446049250313e-16,8.881784197001252e-16
1_regimeB_r4_vs_round4_code,theta3,23,prop,54,8.326672684688674e-17,6.661338147750939e-16
1_regimeB_r4_vs_round4_code,theta2,23,prop,54,6.661338147750939e-16,7.771561172376096e-16
1_regimeB_r4_vs_round4_code,theta3,23,prop,55,8.326672684688674e-17,4.440892098500626e-16
1_regimeB_r4_vs_round4_code,theta2,23,prop,55,3.3306690738754696e-16,4.440892098500626e-16
1_regimeB_r4_vs_round4_code,theta3,23,prop,56,1.1102230246251565e-16,6.661338147750939e-16
1_regimeB_r4_vs_round4_code,theta2,23,prop,56,3.3306690738754696e-16,8.881784197001252e-16
1_regimeB_r4_vs_round4_code,theta3,23,prop,57,5.551115123125783e-17,4.440892098500626e-16
1_regimeB_r4_vs_round4_code,theta2,23,prop,57,1.6653345369377348e-16,4.440892098500626e-16
1_regimeB_r4_vs_round4_code,theta3,23,prop,58,8.326672684688674e-17,6.661338147750939e-16
1_regimeB_r4_vs_round4_code,theta2,23,prop,58,2.7755575615628914e-16,6.661338147750939e-16
1_regimeB_r4_vs_round4_code,theta3,23,prop,59,1.1102230246251565e-16,8.881784197001252e-16
1_regimeB_r4_vs_round4_code,theta2,23,prop,59,2.220446049250313e-16,1.1102230246251565e-15
1_regimeB_r4_vs_round4_code,theta3,23,prop,60,4.163336342344337e-17,4.440892098500626e-16
1_regimeB_r4_vs_round4_code,theta2,23,prop,60,1.3877787807814457e-16,5.551115123125783e-16
1_regimeB_r4_vs_round4_code,theta3,23,prop,61,8.326672684688674e-17,6.661338147750939e-16
1_regimeB_r4_vs_round4_code,theta2,23,prop,61,2.220446049250313e-16,8.881784197001252e-16
1_regimeB_r4_vs_round4_code,theta3,23,prop,62,5.551115123125783e-17,8.881784197001252e-16
1_regimeB_r4_vs_round4_code,theta2,23,prop,62,1.3877787807814457e-16,5.551115123125783e-16
1_regimeB_r4_vs_round4_code,theta3,23,prop,63,1.1102230246251565e-16,6.661338147750939e-16
1_regimeB_r4_vs_round4_code,theta2,23,prop,63,4.440892098500626e-16,8.881784197001252e-16
1_regimeB_r4_vs_round4_code,theta3,23,prop,64,8.326672684688674e-17,8.881784197001252e-16
1_regimeB_r4_vs_round4_code,theta2,23,prop,64,2.220446049250313e-16,5.551115123125783e-16
1_regimeB_r4_vs_round4_code,theta3,23,prop,65,8.326672684688674e-17,6.661338147750939e-16
1_regimeB_r4_vs_round4_code,theta2,23,prop,65,2.220446049250313e-16,6.661338147750939e-16
1_regimeB_r4_vs_round4_code,theta3,23,prop,66,8.326672684688674e-17,6.661338147750939e-16
1_regimeB_r4_vs_round4_code,theta2,23,prop,66,1.249000902703301e-16,5.551115123125783e-16
1_regimeB_r4_vs_round4_code,theta3,23,prop,67,5.551115123125783e-17,1.1102230246251565e-15
1_regimeB_r4_vs_round4_code,theta2,23,prop,67,5.551115123125783e-16,8.881784197001252e-16
1_regimeB_r4_vs_round4_code,theta3,23,prop,68,5.551115123125783e-17,8.881784197001252e-16
1_regimeB_r4_vs_round4_code,theta2,23,prop,68,8.326672684688674e-17,8.881784197001252e-16
1_regimeB_r4_vs_round4_code,theta3,23,prop,69,5.551115123125783e-17,6.661338147750939e-16
1_regimeB_r4_vs_round4_code,theta2,23,prop,69,1.1102230246251565e-16,4.440892098500626e-16
1_regimeB_r4_vs_round4_code,theta3,23,prop,70,8.326672684688674e-17,4.440892098500626e-16
1_regimeB_r4_vs_round4_code,theta2,23,prop,70,3.3306690738754696e-16,8.881784197001252e-16
1_regimeB_r4_vs_round4_code,theta3,23,prop,71,8.326672684688674e-17,6.661338147750939e-16
1_regimeB_r4_vs_round4_code,theta2,23,prop,71,1.249000902703301e-16,5.551115123125783e-16
1_regimeB_r4_vs_round4_code,theta3,23,prop,72,8.326672684688674e-17,8.881784197001252e-16
1_regimeB_r4_vs_round4_code,theta2,23,prop,72,1.1102230246251565e-15,9.992007221626409e-16
1_regimeB_r4_vs_round4_code,theta3,23,prop,73,5.551115123125783e-17,6.661338147750939e-16
1_regimeB_r4_vs_round4_code,theta2,23,prop,73,3.3306690738754696e-16,8.881784197001252e-16
1_regimeB_r4_vs_round4_code,theta3,23,prop,74,8.326672684688674e-17,5.551115123125783e-16
1_regimeB_r4_vs_round4_code,theta2,23,prop,74,1.1102230246251565e-16,6.661338147750939e-16
1_regimeB_r4_vs_round4_code,theta3,23,prop,75,8.326672684688674e-17,6.661338147750939e-16
1_regimeB_r4_vs_round4_code,theta2,23,prop,75,3.608224830031759e-16,6.661338147750939e-16
1_regimeB_r4_vs_round4_code,theta3,23,prop,76,8.326672684688674e-17,8.881784197001252e-16
1_regimeB_r4_vs_round4_code,theta2,23,prop,76,1.700029006457271e-16,5.551115123125783e-16
1_regimeB_r4_vs_round4_code,theta3,23,prop,77,8.326672684688674e-17,4.440892098500626e-16
1_regimeB_r4_vs_round4_code,theta2,23,prop,77,3.3306690738754696e-16,6.661338147750939e-16
1_regimeB_r4_vs_round4_code,theta3,23,prop,78,8.326672684688674e-17,4.440892098500626e-16
1_regimeB_r4_vs_round4_code,theta2,23,prop,78,1.6653345369377348e-16,5.551115123125783e-16
1_regimeB_r4_vs_round4_code,theta3,23,prop,79,8.326672684688674e-17,6.661338147750939e-16
1_regimeB_r4_vs_round4_code,theta2,23,prop,79,1.457167719820518e-16,5.551115123125783e-16
1_regimeB_r4_vs_round4_code,theta3,23,prop,80,5.551115123125783e-17,4.440892098500626e-16
1_regimeB_r4_vs_round4_code,theta2,23,prop,80,1.1102230246251565e-16,4.440892098500626e-16
1_regimeB_r4_vs_round4_code,theta3,23,prop,81,8.326672684688674e-17,6.661338147750939e-16
1_regimeB_r4_vs_round4_code,theta2,23,prop,81,3.3306690738754696e-16,1.1102230246251565e-15
1_regimeB_r4_vs_round4_code,theta3,23,prop,82,4.163336342344337e-17,8.881784197001252e-16
1_regimeB_r4_vs_round4_code,theta2,23,prop,82,2.7755575615628914e-16,8.881784197001252e-16
1_regimeB_r4_vs_round4_code,theta3,23,prop,83,5.551115123125783e-17,4.440892098500626e-16
1_regimeB_r4_vs_round4_code,theta2,23,prop,83,1.1102230246251565e-16,4.440892098500626e-16
1_regimeB_r4_vs_round4_code,theta3,23,prop,84,5.551115123125783e-17,6.661338147750939e-16
1_regimeB_r4_vs_round4_code,theta2,23,prop,84,1.1102230246251565e-16,8.881784197001252e-16
1_regimeB_r4_vs_round4_code,theta3,23,prop,85,8.326672684688674e-17,4.440892098500626e-16
1_regimeB_r4_vs_round4_code,theta2,23,prop,85,2.7755575615628914e-16,6.661338147750939e-16
1_regimeB_r4_vs_round4_code,theta3,23,prop,86,8.326672684688674e-17,6.661338147750939e-16
1_regimeB_r4_vs_round4_code,theta2,23,prop,86,4.3021142204224816e-16,4.440892098500626e-16
1_regimeB_r4_vs_round4_code,theta3,23,prop,87,5.551115123125783e-17,4.440892098500626e-16
1_regimeB_r4_vs_round4_code,theta2,23,prop,87,2.220446049250313e-16,6.661338147750939e-16
1_regimeB_r4_vs_round4_code,theta3,23,prop,88,8.326672684688674e-17,6.661338147750939e-16
1_regimeB_r4_vs_round4_code,theta2,23,prop,88,8.326672684688674e-17,4.440892098500626e-16
1_regimeB_r4_vs_round4_code,theta3,23,prop,89,5.551115123125783e-17,6.661338147750939e-16
1_regimeB_r4_vs_round4_code,theta2,23,prop,89,1.6653345369377348e-16,6.661338147750939e-16
1_regimeB_r4_vs_round4_code,theta3,23,prop,90,5.551115123125783e-17,6.661338147750939e-16
1_regimeB_r4_vs_round4_code,theta2,23,prop,90,1.1102230246251565e-15,1.2212453270876722e-15
1_regimeB_r4_vs_round4_code,theta3,23,prop,91,5.551115123125783e-17,6.661338147750939e-16
1_regimeB_r4_vs_round4_code,theta2,23,prop,91,1.3877787807814457e-16,6.661338147750939e-16
1_regimeB_r4_vs_round4_code,theta3,23,prop,92,5.551115123125783e-17,6.661338147750939e-16
1_regimeB_r4_vs_round4_code,theta2,23,prop,92,8.326672684688674e-17,6.661338147750939e-16
1_regimeB_r4_vs_round4_code,theta3,23,prop,93,1.1102230246251565e-16,7.771561172376096e-16
1_regimeB_r4_vs_round4_code,theta2,23,prop,93,2.220446049250313e-16,7.771561172376096e-16
1_regimeB_r4_vs_round4_code,theta3,23,prop,94,1.1102230246251565e-16,6.661338147750939e-16
1_regimeB_r4_vs_round4_code,theta2,23,prop,94,1.3877787807814457e-16,6.661338147750939e-16
1_regimeB_r4_vs_round4_code,theta3,23,prop,95,1.1102230246251565e-16,6.661338147750939e-16
1_regimeB_r4_vs_round4_code,theta2,23,prop,95,1.1102230246251565e-16,4.440892098500626e-16
1_regimeB_r4_vs_round4_code,theta3,23,prop,96,8.326672684688674e-17,8.881784197001252e-16
1_regimeB_r4_vs_round4_code,theta2,23,prop,96,2.220446049250313e-16,6.661338147750939e-16
1_regimeB_r4_vs_round4_code,theta3,23,prop,97,8.326672684688674e-17,6.661338147750939e-16
1_regimeB_r4_vs_round4_code,theta2,23,prop,97,4.440892098500626e-16,5.551115123125783e-16
1_regimeB_r4_vs_round4_code,theta3,23,prop,98,5.551115123125783e-17,6.661338147750939e-16
1_regimeB_r4_vs_round4_code,theta2,23,prop,98,1.1102230246251565e-16,7.771561172376096e-16
1_regimeB_r4_vs_round4_code,theta3,23,prop,99,8.326672684688674e-17,4.440892098500626e-16
1_regimeB_r4_vs_round4_code,theta2,23,prop,99,1.6653345369377348e-16,6.661338147750939e-16
1_regimeB_r4_vs_round4_code,theta3,23,prop,100,4.163336342344337e-17,6.661338147750939e-16
1_regimeB_r4_vs_round4_code,theta2,23,prop,100,1.6653345369377348e-16,5.551115123125783e-16
1_regimeB_r4_vs_round4_code,theta3,23,prop,101,1.1102230246251565e-16,6.661338147750939e-16
1_regimeB_r4_vs_round4_code,theta2,23,prop,101,1.3877787807814457e-16,6.661338147750939e-16
1_regimeB_r4_vs_round4_code,theta3,23,prop,102,8.326672684688674e-17,4.440892098500626e-16
1_regimeB_r4_vs_round4_code,theta2,23,prop,102,1.6653345369377348e-16,7.771561172376096e-16
1_regimeB_r4_vs_round4_code,theta3,23,prop,103,1.3877787807814457e-16,4.440892098500626e-16
1_regimeB_r4_vs_round4_code,theta2,23,prop,103,1.1102230246251565e-16,5.551115123125783e-16
1_regimeB_r4_vs_round4_code,theta3,23,prop,104,1.1102230246251565e-16,4.440892098500626e-16
1_regimeB_r4_vs_round4_code,theta2,23,prop,104,1.6653345369377348e-16,6.661338147750939e-16
1_regimeB_r4_vs_round4_code,theta3,23,prop,105,4.163336342344337e-17,8.881784197001252e-16
1_regimeB_r4_vs_round4_code,theta2,23,prop,105,2.7755575615628914e-16,1.3322676295501878e-15
1_regimeB_r4_vs_round4_code,theta3,23,prop,106,8.326672684688674e-17,8.881784197001252e-16
1_regimeB_r4_vs_round4_code,theta2,23,prop,106,8.326672684688674e-17,4.440892098500626e-16
1_regimeB_r4_vs_round4_code,theta3,23,prop,107,5.551115123125783e-17,6.661338147750939e-16
1_regimeB_r4_vs_round4_code,theta2,23,prop,107,1.6653345369377348e-16,4.440892098500626e-16
1_regimeB_r4_vs_round4_code,theta3,23,prop,108,8.326672684688674e-17,6.661338147750939e-16
1_regimeB_r4_vs_round4_code,theta2,23,prop,108,1.249000902703301e-16,5.551115123125783e-16
1_regimeB_r4_vs_round4_code,theta3,23,prop,109,1.6653345369377348e-16,6.661338147750939e-16
1_regimeB_r4_vs_round4_code,theta2,23,prop,109,3.3306690738754696e-16,1.1102230246251565e-15
1_regimeB_r4_vs_round4_code,theta3,23,prop,110,5.551115123125783e-17,6.661338147750939e-16
1_regimeB_r4_vs_round4_code,theta2,23,prop,110,3.3306690738754696e-16,7.771561172376096e-16
1_regimeB_r4_vs_round4_code,theta3,23,prop,111,5.551115123125783e-17,4.440892098500626e-16
1_regimeB_r4_vs_round4_code,theta2,23,prop,111,1.3877787807814457e-16,7.771561172376096e-16
1_regimeB_r4_vs_round4_code,theta3,23,prop,112,8.326672684688674e-17,4.440892098500626e-16
1_regimeB_r4_vs_round4_code,theta2,23,prop,112,4.440892098500626e-16,8.881784197001252e-16
1_regimeB_r4_vs_round4_code,theta3,23,prop,113,5.551115123125783e-17,6.661338147750939e-16
1_regimeB_r4_vs_round4_code,theta2,23,prop,113,1.1102230246251565e-16,6.661338147750939e-16
1_regimeB_r4_vs_round4_code,theta3,23,prop,114,1.1102230246251565e-16,4.440892098500626e-16
1_regimeB_r4_vs_round4_code,theta2,23,prop,114,1.8041124150158794e-16,6.661338147750939e-16
1_regimeB_r4_vs_round4_code,theta3,23,prop,115,6.938893903907228e-17,4.440892098500626e-16
1_regimeB_r4_vs_round4_code,theta2,23,prop,115,1.3877787807814457e-16,6.661338147750939e-16
1_regimeB_r4_vs_round4_code,theta3,23,prop,116,8.326672684688674e-17,5.551115123125783e-16
1_regimeB_r4_vs_round4_code,theta2,23,prop,116,2.220446049250313e-16,8.881784197001252e-16
1_regimeB_r4_vs_round4_code,theta3,23,prop,117,5.551115123125783e-17,6.661338147750939e-16
1_regimeB_r4_vs_round4_code,theta2,23,prop,117,1.942890293094024e-16,6.661338147750939e-16
1_regimeB_r4_vs_round4_code,theta3,23,prop,118,1.1102230246251565e-16,6.661338147750939e-16
1_regimeB_r4_vs_round4_code,theta2,23,prop,118,3.3306690738754696e-16,6.661338147750939e-16
1_regimeB_r4_vs_round4_code,theta3,23,prop,119,8.326672684688674e-17,6.661338147750939e-16
1_regimeB_r4_vs_round4_code,theta2,23,prop,119,3.3306690738754696e-16,7.771561172376096e-16
1_regimeB_r4_vs_round4_code,theta3,23,prop,120,5.551115123125783e-17,6.661338147750939e-16
1_regimeB_r4_vs_round4_code,theta2,23,prop,120,1.249000902703301e-16,6.661338147750939e-16
1_regimeB_r4_vs_round4_code,theta3,23,prop,121,8.326672684688674e-17,6.661338147750939e-16
1_regimeB_r4_vs_round4_code,theta2,23,prop,121,1.3877787807814457e-16,6.661338147750939e-16
1_regimeB_r4_vs_round4_code,theta3,23,prop,122,8.326672684688674e-17,6.661338147750939e-16
1_regimeB_r4_vs_round4_code,theta2,23,prop,122,1.1102230246251565e-16,9.992007221626409e-16
1_regimeB_r4_vs_round4_code,theta3,23,prop,123,8.326672684688674e-17,6.661338147750939e-16
1_regimeB_r4_vs_round4_code,theta2,23,prop,123,7.216449660063518e-16,8.881784197001252e-16
1_regimeB_r4_vs_round4_code,theta3,23,prop,124,8.326672684688674e-17,4.440892098500626e-16
1_regimeB_r4_vs_round4_code,theta2,23,prop,124,1.1102230246251565e-16,7.771561172376096e-16
1_regimeB_r4_vs_round4_code,theta3,23,prop,125,5.551115123125783e-17,4.440892098500626e-16
1_regimeB_r4_vs_round4_code,theta2,23,prop,125,1.6653345369377348e-16,6.661338147750939e-16
1_regimeB_r4_vs_round4_code,theta3,23,prop,126,8.326672684688674e-17,6.661338147750939e-16
1_regimeB_r4_vs_round4_code,theta2,23,prop,126,1.6653345369377348e-16,6.661338147750939e-16
1_regimeB_r4_vs_round4_code,theta3,23,prop,127,5.551115123125783e-17,4.440892098500626e-16
1_regimeB_r4_vs_round4_code,theta2,23,prop,127,1.8041124150158794e-16,4.440892098500626e-16
1_regimeB_r4_vs_round4_code,theta3,23,prop,128,8.326672684688674e-17,5.551115123125783e-16
1_regimeB_r4_vs_round4_code,theta2,23,prop,128,1.6653345369377348e-16,5.551115123125783e-16
1_regimeB_r4_vs_round4_code,theta3,23,prop,129,8.326672684688674e-17,6.661338147750939e-16
1_regimeB_r4_vs_round4_code,theta2,23,prop,129,1.6653345369377348e-16,7.771561172376096e-16
1_regimeB_r4_vs_round4_code,theta3,23,prop,130,4.163336342344337e-17,4.440892098500626e-16
1_regimeB_r4_vs_round4_code,theta2,23,prop,130,2.914335439641036e-16,8.881784197001252e-16
1_regimeB_r4_vs_round4_code,theta3,23,prop,131,1.1102230246251565e-16,8.881784197001252e-16
1_regimeB_r4_vs_round4_code,theta2,23,prop,131,1.6653345369377348e-16,4.440892098500626e-16
1_regimeB_r4_vs_round4_code,theta3,23,prop,132,5.551115123125783e-17,4.440892098500626e-16
1_regimeB_r4_vs_round4_code,theta2,23,prop,132,2.220446049250313e-16,8.881784197001252e-16
1_regimeB_r4_vs_round4_code,theta3,23,prop,133,6.938893903907228e-17,6.661338147750939e-16
1_regimeB_r4_vs_round4_code,theta2,23,prop,133,2.220446049250313e-16,5.551115123125783e-16
1_regimeB_r4_vs_round4_code,theta3,23,prop,134,1.1102230246251565e-16,6.661338147750939e-16
1_regimeB_r4_vs_round4_code,theta2,23,prop,134,1.1102230246251565e-16,6.661338147750939e-16
1_regimeB_r4_vs_round4_code,theta3,23,prop,135,5.551115123125783e-17,4.440892098500626e-16
1_regimeB_r4_vs_round4_code,theta2,23,prop,135,2.7755575615628914e-16,7.771561172376096e-16
1_regimeB_r4_vs_round4_code,theta3,23,prop,136,6.938893903907228e-17,6.661338147750939e-16
1_regimeB_r4_vs_round4_code,theta2,23,prop,136,1.942890293094024e-16,4.440892098500626e-16
1_regimeB_r4_vs_round4_code,theta3,23,prop,137,5.551115123125783e-17,4.440892098500626e-16
1_regimeB_r4_vs_round4_code,theta2,23,prop,137,2.220446049250313e-16,5.551115123125783e-16
1_regimeB_r4_vs_round4_code,theta3,23,prop,138,1.1102230246251565e-16,6.661338147750939e-16
1_regimeB_r4_vs_round4_code,theta2,23,prop,138,1.5543122344752192e-15,1.3322676295501878e-15
1_regimeB_r4_vs_round4_code,theta3,23,prop,139,5.551115123125783e-17,8.881784197001252e-16
1_regimeB_r4_vs_round4_code,theta2,23,prop,139,2.220446049250313e-16,1.3322676295501878e-15
1_regimeB_r4_vs_round4_code,theta3,23,prop,140,8.326672684688674e-17,6.661338147750939e-16
1_regimeB_r4_vs_round4_code,theta2,23,prop,140,1.8388068845354155e-16,8.881784197001252e-16
1_regimeB_r4_vs_round4_code,theta3,23,prop,141,8.326672684688674e-17,6.661338147750939e-16
1_regimeB_r4_vs_round4_code,theta2,23,prop,141,1.6653345369377348e-16,5.551115123125783e-16
1_regimeB_r4_vs_round4_code,theta3,23,prop,142,5.551115123125783e-17,6.661338147750939e-16
1_regimeB_r4_vs_round4_code,theta2,23,prop,142,2.185751579730777e-16,5.551115123125783e-16
1_regimeB_r4_vs_round4_code,theta3,23,prop,143,1.1102230246251565e-16,4.440892098500626e-16
1_regimeB_r4_vs_round4_code,theta2,23,prop,143,8.881784197001252e-16,9.992007221626409e-16
1_regimeB_r4_vs_round4_code,theta3,23,prop,144,6.938893903907228e-17,6.661338147750939e-16
1_regimeB_r4_vs_round4_code,theta2,23,prop,144,1.1102230246251565e-16,6.661338147750939e-16
1_regimeB_r4_vs_round4_code,theta3,23,prop,145,8.326672684688674e-17,6.661338147750939e-16
1_regimeB_r4_vs_round4_code,theta2,23,prop,145,2.220446049250313e-16,8.881784197001252e-16
1_regimeB_r4_vs_round4_code,theta3,23,prop,146,1.1102230246251565e-16,6.661338147750939e-16
1_regimeB_r4_vs_round4_code,theta2,23,prop,146,1.6653345369377348e-16,4.440892098500626e-16
1_regimeB_r4_vs_round4_code,theta3,23,prop,147,8.326672684688674e-17,4.440892098500626e-16
1_regimeB_r4_vs_round4_code,theta2,23,prop,147,3.3306690738754696e-16,5.551115123125783e-16
1_regimeB_r4_vs_round4_code,theta3,23,prop,148,1.1102230246251565e-16,8.881784197001252e-16
1_regimeB_r4_vs_round4_code,theta2,23,prop,148,8.326672684688674e-17,8.881784197001252e-16
1_regimeB_r4_vs_round4_code,theta3,23,prop,149,1.3877787807814457e-16,6.661338147750939e-16
1_regimeB_r4_vs_round4_code,theta2,23,prop,149,1.1102230246251565e-15,1.3322676295501878e-15
1_regimeB_r4_vs_round4_code,theta3,23,prop,150,5.551115123125783e-17,6.661338147750939e-16
1_regimeB_r4_vs_round4_code,theta2,23,prop,150,3.885780586188048e-16,6.661338147750939e-16
1_regimeB_r4_vs_round4_code,theta3,23,prop,151,5.551115123125783e-17,4.440892098500626e-16
1_regimeB_r4_vs_round4_code,theta2,23,prop,151,1.6653345369377348e-16,5.551115123125783e-16
1_regimeB_r4_vs_round4_code,theta3,23,prop,152,1.1102230246251565e-16,6.661338147750939e-16
1_regimeB_r4_vs_round4_code,theta2,23,prop,152,2.220446049250313e-16,4.440892098500626e-16
1_regimeB_r4_vs_round4_code,theta3,23,prop,153,8.326672684688674e-17,6.661338147750939e-16
1_regimeB_r4_vs_round4_code,theta2,23,prop,153,1.249000902703301e-16,5.551115123125783e-16
1_regimeB_r4_vs_round4_code,theta3,23,prop,154,6.938893903907228e-17,6.661338147750939e-16
1_regimeB_r4_vs_round4_code,theta2,23,prop,154,1.6653345369377348e-16,8.881784197001252e-16
1_regimeB_r4_vs_round4_code,theta3,23,prop,155,5.551115123125783e-17,6.661338147750939e-16
1_regimeB_r4_vs_round4_code,theta2,23,prop,155,1.6653345369377348e-16,5.551115123125783e-16
1_regimeB_r4_vs_round4_code,theta3,23,prop,156,8.326672684688674e-17,6.661338147750939e-16
1_regimeB_r4_vs_round4_code,theta2,23,prop,156,1.1102230246251565e-16,4.440892098500626e-16
1_regimeB_r4_vs_round4_code,theta3,23,prop,157,5.551115123125783e-17,6.661338147750939e-16
1_regimeB_r4_vs_round4_code,theta2,23,prop,157,1.1102230246251565e-15,9.992007221626409e-16
1_regimeB_r4_vs_round4_code,theta3,23,prop,158,6.938893903907228e-17,6.661338147750939e-16
1_regimeB_r4_vs_round4_code,theta2,23,prop,158,8.049116928532385e-16,8.881784197001252e-16
1_regimeB_r4_vs_round4_code,theta3,23,prop,159,5.551115123125783e-17,4.440892098500626e-16
1_regimeB_r4_vs_round4_code,theta2,23,prop,159,2.3592239273284576e-16,6.661338147750939e-16
1_regimeB_r4_vs_round4_code,theta3,23,prop,160,8.326672684688674e-17,6.661338147750939e-16
1_regimeB_r4_vs_round4_code,theta2,23,prop,160,2.220446049250313e-16,6.661338147750939e-16
1_regimeB_r4_vs_round4_code,theta3,23,prop,161,8.326672684688674e-17,6.661338147750939e-16
1_regimeB_r4_vs_round4_code,theta2,23,prop,161,1.6653345369377348e-16,7.771561172376096e-16
1_regimeB_r4_vs_round4_code,theta3,23,prop,162,5.551115123125783e-17,4.440892098500626e-16
1_regimeB_r4_vs_round4_code,theta2,23,prop,162,3.885780586188048e-16,8.881784197001252e-16
1_regimeB_r4_vs_round4_code,theta3,23,prop,163,8.326672684688674e-17,4.440892098500626e-16
1_regimeB_r4_vs_round4_code,theta2,23,prop,163,1.6653345369377348e-16,6.661338147750939e-16
1_regimeB_r4_vs_round4_code,theta3,23,prop,164,4.163336342344337e-17,4.440892098500626e-16
1_regimeB_r4_vs_round4_code,theta2,23,prop,164,1.1102230246251565e-16,6.661338147750939e-16
1_regimeB_r4_vs_round4_code,theta3,23,prop,165,1.1102230246251565e-16,6.661338147750939e-16
1_regimeB_r4_vs_round4_code,theta2,23,prop,165,1.7954387976359953e-16,5.551115123125783e-16
1_regimeB_r4_vs_round4_code,theta3,23,prop,166,8.326672684688674e-17,6.661338147750939e-16
1_regimeB_r4_vs_round4_code,theta2,23,prop,166,8.326672684688674e-17,4.440892098500626e-16
1_regimeB_r4_vs_round4_code,theta3,23,prop,167,8.326672684688674e-17,6.661338147750939e-16
1_regimeB_r4_vs_round4_code,theta2,23,prop,167,1.1449174941446927e-16,8.881784197001252e-16
1_regimeB_r4_vs_round4_code,theta3,23,prop,168,5.551115123125783e-17,4.440892098500626e-16
1_regimeB_r4_vs_round4_code,theta2,23,prop,168,8.326672684688674e-17,6.661338147750939e-16
1_regimeB_r4_vs_round4_code,theta3,23,prop,169,5.551115123125783e-17,6.661338147750939e-16
1_regimeB_r4_vs_round4_code,theta2,23,prop,169,1.3322676295501878e-15,1.1102230246251565e-15
1_regimeB_r4_vs_round4_code,theta3,23,prop,170,8.326672684688674e-17,6.661338147750939e-16
1_regimeB_r4_vs_round4_code,theta2,23,prop,170,1.1102230246251565e-16,5.551115123125783e-16
1_regimeB_r4_vs_round4_code,theta3,23,prop,171,5.551115123125783e-17,4.440892098500626e-16
1_regimeB_r4_vs_round4_code,theta2,23,prop,171,4.440892098500626e-16,1.1102230246251565e-15
1_regimeB_r4_vs_round4_code,theta3,23,prop,172,8.326672684688674e-17,4.440892098500626e-16
1_regimeB_r4_vs_round4_code,theta2,23,prop,172,1.6653345369377348e-16,6.661338147750939e-16
1_regimeB_r4_vs_round4_code,theta3,23,prop,173,8.326672684688674e-17,6.661338147750939e-16
1_regimeB_r4_vs_round4_code,theta2,23,prop,173,2.7755575615628914e-16,6.661338147750939e-16
1_regimeB_r4_vs_round4_code,theta3,23,prop,174,5.551115123125783e-17,4.440892098500626e-16
1_regimeB_r4_vs_round4_code,theta2,23,prop,174,1.1102230246251565e-16,6.661338147750939e-16
1_regimeB_r4_vs_round4_code,theta3,23,prop,175,8.326672684688674e-17,4.440892098500626e-16
1_regimeB_r4_vs_round4_code,theta2,23,prop,175,3.3306690738754696e-16,1.3322676295501878e-15
1_regimeB_r4_vs_round4_code,theta3,23,prop,176,6.938893903907228e-17,4.440892098500626e-16
1_regimeB_r4_vs_round4_code,theta2,23,prop,176,8.881784197001252e-16,8.881784197001252e-16
1_regimeB_r4_vs_round4_code,theta3,23,prop,177,8.326672684688674e-17,6.661338147750939e-16
1_regimeB_r4_vs_round4_code,theta2,23,prop,177,2.220446049250313e-16,7.771561172376096e-16
1_regimeB_r4_vs_round4_code,theta3,23,prop,178,8.326672684688674e-17,4.440892098500626e-16
1_regimeB_r4_vs_round4_code,theta2,23,prop,178,2.220446049250313e-16,5.551115123125783e-16
1_regimeB_r4_vs_round4_code,theta3,23,prop,179,6.938893903907228e-17,6.661338147750939e-16
1_regimeB_r4_vs_round4_code,theta2,23,prop,179,1.1102230246251565e-16,4.440892098500626e-16
1_regimeB_r4_vs_round4_code,theta3,23,prop,180,6.938893903907228e-17,6.661338147750939e-16
1_regimeB_r4_vs_round4_code,theta2,23,prop,180,1.6653345369377348e-16,6.661338147750939e-16
1_regimeB_r4_vs_round4_code,theta3,23,prop,181,1.1102230246251565e-16,6.661338147750939e-16
1_regimeB_r4_vs_round4_code,theta2,23,prop,181,1.1102230246251565e-16,4.440892098500626e-16
1_regimeB_r4_vs_round4_code,theta3,23,prop,182,1.3877787807814457e-16,5.551115123125783e-16
1_regimeB_r4_vs_round4_code,theta2,23,prop,182,8.326672684688674e-17,4.440892098500626e-16
1_regimeB_r4_vs_round4_code,theta3,23,prop,183,8.326672684688674e-17,6.661338147750939e-16
1_regimeB_r4_vs_round4_code,theta2,23,prop,183,2.220446049250313e-16,7.771561172376096e-16
1_regimeB_r4_vs_round4_code,theta3,23,prop,184,9.71445146547012e-17,6.661338147750939e-16
1_regimeB_r4_vs_round4_code,theta2,23,prop,184,2.220446049250313e-16,9.992007221626409e-16
1_regimeB_r4_vs_round4_code,theta3,23,prop,185,8.326672684688674e-17,6.661338147750939e-16
1_regimeB_r4_vs_round4_code,theta2,23,prop,185,1.6653345369377348e-16,5.551115123125783e-16
1_regimeB_r4_vs_round4_code,theta3,23,prop,186,5.551115123125783e-17,4.440892098500626e-16
1_regimeB_r4_vs_round4_code,theta2,23,prop,186,1.1102230246251565e-16,6.661338147750939e-16
1_regimeB_r4_vs_round4_code,theta3,23,prop,187,8.326672684688674e-17,6.661338147750939e-16
1_regimeB_r4_vs_round4_code,theta2,23,prop,187,2.220446049250313e-16,8.881784197001252e-16
1_regimeB_r4_vs_round4_code,theta3,23,prop,188,8.326672684688674e-17,6.661338147750939e-16
1_regimeB_r4_vs_round4_code,theta2,23,prop,188,6.661338147750939e-16,6.661338147750939e-16
1_regimeB_r4_vs_round4_code,theta3,23,prop,189,1.1102230246251565e-16,6.661338147750939e-16
1_regimeB_r4_vs_round4_code,theta2,23,prop,189,1.5265566588595902e-16,5.551115123125783e-16
1_regimeB_r4_vs_round4_code,theta3,23,prop,190,1.1102230246251565e-16,8.881784197001252e-16
1_regimeB_r4_vs_round4_code,theta2,23,prop,190,1.5265566588595902e-16,7.771561172376096e-16
1_regimeB_r4_vs_round4_code,theta3,23,prop,191,8.326672684688674e-17,4.440892098500626e-16
1_regimeB_r4_vs_round4_code,theta2,23,prop,191,2.220446049250313e-16,6.661338147750939e-16
1_regimeB_r4_vs_round4_code,theta3,23,prop,192,5.551115123125783e-17,6.661338147750939e-16
1_regimeB_r4_vs_round4_code,theta2,23,prop,192,8.881784197001252e-16,8.881784197001252e-16
1_regimeB_r4_vs_round4_code,theta3,23,prop,193,5.551115123125783e-17,6.661338147750939e-16
1_regimeB_r4_vs_round4_code,theta2,23,prop,193,3.3306690738754696e-16,6.661338147750939e-16
1_regimeB_r4_vs_round4_code,theta3,23,prop,194,1.1102230246251565e-16,4.440892098500626e-16
1_regimeB_r4_vs_round4_code,theta2,23,prop,194,8.326672684688674e-17,6.661338147750939e-16
1_regimeB_r4_vs_round4_code,theta3,23,prop,195,8.326672684688674e-17,4.440892098500626e-16
1_regimeB_r4_vs_round4_code,theta2,23,prop,195,1.6653345369377348e-16,5.551115123125783e-16
1_regimeB_r4_vs_round4_code,theta3,23,prop,196,8.326672684688674e-17,4.440892098500626e-16
1_regimeB_r4_vs_round4_code,theta2,23,prop,196,2.220446049250313e-16,1.3322676295501878e-15
1_regimeB_r4_vs_round4_code,theta3,23,prop,197,1.1102230246251565e-16,6.661338147750939e-16
1_regimeB_r4_vs_round4_code,theta2,23,prop,197,5.551115123125783e-16,7.771561172376096e-16
1_regimeB_r4_vs_round4_code,theta3,23,prop,198,8.326672684688674e-17,6.661338147750939e-16
1_regimeB_r4_vs_round4_code,theta2,23,prop,198,1.1102230246251565e-16,7.771561172376096e-16
1_regimeB_r4_vs_round4_code,theta3,23,prop,199,8.326672684688674e-17,4.440892098500626e-16
1_regimeB_r4_vs_round4_code,theta2,23,prop,199,1.6653345369377348e-16,5.551115123125783e-16
