vtag,arm,G,part,regime,budget,cost,n_L,m,estimand,population,target,interval,n_draws,n_genes,emp_var_median,est_var_over_emp_var_median,coverage_median,coverage_mean,coverage_min,width_ratio_median,emp_var_ratio_median,lambda_median,lambda_frac_zero,lambda_se_median,lambda_raw_mean_median,lambda_raw_mean_se_median,estimator,m_median
CCRCC_merged,uni_v2,23,regcomp,A,2400.0,unit,4,600,theta3,donor,design,textbook_t|fpc|lin,200,50,0.0037239226089680177,1.0002789102236782,0.865,0.8621000000000002,0.73,,,0.0,1.0,,,,r4_classical,
CCRCC_merged,uni_v2,23,regcomp,A,2400.0,unit,4,600,theta3,donor,design,textbook_t|fpc|lin|xf,200,50,0.0037239226089680177,1.0002789102236782,0.865,0.8621000000000002,0.73,,,0.0,1.0,,,,r4_classical,
CCRCC_merged,uni_v2,23,regcomp,A,2400.0,unit,4,600,theta3,donor,design,textbook_t|fpc|lin,200,50,0.0037239226089680177,1.0002789102236782,0.865,0.8621000000000002,0.73,,,0.0,1.0,,,,r4_ppi,
CCRCC_merged,uni_v2,23,regcomp,A,2400.0,unit,4,600,theta3,donor,design,textbook_t|fpc|lin|xf,200,50,0.0037239226089680177,1.0002789102236782,0.865,0.8621000000000002,0.73,,,0.0,1.0,,,,r4_ppi,
CCRCC_merged,uni_v2,23,regcomp,A,2400.0,unit,4,600,theta3,donor,design,textbook_t|fpc|lin,200,50,0.003449900503888221,1.036322754920028,0.87,0.8661999999999999,0.72,,,0.0,1.0,,,,P_classical,
CCRCC_merged,uni_v2,23,regcomp,A,2400.0,unit,4,600,theta3,donor,design,textbook_t|fpc|lin|xf,200,50,0.003449900503888221,1.036322754920028,0.87,0.8661999999999999,0.72,,,0.0,1.0,,,,P_classical,
CCRCC_merged,uni_v2,23,regcomp,A,2400.0,unit,4,600,theta3,donor,design,textbook_t|fpc|lin,200,50,0.0034018647617801547,1.0316414957223081,0.8674999999999999,0.8652,0.715,,,0.4471570075156166,0.0173,,,,P_ppi,
CCRCC_merged,uni_v2,23,regcomp,A,2400.0,unit,4,600,theta3,donor,design,textbook_t|fpc|lin|xf,200,50,0.0034018647617801547,1.0316414957223081,0.8674999999999999,0.8652,0.715,,,0.4471570075156166,0.0173,,,,P_ppi,
CCRCC_merged,uni_v2,23,regcomp,A,2400.0,unit,4,600,theta3,donor,design,textbook_t|fpc|lin,200,50,0.003303801758410976,1.0200186888740008,0.8574999999999999,0.8518000000000001,0.715,,,0.0,1.0,,,,C_classical,
CCRCC_merged,uni_v2,23,regcomp,A,2400.0,unit,4,600,theta3,donor,design,textbook_t|fpc|lin|xf,200,50,0.003303801758410976,1.0200186888740008,0.8574999999999999,0.8518000000000001,0.715,,,0.0,1.0,,,,C_classical,
CCRCC_merged,uni_v2,23,regcomp,A,2400.0,unit,4,600,theta3,donor,design,textbook_t|fpc|lin,200,50,0.003301377104586392,1.0127451770929832,0.8574999999999999,0.8543,0.705,,,0.46276066977092895,0.0088,,,,C_ppi,
CCRCC_merged,uni_v2,23,regcomp,A,2400.0,unit,4,600,theta3,donor,design,textbook_t|fpc|lin|xf,200,50,0.003301377104586392,1.0127451770929832,0.8574999999999999,0.8543,0.705,,,0.46276066977092895,0.0088,,,,C_ppi,
CCRCC_merged,uni_v2,23,regcomp,A,2400.0,unit,4,600,theta2,donor,design,textbook_t|fpc|lin,200,50,0.020192401566927767,0.9460035596433437,0.9,0.8986999999999999,0.78,,,0.0,1.0,,,,r4_classical,
CCRCC_merged,uni_v2,23,regcomp,A,2400.0,unit,4,600,theta2,donor,design,textbook_t|fpc|lin|xf,200,50,0.020192401566927767,0.9460035596433437,0.9,0.8986999999999999,0.78,,,0.0,1.0,,,,r4_classical,
CCRCC_merged,uni_v2,23,regcomp,A,2400.0,unit,4,600,theta2,donor,design,textbook_t|fpc|lin,200,50,0.020192401566927767,0.9460035596433437,0.9,0.8986999999999999,0.78,,,0.0,1.0,,,,r4_ppi,
CCRCC_merged,uni_v2,23,regcomp,A,2400.0,unit,4,600,theta2,donor,design,textbook_t|fpc|lin|xf,200,50,0.020192401566927767,0.9460035596433437,0.9,0.8986999999999999,0.78,,,0.0,1.0,,,,r4_ppi,
CCRCC_merged,uni_v2,23,regcomp,A,2400.0,unit,4,600,theta2,donor,design,textbook_t|fpc|lin,200,50,0.02019240156692778,0.9460035596433458,0.9,0.8986999999999999,0.78,,,0.0,1.0,,,,P_classical,
CCRCC_merged,uni_v2,23,regcomp,A,2400.0,unit,4,600,theta2,donor,design,textbook_t|fpc|lin|xf,200,50,0.02019240156692778,0.9460035596433458,0.9,0.8986999999999999,0.78,,,0.0,1.0,,,,P_classical,
CCRCC_merged,uni_v2,23,regcomp,A,2400.0,unit,4,600,theta2,donor,design,textbook_t|fpc|lin,200,50,0.020220112066781468,0.9496626634287808,0.9,0.8996,0.795,,,0.42270834843303806,0.0953,,,,P_ppi,
CCRCC_merged,uni_v2,23,regcomp,A,2400.0,unit,4,600,theta2,donor,design,textbook_t|fpc|lin|xf,200,50,0.020220112066781468,0.9496626634287808,0.9,0.8996,0.795,,,0.42270834843303806,0.0953,,,,P_ppi,
CCRCC_merged,uni_v2,23,regcomp,A,2400.0,unit,4,600,theta2,donor,design,textbook_t|fpc|lin,200,50,0.020192401566927767,0.9460035596433437,0.9,0.8986999999999999,0.78,,,0.0,1.0,,,,C_classical,
CCRCC_merged,uni_v2,23,regcomp,A,2400.0,unit,4,600,theta2,donor,design,textbook_t|fpc|lin|xf,200,50,0.020192401566927767,0.9460035596433437,0.9,0.8986999999999999,0.78,,,0.0,1.0,,,,C_classical,
CCRCC_merged,uni_v2,23,regcomp,A,2400.0,unit,4,600,theta2,donor,design,textbook_t|fpc|lin,200,50,0.02016453308571456,0.9518972276693831,0.9025000000000001,0.8987999999999999,0.785,,,0.39260468100555235,0.0152,,,,C_ppi,
CCRCC_merged,uni_v2,23,regcomp,A,2400.0,unit,4,600,theta2,donor,design,textbook_t|fpc|lin|xf,200,50,0.02016453308571456,0.9518972276693831,0.9025000000000001,0.8987999999999999,0.785,,,0.39260468100555235,0.0152,,,,C_ppi,
CCRCC_merged,uni_v2,23,regcomp,A,2400.0,unit,6,400,theta3,donor,design,textbook_t|fpc|lin,200,50,0.0026160849434482885,1.0561369208185236,0.8925000000000001,0.8843,0.755,,,0.0,1.0,,,,r4_classical,
CCRCC_merged,uni_v2,23,regcomp,A,2400.0,unit,6,400,theta3,donor,design,textbook_t|fpc|lin|xf,200,50,0.0026160849434482885,1.0561369208185236,0.8925000000000001,0.8843,0.755,,,0.0,1.0,,,,r4_classical,
CCRCC_merged,uni_v2,23,regcomp,A,2400.0,unit,6,400,theta3,donor,design,textbook_t|fpc|lin,200,50,0.00221590488709703,1.0314068006644779,0.8925000000000001,0.8884000000000001,0.795,,,0.5276385112364899,0.0468,,,,r4_ppi,
CCRCC_merged,uni_v2,23,regcomp,A,2400.0,unit,6,400,theta3,donor,design,textbook_t|fpc|lin|xf,200,50,0.00221590488709703,1.05462922127042,0.895,0.8909,0.805,,,0.5276385112364899,0.0468,,,,r4_ppi,
CCRCC_merged,uni_v2,23,regcomp,A,2400.0,unit,6,400,theta3,donor,design,textbook_t|fpc|lin,200,50,0.0025363723829142453,1.0687297764992345,0.89,0.8831000000000002,0.76,,,0.0,1.0,,,,P_classical,
CCRCC_merged,uni_v2,23,regcomp,A,2400.0,unit,6,400,theta3,donor,design,textbook_t|fpc|lin|xf,200,50,0.0025363723829142453,1.0687297764992345,0.89,0.8831000000000002,0.76,,,0.0,1.0,,,,P_classical,
CCRCC_merged,uni_v2,23,regcomp,A,2400.0,unit,6,400,theta3,donor,design,textbook_t|fpc|lin,200,50,0.002163960537206802,1.0170897117726403,0.8875,0.8884000000000001,0.775,,,0.47564520515364694,0.0165,,,,P_ppi,
CCRCC_merged,uni_v2,23,regcomp,A,2400.0,unit,6,400,theta3,donor,design,textbook_t|fpc|lin|xf,200,50,0.002163960537206802,1.038400414652715,0.895,0.8918999999999998,0.78,,,0.47564520515364694,0.0165,,,,P_ppi,
CCRCC_merged,uni_v2,23,regcomp,A,2400.0,unit,6,400,theta3,donor,design,textbook_t|fpc|lin,200,50,0.002100438727343934,1.0884344242151776,0.8875,0.8757,0.765,,,0.0,1.0,,,,C_classical,
CCRCC_merged,uni_v2,23,regcomp,A,2400.0,unit,6,400,theta3,donor,design,textbook_t|fpc|lin|xf,200,50,0.002100438727343934,1.0884344242151776,0.8875,0.8757,0.765,,,0.0,1.0,,,,C_classical,
CCRCC_merged,uni_v2,23,regcomp,A,2400.0,unit,6,400,theta3,donor,design,textbook_t|fpc|lin,200,50,0.0019211051726047799,1.0333871384280173,0.895,0.8886,0.785,,,0.48191448008368515,0.0064,,,,C_ppi,
CCRCC_merged,uni_v2,23,regcomp,A,2400.0,unit,6,400,theta3,donor,design,textbook_t|fpc|lin|xf,200,50,0.0019211051726047799,1.0530963002196039,0.895,0.8911,0.785,,,0.48191448008368515,0.0064,,,,C_ppi,
CCRCC_merged,uni_v2,23,regcomp,A,2400.0,unit,6,400,theta2,donor,design,textbook_t|fpc|lin,200,50,0.012620432137016926,0.9532992390504047,0.895,0.8841000000000001,0.78,,,0.0,1.0,,,,r4_classical,
CCRCC_merged,uni_v2,23,regcomp,A,2400.0,unit,6,400,theta2,donor,design,textbook_t|fpc|lin|xf,200,50,0.012620432137016926,0.9532992390504047,0.895,0.8841000000000001,0.78,,,0.0,1.0,,,,r4_classical,
CCRCC_merged,uni_v2,23,regcomp,A,2400.0,unit,6,400,theta2,donor,design,textbook_t|fpc|lin,200,50,0.011597943187550995,0.930797383073289,0.89,0.8835,0.78,,,0.5,0.2964,,,,r4_ppi,
CCRCC_merged,uni_v2,23,regcomp,A,2400.0,unit,6,400,theta2,donor,design,textbook_t|fpc|lin|xf,200,50,0.011597943187550995,0.9383523526141122,0.8925000000000001,0.8852,0.78,,,0.5,0.2964,,,,r4_ppi,
CCRCC_merged,uni_v2,23,regcomp,A,2400.0,unit,6,400,theta2,donor,design,textbook_t|fpc|lin,200,50,0.012620432137016914,0.9532992390504054,0.895,0.8841000000000001,0.78,,,0.0,1.0,,,,P_classical,
CCRCC_merged,uni_v2,23,regcomp,A,2400.0,unit,6,400,theta2,donor,design,textbook_t|fpc|lin|xf,200,50,0.012620432137016914,0.9532992390504054,0.895,0.8841000000000001,0.78,,,0.0,1.0,,,,P_classical,
CCRCC_merged,uni_v2,23,regcomp,A,2400.0,unit,6,400,theta2,donor,design,textbook_t|fpc|lin,200,50,0.011589760170323647,0.9302588242671634,0.8875,0.8831000000000002,0.79,,,0.5,0.1267,,,,P_ppi,
CCRCC_merged,uni_v2,23,regcomp,A,2400.0,unit,6,400,theta2,donor,design,textbook_t|fpc|lin|xf,200,50,0.011589760170323647,0.9438039374055215,0.89,0.885,0.79,,,0.5,0.1267,,,,P_ppi,
CCRCC_merged,uni_v2,23,regcomp,A,2400.0,unit,6,400,theta2,donor,design,textbook_t|fpc|lin,200,50,0.012620432137016928,0.9532992390504051,0.895,0.8841000000000001,0.78,,,0.0,1.0,,,,C_classical,
CCRCC_merged,uni_v2,23,regcomp,A,2400.0,unit,6,400,theta2,donor,design,textbook_t|fpc|lin|xf,200,50,0.012620432137016928,0.9532992390504051,0.895,0.8841000000000001,0.78,,,0.0,1.0,,,,C_classical,
CCRCC_merged,uni_v2,23,regcomp,A,2400.0,unit,6,400,theta2,donor,design,textbook_t|fpc|lin,200,50,0.011552430194068743,0.9341984438730353,0.89,0.8833,0.785,,,0.4604482054768977,0.0095,,,,C_ppi,
CCRCC_merged,uni_v2,23,regcomp,A,2400.0,unit,6,400,theta2,donor,design,textbook_t|fpc|lin|xf,200,50,0.011552430194068743,0.9459328833613453,0.89,0.8856000000000002,0.79,,,0.4604482054768977,0.0095,,,,C_ppi,
CCRCC_merged,uni_v2,23,regcomp,A,2400.0,unit,8,300,theta3,donor,design,textbook_t|fpc|lin,200,50,0.002180675467818744,0.9671897688591011,0.885,0.8801000000000002,0.785,,,0.0,1.0,,,,r4_classical,
CCRCC_merged,uni_v2,23,regcomp,A,2400.0,unit,8,300,theta3,donor,design,textbook_t|fpc|lin|xf,200,50,0.002180675467818744,0.9671897688591011,0.885,0.8801000000000002,0.785,,,0.0,1.0,,,,r4_classical,
CCRCC_merged,uni_v2,23,regcomp,A,2400.0,unit,8,300,theta3,donor,design,textbook_t|fpc|lin,200,50,0.0016679235999729316,0.9558612574427285,0.885,0.8846999999999998,0.78,,,0.5695302708229937,0.0321,,,,r4_ppi,
CCRCC_merged,uni_v2,23,regcomp,A,2400.0,unit,8,300,theta3,donor,design,textbook_t|fpc|lin|xf,200,50,0.0016679235999729316,0.9765661641044473,0.89,0.8871000000000001,0.785,,,0.5695302708229937,0.0321,,,,r4_ppi,
CCRCC_merged,uni_v2,23,regcomp,A,2400.0,unit,8,300,theta3,donor,design,textbook_t|fpc|lin,200,50,0.0019295711624002817,1.003704571234973,0.875,0.8758,0.795,,,0.0,1.0,,,,P_classical,
CCRCC_merged,uni_v2,23,regcomp,A,2400.0,unit,8,300,theta3,donor,design,textbook_t|fpc|lin|xf,200,50,0.0019295711624002817,1.003704571234973,0.875,0.8758,0.795,,,0.0,1.0,,,,P_classical,
CCRCC_merged,uni_v2,23,regcomp,A,2400.0,unit,8,300,theta3,donor,design,textbook_t|fpc|lin,200,50,0.0017221633241357968,0.9623401955743139,0.885,0.8825999999999999,0.79,,,0.4724126429077582,0.0145,,,,P_ppi,
CCRCC_merged,uni_v2,23,regcomp,A,2400.0,unit,8,300,theta3,donor,design,textbook_t|fpc|lin|xf,200,50,0.0017221633241357968,0.9826614155205029,0.89,0.8861,0.795,,,0.4724126429077582,0.0145,,,,P_ppi,
CCRCC_merged,uni_v2,23,regcomp,A,2400.0,unit,8,300,theta3,donor,design,textbook_t|fpc|lin,200,50,0.001639702112202227,0.9704871180418481,0.8775,0.8598999999999998,0.71,,,0.0,1.0,,,,C_classical,
CCRCC_merged,uni_v2,23,regcomp,A,2400.0,unit,8,300,theta3,donor,design,textbook_t|fpc|lin|xf,200,50,0.001639702112202227,0.9704871180418481,0.8775,0.8598999999999998,0.71,,,0.0,1.0,,,,C_classical,
CCRCC_merged,uni_v2,23,regcomp,A,2400.0,unit,8,300,theta3,donor,design,textbook_t|fpc|lin,200,50,0.0016077009876581964,0.9215534532137869,0.88,0.8717999999999999,0.765,,,0.47863122057169966,0.0038,,,,C_ppi,
CCRCC_merged,uni_v2,23,regcomp,A,2400.0,unit,8,300,theta3,donor,design,textbook_t|fpc|lin|xf,200,50,0.0016077009876581964,0.9423946624877471,0.88,0.8758000000000001,0.77,,,0.47863122057169966,0.0038,,,,C_ppi,
CCRCC_merged,uni_v2,23,regcomp,A,2400.0,unit,8,300,theta2,donor,design,textbook_t|fpc|lin,200,50,0.00838551140676317,1.0457383117732433,0.905,0.8984000000000001,0.835,,,0.0,1.0,,,,r4_classical,
CCRCC_merged,uni_v2,23,regcomp,A,2400.0,unit,8,300,theta2,donor,design,textbook_t|fpc|lin|xf,200,50,0.00838551140676317,1.0457383117732433,0.905,0.8984000000000001,0.835,,,0.0,1.0,,,,r4_classical,
CCRCC_merged,uni_v2,23,regcomp,A,2400.0,unit,8,300,theta2,donor,design,textbook_t|fpc|lin,200,50,0.007368710919936424,0.9810549015875368,0.89,0.8841,0.795,,,0.6628972357239988,0.0966,,,,r4_ppi,
CCRCC_merged,uni_v2,23,regcomp,A,2400.0,unit,8,300,theta2,donor,design,textbook_t|fpc|lin|xf,200,50,0.007368710919936424,0.9873864712352544,0.89,0.8869,0.8,,,0.6628972357239988,0.0966,,,,r4_ppi,
CCRCC_merged,uni_v2,23,regcomp,A,2400.0,unit,8,300,theta2,donor,design,textbook_t|fpc|lin,200,50,0.008385511406763161,1.0457383117732446,0.905,0.8984000000000001,0.835,,,0.0,1.0,,,,P_classical,
CCRCC_merged,uni_v2,23,regcomp,A,2400.0,unit,8,300,theta2,donor,design,textbook_t|fpc|lin|xf,200,50,0.008385511406763161,1.0457383117732446,0.905,0.8984000000000001,0.835,,,0.0,1.0,,,,P_classical,
CCRCC_merged,uni_v2,23,regcomp,A,2400.0,unit,8,300,theta2,donor,design,textbook_t|fpc|lin,200,50,0.007412410469873007,0.9832904660665246,0.885,0.8862000000000001,0.8,,,0.5,0.1396,,,,P_ppi,
CCRCC_merged,uni_v2,23,regcomp,A,2400.0,unit,8,300,theta2,donor,design,textbook_t|fpc|lin|xf,200,50,0.007412410469873007,0.9907826754022073,0.89,0.8903,0.81,,,0.5,0.1396,,,,P_ppi,
CCRCC_merged,uni_v2,23,regcomp,A,2400.0,unit,8,300,theta2,donor,design,textbook_t|fpc|lin,200,50,0.008385511406763167,1.0457383117732433,0.905,0.8984000000000001,0.835,,,0.0,1.0,,,,C_classical,
CCRCC_merged,uni_v2,23,regcomp,A,2400.0,unit,8,300,theta2,donor,design,textbook_t|fpc|lin|xf,200,50,0.008385511406763167,1.0457383117732433,0.905,0.8984000000000001,0.835,,,0.0,1.0,,,,C_classical,
CCRCC_merged,uni_v2,23,regcomp,A,2400.0,unit,8,300,theta2,donor,design,textbook_t|fpc|lin,200,50,0.0073685610422716905,0.9783428960298703,0.89,0.8848,0.795,,,0.49219309246857434,0.0049,,,,C_ppi,
CCRCC_merged,uni_v2,23,regcomp,A,2400.0,unit,8,300,theta2,donor,design,textbook_t|fpc|lin|xf,200,50,0.0073685610422716905,0.9870314861618454,0.89,0.8882000000000001,0.795,,,0.49219309246857434,0.0049,,,,C_ppi,
CCRCC_merged,uni_v2,23,regcomp,A,2400.0,unit,12,200,theta3,donor,design,textbook_t|fpc|lin,200,50,0.0012900701611667413,1.0424916677786384,0.91,0.9055999999999998,0.835,,,0.0,1.0,,,,r4_classical,
CCRCC_merged,uni_v2,23,regcomp,A,2400.0,unit,12,200,theta3,donor,design,textbook_t|fpc|lin|xf,200,50,0.0012900701611667413,1.0424916677786384,0.91,0.9055999999999998,0.835,,,0.0,1.0,,,,r4_classical,
CCRCC_merged,uni_v2,23,regcomp,A,2400.0,unit,12,200,theta3,donor,design,textbook_t|fpc|lin,200,50,0.0010086776399597522,1.0030990588817197,0.9025000000000001,0.9029,0.82,,,0.6398702259241255,0.0075,,,,r4_ppi,
CCRCC_merged,uni_v2,23,regcomp,A,2400.0,unit,12,200,theta3,donor,design,textbook_t|fpc|lin|xf,200,50,0.0010086776399597522,1.0316776270340169,0.905,0.9059000000000001,0.835,,,0.6398702259241255,0.0075,,,,r4_ppi,
CCRCC_merged,uni_v2,23,regcomp,A,2400.0,unit,12,200,theta3,donor,design,textbook_t|fpc|lin,200,50,0.0010823109140966234,1.016086722405496,0.9,0.9012,0.815,,,0.0,1.0,,,,P_classical,
CCRCC_merged,uni_v2,23,regcomp,A,2400.0,unit,12,200,theta3,donor,design,textbook_t|fpc|lin|xf,200,50,0.0010823109140966234,1.016086722405496,0.9,0.9012,0.815,,,0.0,1.0,,,,P_classical,
CCRCC_merged,uni_v2,23,regcomp,A,2400.0,unit,12,200,theta3,donor,design,textbook_t|fpc|lin,200,50,0.001061624869837412,0.9312471276028893,0.895,0.8942000000000001,0.815,,,0.47716933096044617,0.0089,,,,P_ppi,
CCRCC_merged,uni_v2,23,regcomp,A,2400.0,unit,12,200,theta3,donor,design,textbook_t|fpc|lin|xf,200,50,0.001061624869837412,0.9598568246843173,0.9,0.8988,0.82,,,0.47716933096044617,0.0089,,,,P_ppi,
CCRCC_merged,uni_v2,23,regcomp,A,2400.0,unit,12,200,theta3,donor,design,textbook_t|fpc|lin,200,50,0.0009917038922439526,0.9975312913983065,0.9,0.8958000000000002,0.83,,,0.0,1.0,,,,C_classical,
CCRCC_merged,uni_v2,23,regcomp,A,2400.0,unit,12,200,theta3,donor,design,textbook_t|fpc|lin|xf,200,50,0.0009917038922439526,0.9975312913983065,0.9,0.8958000000000002,0.83,,,0.0,1.0,,,,C_classical,
CCRCC_merged,uni_v2,23,regcomp,A,2400.0,unit,12,200,theta3,donor,design,textbook_t|fpc|lin,200,50,0.0008843039101368501,0.9299715875930907,0.895,0.8903000000000002,0.82,,,0.47727100694381974,0.0028,,,,C_ppi,
CCRCC_merged,uni_v2,23,regcomp,A,2400.0,unit,12,200,theta3,donor,design,textbook_t|fpc|lin|xf,200,50,0.0008843039101368501,0.9642943439410614,0.9,0.8949000000000001,0.825,,,0.47727100694381974,0.0028,,,,C_ppi,
CCRCC_merged,uni_v2,23,regcomp,A,2400.0,unit,12,200,theta2,donor,design,textbook_t|fpc|lin,200,50,0.004400430916809302,1.0011949405583436,0.89,0.8876999999999999,0.805,,,0.0,1.0,,,,r4_classical,
CCRCC_merged,uni_v2,23,regcomp,A,2400.0,unit,12,200,theta2,donor,design,textbook_t|fpc|lin|xf,200,50,0.004400430916809302,1.0011949405583436,0.89,0.8876999999999999,0.805,,,0.0,1.0,,,,r4_classical,
CCRCC_merged,uni_v2,23,regcomp,A,2400.0,unit,12,200,theta2,donor,design,textbook_t|fpc|lin,200,50,0.0039732733558997466,0.9682326242099291,0.885,0.8787999999999999,0.765,,,0.6880552320886228,0.1171,,,,r4_ppi,
CCRCC_merged,uni_v2,23,regcomp,A,2400.0,unit,12,200,theta2,donor,design,textbook_t|fpc|lin|xf,200,50,0.0039732733558997466,1.003626431256193,0.885,0.8845000000000001,0.79,,,0.6880552320886228,0.1171,,,,r4_ppi,
CCRCC_merged,uni_v2,23,regcomp,A,2400.0,unit,12,200,theta2,donor,design,textbook_t|fpc|lin,200,50,0.004400430916809296,1.001194940558345,0.89,0.8876999999999999,0.805,,,0.0,1.0,,,,P_classical,
CCRCC_merged,uni_v2,23,regcomp,A,2400.0,unit,12,200,theta2,donor,design,textbook_t|fpc|lin|xf,200,50,0.004400430916809296,1.001194940558345,0.89,0.8876999999999999,0.805,,,0.0,1.0,,,,P_classical,
CCRCC_merged,uni_v2,23,regcomp,A,2400.0,unit,12,200,theta2,donor,design,textbook_t|fpc|lin,200,50,0.0039983890184162405,0.9702990684808648,0.885,0.8803,0.765,,,0.4829117061471293,0.2002,,,,P_ppi,
CCRCC_merged,uni_v2,23,regcomp,A,2400.0,unit,12,200,theta2,donor,design,textbook_t|fpc|lin|xf,200,50,0.0039983890184162405,0.9945773387846165,0.89,0.8852000000000001,0.78,,,0.4829117061471293,0.2002,,,,P_ppi,
CCRCC_merged,uni_v2,23,regcomp,A,2400.0,unit,12,200,theta2,donor,design,textbook_t|fpc|lin,200,50,0.004400430916809302,1.001194940558344,0.89,0.8876999999999999,0.805,,,0.0,1.0,,,,C_classical,
CCRCC_merged,uni_v2,23,regcomp,A,2400.0,unit,12,200,theta2,donor,design,textbook_t|fpc|lin|xf,200,50,0.004400430916809302,1.001194940558344,0.89,0.8876999999999999,0.805,,,0.0,1.0,,,,C_classical,
CCRCC_merged,uni_v2,23,regcomp,A,2400.0,unit,12,200,theta2,donor,design,textbook_t|fpc|lin,200,50,0.004011706453821832,0.9703256751917155,0.885,0.8803000000000002,0.77,,,0.47830845895771806,0.0039,,,,C_ppi,
CCRCC_merged,uni_v2,23,regcomp,A,2400.0,unit,12,200,theta2,donor,design,textbook_t|fpc|lin|xf,200,50,0.004011706453821832,0.9999431113651601,0.89,0.8848999999999999,0.79,,,0.47830845895771806,0.0039,,,,C_ppi,
CCRCC_merged,uni_v2,23,regcomp,B,2400.0,unit,23,prop,theta3,donor,design,regB_t,200,50,0.001130411502797911,1.0663957175897698,0.905,0.9007999999999998,0.855,,,0.0,1.0,,,,r4_classical,84.0
CCRCC_merged,uni_v2,23,regcomp,B,2400.0,unit,23,prop,theta3,donor,design,regB_t,200,50,0.000771418667016976,0.9899787755802728,0.895,0.8934000000000001,0.845,,,0.7829691078247987,0.0,,,,r4_ppi,84.0
CCRCC_merged,uni_v2,23,regcomp,B,2400.0,unit,23,prop,theta3,donor,design,regB_t,200,50,0.0008040017936739234,0.9958717826049353,0.895,0.8946999999999998,0.84,,,0.0,1.0,,,,P_classical,84.0
CCRCC_merged,uni_v2,23,regcomp,B,2400.0,unit,23,prop,theta3,donor,design,regB_t,200,50,0.0007575650484070017,0.9812083652534112,0.895,0.8924,0.83,,,0.5169619928505849,0.0426,,,,P_ppi,84.0
CCRCC_merged,uni_v2,23,regcomp,B,2400.0,unit,23,prop,theta3,donor,design,regB_t,200,50,0.0005203544356316724,0.990958327022148,0.895,0.8959000000000001,0.84,,,0.0,1.0,,,,C_classical,84.0
CCRCC_merged,uni_v2,23,regcomp,B,2400.0,unit,23,prop,theta3,donor,design,regB_t,200,50,0.0005176179596229327,0.99212729465265,0.895,0.8948,0.845,,,0.4693872017902229,0.0427,,,,C_ppi,84.0
CCRCC_merged,uni_v2,23,regcomp,B,2400.0,unit,23,prop,theta2,donor,design,regB_t,200,50,0.0003651846966222518,1.019882824579959,0.8975,0.8994,0.86,,,0.0,1.0,,,,r4_classical,84.0
CCRCC_merged,uni_v2,23,regcomp,B,2400.0,unit,23,prop,theta2,donor,design,regB_t,200,50,0.0003524908369663513,1.0254292859707306,0.905,0.903,0.86,,,0.6604715003396475,0.0,,,,r4_ppi,84.0
CCRCC_merged,uni_v2,23,regcomp,B,2400.0,unit,23,prop,theta2,donor,design,regB_t,200,50,0.0003651846966222528,1.0198828245799587,0.8975,0.8994,0.86,,,0.0,1.0,,,,P_classical,84.0
CCRCC_merged,uni_v2,23,regcomp,B,2400.0,unit,23,prop,theta2,donor,design,regB_t,200,50,0.00036140707520360436,1.023559715350577,0.9,0.9041,0.855,,,0.49689396352027476,0.041,,,,P_ppi,84.0
CCRCC_merged,uni_v2,23,regcomp,B,2400.0,unit,23,prop,theta2,donor,design,regB_t,200,50,0.00036518469662225175,1.0198828245799594,0.8975,0.8994,0.86,,,0.0,1.0,,,,C_classical,84.0
CCRCC_merged,uni_v2,23,regcomp,B,2400.0,unit,23,prop,theta2,donor,design,regB_t,200,50,0.00035116314090571617,1.0236118855534617,0.905,0.9033000000000001,0.865,,,0.49608326905357747,0.0,,,,C_ppi,84.0
CCRCC_merged,uni_v2,23,regcomp,B,2210.0,cd_cs_10_vs_A_nL4_B2400,23,prop,theta3,donor,design,regB_t,200,50,0.0013427315328634224,0.9332733048731909,0.88,0.8793000000000001,0.84,,,0.0,1.0,,,,r4_classical,78.0
CCRCC_merged,uni_v2,23,regcomp,B,2210.0,cd_cs_10_vs_A_nL4_B2400,23,prop,theta3,donor,design,regB_t,200,50,0.0008027884780323232,1.0009076104688794,0.895,0.894,0.85,,,0.7752528199718283,0.0,,,,r4_ppi,78.0
CCRCC_merged,uni_v2,23,regcomp,B,2210.0,cd_cs_10_vs_A_nL4_B2400,23,prop,theta3,donor,design,regB_t,200,50,0.0008176363999472289,0.9930229761223808,0.885,0.8841000000000001,0.835,,,0.0,1.0,,,,P_classical,78.0
CCRCC_merged,uni_v2,23,regcomp,B,2210.0,cd_cs_10_vs_A_nL4_B2400,23,prop,theta3,donor,design,regB_t,200,50,0.0007675195217352283,1.00112225017758,0.89,0.8914000000000002,0.85,,,0.5058271427065557,0.045,,,,P_ppi,78.0
CCRCC_merged,uni_v2,23,regcomp,B,2210.0,cd_cs_10_vs_A_nL4_B2400,23,prop,theta3,donor,design,regB_t,200,50,0.0005597866650833376,0.9718509428771371,0.9,0.8964,0.84,,,0.0,1.0,,,,C_classical,78.0
CCRCC_merged,uni_v2,23,regcomp,B,2210.0,cd_cs_10_vs_A_nL4_B2400,23,prop,theta3,donor,design,regB_t,200,50,0.00052702034491735,1.0029164604426752,0.905,0.9012,0.835,,,0.47195424917226536,0.0414,,,,C_ppi,78.0
CCRCC_merged,uni_v2,23,regcomp,B,2210.0,cd_cs_10_vs_A_nL4_B2400,23,prop,theta2,donor,design,regB_t,200,50,0.00041753049245932375,0.9826134060726319,0.9,0.8952000000000001,0.85,,,0.0,1.0,,,,r4_classical,78.0
CCRCC_merged,uni_v2,23,regcomp,B,2210.0,cd_cs_10_vs_A_nL4_B2400,23,prop,theta2,donor,design,regB_t,200,50,0.0003940095328912107,1.0265329946836128,0.9,0.9014,0.85,,,0.6581434583093841,0.0,,,,r4_ppi,78.0
CCRCC_merged,uni_v2,23,regcomp,B,2210.0,cd_cs_10_vs_A_nL4_B2400,23,prop,theta2,donor,design,regB_t,200,50,0.00041753049245932424,0.9826134060726321,0.9,0.8952000000000001,0.85,,,0.0,1.0,,,,P_classical,78.0
CCRCC_merged,uni_v2,23,regcomp,B,2210.0,cd_cs_10_vs_A_nL4_B2400,23,prop,theta2,donor,design,regB_t,200,50,0.00039843788272362615,1.0067701501103192,0.9,0.9002000000000001,0.85,,,0.4929435238842238,0.0481,,,,P_ppi,78.0
CCRCC_merged,uni_v2,23,regcomp,B,2210.0,cd_cs_10_vs_A_nL4_B2400,23,prop,theta2,donor,design,regB_t,200,50,0.0004175304924593239,0.9826134060726318,0.9,0.8952000000000001,0.85,,,0.0,1.0,,,,C_classical,78.0
CCRCC_merged,uni_v2,23,regcomp,B,2210.0,cd_cs_10_vs_A_nL4_B2400,23,prop,theta2,donor,design,regB_t,200,50,0.00039108775232691526,1.018380085152769,0.905,0.9017999999999999,0.845,,,0.4968447158392739,0.0,,,,C_ppi,78.0
CCRCC_merged,uni_v2,23,regcomp,B,2230.0,cd_cs_10_vs_A_nL6_B2400,23,prop,theta3,donor,design,regB_t,200,50,0.001298541810235566,1.0400534007343039,0.895,0.8958000000000002,0.855,,,0.0,1.0,,,,r4_classical,78.0
CCRCC_merged,uni_v2,23,regcomp,B,2230.0,cd_cs_10_vs_A_nL6_B2400,23,prop,theta3,donor,design,regB_t,200,50,0.0008965546236602763,0.9520068969683946,0.895,0.8924000000000001,0.86,,,0.780526952036648,0.0,,,,r4_ppi,78.0
CCRCC_merged,uni_v2,23,regcomp,B,2230.0,cd_cs_10_vs_A_nL6_B2400,23,prop,theta3,donor,design,regB_t,200,50,0.0009003561157093776,0.9528269039905277,0.89,0.8871000000000001,0.855,,,0.0,1.0,,,,P_classical,78.0
CCRCC_merged,uni_v2,23,regcomp,B,2230.0,cd_cs_10_vs_A_nL6_B2400,23,prop,theta3,donor,design,regB_t,200,50,0.0008662251920993123,0.9378311408825979,0.89,0.8901,0.855,,,0.5135812707351678,0.0395,,,,P_ppi,78.0
CCRCC_merged,uni_v2,23,regcomp,B,2230.0,cd_cs_10_vs_A_nL6_B2400,23,prop,theta3,donor,design,regB_t,200,50,0.0005475385587465914,1.0143782212352535,0.9,0.9007999999999999,0.86,,,0.0,1.0,,,,C_classical,78.0
CCRCC_merged,uni_v2,23,regcomp,B,2230.0,cd_cs_10_vs_A_nL6_B2400,23,prop,theta3,donor,design,regB_t,200,50,0.0005325311853780688,1.000963954203284,0.895,0.8996000000000001,0.845,,,0.47679405640759015,0.0363,,,,C_ppi,78.0
CCRCC_merged,uni_v2,23,regcomp,B,2230.0,cd_cs_10_vs_A_nL6_B2400,23,prop,theta2,donor,design,regB_t,200,50,0.00042423317168539083,0.9859883948347465,0.9,0.8983,0.855,,,0.0,1.0,,,,r4_classical,78.0
CCRCC_merged,uni_v2,23,regcomp,B,2230.0,cd_cs_10_vs_A_nL6_B2400,23,prop,theta2,donor,design,regB_t,200,50,0.0004060587838506223,0.995481113529606,0.895,0.8983999999999999,0.845,,,0.6602216818875031,0.0,,,,r4_ppi,78.0
CCRCC_merged,uni_v2,23,regcomp,B,2230.0,cd_cs_10_vs_A_nL6_B2400,23,prop,theta2,donor,design,regB_t,200,50,0.0004242331716853908,0.9859883948347481,0.9,0.8983,0.855,,,0.0,1.0,,,,P_classical,78.0
CCRCC_merged,uni_v2,23,regcomp,B,2230.0,cd_cs_10_vs_A_nL6_B2400,23,prop,theta2,donor,design,regB_t,200,50,0.00041249421733469984,0.9874284288108404,0.895,0.8972,0.83,,,0.4906001361035276,0.0464,,,,P_ppi,78.0
CCRCC_merged,uni_v2,23,regcomp,B,2230.0,cd_cs_10_vs_A_nL6_B2400,23,prop,theta2,donor,design,regB_t,200,50,0.00042423317168539104,0.9859883948347465,0.9,0.8983,0.855,,,0.0,1.0,,,,C_classical,78.0
CCRCC_merged,uni_v2,23,regcomp,B,2230.0,cd_cs_10_vs_A_nL6_B2400,23,prop,theta2,donor,design,regB_t,200,50,0.00039997534886101983,1.0026879839501062,0.9,0.8994000000000001,0.85,,,0.4974491827557712,0.0,,,,C_ppi,78.0
CCRCC_merged,uni_v2,23,regcomp,B,2250.0,cd_cs_10_vs_A_nL8_B2400,23,prop,theta3,donor,design,regB_t,200,50,0.0013341961879539594,0.9571489100772845,0.9,0.8950000000000001,0.83,,,0.0,1.0,,,,r4_classical,79.0
CCRCC_merged,uni_v2,23,regcomp,B,2250.0,cd_cs_10_vs_A_nL8_B2400,23,prop,theta3,donor,design,regB_t,200,50,0.0008318594747032413,0.9346360321348816,0.885,0.8835999999999998,0.825,,,0.7828680009419577,0.0,,,,r4_ppi,79.0
CCRCC_merged,uni_v2,23,regcomp,B,2250.0,cd_cs_10_vs_A_nL8_B2400,23,prop,theta3,donor,design,regB_t,200,50,0.0009483730644799749,0.8899884445456498,0.885,0.8778,0.82,,,0.0,1.0,,,,P_classical,79.0
CCRCC_merged,uni_v2,23,regcomp,B,2250.0,cd_cs_10_vs_A_nL8_B2400,23,prop,theta3,donor,design,regB_t,200,50,0.0008457253153672582,0.9138565427469745,0.88,0.8808000000000001,0.8,,,0.5081317295514975,0.0396,,,,P_ppi,79.0
CCRCC_merged,uni_v2,23,regcomp,B,2250.0,cd_cs_10_vs_A_nL8_B2400,23,prop,theta3,donor,design,regB_t,200,50,0.0005010948050316567,1.0441085032464745,0.905,0.9039,0.85,,,0.0,1.0,,,,C_classical,79.0
CCRCC_merged,uni_v2,23,regcomp,B,2250.0,cd_cs_10_vs_A_nL8_B2400,23,prop,theta3,donor,design,regB_t,200,50,0.0005036953249072364,1.0213854313172868,0.9,0.8989999999999999,0.85,,,0.46927973536295775,0.0372,,,,C_ppi,79.0
CCRCC_merged,uni_v2,23,regcomp,B,2250.0,cd_cs_10_vs_A_nL8_B2400,23,prop,theta2,donor,design,regB_t,200,50,0.00041099788879005715,0.986059794252364,0.895,0.8956999999999999,0.83,,,0.0,1.0,,,,r4_classical,79.0
CCRCC_merged,uni_v2,23,regcomp,B,2250.0,cd_cs_10_vs_A_nL8_B2400,23,prop,theta2,donor,design,regB_t,200,50,0.0003987016638264075,0.9907528269108242,0.9,0.8998999999999999,0.83,,,0.6603907864773864,0.0,,,,r4_ppi,79.0
CCRCC_merged,uni_v2,23,regcomp,B,2250.0,cd_cs_10_vs_A_nL8_B2400,23,prop,theta2,donor,design,regB_t,200,50,0.00041099788879005845,0.9860597942523627,0.895,0.8956999999999999,0.83,,,0.0,1.0,,,,P_classical,79.0
CCRCC_merged,uni_v2,23,regcomp,B,2250.0,cd_cs_10_vs_A_nL8_B2400,23,prop,theta2,donor,design,regB_t,200,50,0.0004002270572546349,0.9673524402409224,0.9,0.8981,0.83,,,0.4989744123377122,0.0472,,,,P_ppi,79.0
CCRCC_merged,uni_v2,23,regcomp,B,2250.0,cd_cs_10_vs_A_nL8_B2400,23,prop,theta2,donor,design,regB_t,200,50,0.00041099788879005725,0.9860597942523635,0.895,0.8956999999999999,0.83,,,0.0,1.0,,,,C_classical,79.0
CCRCC_merged,uni_v2,23,regcomp,B,2250.0,cd_cs_10_vs_A_nL8_B2400,23,prop,theta2,donor,design,regB_t,200,50,0.00038858832932066095,0.9837397761630922,0.9,0.8980000000000001,0.84,,,0.49519029456371294,0.0,,,,C_ppi,79.0
CCRCC_merged,uni_v2,23,regcomp,B,2290.0,cd_cs_10_vs_A_nL12_B2400,23,prop,theta3,donor,design,regB_t,200,50,0.0011817466735077218,1.1156398053131436,0.91,0.9088999999999998,0.865,,,0.0,1.0,,,,r4_classical,81.0
CCRCC_merged,uni_v2,23,regcomp,B,2290.0,cd_cs_10_vs_A_nL12_B2400,23,prop,theta3,donor,design,regB_t,200,50,0.0007628356109953412,1.0302305923069572,0.905,0.9028999999999999,0.85,,,0.7809543482383926,0.0,,,,r4_ppi,81.0
CCRCC_merged,uni_v2,23,regcomp,B,2290.0,cd_cs_10_vs_A_nL12_B2400,23,prop,theta3,donor,design,regB_t,200,50,0.0008905283218329147,0.987920880683617,0.9,0.8914,0.835,,,0.0,1.0,,,,P_classical,81.0
CCRCC_merged,uni_v2,23,regcomp,B,2290.0,cd_cs_10_vs_A_nL12_B2400,23,prop,theta3,donor,design,regB_t,200,50,0.0007751352256756029,0.9999259752340395,0.895,0.8978,0.845,,,0.5128356261689169,0.0427,,,,P_ppi,81.0
CCRCC_merged,uni_v2,23,regcomp,B,2290.0,cd_cs_10_vs_A_nL12_B2400,23,prop,theta3,donor,design,regB_t,200,50,0.0005395676614501133,0.9789176100218684,0.895,0.8936999999999999,0.855,,,0.0,1.0,,,,C_classical,81.0
CCRCC_merged,uni_v2,23,regcomp,B,2290.0,cd_cs_10_vs_A_nL12_B2400,23,prop,theta3,donor,design,regB_t,200,50,0.000547755919741508,0.9759095545204273,0.895,0.8976999999999999,0.835,,,0.4732390369279571,0.0399,,,,C_ppi,81.0
CCRCC_merged,uni_v2,23,regcomp,B,2290.0,cd_cs_10_vs_A_nL12_B2400,23,prop,theta2,donor,design,regB_t,200,50,0.00037236207171841387,1.0699109786113241,0.9075,0.9084,0.86,,,0.0,1.0,,,,r4_classical,81.0
CCRCC_merged,uni_v2,23,regcomp,B,2290.0,cd_cs_10_vs_A_nL12_B2400,23,prop,theta2,donor,design,regB_t,200,50,0.00035866548746453096,1.0647185995543251,0.91,0.9091000000000001,0.865,,,0.6583624668048353,0.0,,,,r4_ppi,81.0
CCRCC_merged,uni_v2,23,regcomp,B,2290.0,cd_cs_10_vs_A_nL12_B2400,23,prop,theta2,donor,design,regB_t,200,50,0.000372362071718413,1.0699109786113246,0.9075,0.9084,0.86,,,0.0,1.0,,,,P_classical,81.0
CCRCC_merged,uni_v2,23,regcomp,B,2290.0,cd_cs_10_vs_A_nL12_B2400,23,prop,theta2,donor,design,regB_t,200,50,0.00036199753861423185,1.0603914483369024,0.9075,0.9071000000000001,0.855,,,0.5,0.0509,,,,P_ppi,81.0
CCRCC_merged,uni_v2,23,regcomp,B,2290.0,cd_cs_10_vs_A_nL12_B2400,23,prop,theta2,donor,design,regB_t,200,50,0.0003723620717184139,1.0699109786113246,0.9075,0.9084,0.86,,,0.0,1.0,,,,C_classical,81.0
CCRCC_merged,uni_v2,23,regcomp,B,2290.0,cd_cs_10_vs_A_nL12_B2400,23,prop,theta2,donor,design,regB_t,200,50,0.0003550821189136791,1.0532961670676801,0.9075,0.909,0.86,,,0.4956744470367649,0.0,,,,C_ppi,81.0
CCRCC_merged,uni_v2,23,regcomp,B,500.0,cd_cs_100_vs_A_nL4_B2400,23,prop,theta3,donor,design,regB_t,200,50,0.006296539717187377,0.9984857138682043,0.895,0.8898000000000001,0.83,,,0.0,1.0,,,,r4_classical,18.0
CCRCC_merged,uni_v2,23,regcomp,B,500.0,cd_cs_100_vs_A_nL4_B2400,23,prop,theta3,donor,design,regB_t,200,50,0.003871156434780386,1.0130940540872335,0.895,0.8926999999999999,0.84,,,0.7870293039820999,0.0,,,,r4_ppi,18.0
CCRCC_merged,uni_v2,23,regcomp,B,500.0,cd_cs_100_vs_A_nL4_B2400,23,prop,theta3,donor,design,regB_t,200,50,0.004032383629020072,1.0076036619434297,0.895,0.8921000000000001,0.84,,,0.0,1.0,,,,P_classical,18.0
CCRCC_merged,uni_v2,23,regcomp,B,500.0,cd_cs_100_vs_A_nL4_B2400,23,prop,theta3,donor,design,regB_t,200,50,0.0037572951185526685,1.0034060185763316,0.8925000000000001,0.8923000000000001,0.84,,,0.5113030234373854,0.0835,,,,P_ppi,18.0
CCRCC_merged,uni_v2,23,regcomp,B,500.0,cd_cs_100_vs_A_nL4_B2400,23,prop,theta3,donor,design,regB_t,200,50,0.0028233975407051873,0.9596707613912578,0.895,0.8966,0.85,,,0.0,1.0,,,,C_classical,18.0
CCRCC_merged,uni_v2,23,regcomp,B,500.0,cd_cs_100_vs_A_nL4_B2400,23,prop,theta3,donor,design,regB_t,200,50,0.0027115499967332673,0.989310987430712,0.9,0.8985000000000001,0.865,,,0.4770381080867875,0.0949,,,,C_ppi,18.0
CCRCC_merged,uni_v2,23,regcomp,B,500.0,cd_cs_100_vs_A_nL4_B2400,23,prop,theta2,donor,design,regB_t,200,50,0.0022974593842877717,1.0184178614251376,0.895,0.8976999999999999,0.825,,,0.0,1.0,,,,r4_classical,18.0
CCRCC_merged,uni_v2,23,regcomp,B,500.0,cd_cs_100_vs_A_nL4_B2400,23,prop,theta2,donor,design,regB_t,200,50,0.002142105144680127,1.040327228731825,0.9025000000000001,0.9018999999999999,0.85,,,0.6272148125620505,0.0,,,,r4_ppi,18.0
CCRCC_merged,uni_v2,23,regcomp,B,500.0,cd_cs_100_vs_A_nL4_B2400,23,prop,theta2,donor,design,regB_t,200,50,0.002297459384287773,1.0184178614251382,0.895,0.8976999999999999,0.825,,,0.0,1.0,,,,P_classical,18.0
CCRCC_merged,uni_v2,23,regcomp,B,500.0,cd_cs_100_vs_A_nL4_B2400,23,prop,theta2,donor,design,regB_t,200,50,0.0021868219878814267,1.024210739623874,0.895,0.8985000000000001,0.85,,,0.5,0.0688,,,,P_ppi,18.0
CCRCC_merged,uni_v2,23,regcomp,B,500.0,cd_cs_100_vs_A_nL4_B2400,23,prop,theta2,donor,design,regB_t,200,50,0.0022974593842877726,1.0184178614251373,0.895,0.8976999999999999,0.825,,,0.0,1.0,,,,C_classical,18.0
CCRCC_merged,uni_v2,23,regcomp,B,500.0,cd_cs_100_vs_A_nL4_B2400,23,prop,theta2,donor,design,regB_t,200,50,0.0021157074000433948,1.0400232577967088,0.9025000000000001,0.9021000000000001,0.83,,,0.4719529892780867,0.0,,,,C_ppi,18.0
CCRCC_merged,uni_v2,23,regcomp,B,700.0,cd_cs_100_vs_A_nL6_B2400,23,prop,theta3,donor,design,regB_t,200,50,0.004175995710733299,1.0433903142090784,0.905,0.9030000000000001,0.865,,,0.0,1.0,,,,r4_classical,25.0
CCRCC_merged,uni_v2,23,regcomp,B,700.0,cd_cs_100_vs_A_nL6_B2400,23,prop,theta3,donor,design,regB_t,200,50,0.00250989942310139,1.0670745514675686,0.9025000000000001,0.9013,0.86,,,0.7930177224934531,0.0,,,,r4_ppi,25.0
CCRCC_merged,uni_v2,23,regcomp,B,700.0,cd_cs_100_vs_A_nL6_B2400,23,prop,theta3,donor,design,regB_t,200,50,0.002895292596056433,1.0326959902426855,0.9,0.8996,0.85,,,0.0,1.0,,,,P_classical,25.0
CCRCC_merged,uni_v2,23,regcomp,B,700.0,cd_cs_100_vs_A_nL6_B2400,23,prop,theta3,donor,design,regB_t,200,50,0.0025370513664382506,1.0734190263987862,0.9,0.9008999999999999,0.87,,,0.5265739047178699,0.0737,,,,P_ppi,25.0
CCRCC_merged,uni_v2,23,regcomp,B,700.0,cd_cs_100_vs_A_nL6_B2400,23,prop,theta3,donor,design,regB_t,200,50,0.001894024455559524,1.0114281853850606,0.9,0.9008999999999999,0.855,,,0.0,1.0,,,,C_classical,25.0
CCRCC_merged,uni_v2,23,regcomp,B,700.0,cd_cs_100_vs_A_nL6_B2400,23,prop,theta3,donor,design,regB_t,200,50,0.0018938223461350532,1.0180066985823313,0.895,0.8975,0.85,,,0.47480747886653246,0.0856,,,,C_ppi,25.0
CCRCC_merged,uni_v2,23,regcomp,B,700.0,cd_cs_100_vs_A_nL6_B2400,23,prop,theta2,donor,design,regB_t,200,50,0.0017619690066228617,0.9742787830224819,0.89,0.8906999999999999,0.845,,,0.0,1.0,,,,r4_classical,25.0
CCRCC_merged,uni_v2,23,regcomp,B,700.0,cd_cs_100_vs_A_nL6_B2400,23,prop,theta2,donor,design,regB_t,200,50,0.001648116958124952,0.9621428955568478,0.8975,0.8938000000000001,0.845,,,0.6340494921034856,0.0,,,,r4_ppi,25.0
CCRCC_merged,uni_v2,23,regcomp,B,700.0,cd_cs_100_vs_A_nL6_B2400,23,prop,theta2,donor,design,regB_t,200,50,0.0017619690066228613,0.9742787830224822,0.89,0.8906999999999999,0.845,,,0.0,1.0,,,,P_classical,25.0
CCRCC_merged,uni_v2,23,regcomp,B,700.0,cd_cs_100_vs_A_nL6_B2400,23,prop,theta2,donor,design,regB_t,200,50,0.0016922557042512885,0.9568054901678927,0.895,0.8929,0.855,,,0.5,0.0601,,,,P_ppi,25.0
CCRCC_merged,uni_v2,23,regcomp,B,700.0,cd_cs_100_vs_A_nL6_B2400,23,prop,theta2,donor,design,regB_t,200,50,0.0017619690066228613,0.9742787830224823,0.89,0.8906999999999999,0.845,,,0.0,1.0,,,,C_classical,25.0
CCRCC_merged,uni_v2,23,regcomp,B,700.0,cd_cs_100_vs_A_nL6_B2400,23,prop,theta2,donor,design,regB_t,200,50,0.001633351886037777,0.9582243021929907,0.8975,0.8931,0.85,,,0.48057226203199754,0.0,,,,C_ppi,25.0
CCRCC_merged,uni_v2,23,regcomp,B,900.0,cd_cs_100_vs_A_nL8_B2400,23,prop,theta3,donor,design,regB_t,200,50,0.0033470456037890672,0.9742072256707519,0.89,0.8877000000000002,0.84,,,0.0,1.0,,,,r4_classical,32.0
CCRCC_merged,uni_v2,23,regcomp,B,900.0,cd_cs_100_vs_A_nL8_B2400,23,prop,theta3,donor,design,regB_t,200,50,0.001964432192569782,1.0517850447045647,0.905,0.9034,0.855,,,0.7840668563953848,0.0,,,,r4_ppi,32.0
CCRCC_merged,uni_v2,23,regcomp,B,900.0,cd_cs_100_vs_A_nL8_B2400,23,prop,theta3,donor,design,regB_t,200,50,0.0019623542235860172,1.088385718573106,0.905,0.9027000000000001,0.86,,,0.0,1.0,,,,P_classical,32.0
CCRCC_merged,uni_v2,23,regcomp,B,900.0,cd_cs_100_vs_A_nL8_B2400,23,prop,theta3,donor,design,regB_t,200,50,0.0019057522341986068,1.0508269254668687,0.905,0.9028999999999999,0.855,,,0.5021321405288752,0.0604,,,,P_ppi,32.0
CCRCC_merged,uni_v2,23,regcomp,B,900.0,cd_cs_100_vs_A_nL8_B2400,23,prop,theta3,donor,design,regB_t,200,50,0.0014009233340179206,1.029036698320112,0.905,0.9048,0.845,,,0.0,1.0,,,,C_classical,32.0
CCRCC_merged,uni_v2,23,regcomp,B,900.0,cd_cs_100_vs_A_nL8_B2400,23,prop,theta3,donor,design,regB_t,200,50,0.0013836358129812164,1.017322520384575,0.9075,0.9010000000000001,0.845,,,0.46137296052747584,0.0707,,,,C_ppi,32.0
CCRCC_merged,uni_v2,23,regcomp,B,900.0,cd_cs_100_vs_A_nL8_B2400,23,prop,theta2,donor,design,regB_t,200,50,0.0012264943975290187,0.9959770599139027,0.8925000000000001,0.8979,0.865,,,0.0,1.0,,,,r4_classical,32.0
CCRCC_merged,uni_v2,23,regcomp,B,900.0,cd_cs_100_vs_A_nL8_B2400,23,prop,theta2,donor,design,regB_t,200,50,0.0011929679303568272,1.0244721326684132,0.9025000000000001,0.9028999999999999,0.855,,,0.6390491015734484,0.0,,,,r4_ppi,32.0
CCRCC_merged,uni_v2,23,regcomp,B,900.0,cd_cs_100_vs_A_nL8_B2400,23,prop,theta2,donor,design,regB_t,200,50,0.0012264943975290182,0.9959770599139037,0.8925000000000001,0.8979,0.865,,,0.0,1.0,,,,P_classical,32.0
CCRCC_merged,uni_v2,23,regcomp,B,900.0,cd_cs_100_vs_A_nL8_B2400,23,prop,theta2,donor,design,regB_t,200,50,0.0012453995540072718,1.0001514116379309,0.905,0.8992999999999999,0.845,,,0.5,0.0572,,,,P_ppi,32.0
CCRCC_merged,uni_v2,23,regcomp,B,900.0,cd_cs_100_vs_A_nL8_B2400,23,prop,theta2,donor,design,regB_t,200,50,0.0012264943975290184,0.9959770599139031,0.8925000000000001,0.8979,0.865,,,0.0,1.0,,,,C_classical,32.0
CCRCC_merged,uni_v2,23,regcomp,B,900.0,cd_cs_100_vs_A_nL8_B2400,23,prop,theta2,donor,design,regB_t,200,50,0.0011821597188746342,1.0024021539926378,0.9025000000000001,0.9025,0.86,,,0.4784845281776436,0.0,,,,C_ppi,32.0
CCRCC_merged,uni_v2,23,regcomp,B,1300.0,cd_cs_100_vs_A_nL12_B2400,23,prop,theta3,donor,design,regB_t,200,50,0.0023749673850829043,1.0097537122198457,0.885,0.8883999999999999,0.85,,,0.0,1.0,,,,r4_classical,46.0
CCRCC_merged,uni_v2,23,regcomp,B,1300.0,cd_cs_100_vs_A_nL12_B2400,23,prop,theta3,donor,design,regB_t,200,50,0.0014348933392901815,1.0313261959114812,0.9025000000000001,0.8998999999999999,0.85,,,0.7908020710488932,0.0,,,,r4_ppi,46.0
CCRCC_merged,uni_v2,23,regcomp,B,1300.0,cd_cs_100_vs_A_nL12_B2400,23,prop,theta3,donor,design,regB_t,200,50,0.0014843032193604553,1.0681241723854162,0.905,0.9018,0.855,,,0.0,1.0,,,,P_classical,46.0
CCRCC_merged,uni_v2,23,regcomp,B,1300.0,cd_cs_100_vs_A_nL12_B2400,23,prop,theta3,donor,design,regB_t,200,50,0.0014398856719468752,1.050898015239257,0.9,0.8992999999999999,0.85,,,0.5157258843629045,0.0507,,,,P_ppi,46.0
CCRCC_merged,uni_v2,23,regcomp,B,1300.0,cd_cs_100_vs_A_nL12_B2400,23,prop,theta3,donor,design,regB_t,200,50,0.0010206398212092784,1.016856186895124,0.9025000000000001,0.8999000000000001,0.83,,,0.0,1.0,,,,C_classical,46.0
CCRCC_merged,uni_v2,23,regcomp,B,1300.0,cd_cs_100_vs_A_nL12_B2400,23,prop,theta3,donor,design,regB_t,200,50,0.0009565302538765163,1.0271940572545524,0.905,0.9029,0.84,,,0.4721917861449316,0.0549,,,,C_ppi,46.0
CCRCC_merged,uni_v2,23,regcomp,B,1300.0,cd_cs_100_vs_A_nL12_B2400,23,prop,theta2,donor,design,regB_t,200,50,0.0007939610851661722,0.9833128686615673,0.9,0.8974999999999999,0.855,,,0.0,1.0,,,,r4_classical,46.0
CCRCC_merged,uni_v2,23,regcomp,B,1300.0,cd_cs_100_vs_A_nL12_B2400,23,prop,theta2,donor,design,regB_t,200,50,0.0007567073905582336,1.0059715842846213,0.9,0.9020999999999999,0.855,,,0.6470627119536437,0.0,,,,r4_ppi,46.0
CCRCC_merged,uni_v2,23,regcomp,B,1300.0,cd_cs_100_vs_A_nL12_B2400,23,prop,theta2,donor,design,regB_t,200,50,0.0007939610851661729,0.9833128686615686,0.9,0.8974999999999999,0.855,,,0.0,1.0,,,,P_classical,46.0
CCRCC_merged,uni_v2,23,regcomp,B,1300.0,cd_cs_100_vs_A_nL12_B2400,23,prop,theta2,donor,design,regB_t,200,50,0.0007693813582534937,0.9993437096082596,0.9,0.9016999999999998,0.86,,,0.48834123582375055,0.0544,,,,P_ppi,46.0
CCRCC_merged,uni_v2,23,regcomp,B,1300.0,cd_cs_100_vs_A_nL12_B2400,23,prop,theta2,donor,design,regB_t,200,50,0.0007939610851661719,0.9833128686615679,0.9,0.8974999999999999,0.855,,,0.0,1.0,,,,C_classical,46.0
CCRCC_merged,uni_v2,23,regcomp,B,1300.0,cd_cs_100_vs_A_nL12_B2400,23,prop,theta2,donor,design,regB_t,200,50,0.0007491083239752354,0.989410884677145,0.9025000000000001,0.8991,0.855,,,0.4883616478982238,0.0,,,,C_ppi,46.0
CCRCC_merged,uni_v2,23,regcomp,A,4800.0,unit,4,1200,theta3,donor,design,textbook_t|fpc|lin,200,50,0.0032637228242321332,0.9730530394300223,0.85,0.8401000000000001,0.67,,,0.0,1.0,,,,r4_classical,
CCRCC_merged,uni_v2,23,regcomp,A,4800.0,unit,4,1200,theta3,donor,design,textbook_t|fpc|lin|xf,200,50,0.0032637228242321332,0.9730530394300223,0.85,0.8401000000000001,0.67,,,0.0,1.0,,,,r4_classical,
CCRCC_merged,uni_v2,23,regcomp,A,4800.0,unit,4,1200,theta3,donor,design,textbook_t|fpc|lin,200,50,0.0032637228242321332,0.9730530394300223,0.85,0.8401000000000001,0.67,,,0.0,1.0,,,,r4_ppi,
CCRCC_merged,uni_v2,23,regcomp,A,4800.0,unit,4,1200,theta3,donor,design,textbook_t|fpc|lin|xf,200,50,0.0032637228242321332,0.9730530394300223,0.85,0.8401000000000001,0.67,,,0.0,1.0,,,,r4_ppi,
CCRCC_merged,uni_v2,23,regcomp,A,4800.0,unit,4,1200,theta3,donor,design,textbook_t|fpc|lin,200,50,0.003183766272850802,0.9869993141147392,0.8525,0.8453000000000002,0.685,,,0.0,1.0,,,,P_classical,
CCRCC_merged,uni_v2,23,regcomp,A,4800.0,unit,4,1200,theta3,donor,design,textbook_t|fpc|lin|xf,200,50,0.003183766272850802,0.9869993141147392,0.8525,0.8453000000000002,0.685,,,0.0,1.0,,,,P_classical,
CCRCC_merged,uni_v2,23,regcomp,A,4800.0,unit,4,1200,theta3,donor,design,textbook_t|fpc|lin,200,50,0.003189899064811619,0.9964416432076588,0.855,0.8439999999999999,0.675,,,0.4432747831975847,0.0139,,,,P_ppi,
CCRCC_merged,uni_v2,23,regcomp,A,4800.0,unit,4,1200,theta3,donor,design,textbook_t|fpc|lin|xf,200,50,0.003189899064811619,0.9964416432076588,0.855,0.8439999999999999,0.675,,,0.4432747831975847,0.0139,,,,P_ppi,
CCRCC_merged,uni_v2,23,regcomp,A,4800.0,unit,4,1200,theta3,donor,design,textbook_t|fpc|lin,200,50,0.0030987940760844167,0.9997302468961464,0.845,0.8362999999999999,0.655,,,0.0,1.0,,,,C_classical,
CCRCC_merged,uni_v2,23,regcomp,A,4800.0,unit,4,1200,theta3,donor,design,textbook_t|fpc|lin|xf,200,50,0.0030987940760844167,0.9997302468961464,0.845,0.8362999999999999,0.655,,,0.0,1.0,,,,C_classical,
CCRCC_merged,uni_v2,23,regcomp,A,4800.0,unit,4,1200,theta3,donor,design,textbook_t|fpc|lin,200,50,0.003098864193526356,0.9958903480015362,0.8474999999999999,0.8360000000000001,0.63,,,0.4659887084187749,0.0051,,,,C_ppi,
CCRCC_merged,uni_v2,23,regcomp,A,4800.0,unit,4,1200,theta3,donor,design,textbook_t|fpc|lin|xf,200,50,0.003098864193526356,0.9958903480015362,0.8474999999999999,0.8360000000000001,0.63,,,0.4659887084187749,0.0051,,,,C_ppi,
CCRCC_merged,uni_v2,23,regcomp,A,4800.0,unit,4,1200,theta2,donor,design,textbook_t|fpc|lin,200,50,0.022302957531452214,1.0264836395444468,0.9125000000000001,0.9095000000000002,0.83,,,0.0,1.0,,,,r4_classical,
CCRCC_merged,uni_v2,23,regcomp,A,4800.0,unit,4,1200,theta2,donor,design,textbook_t|fpc|lin|xf,200,50,0.022302957531452214,1.0264836395444468,0.9125000000000001,0.9095000000000002,0.83,,,0.0,1.0,,,,r4_classical,
CCRCC_merged,uni_v2,23,regcomp,A,4800.0,unit,4,1200,theta2,donor,design,textbook_t|fpc|lin,200,50,0.022302957531452214,1.0264836395444468,0.9125000000000001,0.9095000000000002,0.83,,,0.0,1.0,,,,r4_ppi,
CCRCC_merged,uni_v2,23,regcomp,A,4800.0,unit,4,1200,theta2,donor,design,textbook_t|fpc|lin|xf,200,50,0.022302957531452214,1.0264836395444468,0.9125000000000001,0.9095000000000002,0.83,,,0.0,1.0,,,,r4_ppi,
CCRCC_merged,uni_v2,23,regcomp,A,4800.0,unit,4,1200,theta2,donor,design,textbook_t|fpc|lin,200,50,0.022302957531452082,1.0264836395444483,0.9125000000000001,0.9095000000000002,0.83,,,0.0,1.0,,,,P_classical,
CCRCC_merged,uni_v2,23,regcomp,A,4800.0,unit,4,1200,theta2,donor,design,textbook_t|fpc|lin|xf,200,50,0.022302957531452082,1.0264836395444483,0.9125000000000001,0.9095000000000002,0.83,,,0.0,1.0,,,,P_classical,
CCRCC_merged,uni_v2,23,regcomp,A,4800.0,unit,4,1200,theta2,donor,design,textbook_t|fpc|lin,200,50,0.02225714321737192,1.0263271240175476,0.9175,0.9099,0.83,,,0.46529039360074853,0.0829,,,,P_ppi,
CCRCC_merged,uni_v2,23,regcomp,A,4800.0,unit,4,1200,theta2,donor,design,textbook_t|fpc|lin|xf,200,50,0.02225714321737192,1.0263271240175476,0.9175,0.9099,0.83,,,0.46529039360074853,0.0829,,,,P_ppi,
CCRCC_merged,uni_v2,23,regcomp,A,4800.0,unit,4,1200,theta2,donor,design,textbook_t|fpc|lin,200,50,0.02230295753145222,1.0264836395444465,0.9125000000000001,0.9095000000000002,0.83,,,0.0,1.0,,,,C_classical,
CCRCC_merged,uni_v2,23,regcomp,A,4800.0,unit,4,1200,theta2,donor,design,textbook_t|fpc|lin|xf,200,50,0.02230295753145222,1.0264836395444465,0.9125000000000001,0.9095000000000002,0.83,,,0.0,1.0,,,,C_classical,
CCRCC_merged,uni_v2,23,regcomp,A,4800.0,unit,4,1200,theta2,donor,design,textbook_t|fpc|lin,200,50,0.02228498963187312,1.0253914171319676,0.915,0.9098000000000002,0.825,,,0.40291508692449346,0.0113,,,,C_ppi,
CCRCC_merged,uni_v2,23,regcomp,A,4800.0,unit,4,1200,theta2,donor,design,textbook_t|fpc|lin|xf,200,50,0.02228498963187312,1.0253914171319676,0.915,0.9098000000000002,0.825,,,0.40291508692449346,0.0113,,,,C_ppi,
CCRCC_merged,uni_v2,23,regcomp,A,4800.0,unit,6,800,theta3,donor,design,textbook_t|fpc|lin,200,50,0.0023458500076890183,0.9083537345884083,0.85,0.8477999999999999,0.745,,,0.0,1.0,,,,r4_classical,
CCRCC_merged,uni_v2,23,regcomp,A,4800.0,unit,6,800,theta3,donor,design,textbook_t|fpc|lin|xf,200,50,0.0023458500076890183,0.9083537345884083,0.85,0.8477999999999999,0.745,,,0.0,1.0,,,,r4_classical,
CCRCC_merged,uni_v2,23,regcomp,A,4800.0,unit,6,800,theta3,donor,design,textbook_t|fpc|lin,200,50,0.0018957008794263518,0.8841651912073376,0.855,0.8556,0.785,,,0.5,0.0597,,,,r4_ppi,
CCRCC_merged,uni_v2,23,regcomp,A,4800.0,unit,6,800,theta3,donor,design,textbook_t|fpc|lin|xf,200,50,0.0018957008794263518,0.9019541234732573,0.855,0.8593999999999999,0.79,,,0.5,0.0597,,,,r4_ppi,
CCRCC_merged,uni_v2,23,regcomp,A,4800.0,unit,6,800,theta3,donor,design,textbook_t|fpc|lin,200,50,0.002087466883904784,0.9601379583225361,0.85,0.8462999999999999,0.69,,,0.0,1.0,,,,P_classical,
CCRCC_merged,uni_v2,23,regcomp,A,4800.0,unit,6,800,theta3,donor,design,textbook_t|fpc|lin|xf,200,50,0.002087466883904784,0.9601379583225361,0.85,0.8462999999999999,0.69,,,0.0,1.0,,,,P_classical,
CCRCC_merged,uni_v2,23,regcomp,A,4800.0,unit,6,800,theta3,donor,design,textbook_t|fpc|lin,200,50,0.0018700622275121636,0.9006868821473835,0.8525,0.8548,0.745,,,0.4618005587339868,0.0112,,,,P_ppi,
CCRCC_merged,uni_v2,23,regcomp,A,4800.0,unit,6,800,theta3,donor,design,textbook_t|fpc|lin|xf,200,50,0.0018700622275121636,0.9204891211207623,0.855,0.8573999999999999,0.745,,,0.4618005587339868,0.0112,,,,P_ppi,
CCRCC_merged,uni_v2,23,regcomp,A,4800.0,unit,6,800,theta3,donor,design,textbook_t|fpc|lin,200,50,0.0020402574294958826,0.9504581572362352,0.8425,0.8325,0.68,,,0.0,1.0,,,,C_classical,
CCRCC_merged,uni_v2,23,regcomp,A,4800.0,unit,6,800,theta3,donor,design,textbook_t|fpc|lin|xf,200,50,0.0020402574294958826,0.9504581572362352,0.8425,0.8325,0.68,,,0.0,1.0,,,,C_classical,
CCRCC_merged,uni_v2,23,regcomp,A,4800.0,unit,6,800,theta3,donor,design,textbook_t|fpc|lin,200,50,0.0018301943087067453,0.8829445296627914,0.845,0.8441,0.72,,,0.4628077427571955,0.0032,,,,C_ppi,
CCRCC_merged,uni_v2,23,regcomp,A,4800.0,unit,6,800,theta3,donor,design,textbook_t|fpc|lin|xf,200,50,0.0018301943087067453,0.8998701260213755,0.85,0.8469,0.72,,,0.4628077427571955,0.0032,,,,C_ppi,
CCRCC_merged,uni_v2,23,regcomp,A,4800.0,unit,6,800,theta2,donor,design,textbook_t|fpc|lin,200,50,0.012418230358355358,1.1147049160514961,0.9,0.8975,0.82,,,0.0,1.0,,,,r4_classical,
CCRCC_merged,uni_v2,23,regcomp,A,4800.0,unit,6,800,theta2,donor,design,textbook_t|fpc|lin|xf,200,50,0.012418230358355358,1.1147049160514961,0.9,0.8975,0.82,,,0.0,1.0,,,,r4_classical,
CCRCC_merged,uni_v2,23,regcomp,A,4800.0,unit,6,800,theta2,donor,design,textbook_t|fpc|lin,200,50,0.011670901999617862,1.0939733504008582,0.895,0.8903,0.805,,,0.5,0.3101,,,,r4_ppi,
CCRCC_merged,uni_v2,23,regcomp,A,4800.0,unit,6,800,theta2,donor,design,textbook_t|fpc|lin|xf,200,50,0.011670901999617862,1.0998445338171678,0.8975,0.8924,0.805,,,0.5,0.3101,,,,r4_ppi,
CCRCC_merged,uni_v2,23,regcomp,A,4800.0,unit,6,800,theta2,donor,design,textbook_t|fpc|lin,200,50,0.012418230358355287,1.114704916051501,0.9,0.8975,0.82,,,0.0,1.0,,,,P_classical,
CCRCC_merged,uni_v2,23,regcomp,A,4800.0,unit,6,800,theta2,donor,design,textbook_t|fpc|lin|xf,200,50,0.012418230358355287,1.114704916051501,0.9,0.8975,0.82,,,0.0,1.0,,,,P_classical,
CCRCC_merged,uni_v2,23,regcomp,A,4800.0,unit,6,800,theta2,donor,design,textbook_t|fpc|lin,200,50,0.011720503678316337,1.093467883532449,0.895,0.8895000000000001,0.8,,,0.44435342696145474,0.1286,,,,P_ppi,
CCRCC_merged,uni_v2,23,regcomp,A,4800.0,unit,6,800,theta2,donor,design,textbook_t|fpc|lin|xf,200,50,0.011720503678316337,1.098991260007189,0.9,0.8922,0.81,,,0.44435342696145474,0.1286,,,,P_ppi,
CCRCC_merged,uni_v2,23,regcomp,A,4800.0,unit,6,800,theta2,donor,design,textbook_t|fpc|lin,200,50,0.012418230358355367,1.1147049160514966,0.9,0.8975,0.82,,,0.0,1.0,,,,C_classical,
CCRCC_merged,uni_v2,23,regcomp,A,4800.0,unit,6,800,theta2,donor,design,textbook_t|fpc|lin|xf,200,50,0.012418230358355367,1.1147049160514966,0.9,0.8975,0.82,,,0.0,1.0,,,,C_classical,
CCRCC_merged,uni_v2,23,regcomp,A,4800.0,unit,6,800,theta2,donor,design,textbook_t|fpc|lin,200,50,0.011700327899407795,1.0942660539631635,0.8975,0.8889999999999999,0.8,,,0.4216617595107444,0.0078,,,,C_ppi,
CCRCC_merged,uni_v2,23,regcomp,A,4800.0,unit,6,800,theta2,donor,design,textbook_t|fpc|lin|xf,200,50,0.011700327899407795,1.099908059847463,0.9,0.8918,0.805,,,0.4216617595107444,0.0078,,,,C_ppi,
CCRCC_merged,uni_v2,23,regcomp,A,4800.0,unit,8,600,theta3,donor,design,textbook_t|fpc|lin,200,50,0.0015340344972352084,1.030796631741132,0.8725,0.8614,0.715,,,0.0,1.0,,,,r4_classical,
CCRCC_merged,uni_v2,23,regcomp,A,4800.0,unit,8,600,theta3,donor,design,textbook_t|fpc|lin|xf,200,50,0.0015340344972352084,1.030796631741132,0.8725,0.8614,0.715,,,0.0,1.0,,,,r4_classical,
CCRCC_merged,uni_v2,23,regcomp,A,4800.0,unit,8,600,theta3,donor,design,textbook_t|fpc|lin,200,50,0.0013716093335935623,0.9446391621427195,0.865,0.8642,0.765,,,0.5346483999262779,0.0357,,,,r4_ppi,
CCRCC_merged,uni_v2,23,regcomp,A,4800.0,unit,8,600,theta3,donor,design,textbook_t|fpc|lin|xf,200,50,0.0013716093335935623,0.9745107739149894,0.87,0.8683999999999998,0.77,,,0.5346483999262779,0.0357,,,,r4_ppi,
CCRCC_merged,uni_v2,23,regcomp,A,4800.0,unit,8,600,theta3,donor,design,textbook_t|fpc|lin,200,50,0.0014872458410635633,0.9825739549422439,0.8625,0.8538000000000001,0.72,,,0.0,1.0,,,,P_classical,
CCRCC_merged,uni_v2,23,regcomp,A,4800.0,unit,8,600,theta3,donor,design,textbook_t|fpc|lin|xf,200,50,0.0014872458410635633,0.9825739549422439,0.8625,0.8538000000000001,0.72,,,0.0,1.0,,,,P_classical,
CCRCC_merged,uni_v2,23,regcomp,A,4800.0,unit,8,600,theta3,donor,design,textbook_t|fpc|lin,200,50,0.0013581824185332574,0.9419238164483916,0.87,0.8626,0.75,,,0.47044267120043276,0.0097,,,,P_ppi,
CCRCC_merged,uni_v2,23,regcomp,A,4800.0,unit,8,600,theta3,donor,design,textbook_t|fpc|lin|xf,200,50,0.0013581824185332574,0.969556233668314,0.875,0.8664999999999999,0.765,,,0.47044267120043276,0.0097,,,,P_ppi,
CCRCC_merged,uni_v2,23,regcomp,A,4800.0,unit,8,600,theta3,donor,design,textbook_t|fpc|lin,200,50,0.001442477725221875,0.9689870912361005,0.87,0.8472,0.705,,,0.0,1.0,,,,C_classical,
CCRCC_merged,uni_v2,23,regcomp,A,4800.0,unit,8,600,theta3,donor,design,textbook_t|fpc|lin|xf,200,50,0.001442477725221875,0.9689870912361005,0.87,0.8472,0.705,,,0.0,1.0,,,,C_classical,
CCRCC_merged,uni_v2,23,regcomp,A,4800.0,unit,8,600,theta3,donor,design,textbook_t|fpc|lin,200,50,0.0012840564910721066,0.9075734133602602,0.8625,0.8554,0.73,,,0.4728718041433053,0.0024,,,,C_ppi,
CCRCC_merged,uni_v2,23,regcomp,A,4800.0,unit,8,600,theta3,donor,design,textbook_t|fpc|lin|xf,200,50,0.0012840564910721066,0.9397220889204062,0.8674999999999999,0.8598,0.73,,,0.4728718041433053,0.0024,,,,C_ppi,
CCRCC_merged,uni_v2,23,regcomp,A,4800.0,unit,8,600,theta2,donor,design,textbook_t|fpc|lin,200,50,0.008538623685565815,1.0236467539529974,0.8975,0.8913,0.81,,,0.0,1.0,,,,r4_classical,
CCRCC_merged,uni_v2,23,regcomp,A,4800.0,unit,8,600,theta2,donor,design,textbook_t|fpc|lin|xf,200,50,0.008538623685565815,1.0236467539529974,0.8975,0.8913,0.81,,,0.0,1.0,,,,r4_classical,
CCRCC_merged,uni_v2,23,regcomp,A,4800.0,unit,8,600,theta2,donor,design,textbook_t|fpc|lin,200,50,0.007249515821879231,0.983521755326774,0.8875,0.8865000000000001,0.82,,,0.615212904412025,0.1077,,,,r4_ppi,
CCRCC_merged,uni_v2,23,regcomp,A,4800.0,unit,8,600,theta2,donor,design,textbook_t|fpc|lin|xf,200,50,0.007249515821879231,1.0013502833346684,0.89,0.8903,0.82,,,0.615212904412025,0.1077,,,,r4_ppi,
CCRCC_merged,uni_v2,23,regcomp,A,4800.0,unit,8,600,theta2,donor,design,textbook_t|fpc|lin,200,50,0.008538623685565745,1.023646753953004,0.8975,0.8913,0.81,,,0.0,1.0,,,,P_classical,
CCRCC_merged,uni_v2,23,regcomp,A,4800.0,unit,8,600,theta2,donor,design,textbook_t|fpc|lin|xf,200,50,0.008538623685565745,1.023646753953004,0.8975,0.8913,0.81,,,0.0,1.0,,,,P_classical,
CCRCC_merged,uni_v2,23,regcomp,A,4800.0,unit,8,600,theta2,donor,design,textbook_t|fpc|lin,200,50,0.007201387388597447,0.9844539952966539,0.8875,0.8863,0.82,,,0.5,0.1311,,,,P_ppi,
CCRCC_merged,uni_v2,23,regcomp,A,4800.0,unit,8,600,theta2,donor,design,textbook_t|fpc|lin|xf,200,50,0.007201387388597447,1.00079256094666,0.895,0.8907999999999998,0.825,,,0.5,0.1311,,,,P_ppi,
CCRCC_merged,uni_v2,23,regcomp,A,4800.0,unit,8,600,theta2,donor,design,textbook_t|fpc|lin,200,50,0.008538623685565815,1.0236467539529974,0.8975,0.8913,0.81,,,0.0,1.0,,,,C_classical,
CCRCC_merged,uni_v2,23,regcomp,A,4800.0,unit,8,600,theta2,donor,design,textbook_t|fpc|lin|xf,200,50,0.008538623685565815,1.0236467539529974,0.8975,0.8913,0.81,,,0.0,1.0,,,,C_classical,
CCRCC_merged,uni_v2,23,regcomp,A,4800.0,unit,8,600,theta2,donor,design,textbook_t|fpc|lin,200,50,0.007209543363336757,0.9830862418957794,0.8875,0.8865999999999998,0.82,,,0.4549213974800617,0.0048,,,,C_ppi,
CCRCC_merged,uni_v2,23,regcomp,A,4800.0,unit,8,600,theta2,donor,design,textbook_t|fpc|lin|xf,200,50,0.007209543363336757,0.999808655409808,0.895,0.8896999999999999,0.825,,,0.4549213974800617,0.0048,,,,C_ppi,
CCRCC_merged,uni_v2,23,regcomp,A,4800.0,unit,12,400,theta3,donor,design,textbook_t|fpc|lin,200,50,0.0010662987170488116,0.957239710723023,0.885,0.879,0.805,,,0.0,1.0,,,,r4_classical,
CCRCC_merged,uni_v2,23,regcomp,A,4800.0,unit,12,400,theta3,donor,design,textbook_t|fpc|lin|xf,200,50,0.0010662987170488116,0.957239710723023,0.885,0.879,0.805,,,0.0,1.0,,,,r4_classical,
CCRCC_merged,uni_v2,23,regcomp,A,4800.0,unit,12,400,theta3,donor,design,textbook_t|fpc|lin,200,50,0.0008198806468381749,0.9044897777245366,0.875,0.8741999999999999,0.825,,,0.6227569174721279,0.0113,,,,r4_ppi,
CCRCC_merged,uni_v2,23,regcomp,A,4800.0,unit,12,400,theta3,donor,design,textbook_t|fpc|lin|xf,200,50,0.0008198806468381749,0.9327294912555983,0.88,0.8780999999999999,0.83,,,0.6227569174721279,0.0113,,,,r4_ppi,
CCRCC_merged,uni_v2,23,regcomp,A,4800.0,unit,12,400,theta3,donor,design,textbook_t|fpc|lin,200,50,0.0009912598914197657,0.9231358538533057,0.865,0.8634999999999999,0.79,,,0.0,1.0,,,,P_classical,
CCRCC_merged,uni_v2,23,regcomp,A,4800.0,unit,12,400,theta3,donor,design,textbook_t|fpc|lin|xf,200,50,0.0009912598914197657,0.9231358538533057,0.865,0.8634999999999999,0.79,,,0.0,1.0,,,,P_classical,
CCRCC_merged,uni_v2,23,regcomp,A,4800.0,unit,12,400,theta3,donor,design,textbook_t|fpc|lin,200,50,0.0008393329377748019,0.8669974600930548,0.865,0.8653,0.785,,,0.46363720712843404,0.0057,,,,P_ppi,
CCRCC_merged,uni_v2,23,regcomp,A,4800.0,unit,12,400,theta3,donor,design,textbook_t|fpc|lin|xf,200,50,0.0008393329377748019,0.9069745594342414,0.875,0.8722,0.805,,,0.46363720712843404,0.0057,,,,P_ppi,
CCRCC_merged,uni_v2,23,regcomp,A,4800.0,unit,12,400,theta3,donor,design,textbook_t|fpc|lin,200,50,0.0008600099424549294,0.9312851661542736,0.87,0.8594999999999999,0.775,,,0.0,1.0,,,,C_classical,
CCRCC_merged,uni_v2,23,regcomp,A,4800.0,unit,12,400,theta3,donor,design,textbook_t|fpc|lin|xf,200,50,0.0008600099424549294,0.9312851661542736,0.87,0.8594999999999999,0.775,,,0.0,1.0,,,,C_classical,
CCRCC_merged,uni_v2,23,regcomp,A,4800.0,unit,12,400,theta3,donor,design,textbook_t|fpc|lin,200,50,0.000785098439087938,0.8673567693818498,0.8725,0.8631,0.775,,,0.4650472027402698,0.0016,,,,C_ppi,
CCRCC_merged,uni_v2,23,regcomp,A,4800.0,unit,12,400,theta3,donor,design,textbook_t|fpc|lin|xf,200,50,0.000785098439087938,0.9133138811799163,0.8775,0.8706,0.79,,,0.4650472027402698,0.0016,,,,C_ppi,
CCRCC_merged,uni_v2,23,regcomp,A,4800.0,unit,12,400,theta2,donor,design,textbook_t|fpc|lin,200,50,0.004544785919697147,0.9257598965067587,0.87,0.8669000000000001,0.805,,,0.0,1.0,,,,r4_classical,
CCRCC_merged,uni_v2,23,regcomp,A,4800.0,unit,12,400,theta2,donor,design,textbook_t|fpc|lin|xf,200,50,0.004544785919697147,0.9257598965067587,0.87,0.8669000000000001,0.805,,,0.0,1.0,,,,r4_classical,
CCRCC_merged,uni_v2,23,regcomp,A,4800.0,unit,12,400,theta2,donor,design,textbook_t|fpc|lin,200,50,0.004113475617337195,0.8950359415363318,0.865,0.8596999999999998,0.76,,,0.6921792552693917,0.1042,,,,r4_ppi,
CCRCC_merged,uni_v2,23,regcomp,A,4800.0,unit,12,400,theta2,donor,design,textbook_t|fpc|lin|xf,200,50,0.004113475617337195,0.9231034653888213,0.875,0.8650000000000001,0.765,,,0.6921792552693917,0.1042,,,,r4_ppi,
CCRCC_merged,uni_v2,23,regcomp,A,4800.0,unit,12,400,theta2,donor,design,textbook_t|fpc|lin,200,50,0.004544785919697127,0.9257598965067604,0.87,0.8669000000000001,0.805,,,0.0,1.0,,,,P_classical,
CCRCC_merged,uni_v2,23,regcomp,A,4800.0,unit,12,400,theta2,donor,design,textbook_t|fpc|lin|xf,200,50,0.004544785919697127,0.9257598965067604,0.87,0.8669000000000001,0.805,,,0.0,1.0,,,,P_classical,
CCRCC_merged,uni_v2,23,regcomp,A,4800.0,unit,12,400,theta2,donor,design,textbook_t|fpc|lin,200,50,0.004111496263777923,0.8962934654325667,0.87,0.8599999999999999,0.75,,,0.49390108028245494,0.1922,,,,P_ppi,
CCRCC_merged,uni_v2,23,regcomp,A,4800.0,unit,12,400,theta2,donor,design,textbook_t|fpc|lin|xf,200,50,0.004111496263777923,0.9162508513579741,0.875,0.8660000000000001,0.76,,,0.49390108028245494,0.1922,,,,P_ppi,
CCRCC_merged,uni_v2,23,regcomp,A,4800.0,unit,12,400,theta2,donor,design,textbook_t|fpc|lin,200,50,0.004544785919697149,0.9257598965067588,0.87,0.8669000000000001,0.805,,,0.0,1.0,,,,C_classical,
CCRCC_merged,uni_v2,23,regcomp,A,4800.0,unit,12,400,theta2,donor,design,textbook_t|fpc|lin|xf,200,50,0.004544785919697149,0.9257598965067588,0.87,0.8669000000000001,0.805,,,0.0,1.0,,,,C_classical,
CCRCC_merged,uni_v2,23,regcomp,A,4800.0,unit,12,400,theta2,donor,design,textbook_t|fpc|lin,200,50,0.004107152400077356,0.8930584281836771,0.865,0.8593,0.76,,,0.4784183547302859,0.0028,,,,C_ppi,
CCRCC_merged,uni_v2,23,regcomp,A,4800.0,unit,12,400,theta2,donor,design,textbook_t|fpc|lin|xf,200,50,0.004107152400077356,0.920647660575364,0.875,0.8650999999999999,0.77,,,0.4784183547302859,0.0028,,,,C_ppi,
CCRCC_merged,uni_v2,23,regcomp,B,4800.0,unit,23,prop,theta3,donor,design,regB_t,200,50,0.0006726247624857763,0.8937950759075859,0.88,0.8807,0.845,,,0.0,1.0,,,,r4_classical,169.0
CCRCC_merged,uni_v2,23,regcomp,B,4800.0,unit,23,prop,theta3,donor,design,regB_t,200,50,0.0003754062253032626,1.0134479067837976,0.9,0.8991000000000001,0.83,,,0.7760659795597084,0.0,,,,r4_ppi,169.0
CCRCC_merged,uni_v2,23,regcomp,B,4800.0,unit,23,prop,theta3,donor,design,regB_t,200,50,0.0004053122522264822,0.9643310468864205,0.885,0.8908000000000001,0.84,,,0.0,1.0,,,,P_classical,169.0
CCRCC_merged,uni_v2,23,regcomp,B,4800.0,unit,23,prop,theta3,donor,design,regB_t,200,50,0.00035852807270906966,0.9984756738234675,0.9,0.8978999999999999,0.85,,,0.5115376486744214,0.0315,,,,P_ppi,169.0
CCRCC_merged,uni_v2,23,regcomp,B,4800.0,unit,23,prop,theta3,donor,design,regB_t,200,50,0.0002494562908608619,0.9855616614157806,0.895,0.8963,0.85,,,0.0,1.0,,,,C_classical,169.0
CCRCC_merged,uni_v2,23,regcomp,B,4800.0,unit,23,prop,theta3,donor,design,regB_t,200,50,0.0002461364746807722,0.9662428212753795,0.895,0.8939999999999999,0.86,,,0.46740806567829135,0.0231,,,,C_ppi,169.0
CCRCC_merged,uni_v2,23,regcomp,B,4800.0,unit,23,prop,theta2,donor,design,regB_t,200,50,0.00016878980923905215,0.9781576976556363,0.9025000000000001,0.8979,0.85,,,0.0,1.0,,,,r4_classical,169.0
CCRCC_merged,uni_v2,23,regcomp,B,4800.0,unit,23,prop,theta2,donor,design,regB_t,200,50,0.00016138088800086154,0.9908440511383307,0.895,0.8998999999999999,0.85,,,0.669048714715762,0.0,,,,r4_ppi,169.0
CCRCC_merged,uni_v2,23,regcomp,B,4800.0,unit,23,prop,theta2,donor,design,regB_t,200,50,0.00016878980923905237,0.9781576976556356,0.9025000000000001,0.8979,0.85,,,0.0,1.0,,,,P_classical,169.0
CCRCC_merged,uni_v2,23,regcomp,B,4800.0,unit,23,prop,theta2,donor,design,regB_t,200,50,0.0001633746783197087,0.9900339409454006,0.9,0.9005000000000001,0.85,,,0.49556409366452786,0.0342,,,,P_ppi,169.0
CCRCC_merged,uni_v2,23,regcomp,B,4800.0,unit,23,prop,theta2,donor,design,regB_t,200,50,0.00016878980923905212,0.9781576976556361,0.9025000000000001,0.8979,0.85,,,0.0,1.0,,,,C_classical,169.0
CCRCC_merged,uni_v2,23,regcomp,B,4800.0,unit,23,prop,theta2,donor,design,regB_t,200,50,0.00016004370874097914,0.984322773035789,0.9,0.8998,0.86,,,0.4926556618193397,0.0,,,,C_ppi,169.0
CCRCC_merged,uni_v2,23,regcomp,B,4610.0,cd_cs_10_vs_A_nL4_B4800,23,prop,theta3,donor,design,regB_t,200,50,0.0006661365510876278,0.9537214247049122,0.88,0.8860000000000001,0.845,,,0.0,1.0,,,,r4_classical,162.0
CCRCC_merged,uni_v2,23,regcomp,B,4610.0,cd_cs_10_vs_A_nL4_B4800,23,prop,theta3,donor,design,regB_t,200,50,0.00037517669484621384,0.9924650651083533,0.895,0.8973,0.85,,,0.7791701971589873,0.0,,,,r4_ppi,162.0
CCRCC_merged,uni_v2,23,regcomp,B,4610.0,cd_cs_10_vs_A_nL4_B4800,23,prop,theta3,donor,design,regB_t,200,50,0.0004463213035813408,0.9643666927244505,0.885,0.8881,0.83,,,0.0,1.0,,,,P_classical,162.0
CCRCC_merged,uni_v2,23,regcomp,B,4610.0,cd_cs_10_vs_A_nL4_B4800,23,prop,theta3,donor,design,regB_t,200,50,0.00037432723636483974,1.0002936561006042,0.9,0.8969,0.85,,,0.5072985758568433,0.0367,,,,P_ppi,162.0
CCRCC_merged,uni_v2,23,regcomp,B,4610.0,cd_cs_10_vs_A_nL4_B4800,23,prop,theta3,donor,design,regB_t,200,50,0.00024988658561441444,1.030385678126518,0.9075,0.9064000000000001,0.865,,,0.0,1.0,,,,C_classical,162.0
CCRCC_merged,uni_v2,23,regcomp,B,4610.0,cd_cs_10_vs_A_nL4_B4800,23,prop,theta3,donor,design,regB_t,200,50,0.0002522905834574999,1.0158193805920481,0.9075,0.9036,0.86,,,0.46596422799564313,0.0306,,,,C_ppi,162.0
CCRCC_merged,uni_v2,23,regcomp,B,4610.0,cd_cs_10_vs_A_nL4_B4800,23,prop,theta2,donor,design,regB_t,200,50,0.00016438161499144065,1.0360992858912985,0.905,0.9054000000000001,0.865,,,0.0,1.0,,,,r4_classical,162.0
CCRCC_merged,uni_v2,23,regcomp,B,4610.0,cd_cs_10_vs_A_nL4_B4800,23,prop,theta2,donor,design,regB_t,200,50,0.00015447535550606523,1.0244547041251333,0.905,0.9033,0.85,,,0.6689857402878099,0.0,,,,r4_ppi,162.0
CCRCC_merged,uni_v2,23,regcomp,B,4610.0,cd_cs_10_vs_A_nL4_B4800,23,prop,theta2,donor,design,regB_t,200,50,0.0001643816149914408,1.0360992858913005,0.905,0.9054000000000001,0.865,,,0.0,1.0,,,,P_classical,162.0
CCRCC_merged,uni_v2,23,regcomp,B,4610.0,cd_cs_10_vs_A_nL4_B4800,23,prop,theta2,donor,design,regB_t,200,50,0.00015828857021516564,1.0308545386201364,0.905,0.9041000000000001,0.845,,,0.5,0.0376,,,,P_ppi,162.0
CCRCC_merged,uni_v2,23,regcomp,B,4610.0,cd_cs_10_vs_A_nL4_B4800,23,prop,theta2,donor,design,regB_t,200,50,0.00016438161499144057,1.036099285891298,0.905,0.9054000000000001,0.865,,,0.0,1.0,,,,C_classical,162.0
CCRCC_merged,uni_v2,23,regcomp,B,4610.0,cd_cs_10_vs_A_nL4_B4800,23,prop,theta2,donor,design,regB_t,200,50,0.00015437769761474953,1.035970443995466,0.905,0.9037000000000001,0.845,,,0.4947356329174871,0.0,,,,C_ppi,162.0
CCRCC_merged,uni_v2,23,regcomp,B,4630.0,cd_cs_10_vs_A_nL6_B4800,23,prop,theta3,donor,design,regB_t,200,50,0.000623547544241759,1.0572492454594606,0.905,0.9048,0.865,,,0.0,1.0,,,,r4_classical,163.0
CCRCC_merged,uni_v2,23,regcomp,B,4630.0,cd_cs_10_vs_A_nL6_B4800,23,prop,theta3,donor,design,regB_t,200,50,0.0003760050436118084,0.9945856027291137,0.8975,0.8995000000000001,0.85,,,0.7733108073221377,0.0,,,,r4_ppi,163.0
CCRCC_merged,uni_v2,23,regcomp,B,4630.0,cd_cs_10_vs_A_nL6_B4800,23,prop,theta3,donor,design,regB_t,200,50,0.00040153406929166284,1.009904847763294,0.9025000000000001,0.8991000000000001,0.845,,,0.0,1.0,,,,P_classical,163.0
CCRCC_merged,uni_v2,23,regcomp,B,4630.0,cd_cs_10_vs_A_nL6_B4800,23,prop,theta3,donor,design,regB_t,200,50,0.0003607813613748915,1.0229878533878263,0.905,0.9034,0.845,,,0.5037857605094352,0.0351,,,,P_ppi,163.0
CCRCC_merged,uni_v2,23,regcomp,B,4630.0,cd_cs_10_vs_A_nL6_B4800,23,prop,theta3,donor,design,regB_t,200,50,0.0002555347235055483,0.9839584587874047,0.8975,0.8964,0.84,,,0.0,1.0,,,,C_classical,163.0
CCRCC_merged,uni_v2,23,regcomp,B,4630.0,cd_cs_10_vs_A_nL6_B4800,23,prop,theta3,donor,design,regB_t,200,50,0.00025259121784815524,0.9997824946296903,0.9,0.8996000000000002,0.84,,,0.4691405357929634,0.0323,,,,C_ppi,163.0
CCRCC_merged,uni_v2,23,regcomp,B,4630.0,cd_cs_10_vs_A_nL6_B4800,23,prop,theta2,donor,design,regB_t,200,50,0.0001671494530067116,1.0400092472377582,0.905,0.9037000000000001,0.86,,,0.0,1.0,,,,r4_classical,163.0
CCRCC_merged,uni_v2,23,regcomp,B,4630.0,cd_cs_10_vs_A_nL6_B4800,23,prop,theta2,donor,design,regB_t,200,50,0.00016869620812421282,0.9983083873344687,0.9,0.8996999999999999,0.865,,,0.6688039949151114,0.0,,,,r4_ppi,163.0
CCRCC_merged,uni_v2,23,regcomp,B,4630.0,cd_cs_10_vs_A_nL6_B4800,23,prop,theta2,donor,design,regB_t,200,50,0.00016714945300671215,1.0400092472377591,0.905,0.9037000000000001,0.86,,,0.0,1.0,,,,P_classical,163.0
CCRCC_merged,uni_v2,23,regcomp,B,4630.0,cd_cs_10_vs_A_nL6_B4800,23,prop,theta2,donor,design,regB_t,200,50,0.000167476302178885,1.0318508119359886,0.905,0.9023,0.855,,,0.5,0.036,,,,P_ppi,163.0
CCRCC_merged,uni_v2,23,regcomp,B,4630.0,cd_cs_10_vs_A_nL6_B4800,23,prop,theta2,donor,design,regB_t,200,50,0.00016714945300671152,1.0400092472377573,0.905,0.9037000000000001,0.86,,,0.0,1.0,,,,C_classical,163.0
CCRCC_merged,uni_v2,23,regcomp,B,4630.0,cd_cs_10_vs_A_nL6_B4800,23,prop,theta2,donor,design,regB_t,200,50,0.00016196619781664142,1.0046812288719162,0.9,0.8998000000000002,0.865,,,0.4916305558893663,0.0,,,,C_ppi,163.0
CCRCC_merged,uni_v2,23,regcomp,B,4650.0,cd_cs_10_vs_A_nL8_B4800,23,prop,theta3,donor,design,regB_t,200,50,0.0005750627155426551,1.0754845343733317,0.91,0.9118,0.87,,,0.0,1.0,,,,r4_classical,163.0
CCRCC_merged,uni_v2,23,regcomp,B,4650.0,cd_cs_10_vs_A_nL8_B4800,23,prop,theta3,donor,design,regB_t,200,50,0.0003633593659262789,1.036809976828056,0.9,0.9009999999999999,0.86,,,0.771926171685374,0.0,,,,r4_ppi,163.0
CCRCC_merged,uni_v2,23,regcomp,B,4650.0,cd_cs_10_vs_A_nL8_B4800,23,prop,theta3,donor,design,regB_t,200,50,0.0003836443879348565,1.0184860472121868,0.9,0.8982999999999999,0.855,,,0.0,1.0,,,,P_classical,163.0
CCRCC_merged,uni_v2,23,regcomp,B,4650.0,cd_cs_10_vs_A_nL8_B4800,23,prop,theta3,donor,design,regB_t,200,50,0.00035651423263764005,1.0207769100406339,0.9,0.8985,0.85,,,0.5015322389761516,0.0343,,,,P_ppi,163.0
CCRCC_merged,uni_v2,23,regcomp,B,4650.0,cd_cs_10_vs_A_nL8_B4800,23,prop,theta3,donor,design,regB_t,200,50,0.0002544475890389759,0.995432836131693,0.9,0.8944,0.845,,,0.0,1.0,,,,C_classical,163.0
CCRCC_merged,uni_v2,23,regcomp,B,4650.0,cd_cs_10_vs_A_nL8_B4800,23,prop,theta3,donor,design,regB_t,200,50,0.00023778900731313862,1.0057910257455773,0.895,0.8954000000000001,0.855,,,0.46123417703404235,0.0286,,,,C_ppi,163.0
CCRCC_merged,uni_v2,23,regcomp,B,4650.0,cd_cs_10_vs_A_nL8_B4800,23,prop,theta2,donor,design,regB_t,200,50,0.00017860379784716607,0.9407633423699385,0.8925000000000001,0.8892000000000002,0.845,,,0.0,1.0,,,,r4_classical,163.0
CCRCC_merged,uni_v2,23,regcomp,B,4650.0,cd_cs_10_vs_A_nL8_B4800,23,prop,theta2,donor,design,regB_t,200,50,0.0001741544151327643,0.9482710499833953,0.89,0.8887,0.855,,,0.669367463812333,0.0,,,,r4_ppi,163.0
CCRCC_merged,uni_v2,23,regcomp,B,4650.0,cd_cs_10_vs_A_nL8_B4800,23,prop,theta2,donor,design,regB_t,200,50,0.0001786037978471664,0.9407633423699364,0.8925000000000001,0.8892000000000002,0.845,,,0.0,1.0,,,,P_classical,163.0
CCRCC_merged,uni_v2,23,regcomp,B,4650.0,cd_cs_10_vs_A_nL8_B4800,23,prop,theta2,donor,design,regB_t,200,50,0.00017583860792223576,0.9492027203056588,0.895,0.889,0.84,,,0.5,0.0351,,,,P_ppi,163.0
CCRCC_merged,uni_v2,23,regcomp,B,4650.0,cd_cs_10_vs_A_nL8_B4800,23,prop,theta2,donor,design,regB_t,200,50,0.00017860379784716602,0.9407633423699386,0.8925000000000001,0.8892000000000002,0.845,,,0.0,1.0,,,,C_classical,163.0
CCRCC_merged,uni_v2,23,regcomp,B,4650.0,cd_cs_10_vs_A_nL8_B4800,23,prop,theta2,donor,design,regB_t,200,50,0.00017165994870577911,0.9484598942976885,0.89,0.89,0.845,,,0.49386110086550006,0.0,,,,C_ppi,163.0
CCRCC_merged,uni_v2,23,regcomp,B,4690.0,cd_cs_10_vs_A_nL12_B4800,23,prop,theta3,donor,design,regB_t,200,50,0.000684592726551264,0.8702718486255059,0.875,0.8784000000000002,0.83,,,0.0,1.0,,,,r4_classical,165.0
CCRCC_merged,uni_v2,23,regcomp,B,4690.0,cd_cs_10_vs_A_nL12_B4800,23,prop,theta3,donor,design,regB_t,200,50,0.0003684277313502286,1.0101011469341994,0.9,0.9013000000000001,0.87,,,0.7717914344888961,0.0,,,,r4_ppi,165.0
CCRCC_merged,uni_v2,23,regcomp,B,4690.0,cd_cs_10_vs_A_nL12_B4800,23,prop,theta3,donor,design,regB_t,200,50,0.00040605721012354593,0.987051386011957,0.895,0.8939999999999999,0.845,,,0.0,1.0,,,,P_classical,165.0
CCRCC_merged,uni_v2,23,regcomp,B,4690.0,cd_cs_10_vs_A_nL12_B4800,23,prop,theta3,donor,design,regB_t,200,50,0.00036393924207983955,1.005252951361981,0.9,0.8988999999999998,0.865,,,0.4984405931903468,0.0334,,,,P_ppi,165.0
CCRCC_merged,uni_v2,23,regcomp,B,4690.0,cd_cs_10_vs_A_nL12_B4800,23,prop,theta3,donor,design,regB_t,200,50,0.0002578971427711742,1.004768216196455,0.9,0.8984000000000001,0.84,,,0.0,1.0,,,,C_classical,165.0
CCRCC_merged,uni_v2,23,regcomp,B,4690.0,cd_cs_10_vs_A_nL12_B4800,23,prop,theta3,donor,design,regB_t,200,50,0.00025811344175926234,0.9666727245441227,0.8925000000000001,0.8919,0.845,,,0.4677915378898868,0.0267,,,,C_ppi,165.0
CCRCC_merged,uni_v2,23,regcomp,B,4690.0,cd_cs_10_vs_A_nL12_B4800,23,prop,theta2,donor,design,regB_t,200,50,0.00017204213145800715,1.0064908567689765,0.9,0.8987,0.85,,,0.0,1.0,,,,r4_classical,165.0
CCRCC_merged,uni_v2,23,regcomp,B,4690.0,cd_cs_10_vs_A_nL12_B4800,23,prop,theta2,donor,design,regB_t,200,50,0.00016297445867730423,1.0092394310061332,0.9,0.9003999999999999,0.845,,,0.6707789188834151,0.0,,,,r4_ppi,165.0
CCRCC_merged,uni_v2,23,regcomp,B,4690.0,cd_cs_10_vs_A_nL12_B4800,23,prop,theta2,donor,design,regB_t,200,50,0.0001720421314580068,1.0064908567689743,0.9,0.8987,0.85,,,0.0,1.0,,,,P_classical,165.0
CCRCC_merged,uni_v2,23,regcomp,B,4690.0,cd_cs_10_vs_A_nL12_B4800,23,prop,theta2,donor,design,regB_t,200,50,0.0001662907234315508,1.0071171087678668,0.905,0.9022999999999999,0.845,,,0.5,0.0359,,,,P_ppi,165.0
CCRCC_merged,uni_v2,23,regcomp,B,4690.0,cd_cs_10_vs_A_nL12_B4800,23,prop,theta2,donor,design,regB_t,200,50,0.00017204213145800715,1.0064908567689772,0.9,0.8987,0.85,,,0.0,1.0,,,,C_classical,165.0
CCRCC_merged,uni_v2,23,regcomp,B,4690.0,cd_cs_10_vs_A_nL12_B4800,23,prop,theta2,donor,design,regB_t,200,50,0.00016305483933213205,1.0015633912530228,0.9,0.9012,0.83,,,0.492130046956785,0.0,,,,C_ppi,165.0
CCRCC_merged,uni_v2,23,regcomp,B,2900.0,cd_cs_100_vs_A_nL4_B4800,23,prop,theta3,donor,design,regB_t,200,50,0.0008733900680284624,1.102331546368359,0.915,0.9153,0.87,,,0.0,1.0,,,,r4_classical,102.0
CCRCC_merged,uni_v2,23,regcomp,B,2900.0,cd_cs_100_vs_A_nL4_B4800,23,prop,theta3,donor,design,regB_t,200,50,0.0006256774942316459,1.040098483071327,0.905,0.9037000000000001,0.845,,,0.7772420646831688,0.0,,,,r4_ppi,102.0
CCRCC_merged,uni_v2,23,regcomp,B,2900.0,cd_cs_100_vs_A_nL4_B4800,23,prop,theta3,donor,design,regB_t,200,50,0.0006258578240620669,1.0148037023323078,0.905,0.9022,0.84,,,0.0,1.0,,,,P_classical,102.0
CCRCC_merged,uni_v2,23,regcomp,B,2900.0,cd_cs_100_vs_A_nL4_B4800,23,prop,theta3,donor,design,regB_t,200,50,0.000629734676201961,1.036790196877071,0.9,0.9014,0.835,,,0.510454368791823,0.0466,,,,P_ppi,102.0
CCRCC_merged,uni_v2,23,regcomp,B,2900.0,cd_cs_100_vs_A_nL4_B4800,23,prop,theta3,donor,design,regB_t,200,50,0.0004554242880505171,0.9187110478133308,0.89,0.8857,0.82,,,0.0,1.0,,,,C_classical,102.0
CCRCC_merged,uni_v2,23,regcomp,B,2900.0,cd_cs_100_vs_A_nL4_B4800,23,prop,theta3,donor,design,regB_t,200,50,0.0004363966940536694,0.9521844657473973,0.89,0.8892000000000002,0.85,,,0.4679908592606257,0.04,,,,C_ppi,102.0
CCRCC_merged,uni_v2,23,regcomp,B,2900.0,cd_cs_100_vs_A_nL4_B4800,23,prop,theta2,donor,design,regB_t,200,50,0.00030955410077237804,1.026512249828325,0.9,0.9007999999999999,0.855,,,0.0,1.0,,,,r4_classical,102.0
CCRCC_merged,uni_v2,23,regcomp,B,2900.0,cd_cs_100_vs_A_nL4_B4800,23,prop,theta2,donor,design,regB_t,200,50,0.00030164142189557296,0.9802740588333858,0.8975,0.8998,0.84,,,0.6640777130200427,0.0,,,,r4_ppi,102.0
CCRCC_merged,uni_v2,23,regcomp,B,2900.0,cd_cs_100_vs_A_nL4_B4800,23,prop,theta2,donor,design,regB_t,200,50,0.00030955410077237815,1.0265122498283252,0.9,0.9007999999999999,0.855,,,0.0,1.0,,,,P_classical,102.0
CCRCC_merged,uni_v2,23,regcomp,B,2900.0,cd_cs_100_vs_A_nL4_B4800,23,prop,theta2,donor,design,regB_t,200,50,0.00030192834066268515,1.0014341571047207,0.895,0.9002,0.85,,,0.4996494843409133,0.0404,,,,P_ppi,102.0
CCRCC_merged,uni_v2,23,regcomp,B,2900.0,cd_cs_100_vs_A_nL4_B4800,23,prop,theta2,donor,design,regB_t,200,50,0.00030955410077237804,1.026512249828325,0.9,0.9007999999999999,0.855,,,0.0,1.0,,,,C_classical,102.0
CCRCC_merged,uni_v2,23,regcomp,B,2900.0,cd_cs_100_vs_A_nL4_B4800,23,prop,theta2,donor,design,regB_t,200,50,0.0002923646344974659,0.9884010124764722,0.9,0.9024000000000001,0.85,,,0.49757700083416656,0.0,,,,C_ppi,102.0
CCRCC_merged,uni_v2,23,regcomp,B,3100.0,cd_cs_100_vs_A_nL6_B4800,23,prop,theta3,donor,design,regB_t,200,50,0.0009034107429047244,1.036019934014719,0.9075,0.9055000000000001,0.87,,,0.0,1.0,,,,r4_classical,109.0
CCRCC_merged,uni_v2,23,regcomp,B,3100.0,cd_cs_100_vs_A_nL6_B4800,23,prop,theta3,donor,design,regB_t,200,50,0.0005710242467886957,1.0269584174362314,0.9,0.9014,0.86,,,0.7820602617912578,0.0,,,,r4_ppi,109.0
CCRCC_merged,uni_v2,23,regcomp,B,3100.0,cd_cs_100_vs_A_nL6_B4800,23,prop,theta3,donor,design,regB_t,200,50,0.000596491667993351,1.0336733126909454,0.9025000000000001,0.9009999999999999,0.855,,,0.0,1.0,,,,P_classical,109.0
CCRCC_merged,uni_v2,23,regcomp,B,3100.0,cd_cs_100_vs_A_nL6_B4800,23,prop,theta3,donor,design,regB_t,200,50,0.0005600186940008785,1.0275965673721772,0.895,0.9002,0.86,,,0.5181552209282655,0.0379,,,,P_ppi,109.0
CCRCC_merged,uni_v2,23,regcomp,B,3100.0,cd_cs_100_vs_A_nL6_B4800,23,prop,theta3,donor,design,regB_t,200,50,0.00037181888847651106,1.034250149190226,0.905,0.9033000000000001,0.84,,,0.0,1.0,,,,C_classical,109.0
CCRCC_merged,uni_v2,23,regcomp,B,3100.0,cd_cs_100_vs_A_nL6_B4800,23,prop,theta3,donor,design,regB_t,200,50,0.00037119627109442383,1.0157581401056555,0.905,0.9022,0.865,,,0.47368148997586845,0.0343,,,,C_ppi,109.0
CCRCC_merged,uni_v2,23,regcomp,B,3100.0,cd_cs_100_vs_A_nL6_B4800,23,prop,theta2,donor,design,regB_t,200,50,0.000275452700262784,0.981207510624023,0.895,0.8971000000000001,0.84,,,0.0,1.0,,,,r4_classical,109.0
CCRCC_merged,uni_v2,23,regcomp,B,3100.0,cd_cs_100_vs_A_nL6_B4800,23,prop,theta2,donor,design,regB_t,200,50,0.0002674518462361942,0.984066188613766,0.8975,0.8992999999999999,0.865,,,0.6660051313840353,0.0,,,,r4_ppi,109.0
CCRCC_merged,uni_v2,23,regcomp,B,3100.0,cd_cs_100_vs_A_nL6_B4800,23,prop,theta2,donor,design,regB_t,200,50,0.0002754527002627844,0.9812075106240234,0.895,0.8971000000000001,0.84,,,0.0,1.0,,,,P_classical,109.0
CCRCC_merged,uni_v2,23,regcomp,B,3100.0,cd_cs_100_vs_A_nL6_B4800,23,prop,theta2,donor,design,regB_t,200,50,0.0002668834970089857,1.0049711043157703,0.895,0.8982999999999999,0.865,,,0.5,0.041,,,,P_ppi,109.0
CCRCC_merged,uni_v2,23,regcomp,B,3100.0,cd_cs_100_vs_A_nL6_B4800,23,prop,theta2,donor,design,regB_t,200,50,0.000275452700262784,0.9812075106240228,0.895,0.8971000000000001,0.84,,,0.0,1.0,,,,C_classical,109.0
CCRCC_merged,uni_v2,23,regcomp,B,3100.0,cd_cs_100_vs_A_nL6_B4800,23,prop,theta2,donor,design,regB_t,200,50,0.00026221441309279443,0.9865121994120553,0.8925000000000001,0.8969,0.855,,,0.5004765760274688,0.0,,,,C_ppi,109.0
CCRCC_merged,uni_v2,23,regcomp,B,3300.0,cd_cs_100_vs_A_nL8_B4800,23,prop,theta3,donor,design,regB_t,200,50,0.0009109794076339082,0.9410567002625698,0.89,0.8904000000000002,0.82,,,0.0,1.0,,,,r4_classical,116.0
CCRCC_merged,uni_v2,23,regcomp,B,3300.0,cd_cs_100_vs_A_nL8_B4800,23,prop,theta3,donor,design,regB_t,200,50,0.0005948727854371209,0.9152093695297872,0.895,0.8903,0.84,,,0.7821323031838785,0.0,,,,r4_ppi,116.0
CCRCC_merged,uni_v2,23,regcomp,B,3300.0,cd_cs_100_vs_A_nL8_B4800,23,prop,theta3,donor,design,regB_t,200,50,0.0005984108354581477,0.9652443052669758,0.89,0.8930000000000001,0.86,,,0.0,1.0,,,,P_classical,116.0
CCRCC_merged,uni_v2,23,regcomp,B,3300.0,cd_cs_100_vs_A_nL8_B4800,23,prop,theta3,donor,design,regB_t,200,50,0.0005861105094145218,0.9354430932828752,0.8925000000000001,0.8934999999999998,0.855,,,0.5122428433224424,0.035,,,,P_ppi,116.0
CCRCC_merged,uni_v2,23,regcomp,B,3300.0,cd_cs_100_vs_A_nL8_B4800,23,prop,theta3,donor,design,regB_t,200,50,0.0004011324076484465,0.9645313389019787,0.8875,0.8882000000000001,0.84,,,0.0,1.0,,,,C_classical,116.0
CCRCC_merged,uni_v2,23,regcomp,B,3300.0,cd_cs_100_vs_A_nL8_B4800,23,prop,theta3,donor,design,regB_t,200,50,0.0003797581037193722,0.9760733065700165,0.89,0.8907,0.85,,,0.4706140757042893,0.0318,,,,C_ppi,116.0
CCRCC_merged,uni_v2,23,regcomp,B,3300.0,cd_cs_100_vs_A_nL8_B4800,23,prop,theta2,donor,design,regB_t,200,50,0.00025785544829649864,1.0117372256907524,0.905,0.9028,0.865,,,0.0,1.0,,,,r4_classical,116.0
CCRCC_merged,uni_v2,23,regcomp,B,3300.0,cd_cs_100_vs_A_nL8_B4800,23,prop,theta2,donor,design,regB_t,200,50,0.0002520244588840122,0.9859649051960968,0.9,0.9002000000000001,0.855,,,0.6646344957841047,0.0,,,,r4_ppi,116.0
CCRCC_merged,uni_v2,23,regcomp,B,3300.0,cd_cs_100_vs_A_nL8_B4800,23,prop,theta2,donor,design,regB_t,200,50,0.0002578554482964991,1.0117372256907489,0.905,0.9028,0.865,,,0.0,1.0,,,,P_classical,116.0
CCRCC_merged,uni_v2,23,regcomp,B,3300.0,cd_cs_100_vs_A_nL8_B4800,23,prop,theta2,donor,design,regB_t,200,50,0.00025089233216907817,0.9949077162521436,0.9,0.9007999999999999,0.85,,,0.5,0.0408,,,,P_ppi,116.0
CCRCC_merged,uni_v2,23,regcomp,B,3300.0,cd_cs_100_vs_A_nL8_B4800,23,prop,theta2,donor,design,regB_t,200,50,0.00025785544829649853,1.011737225690752,0.905,0.9029,0.865,,,0.0,1.0,,,,C_classical,116.0
CCRCC_merged,uni_v2,23,regcomp,B,3300.0,cd_cs_100_vs_A_nL8_B4800,23,prop,theta2,donor,design,regB_t,200,50,0.0002518630360103819,0.9907668252298102,0.9,0.9006000000000001,0.85,,,0.4966694186332519,0.0,,,,C_ppi,116.0
CCRCC_merged,uni_v2,23,regcomp,B,3700.0,cd_cs_100_vs_A_nL12_B4800,23,prop,theta3,donor,design,regB_t,200,50,0.0008505397037620727,0.8924914719459011,0.875,0.878,0.835,,,0.0,1.0,,,,r4_classical,130.0
CCRCC_merged,uni_v2,23,regcomp,B,3700.0,cd_cs_100_vs_A_nL12_B4800,23,prop,theta3,donor,design,regB_t,200,50,0.0004997816651679391,0.9757120589843908,0.89,0.8891000000000001,0.85,,,0.7766321960652551,0.0,,,,r4_ppi,130.0
CCRCC_merged,uni_v2,23,regcomp,B,3700.0,cd_cs_100_vs_A_nL12_B4800,23,prop,theta3,donor,design,regB_t,200,50,0.0005524766001246033,0.9306650882751568,0.8825000000000001,0.8869,0.86,,,0.0,1.0,,,,P_classical,130.0
CCRCC_merged,uni_v2,23,regcomp,B,3700.0,cd_cs_100_vs_A_nL12_B4800,23,prop,theta3,donor,design,regB_t,200,50,0.000491964399215549,0.9790686413423119,0.89,0.8923000000000001,0.85,,,0.50840894754083,0.0351,,,,P_ppi,130.0
CCRCC_merged,uni_v2,23,regcomp,B,3700.0,cd_cs_100_vs_A_nL12_B4800,23,prop,theta3,donor,design,regB_t,200,50,0.0003436239873095919,0.9934489903500845,0.895,0.898,0.84,,,0.0,1.0,,,,C_classical,130.0
CCRCC_merged,uni_v2,23,regcomp,B,3700.0,cd_cs_100_vs_A_nL12_B4800,23,prop,theta3,donor,design,regB_t,200,50,0.0003276598684940874,1.0062978093881725,0.9025000000000001,0.8989999999999999,0.85,,,0.4678713568873492,0.0318,,,,C_ppi,130.0
CCRCC_merged,uni_v2,23,regcomp,B,3700.0,cd_cs_100_vs_A_nL12_B4800,23,prop,theta2,donor,design,regB_t,200,50,0.00021339833260709842,1.0161968543650355,0.905,0.9050000000000001,0.845,,,0.0,1.0,,,,r4_classical,130.0
CCRCC_merged,uni_v2,23,regcomp,B,3700.0,cd_cs_100_vs_A_nL12_B4800,23,prop,theta2,donor,design,regB_t,200,50,0.00020422735917605697,0.9940198273137142,0.9,0.9018,0.86,,,0.6663396809906186,0.0,,,,r4_ppi,130.0
CCRCC_merged,uni_v2,23,regcomp,B,3700.0,cd_cs_100_vs_A_nL12_B4800,23,prop,theta2,donor,design,regB_t,200,50,0.00021339833260709817,1.0161968543650357,0.905,0.9050000000000001,0.845,,,0.0,1.0,,,,P_classical,130.0
CCRCC_merged,uni_v2,23,regcomp,B,3700.0,cd_cs_100_vs_A_nL12_B4800,23,prop,theta2,donor,design,regB_t,200,50,0.00020775305032310872,0.9980477135467005,0.905,0.9015000000000001,0.855,,,0.4994211704949893,0.0406,,,,P_ppi,130.0
CCRCC_merged,uni_v2,23,regcomp,B,3700.0,cd_cs_100_vs_A_nL12_B4800,23,prop,theta2,donor,design,regB_t,200,50,0.00021339833260709853,1.0161968543650357,0.905,0.9050000000000001,0.845,,,0.0,1.0,,,,C_classical,130.0
CCRCC_merged,uni_v2,23,regcomp,B,3700.0,cd_cs_100_vs_A_nL12_B4800,23,prop,theta2,donor,design,regB_t,200,50,0.0002008172274061823,1.0076629521572595,0.9075,0.9041999999999999,0.85,,,0.49830908071806684,0.0,,,,C_ppi,130.0
CCRCC_merged,uni_v2,23,regcomp,A,9600.0,unit,4,2400,theta3,donor,design,textbook_t|fpc|lin,200,50,0.0029917869446690966,1.0233167806422157,0.84,0.828,0.605,,,0.0,1.0,,,,r4_classical,
CCRCC_merged,uni_v2,23,regcomp,A,9600.0,unit,4,2400,theta3,donor,design,textbook_t|fpc|lin|xf,200,50,0.0029917869446690966,1.0233167806422157,0.84,0.828,0.605,,,0.0,1.0,,,,r4_classical,
CCRCC_merged,uni_v2,23,regcomp,A,9600.0,unit,4,2400,theta3,donor,design,textbook_t|fpc|lin,200,50,0.0029917869446690966,1.0233167806422157,0.84,0.828,0.605,,,0.0,1.0,,,,r4_ppi,
CCRCC_merged,uni_v2,23,regcomp,A,9600.0,unit,4,2400,theta3,donor,design,textbook_t|fpc|lin|xf,200,50,0.0029917869446690966,1.0233167806422157,0.84,0.828,0.605,,,0.0,1.0,,,,r4_ppi,
CCRCC_merged,uni_v2,23,regcomp,A,9600.0,unit,4,2400,theta3,donor,design,textbook_t|fpc|lin,200,50,0.0030450910393121063,1.0079210201674738,0.83,0.8266000000000001,0.585,,,0.0,1.0,,,,P_classical,
CCRCC_merged,uni_v2,23,regcomp,A,9600.0,unit,4,2400,theta3,donor,design,textbook_t|fpc|lin|xf,200,50,0.0030450910393121063,1.0079210201674738,0.83,0.8266000000000001,0.585,,,0.0,1.0,,,,P_classical,
CCRCC_merged,uni_v2,23,regcomp,A,9600.0,unit,4,2400,theta3,donor,design,textbook_t|fpc|lin,200,50,0.0030420203638863025,1.012883306280655,0.83,0.8271999999999999,0.585,,,0.4533828424337458,0.0132,,,,P_ppi,
CCRCC_merged,uni_v2,23,regcomp,A,9600.0,unit,4,2400,theta3,donor,design,textbook_t|fpc|lin|xf,200,50,0.0030420203638863025,1.012883306280655,0.83,0.8271999999999999,0.585,,,0.4533828424337458,0.0132,,,,P_ppi,
CCRCC_merged,uni_v2,23,regcomp,A,9600.0,unit,4,2400,theta3,donor,design,textbook_t|fpc|lin,200,50,0.0030261671984122547,1.022855727705124,0.83,0.8275,0.59,,,0.0,1.0,,,,C_classical,
CCRCC_merged,uni_v2,23,regcomp,A,9600.0,unit,4,2400,theta3,donor,design,textbook_t|fpc|lin|xf,200,50,0.0030261671984122547,1.022855727705124,0.83,0.8275,0.59,,,0.0,1.0,,,,C_classical,
CCRCC_merged,uni_v2,23,regcomp,A,9600.0,unit,4,2400,theta3,donor,design,textbook_t|fpc|lin,200,50,0.003020910130054801,1.0229633323534506,0.8274999999999999,0.8278,0.59,,,0.4719581935303868,0.0036,,,,C_ppi,
CCRCC_merged,uni_v2,23,regcomp,A,9600.0,unit,4,2400,theta3,donor,design,textbook_t|fpc|lin|xf,200,50,0.003020910130054801,1.0229633323534506,0.8274999999999999,0.8278,0.59,,,0.4719581935303868,0.0036,,,,C_ppi,
CCRCC_merged,uni_v2,23,regcomp,A,9600.0,unit,4,2400,theta2,donor,design,textbook_t|fpc|lin,200,50,0.01846867447840444,1.0335924701300305,0.91,0.9118,0.805,,,0.0,1.0,,,,r4_classical,
CCRCC_merged,uni_v2,23,regcomp,A,9600.0,unit,4,2400,theta2,donor,design,textbook_t|fpc|lin|xf,200,50,0.01846867447840444,1.0335924701300305,0.91,0.9118,0.805,,,0.0,1.0,,,,r4_classical,
CCRCC_merged,uni_v2,23,regcomp,A,9600.0,unit,4,2400,theta2,donor,design,textbook_t|fpc|lin,200,50,0.01846867447840444,1.0335924701300305,0.91,0.9118,0.805,,,0.0,1.0,,,,r4_ppi,
CCRCC_merged,uni_v2,23,regcomp,A,9600.0,unit,4,2400,theta2,donor,design,textbook_t|fpc|lin|xf,200,50,0.01846867447840444,1.0335924701300305,0.91,0.9118,0.805,,,0.0,1.0,,,,r4_ppi,
CCRCC_merged,uni_v2,23,regcomp,A,9600.0,unit,4,2400,theta2,donor,design,textbook_t|fpc|lin,200,50,0.01846867447840439,1.033592470130035,0.91,0.9118,0.805,,,0.0,1.0,,,,P_classical,
CCRCC_merged,uni_v2,23,regcomp,A,9600.0,unit,4,2400,theta2,donor,design,textbook_t|fpc|lin|xf,200,50,0.01846867447840439,1.033592470130035,0.91,0.9118,0.805,,,0.0,1.0,,,,P_classical,
CCRCC_merged,uni_v2,23,regcomp,A,9600.0,unit,4,2400,theta2,donor,design,textbook_t|fpc|lin,200,50,0.018464176584467855,1.0342687769941679,0.91,0.9117999999999999,0.805,,,0.45335549719009677,0.0772,,,,P_ppi,
CCRCC_merged,uni_v2,23,regcomp,A,9600.0,unit,4,2400,theta2,donor,design,textbook_t|fpc|lin|xf,200,50,0.018464176584467855,1.0342687769941679,0.91,0.9117999999999999,0.805,,,0.45335549719009677,0.0772,,,,P_ppi,
CCRCC_merged,uni_v2,23,regcomp,A,9600.0,unit,4,2400,theta2,donor,design,textbook_t|fpc|lin,200,50,0.018468674478404445,1.03359247013003,0.91,0.9118,0.805,,,0.0,1.0,,,,C_classical,
CCRCC_merged,uni_v2,23,regcomp,A,9600.0,unit,4,2400,theta2,donor,design,textbook_t|fpc|lin|xf,200,50,0.018468674478404445,1.03359247013003,0.91,0.9118,0.805,,,0.0,1.0,,,,C_classical,
CCRCC_merged,uni_v2,23,regcomp,A,9600.0,unit,4,2400,theta2,donor,design,textbook_t|fpc|lin,200,50,0.018469309130745973,1.033909749345657,0.91,0.912,0.805,,,0.3932434714370763,0.013,,,,C_ppi,
CCRCC_merged,uni_v2,23,regcomp,A,9600.0,unit,4,2400,theta2,donor,design,textbook_t|fpc|lin|xf,200,50,0.018469309130745973,1.033909749345657,0.91,0.912,0.805,,,0.3932434714370763,0.013,,,,C_ppi,
CCRCC_merged,uni_v2,23,regcomp,A,9600.0,unit,6,1600,theta3,donor,design,textbook_t|fpc|lin,200,50,0.0020633792180854674,0.8899547209510912,0.8325,0.8137000000000002,0.62,,,0.0,1.0,,,,r4_classical,
CCRCC_merged,uni_v2,23,regcomp,A,9600.0,unit,6,1600,theta3,donor,design,textbook_t|fpc|lin|xf,200,50,0.0020633792180854674,0.8899547209510912,0.8325,0.8137000000000002,0.62,,,0.0,1.0,,,,r4_classical,
CCRCC_merged,uni_v2,23,regcomp,A,9600.0,unit,6,1600,theta3,donor,design,textbook_t|fpc|lin,200,50,0.0018613803152092512,0.8662742267174088,0.835,0.8338999999999999,0.715,,,0.5,0.0558,,,,r4_ppi,
CCRCC_merged,uni_v2,23,regcomp,A,9600.0,unit,6,1600,theta3,donor,design,textbook_t|fpc|lin|xf,200,50,0.0018613803152092512,0.8863561623893296,0.8425,0.8373,0.72,,,0.5,0.0558,,,,r4_ppi,
CCRCC_merged,uni_v2,23,regcomp,A,9600.0,unit,6,1600,theta3,donor,design,textbook_t|fpc|lin,200,50,0.00203808372878303,0.8885010094030619,0.835,0.8195000000000001,0.645,,,0.0,1.0,,,,P_classical,
CCRCC_merged,uni_v2,23,regcomp,A,9600.0,unit,6,1600,theta3,donor,design,textbook_t|fpc|lin|xf,200,50,0.00203808372878303,0.8885010094030619,0.835,0.8195000000000001,0.645,,,0.0,1.0,,,,P_classical,
CCRCC_merged,uni_v2,23,regcomp,A,9600.0,unit,6,1600,theta3,donor,design,textbook_t|fpc|lin,200,50,0.0018695068183262322,0.871721879962622,0.8374999999999999,0.8358,0.72,,,0.45078724488864663,0.0106,,,,P_ppi,
CCRCC_merged,uni_v2,23,regcomp,A,9600.0,unit,6,1600,theta3,donor,design,textbook_t|fpc|lin|xf,200,50,0.0018695068183262322,0.8930268821685728,0.8374999999999999,0.8388,0.72,,,0.45078724488864663,0.0106,,,,P_ppi,
CCRCC_merged,uni_v2,23,regcomp,A,9600.0,unit,6,1600,theta3,donor,design,textbook_t|fpc|lin,200,50,0.0020358634734700598,0.8949369917703436,0.83,0.8134999999999999,0.625,,,0.0,1.0,,,,C_classical,
CCRCC_merged,uni_v2,23,regcomp,A,9600.0,unit,6,1600,theta3,donor,design,textbook_t|fpc|lin|xf,200,50,0.0020358634734700598,0.8949369917703436,0.83,0.8134999999999999,0.625,,,0.0,1.0,,,,C_classical,
CCRCC_merged,uni_v2,23,regcomp,A,9600.0,unit,6,1600,theta3,donor,design,textbook_t|fpc|lin,200,50,0.0018723448677455687,0.8742773097432173,0.84,0.8347999999999999,0.695,,,0.4623839871549833,0.0025,,,,C_ppi,
CCRCC_merged,uni_v2,23,regcomp,A,9600.0,unit,6,1600,theta3,donor,design,textbook_t|fpc|lin|xf,200,50,0.0018723448677455687,0.8943375174701607,0.84,0.8378,0.7,,,0.4623839871549833,0.0025,,,,C_ppi,
CCRCC_merged,uni_v2,23,regcomp,A,9600.0,unit,6,1600,theta2,donor,design,textbook_t|fpc|lin,200,50,0.011716563328188132,1.0933042700989177,0.9025000000000001,0.8985,0.805,,,0.0,1.0,,,,r4_classical,
CCRCC_merged,uni_v2,23,regcomp,A,9600.0,unit,6,1600,theta2,donor,design,textbook_t|fpc|lin|xf,200,50,0.011716563328188132,1.0933042700989177,0.9025000000000001,0.8985,0.805,,,0.0,1.0,,,,r4_classical,
CCRCC_merged,uni_v2,23,regcomp,A,9600.0,unit,6,1600,theta2,donor,design,textbook_t|fpc|lin,200,50,0.011486409223770925,1.0574653408946069,0.895,0.8935,0.82,,,0.5,0.3434,,,,r4_ppi,
CCRCC_merged,uni_v2,23,regcomp,A,9600.0,unit,6,1600,theta2,donor,design,textbook_t|fpc|lin|xf,200,50,0.011486409223770925,1.0657327099260954,0.895,0.8951999999999998,0.825,,,0.5,0.3434,,,,r4_ppi,
CCRCC_merged,uni_v2,23,regcomp,A,9600.0,unit,6,1600,theta2,donor,design,textbook_t|fpc|lin,200,50,0.011716563328188042,1.0933042700989195,0.9025000000000001,0.8985,0.805,,,0.0,1.0,,,,P_classical,
CCRCC_merged,uni_v2,23,regcomp,A,9600.0,unit,6,1600,theta2,donor,design,textbook_t|fpc|lin|xf,200,50,0.011716563328188042,1.0933042700989195,0.9025000000000001,0.8985,0.805,,,0.0,1.0,,,,P_classical,
CCRCC_merged,uni_v2,23,regcomp,A,9600.0,unit,6,1600,theta2,donor,design,textbook_t|fpc|lin,200,50,0.011449420004964097,1.0601466753379487,0.895,0.8942,0.82,,,0.48103179351403647,0.131,,,,P_ppi,
CCRCC_merged,uni_v2,23,regcomp,A,9600.0,unit,6,1600,theta2,donor,design,textbook_t|fpc|lin|xf,200,50,0.011449420004964097,1.068691006271827,0.895,0.8961,0.825,,,0.48103179351403647,0.131,,,,P_ppi,
CCRCC_merged,uni_v2,23,regcomp,A,9600.0,unit,6,1600,theta2,donor,design,textbook_t|fpc|lin,200,50,0.011716563328188134,1.0933042700989182,0.9025000000000001,0.8985,0.805,,,0.0,1.0,,,,C_classical,
CCRCC_merged,uni_v2,23,regcomp,A,9600.0,unit,6,1600,theta2,donor,design,textbook_t|fpc|lin|xf,200,50,0.011716563328188134,1.0933042700989182,0.9025000000000001,0.8985,0.805,,,0.0,1.0,,,,C_classical,
CCRCC_merged,uni_v2,23,regcomp,A,9600.0,unit,6,1600,theta2,donor,design,textbook_t|fpc|lin,200,50,0.011452631017412845,1.0577716162762079,0.895,0.8937,0.82,,,0.4248788076339357,0.0067,,,,C_ppi,
CCRCC_merged,uni_v2,23,regcomp,A,9600.0,unit,6,1600,theta2,donor,design,textbook_t|fpc|lin|xf,200,50,0.011452631017412845,1.066240712258562,0.895,0.8956999999999999,0.825,,,0.4248788076339357,0.0067,,,,C_ppi,
CCRCC_merged,uni_v2,23,regcomp,A,9600.0,unit,8,1200,theta3,donor,design,textbook_t|fpc|lin,200,50,0.0012557495891827297,1.0145778005455348,0.85,0.8338000000000001,0.655,,,0.0,1.0,,,,r4_classical,
CCRCC_merged,uni_v2,23,regcomp,A,9600.0,unit,8,1200,theta3,donor,design,textbook_t|fpc|lin|xf,200,50,0.0012557495891827297,1.0145778005455348,0.85,0.8338000000000001,0.655,,,0.0,1.0,,,,r4_classical,
CCRCC_merged,uni_v2,23,regcomp,A,9600.0,unit,8,1200,theta3,donor,design,textbook_t|fpc|lin,200,50,0.0012332719912120393,0.8824291691318745,0.85,0.8396999999999999,0.695,,,0.516014410966974,0.038,,,,r4_ppi,
CCRCC_merged,uni_v2,23,regcomp,A,9600.0,unit,8,1200,theta3,donor,design,textbook_t|fpc|lin|xf,200,50,0.0012332719912120393,0.9184828813880448,0.8525,0.8438,0.695,,,0.516014410966974,0.038,,,,r4_ppi,
CCRCC_merged,uni_v2,23,regcomp,A,9600.0,unit,8,1200,theta3,donor,design,textbook_t|fpc|lin,200,50,0.0012640310956864346,0.9840069287343038,0.85,0.8328,0.665,,,0.0,1.0,,,,P_classical,
CCRCC_merged,uni_v2,23,regcomp,A,9600.0,unit,8,1200,theta3,donor,design,textbook_t|fpc|lin|xf,200,50,0.0012640310956864346,0.9840069287343038,0.85,0.8328,0.665,,,0.0,1.0,,,,P_classical,
CCRCC_merged,uni_v2,23,regcomp,A,9600.0,unit,8,1200,theta3,donor,design,textbook_t|fpc|lin,200,50,0.001261412550063273,0.8814789762612917,0.8425,0.8369000000000001,0.705,,,0.46852822369877106,0.0087,,,,P_ppi,
CCRCC_merged,uni_v2,23,regcomp,A,9600.0,unit,8,1200,theta3,donor,design,textbook_t|fpc|lin|xf,200,50,0.001261412550063273,0.9116623699289665,0.8525,0.8427000000000001,0.71,,,0.46852822369877106,0.0087,,,,P_ppi,
CCRCC_merged,uni_v2,23,regcomp,A,9600.0,unit,8,1200,theta3,donor,design,textbook_t|fpc|lin,200,50,0.0012235503262419982,0.9611471243739333,0.85,0.8296000000000001,0.625,,,0.0,1.0,,,,C_classical,
CCRCC_merged,uni_v2,23,regcomp,A,9600.0,unit,8,1200,theta3,donor,design,textbook_t|fpc|lin|xf,200,50,0.0012235503262419982,0.9611471243739333,0.85,0.8296000000000001,0.625,,,0.0,1.0,,,,C_classical,
CCRCC_merged,uni_v2,23,regcomp,A,9600.0,unit,8,1200,theta3,donor,design,textbook_t|fpc|lin,200,50,0.0012504125645492207,0.8658128049836904,0.8374999999999999,0.8351999999999998,0.705,,,0.4653465729688724,0.0016,,,,C_ppi,
CCRCC_merged,uni_v2,23,regcomp,A,9600.0,unit,8,1200,theta3,donor,design,textbook_t|fpc|lin|xf,200,50,0.0012504125645492207,0.9009411035363726,0.84,0.8391,0.72,,,0.4653465729688724,0.0016,,,,C_ppi,
CCRCC_merged,uni_v2,23,regcomp,A,9600.0,unit,8,1200,theta2,donor,design,textbook_t|fpc|lin,200,50,0.008957827793668402,0.9900663043645596,0.88,0.8768,0.795,,,0.0,1.0,,,,r4_classical,
CCRCC_merged,uni_v2,23,regcomp,A,9600.0,unit,8,1200,theta2,donor,design,textbook_t|fpc|lin|xf,200,50,0.008957827793668402,0.9900663043645596,0.88,0.8768,0.795,,,0.0,1.0,,,,r4_classical,
CCRCC_merged,uni_v2,23,regcomp,A,9600.0,unit,8,1200,theta2,donor,design,textbook_t|fpc|lin,200,50,0.007850657089879982,0.9651166686100459,0.875,0.8740000000000001,0.79,,,0.619475048996665,0.1112,,,,r4_ppi,
CCRCC_merged,uni_v2,23,regcomp,A,9600.0,unit,8,1200,theta2,donor,design,textbook_t|fpc|lin|xf,200,50,0.007850657089879982,0.9735708011829273,0.88,0.8781,0.795,,,0.619475048996665,0.1112,,,,r4_ppi,
CCRCC_merged,uni_v2,23,regcomp,A,9600.0,unit,8,1200,theta2,donor,design,textbook_t|fpc|lin,200,50,0.008957827793668351,0.9900663043645674,0.88,0.8768,0.795,,,0.0,1.0,,,,P_classical,
CCRCC_merged,uni_v2,23,regcomp,A,9600.0,unit,8,1200,theta2,donor,design,textbook_t|fpc|lin|xf,200,50,0.008957827793668351,0.9900663043645674,0.88,0.8768,0.795,,,0.0,1.0,,,,P_classical,
CCRCC_merged,uni_v2,23,regcomp,A,9600.0,unit,8,1200,theta2,donor,design,textbook_t|fpc|lin,200,50,0.007837817784652474,0.9640475535589177,0.875,0.8742000000000002,0.795,,,0.4952122762275093,0.1385,,,,P_ppi,
CCRCC_merged,uni_v2,23,regcomp,A,9600.0,unit,8,1200,theta2,donor,design,textbook_t|fpc|lin|xf,200,50,0.007837817784652474,0.9724687561967358,0.88,0.8781,0.795,,,0.4952122762275093,0.1385,,,,P_ppi,
CCRCC_merged,uni_v2,23,regcomp,A,9600.0,unit,8,1200,theta2,donor,design,textbook_t|fpc|lin,200,50,0.008957827793668405,0.9900663043645597,0.88,0.8768,0.795,,,0.0,1.0,,,,C_classical,
CCRCC_merged,uni_v2,23,regcomp,A,9600.0,unit,8,1200,theta2,donor,design,textbook_t|fpc|lin|xf,200,50,0.008957827793668405,0.9900663043645597,0.88,0.8768,0.795,,,0.0,1.0,,,,C_classical,
CCRCC_merged,uni_v2,23,regcomp,A,9600.0,unit,8,1200,theta2,donor,design,textbook_t|fpc|lin,200,50,0.007832436162936537,0.9641305676706571,0.875,0.8743000000000001,0.79,,,0.4278757447447934,0.0045,,,,C_ppi,
CCRCC_merged,uni_v2,23,regcomp,A,9600.0,unit,8,1200,theta2,donor,design,textbook_t|fpc|lin|xf,200,50,0.007832436162936537,0.9725602693914102,0.88,0.8784000000000001,0.795,,,0.4278757447447934,0.0045,,,,C_ppi,
CCRCC_merged,uni_v2,23,regcomp,A,9600.0,unit,12,800,theta3,donor,design,textbook_t|fpc|lin,200,50,0.0007157972937472991,0.9969870288556049,0.86,0.8603000000000001,0.765,,,0.0,1.0,,,,r4_classical,
CCRCC_merged,uni_v2,23,regcomp,A,9600.0,unit,12,800,theta3,donor,design,textbook_t|fpc|lin|xf,200,50,0.0007157972937472991,0.9969870288556049,0.86,0.8603000000000001,0.765,,,0.0,1.0,,,,r4_classical,
CCRCC_merged,uni_v2,23,regcomp,A,9600.0,unit,12,800,theta3,donor,design,textbook_t|fpc|lin,200,50,0.0006281296617689433,0.9105878972382322,0.865,0.8647999999999999,0.795,,,0.5751846048149217,0.0166,,,,r4_ppi,
CCRCC_merged,uni_v2,23,regcomp,A,9600.0,unit,12,800,theta3,donor,design,textbook_t|fpc|lin|xf,200,50,0.0006281296617689433,0.9555215594318647,0.875,0.8704000000000001,0.8,,,0.5751846048149217,0.0166,,,,r4_ppi,
CCRCC_merged,uni_v2,23,regcomp,A,9600.0,unit,12,800,theta3,donor,design,textbook_t|fpc|lin,200,50,0.0007338976436225698,0.9465026662713357,0.85,0.8486999999999999,0.76,,,0.0,1.0,,,,P_classical,
CCRCC_merged,uni_v2,23,regcomp,A,9600.0,unit,12,800,theta3,donor,design,textbook_t|fpc|lin|xf,200,50,0.0007338976436225698,0.9465026662713357,0.85,0.8486999999999999,0.76,,,0.0,1.0,,,,P_classical,
CCRCC_merged,uni_v2,23,regcomp,A,9600.0,unit,12,800,theta3,donor,design,textbook_t|fpc|lin,200,50,0.0006459749579647307,0.8950881233053174,0.865,0.8588999999999999,0.775,,,0.4642185018474426,0.0035,,,,P_ppi,
CCRCC_merged,uni_v2,23,regcomp,A,9600.0,unit,12,800,theta3,donor,design,textbook_t|fpc|lin|xf,200,50,0.0006459749579647307,0.9472121129278148,0.87,0.865,0.78,,,0.4642185018474426,0.0035,,,,P_ppi,
CCRCC_merged,uni_v2,23,regcomp,A,9600.0,unit,12,800,theta3,donor,design,textbook_t|fpc|lin,200,50,0.0006965354616477043,0.9173640981388602,0.85,0.8443,0.75,,,0.0,1.0,,,,C_classical,
CCRCC_merged,uni_v2,23,regcomp,A,9600.0,unit,12,800,theta3,donor,design,textbook_t|fpc|lin|xf,200,50,0.0006965354616477043,0.9173640981388602,0.85,0.8443,0.75,,,0.0,1.0,,,,C_classical,
CCRCC_merged,uni_v2,23,regcomp,A,9600.0,unit,12,800,theta3,donor,design,textbook_t|fpc|lin,200,50,0.0006272131129537865,0.8761343201692595,0.86,0.8558000000000001,0.78,,,0.46816271510549023,0.0007,,,,C_ppi,
CCRCC_merged,uni_v2,23,regcomp,A,9600.0,unit,12,800,theta3,donor,design,textbook_t|fpc|lin|xf,200,50,0.0006272131129537865,0.9303930271365912,0.8674999999999999,0.8623999999999999,0.78,,,0.46816271510549023,0.0007,,,,C_ppi,
CCRCC_merged,uni_v2,23,regcomp,A,9600.0,unit,12,800,theta2,donor,design,textbook_t|fpc|lin,200,50,0.004410623601870297,0.9837779300937772,0.875,0.8699000000000001,0.745,,,0.0,1.0,,,,r4_classical,
CCRCC_merged,uni_v2,23,regcomp,A,9600.0,unit,12,800,theta2,donor,design,textbook_t|fpc|lin|xf,200,50,0.004410623601870297,0.9837779300937772,0.875,0.8699000000000001,0.745,,,0.0,1.0,,,,r4_classical,
CCRCC_merged,uni_v2,23,regcomp,A,9600.0,unit,12,800,theta2,donor,design,textbook_t|fpc|lin,200,50,0.00364991660907963,0.9746081795057686,0.87,0.8673999999999998,0.785,,,0.6927771497796197,0.1144,,,,r4_ppi,
CCRCC_merged,uni_v2,23,regcomp,A,9600.0,unit,12,800,theta2,donor,design,textbook_t|fpc|lin|xf,200,50,0.00364991660907963,1.0003227624266668,0.8775,0.8741,0.79,,,0.6927771497796197,0.1144,,,,r4_ppi,
CCRCC_merged,uni_v2,23,regcomp,A,9600.0,unit,12,800,theta2,donor,design,textbook_t|fpc|lin,200,50,0.0044106236018702765,0.9837779300937817,0.875,0.8699000000000001,0.745,,,0.0,1.0,,,,P_classical,
CCRCC_merged,uni_v2,23,regcomp,A,9600.0,unit,12,800,theta2,donor,design,textbook_t|fpc|lin|xf,200,50,0.0044106236018702765,0.9837779300937817,0.875,0.8699000000000001,0.745,,,0.0,1.0,,,,P_classical,
CCRCC_merged,uni_v2,23,regcomp,A,9600.0,unit,12,800,theta2,donor,design,textbook_t|fpc|lin,200,50,0.003659530467987806,0.9791927330812991,0.8725,0.8682999999999998,0.775,,,0.49823575383778373,0.1823,,,,P_ppi,
CCRCC_merged,uni_v2,23,regcomp,A,9600.0,unit,12,800,theta2,donor,design,textbook_t|fpc|lin|xf,200,50,0.003659530467987806,0.9993137216139021,0.8775,0.8744999999999998,0.785,,,0.49823575383778373,0.1823,,,,P_ppi,
CCRCC_merged,uni_v2,23,regcomp,A,9600.0,unit,12,800,theta2,donor,design,textbook_t|fpc|lin,200,50,0.004410623601870298,0.9837779300937768,0.875,0.8699000000000001,0.745,,,0.0,1.0,,,,C_classical,
CCRCC_merged,uni_v2,23,regcomp,A,9600.0,unit,12,800,theta2,donor,design,textbook_t|fpc|lin|xf,200,50,0.004410623601870298,0.9837779300937768,0.875,0.8699000000000001,0.745,,,0.0,1.0,,,,C_classical,
CCRCC_merged,uni_v2,23,regcomp,A,9600.0,unit,12,800,theta2,donor,design,textbook_t|fpc|lin,200,50,0.0036545739217579538,0.9788537069941661,0.8725,0.8681,0.775,,,0.4714466158039498,0.002,,,,C_ppi,
CCRCC_merged,uni_v2,23,regcomp,A,9600.0,unit,12,800,theta2,donor,design,textbook_t|fpc|lin|xf,200,50,0.0036545739217579538,1.0006968322033531,0.88,0.8748999999999999,0.79,,,0.4714466158039498,0.002,,,,C_ppi,
CCRCC_merged,uni_v2,23,regcomp,B,9600.0,unit,23,prop,theta3,donor,design,regB_t,200,50,0.0002639902278285929,1.083751519984279,0.915,0.9121000000000001,0.885,,,0.0,1.0,,,,r4_classical,337.0
CCRCC_merged,uni_v2,23,regcomp,B,9600.0,unit,23,prop,theta3,donor,design,regB_t,200,50,0.00017032552619627745,0.9909639478550684,0.895,0.8933999999999999,0.84,,,0.7751396751396644,0.0,,,,r4_ppi,337.0
CCRCC_merged,uni_v2,23,regcomp,B,9600.0,unit,23,prop,theta3,donor,design,regB_t,200,50,0.00018359422479905825,0.991893694465795,0.89,0.8947000000000002,0.865,,,0.0,1.0,,,,P_classical,337.0
CCRCC_merged,uni_v2,23,regcomp,B,9600.0,unit,23,prop,theta3,donor,design,regB_t,200,50,0.00016135255684191426,0.988696237977915,0.895,0.8949000000000001,0.855,,,0.5022665837302731,0.0202,,,,P_ppi,337.0
CCRCC_merged,uni_v2,23,regcomp,B,9600.0,unit,23,prop,theta3,donor,design,regB_t,200,50,0.00011573312174161486,1.007212337145213,0.905,0.9009,0.85,,,0.0,1.0,,,,C_classical,337.0
CCRCC_merged,uni_v2,23,regcomp,B,9600.0,unit,23,prop,theta3,donor,design,regB_t,200,50,0.00011353756834044087,1.0093016372635017,0.9,0.8973,0.845,,,0.4657591076885371,0.0174,,,,C_ppi,337.0
CCRCC_merged,uni_v2,23,regcomp,B,9600.0,unit,23,prop,theta2,donor,design,regB_t,200,50,6.771147125163876e-05,1.0458779480969282,0.91,0.9073000000000002,0.87,,,0.0,1.0,,,,r4_classical,337.0
CCRCC_merged,uni_v2,23,regcomp,B,9600.0,unit,23,prop,theta2,donor,design,regB_t,200,50,6.664315647900512e-05,1.0227501208750733,0.905,0.9025000000000003,0.865,,,0.6712158310172435,0.0,,,,r4_ppi,337.0
CCRCC_merged,uni_v2,23,regcomp,B,9600.0,unit,23,prop,theta2,donor,design,regB_t,200,50,6.771147125163875e-05,1.0458779480969291,0.91,0.9073000000000002,0.87,,,0.0,1.0,,,,P_classical,337.0
CCRCC_merged,uni_v2,23,regcomp,B,9600.0,unit,23,prop,theta2,donor,design,regB_t,200,50,6.625487771840393e-05,1.0224892267247423,0.905,0.9040000000000002,0.86,,,0.49966688233025625,0.0342,,,,P_ppi,337.0
CCRCC_merged,uni_v2,23,regcomp,B,9600.0,unit,23,prop,theta2,donor,design,regB_t,200,50,6.771147125163878e-05,1.0458779480969285,0.91,0.9073000000000002,0.87,,,0.0,1.0,,,,C_classical,337.0
CCRCC_merged,uni_v2,23,regcomp,B,9600.0,unit,23,prop,theta2,donor,design,regB_t,200,50,6.602726246953472e-05,1.036275486010874,0.905,0.9044999999999999,0.86,,,0.467247009448011,0.0,,,,C_ppi,337.0
CCRCC_merged,uni_v2,23,regcomp,B,9410.0,cd_cs_10_vs_A_nL4_B9600,23,prop,theta3,donor,design,regB_t,200,50,0.0002807741414823468,0.9852049197941171,0.895,0.8935000000000001,0.83,,,0.0,1.0,,,,r4_classical,331.0
CCRCC_merged,uni_v2,23,regcomp,B,9410.0,cd_cs_10_vs_A_nL4_B9600,23,prop,theta3,donor,design,regB_t,200,50,0.0001680122399220291,1.0366107821641104,0.9025000000000001,0.904,0.865,,,0.7778074479426798,0.0,,,,r4_ppi,331.0
CCRCC_merged,uni_v2,23,regcomp,B,9410.0,cd_cs_10_vs_A_nL4_B9600,23,prop,theta3,donor,design,regB_t,200,50,0.00017225399021869126,1.0104651209798972,0.9,0.9001,0.83,,,0.0,1.0,,,,P_classical,331.0
CCRCC_merged,uni_v2,23,regcomp,B,9410.0,cd_cs_10_vs_A_nL4_B9600,23,prop,theta3,donor,design,regB_t,200,50,0.0001652463771059705,1.0333409222509955,0.905,0.9031999999999999,0.855,,,0.5051118289882859,0.0199,,,,P_ppi,331.0
CCRCC_merged,uni_v2,23,regcomp,B,9410.0,cd_cs_10_vs_A_nL4_B9600,23,prop,theta3,donor,design,regB_t,200,50,0.00011030323221845425,1.0438215357713245,0.91,0.9054000000000001,0.83,,,0.0,1.0,,,,C_classical,331.0
CCRCC_merged,uni_v2,23,regcomp,B,9410.0,cd_cs_10_vs_A_nL4_B9600,23,prop,theta3,donor,design,regB_t,200,50,0.00010760276434618516,1.0241178343340684,0.9075,0.9048,0.84,,,0.46409877305683267,0.0194,,,,C_ppi,331.0
CCRCC_merged,uni_v2,23,regcomp,B,9410.0,cd_cs_10_vs_A_nL4_B9600,23,prop,theta2,donor,design,regB_t,200,50,6.930768741669012e-05,1.0429375242956114,0.9075,0.9066000000000001,0.87,,,0.0,1.0,,,,r4_classical,331.0
CCRCC_merged,uni_v2,23,regcomp,B,9410.0,cd_cs_10_vs_A_nL4_B9600,23,prop,theta2,donor,design,regB_t,200,50,6.716584566816226e-05,1.0391300878629646,0.9,0.8994999999999999,0.865,,,0.6745301176866723,0.0,,,,r4_ppi,331.0
CCRCC_merged,uni_v2,23,regcomp,B,9410.0,cd_cs_10_vs_A_nL4_B9600,23,prop,theta2,donor,design,regB_t,200,50,6.930768741668924e-05,1.0429375242956165,0.9075,0.9066000000000001,0.87,,,0.0,1.0,,,,P_classical,331.0
CCRCC_merged,uni_v2,23,regcomp,B,9410.0,cd_cs_10_vs_A_nL4_B9600,23,prop,theta2,donor,design,regB_t,200,50,6.743150049032839e-05,1.0364225515271372,0.9,0.9016999999999998,0.86,,,0.5,0.0307,,,,P_ppi,331.0
CCRCC_merged,uni_v2,23,regcomp,B,9410.0,cd_cs_10_vs_A_nL4_B9600,23,prop,theta2,donor,design,regB_t,200,50,6.930768741669012e-05,1.04293752429561,0.9075,0.9066000000000001,0.87,,,0.0,1.0,,,,C_classical,331.0
CCRCC_merged,uni_v2,23,regcomp,B,9410.0,cd_cs_10_vs_A_nL4_B9600,23,prop,theta2,donor,design,regB_t,200,50,6.54028820693473e-05,1.0367773733672978,0.9,0.9031,0.875,,,0.46931407910526646,0.0,,,,C_ppi,331.0
CCRCC_merged,uni_v2,23,regcomp,B,9430.0,cd_cs_10_vs_A_nL6_B9600,23,prop,theta3,donor,design,regB_t,200,50,0.00028601840650043224,0.9737409867005192,0.895,0.8966,0.86,,,0.0,1.0,,,,r4_classical,332.0
CCRCC_merged,uni_v2,23,regcomp,B,9430.0,cd_cs_10_vs_A_nL6_B9600,23,prop,theta3,donor,design,regB_t,200,50,0.00017254059174861202,0.9978319786508257,0.9,0.8982000000000001,0.845,,,0.7758718176608903,0.0,,,,r4_ppi,332.0
CCRCC_merged,uni_v2,23,regcomp,B,9430.0,cd_cs_10_vs_A_nL6_B9600,23,prop,theta3,donor,design,regB_t,200,50,0.00018506307520346798,0.9693016549789923,0.895,0.8925000000000002,0.84,,,0.0,1.0,,,,P_classical,332.0
CCRCC_merged,uni_v2,23,regcomp,B,9430.0,cd_cs_10_vs_A_nL6_B9600,23,prop,theta3,donor,design,regB_t,200,50,0.00017373075292451397,0.992510717279477,0.895,0.8948,0.815,,,0.5013837317845539,0.0215,,,,P_ppi,332.0
CCRCC_merged,uni_v2,23,regcomp,B,9430.0,cd_cs_10_vs_A_nL6_B9600,23,prop,theta3,donor,design,regB_t,200,50,0.00011524375698002124,1.014295391787527,0.8925000000000001,0.8953000000000002,0.85,,,0.0,1.0,,,,C_classical,332.0
CCRCC_merged,uni_v2,23,regcomp,B,9430.0,cd_cs_10_vs_A_nL6_B9600,23,prop,theta3,donor,design,regB_t,200,50,0.00011388717869929445,0.9875044853328911,0.895,0.8924000000000001,0.845,,,0.4672037665923981,0.0191,,,,C_ppi,332.0
CCRCC_merged,uni_v2,23,regcomp,B,9430.0,cd_cs_10_vs_A_nL6_B9600,23,prop,theta2,donor,design,regB_t,200,50,6.459903996837676e-05,1.054903946125845,0.905,0.9109999999999999,0.875,,,0.0,1.0,,,,r4_classical,332.0
CCRCC_merged,uni_v2,23,regcomp,B,9430.0,cd_cs_10_vs_A_nL6_B9600,23,prop,theta2,donor,design,regB_t,200,50,6.253439915514635e-05,1.0483249290792283,0.905,0.9072000000000001,0.865,,,0.6731106510629621,0.0,,,,r4_ppi,332.0
CCRCC_merged,uni_v2,23,regcomp,B,9430.0,cd_cs_10_vs_A_nL6_B9600,23,prop,theta2,donor,design,regB_t,200,50,6.459903996837682e-05,1.0549039461258434,0.905,0.9109999999999999,0.875,,,0.0,1.0,,,,P_classical,332.0
CCRCC_merged,uni_v2,23,regcomp,B,9430.0,cd_cs_10_vs_A_nL6_B9600,23,prop,theta2,donor,design,regB_t,200,50,6.36271032348681e-05,1.0441916706645442,0.91,0.9077,0.855,,,0.5,0.0347,,,,P_ppi,332.0
CCRCC_merged,uni_v2,23,regcomp,B,9430.0,cd_cs_10_vs_A_nL6_B9600,23,prop,theta2,donor,design,regB_t,200,50,6.459903996837674e-05,1.0549039461258456,0.905,0.9109999999999999,0.875,,,0.0,1.0,,,,C_classical,332.0
CCRCC_merged,uni_v2,23,regcomp,B,9430.0,cd_cs_10_vs_A_nL6_B9600,23,prop,theta2,donor,design,regB_t,200,50,6.192515503138782e-05,1.054355555138538,0.905,0.9103,0.87,,,0.46849383331411154,0.0,,,,C_ppi,332.0
CCRCC_merged,uni_v2,23,regcomp,B,9450.0,cd_cs_10_vs_A_nL8_B9600,23,prop,theta3,donor,design,regB_t,200,50,0.0003106578377130609,0.9275360524326459,0.8875,0.8878999999999999,0.855,,,0.0,1.0,,,,r4_classical,332.0
CCRCC_merged,uni_v2,23,regcomp,B,9450.0,cd_cs_10_vs_A_nL8_B9600,23,prop,theta3,donor,design,regB_t,200,50,0.00018553747845697125,0.9321882999437725,0.89,0.8856,0.84,,,0.776698071774065,0.0,,,,r4_ppi,332.0
CCRCC_merged,uni_v2,23,regcomp,B,9450.0,cd_cs_10_vs_A_nL8_B9600,23,prop,theta3,donor,design,regB_t,200,50,0.00019573260378065183,0.9649840697637102,0.895,0.8955000000000001,0.845,,,0.0,1.0,,,,P_classical,332.0
CCRCC_merged,uni_v2,23,regcomp,B,9450.0,cd_cs_10_vs_A_nL8_B9600,23,prop,theta3,donor,design,regB_t,200,50,0.00018287636135536756,0.9279515621790738,0.885,0.8874,0.835,,,0.5038488633890823,0.0167,,,,P_ppi,332.0
CCRCC_merged,uni_v2,23,regcomp,B,9450.0,cd_cs_10_vs_A_nL8_B9600,23,prop,theta3,donor,design,regB_t,200,50,0.00011800044754698653,0.9924176733594463,0.9,0.9013,0.85,,,0.0,1.0,,,,C_classical,332.0
CCRCC_merged,uni_v2,23,regcomp,B,9450.0,cd_cs_10_vs_A_nL8_B9600,23,prop,theta3,donor,design,regB_t,200,50,0.00011192862594668794,1.005867840075417,0.905,0.9036,0.86,,,0.4676998709521905,0.0167,,,,C_ppi,332.0
CCRCC_merged,uni_v2,23,regcomp,B,9450.0,cd_cs_10_vs_A_nL8_B9600,23,prop,theta2,donor,design,regB_t,200,50,7.230947469825175e-05,1.0122880470473268,0.9075,0.9032000000000001,0.845,,,0.0,1.0,,,,r4_classical,332.0
CCRCC_merged,uni_v2,23,regcomp,B,9450.0,cd_cs_10_vs_A_nL8_B9600,23,prop,theta2,donor,design,regB_t,200,50,6.634738717366164e-05,1.0006970445235395,0.9,0.8979,0.835,,,0.6766588193117877,0.0,,,,r4_ppi,332.0
CCRCC_merged,uni_v2,23,regcomp,B,9450.0,cd_cs_10_vs_A_nL8_B9600,23,prop,theta2,donor,design,regB_t,200,50,7.23094746982516e-05,1.0122880470473263,0.9075,0.9032000000000001,0.845,,,0.0,1.0,,,,P_classical,332.0
CCRCC_merged,uni_v2,23,regcomp,B,9450.0,cd_cs_10_vs_A_nL8_B9600,23,prop,theta2,donor,design,regB_t,200,50,6.9475720266226e-05,0.9987378969453702,0.9,0.8977,0.84,,,0.5,0.0322,,,,P_ppi,332.0
CCRCC_merged,uni_v2,23,regcomp,B,9450.0,cd_cs_10_vs_A_nL8_B9600,23,prop,theta2,donor,design,regB_t,200,50,7.230947469825171e-05,1.0122880470473268,0.9075,0.9032000000000001,0.845,,,0.0,1.0,,,,C_classical,332.0
CCRCC_merged,uni_v2,23,regcomp,B,9450.0,cd_cs_10_vs_A_nL8_B9600,23,prop,theta2,donor,design,regB_t,200,50,6.606437429790918e-05,1.008328353703749,0.905,0.9001999999999998,0.845,,,0.46956689425032927,0.0,,,,C_ppi,332.0
CCRCC_merged,uni_v2,23,regcomp,B,9490.0,cd_cs_10_vs_A_nL12_B9600,23,prop,theta3,donor,design,regB_t,200,50,0.00027722120485238676,1.0054151473141932,0.905,0.9041000000000001,0.865,,,0.0,1.0,,,,r4_classical,334.0
CCRCC_merged,uni_v2,23,regcomp,B,9490.0,cd_cs_10_vs_A_nL12_B9600,23,prop,theta3,donor,design,regB_t,200,50,0.00016606980510893536,1.017939477868749,0.905,0.9012000000000002,0.85,,,0.7766447082623726,0.0,,,,r4_ppi,334.0
CCRCC_merged,uni_v2,23,regcomp,B,9490.0,cd_cs_10_vs_A_nL12_B9600,23,prop,theta3,donor,design,regB_t,200,50,0.00017184888380121358,1.0336226014019734,0.905,0.9050000000000001,0.855,,,0.0,1.0,,,,P_classical,334.0
CCRCC_merged,uni_v2,23,regcomp,B,9490.0,cd_cs_10_vs_A_nL12_B9600,23,prop,theta3,donor,design,regB_t,200,50,0.00016517107083868654,1.024097730836016,0.905,0.9033,0.865,,,0.503971364524312,0.0245,,,,P_ppi,334.0
CCRCC_merged,uni_v2,23,regcomp,B,9490.0,cd_cs_10_vs_A_nL12_B9600,23,prop,theta3,donor,design,regB_t,200,50,0.00011181269612574038,1.035568133002446,0.91,0.9099,0.87,,,0.0,1.0,,,,C_classical,334.0
CCRCC_merged,uni_v2,23,regcomp,B,9490.0,cd_cs_10_vs_A_nL12_B9600,23,prop,theta3,donor,design,regB_t,200,50,0.00011338158925929841,1.020865212751083,0.905,0.9063000000000001,0.87,,,0.4708242974879828,0.0212,,,,C_ppi,334.0
CCRCC_merged,uni_v2,23,regcomp,B,9490.0,cd_cs_10_vs_A_nL12_B9600,23,prop,theta2,donor,design,regB_t,200,50,7.665880721952734e-05,0.9327250710033486,0.89,0.8885,0.835,,,0.0,1.0,,,,r4_classical,334.0
CCRCC_merged,uni_v2,23,regcomp,B,9490.0,cd_cs_10_vs_A_nL12_B9600,23,prop,theta2,donor,design,regB_t,200,50,7.092761877641241e-05,0.9554963244746579,0.9,0.8935000000000001,0.855,,,0.6726732074625954,0.0,,,,r4_ppi,334.0
CCRCC_merged,uni_v2,23,regcomp,B,9490.0,cd_cs_10_vs_A_nL12_B9600,23,prop,theta2,donor,design,regB_t,200,50,7.665880721952772e-05,0.9327250710033431,0.89,0.8885,0.835,,,0.0,1.0,,,,P_classical,334.0
CCRCC_merged,uni_v2,23,regcomp,B,9490.0,cd_cs_10_vs_A_nL12_B9600,23,prop,theta2,donor,design,regB_t,200,50,7.218270612380725e-05,0.953302979947243,0.895,0.8926000000000001,0.85,,,0.5,0.034,,,,P_ppi,334.0
CCRCC_merged,uni_v2,23,regcomp,B,9490.0,cd_cs_10_vs_A_nL12_B9600,23,prop,theta2,donor,design,regB_t,200,50,7.66588072195274e-05,0.9327250710033482,0.89,0.8885,0.835,,,0.0,1.0,,,,C_classical,334.0
CCRCC_merged,uni_v2,23,regcomp,B,9490.0,cd_cs_10_vs_A_nL12_B9600,23,prop,theta2,donor,design,regB_t,200,50,7.120727478415387e-05,0.9523790081948464,0.895,0.8914000000000002,0.855,,,0.46973222187858843,0.0,,,,C_ppi,334.0
CCRCC_merged,uni_v2,23,regcomp,B,7700.0,cd_cs_100_vs_A_nL4_B9600,23,prop,theta3,donor,design,regB_t,200,50,0.0003582857837199024,0.9524371717129327,0.895,0.8937,0.85,,,0.0,1.0,,,,r4_classical,271.0
CCRCC_merged,uni_v2,23,regcomp,B,7700.0,cd_cs_100_vs_A_nL4_B9600,23,prop,theta3,donor,design,regB_t,200,50,0.000217403345665441,1.0047262465493554,0.8975,0.8984000000000002,0.835,,,0.7771705970847145,0.0,,,,r4_ppi,271.0
CCRCC_merged,uni_v2,23,regcomp,B,7700.0,cd_cs_100_vs_A_nL4_B9600,23,prop,theta3,donor,design,regB_t,200,50,0.00022431745156830036,0.9739090970032207,0.8975,0.8975000000000002,0.86,,,0.0,1.0,,,,P_classical,271.0
CCRCC_merged,uni_v2,23,regcomp,B,7700.0,cd_cs_100_vs_A_nL4_B9600,23,prop,theta3,donor,design,regB_t,200,50,0.00021147237715896322,0.9943017355959121,0.8975,0.8992,0.84,,,0.5063880821619886,0.025,,,,P_ppi,271.0
CCRCC_merged,uni_v2,23,regcomp,B,7700.0,cd_cs_100_vs_A_nL4_B9600,23,prop,theta3,donor,design,regB_t,200,50,0.00014726300119349326,1.0085776039848016,0.9025000000000001,0.9017999999999999,0.865,,,0.0,1.0,,,,C_classical,271.0
CCRCC_merged,uni_v2,23,regcomp,B,7700.0,cd_cs_100_vs_A_nL4_B9600,23,prop,theta3,donor,design,regB_t,200,50,0.0001414532477639342,1.0158847933300659,0.9,0.9027,0.855,,,0.47025473296278575,0.0218,,,,C_ppi,271.0
CCRCC_merged,uni_v2,23,regcomp,B,7700.0,cd_cs_100_vs_A_nL4_B9600,23,prop,theta2,donor,design,regB_t,200,50,9.13151745462406e-05,1.030607274042619,0.9025000000000001,0.9023,0.86,,,0.0,1.0,,,,r4_classical,271.0
CCRCC_merged,uni_v2,23,regcomp,B,7700.0,cd_cs_100_vs_A_nL4_B9600,23,prop,theta2,donor,design,regB_t,200,50,8.912641173173033e-05,1.0073130931144008,0.895,0.8972,0.84,,,0.6730938336264634,0.0,,,,r4_ppi,271.0
CCRCC_merged,uni_v2,23,regcomp,B,7700.0,cd_cs_100_vs_A_nL4_B9600,23,prop,theta2,donor,design,regB_t,200,50,9.131517454624079e-05,1.0306072740426233,0.9025000000000001,0.9023,0.86,,,0.0,1.0,,,,P_classical,271.0
CCRCC_merged,uni_v2,23,regcomp,B,7700.0,cd_cs_100_vs_A_nL4_B9600,23,prop,theta2,donor,design,regB_t,200,50,8.967478973682998e-05,1.0124594264646416,0.9025000000000001,0.9007999999999999,0.845,,,0.5,0.0348,,,,P_ppi,271.0
CCRCC_merged,uni_v2,23,regcomp,B,7700.0,cd_cs_100_vs_A_nL4_B9600,23,prop,theta2,donor,design,regB_t,200,50,9.13151745462406e-05,1.0306072740426189,0.9025000000000001,0.9023,0.86,,,0.0,1.0,,,,C_classical,271.0
CCRCC_merged,uni_v2,23,regcomp,B,7700.0,cd_cs_100_vs_A_nL4_B9600,23,prop,theta2,donor,design,regB_t,200,50,8.815474022598149e-05,1.0098421787514473,0.9,0.9014,0.855,,,0.47267142004476886,0.0,,,,C_ppi,271.0
CCRCC_merged,uni_v2,23,regcomp,B,7900.0,cd_cs_100_vs_A_nL6_B9600,23,prop,theta3,donor,design,regB_t,200,50,0.0003189775580848158,1.1004785283010472,0.915,0.9148000000000001,0.88,,,0.0,1.0,,,,r4_classical,278.0
CCRCC_merged,uni_v2,23,regcomp,B,7900.0,cd_cs_100_vs_A_nL6_B9600,23,prop,theta3,donor,design,regB_t,200,50,0.00020691017644980028,1.0078642365903323,0.895,0.8981,0.855,,,0.7770461451590269,0.0,,,,r4_ppi,278.0
CCRCC_merged,uni_v2,23,regcomp,B,7900.0,cd_cs_100_vs_A_nL6_B9600,23,prop,theta3,donor,design,regB_t,200,50,0.0002246958427963973,1.0145619251767097,0.9,0.8996999999999999,0.855,,,0.0,1.0,,,,P_classical,278.0
CCRCC_merged,uni_v2,23,regcomp,B,7900.0,cd_cs_100_vs_A_nL6_B9600,23,prop,theta3,donor,design,regB_t,200,50,0.00021413124562106185,0.9899923132803294,0.89,0.8946000000000001,0.85,,,0.5093070993109037,0.0275,,,,P_ppi,278.0
CCRCC_merged,uni_v2,23,regcomp,B,7900.0,cd_cs_100_vs_A_nL6_B9600,23,prop,theta3,donor,design,regB_t,200,50,0.00014518553172593383,0.9850755760200324,0.9,0.8987,0.86,,,0.0,1.0,,,,C_classical,278.0
CCRCC_merged,uni_v2,23,regcomp,B,7900.0,cd_cs_100_vs_A_nL6_B9600,23,prop,theta3,donor,design,regB_t,200,50,0.00014346948383079538,0.9605133601197232,0.895,0.8969000000000001,0.865,,,0.4735374464697495,0.023,,,,C_ppi,278.0
CCRCC_merged,uni_v2,23,regcomp,B,7900.0,cd_cs_100_vs_A_nL6_B9600,23,prop,theta2,donor,design,regB_t,200,50,9.633221538224673e-05,0.9373169010966176,0.89,0.8900999999999999,0.845,,,0.0,1.0,,,,r4_classical,278.0
CCRCC_merged,uni_v2,23,regcomp,B,7900.0,cd_cs_100_vs_A_nL6_B9600,23,prop,theta2,donor,design,regB_t,200,50,8.848246544061808e-05,0.9621862022060599,0.8925000000000001,0.8944999999999999,0.845,,,0.6740176430351255,0.0,,,,r4_ppi,278.0
CCRCC_merged,uni_v2,23,regcomp,B,7900.0,cd_cs_100_vs_A_nL6_B9600,23,prop,theta2,donor,design,regB_t,200,50,9.633221538224666e-05,0.9373169010966175,0.89,0.8900999999999999,0.845,,,0.0,1.0,,,,P_classical,278.0
CCRCC_merged,uni_v2,23,regcomp,B,7900.0,cd_cs_100_vs_A_nL6_B9600,23,prop,theta2,donor,design,regB_t,200,50,9.027845340167793e-05,0.9658068884750384,0.895,0.8926999999999999,0.855,,,0.5,0.0304,,,,P_ppi,278.0
CCRCC_merged,uni_v2,23,regcomp,B,7900.0,cd_cs_100_vs_A_nL6_B9600,23,prop,theta2,donor,design,regB_t,200,50,9.633221538224684e-05,0.9373169010966184,0.89,0.8900999999999999,0.845,,,0.0,1.0,,,,C_classical,278.0
CCRCC_merged,uni_v2,23,regcomp,B,7900.0,cd_cs_100_vs_A_nL6_B9600,23,prop,theta2,donor,design,regB_t,200,50,8.867093139540362e-05,0.9515793759270592,0.8925000000000001,0.893,0.845,,,0.4748940354853468,0.0,,,,C_ppi,278.0
CCRCC_merged,uni_v2,23,regcomp,B,8100.0,cd_cs_100_vs_A_nL8_B9600,23,prop,theta3,donor,design,regB_t,200,50,0.00032147298693554403,0.9821406294819635,0.8975,0.8976000000000001,0.855,,,0.0,1.0,,,,r4_classical,285.0
CCRCC_merged,uni_v2,23,regcomp,B,8100.0,cd_cs_100_vs_A_nL8_B9600,23,prop,theta3,donor,design,regB_t,200,50,0.00020851929037767714,0.9335960548492854,0.8875,0.8856,0.835,,,0.7713206769073626,0.0,,,,r4_ppi,285.0
CCRCC_merged,uni_v2,23,regcomp,B,8100.0,cd_cs_100_vs_A_nL8_B9600,23,prop,theta3,donor,design,regB_t,200,50,0.0002194692008443923,0.9762232298587724,0.89,0.8936999999999999,0.85,,,0.0,1.0,,,,P_classical,285.0
CCRCC_merged,uni_v2,23,regcomp,B,8100.0,cd_cs_100_vs_A_nL8_B9600,23,prop,theta3,donor,design,regB_t,200,50,0.00021083047325905853,0.9415337272989026,0.89,0.8883000000000001,0.84,,,0.5009197382901222,0.0268,,,,P_ppi,285.0
CCRCC_merged,uni_v2,23,regcomp,B,8100.0,cd_cs_100_vs_A_nL8_B9600,23,prop,theta3,donor,design,regB_t,200,50,0.0001293156157470978,1.0713649083055168,0.91,0.9081,0.87,,,0.0,1.0,,,,C_classical,285.0
CCRCC_merged,uni_v2,23,regcomp,B,8100.0,cd_cs_100_vs_A_nL8_B9600,23,prop,theta3,donor,design,regB_t,200,50,0.00012801013849026983,1.0448333958107794,0.91,0.9116,0.875,,,0.46543700548553085,0.0218,,,,C_ppi,285.0
CCRCC_merged,uni_v2,23,regcomp,B,8100.0,cd_cs_100_vs_A_nL8_B9600,23,prop,theta2,donor,design,regB_t,200,50,8.46848793273543e-05,0.9926982144910268,0.9,0.8965000000000001,0.84,,,0.0,1.0,,,,r4_classical,285.0
CCRCC_merged,uni_v2,23,regcomp,B,8100.0,cd_cs_100_vs_A_nL8_B9600,23,prop,theta2,donor,design,regB_t,200,50,8.230012254308052e-05,0.9966734473374426,0.9,0.8991,0.86,,,0.6742756313456699,0.0,,,,r4_ppi,285.0
CCRCC_merged,uni_v2,23,regcomp,B,8100.0,cd_cs_100_vs_A_nL8_B9600,23,prop,theta2,donor,design,regB_t,200,50,8.468487932735438e-05,0.9926982144910268,0.9,0.8965000000000001,0.84,,,0.0,1.0,,,,P_classical,285.0
CCRCC_merged,uni_v2,23,regcomp,B,8100.0,cd_cs_100_vs_A_nL8_B9600,23,prop,theta2,donor,design,regB_t,200,50,8.270289102026699e-05,0.9948150084517366,0.895,0.8967999999999999,0.855,,,0.5,0.0345,,,,P_ppi,285.0
CCRCC_merged,uni_v2,23,regcomp,B,8100.0,cd_cs_100_vs_A_nL8_B9600,23,prop,theta2,donor,design,regB_t,200,50,8.468487932735428e-05,0.9926982144910265,0.9,0.8965000000000001,0.84,,,0.0,1.0,,,,C_classical,285.0
CCRCC_merged,uni_v2,23,regcomp,B,8100.0,cd_cs_100_vs_A_nL8_B9600,23,prop,theta2,donor,design,regB_t,200,50,8.094433203958889e-05,0.9964298676286242,0.9025000000000001,0.8987999999999999,0.845,,,0.47402029217220626,0.0,,,,C_ppi,285.0
CCRCC_merged,uni_v2,23,regcomp,B,8500.0,cd_cs_100_vs_A_nL12_B9600,23,prop,theta3,donor,design,regB_t,200,50,0.0002976875658635648,1.067205269272487,0.905,0.904,0.865,,,0.0,1.0,,,,r4_classical,299.0
CCRCC_merged,uni_v2,23,regcomp,B,8500.0,cd_cs_100_vs_A_nL12_B9600,23,prop,theta3,donor,design,regB_t,200,50,0.0001973907846086338,0.9582612393095458,0.89,0.8919000000000001,0.84,,,0.7749305299195761,0.0,,,,r4_ppi,299.0
CCRCC_merged,uni_v2,23,regcomp,B,8500.0,cd_cs_100_vs_A_nL12_B9600,23,prop,theta3,donor,design,regB_t,200,50,0.0001979280899323621,1.0125881961005443,0.905,0.898,0.85,,,0.0,1.0,,,,P_classical,299.0
CCRCC_merged,uni_v2,23,regcomp,B,8500.0,cd_cs_100_vs_A_nL12_B9600,23,prop,theta3,donor,design,regB_t,200,50,0.00019281294989343422,0.9747135896058284,0.8925000000000001,0.8946999999999999,0.84,,,0.5069737473547293,0.0263,,,,P_ppi,299.0
CCRCC_merged,uni_v2,23,regcomp,B,8500.0,cd_cs_100_vs_A_nL12_B9600,23,prop,theta3,donor,design,regB_t,200,50,0.0001281304665126693,1.024854290314058,0.905,0.903,0.855,,,0.0,1.0,,,,C_classical,299.0
CCRCC_merged,uni_v2,23,regcomp,B,8500.0,cd_cs_100_vs_A_nL12_B9600,23,prop,theta3,donor,design,regB_t,200,50,0.00012562136974517574,1.0060791600967316,0.9,0.9015000000000001,0.855,,,0.47220181308106934,0.0188,,,,C_ppi,299.0
CCRCC_merged,uni_v2,23,regcomp,B,8500.0,cd_cs_100_vs_A_nL12_B9600,23,prop,theta2,donor,design,regB_t,200,50,7.879409574213872e-05,0.9889755396677429,0.905,0.9015000000000001,0.84,,,0.0,1.0,,,,r4_classical,299.0
CCRCC_merged,uni_v2,23,regcomp,B,8500.0,cd_cs_100_vs_A_nL12_B9600,23,prop,theta2,donor,design,regB_t,200,50,7.857121051218225e-05,0.9819596420555928,0.905,0.8984000000000001,0.835,,,0.674113951764195,0.0,,,,r4_ppi,299.0
CCRCC_merged,uni_v2,23,regcomp,B,8500.0,cd_cs_100_vs_A_nL12_B9600,23,prop,theta2,donor,design,regB_t,200,50,7.87940957421388e-05,0.9889755396677433,0.905,0.9015000000000001,0.84,,,0.0,1.0,,,,P_classical,299.0
CCRCC_merged,uni_v2,23,regcomp,B,8500.0,cd_cs_100_vs_A_nL12_B9600,23,prop,theta2,donor,design,regB_t,200,50,8.073834886037737e-05,0.9948381501202297,0.895,0.8996000000000001,0.845,,,0.5,0.0343,,,,P_ppi,299.0
CCRCC_merged,uni_v2,23,regcomp,B,8500.0,cd_cs_100_vs_A_nL12_B9600,23,prop,theta2,donor,design,regB_t,200,50,7.879409574213872e-05,0.9889755396677424,0.905,0.9015000000000001,0.84,,,0.0,1.0,,,,C_classical,299.0
CCRCC_merged,uni_v2,23,regcomp,B,8500.0,cd_cs_100_vs_A_nL12_B9600,23,prop,theta2,donor,design,regB_t,200,50,7.622312116841878e-05,0.9913524808597823,0.905,0.8994000000000001,0.835,,,0.4733336961641498,0.0,,,,C_ppi,299.0
