task,label_set,encoder,design,score,fold,repeat,cal_draw,calibration_unit,slide,coverage,width_mean,interval_score,miss_above,miss_below,n_test,n_genes
CCRCC,shipped,hoptimus0,random,abs,0,0,0,spot,INT1,0.8971014492753624,1.6059656924389543,2.0576889839417856,0.04586956521739131,0.057028985507246374,276,50
CCRCC,shipped,hoptimus0,random,abs,0,0,0,spot,INT10,0.8317446808510638,1.6059656924389512,2.627520897077233,0.11429787234042553,0.05395744680851064,470,50
CCRCC,shipped,hoptimus0,random,abs,0,0,0,spot,INT11,0.8076136363636364,1.6059656924389527,2.6835323921998806,0.10420454545454545,0.08818181818181818,352,50
CCRCC,shipped,hoptimus0,random,abs,0,0,0,spot,INT12,0.8655718475073314,1.605965692438953,2.238884623305264,0.0607624633431085,0.07366568914956012,341,50
CCRCC,shipped,hoptimus0,random,abs,0,0,0,spot,INT13,0.8985688405797102,1.6059656924389563,2.0291211520846444,0.0673731884057971,0.034057971014492754,1104,50
CCRCC,shipped,hoptimus0,random,abs,0,0,0,spot,INT14,0.937531305903399,1.6059656924389565,1.829593257158707,0.05103756708407871,0.011431127012522363,1118,50
CCRCC,shipped,hoptimus0,random,abs,0,0,0,spot,INT15,0.9220273531777957,1.605965692438956,1.9128628896065805,0.05826226870474658,0.019710378117457763,1243,50
CCRCC,shipped,hoptimus0,random,abs,0,0,0,spot,INT16,0.9287133757961783,1.6059656924389538,1.8955014148442229,0.057936305732484074,0.013350318471337578,785,50
CCRCC,shipped,hoptimus0,random,abs,0,0,0,spot,INT17,0.9499428571428571,1.6059656924389545,1.8001889067112598,0.04356571428571429,0.006491428571428572,875,50
CCRCC,shipped,hoptimus0,random,abs,0,0,0,spot,INT18,0.8885435313262815,1.605965692438956,2.1213798106758484,0.0733767290480065,0.03807973962571196,1229,50
CCRCC,shipped,hoptimus0,random,abs,0,0,0,spot,INT19,0.9574832214765101,1.6059656924389563,1.7619072038247623,0.03671140939597315,0.005805369127516779,1192,50
CCRCC,shipped,hoptimus0,random,abs,0,0,0,spot,INT2,0.8899851851851852,1.605965692438952,2.093587103357862,0.0672888888888889,0.042725925925925924,675,50
CCRCC,shipped,hoptimus0,random,abs,0,0,0,spot,INT20,0.949748743718593,1.6059656924389563,1.8221967256886058,0.04435510887772194,0.005896147403685092,1194,50
CCRCC,shipped,hoptimus0,random,abs,0,0,0,spot,INT21,0.9033004926108374,1.605965692438956,2.000246746728658,0.062052545155993434,0.034646962233169126,1218,50
CCRCC,shipped,hoptimus0,random,abs,0,0,0,spot,INT22,0.9143388429752066,1.6059656924389554,1.9181155170969515,0.05927685950413223,0.02638429752066116,968,50
CCRCC,shipped,hoptimus0,random,abs,0,0,0,spot,INT23,0.8748314606741573,1.6059656924389563,2.118197502142796,0.07042350907519447,0.054745030250648224,1157,50
CCRCC,shipped,hoptimus0,random,abs,0,0,0,spot,INT24,0.9106211723534559,1.6059656924389563,2.0416544209653766,0.06671916010498688,0.022659667541557304,1143,50
CCRCC,shipped,hoptimus0,random,abs,0,0,0,spot,INT3,0.8994861660079052,1.605965692438951,2.0042429088207356,0.05695652173913044,0.04355731225296442,506,50
CCRCC,shipped,hoptimus0,random,abs,0,0,0,spot,INT4,0.9085285285285285,1.6059656924389532,1.9900384295424314,0.026486486486486487,0.06498498498498498,333,50
CCRCC,shipped,hoptimus0,random,abs,0,0,0,spot,INT5,0.6773597359735973,1.6059656924389538,3.698296200322125,0.2861386138613861,0.036501650165016504,303,50
CCRCC,shipped,hoptimus0,random,abs,0,0,0,spot,INT6,0.8580661577608143,1.605965692438952,2.3187253659674125,0.07338422391857506,0.06854961832061068,393,50
CCRCC,shipped,hoptimus0,random,abs,0,0,0,spot,INT7,0.8595897435897436,1.605965692438951,2.2791540255572915,0.08608547008547009,0.05432478632478633,585,50
CCRCC,shipped,hoptimus0,random,abs,0,0,0,spot,INT8,0.7957083333333332,1.6059656924389512,2.797569195799216,0.12325,0.08104166666666666,480,50
CCRCC,shipped,hoptimus0,random,abs,0,0,0,spot,INT9,0.863155452436195,1.6059656924389518,2.305246056514358,0.07127610208816705,0.06556844547563805,431,50
CCRCC,shipped,hoptimus0,random,abs,0,1,0,spot,INT1,0.8973180076628353,1.599375590768969,2.0536244870037224,0.04283524904214559,0.059846743295019156,261,50
CCRCC,shipped,hoptimus0,random,abs,0,1,0,spot,INT10,0.8338067061143984,1.5993755907689653,2.5716177033698955,0.1145956607495069,0.051597633136094674,507,50
CCRCC,shipped,hoptimus0,random,abs,0,1,0,spot,INT11,0.8245977011494253,1.599375590768968,2.515407167121798,0.08942528735632184,0.08597701149425287,348,50
CCRCC,shipped,hoptimus0,random,abs,0,1,0,spot,INT12,0.8706371191135734,1.5993755907689677,2.1813897216167923,0.058836565096952904,0.07052631578947369,361,50
CCRCC,shipped,hoptimus0,random,abs,0,1,0,spot,INT13,0.8966458519179303,1.5993755907689635,2.0218597666131877,0.06851025869759143,0.03484388938447815,1121,50
CCRCC,shipped,hoptimus0,random,abs,0,1,0,spot,INT14,0.9390047846889952,1.5993755907689633,1.8206559896497054,0.05043062200956938,0.010564593301435405,1045,50
CCRCC,shipped,hoptimus0,random,abs,0,1,0,spot,INT15,0.92448,1.5993755907689644,1.9011242977343803,0.055856,0.019664,1250,50
CCRCC,shipped,hoptimus0,random,abs,0,1,0,spot,INT16,0.9297698209718671,1.599375590768964,1.8730300822581611,0.056265984654731455,0.013964194373401535,782,50
CCRCC,shipped,hoptimus0,random,abs,0,1,0,spot,INT17,0.9488989784335982,1.5993755907689637,1.80190045621723,0.04290578887627696,0.008195232690124859,881,50
CCRCC,shipped,hoptimus0,random,abs,0,1,0,spot,INT18,0.89,1.5993755907689637,2.1047578228384785,0.06938842975206612,0.04061157024793388,1210,50
CCRCC,shipped,hoptimus0,random,abs,0,1,0,spot,INT19,0.956848281642917,1.5993755907689637,1.7625117956153094,0.03793797150041911,0.005213746856663873,1193,50
CCRCC,shipped,hoptimus0,random,abs,0,1,0,spot,INT2,0.8926348228043143,1.599375590768964,2.0693497742769633,0.0637904468412943,0.043574730354391376,649,50
CCRCC,shipped,hoptimus0,random,abs,0,1,0,spot,INT20,0.9497906602254429,1.599375590768964,1.809599926996856,0.04383252818035427,0.006376811594202898,1242,50
CCRCC,shipped,hoptimus0,random,abs,0,1,0,spot,INT21,0.9021130221130221,1.5993755907689637,1.997725985034724,0.06176904176904177,0.036117936117936116,1221,50
CCRCC,shipped,hoptimus0,random,abs,0,1,0,spot,INT22,0.9040129449838187,1.5993755907689635,1.9631610112157858,0.06921251348435814,0.026774541531823084,927,50
CCRCC,shipped,hoptimus0,random,abs,0,1,0,spot,INT23,0.8721170395869191,1.5993755907689635,2.1012780776700763,0.06948364888123924,0.05839931153184165,1162,50
CCRCC,shipped,hoptimus0,random,abs,0,1,0,spot,INT24,0.9032047986289632,1.5993755907689635,2.089061908567012,0.07300771208226221,0.023787489288774638,1167,50
CCRCC,shipped,hoptimus0,random,abs,0,1,0,spot,INT3,0.9066165413533835,1.5993755907689648,1.9659361232996642,0.05522556390977443,0.0381578947368421,532,50
CCRCC,shipped,hoptimus0,random,abs,0,1,0,spot,INT4,0.9067701863354037,1.5993755907689688,2.0013756434274654,0.023540372670807455,0.06968944099378882,322,50
CCRCC,shipped,hoptimus0,random,abs,0,1,0,spot,INT5,0.6832740213523132,1.599375590768969,3.64737831035453,0.27402135231316727,0.04270462633451957,281,50
CCRCC,shipped,hoptimus0,random,abs,0,1,0,spot,INT6,0.8529611650485437,1.5993755907689668,2.331718035135157,0.07305825242718447,0.07398058252427185,412,50
CCRCC,shipped,hoptimus0,random,abs,0,1,0,spot,INT7,0.8625483870967742,1.599375590768964,2.2501930800984398,0.08448387096774193,0.05296774193548387,620,50
CCRCC,shipped,hoptimus0,random,abs,0,1,0,spot,INT8,0.7965161290322581,1.5993755907689657,2.751554125020475,0.12851612903225806,0.07496774193548388,465,50
CCRCC,shipped,hoptimus0,random,abs,0,1,0,spot,INT9,0.8570388349514563,1.5993755907689666,2.324760523077947,0.08393203883495146,0.059029126213592235,412,50
CCRCC,shipped,hoptimus0,random,abs,0,2,0,spot,INT1,0.9072142857142858,1.6075802976204772,2.041106867457301,0.041571428571428565,0.05121428571428571,280,50
CCRCC,shipped,hoptimus0,random,abs,0,2,0,spot,INT10,0.8393474088291747,1.6075802976204825,2.531320188620028,0.11028790786948177,0.050364683301343575,521,50
CCRCC,shipped,hoptimus0,random,abs,0,2,0,spot,INT11,0.8025405405405405,1.6075802976204787,2.752615791005742,0.1104864864864865,0.08697297297297299,370,50
CCRCC,shipped,hoptimus0,random,abs,0,2,0,spot,INT12,0.8574504249291784,1.6075802976204785,2.318599808942329,0.07070821529745042,0.0718413597733711,353,50
CCRCC,shipped,hoptimus0,random,abs,0,2,0,spot,INT13,0.9006325581395349,1.6075802976204796,2.0152771930751716,0.06731162790697674,0.032055813953488374,1075,50
CCRCC,shipped,hoptimus0,random,abs,0,2,0,spot,INT14,0.9403246167718666,1.6075802976204796,1.82188973259084,0.049071235347159604,0.01060414788097385,1109,50
CCRCC,shipped,hoptimus0,random,abs,0,2,0,spot,INT15,0.9257236842105263,1.6075802976204792,1.8980758037285506,0.05432565789473684,0.019950657894736844,1216,50
CCRCC,shipped,hoptimus0,random,abs,0,2,0,spot,INT16,0.9257468354430379,1.6075802976204816,1.898181042515403,0.06364556962025317,0.010607594936708861,790,50
CCRCC,shipped,hoptimus0,random,abs,0,2,0,spot,INT17,0.9484258210645526,1.607580297620481,1.8212094124711526,0.043895809739524345,0.00767836919592299,883,50
CCRCC,shipped,hoptimus0,random,abs,0,2,0,spot,INT18,0.8923456790123457,1.6075802976204792,2.1009962285890587,0.0654320987654321,0.042222222222222223,1215,50
CCRCC,shipped,hoptimus0,random,abs,0,2,0,spot,INT19,0.9602047244094488,1.6075802976204792,1.749538768307409,0.033795275590551184,0.006,1270,50
CCRCC,shipped,hoptimus0,random,abs,0,2,0,spot,INT2,0.8934230194319881,1.6075802976204827,2.0774837182168198,0.06490284005979073,0.04167414050822123,669,50
CCRCC,shipped,hoptimus0,random,abs,0,2,0,spot,INT20,0.9493255620316403,1.6075802976204792,1.8261333476114054,0.04481265611990008,0.005861781848459618,1201,50
CCRCC,shipped,hoptimus0,random,abs,0,2,0,spot,INT21,0.8997721724979658,1.6075802976204792,2.0022729047478736,0.06362896663954434,0.036598860862489827,1229,50
CCRCC,shipped,hoptimus0,random,abs,0,2,0,spot,INT22,0.9093681917211329,1.6075802976204807,1.9518788666924982,0.06339869281045751,0.027233115468409584,918,50
CCRCC,shipped,hoptimus0,random,abs,0,2,0,spot,INT23,0.8751016799292661,1.6075802976204792,2.1230803882084683,0.07241379310344827,0.05248452696728559,1131,50
CCRCC,shipped,hoptimus0,random,abs,0,2,0,spot,INT24,0.9111171171171171,1.6075802976204796,2.0441676388899253,0.06475675675675677,0.024126126126126125,1110,50
CCRCC,shipped,hoptimus0,random,abs,0,2,0,spot,INT3,0.900156862745098,1.607580297620482,1.9954072009867907,0.05662745098039216,0.0432156862745098,510,50
CCRCC,shipped,hoptimus0,random,abs,0,2,0,spot,INT4,0.9035593220338982,1.6075802976204785,2.014053661322223,0.024971751412429376,0.07146892655367232,354,50
CCRCC,shipped,hoptimus0,random,abs,0,2,0,spot,INT5,0.7105338078291815,1.6075802976204776,3.4106991326329448,0.23722419928825622,0.05224199288256228,281,50
CCRCC,shipped,hoptimus0,random,abs,0,2,0,spot,INT6,0.8517468354430381,1.6075802976204796,2.3636373252959917,0.08455696202531646,0.06369620253164557,395,50
CCRCC,shipped,hoptimus0,random,abs,0,2,0,spot,INT7,0.8721180555555555,1.6075802976204827,2.1950562715801816,0.07902777777777778,0.04885416666666667,576,50
CCRCC,shipped,hoptimus0,random,abs,0,2,0,spot,INT8,0.7948427672955976,1.6075802976204816,2.8356321498334633,0.11857442348008386,0.08658280922431866,477,50
CCRCC,shipped,hoptimus0,random,abs,0,2,0,spot,INT9,0.8526484018264839,1.6075802976204807,2.3576453005026137,0.06908675799086757,0.0782648401826484,438,50
CCRCC,shipped,hoptimus0,random,abs,0,3,0,spot,INT1,0.9008088235294117,1.6066969306645071,2.0901402212871587,0.0425,0.05669117647058823,272,50
CCRCC,shipped,hoptimus0,random,abs,0,3,0,spot,INT10,0.8372038834951456,1.6066969306645091,2.5598344809491977,0.11231067961165049,0.05048543689320388,515,50
CCRCC,shipped,hoptimus0,random,abs,0,3,0,spot,INT11,0.8148295454545454,1.6066969306645082,2.5856424723520735,0.08346590909090908,0.10170454545454545,352,50
CCRCC,shipped,hoptimus0,random,abs,0,3,0,spot,INT12,0.8605940594059406,1.6066969306645087,2.306863066735089,0.06262376237623762,0.07678217821782178,404,50
CCRCC,shipped,hoptimus0,random,abs,0,3,0,spot,INT13,0.8984172661870504,1.6066969306645031,2.0210492431003946,0.06579136690647483,0.03579136690647482,1112,50
CCRCC,shipped,hoptimus0,random,abs,0,3,0,spot,INT14,0.9388372093023256,1.6066969306645031,1.831078580646408,0.05184257602862254,0.009320214669051878,1118,50
CCRCC,shipped,hoptimus0,random,abs,0,3,0,spot,INT15,0.9245012366034625,1.6066969306645027,1.9048754471507916,0.05579554822753503,0.01970321516900247,1213,50
CCRCC,shipped,hoptimus0,random,abs,0,3,0,spot,INT16,0.9291534391534391,1.6066969306645076,1.891991036284736,0.05793650793650793,0.01291005291005291,756,50
CCRCC,shipped,hoptimus0,random,abs,0,3,0,spot,INT17,0.9496575342465754,1.6066969306645058,1.8084015741652169,0.04260273972602739,0.00773972602739726,876,50
CCRCC,shipped,hoptimus0,random,abs,0,3,0,spot,INT18,0.8960838033843674,1.6066969306645027,2.06905950588297,0.06670427074939565,0.03721192586623691,1241,50
CCRCC,shipped,hoptimus0,random,abs,0,3,0,spot,INT19,0.9597691673536686,1.6066969306645027,1.7487794352185233,0.034311624072547404,0.005919208573784006,1213,50
CCRCC,shipped,hoptimus0,random,abs,0,3,0,spot,INT2,0.8957234726688102,1.6066969306645087,2.0728578040720023,0.06276527331189712,0.0415112540192926,622,50
CCRCC,shipped,hoptimus0,random,abs,0,3,0,spot,INT20,0.9515798319327732,1.6066969306645027,1.8159262152764393,0.04299159663865546,0.0054285714285714284,1190,50
CCRCC,shipped,hoptimus0,random,abs,0,3,0,spot,INT21,0.9031430934656741,1.6066969306645027,1.9970574634448506,0.06383788254755997,0.03301902398676592,1209,50
CCRCC,shipped,hoptimus0,random,abs,0,3,0,spot,INT22,0.9105779716466739,1.6066969306645051,1.936462993933032,0.06362050163576881,0.02580152671755725,917,50
CCRCC,shipped,hoptimus0,random,abs,0,3,0,spot,INT23,0.872655737704918,1.6066969306645027,2.1085065430845336,0.07042622950819673,0.05691803278688525,1220,50
CCRCC,shipped,hoptimus0,random,abs,0,3,0,spot,INT24,0.910137741046832,1.6066969306645036,2.0396897254293167,0.0668870523415978,0.022975206611570247,1089,50
CCRCC,shipped,hoptimus0,random,abs,0,3,0,spot,INT3,0.9064212678936606,1.6066969306645091,1.979928199649884,0.05325153374233129,0.04032719836400818,489,50
CCRCC,shipped,hoptimus0,random,abs,0,3,0,spot,INT4,0.918841463414634,1.606696930664508,1.9362241492414471,0.029634146341463413,0.051524390243902436,328,50
CCRCC,shipped,hoptimus0,random,abs,0,3,0,spot,INT5,0.6763568773234201,1.6066969306645071,3.561180649256707,0.28386617100371747,0.03977695167286245,269,50
CCRCC,shipped,hoptimus0,random,abs,0,3,0,spot,INT6,0.8471131639722864,1.606696930664509,2.366829479297229,0.07593533487297922,0.07695150115473441,433,50
CCRCC,shipped,hoptimus0,random,abs,0,3,0,spot,INT7,0.8668717948717949,1.606696930664509,2.234677874817559,0.08372649572649574,0.049401709401709404,585,50
CCRCC,shipped,hoptimus0,random,abs,0,3,0,spot,INT8,0.7932283464566929,1.6066969306645091,2.816723801461604,0.12771653543307088,0.07905511811023622,508,50
CCRCC,shipped,hoptimus0,random,abs,0,3,0,spot,INT9,0.8555454545454545,1.606696930664509,2.3544503381637503,0.0794090909090909,0.06504545454545455,440,50
CCRCC,shipped,hoptimus0,random,abs,0,4,0,spot,INT1,0.8988148148148148,1.5980558587604736,2.0966308198708608,0.045703703703703705,0.055481481481481486,270,50
CCRCC,shipped,hoptimus0,random,abs,0,4,0,spot,INT10,0.8177919320594481,1.598055858760475,2.7201750399168607,0.13227176220806794,0.049936305732484074,471,50
CCRCC,shipped,hoptimus0,random,abs,0,4,0,spot,INT11,0.8133333333333332,1.5980558587604747,2.6678161430412586,0.1086720867208672,0.07799457994579946,369,50
CCRCC,shipped,hoptimus0,random,abs,0,4,0,spot,INT12,0.8557014925373134,1.5980558587604745,2.2938558608847432,0.06865671641791045,0.07564179104477611,335,50
CCRCC,shipped,hoptimus0,random,abs,0,4,0,spot,INT13,0.8971271729185727,1.5980558587604738,2.0244637185057615,0.06642268984446478,0.036450137236962485,1093,50
CCRCC,shipped,hoptimus0,random,abs,0,4,0,spot,INT14,0.9395372750642673,1.5980558587604738,1.8138792288559806,0.051448157669237354,0.009014567266495287,1167,50
CCRCC,shipped,hoptimus0,random,abs,0,4,0,spot,INT15,0.9265188834154351,1.5980558587604738,1.8993787542241973,0.0513464696223317,0.02213464696223317,1218,50
CCRCC,shipped,hoptimus0,random,abs,0,4,0,spot,INT16,0.92796973518285,1.598055858760473,1.8785394075551147,0.05863808322824716,0.0133921815889029,793,50
CCRCC,shipped,hoptimus0,random,abs,0,4,0,spot,INT17,0.9486681715575621,1.5980558587604734,1.8052442435589027,0.04476297968397291,0.006568848758465012,886,50
CCRCC,shipped,hoptimus0,random,abs,0,4,0,spot,INT18,0.8923771152296536,1.5980558587604738,2.0832706050263514,0.06746172441579372,0.04016116035455278,1241,50
CCRCC,shipped,hoptimus0,random,abs,0,4,0,spot,INT19,0.9560967741935484,1.5980558587604738,1.7547109837242885,0.0377741935483871,0.006129032258064516,1240,50
CCRCC,shipped,hoptimus0,random,abs,0,4,0,spot,INT2,0.89312,1.5980558587604738,2.0556572423513684,0.063008,0.043872,625,50
CCRCC,shipped,hoptimus0,random,abs,0,4,0,spot,INT20,0.9500162866449512,1.5980558587604738,1.8109951374166575,0.043908794788273614,0.006074918566775245,1228,50
CCRCC,shipped,hoptimus0,random,abs,0,4,0,spot,INT21,0.9045602605863192,1.5980558587604738,1.990298679478692,0.0629641693811075,0.032475570032573293,1228,50
CCRCC,shipped,hoptimus0,random,abs,0,4,0,spot,INT22,0.9084726867335563,1.5980558587604734,1.9402273463468978,0.06345596432552954,0.028071348940914162,897,50
CCRCC,shipped,hoptimus0,random,abs,0,4,0,spot,INT23,0.8694406779661017,1.5980558587604738,2.136594404611428,0.07535593220338983,0.05520338983050847,1180,50
CCRCC,shipped,hoptimus0,random,abs,0,4,0,spot,INT24,0.9043248175182482,1.5980558587604738,2.0694244459061406,0.07087591240875912,0.0247992700729927,1096,50
CCRCC,shipped,hoptimus0,random,abs,0,4,0,spot,INT3,0.9020746887966805,1.5980558587604747,1.9961254200591976,0.059668049792531125,0.03825726141078838,482,50
CCRCC,shipped,hoptimus0,random,abs,0,4,0,spot,INT4,0.9133536585365853,1.598055858760474,1.9625080422918948,0.02676829268292683,0.05987804878048781,328,50
CCRCC,shipped,hoptimus0,random,abs,0,4,0,spot,INT5,0.6673825503355705,1.5980558587604738,3.9043200643409386,0.29181208053691277,0.04080536912751678,298,50
CCRCC,shipped,hoptimus0,random,abs,0,4,0,spot,INT6,0.8503355704697987,1.5980558587604747,2.3456699219194057,0.07959731543624161,0.07006711409395973,447,50
CCRCC,shipped,hoptimus0,random,abs,0,4,0,spot,INT7,0.8601376936316696,1.598055858760474,2.266826562036879,0.08898450946643718,0.05087779690189329,581,50
CCRCC,shipped,hoptimus0,random,abs,0,4,0,spot,INT8,0.7888163265306122,1.598055858760475,2.8357086819992765,0.12881632653061226,0.08236734693877551,490,50
CCRCC,shipped,hoptimus0,random,abs,0,4,0,spot,INT9,0.8593137254901961,1.598055858760475,2.291993145978132,0.07269607843137255,0.06799019607843138,408,50
CCRCC,shipped,hoptimus0,random,abs,1,0,0,spot,INT1,0.8884705882352941,1.6051260342940932,2.0987054508843666,0.051294117647058816,0.06023529411764706,85,50
CCRCC,shipped,hoptimus0,random,abs,1,0,0,spot,INT10,0.8498412698412698,1.6051260342940916,2.441695206182498,0.10275132275132276,0.047407407407407405,189,50
CCRCC,shipped,hoptimus0,random,abs,1,0,0,spot,INT11,0.8335087719298245,1.605126034294093,2.4834214305613624,0.08736842105263158,0.07912280701754386,114,50
CCRCC,shipped,hoptimus0,random,abs,1,0,0,spot,INT12,0.863225806451613,1.6051260342940927,2.2784216878689256,0.065,0.0717741935483871,124,50
CCRCC,shipped,hoptimus0,random,abs,1,0,0,spot,INT13,0.9066666666666666,1.6051260342940927,1.9907392850116472,0.06265664160401002,0.030676691729323306,399,50
CCRCC,shipped,hoptimus0,random,abs,1,0,0,spot,INT14,0.9409651474530831,1.6051260342940923,1.8191514761455145,0.04938337801608579,0.0096514745308311,373,50
CCRCC,shipped,hoptimus0,random,abs,1,0,0,spot,INT15,0.9291244239631337,1.6051260342940936,1.8787322859550661,0.05147465437788019,0.019400921658986173,434,50
CCRCC,shipped,hoptimus0,random,abs,1,0,0,spot,INT16,0.9277862595419848,1.605126034294091,1.8830123081682524,0.05473282442748092,0.017480916030534352,262,50
CCRCC,shipped,hoptimus0,random,abs,1,0,0,spot,INT17,0.9490419161676646,1.6051260342940916,1.7978716301468938,0.04329341317365269,0.0076646706586826355,334,50
CCRCC,shipped,hoptimus0,random,abs,1,0,0,spot,INT18,0.8952017937219731,1.6051260342940936,2.081030455497824,0.06686098654708521,0.037937219730941704,446,50
CCRCC,shipped,hoptimus0,random,abs,1,0,0,spot,INT19,0.9569476082004555,1.6051260342940936,1.7522946458970952,0.03735763097949886,0.005694760820045558,439,50
CCRCC,shipped,hoptimus0,random,abs,1,0,0,spot,INT2,0.8911587982832618,1.605126034294091,2.0860660461375375,0.06815450643776824,0.04068669527896996,233,50
CCRCC,shipped,hoptimus0,random,abs,1,0,0,spot,INT20,0.9534529147982063,1.6051260342940936,1.7921850795114525,0.04080717488789237,0.005739910313901345,446,50
CCRCC,shipped,hoptimus0,random,abs,1,0,0,spot,INT21,0.9032420091324201,1.6051260342940936,2.005466537537866,0.062328767123287665,0.034429223744292234,438,50
CCRCC,shipped,hoptimus0,random,abs,1,0,0,spot,INT22,0.9083908045977012,1.6051260342940918,1.9539180615026095,0.0663793103448276,0.025229885057471268,348,50
CCRCC,shipped,hoptimus0,random,abs,1,0,0,spot,INT23,0.8666820276497695,1.6051260342940936,2.16309515290246,0.07930875576036867,0.054009216589861755,434,50
CCRCC,shipped,hoptimus0,random,abs,1,0,0,spot,INT24,0.9144859813084112,1.6051260342940932,2.0062026166004006,0.0611214953271028,0.024392523364485982,428,50
CCRCC,shipped,hoptimus0,random,abs,1,0,0,spot,INT3,0.9044897959183673,1.6051260342940916,1.9847588621667984,0.053979591836734696,0.04153061224489796,196,50
CCRCC,shipped,hoptimus0,random,abs,1,0,0,spot,INT4,0.9196296296296296,1.605126034294093,1.9292492340091487,0.027962962962962964,0.0524074074074074,108,50
CCRCC,shipped,hoptimus0,random,abs,1,0,0,spot,INT5,0.6895412844036697,1.605126034294093,3.6132317524351647,0.2627522935779817,0.04770642201834862,109,50
CCRCC,shipped,hoptimus0,random,abs,1,0,0,spot,INT6,0.8503496503496504,1.6051260342940927,2.343116433322458,0.08265734265734266,0.06699300699300699,143,50
CCRCC,shipped,hoptimus0,random,abs,1,0,0,spot,INT7,0.8567955801104972,1.6051260342940918,2.2675391843798556,0.08762430939226519,0.05558011049723757,181,50
CCRCC,shipped,hoptimus0,random,abs,1,0,0,spot,INT8,0.7879754601226994,1.6051260342940923,2.7710397763781502,0.12404907975460124,0.08797546012269938,163,50
CCRCC,shipped,hoptimus0,random,abs,1,0,0,spot,INT9,0.8563636363636364,1.6051260342940927,2.2965413175202123,0.0711888111888112,0.07244755244755245,143,50
CCRCC,shipped,hoptimus0,random,abs,1,1,0,spot,INT1,0.9262626262626263,1.602776453545473,1.8936803875456762,0.03171717171717172,0.04202020202020203,99,50
CCRCC,shipped,hoptimus0,random,abs,1,1,0,spot,INT10,0.8376470588235294,1.6027764535454734,2.4629288333420685,0.10670588235294116,0.05564705882352941,170,50
CCRCC,shipped,hoptimus0,random,abs,1,1,0,spot,INT11,0.8115966386554622,1.602776453545473,2.5916678189553117,0.09596638655462185,0.09243697478991596,119,50
CCRCC,shipped,hoptimus0,random,abs,1,1,0,spot,INT12,0.8773015873015874,1.602776453545473,2.1667796811420765,0.053968253968253964,0.06873015873015872,126,50
CCRCC,shipped,hoptimus0,random,abs,1,1,0,spot,INT13,0.9029556650246306,1.6027764535454736,2.00614342626534,0.0631527093596059,0.033891625615763546,406,50
CCRCC,shipped,hoptimus0,random,abs,1,1,0,spot,INT14,0.9420551378446115,1.6027764535454736,1.8289005225710229,0.04917293233082707,0.008771929824561403,399,50
CCRCC,shipped,hoptimus0,random,abs,1,1,0,spot,INT15,0.9247113163972287,1.6027764535454734,1.902517747285604,0.0540877598152425,0.02120092378752887,433,50
CCRCC,shipped,hoptimus0,random,abs,1,1,0,spot,INT16,0.9309293680297398,1.6027764535454745,1.8524341992520095,0.05464684014869889,0.014423791821561338,269,50
CCRCC,shipped,hoptimus0,random,abs,1,1,0,spot,INT17,0.9477524429967427,1.6027764535454745,1.8207341736289089,0.045928338762214985,0.0063192182410423455,307,50
CCRCC,shipped,hoptimus0,random,abs,1,1,0,spot,INT18,0.8903480278422273,1.6027764535454734,2.117842509837028,0.06946635730858469,0.04018561484918793,431,50
CCRCC,shipped,hoptimus0,random,abs,1,1,0,spot,INT19,0.9573019271948608,1.602776453545473,1.7591290311387502,0.03845824411134904,0.00423982869379015,467,50
CCRCC,shipped,hoptimus0,random,abs,1,1,0,spot,INT2,0.8857798165137615,1.6027764535454738,2.1294385507720555,0.07229357798165138,0.04192660550458716,218,50
CCRCC,shipped,hoptimus0,random,abs,1,1,0,spot,INT20,0.955669642857143,1.602776453545473,1.790502526958561,0.038705357142857146,0.005625,448,50
CCRCC,shipped,hoptimus0,random,abs,1,1,0,spot,INT21,0.9004888888888888,1.602776453545473,1.9920388415081507,0.06502222222222223,0.03448888888888889,450,50
CCRCC,shipped,hoptimus0,random,abs,1,1,0,spot,INT22,0.903887323943662,1.6027764535454743,1.9774117674894427,0.07047887323943662,0.02563380281690141,355,50
CCRCC,shipped,hoptimus0,random,abs,1,1,0,spot,INT23,0.8746478873239437,1.6027764535454734,2.121066663382348,0.07140845070422536,0.05394366197183099,426,50
CCRCC,shipped,hoptimus0,random,abs,1,1,0,spot,INT24,0.9117293233082706,1.6027764535454736,2.029368142629323,0.06285714285714286,0.025413533834586464,399,50
CCRCC,shipped,hoptimus0,random,abs,1,1,0,spot,INT3,0.9084210526315789,1.6027764535454734,1.9413777917976156,0.05181286549707602,0.039766081871345026,171,50
CCRCC,shipped,hoptimus0,random,abs,1,1,0,spot,INT4,0.9258461538461539,1.6027764535454727,1.8898082734726867,0.022769230769230767,0.05138461538461539,130,50
CCRCC,shipped,hoptimus0,random,abs,1,1,0,spot,INT5,0.6693333333333333,1.602776453545473,3.958542184719495,0.276,0.05466666666666667,90,50
CCRCC,shipped,hoptimus0,random,abs,1,1,0,spot,INT6,0.8502290076335878,1.6027764535454727,2.359568408153378,0.07541984732824428,0.07435114503816793,131,50
CCRCC,shipped,hoptimus0,random,abs,1,1,0,spot,INT7,0.8628440366972476,1.6027764535454738,2.221184224800349,0.08137614678899084,0.055779816513761474,218,50
CCRCC,shipped,hoptimus0,random,abs,1,1,0,spot,INT8,0.7868639053254438,1.6027764535454734,2.7846513059628317,0.1352662721893491,0.0778698224852071,169,50
CCRCC,shipped,hoptimus0,random,abs,1,1,0,spot,INT9,0.8443478260869566,1.602776453545473,2.3878401268022036,0.07521739130434782,0.08043478260869565,138,50
CCRCC,shipped,hoptimus0,random,abs,1,2,0,spot,INT1,0.8835164835164835,1.6091866124895193,2.212016570608554,0.04373626373626374,0.07274725274725274,91,50
CCRCC,shipped,hoptimus0,random,abs,1,2,0,spot,INT10,0.8298507462686566,1.6091866124895196,2.5494072586975927,0.11771144278606965,0.05243781094527363,201,50
CCRCC,shipped,hoptimus0,random,abs,1,2,0,spot,INT11,0.788780487804878,1.6091866124895193,2.863248680682939,0.0991869918699187,0.11203252032520325,123,50
CCRCC,shipped,hoptimus0,random,abs,1,2,0,spot,INT12,0.8528571428571428,1.6091866124895193,2.328408887899601,0.06428571428571428,0.08285714285714285,126,50
CCRCC,shipped,hoptimus0,random,abs,1,2,0,spot,INT13,0.9061224489795918,1.6091866124895202,1.997595934036513,0.06438775510204081,0.029489795918367347,392,50
CCRCC,shipped,hoptimus0,random,abs,1,2,0,spot,INT14,0.9372492836676217,1.6091866124895202,1.846485180002821,0.05392550143266476,0.008825214899713467,349,50
CCRCC,shipped,hoptimus0,random,abs,1,2,0,spot,INT15,0.9257847533632286,1.60918661248952,1.9091518020865965,0.05551569506726457,0.018699551569506728,446,50
CCRCC,shipped,hoptimus0,random,abs,1,2,0,spot,INT16,0.9307491856677523,1.60918661248952,1.8789415829968918,0.057068403908794786,0.01218241042345277,307,50
CCRCC,shipped,hoptimus0,random,abs,1,2,0,spot,INT17,0.9506586826347305,1.6091866124895202,1.809388645151713,0.041736526946107785,0.007604790419161677,334,50
CCRCC,shipped,hoptimus0,random,abs,1,2,0,spot,INT18,0.8966507177033494,1.6091866124895202,2.0738421809410315,0.06215311004784689,0.04119617224880383,418,50
CCRCC,shipped,hoptimus0,random,abs,1,2,0,spot,INT19,0.9607692307692308,1.6091866124895202,1.751111399811628,0.03307692307692307,0.006153846153846154,416,50
CCRCC,shipped,hoptimus0,random,abs,1,2,0,spot,INT2,0.8890128755364808,1.6091866124895196,2.1298030001399577,0.07433476394849786,0.03665236051502146,233,50
CCRCC,shipped,hoptimus0,random,abs,1,2,0,spot,INT20,0.9541687979539643,1.6091866124895202,1.8018372445701554,0.040204603580562666,0.005626598465473146,391,50
CCRCC,shipped,hoptimus0,random,abs,1,2,0,spot,INT21,0.9049438202247191,1.60918661248952,1.9918485355421354,0.061258426966292134,0.033797752808988765,445,50
CCRCC,shipped,hoptimus0,random,abs,1,2,0,spot,INT22,0.9093373493975904,1.6091866124895202,1.9728084390040104,0.06626506024096385,0.024397590361445783,332,50
CCRCC,shipped,hoptimus0,random,abs,1,2,0,spot,INT23,0.8846919431279621,1.6091866124895202,2.058847622814794,0.06554502369668247,0.04976303317535545,422,50
CCRCC,shipped,hoptimus0,random,abs,1,2,0,spot,INT24,0.9097596153846154,1.6091866124895202,2.0617046071788363,0.0666826923076923,0.023557692307692307,416,50
CCRCC,shipped,hoptimus0,random,abs,1,2,0,spot,INT3,0.9088636363636364,1.6091866124895193,1.9590103362591873,0.04727272727272727,0.04386363636363637,176,50
CCRCC,shipped,hoptimus0,random,abs,1,2,0,spot,INT4,0.9048062015503876,1.6091866124895193,2.017347466834173,0.028992248062015502,0.0662015503875969,129,50
CCRCC,shipped,hoptimus0,random,abs,1,2,0,spot,INT5,0.6541592920353981,1.6091866124895193,3.86784468648255,0.30619469026548674,0.03964601769911504,113,50
CCRCC,shipped,hoptimus0,random,abs,1,2,0,spot,INT6,0.8329936305732484,1.6091866124895193,2.4839062853900327,0.09923566878980891,0.06777070063694268,157,50
CCRCC,shipped,hoptimus0,random,abs,1,2,0,spot,INT7,0.8632227488151659,1.6091866124895196,2.27305621521406,0.09127962085308056,0.04549763033175355,211,50
CCRCC,shipped,hoptimus0,random,abs,1,2,0,spot,INT8,0.7763043478260869,1.6091866124895193,2.9778170103510058,0.15880434782608696,0.06489130434782608,184,50
CCRCC,shipped,hoptimus0,random,abs,1,2,0,spot,INT9,0.8698089171974523,1.6091866124895193,2.233861083626632,0.05273885350318471,0.07745222929936306,157,50
CCRCC,shipped,hoptimus0,random,abs,1,3,0,spot,INT1,0.9161538461538461,1.6094251695445494,2.000058508363015,0.04666666666666666,0.03717948717948718,78,50
CCRCC,shipped,hoptimus0,random,abs,1,3,0,spot,INT10,0.8518032786885246,1.6094251695445494,2.4810694356913574,0.09803278688524591,0.0501639344262295,183,50
CCRCC,shipped,hoptimus0,random,abs,1,3,0,spot,INT11,0.8218439716312056,1.6094251695445494,2.5174275199549903,0.08411347517730496,0.09404255319148935,141,50
CCRCC,shipped,hoptimus0,random,abs,1,3,0,spot,INT12,0.8525,1.6094251695445496,2.3388812163972514,0.0675,0.08,144,50
CCRCC,shipped,hoptimus0,random,abs,1,3,0,spot,INT13,0.8985750636132316,1.6094251695445507,2.0316576538140003,0.06788804071246819,0.03353689567430025,393,50
CCRCC,shipped,hoptimus0,random,abs,1,3,0,spot,INT14,0.9449038461538461,1.609425169544551,1.8044464583948834,0.04504807692307693,0.010048076923076923,416,50
CCRCC,shipped,hoptimus0,random,abs,1,3,0,spot,INT15,0.925904761904762,1.609425169544551,1.9114615068111989,0.05442857142857143,0.01966666666666667,420,50
CCRCC,shipped,hoptimus0,random,abs,1,3,0,spot,INT16,0.9287455197132617,1.6094251695445498,1.8883850858526094,0.060573476702508955,0.010681003584229392,279,50
CCRCC,shipped,hoptimus0,random,abs,1,3,0,spot,INT17,0.9517981072555205,1.60942516954455,1.812392140937262,0.04094637223974764,0.007255520504731862,317,50
CCRCC,shipped,hoptimus0,random,abs,1,3,0,spot,INT18,0.891470588235294,1.609425169544551,2.107919807503976,0.06906862745098039,0.03946078431372549,408,50
CCRCC,shipped,hoptimus0,random,abs,1,3,0,spot,INT19,0.9568707482993197,1.609425169544551,1.7708916227653158,0.03800453514739229,0.005124716553287983,441,50
CCRCC,shipped,hoptimus0,random,abs,1,3,0,spot,INT2,0.88484375,1.6094251695445496,2.123509989780423,0.069921875,0.045234375,256,50
CCRCC,shipped,hoptimus0,random,abs,1,3,0,spot,INT20,0.9459310344827585,1.609425169544551,1.8465817528456623,0.047540229885057475,0.0065287356321839084,435,50
CCRCC,shipped,hoptimus0,random,abs,1,3,0,spot,INT21,0.9044859813084112,1.609425169544551,1.991864037545624,0.06341121495327103,0.03210280373831776,428,50
CCRCC,shipped,hoptimus0,random,abs,1,3,0,spot,INT22,0.9146198830409357,1.6094251695445505,1.916238017708097,0.06134502923976608,0.024035087719298246,342,50
CCRCC,shipped,hoptimus0,random,abs,1,3,0,spot,INT23,0.8752857142857142,1.609425169544551,2.0965244181708216,0.07152380952380953,0.05319047619047619,420,50
CCRCC,shipped,hoptimus0,random,abs,1,3,0,spot,INT24,0.9116962025316455,1.6094251695445507,2.0403456530895787,0.06450632911392405,0.023797468354430383,395,50
CCRCC,shipped,hoptimus0,random,abs,1,3,0,spot,INT3,0.8963975155279503,1.6094251695445494,2.0311987084501135,0.05428571428571429,0.04931677018633541,161,50
CCRCC,shipped,hoptimus0,random,abs,1,3,0,spot,INT4,0.9129914529914529,1.6094251695445496,1.975718564804469,0.024444444444444446,0.06256410256410257,117,50
CCRCC,shipped,hoptimus0,random,abs,1,3,0,spot,INT5,0.71,1.6094251695445496,3.4134704594892313,0.24043478260869566,0.049565217391304345,92,50
CCRCC,shipped,hoptimus0,random,abs,1,3,0,spot,INT6,0.8507594936708861,1.6094251695445494,2.405674016628416,0.07962025316455695,0.06962025316455696,158,50
CCRCC,shipped,hoptimus0,random,abs,1,3,0,spot,INT7,0.865,1.6094251695445496,2.2466373649561726,0.09290909090909091,0.04209090909090909,220,50
CCRCC,shipped,hoptimus0,random,abs,1,3,0,spot,INT8,0.8004210526315789,1.6094251695445494,2.8137357913593086,0.11378947368421052,0.08578947368421053,190,50
CCRCC,shipped,hoptimus0,random,abs,1,3,0,spot,INT9,0.8675555555555556,1.6094251695445494,2.2522128215138544,0.06607407407407408,0.06637037037037037,135,50
CCRCC,shipped,hoptimus0,random,abs,1,4,0,spot,INT1,0.9079545454545455,1.605706658101733,2.0833745922626057,0.037954545454545456,0.05409090909090909,88,50
CCRCC,shipped,hoptimus0,random,abs,1,4,0,spot,INT10,0.8411494252873563,1.6057066581017332,2.4763226298071697,0.11137931034482758,0.04747126436781609,174,50
CCRCC,shipped,hoptimus0,random,abs,1,4,0,spot,INT11,0.798360655737705,1.6057066581017332,2.6602412693410433,0.09901639344262295,0.10262295081967214,122,50
CCRCC,shipped,hoptimus0,random,abs,1,4,0,spot,INT12,0.8660740740740741,1.6057066581017336,2.237217810016328,0.06637037037037037,0.06755555555555555,135,50
CCRCC,shipped,hoptimus0,random,abs,1,4,0,spot,INT13,0.9054155495978553,1.6057066581017343,2.0030231342941893,0.059624664879356574,0.0349597855227882,373,50
CCRCC,shipped,hoptimus0,random,abs,1,4,0,spot,INT14,0.9402962962962963,1.6057066581017347,1.822413019545362,0.050765432098765426,0.00893827160493827,405,50
CCRCC,shipped,hoptimus0,random,abs,1,4,0,spot,INT15,0.9300952380952381,1.605706658101735,1.8784341602120054,0.05047619047619047,0.01942857142857143,420,50
CCRCC,shipped,hoptimus0,random,abs,1,4,0,spot,INT16,0.9266420664206642,1.6057066581017332,1.8923961092577506,0.060885608856088555,0.012472324723247233,271,50
CCRCC,shipped,hoptimus0,random,abs,1,4,0,spot,INT17,0.9521630094043887,1.6057066581017336,1.7953995722057314,0.04200626959247649,0.005830721003134796,319,50
CCRCC,shipped,hoptimus0,random,abs,1,4,0,spot,INT18,0.892676659528908,1.6057066581017354,2.106282583174349,0.06912205567451819,0.03820128479657388,467,50
CCRCC,shipped,hoptimus0,random,abs,1,4,0,spot,INT19,0.958141592920354,1.6057066581017352,1.7532013823335264,0.036150442477876105,0.005707964601769911,452,50
CCRCC,shipped,hoptimus0,random,abs,1,4,0,spot,INT2,0.8923333333333333,1.6057066581017332,2.075829009755288,0.06741666666666667,0.04025,240,50
CCRCC,shipped,hoptimus0,random,abs,1,4,0,spot,INT20,0.9559058823529412,1.605706658101735,1.794673954705106,0.037505882352941174,0.006588235294117647,425,50
CCRCC,shipped,hoptimus0,random,abs,1,4,0,spot,INT21,0.9016455696202531,1.6057066581017354,1.993305066174101,0.06118143459915612,0.03717299578059072,474,50
CCRCC,shipped,hoptimus0,random,abs,1,4,0,spot,INT22,0.9098275862068965,1.6057066581017339,1.9353049061616228,0.06126436781609195,0.028908045977011496,348,50
CCRCC,shipped,hoptimus0,random,abs,1,4,0,spot,INT23,0.8742635658914729,1.6057066581017343,2.107496479619937,0.07095607235142118,0.05478036175710594,387,50
CCRCC,shipped,hoptimus0,random,abs,1,4,0,spot,INT24,0.9074752475247524,1.6057066581017347,2.055173302724409,0.06712871287128713,0.025396039603960398,404,50
CCRCC,shipped,hoptimus0,random,abs,1,4,0,spot,INT3,0.9044791666666667,1.6057066581017332,1.9717443308389255,0.04364583333333333,0.051875,192,50
CCRCC,shipped,hoptimus0,random,abs,1,4,0,spot,INT4,0.9124031007751938,1.6057066581017332,1.9711592051569098,0.016589147286821707,0.0710077519379845,129,50
CCRCC,shipped,hoptimus0,random,abs,1,4,0,spot,INT5,0.6606315789473685,1.6057066581017332,3.917623651212903,0.27642105263157896,0.06294736842105263,95,50
CCRCC,shipped,hoptimus0,random,abs,1,4,0,spot,INT6,0.8490647482014388,1.6057066581017336,2.371202361356093,0.07712230215827338,0.07381294964028777,139,50
CCRCC,shipped,hoptimus0,random,abs,1,4,0,spot,INT7,0.8682222222222222,1.6057066581017332,2.222761715717989,0.09077777777777778,0.040999999999999995,180,50
CCRCC,shipped,hoptimus0,random,abs,1,4,0,spot,INT8,0.7845121951219513,1.6057066581017336,3.048073849729988,0.14902439024390243,0.06646341463414634,164,50
CCRCC,shipped,hoptimus0,random,abs,1,4,0,spot,INT9,0.8590361445783132,1.6057066581017332,2.2699051740523895,0.07614457831325301,0.06481927710843373,166,50
CCRCC,shipped,hoptimus0,random,abs,2,0,0,spot,INT1,0.8995061728395062,1.6045242363771632,2.1042450147044245,0.035432098765432095,0.06506172839506172,162,50
CCRCC,shipped,hoptimus0,random,abs,2,0,0,spot,INT10,0.8413846153846154,1.6045242363771635,2.5494955688354484,0.10538461538461538,0.053230769230769234,260,50
CCRCC,shipped,hoptimus0,random,abs,2,0,0,spot,INT11,0.8091836734693878,1.6045242363771635,2.702023055001125,0.10397959183673469,0.08683673469387757,196,50
CCRCC,shipped,hoptimus0,random,abs,2,0,0,spot,INT12,0.8644554455445543,1.6045242363771635,2.3026123031932086,0.06940594059405941,0.06613861386138614,202,50
CCRCC,shipped,hoptimus0,random,abs,2,0,0,spot,INT13,0.9005528455284554,1.604524236377161,2.001032357506738,0.061918699186991874,0.03752845528455285,615,50
CCRCC,shipped,hoptimus0,random,abs,2,0,0,spot,INT14,0.9374961360123648,1.6045242363771601,1.8397223785574324,0.053044822256568785,0.00945904173106646,647,50
CCRCC,shipped,hoptimus0,random,abs,2,0,0,spot,INT15,0.9211337209302326,1.6045242363771595,1.9230454468676985,0.05979651162790698,0.019069767441860463,688,50
CCRCC,shipped,hoptimus0,random,abs,2,0,0,spot,INT16,0.9260753880266076,1.6045242363771621,1.8898589759912536,0.06079822616407982,0.013126385809312637,451,50
CCRCC,shipped,hoptimus0,random,abs,2,0,0,spot,INT17,0.949927797833935,1.6045242363771615,1.7999590796749734,0.04025270758122744,0.009819494584837545,554,50
CCRCC,shipped,hoptimus0,random,abs,2,0,0,spot,INT18,0.8926912181303116,1.6045242363771592,2.0837469173161485,0.06580736543909349,0.0415014164305949,706,50
CCRCC,shipped,hoptimus0,random,abs,2,0,0,spot,INT19,0.9534123847167325,1.604524236377159,1.7735030423782516,0.04147562582345191,0.005111989459815547,759,50
CCRCC,shipped,hoptimus0,random,abs,2,0,0,spot,INT2,0.8874220963172804,1.6045242363771632,2.1316761688222257,0.07518413597733711,0.037393767705382434,353,50
CCRCC,shipped,hoptimus0,random,abs,2,0,0,spot,INT20,0.953278463648834,1.6045242363771592,1.7948130183890916,0.04071330589849108,0.006008230452674897,729,50
CCRCC,shipped,hoptimus0,random,abs,2,0,0,spot,INT21,0.9048023426061493,1.60452423637716,2.004191678887471,0.06371888726207907,0.0314787701317716,683,50
CCRCC,shipped,hoptimus0,random,abs,2,0,0,spot,INT22,0.9071052631578947,1.6045242363771615,1.9716803589308765,0.06680451127819548,0.02609022556390977,532,50
CCRCC,shipped,hoptimus0,random,abs,2,0,0,spot,INT23,0.871267217630854,1.604524236377159,2.123253257970306,0.06955922865013775,0.05917355371900826,726,50
CCRCC,shipped,hoptimus0,random,abs,2,0,0,spot,INT24,0.9037463126843658,1.60452423637716,2.0883385273230592,0.07238938053097345,0.023864306784660765,678,50
CCRCC,shipped,hoptimus0,random,abs,2,0,0,spot,INT3,0.9018666666666667,1.6045242363771635,1.9934097760382712,0.055266666666666665,0.04286666666666667,300,50
CCRCC,shipped,hoptimus0,random,abs,2,0,0,spot,INT4,0.9105,1.6045242363771635,2.0088854930453297,0.0292,0.0603,200,50
CCRCC,shipped,hoptimus0,random,abs,2,0,0,spot,INT5,0.6899019607843137,1.6045242363771632,3.554328542893033,0.26,0.05009803921568627,204,50
CCRCC,shipped,hoptimus0,random,abs,2,0,0,spot,INT6,0.8426923076923077,1.6045242363771635,2.4113138511333236,0.07300000000000001,0.0843076923076923,260,50
CCRCC,shipped,hoptimus0,random,abs,2,0,0,spot,INT7,0.868187134502924,1.6045242363771632,2.220077172825783,0.08543859649122806,0.04637426900584795,342,50
CCRCC,shipped,hoptimus0,random,abs,2,0,0,spot,INT8,0.7931320754716981,1.6045242363771632,2.8500991247602867,0.12784905660377358,0.0790188679245283,265,50
CCRCC,shipped,hoptimus0,random,abs,2,0,0,spot,INT9,0.8613934426229508,1.6045242363771635,2.2962303559248634,0.08188524590163934,0.05672131147540983,244,50
CCRCC,shipped,hoptimus0,random,abs,2,1,0,spot,INT1,0.8978343949044586,1.5960586479603394,2.08124440091609,0.03375796178343949,0.0684076433121019,157,50
CCRCC,shipped,hoptimus0,random,abs,2,1,0,spot,INT10,0.841952861952862,1.596058647960338,2.5034781417752576,0.11461279461279462,0.043434343434343436,297,50
CCRCC,shipped,hoptimus0,random,abs,2,1,0,spot,INT11,0.8064,1.5960586479603387,2.719514195519456,0.1065,0.08710000000000001,200,50
CCRCC,shipped,hoptimus0,random,abs,2,1,0,spot,INT12,0.8619905213270143,1.5960586479603385,2.286606375133466,0.055260663507109,0.08274881516587679,211,50
CCRCC,shipped,hoptimus0,random,abs,2,1,0,spot,INT13,0.8979908675799086,1.59605864796034,2.00182087506501,0.06803652968036529,0.03397260273972603,657,50
CCRCC,shipped,hoptimus0,random,abs,2,1,0,spot,INT14,0.9378683385579937,1.59605864796034,1.8175408714054098,0.05025078369905956,0.011880877742946709,638,50
CCRCC,shipped,hoptimus0,random,abs,2,1,0,spot,INT15,0.9267418899858956,1.59605864796034,1.8857234018930316,0.052524682651622,0.02073342736248237,709,50
CCRCC,shipped,hoptimus0,random,abs,2,1,0,spot,INT16,0.9267757009345794,1.596058647960339,1.8915820320624803,0.058271028037383175,0.014953271028037382,428,50
CCRCC,shipped,hoptimus0,random,abs,2,1,0,spot,INT17,0.950189393939394,1.5960586479603396,1.795026523043658,0.04246212121212121,0.007348484848484849,528,50
CCRCC,shipped,hoptimus0,random,abs,2,1,0,spot,INT18,0.8879108635097493,1.59605864796034,2.106513855023996,0.0703899721448468,0.041699164345403904,718,50
CCRCC,shipped,hoptimus0,random,abs,2,1,0,spot,INT19,0.9592647058823529,1.59605864796034,1.7458861899107376,0.03594117647058823,0.004794117647058824,680,50
CCRCC,shipped,hoptimus0,random,abs,2,1,0,spot,INT2,0.888095238095238,1.5960586479603387,2.0869598555325415,0.0664021164021164,0.045502645502645496,378,50
CCRCC,shipped,hoptimus0,random,abs,2,1,0,spot,INT20,0.9493146853146854,1.59605864796034,1.813650231009486,0.04551048951048951,0.005174825174825175,715,50
CCRCC,shipped,hoptimus0,random,abs,2,1,0,spot,INT21,0.9026308345120226,1.59605864796034,1.9920289503994661,0.06413012729844414,0.03323903818953324,707,50
CCRCC,shipped,hoptimus0,random,abs,2,1,0,spot,INT22,0.9081801801801802,1.5960586479603396,1.9478436626394062,0.06648648648648649,0.025333333333333333,555,50
CCRCC,shipped,hoptimus0,random,abs,2,1,0,spot,INT23,0.8699286733238231,1.59605864796034,2.113397361498157,0.06995720399429387,0.06011412268188303,701,50
CCRCC,shipped,hoptimus0,random,abs,2,1,0,spot,INT24,0.9072783825816485,1.59605864796034,2.0567702231340883,0.06506998444790046,0.027651632970451014,643,50
CCRCC,shipped,hoptimus0,random,abs,2,1,0,spot,INT3,0.9079354838709678,1.596058647960338,1.940117680356015,0.05367741935483871,0.03838709677419355,310,50
CCRCC,shipped,hoptimus0,random,abs,2,1,0,spot,INT4,0.908695652173913,1.5960586479603387,1.9613253640083324,0.029565217391304344,0.06173913043478261,184,50
CCRCC,shipped,hoptimus0,random,abs,2,1,0,spot,INT5,0.6583146067415729,1.5960586479603387,3.8592640675723957,0.3058426966292135,0.03584269662921349,178,50
CCRCC,shipped,hoptimus0,random,abs,2,1,0,spot,INT6,0.8468000000000001,1.596058647960338,2.360463548828821,0.0824,0.0708,250,50
CCRCC,shipped,hoptimus0,random,abs,2,1,0,spot,INT7,0.8650810810810811,1.5960586479603387,2.250427029447352,0.08286486486486487,0.05205405405405406,370,50
CCRCC,shipped,hoptimus0,random,abs,2,1,0,spot,INT8,0.7892631578947369,1.596058647960338,2.903262119846578,0.13333333333333333,0.07740350877192982,285,50
CCRCC,shipped,hoptimus0,random,abs,2,1,0,spot,INT9,0.8601556420233463,1.596058647960338,2.2397150073280323,0.07229571984435798,0.06754863813229572,257,50
CCRCC,shipped,hoptimus0,random,abs,2,2,0,spot,INT1,0.907843137254902,1.6009039321381429,1.9980995949363425,0.044183006535947714,0.047973856209150324,153,50
CCRCC,shipped,hoptimus0,random,abs,2,2,0,spot,INT10,0.8515194346289752,1.6009039321381413,2.417480373886174,0.10282685512367491,0.04565371024734982,283,50
CCRCC,shipped,hoptimus0,random,abs,2,2,0,spot,INT11,0.8108547008547009,1.6009039321381417,2.6564608300946895,0.09752136752136753,0.09162393162393162,234,50
CCRCC,shipped,hoptimus0,random,abs,2,2,0,spot,INT12,0.8621739130434782,1.600903932138142,2.2812902819937033,0.06139130434782609,0.07643478260869566,230,50
CCRCC,shipped,hoptimus0,random,abs,2,2,0,spot,INT13,0.9011631663974151,1.6009039321381424,2.004953299795829,0.06610662358642973,0.03273021001615509,619,50
CCRCC,shipped,hoptimus0,random,abs,2,2,0,spot,INT14,0.9404863221884499,1.6009039321381429,1.8141144047259816,0.05057750759878419,0.008936170212765958,658,50
CCRCC,shipped,hoptimus0,random,abs,2,2,0,spot,INT15,0.9224897400820794,1.600903932138143,1.913379121478755,0.05767441860465116,0.019835841313269494,731,50
CCRCC,shipped,hoptimus0,random,abs,2,2,0,spot,INT16,0.9216704288939052,1.600903932138142,1.9229538976531457,0.06582392776523702,0.012505643340857788,443,50
CCRCC,shipped,hoptimus0,random,abs,2,2,0,spot,INT17,0.9496062992125984,1.6009039321381422,1.8011037150162914,0.043582677165354335,0.006811023622047244,508,50
CCRCC,shipped,hoptimus0,random,abs,2,2,0,spot,INT18,0.8909006211180125,1.6009039321381424,2.096914968070453,0.06940993788819876,0.03968944099378882,644,50
CCRCC,shipped,hoptimus0,random,abs,2,2,0,spot,INT19,0.960532212885154,1.600903932138143,1.7382110859481492,0.034005602240896354,0.00546218487394958,714,50
CCRCC,shipped,hoptimus0,random,abs,2,2,0,spot,INT2,0.8954545454545455,1.6009039321381417,2.053330227955836,0.06401069518716578,0.04053475935828877,374,50
CCRCC,shipped,hoptimus0,random,abs,2,2,0,spot,INT20,0.9526694329183956,1.600903932138143,1.7955766841827074,0.0420746887966805,0.0052558782849239285,723,50
CCRCC,shipped,hoptimus0,random,abs,2,2,0,spot,INT21,0.9003947368421052,1.600903932138143,2.01104260017078,0.06423684210526316,0.03536842105263158,760,50
CCRCC,shipped,hoptimus0,random,abs,2,2,0,spot,INT22,0.911090573012939,1.6009039321381422,1.9328221263776486,0.0645841035120148,0.024325323475046214,541,50
CCRCC,shipped,hoptimus0,random,abs,2,2,0,spot,INT23,0.8666466165413534,1.6009039321381429,2.1462076370979664,0.07828571428571428,0.055067669172932335,665,50
CCRCC,shipped,hoptimus0,random,abs,2,2,0,spot,INT24,0.9037410071942447,1.6009039321381429,2.075269691459843,0.07142446043165468,0.02483453237410072,695,50
CCRCC,shipped,hoptimus0,random,abs,2,2,0,spot,INT3,0.8975886524822695,1.6009039321381413,2.0015429018991493,0.061843971631205676,0.04056737588652482,282,50
CCRCC,shipped,hoptimus0,random,abs,2,2,0,spot,INT4,0.9014925373134328,1.600903932138142,2.0191593147721267,0.022786069651741295,0.07572139303482586,201,50
CCRCC,shipped,hoptimus0,random,abs,2,2,0,spot,INT5,0.6982758620689655,1.6009039321381424,3.4020301106762667,0.2632183908045977,0.038505747126436785,174,50
CCRCC,shipped,hoptimus0,random,abs,2,2,0,spot,INT6,0.8475806451612904,1.6009039321381417,2.35452158963876,0.07725806451612903,0.07516129032258063,248,50
CCRCC,shipped,hoptimus0,random,abs,2,2,0,spot,INT7,0.8676190476190476,1.6009039321381417,2.2048067437646583,0.08560224089635854,0.04677871148459384,357,50
CCRCC,shipped,hoptimus0,random,abs,2,2,0,spot,INT8,0.7807067137809187,1.6009039321381417,2.8844912908644194,0.13830388692579507,0.08098939929328623,283,50
CCRCC,shipped,hoptimus0,random,abs,2,2,0,spot,INT9,0.8533898305084746,1.6009039321381417,2.349625661027806,0.08127118644067796,0.06533898305084745,236,50
CCRCC,shipped,hoptimus0,random,abs,2,3,0,spot,INT1,0.9026315789473683,1.6036394215059067,2.027089857259157,0.04092105263157895,0.05644736842105263,152,50
CCRCC,shipped,hoptimus0,random,abs,2,3,0,spot,INT10,0.8265949820788531,1.6036394215059062,2.6029655065424286,0.12164874551971326,0.051756272401433684,279,50
CCRCC,shipped,hoptimus0,random,abs,2,3,0,spot,INT11,0.8038095238095238,1.6036394215059064,2.780473116105652,0.11485714285714285,0.08133333333333333,210,50
CCRCC,shipped,hoptimus0,random,abs,2,3,0,spot,INT12,0.8606796116504855,1.6036394215059064,2.272883993483554,0.069126213592233,0.07019417475728155,206,50
CCRCC,shipped,hoptimus0,random,abs,2,3,0,spot,INT13,0.8973693693693694,1.6036394215059047,2.0283461326903183,0.06789189189189189,0.03473873873873874,555,50
CCRCC,shipped,hoptimus0,random,abs,2,3,0,spot,INT14,0.9388923076923077,1.603639421505903,1.8271884726674825,0.05163076923076924,0.009476923076923077,650,50
CCRCC,shipped,hoptimus0,random,abs,2,3,0,spot,INT15,0.9235342465753424,1.6036394215059024,1.915977025854758,0.05901369863013699,0.017452054794520548,730,50
CCRCC,shipped,hoptimus0,random,abs,2,3,0,spot,INT16,0.9292077087794433,1.603639421505906,1.877788312723254,0.05725910064239828,0.013533190578158459,467,50
CCRCC,shipped,hoptimus0,random,abs,2,3,0,spot,INT17,0.9469709543568464,1.6036394215059055,1.8249142274834025,0.04605809128630705,0.006970954356846473,482,50
CCRCC,shipped,hoptimus0,random,abs,2,3,0,spot,INT18,0.8909190672153635,1.6036394215059024,2.112076462393255,0.07053497942386831,0.03854595336076818,729,50
CCRCC,shipped,hoptimus0,random,abs,2,3,0,spot,INT19,0.9602244039270686,1.6036394215059024,1.7485283212194196,0.0344179523141655,0.005357643758765778,713,50
CCRCC,shipped,hoptimus0,random,abs,2,3,0,spot,INT2,0.8956403269754769,1.6036394215059067,2.089090921891467,0.06937329700272479,0.03498637602179837,367,50
CCRCC,shipped,hoptimus0,random,abs,2,3,0,spot,INT20,0.9494679399727148,1.6036394215059024,1.821482352572049,0.04455661664392906,0.00597544338335607,733,50
CCRCC,shipped,hoptimus0,random,abs,2,3,0,spot,INT21,0.900804289544236,1.6036394215059024,2.005532590438316,0.06691689008042895,0.03227882037533512,746,50
CCRCC,shipped,hoptimus0,random,abs,2,3,0,spot,INT22,0.9089087656529518,1.6036394215059047,1.9420466781380807,0.06454382826475849,0.026547406082289803,559,50
CCRCC,shipped,hoptimus0,random,abs,2,3,0,spot,INT23,0.8680706921944035,1.6036394215059027,2.1637434946885428,0.07726067746686303,0.05466863033873343,679,50
CCRCC,shipped,hoptimus0,random,abs,2,3,0,spot,INT24,0.9046788990825688,1.603639421505903,2.0700005616464394,0.06926605504587155,0.026055045871559632,654,50
CCRCC,shipped,hoptimus0,random,abs,2,3,0,spot,INT3,0.9048504983388704,1.6036394215059064,1.9579494790793013,0.04903654485049833,0.046112956810631225,301,50
CCRCC,shipped,hoptimus0,random,abs,2,3,0,spot,INT4,0.9150253807106599,1.6036394215059064,1.980026359970492,0.025583756345177667,0.05939086294416244,197,50
CCRCC,shipped,hoptimus0,random,abs,2,3,0,spot,INT5,0.6738011695906433,1.6036394215059064,3.792552143589912,0.29005847953216374,0.03614035087719298,171,50
CCRCC,shipped,hoptimus0,random,abs,2,3,0,spot,INT6,0.8481422924901186,1.6036394215059064,2.364943498701105,0.08640316205533596,0.06545454545454546,253,50
CCRCC,shipped,hoptimus0,random,abs,2,3,0,spot,INT7,0.8615343915343915,1.6036394215059064,2.272919492196437,0.08994708994708994,0.04851851851851851,378,50
CCRCC,shipped,hoptimus0,random,abs,2,3,0,spot,INT8,0.7819397993311037,1.6036394215059062,2.9347640181624457,0.14963210702341137,0.06842809364548495,299,50
CCRCC,shipped,hoptimus0,random,abs,2,3,0,spot,INT9,0.8688617886178862,1.6036394215059064,2.237849480773574,0.06373983739837398,0.06739837398373984,246,50
CCRCC,shipped,hoptimus0,random,abs,2,4,0,spot,INT1,0.9056578947368421,1.6009443606224576,2.0069588854045395,0.03631578947368421,0.05802631578947368,152,50
CCRCC,shipped,hoptimus0,random,abs,2,4,0,spot,INT10,0.8298648648648649,1.6009443606224567,2.5379431618789705,0.1152027027027027,0.054932432432432426,296,50
CCRCC,shipped,hoptimus0,random,abs,2,4,0,spot,INT11,0.812135922330097,1.6009443606224574,2.621618205448667,0.0912621359223301,0.0966019417475728,206,50
CCRCC,shipped,hoptimus0,random,abs,2,4,0,spot,INT12,0.8617475728155339,1.6009443606224574,2.281792476859835,0.06310679611650485,0.07514563106796117,206,50
CCRCC,shipped,hoptimus0,random,abs,2,4,0,spot,INT13,0.9007540983606558,1.6009443606224583,1.9920654742124473,0.06875409836065574,0.03049180327868852,610,50
CCRCC,shipped,hoptimus0,random,abs,2,4,0,spot,INT14,0.94,1.6009443606224583,1.8256055096861943,0.050816640986132505,0.009183359013867487,649,50
CCRCC,shipped,hoptimus0,random,abs,2,4,0,spot,INT15,0.9232098765432099,1.6009443606224574,1.9131898085850123,0.05698216735253772,0.0198079561042524,729,50
CCRCC,shipped,hoptimus0,random,abs,2,4,0,spot,INT16,0.9263453815261045,1.6009443606224574,1.9122108189362275,0.06136546184738956,0.012289156626506023,498,50
CCRCC,shipped,hoptimus0,random,abs,2,4,0,spot,INT17,0.9462288930581613,1.6009443606224576,1.828004149195198,0.04480300187617261,0.00896810506566604,533,50
CCRCC,shipped,hoptimus0,random,abs,2,4,0,spot,INT18,0.891728212703102,1.6009443606224578,2.104078233057213,0.06800590841949779,0.04026587887740029,677,50
CCRCC,shipped,hoptimus0,random,abs,2,4,0,spot,INT19,0.9562962962962963,1.6009443606224578,1.7560448437245555,0.037896296296296296,0.005807407407407408,675,50
CCRCC,shipped,hoptimus0,random,abs,2,4,0,spot,INT2,0.8943734015345268,1.6009443606224572,2.0667099312587474,0.0649616368286445,0.040664961636828645,391,50
CCRCC,shipped,hoptimus0,random,abs,2,4,0,spot,INT20,0.9499856938483547,1.6009443606224576,1.809293082173268,0.045121602288984264,0.004892703862660944,699,50
CCRCC,shipped,hoptimus0,random,abs,2,4,0,spot,INT21,0.9044252873563218,1.6009443606224576,1.993378137734038,0.06313218390804598,0.032442528735632185,696,50
CCRCC,shipped,hoptimus0,random,abs,2,4,0,spot,INT22,0.9102310231023103,1.6009443606224583,1.9391836010264654,0.062376237623762376,0.027392739273927394,606,50
CCRCC,shipped,hoptimus0,random,abs,2,4,0,spot,INT23,0.8715027322404372,1.6009443606224574,2.0991538057868406,0.07314207650273225,0.0553551912568306,732,50
CCRCC,shipped,hoptimus0,random,abs,2,4,0,spot,INT24,0.9067605633802818,1.6009443606224583,2.053580919448096,0.06610328638497653,0.027136150234741786,639,50
CCRCC,shipped,hoptimus0,random,abs,2,4,0,spot,INT3,0.897056603773585,1.6009443606224572,2.0271614027769123,0.06150943396226415,0.04143396226415094,265,50
CCRCC,shipped,hoptimus0,random,abs,2,4,0,spot,INT4,0.903578947368421,1.6009443606224574,2.011684522936244,0.034736842105263156,0.061684210526315786,190,50
CCRCC,shipped,hoptimus0,random,abs,2,4,0,spot,INT5,0.6495238095238095,1.6009443606224576,4.007657144503851,0.30833333333333335,0.04214285714285714,168,50
CCRCC,shipped,hoptimus0,random,abs,2,4,0,spot,INT6,0.8605645161290323,1.6009443606224572,2.275988742570756,0.0792741935483871,0.06016129032258065,248,50
CCRCC,shipped,hoptimus0,random,abs,2,4,0,spot,INT7,0.8540509915014164,1.6009443606224567,2.2956083197050337,0.0876487252124646,0.058300283286118984,353,50
CCRCC,shipped,hoptimus0,random,abs,2,4,0,spot,INT8,0.7999303135888503,1.6009443606224567,2.73147722099987,0.11456445993031358,0.08550522648083624,287,50
CCRCC,shipped,hoptimus0,random,abs,2,4,0,spot,INT9,0.8567330677290836,1.6009443606224572,2.310857786679983,0.07298804780876494,0.0702788844621514,251,50
CCRCC,shipped,hoptimus0,random,abs,3,0,0,spot,INT1,0.9036,1.6089908203533267,2.118310654998205,0.0386,0.057800000000000004,100,50
CCRCC,shipped,hoptimus0,random,abs,3,0,0,spot,INT10,0.8265365853658537,1.6089908203533267,2.699223801167469,0.1177560975609756,0.05570731707317074,205,50
CCRCC,shipped,hoptimus0,random,abs,3,0,0,spot,INT11,0.82,1.6089908203533267,2.6387725413644096,0.09640287769784173,0.08359712230215827,139,50
CCRCC,shipped,hoptimus0,random,abs,3,0,0,spot,INT12,0.8598373983739838,1.6089908203533267,2.3006831660109865,0.07040650406504065,0.06975609756097562,123,50
CCRCC,shipped,hoptimus0,random,abs,3,0,0,spot,INT13,0.9004878048780488,1.6089908203533267,2.0432858131610545,0.06580487804878049,0.033707317073170734,410,50
CCRCC,shipped,hoptimus0,random,abs,3,0,0,spot,INT14,0.9410126582278481,1.6089908203533272,1.822261272717632,0.04856540084388186,0.010421940928270042,474,50
CCRCC,shipped,hoptimus0,random,abs,3,0,0,spot,INT15,0.9234,1.608990820353327,1.9164896116278494,0.05704,0.01956,500,50
CCRCC,shipped,hoptimus0,random,abs,3,0,0,spot,INT16,0.9263973063973064,1.6089908203533263,1.89566541807389,0.059528619528619535,0.014074074074074074,297,50
CCRCC,shipped,hoptimus0,random,abs,3,0,0,spot,INT17,0.9517919075144509,1.6089908203533267,1.7887432191148178,0.04109826589595376,0.007109826589595376,346,50
CCRCC,shipped,hoptimus0,random,abs,3,0,0,spot,INT18,0.890734693877551,1.608990820353327,2.0921255995446786,0.07012244897959183,0.03914285714285714,490,50
CCRCC,shipped,hoptimus0,random,abs,3,0,0,spot,INT19,0.9599582463465554,1.6089908203533272,1.7474418993310883,0.03453027139874739,0.005511482254697286,479,50
CCRCC,shipped,hoptimus0,random,abs,3,0,0,spot,INT2,0.8966115702479338,1.6089908203533263,2.072867371577878,0.06776859504132232,0.0356198347107438,242,50
CCRCC,shipped,hoptimus0,random,abs,3,0,0,spot,INT20,0.9526057906458797,1.608990820353327,1.811315767080433,0.040712694877505576,0.0066815144766146995,449,50
CCRCC,shipped,hoptimus0,random,abs,3,0,0,spot,INT21,0.8996326530612245,1.6089908203533272,2.0135537259925327,0.06608163265306122,0.03428571428571428,490,50
CCRCC,shipped,hoptimus0,random,abs,3,0,0,spot,INT22,0.9069688385269121,1.6089908203533267,1.9633478814416327,0.06770538243626062,0.025325779036827197,353,50
CCRCC,shipped,hoptimus0,random,abs,3,0,0,spot,INT23,0.868344671201814,1.608990820353327,2.149991164691964,0.07419501133786847,0.05746031746031746,441,50
CCRCC,shipped,hoptimus0,random,abs,3,0,0,spot,INT24,0.9105411764705882,1.608990820353327,2.0381628779795466,0.06367058823529412,0.025788235294117647,425,50
CCRCC,shipped,hoptimus0,random,abs,3,0,0,spot,INT3,0.9116129032258065,1.6089908203533267,1.945965883016197,0.04731182795698925,0.0410752688172043,186,50
CCRCC,shipped,hoptimus0,random,abs,3,0,0,spot,INT4,0.9046616541353383,1.6089908203533267,2.028106961152404,0.026015037593984963,0.06932330827067669,133,50
CCRCC,shipped,hoptimus0,random,abs,3,0,0,spot,INT5,0.6688288288288288,1.6089908203533267,4.125061228323629,0.2664864864864865,0.06468468468468468,111,50
CCRCC,shipped,hoptimus0,random,abs,3,0,0,spot,INT6,0.8525714285714285,1.6089908203533267,2.3541096946959623,0.0776,0.06982857142857143,175,50
CCRCC,shipped,hoptimus0,random,abs,3,0,0,spot,INT7,0.8755357142857143,1.6089908203533263,2.1725539248379153,0.07758928571428571,0.046875,224,50
CCRCC,shipped,hoptimus0,random,abs,3,0,0,spot,INT8,0.8069364161849711,1.6089908203533267,2.623135721391137,0.10901734104046243,0.08404624277456647,173,50
CCRCC,shipped,hoptimus0,random,abs,3,0,0,spot,INT9,0.8630573248407643,1.6089908203533267,2.3336248766454437,0.06904458598726115,0.06789808917197453,157,50
CCRCC,shipped,hoptimus0,random,abs,3,1,0,spot,INT1,0.9101754385964912,1.60044940334103,1.9956027475575453,0.03631578947368421,0.053508771929824554,114,50
CCRCC,shipped,hoptimus0,random,abs,3,1,0,spot,INT10,0.8423529411764705,1.6004494033410304,2.4194010960981083,0.10009803921568627,0.05754901960784314,204,50
CCRCC,shipped,hoptimus0,random,abs,3,1,0,spot,INT11,0.7920610687022901,1.60044940334103,2.8799847408715835,0.12748091603053435,0.08045801526717558,131,50
CCRCC,shipped,hoptimus0,random,abs,3,1,0,spot,INT12,0.8694964028776978,1.60044940334103,2.235758490902475,0.05381294964028777,0.07669064748201439,139,50
CCRCC,shipped,hoptimus0,random,abs,3,1,0,spot,INT13,0.8967142857142858,1.6004494033410293,2.025986568867164,0.07252380952380952,0.030761904761904765,420,50
CCRCC,shipped,hoptimus0,random,abs,3,1,0,spot,INT14,0.9371495327102803,1.6004494033410293,1.8351530658613373,0.05327102803738318,0.009579439252336447,428,50
CCRCC,shipped,hoptimus0,random,abs,3,1,0,spot,INT15,0.923644251626898,1.6004494033410293,1.9227381976959987,0.05783080260303688,0.018524945770065075,461,50
CCRCC,shipped,hoptimus0,random,abs,3,1,0,spot,INT16,0.929261744966443,1.6004494033410301,1.887400227066973,0.0587248322147651,0.012013422818791945,298,50
CCRCC,shipped,hoptimus0,random,abs,3,1,0,spot,INT17,0.9475595238095238,1.60044940334103,1.8147773931459994,0.04369047619047619,0.00875,336,50
CCRCC,shipped,hoptimus0,random,abs,3,1,0,spot,INT18,0.8936687631027254,1.6004494033410293,2.0772290107604174,0.0659958071278826,0.04033542976939203,477,50
CCRCC,shipped,hoptimus0,random,abs,3,1,0,spot,INT19,0.9517372881355932,1.6004494033410293,1.7760540683352921,0.04093220338983051,0.007330508474576272,472,50
CCRCC,shipped,hoptimus0,random,abs,3,1,0,spot,INT2,0.8904526748971193,1.6004494033410304,2.0936744880571583,0.07102880658436214,0.03851851851851852,243,50
CCRCC,shipped,hoptimus0,random,abs,3,1,0,spot,INT20,0.9540976645435244,1.6004494033410293,1.789249791558313,0.04080679405520169,0.005095541401273885,471,50
CCRCC,shipped,hoptimus0,random,abs,3,1,0,spot,INT21,0.904431137724551,1.6004494033410293,1.9787953616336167,0.06211576846307385,0.03345309381237525,501,50
CCRCC,shipped,hoptimus0,random,abs,3,1,0,spot,INT22,0.9028108108108108,1.6004494033410297,1.9675760603832928,0.06972972972972974,0.027459459459459462,370,50
CCRCC,shipped,hoptimus0,random,abs,3,1,0,spot,INT23,0.8720842105263158,1.6004494033410293,2.104784719931481,0.07284210526315789,0.055073684210526316,475,50
CCRCC,shipped,hoptimus0,random,abs,3,1,0,spot,INT24,0.9104566210045663,1.6004494033410293,2.0376534096964702,0.06319634703196346,0.02634703196347032,438,50
CCRCC,shipped,hoptimus0,random,abs,3,1,0,spot,INT3,0.8901675977653631,1.6004494033410301,2.080359441754868,0.07217877094972067,0.037653631284916195,179,50
CCRCC,shipped,hoptimus0,random,abs,3,1,0,spot,INT4,0.9056692913385826,1.60044940334103,1.9916327592724028,0.027086614173228347,0.06724409448818897,127,50
CCRCC,shipped,hoptimus0,random,abs,3,1,0,spot,INT5,0.7060344827586207,1.60044940334103,3.3649427138685892,0.2574137931034483,0.036551724137931035,116,50
CCRCC,shipped,hoptimus0,random,abs,3,1,0,spot,INT6,0.8563636363636364,1.6004494033410301,2.296799214239121,0.07442424242424242,0.06921212121212121,165,50
CCRCC,shipped,hoptimus0,random,abs,3,1,0,spot,INT7,0.8686111111111111,1.6004494033410304,2.2076537925065964,0.07564814814814814,0.055740740740740743,216,50
CCRCC,shipped,hoptimus0,random,abs,3,1,0,spot,INT8,0.8022459893048128,1.6004494033410301,2.674392730639841,0.11529411764705882,0.08245989304812834,187,50
CCRCC,shipped,hoptimus0,random,abs,3,1,0,spot,INT9,0.8583116883116882,1.6004494033410301,2.3027306222805226,0.07688311688311689,0.06480519480519481,154,50
CCRCC,shipped,hoptimus0,random,abs,3,2,0,spot,INT1,0.9134579439252336,1.6001138585323116,1.973762450710084,0.0405607476635514,0.045981308411214956,107,50
CCRCC,shipped,hoptimus0,random,abs,3,2,0,spot,INT10,0.8389130434782609,1.6001138585323116,2.539037278851381,0.11619565217391305,0.04489130434782609,184,50
CCRCC,shipped,hoptimus0,random,abs,3,2,0,spot,INT11,0.7861146496815288,1.6001138585323116,2.8924593309989484,0.13019108280254776,0.08369426751592357,157,50
CCRCC,shipped,hoptimus0,random,abs,3,2,0,spot,INT12,0.8708474576271186,1.6001138585323116,2.197236222503429,0.06084745762711864,0.06830508474576272,118,50
CCRCC,shipped,hoptimus0,random,abs,3,2,0,spot,INT13,0.9005275779376498,1.6001138585323107,2.0039419601422783,0.060479616306954434,0.03899280575539568,417,50
CCRCC,shipped,hoptimus0,random,abs,3,2,0,spot,INT14,0.9385648148148148,1.6001138585323105,1.8128976024281105,0.049027777777777774,0.012407407407407407,432,50
CCRCC,shipped,hoptimus0,random,abs,3,2,0,spot,INT15,0.9298556701030928,1.6001138585323105,1.875732224379145,0.048453608247422675,0.021690721649484535,485,50
CCRCC,shipped,hoptimus0,random,abs,3,2,0,spot,INT16,0.9321846153846154,1.6001138585323107,1.8628451627501077,0.056615384615384616,0.011200000000000002,325,50
CCRCC,shipped,hoptimus0,random,abs,3,2,0,spot,INT17,0.9464935064935065,1.6001138585323111,1.813778512318234,0.04512987012987013,0.008376623376623376,308,50
CCRCC,shipped,hoptimus0,random,abs,3,2,0,spot,INT18,0.8927835051546391,1.6001138585323105,2.095755542762922,0.06977319587628866,0.03744329896907216,485,50
CCRCC,shipped,hoptimus0,random,abs,3,2,0,spot,INT19,0.9572807017543861,1.6001138585323105,1.7514382949344391,0.03631578947368421,0.006403508771929824,456,50
CCRCC,shipped,hoptimus0,random,abs,3,2,0,spot,INT2,0.8904424778761062,1.6001138585323114,2.0777283600465593,0.06637168141592921,0.04318584070796461,226,50
CCRCC,shipped,hoptimus0,random,abs,3,2,0,spot,INT20,0.9500411522633745,1.6001138585323105,1.8307626078644745,0.0442798353909465,0.005679012345679012,486,50
CCRCC,shipped,hoptimus0,random,abs,3,2,0,spot,INT21,0.9,1.6001138585323105,2.0162583798675113,0.06696673189823875,0.03303326810176125,511,50
CCRCC,shipped,hoptimus0,random,abs,3,2,0,spot,INT22,0.9043315508021391,1.6001138585323107,1.9754999205773769,0.07005347593582888,0.025614973262032086,374,50
CCRCC,shipped,hoptimus0,random,abs,3,2,0,spot,INT23,0.8706206896551724,1.6001138585323105,2.1421474138419705,0.07673563218390805,0.05264367816091954,435,50
CCRCC,shipped,hoptimus0,random,abs,3,2,0,spot,INT24,0.9076537585421413,1.6001138585323105,2.069008242009158,0.07093394077448748,0.0214123006833713,439,50
CCRCC,shipped,hoptimus0,random,abs,3,2,0,spot,INT3,0.9029032258064517,1.6001138585323116,1.9898338104677364,0.0589247311827957,0.03817204301075269,186,50
CCRCC,shipped,hoptimus0,random,abs,3,2,0,spot,INT4,0.902686567164179,1.6001138585323116,2.075566481901157,0.026119402985074626,0.07119402985074626,134,50
CCRCC,shipped,hoptimus0,random,abs,3,2,0,spot,INT5,0.62,1.6001138585323116,4.503930946716727,0.32037735849056603,0.059622641509433964,106,50
CCRCC,shipped,hoptimus0,random,abs,3,2,0,spot,INT6,0.8492993630573248,1.6001138585323116,2.345197217974396,0.07923566878980892,0.07146496815286624,157,50
CCRCC,shipped,hoptimus0,random,abs,3,2,0,spot,INT7,0.8680168776371308,1.6001138585323114,2.219814323380277,0.0889451476793249,0.043037974683544304,237,50
CCRCC,shipped,hoptimus0,random,abs,3,2,0,spot,INT8,0.7893877551020408,1.6001138585323116,2.9669666363204237,0.14173469387755103,0.06887755102040816,196,50
CCRCC,shipped,hoptimus0,random,abs,3,2,0,spot,INT9,0.8673291925465838,1.6001138585323116,2.2764171210275292,0.07291925465838509,0.059751552795031054,161,50
CCRCC,shipped,hoptimus0,random,abs,3,3,0,spot,INT1,0.8960000000000001,1.6101656524617303,2.0844168268066485,0.037636363636363634,0.06636363636363636,110,50
CCRCC,shipped,hoptimus0,random,abs,3,3,0,spot,INT10,0.8189473684210526,1.6101656524617303,2.68332379532241,0.12063157894736841,0.06042105263157895,190,50
CCRCC,shipped,hoptimus0,random,abs,3,3,0,spot,INT11,0.8031932773109244,1.6101656524617303,2.8277925737124354,0.11260504201680671,0.08420168067226891,119,50
CCRCC,shipped,hoptimus0,random,abs,3,3,0,spot,INT12,0.8748905109489051,1.6101656524617303,2.2187510652466433,0.06525547445255475,0.059854014598540145,137,50
CCRCC,shipped,hoptimus0,random,abs,3,3,0,spot,INT13,0.9024770642201836,1.6101656524617312,2.015234650307506,0.06559633027522936,0.03192660550458716,436,50
CCRCC,shipped,hoptimus0,random,abs,3,3,0,spot,INT14,0.9398620689655172,1.6101656524617312,1.8284154983350651,0.05172413793103448,0.008413793103448275,435,50
CCRCC,shipped,hoptimus0,random,abs,3,3,0,spot,INT15,0.9224166666666666,1.6101656524617314,1.9186399962836307,0.057958333333333334,0.019625,480,50
CCRCC,shipped,hoptimus0,random,abs,3,3,0,spot,INT16,0.9325301204819277,1.6101656524617305,1.8830389694098715,0.05373493975903615,0.013734939759036145,332,50
CCRCC,shipped,hoptimus0,random,abs,3,3,0,spot,INT17,0.9474303405572755,1.6101656524617305,1.8297524937672707,0.04495356037151703,0.007616099071207431,323,50
CCRCC,shipped,hoptimus0,random,abs,3,3,0,spot,INT18,0.9004237288135593,1.6101656524617314,2.0513954624413313,0.06050847457627118,0.039067796610169486,472,50
CCRCC,shipped,hoptimus0,random,abs,3,3,0,spot,INT19,0.9574291938997821,1.6101656524617314,1.7651250153945477,0.037037037037037035,0.005533769063180828,459,50
CCRCC,shipped,hoptimus0,random,abs,3,3,0,spot,INT2,0.8976623376623377,1.61016565246173,2.06367701550545,0.06606060606060607,0.036277056277056276,231,50
CCRCC,shipped,hoptimus0,random,abs,3,3,0,spot,INT20,0.9532150776053215,1.6101656524617314,1.8145198610221553,0.04177383592017739,0.005011086474501108,451,50
CCRCC,shipped,hoptimus0,random,abs,3,3,0,spot,INT21,0.9060642570281126,1.6101656524617314,1.9964509804894062,0.06048192771084337,0.03345381526104418,498,50
CCRCC,shipped,hoptimus0,random,abs,3,3,0,spot,INT22,0.9114857142857143,1.610165652461731,1.9466376582794183,0.06537142857142858,0.023142857142857146,350,50
CCRCC,shipped,hoptimus0,random,abs,3,3,0,spot,INT23,0.8712896405919662,1.6101656524617314,2.128298296992755,0.07501057082452431,0.05369978858350951,473,50
CCRCC,shipped,hoptimus0,random,abs,3,3,0,spot,INT24,0.9050839328537169,1.6101656524617312,2.0762419252590094,0.06700239808153477,0.027913669064748202,417,50
CCRCC,shipped,hoptimus0,random,abs,3,3,0,spot,INT3,0.9074885844748859,1.6101656524617303,1.9797157387075939,0.05251141552511415,0.04,219,50
CCRCC,shipped,hoptimus0,random,abs,3,3,0,spot,INT4,0.9027160493827161,1.6101656524617303,2.067141491032304,0.03160493827160494,0.06567901234567901,162,50
CCRCC,shipped,hoptimus0,random,abs,3,3,0,spot,INT5,0.7094017094017094,1.6101656524617303,3.491555040445497,0.24222222222222223,0.04837606837606838,117,50
CCRCC,shipped,hoptimus0,random,abs,3,3,0,spot,INT6,0.8545205479452055,1.6101656524617305,2.313141539999952,0.07191780821917808,0.07356164383561643,146,50
CCRCC,shipped,hoptimus0,random,abs,3,3,0,spot,INT7,0.8630379746835444,1.61016565246173,2.2646916371291765,0.08767932489451477,0.04928270042194093,237,50
CCRCC,shipped,hoptimus0,random,abs,3,3,0,spot,INT8,0.8129032258064517,1.6101656524617303,2.651694511574988,0.10483870967741936,0.08225806451612903,186,50
CCRCC,shipped,hoptimus0,random,abs,3,3,0,spot,INT9,0.8645070422535212,1.6101656524617305,2.292667273516949,0.0752112676056338,0.06028169014084507,142,50
CCRCC,shipped,hoptimus0,random,abs,3,4,0,spot,INT1,0.8906666666666666,1.6046317575967222,2.1730658463652692,0.03942857142857143,0.0699047619047619,105,50
CCRCC,shipped,hoptimus0,random,abs,3,4,0,spot,INT10,0.8189189189189189,1.6046317575967222,2.63804845181048,0.12875675675675677,0.05232432432432432,185,50
CCRCC,shipped,hoptimus0,random,abs,3,4,0,spot,INT11,0.80640625,1.6046317575967222,2.8203866606840675,0.09484375,0.09875,128,50
CCRCC,shipped,hoptimus0,random,abs,3,4,0,spot,INT12,0.8695833333333333,1.6046317575967222,2.2441233473178106,0.06472222222222222,0.06569444444444444,144,50
CCRCC,shipped,hoptimus0,random,abs,3,4,0,spot,INT13,0.8955924170616113,1.6046317575967197,2.0626787511064406,0.06957345971563982,0.034834123222748814,422,50
CCRCC,shipped,hoptimus0,random,abs,3,4,0,spot,INT14,0.9405393258426966,1.6046317575967195,1.8212335455090525,0.05029213483146067,0.009168539325842696,445,50
CCRCC,shipped,hoptimus0,random,abs,3,4,0,spot,INT15,0.925929018789144,1.6046317575967188,1.887601662942956,0.05277661795407098,0.02129436325678497,479,50
CCRCC,shipped,hoptimus0,random,abs,3,4,0,spot,INT16,0.9292307692307692,1.6046317575967217,1.8826710717623336,0.054230769230769235,0.01653846153846154,312,50
CCRCC,shipped,hoptimus0,random,abs,3,4,0,spot,INT17,0.946449864498645,1.6046317575967208,1.823102433680338,0.0467750677506775,0.006775067750677507,369,50
CCRCC,shipped,hoptimus0,random,abs,3,4,0,spot,INT18,0.8864224137931035,1.604631757596719,2.1564429964959633,0.07267241379310345,0.04090517241379311,464,50
CCRCC,shipped,hoptimus0,random,abs,3,4,0,spot,INT19,0.9543153526970954,1.6046317575967188,1.7651010778045317,0.039709543568464734,0.005975103734439834,482,50
CCRCC,shipped,hoptimus0,random,abs,3,4,0,spot,INT2,0.9009090909090909,1.6046317575967222,2.0414140605187363,0.051983471074380165,0.047107438016528926,242,50
CCRCC,shipped,hoptimus0,random,abs,3,4,0,spot,INT20,0.9537787056367432,1.6046317575967188,1.8000475499550177,0.041837160751565766,0.004384133611691023,479,50
CCRCC,shipped,hoptimus0,random,abs,3,4,0,spot,INT21,0.9002816901408451,1.6046317575967197,2.014093015977779,0.0695774647887324,0.030140845070422535,426,50
CCRCC,shipped,hoptimus0,random,abs,3,4,0,spot,INT22,0.9062637362637364,1.6046317575967208,1.9538602898749666,0.06626373626373627,0.027472527472527472,364,50
CCRCC,shipped,hoptimus0,random,abs,3,4,0,spot,INT23,0.8740723981900453,1.6046317575967195,2.1195600130498358,0.06737556561085972,0.05855203619909503,442,50
CCRCC,shipped,hoptimus0,random,abs,3,4,0,spot,INT24,0.9134754797441365,1.604631757596719,2.0342023563543368,0.06187633262260128,0.02464818763326226,469,50
CCRCC,shipped,hoptimus0,random,abs,3,4,0,spot,INT3,0.9053658536585365,1.6046317575967222,1.9884699096202296,0.053268292682926835,0.04136585365853659,205,50
CCRCC,shipped,hoptimus0,random,abs,3,4,0,spot,INT4,0.9044444444444444,1.6046317575967222,2.025659089820357,0.022857142857142857,0.07269841269841269,126,50
CCRCC,shipped,hoptimus0,random,abs,3,4,0,spot,INT5,0.6458620689655173,1.6046317575967222,4.191175590485635,0.31551724137931036,0.038620689655172416,116,50
CCRCC,shipped,hoptimus0,random,abs,3,4,0,spot,INT6,0.8458571428571429,1.6046317575967222,2.35544394959307,0.08442857142857144,0.06971428571428571,140,50
CCRCC,shipped,hoptimus0,random,abs,3,4,0,spot,INT7,0.8671861471861472,1.6046317575967222,2.214165736109264,0.08623376623376623,0.04658008658008658,231,50
CCRCC,shipped,hoptimus0,random,abs,3,4,0,spot,INT8,0.792258064516129,1.6046317575967222,2.7192409082322717,0.11451612903225807,0.0932258064516129,186,50
CCRCC,shipped,hoptimus0,random,abs,3,4,0,spot,INT9,0.851055900621118,1.6046317575967222,2.3847181965894264,0.08347826086956521,0.06546583850931677,161,50
CCRCC,shipped,hoptimus0,random,abs,4,0,0,spot,INT1,0.8978899082568808,1.6039566239224528,2.060449695325764,0.04394495412844037,0.058165137614678904,218,50
CCRCC,shipped,hoptimus0,random,abs,4,0,0,spot,INT10,0.8354479418886198,1.6039566239224539,2.5253974199521707,0.11423728813559322,0.05031476997578692,413,50
CCRCC,shipped,hoptimus0,random,abs,4,0,0,spot,INT11,0.8100946372239747,1.603956623922453,2.6438016706345273,0.09255520504731861,0.09735015772870663,317,50
CCRCC,shipped,hoptimus0,random,abs,4,0,0,spot,INT12,0.8671812080536913,1.6039566239224528,2.2527356977434403,0.062483221476510066,0.07033557046979866,298,50
CCRCC,shipped,hoptimus0,random,abs,4,0,0,spot,INT13,0.8983193277310925,1.6039566239224525,2.0100954066562036,0.06595438175270109,0.03572629051620648,833,50
CCRCC,shipped,hoptimus0,random,abs,4,0,0,spot,INT14,0.9381818181818181,1.6039566239224519,1.8289583305834385,0.052350332594235036,0.009467849223946785,902,50
CCRCC,shipped,hoptimus0,random,abs,4,0,0,spot,INT15,0.9252547452547453,1.6039566239224512,1.8927598946452953,0.05406593406593407,0.020679320679320677,1001,50
CCRCC,shipped,hoptimus0,random,abs,4,0,0,spot,INT16,0.930284757118928,1.603956623922454,1.8758941644342673,0.055812395309882745,0.013902847571189281,597,50
CCRCC,shipped,hoptimus0,random,abs,4,0,0,spot,INT17,0.949438202247191,1.6039566239224536,1.8027962995230498,0.04452247191011236,0.006039325842696629,712,50
CCRCC,shipped,hoptimus0,random,abs,4,0,0,spot,INT18,0.8868559837728195,1.6039566239224512,2.131227694439577,0.06910750507099392,0.04403651115618661,986,50
CCRCC,shipped,hoptimus0,random,abs,4,0,0,spot,INT19,0.9586150712830956,1.6039566239224512,1.7465222064935393,0.03529531568228106,0.006089613034623218,982,50
CCRCC,shipped,hoptimus0,random,abs,4,0,0,spot,INT2,0.891812865497076,1.6039566239224539,2.076477682507239,0.06705653021442495,0.041130604288499024,513,50
CCRCC,shipped,hoptimus0,random,abs,4,0,0,spot,INT20,0.952704280155642,1.603956623922451,1.803323335109796,0.04245136186770428,0.004844357976653697,1028,50
CCRCC,shipped,hoptimus0,random,abs,4,0,0,spot,INT21,0.9029120323559151,1.6039566239224512,1.988261583233707,0.06543983822042466,0.031648129423660264,989,50
CCRCC,shipped,hoptimus0,random,abs,4,0,0,spot,INT22,0.910402075226978,1.603956623922453,1.9574536185924807,0.06671854734111543,0.022879377431906614,771,50
CCRCC,shipped,hoptimus0,random,abs,4,0,0,spot,INT23,0.8735744680851064,1.6039566239224519,2.111093935649562,0.07314893617021276,0.053276595744680855,940,50
CCRCC,shipped,hoptimus0,random,abs,4,0,0,spot,INT24,0.9096171171171171,1.603956623922452,2.0466615336900524,0.0638963963963964,0.026486486486486487,888,50
CCRCC,shipped,hoptimus0,random,abs,4,0,0,spot,INT3,0.9017199017199018,1.6039566239224539,2.0005674806749107,0.05837837837837838,0.0399017199017199,407,50
CCRCC,shipped,hoptimus0,random,abs,4,0,0,spot,INT4,0.9125373134328357,1.6039566239224528,1.9547849124203458,0.020597014925373133,0.06686567164179104,268,50
CCRCC,shipped,hoptimus0,random,abs,4,0,0,spot,INT5,0.6386301369863013,1.6039566239224528,4.024926155284863,0.32657534246575337,0.034794520547945205,219,50
CCRCC,shipped,hoptimus0,random,abs,4,0,0,spot,INT6,0.858348623853211,1.603956623922453,2.319195209302924,0.07822629969418961,0.06342507645259939,327,50
CCRCC,shipped,hoptimus0,random,abs,4,0,0,spot,INT7,0.8633636363636364,1.603956623922454,2.2541594799259577,0.08813636363636362,0.048499999999999995,440,50
CCRCC,shipped,hoptimus0,random,abs,4,0,0,spot,INT8,0.7914360313315928,1.6039566239224539,2.833154388205921,0.12637075718015667,0.08219321148825065,383,50
CCRCC,shipped,hoptimus0,random,abs,4,0,0,spot,INT9,0.8563924050632912,1.6039566239224528,2.2813033356990444,0.07189873417721519,0.07170886075949368,316,50
CCRCC,shipped,hoptimus0,random,abs,4,1,0,spot,INT1,0.9036448598130842,1.6039515844079606,2.0362221681210806,0.04439252336448598,0.051962616822429905,214,50
CCRCC,shipped,hoptimus0,random,abs,4,1,0,spot,INT10,0.8390526315789474,1.6039515844079582,2.507092316091025,0.1066842105263158,0.054263157894736846,380,50
CCRCC,shipped,hoptimus0,random,abs,4,1,0,spot,INT11,0.8267986798679868,1.6039515844079606,2.516975544094485,0.08409240924092408,0.08910891089108912,303,50
CCRCC,shipped,hoptimus0,random,abs,4,1,0,spot,INT12,0.867985347985348,1.6039515844079606,2.260433912663657,0.06380952380952382,0.0682051282051282,273,50
CCRCC,shipped,hoptimus0,random,abs,4,1,0,spot,INT13,0.8997765363128493,1.6039515844079597,2.022390001555736,0.06489385474860336,0.03532960893854749,895,50
CCRCC,shipped,hoptimus0,random,abs,4,1,0,spot,INT14,0.9408463251670379,1.6039515844079597,1.814947711253864,0.04957683741648107,0.00957683741648107,898,50
CCRCC,shipped,hoptimus0,random,abs,4,1,0,spot,INT15,0.9271014492753623,1.6039515844079602,1.8987058121760685,0.05229813664596273,0.02060041407867495,966,50
CCRCC,shipped,hoptimus0,random,abs,4,1,0,spot,INT16,0.9310618066561014,1.6039515844079557,1.8825118812692432,0.05683042789223455,0.012107765451664025,631,50
CCRCC,shipped,hoptimus0,random,abs,4,1,0,spot,INT17,0.9482626538987688,1.603951584407957,1.8178423089750815,0.044377564979480165,0.007359781121751025,731,50
CCRCC,shipped,hoptimus0,random,abs,4,1,0,spot,INT18,0.8925741626794259,1.6039515844079608,2.0950220003457827,0.06734928229665071,0.040076555023923446,1045,50
CCRCC,shipped,hoptimus0,random,abs,4,1,0,spot,INT19,0.955319587628866,1.6039515844079602,1.7645629443986202,0.0391340206185567,0.00554639175257732,970,50
CCRCC,shipped,hoptimus0,random,abs,4,1,0,spot,INT2,0.8967567567567568,1.6039515844079566,2.0511255497891008,0.0604989604989605,0.04274428274428274,481,50
CCRCC,shipped,hoptimus0,random,abs,4,1,0,spot,INT20,0.9501397205588822,1.6039515844079606,1.8222459538565243,0.044830339321357285,0.0050299401197604785,1002,50
CCRCC,shipped,hoptimus0,random,abs,4,1,0,spot,INT21,0.898705636743215,1.6039515844079602,2.0182970205021897,0.06645093945720251,0.03484342379958247,958,50
CCRCC,shipped,hoptimus0,random,abs,4,1,0,spot,INT22,0.9092688971499381,1.6039515844079586,1.943866656570152,0.06423791821561338,0.026493184634448576,807,50
CCRCC,shipped,hoptimus0,random,abs,4,1,0,spot,INT23,0.8745016429353778,1.6039515844079597,2.0933943897538247,0.07029572836801752,0.0552026286966046,913,50
CCRCC,shipped,hoptimus0,random,abs,4,1,0,spot,INT24,0.9089752650176679,1.603951584407959,2.056857875869976,0.06751472320376914,0.023510011778563013,849,50
CCRCC,shipped,hoptimus0,random,abs,4,1,0,spot,INT3,0.9029473684210526,1.6039515844079582,1.9922001588922524,0.053,0.04405263157894737,380,50
CCRCC,shipped,hoptimus0,random,abs,4,1,0,spot,INT4,0.8981333333333333,1.6039515844079606,2.048913163166134,0.025,0.07686666666666667,300,50
CCRCC,shipped,hoptimus0,random,abs,4,1,0,spot,INT5,0.6248605577689242,1.6039515844079606,4.237241816315542,0.3337051792828685,0.04143426294820717,251,50
CCRCC,shipped,hoptimus0,random,abs,4,1,0,spot,INT6,0.8630211480362537,1.60395158440796,2.249255487207315,0.07577039274924471,0.06120845921450151,331,50
CCRCC,shipped,hoptimus0,random,abs,4,1,0,spot,INT7,0.8680425531914894,1.6039515844079568,2.248883929151863,0.08421276595744681,0.04774468085106383,470,50
CCRCC,shipped,hoptimus0,random,abs,4,1,0,spot,INT8,0.8088022284122564,1.603951584407959,2.662098429752687,0.10696378830083565,0.08423398328690808,359,50
CCRCC,shipped,hoptimus0,random,abs,4,1,0,spot,INT9,0.8621700879765396,1.6039515844079597,2.2849135195584718,0.07460410557184752,0.0632258064516129,341,50
CCRCC,shipped,hoptimus0,random,abs,4,2,0,spot,INT1,0.8976525821596245,1.6006218286597302,2.06092695096939,0.04131455399061033,0.06103286384976526,213,50
CCRCC,shipped,hoptimus0,random,abs,4,2,0,spot,INT10,0.8275829383886255,1.6006218286597291,2.6368070562334354,0.12549763033175357,0.04691943127962086,422,50
CCRCC,shipped,hoptimus0,random,abs,4,2,0,spot,INT11,0.8265161290322581,1.600621828659731,2.5560311627782446,0.08548387096774195,0.08800000000000001,310,50
CCRCC,shipped,hoptimus0,random,abs,4,2,0,spot,INT12,0.8657664233576642,1.600621828659731,2.2565133425905155,0.06605839416058394,0.06817518248175182,274,50
CCRCC,shipped,hoptimus0,random,abs,4,2,0,spot,INT13,0.8970754716981132,1.6006218286597251,2.0198371357230385,0.06148584905660377,0.04143867924528302,848,50
CCRCC,shipped,hoptimus0,random,abs,4,2,0,spot,INT14,0.9410676156583629,1.6006218286597251,1.8175268420132447,0.049039145907473304,0.009893238434163702,843,50
CCRCC,shipped,hoptimus0,random,abs,4,2,0,spot,INT15,0.9246859421734795,1.6006218286597254,1.900554827109392,0.05391824526420738,0.02139581256231306,1003,50
CCRCC,shipped,hoptimus0,random,abs,4,2,0,spot,INT16,0.9284310618066561,1.6006218286597262,1.8918142901166244,0.05736925515055468,0.014199683042789225,631,50
CCRCC,shipped,hoptimus0,random,abs,4,2,0,spot,INT17,0.9497982708933718,1.6006218286597258,1.8023079763037564,0.04380403458213256,0.006397694524495678,694,50
CCRCC,shipped,hoptimus0,random,abs,4,2,0,spot,INT18,0.8896461071789686,1.6006218286597254,2.115016080290387,0.0689989888776542,0.04135490394337715,989,50
CCRCC,shipped,hoptimus0,random,abs,4,2,0,spot,INT19,0.958705035971223,1.6006218286597254,1.7471549333917331,0.03516957862281603,0.006125385405960946,973,50
CCRCC,shipped,hoptimus0,random,abs,4,2,0,spot,INT2,0.8985346534653464,1.600621828659728,2.027790817293115,0.06558415841584159,0.035881188118811885,505,50
CCRCC,shipped,hoptimus0,random,abs,4,2,0,spot,INT20,0.9527557411273486,1.6006218286597254,1.7903792249077486,0.042776617954070985,0.004467640918580376,958,50
CCRCC,shipped,hoptimus0,random,abs,4,2,0,spot,INT21,0.8995400000000001,1.6006218286597254,2.0292457725874318,0.065,0.03546,1000,50
CCRCC,shipped,hoptimus0,random,abs,4,2,0,spot,INT22,0.9105416116248348,1.6006218286597251,1.930131338153357,0.06501981505944518,0.02443857331571995,757,50
CCRCC,shipped,hoptimus0,random,abs,4,2,0,spot,INT23,0.8741495124593716,1.6006218286597254,2.115043298024422,0.07334777898158179,0.05250270855904659,923,50
CCRCC,shipped,hoptimus0,random,abs,4,2,0,spot,INT24,0.9058092175777063,1.6006218286597254,2.066803951825137,0.07093247588424437,0.023258306538049306,933,50
CCRCC,shipped,hoptimus0,random,abs,4,2,0,spot,INT3,0.9009,1.6006218286597298,1.9997468212267262,0.0591,0.04,400,50
CCRCC,shipped,hoptimus0,random,abs,4,2,0,spot,INT4,0.9099295774647888,1.600621828659731,2.0014007544919483,0.03169014084507042,0.05838028169014084,284,50
CCRCC,shipped,hoptimus0,random,abs,4,2,0,spot,INT5,0.6629310344827586,1.6006218286597305,3.8753150986065648,0.2954310344827586,0.04163793103448276,232,50
CCRCC,shipped,hoptimus0,random,abs,4,2,0,spot,INT6,0.8538940809968847,1.600621828659731,2.3367019010208043,0.07514018691588785,0.07096573208722741,321,50
CCRCC,shipped,hoptimus0,random,abs,4,2,0,spot,INT7,0.8665173116089613,1.600621828659728,2.210944231326828,0.08623217922606924,0.04725050916496945,491,50
CCRCC,shipped,hoptimus0,random,abs,4,2,0,spot,INT8,0.8001960784313725,1.6006218286597294,2.7119518642619385,0.12137254901960784,0.0784313725490196,408,50
CCRCC,shipped,hoptimus0,random,abs,4,2,0,spot,INT9,0.8561904761904762,1.600621828659731,2.32971490939057,0.07047619047619047,0.07333333333333333,336,50
CCRCC,shipped,hoptimus0,random,abs,4,3,0,spot,INT1,0.8978125,1.5992025482216485,2.0547633577008018,0.04510416666666667,0.05708333333333333,192,50
CCRCC,shipped,hoptimus0,random,abs,4,3,0,spot,INT10,0.831644204851752,1.5992025482216496,2.5481960115152034,0.12582210242587602,0.042533692722371966,371,50
CCRCC,shipped,hoptimus0,random,abs,4,3,0,spot,INT11,0.8137201365187714,1.599202548221649,2.6326709657572795,0.0957679180887372,0.09051194539249147,293,50
CCRCC,shipped,hoptimus0,random,abs,4,3,0,spot,INT12,0.8643508771929825,1.599202548221649,2.2575509675190837,0.06568421052631579,0.06996491228070176,285,50
CCRCC,shipped,hoptimus0,random,abs,4,3,0,spot,INT13,0.9012472647702406,1.5992025482216496,1.9961217028973497,0.06380743982494529,0.034945295404814,914,50
CCRCC,shipped,hoptimus0,random,abs,4,3,0,spot,INT14,0.9387556561085972,1.5992025482216496,1.8306983773284904,0.05024886877828054,0.01099547511312217,884,50
CCRCC,shipped,hoptimus0,random,abs,4,3,0,spot,INT15,0.9242094662638469,1.5992025482216499,1.890611831981828,0.0543202416918429,0.021470292044310172,993,50
CCRCC,shipped,hoptimus0,random,abs,4,3,0,spot,INT16,0.9273482428115015,1.5992025482216499,1.8778280176766364,0.05725239616613418,0.015399361022364217,626,50
CCRCC,shipped,hoptimus0,random,abs,4,3,0,spot,INT17,0.9459634317862167,1.5992025482216499,1.820510110806772,0.047229254571026724,0.00680731364275668,711,50
CCRCC,shipped,hoptimus0,random,abs,4,3,0,spot,INT18,0.8873611111111112,1.5992025482216499,2.1057459350513987,0.07267857142857143,0.03996031746031746,1008,50
CCRCC,shipped,hoptimus0,random,abs,4,3,0,spot,INT19,0.9567321613236816,1.5992025482216499,1.7540245075536327,0.03724922440537746,0.0060186142709410554,967,50
CCRCC,shipped,hoptimus0,random,abs,4,3,0,spot,INT2,0.8937074148296592,1.5992025482216503,2.073436229647082,0.06424849699398798,0.042044088176352704,499,50
CCRCC,shipped,hoptimus0,random,abs,4,3,0,spot,INT20,0.9515560165975104,1.5992025482216499,1.802350311366587,0.041556016597510376,0.006887966804979253,964,50
CCRCC,shipped,hoptimus0,random,abs,4,3,0,spot,INT21,0.901920326864147,1.5992025482216499,2.0037088076209257,0.0646782431052094,0.03340143003064351,979,50
CCRCC,shipped,hoptimus0,random,abs,4,3,0,spot,INT22,0.9054973821989529,1.5992025482216496,1.9548315126830955,0.06735602094240838,0.027146596858638742,764,50
CCRCC,shipped,hoptimus0,random,abs,4,3,0,spot,INT23,0.8702305159165752,1.5992025482216496,2.138317599809625,0.07457738748627882,0.055192096597145995,911,50
CCRCC,shipped,hoptimus0,random,abs,4,3,0,spot,INT24,0.9068217054263567,1.5992025482216496,2.071729219866045,0.07125138427464009,0.021926910299003323,903,50
CCRCC,shipped,hoptimus0,random,abs,4,3,0,spot,INT3,0.8992176039119805,1.5992025482216499,2.0036735475523098,0.057799511002444987,0.04298288508557457,409,50
CCRCC,shipped,hoptimus0,random,abs,4,3,0,spot,INT4,0.9104929577464789,1.599202548221649,1.9896357461042586,0.030633802816901406,0.05887323943661972,284,50
CCRCC,shipped,hoptimus0,random,abs,4,3,0,spot,INT5,0.6734199134199135,1.5992025482216488,3.730499292598567,0.28649350649350647,0.04008658008658009,231,50
CCRCC,shipped,hoptimus0,random,abs,4,3,0,spot,INT6,0.844338028169014,1.5992025482216494,2.422542719661978,0.08591549295774648,0.06974647887323943,355,50
CCRCC,shipped,hoptimus0,random,abs,4,3,0,spot,INT7,0.8654909819639279,1.5992025482216503,2.210829607729029,0.08460921843687375,0.049899799599198394,499,50
CCRCC,shipped,hoptimus0,random,abs,4,3,0,spot,INT8,0.7881592039800995,1.5992025482216499,2.806985510064861,0.12562189054726366,0.08621890547263682,402,50
CCRCC,shipped,hoptimus0,random,abs,4,3,0,spot,INT9,0.8606578947368421,1.599202548221649,2.308043866907291,0.08092105263157895,0.05842105263157895,304,50
CCRCC,shipped,hoptimus0,random,abs,4,4,0,spot,INT1,0.885940594059406,1.60446055503533,2.186506668533118,0.054059405940594066,0.06,202,50
CCRCC,shipped,hoptimus0,random,abs,4,4,0,spot,INT10,0.828564705882353,1.604460555035329,2.575032291644786,0.12089411764705883,0.05054117647058823,425,50
CCRCC,shipped,hoptimus0,random,abs,4,4,0,spot,INT11,0.8111486486486487,1.604460555035329,2.6319110658213574,0.09655405405405405,0.0922972972972973,296,50
CCRCC,shipped,hoptimus0,random,abs,4,4,0,spot,INT12,0.8667148014440432,1.6044605550353293,2.236025727560828,0.06296028880866426,0.07032490974729241,277,50
CCRCC,shipped,hoptimus0,random,abs,4,4,0,spot,INT13,0.9017741935483871,1.604460555035329,2.0036324289839866,0.06320276497695852,0.035023041474654376,868,50
CCRCC,shipped,hoptimus0,random,abs,4,4,0,spot,INT14,0.9403501094091904,1.6044605550353293,1.8255516218463774,0.04927789934354486,0.010371991247264772,914,50
CCRCC,shipped,hoptimus0,random,abs,4,4,0,spot,INT15,0.9243587270973963,1.6044605550353293,1.9051363625861193,0.05596914175506268,0.019672131147540982,1037,50
CCRCC,shipped,hoptimus0,random,abs,4,4,0,spot,INT16,0.9274675324675324,1.604460555035329,1.8872979571301147,0.05801948051948051,0.014512987012987012,616,50
CCRCC,shipped,hoptimus0,random,abs,4,4,0,spot,INT17,0.9497694524495677,1.604460555035329,1.7961064084148912,0.04227665706051873,0.007953890489913544,694,50
CCRCC,shipped,hoptimus0,random,abs,4,4,0,spot,INT18,0.8945230769230769,1.6044605550353293,2.076316125871684,0.06539487179487179,0.040082051282051286,975,50
CCRCC,shipped,hoptimus0,random,abs,4,4,0,spot,INT19,0.957109375,1.6044605550353293,1.757480874278585,0.036640625,0.00625,1024,50
CCRCC,shipped,hoptimus0,random,abs,4,4,0,spot,INT2,0.8851851851851852,1.604460555035329,2.1246092158989645,0.07390946502057613,0.04090534979423868,486,50
CCRCC,shipped,hoptimus0,random,abs,4,4,0,spot,INT20,0.9522836287799791,1.6044605550353293,1.8073518621277804,0.042356621480709074,0.005359749739311783,959,50
CCRCC,shipped,hoptimus0,random,abs,4,4,0,spot,INT21,0.9066597510373444,1.6044605550353293,1.9737352184846169,0.059273858921161826,0.034066390041493776,964,50
CCRCC,shipped,hoptimus0,random,abs,4,4,0,spot,INT22,0.9105851063829787,1.604460555035329,1.9334446264635634,0.06292553191489363,0.02648936170212766,752,50
CCRCC,shipped,hoptimus0,random,abs,4,4,0,spot,INT23,0.8677914110429448,1.6044605550353293,2.1405958184778955,0.074560327198364,0.057648261758691206,978,50
CCRCC,shipped,hoptimus0,random,abs,4,4,0,spot,INT24,0.9046549707602339,1.604460555035329,2.080214906899494,0.06996491228070176,0.02538011695906433,855,50
CCRCC,shipped,hoptimus0,random,abs,4,4,0,spot,INT3,0.9037017994858612,1.6044605550353288,1.9812970635864084,0.05886889460154242,0.037429305912596404,389,50
CCRCC,shipped,hoptimus0,random,abs,4,4,0,spot,INT4,0.9141911764705882,1.6044605550353293,1.936627402348712,0.02066176470588235,0.0651470588235294,272,50
CCRCC,shipped,hoptimus0,random,abs,4,4,0,spot,INT5,0.6382040816326531,1.6044605550353293,4.038382036132387,0.3193469387755102,0.04244897959183674,245,50
CCRCC,shipped,hoptimus0,random,abs,4,4,0,spot,INT6,0.8548082595870207,1.604460555035329,2.3212041099005267,0.07817109144542772,0.06702064896755162,339,50
CCRCC,shipped,hoptimus0,random,abs,4,4,0,spot,INT7,0.8606666666666666,1.604460555035329,2.271781817175598,0.097125,0.042208333333333334,480,50
CCRCC,shipped,hoptimus0,random,abs,4,4,0,spot,INT8,0.7991029023746702,1.6044605550353288,2.743330786053931,0.12216358839050132,0.0787335092348285,379,50
CCRCC,shipped,hoptimus0,random,abs,4,4,0,spot,INT9,0.8641614906832298,1.604460555035329,2.2533725455152176,0.07496894409937888,0.06086956521739131,322,50
CCRCC,shipped,hoptimus0,random,abs,5,0,0,spot,INT1,0.9011428571428571,1.601552631236813,2.049761150302564,0.04620408163265306,0.052653061224489796,245,50
CCRCC,shipped,hoptimus0,random,abs,5,0,0,spot,INT10,0.8401809954751132,1.6015526312368118,2.484180363289221,0.11565610859728506,0.044162895927601815,442,50
CCRCC,shipped,hoptimus0,random,abs,5,0,0,spot,INT11,0.8070909090909091,1.601552631236813,2.6503324635931675,0.09806060606060607,0.09484848484848485,330,50
CCRCC,shipped,hoptimus0,random,abs,5,0,0,spot,INT12,0.8701973684210526,1.6015526312368131,2.2046109588569824,0.05828947368421052,0.07151315789473683,304,50
CCRCC,shipped,hoptimus0,random,abs,5,0,0,spot,INT13,0.9000971817298349,1.6015526312368096,2.018059006810306,0.06886297376093294,0.031039844509232264,1029,50
CCRCC,shipped,hoptimus0,random,abs,5,0,0,spot,INT14,0.9375272007912957,1.6015526312368096,1.8291279969636782,0.05260138476755688,0.00987141444114738,1011,50
CCRCC,shipped,hoptimus0,random,abs,5,0,0,spot,INT15,0.9231743278404163,1.6015526312368096,1.9071754246695019,0.05623590633130963,0.020589765828274067,1153,50
CCRCC,shipped,hoptimus0,random,abs,5,0,0,spot,INT16,0.9278994082840236,1.60155263123681,1.8918576905026905,0.060828402366863904,0.011272189349112427,676,50
CCRCC,shipped,hoptimus0,random,abs,5,0,0,spot,INT17,0.947564259485924,1.6015526312368096,1.8087707894101461,0.04609547123623012,0.006340269277845777,817,50
CCRCC,shipped,hoptimus0,random,abs,5,0,0,spot,INT18,0.8899530516431925,1.6015526312368096,2.0933441047192254,0.06895774647887323,0.04108920187793427,1065,50
CCRCC,shipped,hoptimus0,random,abs,5,0,0,spot,INT19,0.9564038972542073,1.6015526312368096,1.762092914400812,0.03849424269264836,0.005101860053144376,1129,50
CCRCC,shipped,hoptimus0,random,abs,5,0,0,spot,INT2,0.892536231884058,1.6015526312368107,2.0734822945687377,0.07,0.03746376811594203,552,50
CCRCC,shipped,hoptimus0,random,abs,5,0,0,spot,INT20,0.9509563602599814,1.6015526312368098,1.8089246918576916,0.04412256267409471,0.004921077065923862,1077,50
CCRCC,shipped,hoptimus0,random,abs,5,0,0,spot,INT21,0.902034203420342,1.6015526312368098,2.012552176298867,0.06532853285328533,0.032637263726372635,1111,50
CCRCC,shipped,hoptimus0,random,abs,5,0,0,spot,INT22,0.90608,1.6015526312368096,1.9547889651923385,0.06742857142857143,0.02649142857142857,875,50
CCRCC,shipped,hoptimus0,random,abs,5,0,0,spot,INT23,0.8723162790697674,1.6015526312368098,2.1202219321071736,0.07503255813953488,0.052651162790697675,1075,50
CCRCC,shipped,hoptimus0,random,abs,5,0,0,spot,INT24,0.9044948064211521,1.6015526312368096,2.0606170781453046,0.06766761095372993,0.027837582625118037,1059,50
CCRCC,shipped,hoptimus0,random,abs,5,0,0,spot,INT3,0.9081293302540416,1.6015526312368118,1.9615943450229036,0.05755196304849885,0.03431870669745958,433,50
CCRCC,shipped,hoptimus0,random,abs,5,0,0,spot,INT4,0.9060627177700349,1.6015526312368131,2.0005934608180405,0.03052264808362369,0.06341463414634146,287,50
CCRCC,shipped,hoptimus0,random,abs,5,0,0,spot,INT5,0.643984962406015,1.6015526312368131,3.978135611243494,0.3118796992481203,0.04413533834586466,266,50
CCRCC,shipped,hoptimus0,random,abs,5,0,0,spot,INT6,0.8545502645502645,1.6015526312368125,2.3053428341714453,0.08,0.06544973544973544,378,50
CCRCC,shipped,hoptimus0,random,abs,5,0,0,spot,INT7,0.8608880308880309,1.601552631236811,2.2663881701889075,0.09324324324324325,0.04586872586872587,518,50
CCRCC,shipped,hoptimus0,random,abs,5,0,0,spot,INT8,0.7955760368663595,1.6015526312368118,2.8381633278730694,0.12184331797235023,0.08258064516129032,434,50
CCRCC,shipped,hoptimus0,random,abs,5,0,0,spot,INT9,0.8595876288659794,1.6015526312368125,2.301114806331008,0.07530927835051546,0.06510309278350515,388,50
CCRCC,shipped,hoptimus0,random,abs,5,1,0,spot,INT1,0.8878181818181818,1.6046252805656724,2.145631752898924,0.03490909090909091,0.07727272727272727,220,50
CCRCC,shipped,hoptimus0,random,abs,5,1,0,spot,INT10,0.8287472527472528,1.6046252805656736,2.649408461177754,0.11758241758241757,0.05367032967032967,455,50
CCRCC,shipped,hoptimus0,random,abs,5,1,0,spot,INT11,0.8082634730538922,1.6046252805656727,2.71289201653986,0.09664670658682635,0.09508982035928143,334,50
CCRCC,shipped,hoptimus0,random,abs,5,1,0,spot,INT12,0.8625862068965517,1.6046252805656727,2.2529243684751163,0.0639080459770115,0.07350574712643679,348,50
CCRCC,shipped,hoptimus0,random,abs,5,1,0,spot,INT13,0.9020206185567011,1.6046252805656758,2.006824152977525,0.06301030927835051,0.034969072164948455,970,50
CCRCC,shipped,hoptimus0,random,abs,5,1,0,spot,INT14,0.94112,1.604625280565676,1.8242881439375986,0.04974,0.00914,1000,50
CCRCC,shipped,hoptimus0,random,abs,5,1,0,spot,INT15,0.9250392327811683,1.6046252805656775,1.902316307714031,0.05501307759372275,0.01994768962510898,1147,50
CCRCC,shipped,hoptimus0,random,abs,5,1,0,spot,INT16,0.931054131054131,1.604625280565674,1.8792673709005738,0.05717948717948718,0.011766381766381766,702,50
CCRCC,shipped,hoptimus0,random,abs,5,1,0,spot,INT17,0.9489,1.6046252805656744,1.8155952067544394,0.044875,0.006225,800,50
CCRCC,shipped,hoptimus0,random,abs,5,1,0,spot,INT18,0.8895434198746643,1.604625280565677,2.139648923563258,0.07009847806624889,0.040358102059086846,1117,50
CCRCC,shipped,hoptimus0,random,abs,5,1,0,spot,INT19,0.958252427184466,1.604625280565677,1.7539838620047552,0.03618711385701677,0.005560458958517212,1133,50
CCRCC,shipped,hoptimus0,random,abs,5,1,0,spot,INT2,0.8942517006802722,1.604625280565674,2.0655822506122816,0.06173469387755102,0.044013605442176876,588,50
CCRCC,shipped,hoptimus0,random,abs,5,1,0,spot,INT20,0.9521369102682701,1.6046252805656769,1.805141675743264,0.04249768732654949,0.005365402405180388,1081,50
CCRCC,shipped,hoptimus0,random,abs,5,1,0,spot,INT21,0.9032212389380532,1.604625280565677,2.0028289448901178,0.06451327433628318,0.03226548672566372,1130,50
CCRCC,shipped,hoptimus0,random,abs,5,1,0,spot,INT22,0.907142857142857,1.6046252805656747,1.9604740665774014,0.06823809523809524,0.02461904761904762,840,50
CCRCC,shipped,hoptimus0,random,abs,5,1,0,spot,INT23,0.8729682997118156,1.6046252805656764,2.1079198061198077,0.07072046109510087,0.05631123919308357,1041,50
CCRCC,shipped,hoptimus0,random,abs,5,1,0,spot,INT24,0.9067729083665338,1.604625280565676,2.0726375624081,0.06804780876494024,0.025179282868525898,1004,50
CCRCC,shipped,hoptimus0,random,abs,5,1,0,spot,INT3,0.9080894308943089,1.6046252805656736,1.9608591205625203,0.05113821138211382,0.040772357723577235,492,50
CCRCC,shipped,hoptimus0,random,abs,5,1,0,spot,INT4,0.9048701298701299,1.604625280565672,2.014947705686227,0.02571428571428571,0.06941558441558442,308,50
CCRCC,shipped,hoptimus0,random,abs,5,1,0,spot,INT5,0.6438759689922481,1.6046252805656724,4.0193233432801385,0.30844961240310076,0.04767441860465116,258,50
CCRCC,shipped,hoptimus0,random,abs,5,1,0,spot,INT6,0.8566756032171583,1.6046252805656733,2.3127243192174625,0.06680965147453083,0.076514745308311,373,50
CCRCC,shipped,hoptimus0,random,abs,5,1,0,spot,INT7,0.8659574468085107,1.6046252805656736,2.232572676951549,0.08468085106382979,0.04936170212765958,517,50
CCRCC,shipped,hoptimus0,random,abs,5,1,0,spot,INT8,0.7988758782201405,1.6046252805656736,2.724874605261708,0.12585480093676815,0.07526932084309133,427,50
CCRCC,shipped,hoptimus0,random,abs,5,1,0,spot,INT9,0.8662872628726288,1.6046252805656733,2.2515016710046836,0.06856368563685637,0.0651490514905149,369,50
CCRCC,shipped,hoptimus0,random,abs,5,2,0,spot,INT1,0.8934126984126983,1.6043677340165023,2.113163938883627,0.04349206349206349,0.0630952380952381,252,50
CCRCC,shipped,hoptimus0,random,abs,5,2,0,spot,INT10,0.8313934426229508,1.6043677340165012,2.5624598815125434,0.11512295081967214,0.05348360655737704,488,50
CCRCC,shipped,hoptimus0,random,abs,5,2,0,spot,INT11,0.7990390390390391,1.6043677340165023,2.7516298864145203,0.09771771771771771,0.10324324324324324,333,50
CCRCC,shipped,hoptimus0,random,abs,5,2,0,spot,INT12,0.8665230769230768,1.6043677340165023,2.2292859106157783,0.061353846153846155,0.07212307692307691,325,50
CCRCC,shipped,hoptimus0,random,abs,5,2,0,spot,INT13,0.8985010266940452,1.604367734016499,2.02029645277583,0.067782340862423,0.033716632443531826,974,50
CCRCC,shipped,hoptimus0,random,abs,5,2,0,spot,INT14,0.9370377541142304,1.604367734016499,1.8384524447684247,0.05320425943852856,0.009757986447241046,1033,50
CCRCC,shipped,hoptimus0,random,abs,5,2,0,spot,INT15,0.9259906103286384,1.6043677340164992,1.896602639691689,0.05408450704225352,0.01992488262910798,1065,50
CCRCC,shipped,hoptimus0,random,abs,5,2,0,spot,INT16,0.9270140845070423,1.604367734016499,1.8986694296585664,0.061183098591549294,0.01180281690140845,710,50
CCRCC,shipped,hoptimus0,random,abs,5,2,0,spot,INT17,0.9457356608478803,1.6043677340164988,1.8229981736027006,0.04650872817955112,0.007755610972568578,802,50
CCRCC,shipped,hoptimus0,random,abs,5,2,0,spot,INT18,0.8970892018779343,1.6043677340164992,2.0704711697245934,0.06234741784037559,0.04056338028169014,1065,50
CCRCC,shipped,hoptimus0,random,abs,5,2,0,spot,INT19,0.9566428571428571,1.6043677340164997,1.761407728138274,0.03705357142857143,0.006303571428571428,1120,50
CCRCC,shipped,hoptimus0,random,abs,5,2,0,spot,INT2,0.8952122241086587,1.6043677340165001,2.061489569685141,0.06224108658743633,0.04254668930390492,589,50
CCRCC,shipped,hoptimus0,random,abs,5,2,0,spot,INT20,0.9526865671641791,1.6043677340164992,1.8034793373974494,0.04205223880597015,0.005261194029850746,1072,50
CCRCC,shipped,hoptimus0,random,abs,5,2,0,spot,INT21,0.9026094420600859,1.6043677340165,2.0105318585669085,0.06233476394849785,0.03505579399141631,1165,50
CCRCC,shipped,hoptimus0,random,abs,5,2,0,spot,INT22,0.9050839328537171,1.6043677340164988,1.9610574419088111,0.06690647482014389,0.028009592326139088,834,50
CCRCC,shipped,hoptimus0,random,abs,5,2,0,spot,INT23,0.8745488721804512,1.6043677340164992,2.1043069509380525,0.06966165413533834,0.05578947368421052,1064,50
CCRCC,shipped,hoptimus0,random,abs,5,2,0,spot,INT24,0.9092261904761905,1.604367734016499,2.047932692770784,0.06771825396825397,0.023055555555555555,1008,50
CCRCC,shipped,hoptimus0,random,abs,5,2,0,spot,INT3,0.904908256880734,1.6043677340165017,1.9763394702296389,0.05183486238532111,0.04325688073394495,436,50
CCRCC,shipped,hoptimus0,random,abs,5,2,0,spot,INT4,0.9087457627118645,1.6043677340165023,2.018580781112111,0.03145762711864407,0.059796610169491525,295,50
CCRCC,shipped,hoptimus0,random,abs,5,2,0,spot,INT5,0.6552542372881356,1.6043677340165023,3.8233230168359387,0.3060169491525424,0.038728813559322034,236,50
CCRCC,shipped,hoptimus0,random,abs,5,2,0,spot,INT6,0.8510236220472441,1.6043677340165021,2.3389870356081186,0.08299212598425196,0.06598425196850394,381,50
CCRCC,shipped,hoptimus0,random,abs,5,2,0,spot,INT7,0.8659712230215827,1.6043677340165008,2.210268373463733,0.085,0.04902877697841727,556,50
CCRCC,shipped,hoptimus0,random,abs,5,2,0,spot,INT8,0.7934821428571429,1.6043677340165017,2.8600979131310025,0.1190625,0.08745535714285714,448,50
CCRCC,shipped,hoptimus0,random,abs,5,2,0,spot,INT9,0.8604962779156328,1.6043677340165021,2.2907463135686696,0.0686848635235732,0.07081885856079405,403,50
CCRCC,shipped,hoptimus0,random,abs,5,3,0,spot,INT1,0.9040178571428571,1.6076412791422598,2.0574000336823453,0.04616071428571429,0.049821428571428565,224,50
CCRCC,shipped,hoptimus0,random,abs,5,3,0,spot,INT10,0.8404245283018867,1.607641279142262,2.4902230293256893,0.10754716981132076,0.05202830188679245,424,50
CCRCC,shipped,hoptimus0,random,abs,5,3,0,spot,INT11,0.8,1.6076412791422603,2.8082807640712755,0.10856209150326798,0.09143790849673201,306,50
CCRCC,shipped,hoptimus0,random,abs,5,3,0,spot,INT12,0.862991202346041,1.607641279142261,2.3018710025663207,0.06310850439882698,0.07390029325513196,341,50
CCRCC,shipped,hoptimus0,random,abs,5,3,0,spot,INT13,0.8980180180180181,1.6076412791422572,2.0230091136572206,0.06822822822822823,0.03375375375375375,999,50
CCRCC,shipped,hoptimus0,random,abs,5,3,0,spot,INT14,0.9409953051643193,1.607641279142257,1.8201173158274773,0.0488075117370892,0.010197183098591548,1065,50
CCRCC,shipped,hoptimus0,random,abs,5,3,0,spot,INT15,0.9249165120593692,1.6076412791422567,1.906209309429765,0.056363636363636366,0.018719851576994434,1078,50
CCRCC,shipped,hoptimus0,random,abs,5,3,0,spot,INT16,0.9293406593406595,1.6076412791422603,1.8746663057293833,0.058928571428571434,0.011730769230769232,728,50
CCRCC,shipped,hoptimus0,random,abs,5,3,0,spot,INT17,0.9472841051314143,1.6076412791422592,1.8149913903289019,0.04473091364205256,0.007984981226533166,799,50
CCRCC,shipped,hoptimus0,random,abs,5,3,0,spot,INT18,0.8901315789473684,1.607641279142257,2.1235241313204947,0.06706766917293233,0.04280075187969925,1064,50
CCRCC,shipped,hoptimus0,random,abs,5,3,0,spot,INT19,0.9574295190713101,1.6076412791422559,1.7645498895721672,0.03703150912106136,0.005538971807628524,1206,50
CCRCC,shipped,hoptimus0,random,abs,5,3,0,spot,INT2,0.8945155393053017,1.6076412791422632,2.0665249193072914,0.06248628884826325,0.042998171846435104,547,50
CCRCC,shipped,hoptimus0,random,abs,5,3,0,spot,INT20,0.9526238532110092,1.6076412791422567,1.8104907446708538,0.04251376146788991,0.004862385321100918,1090,50
CCRCC,shipped,hoptimus0,random,abs,5,3,0,spot,INT21,0.9032626728110599,1.6076412791422567,2.000413331049783,0.06344700460829493,0.03329032258064516,1085,50
CCRCC,shipped,hoptimus0,random,abs,5,3,0,spot,INT22,0.9100683371298406,1.6076412791422583,1.94540218736347,0.06430523917995444,0.02562642369020501,878,50
CCRCC,shipped,hoptimus0,random,abs,5,3,0,spot,INT23,0.8710869565217391,1.6076412791422563,2.142681916885159,0.07679347826086957,0.052119565217391306,1104,50
CCRCC,shipped,hoptimus0,random,abs,5,3,0,spot,INT24,0.902962226640159,1.6076412791422572,2.0907089728482093,0.0694234592445328,0.027614314115308153,1006,50
CCRCC,shipped,hoptimus0,random,abs,5,3,0,spot,INT3,0.9088105726872248,1.6076412791422623,1.9563202057237876,0.04955947136563877,0.04162995594713657,454,50
CCRCC,shipped,hoptimus0,random,abs,5,3,0,spot,INT4,0.9054125412541254,1.60764127914226,2.007514675897778,0.02145214521452145,0.07313531353135314,303,50
CCRCC,shipped,hoptimus0,random,abs,5,3,0,spot,INT5,0.6794756554307116,1.6076412791422598,3.7045433831192196,0.28172284644194756,0.03880149812734082,267,50
CCRCC,shipped,hoptimus0,random,abs,5,3,0,spot,INT6,0.8553462603878117,1.6076412791422612,2.3474541292238866,0.07695290858725762,0.06770083102493075,361,50
CCRCC,shipped,hoptimus0,random,abs,5,3,0,spot,INT7,0.8689453125,1.607641279142263,2.216261960645298,0.08453125,0.0465234375,512,50
CCRCC,shipped,hoptimus0,random,abs,5,3,0,spot,INT8,0.7905437352245863,1.607641279142262,2.8634514886578692,0.12520094562647754,0.08425531914893616,423,50
CCRCC,shipped,hoptimus0,random,abs,5,3,0,spot,INT9,0.8513333333333334,1.6076412791422618,2.378521949733957,0.08143589743589744,0.06723076923076923,390,50
CCRCC,shipped,hoptimus0,random,abs,5,4,0,spot,INT1,0.8933603238866397,1.6023499549649443,2.1078299048465623,0.03959514170040486,0.06704453441295546,247,50
CCRCC,shipped,hoptimus0,random,abs,5,4,0,spot,INT10,0.83088295687885,1.6023499549649438,2.5777152842006696,0.12513347022587268,0.043983572895277205,487,50
CCRCC,shipped,hoptimus0,random,abs,5,4,0,spot,INT11,0.8191082802547771,1.602349954964944,2.537067848549233,0.08802547770700636,0.09286624203821656,314,50
CCRCC,shipped,hoptimus0,random,abs,5,4,0,spot,INT12,0.8657807308970099,1.6023499549649443,2.2217891878366602,0.062259136212624584,0.07196013289036544,301,50
CCRCC,shipped,hoptimus0,random,abs,5,4,0,spot,INT13,0.8962751322751323,1.6023499549649447,2.037217456386398,0.07053968253968254,0.033185185185185186,945,50
CCRCC,shipped,hoptimus0,random,abs,5,4,0,spot,INT14,0.9385687022900764,1.6023499549649447,1.8350787313561994,0.052099236641221375,0.00933206106870229,1048,50
CCRCC,shipped,hoptimus0,random,abs,5,4,0,spot,INT15,0.9239787798408489,1.6023499549649443,1.9067677738688102,0.05667550839964633,0.019345711759504863,1131,50
CCRCC,shipped,hoptimus0,random,abs,5,4,0,spot,INT16,0.9284366576819407,1.602349954964945,1.8821342204615563,0.059137466307277634,0.012425876010781671,742,50
CCRCC,shipped,hoptimus0,random,abs,5,4,0,spot,INT17,0.9467975460122698,1.602349954964945,1.8238242222515908,0.046257668711656444,0.00694478527607362,815,50
CCRCC,shipped,hoptimus0,random,abs,5,4,0,spot,INT18,0.89472710453284,1.6023499549649447,2.065979184540843,0.06370027752081406,0.04157261794634597,1081,50
CCRCC,shipped,hoptimus0,random,abs,5,4,0,spot,INT19,0.9563185840707965,1.602349954964944,1.7559132059509417,0.03773451327433628,0.005946902654867256,1130,50
CCRCC,shipped,hoptimus0,random,abs,5,4,0,spot,INT2,0.8948042704626334,1.6023499549649436,2.054168107275754,0.06647686832740214,0.038718861209964414,562,50
CCRCC,shipped,hoptimus0,random,abs,5,4,0,spot,INT20,0.951387900355872,1.602349954964944,1.808969544540471,0.04275800711743773,0.005854092526690391,1124,50
CCRCC,shipped,hoptimus0,random,abs,5,4,0,spot,INT21,0.9040644583706355,1.6023499549649443,1.9871134918744642,0.05996418979409132,0.03597135183527305,1117,50
CCRCC,shipped,hoptimus0,random,abs,5,4,0,spot,INT22,0.9057439446366782,1.602349954964945,1.9575459209262778,0.06862745098039215,0.025628604382929642,867,50
CCRCC,shipped,hoptimus0,random,abs,5,4,0,spot,INT23,0.8713308687615527,1.6023499549649447,2.119360409708164,0.07282809611829945,0.055841035120147875,1082,50
CCRCC,shipped,hoptimus0,random,abs,5,4,0,spot,INT24,0.9085685884691849,1.6023499549649447,2.048365307494598,0.06767395626242545,0.02375745526838966,1006,50
CCRCC,shipped,hoptimus0,random,abs,5,4,0,spot,INT3,0.902819383259912,1.6023499549649436,1.9869842226039884,0.052070484581497795,0.04511013215859031,454,50
CCRCC,shipped,hoptimus0,random,abs,5,4,0,spot,INT4,0.9074725274725275,1.6023499549649443,1.9952310436863696,0.031062271062271062,0.06146520146520147,273,50
CCRCC,shipped,hoptimus0,random,abs,5,4,0,spot,INT5,0.6850592885375494,1.6023499549649443,3.765686988906917,0.2690118577075099,0.04592885375494071,253,50
CCRCC,shipped,hoptimus0,random,abs,5,4,0,spot,INT6,0.8602824858757061,1.6023499549649436,2.2918379866717498,0.07474576271186441,0.06497175141242938,354,50
CCRCC,shipped,hoptimus0,random,abs,5,4,0,spot,INT7,0.8676865671641791,1.6023499549649436,2.213033310633655,0.08283582089552238,0.04947761194029851,536,50
CCRCC,shipped,hoptimus0,random,abs,5,4,0,spot,INT8,0.7876744186046511,1.602349954964944,2.8783709357786234,0.13274418604651164,0.07958139534883721,430,50
CCRCC,shipped,hoptimus0,random,abs,5,4,0,spot,INT9,0.8564507042253521,1.6023499549649436,2.3330477386175863,0.06935211267605633,0.07419718309859155,355,50
COAD,shipped,hoptimus0,random,abs,0,0,0,spot,TENX111,0.9395043731778425,2.1455016393679056,2.520983754577004,0.037883381924198246,0.022612244897959183,3430,50
COAD,shipped,hoptimus0,random,abs,0,0,0,spot,TENX147,0.8614116615519509,2.1455016393679096,3.640954507159887,0.07638754932047348,0.06220078912757563,2281,50
COAD,shipped,hoptimus0,random,abs,0,0,0,spot,TENX148,0.8922253981216823,2.14550163936791,2.8780611172868538,0.054299714169048593,0.053474887709269094,2449,50
COAD,shipped,hoptimus0,random,abs,0,0,0,spot,TENX149,0.908457711442786,2.14550163936791,2.8112230327552097,0.04708126036484245,0.04446102819237147,2412,50
COAD,shipped,hoptimus0,random,abs,0,1,0,spot,TENX111,0.9331262818634631,2.10198756769601,2.508858785245384,0.04256079695282742,0.024312921183709348,3413,50
COAD,shipped,hoptimus0,random,abs,0,1,0,spot,TENX147,0.8511914893617021,2.101987567696021,3.67039287856217,0.08217021276595744,0.06663829787234042,2350,50
COAD,shipped,hoptimus0,random,abs,0,1,0,spot,TENX148,0.8859805989034163,2.101987567696021,2.8797592101428258,0.055866722901729234,0.058152678194854486,2371,50
COAD,shipped,hoptimus0,random,abs,0,1,0,spot,TENX149,0.9003937653814602,2.101987567696021,2.81454239747183,0.05166529942575882,0.04794093519278097,2438,50
COAD,shipped,hoptimus0,random,abs,0,2,0,spot,TENX111,0.934073206442167,2.104746332257808,2.5062394636604957,0.04135285505124451,0.02457393850658858,3415,50
COAD,shipped,hoptimus0,random,abs,0,2,0,spot,TENX147,0.8540085106382979,2.1047463322578066,3.6288510918848935,0.07798297872340426,0.06800851063829788,2350,50
COAD,shipped,hoptimus0,random,abs,0,2,0,spot,TENX148,0.8848548590660497,2.1047463322578066,2.886392567218335,0.05936053849389987,0.055784602440050485,2377,50
COAD,shipped,hoptimus0,random,abs,0,2,0,spot,TENX149,0.9043539094650206,2.104746332257807,2.7717913044491747,0.04636213991769547,0.049283950617283946,2430,50
COAD,shipped,hoptimus0,random,abs,0,3,0,spot,TENX111,0.9358204605071408,2.1155323662107026,2.5134630466137287,0.041037598367822795,0.023141941125036435,3431,50
COAD,shipped,hoptimus0,random,abs,0,3,0,spot,TENX147,0.8560570687418937,2.1155323662107075,3.6376702664595775,0.07474275832252486,0.0692001729355815,2313,50
COAD,shipped,hoptimus0,random,abs,0,3,0,spot,TENX148,0.8869098532494759,2.1155323662107075,2.882706770760683,0.05932075471698114,0.05376939203354298,2385,50
COAD,shipped,hoptimus0,random,abs,0,3,0,spot,TENX149,0.901367171510438,2.1155323662107075,2.820636368031723,0.04819484240687679,0.050437986082685224,2443,50
COAD,shipped,hoptimus0,random,abs,0,4,0,spot,TENX111,0.9340453631926501,2.0976279440646204,2.505692954428674,0.04122308354866495,0.02473155325868504,3483,50
COAD,shipped,hoptimus0,random,abs,0,4,0,spot,TENX147,0.8536791208791209,2.097627944064617,3.5858824587855986,0.07857582417582418,0.06774505494505495,2275,50
COAD,shipped,hoptimus0,random,abs,0,4,0,spot,TENX148,0.8844833333333334,2.097627944064617,2.8818700914044784,0.05895833333333333,0.056558333333333335,2400,50
COAD,shipped,hoptimus0,random,abs,0,4,0,spot,TENX149,0.9009196354598177,2.097627944064617,2.801639425473898,0.05397680198840099,0.04510356255178127,2414,50
COAD,shipped,hoptimus0,random,abs,1,0,0,spot,TENX111,0.934384858044164,2.1075979517434935,2.4996030740547655,0.0416403785488959,0.023974763406940065,1585,50
COAD,shipped,hoptimus0,random,abs,1,0,0,spot,TENX147,0.8528931364031277,2.1075979517434957,3.6364027141842676,0.07784535186794092,0.06926151172893136,1151,50
COAD,shipped,hoptimus0,random,abs,1,0,0,spot,TENX148,0.8866257668711657,2.1075979517434953,2.906952621428223,0.05731814198071866,0.05605609114811569,1141,50
COAD,shipped,hoptimus0,random,abs,1,0,0,spot,TENX149,0.9032113144758734,2.1075979517434957,2.8019675088888376,0.04930116472545757,0.047487520798668886,1202,50
COAD,shipped,hoptimus0,random,abs,1,1,0,spot,TENX111,0.9366317016317016,2.114956034325289,2.512608106031239,0.040501165501165504,0.022867132867132867,1716,50
COAD,shipped,hoptimus0,random,abs,1,1,0,spot,TENX147,0.8504133685136324,2.114956034325296,3.701166003714567,0.08390501319261214,0.06568161829375549,1137,50
COAD,shipped,hoptimus0,random,abs,1,1,0,spot,TENX148,0.8929442970822281,2.114956034325296,2.8560094805576433,0.0569761273209549,0.05007957559681698,1131,50
COAD,shipped,hoptimus0,random,abs,1,1,0,spot,TENX149,0.9084748858447489,2.114956034325296,2.738663614055111,0.044767123287671226,0.0467579908675799,1095,50
COAD,shipped,hoptimus0,random,abs,1,2,0,spot,TENX111,0.9393424317617866,2.135642446610946,2.515957499752978,0.03901985111662531,0.021637717121588088,1612,50
COAD,shipped,hoptimus0,random,abs,1,2,0,spot,TENX147,0.8586281588447653,2.1356424466109347,3.604676375355502,0.08137184115523466,0.06,1108,50
COAD,shipped,hoptimus0,random,abs,1,2,0,spot,TENX148,0.8865012831479898,2.135642446610936,2.909318536238229,0.05948674080410608,0.05401197604790419,1169,50
COAD,shipped,hoptimus0,random,abs,1,2,0,spot,TENX149,0.9095294117647059,2.1356424466109365,2.7579667006902526,0.04707563025210084,0.043394957983193275,1190,50
COAD,shipped,hoptimus0,random,abs,1,3,0,spot,TENX111,0.9354140914709518,2.111396312544156,2.507450921216075,0.04159456118665019,0.022991347342398022,1618,50
COAD,shipped,hoptimus0,random,abs,1,3,0,spot,TENX147,0.8545388127853881,2.111396312544155,3.6384000822056204,0.07570776255707763,0.06975342465753424,1095,50
COAD,shipped,hoptimus0,random,abs,1,3,0,spot,TENX148,0.884808362369338,2.1113963125441555,2.8930804014676186,0.057299651567944254,0.05789198606271777,1148,50
COAD,shipped,hoptimus0,random,abs,1,3,0,spot,TENX149,0.9053366174055829,2.111396312544156,2.7856277713458426,0.048801313628899834,0.04586206896551724,1218,50
COAD,shipped,hoptimus0,random,abs,1,4,0,spot,TENX111,0.9381534622582657,2.1306087238918137,2.5209632423239317,0.040386774797255144,0.021459762944479103,1603,50
COAD,shipped,hoptimus0,random,abs,1,4,0,spot,TENX147,0.8599105545617174,2.1306087238918185,3.6082867273466497,0.07470483005366726,0.06538461538461539,1118,50
COAD,shipped,hoptimus0,random,abs,1,4,0,spot,TENX148,0.8906713780918727,2.1306087238918185,2.869224309731828,0.05726148409893993,0.05206713780918728,1132,50
COAD,shipped,hoptimus0,random,abs,1,4,0,spot,TENX149,0.9055954323001632,2.130608723891817,2.794064500273617,0.047879282218597066,0.046525285481239805,1226,50
HCC,shipped,hoptimus0,random,abs,0,0,0,spot,NCBI642,0.9176630963972737,1.5474035797351333,1.9942578653251135,0.06459591041869522,0.01774099318403116,1027,50
HCC,shipped,hoptimus0,random,abs,0,0,0,spot,NCBI643,0.8856677524429968,1.5474035797351349,2.1908255058922688,0.08068403908794788,0.03364820846905538,1228,50
HCC,shipped,hoptimus0,random,abs,0,1,0,spot,NCBI642,0.9168099331423113,1.5452639475770287,1.9975347994556152,0.06727793696275071,0.01591212989493792,1047,50
HCC,shipped,hoptimus0,random,abs,0,1,0,spot,NCBI643,0.8828476821192054,1.5452639475770291,2.217340876977406,0.08428807947019867,0.032864238410596026,1208,50
HCC,shipped,hoptimus0,random,abs,0,2,0,spot,NCBI642,0.919067055393586,1.5674871141616804,1.9989560788456904,0.06528668610301264,0.01564625850340136,1029,50
HCC,shipped,hoptimus0,random,abs,0,2,0,spot,NCBI643,0.8902773246329526,1.567487114161682,2.186198356313986,0.07681892332789558,0.03290375203915172,1226,50
HCC,shipped,hoptimus0,random,abs,0,3,0,spot,NCBI642,0.9172779922779922,1.5485808782460087,1.992259233735389,0.06575289575289575,0.01696911196911197,1036,50
HCC,shipped,hoptimus0,random,abs,0,3,0,spot,NCBI643,0.8868416735028712,1.5485808782460087,2.183391736958205,0.08001640689089419,0.03314191960623462,1219,50
HCC,shipped,hoptimus0,random,abs,0,4,0,spot,NCBI642,0.9179693486590038,1.5358493529198238,1.962335783554156,0.06404214559386973,0.017988505747126435,1044,50
HCC,shipped,hoptimus0,random,abs,0,4,0,spot,NCBI643,0.8819653179190752,1.5358493529198225,2.2140211518761195,0.08434351775392238,0.033691164327002476,1211,50
HCC,shipped,hoptimus0,random,abs,1,0,0,spot,NCBI642,0.9138461538461539,1.5527098313426828,2.0098055399914054,0.06704936854190585,0.0191044776119403,871,50
HCC,shipped,hoptimus0,random,abs,1,0,0,spot,NCBI643,0.8860373831775701,1.5527098313426848,2.187175694081022,0.08108411214953272,0.03287850467289719,1070,50
HCC,shipped,hoptimus0,random,abs,1,1,0,spot,NCBI642,0.914448160535117,1.5478979098674577,2.008327097430854,0.06622073578595318,0.019331103678929765,897,50
HCC,shipped,hoptimus0,random,abs,1,1,0,spot,NCBI643,0.8866475095785441,1.5478979098674566,2.196381973848123,0.0850191570881226,0.028333333333333335,1044,50
HCC,shipped,hoptimus0,random,abs,1,2,0,spot,NCBI642,0.9211221122112211,1.5656865990130135,1.9791879511993402,0.06286028602860286,0.016017601760176015,909,50
HCC,shipped,hoptimus0,random,abs,1,2,0,spot,NCBI643,0.8914728682170542,1.5656865990130142,2.180423811321118,0.07854651162790698,0.02998062015503876,1032,50
HCC,shipped,hoptimus0,random,abs,1,3,0,spot,NCBI642,0.9181436464088398,1.555233540491461,1.9951102736999227,0.06424309392265194,0.017613259668508286,905,50
HCC,shipped,hoptimus0,random,abs,1,3,0,spot,NCBI643,0.8915057915057915,1.5552335404914612,2.1826235732152437,0.0800965250965251,0.028397683397683397,1036,50
HCC,shipped,hoptimus0,random,abs,1,4,0,spot,NCBI642,0.9191973244147157,1.5521677336181157,1.959984984852635,0.06080267558528428,0.02,897,50
HCC,shipped,hoptimus0,random,abs,1,4,0,spot,NCBI643,0.8873563218390805,1.5521677336181157,2.1737179757004546,0.08053639846743295,0.03210727969348659,1044,50
IDC,shipped,hoptimus0,random,abs,0,0,0,spot,NCBI783,0.8655498575498575,2.09075783814678,3.1148703333568033,0.06600569800569801,0.06844444444444445,1755,50
IDC,shipped,hoptimus0,random,abs,0,0,0,spot,NCBI785,0.8500518582541055,2.090757838146781,3.3713726119820766,0.06943820224719101,0.08050993949870355,2314,50
IDC,shipped,hoptimus0,random,abs,0,0,0,spot,TENX95,0.9046190893169878,2.090757838146764,2.755661932091455,0.054006129597197895,0.04137478108581436,4568,50
IDC,shipped,hoptimus0,random,abs,0,0,0,spot,TENX99,0.9176756845925438,2.0907578381467893,2.623292972834654,0.04606565489937314,0.03625866050808314,12124,50
IDC,shipped,hoptimus0,random,abs,0,1,0,spot,NCBI783,0.8629801699716714,2.0710369667585646,3.1254648819338264,0.06973371104815863,0.06728611898016998,1765,50
IDC,shipped,hoptimus0,random,abs,0,1,0,spot,NCBI785,0.8438120104438643,2.07103696675857,3.4255642190974487,0.07490861618798955,0.08127937336814622,2298,50
IDC,shipped,hoptimus0,random,abs,0,1,0,spot,TENX95,0.9016981981981982,2.071036966758567,2.7558982297504246,0.05614864864864865,0.042153153153153156,4440,50
IDC,shipped,hoptimus0,random,abs,0,1,0,spot,TENX99,0.9156534508076358,2.0710369667585633,2.618354003274398,0.04720509055310817,0.037141458639256,12258,50
IDC,shipped,hoptimus0,random,abs,0,2,0,spot,NCBI783,0.866536023054755,2.0837011801552485,3.0812842205141013,0.06646685878962537,0.0669971181556196,1735,50
IDC,shipped,hoptimus0,random,abs,0,2,0,spot,NCBI785,0.8477905491698595,2.0837011801552485,3.3641837543189665,0.07821200510855683,0.07399744572158365,2349,50
IDC,shipped,hoptimus0,random,abs,0,2,0,spot,TENX95,0.9040893015030946,2.0837011801552565,2.758445735684147,0.05318302387267905,0.04272767462422635,4524,50
IDC,shipped,hoptimus0,random,abs,0,2,0,spot,TENX99,0.9171562577141447,2.0837011801552876,2.6150196468056333,0.04650374393153954,0.036339998354315804,12153,50
IDC,shipped,hoptimus0,random,abs,0,3,0,spot,NCBI783,0.8629136081309994,2.0688387179961483,3.1048978834154495,0.06652738565782043,0.07055900621118012,1771,50
IDC,shipped,hoptimus0,random,abs,0,3,0,spot,NCBI785,0.8415802675585284,2.068838717996149,3.470290100268226,0.07575250836120401,0.08266722408026755,2392,50
IDC,shipped,hoptimus0,random,abs,0,3,0,spot,TENX95,0.9024536628420123,2.068838717996142,2.7415186617035805,0.054713150926743156,0.042833186231244484,4532,50
IDC,shipped,hoptimus0,random,abs,0,3,0,spot,TENX99,0.9149262390187303,2.0688387179962135,2.6181348102477715,0.04706116360019891,0.038012597381070774,12066,50
IDC,shipped,hoptimus0,random,abs,0,4,0,spot,NCBI783,0.8625847953216375,2.062362837928172,3.1151488660683437,0.06567251461988305,0.07174269005847952,1710,50
IDC,shipped,hoptimus0,random,abs,0,4,0,spot,NCBI785,0.841685726387124,2.06236283792816,3.4031906970058996,0.08415078356628547,0.07416349004659044,2361,50
IDC,shipped,hoptimus0,random,abs,0,4,0,spot,TENX95,0.9009658839167036,2.062362837928196,2.7553642310118285,0.0556092157731502,0.04342490031014621,4514,50
IDC,shipped,hoptimus0,random,abs,0,4,0,spot,TENX99,0.9137697109067017,2.0623628379281334,2.620960520294158,0.04805354796320631,0.038176741130091986,12176,50
IDC,shipped,hoptimus0,random,abs,1,0,0,spot,NCBI783,0.8606752411575563,2.064281747603603,3.1406936198081894,0.06980707395498392,0.06951768488745981,622,50
IDC,shipped,hoptimus0,random,abs,1,0,0,spot,NCBI785,0.8412820512820512,2.0642817476035997,3.406194750575313,0.0793006993006993,0.07941724941724942,858,50
IDC,shipped,hoptimus0,random,abs,1,0,0,spot,TENX95,0.903712433706541,2.064281747603596,2.7364439687583073,0.05475545079552151,0.04153211549793753,1697,50
IDC,shipped,hoptimus0,random,abs,1,0,0,spot,TENX99,0.9132489635609862,2.064281747603607,2.630698222318848,0.04890246563386429,0.037848570805149466,4583,50
IDC,shipped,hoptimus0,random,abs,1,1,0,spot,NCBI783,0.8529912023460411,2.056793258911234,3.1922304712833336,0.07052785923753666,0.07648093841642228,682,50
IDC,shipped,hoptimus0,random,abs,1,1,0,spot,NCBI785,0.8460928652321631,2.0567932589112363,3.3089810622479456,0.07447338618346545,0.07943374858437145,883,50
IDC,shipped,hoptimus0,random,abs,1,1,0,spot,TENX95,0.9000115473441109,2.0567932589112305,2.740583921035983,0.055196304849884525,0.044792147806004615,1732,50
IDC,shipped,hoptimus0,random,abs,1,1,0,spot,TENX99,0.9137934125028008,2.0567932589112465,2.615433027231545,0.04773022630517589,0.0384763611920233,4463,50
IDC,shipped,hoptimus0,random,abs,1,2,0,spot,NCBI783,0.8574114021571648,2.0639491791811544,3.181073138819172,0.07411402157164869,0.06847457627118644,649,50
IDC,shipped,hoptimus0,random,abs,1,2,0,spot,NCBI785,0.8365903890160183,2.0639491791811535,3.4893179530401452,0.08377574370709383,0.07963386727688787,874,50
IDC,shipped,hoptimus0,random,abs,1,2,0,spot,TENX95,0.9029319371727749,2.063949179181142,2.737122752034033,0.052902850494473526,0.04416521233275159,1719,50
IDC,shipped,hoptimus0,random,abs,1,2,0,spot,TENX99,0.9144090305444886,2.0639491791811566,2.620605290479224,0.047954847277556445,0.037636122177954846,4518,50
IDC,shipped,hoptimus0,random,abs,1,3,0,spot,NCBI783,0.866885758998435,2.07980957184686,3.098601703664306,0.06707355242566511,0.06604068857589984,639,50
IDC,shipped,hoptimus0,random,abs,1,3,0,spot,NCBI785,0.8436141906873614,2.0798095718468583,3.403477195985301,0.08361419068736142,0.07277161862527716,902,50
IDC,shipped,hoptimus0,random,abs,1,3,0,spot,TENX95,0.9064343786295005,2.0798095718468605,2.725112801394074,0.05275261324041811,0.0408130081300813,1722,50
IDC,shipped,hoptimus0,random,abs,1,3,0,spot,TENX99,0.9161085167889705,2.0798095718468534,2.6263366481279915,0.04681343117633978,0.03707805203468979,4497,50
IDC,shipped,hoptimus0,random,abs,1,4,0,spot,NCBI783,0.8639244186046511,2.075263654839057,3.1012654837413227,0.06636627906976744,0.0697093023255814,688,50
IDC,shipped,hoptimus0,random,abs,1,4,0,spot,NCBI785,0.8454723127035831,2.075263654839053,3.389998942279841,0.0813029315960912,0.07322475570032574,921,50
IDC,shipped,hoptimus0,random,abs,1,4,0,spot,TENX95,0.9048219497956801,2.0752636548390666,2.742141328257688,0.052924693520140106,0.0422533566841798,1713,50
IDC,shipped,hoptimus0,random,abs,1,4,0,spot,TENX99,0.9165615141955835,2.075263654839018,2.6175688282926184,0.04622352410995944,0.03721496169445696,4438,50
IDC,shipped,hoptimus0,random,abs,2,0,0,spot,NCBI783,0.8721764705882353,2.073504186548434,3.063096116273615,0.06447058823529411,0.06335294117647058,340,50
IDC,shipped,hoptimus0,random,abs,2,0,0,spot,NCBI785,0.8468722466960352,2.073504186548434,3.33696483957239,0.07497797356828194,0.07814977973568282,454,50
IDC,shipped,hoptimus0,random,abs,2,0,0,spot,TENX95,0.9016844602609727,2.0735041865484347,2.763756004697126,0.05572953736654804,0.04258600237247924,843,50
IDC,shipped,hoptimus0,random,abs,2,0,0,spot,TENX99,0.914386852085967,2.073504186548426,2.617165477307991,0.046725663716814164,0.038887484197218714,2373,50
IDC,shipped,hoptimus0,random,abs,2,1,0,spot,NCBI783,0.861801242236025,2.0637794029878798,3.1239084042644305,0.0653416149068323,0.07285714285714286,322,50
IDC,shipped,hoptimus0,random,abs,2,1,0,spot,NCBI785,0.8387633262260128,2.0637794029878798,3.555150593213108,0.07816631130063965,0.08307036247334755,469,50
IDC,shipped,hoptimus0,random,abs,2,1,0,spot,TENX95,0.899134295227525,2.0637794029878846,2.783334418833275,0.05531631520532741,0.045549389567147616,901,50
IDC,shipped,hoptimus0,random,abs,2,1,0,spot,TENX99,0.9151164797239,2.063779402987871,2.60923658682915,0.046729939603106126,0.03815358067299396,2318,50
IDC,shipped,hoptimus0,random,abs,2,2,0,spot,NCBI783,0.8536656891495601,2.0713062524276884,3.21589003299582,0.06727272727272728,0.0790615835777126,341,50
IDC,shipped,hoptimus0,random,abs,2,2,0,spot,NCBI785,0.8499103139013452,2.071306252427689,3.2846228702404776,0.08255605381165919,0.06753363228699552,446,50
IDC,shipped,hoptimus0,random,abs,2,2,0,spot,TENX95,0.9013990825688073,2.071306252427683,2.761284525595349,0.055,0.04360091743119266,872,50
IDC,shipped,hoptimus0,random,abs,2,2,0,spot,TENX99,0.9149723521905573,2.0713062524276866,2.627316083927947,0.047392598894087624,0.037635048915355164,2351,50
IDC,shipped,hoptimus0,random,abs,2,3,0,spot,NCBI783,0.8584750733137829,2.0685453348231526,3.139381878730112,0.06715542521994135,0.07436950146627566,341,50
IDC,shipped,hoptimus0,random,abs,2,3,0,spot,NCBI785,0.8479295154185021,2.068545334823152,3.282343644273523,0.07409691629955947,0.07797356828193833,454,50
IDC,shipped,hoptimus0,random,abs,2,3,0,spot,TENX95,0.9039491916859123,2.0685453348231513,2.729659323297937,0.05300230946882217,0.043048498845265584,866,50
IDC,shipped,hoptimus0,random,abs,2,3,0,spot,TENX99,0.9147126436781609,2.0685453348231606,2.618179337833918,0.047977862920391655,0.03730949340144742,2349,50
IDC,shipped,hoptimus0,random,abs,2,4,0,spot,NCBI783,0.8674838709677419,2.0642893721038926,3.0512880666169666,0.066,0.06651612903225806,310,50
IDC,shipped,hoptimus0,random,abs,2,4,0,spot,NCBI785,0.8409699769053118,2.0642893721038917,3.4299443810182106,0.08424942263279446,0.07478060046189378,433,50
IDC,shipped,hoptimus0,random,abs,2,4,0,spot,TENX95,0.8996334478808705,2.0642893721038966,2.784329387916888,0.054982817869415807,0.04538373424971363,873,50
IDC,shipped,hoptimus0,random,abs,2,4,0,spot,TENX99,0.9158813700918964,2.0642893721038913,2.602132330349849,0.046675020885547196,0.03744360902255639,2394,50
IDC,shipped,hoptimus0,random,abs,3,0,0,spot,NCBI783,0.862453531598513,2.0636886789727105,3.1612469388128352,0.07605947955390334,0.06148698884758364,269,50
IDC,shipped,hoptimus0,random,abs,3,0,0,spot,NCBI785,0.8391331269349845,2.0636886789727105,3.564895967841327,0.0869969040247678,0.07386996904024767,323,50
IDC,shipped,hoptimus0,random,abs,3,0,0,spot,TENX95,0.9053235294117647,2.063688678972708,2.7115468625137686,0.053382352941176464,0.04129411764705883,680,50
IDC,shipped,hoptimus0,random,abs,3,0,0,spot,TENX99,0.9162031159838431,2.0636886789727202,2.610295564914525,0.04645124062319676,0.03734564339296018,1733,50
IDC,shipped,hoptimus0,random,abs,3,1,0,spot,NCBI783,0.8628682170542636,2.0658988884860476,3.0671680821388168,0.06837209302325581,0.06875968992248062,258,50
IDC,shipped,hoptimus0,random,abs,3,1,0,spot,NCBI785,0.843102310231023,2.0658988884860467,3.3985951614544545,0.07900990099009901,0.07788778877887789,303,50
IDC,shipped,hoptimus0,random,abs,3,1,0,spot,TENX95,0.9009422492401216,2.0658988884860467,2.7704135205578706,0.05534954407294832,0.04370820668693009,658,50
IDC,shipped,hoptimus0,random,abs,3,1,0,spot,TENX99,0.9141881298992162,2.06589888848605,2.631124227116791,0.048902575587905936,0.03690929451287794,1786,50
IDC,shipped,hoptimus0,random,abs,3,2,0,spot,NCBI783,0.8503875968992248,2.07310092355666,3.17368006310232,0.07534883720930233,0.07426356589147287,258,50
IDC,shipped,hoptimus0,random,abs,3,2,0,spot,NCBI785,0.8392125984251969,2.0731009235566584,3.5194087011642154,0.08356955380577429,0.07721784776902887,381,50
IDC,shipped,hoptimus0,random,abs,3,2,0,spot,TENX95,0.9044690966719493,2.0731009235566584,2.710308707578979,0.054136291600633914,0.041394611727416805,631,50
IDC,shipped,hoptimus0,random,abs,3,2,0,spot,TENX99,0.9168414985590778,2.073100923556664,2.6086144500410895,0.04667435158501441,0.03648414985590778,1735,50
IDC,shipped,hoptimus0,random,abs,3,3,0,spot,NCBI783,0.8609322033898305,2.07436771409822,3.120247114172226,0.06084745762711864,0.07822033898305085,236,50
IDC,shipped,hoptimus0,random,abs,3,3,0,spot,NCBI785,0.8548189415041783,2.07436771409822,3.2185278733918663,0.07671309192200557,0.06846796657381615,359,50
IDC,shipped,hoptimus0,random,abs,3,3,0,spot,TENX95,0.9000571428571429,2.0743677140982246,2.7744694615277994,0.055085714285714286,0.04485714285714286,700,50
IDC,shipped,hoptimus0,random,abs,3,3,0,spot,TENX99,0.9167251461988305,2.0743677140982246,2.613668919788645,0.04610526315789474,0.03716959064327485,1710,50
IDC,shipped,hoptimus0,random,abs,3,4,0,spot,NCBI783,0.8738039215686274,2.081494963725069,3.00156719298864,0.06752941176470588,0.058666666666666666,255,50
IDC,shipped,hoptimus0,random,abs,3,4,0,spot,NCBI785,0.8582608695652173,2.08149496372507,3.2161455911820105,0.06875362318840579,0.07298550724637681,345,50
IDC,shipped,hoptimus0,random,abs,3,4,0,spot,TENX95,0.9044625407166123,2.081494963725067,2.7417929587860255,0.054983713355048855,0.040553745928338755,614,50
IDC,shipped,hoptimus0,random,abs,3,4,0,spot,TENX99,0.9165270798436628,2.081494963725066,2.625000700786243,0.04734785036292574,0.0361250697934115,1791,50
LUNG,shipped,hoptimus0,random,abs,0,0,0,spot,TENX118,0.896448,1.9780925392296922,2.6487455666101996,0.05224,0.051311999999999997,1250,50
LUNG,shipped,hoptimus0,random,abs,0,0,0,spot,TENX141,0.9079522862823062,1.9780925392296964,2.511868535231339,0.043300198807157055,0.04874751491053678,2012,50
LUNG,shipped,hoptimus0,random,abs,0,1,0,spot,TENX118,0.8976322020520915,1.9818555667730826,2.6495196716288456,0.051475927387529596,0.050891870560378846,1267,50
LUNG,shipped,hoptimus0,random,abs,0,1,0,spot,TENX141,0.903578947368421,1.981855566773076,2.5456668783618412,0.04764912280701754,0.048771929824561404,1995,50
LUNG,shipped,hoptimus0,random,abs,0,2,0,spot,TENX118,0.8901210653753027,1.931355995046771,2.627934993864548,0.05409200968523002,0.05578692493946731,1239,50
LUNG,shipped,hoptimus0,random,abs,0,2,0,spot,TENX141,0.8969649036085022,1.9313559950467798,2.519905398674484,0.048591201186356896,0.05444389520514088,2023,50
LUNG,shipped,hoptimus0,random,abs,0,3,0,spot,TENX118,0.9002172096908939,1.9888421765762376,2.6435188443294653,0.049323308270676686,0.0504594820384294,1197,50
LUNG,shipped,hoptimus0,random,abs,0,3,0,spot,TENX141,0.9051041162227602,1.9888421765762496,2.52835491937765,0.0449685230024213,0.0499273607748184,2065,50
LUNG,shipped,hoptimus0,random,abs,0,4,0,spot,TENX118,0.8995126050420168,1.9901192250006148,2.6432856666072575,0.047831932773109244,0.05265546218487395,1190,50
LUNG,shipped,hoptimus0,random,abs,0,4,0,spot,TENX141,0.9065637065637066,1.9901192250006292,2.5188104482727,0.04604247104247104,0.047393822393822393,2072,50
LUNG,shipped,hoptimus0,random,abs,1,0,0,spot,TENX118,0.8945505617977528,1.963505665783579,2.6556061916503744,0.05393258426966292,0.051516853932584275,712,50
LUNG,shipped,hoptimus0,random,abs,1,0,0,spot,TENX141,0.902646103896104,1.9635056657835772,2.513451730809161,0.04400974025974026,0.05334415584415584,1232,50
LUNG,shipped,hoptimus0,random,abs,1,1,0,spot,TENX118,0.8947913669064748,1.9699791434138978,2.6067168546107906,0.049582733812949635,0.055625899280575535,695,50
LUNG,shipped,hoptimus0,random,abs,1,1,0,spot,TENX141,0.9027221777421937,1.9699791434139045,2.5219914123220972,0.0455564451561249,0.05172137710168134,1249,50
LUNG,shipped,hoptimus0,random,abs,1,2,0,spot,TENX118,0.8954700854700854,1.9604012246866085,2.6350473538140187,0.052022792022792023,0.05250712250712251,702,50
LUNG,shipped,hoptimus0,random,abs,1,2,0,spot,TENX141,0.9025120772946861,1.9604012246866096,2.5207016675128213,0.04539452495974235,0.05209339774557166,1242,50
LUNG,shipped,hoptimus0,random,abs,1,3,0,spot,TENX118,0.893563829787234,1.9528734443054987,2.6390402199242713,0.0524468085106383,0.053989361702127654,752,50
LUNG,shipped,hoptimus0,random,abs,1,3,0,spot,TENX141,0.9002852348993288,1.9528734443054916,2.512894744450548,0.04568791946308725,0.05402684563758389,1192,50
LUNG,shipped,hoptimus0,random,abs,1,4,0,spot,TENX118,0.8982548476454294,1.9799897940198548,2.6214450893801544,0.051939058171745156,0.049806094182825486,722,50
LUNG,shipped,hoptimus0,random,abs,1,4,0,spot,TENX141,0.9051882160392799,1.9799897940198505,2.5118895208268115,0.044828150572831425,0.049983633387888714,1222,50
LYMPH_IDC,shipped,hoptimus0,random,abs,0,0,0,spot,NCBI681,0.9071496815286625,1.4839988141625375,1.9379018108677986,0.06815286624203822,0.024697452229299362,1256,50
LYMPH_IDC,shipped,hoptimus0,random,abs,0,0,0,spot,NCBI682,0.8336850649350649,1.483998814162538,2.3971829900716237,0.09996753246753247,0.0663474025974026,1232,50
LYMPH_IDC,shipped,hoptimus0,random,abs,0,0,0,spot,NCBI683,0.9246287519747236,1.483998814162538,1.8145836298308877,0.054502369668246446,0.020868878357030014,1266,50
LYMPH_IDC,shipped,hoptimus0,random,abs,0,0,0,spot,NCBI684,0.9330533117932148,1.483998814162538,1.7944678469539352,0.051938610662358636,0.015008077544426495,1238,50
LYMPH_IDC,shipped,hoptimus0,random,abs,0,1,0,spot,NCBI681,0.9092440944881889,1.4867732934062687,1.9231510001421868,0.06568503937007873,0.025070866141732283,1270,50
LYMPH_IDC,shipped,hoptimus0,random,abs,0,1,0,spot,NCBI682,0.8362868525896414,1.4867732934062687,2.352731271832406,0.10223107569721115,0.061482071713147415,1255,50
LYMPH_IDC,shipped,hoptimus0,random,abs,0,1,0,spot,NCBI683,0.9279315960912052,1.4867732934062687,1.8063908475654211,0.052231270358306194,0.0198371335504886,1228,50
LYMPH_IDC,shipped,hoptimus0,random,abs,0,1,0,spot,NCBI684,0.9382405165456013,1.4867732934062687,1.7612833071578817,0.04705407586763519,0.01470540758676352,1239,50
LYMPH_IDC,shipped,hoptimus0,random,abs,0,2,0,spot,NCBI681,0.9062903225806451,1.4835923248174347,1.9428450061270135,0.07117741935483872,0.02253225806451613,1240,50
LYMPH_IDC,shipped,hoptimus0,random,abs,0,2,0,spot,NCBI682,0.8299061032863849,1.483592324817435,2.3947818335450863,0.1007511737089202,0.06934272300469484,1278,50
LYMPH_IDC,shipped,hoptimus0,random,abs,0,2,0,spot,NCBI683,0.9257745336577453,1.4835923248174345,1.8149505434882118,0.052424979724249796,0.021800486618004867,1233,50
LYMPH_IDC,shipped,hoptimus0,random,abs,0,2,0,spot,NCBI684,0.9312651087832393,1.4835923248174347,1.8043452172360717,0.05331184528605963,0.015423045930701047,1241,50
LYMPH_IDC,shipped,hoptimus0,random,abs,0,3,0,spot,NCBI681,0.9089540412044375,1.4986357979956653,1.9358201143070837,0.06793977812995246,0.023106180665610144,1262,50
LYMPH_IDC,shipped,hoptimus0,random,abs,0,3,0,spot,NCBI682,0.8389135802469135,1.498635797995666,2.34921205387852,0.09395884773662551,0.06712757201646091,1215,50
LYMPH_IDC,shipped,hoptimus0,random,abs,0,3,0,spot,NCBI683,0.9292068429237947,1.498635797995665,1.8044865410202966,0.05227060653188181,0.018522550544323484,1286,50
LYMPH_IDC,shipped,hoptimus0,random,abs,0,3,0,spot,NCBI684,0.9354434499593165,1.4986357979956657,1.8065774898206075,0.05137510170870627,0.013181448331977217,1229,50
LYMPH_IDC,shipped,hoptimus0,random,abs,0,4,0,spot,NCBI681,0.9079934747145189,1.4889448173114763,1.9372197513796974,0.06858075040783035,0.023425774877650896,1226,50
LYMPH_IDC,shipped,hoptimus0,random,abs,0,4,0,spot,NCBI682,0.8359186991869919,1.4889448173114763,2.368999919963995,0.10069918699186992,0.0633821138211382,1230,50
LYMPH_IDC,shipped,hoptimus0,random,abs,0,4,0,spot,NCBI683,0.9284545454545454,1.4889448173114774,1.789363200785222,0.051727272727272726,0.019818181818181818,1320,50
LYMPH_IDC,shipped,hoptimus0,random,abs,0,4,0,spot,NCBI684,0.9339144736842105,1.4889448173114763,1.7975554263231082,0.05134868421052632,0.014736842105263158,1216,50
LYMPH_IDC,shipped,hoptimus0,random,abs,1,0,0,spot,NCBI681,0.9113848631239935,1.4864379566428514,1.9259282758412084,0.06623188405797102,0.022383252818035423,1242,50
LYMPH_IDC,shipped,hoptimus0,random,abs,1,0,0,spot,NCBI682,0.8388095238095238,1.4864379566428514,2.3470817305040956,0.09526984126984127,0.06592063492063492,1260,50
LYMPH_IDC,shipped,hoptimus0,random,abs,1,0,0,spot,NCBI683,0.9272266244057051,1.4864379566428514,1.8011972411821124,0.052060221870047545,0.02071315372424723,1262,50
LYMPH_IDC,shipped,hoptimus0,random,abs,1,0,0,spot,NCBI684,0.934869706840391,1.4864379566428514,1.7941346501709075,0.04969055374592834,0.015439739413680782,1228,50
LYMPH_IDC,shipped,hoptimus0,random,abs,1,1,0,spot,NCBI681,0.905388198757764,1.4795830343942944,1.9393120832184578,0.07105590062111801,0.023555900621118012,1288,50
LYMPH_IDC,shipped,hoptimus0,random,abs,1,1,0,spot,NCBI682,0.8334567901234569,1.4795830343942944,2.3738939776060555,0.10268518518518518,0.06385802469135803,1296,50
LYMPH_IDC,shipped,hoptimus0,random,abs,1,1,0,spot,NCBI683,0.9279324894514768,1.4795830343942946,1.783837788072656,0.052793248945147676,0.019274261603375527,1185,50
LYMPH_IDC,shipped,hoptimus0,random,abs,1,1,0,spot,NCBI684,0.9305151267375307,1.4795830343942944,1.800013229594461,0.0540801308258381,0.015404742436631235,1223,50
LYMPH_IDC,shipped,hoptimus0,random,abs,1,2,0,spot,NCBI681,0.9077715205148833,1.4948558289314795,1.9292622918722033,0.06820595333869671,0.024022526146419955,1243,50
LYMPH_IDC,shipped,hoptimus0,random,abs,1,2,0,spot,NCBI682,0.8360574620909815,1.4948558289314795,2.421575565887392,0.09636073423782922,0.06758180367118914,1253,50
LYMPH_IDC,shipped,hoptimus0,random,abs,1,2,0,spot,NCBI683,0.9292651757188498,1.4948558289314795,1.8065504041749174,0.052715654952076675,0.018019169329073482,1252,50
LYMPH_IDC,shipped,hoptimus0,random,abs,1,2,0,spot,NCBI684,0.9356913183279743,1.4948558289314795,1.7892236856867294,0.05033762057877813,0.013971061093247588,1244,50
LYMPH_IDC,shipped,hoptimus0,random,abs,1,3,0,spot,NCBI681,0.9046798418972333,1.4762416049315914,1.9492157365021925,0.0719209486166008,0.023399209486166007,1265,50
LYMPH_IDC,shipped,hoptimus0,random,abs,1,3,0,spot,NCBI682,0.830618301731245,1.4762416049315914,2.4078707650838025,0.09958779884583677,0.06979389942291839,1213,50
LYMPH_IDC,shipped,hoptimus0,random,abs,1,3,0,spot,NCBI683,0.9259294117647059,1.4762416049315914,1.7963570567666591,0.054839215686274506,0.019231372549019608,1275,50
LYMPH_IDC,shipped,hoptimus0,random,abs,1,3,0,spot,NCBI684,0.9303470540758677,1.4762416049315914,1.7900185348715134,0.054253430185633576,0.01539951573849879,1239,50
LYMPH_IDC,shipped,hoptimus0,random,abs,1,4,0,spot,NCBI681,0.9054927302100161,1.482833178166826,1.9521362440394159,0.06977382875605816,0.024733441033925687,1238,50
LYMPH_IDC,shipped,hoptimus0,random,abs,1,4,0,spot,NCBI682,0.8363665338645419,1.482833178166826,2.379201948998524,0.10060557768924303,0.06302788844621514,1255,50
LYMPH_IDC,shipped,hoptimus0,random,abs,1,4,0,spot,NCBI683,0.9259362224039248,1.4828331781668256,1.810807296960043,0.053082583810302536,0.020981193785772692,1223,50
LYMPH_IDC,shipped,hoptimus0,random,abs,1,4,0,spot,NCBI684,0.9305485893416927,1.4828331781668262,1.8066018917656306,0.05443573667711599,0.015015673981191222,1276,50
LYMPH_IDC,shipped,hoptimus0,random,abs,2,0,0,spot,NCBI681,0.9078947368421052,1.4904213438949674,1.9499316420491801,0.06832535885167464,0.023779904306220095,1254,50
LYMPH_IDC,shipped,hoptimus0,random,abs,2,0,0,spot,NCBI682,0.8385062240663901,1.4904213438949672,2.3421728107659145,0.09895435684647304,0.06253941908713694,1205,50
LYMPH_IDC,shipped,hoptimus0,random,abs,2,0,0,spot,NCBI683,0.9298512137823023,1.4904213438949674,1.8037855352965326,0.05168363351605325,0.018465152701644477,1277,50
LYMPH_IDC,shipped,hoptimus0,random,abs,2,0,0,spot,NCBI684,0.9365974440894569,1.4904213438949674,1.7764603194661617,0.04926517571884984,0.01413738019169329,1252,50
LYMPH_IDC,shipped,hoptimus0,random,abs,2,1,0,spot,NCBI681,0.905910931174089,1.4888722357341908,1.947029216448004,0.07148178137651823,0.022607287449392714,1235,50
LYMPH_IDC,shipped,hoptimus0,random,abs,2,1,0,spot,NCBI682,0.8339512961508249,1.4888722357341913,2.3599805716325584,0.09923016496465044,0.06681853888452474,1273,50
LYMPH_IDC,shipped,hoptimus0,random,abs,2,1,0,spot,NCBI683,0.9273622704507513,1.4888722357341906,1.799793913590717,0.05342237061769616,0.019215358931552587,1198,50
LYMPH_IDC,shipped,hoptimus0,random,abs,2,1,0,spot,NCBI684,0.9331201248049922,1.488872235734191,1.802051173809563,0.051591263650546025,0.015288611544461778,1282,50
LYMPH_IDC,shipped,hoptimus0,random,abs,2,2,0,spot,NCBI681,0.9071358428805237,1.4745135707773358,1.929573773751074,0.06823240589198036,0.02463175122749591,1222,50
LYMPH_IDC,shipped,hoptimus0,random,abs,2,2,0,spot,NCBI682,0.8305863708399366,1.474513570777336,2.3969605486057963,0.10247226624405706,0.06694136291600633,1262,50
LYMPH_IDC,shipped,hoptimus0,random,abs,2,2,0,spot,NCBI683,0.9260924040720439,1.4745135707773362,1.7995686141032747,0.05395458104933438,0.019953014878621767,1277,50
LYMPH_IDC,shipped,hoptimus0,random,abs,2,2,0,spot,NCBI684,0.9345884270578647,1.4745135707773358,1.7765585774074772,0.05079054604726976,0.014621026894865526,1227,50
LYMPH_IDC,shipped,hoptimus0,random,abs,2,3,0,spot,NCBI681,0.9039777247414479,1.4707342606535738,1.9340746880825206,0.06836913285600636,0.027653142402545745,1257,50
LYMPH_IDC,shipped,hoptimus0,random,abs,2,3,0,spot,NCBI682,0.8248678943154524,1.4707342606535736,2.412080877864732,0.10616493194555644,0.0689671737389912,1249,50
LYMPH_IDC,shipped,hoptimus0,random,abs,2,3,0,spot,NCBI683,0.927315875613748,1.4707342606535736,1.7841864310334807,0.052913256955810145,0.0197708674304419,1222,50
LYMPH_IDC,shipped,hoptimus0,random,abs,2,3,0,spot,NCBI684,0.932142857142857,1.4707342606535736,1.78248803150919,0.052476190476190475,0.015380952380952382,1260,50
LYMPH_IDC,shipped,hoptimus0,random,abs,2,4,0,spot,NCBI681,0.9074173228346457,1.4810461888146673,1.9329712152043599,0.06960629921259842,0.022976377952755908,1270,50
LYMPH_IDC,shipped,hoptimus0,random,abs,2,4,0,spot,NCBI682,0.8284779050736497,1.4810461888146675,2.410177777206946,0.10589198036006547,0.06563011456628477,1222,50
LYMPH_IDC,shipped,hoptimus0,random,abs,2,4,0,spot,NCBI683,0.9260971786833856,1.481046188814667,1.805018684121532,0.05349529780564263,0.02040752351097179,1276,50
LYMPH_IDC,shipped,hoptimus0,random,abs,2,4,0,spot,NCBI684,0.9309508196721312,1.4810461888146675,1.7955779568276258,0.05434426229508196,0.014704918032786885,1220,50
LYMPH_IDC,shipped,hoptimus0,random,abs,3,0,0,spot,NCBI681,0.9027870150435472,1.4712316412879127,1.9521281559149422,0.07060965954077593,0.02660332541567696,1263,50
LYMPH_IDC,shipped,hoptimus0,random,abs,3,0,0,spot,NCBI682,0.8272536348949919,1.4712316412879125,2.419778443696972,0.10531502423263328,0.0674313408723748,1238,50
LYMPH_IDC,shipped,hoptimus0,random,abs,3,0,0,spot,NCBI683,0.9266084193804608,1.4712316412879127,1.7882246444542012,0.052946783161239075,0.02044479745830024,1259,50
LYMPH_IDC,shipped,hoptimus0,random,abs,3,0,0,spot,NCBI684,0.9332792207792209,1.4712316412879125,1.775279911474968,0.05202922077922078,0.014691558441558441,1232,50
LYMPH_IDC,shipped,hoptimus0,random,abs,3,1,0,spot,NCBI681,0.9049326599326599,1.482082909794206,1.9443434126204753,0.07015151515151516,0.02491582491582492,1188,50
LYMPH_IDC,shipped,hoptimus0,random,abs,3,1,0,spot,NCBI682,0.8351840490797546,1.4820829097942063,2.3698354445070082,0.09375766871165644,0.07105828220858895,1304,50
LYMPH_IDC,shipped,hoptimus0,random,abs,3,1,0,spot,NCBI683,0.9263542494042892,1.4820829097942063,1.8035757710909255,0.053582208101667986,0.020063542494042894,1259,50
LYMPH_IDC,shipped,hoptimus0,random,abs,3,1,0,spot,NCBI684,0.9312006446414182,1.482082909794206,1.793174775641614,0.05221595487510073,0.016583400483481062,1241,50
LYMPH_IDC,shipped,hoptimus0,random,abs,3,2,0,spot,NCBI681,0.9074429583005508,1.482510930892352,1.9301084716730024,0.06885916601101495,0.023697875688434303,1271,50
LYMPH_IDC,shipped,hoptimus0,random,abs,3,2,0,spot,NCBI682,0.8379094650205761,1.4825109308923516,2.3490646927196006,0.10174485596707818,0.06034567901234568,1215,50
LYMPH_IDC,shipped,hoptimus0,random,abs,3,2,0,spot,NCBI683,0.9262861869313482,1.4825109308923512,1.812133669498457,0.05376344086021505,0.019950372208436724,1209,50
LYMPH_IDC,shipped,hoptimus0,random,abs,3,2,0,spot,NCBI684,0.9338781804163454,1.4825109308923523,1.791139532390241,0.05023901310717039,0.015882806476484195,1297,50
LYMPH_IDC,shipped,hoptimus0,random,abs,3,3,0,spot,NCBI681,0.9067419354838709,1.4847551975262039,1.9453639852031612,0.07061290322580645,0.022645161290322582,1240,50
LYMPH_IDC,shipped,hoptimus0,random,abs,3,3,0,spot,NCBI682,0.8340217391304349,1.4847551975262043,2.3942261053374834,0.10076086956521739,0.06521739130434782,1288,50
LYMPH_IDC,shipped,hoptimus0,random,abs,3,3,0,spot,NCBI683,0.9277173030056864,1.4847551975262039,1.7958441774940856,0.05221770917952884,0.02006498781478473,1231,50
LYMPH_IDC,shipped,hoptimus0,random,abs,3,3,0,spot,NCBI684,0.9337064071370641,1.4847551975262039,1.7852637581712978,0.051062449310624494,0.015231143552311435,1233,50
LYMPH_IDC,shipped,hoptimus0,random,abs,3,4,0,spot,NCBI681,0.9074916387959867,1.4866199407374305,1.9465138143322265,0.06849498327759197,0.024013377926421407,1196,50
LYMPH_IDC,shipped,hoptimus0,random,abs,3,4,0,spot,NCBI682,0.8339151712887438,1.4866199407374305,2.3972243514383273,0.09949429037520391,0.0665905383360522,1226,50
LYMPH_IDC,shipped,hoptimus0,random,abs,3,4,0,spot,NCBI683,0.9241070023603462,1.4866199407374305,1.816706446610075,0.05683713611329662,0.019055861526357198,1271,50
LYMPH_IDC,shipped,hoptimus0,random,abs,3,4,0,spot,NCBI684,0.9307467282525019,1.4866199407374305,1.8136794601523087,0.05257890685142417,0.016674364896073903,1299,50
PAAD,shipped,hoptimus0,random,abs,0,0,0,spot,TENX116,0.8626151012891344,1.9490191002902861,3.225514848990723,0.06268876611418048,0.07469613259668509,543,50
PAAD,shipped,hoptimus0,random,abs,0,0,0,spot,TENX126,0.8907428571428571,1.949019100290286,2.648571172433128,0.06015238095238095,0.0491047619047619,525,50
PAAD,shipped,hoptimus0,random,abs,0,0,0,spot,TENX140,0.9286624203821657,1.9490191002902861,2.344473973516858,0.04278131634819533,0.028556263269639066,942,50
PAAD,shipped,hoptimus0,random,abs,0,1,0,spot,TENX116,0.8549333333333334,1.9503544906096146,3.3063844895351275,0.06826666666666667,0.0768,525,50
PAAD,shipped,hoptimus0,random,abs,0,1,0,spot,TENX126,0.8894377510040161,1.9503544906096146,2.645079584140435,0.06578313253012048,0.04477911646586345,498,50
PAAD,shipped,hoptimus0,random,abs,0,1,0,spot,TENX140,0.9270314083080041,1.9503544906096173,2.3411626164224133,0.04107396149949341,0.031894630192502535,987,50
PAAD,shipped,hoptimus0,random,abs,0,2,0,spot,TENX116,0.8583489681050657,1.926459814706755,3.153898985766434,0.07444652908067542,0.06720450281425891,533,50
PAAD,shipped,hoptimus0,random,abs,0,2,0,spot,TENX126,0.8841142857142857,1.926459814706755,2.6717974130307014,0.06384761904761904,0.05203809523809524,525,50
PAAD,shipped,hoptimus0,random,abs,0,2,0,spot,TENX140,0.9266806722689076,1.926459814706749,2.320682909744208,0.043172268907563024,0.030147058823529412,952,50
PAAD,shipped,hoptimus0,random,abs,0,3,0,spot,TENX116,0.8586988847583643,1.9195643623734298,3.1088706972083515,0.0712639405204461,0.07003717472118959,538,50
PAAD,shipped,hoptimus0,random,abs,0,3,0,spot,TENX126,0.8812865497076023,1.9195643623734298,2.7113470819564465,0.0671345029239766,0.05157894736842105,513,50
PAAD,shipped,hoptimus0,random,abs,0,3,0,spot,TENX140,0.9236704900938477,1.9195643623734275,2.33643243166761,0.041584984358706986,0.034744525547445254,959,50
PAAD,shipped,hoptimus0,random,abs,0,4,0,spot,TENX116,0.8575401069518717,1.9354695966595328,3.2774926999377207,0.06680926916221033,0.075650623885918,561,50
PAAD,shipped,hoptimus0,random,abs,0,4,0,spot,TENX126,0.888849902534113,1.935469596659533,2.646252835999958,0.06035087719298245,0.05079922027290448,513,50
PAAD,shipped,hoptimus0,random,abs,0,4,0,spot,TENX140,0.9279914529914529,1.935469596659527,2.333735873846315,0.041923076923076924,0.030085470085470085,936,50
PAAD,shipped,hoptimus0,random,abs,1,0,0,spot,TENX116,0.8577777777777778,1.949066421972419,3.3341736237989283,0.06620545073375263,0.0760167714884696,954,50
PAAD,shipped,hoptimus0,random,abs,1,0,0,spot,TENX126,0.8912723449001052,1.949066421972419,2.6863970263518335,0.05642481598317561,0.05230283911671925,951,50
PAAD,shipped,hoptimus0,random,abs,1,0,0,spot,TENX140,0.9276715542521994,1.9490664219724059,2.33498345005626,0.04102052785923754,0.03130791788856305,1705,50
PAAD,shipped,hoptimus0,random,abs,1,1,0,spot,TENX116,0.8596711202466598,1.9501909619584346,3.3464332640256824,0.065344295991778,0.07498458376156218,973,50
PAAD,shipped,hoptimus0,random,abs,1,1,0,spot,TENX126,0.8893842887473461,1.950190961958434,2.6677066696736036,0.06131634819532908,0.049299363057324845,942,50
PAAD,shipped,hoptimus0,random,abs,1,1,0,spot,TENX140,0.9301828908554571,1.950190961958437,2.3213249993600256,0.04,0.02981710914454277,1695,50
PAAD,shipped,hoptimus0,random,abs,1,2,0,spot,TENX116,0.8642765957446809,1.9477837962022975,3.3068133415274548,0.06389361702127659,0.07182978723404256,940,50
PAAD,shipped,hoptimus0,random,abs,1,2,0,spot,TENX126,0.8927035830618892,1.9477837962022975,2.6272540957283503,0.061085776330076,0.046210640608034745,921,50
PAAD,shipped,hoptimus0,random,abs,1,2,0,spot,TENX140,0.9276500857632933,1.9477837962022997,2.3414831545279355,0.04189822755860492,0.03045168667810177,1749,50
PAAD,shipped,hoptimus0,random,abs,1,3,0,spot,TENX116,0.8558202716823406,1.9459204452561019,3.2357973324737066,0.07638453500522466,0.06779519331243469,957,50
PAAD,shipped,hoptimus0,random,abs,1,3,0,spot,TENX126,0.8891514500537058,1.9459204452561016,2.6639116331032913,0.06032223415682062,0.05052631578947368,931,50
PAAD,shipped,hoptimus0,random,abs,1,3,0,spot,TENX140,0.9270963995354239,1.9459204452560999,2.3342099047559968,0.04227642276422764,0.03062717770034843,1722,50
PAAD,shipped,hoptimus0,random,abs,1,4,0,spot,TENX116,0.8684051724137931,1.9833012350409018,3.149201220290054,0.06681034482758622,0.0647844827586207,928,50
PAAD,shipped,hoptimus0,random,abs,1,4,0,spot,TENX126,0.8968,1.9833012350409018,2.646589532854654,0.05781052631578947,0.04538947368421053,950,50
PAAD,shipped,hoptimus0,random,abs,1,4,0,spot,TENX140,0.9315127020785219,1.983301235040892,2.339719337578982,0.04073903002309469,0.02774826789838337,1732,50
PAAD,shipped,hoptimus0,random,abs,2,0,0,spot,TENX116,0.8538919925512104,1.9406934091439223,3.331629495863018,0.0702048417132216,0.07590316573556798,537,50
PAAD,shipped,hoptimus0,random,abs,2,0,0,spot,TENX126,0.8841960784313726,1.940693409143922,2.739910466396641,0.06019607843137255,0.0556078431372549,510,50
PAAD,shipped,hoptimus0,random,abs,2,0,0,spot,TENX140,0.9267920353982301,1.9406934091439245,2.320769031154699,0.04274336283185841,0.030464601769911503,904,50
PAAD,shipped,hoptimus0,random,abs,2,1,0,spot,TENX116,0.8581925343811395,1.9489205278128054,3.4014761727126923,0.06695481335952849,0.07485265225933202,509,50
PAAD,shipped,hoptimus0,random,abs,2,1,0,spot,TENX126,0.8909333333333334,1.9489205278128054,2.662809566187369,0.05939047619047619,0.04967619047619047,525,50
PAAD,shipped,hoptimus0,random,abs,2,1,0,spot,TENX140,0.931123227917121,1.9489205278128123,2.3205469552428895,0.04023991275899672,0.028636859323882224,917,50
PAAD,shipped,hoptimus0,random,abs,2,2,0,spot,TENX116,0.8595190380761523,1.942781899029,3.252772025167804,0.07214428857715431,0.06833667334669338,499,50
PAAD,shipped,hoptimus0,random,abs,2,2,0,spot,TENX126,0.8894208494208494,1.942781899029,2.6340274811831046,0.0632046332046332,0.04737451737451737,518,50
PAAD,shipped,hoptimus0,random,abs,2,2,0,spot,TENX140,0.9272376873661671,1.9427818990289987,2.343002981623107,0.04098501070663811,0.03177730192719486,934,50
PAAD,shipped,hoptimus0,random,abs,2,3,0,spot,TENX116,0.8598507462686567,1.9303121211331689,3.237736363157759,0.06966417910447761,0.07048507462686567,536,50
PAAD,shipped,hoptimus0,random,abs,2,3,0,spot,TENX126,0.8858848614072495,1.9303121211331686,2.6416460315024604,0.06533049040511728,0.04878464818763326,469,50
PAAD,shipped,hoptimus0,random,abs,2,3,0,spot,TENX140,0.9242283298097251,1.9303121211331666,2.34397281234517,0.04224101479915434,0.03353065539112051,946,50
PAAD,shipped,hoptimus0,random,abs,2,4,0,spot,TENX116,0.861,1.9652062339825624,3.2641693078918452,0.0722,0.0668,500,50
PAAD,shipped,hoptimus0,random,abs,2,4,0,spot,TENX126,0.8933874239350912,1.9652062339825624,2.6387179386760327,0.0595131845841785,0.047099391480730224,493,50
PAAD,shipped,hoptimus0,random,abs,2,4,0,spot,TENX140,0.9303549060542798,1.9652062339825613,2.3462715481551224,0.04068893528183717,0.02895615866388309,958,50
PRAD,shipped,hoptimus0,random,abs,0,0,0,spot,MEND139,0.8939625080801551,1.8115566232251876,2.2173636047711,0.06186166774402069,0.04417582417582418,1547,50
PRAD,shipped,hoptimus0,random,abs,0,0,0,spot,MEND140,0.9112073490813648,1.8115566232251852,2.203375435642318,0.07139107611548556,0.017401574803149605,762,50
PRAD,shipped,hoptimus0,random,abs,0,0,0,spot,MEND141,0.9335142469470827,1.8115566232251852,2.135789420516313,0.062279511533242876,0.004206241519674355,737,50
PRAD,shipped,hoptimus0,random,abs,0,0,0,spot,MEND142,0.9420193861066235,1.8115566232251825,2.0502112669575867,0.0451373182552504,0.012843295638126008,1238,50
PRAD,shipped,hoptimus0,random,abs,0,0,0,spot,MEND143,0.9660852713178295,1.8115566232251876,1.9398707373508168,0.030852713178294574,0.0030620155038759687,1548,50
PRAD,shipped,hoptimus0,random,abs,0,0,0,spot,MEND144,0.9649422632794458,1.8115566232251903,1.9533795850601845,0.031628175519630486,0.0034295612009237874,1732,50
PRAD,shipped,hoptimus0,random,abs,0,0,0,spot,MEND145,0.9318707482993197,1.8115566232251856,2.1890972098926498,0.05819727891156463,0.009931972789115647,588,50
PRAD,shipped,hoptimus0,random,abs,0,0,0,spot,MEND146,0.9536488169364881,1.8115566232251852,2.0583935381002036,0.034271481942714815,0.012079701120797011,803,50
PRAD,shipped,hoptimus0,random,abs,0,0,0,spot,MEND147,0.9319712525667352,1.8115566232251832,2.1292558299936313,0.04535934291581109,0.022669404517453796,974,50
PRAD,shipped,hoptimus0,random,abs,0,0,0,spot,MEND148,0.9688888888888889,1.8115566232251856,1.9539092819221335,0.02431924882629108,0.006791862284820031,639,50
PRAD,shipped,hoptimus0,random,abs,0,0,0,spot,MEND149,0.9489707750952987,1.8115566232251852,2.0338974460350805,0.04109275730622618,0.009936467598475223,787,50
PRAD,shipped,hoptimus0,random,abs,0,0,0,spot,MEND150,0.8924641833810888,1.8115566232251854,2.311723811554441,0.07232091690544412,0.03521489971346705,698,50
PRAD,shipped,hoptimus0,random,abs,0,0,0,spot,MEND151,0.9345679012345678,1.8115566232251823,2.068841473701078,0.037473884140550806,0.02795821462488129,1053,50
PRAD,shipped,hoptimus0,random,abs,0,0,0,spot,MEND152,0.8959810874704491,1.8115566232251827,2.32900156271454,0.06434988179669031,0.03966903073286052,1269,50
PRAD,shipped,hoptimus0,random,abs,0,0,0,spot,MEND153,0.8931108144192257,1.8115566232251852,2.2892959030075937,0.06955941255006676,0.03732977303070761,749,50
PRAD,shipped,hoptimus0,random,abs,0,0,0,spot,MEND154,0.8490513489991297,1.811556623225182,2.8292360113133284,0.08127067014795473,0.06967798085291559,1149,50
PRAD,shipped,hoptimus0,random,abs,0,0,0,spot,MEND156,0.7416212438853949,1.8115566232251863,4.126608691773399,0.15281621243885396,0.10556254367575121,1431,50
PRAD,shipped,hoptimus0,random,abs,0,0,0,spot,MEND157,0.8418800888230941,1.8115566232251845,2.767523885605773,0.08552183567727609,0.0725980754996299,1351,50
PRAD,shipped,hoptimus0,random,abs,0,0,0,spot,MEND158,0.8545595054095827,1.8115566232251834,2.736563833412687,0.10089644513137558,0.04454404945904173,1294,50
PRAD,shipped,hoptimus0,random,abs,0,0,0,spot,MEND159,0.8947750000000001,1.8115566232251883,2.629088638335262,0.074975,0.03025,1600,50
PRAD,shipped,hoptimus0,random,abs,0,0,0,spot,MEND160,0.9223350846468185,1.8115566232251898,2.22039187104599,0.047285464098073555,0.030379451255107996,1713,50
PRAD,shipped,hoptimus0,random,abs,0,0,0,spot,MEND161,0.7933333333333333,1.8115566232251823,3.1286806096873896,0.1188458225667528,0.08782084409991386,1161,50
PRAD,shipped,hoptimus0,random,abs,0,0,0,spot,MEND162,0.9688764044943821,1.8115566232251823,1.9672780618616414,0.026629213483146067,0.00449438202247191,1068,50
PRAD,shipped,hoptimus0,random,abs,0,1,0,spot,MEND139,0.8891709844559585,1.8007876888665981,2.2300599545955078,0.05862694300518135,0.052202072538860105,1544,50
PRAD,shipped,hoptimus0,random,abs,0,1,0,spot,MEND140,0.9098223350253807,1.8007876888665875,2.2242393770747633,0.0732994923857868,0.016878172588832487,788,50
PRAD,shipped,hoptimus0,random,abs,0,1,0,spot,MEND141,0.9355186721991702,1.8007876888665875,2.111281080239393,0.05950207468879668,0.004979253112033195,723,50
PRAD,shipped,hoptimus0,random,abs,0,1,0,spot,MEND142,0.9374665617623918,1.800787688866596,2.0586837252767576,0.045365853658536584,0.017167584579071596,1271,50
PRAD,shipped,hoptimus0,random,abs,0,1,0,spot,MEND143,0.9646238532110093,1.800787688866599,1.9318516519467863,0.032318042813455655,0.003058103975535168,1635,50
PRAD,shipped,hoptimus0,random,abs,0,1,0,spot,MEND144,0.9654728132387708,1.8007876888665997,1.9410777648040765,0.031300236406619386,0.003226950354609929,1692,50
PRAD,shipped,hoptimus0,random,abs,0,1,0,spot,MEND145,0.9348318584070796,1.8007876888665881,2.1303805327978727,0.055787610619469026,0.009380530973451328,565,50
PRAD,shipped,hoptimus0,random,abs,0,1,0,spot,MEND146,0.9542409638554217,1.8007876888665877,2.050552117299868,0.03518072289156627,0.010578313253012048,830,50
PRAD,shipped,hoptimus0,random,abs,0,1,0,spot,MEND147,0.9332851239669421,1.8007876888665888,2.102439158999688,0.04721074380165289,0.019504132231404958,968,50
PRAD,shipped,hoptimus0,random,abs,0,1,0,spot,MEND148,0.9703782148260212,1.8007876888665875,1.9196991268245887,0.021452344931921333,0.008169440242057489,661,50
PRAD,shipped,hoptimus0,random,abs,0,1,0,spot,MEND149,0.9500537634408601,1.8007876888665875,2.014024951752258,0.04051075268817204,0.009435483870967742,744,50
PRAD,shipped,hoptimus0,random,abs,0,1,0,spot,MEND150,0.8886312849162011,1.8007876888665875,2.303306903936691,0.075,0.03636871508379888,716,50
PRAD,shipped,hoptimus0,random,abs,0,1,0,spot,MEND151,0.9278434940855322,1.800787688866592,2.0762565605474386,0.03768880800727934,0.03446769790718836,1099,50
PRAD,shipped,hoptimus0,random,abs,0,1,0,spot,MEND152,0.8856511444356748,1.800787688866596,2.3704083258351867,0.07447513812154696,0.03987371744277821,1267,50
PRAD,shipped,hoptimus0,random,abs,0,1,0,spot,MEND153,0.8872919418758256,1.8007876888665875,2.3255562356936927,0.0727873183619551,0.039920739762219284,757,50
PRAD,shipped,hoptimus0,random,abs,0,1,0,spot,MEND154,0.8408994708994709,1.800787688866593,2.8879289038738536,0.07959435626102293,0.07950617283950617,1134,50
PRAD,shipped,hoptimus0,random,abs,0,1,0,spot,MEND156,0.7331811894882435,1.800787688866597,4.246432538427379,0.1775380359612725,0.0892807745504841,1446,50
PRAD,shipped,hoptimus0,random,abs,0,1,0,spot,MEND157,0.8345814307458143,1.8007876888665961,2.831767009252485,0.09316590563165905,0.07225266362252664,1314,50
PRAD,shipped,hoptimus0,random,abs,0,1,0,spot,MEND158,0.8537048665620094,1.8007876888665961,2.7624327912946143,0.09381475667189954,0.05248037676609105,1274,50
PRAD,shipped,hoptimus0,random,abs,0,1,0,spot,MEND159,0.8924418604651163,1.8007876888665981,2.6508585355772896,0.0777390180878553,0.029819121447028425,1548,50
PRAD,shipped,hoptimus0,random,abs,0,1,0,spot,MEND160,0.9179659024103468,1.8007876888665997,2.2450393622294196,0.046901822457378006,0.03513227513227513,1701,50
PRAD,shipped,hoptimus0,random,abs,0,1,0,spot,MEND161,0.7853763440860214,1.8007876888665926,3.216481827061975,0.11121863799283155,0.10340501792114695,1116,50
PRAD,shipped,hoptimus0,random,abs,0,1,0,spot,MEND162,0.9684153005464481,1.800787688866592,1.9559574189043292,0.02832422586520947,0.0032604735883424406,1098,50
PRAD,shipped,hoptimus0,random,abs,0,2,0,spot,MEND139,0.8931951871657753,1.8010168053882536,2.2036432927215412,0.05963903743315508,0.04716577540106952,1496,50
PRAD,shipped,hoptimus0,random,abs,0,2,0,spot,MEND140,0.9074340527577938,1.8010168053882518,2.218585876803171,0.07328537170263788,0.019280575539568346,834,50
PRAD,shipped,hoptimus0,random,abs,0,2,0,spot,MEND141,0.9389986091794158,1.8010168053882492,2.099994510359238,0.056077885952712105,0.004923504867872045,719,50
PRAD,shipped,hoptimus0,random,abs,0,2,0,spot,MEND142,0.937522412387938,1.8010168053882558,2.059174733221989,0.04635696821515892,0.016120619396903017,1227,50
PRAD,shipped,hoptimus0,random,abs,0,2,0,spot,MEND143,0.9671645569620253,1.8010168053882527,1.9221569831996879,0.02972151898734177,0.003113924050632911,1580,50
PRAD,shipped,hoptimus0,random,abs,0,2,0,spot,MEND144,0.9636515513126491,1.801016805388252,1.9524132642339882,0.03223150357995227,0.004116945107398568,1676,50
PRAD,shipped,hoptimus0,random,abs,0,2,0,spot,MEND145,0.9306368330464716,1.801016805388246,2.1751799634614835,0.06103270223752151,0.008330464716006885,581,50
PRAD,shipped,hoptimus0,random,abs,0,2,0,spot,MEND146,0.9592019347037486,1.8010168053882518,1.9992491868889888,0.030423216444981863,0.01037484885126965,827,50
PRAD,shipped,hoptimus0,random,abs,0,2,0,spot,MEND147,0.9327120418848167,1.8010168053882538,2.1064716289642886,0.048984293193717277,0.01830366492146597,955,50
PRAD,shipped,hoptimus0,random,abs,0,2,0,spot,MEND148,0.9723390894819467,1.8010168053882476,1.9338529221911953,0.022354788069073782,0.005306122448979592,637,50
PRAD,shipped,hoptimus0,random,abs,0,2,0,spot,MEND149,0.9476132190942472,1.8010168053882516,2.028588422432197,0.04239902080783354,0.009987760097919218,817,50
PRAD,shipped,hoptimus0,random,abs,0,2,0,spot,MEND150,0.8905985401459854,1.8010168053882483,2.292694887122488,0.0748029197080292,0.0345985401459854,685,50
PRAD,shipped,hoptimus0,random,abs,0,2,0,spot,MEND151,0.9326181818181819,1.8010168053882554,2.0629057910433275,0.03847272727272727,0.028909090909090912,1100,50
PRAD,shipped,hoptimus0,random,abs,0,2,0,spot,MEND152,0.8922910216718266,1.8010168053882554,2.323657177646285,0.06390092879256966,0.043808049535603716,1292,50
PRAD,shipped,hoptimus0,random,abs,0,2,0,spot,MEND153,0.8874184782608695,1.8010168053882496,2.3480582149302176,0.06834239130434783,0.04423913043478261,736,50
PRAD,shipped,hoptimus0,random,abs,0,2,0,spot,MEND154,0.8440852575488456,1.8010168053882558,2.858381133089023,0.07399644760213143,0.08191829484902309,1126,50
PRAD,shipped,hoptimus0,random,abs,0,2,0,spot,MEND156,0.7355570380253502,1.8010168053882536,4.249443519987285,0.16368245496998,0.10076050700466978,1499,50
PRAD,shipped,hoptimus0,random,abs,0,2,0,spot,MEND157,0.8339085545722713,1.801016805388255,2.8447774914781543,0.08374631268436579,0.08234513274336283,1356,50
PRAD,shipped,hoptimus0,random,abs,0,2,0,spot,MEND158,0.8539234449760765,1.8010168053882558,2.7594999646735165,0.10041467304625198,0.04566188197767145,1254,50
PRAD,shipped,hoptimus0,random,abs,0,2,0,spot,MEND159,0.8957261676263596,1.8010168053882527,2.589391277978662,0.0729110684580934,0.03136276391554702,1563,50
PRAD,shipped,hoptimus0,random,abs,0,2,0,spot,MEND160,0.9189000591366056,1.8010168053882518,2.225921512024853,0.04567711413364873,0.03542282672974571,1691,50
PRAD,shipped,hoptimus0,random,abs,0,2,0,spot,MEND161,0.7756690140845071,1.8010168053882558,3.3254665998784776,0.12169014084507042,0.10264084507042254,1136,50
PRAD,shipped,hoptimus0,random,abs,0,2,0,spot,MEND162,0.9647282608695652,1.8010168053882554,1.9910747465964707,0.030760869565217393,0.004510869565217391,1104,50
PRAD,shipped,hoptimus0,random,abs,0,3,0,spot,MEND139,0.8905116866708781,1.8059608191235115,2.2224382183257765,0.06111181301326595,0.04837650031585597,1583,50
PRAD,shipped,hoptimus0,random,abs,0,3,0,spot,MEND140,0.909375,1.8059608191235055,2.235783127889056,0.07552083333333333,0.015104166666666667,768,50
PRAD,shipped,hoptimus0,random,abs,0,3,0,spot,MEND141,0.930159151193634,1.8059608191235055,2.1579403436677813,0.06572944297082228,0.004111405835543766,754,50
PRAD,shipped,hoptimus0,random,abs,0,3,0,spot,MEND142,0.9383159582999199,1.8059608191235088,2.064292502568351,0.044186046511627906,0.017497995188452284,1247,50
PRAD,shipped,hoptimus0,random,abs,0,3,0,spot,MEND143,0.966079295154185,1.8059608191235115,1.9283739931137318,0.02990560100692259,0.004015103838892385,1589,50
PRAD,shipped,hoptimus0,random,abs,0,3,0,spot,MEND144,0.9644173276388041,1.8059608191235117,1.9500917342258486,0.03247101891397193,0.003111653447223917,1639,50
PRAD,shipped,hoptimus0,random,abs,0,3,0,spot,MEND145,0.9333,1.8059608191235046,2.152588988417203,0.059500000000000004,0.007200000000000001,600,50
PRAD,shipped,hoptimus0,random,abs,0,3,0,spot,MEND146,0.9568447837150127,1.8059608191235055,2.0507815625508887,0.034173027989821886,0.008982188295165394,786,50
PRAD,shipped,hoptimus0,random,abs,0,3,0,spot,MEND147,0.9236899563318778,1.8059608191235055,2.1663849619226996,0.05578602620087336,0.02052401746724891,916,50
PRAD,shipped,hoptimus0,random,abs,0,3,0,spot,MEND148,0.9711988304093567,1.8059608191235048,1.9478346405324414,0.02269005847953216,0.0061111111111111106,684,50
PRAD,shipped,hoptimus0,random,abs,0,3,0,spot,MEND149,0.9496875,1.8059608191235055,2.0231626610740023,0.03966145833333334,0.010651041666666668,768,50
PRAD,shipped,hoptimus0,random,abs,0,3,0,spot,MEND150,0.8918783068783068,1.8059608191235055,2.286462339822984,0.07544973544973545,0.03267195767195767,756,50
PRAD,shipped,hoptimus0,random,abs,0,3,0,spot,MEND151,0.9356603773584905,1.8059608191235066,2.053076181866839,0.03856603773584906,0.02577358490566038,1060,50
PRAD,shipped,hoptimus0,random,abs,0,3,0,spot,MEND152,0.8938884524744698,1.8059608191235095,2.311047970814525,0.06700706991358994,0.0391044776119403,1273,50
PRAD,shipped,hoptimus0,random,abs,0,3,0,spot,MEND153,0.890067842605156,1.805960819123505,2.317480453459302,0.06564450474898237,0.044287652645861604,737,50
PRAD,shipped,hoptimus0,random,abs,0,3,0,spot,MEND154,0.8473508771929825,1.805960819123507,2.7605384648407862,0.08238596491228072,0.07026315789473685,1140,50
PRAD,shipped,hoptimus0,random,abs,0,3,0,spot,MEND156,0.7348834196891191,1.8059608191235115,4.226630857206815,0.1690284974093264,0.0960880829015544,1544,50
PRAD,shipped,hoptimus0,random,abs,0,3,0,spot,MEND157,0.8414764079147641,1.80596081912351,2.7676199835778106,0.08540334855403348,0.07312024353120243,1314,50
PRAD,shipped,hoptimus0,random,abs,0,3,0,spot,MEND158,0.847968503937008,1.8059608191235095,2.781662375685617,0.09124409448818899,0.06078740157480315,1270,50
PRAD,shipped,hoptimus0,random,abs,0,3,0,spot,MEND159,0.8972356687898089,1.8059608191235115,2.60986946215477,0.07273885350318471,0.03002547770700637,1570,50
PRAD,shipped,hoptimus0,random,abs,0,3,0,spot,MEND160,0.9205914302957151,1.8059608191235117,2.2485838661044877,0.04643331321665661,0.032975256487628245,1657,50
PRAD,shipped,hoptimus0,random,abs,0,3,0,spot,MEND161,0.7745994599459947,1.8059608191235068,3.319499713038848,0.13116111611161116,0.09423942394239423,1111,50
PRAD,shipped,hoptimus0,random,abs,0,3,0,spot,MEND162,0.9704711111111111,1.805960819123507,1.9494572708211635,0.025173333333333332,0.004355555555555556,1125,50
PRAD,shipped,hoptimus0,random,abs,0,4,0,spot,MEND139,0.8908983606557378,1.8227484313968998,2.2386566503154155,0.05947540983606557,0.04962622950819672,1525,50
PRAD,shipped,hoptimus0,random,abs,0,4,0,spot,MEND140,0.9102325581395349,1.8227484313969011,2.24313090319023,0.07441860465116279,0.015348837209302326,774,50
PRAD,shipped,hoptimus0,random,abs,0,4,0,spot,MEND141,0.9345526315789473,1.8227484313969011,2.1453846695120555,0.05936842105263158,0.006078947368421053,760,50
PRAD,shipped,hoptimus0,random,abs,0,4,0,spot,MEND142,0.9434382566585957,1.8227484313969002,2.0474404783355395,0.040855528652138824,0.015706214689265537,1239,50
PRAD,shipped,hoptimus0,random,abs,0,4,0,spot,MEND143,0.9666196279666452,1.8227484313969,1.9445286876064025,0.030288646568313024,0.003091725465041693,1559,50
PRAD,shipped,hoptimus0,random,abs,0,4,0,spot,MEND144,0.966021377672209,1.822748431396901,1.961389459737611,0.030201900237529694,0.0037767220902612825,1684,50
PRAD,shipped,hoptimus0,random,abs,0,4,0,spot,MEND145,0.9286956521739129,1.822748431396901,2.20854773540744,0.06253913043478261,0.008765217391304349,575,50
PRAD,shipped,hoptimus0,random,abs,0,4,0,spot,MEND146,0.9621813725490196,1.8227484313969011,2.0090566488664106,0.028970588235294116,0.008848039215686275,816,50
PRAD,shipped,hoptimus0,random,abs,0,4,0,spot,MEND147,0.9353974895397489,1.8227484313969007,2.1192249485685686,0.0452510460251046,0.019351464435146445,956,50
PRAD,shipped,hoptimus0,random,abs,0,4,0,spot,MEND148,0.9702639296187684,1.822748431396901,1.9528929593653688,0.020175953079178886,0.009560117302052785,682,50
PRAD,shipped,hoptimus0,random,abs,0,4,0,spot,MEND149,0.951417004048583,1.822748431396901,2.025797255111324,0.038488529014844806,0.0100944669365722,741,50
PRAD,shipped,hoptimus0,random,abs,0,4,0,spot,MEND150,0.8926740947075209,1.822748431396901,2.300697847658104,0.07604456824512534,0.03128133704735376,718,50
PRAD,shipped,hoptimus0,random,abs,0,4,0,spot,MEND151,0.9390433212996391,1.8227484313969,2.0543932629603234,0.0374187725631769,0.023537906137184116,1108,50
PRAD,shipped,hoptimus0,random,abs,0,4,0,spot,MEND152,0.8953139356814701,1.8227484313968998,2.3333807012077377,0.06753445635528331,0.037151607963246555,1306,50
PRAD,shipped,hoptimus0,random,abs,0,4,0,spot,MEND153,0.8953359683794466,1.8227484313969011,2.3023320869401416,0.06787878787878789,0.03678524374176548,759,50
PRAD,shipped,hoptimus0,random,abs,0,4,0,spot,MEND154,0.8438461538461539,1.8227484313969002,2.8645784378095684,0.07398601398601398,0.08216783216783216,1144,50
PRAD,shipped,hoptimus0,random,abs,0,4,0,spot,MEND156,0.7320936639118457,1.8227484313968996,4.374306996389226,0.17888429752066115,0.08902203856749312,1452,50
PRAD,shipped,hoptimus0,random,abs,0,4,0,spot,MEND157,0.8451479289940828,1.8227484313968996,2.7514159222872108,0.07470414201183431,0.08014792899408285,1352,50
PRAD,shipped,hoptimus0,random,abs,0,4,0,spot,MEND158,0.85266291230893,1.8227484313969002,2.7840452508770226,0.09563958165728077,0.05169750603378922,1243,50
PRAD,shipped,hoptimus0,random,abs,0,4,0,spot,MEND159,0.8977877237851662,1.8227484313969,2.633683485018781,0.07202046035805626,0.030191815856777496,1564,50
PRAD,shipped,hoptimus0,random,abs,0,4,0,spot,MEND160,0.9230274693161894,1.8227484313969011,2.232661755718255,0.04668614845119813,0.030286382232612506,1711,50
PRAD,shipped,hoptimus0,random,abs,0,4,0,spot,MEND161,0.7870370370370371,1.8227484313969002,3.220176997838833,0.131657848324515,0.08130511463844797,1134,50
PRAD,shipped,hoptimus0,random,abs,0,4,0,spot,MEND162,0.9714233241505968,1.8227484313969,1.971030999060022,0.024187327823691457,0.004389348025711662,1089,50
PRAD,shipped,hoptimus0,random,abs,1,0,0,spot,MEND139,0.8942309447740757,1.8143874266494373,2.209946662604464,0.05802829758101324,0.047740757644910994,2191,50
PRAD,shipped,hoptimus0,random,abs,1,0,0,spot,MEND140,0.912918918918919,1.8143874266494309,2.2028454872036853,0.06733333333333333,0.01974774774774775,1110,50
PRAD,shipped,hoptimus0,random,abs,1,0,0,spot,MEND141,0.9351069767441861,1.8143874266494309,2.131583741741327,0.059944186046511624,0.004948837209302326,1075,50
PRAD,shipped,hoptimus0,random,abs,1,0,0,spot,MEND142,0.9405269186712485,1.8143874266494362,2.060827022458635,0.04321878579610538,0.016254295532646047,1746,50
PRAD,shipped,hoptimus0,random,abs,1,0,0,spot,MEND143,0.9654140694568122,1.8143874266494373,1.9429174380469993,0.03095280498664292,0.003633125556544969,2246,50
PRAD,shipped,hoptimus0,random,abs,1,0,0,spot,MEND144,0.9658925619834711,1.8143874266494373,1.9534690463190074,0.03090082644628099,0.0032066115702479338,2420,50
PRAD,shipped,hoptimus0,random,abs,1,0,0,spot,MEND145,0.9322033898305085,1.8143874266494329,2.1859101693348246,0.06295399515738499,0.004842615012106538,826,50
PRAD,shipped,hoptimus0,random,abs,1,0,0,spot,MEND146,0.9575762859633827,1.8143874266494309,2.0426706254964135,0.033827375762859636,0.00859633827375763,1147,50
PRAD,shipped,hoptimus0,random,abs,1,0,0,spot,MEND147,0.9320809248554913,1.814387426649433,2.120722467837273,0.048381502890173414,0.01953757225433526,1384,50
PRAD,shipped,hoptimus0,random,abs,1,0,0,spot,MEND148,0.9721013727560718,1.814387426649432,1.9433105326913247,0.021985216473072864,0.005913410770855333,947,50
PRAD,shipped,hoptimus0,random,abs,1,0,0,spot,MEND149,0.9463492063492063,1.8143874266494309,2.0400114360073194,0.04183006535947713,0.011820728291316527,1071,50
PRAD,shipped,hoptimus0,random,abs,1,0,0,spot,MEND150,0.8905998033431662,1.8143874266494313,2.305011377401468,0.07486725663716814,0.034532940019665684,1017,50
PRAD,shipped,hoptimus0,random,abs,1,0,0,spot,MEND151,0.9327094240837697,1.8143874266494349,2.0790665268555717,0.03634816753926702,0.03094240837696335,1528,50
PRAD,shipped,hoptimus0,random,abs,1,0,0,spot,MEND152,0.8931931377974542,1.8143874266494362,2.3375646956378917,0.06771444382955175,0.03909241837299391,1807,50
PRAD,shipped,hoptimus0,random,abs,1,0,0,spot,MEND153,0.8956859035004731,1.8143874266494309,2.2948947889427584,0.06448438978240303,0.039829706717123936,1057,50
PRAD,shipped,hoptimus0,random,abs,1,0,0,spot,MEND154,0.839910771191842,1.8143874266494353,2.976251971558956,0.07833014659018483,0.08175908221797323,1569,50
PRAD,shipped,hoptimus0,random,abs,1,0,0,spot,MEND156,0.73892578125,1.8143874266494373,4.070642509486812,0.15048828125,0.1105859375,2048,50
PRAD,shipped,hoptimus0,random,abs,1,0,0,spot,MEND157,0.837875920084122,1.8143874266494362,2.8172616591391075,0.07869610935856992,0.08342797055730809,1902,50
PRAD,shipped,hoptimus0,random,abs,1,0,0,spot,MEND158,0.8511909871244634,1.8143874266494362,2.819096752405906,0.09130901287553649,0.0575,1864,50
PRAD,shipped,hoptimus0,random,abs,1,0,0,spot,MEND159,0.8997052255471192,1.8143874266494373,2.6053465139351566,0.0727735596248325,0.027521214828048236,2239,50
PRAD,shipped,hoptimus0,random,abs,1,0,0,spot,MEND160,0.9192055692055692,1.8143874266494373,2.2470881983123037,0.044717444717444724,0.036076986076986076,2442,50
PRAD,shipped,hoptimus0,random,abs,1,0,0,spot,MEND161,0.783716049382716,1.8143874266494355,3.2650041700001626,0.1254074074074074,0.09087654320987655,1620,50
PRAD,shipped,hoptimus0,random,abs,1,0,0,spot,MEND162,0.9679206653870761,1.8143874266494353,1.9783664662646934,0.028278950735764554,0.0038003838771593092,1563,50
PRAD,shipped,hoptimus0,random,abs,1,1,0,spot,MEND139,0.8922094625631602,1.8092027895903704,2.2236710477411585,0.0658337161231052,0.041956821313734495,2177,50
PRAD,shipped,hoptimus0,random,abs,1,1,0,spot,MEND140,0.907605633802817,1.8092027895903686,2.235391351770201,0.07639084507042253,0.016003521126760564,1136,50
PRAD,shipped,hoptimus0,random,abs,1,1,0,spot,MEND141,0.9326115859449193,1.8092027895903686,2.1427109918810174,0.06144349477682811,0.005944919278252612,1053,50
PRAD,shipped,hoptimus0,random,abs,1,1,0,spot,MEND142,0.9391284663271081,1.8092027895903693,2.063177185099716,0.04413129598189021,0.0167402376910017,1767,50
PRAD,shipped,hoptimus0,random,abs,1,1,0,spot,MEND143,0.9644230769230769,1.8092027895903704,1.9421931383805664,0.032536630036630036,0.0030402930402930405,2184,50
PRAD,shipped,hoptimus0,random,abs,1,1,0,spot,MEND144,0.9646842325386867,1.8092027895903726,1.952131707853492,0.032112086992890004,0.0032036804684232537,2391,50
PRAD,shipped,hoptimus0,random,abs,1,1,0,spot,MEND145,0.9299760191846522,1.8092027895903693,2.1832405641939023,0.06261390887290168,0.007410071942446043,834,50
PRAD,shipped,hoptimus0,random,abs,1,1,0,spot,MEND146,0.9547222222222222,1.8092027895903684,2.0485633626847717,0.03546875,0.009809027777777778,1152,50
PRAD,shipped,hoptimus0,random,abs,1,1,0,spot,MEND147,0.9334643377001456,1.8092027895903668,2.102857013259468,0.04337700145560408,0.023158660844250365,1374,50
PRAD,shipped,hoptimus0,random,abs,1,1,0,spot,MEND148,0.9700105374077976,1.8092027895903688,1.9435702331747695,0.022402528977871445,0.007586933614330874,949,50
PRAD,shipped,hoptimus0,random,abs,1,1,0,spot,MEND149,0.9478,1.8092027895903686,2.0332992979344633,0.04170909090909091,0.01049090909090909,1100,50
PRAD,shipped,hoptimus0,random,abs,1,1,0,spot,MEND150,0.8842592592592592,1.8092027895903686,2.336141651146458,0.08337037037037037,0.03237037037037037,1080,50
PRAD,shipped,hoptimus0,random,abs,1,1,0,spot,MEND151,0.9335131578947369,1.8092027895903675,2.067300537111242,0.0405,0.02598684210526316,1520,50
PRAD,shipped,hoptimus0,random,abs,1,1,0,spot,MEND152,0.8910021551724138,1.8092027895903697,2.341471154819689,0.06778017241379311,0.04121767241379311,1856,50
PRAD,shipped,hoptimus0,random,abs,1,1,0,spot,MEND153,0.8907390084190833,1.8092027895903686,2.3126133622127436,0.06815715622076707,0.04110383536014967,1069,50
PRAD,shipped,hoptimus0,random,abs,1,1,0,spot,MEND154,0.8438211879975505,1.8092027895903684,2.813408615812279,0.08390691977954684,0.07227189222290263,1633,50
PRAD,shipped,hoptimus0,random,abs,1,1,0,spot,MEND156,0.7325507246376811,1.8092027895903706,4.356800258076188,0.17791304347826087,0.08953623188405797,2070,50
PRAD,shipped,hoptimus0,random,abs,1,1,0,spot,MEND157,0.8346623794212219,1.80920278959037,2.8379278395600767,0.08454448017148981,0.08079314040728831,1866,50
PRAD,shipped,hoptimus0,random,abs,1,1,0,spot,MEND158,0.8519169852539596,1.8092027895903697,2.76629697414773,0.09523757509557619,0.052845439650464225,1831,50
PRAD,shipped,hoptimus0,random,abs,1,1,0,spot,MEND159,0.9009852216748768,1.8092027895903706,2.566908695256601,0.07087326466636812,0.02814151365875504,2233,50
PRAD,shipped,hoptimus0,random,abs,1,1,0,spot,MEND160,0.9209220452640402,1.8092027895903724,2.2296010405760613,0.04523051131601006,0.033847443419949705,2386,50
PRAD,shipped,hoptimus0,random,abs,1,1,0,spot,MEND161,0.7746650276582667,1.8092027895903684,3.3123102315886594,0.1362138905961893,0.08912108174554394,1627,50
PRAD,shipped,hoptimus0,random,abs,1,1,0,spot,MEND162,0.9665316786414109,1.8092027895903675,1.9822588288926857,0.029183540169823642,0.004284781188765513,1531,50
PRAD,shipped,hoptimus0,random,abs,1,2,0,spot,MEND139,0.8934451495920217,1.814675849670983,2.228121248711597,0.06518585675430644,0.041368993653671804,2206,50
PRAD,shipped,hoptimus0,random,abs,1,2,0,spot,MEND140,0.9098389982110912,1.8146758496709867,2.242271886545228,0.07304114490161001,0.017119856887298748,1118,50
PRAD,shipped,hoptimus0,random,abs,1,2,0,spot,MEND141,0.9355287569573284,1.8146758496709863,2.133288681842178,0.059591836734693884,0.004879406307977736,1078,50
PRAD,shipped,hoptimus0,random,abs,1,2,0,spot,MEND142,0.9395083798882682,1.8146758496709863,2.057937309378963,0.045240223463687154,0.015251396648044693,1790,50
PRAD,shipped,hoptimus0,random,abs,1,2,0,spot,MEND143,0.9663317029791019,1.8146758496709827,1.9376205778987003,0.030093374833259228,0.0035749221876389503,2249,50
PRAD,shipped,hoptimus0,random,abs,1,2,0,spot,MEND144,0.9656100628930818,1.8146758496709823,1.952804098114039,0.030935010482180295,0.0034549266247379455,2385,50
PRAD,shipped,hoptimus0,random,abs,1,2,0,spot,MEND145,0.9335671100362757,1.8146758496709825,2.150440577523142,0.05828295042321645,0.00814993954050786,827,50
PRAD,shipped,hoptimus0,random,abs,1,2,0,spot,MEND146,0.9567174280879864,1.8146758496709874,2.0396720995160154,0.03296108291032149,0.010321489001692047,1182,50
PRAD,shipped,hoptimus0,random,abs,1,2,0,spot,MEND147,0.9334945054945055,1.8146758496709874,2.1169722891254836,0.048351648351648346,0.018153846153846152,1365,50
PRAD,shipped,hoptimus0,random,abs,1,2,0,spot,MEND148,0.9744375,1.8146758496709843,1.9236606791396307,0.02033333333333333,0.005229166666666667,960,50
PRAD,shipped,hoptimus0,random,abs,1,2,0,spot,MEND149,0.9483396226415094,1.8146758496709858,2.0291802795203755,0.03962264150943396,0.012037735849056604,1060,50
PRAD,shipped,hoptimus0,random,abs,1,2,0,spot,MEND150,0.8927342256214149,1.8146758496709854,2.2950710498598945,0.07367112810707457,0.033594646271510514,1046,50
PRAD,shipped,hoptimus0,random,abs,1,2,0,spot,MEND151,0.9352564956695537,1.814675849670987,2.064593487236919,0.04050632911392405,0.02423717521652232,1501,50
PRAD,shipped,hoptimus0,random,abs,1,2,0,spot,MEND152,0.8949614112458655,1.8146758496709863,2.3291881080361727,0.06481808158765161,0.04022050716648291,1814,50
PRAD,shipped,hoptimus0,random,abs,1,2,0,spot,MEND153,0.8871588785046728,1.8146758496709858,2.3473109760129605,0.07424299065420562,0.03859813084112149,1070,50
PRAD,shipped,hoptimus0,random,abs,1,2,0,spot,MEND154,0.8462853628536285,1.8146758496709867,2.8147688965309148,0.0822140221402214,0.07150061500615007,1626,50
PRAD,shipped,hoptimus0,random,abs,1,2,0,spot,MEND156,0.7366699029126214,1.8146758496709838,4.214482321181743,0.16582524271844662,0.09750485436893204,2060,50
PRAD,shipped,hoptimus0,random,abs,1,2,0,spot,MEND157,0.8389919571045575,1.8146758496709856,2.7956226447051438,0.0795603217158177,0.08144772117962466,1865,50
PRAD,shipped,hoptimus0,random,abs,1,2,0,spot,MEND158,0.8457848518111964,1.8146758496709858,2.8004296183189785,0.10225027442371021,0.05196487376509331,1822,50
PRAD,shipped,hoptimus0,random,abs,1,2,0,spot,MEND159,0.899045069165551,1.8146758496709827,2.6045797923134923,0.0727264614011602,0.028228469433288713,2241,50
PRAD,shipped,hoptimus0,random,abs,1,2,0,spot,MEND160,0.919496644295302,1.8146758496709823,2.2424395832483173,0.0458724832214765,0.03463087248322148,2384,50
PRAD,shipped,hoptimus0,random,abs,1,2,0,spot,MEND161,0.7842501517911354,1.8146758496709867,3.248607986351796,0.1249666059502125,0.0907832422586521,1647,50
PRAD,shipped,hoptimus0,random,abs,1,2,0,spot,MEND162,0.9712409717662509,1.814675849670987,1.9539000357499428,0.02464871963230466,0.0041103086014445175,1523,50
PRAD,shipped,hoptimus0,random,abs,1,3,0,spot,MEND139,0.8867372296364473,1.798059047876995,2.2331607587669855,0.061316152784169346,0.05194661757938334,2173,50
PRAD,shipped,hoptimus0,random,abs,1,3,0,spot,MEND140,0.9034035087719299,1.7980590478770027,2.2501993454367075,0.07835087719298245,0.018245614035087718,1140,50
PRAD,shipped,hoptimus0,random,abs,1,3,0,spot,MEND141,0.9391817316841103,1.798059047877002,2.0842884781548388,0.05470980019029496,0.0061084681255946715,1051,50
PRAD,shipped,hoptimus0,random,abs,1,3,0,spot,MEND142,0.9383220720720721,1.7980590478769978,2.0502782901647736,0.04335585585585586,0.018322072072072072,1776,50
PRAD,shipped,hoptimus0,random,abs,1,3,0,spot,MEND143,0.9661975642760487,1.7980590478769949,1.9226723528978915,0.030266125394677493,0.0035363103292737935,2217,50
PRAD,shipped,hoptimus0,random,abs,1,3,0,spot,MEND144,0.963030303030303,1.7980590478769962,1.9514181051024775,0.03306397306397306,0.003905723905723906,2376,50
PRAD,shipped,hoptimus0,random,abs,1,3,0,spot,MEND145,0.9258009708737864,1.798059047877,2.2049275003816358,0.0650242718446602,0.009174757281553399,824,50
PRAD,shipped,hoptimus0,random,abs,1,3,0,spot,MEND146,0.9565319865319866,1.7980590478770027,2.0137532484189093,0.03262626262626263,0.010841750841750842,1188,50
PRAD,shipped,hoptimus0,random,abs,1,3,0,spot,MEND147,0.9289177489177489,1.798059047877001,2.1214768169811085,0.046767676767676764,0.024314574314574317,1386,50
PRAD,shipped,hoptimus0,random,abs,1,3,0,spot,MEND148,0.9679342240493319,1.7980590478770013,1.9429401002603655,0.02304213771839671,0.009023638232271326,973,50
PRAD,shipped,hoptimus0,random,abs,1,3,0,spot,MEND149,0.9456226415094339,1.798059047877002,2.036210871437172,0.04305660377358491,0.011320754716981131,1060,50
PRAD,shipped,hoptimus0,random,abs,1,3,0,spot,MEND150,0.8854337464251668,1.798059047877002,2.3181700473019653,0.07853193517635844,0.036034318398474735,1049,50
PRAD,shipped,hoptimus0,random,abs,1,3,0,spot,MEND151,0.9316396629941671,1.7980590478769995,2.0656584484130915,0.0365651328580687,0.0317952041477641,1543,50
PRAD,shipped,hoptimus0,random,abs,1,3,0,spot,MEND152,0.8881485587583149,1.7980590478769976,2.3553238211766274,0.0673059866962306,0.04454545454545454,1804,50
PRAD,shipped,hoptimus0,random,abs,1,3,0,spot,MEND153,0.8923342939481267,1.7980590478770018,2.2987865232978395,0.06322766570605187,0.04443804034582133,1041,50
PRAD,shipped,hoptimus0,random,abs,1,3,0,spot,MEND154,0.8407086133170434,1.7980590478769989,2.929315730176461,0.07631032376298105,0.08298106291997556,1637,50
PRAD,shipped,hoptimus0,random,abs,1,3,0,spot,MEND156,0.7310636231180184,1.7980590478769958,4.124322439809915,0.16250607090820787,0.10643030597377369,2059,50
PRAD,shipped,hoptimus0,random,abs,1,3,0,spot,MEND157,0.8326015831134564,1.7980590478769962,2.8619491951249554,0.08677572559366756,0.08062269129287598,1895,50
PRAD,shipped,hoptimus0,random,abs,1,3,0,spot,MEND158,0.8452840595697738,1.798059047876997,2.8156144040461597,0.09710976282404854,0.05760617760617761,1813,50
PRAD,shipped,hoptimus0,random,abs,1,3,0,spot,MEND159,0.8986785714285714,1.7980590478769949,2.5873389664190203,0.07333928571428572,0.027982142857142858,2240,50
PRAD,shipped,hoptimus0,random,abs,1,3,0,spot,MEND160,0.9145789694176791,1.7980590478769962,2.280108350036615,0.05089233347297863,0.034528697109342275,2387,50
PRAD,shipped,hoptimus0,random,abs,1,3,0,spot,MEND161,0.7783383869011522,1.7980590478769989,3.285267080296494,0.124232868405094,0.0974287446937538,1649,50
PRAD,shipped,hoptimus0,random,abs,1,3,0,spot,MEND162,0.9657347204161248,1.7980590478769995,1.9739001450160603,0.028933680104031207,0.005331599479843954,1538,50
PRAD,shipped,hoptimus0,random,abs,1,4,0,spot,MEND139,0.8943645409317051,1.8170868812090493,2.2254418856413896,0.06109452736318408,0.04454093170511081,2211,50
PRAD,shipped,hoptimus0,random,abs,1,4,0,spot,MEND140,0.9126259946949602,1.8170868812090644,2.2110376605162623,0.06912466843501326,0.018249336870026524,1131,50
PRAD,shipped,hoptimus0,random,abs,1,4,0,spot,MEND141,0.93712890625,1.817086881209066,2.1249693668025755,0.0573046875,0.00556640625,1024,50
PRAD,shipped,hoptimus0,random,abs,1,4,0,spot,MEND142,0.9412724117987276,1.8170868812090537,2.06078485149492,0.04292654713707345,0.01580104106419896,1729,50
PRAD,shipped,hoptimus0,random,abs,1,4,0,spot,MEND143,0.9677254004576659,1.8170868812090495,1.9351893114240821,0.029281464530892448,0.0029931350114416476,2185,50
PRAD,shipped,hoptimus0,random,abs,1,4,0,spot,MEND144,0.9654035968214135,1.8170868812090475,1.9573168114336361,0.031200334588038475,0.003396068590547888,2391,50
PRAD,shipped,hoptimus0,random,abs,1,4,0,spot,MEND145,0.928139255702281,1.817086881209068,2.2084998617998135,0.06509003601440576,0.0067707082833133245,833,50
PRAD,shipped,hoptimus0,random,abs,1,4,0,spot,MEND146,0.9541896551724137,1.8170868812090637,2.0637137682740043,0.034982758620689655,0.01082758620689655,1160,50
PRAD,shipped,hoptimus0,random,abs,1,4,0,spot,MEND147,0.932356780275562,1.8170868812090593,2.1199137807203514,0.04755620014503263,0.020087019579405365,1379,50
PRAD,shipped,hoptimus0,random,abs,1,4,0,spot,MEND148,0.9719532908704883,1.8170868812090668,1.9370808118647103,0.020912951167728237,0.007133757961783439,942,50
PRAD,shipped,hoptimus0,random,abs,1,4,0,spot,MEND149,0.9530532212885154,1.8170868812090653,2.0134187660657212,0.03828197945845005,0.008664799253034547,1071,50
PRAD,shipped,hoptimus0,random,abs,1,4,0,spot,MEND150,0.8976227897838899,1.817086881209066,2.269228339191347,0.07328094302554028,0.029096267190569743,1018,50
PRAD,shipped,hoptimus0,random,abs,1,4,0,spot,MEND151,0.9366839378238342,1.8170868812090561,2.064981838494906,0.03832901554404145,0.02498704663212435,1544,50
PRAD,shipped,hoptimus0,random,abs,1,4,0,spot,MEND152,0.8918981737686774,1.817086881209053,2.3503594206057588,0.06933038184836746,0.03877144438295518,1807,50
PRAD,shipped,hoptimus0,random,abs,1,4,0,spot,MEND153,0.8888848263254112,1.8170868812090648,2.3498196910267426,0.06923217550274223,0.04188299817184643,1094,50
PRAD,shipped,hoptimus0,random,abs,1,4,0,spot,MEND154,0.8506531388712746,1.8170868812090557,2.7567339821523653,0.0797844007609385,0.06956246036778695,1577,50
PRAD,shipped,hoptimus0,random,abs,1,4,0,spot,MEND156,0.7368536121673004,1.8170868812090502,4.299688150704822,0.17259505703422054,0.09055133079847909,2104,50
PRAD,shipped,hoptimus0,random,abs,1,4,0,spot,MEND157,0.8357614483493078,1.8170868812090524,2.853830913941217,0.07986155484558041,0.08437699680511182,1878,50
PRAD,shipped,hoptimus0,random,abs,1,4,0,spot,MEND158,0.859978225367447,1.8170868812090526,2.71148150952982,0.08550898203592813,0.05451279259662493,1837,50
PRAD,shipped,hoptimus0,random,abs,1,4,0,spot,MEND159,0.8980043196544277,1.8170868812090482,2.649393401157303,0.0763110151187905,0.025684665226781856,2315,50
PRAD,shipped,hoptimus0,random,abs,1,4,0,spot,MEND160,0.9198860398860398,1.817086881209047,2.244065929132774,0.04182336182336182,0.03829059829059829,2457,50
PRAD,shipped,hoptimus0,random,abs,1,4,0,spot,MEND161,0.7843154034229829,1.8170868812090548,3.2402182799304753,0.1265525672371638,0.0891320293398533,1636,50
PRAD,shipped,hoptimus0,random,abs,1,4,0,spot,MEND162,0.9709893048128342,1.8170868812090566,1.9720104952417787,0.024251336898395724,0.004759358288770054,1496,50
READ,shipped,hoptimus0,random,abs,0,0,0,spot,ZEN36,0.8536275565123789,1.3979740291785894,2.234981426678819,0.10230355220667384,0.04406889128094726,929,50
READ,shipped,hoptimus0,random,abs,0,0,0,spot,ZEN40,0.9113427856547122,1.3979740291785916,1.8892831771440401,0.07030859049207673,0.01834862385321101,1199,50
READ,shipped,hoptimus0,random,abs,0,0,0,spot,ZEN48,0.9145954438334643,1.3979740291785918,1.832438626507253,0.06802827965435979,0.01737627651217596,1273,50
READ,shipped,hoptimus0,random,abs,0,0,0,spot,ZEN49,0.9102611625947767,1.3979740291785914,1.8379581230650068,0.06992417860151642,0.019814658803706822,1187,50
READ,shipped,hoptimus0,random,abs,0,1,0,spot,ZEN36,0.8471367521367522,1.3961179097747525,2.2421884119510516,0.10307692307692308,0.04978632478632479,936,50
READ,shipped,hoptimus0,random,abs,0,1,0,spot,ZEN40,0.9092203389830509,1.3961179097747505,1.917739746372407,0.07296610169491526,0.0178135593220339,1180,50
READ,shipped,hoptimus0,random,abs,0,1,0,spot,ZEN48,0.9160189573459715,1.3961179097747505,1.818929286646442,0.06635071090047394,0.017630331753554503,1266,50
READ,shipped,hoptimus0,random,abs,0,1,0,spot,ZEN49,0.9107628524046434,1.3961179097747505,1.8331315753924735,0.07001658374792703,0.01922056384742952,1206,50
READ,shipped,hoptimus0,random,abs,0,2,0,spot,ZEN36,0.8480212765957447,1.3902596479718272,2.269955452383991,0.10651063829787233,0.04546808510638298,940,50
READ,shipped,hoptimus0,random,abs,0,2,0,spot,ZEN40,0.9111894273127753,1.3902596479718285,1.8842417764581294,0.07180616740088105,0.017004405286343612,1135,50
READ,shipped,hoptimus0,random,abs,0,2,0,spot,ZEN48,0.9154702784048157,1.3902596479718292,1.8061551781663758,0.0672987208427389,0.017231000752445446,1329,50
READ,shipped,hoptimus0,random,abs,0,2,0,spot,ZEN49,0.9080743243243243,1.390259647971829,1.831430026933915,0.07103040540540541,0.020895270270270272,1184,50
READ,shipped,hoptimus0,random,abs,0,3,0,spot,ZEN36,0.8465803667745415,1.3916551519610652,2.335052977996032,0.1140453074433657,0.039374325782092774,927,50
READ,shipped,hoptimus0,random,abs,0,3,0,spot,ZEN40,0.9101880341880342,1.3916551519610652,1.889084654702757,0.07223931623931625,0.017572649572649573,1170,50
READ,shipped,hoptimus0,random,abs,0,3,0,spot,ZEN48,0.9155217060167555,1.391655151961065,1.8205048859194262,0.06923076923076923,0.015247524752475247,1313,50
READ,shipped,hoptimus0,random,abs,0,3,0,spot,ZEN49,0.9095246179966044,1.3916551519610652,1.8318748695819465,0.07251273344651953,0.01796264855687606,1178,50
READ,shipped,hoptimus0,random,abs,0,4,0,spot,ZEN36,0.8557330415754923,1.407756726335683,2.219303818430475,0.09908096280087526,0.04518599562363239,914,50
READ,shipped,hoptimus0,random,abs,0,4,0,spot,ZEN40,0.9107678883071553,1.4077567263356858,1.9062854666331277,0.07354275741710298,0.01568935427574171,1146,50
READ,shipped,hoptimus0,random,abs,0,4,0,spot,ZEN48,0.9186887716654106,1.4077567263356854,1.8254774938414235,0.06435568952524491,0.016955538809344386,1327,50
READ,shipped,hoptimus0,random,abs,0,4,0,spot,ZEN49,0.9114404662781016,1.407756726335686,1.8449514588669982,0.06794338051623647,0.020616153205661947,1201,50
READ,shipped,hoptimus0,random,abs,1,0,0,spot,ZEN36,0.8463495838287752,1.3880153720069008,2.29219077498589,0.10546967895362663,0.0481807372175981,841,50
READ,shipped,hoptimus0,random,abs,1,0,0,spot,ZEN40,0.910989010989011,1.388015372006902,1.8732922149995084,0.07046153846153846,0.01854945054945055,910,50
READ,shipped,hoptimus0,random,abs,1,0,0,spot,ZEN48,0.9135205992509363,1.3880153720069046,1.8145931033227318,0.06943820224719101,0.01704119850187266,1068,50
READ,shipped,hoptimus0,random,abs,1,0,0,spot,ZEN49,0.90762,1.3880153720069037,1.8488706456472075,0.0724,0.01998,1000,50
READ,shipped,hoptimus0,random,abs,1,1,0,spot,ZEN36,0.8507953063885267,1.404939353612642,2.2564751740526194,0.10328552803129075,0.04591916558018253,767,50
READ,shipped,hoptimus0,random,abs,1,1,0,spot,ZEN40,0.90995841995842,1.4049393536126404,1.9061068529187764,0.07251559251559252,0.017525987525987528,962,50
READ,shipped,hoptimus0,random,abs,1,1,0,spot,ZEN48,0.920692883895131,1.4049393536126404,1.8011000021919434,0.06350187265917602,0.015805243445692885,1068,50
READ,shipped,hoptimus0,random,abs,1,1,0,spot,ZEN49,0.9137377690802349,1.4049393536126404,1.8280958803065983,0.06806262230919764,0.018199608610567512,1022,50
READ,shipped,hoptimus0,random,abs,1,2,0,spot,ZEN36,0.8612080536912751,1.4218625036509531,2.186442476509811,0.09245637583892619,0.04633557046979866,745,50
READ,shipped,hoptimus0,random,abs,1,2,0,spot,ZEN40,0.9124375,1.4218625036509522,1.9049180863492778,0.0719375,0.015625,960,50
READ,shipped,hoptimus0,random,abs,1,2,0,spot,ZEN48,0.9206369426751593,1.4218625036509513,1.828238295669262,0.06374886260236579,0.015614194722474977,1099,50
READ,shipped,hoptimus0,random,abs,1,2,0,spot,ZEN49,0.9120394088669951,1.421862503650952,1.8621427233858008,0.06866995073891626,0.01929064039408867,1015,50
READ,shipped,hoptimus0,random,abs,1,3,0,spot,ZEN36,0.8541145139813583,1.4061733366699791,2.2276792530898897,0.10290279627163783,0.042982689747004,751,50
READ,shipped,hoptimus0,random,abs,1,3,0,spot,ZEN40,0.9131736526946108,1.4061733366699798,1.895432529058685,0.0710379241516966,0.015788423153692614,1002,50
READ,shipped,hoptimus0,random,abs,1,3,0,spot,ZEN48,0.9186024551463645,1.4061733366699798,1.8263888171671683,0.06519357884796978,0.01620396600566572,1059,50
READ,shipped,hoptimus0,random,abs,1,3,0,spot,ZEN49,0.91279046673287,1.4061733366699798,1.833194624152962,0.06951340615690169,0.017696127110228402,1007,50
READ,shipped,hoptimus0,random,abs,1,4,0,spot,ZEN36,0.8479900124843945,1.393954578374795,2.2763775591797124,0.10629213483146067,0.04571785268414482,801,50
READ,shipped,hoptimus0,random,abs,1,4,0,spot,ZEN40,0.9129447236180904,1.3939545783747957,1.8641870078731393,0.06789949748743719,0.019155778894472363,995,50
READ,shipped,hoptimus0,random,abs,1,4,0,spot,ZEN48,0.9173509933774834,1.3939545783747957,1.8141673505760922,0.06660359508041627,0.016045411542100284,1057,50
READ,shipped,hoptimus0,random,abs,1,4,0,spot,ZEN49,0.9049689440993789,1.3939545783747957,1.860293656256891,0.07786749482401657,0.017163561076604553,966,50
SKCM,shipped,hoptimus0,random,abs,0,0,0,spot,TENX115,0.8893732970027248,2.0671749402494624,2.797241789073668,0.054904632152588555,0.055722070844686646,734,50
SKCM,shipped,hoptimus0,random,abs,0,0,0,spot,TENX117,0.9059391771019678,2.067174940249465,2.890006994851569,0.05194991055456172,0.04211091234347048,559,50
SKCM,shipped,hoptimus0,random,abs,0,1,0,spot,TENX115,0.9029834254143647,2.120739932928812,2.7567799324064763,0.04988950276243094,0.04712707182320442,724,50
SKCM,shipped,hoptimus0,random,abs,0,1,0,spot,TENX117,0.9066080843585237,2.120739932928815,2.9540813304590254,0.04555360281195079,0.047838312829525484,569,50
SKCM,shipped,hoptimus0,random,abs,0,2,0,spot,TENX115,0.8943715846994535,2.0912467753155353,2.833873829351549,0.05213114754098361,0.053497267759562844,732,50
SKCM,shipped,hoptimus0,random,abs,0,2,0,spot,TENX117,0.9042424242424242,2.0912467753155344,2.9129733765805965,0.05379679144385027,0.04196078431372549,561,50
SKCM,shipped,hoptimus0,random,abs,0,3,0,spot,TENX115,0.8956258596973865,2.1101971026543875,2.800503888892994,0.050646492434662994,0.05372764786795048,727,50
SKCM,shipped,hoptimus0,random,abs,0,3,0,spot,TENX117,0.9106713780918728,2.1101971026543866,2.947686615509133,0.05084805653710247,0.03848056537102473,566,50
SKCM,shipped,hoptimus0,random,abs,0,4,0,spot,TENX115,0.8966124661246613,2.104089790705048,2.80838027569107,0.05075880758807588,0.05262872628726287,738,50
SKCM,shipped,hoptimus0,random,abs,0,4,0,spot,TENX117,0.9157117117117117,2.1040897907050455,2.8618395675210464,0.04410810810810811,0.04018018018018018,555,50
SKCM,shipped,hoptimus0,random,abs,1,0,0,spot,TENX115,0.8835533980582524,2.0322588744930283,2.79647650811583,0.05741747572815534,0.059029126213592235,1030,50
SKCM,shipped,hoptimus0,random,abs,1,0,0,spot,TENX117,0.9029535864978904,2.0322588744930283,2.796080434121643,0.05023909985935302,0.04680731364275668,711,50
SKCM,shipped,hoptimus0,random,abs,1,1,0,spot,TENX115,0.8987795275590551,2.1441220815404547,2.8036112435574494,0.05248031496062992,0.04874015748031496,1016,50
SKCM,shipped,hoptimus0,random,abs,1,1,0,spot,TENX117,0.9153655172413794,2.1441220815404494,2.8513419185092745,0.04444137931034483,0.04019310344827586,725,50
SKCM,shipped,hoptimus0,random,abs,1,2,0,spot,TENX115,0.8915000000000001,2.0649162747076137,2.7766137828509927,0.058179999999999996,0.050320000000000004,1000,50
SKCM,shipped,hoptimus0,random,abs,1,2,0,spot,TENX117,0.9068825910931174,2.064916274707611,2.90836735764356,0.05395411605937921,0.039163292847503375,741,50
SKCM,shipped,hoptimus0,random,abs,1,3,0,spot,TENX115,0.8914314314314314,2.063361870898385,2.7907026754348165,0.05563563563563563,0.05293293293293293,999,50
SKCM,shipped,hoptimus0,random,abs,1,3,0,spot,TENX117,0.9042857142857144,2.063361870898379,2.8845655460060873,0.052075471698113204,0.043638814016172506,742,50
SKCM,shipped,hoptimus0,random,abs,1,4,0,spot,TENX115,0.8981459566074951,2.086091979446362,2.7552362751971917,0.050157790927021696,0.05169625246548324,1014,50
SKCM,shipped,hoptimus0,random,abs,1,4,0,spot,TENX117,0.9034112792297111,2.08609197944636,2.9919428487777227,0.04814305364511692,0.04844566712517194,727,50
