G,n_L,R2,lambda_star,kappa,law,design,p_a,rule,interval,n_pop,n_draws,coverage_mean,coverage_p05,emp_var_mean,est_over_emp_mean,width_mean,var_ratio_to_D0_classical_mean,r2_fp_median,support,candidates_mean,candidates_max,n_beyond_pool
24,4,0.0,0.6,0.0,normal,D0,1.0,c_crossfit_design,textbook_t|fpc|lin,60,1000,0.8972166666666668,0.85695,0.19860193743763724,1.0058309180914693,1.924348237908792,1.0,0.03251653570786791,,,-1,0
24,4,0.0,0.6,0.0,normal,D0,1.0,c_crossfit_design,textbook_t|fpc|lin|xf,60,1000,0.8972166666666668,0.85695,0.19860193743763724,1.0058309180914693,1.924348237908792,1.0,0.03251653570786791,,,-1,0
24,4,0.0,0.6,0.0,normal,D0,1.0,none,textbook_t|fpc|lin,60,1000,0.8972166666666668,0.85695,0.19860193743763724,1.0058309180914693,1.924348237908792,1.0,0.03251653570786791,,,-1,0
24,4,0.0,0.6,0.0,normal,D0,1.0,none,textbook_t|fpc|lin|xf,60,1000,0.8972166666666668,0.85695,0.19860193743763724,1.0058309180914693,1.924348237908792,1.0,0.03251653570786791,,,-1,0
24,4,0.0,0.6,0.0,normal,D1,,c_crossfit_design,strat_t,60,1000,0.8951499999999999,0.8519,0.19692540298982347,1.0010921582537604,2.281603823828078,0.9876158929341882,0.03251653570786791,,,-1,0
24,4,0.0,0.6,0.0,normal,D1,,none,strat_t,60,1000,0.8951499999999999,0.8519,0.19692540298982347,1.0010921582537604,2.281603823828078,0.9876158929341882,0.03251653570786791,,,-1,0
24,4,0.0,0.6,0.0,normal,D2,0.01,c_crossfit_design,textbook_t|fpc|lin,60,1000,0.8989833333333335,0.8422499999999999,0.19714304252909765,1.0200528207617858,1.8959907178153954,0.9935573380558176,0.03251653570786791,106.26,99.49435,1019,1
24,4,0.0,0.6,0.0,normal,D2,0.01,c_crossfit_design,textbook_t|fpc|lin|xf,60,1000,0.8989833333333335,0.8422499999999999,0.19714304252909765,1.0200528207617858,1.8959907178153954,0.9935573380558176,0.03251653570786791,106.26,99.49435,1019,1
24,4,0.0,0.6,0.0,normal,D2,0.01,none,rej_t,60,1000,0.8998,0.83795,0.19714304252909765,0.9971233316908944,2.2645753263160575,0.9935573380558176,0.03251653570786791,106.26,99.49435,1019,1
24,4,0.0,0.6,0.0,normal,D2,0.01,none,textbook_t|fpc|lin,60,1000,0.8989833333333335,0.8422499999999999,0.19714304252909765,1.0200528207617858,1.8959907178153954,0.9935573380558176,0.03251653570786791,106.26,99.49435,1019,1
24,4,0.0,0.6,0.0,normal,D2,0.01,none,textbook_t|fpc|lin|xf,60,1000,0.8989833333333335,0.8422499999999999,0.19714304252909765,1.0200528207617858,1.8959907178153954,0.9935573380558176,0.03251653570786791,106.26,99.49435,1019,1
24,4,0.0,0.6,0.0,normal,D2,0.1,c_crossfit_design,textbook_t|fpc|lin,60,1000,0.8944333333333334,0.85455,0.1951384111515293,1.0329018365396354,1.9170768878085684,0.9824720760163733,0.03251653570786791,1062.6000000000001,9.974916666666667,90,0
24,4,0.0,0.6,0.0,normal,D2,0.1,c_crossfit_design,textbook_t|fpc|lin|xf,60,1000,0.8944333333333334,0.85455,0.1951384111515293,1.0329018365396354,1.9170768878085684,0.9824720760163733,0.03251653570786791,1062.6000000000001,9.974916666666667,90,0
24,4,0.0,0.6,0.0,normal,D2,0.1,none,rej_t,60,1000,0.90065,0.8616,0.1951384111515293,0.9964614860461115,2.274981093043121,0.9824720760163733,0.03251653570786791,1062.6000000000001,9.974916666666667,90,0
24,4,0.0,0.6,0.0,normal,D2,0.1,none,textbook_t|fpc|lin,60,1000,0.8944333333333334,0.85455,0.1951384111515293,1.0329018365396354,1.9170768878085684,0.9824720760163733,0.03251653570786791,1062.6000000000001,9.974916666666667,90,0
24,4,0.0,0.6,0.0,normal,D2,0.1,none,textbook_t|fpc|lin|xf,60,1000,0.8944333333333334,0.85455,0.1951384111515293,1.0329018365396354,1.9170768878085684,0.9824720760163733,0.03251653570786791,1062.6000000000001,9.974916666666667,90,0
24,4,0.0,1.2,0.0,normal,D0,1.0,c_crossfit_design,textbook_t|fpc|lin,60,1000,0.9010000000000002,0.87765,0.21346529848221013,1.00930195107912,2.010638991448938,1.0,0.018840026936548418,,,-1,0
24,4,0.0,1.2,0.0,normal,D0,1.0,c_crossfit_design,textbook_t|fpc|lin|xf,60,1000,0.9010000000000002,0.87765,0.21346529848221013,1.00930195107912,2.010638991448938,1.0,0.018840026936548418,,,-1,0
24,4,0.0,1.2,0.0,normal,D0,1.0,none,textbook_t|fpc|lin,60,1000,0.9010000000000002,0.87765,0.21346529848221013,1.00930195107912,2.010638991448938,1.0,0.018840026936548418,,,-1,0
24,4,0.0,1.2,0.0,normal,D0,1.0,none,textbook_t|fpc|lin|xf,60,1000,0.9010000000000002,0.87765,0.21346529848221013,1.00930195107912,2.010638991448938,1.0,0.018840026936548418,,,-1,0
24,4,0.0,1.2,0.0,normal,D1,,c_crossfit_design,strat_t,60,1000,0.8997666666666667,0.8736,0.21791920531012168,0.9950415307637429,2.405952598814979,1.0253618698682692,0.018840026936548418,,,-1,0
24,4,0.0,1.2,0.0,normal,D1,,none,strat_t,60,1000,0.8997666666666667,0.8736,0.21791920531012168,0.9950415307637429,2.405952598814979,1.0253618698682692,0.018840026936548418,,,-1,0
24,4,0.0,1.2,0.0,normal,D2,0.01,c_crossfit_design,textbook_t|fpc|lin,60,1000,0.8954,0.834,0.2124411198536314,1.0204042076200168,1.9978345831955657,0.9969224793965051,0.018840026936548418,106.26,99.06686666666667,1265,4
24,4,0.0,1.2,0.0,normal,D2,0.01,c_crossfit_design,textbook_t|fpc|lin|xf,60,1000,0.8954,0.834,0.2124411198536314,1.0204042076200168,1.9978345831955657,0.9969224793965051,0.018840026936548418,106.26,99.06686666666667,1265,4
24,4,0.0,1.2,0.0,normal,D2,0.01,none,rej_t,60,1000,0.8981333333333333,0.8261999999999999,0.2124411198536314,0.9735364717658453,2.3305984334510867,0.9969224793965051,0.018840026936548418,106.26,99.06686666666667,1265,4
24,4,0.0,1.2,0.0,normal,D2,0.01,none,textbook_t|fpc|lin,60,1000,0.8954,0.834,0.2124411198536314,1.0204042076200168,1.9978345831955657,0.9969224793965051,0.018840026936548418,106.26,99.06686666666667,1265,4
24,4,0.0,1.2,0.0,normal,D2,0.01,none,textbook_t|fpc|lin|xf,60,1000,0.8954,0.834,0.2124411198536314,1.0204042076200168,1.9978345831955657,0.9969224793965051,0.018840026936548418,106.26,99.06686666666667,1265,4
24,4,0.0,1.2,0.0,normal,D2,0.1,c_crossfit_design,textbook_t|fpc|lin,60,1000,0.9004333333333334,0.8699,0.2138266438297589,1.0003824861935142,2.0020459827539105,1.0064535645553427,0.018840026936548418,1062.6000000000001,10.0896,109,0
24,4,0.0,1.2,0.0,normal,D2,0.1,c_crossfit_design,textbook_t|fpc|lin|xf,60,1000,0.9004333333333334,0.8699,0.2138266438297589,1.0003824861935142,2.0020459827539105,1.0064535645553427,0.018840026936548418,1062.6000000000001,10.0896,109,0
24,4,0.0,1.2,0.0,normal,D2,0.1,none,rej_t,60,1000,0.9008833333333333,0.8599,0.2138266438297589,0.9621181443844808,2.3500888527354715,1.0064535645553427,0.018840026936548418,1062.6000000000001,10.0896,109,0
24,4,0.0,1.2,0.0,normal,D2,0.1,none,textbook_t|fpc|lin,60,1000,0.9004333333333334,0.8699,0.2138266438297589,1.0003824861935142,2.0020459827539105,1.0064535645553427,0.018840026936548418,1062.6000000000001,10.0896,109,0
24,4,0.0,1.2,0.0,normal,D2,0.1,none,textbook_t|fpc|lin|xf,60,1000,0.9004333333333334,0.8699,0.2138266438297589,1.0003824861935142,2.0020459827539105,1.0064535645553427,0.018840026936548418,1062.6000000000001,10.0896,109,0
24,4,0.2,0.6,0.0,normal,D0,1.0,c_crossfit_design,textbook_t|fpc|lin,60,1000,0.8946833333333334,0.86985,0.37127767062421346,0.9937721724239869,2.6391135699608017,1.0,0.22961557545824296,,,-1,0
24,4,0.2,0.6,0.0,normal,D0,1.0,c_crossfit_design,textbook_t|fpc|lin|xf,60,1000,0.8946833333333334,0.86985,0.37127767062421346,0.9937721724239869,2.6391135699608017,1.0,0.22961557545824296,,,-1,0
24,4,0.2,0.6,0.0,normal,D0,1.0,none,textbook_t|fpc|lin,60,1000,0.8946833333333334,0.86985,0.37127767062421346,0.9937721724239869,2.6391135699608017,1.0,0.22961557545824296,,,-1,0
24,4,0.2,0.6,0.0,normal,D0,1.0,none,textbook_t|fpc|lin|xf,60,1000,0.8946833333333334,0.86985,0.37127767062421346,0.9937721724239869,2.6391135699608017,1.0,0.22961557545824296,,,-1,0
24,4,0.2,0.6,0.0,normal,D1,,c_crossfit_design,strat_t,60,1000,0.8967333333333335,0.85695,0.3201399868578303,0.9909410859654293,2.9251420396447196,0.8713975600684762,0.22961557545824296,,,-1,0
24,4,0.2,0.6,0.0,normal,D1,,none,strat_t,60,1000,0.8967333333333335,0.85695,0.3201399868578303,0.9909410859654293,2.9251420396447196,0.8713975600684762,0.22961557545824296,,,-1,0
24,4,0.2,0.6,0.0,normal,D2,0.01,c_crossfit_design,textbook_t|fpc|lin,60,1000,0.92985,0.88075,0.2767546125251729,1.3882156148457374,2.6785958857039893,0.7718716354067455,0.22961557545824296,106.26,99.78721666666667,1249,4
24,4,0.2,0.6,0.0,normal,D2,0.01,c_crossfit_design,textbook_t|fpc|lin|xf,60,1000,0.92985,0.88075,0.2767546125251729,1.3882156148457374,2.6785958857039893,0.7718716354067455,0.22961557545824296,106.26,99.78721666666667,1249,4
24,4,0.2,0.6,0.0,normal,D2,0.01,none,rej_t,60,1000,0.9033500000000001,0.83075,0.2767546125251729,1.0726826188266854,2.836086486006815,0.7718716354067455,0.22961557545824296,106.26,99.78721666666667,1249,4
24,4,0.2,0.6,0.0,normal,D2,0.01,none,textbook_t|fpc|lin,60,1000,0.92985,0.88075,0.2767546125251729,1.3882156148457374,2.6785958857039893,0.7718716354067455,0.22961557545824296,106.26,99.78721666666667,1249,4
24,4,0.2,0.6,0.0,normal,D2,0.01,none,textbook_t|fpc|lin|xf,60,1000,0.92985,0.88075,0.2767546125251729,1.3882156148457374,2.6785958857039893,0.7718716354067455,0.22961557545824296,106.26,99.78721666666667,1249,4
24,4,0.2,0.6,0.0,normal,D2,0.1,c_crossfit_design,textbook_t|fpc|lin,60,1000,0.9236166666666665,0.8869,0.2901737387275206,1.3122704808528778,2.6724695537074865,0.7992456566984197,0.22961557545824296,1062.6000000000001,10.070216666666667,112,0
24,4,0.2,0.6,0.0,normal,D2,0.1,c_crossfit_design,textbook_t|fpc|lin|xf,60,1000,0.9236166666666665,0.8869,0.2901737387275206,1.3122704808528778,2.6724695537074865,0.7992456566984197,0.22961557545824296,1062.6000000000001,10.070216666666667,112,0
24,4,0.2,0.6,0.0,normal,D2,0.1,none,rej_t,60,1000,0.9050499999999998,0.865,0.2901737387275206,1.0359970622591175,2.867210559856725,0.7992456566984197,0.22961557545824296,1062.6000000000001,10.070216666666667,112,0
24,4,0.2,0.6,0.0,normal,D2,0.1,none,textbook_t|fpc|lin,60,1000,0.9236166666666665,0.8869,0.2901737387275206,1.3122704808528778,2.6724695537074865,0.7992456566984197,0.22961557545824296,1062.6000000000001,10.070216666666667,112,0
24,4,0.2,0.6,0.0,normal,D2,0.1,none,textbook_t|fpc|lin|xf,60,1000,0.9236166666666665,0.8869,0.2901737387275206,1.3122704808528778,2.6724695537074865,0.7992456566984197,0.22961557545824296,1062.6000000000001,10.070216666666667,112,0
24,4,0.2,1.2,0.0,normal,D0,1.0,c_crossfit_design,textbook_t|fpc|lin,60,1000,0.9034833333333333,0.8709,1.3650488958561349,1.0029738697280832,5.054418036839914,1.0,0.23249707776056722,,,-1,0
24,4,0.2,1.2,0.0,normal,D0,1.0,c_crossfit_design,textbook_t|fpc|lin|xf,60,1000,0.9034833333333333,0.8709,1.3650488958561349,1.0029738697280832,5.054418036839914,1.0,0.23249707776056722,,,-1,0
24,4,0.2,1.2,0.0,normal,D0,1.0,none,textbook_t|fpc|lin,60,1000,0.9034833333333333,0.8709,1.3650488958561349,1.0029738697280832,5.054418036839914,1.0,0.23249707776056722,,,-1,0
24,4,0.2,1.2,0.0,normal,D0,1.0,none,textbook_t|fpc|lin|xf,60,1000,0.9034833333333333,0.8709,1.3650488958561349,1.0029738697280832,5.054418036839914,1.0,0.23249707776056722,,,-1,0
24,4,0.2,1.2,0.0,normal,D1,,c_crossfit_design,strat_t,60,1000,0.9038166666666666,0.8717,1.1990485785168694,1.0066822891288698,5.655052798206928,0.879062831568114,0.23249707776056722,,,-1,0
24,4,0.2,1.2,0.0,normal,D1,,none,strat_t,60,1000,0.9038166666666666,0.8717,1.1990485785168694,1.0066822891288698,5.655052798206928,0.879062831568114,0.23249707776056722,,,-1,0
24,4,0.2,1.2,0.0,normal,D2,0.01,c_crossfit_design,textbook_t|fpc|lin,60,1000,0.9287333333333335,0.87075,1.0684728306008393,1.351709974578875,5.069543002594889,0.7870484476249409,0.23249707776056722,106.26,99.46968333333334,1160,1
24,4,0.2,1.2,0.0,normal,D2,0.01,c_crossfit_design,textbook_t|fpc|lin|xf,60,1000,0.9287333333333335,0.87075,1.0684728306008393,1.351709974578875,5.069543002594889,0.7870484476249409,0.23249707776056722,106.26,99.46968333333334,1160,1
24,4,0.2,1.2,0.0,normal,D2,0.01,none,rej_t,60,1000,0.9026166666666668,0.84215,1.0684728306008393,1.0292012650514641,5.355301117300698,0.7870484476249409,0.23249707776056722,106.26,99.46968333333334,1160,1
24,4,0.2,1.2,0.0,normal,D2,0.01,none,textbook_t|fpc|lin,60,1000,0.9287333333333335,0.87075,1.0684728306008393,1.351709974578875,5.069543002594889,0.7870484476249409,0.23249707776056722,106.26,99.46968333333334,1160,1
24,4,0.2,1.2,0.0,normal,D2,0.01,none,textbook_t|fpc|lin|xf,60,1000,0.9287333333333335,0.87075,1.0684728306008393,1.351709974578875,5.069543002594889,0.7870484476249409,0.23249707776056722,106.26,99.46968333333334,1160,1
24,4,0.2,1.2,0.0,normal,D2,0.1,c_crossfit_design,textbook_t|fpc|lin,60,1000,0.92585,0.867,1.0881317805198711,1.3055224841644857,5.064931135463022,0.8043386579291366,0.23249707776056722,1062.6000000000001,9.904916666666667,104,0
24,4,0.2,1.2,0.0,normal,D2,0.1,c_crossfit_design,textbook_t|fpc|lin|xf,60,1000,0.92585,0.867,1.0881317805198711,1.3055224841644857,5.064931135463022,0.8043386579291366,0.23249707776056722,1062.6000000000001,9.904916666666667,104,0
24,4,0.2,1.2,0.0,normal,D2,0.1,none,rej_t,60,1000,0.9031666666666668,0.8584499999999999,1.0881317805198711,0.9989257734903332,5.378736283118743,0.8043386579291366,0.23249707776056722,1062.6000000000001,9.904916666666667,104,0
24,4,0.2,1.2,0.0,normal,D2,0.1,none,textbook_t|fpc|lin,60,1000,0.92585,0.867,1.0881317805198711,1.3055224841644857,5.064931135463022,0.8043386579291366,0.23249707776056722,1062.6000000000001,9.904916666666667,104,0
24,4,0.2,1.2,0.0,normal,D2,0.1,none,textbook_t|fpc|lin|xf,60,1000,0.92585,0.867,1.0881317805198711,1.3055224841644857,5.064931135463022,0.8043386579291366,0.23249707776056722,1062.6000000000001,9.904916666666667,104,0
24,4,0.4,0.6,0.0,normal,D0,1.0,c_crossfit_design,textbook_t|fpc|lin,60,1000,0.9014500000000001,0.87485,0.18838823043378,0.9952348667466938,1.8814018177332366,1.0,0.3863850715024416,,,-1,0
24,4,0.4,0.6,0.0,normal,D0,1.0,c_crossfit_design,textbook_t|fpc|lin|xf,60,1000,0.9014500000000001,0.87485,0.18838823043378,0.9952348667466938,1.8814018177332366,1.0,0.3863850715024416,,,-1,0
24,4,0.4,0.6,0.0,normal,D0,1.0,none,textbook_t|fpc|lin,60,1000,0.9014500000000001,0.87485,0.18838823043378,0.9952348667466938,1.8814018177332366,1.0,0.3863850715024416,,,-1,0
24,4,0.4,0.6,0.0,normal,D0,1.0,none,textbook_t|fpc|lin|xf,60,1000,0.9014500000000001,0.87485,0.18838823043378,0.9952348667466938,1.8814018177332366,1.0,0.3863850715024416,,,-1,0
24,4,0.4,0.6,0.0,normal,D1,,c_crossfit_design,strat_t,60,1000,0.9016333333333334,0.85485,0.15542831262834242,0.9938457088441286,2.031655752476776,0.8345744740027108,0.3863850715024416,,,-1,0
24,4,0.4,0.6,0.0,normal,D1,,none,strat_t,60,1000,0.9016333333333334,0.85485,0.15542831262834242,0.9938457088441286,2.031655752476776,0.8345744740027108,0.3863850715024416,,,-1,0
24,4,0.4,0.6,0.0,normal,D2,0.01,c_crossfit_design,textbook_t|fpc|lin,60,1000,0.9411499999999999,0.8729,0.1180024159623295,1.7665656180588083,1.9071692798321203,0.6494872054793429,0.3863850715024416,106.26,98.67915,1243,5
24,4,0.4,0.6,0.0,normal,D2,0.01,c_crossfit_design,textbook_t|fpc|lin|xf,60,1000,0.9411499999999999,0.8729,0.1180024159623295,1.7665656180588083,1.9071692798321203,0.6494872054793429,0.3863850715024416,106.26,98.67915,1243,5
24,4,0.4,0.6,0.0,normal,D2,0.01,none,rej_t,60,1000,0.9039500000000001,0.8426,0.1180024159623295,1.0638478716702278,1.8167479544676184,0.6494872054793429,0.3863850715024416,106.26,98.67915,1243,5
24,4,0.4,0.6,0.0,normal,D2,0.01,none,textbook_t|fpc|lin,60,1000,0.9411499999999999,0.8729,0.1180024159623295,1.7665656180588083,1.9071692798321203,0.6494872054793429,0.3863850715024416,106.26,98.67915,1243,5
24,4,0.4,0.6,0.0,normal,D2,0.01,none,textbook_t|fpc|lin|xf,60,1000,0.9411499999999999,0.8729,0.1180024159623295,1.7665656180588083,1.9071692798321203,0.6494872054793429,0.3863850715024416,106.26,98.67915,1243,5
24,4,0.4,0.6,0.0,normal,D2,0.1,c_crossfit_design,textbook_t|fpc|lin,60,1000,0.9405666666666667,0.8929,0.12104199089389797,1.6329178655265955,1.8891035002159877,0.663379738348454,0.3863850715024416,1062.6000000000001,10.037466666666667,125,0
24,4,0.4,0.6,0.0,normal,D2,0.1,c_crossfit_design,textbook_t|fpc|lin|xf,60,1000,0.9405666666666667,0.8929,0.12104199089389797,1.6329178655265955,1.8891035002159877,0.663379738348454,0.3863850715024416,1062.6000000000001,10.037466666666667,125,0
24,4,0.4,0.6,0.0,normal,D2,0.1,none,rej_t,60,1000,0.9057499999999998,0.87165,0.12104199089389797,1.0044183510453162,1.8122370184962484,0.663379738348454,0.3863850715024416,1062.6000000000001,10.037466666666667,125,0
24,4,0.4,0.6,0.0,normal,D2,0.1,none,textbook_t|fpc|lin,60,1000,0.9405666666666667,0.8929,0.12104199089389797,1.6329178655265955,1.8891035002159877,0.663379738348454,0.3863850715024416,1062.6000000000001,10.037466666666667,125,0
24,4,0.4,0.6,0.0,normal,D2,0.1,none,textbook_t|fpc|lin|xf,60,1000,0.9405666666666667,0.8929,0.12104199089389797,1.6329178655265955,1.8891035002159877,0.663379738348454,0.3863850715024416,1062.6000000000001,10.037466666666667,125,0
24,4,0.4,1.2,0.0,normal,D0,1.0,c_crossfit_design,textbook_t|fpc|lin,60,1000,0.8952999999999999,0.85265,0.7165806923667402,0.9911287078583929,3.652497994269375,1.0,0.36626602281431675,,,-1,0
24,4,0.4,1.2,0.0,normal,D0,1.0,c_crossfit_design,textbook_t|fpc|lin|xf,60,1000,0.8952999999999999,0.85265,0.7165806923667402,0.9911287078583929,3.652497994269375,1.0,0.36626602281431675,,,-1,0
24,4,0.4,1.2,0.0,normal,D0,1.0,none,textbook_t|fpc|lin,60,1000,0.8952999999999999,0.85265,0.7165806923667402,0.9911287078583929,3.652497994269375,1.0,0.36626602281431675,,,-1,0
24,4,0.4,1.2,0.0,normal,D0,1.0,none,textbook_t|fpc|lin|xf,60,1000,0.8952999999999999,0.85265,0.7165806923667402,0.9911287078583929,3.652497994269375,1.0,0.36626602281431675,,,-1,0
24,4,0.4,1.2,0.0,normal,D1,,c_crossfit_design,strat_t,60,1000,0.9012833333333333,0.86175,0.5581399656290494,1.0096338954735262,3.897237551056363,0.7986290184438748,0.36626602281431675,,,-1,0
24,4,0.4,1.2,0.0,normal,D1,,none,strat_t,60,1000,0.9012833333333333,0.86175,0.5581399656290494,1.0096338954735262,3.897237551056363,0.7986290184438748,0.36626602281431675,,,-1,0
24,4,0.4,1.2,0.0,normal,D2,0.01,c_crossfit_design,textbook_t|fpc|lin,60,1000,0.9409666666666666,0.89375,0.4619203848048597,1.6317936631935304,3.7157709363401086,0.6741130744722122,0.36626602281431675,106.26,98.93243333333334,1049,2
24,4,0.4,1.2,0.0,normal,D2,0.01,c_crossfit_design,textbook_t|fpc|lin|xf,60,1000,0.9409666666666666,0.89375,0.4619203848048597,1.6317936631935304,3.7157709363401086,0.6741130744722122,0.36626602281431675,106.26,98.93243333333334,1049,2
24,4,0.4,1.2,0.0,normal,D2,0.01,none,rej_t,60,1000,0.8974999999999999,0.8368,0.4619203848048597,0.9998635432945276,3.5151822138551005,0.6741130744722122,0.36626602281431675,106.26,98.93243333333334,1049,2
24,4,0.4,1.2,0.0,normal,D2,0.01,none,textbook_t|fpc|lin,60,1000,0.9409666666666666,0.89375,0.4619203848048597,1.6317936631935304,3.7157709363401086,0.6741130744722122,0.36626602281431675,106.26,98.93243333333334,1049,2
24,4,0.4,1.2,0.0,normal,D2,0.01,none,textbook_t|fpc|lin|xf,60,1000,0.9409666666666666,0.89375,0.4619203848048597,1.6317936631935304,3.7157709363401086,0.6741130744722122,0.36626602281431675,106.26,98.93243333333334,1049,2
24,4,0.4,1.2,0.0,normal,D2,0.1,c_crossfit_design,textbook_t|fpc|lin,60,1000,0.9380999999999999,0.89425,0.45911781894821985,1.6060688171570328,3.7027438612605197,0.6671368477977027,0.36626602281431675,1062.6000000000001,9.995033333333334,123,0
24,4,0.4,1.2,0.0,normal,D2,0.1,c_crossfit_design,textbook_t|fpc|lin|xf,60,1000,0.9380999999999999,0.89425,0.45911781894821985,1.6060688171570328,3.7027438612605197,0.6671368477977027,0.36626602281431675,1062.6000000000001,9.995033333333334,123,0
24,4,0.4,1.2,0.0,normal,D2,0.1,none,rej_t,60,1000,0.9012166666666668,0.85685,0.45911781894821985,0.9976489041506148,3.530687221164499,0.6671368477977027,0.36626602281431675,1062.6000000000001,9.995033333333334,123,0
24,4,0.4,1.2,0.0,normal,D2,0.1,none,textbook_t|fpc|lin,60,1000,0.9380999999999999,0.89425,0.45911781894821985,1.6060688171570328,3.7027438612605197,0.6671368477977027,0.36626602281431675,1062.6000000000001,9.995033333333334,123,0
24,4,0.4,1.2,0.0,normal,D2,0.1,none,textbook_t|fpc|lin|xf,60,1000,0.9380999999999999,0.89425,0.45911781894821985,1.6060688171570328,3.7027438612605197,0.6671368477977027,0.36626602281431675,1062.6000000000001,9.995033333333334,123,0
24,4,0.7,0.6,0.0,normal,D0,1.0,c_crossfit_design,textbook_t|fpc|lin,60,1000,0.8979666666666666,0.87025,0.10938572409898782,1.000565212698726,1.43565755323185,1.0,0.706249385647918,,,-1,0
24,4,0.7,0.6,0.0,normal,D0,1.0,c_crossfit_design,textbook_t|fpc|lin|xf,60,1000,0.8979666666666666,0.87025,0.10938572409898782,1.000565212698726,1.43565755323185,1.0,0.706249385647918,,,-1,0
24,4,0.7,0.6,0.0,normal,D0,1.0,none,textbook_t|fpc|lin,60,1000,0.8979666666666666,0.87025,0.10938572409898782,1.000565212698726,1.43565755323185,1.0,0.706249385647918,,,-1,0
24,4,0.7,0.6,0.0,normal,D0,1.0,none,textbook_t|fpc|lin|xf,60,1000,0.8979666666666666,0.87025,0.10938572409898782,1.000565212698726,1.43565755323185,1.0,0.706249385647918,,,-1,0
24,4,0.7,0.6,0.0,normal,D1,,c_crossfit_design,strat_t,60,1000,0.8988833333333333,0.84865,0.06174424520795938,0.9964493453626069,1.28098366025987,0.5777549780523022,0.706249385647918,,,-1,0
24,4,0.7,0.6,0.0,normal,D1,,none,strat_t,60,1000,0.8988833333333333,0.84865,0.06174424520795938,0.9964493453626069,1.28098366025987,0.5777549780523022,0.706249385647918,,,-1,0
24,4,0.7,0.6,0.0,normal,D2,0.01,c_crossfit_design,textbook_t|fpc|lin,60,1000,0.9785499999999998,0.947,0.030595538091872092,4.091754581902257,1.45902802944386,0.2988014645555157,0.706249385647918,106.26,99.7284,1211,8
24,4,0.7,0.6,0.0,normal,D2,0.01,c_crossfit_design,textbook_t|fpc|lin|xf,60,1000,0.9785499999999998,0.947,0.030595538091872092,4.091754581902257,1.45902802944386,0.2988014645555157,0.706249385647918,106.26,99.7284,1211,8
24,4,0.7,0.6,0.0,normal,D2,0.01,none,rej_t,60,1000,0.8985000000000002,0.8266,0.030595538091872092,1.032249037255135,0.9071662472505828,0.2988014645555157,0.706249385647918,106.26,99.7284,1211,8
24,4,0.7,0.6,0.0,normal,D2,0.01,none,textbook_t|fpc|lin,60,1000,0.9785499999999998,0.947,0.030595538091872092,4.091754581902257,1.45902802944386,0.2988014645555157,0.706249385647918,106.26,99.7284,1211,8
24,4,0.7,0.6,0.0,normal,D2,0.01,none,textbook_t|fpc|lin|xf,60,1000,0.9785499999999998,0.947,0.030595538091872092,4.091754581902257,1.45902802944386,0.2988014645555157,0.706249385647918,106.26,99.7284,1211,8
24,4,0.7,0.6,0.0,normal,D2,0.1,c_crossfit_design,textbook_t|fpc|lin,60,1000,0.9797833333333333,0.95495,0.03226404255465592,3.8063945875711425,1.4644187278683445,0.3136389225979221,0.706249385647918,1062.6000000000001,9.981116666666667,98,0
24,4,0.7,0.6,0.0,normal,D2,0.1,c_crossfit_design,textbook_t|fpc|lin|xf,60,1000,0.9797833333333333,0.95495,0.03226404255465592,3.8063945875711425,1.4644187278683445,0.3136389225979221,0.706249385647918,1062.6000000000001,9.981116666666667,98,0
24,4,0.7,0.6,0.0,normal,D2,0.1,none,rej_t,60,1000,0.90865,0.85625,0.03226404255465592,0.9997578921023038,0.9313548072638466,0.3136389225979221,0.706249385647918,1062.6000000000001,9.981116666666667,98,0
24,4,0.7,0.6,0.0,normal,D2,0.1,none,textbook_t|fpc|lin,60,1000,0.9797833333333333,0.95495,0.03226404255465592,3.8063945875711425,1.4644187278683445,0.3136389225979221,0.706249385647918,1062.6000000000001,9.981116666666667,98,0
24,4,0.7,0.6,0.0,normal,D2,0.1,none,textbook_t|fpc|lin|xf,60,1000,0.9797833333333333,0.95495,0.03226404255465592,3.8063945875711425,1.4644187278683445,0.3136389225979221,0.706249385647918,1062.6000000000001,9.981116666666667,98,0
24,4,0.7,1.2,0.0,normal,D0,1.0,c_crossfit_design,textbook_t|fpc|lin,60,1000,0.9032166666666668,0.8745,0.402529294650253,1.0078806920965646,2.740657076734887,1.0,0.7098259078571787,,,-1,0
24,4,0.7,1.2,0.0,normal,D0,1.0,c_crossfit_design,textbook_t|fpc|lin|xf,60,1000,0.9032166666666668,0.8745,0.402529294650253,1.0078806920965646,2.740657076734887,1.0,0.7098259078571787,,,-1,0
24,4,0.7,1.2,0.0,normal,D0,1.0,none,textbook_t|fpc|lin,60,1000,0.9032166666666668,0.8745,0.402529294650253,1.0078806920965646,2.740657076734887,1.0,0.7098259078571787,,,-1,0
24,4,0.7,1.2,0.0,normal,D0,1.0,none,textbook_t|fpc|lin|xf,60,1000,0.9032166666666668,0.8745,0.402529294650253,1.0078806920965646,2.740657076734887,1.0,0.7098259078571787,,,-1,0
24,4,0.7,1.2,0.0,normal,D1,,c_crossfit_design,strat_t,60,1000,0.9017499999999999,0.855,0.23886045843545467,1.0104118196908276,2.5271614808499905,0.6068634411943594,0.7098259078571787,,,-1,0
24,4,0.7,1.2,0.0,normal,D1,,none,strat_t,60,1000,0.9017499999999999,0.855,0.23886045843545467,1.0104118196908276,2.5271614808499905,0.6068634411943594,0.7098259078571787,,,-1,0
24,4,0.7,1.2,0.0,normal,D2,0.01,c_crossfit_design,textbook_t|fpc|lin,60,1000,0.9792166666666666,0.93425,0.1228803671724921,3.616547192005655,2.7467990049707836,0.3247058409774615,0.7098259078571787,106.26,99.39763333333333,1154,4
24,4,0.7,1.2,0.0,normal,D2,0.01,c_crossfit_design,textbook_t|fpc|lin|xf,60,1000,0.9792166666666666,0.93425,0.1228803671724921,3.616547192005655,2.7467990049707836,0.3247058409774615,0.7098259078571787,106.26,99.39763333333333,1154,4
24,4,0.7,1.2,0.0,normal,D2,0.01,none,rej_t,60,1000,0.9029166666666666,0.8404499999999999,0.1228803671724921,1.0665227675715971,1.8465448406406442,0.3247058409774615,0.7098259078571787,106.26,99.39763333333333,1154,4
24,4,0.7,1.2,0.0,normal,D2,0.01,none,textbook_t|fpc|lin,60,1000,0.9792166666666666,0.93425,0.1228803671724921,3.616547192005655,2.7467990049707836,0.3247058409774615,0.7098259078571787,106.26,99.39763333333333,1154,4
24,4,0.7,1.2,0.0,normal,D2,0.01,none,textbook_t|fpc|lin|xf,60,1000,0.9792166666666666,0.93425,0.1228803671724921,3.616547192005655,2.7467990049707836,0.3247058409774615,0.7098259078571787,106.26,99.39763333333333,1154,4
24,4,0.7,1.2,0.0,normal,D2,0.1,c_crossfit_design,textbook_t|fpc|lin,60,1000,0.9782666666666666,0.9298500000000001,0.12609161654620663,3.4247548763798084,2.7396092939605383,0.3344115351070071,0.7098259078571787,1062.6000000000001,10.026883333333334,128,0
24,4,0.7,1.2,0.0,normal,D2,0.1,c_crossfit_design,textbook_t|fpc|lin|xf,60,1000,0.9782666666666666,0.9298500000000001,0.12609161654620663,3.4247548763798084,2.7396092939605383,0.3344115351070071,0.7098259078571787,1062.6000000000001,10.026883333333334,128,0
24,4,0.7,1.2,0.0,normal,D2,0.1,none,rej_t,60,1000,0.9081333333333333,0.8743,0.12609161654620663,1.011978628435414,1.8492748700559858,0.3344115351070071,0.7098259078571787,1062.6000000000001,10.026883333333334,128,0
24,4,0.7,1.2,0.0,normal,D2,0.1,none,textbook_t|fpc|lin,60,1000,0.9782666666666666,0.9298500000000001,0.12609161654620663,3.4247548763798084,2.7396092939605383,0.3344115351070071,0.7098259078571787,1062.6000000000001,10.026883333333334,128,0
24,4,0.7,1.2,0.0,normal,D2,0.1,none,textbook_t|fpc|lin|xf,60,1000,0.9782666666666666,0.9298500000000001,0.12609161654620663,3.4247548763798084,2.7396092939605383,0.3344115351070071,0.7098259078571787,1062.6000000000001,10.026883333333334,128,0
24,4,0.9,0.6,0.0,normal,D0,1.0,c_crossfit_design,textbook_t|fpc|lin,60,1000,0.8988499999999999,0.8519,0.07964455689711407,1.0036406903036574,1.2262645810849997,1.0,0.8927683669712008,,,-1,0
24,4,0.9,0.6,0.0,normal,D0,1.0,c_crossfit_design,textbook_t|fpc|lin|xf,60,1000,0.8988499999999999,0.8519,0.07964455689711407,1.0036406903036574,1.2262645810849997,1.0,0.8927683669712008,,,-1,0
24,4,0.9,0.6,0.0,normal,D0,1.0,none,textbook_t|fpc|lin,60,1000,0.8988499999999999,0.8519,0.07964455689711407,1.0036406903036574,1.2262645810849997,1.0,0.8927683669712008,,,-1,0
24,4,0.9,0.6,0.0,normal,D0,1.0,none,textbook_t|fpc|lin|xf,60,1000,0.8988499999999999,0.8519,0.07964455689711407,1.0036406903036574,1.2262645810849997,1.0,0.8927683669712008,,,-1,0
24,4,0.9,0.6,0.0,normal,D1,,c_crossfit_design,strat_t,60,1000,0.8993333333333333,0.8482999999999999,0.03507596466421621,1.0036742002106724,0.9630771656633995,0.450407114333815,0.8927683669712008,,,-1,0
24,4,0.9,0.6,0.0,normal,D1,,none,strat_t,60,1000,0.8993333333333333,0.8482999999999999,0.03507596466421621,1.0036742002106724,0.9630771656633995,0.450407114333815,0.8927683669712008,,,-1,0
24,4,0.9,0.6,0.0,normal,D2,0.01,c_crossfit_design,textbook_t|fpc|lin,60,1000,0.9917,0.95665,0.008708526073867635,11.019032719247162,1.243735427424639,0.11816687197410351,0.8927683669712008,106.26,100.02665,1151,1
24,4,0.9,0.6,0.0,normal,D2,0.01,c_crossfit_design,textbook_t|fpc|lin|xf,60,1000,0.9917,0.95665,0.008708526073867635,11.019032719247162,1.243735427424639,0.11816687197410351,0.8927683669712008,106.26,100.02665,1151,1
24,4,0.9,0.6,0.0,normal,D2,0.01,none,rej_t,60,1000,0.8965,0.82595,0.008708526073867635,0.9775828628056854,0.475659261333382,0.11816687197410351,0.8927683669712008,106.26,100.02665,1151,1
24,4,0.9,0.6,0.0,normal,D2,0.01,none,textbook_t|fpc|lin,60,1000,0.9917,0.95665,0.008708526073867635,11.019032719247162,1.243735427424639,0.11816687197410351,0.8927683669712008,106.26,100.02665,1151,1
24,4,0.9,0.6,0.0,normal,D2,0.01,none,textbook_t|fpc|lin|xf,60,1000,0.9917,0.95665,0.008708526073867635,11.019032719247162,1.243735427424639,0.11816687197410351,0.8927683669712008,106.26,100.02665,1151,1
24,4,0.9,0.6,0.0,normal,D2,0.1,c_crossfit_design,textbook_t|fpc|lin,60,1000,0.9923333333333334,0.9722999999999999,0.008754602426295693,10.529843882451138,1.2448944083611975,0.11848674426603865,0.8927683669712008,1062.6000000000001,10.055916666666667,112,0
24,4,0.9,0.6,0.0,normal,D2,0.1,c_crossfit_design,textbook_t|fpc|lin|xf,60,1000,0.9923333333333334,0.9722999999999999,0.008754602426295693,10.529843882451138,1.2448944083611975,0.11848674426603865,0.8927683669712008,1062.6000000000001,10.055916666666667,112,0
24,4,0.9,0.6,0.0,normal,D2,0.1,none,rej_t,60,1000,0.9195166666666666,0.87775,0.008754602426295693,0.9994891186604248,0.4933961123284844,0.11848674426603865,0.8927683669712008,1062.6000000000001,10.055916666666667,112,0
24,4,0.9,0.6,0.0,normal,D2,0.1,none,textbook_t|fpc|lin,60,1000,0.9923333333333334,0.9722999999999999,0.008754602426295693,10.529843882451138,1.2448944083611975,0.11848674426603865,0.8927683669712008,1062.6000000000001,10.055916666666667,112,0
24,4,0.9,0.6,0.0,normal,D2,0.1,none,textbook_t|fpc|lin|xf,60,1000,0.9923333333333334,0.9722999999999999,0.008754602426295693,10.529843882451138,1.2448944083611975,0.11848674426603865,0.8927683669712008,1062.6000000000001,10.055916666666667,112,0
24,4,0.9,1.2,0.0,normal,D0,1.0,c_crossfit_design,textbook_t|fpc|lin,60,1000,0.8974333333333333,0.8727,0.3489408981018317,0.9957635079697039,2.5517879472881897,1.0,0.9041829512162933,,,-1,0
24,4,0.9,1.2,0.0,normal,D0,1.0,c_crossfit_design,textbook_t|fpc|lin|xf,60,1000,0.8974333333333333,0.8727,0.3489408981018317,0.9957635079697039,2.5517879472881897,1.0,0.9041829512162933,,,-1,0
24,4,0.9,1.2,0.0,normal,D0,1.0,none,textbook_t|fpc|lin,60,1000,0.8974333333333333,0.8727,0.3489408981018317,0.9957635079697039,2.5517879472881897,1.0,0.9041829512162933,,,-1,0
24,4,0.9,1.2,0.0,normal,D0,1.0,none,textbook_t|fpc|lin|xf,60,1000,0.8974333333333333,0.8727,0.3489408981018317,0.9957635079697039,2.5517879472881897,1.0,0.9041829512162933,,,-1,0
24,4,0.9,1.2,0.0,normal,D1,,c_crossfit_design,strat_t,60,1000,0.8979999999999999,0.83975,0.15162916250604624,1.0035167950490862,1.9975632736433158,0.437954378977282,0.9041829512162933,,,-1,0
24,4,0.9,1.2,0.0,normal,D1,,none,strat_t,60,1000,0.8979999999999999,0.83975,0.15162916250604624,1.0035167950490862,1.9975632736433158,0.437954378977282,0.9041829512162933,,,-1,0
24,4,0.9,1.2,0.0,normal,D2,0.01,c_crossfit_design,textbook_t|fpc|lin,60,1000,0.9976333333333333,0.989,0.0343145901565454,11.778340817351376,2.6423488807767157,0.10681104638856884,0.9041829512162933,106.26,99.56233333333333,1070,4
24,4,0.9,1.2,0.0,normal,D2,0.01,c_crossfit_design,textbook_t|fpc|lin|xf,60,1000,0.9976333333333333,0.989,0.0343145901565454,11.778340817351376,2.6423488807767157,0.10681104638856884,0.9041829512162933,106.26,99.56233333333333,1070,4
24,4,0.9,1.2,0.0,normal,D2,0.01,none,rej_t,60,1000,0.895,0.82185,0.0343145901565454,1.0066075430924526,0.9490089775940708,0.10681104638856884,0.9041829512162933,106.26,99.56233333333333,1070,4
24,4,0.9,1.2,0.0,normal,D2,0.01,none,textbook_t|fpc|lin,60,1000,0.9976333333333333,0.989,0.0343145901565454,11.778340817351376,2.6423488807767157,0.10681104638856884,0.9041829512162933,106.26,99.56233333333333,1070,4
24,4,0.9,1.2,0.0,normal,D2,0.01,none,textbook_t|fpc|lin|xf,60,1000,0.9976333333333333,0.989,0.0343145901565454,11.778340817351376,2.6423488807767157,0.10681104638856884,0.9041829512162933,106.26,99.56233333333333,1070,4
24,4,0.9,1.2,0.0,normal,D2,0.1,c_crossfit_design,textbook_t|fpc|lin,60,1000,0.9969833333333333,0.987,0.035464382425042136,10.831895092648319,2.6224667791751974,0.1100825199670392,0.9041829512162933,1062.6000000000001,9.990433333333334,97,0
24,4,0.9,1.2,0.0,normal,D2,0.1,c_crossfit_design,textbook_t|fpc|lin|xf,60,1000,0.9969833333333333,0.987,0.035464382425042136,10.831895092648319,2.6224667791751974,0.1100825199670392,0.9041829512162933,1062.6000000000001,9.990433333333334,97,0
24,4,0.9,1.2,0.0,normal,D2,0.1,none,rej_t,60,1000,0.9217500000000001,0.8749,0.035464382425042136,1.0012192894463796,0.9889262782643393,0.1100825199670392,0.9041829512162933,1062.6000000000001,9.990433333333334,97,0
24,4,0.9,1.2,0.0,normal,D2,0.1,none,textbook_t|fpc|lin,60,1000,0.9969833333333333,0.987,0.035464382425042136,10.831895092648319,2.6224667791751974,0.1100825199670392,0.9041829512162933,1062.6000000000001,9.990433333333334,97,0
24,4,0.9,1.2,0.0,normal,D2,0.1,none,textbook_t|fpc|lin|xf,60,1000,0.9969833333333333,0.987,0.035464382425042136,10.831895092648319,2.6224667791751974,0.1100825199670392,0.9041829512162933,1062.6000000000001,9.990433333333334,97,0
24,6,0.0,0.6,0.0,normal,D0,1.0,c_crossfit_design,textbook_t|fpc|lin,60,1000,0.8934500000000001,0.86785,0.1488049950782055,0.9807794599863121,1.441920279185253,1.2634181977455536,0.03251653570786791,,,-1,0
24,6,0.0,0.6,0.0,normal,D0,1.0,c_crossfit_design,textbook_t|fpc|lin|xf,60,1000,0.8958499999999999,0.8718,0.1488049950782055,0.9988096149755857,1.4537153352119812,1.2634181977455536,0.03251653570786791,,,-1,0
24,6,0.0,0.6,0.0,normal,D0,1.0,none,textbook_t|fpc|lin,60,1000,0.8973333333333334,0.8686,0.1195629256390481,1.00246157165935,1.3181955270357146,1.0,0.03251653570786791,,,-1,0
24,6,0.0,0.6,0.0,normal,D0,1.0,none,textbook_t|fpc|lin|xf,60,1000,0.8973333333333334,0.8686,0.1195629256390481,1.00246157165935,1.3181955270357146,1.0,0.03251653570786791,,,-1,0
24,6,0.0,0.6,0.0,normal,D1,,c_crossfit_design,strat_t,60,1000,0.9069499999999999,0.8699,0.13642557160285856,1.103046423229779,1.658278199534711,1.1517996260646919,0.03251653570786791,,,-1,0
24,6,0.0,0.6,0.0,normal,D1,,none,strat_t,60,1000,0.8976333333333333,0.854,0.11992993875899467,0.9983763938376652,1.490012368374948,0.9996318334787802,0.03251653570786791,,,-1,0
24,6,0.0,0.6,0.0,normal,D2,0.01,c_crossfit_design,textbook_t|fpc|lin,60,1000,0.9050499999999999,0.86885,0.13032093606594622,1.1184141556003986,1.4369089399904802,1.1109985999875642,0.03251653570786791,1345.96,100.45711666666666,1429,3
24,6,0.0,0.6,0.0,normal,D2,0.01,c_crossfit_design,textbook_t|fpc|lin|xf,60,1000,0.9070333333333331,0.8728,0.13032093606594622,1.139519339434406,1.4490533799786858,1.1109985999875642,0.03251653570786791,1345.96,100.45711666666666,1429,3
24,6,0.0,0.6,0.0,normal,D2,0.01,none,rej_t,60,1000,0.8977499999999999,0.85795,0.11720734492666147,1.0015414437140915,1.3685027280692252,0.9871649928031371,0.03251653570786791,1345.96,100.45711666666666,1429,3
24,6,0.0,0.6,0.0,normal,D2,0.01,none,textbook_t|fpc|lin,60,1000,0.8978333333333333,0.861,0.11720734492666147,1.0332973448305653,1.3185761518784385,0.9871649928031371,0.03251653570786791,1345.96,100.45711666666666,1429,3
24,6,0.0,0.6,0.0,normal,D2,0.01,none,textbook_t|fpc|lin|xf,60,1000,0.8978333333333333,0.861,0.11720734492666147,1.0332973448305653,1.3185761518784385,0.9871649928031371,0.03251653570786791,1345.96,100.45711666666666,1429,3
24,6,0.0,0.6,0.0,normal,D2,0.1,c_crossfit_design,textbook_t|fpc|lin,60,1000,0.9061666666666667,0.8739,0.13103612415505356,1.1234999391149432,1.4379928256856427,1.1068937266331673,0.03251653570786791,13459.6,10.002716666666666,100,0
24,6,0.0,0.6,0.0,normal,D2,0.1,c_crossfit_design,textbook_t|fpc|lin|xf,60,1000,0.9082666666666666,0.8749,0.13103612415505356,1.1446215652462741,1.4500997870370602,1.1068937266331673,0.03251653570786791,13459.6,10.002716666666666,100,0
24,6,0.0,0.6,0.0,normal,D2,0.1,none,rej_t,60,1000,0.8979333333333334,0.866,0.11858783665539444,0.9981327176632527,1.3696455627234088,0.9902671348253494,0.03251653570786791,13459.6,10.002716666666666,100,0
24,6,0.0,0.6,0.0,normal,D2,0.1,none,textbook_t|fpc|lin,60,1000,0.8979000000000001,0.868,0.11858783665539444,1.029823923478113,1.3196108174194106,0.9902671348253494,0.03251653570786791,13459.6,10.002716666666666,100,0
24,6,0.0,0.6,0.0,normal,D2,0.1,none,textbook_t|fpc|lin|xf,60,1000,0.8979000000000001,0.868,0.11858783665539444,1.029823923478113,1.3196108174194106,0.9902671348253494,0.03251653570786791,13459.6,10.002716666666666,100,0
24,6,0.0,1.2,0.0,normal,D0,1.0,c_crossfit_design,textbook_t|fpc|lin,60,1000,0.8905333333333334,0.8687,0.16190019961709823,0.9731133725873359,1.5039671663424283,1.2590304411647606,0.018840026936548418,,,-1,0
24,6,0.0,1.2,0.0,normal,D0,1.0,c_crossfit_design,textbook_t|fpc|lin|xf,60,1000,0.8927666666666666,0.8698,0.16190019961709823,0.9910767847136149,1.5166350374088053,1.2590304411647606,0.018840026936548418,,,-1,0
24,6,0.0,1.2,0.0,normal,D0,1.0,none,textbook_t|fpc|lin,60,1000,0.8988,0.877,0.12950054987075998,0.9972108520078068,1.3767667921490607,1.0,0.018840026936548418,,,-1,0
24,6,0.0,1.2,0.0,normal,D0,1.0,none,textbook_t|fpc|lin|xf,60,1000,0.8988,0.877,0.12950054987075998,0.9972108520078068,1.3767667921490607,1.0,0.018840026936548418,,,-1,0
24,6,0.0,1.2,0.0,normal,D1,,c_crossfit_design,strat_t,60,1000,0.9102000000000001,0.88065,0.1492024049058747,1.1220817369752731,1.7545376672318433,1.159811632807904,0.018840026936548418,,,-1,0
24,6,0.0,1.2,0.0,normal,D1,,none,strat_t,60,1000,0.9029000000000001,0.8749,0.12976166605183498,0.9981368116294448,1.560220794918174,1.0042132971968736,0.018840026936548418,,,-1,0
24,6,0.0,1.2,0.0,normal,D2,0.01,c_crossfit_design,textbook_t|fpc|lin,60,1000,0.9032333333333333,0.8649,0.14282303298958793,1.096030525619095,1.4896075208416435,1.107825671984671,0.018840026936548418,1345.96,99.79093333333333,1094,4
24,6,0.0,1.2,0.0,normal,D2,0.01,c_crossfit_design,textbook_t|fpc|lin|xf,60,1000,0.9052833333333332,0.86795,0.14282303298958793,1.1167774894359346,1.5024421490432978,1.107825671984671,0.018840026936548418,1345.96,99.79093333333333,1094,4
24,6,0.0,1.2,0.0,normal,D2,0.01,none,rej_t,60,1000,0.8952000000000001,0.8615,0.1279704516311773,0.9693437244383357,1.408082374133453,0.9913639963958004,0.018840026936548418,1345.96,99.79093333333333,1094,4
24,6,0.0,1.2,0.0,normal,D2,0.01,none,textbook_t|fpc|lin,60,1000,0.8979833333333335,0.8719,0.1279704516311773,1.0021658132212683,1.3677808653703043,0.9913639963958004,0.018840026936548418,1345.96,99.79093333333333,1094,4
24,6,0.0,1.2,0.0,normal,D2,0.01,none,textbook_t|fpc|lin|xf,60,1000,0.8979833333333335,0.8719,0.1279704516311773,1.0021658132212683,1.3677808653703043,0.9913639963958004,0.018840026936548418,1345.96,99.79093333333333,1094,4
24,6,0.0,1.2,0.0,normal,D2,0.1,c_crossfit_design,textbook_t|fpc|lin,60,1000,0.9062,0.88095,0.14354390599550684,1.0943900592951885,1.4940057050980344,1.1115115234177764,0.018840026936548418,13459.6,10.007866666666667,117,0
24,6,0.0,1.2,0.0,normal,D2,0.1,c_crossfit_design,textbook_t|fpc|lin|xf,60,1000,0.9083833333333333,0.88295,0.14354390599550684,1.1153145751840963,1.5069967020227628,1.1115115234177764,0.018840026936548418,13459.6,10.007866666666667,117,0
24,6,0.0,1.2,0.0,normal,D2,0.1,none,rej_t,60,1000,0.8974333333333334,0.86195,0.12824534726864414,0.9742680339369765,1.4152018780846802,0.9918211552228523,0.018840026936548418,13459.6,10.007866666666667,117,0
24,6,0.0,1.2,0.0,normal,D2,0.1,none,textbook_t|fpc|lin,60,1000,0.8996666666666667,0.8745,0.12824534726864414,1.0033476727100805,1.3708806526269144,0.9918211552228523,0.018840026936548418,13459.6,10.007866666666667,117,0
24,6,0.0,1.2,0.0,normal,D2,0.1,none,textbook_t|fpc|lin|xf,60,1000,0.8996666666666667,0.8745,0.12824534726864414,1.0033476727100805,1.3708806526269144,0.9918211552228523,0.018840026936548418,13459.6,10.007866666666667,117,0
24,6,0.2,0.6,0.0,normal,D0,1.0,c_crossfit_design,textbook_t|fpc|lin,60,1000,0.8915333333333333,0.86785,0.20001339695234321,0.9836595265258786,1.6993582564439356,0.9358652578164194,0.22961557545824296,,,-1,0
24,6,0.2,0.6,0.0,normal,D0,1.0,c_crossfit_design,textbook_t|fpc|lin|xf,60,1000,0.89425,0.8727,0.20001339695234321,1.0027035030176308,1.714767059168107,0.9358652578164194,0.22961557545824296,,,-1,0
24,6,0.2,0.6,0.0,normal,D0,1.0,none,textbook_t|fpc|lin,60,1000,0.8976000000000001,0.85775,0.22035184708748512,1.0018736149889922,1.805935235759652,1.0,0.22961557545824296,,,-1,0
24,6,0.2,0.6,0.0,normal,D0,1.0,none,textbook_t|fpc|lin|xf,60,1000,0.8976000000000001,0.85775,0.22035184708748512,1.0018736149889922,1.805935235759652,1.0,0.22961557545824296,,,-1,0
24,6,0.2,0.6,0.0,normal,D1,,c_crossfit_design,strat_t,60,1000,0.9133,0.87885,0.1882415663660191,1.175049608980189,2.034990370412697,0.8771591899272819,0.22961557545824296,,,-1,0
24,6,0.2,0.6,0.0,normal,D1,,none,strat_t,60,1000,0.9001500000000001,0.8699,0.18206833192029556,1.0056360252225687,1.852494941492321,0.8312677037791475,0.22961557545824296,,,-1,0
24,6,0.2,0.6,0.0,normal,D2,0.01,c_crossfit_design,textbook_t|fpc|lin,60,1000,0.8998833333333334,0.8697,0.18800891290200258,1.0657209922593731,1.7013176069681726,0.8751996352689135,0.22961557545824296,1345.96,100.17641666666667,1000,0
24,6,0.2,0.6,0.0,normal,D2,0.01,c_crossfit_design,textbook_t|fpc|lin|xf,60,1000,0.9022666666666667,0.87295,0.18800891290200258,1.0873576970109435,1.7173859629773203,0.8751996352689135,0.22961557545824296,1345.96,100.17641666666667,1000,0
24,6,0.2,0.6,0.0,normal,D2,0.01,none,rej_t,60,1000,0.8990333333333335,0.86965,0.17508677231244657,1.0092159013173985,1.691791670743453,0.8120693746838087,0.22961557545824296,1345.96,100.17641666666667,1000,0
24,6,0.2,0.6,0.0,normal,D2,0.01,none,textbook_t|fpc|lin,60,1000,0.9259166666666666,0.8823,0.17508677231244657,1.2989560206468977,1.8194524693479446,0.8120693746838087,0.22961557545824296,1345.96,100.17641666666667,1000,0
24,6,0.2,0.6,0.0,normal,D2,0.01,none,textbook_t|fpc|lin|xf,60,1000,0.9259166666666666,0.8823,0.17508677231244657,1.2989560206468977,1.8194524693479446,0.8120693746838087,0.22961557545824296,1345.96,100.17641666666667,1000,0
24,6,0.2,0.6,0.0,normal,D2,0.1,c_crossfit_design,textbook_t|fpc|lin,60,1000,0.9030666666666668,0.8729,0.18549436583249126,1.0732637361077912,1.7017449060771455,0.8673430413282914,0.22961557545824296,13459.6,9.965883333333334,110,0
24,6,0.2,0.6,0.0,normal,D2,0.1,c_crossfit_design,textbook_t|fpc|lin|xf,60,1000,0.9055833333333333,0.87495,0.18549436583249126,1.0949925197089685,1.717785755071687,0.8673430413282914,0.22961557545824296,13459.6,9.965883333333334,110,0
24,6,0.2,0.6,0.0,normal,D2,0.1,none,rej_t,60,1000,0.9031666666666667,0.87795,0.17281631610116735,1.020681466051832,1.6966239984006184,0.8047146953784575,0.22961557545824296,13459.6,9.965883333333334,110,0
24,6,0.2,0.6,0.0,normal,D2,0.1,none,textbook_t|fpc|lin,60,1000,0.9282166666666669,0.89095,0.17281631610116735,1.3009674953382613,1.8156066108603837,0.8047146953784575,0.22961557545824296,13459.6,9.965883333333334,110,0
24,6,0.2,0.6,0.0,normal,D2,0.1,none,textbook_t|fpc|lin|xf,60,1000,0.9282166666666669,0.89095,0.17281631610116735,1.3009674953382613,1.8156066108603837,0.8047146953784575,0.22961557545824296,13459.6,9.965883333333334,110,0
24,6,0.2,1.2,0.0,normal,D0,1.0,c_crossfit_design,textbook_t|fpc|lin,60,1000,0.8985500000000001,0.87185,0.7140640883632786,1.005312147185825,3.2328128530946585,0.8814488880246626,0.23249707776056722,,,-1,0
24,6,0.2,1.2,0.0,normal,D0,1.0,c_crossfit_design,textbook_t|fpc|lin|xf,60,1000,0.8995666666666666,0.8728,0.7140640883632786,1.0111675193242369,3.242191192359553,0.8814488880246626,0.23249707776056722,,,-1,0
24,6,0.2,1.2,0.0,normal,D0,1.0,none,textbook_t|fpc|lin,60,1000,0.9022166666666668,0.87885,0.8162414396042422,1.0114534933792447,3.4742483253366125,1.0,0.23249707776056722,,,-1,0
24,6,0.2,1.2,0.0,normal,D0,1.0,none,textbook_t|fpc|lin|xf,60,1000,0.9022166666666668,0.87885,0.8162414396042422,1.0114534933792447,3.4742483253366125,1.0,0.23249707776056722,,,-1,0
24,6,0.2,1.2,0.0,normal,D1,,c_crossfit_design,strat_t,60,1000,0.9096666666666666,0.8807,0.6864170391113587,1.084811164905175,3.72043415238745,0.8482053882479487,0.23249707776056722,,,-1,0
24,6,0.2,1.2,0.0,normal,D1,,none,strat_t,60,1000,0.9018166666666667,0.8639,0.6879325685533347,1.0039431432906705,3.586825392855644,0.8461507649279437,0.23249707776056722,,,-1,0
24,6,0.2,1.2,0.0,normal,D2,0.01,c_crossfit_design,textbook_t|fpc|lin,60,1000,0.9034666666666668,0.85895,0.6789573014040222,1.0628378052664615,3.214709449165075,0.840275664197956,0.23249707776056722,1345.96,99.9519,962,0
24,6,0.2,1.2,0.0,normal,D2,0.01,c_crossfit_design,textbook_t|fpc|lin|xf,60,1000,0.9046166666666667,0.859,0.6789573014040222,1.0693335764758845,3.2245603272708245,0.840275664197956,0.23249707776056722,1345.96,99.9519,962,0
24,6,0.2,1.2,0.0,normal,D2,0.01,none,rej_t,60,1000,0.8944166666666666,0.83995,0.6588237146818804,0.9914245578986679,3.2187180010143837,0.8152544670784921,0.23249707776056722,1345.96,99.9519,962,0
24,6,0.2,1.2,0.0,normal,D2,0.01,none,textbook_t|fpc|lin,60,1000,0.9258666666666666,0.87995,0.6588237146818804,1.2922649131267547,3.4747089201185366,0.8152544670784921,0.23249707776056722,1345.96,99.9519,962,0
24,6,0.2,1.2,0.0,normal,D2,0.01,none,textbook_t|fpc|lin|xf,60,1000,0.9258666666666666,0.87995,0.6588237146818804,1.2922649131267547,3.4747089201185366,0.8152544670784921,0.23249707776056722,1345.96,99.9519,962,0
24,6,0.2,1.2,0.0,normal,D2,0.1,c_crossfit_design,textbook_t|fpc|lin,60,1000,0.9031833333333333,0.87155,0.6735010489325346,1.0718614978431202,3.2155517391314046,0.8344159473575121,0.23249707776056722,13459.6,9.992233333333333,124,0
24,6,0.2,1.2,0.0,normal,D2,0.1,c_crossfit_design,textbook_t|fpc|lin|xf,60,1000,0.9043166666666668,0.8745,0.6735010489325346,1.0784294287064595,3.225375308788929,0.8344159473575121,0.23249707776056722,13459.6,9.992233333333333,124,0
24,6,0.2,1.2,0.0,normal,D2,0.1,none,rej_t,60,1000,0.8990166666666667,0.8647,0.654332776488713,1.0035358615386611,3.2317788781055783,0.8103459833677652,0.23249707776056722,13459.6,9.992233333333333,124,0
24,6,0.2,1.2,0.0,normal,D2,0.1,none,textbook_t|fpc|lin,60,1000,0.9270499999999999,0.8797,0.654332776488713,1.3020655446786775,3.474459097321252,0.8103459833677652,0.23249707776056722,13459.6,9.992233333333333,124,0
24,6,0.2,1.2,0.0,normal,D2,0.1,none,textbook_t|fpc|lin|xf,60,1000,0.9270499999999999,0.8797,0.654332776488713,1.3020655446786775,3.474459097321252,0.8103459833677652,0.23249707776056722,13459.6,9.992233333333333,124,0
24,6,0.4,0.6,0.0,normal,D0,1.0,c_crossfit_design,textbook_t|fpc|lin,60,1000,0.8898333333333334,0.86175,0.09340411989258353,0.970882248591357,1.1405103753582853,0.8612902974964363,0.3863850715024416,,,-1,0
24,6,0.4,0.6,0.0,normal,D0,1.0,c_crossfit_design,textbook_t|fpc|lin|xf,60,1000,0.8933333333333333,0.86575,0.09340411989258353,1.0016210517074453,1.1569114732552108,0.8612902974964363,0.3863850715024416,,,-1,0
24,6,0.4,0.6,0.0,normal,D0,1.0,none,textbook_t|fpc|lin,60,1000,0.9028833333333335,0.8848,0.11196993322150216,1.0069117496911217,1.2905229165789176,1.0,0.3863850715024416,,,-1,0
24,6,0.4,0.6,0.0,normal,D0,1.0,none,textbook_t|fpc|lin|xf,60,1000,0.9028833333333335,0.8848,0.11196993322150216,1.0069117496911217,1.2905229165789176,1.0,0.3863850715024416,,,-1,0
24,6,0.4,0.6,0.0,normal,D1,,c_crossfit_design,strat_t,60,1000,0.9144833333333334,0.8888,0.08841520481005632,1.1775091412884724,1.3843522342326922,0.815705340164414,0.3863850715024416,,,-1,0
24,6,0.4,0.6,0.0,normal,D1,,none,strat_t,60,1000,0.9039666666666667,0.8723,0.08337611498742242,0.9988830819050742,1.2482627024527206,0.7514695845189522,0.3863850715024416,,,-1,0
24,6,0.4,0.6,0.0,normal,D2,0.01,c_crossfit_design,textbook_t|fpc|lin,60,1000,0.9058166666666666,0.8787,0.08409001138704622,1.0959446754563495,1.1393147423065224,0.776147149716116,0.3863850715024416,1345.96,100.0033,1308,5
24,6,0.4,0.6,0.0,normal,D2,0.01,c_crossfit_design,textbook_t|fpc|lin|xf,60,1000,0.9089833333333333,0.8788,0.08409001138704622,1.1321260932218045,1.1563482795657765,0.776147149716116,0.3863850715024416,1345.96,100.0033,1308,5
24,6,0.4,0.6,0.0,normal,D2,0.01,none,rej_t,60,1000,0.9048333333333335,0.86885,0.07244807748799459,1.0143558485525586,1.0835004922604552,0.6635316972565365,0.3863850715024416,1345.96,100.0033,1308,5
24,6,0.4,0.6,0.0,normal,D2,0.01,none,textbook_t|fpc|lin,60,1000,0.9487000000000001,0.9034,0.07244807748799459,1.6893034415302646,1.3025056670000312,0.6635316972565365,0.3863850715024416,1345.96,100.0033,1308,5
24,6,0.4,0.6,0.0,normal,D2,0.01,none,textbook_t|fpc|lin|xf,60,1000,0.9487000000000001,0.9034,0.07244807748799459,1.6893034415302646,1.3025056670000312,0.6635316972565365,0.3863850715024416,1345.96,100.0033,1308,5
24,6,0.4,0.6,0.0,normal,D2,0.1,c_crossfit_design,textbook_t|fpc|lin,60,1000,0.9046333333333333,0.879,0.08397569712359125,1.0993832215138712,1.1377273404145296,0.773261007112198,0.3863850715024416,13459.6,9.972316666666666,100,0
24,6,0.4,0.6,0.0,normal,D2,0.1,c_crossfit_design,textbook_t|fpc|lin|xf,60,1000,0.9083666666666667,0.8839,0.08397569712359125,1.1354824612349412,1.1546454417642655,0.773261007112198,0.3863850715024416,13459.6,9.972316666666666,100,0
24,6,0.4,0.6,0.0,normal,D2,0.1,none,rej_t,60,1000,0.9047833333333333,0.88195,0.07285812353137046,1.0129765536916693,1.0859955147744056,0.6661762218990893,0.3863850715024416,13459.6,9.972316666666666,100,0
24,6,0.4,0.6,0.0,normal,D2,0.1,none,textbook_t|fpc|lin,60,1000,0.9475333333333334,0.90685,0.07285812353137046,1.6750710954709127,1.3005957591916961,0.6661762218990893,0.3863850715024416,13459.6,9.972316666666666,100,0
24,6,0.4,0.6,0.0,normal,D2,0.1,none,textbook_t|fpc|lin|xf,60,1000,0.9475333333333334,0.90685,0.07285812353137046,1.6750710954709127,1.3005957591916961,0.6661762218990893,0.3863850715024416,13459.6,9.972316666666666,100,0
24,6,0.4,1.2,0.0,normal,D0,1.0,c_crossfit_design,textbook_t|fpc|lin,60,1000,0.8969333333333332,0.8776,0.3250750025441008,0.9876477963294448,2.16873860169874,0.7717317480660414,0.36626602281431675,,,-1,0
24,6,0.4,1.2,0.0,normal,D0,1.0,c_crossfit_design,textbook_t|fpc|lin|xf,60,1000,0.8981333333333333,0.87855,0.3250750025441008,0.9981919136492596,2.179881605329381,0.7717317480660414,0.36626602281431675,,,-1,0
24,6,0.4,1.2,0.0,normal,D0,1.0,none,textbook_t|fpc|lin,60,1000,0.8980166666666667,0.86895,0.4312826086196513,0.9951867112020543,2.5123886452041306,1.0,0.36626602281431675,,,-1,0
24,6,0.4,1.2,0.0,normal,D0,1.0,none,textbook_t|fpc|lin|xf,60,1000,0.8980166666666667,0.86895,0.4312826086196513,0.9951867112020543,2.5123886452041306,1.0,0.36626602281431675,,,-1,0
24,6,0.4,1.2,0.0,normal,D1,,c_crossfit_design,strat_t,60,1000,0.9068500000000002,0.8678,0.2973284773484882,1.1058464493337516,2.4844044337455022,0.7150513905775217,0.36626602281431675,,,-1,0
24,6,0.4,1.2,0.0,normal,D1,,none,strat_t,60,1000,0.8988166666666667,0.8656,0.3060878641764092,0.9997953042307237,2.401655413216125,0.728800291262954,0.36626602281431675,,,-1,0
24,6,0.4,1.2,0.0,normal,D2,0.01,c_crossfit_design,textbook_t|fpc|lin,60,1000,0.9089166666666667,0.8818,0.2937782055023792,1.0882153289466858,2.1638786963925134,0.7090022433886535,0.36626602281431675,1345.96,99.21721666666667,1008,1
24,6,0.4,1.2,0.0,normal,D2,0.01,c_crossfit_design,textbook_t|fpc|lin|xf,60,1000,0.9106500000000001,0.8837,0.2937782055023792,1.1000070606013759,2.175404620242055,0.7090022433886535,0.36626602281431675,1345.96,99.21721666666667,1008,1
24,6,0.4,1.2,0.0,normal,D2,0.01,none,rej_t,60,1000,0.89865,0.8693,0.27710014136060696,0.9839393307641771,2.106936423723609,0.6680285911566206,0.36626602281431675,1345.96,99.21721666666667,1008,1
24,6,0.4,1.2,0.0,normal,D2,0.01,none,textbook_t|fpc|lin,60,1000,0.9441833333333333,0.90795,0.27710014136060696,1.5788054102310118,2.5243743460106933,0.6680285911566206,0.36626602281431675,1345.96,99.21721666666667,1008,1
24,6,0.4,1.2,0.0,normal,D2,0.01,none,textbook_t|fpc|lin|xf,60,1000,0.9441833333333333,0.90795,0.27710014136060696,1.5788054102310118,2.5243743460106933,0.6680285911566206,0.36626602281431675,1345.96,99.21721666666667,1008,1
24,6,0.4,1.2,0.0,normal,D2,0.1,c_crossfit_design,textbook_t|fpc|lin,60,1000,0.9093000000000001,0.8847,0.2917141834542628,1.1132647206694457,2.174283820499923,0.7050221934267856,0.36626602281431675,13459.6,10.01065,108,0
24,6,0.4,1.2,0.0,normal,D2,0.1,c_crossfit_design,textbook_t|fpc|lin|xf,60,1000,0.9109166666666667,0.8849,0.2917141834542628,1.1254206046560842,2.1859638808778117,0.7050221934267856,0.36626602281431675,13459.6,10.01065,108,0
24,6,0.4,1.2,0.0,normal,D2,0.1,none,rej_t,60,1000,0.9017166666666666,0.87405,0.2749052868598934,1.0047304412759082,2.1191071260384784,0.6636069890291423,0.36626602281431675,13459.6,10.01065,108,0
24,6,0.4,1.2,0.0,normal,D2,0.1,none,textbook_t|fpc|lin,60,1000,0.9446666666666667,0.9056000000000001,0.2749052868598934,1.6143517182675484,2.5369069456302755,0.6636069890291423,0.36626602281431675,13459.6,10.01065,108,0
24,6,0.4,1.2,0.0,normal,D2,0.1,none,textbook_t|fpc|lin|xf,60,1000,0.9446666666666667,0.9056000000000001,0.2749052868598934,1.6143517182675484,2.5369069456302755,0.6636069890291423,0.36626602281431675,13459.6,10.01065,108,0
24,6,0.7,0.6,0.0,normal,D0,1.0,c_crossfit_design,textbook_t|fpc|lin,60,1000,0.8810833333333332,0.849,0.032527517104744635,0.9358554186285345,0.6485897094670708,0.5222929682426668,0.706249385647918,,,-1,0
24,6,0.7,0.6,0.0,normal,D0,1.0,c_crossfit_design,textbook_t|fpc|lin|xf,60,1000,0.8873833333333336,0.85595,0.032527517104744635,0.9854548514199757,0.6640411682232731,0.5222929682426668,0.706249385647918,,,-1,0
24,6,0.7,0.6,0.0,normal,D0,1.0,none,textbook_t|fpc|lin,60,1000,0.8995833333333333,0.879,0.06608984598791258,0.9988245128866186,0.9833548685799584,1.0,0.706249385647918,,,-1,0
24,6,0.7,0.6,0.0,normal,D0,1.0,none,textbook_t|fpc|lin|xf,60,1000,0.8995833333333333,0.879,0.06608984598791258,0.9988245128866186,0.9833548685799584,1.0,0.706249385647918,,,-1,0
24,6,0.7,0.6,0.0,normal,D1,,c_crossfit_design,strat_t,60,1000,0.9060166666666666,0.87085,0.028041737131479286,1.1556551445513092,0.7613866724293269,0.45207142623976854,0.706249385647918,,,-1,0
24,6,0.7,0.6,0.0,normal,D1,,none,strat_t,60,1000,0.8925666666666666,0.8405,0.02715732352888282,1.0067184962384668,0.7109519777678733,0.4273191639360337,0.706249385647918,,,-1,0
24,6,0.7,0.6,0.0,normal,D2,0.01,c_crossfit_design,textbook_t|fpc|lin,60,1000,0.9043166666666665,0.862,0.026753308493176576,1.1544724754232651,0.6423165365178771,0.42928267131509645,0.706249385647918,1345.96,99.36923333333333,1004,1
24,6,0.7,0.6,0.0,normal,D2,0.01,c_crossfit_design,textbook_t|fpc|lin|xf,60,1000,0.9105166666666666,0.86985,0.026753308493176576,1.2182795103578101,0.6582313746744793,0.42928267131509645,0.706249385647918,1345.96,99.36923333333333,1004,1
24,6,0.7,0.6,0.0,normal,D2,0.01,none,rej_t,60,1000,0.8990833333333335,0.85295,0.01922196522310833,0.9947760593744909,0.5510594208958614,0.3100065126169653,0.706249385647918,1345.96,99.36923333333333,1004,1
24,6,0.7,0.6,0.0,normal,D2,0.01,none,textbook_t|fpc|lin,60,1000,0.98755,0.96485,0.01922196522310833,3.8244574840798773,0.9991426041159659,0.3100065126169653,0.706249385647918,1345.96,99.36923333333333,1004,1
24,6,0.7,0.6,0.0,normal,D2,0.01,none,textbook_t|fpc|lin|xf,60,1000,0.98755,0.96485,0.01922196522310833,3.8244574840798773,0.9991426041159659,0.3100065126169653,0.706249385647918,1345.96,99.36923333333333,1004,1
24,6,0.7,0.6,0.0,normal,D2,0.1,c_crossfit_design,textbook_t|fpc|lin,60,1000,0.9040500000000001,0.85975,0.026667969513202296,1.1586059051156237,0.6417299190762783,0.4270567336814754,0.706249385647918,13459.6,10.014016666666667,109,0
24,6,0.7,0.6,0.0,normal,D2,0.1,c_crossfit_design,textbook_t|fpc|lin|xf,60,1000,0.9099333333333334,0.8699,0.026667969513202296,1.2225879515485687,0.6576132997056443,0.4270567336814754,0.706249385647918,13459.6,10.014016666666667,109,0
24,6,0.7,0.6,0.0,normal,D2,0.1,none,rej_t,60,1000,0.9033333333333334,0.86995,0.019179839179071224,1.0118192469327405,0.5562560963347994,0.3091237754733723,0.706249385647918,13459.6,10.014016666666667,109,0
24,6,0.7,0.6,0.0,normal,D2,0.1,none,textbook_t|fpc|lin,60,1000,0.9886666666666667,0.96555,0.019179839179071224,3.8453697156408184,1.001043116208535,0.3091237754733723,0.706249385647918,13459.6,10.014016666666667,109,0
24,6,0.7,0.6,0.0,normal,D2,0.1,none,textbook_t|fpc|lin|xf,60,1000,0.9886666666666667,0.96555,0.019179839179071224,3.8453697156408184,1.001043116208535,0.3091237754733723,0.706249385647918,13459.6,10.014016666666667,109,0
24,6,0.7,1.2,0.0,normal,D0,1.0,c_crossfit_design,textbook_t|fpc|lin,60,1000,0.8957666666666667,0.86965,0.11027873059747131,0.964444994649772,1.226822952676685,0.47120647942613886,0.7098259078571787,,,-1,0
24,6,0.7,1.2,0.0,normal,D0,1.0,c_crossfit_design,textbook_t|fpc|lin|xf,60,1000,0.8975666666666667,0.87175,0.11027873059747131,0.9819198818758296,1.2363479188686324,0.47120647942613886,0.7098259078571787,,,-1,0
24,6,0.7,1.2,0.0,normal,D0,1.0,none,textbook_t|fpc|lin,60,1000,0.8988,0.86955,0.24291345827217006,0.9975323581627575,1.8771678608966782,1.0,0.7098259078571787,,,-1,0
24,6,0.7,1.2,0.0,normal,D0,1.0,none,textbook_t|fpc|lin|xf,60,1000,0.8988,0.86955,0.24291345827217006,0.9975323581627575,1.8771678608966782,1.0,0.7098259078571787,,,-1,0
24,6,0.7,1.2,0.0,normal,D1,,c_crossfit_design,strat_t,60,1000,0.9066166666666666,0.8709,0.09342471152034794,1.088693658862422,1.3619590787710056,0.4037926270391975,0.7098259078571787,,,-1,0
24,6,0.7,1.2,0.0,normal,D1,,none,strat_t,60,1000,0.9007333333333333,0.8645,0.1197932476718408,0.9971775789496141,1.491440419325634,0.5056444819659089,0.7098259078571787,,,-1,0
24,6,0.7,1.2,0.0,normal,D2,0.01,c_crossfit_design,textbook_t|fpc|lin,60,1000,0.9203999999999998,0.87655,0.08460866527091257,1.302865338002295,1.2311949466974517,0.369965409666121,0.7098259078571787,1345.96,99.85703333333333,1271,3
24,6,0.7,1.2,0.0,normal,D2,0.01,c_crossfit_design,textbook_t|fpc|lin|xf,60,1000,0.9223666666666667,0.87685,0.08460866527091257,1.3271186266315156,1.241233802300816,0.369965409666121,0.7098259078571787,1345.96,99.85703333333333,1271,3
24,6,0.7,1.2,0.0,normal,D2,0.01,none,rej_t,60,1000,0.9002333333333333,0.86685,0.07521905229174353,1.0084322159501087,1.0988316294244445,0.3280758515248803,0.7098259078571787,1345.96,99.85703333333333,1271,3
24,6,0.7,1.2,0.0,normal,D2,0.01,none,textbook_t|fpc|lin,60,1000,0.9869833333333333,0.95985,0.07521905229174353,3.521482725478913,1.897273264880915,0.3280758515248803,0.7098259078571787,1345.96,99.85703333333333,1271,3
24,6,0.7,1.2,0.0,normal,D2,0.01,none,textbook_t|fpc|lin|xf,60,1000,0.9869833333333333,0.95985,0.07521905229174353,3.521482725478913,1.897273264880915,0.3280758515248803,0.7098259078571787,1345.96,99.85703333333333,1271,3
24,6,0.7,1.2,0.0,normal,D2,0.1,c_crossfit_design,textbook_t|fpc|lin,60,1000,0.9179999999999999,0.87395,0.08431862244571196,1.2917107658671634,1.2273665742302,0.36965691701293346,0.7098259078571787,13459.6,10.018883333333333,115,0
24,6,0.7,1.2,0.0,normal,D2,0.1,c_crossfit_design,textbook_t|fpc|lin|xf,60,1000,0.9196666666666665,0.87515,0.08431862244571196,1.3157566597155297,1.2374150464942015,0.36965691701293346,0.7098259078571787,13459.6,10.018883333333333,115,0
24,6,0.7,1.2,0.0,normal,D2,0.1,none,rej_t,60,1000,0.9011333333333335,0.86275,0.07622691583994726,1.0017128183298758,1.1068743987740524,0.3326057633165727,0.7098259078571787,13459.6,10.018883333333333,115,0
24,6,0.7,1.2,0.0,normal,D2,0.1,none,textbook_t|fpc|lin,60,1000,0.9860500000000001,0.95695,0.07622691583994726,3.4148928260825833,1.8903183755118491,0.3326057633165727,0.7098259078571787,13459.6,10.018883333333333,115,0
24,6,0.7,1.2,0.0,normal,D2,0.1,none,textbook_t|fpc|lin|xf,60,1000,0.9860500000000001,0.95695,0.07622691583994726,3.4148928260825833,1.8903183755118491,0.3326057633165727,0.7098259078571787,13459.6,10.018883333333333,115,0
24,6,0.9,0.6,0.0,normal,D0,1.0,c_crossfit_design,textbook_t|fpc|lin,60,1000,0.8762166666666666,0.8397,0.012003873554196822,0.8985125901664939,0.3772492465062193,0.26633440663907837,0.8927683669712008,,,-1,0
24,6,0.9,0.6,0.0,normal,D0,1.0,c_crossfit_design,textbook_t|fpc|lin|xf,60,1000,0.8844999999999998,0.85165,0.012003873554196822,0.9604801266759029,0.3886282562315157,0.26633440663907837,0.8927683669712008,,,-1,0
24,6,0.9,0.6,0.0,normal,D0,1.0,none,textbook_t|fpc|lin,60,1000,0.8983500000000001,0.8759,0.04827886376651189,0.988560438116001,0.8388783411637777,1.0,0.8927683669712008,,,-1,0
24,6,0.9,0.6,0.0,normal,D0,1.0,none,textbook_t|fpc|lin|xf,60,1000,0.8983500000000001,0.8759,0.04827886376651189,0.988560438116001,0.8388783411637777,1.0,0.8927683669712008,,,-1,0
24,6,0.9,0.6,0.0,normal,D1,,c_crossfit_design,strat_t,60,1000,0.8905166666666665,0.84855,0.00983383486249374,1.0306861877146867,0.4208404187450835,0.22113653773795536,0.8927683669712008,,,-1,0
24,6,0.9,0.6,0.0,normal,D1,,none,strat_t,60,1000,0.8909,0.8427,0.0140168736335928,0.9993820057973352,0.5063000597137894,0.3012556033269129,0.8927683669712008,,,-1,0
24,6,0.9,0.6,0.0,normal,D2,0.01,c_crossfit_design,textbook_t|fpc|lin,60,1000,0.9067833333333334,0.869,0.00868384405583304,1.235087076110037,0.37085898412071855,0.1948770617206716,0.8927683669712008,1345.96,100.6689,1183,2
24,6,0.9,0.6,0.0,normal,D2,0.01,c_crossfit_design,textbook_t|fpc|lin|xf,60,1000,0.9135500000000002,0.877,0.00868384405583304,1.322729736846798,0.38239268366825496,0.1948770617206716,0.8927683669712008,1345.96,100.6689,1183,2
24,6,0.9,0.6,0.0,normal,D2,0.01,none,rej_t,60,1000,0.89945,0.86295,0.005029919259662661,1.0088355849148904,0.2852007321109031,0.1122603055536539,0.8927683669712008,1345.96,100.6689,1183,2
24,6,0.9,0.6,0.0,normal,D2,0.01,none,textbook_t|fpc|lin,60,1000,0.9974833333333333,0.99085,0.005029919259662661,11.140053589848764,0.8542237441569784,0.1122603055536539,0.8927683669712008,1345.96,100.6689,1183,2
24,6,0.9,0.6,0.0,normal,D2,0.01,none,textbook_t|fpc|lin|xf,60,1000,0.9974833333333333,0.99085,0.005029919259662661,11.140053589848764,0.8542237441569784,0.1122603055536539,0.8927683669712008,1345.96,100.6689,1183,2
24,6,0.9,0.6,0.0,normal,D2,0.1,c_crossfit_design,textbook_t|fpc|lin,60,1000,0.9040666666666666,0.86655,0.008833882320533894,1.2050949456242048,0.3694369813601196,0.19836480933514133,0.8927683669712008,13459.6,9.9479,112,0
24,6,0.9,0.6,0.0,normal,D2,0.1,c_crossfit_design,textbook_t|fpc|lin|xf,60,1000,0.911,0.87265,0.008833882320533894,1.2903932094430755,0.3809161265589616,0.19836480933514133,0.8927683669712008,13459.6,9.9479,112,0
24,6,0.9,0.6,0.0,normal,D2,0.1,none,rej_t,60,1000,0.9051666666666667,0.87475,0.005279997757698245,0.9973100395384933,0.29327429844382047,0.11792923812233026,0.8927683669712008,13459.6,9.9479,112,0
24,6,0.9,0.6,0.0,normal,D2,0.1,none,textbook_t|fpc|lin,60,1000,0.9974833333333334,0.9917,0.005279997757698245,10.359904092837082,0.8542011131217999,0.11792923812233026,0.8927683669712008,13459.6,9.9479,112,0
24,6,0.9,0.6,0.0,normal,D2,0.1,none,textbook_t|fpc|lin|xf,60,1000,0.9974833333333334,0.9917,0.005279997757698245,10.359904092837082,0.8542011131217999,0.11792923812233026,0.8927683669712008,13459.6,9.9479,112,0
24,6,0.9,1.2,0.0,normal,D0,1.0,c_crossfit_design,textbook_t|fpc|lin,60,1000,0.8989166666666668,0.87795,0.03807113903544337,0.9772917164743444,0.7111092336318198,0.1922754714203661,0.9041829512162933,,,-1,0
24,6,0.9,1.2,0.0,normal,D0,1.0,c_crossfit_design,textbook_t|fpc|lin|xf,60,1000,0.9004166666666668,0.878,0.03807113903544337,0.9969747624836608,0.7163251935880872,0.1922754714203661,0.9041829512162933,,,-1,0
24,6,0.9,1.2,0.0,normal,D0,1.0,none,textbook_t|fpc|lin,60,1000,0.9005333333333334,0.87695,0.2074495079292546,1.003847048912841,1.7500432164202,1.0,0.9041829512162933,,,-1,0
24,6,0.9,1.2,0.0,normal,D0,1.0,none,textbook_t|fpc|lin|xf,60,1000,0.9005333333333334,0.87695,0.2074495079292546,1.003847048912841,1.7500432164202,1.0,0.9041829512162933,,,-1,0
24,6,0.9,1.2,0.0,normal,D1,,c_crossfit_design,strat_t,60,1000,0.8961166666666667,0.82985,0.028017221568485236,1.016023090059752,0.7120308460886915,0.1445937900655604,0.9041829512162933,,,-1,0
24,6,0.9,1.2,0.0,normal,D1,,none,strat_t,60,1000,0.8923333333333333,0.82475,0.06287128523883331,0.9953055960499796,1.068621100050381,0.3071248965535428,0.9041829512162933,,,-1,0
24,6,0.9,1.2,0.0,normal,D2,0.01,c_crossfit_design,textbook_t|fpc|lin,60,1000,0.9395499999999999,0.90095,0.024328379216389206,1.5524065968130727,0.7107285478949241,0.12691423260938475,0.9041829512162933,1345.96,99.88326666666667,1131,2
24,6,0.9,1.2,0.0,normal,D2,0.01,c_crossfit_design,textbook_t|fpc|lin|xf,60,1000,0.94065,0.903,0.024328379216389206,1.583634681057762,0.7160359695211039,0.12691423260938475,0.9041829512162933,1345.96,99.88326666666667,1131,2
24,6,0.9,1.2,0.0,normal,D2,0.01,none,rej_t,60,1000,0.8990166666666666,0.85485,0.0203365851778758,0.9978414399043657,0.5690049827811395,0.10633111200262671,0.9041829512162933,1345.96,99.88326666666667,1131,2
24,6,0.9,1.2,0.0,normal,D2,0.01,none,textbook_t|fpc|lin,60,1000,0.99925,0.995,0.0203365851778758,11.553769491537922,1.7931071996782209,0.10633111200262671,0.9041829512162933,1345.96,99.88326666666667,1131,2
24,6,0.9,1.2,0.0,normal,D2,0.01,none,textbook_t|fpc|lin|xf,60,1000,0.99925,0.995,0.0203365851778758,11.553769491537922,1.7931071996782209,0.10633111200262671,0.9041829512162933,1345.96,99.88326666666667,1131,2
24,6,0.9,1.2,0.0,normal,D2,0.1,c_crossfit_design,textbook_t|fpc|lin,60,1000,0.9374999999999999,0.90095,0.024819635831468543,1.5160306655619116,0.7091079164831692,0.12931954299038514,0.9041829512162933,13459.6,9.952166666666667,121,0
24,6,0.9,1.2,0.0,normal,D2,0.1,c_crossfit_design,textbook_t|fpc|lin|xf,60,1000,0.9386666666666665,0.901,0.024819635831468543,1.5463394099864842,0.7143691834061697,0.12931954299038514,0.9041829512162933,13459.6,9.952166666666667,121,0
24,6,0.9,1.2,0.0,normal,D2,0.1,none,rej_t,60,1000,0.9072,0.87085,0.02178173119298323,0.9813693206973907,0.5884831110818879,0.11307597462639811,0.9041829512162933,13459.6,9.952166666666667,121,0
24,6,0.9,1.2,0.0,normal,D2,0.1,none,textbook_t|fpc|lin,60,1000,0.9990166666666666,0.99695,0.02178173119298323,10.546366881422744,1.7886694155726903,0.11307597462639811,0.9041829512162933,13459.6,9.952166666666667,121,0
24,6,0.9,1.2,0.0,normal,D2,0.1,none,textbook_t|fpc|lin|xf,60,1000,0.9990166666666666,0.99695,0.02178173119298323,10.546366881422744,1.7886694155726903,0.11307597462639811,0.9041829512162933,13459.6,9.952166666666667,121,0
24,8,0.0,0.6,0.0,normal,D0,1.0,c_crossfit_design,textbook_t|fpc|lin,60,1000,0.8944333333333335,0.8738,0.09483511677843298,0.9804716627443545,1.1016133860090396,1.2063444201428948,0.03251653570786791,,,-1,0
24,8,0.0,0.6,0.0,normal,D0,1.0,c_crossfit_design,textbook_t|fpc|lin|xf,60,1000,0.8972,0.8769,0.09483511677843298,1.0026382537434233,1.1125444056568363,1.2063444201428948,0.03251653570786791,,,-1,0
24,8,0.0,0.6,0.0,normal,D0,1.0,none,textbook_t|fpc|lin,60,1000,0.89845,0.8788,0.0791766756721727,1.0057171983277176,1.0271037892501786,1.0,0.03251653570786791,,,-1,0
24,8,0.0,0.6,0.0,normal,D0,1.0,none,textbook_t|fpc|lin|xf,60,1000,0.89845,0.8788,0.0791766756721727,1.0057171983277176,1.0271037892501786,1.0,0.03251653570786791,,,-1,0
24,8,0.0,0.6,0.0,normal,D1,,c_crossfit_design,strat_t,60,1000,0.90875,0.879,0.09011886054722383,1.0876506698292716,1.2408294632792185,1.1396007549185425,0.03251653570786791,,,-1,0
24,8,0.0,0.6,0.0,normal,D1,,none,strat_t,60,1000,0.90015,0.8708,0.08070858136723827,1.0009076255840148,1.132679334462389,1.013427932803443,0.03251653570786791,,,-1,0
24,8,0.0,0.6,0.0,normal,D2,0.01,c_crossfit_design,textbook_t|fpc|lin,60,1000,0.9043333333333333,0.877,0.08641467479196933,1.0741099200126536,1.0956736256110358,1.093297713808071,0.03251653570786791,7354.71,100.00248333333333,1354,3
24,8,0.0,0.6,0.0,normal,D2,0.01,c_crossfit_design,textbook_t|fpc|lin|xf,60,1000,0.9067166666666667,0.8809,0.08641467479196933,1.0982696923408355,1.106581347175367,1.093297713808071,0.03251653570786791,7354.71,100.00248333333333,1354,3
24,8,0.0,0.6,0.0,normal,D2,0.01,none,rej_t,60,1000,0.8990333333333334,0.875,0.07945803692478261,0.9897094815292657,1.0388609438199221,0.9977746351733178,0.03251653570786791,7354.71,100.00248333333333,1354,3
24,8,0.0,0.6,0.0,normal,D2,0.01,none,textbook_t|fpc|lin,60,1000,0.8996166666666665,0.8759,0.07945803692478261,1.0191141068992364,1.0257702719356867,0.9977746351733178,0.03251653570786791,7354.71,100.00248333333333,1354,3
24,8,0.0,0.6,0.0,normal,D2,0.01,none,textbook_t|fpc|lin|xf,60,1000,0.8996166666666665,0.8759,0.07945803692478261,1.0191141068992364,1.0257702719356867,0.9977746351733178,0.03251653570786791,7354.71,100.00248333333333,1354,3
24,8,0.0,0.6,0.0,normal,D2,0.1,c_crossfit_design,textbook_t|fpc|lin,60,1000,0.9045166666666666,0.8778,0.08660063113547684,1.0787685095905353,1.0965801396285622,1.0947012301288193,0.03251653570786791,73547.1,9.98505,103,0
24,8,0.0,0.6,0.0,normal,D2,0.1,c_crossfit_design,textbook_t|fpc|lin|xf,60,1000,0.9070500000000001,0.88195,0.08660063113547684,1.1036156609878405,1.1077477307334351,1.0947012301288193,0.03251653570786791,73547.1,9.98505,103,0
24,8,0.0,0.6,0.0,normal,D2,0.1,none,rej_t,60,1000,0.8981166666666667,0.87165,0.07936282698279593,0.9909901759362237,1.0370907184527935,0.9958361555515715,0.03251653570786791,73547.1,9.98505,103,0
24,8,0.0,0.6,0.0,normal,D2,0.1,none,textbook_t|fpc|lin,60,1000,0.8993000000000001,0.8746,0.07936282698279593,1.0220906857505372,1.0248043339417223,0.9958361555515715,0.03251653570786791,73547.1,9.98505,103,0
24,8,0.0,0.6,0.0,normal,D2,0.1,none,textbook_t|fpc|lin|xf,60,1000,0.8993000000000001,0.8746,0.07936282698279593,1.0220906857505372,1.0248043339417223,0.9958361555515715,0.03251653570786791,73547.1,9.98505,103,0
24,8,0.0,1.2,0.0,normal,D0,1.0,c_crossfit_design,textbook_t|fpc|lin,60,1000,0.8941166666666668,0.86875,0.10365564427382128,0.9746146282857282,1.149298442970584,1.2181932231980697,0.018840026936548418,,,-1,0
24,8,0.0,1.2,0.0,normal,D0,1.0,c_crossfit_design,textbook_t|fpc|lin|xf,60,1000,0.89695,0.87565,0.10365564427382128,0.9975366424934263,1.161394138223403,1.2181932231980697,0.018840026936548418,,,-1,0
24,8,0.0,1.2,0.0,normal,D0,1.0,none,textbook_t|fpc|lin,60,1000,0.8998,0.87895,0.08560274643531336,1.0043638025272676,1.0700053911560314,1.0,0.018840026936548418,,,-1,0
24,8,0.0,1.2,0.0,normal,D0,1.0,none,textbook_t|fpc|lin|xf,60,1000,0.8998,0.87895,0.08560274643531336,1.0043638025272676,1.0700053911560314,1.0,0.018840026936548418,,,-1,0
24,8,0.0,1.2,0.0,normal,D1,,c_crossfit_design,strat_t,60,1000,0.9043666666666667,0.8687,0.09819743351234571,1.0908252786914736,1.2996132608245687,1.1512724471728437,0.018840026936548418,,,-1,0
24,8,0.0,1.2,0.0,normal,D1,,none,strat_t,60,1000,0.8988833333333334,0.8679,0.08758677308309704,1.0058760587719138,1.190131391228218,1.0271641083027367,0.018840026936548418,,,-1,0
24,8,0.0,1.2,0.0,normal,D2,0.01,c_crossfit_design,textbook_t|fpc|lin,60,1000,0.9046166666666667,0.87995,0.09475888032031832,1.069961642593764,1.1482371776166993,1.1123453601735032,0.018840026936548418,7354.71,100.00325,1263,4
24,8,0.0,1.2,0.0,normal,D2,0.01,c_crossfit_design,textbook_t|fpc|lin|xf,60,1000,0.9077499999999998,0.882,0.09475888032031832,1.095485243999824,1.1604742302460973,1.1123453601735032,0.018840026936548418,7354.71,100.00325,1263,4
24,8,0.0,1.2,0.0,normal,D2,0.01,none,rej_t,60,1000,0.8982500000000001,0.86945,0.08567594234498227,0.9832857062781771,1.0808106847854329,1.00689538027454,0.018840026936548418,7354.71,100.00325,1263,4
24,8,0.0,1.2,0.0,normal,D2,0.01,none,textbook_t|fpc|lin,60,1000,0.9009000000000001,0.872,0.08567594234498227,1.0076566159895517,1.0711869441223345,1.00689538027454,0.018840026936548418,7354.71,100.00325,1263,4
24,8,0.0,1.2,0.0,normal,D2,0.01,none,textbook_t|fpc|lin|xf,60,1000,0.9009000000000001,0.872,0.08567594234498227,1.0076566159895517,1.0711869441223345,1.00689538027454,0.018840026936548418,7354.71,100.00325,1263,4
24,8,0.0,1.2,0.0,normal,D2,0.1,c_crossfit_design,textbook_t|fpc|lin,60,1000,0.9051333333333332,0.87855,0.09400064715802414,1.0784554291003856,1.1486297420121825,1.1048035066739266,0.018840026936548418,73547.1,9.992,117,0
24,8,0.0,1.2,0.0,normal,D2,0.1,c_crossfit_design,textbook_t|fpc|lin|xf,60,1000,0.9078833333333333,0.88165,0.09400064715802414,1.1042768428242635,1.1609208082770115,1.1048035066739266,0.018840026936548418,73547.1,9.992,117,0
24,8,0.0,1.2,0.0,normal,D2,0.1,none,rej_t,60,1000,0.8989499999999999,0.8689,0.08531539629921682,0.9871599399001553,1.0814282792806535,1.0035398639673891,0.018840026936548418,73547.1,9.992,117,0
24,8,0.0,1.2,0.0,normal,D2,0.1,none,textbook_t|fpc|lin,60,1000,0.9003333333333333,0.87395,0.08531539629921682,1.0089988677981412,1.07008706849965,1.0035398639673891,0.018840026936548418,73547.1,9.992,117,0
24,8,0.0,1.2,0.0,normal,D2,0.1,none,textbook_t|fpc|lin|xf,60,1000,0.9003333333333333,0.87395,0.08531539629921682,1.0089988677981412,1.07008706849965,1.0035398639673891,0.018840026936548418,73547.1,9.992,117,0
24,8,0.2,0.6,0.0,normal,D0,1.0,c_crossfit_design,textbook_t|fpc|lin,60,1000,0.8923833333333334,0.8778,0.1335515912226648,0.9697680193060787,1.3136832063676946,0.9378043807981984,0.22961557545824296,,,-1,0
24,8,0.2,0.6,0.0,normal,D0,1.0,c_crossfit_design,textbook_t|fpc|lin|xf,60,1000,0.8952833333333334,0.8799,0.1335515912226648,0.9955219394855223,1.3296627994029007,0.9378043807981984,0.22961557545824296,,,-1,0
24,8,0.2,0.6,0.0,normal,D0,1.0,none,textbook_t|fpc|lin,60,1000,0.9008333333333334,0.884,0.14728154937140267,1.0041385889998866,1.4041381976804737,1.0,0.22961557545824296,,,-1,0
24,8,0.2,0.6,0.0,normal,D0,1.0,none,textbook_t|fpc|lin|xf,60,1000,0.9008333333333334,0.884,0.14728154937140267,1.0041385889998866,1.4041381976804737,1.0,0.22961557545824296,,,-1,0
24,8,0.2,0.6,0.0,normal,D1,,c_crossfit_design,strat_t,60,1000,0.90895,0.8789,0.12695244252902524,1.12046800739186,1.5116151993554945,0.8945283970727865,0.22961557545824296,,,-1,0
24,8,0.2,0.6,0.0,normal,D1,,none,strat_t,60,1000,0.8977999999999999,0.87,0.1212176128591547,0.9907092838460706,1.3917116789684474,0.8396933231810929,0.22961557545824296,,,-1,0
24,8,0.2,0.6,0.0,normal,D2,0.01,c_crossfit_design,textbook_t|fpc|lin,60,1000,0.9025833333333334,0.86485,0.12529692163998166,1.0502627474846535,1.3185199017747398,0.879894052750085,0.22961557545824296,7354.71,99.53941666666667,1119,4
24,8,0.2,0.6,0.0,normal,D2,0.01,c_crossfit_design,textbook_t|fpc|lin|xf,60,1000,0.9055000000000001,0.8698,0.12529692163998166,1.0791806286139904,1.335140692843667,0.879894052750085,0.22961557545824296,7354.71,99.53941666666667,1119,4
24,8,0.2,0.6,0.0,normal,D2,0.01,none,rej_t,60,1000,0.90305,0.87495,0.11632923340183564,1.0067136390914786,1.2805341691940517,0.8139086966106458,0.22961557545824296,7354.71,99.53941666666667,1119,4
24,8,0.2,0.6,0.0,normal,D2,0.01,none,textbook_t|fpc|lin,60,1000,0.93065,0.8938,0.11632923340183564,1.3013300985206726,1.4157181508665317,0.8139086966106458,0.22961557545824296,7354.71,99.53941666666667,1119,4
24,8,0.2,0.6,0.0,normal,D2,0.01,none,textbook_t|fpc|lin|xf,60,1000,0.93065,0.8938,0.11632923340183564,1.3013300985206726,1.4157181508665317,0.8139086966106458,0.22961557545824296,7354.71,99.53941666666667,1119,4
24,8,0.2,0.6,0.0,normal,D2,0.1,c_crossfit_design,textbook_t|fpc|lin,60,1000,0.9031166666666667,0.878,0.12450485338122542,1.0506076548893166,1.3144034365054487,0.8736643248380249,0.22961557545824296,73547.1,10.019166666666667,121,0
24,8,0.2,0.6,0.0,normal,D2,0.1,c_crossfit_design,textbook_t|fpc|lin|xf,60,1000,0.9057499999999999,0.8829,0.12450485338122542,1.0795194099443368,1.3309631110896694,0.8736643248380249,0.22961557545824296,73547.1,10.019166666666667,121,0
24,8,0.2,0.6,0.0,normal,D2,0.1,none,rej_t,60,1000,0.9023666666666667,0.88195,0.1155278275684766,1.0106012564727007,1.2787041684308253,0.8073374965172501,0.22961557545824296,73547.1,10.019166666666667,121,0
24,8,0.2,0.6,0.0,normal,D2,0.1,none,textbook_t|fpc|lin,60,1000,0.9317333333333333,0.8899,0.1155278275684766,1.3005579709500847,1.4110910263640442,0.8073374965172501,0.22961557545824296,73547.1,10.019166666666667,121,0
24,8,0.2,0.6,0.0,normal,D2,0.1,none,textbook_t|fpc|lin|xf,60,1000,0.9317333333333333,0.8899,0.1155278275684766,1.3005579709500847,1.4110910263640442,0.8073374965172501,0.22961557545824296,73547.1,10.019166666666667,121,0
24,8,0.2,1.2,0.0,normal,D0,1.0,c_crossfit_design,textbook_t|fpc|lin,60,1000,0.8946500000000002,0.87295,0.477630503327057,0.9907038315200484,2.5017608143256793,0.8770115071846133,0.23249707776056722,,,-1,0
24,8,0.2,1.2,0.0,normal,D0,1.0,c_crossfit_design,textbook_t|fpc|lin|xf,60,1000,0.8961333333333332,0.87485,0.477630503327057,0.9986173447206727,2.511298336839524,0.8770115071846133,0.23249707776056722,,,-1,0
24,8,0.2,1.2,0.0,normal,D0,1.0,none,textbook_t|fpc|lin,60,1000,0.89855,0.8768,0.5480667326217856,1.0010904037339632,2.70137150955753,1.0,0.23249707776056722,,,-1,0
24,8,0.2,1.2,0.0,normal,D0,1.0,none,textbook_t|fpc|lin|xf,60,1000,0.89855,0.8768,0.5480667326217856,1.0010904037339632,2.70137150955753,1.0,0.23249707776056722,,,-1,0
24,8,0.2,1.2,0.0,normal,D1,,c_crossfit_design,strat_t,60,1000,0.9079333333333334,0.882,0.45731578454325755,1.0675136129243035,2.78689839321481,0.8426807152743996,0.23249707776056722,,,-1,0
24,8,0.2,1.2,0.0,normal,D1,,none,strat_t,60,1000,0.9026333333333334,0.87795,0.4516502477836297,1.0041215451254535,2.6860954605832603,0.8285544642029106,0.23249707776056722,,,-1,0
24,8,0.2,1.2,0.0,normal,D2,0.01,c_crossfit_design,textbook_t|fpc|lin,60,1000,0.9048666666666668,0.8706,0.44845674680049386,1.0627964634733253,2.49421628758512,0.8243154685887375,0.23249707776056722,7354.71,99.23901666666667,1196,3
24,8,0.2,1.2,0.0,normal,D2,0.01,c_crossfit_design,textbook_t|fpc|lin|xf,60,1000,0.90595,0.8726,0.44845674680049386,1.0714804582012223,2.5040767995558015,0.8243154685887375,0.23249707776056722,7354.71,99.23901666666667,1196,3
24,8,0.2,1.2,0.0,normal,D2,0.01,none,rej_t,60,1000,0.89925,0.8695,0.4359274747047186,1.0048714455461847,2.451372747360574,0.8013057912773102,0.23249707776056722,7354.71,99.23901666666667,1196,3
24,8,0.2,1.2,0.0,normal,D2,0.01,none,textbook_t|fpc|lin,60,1000,0.9294166666666667,0.88365,0.4359274747047186,1.3047566477988692,2.7077941830471612,0.8013057912773102,0.23249707776056722,7354.71,99.23901666666667,1196,3
24,8,0.2,1.2,0.0,normal,D2,0.01,none,textbook_t|fpc|lin|xf,60,1000,0.9294166666666667,0.88365,0.4359274747047186,1.3047566477988692,2.7077941830471612,0.8013057912773102,0.23249707776056722,7354.71,99.23901666666667,1196,3
24,8,0.2,1.2,0.0,normal,D2,0.1,c_crossfit_design,textbook_t|fpc|lin,60,1000,0.90325,0.8697,0.44783407493596467,1.0605272801740822,2.496161457503582,0.8256364846348472,0.23249707776056722,73547.1,10.039333333333333,121,0
24,8,0.2,1.2,0.0,normal,D2,0.1,c_crossfit_design,textbook_t|fpc|lin|xf,60,1000,0.9043500000000001,0.86975,0.44783407493596467,1.0692264549939643,2.506081991128295,0.8256364846348472,0.23249707776056722,73547.1,10.039333333333333,121,0
24,8,0.2,1.2,0.0,normal,D2,0.1,none,rej_t,60,1000,0.8993166666666668,0.871,0.43437216211274554,1.0085181785281068,2.4574643893102643,0.8002451135199995,0.23249707776056722,73547.1,10.039333333333333,121,0
24,8,0.2,1.2,0.0,normal,D2,0.1,none,textbook_t|fpc|lin,60,1000,0.9296666666666666,0.8839,0.43437216211274554,1.3018560415066602,2.70755898915594,0.8002451135199995,0.23249707776056722,73547.1,10.039333333333333,121,0
24,8,0.2,1.2,0.0,normal,D2,0.1,none,textbook_t|fpc|lin|xf,60,1000,0.9296666666666666,0.8839,0.43437216211274554,1.3018560415066602,2.70755898915594,0.8002451135199995,0.23249707776056722,73547.1,10.039333333333333,121,0
24,8,0.4,0.6,0.0,normal,D0,1.0,c_crossfit_design,textbook_t|fpc|lin,60,1000,0.8903833333333335,0.87385,0.06061751766713534,0.9663451810315035,0.8759496253887536,0.8445969012778093,0.3863850715024416,,,-1,0
24,8,0.4,0.6,0.0,normal,D0,1.0,c_crossfit_design,textbook_t|fpc|lin|xf,60,1000,0.8947166666666667,0.87995,0.06061751766713534,1.0064592095826888,0.8922240733351011,0.8445969012778093,0.3863850715024416,,,-1,0
24,8,0.4,0.6,0.0,normal,D0,1.0,none,textbook_t|fpc|lin,60,1000,0.9037333333333334,0.8849,0.07453047169616761,1.0103331135992304,1.0033491370882182,1.0,0.3863850715024416,,,-1,0
24,8,0.4,0.6,0.0,normal,D0,1.0,none,textbook_t|fpc|lin|xf,60,1000,0.9037333333333334,0.8849,0.07453047169616761,1.0103331135992304,1.0033491370882182,1.0,0.3863850715024416,,,-1,0
24,8,0.4,0.6,0.0,normal,D1,,c_crossfit_design,strat_t,60,1000,0.9114333333333333,0.87895,0.05785260475058241,1.1332177523036795,1.0170536560719092,0.8035892401169804,0.3863850715024416,,,-1,0
24,8,0.4,0.6,0.0,normal,D1,,none,strat_t,60,1000,0.9016166666666668,0.8638,0.05467047746624057,0.9969994953276404,0.9339887909406007,0.7503544360047758,0.3863850715024416,,,-1,0
24,8,0.4,0.6,0.0,normal,D2,0.01,c_crossfit_design,textbook_t|fpc|lin,60,1000,0.9060000000000001,0.87985,0.05508976969556818,1.0821166047774051,0.8770978632748145,0.7673150130922707,0.3863850715024416,7354.71,99.68718333333334,1019,1
24,8,0.4,0.6,0.0,normal,D2,0.01,c_crossfit_design,textbook_t|fpc|lin|xf,60,1000,0.9103833333333333,0.88395,0.05508976969556818,1.1284496622236546,0.8938923745197638,0.7673150130922707,0.3863850715024416,7354.71,99.68718333333334,1019,1
24,8,0.4,0.6,0.0,normal,D2,0.01,none,rej_t,60,1000,0.9056666666666666,0.8828,0.04785134321694974,1.0203866428910764,0.8217742011273139,0.6610531742255723,0.3863850715024416,7354.71,99.68718333333334,1019,1
24,8,0.4,0.6,0.0,normal,D2,0.01,none,textbook_t|fpc|lin,60,1000,0.9536000000000001,0.91225,0.04785134321694974,1.7003403149120626,1.0128778770518356,0.6610531742255723,0.3863850715024416,7354.71,99.68718333333334,1019,1
24,8,0.4,0.6,0.0,normal,D2,0.01,none,textbook_t|fpc|lin|xf,60,1000,0.9536000000000001,0.91225,0.04785134321694974,1.7003403149120626,1.0128778770518356,0.6610531742255723,0.3863850715024416,7354.71,99.68718333333334,1019,1
24,8,0.4,0.6,0.0,normal,D2,0.1,c_crossfit_design,textbook_t|fpc|lin,60,1000,0.9050166666666667,0.87995,0.055333134335950176,1.0783107361422803,0.8777776995509482,0.7718354897722531,0.3863850715024416,73547.1,9.980666666666666,104,0
24,8,0.4,0.6,0.0,normal,D2,0.1,c_crossfit_design,textbook_t|fpc|lin|xf,60,1000,0.9094666666666669,0.8868,0.055333134335950176,1.1248714671476194,0.8947791453587645,0.7718354897722531,0.3863850715024416,73547.1,9.980666666666666,104,0
24,8,0.4,0.6,0.0,normal,D2,0.1,none,rej_t,60,1000,0.9041666666666667,0.8819,0.048239858127756594,1.0130014840075086,0.823268364233254,0.6673340835807055,0.3863850715024416,73547.1,9.980666666666666,104,0
24,8,0.4,0.6,0.0,normal,D2,0.1,none,textbook_t|fpc|lin,60,1000,0.95315,0.9155500000000001,0.048239858127756594,1.6790251892720847,1.0129654375427322,0.6673340835807055,0.3863850715024416,73547.1,9.980666666666666,104,0
24,8,0.4,0.6,0.0,normal,D2,0.1,none,textbook_t|fpc|lin|xf,60,1000,0.95315,0.9155500000000001,0.048239858127756594,1.6790251892720847,1.0129654375427322,0.6673340835807055,0.3863850715024416,73547.1,9.980666666666666,104,0
24,8,0.4,1.2,0.0,normal,D0,1.0,c_crossfit_design,textbook_t|fpc|lin,60,1000,0.8992833333333332,0.88495,0.2115018968357299,0.9864581500764705,1.6711081363755516,0.766422884431289,0.36626602281431675,,,-1,0
24,8,0.4,1.2,0.0,normal,D0,1.0,c_crossfit_design,textbook_t|fpc|lin|xf,60,1000,0.9011,0.886,0.2115018968357299,1.000287847916431,1.6821248151564014,0.766422884431289,0.36626602281431675,,,-1,0
24,8,0.4,1.2,0.0,normal,D0,1.0,none,textbook_t|fpc|lin,60,1000,0.90195,0.88095,0.28309310201740345,1.0070010058889551,1.9557702486739454,1.0,0.36626602281431675,,,-1,0
24,8,0.4,1.2,0.0,normal,D0,1.0,none,textbook_t|fpc|lin|xf,60,1000,0.90195,0.88095,0.28309310201740345,1.0070010058889551,1.9557702486739454,1.0,0.36626602281431675,,,-1,0
24,8,0.4,1.2,0.0,normal,D1,,c_crossfit_design,strat_t,60,1000,0.9056000000000001,0.8779,0.1986560038008451,1.0825276789020735,1.8607872068791282,0.7286007458586482,0.36626602281431675,,,-1,0
24,8,0.4,1.2,0.0,normal,D1,,none,strat_t,60,1000,0.9005333333333334,0.86375,0.19828556126205135,1.002032641758311,1.7922871245194145,0.7182530553061708,0.36626602281431675,,,-1,0
24,8,0.4,1.2,0.0,normal,D2,0.01,c_crossfit_design,textbook_t|fpc|lin,60,1000,0.9116333333333334,0.88,0.1918806623322428,1.097553942075111,1.6737593614543778,0.7041892926626514,0.36626602281431675,7354.71,99.94455,986,0
24,8,0.4,1.2,0.0,normal,D2,0.01,c_crossfit_design,textbook_t|fpc|lin|xf,60,1000,0.9130666666666668,0.88295,0.1918806623322428,1.1132230609322797,1.6852036730385518,0.7041892926626514,0.36626602281431675,7354.71,99.94455,986,0
24,8,0.4,1.2,0.0,normal,D2,0.01,none,rej_t,60,1000,0.9023333333333333,0.8725,0.18189023652634081,1.008919771378617,1.6054238057913635,0.6670612133744007,0.36626602281431675,7354.71,99.94455,986,0
24,8,0.4,1.2,0.0,normal,D2,0.01,none,textbook_t|fpc|lin,60,1000,0.9502,0.913,0.18189023652634081,1.619291228673878,1.9707339790535567,0.6670612133744007,0.36626602281431675,7354.71,99.94455,986,0
24,8,0.4,1.2,0.0,normal,D2,0.01,none,textbook_t|fpc|lin|xf,60,1000,0.9502,0.913,0.18189023652634081,1.619291228673878,1.9707339790535567,0.6670612133744007,0.36626602281431675,7354.71,99.94455,986,0
24,8,0.4,1.2,0.0,normal,D2,0.1,c_crossfit_design,textbook_t|fpc|lin,60,1000,0.9071666666666666,0.8829,0.1943280066662304,1.0780689126309573,1.672401049470779,0.7144848297389551,0.36626602281431675,73547.1,10.019966666666667,106,0
24,8,0.4,1.2,0.0,normal,D2,0.1,c_crossfit_design,textbook_t|fpc|lin|xf,60,1000,0.9092166666666667,0.8859,0.1943280066662304,1.0934287645645286,1.6837988093996332,0.7144848297389551,0.36626602281431675,73547.1,10.019966666666667,106,0
24,8,0.4,1.2,0.0,normal,D2,0.1,none,rej_t,60,1000,0.8990166666666667,0.87345,0.18499917674752242,0.9905079160687229,1.6067410861090385,0.6788102077599061,0.36626602281431675,73547.1,10.019966666666667,106,0
24,8,0.4,1.2,0.0,normal,D2,0.1,none,textbook_t|fpc|lin,60,1000,0.9502333333333334,0.9105500000000001,0.18499917674752242,1.5853859037019198,1.9717430601983699,0.6788102077599061,0.36626602281431675,73547.1,10.019966666666667,106,0
24,8,0.4,1.2,0.0,normal,D2,0.1,none,textbook_t|fpc|lin|xf,60,1000,0.9502333333333334,0.9105500000000001,0.18499917674752242,1.5853859037019198,1.9717430601983699,0.6788102077599061,0.36626602281431675,73547.1,10.019966666666667,106,0
24,8,0.7,0.6,0.0,normal,D0,1.0,c_crossfit_design,textbook_t|fpc|lin,60,1000,0.8850499999999999,0.86495,0.019633151827216602,0.9314997745035148,0.48137156197339054,0.4750802571656639,0.706249385647918,,,-1,0
24,8,0.7,0.6,0.0,normal,D0,1.0,c_crossfit_design,textbook_t|fpc|lin|xf,60,1000,0.8920333333333336,0.873,0.019633151827216602,0.9918513142127058,0.4950685361433809,0.4750802571656639,0.706249385647918,,,-1,0
24,8,0.7,0.6,0.0,normal,D0,1.0,none,textbook_t|fpc|lin,60,1000,0.9002500000000001,0.8747,0.043735077631512825,1.0068934221400774,0.765643972666042,1.0,0.706249385647918,,,-1,0
24,8,0.7,0.6,0.0,normal,D0,1.0,none,textbook_t|fpc|lin|xf,60,1000,0.9002500000000001,0.8747,0.043735077631512825,1.0068934221400774,0.765643972666042,1.0,0.706249385647918,,,-1,0
24,8,0.7,0.6,0.0,normal,D1,,c_crossfit_design,strat_t,60,1000,0.9052666666666667,0.86825,0.01738366598664677,1.1241820703848957,0.545610529148769,0.42421735269311617,0.706249385647918,,,-1,0
24,8,0.7,0.6,0.0,normal,D1,,none,strat_t,60,1000,0.8936333333333334,0.84755,0.01777989669363276,0.9984236087212902,0.5328522599311254,0.42375779183254597,0.706249385647918,,,-1,0
24,8,0.7,0.6,0.0,normal,D2,0.01,c_crossfit_design,textbook_t|fpc|lin,60,1000,0.9012166666666667,0.86095,0.017066046666594312,1.08630199129314,0.47750218130289307,0.4148719621739151,0.706249385647918,7354.71,100.01061666666666,1263,5
24,8,0.7,0.6,0.0,normal,D2,0.01,c_crossfit_design,textbook_t|fpc|lin|xf,60,1000,0.9077833333333333,0.8689,0.017066046666594312,1.1580393219322085,0.49135987245702,0.4148719621739151,0.706249385647918,7354.71,100.01061666666666,1263,5
24,8,0.7,0.6,0.0,normal,D2,0.01,none,rej_t,60,1000,0.8979666666666668,0.86885,0.012844028723891307,0.9914808851441345,0.4177728150379592,0.31356769483486524,0.706249385647918,7354.71,100.01061666666666,1263,5
24,8,0.7,0.6,0.0,normal,D2,0.01,none,textbook_t|fpc|lin,60,1000,0.9916499999999999,0.9646,0.012844028723891307,3.8617473469405468,0.7781502258721547,0.31356769483486524,0.706249385647918,7354.71,100.01061666666666,1263,5
24,8,0.7,0.6,0.0,normal,D2,0.01,none,textbook_t|fpc|lin|xf,60,1000,0.9916499999999999,0.9646,0.012844028723891307,3.8617473469405468,0.7781502258721547,0.31356769483486524,0.706249385647918,7354.71,100.01061666666666,1263,5
24,8,0.7,0.6,0.0,normal,D2,0.1,c_crossfit_design,textbook_t|fpc|lin,60,1000,0.9013166666666669,0.85495,0.016777862447322173,1.0958852391499616,0.477022682840547,0.40802348698644836,0.706249385647918,73547.1,10.020733333333334,117,0
24,8,0.7,0.6,0.0,normal,D2,0.1,c_crossfit_design,textbook_t|fpc|lin|xf,60,1000,0.9084000000000001,0.8677,0.016777862447322173,1.1680245560151667,0.4907905103107684,0.40802348698644836,0.706249385647918,73547.1,10.020733333333334,117,0
24,8,0.7,0.6,0.0,normal,D2,0.1,none,rej_t,60,1000,0.8990666666666667,0.86685,0.012925624338793228,1.0002903403695096,0.4214759939522217,0.31490909293068226,0.706249385647918,73547.1,10.020733333333334,117,0
24,8,0.7,0.6,0.0,normal,D2,0.1,none,textbook_t|fpc|lin,60,1000,0.9907500000000001,0.96065,0.012925624338793228,3.803634037042163,0.7780231037812724,0.31490909293068226,0.706249385647918,73547.1,10.020733333333334,117,0
24,8,0.7,0.6,0.0,normal,D2,0.1,none,textbook_t|fpc|lin|xf,60,1000,0.9907500000000001,0.96065,0.012925624338793228,3.803634037042163,0.7780231037812724,0.31490909293068226,0.706249385647918,73547.1,10.020733333333334,117,0
24,8,0.7,1.2,0.0,normal,D0,1.0,c_crossfit_design,textbook_t|fpc|lin,60,1000,0.8973166666666667,0.87695,0.06720705293404798,0.9787563357061828,0.9240833768445512,0.43373475002094747,0.7098259078571787,,,-1,0
24,8,0.7,1.2,0.0,normal,D0,1.0,c_crossfit_design,textbook_t|fpc|lin|xf,60,1000,0.8995333333333334,0.87895,0.06720705293404798,0.9987241180739661,0.9320101396838256,0.43373475002094747,0.7098259078571787,,,-1,0
24,8,0.7,1.2,0.0,normal,D0,1.0,none,textbook_t|fpc|lin,60,1000,0.89995,0.8799,0.16143599494893104,1.0024936944791938,1.4632660849687191,1.0,0.7098259078571787,,,-1,0
24,8,0.7,1.2,0.0,normal,D0,1.0,none,textbook_t|fpc|lin|xf,60,1000,0.89995,0.8799,0.16143599494893104,1.0024936944791938,1.4632660849687191,1.0,0.7098259078571787,,,-1,0
24,8,0.7,1.2,0.0,normal,D1,,c_crossfit_design,strat_t,60,1000,0.9041833333333334,0.87,0.05806878735803592,1.0550119462660048,0.9850894477965882,0.38060360743570854,0.7098259078571787,,,-1,0
24,8,0.7,1.2,0.0,normal,D1,,none,strat_t,60,1000,0.8995166666666667,0.87065,0.07093790875148293,1.004462549059363,1.0667765105971752,0.45288521022844547,0.7098259078571787,,,-1,0
24,8,0.7,1.2,0.0,normal,D2,0.01,c_crossfit_design,textbook_t|fpc|lin,60,1000,0.9166333333333333,0.884,0.055160361326894405,1.206774971146767,0.9218331266127681,0.3628429377570587,0.7098259078571787,7354.71,100.08453333333334,1118,2
24,8,0.7,1.2,0.0,normal,D2,0.01,c_crossfit_design,textbook_t|fpc|lin|xf,60,1000,0.9182,0.88795,0.055160361326894405,1.2307219342534625,0.9297394735703549,0.3628429377570587,0.7098259078571787,7354.71,100.08453333333334,1118,2
24,8,0.7,1.2,0.0,normal,D2,0.01,none,rej_t,60,1000,0.90005,0.87575,0.0504894030248118,0.9966170883488489,0.8330639520570108,0.3307731659265584,0.7098259078571787,7354.71,100.08453333333334,1118,2
24,8,0.7,1.2,0.0,normal,D2,0.01,none,textbook_t|fpc|lin,60,1000,0.9895666666666668,0.96395,0.0504894030248118,3.511797249336669,1.4834232652100634,0.3307731659265584,0.7098259078571787,7354.71,100.08453333333334,1118,2
24,8,0.7,1.2,0.0,normal,D2,0.01,none,textbook_t|fpc|lin|xf,60,1000,0.9895666666666668,0.96395,0.0504894030248118,3.511797249336669,1.4834232652100634,0.3307731659265584,0.7098259078571787,7354.71,100.08453333333334,1118,2
24,8,0.7,1.2,0.0,normal,D2,0.1,c_crossfit_design,textbook_t|fpc|lin,60,1000,0.9164166666666667,0.8855500000000001,0.055366100671977246,1.2000256360481678,0.9231926627502536,0.3652168540442658,0.7098259078571787,73547.1,10.066683333333334,115,0
24,8,0.7,1.2,0.0,normal,D2,0.1,c_crossfit_design,textbook_t|fpc|lin|xf,60,1000,0.9180333333333334,0.88965,0.055366100671977246,1.2240963512678595,0.9312039292346063,0.3652168540442658,0.7098259078571787,73547.1,10.066683333333334,115,0
24,8,0.7,1.2,0.0,normal,D2,0.1,none,rej_t,60,1000,0.9007166666666666,0.879,0.051218998265980524,0.9948508740895804,0.840552048549443,0.3365364685177602,0.7098259078571787,73547.1,10.066683333333334,115,0
24,8,0.7,1.2,0.0,normal,D2,0.1,none,textbook_t|fpc|lin,60,1000,0.9898,0.9679,0.051218998265980524,3.442336769090894,1.4817905718047861,0.3365364685177602,0.7098259078571787,73547.1,10.066683333333334,115,0
24,8,0.7,1.2,0.0,normal,D2,0.1,none,textbook_t|fpc|lin|xf,60,1000,0.9898,0.9679,0.051218998265980524,3.442336769090894,1.4817905718047861,0.3365364685177602,0.7098259078571787,73547.1,10.066683333333334,115,0
24,8,0.9,0.6,0.0,normal,D0,1.0,c_crossfit_design,textbook_t|fpc|lin,60,1000,0.8817333333333334,0.86095,0.006326863285596623,0.8954907963369733,0.26428265052938255,0.2145947440667043,0.8927683669712008,,,-1,0
24,8,0.9,0.6,0.0,normal,D0,1.0,c_crossfit_design,textbook_t|fpc|lin|xf,60,1000,0.8898166666666667,0.8708,0.006326863285596623,0.9661088681043779,0.27315236490205475,0.2145947440667043,0.8927683669712008,,,-1,0
24,8,0.9,0.6,0.0,normal,D0,1.0,none,textbook_t|fpc|lin,60,1000,0.9013166666666667,0.88465,0.032017820526878245,0.9999288959888587,0.6538244255432257,1.0,0.8927683669712008,,,-1,0
24,8,0.9,0.6,0.0,normal,D0,1.0,none,textbook_t|fpc|lin|xf,60,1000,0.9013166666666667,0.88465,0.032017820526878245,0.9999288959888587,0.6538244255432257,1.0,0.8927683669712008,,,-1,0
24,8,0.9,0.6,0.0,normal,D1,,c_crossfit_design,strat_t,60,1000,0.8960666666666667,0.8564499999999999,0.005373539222942392,1.056336642772175,0.29372291072676937,0.1833889041784533,0.8927683669712008,,,-1,0
24,8,0.9,0.6,0.0,normal,D1,,none,strat_t,60,1000,0.8922166666666668,0.85485,0.007706263790339302,0.9967519010015433,0.3487548019591201,0.2551386716689626,0.8927683669712008,,,-1,0
24,8,0.9,0.6,0.0,normal,D2,0.01,c_crossfit_design,textbook_t|fpc|lin,60,1000,0.905,0.872,0.005033678225001986,1.1156972414743502,0.26143926488201397,0.1720177061445223,0.8927683669712008,7354.71,100.32258333333333,1102,3
24,8,0.9,0.6,0.0,normal,D2,0.01,c_crossfit_design,textbook_t|fpc|lin|xf,60,1000,0.9122166666666666,0.88,0.005033678225001986,1.2056844354327503,0.2703635315968096,0.1720177061445223,0.8927683669712008,7354.71,100.32258333333333,1102,3
24,8,0.9,0.6,0.0,normal,D2,0.01,none,rej_t,60,1000,0.9008500000000002,0.8827,0.003389389186229359,0.996837632509166,0.21640468386931117,0.11486808679325655,0.8927683669712008,7354.71,100.32258333333333,1102,3
24,8,0.9,0.6,0.0,normal,D2,0.01,none,textbook_t|fpc|lin,60,1000,0.9990666666666667,0.99395,0.003389389186229359,11.1072138203582,0.6667642432128367,0.11486808679325655,0.8927683669712008,7354.71,100.32258333333333,1102,3
24,8,0.9,0.6,0.0,normal,D2,0.01,none,textbook_t|fpc|lin|xf,60,1000,0.9990666666666667,0.99395,0.003389389186229359,11.1072138203582,0.6667642432128367,0.11486808679325655,0.8927683669712008,7354.71,100.32258333333333,1102,3
24,8,0.9,0.6,0.0,normal,D2,0.1,c_crossfit_design,textbook_t|fpc|lin,60,1000,0.9032166666666667,0.878,0.005088396256846209,1.10312775509484,0.26132738271839795,0.17394432954315056,0.8927683669712008,73547.1,9.95485,125,0
24,8,0.9,0.6,0.0,normal,D2,0.1,c_crossfit_design,textbook_t|fpc|lin|xf,60,1000,0.9110666666666666,0.889,0.005088396256846209,1.1921887679763308,0.2702722198528911,0.17394432954315056,0.8927683669712008,73547.1,9.95485,125,0
24,8,0.9,0.6,0.0,normal,D2,0.1,none,rej_t,60,1000,0.9052833333333333,0.88275,0.0035469758671575554,0.991302527542792,0.22189156948037878,0.11981301219148026,0.8927683669712008,73547.1,9.95485,125,0
24,8,0.9,0.6,0.0,normal,D2,0.1,none,textbook_t|fpc|lin,60,1000,0.9989833333333333,0.9959,0.0035469758671575554,10.344251583764045,0.6652785449892875,0.11981301219148026,0.8927683669712008,73547.1,9.95485,125,0
24,8,0.9,0.6,0.0,normal,D2,0.1,none,textbook_t|fpc|lin|xf,60,1000,0.9989833333333333,0.9959,0.0035469758671575554,10.344251583764045,0.6652785449892875,0.11981301219148026,0.8927683669712008,73547.1,9.95485,125,0
24,8,0.9,1.2,0.0,normal,D0,1.0,c_crossfit_design,textbook_t|fpc|lin,60,1000,0.8986666666666667,0.8788,0.0213968433706858,0.9804213949566826,0.5191138874386177,0.16264472438020955,0.9041829512162933,,,-1,0
24,8,0.9,1.2,0.0,normal,D0,1.0,c_crossfit_design,textbook_t|fpc|lin|xf,60,1000,0.9002333333333333,0.88095,0.0213968433706858,0.9965531471547622,0.5222296165188989,0.16264472438020955,0.9041829512162933,,,-1,0
24,8,0.9,1.2,0.0,normal,D0,1.0,none,textbook_t|fpc|lin,60,1000,0.9002333333333333,0.8818,0.13827382412862824,1.0051719133898889,1.3636360392468831,1.0,0.9041829512162933,,,-1,0
24,8,0.9,1.2,0.0,normal,D0,1.0,none,textbook_t|fpc|lin|xf,60,1000,0.9002333333333333,0.8818,0.13827382412862824,1.0051719133898889,1.3636360392468831,1.0,0.9041829512162933,,,-1,0
24,8,0.9,1.2,0.0,normal,D1,,c_crossfit_design,strat_t,60,1000,0.9017666666666667,0.8459,0.015532727585881952,1.0221693468692186,0.4991440554580154,0.12071916426290637,0.9041829512162933,,,-1,0
24,8,0.9,1.2,0.0,normal,D1,,none,strat_t,60,1000,0.8956833333333333,0.8626,0.03146331039378299,1.0143532864713862,0.7038432533726042,0.23174679234873707,0.9041829512162933,,,-1,0
24,8,0.9,1.2,0.0,normal,D2,0.01,c_crossfit_design,textbook_t|fpc|lin,60,1000,0.9346166666666668,0.8968,0.015145199125244773,1.4107124385026983,0.517931106137363,0.11897854368808726,0.9041829512162933,7354.71,100.12033333333333,1071,2
24,8,0.9,1.2,0.0,normal,D2,0.01,c_crossfit_design,textbook_t|fpc|lin|xf,60,1000,0.9355999999999999,0.9016000000000001,0.015145199125244773,1.432552161255159,0.5210323712930403,0.11897854368808726,0.9041829512162933,7354.71,100.12033333333333,1071,2
24,8,0.9,1.2,0.0,normal,D2,0.01,none,rej_t,60,1000,0.8948500000000001,0.85585,0.013722649886515297,0.9908757844691377,0.4327501448263883,0.10726665751423871,0.9041829512162933,7354.71,100.12033333333333,1071,2
24,8,0.9,1.2,0.0,normal,D2,0.01,none,textbook_t|fpc|lin,60,1000,0.9996500000000001,0.9979,0.013722649886515297,11.316843750150348,1.3907392252438329,0.10726665751423871,0.9041829512162933,7354.71,100.12033333333333,1071,2
24,8,0.9,1.2,0.0,normal,D2,0.01,none,textbook_t|fpc|lin|xf,60,1000,0.9996500000000001,0.9979,0.013722649886515297,11.316843750150348,1.3907392252438329,0.10726665751423871,0.9041829512162933,7354.71,100.12033333333333,1071,2
24,8,0.9,1.2,0.0,normal,D2,0.1,c_crossfit_design,textbook_t|fpc|lin,60,1000,0.9370166666666668,0.9019,0.015101249490196034,1.4078423339750543,0.5190245830205934,0.11836412126013937,0.9041829512162933,73547.1,10.048233333333334,107,0
24,8,0.9,1.2,0.0,normal,D2,0.1,c_crossfit_design,textbook_t|fpc|lin|xf,60,1000,0.9379333333333334,0.9049,0.015101249490196034,1.4293596940429547,0.5220695228773548,0.11836412126013937,0.9041829512162933,73547.1,10.048233333333334,107,0
24,8,0.9,1.2,0.0,normal,D2,0.1,none,rej_t,60,1000,0.9040500000000001,0.8669,0.014338833569483928,0.998916798988872,0.4469321013254139,0.11135659359153356,0.9041829512162933,73547.1,10.048233333333334,107,0
24,8,0.9,1.2,0.0,normal,D2,0.1,none,textbook_t|fpc|lin,60,1000,0.99965,0.99795,0.014338833569483928,10.654527805536306,1.3923516747482299,0.11135659359153356,0.9041829512162933,73547.1,10.048233333333334,107,0
24,8,0.9,1.2,0.0,normal,D2,0.1,none,textbook_t|fpc|lin|xf,60,1000,0.99965,0.99795,0.014338833569483928,10.654527805536306,1.3923516747482299,0.11135659359153356,0.9041829512162933,73547.1,10.048233333333334,107,0
24,12,0.0,0.6,0.0,normal,D0,1.0,c_crossfit_design,textbook_t|fpc|lin,60,1000,0.8937666666666667,0.87485,0.04585962486359055,0.9627520766637325,0.7305137997764578,1.150789328888322,0.03251653570786791,,,-1,0
24,12,0.0,0.6,0.0,normal,D0,1.0,c_crossfit_design,textbook_t|fpc|lin|xf,60,1000,0.89795,0.87995,0.04585962486359055,0.9934747090148288,0.7408489023048521,1.150789328888322,0.03251653570786791,,,-1,0
24,12,0.0,0.6,0.0,normal,D0,1.0,none,textbook_t|fpc|lin,60,1000,0.8994833333333335,0.8859,0.03989833388565787,0.998951936067584,0.6975403231048518,1.0,0.03251653570786791,,,-1,0
24,12,0.0,0.6,0.0,normal,D0,1.0,none,textbook_t|fpc|lin|xf,60,1000,0.8994833333333335,0.8859,0.03989833388565787,0.998951936067584,0.6975403231048518,1.0,0.03251653570786791,,,-1,0
24,12,0.0,0.6,0.0,normal,D1,,c_crossfit_design,strat_t,60,1000,0.9049166666666666,0.8815500000000001,0.04379594692004652,1.0497380890975787,0.7925180790099255,1.0936962557706538,0.03251653570786791,,,-1,0
24,12,0.0,0.6,0.0,normal,D1,,none,strat_t,60,1000,0.9009166666666666,0.8748,0.040317057260811674,0.9978517736151457,0.7428147827217179,1.0011763760896346,0.03251653570786791,,,-1,0
24,12,0.0,0.6,0.0,normal,D2,0.01,c_crossfit_design,textbook_t|fpc|lin,60,1000,0.9016499999999998,0.87485,0.04272944429104277,1.04067899328161,0.7305671136553475,1.0694582061849913,0.03251653570786791,27041.56,99.6465,1116,3
24,12,0.0,0.6,0.0,normal,D2,0.01,c_crossfit_design,textbook_t|fpc|lin|xf,60,1000,0.9057,0.87985,0.04272944429104277,1.074366754079386,0.7411363476937534,1.0694582061849913,0.03251653570786791,27041.56,99.6465,1116,3
24,12,0.0,0.6,0.0,normal,D2,0.01,none,rej_t,60,1000,0.8982166666666667,0.876,0.039709483695039675,0.9924858612705738,0.6976581570145054,0.9926563637644407,0.03251653570786791,27041.56,99.6465,1116,3
24,12,0.0,0.6,0.0,normal,D2,0.01,none,textbook_t|fpc|lin,60,1000,0.9003166666666668,0.87595,0.039709483695039675,1.0182978013135835,0.697263788019958,0.9926563637644407,0.03251653570786791,27041.56,99.6465,1116,3
24,12,0.0,0.6,0.0,normal,D2,0.01,none,textbook_t|fpc|lin|xf,60,1000,0.9003166666666668,0.87595,0.039709483695039675,1.0182978013135835,0.697263788019958,0.9926563637644407,0.03251653570786791,27041.56,99.6465,1116,3
24,12,0.0,0.6,0.0,normal,D2,0.1,c_crossfit_design,textbook_t|fpc|lin,60,1000,0.9040666666666667,0.8839,0.04261644569557941,1.0414912921851154,0.7295984756152883,1.065924695932661,0.03251653570786791,270415.60000000003,9.97455,113,0
24,12,0.0,0.6,0.0,normal,D2,0.1,c_crossfit_design,textbook_t|fpc|lin|xf,60,1000,0.9080333333333334,0.88695,0.04261644569557941,1.0750327760253853,0.7400405313120683,1.065924695932661,0.03251653570786791,270415.60000000003,9.97455,113,0
24,12,0.0,0.6,0.0,normal,D2,0.1,none,rej_t,60,1000,0.9015333333333333,0.878,0.03949653435658919,1.0017596824802255,0.6976871789419304,0.9846298507133366,0.03251653570786791,270415.60000000003,9.97455,113,0
24,12,0.0,0.6,0.0,normal,D2,0.1,none,textbook_t|fpc|lin,60,1000,0.9024666666666668,0.8827,0.03949653435658919,1.0296636089645712,0.6973631290024432,0.9846298507133366,0.03251653570786791,270415.60000000003,9.97455,113,0
24,12,0.0,0.6,0.0,normal,D2,0.1,none,textbook_t|fpc|lin|xf,60,1000,0.9024666666666668,0.8827,0.03949653435658919,1.0296636089645712,0.6973631290024432,0.9846298507133366,0.03251653570786791,270415.60000000003,9.97455,113,0
24,12,0.0,1.2,0.0,normal,D0,1.0,c_crossfit_design,textbook_t|fpc|lin,60,1000,0.8919499999999999,0.86775,0.05012576156763981,0.9595264217764072,0.7639755320861201,1.1630029735908871,0.018840026936548418,,,-1,0
24,12,0.0,1.2,0.0,normal,D0,1.0,c_crossfit_design,textbook_t|fpc|lin|xf,60,1000,0.8962166666666666,0.8718,0.05012576156763981,0.9922328113241768,0.7756275806273725,1.1630029735908871,0.018840026936548418,,,-1,0
24,12,0.0,1.2,0.0,normal,D0,1.0,none,textbook_t|fpc|lin,60,1000,0.8985333333333334,0.87795,0.04303044091904213,0.9976204655832678,0.7271410285332328,1.0,0.018840026936548418,,,-1,0
24,12,0.0,1.2,0.0,normal,D0,1.0,none,textbook_t|fpc|lin|xf,60,1000,0.8985333333333334,0.87795,0.04303044091904213,0.9976204655832678,0.7271410285332328,1.0,0.018840026936548418,,,-1,0
24,12,0.0,1.2,0.0,normal,D1,,c_crossfit_design,strat_t,60,1000,0.9035833333333334,0.867,0.04894771454234122,1.042596151726763,0.8376494983111675,1.1382603822212163,0.018840026936548418,,,-1,0
24,12,0.0,1.2,0.0,normal,D1,,none,strat_t,60,1000,0.9007000000000002,0.8689,0.04459115553857486,0.991589064491882,0.7847872609473182,1.0394141542795536,0.018840026936548418,,,-1,0
24,12,0.0,1.2,0.0,normal,D2,0.01,c_crossfit_design,textbook_t|fpc|lin,60,1000,0.90295,0.875,0.046115447849842534,1.048264027340436,0.764806399021715,1.0714068389705282,0.018840026936548418,27041.56,99.7572,1193,4
24,12,0.0,1.2,0.0,normal,D2,0.01,c_crossfit_design,textbook_t|fpc|lin|xf,60,1000,0.9068166666666666,0.87895,0.046115447849842534,1.08428419705275,0.7766001067579457,1.0714068389705282,0.018840026936548418,27041.56,99.7572,1193,4
24,12,0.0,1.2,0.0,normal,D2,0.01,none,rej_t,60,1000,0.8997166666666666,0.88135,0.04239954341551751,1.00351122487174,0.7280532912836287,0.9858290018183414,0.018840026936548418,27041.56,99.7572,1193,4
24,12,0.0,1.2,0.0,normal,D2,0.01,none,textbook_t|fpc|lin,60,1000,0.9012833333333333,0.87095,0.04239954341551751,1.0207984259020304,0.7276988726120064,0.9858290018183414,0.018840026936548418,27041.56,99.7572,1193,4
24,12,0.0,1.2,0.0,normal,D2,0.01,none,textbook_t|fpc|lin|xf,60,1000,0.9012833333333333,0.87095,0.04239954341551751,1.0207984259020304,0.7276988726120064,0.9858290018183414,0.018840026936548418,27041.56,99.7572,1193,4
24,12,0.0,1.2,0.0,normal,D2,0.1,c_crossfit_design,textbook_t|fpc|lin,60,1000,0.9036499999999997,0.87465,0.046204416638919846,1.0435811513473494,0.7643473233756308,1.0751795798215549,0.018840026936548418,270415.60000000003,10.048466666666666,101,0
24,12,0.0,1.2,0.0,normal,D2,0.1,c_crossfit_design,textbook_t|fpc|lin|xf,60,1000,0.9076500000000001,0.8797,0.046204416638919846,1.0795173794851216,0.7761475781791337,1.0751795798215549,0.018840026936548418,270415.60000000003,10.048466666666666,101,0
24,12,0.0,1.2,0.0,normal,D2,0.1,none,rej_t,60,1000,0.8996833333333333,0.86695,0.042529440817969145,0.9978137071473508,0.727805433509771,0.9911148857954102,0.018840026936548418,270415.60000000003,10.048466666666666,101,0
24,12,0.0,1.2,0.0,normal,D2,0.1,none,textbook_t|fpc|lin,60,1000,0.9019833333333334,0.8769,0.042529440817969145,1.0160876278251196,0.7275454893518679,0.9911148857954102,0.018840026936548418,270415.60000000003,10.048466666666666,101,0
24,12,0.0,1.2,0.0,normal,D2,0.1,none,textbook_t|fpc|lin|xf,60,1000,0.9019833333333334,0.8769,0.042529440817969145,1.0160876278251196,0.7275454893518679,0.9911148857954102,0.018840026936548418,270415.60000000003,10.048466666666666,101,0
24,12,0.2,0.6,0.0,normal,D0,1.0,c_crossfit_design,textbook_t|fpc|lin,60,1000,0.8912666666666667,0.8719,0.06717602159863627,0.947188965789555,0.8834505228023039,0.9371074406190013,0.22961557545824296,,,-1,0
24,12,0.2,0.6,0.0,normal,D0,1.0,c_crossfit_design,textbook_t|fpc|lin|xf,60,1000,0.89705,0.876,0.06717602159863627,0.9897861619349669,0.9014225105221954,0.9371074406190013,0.22961557545824296,,,-1,0
24,12,0.2,0.6,0.0,normal,D0,1.0,none,textbook_t|fpc|lin,60,1000,0.90185,0.888,0.07396234125296382,0.9982093989750486,0.9520627432525556,1.0,0.22961557545824296,,,-1,0
24,12,0.2,0.6,0.0,normal,D0,1.0,none,textbook_t|fpc|lin|xf,60,1000,0.90185,0.888,0.07396234125296382,0.9982093989750486,0.9520627432525556,1.0,0.22961557545824296,,,-1,0
24,12,0.2,0.6,0.0,normal,D1,,c_crossfit_design,strat_t,60,1000,0.9095333333333333,0.8848,0.06427005895178492,1.07085943587952,0.9762218118579533,0.8973674213573964,0.22961557545824296,,,-1,0
24,12,0.2,0.6,0.0,normal,D1,,none,strat_t,60,1000,0.9039333333333333,0.87995,0.05991123230754068,0.9989265970955147,0.9120533605963351,0.827531980567723,0.22961557545824296,,,-1,0
24,12,0.2,0.6,0.0,normal,D2,0.01,c_crossfit_design,textbook_t|fpc|lin,60,1000,0.9012333333333333,0.8739,0.06265256333129496,1.0252954947376516,0.8857027607896429,0.8729734060102456,0.22961557545824296,27041.56,100.36888333333333,1240,3
24,12,0.2,0.6,0.0,normal,D2,0.01,c_crossfit_design,textbook_t|fpc|lin|xf,60,1000,0.90725,0.87995,0.06265256333129496,1.0724101654453009,0.9041672145962968,0.8729734060102456,0.22961557545824296,27041.56,100.36888333333333,1240,3
24,12,0.2,0.6,0.0,normal,D2,0.01,none,rej_t,60,1000,0.90365,0.8769,0.05748908640110884,1.0157532697910423,0.8544536502337762,0.7962188239590922,0.22961557545824296,27041.56,100.36888333333333,1240,3
24,12,0.2,0.6,0.0,normal,D2,0.01,none,textbook_t|fpc|lin,60,1000,0.9347166666666666,0.8963,0.05748908640110884,1.3154983516568186,0.9581355560935243,0.7962188239590922,0.22961557545824296,27041.56,100.36888333333333,1240,3
24,12,0.2,0.6,0.0,normal,D2,0.01,none,textbook_t|fpc|lin|xf,60,1000,0.9347166666666666,0.8963,0.05748908640110884,1.3154983516568186,0.9581355560935243,0.7962188239590922,0.22961557545824296,27041.56,100.36888333333333,1240,3
24,12,0.2,0.6,0.0,normal,D2,0.1,c_crossfit_design,textbook_t|fpc|lin,60,1000,0.9032166666666667,0.88075,0.06250203869475114,1.0291683567612098,0.8854021889960516,0.8696959568159298,0.22961557545824296,270415.60000000003,9.949766666666667,107,0
24,12,0.2,0.6,0.0,normal,D2,0.1,c_crossfit_design,textbook_t|fpc|lin|xf,60,1000,0.9081000000000002,0.8869,0.06250203869475114,1.0767638949616514,0.9039471421989318,0.8696959568159298,0.22961557545824296,270415.60000000003,9.949766666666667,107,0
24,12,0.2,0.6,0.0,normal,D2,0.1,none,rej_t,60,1000,0.9027166666666668,0.88395,0.05777851299762222,1.011607614345622,0.8548620683265317,0.7997272769741975,0.22961557545824296,270415.60000000003,9.949766666666667,107,0
24,12,0.2,0.6,0.0,normal,D2,0.1,none,textbook_t|fpc|lin,60,1000,0.9331666666666666,0.8978,0.05777851299762222,1.3058122974101003,0.9570701803205944,0.7997272769741975,0.22961557545824296,270415.60000000003,9.949766666666667,107,0
24,12,0.2,0.6,0.0,normal,D2,0.1,none,textbook_t|fpc|lin|xf,60,1000,0.9331666666666666,0.8978,0.05777851299762222,1.3058122974101003,0.9570701803205944,0.7997272769741975,0.22961557545824296,270415.60000000003,9.949766666666667,107,0
24,12,0.2,1.2,0.0,normal,D0,1.0,c_crossfit_design,textbook_t|fpc|lin,60,1000,0.8946833333333334,0.87375,0.23668110018674796,0.9804913217195631,1.6854470801406833,0.8695095064255545,0.23249707776056722,,,-1,0
24,12,0.2,1.2,0.0,normal,D0,1.0,c_crossfit_design,textbook_t|fpc|lin|xf,60,1000,0.8966999999999998,0.8747,0.23668110018674796,0.993593307304586,1.69600296910558,0.8695095064255545,0.23249707776056722,,,-1,0
24,12,0.2,1.2,0.0,normal,D0,1.0,none,textbook_t|fpc|lin,60,1000,0.8988666666666667,0.8787,0.2748224706600945,0.9942107239117666,1.8315379858469003,1.0,0.23249707776056722,,,-1,0
24,12,0.2,1.2,0.0,normal,D0,1.0,none,textbook_t|fpc|lin|xf,60,1000,0.8988666666666667,0.8787,0.2748224706600945,0.9942107239117666,1.8315379858469003,1.0,0.23249707776056722,,,-1,0
24,12,0.2,1.2,0.0,normal,D1,,c_crossfit_design,strat_t,60,1000,0.9052833333333333,0.87055,0.22715651581042987,1.0502131456853172,1.8165506575089607,0.836530709749749,0.23249707776056722,,,-1,0
24,12,0.2,1.2,0.0,normal,D1,,none,strat_t,60,1000,0.8985833333333334,0.86985,0.225381360170047,1.0080272319972705,1.7732883639025172,0.8257525021341972,0.23249707776056722,,,-1,0
24,12,0.2,1.2,0.0,normal,D2,0.01,c_crossfit_design,textbook_t|fpc|lin,60,1000,0.9024,0.86895,0.22620525629789973,1.0368641594085857,1.687039619021271,0.8322961258347437,0.23249707776056722,27041.56,99.34718333333333,1137,4
24,12,0.2,1.2,0.0,normal,D2,0.01,c_crossfit_design,textbook_t|fpc|lin|xf,60,1000,0.90455,0.872,0.22620525629789973,1.050873160788485,1.6978464807263334,0.8322961258347437,0.23249707776056722,27041.56,99.34718333333333,1137,4
24,12,0.2,1.2,0.0,normal,D2,0.01,none,rej_t,60,1000,0.8986666666666666,0.8689,0.219444988318744,0.9994984670278964,1.6482330375111602,0.8066709279147213,0.23249707776056722,27041.56,99.34718333333333,1137,4
24,12,0.2,1.2,0.0,normal,D2,0.01,none,textbook_t|fpc|lin,60,1000,0.9311833333333334,0.894,0.219444988318744,1.294111376505623,1.8416217552289649,0.8066709279147213,0.23249707776056722,27041.56,99.34718333333333,1137,4
24,12,0.2,1.2,0.0,normal,D2,0.01,none,textbook_t|fpc|lin|xf,60,1000,0.9311833333333334,0.894,0.219444988318744,1.294111376505623,1.8416217552289649,0.8066709279147213,0.23249707776056722,27041.56,99.34718333333333,1137,4
24,12,0.2,1.2,0.0,normal,D2,0.1,c_crossfit_design,textbook_t|fpc|lin,60,1000,0.9026500000000001,0.87675,0.2263393027817852,1.0358652416705514,1.6876403106329645,0.8330460903911134,0.23249707776056722,270415.60000000003,10.00185,96,0
24,12,0.2,1.2,0.0,normal,D2,0.1,c_crossfit_design,textbook_t|fpc|lin|xf,60,1000,0.9045500000000001,0.8787,0.2263393027817852,1.050053733645781,1.6985564727873792,0.8330460903911134,0.23249707776056722,270415.60000000003,10.00185,96,0
24,12,0.2,1.2,0.0,normal,D2,0.1,none,rej_t,60,1000,0.89915,0.8749,0.220314674434021,0.9967453843255947,1.649881940510137,0.8098626812871638,0.23249707776056722,270415.60000000003,10.00185,96,0
24,12,0.2,1.2,0.0,normal,D2,0.1,none,textbook_t|fpc|lin,60,1000,0.9311,0.88695,0.220314674434021,1.2870684006005193,1.8413097504995415,0.8098626812871638,0.23249707776056722,270415.60000000003,10.00185,96,0
24,12,0.2,1.2,0.0,normal,D2,0.1,none,textbook_t|fpc|lin|xf,60,1000,0.9311,0.88695,0.220314674434021,1.2870684006005193,1.8413097504995415,0.8098626812871638,0.23249707776056722,270415.60000000003,10.00185,96,0
24,12,0.4,0.6,0.0,normal,D0,1.0,c_crossfit_design,textbook_t|fpc|lin,60,1000,0.8877666666666666,0.86085,0.030094350908157805,0.932062780339222,0.5836687964198243,0.8215095971292935,0.3863850715024416,,,-1,0
24,12,0.4,0.6,0.0,normal,D0,1.0,c_crossfit_design,textbook_t|fpc|lin|xf,60,1000,0.8959666666666666,0.87095,0.030094350908157805,0.9940598212803564,0.6009202836242022,0.8215095971292935,0.3863850715024416,,,-1,0
24,12,0.4,0.6,0.0,normal,D0,1.0,none,textbook_t|fpc|lin,60,1000,0.9004333333333335,0.88395,0.03798384265916897,0.9920404883340229,0.6819817113471858,1.0,0.3863850715024416,,,-1,0
24,12,0.4,0.6,0.0,normal,D0,1.0,none,textbook_t|fpc|lin|xf,60,1000,0.9004333333333335,0.88395,0.03798384265916897,0.9920404883340229,0.6819817113471858,1.0,0.3863850715024416,,,-1,0
24,12,0.4,0.6,0.0,normal,D1,,c_crossfit_design,strat_t,60,1000,0.9095166666666668,0.88585,0.027820540212681915,1.0761177032017097,0.639258528703392,0.7527214233606359,0.3863850715024416,,,-1,0
24,12,0.4,0.6,0.0,normal,D1,,none,strat_t,60,1000,0.9036166666666667,0.8769,0.025589769395351767,1.0089511790929924,0.5967794778228596,0.6837027742940053,0.3863850715024416,,,-1,0
24,12,0.4,0.6,0.0,normal,D2,0.01,c_crossfit_design,textbook_t|fpc|lin,60,1000,0.9012499999999998,0.87585,0.02741489383220813,1.030854545983163,0.5841093950212624,0.7514100790194153,0.3863850715024416,27041.56,99.9753,975,0
24,12,0.4,0.6,0.0,normal,D2,0.01,c_crossfit_design,textbook_t|fpc|lin|xf,60,1000,0.9092,0.8887,0.02741489383220813,1.100850892132438,0.6017646155754157,0.7514100790194153,0.3863850715024416,27041.56,99.9753,975,0
24,12,0.4,0.6,0.0,normal,D2,0.01,none,rej_t,60,1000,0.9014,0.885,0.024081326154066388,1.0013872536856514,0.5489830683584356,0.654676367429488,0.3863850715024416,27041.56,99.9753,975,0
24,12,0.4,0.6,0.0,normal,D2,0.01,none,textbook_t|fpc|lin,60,1000,0.9567833333333334,0.90545,0.024081326154066388,1.6761342788324147,0.6875813135197529,0.654676367429488,0.3863850715024416,27041.56,99.9753,975,0
24,12,0.4,0.6,0.0,normal,D2,0.01,none,textbook_t|fpc|lin|xf,60,1000,0.9567833333333334,0.90545,0.024081326154066388,1.6761342788324147,0.6875813135197529,0.654676367429488,0.3863850715024416,27041.56,99.9753,975,0
24,12,0.4,0.6,0.0,normal,D2,0.1,c_crossfit_design,textbook_t|fpc|lin,60,1000,0.9005166666666669,0.86995,0.027500465930204207,1.031273316001695,0.5842340216429621,0.7516122652524022,0.3863850715024416,270415.60000000003,9.973766666666666,115,0
24,12,0.4,0.6,0.0,normal,D2,0.1,c_crossfit_design,textbook_t|fpc|lin|xf,60,1000,0.9086,0.88095,0.027500465930204207,1.1014595298646854,0.601931984731614,0.7516122652524022,0.3863850715024416,270415.60000000003,9.973766666666666,115,0
24,12,0.4,0.6,0.0,normal,D2,0.1,none,rej_t,60,1000,0.9043333333333334,0.88195,0.024029897451066436,1.0119837761472465,0.5501760459598628,0.6508209338158972,0.3863850715024416,270415.60000000003,9.973766666666666,115,0
24,12,0.4,0.6,0.0,normal,D2,0.1,none,textbook_t|fpc|lin,60,1000,0.9564666666666665,0.91245,0.024029897451066436,1.690753443661371,0.6879081536680688,0.6508209338158972,0.3863850715024416,270415.60000000003,9.973766666666666,115,0
24,12,0.4,0.6,0.0,normal,D2,0.1,none,textbook_t|fpc|lin|xf,60,1000,0.9564666666666665,0.91245,0.024029897451066436,1.690753443661371,0.6879081536680688,0.6508209338158972,0.3863850715024416,270415.60000000003,9.973766666666666,115,0
24,12,0.4,1.2,0.0,normal,D0,1.0,c_crossfit_design,textbook_t|fpc|lin,60,1000,0.8966999999999999,0.88,0.10410383256114682,0.9764887010941771,1.1191640236710834,0.7523843571933977,0.36626602281431675,,,-1,0
24,12,0.4,1.2,0.0,normal,D0,1.0,c_crossfit_design,textbook_t|fpc|lin|xf,60,1000,0.8999333333333334,0.8849,0.10410383256114682,0.997983481481421,1.1305707462819716,0.7523843571933977,0.36626602281431675,,,-1,0
24,12,0.4,1.2,0.0,normal,D0,1.0,none,textbook_t|fpc|lin,60,1000,0.9004166666666666,0.88685,0.14266462460478618,1.0018413750872728,1.3277250065522777,1.0,0.36626602281431675,,,-1,0
24,12,0.4,1.2,0.0,normal,D0,1.0,none,textbook_t|fpc|lin|xf,60,1000,0.9004166666666666,0.88685,0.14266462460478618,1.0018413750872728,1.3277250065522777,1.0,0.36626602281431675,,,-1,0
24,12,0.4,1.2,0.0,normal,D1,,c_crossfit_design,strat_t,60,1000,0.9082500000000001,0.88495,0.09676906035154974,1.039476595850377,1.1879725832150183,0.7100534249610536,0.36626602281431675,,,-1,0
24,12,0.4,1.2,0.0,normal,D1,,none,strat_t,60,1000,0.9028333333333335,0.8815000000000001,0.09675150632161511,0.9939989747259335,1.1632374145253634,0.7023307938635247,0.36626602281431675,,,-1,0
24,12,0.4,1.2,0.0,normal,D2,0.01,c_crossfit_design,textbook_t|fpc|lin,60,1000,0.9061000000000001,0.88595,0.09653821259494472,1.0522770662140537,1.1185869210727073,0.7048606387162815,0.36626602281431675,27041.56,99.9268,1001,1
24,12,0.4,1.2,0.0,normal,D2,0.01,c_crossfit_design,textbook_t|fpc|lin|xf,60,1000,0.9087500000000001,0.8889,0.09653821259494472,1.075363316558243,1.130166569064714,0.7048606387162815,0.36626602281431675,27041.56,99.9268,1001,1
24,12,0.4,1.2,0.0,normal,D2,0.01,none,rej_t,60,1000,0.9001666666666667,0.8819,0.09194788458681484,0.9951868017145685,1.0747840283149623,0.6704601064885555,0.36626602281431675,27041.56,99.9268,1001,1
24,12,0.4,1.2,0.0,normal,D2,0.01,none,textbook_t|fpc|lin,60,1000,0.9545166666666668,0.9138000000000001,0.09194788458681484,1.5977594775660582,1.3374111169193865,0.6704601064885555,0.36626602281431675,27041.56,99.9268,1001,1
24,12,0.4,1.2,0.0,normal,D2,0.01,none,textbook_t|fpc|lin|xf,60,1000,0.9545166666666668,0.9138000000000001,0.09194788458681484,1.5977594775660582,1.3374111169193865,0.6704601064885555,0.36626602281431675,27041.56,99.9268,1001,1
24,12,0.4,1.2,0.0,normal,D2,0.1,c_crossfit_design,textbook_t|fpc|lin,60,1000,0.9062000000000001,0.88465,0.0964070065022239,1.0558768094514144,1.119005731698747,0.7035774490550327,0.36626602281431675,270415.60000000003,10.004966666666666,98,0
24,12,0.4,1.2,0.0,normal,D2,0.1,c_crossfit_design,textbook_t|fpc|lin|xf,60,1000,0.9089333333333334,0.88765,0.0964070065022239,1.0790429339640224,1.1305968545073495,0.7035774490550327,0.36626602281431675,270415.60000000003,10.004966666666666,98,0
24,12,0.4,1.2,0.0,normal,D2,0.1,none,rej_t,60,1000,0.9009333333333333,0.87795,0.09196070479495404,0.9991131574821032,1.0765235162105458,0.6689609531080188,0.36626602281431675,270415.60000000003,10.004966666666666,98,0
24,12,0.4,1.2,0.0,normal,D2,0.1,none,textbook_t|fpc|lin,60,1000,0.9551333333333332,0.91695,0.09196070479495404,1.6025419468030546,1.3393199442836694,0.6689609531080188,0.36626602281431675,270415.60000000003,10.004966666666666,98,0
24,12,0.4,1.2,0.0,normal,D2,0.1,none,textbook_t|fpc|lin|xf,60,1000,0.9551333333333332,0.91695,0.09196070479495404,1.6025419468030546,1.3393199442836694,0.6689609531080188,0.36626602281431675,270415.60000000003,10.004966666666666,98,0
24,12,0.7,0.6,0.0,normal,D0,1.0,c_crossfit_design,textbook_t|fpc|lin,60,1000,0.88295,0.86085,0.008842979223604814,0.9089241658743727,0.30905682678913526,0.4289969211246618,0.706249385647918,,,-1,0
24,12,0.7,0.6,0.0,normal,D0,1.0,c_crossfit_design,textbook_t|fpc|lin|xf,60,1000,0.8932333333333334,0.87295,0.008842979223604814,0.99110115952747,0.3212289559116209,0.4289969211246618,0.706249385647918,,,-1,0
24,12,0.7,0.6,0.0,normal,D0,1.0,none,textbook_t|fpc|lin,60,1000,0.9007500000000002,0.8807,0.021889290232227965,1.0017446509090115,0.5193931981463692,1.0,0.706249385647918,,,-1,0
24,12,0.7,0.6,0.0,normal,D0,1.0,none,textbook_t|fpc|lin|xf,60,1000,0.9007500000000002,0.8807,0.021889290232227965,1.0017446509090115,0.5193931981463692,1.0,0.706249385647918,,,-1,0
24,12,0.7,0.6,0.0,normal,D1,,c_crossfit_design,strat_t,60,1000,0.9006500000000001,0.876,0.008203604188173596,1.0359045365304629,0.337317721441267,0.3963317509710623,0.706249385647918,,,-1,0
24,12,0.7,0.6,0.0,normal,D1,,none,strat_t,60,1000,0.8960500000000002,0.8737,0.007610208082072334,1.0006145312638162,0.3241083895157403,0.3615299782669561,0.706249385647918,,,-1,0
24,12,0.7,0.6,0.0,normal,D2,0.01,c_crossfit_design,textbook_t|fpc|lin,60,1000,0.8994833333333336,0.87025,0.007929380281046302,1.0225112071623466,0.3083994061913193,0.38561997990900215,0.706249385647918,27041.56,100.37251666666667,1185,3
24,12,0.7,0.6,0.0,normal,D2,0.01,c_crossfit_design,textbook_t|fpc|lin|xf,60,1000,0.9092166666666667,0.8797,0.007929380281046302,1.1154125828872423,0.3206596541918056,0.38561997990900215,0.706249385647918,27041.56,100.37251666666667,1185,3
24,12,0.7,0.6,0.0,normal,D2,0.01,none,rej_t,60,1000,0.8985166666666669,0.8759,0.006423559726598335,0.9936946495201134,0.28061396279685086,0.3128467434543306,0.706249385647918,27041.56,100.37251666666667,1185,3
24,12,0.7,0.6,0.0,normal,D2,0.01,none,textbook_t|fpc|lin,60,1000,0.9931,0.9715,0.006423559726598335,3.862795862527332,0.5277580073057024,0.3128467434543306,0.706249385647918,27041.56,100.37251666666667,1185,3
24,12,0.7,0.6,0.0,normal,D2,0.01,none,textbook_t|fpc|lin|xf,60,1000,0.9931,0.9715,0.006423559726598335,3.862795862527332,0.5277580073057024,0.3128467434543306,0.706249385647918,27041.56,100.37251666666667,1185,3
24,12,0.7,0.6,0.0,normal,D2,0.1,c_crossfit_design,textbook_t|fpc|lin,60,1000,0.89715,0.86695,0.007959995418687917,1.0177304540659087,0.30774079379471203,0.38670131984156414,0.706249385647918,270415.60000000003,10.005266666666667,94,0
24,12,0.7,0.6,0.0,normal,D2,0.1,c_crossfit_design,textbook_t|fpc|lin|xf,60,1000,0.9071666666666668,0.88285,0.007959995418687917,1.110142273807544,0.3199460897316109,0.38670131984156414,0.706249385647918,270415.60000000003,10.005266666666667,94,0
24,12,0.7,0.6,0.0,normal,D2,0.1,none,rej_t,60,1000,0.89905,0.8837,0.006503186480641971,0.9949920754993673,0.2823081413654933,0.3157452300268076,0.706249385647918,270415.60000000003,10.005266666666667,94,0
24,12,0.7,0.6,0.0,normal,D2,0.1,none,textbook_t|fpc|lin,60,1000,0.9928666666666665,0.9698,0.006503186480641971,3.8247906246335175,0.5278273238383481,0.3157452300268076,0.706249385647918,270415.60000000003,10.005266666666667,94,0
24,12,0.7,0.6,0.0,normal,D2,0.1,none,textbook_t|fpc|lin|xf,60,1000,0.9928666666666665,0.9698,0.006503186480641971,3.8247906246335175,0.5278273238383481,0.3157452300268076,0.706249385647918,270415.60000000003,10.005266666666667,94,0
24,12,0.7,1.2,0.0,normal,D0,1.0,c_crossfit_design,textbook_t|fpc|lin,60,1000,0.8945999999999998,0.8809,0.030916868693878514,0.9661728850109743,0.6022524627587237,0.39831035063846054,0.7098259078571787,,,-1,0
24,12,0.7,1.2,0.0,normal,D0,1.0,c_crossfit_design,textbook_t|fpc|lin|xf,60,1000,0.8976,0.8819,0.030916868693878514,0.9879381343275951,0.6080658325231585,0.39831035063846054,0.7098259078571787,,,-1,0
24,12,0.7,1.2,0.0,normal,D0,1.0,none,textbook_t|fpc|lin,60,1000,0.8979333333333333,0.879,0.08108282800609325,0.9963261338193526,0.9952234420357258,1.0,0.7098259078571787,,,-1,0
24,12,0.7,1.2,0.0,normal,D0,1.0,none,textbook_t|fpc|lin|xf,60,1000,0.8979333333333333,0.879,0.08108282800609325,0.9963261338193526,0.9952234420357258,1.0,0.7098259078571787,,,-1,0
24,12,0.7,1.2,0.0,normal,D1,,c_crossfit_design,strat_t,60,1000,0.90355,0.8838,0.027703148016247937,1.026246448497306,0.6276088331363853,0.36165753762833247,0.7098259078571787,,,-1,0
24,12,0.7,1.2,0.0,normal,D1,,none,strat_t,60,1000,0.89805,0.8729,0.032099818457525166,1.004041243796201,0.669317417721148,0.4105898846684179,0.7098259078571787,,,-1,0
24,12,0.7,1.2,0.0,normal,D2,0.01,c_crossfit_design,textbook_t|fpc|lin,60,1000,0.9126,0.88385,0.0266842979962939,1.126827673931588,0.6024965993333596,0.3500923849976409,0.7098259078571787,27041.56,100.48491666666666,1140,3
24,12,0.7,1.2,0.0,normal,D2,0.01,c_crossfit_design,textbook_t|fpc|lin|xf,60,1000,0.9149833333333334,0.8895500000000001,0.0266842979962939,1.1513914825963032,0.6083571265740076,0.3500923849976409,0.7098259078571787,27041.56,100.48491666666666,1140,3
24,12,0.7,1.2,0.0,normal,D2,0.01,none,rej_t,60,1000,0.8983666666666669,0.8799,0.025019125148209687,1.0005840879021723,0.5588891046563224,0.32665023446552566,0.7098259078571787,27041.56,100.48491666666666,1140,3
24,12,0.7,1.2,0.0,normal,D2,0.01,none,textbook_t|fpc|lin,60,1000,0.9930833333333332,0.9739,0.025019125148209687,3.5419457126008242,1.0103771356038798,0.32665023446552566,0.7098259078571787,27041.56,100.48491666666666,1140,3
24,12,0.7,1.2,0.0,normal,D2,0.01,none,textbook_t|fpc|lin|xf,60,1000,0.9930833333333332,0.9739,0.025019125148209687,3.5419457126008242,1.0103771356038798,0.32665023446552566,0.7098259078571787,27041.56,100.48491666666666,1140,3
24,12,0.7,1.2,0.0,normal,D2,0.1,c_crossfit_design,textbook_t|fpc|lin,60,1000,0.9116666666666667,0.8829,0.02685237854645759,1.1249159626704497,0.6029136143984959,0.3518153136935106,0.7098259078571787,270415.60000000003,10.048966666666667,130,0
24,12,0.7,1.2,0.0,normal,D2,0.1,c_crossfit_design,textbook_t|fpc|lin|xf,60,1000,0.9140833333333335,0.8849,0.02685237854645759,1.1494455688753262,0.6087798544121364,0.3518153136935106,0.7098259078571787,270415.60000000003,10.048966666666667,130,0
24,12,0.7,1.2,0.0,normal,D2,0.1,none,rej_t,60,1000,0.8988,0.88,0.02550166891839233,0.9978935075484603,0.563115953948084,0.3318780451881034,0.7098259078571787,270415.60000000003,10.048966666666667,130,0
24,12,0.7,1.2,0.0,normal,D2,0.1,none,textbook_t|fpc|lin,60,1000,0.9928333333333332,0.9776,0.02550166891839233,3.4705484222157823,1.010298014717909,0.3318780451881034,0.7098259078571787,270415.60000000003,10.048966666666667,130,0
24,12,0.7,1.2,0.0,normal,D2,0.1,none,textbook_t|fpc|lin|xf,60,1000,0.9928333333333332,0.9776,0.02550166891839233,3.4705484222157823,1.010298014717909,0.3318780451881034,0.7098259078571787,270415.60000000003,10.048966666666667,130,0
24,12,0.9,0.6,0.0,normal,D0,1.0,c_crossfit_design,textbook_t|fpc|lin,60,1000,0.8808166666666666,0.8553,0.0025406359633592937,0.8893429071491226,0.16291535192591403,0.17258002213461723,0.8927683669712008,,,-1,0
24,12,0.9,0.6,0.0,normal,D0,1.0,c_crossfit_design,textbook_t|fpc|lin|xf,60,1000,0.89335,0.86685,0.0025406359633592937,0.9796627286376298,0.1699612489935332,0.17258002213461723,0.8927683669712008,,,-1,0
24,12,0.9,0.6,0.0,normal,D0,1.0,none,textbook_t|fpc|lin,60,1000,0.8986833333333334,0.88435,0.015970847312194367,0.9960681279617504,0.44338773791142355,1.0,0.8927683669712008,,,-1,0
24,12,0.9,0.6,0.0,normal,D0,1.0,none,textbook_t|fpc|lin|xf,60,1000,0.8986833333333334,0.88435,0.015970847312194367,0.9960681279617504,0.44338773791142355,1.0,0.8927683669712008,,,-1,0
24,12,0.9,0.6,0.0,normal,D1,,c_crossfit_design,strat_t,60,1000,0.8982833333333333,0.8688,0.0022105721762429426,1.0121268649468815,0.1733565804039683,0.14942331592794872,0.8927683669712008,,,-1,0
24,12,0.9,0.6,0.0,normal,D1,,none,strat_t,60,1000,0.8897999999999998,0.83175,0.002906631340789669,1.0000251438134413,0.19945504324209604,0.19476999635749678,0.8927683669712008,,,-1,0
24,12,0.9,0.6,0.0,normal,D2,0.01,c_crossfit_design,textbook_t|fpc|lin,60,1000,0.8983833333333332,0.87095,0.0022333959807982837,1.0093127329366485,0.16260540136087323,0.15178054764511936,0.8927683669712008,27041.56,100.33643333333333,1221,3
24,12,0.9,0.6,0.0,normal,D2,0.01,c_crossfit_design,textbook_t|fpc|lin|xf,60,1000,0.9100666666666668,0.891,0.0022333959807982837,1.112719882185935,0.16969727548825594,0.15178054764511936,0.8927683669712008,27041.56,100.33643333333333,1221,3
24,12,0.9,0.6,0.0,normal,D2,0.01,none,rej_t,60,1000,0.9016833333333335,0.878,0.0016920204207692571,0.9989351375381695,0.14513774195031678,0.1143080419971657,0.8927683669712008,27041.56,100.33643333333333,1221,3
24,12,0.9,0.6,0.0,normal,D2,0.01,none,textbook_t|fpc|lin,60,1000,0.9998166666666667,0.999,0.0016920204207692571,11.101674153767792,0.4530050703043647,0.1143080419971657,0.8927683669712008,27041.56,100.33643333333333,1221,3
24,12,0.9,0.6,0.0,normal,D2,0.01,none,textbook_t|fpc|lin|xf,60,1000,0.9998166666666667,0.999,0.0016920204207692571,11.101674153767792,0.4530050703043647,0.1143080419971657,0.8927683669712008,27041.56,100.33643333333333,1221,3
24,12,0.9,0.6,0.0,normal,D2,0.1,c_crossfit_design,textbook_t|fpc|lin,60,1000,0.8982833333333333,0.86795,0.0022273725251517637,1.0135547521897814,0.16244075782218642,0.15120220147727323,0.8927683669712008,270415.60000000003,9.946383333333333,100,0
24,12,0.9,0.6,0.0,normal,D2,0.1,c_crossfit_design,textbook_t|fpc|lin|xf,60,1000,0.9088333333333334,0.88495,0.0022273725251517637,1.1163671823056247,0.16947703765505126,0.15120220147727323,0.8927683669712008,270415.60000000003,9.946383333333333,100,0
24,12,0.9,0.6,0.0,normal,D2,0.1,none,rej_t,60,1000,0.9051166666666669,0.8859,0.0017689062291721441,1.0031296897875628,0.14890890820228184,0.11921778678629837,0.8927683669712008,270415.60000000003,9.946383333333333,100,0
24,12,0.9,0.6,0.0,normal,D2,0.1,none,textbook_t|fpc|lin,60,1000,0.9998,0.99895,0.0017689062291721441,10.491159543767033,0.45283731963293067,0.11921778678629837,0.8927683669712008,270415.60000000003,9.946383333333333,100,0
24,12,0.9,0.6,0.0,normal,D2,0.1,none,textbook_t|fpc|lin|xf,60,1000,0.9998,0.99895,0.0017689062291721441,10.491159543767033,0.45283731963293067,0.11921778678629837,0.8927683669712008,270415.60000000003,9.946383333333333,100,0
24,12,0.9,1.2,0.0,normal,D0,1.0,c_crossfit_design,textbook_t|fpc|lin,60,1000,0.8979666666666667,0.8769,0.009290479177996405,0.990829244781406,0.3354763463498602,0.14222206616958435,0.9041829512162933,,,-1,0
24,12,0.9,1.2,0.0,normal,D0,1.0,c_crossfit_design,textbook_t|fpc|lin|xf,60,1000,0.8994166666666668,0.8789,0.009290479177996405,1.0015977696397527,0.336938850484867,0.14222206616958435,0.9041829512162933,,,-1,0
24,12,0.9,1.2,0.0,normal,D0,1.0,none,textbook_t|fpc|lin,60,1000,0.9013166666666667,0.8829,0.06888468473545184,1.0098634690780668,0.9254593941556046,1.0,0.9041829512162933,,,-1,0
24,12,0.9,1.2,0.0,normal,D0,1.0,none,textbook_t|fpc|lin|xf,60,1000,0.9013166666666667,0.8829,0.06888468473545184,1.0098634690780668,0.9254593941556046,1.0,0.9041829512162933,,,-1,0
24,12,0.9,1.2,0.0,normal,D1,,c_crossfit_design,strat_t,60,1000,0.8977333333333334,0.86175,0.007483727942638545,0.9960708946722518,0.32051646726666266,0.11712221573949012,0.9041829512162933,,,-1,0
24,12,0.9,1.2,0.0,normal,D1,,none,strat_t,60,1000,0.8894333333333333,0.8516,0.012974479238027624,0.993896430803735,0.4180283559431481,0.19380633408015766,0.9041829512162933,,,-1,0
24,12,0.9,1.2,0.0,normal,D2,0.01,c_crossfit_design,textbook_t|fpc|lin,60,1000,0.9353833333333335,0.899,0.007071213430356766,1.3301759762361516,0.3363333334817143,0.11183580582629404,0.9041829512162933,27041.56,99.4655,1123,4
24,12,0.9,1.2,0.0,normal,D2,0.01,c_crossfit_design,textbook_t|fpc|lin|xf,60,1000,0.9363833333333333,0.9029,0.007071213430356766,1.3428132683783893,0.3377607080991631,0.11183580582629404,0.9041829512162933,27041.56,99.4655,1123,4
24,12,0.9,1.2,0.0,normal,D2,0.01,none,rej_t,60,1000,0.8972166666666668,0.87,0.00681109917490956,0.9990826542983291,0.29166375245372067,0.1071714729384201,0.9041829512162933,27041.56,99.4655,1123,4
24,12,0.9,1.2,0.0,normal,D2,0.01,none,textbook_t|fpc|lin,60,1000,0.99995,0.99995,0.00681109917490956,11.306513511692044,0.9431837639174365,0.1071714729384201,0.9041829512162933,27041.56,99.4655,1123,4
24,12,0.9,1.2,0.0,normal,D2,0.01,none,textbook_t|fpc|lin|xf,60,1000,0.99995,0.99995,0.00681109917490956,11.306513511692044,0.9431837639174365,0.1071714729384201,0.9041829512162933,27041.56,99.4655,1123,4
24,12,0.9,1.2,0.0,normal,D2,0.1,c_crossfit_design,textbook_t|fpc|lin,60,1000,0.9319500000000001,0.88295,0.007128621925704176,1.3243976945484235,0.3364688430772937,0.11294615237905904,0.9041829512162933,270415.60000000003,10.0171,112,0
24,12,0.9,1.2,0.0,normal,D2,0.1,c_crossfit_design,textbook_t|fpc|lin|xf,60,1000,0.9330499999999998,0.89075,0.007128621925704176,1.3370659052368898,0.3379013444216384,0.11294615237905904,0.9041829512162933,270415.60000000003,10.0171,112,0
24,12,0.9,1.2,0.0,normal,D2,0.1,none,rej_t,60,1000,0.8998500000000001,0.8769,0.007202507935651458,0.995116693258899,0.29984063231384106,0.11296107580066567,0.9041829512162933,270415.60000000003,10.0171,112,0
24,12,0.9,1.2,0.0,normal,D2,0.1,none,textbook_t|fpc|lin,60,1000,0.9999000000000001,0.999,0.007202507935651458,10.621723449905177,0.9435148928221423,0.11296107580066567,0.9041829512162933,270415.60000000003,10.0171,112,0
24,12,0.9,1.2,0.0,normal,D2,0.1,none,textbook_t|fpc|lin|xf,60,1000,0.9999000000000001,0.999,0.007202507935651458,10.621723449905177,0.9435148928221423,0.11296107580066567,0.9041829512162933,270415.60000000003,10.0171,112,0
