vtag,arm,G,part,regime,budget,cost,n_L,m,estimand,population,target,interval,n_draws,n_genes,emp_var_median,est_var_over_emp_var_median,coverage_median,coverage_mean,coverage_min,width_ratio_median,emp_var_ratio_median,lambda_median,lambda_frac_zero,lambda_se_median,lambda_raw_mean_median,lambda_raw_mean_se_median,estimator,m_median
INDIANA_KIDNEY,resnet50,25,regcomp,A,2400.0,unit,4,600,theta3,donor,design,textbook_t|fpc|lin,200,50,0.0003838482378355719,1.0372172230137022,0.915,0.9134999999999998,0.835,,,0.0,1.0,,,,r4_classical,
INDIANA_KIDNEY,resnet50,25,regcomp,A,2400.0,unit,4,600,theta3,donor,design,textbook_t|fpc|lin|xf,200,50,0.0003838482378355719,1.0372172230137022,0.915,0.9134999999999998,0.835,,,0.0,1.0,,,,r4_classical,
INDIANA_KIDNEY,resnet50,25,regcomp,A,2400.0,unit,4,600,theta3,donor,design,textbook_t|fpc|lin,200,50,0.0003838482378355719,1.0372172230137022,0.915,0.9134999999999998,0.835,,,0.0,1.0,,,,r4_ppi,
INDIANA_KIDNEY,resnet50,25,regcomp,A,2400.0,unit,4,600,theta3,donor,design,textbook_t|fpc|lin|xf,200,50,0.0003838482378355719,1.0372172230137022,0.915,0.9134999999999998,0.835,,,0.0,1.0,,,,r4_ppi,
INDIANA_KIDNEY,resnet50,25,regcomp,A,2400.0,unit,4,600,theta3,donor,design,textbook_t|fpc|lin,200,50,0.00037594893917633726,1.023247453855899,0.91,0.9138000000000001,0.835,,,0.0,1.0,,,,P_classical,
INDIANA_KIDNEY,resnet50,25,regcomp,A,2400.0,unit,4,600,theta3,donor,design,textbook_t|fpc|lin|xf,200,50,0.00037594893917633726,1.023247453855899,0.91,0.9138000000000001,0.835,,,0.0,1.0,,,,P_classical,
INDIANA_KIDNEY,resnet50,25,regcomp,A,2400.0,unit,4,600,theta3,donor,design,textbook_t|fpc|lin,200,50,0.0003762438551633157,1.0152396225794598,0.9125000000000001,0.9111999999999999,0.835,,,0.4400893712326862,0.0246,,,,P_ppi,
INDIANA_KIDNEY,resnet50,25,regcomp,A,2400.0,unit,4,600,theta3,donor,design,textbook_t|fpc|lin|xf,200,50,0.0003762438551633157,1.0152396225794598,0.9125000000000001,0.9111999999999999,0.835,,,0.4400893712326862,0.0246,,,,P_ppi,
INDIANA_KIDNEY,resnet50,25,regcomp,A,2400.0,unit,4,600,theta3,donor,design,textbook_t|fpc|lin,200,50,0.00037842458575875057,1.00403185748885,0.915,0.9129,0.82,,,0.0,1.0,,,,C_classical,
INDIANA_KIDNEY,resnet50,25,regcomp,A,2400.0,unit,4,600,theta3,donor,design,textbook_t|fpc|lin|xf,200,50,0.00037842458575875057,1.00403185748885,0.915,0.9129,0.82,,,0.0,1.0,,,,C_classical,
INDIANA_KIDNEY,resnet50,25,regcomp,A,2400.0,unit,4,600,theta3,donor,design,textbook_t|fpc|lin,200,50,0.0003793597768741568,0.9978833093400297,0.915,0.9127000000000001,0.82,,,0.42751702440788697,0.0247,,,,C_ppi,
INDIANA_KIDNEY,resnet50,25,regcomp,A,2400.0,unit,4,600,theta3,donor,design,textbook_t|fpc|lin|xf,200,50,0.0003793597768741568,0.9978833093400297,0.915,0.9127000000000001,0.82,,,0.42751702440788697,0.0247,,,,C_ppi,
INDIANA_KIDNEY,resnet50,25,regcomp,A,2400.0,unit,4,600,theta2,donor,design,textbook_t|fpc|lin,200,50,0.020719868337211705,0.9178299755959963,0.8625,0.8388,0.665,,,0.0,1.0,,,,r4_classical,
INDIANA_KIDNEY,resnet50,25,regcomp,A,2400.0,unit,4,600,theta2,donor,design,textbook_t|fpc|lin|xf,200,50,0.020719868337211705,0.9178299755959963,0.8625,0.8388,0.665,,,0.0,1.0,,,,r4_classical,
INDIANA_KIDNEY,resnet50,25,regcomp,A,2400.0,unit,4,600,theta2,donor,design,textbook_t|fpc|lin,200,50,0.020719868337211705,0.9178299755959963,0.8625,0.8388,0.665,,,0.0,1.0,,,,r4_ppi,
INDIANA_KIDNEY,resnet50,25,regcomp,A,2400.0,unit,4,600,theta2,donor,design,textbook_t|fpc|lin|xf,200,50,0.020719868337211705,0.9178299755959963,0.8625,0.8388,0.665,,,0.0,1.0,,,,r4_ppi,
INDIANA_KIDNEY,resnet50,25,regcomp,A,2400.0,unit,4,600,theta2,donor,design,textbook_t|fpc|lin,200,50,0.02071986833721176,0.9178299755960002,0.8625,0.8388,0.665,,,0.0,1.0,,,,P_classical,
INDIANA_KIDNEY,resnet50,25,regcomp,A,2400.0,unit,4,600,theta2,donor,design,textbook_t|fpc|lin|xf,200,50,0.02071986833721176,0.9178299755960002,0.8625,0.8388,0.665,,,0.0,1.0,,,,P_classical,
INDIANA_KIDNEY,resnet50,25,regcomp,A,2400.0,unit,4,600,theta2,donor,design,textbook_t|fpc|lin,200,50,0.02071955468212798,0.9166263588117903,0.865,0.8383999999999999,0.665,,,0.3569097073895934,0.237,,,,P_ppi,
INDIANA_KIDNEY,resnet50,25,regcomp,A,2400.0,unit,4,600,theta2,donor,design,textbook_t|fpc|lin|xf,200,50,0.02071955468212798,0.9166263588117903,0.865,0.8383999999999999,0.665,,,0.3569097073895934,0.237,,,,P_ppi,
INDIANA_KIDNEY,resnet50,25,regcomp,A,2400.0,unit,4,600,theta2,donor,design,textbook_t|fpc|lin,200,50,0.0207198683372117,0.9178299755959964,0.8625,0.8388,0.665,,,0.0,1.0,,,,C_classical,
INDIANA_KIDNEY,resnet50,25,regcomp,A,2400.0,unit,4,600,theta2,donor,design,textbook_t|fpc|lin|xf,200,50,0.0207198683372117,0.9178299755959964,0.8625,0.8388,0.665,,,0.0,1.0,,,,C_classical,
INDIANA_KIDNEY,resnet50,25,regcomp,A,2400.0,unit,4,600,theta2,donor,design,textbook_t|fpc|lin,200,50,0.020723436505423357,0.9168820465178142,0.8625,0.8385999999999999,0.665,,,0.296239822205428,0.1029,,,,C_ppi,
INDIANA_KIDNEY,resnet50,25,regcomp,A,2400.0,unit,4,600,theta2,donor,design,textbook_t|fpc|lin|xf,200,50,0.020723436505423357,0.9168820465178142,0.8625,0.8385999999999999,0.665,,,0.296239822205428,0.1029,,,,C_ppi,
INDIANA_KIDNEY,resnet50,25,regcomp,A,2400.0,unit,6,400,theta3,donor,design,textbook_t|fpc|lin,200,50,0.00031806450823825824,0.9185649082300494,0.9,0.9027999999999998,0.845,,,0.0,1.0,,,,r4_classical,
INDIANA_KIDNEY,resnet50,25,regcomp,A,2400.0,unit,6,400,theta3,donor,design,textbook_t|fpc|lin|xf,200,50,0.00031806450823825824,0.9185649082300494,0.9,0.9027999999999998,0.845,,,0.0,1.0,,,,r4_classical,
INDIANA_KIDNEY,resnet50,25,regcomp,A,2400.0,unit,6,400,theta3,donor,design,textbook_t|fpc|lin,200,50,0.0003083460727186698,0.9109130719287595,0.895,0.8961,0.82,,,0.5,0.1316,,,,r4_ppi,
INDIANA_KIDNEY,resnet50,25,regcomp,A,2400.0,unit,6,400,theta3,donor,design,textbook_t|fpc|lin|xf,200,50,0.0003083460727186698,0.9159114417034926,0.895,0.8965000000000001,0.82,,,0.5,0.1316,,,,r4_ppi,
INDIANA_KIDNEY,resnet50,25,regcomp,A,2400.0,unit,6,400,theta3,donor,design,textbook_t|fpc|lin,200,50,0.0002879935471557103,0.9536135231280696,0.915,0.9078,0.825,,,0.0,1.0,,,,P_classical,
INDIANA_KIDNEY,resnet50,25,regcomp,A,2400.0,unit,6,400,theta3,donor,design,textbook_t|fpc|lin|xf,200,50,0.0002879935471557103,0.9536135231280696,0.915,0.9078,0.825,,,0.0,1.0,,,,P_classical,
INDIANA_KIDNEY,resnet50,25,regcomp,A,2400.0,unit,6,400,theta3,donor,design,textbook_t|fpc|lin,200,50,0.00028750381014381915,0.9129939523628979,0.9025000000000001,0.9001999999999998,0.815,,,0.4668868409660285,0.0186,,,,P_ppi,
INDIANA_KIDNEY,resnet50,25,regcomp,A,2400.0,unit,6,400,theta3,donor,design,textbook_t|fpc|lin|xf,200,50,0.00028750381014381915,0.916999833288952,0.905,0.9012999999999998,0.82,,,0.4668868409660285,0.0186,,,,P_ppi,
INDIANA_KIDNEY,resnet50,25,regcomp,A,2400.0,unit,6,400,theta3,donor,design,textbook_t|fpc|lin,200,50,0.00027640098656547785,0.937712859520849,0.91,0.9053999999999999,0.835,,,0.0,1.0,,,,C_classical,
INDIANA_KIDNEY,resnet50,25,regcomp,A,2400.0,unit,6,400,theta3,donor,design,textbook_t|fpc|lin|xf,200,50,0.00027640098656547785,0.937712859520849,0.91,0.9053999999999999,0.835,,,0.0,1.0,,,,C_classical,
INDIANA_KIDNEY,resnet50,25,regcomp,A,2400.0,unit,6,400,theta3,donor,design,textbook_t|fpc|lin,200,50,0.0002756987566323458,0.9375604811639717,0.9,0.8969000000000001,0.815,,,0.43994865400846483,0.0147,,,,C_ppi,
INDIANA_KIDNEY,resnet50,25,regcomp,A,2400.0,unit,6,400,theta3,donor,design,textbook_t|fpc|lin|xf,200,50,0.0002756987566323458,0.9411705265533648,0.9,0.8976999999999999,0.815,,,0.43994865400846483,0.0147,,,,C_ppi,
INDIANA_KIDNEY,resnet50,25,regcomp,A,2400.0,unit,6,400,theta2,donor,design,textbook_t|fpc|lin,200,50,0.014454391081640865,0.9746270595445679,0.89,0.8612000000000001,0.635,,,0.0,1.0,,,,r4_classical,
INDIANA_KIDNEY,resnet50,25,regcomp,A,2400.0,unit,6,400,theta2,donor,design,textbook_t|fpc|lin|xf,200,50,0.014454391081640865,0.9746270595445679,0.89,0.8612000000000001,0.635,,,0.0,1.0,,,,r4_classical,
INDIANA_KIDNEY,resnet50,25,regcomp,A,2400.0,unit,6,400,theta2,donor,design,textbook_t|fpc|lin,200,50,0.014389552240893971,0.9627239695741387,0.885,0.8607,0.635,,,0.0,0.8263,,,,r4_ppi,
INDIANA_KIDNEY,resnet50,25,regcomp,A,2400.0,unit,6,400,theta2,donor,design,textbook_t|fpc|lin|xf,200,50,0.014389552240893971,0.9639621760344141,0.8875,0.8611,0.635,,,0.0,0.8263,,,,r4_ppi,
INDIANA_KIDNEY,resnet50,25,regcomp,A,2400.0,unit,6,400,theta2,donor,design,textbook_t|fpc|lin,200,50,0.014454391081640837,0.9746270595445694,0.89,0.8612000000000001,0.635,,,0.0,1.0,,,,P_classical,
INDIANA_KIDNEY,resnet50,25,regcomp,A,2400.0,unit,6,400,theta2,donor,design,textbook_t|fpc|lin|xf,200,50,0.014454391081640837,0.9746270595445694,0.89,0.8612000000000001,0.635,,,0.0,1.0,,,,P_classical,
INDIANA_KIDNEY,resnet50,25,regcomp,A,2400.0,unit,6,400,theta2,donor,design,textbook_t|fpc|lin,200,50,0.014381227470872341,0.9656668596499609,0.885,0.8604999999999998,0.635,,,0.37836096852492007,0.2784,,,,P_ppi,
INDIANA_KIDNEY,resnet50,25,regcomp,A,2400.0,unit,6,400,theta2,donor,design,textbook_t|fpc|lin|xf,200,50,0.014381227470872341,0.9664152076463937,0.8875,0.861,0.635,,,0.37836096852492007,0.2784,,,,P_ppi,
INDIANA_KIDNEY,resnet50,25,regcomp,A,2400.0,unit,6,400,theta2,donor,design,textbook_t|fpc|lin,200,50,0.014454391081640865,0.9746270595445679,0.89,0.8612000000000001,0.635,,,0.0,1.0,,,,C_classical,
INDIANA_KIDNEY,resnet50,25,regcomp,A,2400.0,unit,6,400,theta2,donor,design,textbook_t|fpc|lin|xf,200,50,0.014454391081640865,0.9746270595445679,0.89,0.8612000000000001,0.635,,,0.0,1.0,,,,C_classical,
INDIANA_KIDNEY,resnet50,25,regcomp,A,2400.0,unit,6,400,theta2,donor,design,textbook_t|fpc|lin,200,50,0.014395213063695391,0.9644815826799938,0.885,0.8606,0.635,,,0.3228248546236302,0.0559,,,,C_ppi,
INDIANA_KIDNEY,resnet50,25,regcomp,A,2400.0,unit,6,400,theta2,donor,design,textbook_t|fpc|lin|xf,200,50,0.014395213063695391,0.9648885445086017,0.885,0.8613,0.635,,,0.3228248546236302,0.0559,,,,C_ppi,
INDIANA_KIDNEY,resnet50,25,regcomp,A,2400.0,unit,8,300,theta3,donor,design,textbook_t|fpc|lin,200,50,0.00024475033185144824,0.9951555907580288,0.915,0.9174,0.865,,,0.0,1.0,,,,r4_classical,
INDIANA_KIDNEY,resnet50,25,regcomp,A,2400.0,unit,8,300,theta3,donor,design,textbook_t|fpc|lin|xf,200,50,0.00024475033185144824,0.9951555907580288,0.915,0.9174,0.865,,,0.0,1.0,,,,r4_classical,
INDIANA_KIDNEY,resnet50,25,regcomp,A,2400.0,unit,8,300,theta3,donor,design,textbook_t|fpc|lin,200,50,0.00024379427724914723,0.9804856200840355,0.9075,0.9088,0.85,,,0.5,0.0855,,,,r4_ppi,
INDIANA_KIDNEY,resnet50,25,regcomp,A,2400.0,unit,8,300,theta3,donor,design,textbook_t|fpc|lin|xf,200,50,0.00024379427724914723,0.9869747637671487,0.91,0.9096,0.855,,,0.5,0.0855,,,,r4_ppi,
INDIANA_KIDNEY,resnet50,25,regcomp,A,2400.0,unit,8,300,theta3,donor,design,textbook_t|fpc|lin,200,50,0.00020790066048602656,1.0265680551749958,0.92,0.9145,0.83,,,0.0,1.0,,,,P_classical,
INDIANA_KIDNEY,resnet50,25,regcomp,A,2400.0,unit,8,300,theta3,donor,design,textbook_t|fpc|lin|xf,200,50,0.00020790066048602656,1.0265680551749958,0.92,0.9145,0.83,,,0.0,1.0,,,,P_classical,
INDIANA_KIDNEY,resnet50,25,regcomp,A,2400.0,unit,8,300,theta3,donor,design,textbook_t|fpc|lin,200,50,0.00022006260523868668,0.9892758531445467,0.91,0.9107,0.855,,,0.486480415838718,0.0147,,,,P_ppi,
INDIANA_KIDNEY,resnet50,25,regcomp,A,2400.0,unit,8,300,theta3,donor,design,textbook_t|fpc|lin|xf,200,50,0.00022006260523868668,0.9977443834092339,0.91,0.9119000000000002,0.855,,,0.486480415838718,0.0147,,,,P_ppi,
INDIANA_KIDNEY,resnet50,25,regcomp,A,2400.0,unit,8,300,theta3,donor,design,textbook_t|fpc|lin,200,50,0.00020009186105992535,1.041088644944668,0.915,0.9119999999999999,0.835,,,0.0,1.0,,,,C_classical,
INDIANA_KIDNEY,resnet50,25,regcomp,A,2400.0,unit,8,300,theta3,donor,design,textbook_t|fpc|lin|xf,200,50,0.00020009186105992535,1.041088644944668,0.915,0.9119999999999999,0.835,,,0.0,1.0,,,,C_classical,
INDIANA_KIDNEY,resnet50,25,regcomp,A,2400.0,unit,8,300,theta3,donor,design,textbook_t|fpc|lin,200,50,0.00021203202629617825,0.9950277196435172,0.91,0.9096999999999998,0.84,,,0.4469686964562634,0.0115,,,,C_ppi,
INDIANA_KIDNEY,resnet50,25,regcomp,A,2400.0,unit,8,300,theta3,donor,design,textbook_t|fpc|lin|xf,200,50,0.00021203202629617825,1.001312626882568,0.9125000000000001,0.9111999999999999,0.84,,,0.4469686964562634,0.0115,,,,C_ppi,
INDIANA_KIDNEY,resnet50,25,regcomp,A,2400.0,unit,8,300,theta2,donor,design,textbook_t|fpc|lin,200,50,0.008244168576836613,0.9791075476138084,0.87,0.8558,0.625,,,0.0,1.0,,,,r4_classical,
INDIANA_KIDNEY,resnet50,25,regcomp,A,2400.0,unit,8,300,theta2,donor,design,textbook_t|fpc|lin|xf,200,50,0.008244168576836613,0.9791075476138084,0.87,0.8558,0.625,,,0.0,1.0,,,,r4_classical,
INDIANA_KIDNEY,resnet50,25,regcomp,A,2400.0,unit,8,300,theta2,donor,design,textbook_t|fpc|lin,200,50,0.009286387336206556,0.9640460037010548,0.87,0.8591000000000001,0.635,,,0.43760736743163176,0.3652,,,,r4_ppi,
INDIANA_KIDNEY,resnet50,25,regcomp,A,2400.0,unit,8,300,theta2,donor,design,textbook_t|fpc|lin|xf,200,50,0.009286387336206556,0.9694957591850282,0.87,0.8604999999999999,0.64,,,0.43760736743163176,0.3652,,,,r4_ppi,
INDIANA_KIDNEY,resnet50,25,regcomp,A,2400.0,unit,8,300,theta2,donor,design,textbook_t|fpc|lin,200,50,0.008244168576836615,0.9791075476138096,0.87,0.8558,0.625,,,0.0,1.0,,,,P_classical,
INDIANA_KIDNEY,resnet50,25,regcomp,A,2400.0,unit,8,300,theta2,donor,design,textbook_t|fpc|lin|xf,200,50,0.008244168576836615,0.9791075476138096,0.87,0.8558,0.625,,,0.0,1.0,,,,P_classical,
INDIANA_KIDNEY,resnet50,25,regcomp,A,2400.0,unit,8,300,theta2,donor,design,textbook_t|fpc|lin,200,50,0.009258091663230914,0.9651816158489939,0.87,0.8589,0.635,,,0.46320117374126957,0.2704,,,,P_ppi,
INDIANA_KIDNEY,resnet50,25,regcomp,A,2400.0,unit,8,300,theta2,donor,design,textbook_t|fpc|lin|xf,200,50,0.009258091663230914,0.9694170121777954,0.8725,0.8606,0.64,,,0.46320117374126957,0.2704,,,,P_ppi,
INDIANA_KIDNEY,resnet50,25,regcomp,A,2400.0,unit,8,300,theta2,donor,design,textbook_t|fpc|lin,200,50,0.008244168576836608,0.9791075476138084,0.87,0.8558,0.625,,,0.0,1.0,,,,C_classical,
INDIANA_KIDNEY,resnet50,25,regcomp,A,2400.0,unit,8,300,theta2,donor,design,textbook_t|fpc|lin|xf,200,50,0.008244168576836608,0.9791075476138084,0.87,0.8558,0.625,,,0.0,1.0,,,,C_classical,
INDIANA_KIDNEY,resnet50,25,regcomp,A,2400.0,unit,8,300,theta2,donor,design,textbook_t|fpc|lin,200,50,0.00926539950337036,0.9655005534895196,0.87,0.8593,0.635,,,0.333990309460411,0.0346,,,,C_ppi,
INDIANA_KIDNEY,resnet50,25,regcomp,A,2400.0,unit,8,300,theta2,donor,design,textbook_t|fpc|lin|xf,200,50,0.00926539950337036,0.9702312553015958,0.87,0.8607,0.635,,,0.333990309460411,0.0346,,,,C_ppi,
INDIANA_KIDNEY,resnet50,25,regcomp,A,2400.0,unit,12,200,theta3,donor,design,textbook_t|fpc|lin,200,50,0.00018382315196973414,1.119473987805717,0.93,0.9320999999999998,0.9,,,0.0,1.0,,,,r4_classical,
INDIANA_KIDNEY,resnet50,25,regcomp,A,2400.0,unit,12,200,theta3,donor,design,textbook_t|fpc|lin|xf,200,50,0.00018382315196973414,1.119473987805717,0.93,0.9320999999999998,0.9,,,0.0,1.0,,,,r4_classical,
INDIANA_KIDNEY,resnet50,25,regcomp,A,2400.0,unit,12,200,theta3,donor,design,textbook_t|fpc|lin,200,50,0.00018086991594617492,1.0410381393094084,0.915,0.9208,0.875,,,0.5600559624998486,0.0353,,,,r4_ppi,
INDIANA_KIDNEY,resnet50,25,regcomp,A,2400.0,unit,12,200,theta3,donor,design,textbook_t|fpc|lin|xf,200,50,0.00018086991594617492,1.0469400546106615,0.9175,0.9222,0.89,,,0.5600559624998486,0.0353,,,,r4_ppi,
INDIANA_KIDNEY,resnet50,25,regcomp,A,2400.0,unit,12,200,theta3,donor,design,textbook_t|fpc|lin,200,50,0.00016502490188191832,1.0502203709846278,0.9225000000000001,0.9186000000000001,0.88,,,0.0,1.0,,,,P_classical,
INDIANA_KIDNEY,resnet50,25,regcomp,A,2400.0,unit,12,200,theta3,donor,design,textbook_t|fpc|lin|xf,200,50,0.00016502490188191832,1.0502203709846278,0.9225000000000001,0.9186000000000001,0.88,,,0.0,1.0,,,,P_classical,
INDIANA_KIDNEY,resnet50,25,regcomp,A,2400.0,unit,12,200,theta3,donor,design,textbook_t|fpc|lin,200,50,0.00016770262373882205,1.0439396636566216,0.9175,0.9165000000000001,0.865,,,0.5,0.009,,,,P_ppi,
INDIANA_KIDNEY,resnet50,25,regcomp,A,2400.0,unit,12,200,theta3,donor,design,textbook_t|fpc|lin|xf,200,50,0.00016770262373882205,1.0550190296937623,0.92,0.9179,0.865,,,0.5,0.009,,,,P_ppi,
INDIANA_KIDNEY,resnet50,25,regcomp,A,2400.0,unit,12,200,theta3,donor,design,textbook_t|fpc|lin,200,50,0.00015336810741143863,1.028764125492129,0.915,0.9141000000000001,0.865,,,0.0,1.0,,,,C_classical,
INDIANA_KIDNEY,resnet50,25,regcomp,A,2400.0,unit,12,200,theta3,donor,design,textbook_t|fpc|lin|xf,200,50,0.00015336810741143863,1.028764125492129,0.915,0.9141000000000001,0.865,,,0.0,1.0,,,,C_classical,
INDIANA_KIDNEY,resnet50,25,regcomp,A,2400.0,unit,12,200,theta3,donor,design,textbook_t|fpc|lin,200,50,0.00016007898376341334,1.0313971460263616,0.91,0.9122999999999999,0.87,,,0.4789983348631573,0.006,,,,C_ppi,
INDIANA_KIDNEY,resnet50,25,regcomp,A,2400.0,unit,12,200,theta3,donor,design,textbook_t|fpc|lin|xf,200,50,0.00016007898376341334,1.0376847203981316,0.915,0.9138999999999998,0.875,,,0.4789983348631573,0.006,,,,C_ppi,
INDIANA_KIDNEY,resnet50,25,regcomp,A,2400.0,unit,12,200,theta2,donor,design,textbook_t|fpc|lin,200,50,0.0042335659081327946,1.01359028909157,0.87,0.8645,0.74,,,0.0,1.0,,,,r4_classical,
INDIANA_KIDNEY,resnet50,25,regcomp,A,2400.0,unit,12,200,theta2,donor,design,textbook_t|fpc|lin|xf,200,50,0.0042335659081327946,1.01359028909157,0.87,0.8645,0.74,,,0.0,1.0,,,,r4_classical,
INDIANA_KIDNEY,resnet50,25,regcomp,A,2400.0,unit,12,200,theta2,donor,design,textbook_t|fpc|lin,200,50,0.004422203758186133,0.9865451208860148,0.88,0.8697,0.745,,,0.5,0.2841,,,,r4_ppi,
INDIANA_KIDNEY,resnet50,25,regcomp,A,2400.0,unit,12,200,theta2,donor,design,textbook_t|fpc|lin|xf,200,50,0.004422203758186133,1.0020645894031806,0.88,0.8729,0.745,,,0.5,0.2841,,,,r4_ppi,
INDIANA_KIDNEY,resnet50,25,regcomp,A,2400.0,unit,12,200,theta2,donor,design,textbook_t|fpc|lin,200,50,0.004233565908132783,1.0135902890915716,0.87,0.8645,0.74,,,0.0,1.0,,,,P_classical,
INDIANA_KIDNEY,resnet50,25,regcomp,A,2400.0,unit,12,200,theta2,donor,design,textbook_t|fpc|lin|xf,200,50,0.004233565908132783,1.0135902890915716,0.87,0.8645,0.74,,,0.0,1.0,,,,P_classical,
INDIANA_KIDNEY,resnet50,25,regcomp,A,2400.0,unit,12,200,theta2,donor,design,textbook_t|fpc|lin,200,50,0.004409000034178314,0.9830397275276231,0.8775,0.8678999999999999,0.75,,,0.5,0.2654,,,,P_ppi,
INDIANA_KIDNEY,resnet50,25,regcomp,A,2400.0,unit,12,200,theta2,donor,design,textbook_t|fpc|lin|xf,200,50,0.004409000034178314,0.9969031347052328,0.8775,0.8711000000000001,0.75,,,0.5,0.2654,,,,P_ppi,
INDIANA_KIDNEY,resnet50,25,regcomp,A,2400.0,unit,12,200,theta2,donor,design,textbook_t|fpc|lin,200,50,0.004233565908132794,1.0135902890915702,0.87,0.8645,0.74,,,0.0,1.0,,,,C_classical,
INDIANA_KIDNEY,resnet50,25,regcomp,A,2400.0,unit,12,200,theta2,donor,design,textbook_t|fpc|lin|xf,200,50,0.004233565908132794,1.0135902890915702,0.87,0.8645,0.74,,,0.0,1.0,,,,C_classical,
INDIANA_KIDNEY,resnet50,25,regcomp,A,2400.0,unit,12,200,theta2,donor,design,textbook_t|fpc|lin,200,50,0.004425160092666376,0.9854260854207644,0.875,0.8677000000000001,0.75,,,0.3539198301124197,0.0212,,,,C_ppi,
INDIANA_KIDNEY,resnet50,25,regcomp,A,2400.0,unit,12,200,theta2,donor,design,textbook_t|fpc|lin|xf,200,50,0.004425160092666376,0.9963812353838997,0.8775,0.8713000000000001,0.755,,,0.3539198301124197,0.0212,,,,C_ppi,
INDIANA_KIDNEY,resnet50,25,regcomp,B,2400.0,unit,25,prop,theta3,donor,design,regB_t,200,50,0.00029351643417282797,0.9494799804266613,0.89,0.8906000000000001,0.855,,,0.0,1.0,,,,r4_classical,51.0
INDIANA_KIDNEY,resnet50,25,regcomp,B,2400.0,unit,25,prop,theta3,donor,design,regB_t,200,50,0.00020506252173283315,0.9660629100374668,0.895,0.8948,0.855,,,0.8617552582736256,0.0,,,,r4_ppi,51.0
INDIANA_KIDNEY,resnet50,25,regcomp,B,2400.0,unit,25,prop,theta3,donor,design,regB_t,200,50,0.00020730460366947428,0.9555759647593971,0.9,0.8954,0.855,,,0.0,1.0,,,,P_classical,51.0
INDIANA_KIDNEY,resnet50,25,regcomp,B,2400.0,unit,25,prop,theta3,donor,design,regB_t,200,50,0.0002077254804037848,0.9761765475030639,0.895,0.8934000000000002,0.855,,,0.4462854560398113,0.0988,,,,P_ppi,51.0
INDIANA_KIDNEY,resnet50,25,regcomp,B,2400.0,unit,25,prop,theta3,donor,design,regB_t,200,50,0.00018675412292256397,0.9650868373869739,0.895,0.8935,0.835,,,0.0,1.0,,,,C_classical,51.0
INDIANA_KIDNEY,resnet50,25,regcomp,B,2400.0,unit,25,prop,theta3,donor,design,regB_t,200,50,0.00018418032040993994,0.9689975340517925,0.89,0.8917,0.835,,,0.41845165499233883,0.0995,,,,C_ppi,51.0
INDIANA_KIDNEY,resnet50,25,regcomp,B,2400.0,unit,25,prop,theta2,donor,design,regB_t,200,50,0.00031812984008437425,1.016473911998193,0.9,0.8972,0.84,,,0.0,1.0,,,,r4_classical,51.0
INDIANA_KIDNEY,resnet50,25,regcomp,B,2400.0,unit,25,prop,theta2,donor,design,regB_t,200,50,0.0003173127755107877,1.0246365922869294,0.91,0.9016999999999998,0.855,,,0.5708543967000972,0.0,,,,r4_ppi,51.0
INDIANA_KIDNEY,resnet50,25,regcomp,B,2400.0,unit,25,prop,theta2,donor,design,regB_t,200,50,0.00031812984008437414,1.0164739119982,0.9,0.8972,0.84,,,0.0,1.0,,,,P_classical,51.0
INDIANA_KIDNEY,resnet50,25,regcomp,B,2400.0,unit,25,prop,theta2,donor,design,regB_t,200,50,0.00031649269397656917,1.03201219230063,0.905,0.9033,0.845,,,0.5,0.1809,,,,P_ppi,51.0
INDIANA_KIDNEY,resnet50,25,regcomp,B,2400.0,unit,25,prop,theta2,donor,design,regB_t,200,50,0.00031812984008437436,1.016473911998193,0.9,0.8972,0.84,,,0.0,1.0,,,,C_classical,51.0
INDIANA_KIDNEY,resnet50,25,regcomp,B,2400.0,unit,25,prop,theta2,donor,design,regB_t,200,50,0.0003171143944978212,1.0195192576893777,0.9,0.8985999999999998,0.835,,,0.35177029652252745,0.0007,,,,C_ppi,51.0
INDIANA_KIDNEY,resnet50,25,regcomp,B,2190.0,cd_cs_10_vs_A_nL4_B2400,25,prop,theta3,donor,design,regB_t,200,50,0.00032903880912558633,0.9773322104927893,0.895,0.8961,0.83,,,0.0,1.0,,,,r4_classical,47.0
INDIANA_KIDNEY,resnet50,25,regcomp,B,2190.0,cd_cs_10_vs_A_nL4_B2400,25,prop,theta3,donor,design,regB_t,200,50,0.0002104403934146782,1.0282963394309208,0.905,0.9022000000000001,0.855,,,0.864553063705782,0.0,,,,r4_ppi,47.0
INDIANA_KIDNEY,resnet50,25,regcomp,B,2190.0,cd_cs_10_vs_A_nL4_B2400,25,prop,theta3,donor,design,regB_t,200,50,0.00021686710055456897,0.9923357342932999,0.895,0.8989,0.85,,,0.0,1.0,,,,P_classical,47.0
INDIANA_KIDNEY,resnet50,25,regcomp,B,2190.0,cd_cs_10_vs_A_nL4_B2400,25,prop,theta3,donor,design,regB_t,200,50,0.00021347413425697165,1.0083011973440863,0.9,0.9025,0.855,,,0.45091592469154196,0.1064,,,,P_ppi,47.0
INDIANA_KIDNEY,resnet50,25,regcomp,B,2190.0,cd_cs_10_vs_A_nL4_B2400,25,prop,theta3,donor,design,regB_t,200,50,0.00019042865954248603,1.0461196077989976,0.905,0.9043000000000001,0.865,,,0.0,1.0,,,,C_classical,47.0
INDIANA_KIDNEY,resnet50,25,regcomp,B,2190.0,cd_cs_10_vs_A_nL4_B2400,25,prop,theta3,donor,design,regB_t,200,50,0.00018656671473423617,1.0548761606029746,0.905,0.9073,0.86,,,0.4104505319980805,0.1093,,,,C_ppi,47.0
INDIANA_KIDNEY,resnet50,25,regcomp,B,2190.0,cd_cs_10_vs_A_nL4_B2400,25,prop,theta2,donor,design,regB_t,200,50,0.00033800577080585453,1.0471026947076019,0.905,0.9033,0.855,,,0.0,1.0,,,,r4_classical,47.0
INDIANA_KIDNEY,resnet50,25,regcomp,B,2190.0,cd_cs_10_vs_A_nL4_B2400,25,prop,theta2,donor,design,regB_t,200,50,0.00033896020204167166,1.032625708169294,0.905,0.9020999999999999,0.85,,,0.5808189984226635,0.0,,,,r4_ppi,47.0
INDIANA_KIDNEY,resnet50,25,regcomp,B,2190.0,cd_cs_10_vs_A_nL4_B2400,25,prop,theta2,donor,design,regB_t,200,50,0.00033800577080585344,1.047102694707599,0.905,0.9033,0.855,,,0.0,1.0,,,,P_classical,47.0
INDIANA_KIDNEY,resnet50,25,regcomp,B,2190.0,cd_cs_10_vs_A_nL4_B2400,25,prop,theta2,donor,design,regB_t,200,50,0.000337000273649654,1.0358483805950205,0.905,0.9024,0.865,,,0.5,0.1745,,,,P_ppi,47.0
INDIANA_KIDNEY,resnet50,25,regcomp,B,2190.0,cd_cs_10_vs_A_nL4_B2400,25,prop,theta2,donor,design,regB_t,200,50,0.00033800577080585464,1.0471026947076019,0.905,0.9033,0.855,,,0.0,1.0,,,,C_classical,47.0
INDIANA_KIDNEY,resnet50,25,regcomp,B,2190.0,cd_cs_10_vs_A_nL4_B2400,25,prop,theta2,donor,design,regB_t,200,50,0.00033430253201372395,1.0327047574566381,0.905,0.9025000000000002,0.86,,,0.3542222299391117,0.0007,,,,C_ppi,47.0
INDIANA_KIDNEY,resnet50,25,regcomp,B,2210.0,cd_cs_10_vs_A_nL6_B2400,25,prop,theta3,donor,design,regB_t,200,50,0.000328974677795694,0.9009168429352916,0.885,0.8821000000000001,0.845,,,0.0,1.0,,,,r4_classical,47.0
INDIANA_KIDNEY,resnet50,25,regcomp,B,2210.0,cd_cs_10_vs_A_nL6_B2400,25,prop,theta3,donor,design,regB_t,200,50,0.00021783388561527628,0.979930400890866,0.895,0.8944000000000001,0.835,,,0.865205231697342,0.0,,,,r4_ppi,47.0
INDIANA_KIDNEY,resnet50,25,regcomp,B,2210.0,cd_cs_10_vs_A_nL6_B2400,25,prop,theta3,donor,design,regB_t,200,50,0.000222895633233406,0.9792853412875266,0.895,0.8937,0.845,,,0.0,1.0,,,,P_classical,47.0
INDIANA_KIDNEY,resnet50,25,regcomp,B,2210.0,cd_cs_10_vs_A_nL6_B2400,25,prop,theta3,donor,design,regB_t,200,50,0.00021396851312537236,0.9796620164860914,0.8975,0.8957999999999999,0.84,,,0.4436766107190899,0.1022,,,,P_ppi,47.0
INDIANA_KIDNEY,resnet50,25,regcomp,B,2210.0,cd_cs_10_vs_A_nL6_B2400,25,prop,theta3,donor,design,regB_t,200,50,0.00018913641594426445,1.0038794526936816,0.9,0.8977,0.825,,,0.0,1.0,,,,C_classical,47.0
INDIANA_KIDNEY,resnet50,25,regcomp,B,2210.0,cd_cs_10_vs_A_nL6_B2400,25,prop,theta3,donor,design,regB_t,200,50,0.0001834983122104085,1.0145835882003889,0.9,0.8970999999999999,0.845,,,0.4140837983715847,0.107,,,,C_ppi,47.0
INDIANA_KIDNEY,resnet50,25,regcomp,B,2210.0,cd_cs_10_vs_A_nL6_B2400,25,prop,theta2,donor,design,regB_t,200,50,0.0003466030659571791,0.9979093817569572,0.8975,0.8961,0.84,,,0.0,1.0,,,,r4_classical,47.0
INDIANA_KIDNEY,resnet50,25,regcomp,B,2210.0,cd_cs_10_vs_A_nL6_B2400,25,prop,theta2,donor,design,regB_t,200,50,0.0003461462899091869,1.0112255522350897,0.895,0.8943000000000001,0.82,,,0.5730679394164837,0.0,,,,r4_ppi,47.0
INDIANA_KIDNEY,resnet50,25,regcomp,B,2210.0,cd_cs_10_vs_A_nL6_B2400,25,prop,theta2,donor,design,regB_t,200,50,0.0003466030659571776,0.997909381756964,0.8975,0.8961,0.84,,,0.0,1.0,,,,P_classical,47.0
INDIANA_KIDNEY,resnet50,25,regcomp,B,2210.0,cd_cs_10_vs_A_nL6_B2400,25,prop,theta2,donor,design,regB_t,200,50,0.0003449802335601328,1.0180783011327004,0.895,0.8946999999999999,0.82,,,0.5,0.1768,,,,P_ppi,47.0
INDIANA_KIDNEY,resnet50,25,regcomp,B,2210.0,cd_cs_10_vs_A_nL6_B2400,25,prop,theta2,donor,design,regB_t,200,50,0.0003466030659571791,0.9979093817569575,0.8975,0.8961,0.84,,,0.0,1.0,,,,C_classical,47.0
INDIANA_KIDNEY,resnet50,25,regcomp,B,2210.0,cd_cs_10_vs_A_nL6_B2400,25,prop,theta2,donor,design,regB_t,200,50,0.0003449032107176423,1.011733938681873,0.8975,0.8960999999999999,0.85,,,0.3539769429187195,0.0006,,,,C_ppi,47.0
INDIANA_KIDNEY,resnet50,25,regcomp,B,2230.0,cd_cs_10_vs_A_nL8_B2400,25,prop,theta3,donor,design,regB_t,200,50,0.00030204967441599406,0.9975847982392354,0.8925000000000001,0.8945000000000001,0.845,,,0.0,1.0,,,,r4_classical,48.0
INDIANA_KIDNEY,resnet50,25,regcomp,B,2230.0,cd_cs_10_vs_A_nL8_B2400,25,prop,theta3,donor,design,regB_t,200,50,0.000213107556210318,1.0001697248777406,0.9,0.8987,0.855,,,0.8656619874727169,0.0,,,,r4_ppi,48.0
INDIANA_KIDNEY,resnet50,25,regcomp,B,2230.0,cd_cs_10_vs_A_nL8_B2400,25,prop,theta3,donor,design,regB_t,200,50,0.0002185217887929525,0.9908360507343033,0.8925000000000001,0.8942,0.84,,,0.0,1.0,,,,P_classical,48.0
INDIANA_KIDNEY,resnet50,25,regcomp,B,2230.0,cd_cs_10_vs_A_nL8_B2400,25,prop,theta3,donor,design,regB_t,200,50,0.00021263809578819155,0.9946641291244365,0.895,0.8964,0.855,,,0.436149988680697,0.1051,,,,P_ppi,48.0
INDIANA_KIDNEY,resnet50,25,regcomp,B,2230.0,cd_cs_10_vs_A_nL8_B2400,25,prop,theta3,donor,design,regB_t,200,50,0.00018992423209113156,1.0016734525982296,0.895,0.8987,0.85,,,0.0,1.0,,,,C_classical,48.0
INDIANA_KIDNEY,resnet50,25,regcomp,B,2230.0,cd_cs_10_vs_A_nL8_B2400,25,prop,theta3,donor,design,regB_t,200,50,0.00018401290794391935,1.0040147568612434,0.895,0.8981,0.87,,,0.4040160916022023,0.1101,,,,C_ppi,48.0
INDIANA_KIDNEY,resnet50,25,regcomp,B,2230.0,cd_cs_10_vs_A_nL8_B2400,25,prop,theta2,donor,design,regB_t,200,50,0.0003187928540936344,1.0195306454033846,0.905,0.9041,0.855,,,0.0,1.0,,,,r4_classical,48.0
INDIANA_KIDNEY,resnet50,25,regcomp,B,2230.0,cd_cs_10_vs_A_nL8_B2400,25,prop,theta2,donor,design,regB_t,200,50,0.00032030505439910735,1.0304731600148695,0.905,0.9032000000000001,0.845,,,0.5709990510245005,0.0,,,,r4_ppi,48.0
INDIANA_KIDNEY,resnet50,25,regcomp,B,2230.0,cd_cs_10_vs_A_nL8_B2400,25,prop,theta2,donor,design,regB_t,200,50,0.0003187928540936338,1.019530645403384,0.905,0.9041,0.855,,,0.0,1.0,,,,P_classical,48.0
INDIANA_KIDNEY,resnet50,25,regcomp,B,2230.0,cd_cs_10_vs_A_nL8_B2400,25,prop,theta2,donor,design,regB_t,200,50,0.00032163778300940005,1.0295790773880564,0.9075,0.9064,0.86,,,0.5,0.178,,,,P_ppi,48.0
INDIANA_KIDNEY,resnet50,25,regcomp,B,2230.0,cd_cs_10_vs_A_nL8_B2400,25,prop,theta2,donor,design,regB_t,200,50,0.0003187928540936344,1.0195306454033843,0.905,0.9041,0.855,,,0.0,1.0,,,,C_classical,48.0
INDIANA_KIDNEY,resnet50,25,regcomp,B,2230.0,cd_cs_10_vs_A_nL8_B2400,25,prop,theta2,donor,design,regB_t,200,50,0.00031255548331901334,1.033181799667835,0.905,0.9042999999999999,0.84,,,0.35693576818199463,0.001,,,,C_ppi,48.0
INDIANA_KIDNEY,resnet50,25,regcomp,B,2270.0,cd_cs_10_vs_A_nL12_B2400,25,prop,theta3,donor,design,regB_t,200,50,0.00031233849758112876,0.9626748176774291,0.89,0.8925000000000002,0.855,,,0.0,1.0,,,,r4_classical,49.0
INDIANA_KIDNEY,resnet50,25,regcomp,B,2270.0,cd_cs_10_vs_A_nL12_B2400,25,prop,theta3,donor,design,regB_t,200,50,0.000207526949621156,0.9990611210841142,0.895,0.8941000000000001,0.835,,,0.8671845675812959,0.0,,,,r4_ppi,49.0
INDIANA_KIDNEY,resnet50,25,regcomp,B,2270.0,cd_cs_10_vs_A_nL12_B2400,25,prop,theta3,donor,design,regB_t,200,50,0.0002119090944838886,1.0067447776257294,0.895,0.8935,0.84,,,0.0,1.0,,,,P_classical,49.0
INDIANA_KIDNEY,resnet50,25,regcomp,B,2270.0,cd_cs_10_vs_A_nL12_B2400,25,prop,theta3,donor,design,regB_t,200,50,0.00020779100831106018,1.0124225796357105,0.895,0.8941000000000001,0.845,,,0.4399997592198266,0.1055,,,,P_ppi,49.0
INDIANA_KIDNEY,resnet50,25,regcomp,B,2270.0,cd_cs_10_vs_A_nL12_B2400,25,prop,theta3,donor,design,regB_t,200,50,0.0001861441911174763,1.03460025847434,0.9,0.8986,0.855,,,0.0,1.0,,,,C_classical,49.0
INDIANA_KIDNEY,resnet50,25,regcomp,B,2270.0,cd_cs_10_vs_A_nL12_B2400,25,prop,theta3,donor,design,regB_t,200,50,0.00018097129368333445,1.0334672839391832,0.9,0.8995000000000001,0.855,,,0.4092903061435604,0.1048,,,,C_ppi,49.0
INDIANA_KIDNEY,resnet50,25,regcomp,B,2270.0,cd_cs_10_vs_A_nL12_B2400,25,prop,theta2,donor,design,regB_t,200,50,0.00032246717341997874,0.9980306673361835,0.905,0.8991,0.845,,,0.0,1.0,,,,r4_classical,49.0
INDIANA_KIDNEY,resnet50,25,regcomp,B,2270.0,cd_cs_10_vs_A_nL12_B2400,25,prop,theta2,donor,design,regB_t,200,50,0.00032361935708870803,0.9906628189087585,0.9,0.8994000000000001,0.85,,,0.5721881131866662,0.0,,,,r4_ppi,49.0
INDIANA_KIDNEY,resnet50,25,regcomp,B,2270.0,cd_cs_10_vs_A_nL12_B2400,25,prop,theta2,donor,design,regB_t,200,50,0.0003224671734199776,0.9980306673361838,0.905,0.8991,0.845,,,0.0,1.0,,,,P_classical,49.0
INDIANA_KIDNEY,resnet50,25,regcomp,B,2270.0,cd_cs_10_vs_A_nL12_B2400,25,prop,theta2,donor,design,regB_t,200,50,0.0003225031690861806,0.9754333375377879,0.8975,0.8970999999999998,0.835,,,0.5,0.1759,,,,P_ppi,49.0
INDIANA_KIDNEY,resnet50,25,regcomp,B,2270.0,cd_cs_10_vs_A_nL12_B2400,25,prop,theta2,donor,design,regB_t,200,50,0.00032246717341997884,0.9980306673361831,0.905,0.8991,0.845,,,0.0,1.0,,,,C_classical,49.0
INDIANA_KIDNEY,resnet50,25,regcomp,B,2270.0,cd_cs_10_vs_A_nL12_B2400,25,prop,theta2,donor,design,regB_t,200,50,0.000319584434939952,0.9944458358662704,0.905,0.9003999999999999,0.84,,,0.35207007069971774,0.0006,,,,C_ppi,49.0
INDIANA_KIDNEY,resnet50,25,regcomp,B,300.0,cd_cs_100_vs_A_nL4_B2400,25,prop,theta3,donor,design,regB_t,200,50,0.002475252164716083,0.9787201740465894,0.8925000000000001,0.8928999999999999,0.845,,,0.0,1.0,,,,r4_classical,6.0
INDIANA_KIDNEY,resnet50,25,regcomp,B,300.0,cd_cs_100_vs_A_nL4_B2400,25,prop,theta3,donor,design,regB_t,200,50,0.0017863900379219216,0.9955493401369983,0.89,0.8905,0.845,,,0.8407773036411123,0.0,,,,r4_ppi,6.0
INDIANA_KIDNEY,resnet50,25,regcomp,B,300.0,cd_cs_100_vs_A_nL4_B2400,25,prop,theta3,donor,design,regB_t,200,50,0.0017899143296380854,1.0136562508156914,0.89,0.8920999999999999,0.855,,,0.0,1.0,,,,P_classical,6.0
INDIANA_KIDNEY,resnet50,25,regcomp,B,300.0,cd_cs_100_vs_A_nL4_B2400,25,prop,theta3,donor,design,regB_t,200,50,0.0017890648077340697,1.0008719773676125,0.89,0.8908,0.845,,,0.4310139168806947,0.2195,,,,P_ppi,6.0
INDIANA_KIDNEY,resnet50,25,regcomp,B,300.0,cd_cs_100_vs_A_nL4_B2400,25,prop,theta3,donor,design,regB_t,200,50,0.0019117882159968725,1.016124370595715,0.885,0.8872,0.855,,,0.0,1.0,,,,C_classical,6.0
INDIANA_KIDNEY,resnet50,25,regcomp,B,300.0,cd_cs_100_vs_A_nL4_B2400,25,prop,theta3,donor,design,regB_t,200,50,0.0019303738061191753,1.0109224746034946,0.885,0.8859,0.84,,,0.39577567195988594,0.2611,,,,C_ppi,6.0
INDIANA_KIDNEY,resnet50,25,regcomp,B,300.0,cd_cs_100_vs_A_nL4_B2400,25,prop,theta2,donor,design,regB_t,200,50,0.00398293559043257,1.016223857661109,0.895,0.8916,0.84,,,0.0,1.0,,,,r4_classical,6.0
INDIANA_KIDNEY,resnet50,25,regcomp,B,300.0,cd_cs_100_vs_A_nL4_B2400,25,prop,theta2,donor,design,regB_t,200,50,0.003999523829580673,1.0218688968906673,0.895,0.8937,0.84,,,0.5506153941581343,0.0,,,,r4_ppi,6.0
INDIANA_KIDNEY,resnet50,25,regcomp,B,300.0,cd_cs_100_vs_A_nL4_B2400,25,prop,theta2,donor,design,regB_t,200,50,0.00398293559043257,1.016223857661108,0.895,0.8916,0.84,,,0.0,1.0,,,,P_classical,6.0
INDIANA_KIDNEY,resnet50,25,regcomp,B,300.0,cd_cs_100_vs_A_nL4_B2400,25,prop,theta2,donor,design,regB_t,200,50,0.00399661776576696,1.0083625748685914,0.89,0.8909999999999999,0.83,,,0.5,0.1871,,,,P_ppi,6.0
INDIANA_KIDNEY,resnet50,25,regcomp,B,300.0,cd_cs_100_vs_A_nL4_B2400,25,prop,theta2,donor,design,regB_t,200,50,0.003982935590432571,1.016223857661109,0.895,0.8917,0.84,,,0.0,1.0,,,,C_classical,6.0
INDIANA_KIDNEY,resnet50,25,regcomp,B,300.0,cd_cs_100_vs_A_nL4_B2400,25,prop,theta2,donor,design,regB_t,200,50,0.003957738508996691,1.017902396400737,0.895,0.8936999999999999,0.825,,,0.3689924243797702,0.0332,,,,C_ppi,6.0
INDIANA_KIDNEY,resnet50,25,regcomp,B,500.0,cd_cs_100_vs_A_nL6_B2400,25,prop,theta3,donor,design,regB_t,200,50,0.001396380372217013,1.0899127095566246,0.91,0.9063,0.865,,,0.0,1.0,,,,r4_classical,11.0
INDIANA_KIDNEY,resnet50,25,regcomp,B,500.0,cd_cs_100_vs_A_nL6_B2400,25,prop,theta3,donor,design,regB_t,200,50,0.000998345628188077,1.0482503441104294,0.905,0.9015000000000001,0.855,,,0.856002269911009,0.0,,,,r4_ppi,11.0
INDIANA_KIDNEY,resnet50,25,regcomp,B,500.0,cd_cs_100_vs_A_nL6_B2400,25,prop,theta3,donor,design,regB_t,200,50,0.0009761970179620414,1.0404675402890882,0.895,0.9003999999999999,0.85,,,0.0,1.0,,,,P_classical,11.0
INDIANA_KIDNEY,resnet50,25,regcomp,B,500.0,cd_cs_100_vs_A_nL6_B2400,25,prop,theta3,donor,design,regB_t,200,50,0.0009887043657707895,1.0371707038730067,0.9,0.9003999999999999,0.84,,,0.43815014053615897,0.1862,,,,P_ppi,11.0
INDIANA_KIDNEY,resnet50,25,regcomp,B,500.0,cd_cs_100_vs_A_nL6_B2400,25,prop,theta3,donor,design,regB_t,200,50,0.0010183017596323224,1.023872842341391,0.9,0.8994,0.835,,,0.0,1.0,,,,C_classical,11.0
INDIANA_KIDNEY,resnet50,25,regcomp,B,500.0,cd_cs_100_vs_A_nL6_B2400,25,prop,theta3,donor,design,regB_t,200,50,0.0010126161274130515,1.0169500297996132,0.9,0.8980999999999999,0.845,,,0.4050238373736502,0.2269,,,,C_ppi,11.0
INDIANA_KIDNEY,resnet50,25,regcomp,B,500.0,cd_cs_100_vs_A_nL6_B2400,25,prop,theta2,donor,design,regB_t,200,50,0.0022117571104070576,1.0343765760134511,0.8925000000000001,0.8925,0.855,,,0.0,1.0,,,,r4_classical,11.0
INDIANA_KIDNEY,resnet50,25,regcomp,B,500.0,cd_cs_100_vs_A_nL6_B2400,25,prop,theta2,donor,design,regB_t,200,50,0.002263390096413681,1.0299939339730688,0.895,0.8973000000000002,0.845,,,0.5589791537102748,0.0,,,,r4_ppi,11.0
INDIANA_KIDNEY,resnet50,25,regcomp,B,500.0,cd_cs_100_vs_A_nL6_B2400,25,prop,theta2,donor,design,regB_t,200,50,0.0022117571104070576,1.0343765760134507,0.8925000000000001,0.8925,0.855,,,0.0,1.0,,,,P_classical,11.0
INDIANA_KIDNEY,resnet50,25,regcomp,B,500.0,cd_cs_100_vs_A_nL6_B2400,25,prop,theta2,donor,design,regB_t,200,50,0.002262052649526311,1.0303506826609028,0.89,0.8930000000000001,0.84,,,0.5,0.1796,,,,P_ppi,11.0
INDIANA_KIDNEY,resnet50,25,regcomp,B,500.0,cd_cs_100_vs_A_nL6_B2400,25,prop,theta2,donor,design,regB_t,200,50,0.0022117571104070576,1.0343765760134511,0.8925000000000001,0.8925,0.855,,,0.0,1.0,,,,C_classical,11.0
INDIANA_KIDNEY,resnet50,25,regcomp,B,500.0,cd_cs_100_vs_A_nL6_B2400,25,prop,theta2,donor,design,regB_t,200,50,0.002210511209061368,1.0265020069413544,0.895,0.8939999999999999,0.845,,,0.36113812260074074,0.0146,,,,C_ppi,11.0
INDIANA_KIDNEY,resnet50,25,regcomp,B,700.0,cd_cs_100_vs_A_nL8_B2400,25,prop,theta3,donor,design,regB_t,200,50,0.0010887339527531515,0.998400463542044,0.8975,0.8984000000000002,0.86,,,0.0,1.0,,,,r4_classical,15.0
INDIANA_KIDNEY,resnet50,25,regcomp,B,700.0,cd_cs_100_vs_A_nL8_B2400,25,prop,theta3,donor,design,regB_t,200,50,0.0007518813577992575,1.0272141509606558,0.9,0.9013000000000001,0.845,,,0.8592557955473985,0.0,,,,r4_ppi,15.0
INDIANA_KIDNEY,resnet50,25,regcomp,B,700.0,cd_cs_100_vs_A_nL8_B2400,25,prop,theta3,donor,design,regB_t,200,50,0.0007614286507615133,1.0018557053286332,0.9,0.8992999999999999,0.83,,,0.0,1.0,,,,P_classical,15.0
INDIANA_KIDNEY,resnet50,25,regcomp,B,700.0,cd_cs_100_vs_A_nL8_B2400,25,prop,theta3,donor,design,regB_t,200,50,0.0007540524915113744,0.9979114395795723,0.9,0.8991,0.84,,,0.44977060360954224,0.1584,,,,P_ppi,15.0
INDIANA_KIDNEY,resnet50,25,regcomp,B,700.0,cd_cs_100_vs_A_nL8_B2400,25,prop,theta3,donor,design,regB_t,200,50,0.0007408048366103637,0.9980872406994525,0.8975,0.8974000000000001,0.85,,,0.0,1.0,,,,C_classical,15.0
INDIANA_KIDNEY,resnet50,25,regcomp,B,700.0,cd_cs_100_vs_A_nL8_B2400,25,prop,theta3,donor,design,regB_t,200,50,0.0007245914410382174,1.0147929779807763,0.9,0.9007999999999999,0.85,,,0.4115228788035431,0.1891,,,,C_ppi,15.0
INDIANA_KIDNEY,resnet50,25,regcomp,B,700.0,cd_cs_100_vs_A_nL8_B2400,25,prop,theta2,donor,design,regB_t,200,50,0.0014273105337781603,1.0137077197075968,0.8975,0.8977,0.85,,,0.0,1.0,,,,r4_classical,15.0
INDIANA_KIDNEY,resnet50,25,regcomp,B,700.0,cd_cs_100_vs_A_nL8_B2400,25,prop,theta2,donor,design,regB_t,200,50,0.001426309517206249,1.031374600056682,0.9,0.9007999999999999,0.84,,,0.5616007848359665,0.0,,,,r4_ppi,15.0
INDIANA_KIDNEY,resnet50,25,regcomp,B,700.0,cd_cs_100_vs_A_nL8_B2400,25,prop,theta2,donor,design,regB_t,200,50,0.0014273105337781603,1.0137077197075968,0.8975,0.8977,0.85,,,0.0,1.0,,,,P_classical,15.0
INDIANA_KIDNEY,resnet50,25,regcomp,B,700.0,cd_cs_100_vs_A_nL8_B2400,25,prop,theta2,donor,design,regB_t,200,50,0.0014421650783992648,1.0083168365522917,0.9,0.9003000000000001,0.845,,,0.5,0.1822,,,,P_ppi,15.0
INDIANA_KIDNEY,resnet50,25,regcomp,B,700.0,cd_cs_100_vs_A_nL8_B2400,25,prop,theta2,donor,design,regB_t,200,50,0.00142731053377816,1.0137077197075972,0.8975,0.8977,0.85,,,0.0,1.0,,,,C_classical,15.0
INDIANA_KIDNEY,resnet50,25,regcomp,B,700.0,cd_cs_100_vs_A_nL8_B2400,25,prop,theta2,donor,design,regB_t,200,50,0.0014518719098310406,1.0221846710839513,0.9,0.8992,0.84,,,0.3572606786688589,0.0088,,,,C_ppi,15.0
INDIANA_KIDNEY,resnet50,25,regcomp,B,1100.0,cd_cs_100_vs_A_nL12_B2400,25,prop,theta3,donor,design,regB_t,200,50,0.0006353661376355899,1.032735761396157,0.9,0.9007000000000001,0.845,,,0.0,1.0,,,,r4_classical,24.0
INDIANA_KIDNEY,resnet50,25,regcomp,B,1100.0,cd_cs_100_vs_A_nL12_B2400,25,prop,theta3,donor,design,regB_t,200,50,0.00044988918975047984,1.0227195041949981,0.9025000000000001,0.8999000000000001,0.865,,,0.857955595840933,0.0,,,,r4_ppi,24.0
INDIANA_KIDNEY,resnet50,25,regcomp,B,1100.0,cd_cs_100_vs_A_nL12_B2400,25,prop,theta3,donor,design,regB_t,200,50,0.0004551992277997153,1.03626272936193,0.905,0.9026000000000001,0.855,,,0.0,1.0,,,,P_classical,24.0
INDIANA_KIDNEY,resnet50,25,regcomp,B,1100.0,cd_cs_100_vs_A_nL12_B2400,25,prop,theta3,donor,design,regB_t,200,50,0.0004468658400584301,1.0193659559524249,0.9,0.9013,0.87,,,0.4375889075119621,0.1444,,,,P_ppi,24.0
INDIANA_KIDNEY,resnet50,25,regcomp,B,1100.0,cd_cs_100_vs_A_nL12_B2400,25,prop,theta3,donor,design,regB_t,200,50,0.0004132216757233635,0.9994854064093002,0.9,0.898,0.855,,,0.0,1.0,,,,C_classical,24.0
INDIANA_KIDNEY,resnet50,25,regcomp,B,1100.0,cd_cs_100_vs_A_nL12_B2400,25,prop,theta3,donor,design,regB_t,200,50,0.0004069178373586537,1.0029029851397497,0.9,0.8981,0.85,,,0.4204983360303439,0.1558,,,,C_ppi,24.0
INDIANA_KIDNEY,resnet50,25,regcomp,B,1100.0,cd_cs_100_vs_A_nL12_B2400,25,prop,theta2,donor,design,regB_t,200,50,0.0008187985091803717,1.0263391454691333,0.9025000000000001,0.9018000000000002,0.84,,,0.0,1.0,,,,r4_classical,24.0
INDIANA_KIDNEY,resnet50,25,regcomp,B,1100.0,cd_cs_100_vs_A_nL12_B2400,25,prop,theta2,donor,design,regB_t,200,50,0.0008289288483356269,1.0399298038082763,0.9025000000000001,0.8996000000000001,0.84,,,0.5678534860481996,0.0,,,,r4_ppi,24.0
INDIANA_KIDNEY,resnet50,25,regcomp,B,1100.0,cd_cs_100_vs_A_nL12_B2400,25,prop,theta2,donor,design,regB_t,200,50,0.0008187985091803711,1.0263391454691355,0.9025000000000001,0.9018000000000002,0.84,,,0.0,1.0,,,,P_classical,24.0
INDIANA_KIDNEY,resnet50,25,regcomp,B,1100.0,cd_cs_100_vs_A_nL12_B2400,25,prop,theta2,donor,design,regB_t,200,50,0.0008220605856121539,1.0302609310515982,0.9,0.8970999999999999,0.83,,,0.5,0.1813,,,,P_ppi,24.0
INDIANA_KIDNEY,resnet50,25,regcomp,B,1100.0,cd_cs_100_vs_A_nL12_B2400,25,prop,theta2,donor,design,regB_t,200,50,0.0008187985091803716,1.0263391454691335,0.9025000000000001,0.9019000000000001,0.84,,,0.0,1.0,,,,C_classical,24.0
INDIANA_KIDNEY,resnet50,25,regcomp,B,1100.0,cd_cs_100_vs_A_nL12_B2400,25,prop,theta2,donor,design,regB_t,200,50,0.0008201087439266349,1.0391267156774757,0.9,0.9000999999999999,0.85,,,0.3556022172529118,0.0039,,,,C_ppi,24.0
INDIANA_KIDNEY,resnet50,25,regcomp,A,4800.0,unit,4,1200,theta3,donor,design,textbook_t|fpc|lin,200,50,0.0003456503155228517,1.0680159135645233,0.92,0.9231,0.835,,,0.0,1.0,,,,r4_classical,
INDIANA_KIDNEY,resnet50,25,regcomp,A,4800.0,unit,4,1200,theta3,donor,design,textbook_t|fpc|lin|xf,200,50,0.0003456503155228517,1.0680159135645233,0.92,0.9231,0.835,,,0.0,1.0,,,,r4_classical,
INDIANA_KIDNEY,resnet50,25,regcomp,A,4800.0,unit,4,1200,theta3,donor,design,textbook_t|fpc|lin,200,50,0.0003456503155228517,1.0680159135645233,0.92,0.9231,0.835,,,0.0,1.0,,,,r4_ppi,
INDIANA_KIDNEY,resnet50,25,regcomp,A,4800.0,unit,4,1200,theta3,donor,design,textbook_t|fpc|lin|xf,200,50,0.0003456503155228517,1.0680159135645233,0.92,0.9231,0.835,,,0.0,1.0,,,,r4_ppi,
INDIANA_KIDNEY,resnet50,25,regcomp,A,4800.0,unit,4,1200,theta3,donor,design,textbook_t|fpc|lin,200,50,0.00034545840139428634,1.0510977170673024,0.92,0.9223,0.835,,,0.0,1.0,,,,P_classical,
INDIANA_KIDNEY,resnet50,25,regcomp,A,4800.0,unit,4,1200,theta3,donor,design,textbook_t|fpc|lin|xf,200,50,0.00034545840139428634,1.0510977170673024,0.92,0.9223,0.835,,,0.0,1.0,,,,P_classical,
INDIANA_KIDNEY,resnet50,25,regcomp,A,4800.0,unit,4,1200,theta3,donor,design,textbook_t|fpc|lin,200,50,0.00034784686482316476,1.0504432567293627,0.92,0.9225,0.835,,,0.4247097176550223,0.0198,,,,P_ppi,
INDIANA_KIDNEY,resnet50,25,regcomp,A,4800.0,unit,4,1200,theta3,donor,design,textbook_t|fpc|lin|xf,200,50,0.00034784686482316476,1.0504432567293627,0.92,0.9225,0.835,,,0.4247097176550223,0.0198,,,,P_ppi,
INDIANA_KIDNEY,resnet50,25,regcomp,A,4800.0,unit,4,1200,theta3,donor,design,textbook_t|fpc|lin,200,50,0.0003436693217302912,1.0598664019377029,0.9225000000000001,0.9224,0.84,,,0.0,1.0,,,,C_classical,
INDIANA_KIDNEY,resnet50,25,regcomp,A,4800.0,unit,4,1200,theta3,donor,design,textbook_t|fpc|lin|xf,200,50,0.0003436693217302912,1.0598664019377029,0.9225000000000001,0.9224,0.84,,,0.0,1.0,,,,C_classical,
INDIANA_KIDNEY,resnet50,25,regcomp,A,4800.0,unit,4,1200,theta3,donor,design,textbook_t|fpc|lin,200,50,0.00034336676574873916,1.0574315596495047,0.9225000000000001,0.9228999999999999,0.84,,,0.4053784128616913,0.0197,,,,C_ppi,
INDIANA_KIDNEY,resnet50,25,regcomp,A,4800.0,unit,4,1200,theta3,donor,design,textbook_t|fpc|lin|xf,200,50,0.00034336676574873916,1.0574315596495047,0.9225000000000001,0.9228999999999999,0.84,,,0.4053784128616913,0.0197,,,,C_ppi,
INDIANA_KIDNEY,resnet50,25,regcomp,A,4800.0,unit,4,1200,theta2,donor,design,textbook_t|fpc|lin,200,50,0.02309984844415276,1.000218669351495,0.9,0.8763000000000001,0.72,,,0.0,1.0,,,,r4_classical,
INDIANA_KIDNEY,resnet50,25,regcomp,A,4800.0,unit,4,1200,theta2,donor,design,textbook_t|fpc|lin|xf,200,50,0.02309984844415276,1.000218669351495,0.9,0.8763000000000001,0.72,,,0.0,1.0,,,,r4_classical,
INDIANA_KIDNEY,resnet50,25,regcomp,A,4800.0,unit,4,1200,theta2,donor,design,textbook_t|fpc|lin,200,50,0.02309984844415276,1.000218669351495,0.9,0.8763000000000001,0.72,,,0.0,1.0,,,,r4_ppi,
INDIANA_KIDNEY,resnet50,25,regcomp,A,4800.0,unit,4,1200,theta2,donor,design,textbook_t|fpc|lin|xf,200,50,0.02309984844415276,1.000218669351495,0.9,0.8763000000000001,0.72,,,0.0,1.0,,,,r4_ppi,
INDIANA_KIDNEY,resnet50,25,regcomp,A,4800.0,unit,4,1200,theta2,donor,design,textbook_t|fpc|lin,200,50,0.02309984844415268,1.0002186693514994,0.9,0.8763000000000001,0.72,,,0.0,1.0,,,,P_classical,
INDIANA_KIDNEY,resnet50,25,regcomp,A,4800.0,unit,4,1200,theta2,donor,design,textbook_t|fpc|lin|xf,200,50,0.02309984844415268,1.0002186693514994,0.9,0.8763000000000001,0.72,,,0.0,1.0,,,,P_classical,
INDIANA_KIDNEY,resnet50,25,regcomp,A,4800.0,unit,4,1200,theta2,donor,design,textbook_t|fpc|lin,200,50,0.02310927072560849,1.0009207788949723,0.9,0.8764000000000002,0.72,,,0.3421517918687046,0.222,,,,P_ppi,
INDIANA_KIDNEY,resnet50,25,regcomp,A,4800.0,unit,4,1200,theta2,donor,design,textbook_t|fpc|lin|xf,200,50,0.02310927072560849,1.0009207788949723,0.9,0.8764000000000002,0.72,,,0.3421517918687046,0.222,,,,P_ppi,
INDIANA_KIDNEY,resnet50,25,regcomp,A,4800.0,unit,4,1200,theta2,donor,design,textbook_t|fpc|lin,200,50,0.023099848444152762,1.000218669351495,0.9,0.8763000000000001,0.72,,,0.0,1.0,,,,C_classical,
INDIANA_KIDNEY,resnet50,25,regcomp,A,4800.0,unit,4,1200,theta2,donor,design,textbook_t|fpc|lin|xf,200,50,0.023099848444152762,1.000218669351495,0.9,0.8763000000000001,0.72,,,0.0,1.0,,,,C_classical,
INDIANA_KIDNEY,resnet50,25,regcomp,A,4800.0,unit,4,1200,theta2,donor,design,textbook_t|fpc|lin,200,50,0.02310257196619634,1.000655881131339,0.9,0.8762000000000001,0.72,,,0.28733373922229943,0.0801,,,,C_ppi,
INDIANA_KIDNEY,resnet50,25,regcomp,A,4800.0,unit,4,1200,theta2,donor,design,textbook_t|fpc|lin|xf,200,50,0.02310257196619634,1.000655881131339,0.9,0.8762000000000001,0.72,,,0.28733373922229943,0.0801,,,,C_ppi,
INDIANA_KIDNEY,resnet50,25,regcomp,A,4800.0,unit,6,800,theta3,donor,design,textbook_t|fpc|lin,200,50,0.00023897090571397238,0.969579638317088,0.91,0.9064,0.825,,,0.0,1.0,,,,r4_classical,
INDIANA_KIDNEY,resnet50,25,regcomp,A,4800.0,unit,6,800,theta3,donor,design,textbook_t|fpc|lin|xf,200,50,0.00023897090571397238,0.969579638317088,0.91,0.9064,0.825,,,0.0,1.0,,,,r4_classical,
INDIANA_KIDNEY,resnet50,25,regcomp,A,4800.0,unit,6,800,theta3,donor,design,textbook_t|fpc|lin,200,50,0.00024385025787657425,0.97540453536168,0.9025000000000001,0.9006000000000001,0.815,,,0.5,0.1492,,,,r4_ppi,
INDIANA_KIDNEY,resnet50,25,regcomp,A,4800.0,unit,6,800,theta3,donor,design,textbook_t|fpc|lin|xf,200,50,0.00024385025787657425,0.9811998576777683,0.9025000000000001,0.9016,0.815,,,0.5,0.1492,,,,r4_ppi,
INDIANA_KIDNEY,resnet50,25,regcomp,A,4800.0,unit,6,800,theta3,donor,design,textbook_t|fpc|lin,200,50,0.00024105229045216022,1.0021673121019243,0.91,0.9069999999999999,0.83,,,0.0,1.0,,,,P_classical,
INDIANA_KIDNEY,resnet50,25,regcomp,A,4800.0,unit,6,800,theta3,donor,design,textbook_t|fpc|lin|xf,200,50,0.00024105229045216022,1.0021673121019243,0.91,0.9069999999999999,0.83,,,0.0,1.0,,,,P_classical,
INDIANA_KIDNEY,resnet50,25,regcomp,A,4800.0,unit,6,800,theta3,donor,design,textbook_t|fpc|lin,200,50,0.00023911289362234142,0.9917734171812715,0.9025000000000001,0.9015000000000001,0.82,,,0.4417029194072582,0.0134,,,,P_ppi,
INDIANA_KIDNEY,resnet50,25,regcomp,A,4800.0,unit,6,800,theta3,donor,design,textbook_t|fpc|lin|xf,200,50,0.00023911289362234142,1.0012990317703432,0.905,0.9026,0.82,,,0.4417029194072582,0.0134,,,,P_ppi,
INDIANA_KIDNEY,resnet50,25,regcomp,A,4800.0,unit,6,800,theta3,donor,design,textbook_t|fpc|lin,200,50,0.00023638733177045636,1.0076290585645178,0.915,0.9085000000000001,0.825,,,0.0,1.0,,,,C_classical,
INDIANA_KIDNEY,resnet50,25,regcomp,A,4800.0,unit,6,800,theta3,donor,design,textbook_t|fpc|lin|xf,200,50,0.00023638733177045636,1.0076290585645178,0.915,0.9085000000000001,0.825,,,0.0,1.0,,,,C_classical,
INDIANA_KIDNEY,resnet50,25,regcomp,A,4800.0,unit,6,800,theta3,donor,design,textbook_t|fpc|lin,200,50,0.0002389804997872586,1.0069246062113284,0.905,0.9016000000000001,0.81,,,0.4213316802849756,0.0103,,,,C_ppi,
INDIANA_KIDNEY,resnet50,25,regcomp,A,4800.0,unit,6,800,theta3,donor,design,textbook_t|fpc|lin|xf,200,50,0.0002389804997872586,1.010889417807138,0.905,0.9023,0.81,,,0.4213316802849756,0.0103,,,,C_ppi,
INDIANA_KIDNEY,resnet50,25,regcomp,A,4800.0,unit,6,800,theta2,donor,design,textbook_t|fpc|lin,200,50,0.011946011414527564,0.9931369919961046,0.87,0.8491,0.615,,,0.0,1.0,,,,r4_classical,
INDIANA_KIDNEY,resnet50,25,regcomp,A,4800.0,unit,6,800,theta2,donor,design,textbook_t|fpc|lin|xf,200,50,0.011946011414527564,0.9931369919961046,0.87,0.8491,0.615,,,0.0,1.0,,,,r4_classical,
INDIANA_KIDNEY,resnet50,25,regcomp,A,4800.0,unit,6,800,theta2,donor,design,textbook_t|fpc|lin,200,50,0.011988890571088168,0.9873880700218762,0.87,0.8506999999999999,0.625,,,0.0,0.8453,,,,r4_ppi,
INDIANA_KIDNEY,resnet50,25,regcomp,A,4800.0,unit,6,800,theta2,donor,design,textbook_t|fpc|lin|xf,200,50,0.011988890571088168,0.9885197769266212,0.8725,0.851,0.63,,,0.0,0.8453,,,,r4_ppi,
INDIANA_KIDNEY,resnet50,25,regcomp,A,4800.0,unit,6,800,theta2,donor,design,textbook_t|fpc|lin,200,50,0.01194601141452759,0.9931369919961026,0.87,0.8491,0.615,,,0.0,1.0,,,,P_classical,
INDIANA_KIDNEY,resnet50,25,regcomp,A,4800.0,unit,6,800,theta2,donor,design,textbook_t|fpc|lin|xf,200,50,0.01194601141452759,0.9931369919961026,0.87,0.8491,0.615,,,0.0,1.0,,,,P_classical,
INDIANA_KIDNEY,resnet50,25,regcomp,A,4800.0,unit,6,800,theta2,donor,design,textbook_t|fpc|lin,200,50,0.011988093325533664,0.9868323721407923,0.87,0.8503000000000001,0.625,,,0.37002891198671717,0.2737,,,,P_ppi,
INDIANA_KIDNEY,resnet50,25,regcomp,A,4800.0,unit,6,800,theta2,donor,design,textbook_t|fpc|lin|xf,200,50,0.011988093325533664,0.9884189661103733,0.87,0.8504999999999998,0.625,,,0.37002891198671717,0.2737,,,,P_ppi,
INDIANA_KIDNEY,resnet50,25,regcomp,A,4800.0,unit,6,800,theta2,donor,design,textbook_t|fpc|lin,200,50,0.011946011414527558,0.9931369919961045,0.87,0.8491,0.615,,,0.0,1.0,,,,C_classical,
INDIANA_KIDNEY,resnet50,25,regcomp,A,4800.0,unit,6,800,theta2,donor,design,textbook_t|fpc|lin|xf,200,50,0.011946011414527558,0.9931369919961045,0.87,0.8491,0.615,,,0.0,1.0,,,,C_classical,
INDIANA_KIDNEY,resnet50,25,regcomp,A,4800.0,unit,6,800,theta2,donor,design,textbook_t|fpc|lin,200,50,0.01198857092564569,0.9865515877320183,0.8725,0.8509,0.625,,,0.30413740556250024,0.042,,,,C_ppi,
INDIANA_KIDNEY,resnet50,25,regcomp,A,4800.0,unit,6,800,theta2,donor,design,textbook_t|fpc|lin|xf,200,50,0.01198857092564569,0.9880674755189938,0.8725,0.8511000000000002,0.625,,,0.30413740556250024,0.042,,,,C_ppi,
INDIANA_KIDNEY,resnet50,25,regcomp,A,4800.0,unit,8,600,theta3,donor,design,textbook_t|fpc|lin,200,50,0.00016898697480329558,1.0218388674582735,0.905,0.9046000000000001,0.795,,,0.0,1.0,,,,r4_classical,
INDIANA_KIDNEY,resnet50,25,regcomp,A,4800.0,unit,8,600,theta3,donor,design,textbook_t|fpc|lin|xf,200,50,0.00016898697480329558,1.0218388674582735,0.905,0.9046000000000001,0.795,,,0.0,1.0,,,,r4_classical,
INDIANA_KIDNEY,resnet50,25,regcomp,A,4800.0,unit,8,600,theta3,donor,design,textbook_t|fpc|lin,200,50,0.00017439891238674703,0.9772557600767716,0.9,0.9003999999999999,0.815,,,0.5,0.1099,,,,r4_ppi,
INDIANA_KIDNEY,resnet50,25,regcomp,A,4800.0,unit,8,600,theta3,donor,design,textbook_t|fpc|lin|xf,200,50,0.00017439891238674703,0.9888131132451481,0.905,0.9023,0.82,,,0.5,0.1099,,,,r4_ppi,
INDIANA_KIDNEY,resnet50,25,regcomp,A,4800.0,unit,8,600,theta3,donor,design,textbook_t|fpc|lin,200,50,0.00015812179047322426,1.0390413320044267,0.91,0.9072999999999999,0.77,,,0.0,1.0,,,,P_classical,
INDIANA_KIDNEY,resnet50,25,regcomp,A,4800.0,unit,8,600,theta3,donor,design,textbook_t|fpc|lin|xf,200,50,0.00015812179047322426,1.0390413320044267,0.91,0.9072999999999999,0.77,,,0.0,1.0,,,,P_classical,
INDIANA_KIDNEY,resnet50,25,regcomp,A,4800.0,unit,8,600,theta3,donor,design,textbook_t|fpc|lin,200,50,0.00016933026001554575,0.9941757741496278,0.9,0.9019000000000001,0.785,,,0.4612668327467223,0.0096,,,,P_ppi,
INDIANA_KIDNEY,resnet50,25,regcomp,A,4800.0,unit,8,600,theta3,donor,design,textbook_t|fpc|lin|xf,200,50,0.00016933026001554575,1.0075719419795808,0.9,0.9029,0.785,,,0.4612668327467223,0.0096,,,,P_ppi,
INDIANA_KIDNEY,resnet50,25,regcomp,A,4800.0,unit,8,600,theta3,donor,design,textbook_t|fpc|lin,200,50,0.00015354402466841377,1.0128468477981465,0.905,0.9022999999999999,0.775,,,0.0,1.0,,,,C_classical,
INDIANA_KIDNEY,resnet50,25,regcomp,A,4800.0,unit,8,600,theta3,donor,design,textbook_t|fpc|lin|xf,200,50,0.00015354402466841377,1.0128468477981465,0.905,0.9022999999999999,0.775,,,0.0,1.0,,,,C_classical,
INDIANA_KIDNEY,resnet50,25,regcomp,A,4800.0,unit,8,600,theta3,donor,design,textbook_t|fpc|lin,200,50,0.00016742548797805525,0.9644400209647468,0.9,0.8970000000000001,0.8,,,0.430779275494785,0.0067,,,,C_ppi,
INDIANA_KIDNEY,resnet50,25,regcomp,A,4800.0,unit,8,600,theta3,donor,design,textbook_t|fpc|lin|xf,200,50,0.00016742548797805525,0.9728799067871206,0.9025000000000001,0.8994,0.8,,,0.430779275494785,0.0067,,,,C_ppi,
INDIANA_KIDNEY,resnet50,25,regcomp,A,4800.0,unit,8,600,theta2,donor,design,textbook_t|fpc|lin,200,50,0.007729271446441556,0.9878997794916303,0.87,0.8474,0.58,,,0.0,1.0,,,,r4_classical,
INDIANA_KIDNEY,resnet50,25,regcomp,A,4800.0,unit,8,600,theta2,donor,design,textbook_t|fpc|lin|xf,200,50,0.007729271446441556,0.9878997794916303,0.87,0.8474,0.58,,,0.0,1.0,,,,r4_classical,
INDIANA_KIDNEY,resnet50,25,regcomp,A,4800.0,unit,8,600,theta2,donor,design,textbook_t|fpc|lin,200,50,0.007912503813558784,0.9879612997500877,0.87,0.8511000000000002,0.585,,,0.2733828833100683,0.42,,,,r4_ppi,
INDIANA_KIDNEY,resnet50,25,regcomp,A,4800.0,unit,8,600,theta2,donor,design,textbook_t|fpc|lin|xf,200,50,0.007912503813558784,0.9949526042356922,0.8725,0.8526,0.585,,,0.2733828833100683,0.42,,,,r4_ppi,
INDIANA_KIDNEY,resnet50,25,regcomp,A,4800.0,unit,8,600,theta2,donor,design,textbook_t|fpc|lin,200,50,0.007729271446441543,0.9878997794916335,0.87,0.8474,0.58,,,0.0,1.0,,,,P_classical,
INDIANA_KIDNEY,resnet50,25,regcomp,A,4800.0,unit,8,600,theta2,donor,design,textbook_t|fpc|lin|xf,200,50,0.007729271446441543,0.9878997794916335,0.87,0.8474,0.58,,,0.0,1.0,,,,P_classical,
INDIANA_KIDNEY,resnet50,25,regcomp,A,4800.0,unit,8,600,theta2,donor,design,textbook_t|fpc|lin,200,50,0.007916861857063816,0.9885247393077758,0.87,0.8513000000000001,0.585,,,0.40089243770905925,0.294,,,,P_ppi,
INDIANA_KIDNEY,resnet50,25,regcomp,A,4800.0,unit,8,600,theta2,donor,design,textbook_t|fpc|lin|xf,200,50,0.007916861857063816,0.9955118875148053,0.87,0.8525000000000001,0.585,,,0.40089243770905925,0.294,,,,P_ppi,
INDIANA_KIDNEY,resnet50,25,regcomp,A,4800.0,unit,8,600,theta2,donor,design,textbook_t|fpc|lin,200,50,0.007729271446441556,0.9878997794916307,0.87,0.8474,0.58,,,0.0,1.0,,,,C_classical,
INDIANA_KIDNEY,resnet50,25,regcomp,A,4800.0,unit,8,600,theta2,donor,design,textbook_t|fpc|lin|xf,200,50,0.007729271446441556,0.9878997794916307,0.87,0.8474,0.58,,,0.0,1.0,,,,C_classical,
INDIANA_KIDNEY,resnet50,25,regcomp,A,4800.0,unit,8,600,theta2,donor,design,textbook_t|fpc|lin,200,50,0.007921562922217625,0.9868872010838589,0.87,0.8513,0.585,,,0.3104727140656936,0.0306,,,,C_ppi,
INDIANA_KIDNEY,resnet50,25,regcomp,A,4800.0,unit,8,600,theta2,donor,design,textbook_t|fpc|lin|xf,200,50,0.007921562922217625,0.9938574743038132,0.87,0.8529000000000001,0.585,,,0.3104727140656936,0.0306,,,,C_ppi,
INDIANA_KIDNEY,resnet50,25,regcomp,A,4800.0,unit,12,400,theta3,donor,design,textbook_t|fpc|lin,200,50,0.00011763779322077009,1.0151904591843863,0.91,0.9065000000000001,0.83,,,0.0,1.0,,,,r4_classical,
INDIANA_KIDNEY,resnet50,25,regcomp,A,4800.0,unit,12,400,theta3,donor,design,textbook_t|fpc|lin|xf,200,50,0.00011763779322077009,1.0151904591843863,0.91,0.9065000000000001,0.83,,,0.0,1.0,,,,r4_classical,
INDIANA_KIDNEY,resnet50,25,regcomp,A,4800.0,unit,12,400,theta3,donor,design,textbook_t|fpc|lin,200,50,0.00011067142891189577,0.9882464606648709,0.9,0.8988999999999998,0.83,,,0.5,0.0781,,,,r4_ppi,
INDIANA_KIDNEY,resnet50,25,regcomp,A,4800.0,unit,12,400,theta3,donor,design,textbook_t|fpc|lin|xf,200,50,0.00011067142891189577,1.0034041321807927,0.905,0.9007999999999999,0.83,,,0.5,0.0781,,,,r4_ppi,
INDIANA_KIDNEY,resnet50,25,regcomp,A,4800.0,unit,12,400,theta3,donor,design,textbook_t|fpc|lin,200,50,0.00010553513531104081,1.0291282798530368,0.91,0.9044,0.815,,,0.0,1.0,,,,P_classical,
INDIANA_KIDNEY,resnet50,25,regcomp,A,4800.0,unit,12,400,theta3,donor,design,textbook_t|fpc|lin|xf,200,50,0.00010553513531104081,1.0291282798530368,0.91,0.9044,0.815,,,0.0,1.0,,,,P_classical,
INDIANA_KIDNEY,resnet50,25,regcomp,A,4800.0,unit,12,400,theta3,donor,design,textbook_t|fpc|lin,200,50,0.0001097244118714867,0.9918721948523715,0.9025000000000001,0.9018999999999999,0.825,,,0.48486676065320977,0.0061,,,,P_ppi,
INDIANA_KIDNEY,resnet50,25,regcomp,A,4800.0,unit,12,400,theta3,donor,design,textbook_t|fpc|lin|xf,200,50,0.0001097244118714867,1.0104915843460338,0.905,0.9044999999999999,0.825,,,0.48486676065320977,0.0061,,,,P_ppi,
INDIANA_KIDNEY,resnet50,25,regcomp,A,4800.0,unit,12,400,theta3,donor,design,textbook_t|fpc|lin,200,50,9.982765825299246e-05,1.0292347745396937,0.9,0.9016000000000001,0.82,,,0.0,1.0,,,,C_classical,
INDIANA_KIDNEY,resnet50,25,regcomp,A,4800.0,unit,12,400,theta3,donor,design,textbook_t|fpc|lin|xf,200,50,9.982765825299246e-05,1.0292347745396937,0.9,0.9016000000000001,0.82,,,0.0,1.0,,,,C_classical,
INDIANA_KIDNEY,resnet50,25,regcomp,A,4800.0,unit,12,400,theta3,donor,design,textbook_t|fpc|lin,200,50,0.00010280651391213441,0.9945484970138059,0.895,0.8974000000000001,0.835,,,0.45870843111604526,0.0027,,,,C_ppi,
INDIANA_KIDNEY,resnet50,25,regcomp,A,4800.0,unit,12,400,theta3,donor,design,textbook_t|fpc|lin|xf,200,50,0.00010280651391213441,1.0139544018405855,0.9,0.8994000000000001,0.835,,,0.45870843111604526,0.0027,,,,C_ppi,
INDIANA_KIDNEY,resnet50,25,regcomp,A,4800.0,unit,12,400,theta2,donor,design,textbook_t|fpc|lin,200,50,0.004436889885405431,1.0226894186742597,0.8775,0.8689,0.77,,,0.0,1.0,,,,r4_classical,
INDIANA_KIDNEY,resnet50,25,regcomp,A,4800.0,unit,12,400,theta2,donor,design,textbook_t|fpc|lin|xf,200,50,0.004436889885405431,1.0226894186742597,0.8775,0.8689,0.77,,,0.0,1.0,,,,r4_classical,
INDIANA_KIDNEY,resnet50,25,regcomp,A,4800.0,unit,12,400,theta2,donor,design,textbook_t|fpc|lin,200,50,0.0050008018178194814,0.9574200582377462,0.8674999999999999,0.8628000000000001,0.78,,,0.5,0.3054,,,,r4_ppi,
INDIANA_KIDNEY,resnet50,25,regcomp,A,4800.0,unit,12,400,theta2,donor,design,textbook_t|fpc|lin|xf,200,50,0.0050008018178194814,0.9786230405682655,0.87,0.8658999999999999,0.78,,,0.5,0.3054,,,,r4_ppi,
INDIANA_KIDNEY,resnet50,25,regcomp,A,4800.0,unit,12,400,theta2,donor,design,textbook_t|fpc|lin,200,50,0.004436889885405439,1.0226894186742668,0.8775,0.8689,0.77,,,0.0,1.0,,,,P_classical,
INDIANA_KIDNEY,resnet50,25,regcomp,A,4800.0,unit,12,400,theta2,donor,design,textbook_t|fpc|lin|xf,200,50,0.004436889885405439,1.0226894186742668,0.8775,0.8689,0.77,,,0.0,1.0,,,,P_classical,
INDIANA_KIDNEY,resnet50,25,regcomp,A,4800.0,unit,12,400,theta2,donor,design,textbook_t|fpc|lin,200,50,0.0049868023224664175,0.9578677549598869,0.8674999999999999,0.8625,0.78,,,0.5,0.2882,,,,P_ppi,
INDIANA_KIDNEY,resnet50,25,regcomp,A,4800.0,unit,12,400,theta2,donor,design,textbook_t|fpc|lin|xf,200,50,0.0049868023224664175,0.9775357550646462,0.87,0.8658,0.78,,,0.5,0.2882,,,,P_ppi,
INDIANA_KIDNEY,resnet50,25,regcomp,A,4800.0,unit,12,400,theta2,donor,design,textbook_t|fpc|lin,200,50,0.004436889885405431,1.0226894186742599,0.8775,0.8689,0.77,,,0.0,1.0,,,,C_classical,
INDIANA_KIDNEY,resnet50,25,regcomp,A,4800.0,unit,12,400,theta2,donor,design,textbook_t|fpc|lin|xf,200,50,0.004436889885405431,1.0226894186742599,0.8775,0.8689,0.77,,,0.0,1.0,,,,C_classical,
INDIANA_KIDNEY,resnet50,25,regcomp,A,4800.0,unit,12,400,theta2,donor,design,textbook_t|fpc|lin,200,50,0.004999211800186154,0.9590657308475983,0.8674999999999999,0.8634,0.78,,,0.34018972273234405,0.0164,,,,C_ppi,
INDIANA_KIDNEY,resnet50,25,regcomp,A,4800.0,unit,12,400,theta2,donor,design,textbook_t|fpc|lin|xf,200,50,0.004999211800186154,0.9788592607413508,0.87,0.8661,0.78,,,0.34018972273234405,0.0164,,,,C_ppi,
INDIANA_KIDNEY,resnet50,25,regcomp,B,4800.0,unit,25,prop,theta3,donor,design,regB_t,200,50,0.00012661301734718296,1.0331221559128916,0.905,0.9053999999999999,0.865,,,0.0,1.0,,,,r4_classical,103.0
INDIANA_KIDNEY,resnet50,25,regcomp,B,4800.0,unit,25,prop,theta3,donor,design,regB_t,200,50,9.03406391282097e-05,1.0531419729628773,0.905,0.9039999999999999,0.855,,,0.870042085161205,0.0,,,,r4_ppi,103.0
INDIANA_KIDNEY,resnet50,25,regcomp,B,4800.0,unit,25,prop,theta3,donor,design,regB_t,200,50,9.163981265311737e-05,1.0531820619962784,0.91,0.9052999999999999,0.855,,,0.0,1.0,,,,P_classical,103.0
INDIANA_KIDNEY,resnet50,25,regcomp,B,4800.0,unit,25,prop,theta3,donor,design,regB_t,200,50,8.913937916809073e-05,1.054391780981368,0.91,0.9057000000000001,0.86,,,0.4456304350433997,0.0751,,,,P_ppi,103.0
INDIANA_KIDNEY,resnet50,25,regcomp,B,4800.0,unit,25,prop,theta3,donor,design,regB_t,200,50,8.063896094233892e-05,1.0235322500297406,0.905,0.9029,0.84,,,0.0,1.0,,,,C_classical,103.0
INDIANA_KIDNEY,resnet50,25,regcomp,B,4800.0,unit,25,prop,theta3,donor,design,regB_t,200,50,7.907739040437914e-05,1.0358574058704957,0.905,0.9044000000000001,0.85,,,0.4083149686932822,0.0608,,,,C_ppi,103.0
INDIANA_KIDNEY,resnet50,25,regcomp,B,4800.0,unit,25,prop,theta2,donor,design,regB_t,200,50,0.0001024192342456445,1.0088897236077057,0.905,0.9024000000000001,0.86,,,0.0,1.0,,,,r4_classical,103.0
INDIANA_KIDNEY,resnet50,25,regcomp,B,4800.0,unit,25,prop,theta2,donor,design,regB_t,200,50,0.00010484756294261769,1.007493281937394,0.905,0.9029,0.865,,,0.5750388436672049,0.0,,,,r4_ppi,103.0
INDIANA_KIDNEY,resnet50,25,regcomp,B,4800.0,unit,25,prop,theta2,donor,design,regB_t,200,50,0.00010241923424564442,1.0088897236077092,0.905,0.9024000000000001,0.86,,,0.0,1.0,,,,P_classical,103.0
INDIANA_KIDNEY,resnet50,25,regcomp,B,4800.0,unit,25,prop,theta2,donor,design,regB_t,200,50,0.00010656193462678407,1.007009039786011,0.905,0.9039,0.86,,,0.5,0.179,,,,P_ppi,103.0
INDIANA_KIDNEY,resnet50,25,regcomp,B,4800.0,unit,25,prop,theta2,donor,design,regB_t,200,50,0.0001024192342456445,1.0088897236077057,0.905,0.9024000000000001,0.86,,,0.0,1.0,,,,C_classical,103.0
INDIANA_KIDNEY,resnet50,25,regcomp,B,4800.0,unit,25,prop,theta2,donor,design,regB_t,200,50,0.00010139375754100194,1.004732585766783,0.905,0.9018,0.86,,,0.3510032608182605,0.0,,,,C_ppi,103.0
INDIANA_KIDNEY,resnet50,25,regcomp,B,4590.0,cd_cs_10_vs_A_nL4_B4800,25,prop,theta3,donor,design,regB_t,200,50,0.00014021893080008288,0.9745936265036993,0.8975,0.8936,0.845,,,0.0,1.0,,,,r4_classical,98.0
INDIANA_KIDNEY,resnet50,25,regcomp,B,4590.0,cd_cs_10_vs_A_nL4_B4800,25,prop,theta3,donor,design,regB_t,200,50,9.917105075498854e-05,0.9793568766934264,0.8975,0.8974,0.84,,,0.8675941841507551,0.0,,,,r4_ppi,98.0
INDIANA_KIDNEY,resnet50,25,regcomp,B,4590.0,cd_cs_10_vs_A_nL4_B4800,25,prop,theta3,donor,design,regB_t,200,50,9.682862872717381e-05,0.981452251413293,0.89,0.8912,0.84,,,0.0,1.0,,,,P_classical,98.0
INDIANA_KIDNEY,resnet50,25,regcomp,B,4590.0,cd_cs_10_vs_A_nL4_B4800,25,prop,theta3,donor,design,regB_t,200,50,9.672764366524514e-05,0.989791719156331,0.9,0.8952000000000001,0.835,,,0.4505363540763658,0.0708,,,,P_ppi,98.0
INDIANA_KIDNEY,resnet50,25,regcomp,B,4590.0,cd_cs_10_vs_A_nL4_B4800,25,prop,theta3,donor,design,regB_t,200,50,8.882251400940498e-05,0.9715416905884965,0.89,0.8896999999999999,0.82,,,0.0,1.0,,,,C_classical,98.0
INDIANA_KIDNEY,resnet50,25,regcomp,B,4590.0,cd_cs_10_vs_A_nL4_B4800,25,prop,theta3,donor,design,regB_t,200,50,8.597160330363362e-05,0.9805835102211706,0.895,0.8925,0.825,,,0.41114837219605865,0.0634,,,,C_ppi,98.0
INDIANA_KIDNEY,resnet50,25,regcomp,B,4590.0,cd_cs_10_vs_A_nL4_B4800,25,prop,theta2,donor,design,regB_t,200,50,0.00010777667409121489,1.0280155784331093,0.905,0.9078,0.85,,,0.0,1.0,,,,r4_classical,98.0
INDIANA_KIDNEY,resnet50,25,regcomp,B,4590.0,cd_cs_10_vs_A_nL4_B4800,25,prop,theta2,donor,design,regB_t,200,50,0.00010891750714289818,1.035587996646509,0.915,0.9095,0.85,,,0.574584987476167,0.0,,,,r4_ppi,98.0
INDIANA_KIDNEY,resnet50,25,regcomp,B,4590.0,cd_cs_10_vs_A_nL4_B4800,25,prop,theta2,donor,design,regB_t,200,50,0.00010777667409121451,1.0280155784331106,0.905,0.9078,0.85,,,0.0,1.0,,,,P_classical,98.0
INDIANA_KIDNEY,resnet50,25,regcomp,B,4590.0,cd_cs_10_vs_A_nL4_B4800,25,prop,theta2,donor,design,regB_t,200,50,0.00010963219930857581,1.040602297908539,0.905,0.9076000000000001,0.85,,,0.5,0.1754,,,,P_ppi,98.0
INDIANA_KIDNEY,resnet50,25,regcomp,B,4590.0,cd_cs_10_vs_A_nL4_B4800,25,prop,theta2,donor,design,regB_t,200,50,0.00010777667409121489,1.0280155784331086,0.905,0.9078,0.85,,,0.0,1.0,,,,C_classical,98.0
INDIANA_KIDNEY,resnet50,25,regcomp,B,4590.0,cd_cs_10_vs_A_nL4_B4800,25,prop,theta2,donor,design,regB_t,200,50,0.00010728644881441516,1.0361244606742905,0.91,0.9089000000000002,0.855,,,0.3496372169007044,0.0,,,,C_ppi,98.0
INDIANA_KIDNEY,resnet50,25,regcomp,B,4610.0,cd_cs_10_vs_A_nL6_B4800,25,prop,theta3,donor,design,regB_t,200,50,0.00013215630954726182,0.994972980495755,0.9,0.8997000000000002,0.865,,,0.0,1.0,,,,r4_classical,99.0
INDIANA_KIDNEY,resnet50,25,regcomp,B,4610.0,cd_cs_10_vs_A_nL6_B4800,25,prop,theta3,donor,design,regB_t,200,50,9.399692913901635e-05,1.012391402027399,0.8975,0.8979,0.855,,,0.8654401605509934,0.0,,,,r4_ppi,99.0
INDIANA_KIDNEY,resnet50,25,regcomp,B,4610.0,cd_cs_10_vs_A_nL6_B4800,25,prop,theta3,donor,design,regB_t,200,50,9.419429665874435e-05,1.007224988546017,0.905,0.9013,0.855,,,0.0,1.0,,,,P_classical,99.0
INDIANA_KIDNEY,resnet50,25,regcomp,B,4610.0,cd_cs_10_vs_A_nL6_B4800,25,prop,theta3,donor,design,regB_t,200,50,9.223341580321026e-05,1.0080895957850728,0.895,0.8982000000000002,0.855,,,0.4475794074700876,0.077,,,,P_ppi,99.0
INDIANA_KIDNEY,resnet50,25,regcomp,B,4610.0,cd_cs_10_vs_A_nL6_B4800,25,prop,theta3,donor,design,regB_t,200,50,8.527896873765096e-05,0.9856527054237287,0.895,0.895,0.82,,,0.0,1.0,,,,C_classical,99.0
INDIANA_KIDNEY,resnet50,25,regcomp,B,4610.0,cd_cs_10_vs_A_nL6_B4800,25,prop,theta3,donor,design,regB_t,200,50,8.585510821711775e-05,0.9826930731864857,0.89,0.8943000000000001,0.825,,,0.4058905692584179,0.0609,,,,C_ppi,99.0
INDIANA_KIDNEY,resnet50,25,regcomp,B,4610.0,cd_cs_10_vs_A_nL6_B4800,25,prop,theta2,donor,design,regB_t,200,50,0.00010957412716460142,0.9897438413901961,0.895,0.8932000000000001,0.845,,,0.0,1.0,,,,r4_classical,99.0
INDIANA_KIDNEY,resnet50,25,regcomp,B,4610.0,cd_cs_10_vs_A_nL6_B4800,25,prop,theta2,donor,design,regB_t,200,50,0.00010830309552149918,0.9986269140261543,0.9,0.8948999999999999,0.84,,,0.578758547685563,0.0,,,,r4_ppi,99.0
INDIANA_KIDNEY,resnet50,25,regcomp,B,4610.0,cd_cs_10_vs_A_nL6_B4800,25,prop,theta2,donor,design,regB_t,200,50,0.00010957412716460201,0.9897438413901904,0.895,0.8932000000000001,0.845,,,0.0,1.0,,,,P_classical,99.0
INDIANA_KIDNEY,resnet50,25,regcomp,B,4610.0,cd_cs_10_vs_A_nL6_B4800,25,prop,theta2,donor,design,regB_t,200,50,0.0001092439470097823,0.9982308858678244,0.8975,0.8955,0.845,,,0.5,0.18,,,,P_ppi,99.0
INDIANA_KIDNEY,resnet50,25,regcomp,B,4610.0,cd_cs_10_vs_A_nL6_B4800,25,prop,theta2,donor,design,regB_t,200,50,0.00010957412716460142,0.9897438413901966,0.895,0.8932000000000001,0.845,,,0.0,1.0,,,,C_classical,99.0
INDIANA_KIDNEY,resnet50,25,regcomp,B,4610.0,cd_cs_10_vs_A_nL6_B4800,25,prop,theta2,donor,design,regB_t,200,50,0.00010859398248287615,0.9927173305186399,0.895,0.8942999999999999,0.84,,,0.3503514339416691,0.0,,,,C_ppi,99.0
INDIANA_KIDNEY,resnet50,25,regcomp,B,4630.0,cd_cs_10_vs_A_nL8_B4800,25,prop,theta3,donor,design,regB_t,200,50,0.0001386469973392623,0.9465536179897005,0.885,0.8867,0.82,,,0.0,1.0,,,,r4_classical,99.0
INDIANA_KIDNEY,resnet50,25,regcomp,B,4630.0,cd_cs_10_vs_A_nL8_B4800,25,prop,theta3,donor,design,regB_t,200,50,0.00010146886453353033,0.9595897538960689,0.895,0.8941,0.86,,,0.8690255752541554,0.0,,,,r4_ppi,99.0
INDIANA_KIDNEY,resnet50,25,regcomp,B,4630.0,cd_cs_10_vs_A_nL8_B4800,25,prop,theta3,donor,design,regB_t,200,50,9.768138919867259e-05,0.9959928825017825,0.9,0.8999999999999999,0.845,,,0.0,1.0,,,,P_classical,99.0
INDIANA_KIDNEY,resnet50,25,regcomp,B,4630.0,cd_cs_10_vs_A_nL8_B4800,25,prop,theta3,donor,design,regB_t,200,50,9.63320409652182e-05,0.9697817402491384,0.9,0.8994,0.865,,,0.44030149464496254,0.0805,,,,P_ppi,99.0
INDIANA_KIDNEY,resnet50,25,regcomp,B,4630.0,cd_cs_10_vs_A_nL8_B4800,25,prop,theta3,donor,design,regB_t,200,50,8.466141849780769e-05,0.9985814416345955,0.9,0.9002999999999999,0.855,,,0.0,1.0,,,,C_classical,99.0
INDIANA_KIDNEY,resnet50,25,regcomp,B,4630.0,cd_cs_10_vs_A_nL8_B4800,25,prop,theta3,donor,design,regB_t,200,50,8.389052771233145e-05,0.9874520466635197,0.8975,0.8999999999999999,0.86,,,0.40537420375412836,0.0669,,,,C_ppi,99.0
INDIANA_KIDNEY,resnet50,25,regcomp,B,4630.0,cd_cs_10_vs_A_nL8_B4800,25,prop,theta2,donor,design,regB_t,200,50,0.00010623010225668962,1.036048997668143,0.905,0.9032999999999999,0.865,,,0.0,1.0,,,,r4_classical,99.0
INDIANA_KIDNEY,resnet50,25,regcomp,B,4630.0,cd_cs_10_vs_A_nL8_B4800,25,prop,theta2,donor,design,regB_t,200,50,0.00010804816491335423,1.0170503853560222,0.9,0.9009,0.855,,,0.5765442800642939,0.0,,,,r4_ppi,99.0
INDIANA_KIDNEY,resnet50,25,regcomp,B,4630.0,cd_cs_10_vs_A_nL8_B4800,25,prop,theta2,donor,design,regB_t,200,50,0.00010623010225668967,1.0360489976681415,0.905,0.9032999999999999,0.865,,,0.0,1.0,,,,P_classical,99.0
INDIANA_KIDNEY,resnet50,25,regcomp,B,4630.0,cd_cs_10_vs_A_nL8_B4800,25,prop,theta2,donor,design,regB_t,200,50,0.00011024489060772996,1.010502267839927,0.905,0.902,0.86,,,0.5,0.1772,,,,P_ppi,99.0
INDIANA_KIDNEY,resnet50,25,regcomp,B,4630.0,cd_cs_10_vs_A_nL8_B4800,25,prop,theta2,donor,design,regB_t,200,50,0.00010623010225668957,1.0360489976681433,0.905,0.9032999999999999,0.865,,,0.0,1.0,,,,C_classical,99.0
INDIANA_KIDNEY,resnet50,25,regcomp,B,4630.0,cd_cs_10_vs_A_nL8_B4800,25,prop,theta2,donor,design,regB_t,200,50,0.00010602977660304681,1.0148309217777984,0.9025000000000001,0.9012,0.855,,,0.35072190955452415,0.0,,,,C_ppi,99.0
INDIANA_KIDNEY,resnet50,25,regcomp,B,4670.0,cd_cs_10_vs_A_nL12_B4800,25,prop,theta3,donor,design,regB_t,200,50,0.00013331882082502663,0.9920571385111807,0.8975,0.8996000000000001,0.85,,,0.0,1.0,,,,r4_classical,100.0
INDIANA_KIDNEY,resnet50,25,regcomp,B,4670.0,cd_cs_10_vs_A_nL12_B4800,25,prop,theta3,donor,design,regB_t,200,50,9.251855706557098e-05,1.0139063960333794,0.905,0.9017999999999999,0.855,,,0.8674987466240509,0.0,,,,r4_ppi,100.0
INDIANA_KIDNEY,resnet50,25,regcomp,B,4670.0,cd_cs_10_vs_A_nL12_B4800,25,prop,theta3,donor,design,regB_t,200,50,9.522847888425581e-05,1.030414753308897,0.9,0.9008999999999999,0.86,,,0.0,1.0,,,,P_classical,100.0
INDIANA_KIDNEY,resnet50,25,regcomp,B,4670.0,cd_cs_10_vs_A_nL12_B4800,25,prop,theta3,donor,design,regB_t,200,50,9.219047737971206e-05,1.0280607198805751,0.9,0.8985,0.845,,,0.4442455543281697,0.0726,,,,P_ppi,100.0
INDIANA_KIDNEY,resnet50,25,regcomp,B,4670.0,cd_cs_10_vs_A_nL12_B4800,25,prop,theta3,donor,design,regB_t,200,50,8.598904126176659e-05,1.008916697231534,0.9,0.8972,0.835,,,0.0,1.0,,,,C_classical,100.0
INDIANA_KIDNEY,resnet50,25,regcomp,B,4670.0,cd_cs_10_vs_A_nL12_B4800,25,prop,theta3,donor,design,regB_t,200,50,8.353830984070517e-05,1.0096880012641232,0.8975,0.8963000000000001,0.835,,,0.4076357604442933,0.0593,,,,C_ppi,100.0
INDIANA_KIDNEY,resnet50,25,regcomp,B,4670.0,cd_cs_10_vs_A_nL12_B4800,25,prop,theta2,donor,design,regB_t,200,50,0.00010794079911809933,1.022699584937653,0.9,0.9000999999999999,0.86,,,0.0,1.0,,,,r4_classical,100.0
INDIANA_KIDNEY,resnet50,25,regcomp,B,4670.0,cd_cs_10_vs_A_nL12_B4800,25,prop,theta2,donor,design,regB_t,200,50,0.00010990513270798605,1.009646835881457,0.9,0.8983999999999999,0.855,,,0.5817877876044081,0.0,,,,r4_ppi,100.0
INDIANA_KIDNEY,resnet50,25,regcomp,B,4670.0,cd_cs_10_vs_A_nL12_B4800,25,prop,theta2,donor,design,regB_t,200,50,0.00010794079911809899,1.0226995849376608,0.9,0.9000999999999999,0.86,,,0.0,1.0,,,,P_classical,100.0
INDIANA_KIDNEY,resnet50,25,regcomp,B,4670.0,cd_cs_10_vs_A_nL12_B4800,25,prop,theta2,donor,design,regB_t,200,50,0.00010946044145445152,1.0025846269160061,0.9025000000000001,0.8999000000000001,0.855,,,0.5,0.1743,,,,P_ppi,100.0
INDIANA_KIDNEY,resnet50,25,regcomp,B,4670.0,cd_cs_10_vs_A_nL12_B4800,25,prop,theta2,donor,design,regB_t,200,50,0.0001079407991180993,1.0226995849376528,0.9,0.9000999999999999,0.86,,,0.0,1.0,,,,C_classical,100.0
INDIANA_KIDNEY,resnet50,25,regcomp,B,4670.0,cd_cs_10_vs_A_nL12_B4800,25,prop,theta2,donor,design,regB_t,200,50,0.00010779121814881558,1.0106757164806386,0.9,0.8998000000000002,0.86,,,0.35172921739537394,0.0,,,,C_ppi,100.0
INDIANA_KIDNEY,resnet50,25,regcomp,B,2700.0,cd_cs_100_vs_A_nL4_B4800,25,prop,theta3,donor,design,regB_t,200,50,0.0002525657712275435,0.9861405701590258,0.895,0.8950999999999999,0.855,,,0.0,1.0,,,,r4_classical,58.0
INDIANA_KIDNEY,resnet50,25,regcomp,B,2700.0,cd_cs_100_vs_A_nL4_B4800,25,prop,theta3,donor,design,regB_t,200,50,0.000174455608516543,0.9827280198036801,0.895,0.8955999999999998,0.82,,,0.8694877801194147,0.0,,,,r4_ppi,58.0
INDIANA_KIDNEY,resnet50,25,regcomp,B,2700.0,cd_cs_100_vs_A_nL4_B4800,25,prop,theta3,donor,design,regB_t,200,50,0.0001780048042518201,0.9952826191754746,0.89,0.8926999999999999,0.835,,,0.0,1.0,,,,P_classical,58.0
INDIANA_KIDNEY,resnet50,25,regcomp,B,2700.0,cd_cs_100_vs_A_nL4_B4800,25,prop,theta3,donor,design,regB_t,200,50,0.00017854188584849585,0.9885027561674683,0.895,0.8959999999999999,0.84,,,0.4496997724538057,0.0939,,,,P_ppi,58.0
INDIANA_KIDNEY,resnet50,25,regcomp,B,2700.0,cd_cs_100_vs_A_nL4_B4800,25,prop,theta3,donor,design,regB_t,200,50,0.00015383850990709436,0.9959025443813263,0.9,0.8972,0.85,,,0.0,1.0,,,,C_classical,58.0
INDIANA_KIDNEY,resnet50,25,regcomp,B,2700.0,cd_cs_100_vs_A_nL4_B4800,25,prop,theta3,donor,design,regB_t,200,50,0.00015016128127541672,0.9889727620677407,0.9,0.8957999999999998,0.855,,,0.41603942810631,0.091,,,,C_ppi,58.0
INDIANA_KIDNEY,resnet50,25,regcomp,B,2700.0,cd_cs_100_vs_A_nL4_B4800,25,prop,theta2,donor,design,regB_t,200,50,0.0002470959964756345,0.9876601138671182,0.905,0.9014,0.865,,,0.0,1.0,,,,r4_classical,58.0
INDIANA_KIDNEY,resnet50,25,regcomp,B,2700.0,cd_cs_100_vs_A_nL4_B4800,25,prop,theta2,donor,design,regB_t,200,50,0.00024826019154198554,0.9898589084870677,0.9,0.9002000000000001,0.865,,,0.5782608048966591,0.0,,,,r4_ppi,58.0
INDIANA_KIDNEY,resnet50,25,regcomp,B,2700.0,cd_cs_100_vs_A_nL4_B4800,25,prop,theta2,donor,design,regB_t,200,50,0.000247095996475635,0.9876601138671206,0.905,0.9014,0.865,,,0.0,1.0,,,,P_classical,58.0
INDIANA_KIDNEY,resnet50,25,regcomp,B,2700.0,cd_cs_100_vs_A_nL4_B4800,25,prop,theta2,donor,design,regB_t,200,50,0.0002497297186688031,0.9808420461089611,0.9025000000000001,0.9009999999999999,0.865,,,0.5,0.1774,,,,P_ppi,58.0
INDIANA_KIDNEY,resnet50,25,regcomp,B,2700.0,cd_cs_100_vs_A_nL4_B4800,25,prop,theta2,donor,design,regB_t,200,50,0.0002470959964756345,0.9876601138671182,0.905,0.9014,0.865,,,0.0,1.0,,,,C_classical,58.0
INDIANA_KIDNEY,resnet50,25,regcomp,B,2700.0,cd_cs_100_vs_A_nL4_B4800,25,prop,theta2,donor,design,regB_t,200,50,0.00024437228709577475,0.9862732165248569,0.905,0.9007000000000001,0.86,,,0.35302995455584707,0.0003,,,,C_ppi,58.0
INDIANA_KIDNEY,resnet50,25,regcomp,B,2900.0,cd_cs_100_vs_A_nL6_B4800,25,prop,theta3,donor,design,regB_t,200,50,0.0002246842387002602,1.009320880952572,0.9,0.9008999999999999,0.815,,,0.0,1.0,,,,r4_classical,62.0
INDIANA_KIDNEY,resnet50,25,regcomp,B,2900.0,cd_cs_100_vs_A_nL6_B4800,25,prop,theta3,donor,design,regB_t,200,50,0.00016670437060529433,1.006401408619424,0.9,0.8979,0.86,,,0.8701909824541976,0.0,,,,r4_ppi,62.0
INDIANA_KIDNEY,resnet50,25,regcomp,B,2900.0,cd_cs_100_vs_A_nL6_B4800,25,prop,theta3,donor,design,regB_t,200,50,0.00016956132877376335,1.008092172411312,0.8975,0.8976000000000001,0.835,,,0.0,1.0,,,,P_classical,62.0
INDIANA_KIDNEY,resnet50,25,regcomp,B,2900.0,cd_cs_100_vs_A_nL6_B4800,25,prop,theta3,donor,design,regB_t,200,50,0.0001664808707039367,1.0150621064786358,0.895,0.8967,0.855,,,0.4398105570910431,0.0888,,,,P_ppi,62.0
INDIANA_KIDNEY,resnet50,25,regcomp,B,2900.0,cd_cs_100_vs_A_nL6_B4800,25,prop,theta3,donor,design,regB_t,200,50,0.00015105018108321983,1.00729491559424,0.905,0.9007000000000001,0.845,,,0.0,1.0,,,,C_classical,62.0
INDIANA_KIDNEY,resnet50,25,regcomp,B,2900.0,cd_cs_100_vs_A_nL6_B4800,25,prop,theta3,donor,design,regB_t,200,50,0.0001482646051974687,1.004801011006554,0.9,0.8977999999999998,0.84,,,0.40829311398221935,0.0872,,,,C_ppi,62.0
INDIANA_KIDNEY,resnet50,25,regcomp,B,2900.0,cd_cs_100_vs_A_nL6_B4800,25,prop,theta2,donor,design,regB_t,200,50,0.00022497472967618424,1.0074426534112477,0.905,0.8995000000000001,0.85,,,0.0,1.0,,,,r4_classical,62.0
INDIANA_KIDNEY,resnet50,25,regcomp,B,2900.0,cd_cs_100_vs_A_nL6_B4800,25,prop,theta2,donor,design,regB_t,200,50,0.00022787238510878484,1.0036691913500753,0.905,0.9023,0.85,,,0.574400156909223,0.0,,,,r4_ppi,62.0
INDIANA_KIDNEY,resnet50,25,regcomp,B,2900.0,cd_cs_100_vs_A_nL6_B4800,25,prop,theta2,donor,design,regB_t,200,50,0.00022497472967618397,1.0074426534112528,0.905,0.8995000000000001,0.85,,,0.0,1.0,,,,P_classical,62.0
INDIANA_KIDNEY,resnet50,25,regcomp,B,2900.0,cd_cs_100_vs_A_nL6_B4800,25,prop,theta2,donor,design,regB_t,200,50,0.00022703115218876768,1.004446938359481,0.9025000000000001,0.9006000000000001,0.83,,,0.5,0.175,,,,P_ppi,62.0
INDIANA_KIDNEY,resnet50,25,regcomp,B,2900.0,cd_cs_100_vs_A_nL6_B4800,25,prop,theta2,donor,design,regB_t,200,50,0.00022497472967618418,1.0074426534112473,0.905,0.8996000000000001,0.85,,,0.0,1.0,,,,C_classical,62.0
INDIANA_KIDNEY,resnet50,25,regcomp,B,2900.0,cd_cs_100_vs_A_nL6_B4800,25,prop,theta2,donor,design,regB_t,200,50,0.00022278675494343772,1.004190349786978,0.9,0.8997000000000002,0.845,,,0.35257052528066885,0.0004,,,,C_ppi,62.0
INDIANA_KIDNEY,resnet50,25,regcomp,B,3100.0,cd_cs_100_vs_A_nL8_B4800,25,prop,theta3,donor,design,regB_t,200,50,0.0002117825562863479,1.001166911218924,0.9,0.8977999999999998,0.855,,,0.0,1.0,,,,r4_classical,66.0
INDIANA_KIDNEY,resnet50,25,regcomp,B,3100.0,cd_cs_100_vs_A_nL8_B4800,25,prop,theta3,donor,design,regB_t,200,50,0.00015421006603143247,0.9863932439221459,0.895,0.8979,0.865,,,0.8641936239126158,0.0,,,,r4_ppi,66.0
INDIANA_KIDNEY,resnet50,25,regcomp,B,3100.0,cd_cs_100_vs_A_nL8_B4800,25,prop,theta3,donor,design,regB_t,200,50,0.0001569378007970467,0.9826651733505007,0.905,0.902,0.85,,,0.0,1.0,,,,P_classical,66.0
INDIANA_KIDNEY,resnet50,25,regcomp,B,3100.0,cd_cs_100_vs_A_nL8_B4800,25,prop,theta3,donor,design,regB_t,200,50,0.0001555432459298654,0.9915817824122244,0.9,0.9007,0.86,,,0.44412325773459727,0.0892,,,,P_ppi,66.0
INDIANA_KIDNEY,resnet50,25,regcomp,B,3100.0,cd_cs_100_vs_A_nL8_B4800,25,prop,theta3,donor,design,regB_t,200,50,0.00013126117774773355,1.0090033733373385,0.905,0.9035999999999998,0.855,,,0.0,1.0,,,,C_classical,66.0
INDIANA_KIDNEY,resnet50,25,regcomp,B,3100.0,cd_cs_100_vs_A_nL8_B4800,25,prop,theta3,donor,design,regB_t,200,50,0.0001290368088377283,1.00306175432269,0.9,0.9023,0.855,,,0.40703568339751195,0.0842,,,,C_ppi,66.0
INDIANA_KIDNEY,resnet50,25,regcomp,B,3100.0,cd_cs_100_vs_A_nL8_B4800,25,prop,theta2,donor,design,regB_t,200,50,0.00021713999576918072,1.0113867356520119,0.895,0.9001,0.865,,,0.0,1.0,,,,r4_classical,66.0
INDIANA_KIDNEY,resnet50,25,regcomp,B,3100.0,cd_cs_100_vs_A_nL8_B4800,25,prop,theta2,donor,design,regB_t,200,50,0.00021694075315214633,1.01281388611251,0.9,0.9039999999999999,0.87,,,0.5707152931402732,0.0,,,,r4_ppi,66.0
INDIANA_KIDNEY,resnet50,25,regcomp,B,3100.0,cd_cs_100_vs_A_nL8_B4800,25,prop,theta2,donor,design,regB_t,200,50,0.00021713999576917985,1.0113867356520099,0.895,0.9001,0.865,,,0.0,1.0,,,,P_classical,66.0
INDIANA_KIDNEY,resnet50,25,regcomp,B,3100.0,cd_cs_100_vs_A_nL8_B4800,25,prop,theta2,donor,design,regB_t,200,50,0.0002169812888490446,1.0059250883737334,0.905,0.9033,0.87,,,0.5,0.1835,,,,P_ppi,66.0
INDIANA_KIDNEY,resnet50,25,regcomp,B,3100.0,cd_cs_100_vs_A_nL8_B4800,25,prop,theta2,donor,design,regB_t,200,50,0.00021713999576918064,1.0113867356520116,0.895,0.9001,0.865,,,0.0,1.0,,,,C_classical,66.0
INDIANA_KIDNEY,resnet50,25,regcomp,B,3100.0,cd_cs_100_vs_A_nL8_B4800,25,prop,theta2,donor,design,regB_t,200,50,0.00021587363047998788,1.0152284270814298,0.9025000000000001,0.9018999999999999,0.855,,,0.35098883795211766,0.0001,,,,C_ppi,66.0
INDIANA_KIDNEY,resnet50,25,regcomp,B,3500.0,cd_cs_100_vs_A_nL12_B4800,25,prop,theta3,donor,design,regB_t,200,50,0.00019455422310319336,0.9659410027935925,0.895,0.8928,0.86,,,0.0,1.0,,,,r4_classical,75.0
INDIANA_KIDNEY,resnet50,25,regcomp,B,3500.0,cd_cs_100_vs_A_nL12_B4800,25,prop,theta3,donor,design,regB_t,200,50,0.0001264826774837485,1.015042972763224,0.9025000000000001,0.9029,0.855,,,0.8683101481130377,0.0,,,,r4_ppi,75.0
INDIANA_KIDNEY,resnet50,25,regcomp,B,3500.0,cd_cs_100_vs_A_nL12_B4800,25,prop,theta3,donor,design,regB_t,200,50,0.00012322258996657584,1.0326905927451318,0.905,0.9035000000000001,0.855,,,0.0,1.0,,,,P_classical,75.0
INDIANA_KIDNEY,resnet50,25,regcomp,B,3500.0,cd_cs_100_vs_A_nL12_B4800,25,prop,theta3,donor,design,regB_t,200,50,0.00012142825796345977,1.0252880737881398,0.905,0.9034,0.85,,,0.44121382924173924,0.0853,,,,P_ppi,75.0
INDIANA_KIDNEY,resnet50,25,regcomp,B,3500.0,cd_cs_100_vs_A_nL12_B4800,25,prop,theta3,donor,design,regB_t,200,50,0.00010612487651721867,1.0305648596318173,0.905,0.9057999999999999,0.87,,,0.0,1.0,,,,C_classical,75.0
INDIANA_KIDNEY,resnet50,25,regcomp,B,3500.0,cd_cs_100_vs_A_nL12_B4800,25,prop,theta3,donor,design,regB_t,200,50,0.0001052396325737401,1.0456246475950612,0.9075,0.9067000000000001,0.86,,,0.4067589846501036,0.0749,,,,C_ppi,75.0
INDIANA_KIDNEY,resnet50,25,regcomp,B,3500.0,cd_cs_100_vs_A_nL12_B4800,25,prop,theta2,donor,design,regB_t,200,50,0.00017035940334136885,0.9826438464884915,0.8975,0.8942,0.84,,,0.0,1.0,,,,r4_classical,75.0
INDIANA_KIDNEY,resnet50,25,regcomp,B,3500.0,cd_cs_100_vs_A_nL12_B4800,25,prop,theta2,donor,design,regB_t,200,50,0.00017309425204978013,0.994607498223163,0.9,0.897,0.85,,,0.5785038751668699,0.0,,,,r4_ppi,75.0
INDIANA_KIDNEY,resnet50,25,regcomp,B,3500.0,cd_cs_100_vs_A_nL12_B4800,25,prop,theta2,donor,design,regB_t,200,50,0.0001703594033413696,0.9826438464884898,0.8975,0.8942,0.84,,,0.0,1.0,,,,P_classical,75.0
INDIANA_KIDNEY,resnet50,25,regcomp,B,3500.0,cd_cs_100_vs_A_nL12_B4800,25,prop,theta2,donor,design,regB_t,200,50,0.00017423235695686743,0.9919755772333843,0.895,0.8965,0.845,,,0.5,0.1802,,,,P_ppi,75.0
INDIANA_KIDNEY,resnet50,25,regcomp,B,3500.0,cd_cs_100_vs_A_nL12_B4800,25,prop,theta2,donor,design,regB_t,200,50,0.0001703594033413688,0.9826438464884911,0.8975,0.8942999999999999,0.84,,,0.0,1.0,,,,C_classical,75.0
INDIANA_KIDNEY,resnet50,25,regcomp,B,3500.0,cd_cs_100_vs_A_nL12_B4800,25,prop,theta2,donor,design,regB_t,200,50,0.000168531519719108,0.9811837409928255,0.9,0.8974,0.85,,,0.3484127003222345,0.0002,,,,C_ppi,75.0
INDIANA_KIDNEY,resnet50,25,regcomp,A,9600.0,unit,4,2400,theta3,donor,design,textbook_t|fpc|lin,200,50,0.0003543171707072386,0.9755290676839512,0.92,0.9128000000000002,0.845,,,0.0,1.0,,,,r4_classical,
INDIANA_KIDNEY,resnet50,25,regcomp,A,9600.0,unit,4,2400,theta3,donor,design,textbook_t|fpc|lin|xf,200,50,0.0003543171707072386,0.9755290676839512,0.92,0.9128000000000002,0.845,,,0.0,1.0,,,,r4_classical,
INDIANA_KIDNEY,resnet50,25,regcomp,A,9600.0,unit,4,2400,theta3,donor,design,textbook_t|fpc|lin,200,50,0.0003543171707072386,0.9755290676839512,0.92,0.9128000000000002,0.845,,,0.0,1.0,,,,r4_ppi,
INDIANA_KIDNEY,resnet50,25,regcomp,A,9600.0,unit,4,2400,theta3,donor,design,textbook_t|fpc|lin|xf,200,50,0.0003543171707072386,0.9755290676839512,0.92,0.9128000000000002,0.845,,,0.0,1.0,,,,r4_ppi,
INDIANA_KIDNEY,resnet50,25,regcomp,A,9600.0,unit,4,2400,theta3,donor,design,textbook_t|fpc|lin,200,50,0.00035055460179851336,0.9693004836424135,0.915,0.9126000000000001,0.84,,,0.0,1.0,,,,P_classical,
INDIANA_KIDNEY,resnet50,25,regcomp,A,9600.0,unit,4,2400,theta3,donor,design,textbook_t|fpc|lin|xf,200,50,0.00035055460179851336,0.9693004836424135,0.915,0.9126000000000001,0.84,,,0.0,1.0,,,,P_classical,
INDIANA_KIDNEY,resnet50,25,regcomp,A,9600.0,unit,4,2400,theta3,donor,design,textbook_t|fpc|lin,200,50,0.000350761519074887,0.9690718922248291,0.915,0.9129999999999999,0.84,,,0.40422386692913914,0.0201,,,,P_ppi,
INDIANA_KIDNEY,resnet50,25,regcomp,A,9600.0,unit,4,2400,theta3,donor,design,textbook_t|fpc|lin|xf,200,50,0.000350761519074887,0.9690718922248291,0.915,0.9129999999999999,0.84,,,0.40422386692913914,0.0201,,,,P_ppi,
INDIANA_KIDNEY,resnet50,25,regcomp,A,9600.0,unit,4,2400,theta3,donor,design,textbook_t|fpc|lin,200,50,0.00035140905951713645,0.9698536901598234,0.92,0.9125000000000001,0.835,,,0.0,1.0,,,,C_classical,
INDIANA_KIDNEY,resnet50,25,regcomp,A,9600.0,unit,4,2400,theta3,donor,design,textbook_t|fpc|lin|xf,200,50,0.00035140905951713645,0.9698536901598234,0.92,0.9125000000000001,0.835,,,0.0,1.0,,,,C_classical,
INDIANA_KIDNEY,resnet50,25,regcomp,A,9600.0,unit,4,2400,theta3,donor,design,textbook_t|fpc|lin,200,50,0.0003517828019854603,0.9671512370490014,0.9175,0.9128000000000001,0.84,,,0.38974308319446493,0.0183,,,,C_ppi,
INDIANA_KIDNEY,resnet50,25,regcomp,A,9600.0,unit,4,2400,theta3,donor,design,textbook_t|fpc|lin|xf,200,50,0.0003517828019854603,0.9671512370490014,0.9175,0.9128000000000001,0.84,,,0.38974308319446493,0.0183,,,,C_ppi,
INDIANA_KIDNEY,resnet50,25,regcomp,A,9600.0,unit,4,2400,theta2,donor,design,textbook_t|fpc|lin,200,50,0.023502814341660093,1.0164174853213415,0.8775,0.8604,0.69,,,0.0,1.0,,,,r4_classical,
INDIANA_KIDNEY,resnet50,25,regcomp,A,9600.0,unit,4,2400,theta2,donor,design,textbook_t|fpc|lin|xf,200,50,0.023502814341660093,1.0164174853213415,0.8775,0.8604,0.69,,,0.0,1.0,,,,r4_classical,
INDIANA_KIDNEY,resnet50,25,regcomp,A,9600.0,unit,4,2400,theta2,donor,design,textbook_t|fpc|lin,200,50,0.023502814341660093,1.0164174853213415,0.8775,0.8604,0.69,,,0.0,1.0,,,,r4_ppi,
INDIANA_KIDNEY,resnet50,25,regcomp,A,9600.0,unit,4,2400,theta2,donor,design,textbook_t|fpc|lin|xf,200,50,0.023502814341660093,1.0164174853213415,0.8775,0.8604,0.69,,,0.0,1.0,,,,r4_ppi,
INDIANA_KIDNEY,resnet50,25,regcomp,A,9600.0,unit,4,2400,theta2,donor,design,textbook_t|fpc|lin,200,50,0.023502814341660044,1.0164174853213495,0.8775,0.8604,0.69,,,0.0,1.0,,,,P_classical,
INDIANA_KIDNEY,resnet50,25,regcomp,A,9600.0,unit,4,2400,theta2,donor,design,textbook_t|fpc|lin|xf,200,50,0.023502814341660044,1.0164174853213495,0.8775,0.8604,0.69,,,0.0,1.0,,,,P_classical,
INDIANA_KIDNEY,resnet50,25,regcomp,A,9600.0,unit,4,2400,theta2,donor,design,textbook_t|fpc|lin,200,50,0.023502693838273907,1.0161436541874047,0.8775,0.8604,0.69,,,0.3480390544493866,0.2262,,,,P_ppi,
INDIANA_KIDNEY,resnet50,25,regcomp,A,9600.0,unit,4,2400,theta2,donor,design,textbook_t|fpc|lin|xf,200,50,0.023502693838273907,1.0161436541874047,0.8775,0.8604,0.69,,,0.3480390544493866,0.2262,,,,P_ppi,
INDIANA_KIDNEY,resnet50,25,regcomp,A,9600.0,unit,4,2400,theta2,donor,design,textbook_t|fpc|lin,200,50,0.0235028143416601,1.0164174853213417,0.8775,0.8604,0.69,,,0.0,1.0,,,,C_classical,
INDIANA_KIDNEY,resnet50,25,regcomp,A,9600.0,unit,4,2400,theta2,donor,design,textbook_t|fpc|lin|xf,200,50,0.0235028143416601,1.0164174853213417,0.8775,0.8604,0.69,,,0.0,1.0,,,,C_classical,
INDIANA_KIDNEY,resnet50,25,regcomp,A,9600.0,unit,4,2400,theta2,donor,design,textbook_t|fpc|lin,200,50,0.023503315173875397,1.0161767185780382,0.8775,0.8604,0.69,,,0.2877233677632644,0.0843,,,,C_ppi,
INDIANA_KIDNEY,resnet50,25,regcomp,A,9600.0,unit,4,2400,theta2,donor,design,textbook_t|fpc|lin|xf,200,50,0.023503315173875397,1.0161767185780382,0.8775,0.8604,0.69,,,0.2877233677632644,0.0843,,,,C_ppi,
INDIANA_KIDNEY,resnet50,25,regcomp,A,9600.0,unit,6,1600,theta3,donor,design,textbook_t|fpc|lin,200,50,0.00023706051363144124,1.0074103665424936,0.9075,0.9069000000000002,0.82,,,0.0,1.0,,,,r4_classical,
INDIANA_KIDNEY,resnet50,25,regcomp,A,9600.0,unit,6,1600,theta3,donor,design,textbook_t|fpc|lin|xf,200,50,0.00023706051363144124,1.0074103665424936,0.9075,0.9069000000000002,0.82,,,0.0,1.0,,,,r4_classical,
INDIANA_KIDNEY,resnet50,25,regcomp,A,9600.0,unit,6,1600,theta3,donor,design,textbook_t|fpc|lin,200,50,0.00024622986145210707,0.95986709315684,0.8975,0.8958999999999999,0.83,,,0.5,0.1446,,,,r4_ppi,
INDIANA_KIDNEY,resnet50,25,regcomp,A,9600.0,unit,6,1600,theta3,donor,design,textbook_t|fpc|lin|xf,200,50,0.00024622986145210707,0.966568832750851,0.9,0.8971000000000001,0.83,,,0.5,0.1446,,,,r4_ppi,
INDIANA_KIDNEY,resnet50,25,regcomp,A,9600.0,unit,6,1600,theta3,donor,design,textbook_t|fpc|lin,200,50,0.00023719890239964886,1.008171299352202,0.9075,0.9081000000000001,0.825,,,0.0,1.0,,,,P_classical,
INDIANA_KIDNEY,resnet50,25,regcomp,A,9600.0,unit,6,1600,theta3,donor,design,textbook_t|fpc|lin|xf,200,50,0.00023719890239964886,1.008171299352202,0.9075,0.9081000000000001,0.825,,,0.0,1.0,,,,P_classical,
INDIANA_KIDNEY,resnet50,25,regcomp,A,9600.0,unit,6,1600,theta3,donor,design,textbook_t|fpc|lin,200,50,0.0002465731022245049,0.9721120647819337,0.9,0.8965000000000001,0.84,,,0.43357922050729314,0.0124,,,,P_ppi,
INDIANA_KIDNEY,resnet50,25,regcomp,A,9600.0,unit,6,1600,theta3,donor,design,textbook_t|fpc|lin|xf,200,50,0.0002465731022245049,0.977770715196405,0.9,0.8976,0.84,,,0.43357922050729314,0.0124,,,,P_ppi,
INDIANA_KIDNEY,resnet50,25,regcomp,A,9600.0,unit,6,1600,theta3,donor,design,textbook_t|fpc|lin,200,50,0.0002359643801784043,1.006629125249524,0.905,0.9067000000000001,0.82,,,0.0,1.0,,,,C_classical,
INDIANA_KIDNEY,resnet50,25,regcomp,A,9600.0,unit,6,1600,theta3,donor,design,textbook_t|fpc|lin|xf,200,50,0.0002359643801784043,1.006629125249524,0.905,0.9067000000000001,0.82,,,0.0,1.0,,,,C_classical,
INDIANA_KIDNEY,resnet50,25,regcomp,A,9600.0,unit,6,1600,theta3,donor,design,textbook_t|fpc|lin,200,50,0.0002456166979301247,0.9690136223572141,0.9,0.8961999999999999,0.845,,,0.4089706527149616,0.0071,,,,C_ppi,
INDIANA_KIDNEY,resnet50,25,regcomp,A,9600.0,unit,6,1600,theta3,donor,design,textbook_t|fpc|lin|xf,200,50,0.0002456166979301247,0.9735094722985331,0.9,0.8973,0.845,,,0.4089706527149616,0.0071,,,,C_ppi,
INDIANA_KIDNEY,resnet50,25,regcomp,A,9600.0,unit,6,1600,theta2,donor,design,textbook_t|fpc|lin,200,50,0.01236403169422593,0.9828444922504007,0.875,0.8555999999999999,0.65,,,0.0,1.0,,,,r4_classical,
INDIANA_KIDNEY,resnet50,25,regcomp,A,9600.0,unit,6,1600,theta2,donor,design,textbook_t|fpc|lin|xf,200,50,0.01236403169422593,0.9828444922504007,0.875,0.8555999999999999,0.65,,,0.0,1.0,,,,r4_classical,
INDIANA_KIDNEY,resnet50,25,regcomp,A,9600.0,unit,6,1600,theta2,donor,design,textbook_t|fpc|lin,200,50,0.012356802628381722,0.9804279641397557,0.875,0.8559,0.665,,,0.0,0.8129,,,,r4_ppi,
INDIANA_KIDNEY,resnet50,25,regcomp,A,9600.0,unit,6,1600,theta2,donor,design,textbook_t|fpc|lin|xf,200,50,0.012356802628381722,0.9825478883988528,0.875,0.8561,0.665,,,0.0,0.8129,,,,r4_ppi,
INDIANA_KIDNEY,resnet50,25,regcomp,A,9600.0,unit,6,1600,theta2,donor,design,textbook_t|fpc|lin,200,50,0.012364031694225952,0.982844492250402,0.875,0.8555999999999999,0.65,,,0.0,1.0,,,,P_classical,
INDIANA_KIDNEY,resnet50,25,regcomp,A,9600.0,unit,6,1600,theta2,donor,design,textbook_t|fpc|lin|xf,200,50,0.012364031694225952,0.982844492250402,0.875,0.8555999999999999,0.65,,,0.0,1.0,,,,P_classical,
INDIANA_KIDNEY,resnet50,25,regcomp,A,9600.0,unit,6,1600,theta2,donor,design,textbook_t|fpc|lin,200,50,0.012355573470569595,0.980550543219094,0.875,0.856,0.665,,,0.3912568673785624,0.2774,,,,P_ppi,
INDIANA_KIDNEY,resnet50,25,regcomp,A,9600.0,unit,6,1600,theta2,donor,design,textbook_t|fpc|lin|xf,200,50,0.012355573470569595,0.9826783016436655,0.875,0.8562000000000001,0.665,,,0.3912568673785624,0.2774,,,,P_ppi,
INDIANA_KIDNEY,resnet50,25,regcomp,A,9600.0,unit,6,1600,theta2,donor,design,textbook_t|fpc|lin,200,50,0.012364031694225928,0.9828444922504009,0.875,0.8555999999999999,0.65,,,0.0,1.0,,,,C_classical,
INDIANA_KIDNEY,resnet50,25,regcomp,A,9600.0,unit,6,1600,theta2,donor,design,textbook_t|fpc|lin|xf,200,50,0.012364031694225928,0.9828444922504009,0.875,0.8555999999999999,0.65,,,0.0,1.0,,,,C_classical,
INDIANA_KIDNEY,resnet50,25,regcomp,A,9600.0,unit,6,1600,theta2,donor,design,textbook_t|fpc|lin,200,50,0.012355749547201863,0.9804749943343247,0.875,0.856,0.665,,,0.30912219238480837,0.0475,,,,C_ppi,
INDIANA_KIDNEY,resnet50,25,regcomp,A,9600.0,unit,6,1600,theta2,donor,design,textbook_t|fpc|lin|xf,200,50,0.012355749547201863,0.9826008714942898,0.875,0.8562000000000001,0.665,,,0.30912219238480837,0.0475,,,,C_ppi,
INDIANA_KIDNEY,resnet50,25,regcomp,A,9600.0,unit,8,1200,theta3,donor,design,textbook_t|fpc|lin,200,50,0.00016359787640993082,1.004105152592754,0.8925000000000001,0.8885999999999998,0.8,,,0.0,1.0,,,,r4_classical,
INDIANA_KIDNEY,resnet50,25,regcomp,A,9600.0,unit,8,1200,theta3,donor,design,textbook_t|fpc|lin|xf,200,50,0.00016359787640993082,1.004105152592754,0.8925000000000001,0.8885999999999998,0.8,,,0.0,1.0,,,,r4_classical,
INDIANA_KIDNEY,resnet50,25,regcomp,A,9600.0,unit,8,1200,theta3,donor,design,textbook_t|fpc|lin,200,50,0.00017023202694984685,1.0023288440909848,0.89,0.8883000000000001,0.83,,,0.5,0.1408,,,,r4_ppi,
INDIANA_KIDNEY,resnet50,25,regcomp,A,9600.0,unit,8,1200,theta3,donor,design,textbook_t|fpc|lin|xf,200,50,0.00017023202694984685,1.0129018231085778,0.89,0.8906000000000002,0.83,,,0.5,0.1408,,,,r4_ppi,
INDIANA_KIDNEY,resnet50,25,regcomp,A,9600.0,unit,8,1200,theta3,donor,design,textbook_t|fpc|lin,200,50,0.0001621316114078048,1.0213433657001054,0.895,0.8889999999999999,0.77,,,0.0,1.0,,,,P_classical,
INDIANA_KIDNEY,resnet50,25,regcomp,A,9600.0,unit,8,1200,theta3,donor,design,textbook_t|fpc|lin|xf,200,50,0.0001621316114078048,1.0213433657001054,0.895,0.8889999999999999,0.77,,,0.0,1.0,,,,P_classical,
INDIANA_KIDNEY,resnet50,25,regcomp,A,9600.0,unit,8,1200,theta3,donor,design,textbook_t|fpc|lin,200,50,0.00016883077987949862,1.017882668737208,0.89,0.8904000000000001,0.82,,,0.4477908880098649,0.0102,,,,P_ppi,
INDIANA_KIDNEY,resnet50,25,regcomp,A,9600.0,unit,8,1200,theta3,donor,design,textbook_t|fpc|lin|xf,200,50,0.00016883077987949862,1.0271539767003461,0.895,0.8919999999999999,0.825,,,0.4477908880098649,0.0102,,,,P_ppi,
INDIANA_KIDNEY,resnet50,25,regcomp,A,9600.0,unit,8,1200,theta3,donor,design,textbook_t|fpc|lin,200,50,0.00016226572231597304,1.037141697453345,0.89,0.8875,0.775,,,0.0,1.0,,,,C_classical,
INDIANA_KIDNEY,resnet50,25,regcomp,A,9600.0,unit,8,1200,theta3,donor,design,textbook_t|fpc|lin|xf,200,50,0.00016226572231597304,1.037141697453345,0.89,0.8875,0.775,,,0.0,1.0,,,,C_classical,
INDIANA_KIDNEY,resnet50,25,regcomp,A,9600.0,unit,8,1200,theta3,donor,design,textbook_t|fpc|lin,200,50,0.0001646611241555172,1.0194559854047358,0.8925000000000001,0.8913000000000001,0.815,,,0.4090010430676095,0.0034,,,,C_ppi,
INDIANA_KIDNEY,resnet50,25,regcomp,A,9600.0,unit,8,1200,theta3,donor,design,textbook_t|fpc|lin|xf,200,50,0.0001646611241555172,1.0286612960469839,0.895,0.8928,0.815,,,0.4090010430676095,0.0034,,,,C_ppi,
INDIANA_KIDNEY,resnet50,25,regcomp,A,9600.0,unit,8,1200,theta2,donor,design,textbook_t|fpc|lin,200,50,0.008791077614986832,1.0161151190846733,0.88,0.8613,0.675,,,0.0,1.0,,,,r4_classical,
INDIANA_KIDNEY,resnet50,25,regcomp,A,9600.0,unit,8,1200,theta2,donor,design,textbook_t|fpc|lin|xf,200,50,0.008791077614986832,1.0161151190846733,0.88,0.8613,0.675,,,0.0,1.0,,,,r4_classical,
INDIANA_KIDNEY,resnet50,25,regcomp,A,9600.0,unit,8,1200,theta2,donor,design,textbook_t|fpc|lin,200,50,0.009404650876312332,1.0042995937921797,0.88,0.8643,0.68,,,0.3095728576735981,0.4235,,,,r4_ppi,
INDIANA_KIDNEY,resnet50,25,regcomp,A,9600.0,unit,8,1200,theta2,donor,design,textbook_t|fpc|lin|xf,200,50,0.009404650876312332,1.0141832204503691,0.88,0.8657,0.68,,,0.3095728576735981,0.4235,,,,r4_ppi,
INDIANA_KIDNEY,resnet50,25,regcomp,A,9600.0,unit,8,1200,theta2,donor,design,textbook_t|fpc|lin,200,50,0.008791077614986802,1.016115119084673,0.88,0.8613,0.675,,,0.0,1.0,,,,P_classical,
INDIANA_KIDNEY,resnet50,25,regcomp,A,9600.0,unit,8,1200,theta2,donor,design,textbook_t|fpc|lin|xf,200,50,0.008791077614986802,1.016115119084673,0.88,0.8613,0.675,,,0.0,1.0,,,,P_classical,
INDIANA_KIDNEY,resnet50,25,regcomp,A,9600.0,unit,8,1200,theta2,donor,design,textbook_t|fpc|lin,200,50,0.009407701736438238,1.0047460187378698,0.88,0.8645,0.68,,,0.46283985642017494,0.2744,,,,P_ppi,
INDIANA_KIDNEY,resnet50,25,regcomp,A,9600.0,unit,8,1200,theta2,donor,design,textbook_t|fpc|lin|xf,200,50,0.009407701736438238,1.0145104654147246,0.88,0.8658000000000001,0.68,,,0.46283985642017494,0.2744,,,,P_ppi,
INDIANA_KIDNEY,resnet50,25,regcomp,A,9600.0,unit,8,1200,theta2,donor,design,textbook_t|fpc|lin,200,50,0.008791077614986832,1.016115119084673,0.88,0.8613,0.675,,,0.0,1.0,,,,C_classical,
INDIANA_KIDNEY,resnet50,25,regcomp,A,9600.0,unit,8,1200,theta2,donor,design,textbook_t|fpc|lin|xf,200,50,0.008791077614986832,1.016115119084673,0.88,0.8613,0.675,,,0.0,1.0,,,,C_classical,
INDIANA_KIDNEY,resnet50,25,regcomp,A,9600.0,unit,8,1200,theta2,donor,design,textbook_t|fpc|lin,200,50,0.009407475675475264,1.0044789783519776,0.88,0.8643,0.68,,,0.3145191569647866,0.032,,,,C_ppi,
INDIANA_KIDNEY,resnet50,25,regcomp,A,9600.0,unit,8,1200,theta2,donor,design,textbook_t|fpc|lin|xf,200,50,0.009407475675475264,1.013753637897317,0.88,0.8656,0.68,,,0.3145191569647866,0.032,,,,C_ppi,
INDIANA_KIDNEY,resnet50,25,regcomp,A,9600.0,unit,12,800,theta3,donor,design,textbook_t|fpc|lin,200,50,8.369362152727553e-05,1.0603851001449383,0.9,0.8965,0.75,,,0.0,1.0,,,,r4_classical,
INDIANA_KIDNEY,resnet50,25,regcomp,A,9600.0,unit,12,800,theta3,donor,design,textbook_t|fpc|lin|xf,200,50,8.369362152727553e-05,1.0603851001449383,0.9,0.8965,0.75,,,0.0,1.0,,,,r4_classical,
INDIANA_KIDNEY,resnet50,25,regcomp,A,9600.0,unit,12,800,theta3,donor,design,textbook_t|fpc|lin,200,50,8.614068533967624e-05,1.0540051406452302,0.9,0.8984000000000001,0.78,,,0.5,0.0905,,,,r4_ppi,
INDIANA_KIDNEY,resnet50,25,regcomp,A,9600.0,unit,12,800,theta3,donor,design,textbook_t|fpc|lin|xf,200,50,8.614068533967624e-05,1.0729556541982617,0.9,0.9017000000000002,0.785,,,0.5,0.0905,,,,r4_ppi,
INDIANA_KIDNEY,resnet50,25,regcomp,A,9600.0,unit,12,800,theta3,donor,design,textbook_t|fpc|lin,200,50,8.181365509651951e-05,1.0643835708984506,0.9,0.8974000000000001,0.75,,,0.0,1.0,,,,P_classical,
INDIANA_KIDNEY,resnet50,25,regcomp,A,9600.0,unit,12,800,theta3,donor,design,textbook_t|fpc|lin|xf,200,50,8.181365509651951e-05,1.0643835708984506,0.9,0.8974000000000001,0.75,,,0.0,1.0,,,,P_classical,
INDIANA_KIDNEY,resnet50,25,regcomp,A,9600.0,unit,12,800,theta3,donor,design,textbook_t|fpc|lin,200,50,8.579756707180934e-05,1.0388451018405847,0.9,0.9001000000000002,0.8,,,0.4643877293606071,0.0054,,,,P_ppi,
INDIANA_KIDNEY,resnet50,25,regcomp,A,9600.0,unit,12,800,theta3,donor,design,textbook_t|fpc|lin|xf,200,50,8.579756707180934e-05,1.0609792107943377,0.905,0.9034,0.81,,,0.4643877293606071,0.0054,,,,P_ppi,
INDIANA_KIDNEY,resnet50,25,regcomp,A,9600.0,unit,12,800,theta3,donor,design,textbook_t|fpc|lin,200,50,8.069769739051573e-05,1.0576214047630978,0.9,0.8969,0.74,,,0.0,1.0,,,,C_classical,
INDIANA_KIDNEY,resnet50,25,regcomp,A,9600.0,unit,12,800,theta3,donor,design,textbook_t|fpc|lin|xf,200,50,8.069769739051573e-05,1.0576214047630978,0.9,0.8969,0.74,,,0.0,1.0,,,,C_classical,
INDIANA_KIDNEY,resnet50,25,regcomp,A,9600.0,unit,12,800,theta3,donor,design,textbook_t|fpc|lin,200,50,8.502593484135409e-05,1.0482791063183825,0.9,0.8989000000000001,0.81,,,0.4324611028337261,0.0013,,,,C_ppi,
INDIANA_KIDNEY,resnet50,25,regcomp,A,9600.0,unit,12,800,theta3,donor,design,textbook_t|fpc|lin|xf,200,50,8.502593484135409e-05,1.069232409676848,0.9,0.9026000000000001,0.815,,,0.4324611028337261,0.0013,,,,C_ppi,
INDIANA_KIDNEY,resnet50,25,regcomp,A,9600.0,unit,12,800,theta2,donor,design,textbook_t|fpc|lin,200,50,0.00454340688963859,1.012591446834824,0.8725,0.8636999999999999,0.765,,,0.0,1.0,,,,r4_classical,
INDIANA_KIDNEY,resnet50,25,regcomp,A,9600.0,unit,12,800,theta2,donor,design,textbook_t|fpc|lin|xf,200,50,0.00454340688963859,1.012591446834824,0.8725,0.8636999999999999,0.765,,,0.0,1.0,,,,r4_classical,
INDIANA_KIDNEY,resnet50,25,regcomp,A,9600.0,unit,12,800,theta2,donor,design,textbook_t|fpc|lin,200,50,0.005028984695037688,0.981327774462531,0.87,0.8652,0.775,,,0.5,0.313,,,,r4_ppi,
INDIANA_KIDNEY,resnet50,25,regcomp,A,9600.0,unit,12,800,theta2,donor,design,textbook_t|fpc|lin|xf,200,50,0.005028984695037688,1.0003632380758605,0.87,0.8685,0.775,,,0.5,0.313,,,,r4_ppi,
INDIANA_KIDNEY,resnet50,25,regcomp,A,9600.0,unit,12,800,theta2,donor,design,textbook_t|fpc|lin,200,50,0.004543406889638585,1.012591446834823,0.8725,0.8636999999999999,0.765,,,0.0,1.0,,,,P_classical,
INDIANA_KIDNEY,resnet50,25,regcomp,A,9600.0,unit,12,800,theta2,donor,design,textbook_t|fpc|lin|xf,200,50,0.004543406889638585,1.012591446834823,0.8725,0.8636999999999999,0.765,,,0.0,1.0,,,,P_classical,
INDIANA_KIDNEY,resnet50,25,regcomp,A,9600.0,unit,12,800,theta2,donor,design,textbook_t|fpc|lin,200,50,0.005027316729596566,0.981742164087133,0.87,0.8655000000000002,0.775,,,0.4921636009977878,0.3003,,,,P_ppi,
INDIANA_KIDNEY,resnet50,25,regcomp,A,9600.0,unit,12,800,theta2,donor,design,textbook_t|fpc|lin|xf,200,50,0.005027316729596566,1.0003700979707972,0.87,0.8687,0.775,,,0.4921636009977878,0.3003,,,,P_ppi,
INDIANA_KIDNEY,resnet50,25,regcomp,A,9600.0,unit,12,800,theta2,donor,design,textbook_t|fpc|lin,200,50,0.004543406889638588,1.0125914468348238,0.8725,0.8636999999999999,0.765,,,0.0,1.0,,,,C_classical,
INDIANA_KIDNEY,resnet50,25,regcomp,A,9600.0,unit,12,800,theta2,donor,design,textbook_t|fpc|lin|xf,200,50,0.004543406889638588,1.0125914468348238,0.8725,0.8636999999999999,0.765,,,0.0,1.0,,,,C_classical,
INDIANA_KIDNEY,resnet50,25,regcomp,A,9600.0,unit,12,800,theta2,donor,design,textbook_t|fpc|lin,200,50,0.00502878848694022,0.9814568679123563,0.87,0.8656,0.775,,,0.3202346704834417,0.0166,,,,C_ppi,
INDIANA_KIDNEY,resnet50,25,regcomp,A,9600.0,unit,12,800,theta2,donor,design,textbook_t|fpc|lin|xf,200,50,0.00502878848694022,1.00076394371033,0.87,0.8687999999999999,0.775,,,0.3202346704834417,0.0166,,,,C_ppi,
INDIANA_KIDNEY,resnet50,25,regcomp,B,9600.0,unit,25,prop,theta3,donor,design,regB_t,200,50,5.2752228797075645e-05,0.9866131172960042,0.8975,0.899,0.845,,,0.0,1.0,,,,r4_classical,206.0
INDIANA_KIDNEY,resnet50,25,regcomp,B,9600.0,unit,25,prop,theta3,donor,design,regB_t,200,50,3.7949258440758566e-05,0.991890654255606,0.9,0.8985000000000001,0.84,,,0.8685123502879767,0.0,,,,r4_ppi,206.0
INDIANA_KIDNEY,resnet50,25,regcomp,B,9600.0,unit,25,prop,theta3,donor,design,regB_t,200,50,3.885341637515421e-05,0.9805168246693131,0.9,0.8986999999999999,0.845,,,0.0,1.0,,,,P_classical,206.0
INDIANA_KIDNEY,resnet50,25,regcomp,B,9600.0,unit,25,prop,theta3,donor,design,regB_t,200,50,3.730711526831913e-05,0.9947453585525075,0.905,0.903,0.85,,,0.4426441160680365,0.0545,,,,P_ppi,206.0
INDIANA_KIDNEY,resnet50,25,regcomp,B,9600.0,unit,25,prop,theta3,donor,design,regB_t,200,50,3.444598612894757e-05,1.0002355498959496,0.905,0.9009,0.85,,,0.0,1.0,,,,C_classical,206.0
INDIANA_KIDNEY,resnet50,25,regcomp,B,9600.0,unit,25,prop,theta3,donor,design,regB_t,200,50,3.404079946239084e-05,1.00619113504098,0.905,0.9012,0.855,,,0.4044394526712658,0.0265,,,,C_ppi,206.0
INDIANA_KIDNEY,resnet50,25,regcomp,B,9600.0,unit,25,prop,theta2,donor,design,regB_t,200,50,3.362626696461381e-05,1.0015634728596159,0.9025000000000001,0.9039,0.86,,,0.0,1.0,,,,r4_classical,206.0
INDIANA_KIDNEY,resnet50,25,regcomp,B,9600.0,unit,25,prop,theta2,donor,design,regB_t,200,50,3.470304707916146e-05,0.9879703797681019,0.9,0.8991,0.855,,,0.579165260480218,0.0,,,,r4_ppi,206.0
INDIANA_KIDNEY,resnet50,25,regcomp,B,9600.0,unit,25,prop,theta2,donor,design,regB_t,200,50,3.362626696461425e-05,1.0015634728596114,0.9025000000000001,0.9039,0.86,,,0.0,1.0,,,,P_classical,206.0
INDIANA_KIDNEY,resnet50,25,regcomp,B,9600.0,unit,25,prop,theta2,donor,design,regB_t,200,50,3.3277137229091846e-05,0.9967691362292054,0.9,0.9025,0.86,,,0.5,0.1782,,,,P_ppi,206.0
INDIANA_KIDNEY,resnet50,25,regcomp,B,9600.0,unit,25,prop,theta2,donor,design,regB_t,200,50,3.362626696461382e-05,1.0015634728596154,0.9025000000000001,0.9039,0.86,,,0.0,1.0,,,,C_classical,206.0
INDIANA_KIDNEY,resnet50,25,regcomp,B,9600.0,unit,25,prop,theta2,donor,design,regB_t,200,50,3.3479766854316724e-05,0.9997272834810286,0.9,0.9018,0.865,,,0.3486680012428717,0.0,,,,C_ppi,206.0
INDIANA_KIDNEY,resnet50,25,regcomp,B,9390.0,cd_cs_10_vs_A_nL4_B9600,25,prop,theta3,donor,design,regB_t,200,50,5.231194835111363e-05,1.0518715841319182,0.91,0.9057000000000001,0.86,,,0.0,1.0,,,,r4_classical,201.0
INDIANA_KIDNEY,resnet50,25,regcomp,B,9390.0,cd_cs_10_vs_A_nL4_B9600,25,prop,theta3,donor,design,regB_t,200,50,3.907135195885894e-05,1.023106665413248,0.91,0.9059999999999998,0.835,,,0.8711380090141956,0.0,,,,r4_ppi,201.0
INDIANA_KIDNEY,resnet50,25,regcomp,B,9390.0,cd_cs_10_vs_A_nL4_B9600,25,prop,theta3,donor,design,regB_t,200,50,3.964953522154402e-05,1.0382741036234115,0.905,0.9027,0.84,,,0.0,1.0,,,,P_classical,201.0
INDIANA_KIDNEY,resnet50,25,regcomp,B,9390.0,cd_cs_10_vs_A_nL4_B9600,25,prop,theta3,donor,design,regB_t,200,50,3.861469551757806e-05,1.0247806344795394,0.905,0.9037000000000002,0.825,,,0.44666601301510217,0.0633,,,,P_ppi,201.0
INDIANA_KIDNEY,resnet50,25,regcomp,B,9390.0,cd_cs_10_vs_A_nL4_B9600,25,prop,theta3,donor,design,regB_t,200,50,3.4659698601420915e-05,1.0213513598156614,0.905,0.9043000000000001,0.84,,,0.0,1.0,,,,C_classical,201.0
INDIANA_KIDNEY,resnet50,25,regcomp,B,9390.0,cd_cs_10_vs_A_nL4_B9600,25,prop,theta3,donor,design,regB_t,200,50,3.3574826407223924e-05,1.025704596762775,0.9075,0.9049,0.83,,,0.40132240572610756,0.0292,,,,C_ppi,201.0
INDIANA_KIDNEY,resnet50,25,regcomp,B,9390.0,cd_cs_10_vs_A_nL4_B9600,25,prop,theta2,donor,design,regB_t,200,50,3.430401445881815e-05,1.018084550175439,0.905,0.9025,0.85,,,0.0,1.0,,,,r4_classical,201.0
INDIANA_KIDNEY,resnet50,25,regcomp,B,9390.0,cd_cs_10_vs_A_nL4_B9600,25,prop,theta2,donor,design,regB_t,200,50,3.491166788025553e-05,1.0230418280129983,0.9025000000000001,0.9022,0.86,,,0.57815692015154,0.0,,,,r4_ppi,201.0
INDIANA_KIDNEY,resnet50,25,regcomp,B,9390.0,cd_cs_10_vs_A_nL4_B9600,25,prop,theta2,donor,design,regB_t,200,50,3.4304014458817826e-05,1.0180845501754283,0.905,0.9025,0.85,,,0.0,1.0,,,,P_classical,201.0
INDIANA_KIDNEY,resnet50,25,regcomp,B,9390.0,cd_cs_10_vs_A_nL4_B9600,25,prop,theta2,donor,design,regB_t,200,50,3.527780084277963e-05,1.0186705448244213,0.9,0.9011999999999999,0.86,,,0.5,0.1826,,,,P_ppi,201.0
INDIANA_KIDNEY,resnet50,25,regcomp,B,9390.0,cd_cs_10_vs_A_nL4_B9600,25,prop,theta2,donor,design,regB_t,200,50,3.430401445881816e-05,1.0180845501754394,0.905,0.9025,0.85,,,0.0,1.0,,,,C_classical,201.0
INDIANA_KIDNEY,resnet50,25,regcomp,B,9390.0,cd_cs_10_vs_A_nL4_B9600,25,prop,theta2,donor,design,regB_t,200,50,3.384668118735114e-05,1.0263935421793156,0.905,0.9014,0.855,,,0.34742764714253604,0.0,,,,C_ppi,201.0
INDIANA_KIDNEY,resnet50,25,regcomp,B,9410.0,cd_cs_10_vs_A_nL6_B9600,25,prop,theta3,donor,design,regB_t,200,50,4.9469548161382954e-05,1.0367404111121907,0.905,0.9063000000000001,0.87,,,0.0,1.0,,,,r4_classical,202.0
INDIANA_KIDNEY,resnet50,25,regcomp,B,9410.0,cd_cs_10_vs_A_nL6_B9600,25,prop,theta3,donor,design,regB_t,200,50,3.4049540645308936e-05,1.0359708354587391,0.91,0.9091000000000001,0.85,,,0.8693171356791696,0.0,,,,r4_ppi,202.0
INDIANA_KIDNEY,resnet50,25,regcomp,B,9410.0,cd_cs_10_vs_A_nL6_B9600,25,prop,theta3,donor,design,regB_t,200,50,3.595597974811085e-05,1.0259599282611456,0.9125000000000001,0.9097000000000002,0.865,,,0.0,1.0,,,,P_classical,202.0
INDIANA_KIDNEY,resnet50,25,regcomp,B,9410.0,cd_cs_10_vs_A_nL6_B9600,25,prop,theta3,donor,design,regB_t,200,50,3.4191631110525275e-05,1.0258526149686529,0.9075,0.9079000000000002,0.86,,,0.44877715513127553,0.0575,,,,P_ppi,202.0
INDIANA_KIDNEY,resnet50,25,regcomp,B,9410.0,cd_cs_10_vs_A_nL6_B9600,25,prop,theta3,donor,design,regB_t,200,50,3.2964844287493465e-05,1.0134856565873185,0.905,0.9018,0.84,,,0.0,1.0,,,,C_classical,202.0
INDIANA_KIDNEY,resnet50,25,regcomp,B,9410.0,cd_cs_10_vs_A_nL6_B9600,25,prop,theta3,donor,design,regB_t,200,50,3.215023601707352e-05,1.014297105204609,0.91,0.903,0.84,,,0.4033085057173004,0.0277,,,,C_ppi,202.0
INDIANA_KIDNEY,resnet50,25,regcomp,B,9410.0,cd_cs_10_vs_A_nL6_B9600,25,prop,theta2,donor,design,regB_t,200,50,3.2915820008710015e-05,1.0281874587454605,0.905,0.9030999999999999,0.86,,,0.0,1.0,,,,r4_classical,202.0
INDIANA_KIDNEY,resnet50,25,regcomp,B,9410.0,cd_cs_10_vs_A_nL6_B9600,25,prop,theta2,donor,design,regB_t,200,50,3.4506365469724184e-05,1.0136574191707717,0.9025000000000001,0.9007000000000001,0.855,,,0.580590690076341,0.0,,,,r4_ppi,202.0
INDIANA_KIDNEY,resnet50,25,regcomp,B,9410.0,cd_cs_10_vs_A_nL6_B9600,25,prop,theta2,donor,design,regB_t,200,50,3.2915820008710164e-05,1.0281874587454491,0.905,0.9030999999999999,0.86,,,0.0,1.0,,,,P_classical,202.0
INDIANA_KIDNEY,resnet50,25,regcomp,B,9410.0,cd_cs_10_vs_A_nL6_B9600,25,prop,theta2,donor,design,regB_t,200,50,3.3351231594971356e-05,1.0223989141218706,0.9,0.9016000000000001,0.865,,,0.5,0.1812,,,,P_ppi,202.0
INDIANA_KIDNEY,resnet50,25,regcomp,B,9410.0,cd_cs_10_vs_A_nL6_B9600,25,prop,theta2,donor,design,regB_t,200,50,3.291582000871e-05,1.0281874587454602,0.905,0.9030999999999999,0.86,,,0.0,1.0,,,,C_classical,202.0
INDIANA_KIDNEY,resnet50,25,regcomp,B,9410.0,cd_cs_10_vs_A_nL6_B9600,25,prop,theta2,donor,design,regB_t,200,50,3.2643867382978884e-05,1.0168227203410065,0.905,0.9011999999999999,0.86,,,0.34981472740481623,0.0,,,,C_ppi,202.0
INDIANA_KIDNEY,resnet50,25,regcomp,B,9430.0,cd_cs_10_vs_A_nL8_B9600,25,prop,theta3,donor,design,regB_t,200,50,5.797723792311982e-05,0.9573567621444883,0.89,0.8886,0.85,,,0.0,1.0,,,,r4_classical,202.0
INDIANA_KIDNEY,resnet50,25,regcomp,B,9430.0,cd_cs_10_vs_A_nL8_B9600,25,prop,theta3,donor,design,regB_t,200,50,3.823552045102205e-05,1.008719619660746,0.895,0.8970000000000001,0.82,,,0.8717015421879111,0.0,,,,r4_ppi,202.0
INDIANA_KIDNEY,resnet50,25,regcomp,B,9430.0,cd_cs_10_vs_A_nL8_B9600,25,prop,theta3,donor,design,regB_t,200,50,3.8232668587295013e-05,1.005482483379272,0.8925000000000001,0.8924000000000002,0.84,,,0.0,1.0,,,,P_classical,202.0
INDIANA_KIDNEY,resnet50,25,regcomp,B,9430.0,cd_cs_10_vs_A_nL8_B9600,25,prop,theta3,donor,design,regB_t,200,50,3.7760485366685514e-05,0.9935119469644154,0.895,0.8949000000000001,0.85,,,0.44500128761011204,0.0572,,,,P_ppi,202.0
INDIANA_KIDNEY,resnet50,25,regcomp,B,9430.0,cd_cs_10_vs_A_nL8_B9600,25,prop,theta3,donor,design,regB_t,200,50,3.547627148186509e-05,0.9843227869523505,0.895,0.895,0.85,,,0.0,1.0,,,,C_classical,202.0
INDIANA_KIDNEY,resnet50,25,regcomp,B,9430.0,cd_cs_10_vs_A_nL8_B9600,25,prop,theta3,donor,design,regB_t,200,50,3.494809229004207e-05,0.9899122963495255,0.8975,0.8976,0.85,,,0.4002320123136029,0.0269,,,,C_ppi,202.0
INDIANA_KIDNEY,resnet50,25,regcomp,B,9430.0,cd_cs_10_vs_A_nL8_B9600,25,prop,theta2,donor,design,regB_t,200,50,3.624266693678497e-05,0.9733508906635194,0.9,0.8992999999999999,0.845,,,0.0,1.0,,,,r4_classical,202.0
INDIANA_KIDNEY,resnet50,25,regcomp,B,9430.0,cd_cs_10_vs_A_nL8_B9600,25,prop,theta2,donor,design,regB_t,200,50,3.589077896987669e-05,0.9902712069742978,0.9025000000000001,0.8994000000000001,0.85,,,0.577783267360135,0.0,,,,r4_ppi,202.0
INDIANA_KIDNEY,resnet50,25,regcomp,B,9430.0,cd_cs_10_vs_A_nL8_B9600,25,prop,theta2,donor,design,regB_t,200,50,3.624266693678559e-05,0.9733508906635151,0.9,0.8992999999999999,0.845,,,0.0,1.0,,,,P_classical,202.0
INDIANA_KIDNEY,resnet50,25,regcomp,B,9430.0,cd_cs_10_vs_A_nL8_B9600,25,prop,theta2,donor,design,regB_t,200,50,3.614440771842471e-05,0.9780001361564281,0.905,0.899,0.855,,,0.5,0.1766,,,,P_ppi,202.0
INDIANA_KIDNEY,resnet50,25,regcomp,B,9430.0,cd_cs_10_vs_A_nL8_B9600,25,prop,theta2,donor,design,regB_t,200,50,3.624266693678494e-05,0.9733508906635202,0.9,0.8993999999999999,0.845,,,0.0,1.0,,,,C_classical,202.0
INDIANA_KIDNEY,resnet50,25,regcomp,B,9430.0,cd_cs_10_vs_A_nL8_B9600,25,prop,theta2,donor,design,regB_t,200,50,3.5538399970499704e-05,0.9814864743873914,0.9025000000000001,0.8994999999999999,0.86,,,0.3494654303844519,0.0,,,,C_ppi,202.0
INDIANA_KIDNEY,resnet50,25,regcomp,B,9470.0,cd_cs_10_vs_A_nL12_B9600,25,prop,theta3,donor,design,regB_t,200,50,5.158663644034056e-05,1.0369207891738816,0.9075,0.9054000000000001,0.86,,,0.0,1.0,,,,r4_classical,203.0
INDIANA_KIDNEY,resnet50,25,regcomp,B,9470.0,cd_cs_10_vs_A_nL12_B9600,25,prop,theta3,donor,design,regB_t,200,50,3.797878810930805e-05,1.0108217701411366,0.905,0.9026000000000001,0.855,,,0.8710728814659684,0.0,,,,r4_ppi,203.0
INDIANA_KIDNEY,resnet50,25,regcomp,B,9470.0,cd_cs_10_vs_A_nL12_B9600,25,prop,theta3,donor,design,regB_t,200,50,3.864019537095267e-05,1.0075602834789597,0.9,0.9008000000000002,0.85,,,0.0,1.0,,,,P_classical,203.0
INDIANA_KIDNEY,resnet50,25,regcomp,B,9470.0,cd_cs_10_vs_A_nL12_B9600,25,prop,theta3,donor,design,regB_t,200,50,3.785642524803547e-05,1.007282597209958,0.9025000000000001,0.8995000000000001,0.845,,,0.4448573207733977,0.0563,,,,P_ppi,203.0
INDIANA_KIDNEY,resnet50,25,regcomp,B,9470.0,cd_cs_10_vs_A_nL12_B9600,25,prop,theta3,donor,design,regB_t,200,50,3.321825734037975e-05,1.0236595678316096,0.9,0.9001000000000002,0.86,,,0.0,1.0,,,,C_classical,203.0
INDIANA_KIDNEY,resnet50,25,regcomp,B,9470.0,cd_cs_10_vs_A_nL12_B9600,25,prop,theta3,donor,design,regB_t,200,50,3.252345166966713e-05,1.0136233222929505,0.9,0.9003,0.855,,,0.39966712390479875,0.0263,,,,C_ppi,203.0
INDIANA_KIDNEY,resnet50,25,regcomp,B,9470.0,cd_cs_10_vs_A_nL12_B9600,25,prop,theta2,donor,design,regB_t,200,50,3.326980516657279e-05,1.0269903177067303,0.91,0.9023999999999998,0.845,,,0.0,1.0,,,,r4_classical,203.0
INDIANA_KIDNEY,resnet50,25,regcomp,B,9470.0,cd_cs_10_vs_A_nL12_B9600,25,prop,theta2,donor,design,regB_t,200,50,3.2891328565179506e-05,1.0074148935436948,0.905,0.903,0.84,,,0.576858984661392,0.0,,,,r4_ppi,203.0
INDIANA_KIDNEY,resnet50,25,regcomp,B,9470.0,cd_cs_10_vs_A_nL12_B9600,25,prop,theta2,donor,design,regB_t,200,50,3.326980516657318e-05,1.0269903177067163,0.91,0.9023999999999998,0.845,,,0.0,1.0,,,,P_classical,203.0
INDIANA_KIDNEY,resnet50,25,regcomp,B,9470.0,cd_cs_10_vs_A_nL12_B9600,25,prop,theta2,donor,design,regB_t,200,50,3.352016383425736e-05,1.0315512811475176,0.905,0.9028,0.835,,,0.5,0.1766,,,,P_ppi,203.0
INDIANA_KIDNEY,resnet50,25,regcomp,B,9470.0,cd_cs_10_vs_A_nL12_B9600,25,prop,theta2,donor,design,regB_t,200,50,3.3269805166572775e-05,1.0269903177067303,0.91,0.9023999999999998,0.845,,,0.0,1.0,,,,C_classical,203.0
INDIANA_KIDNEY,resnet50,25,regcomp,B,9470.0,cd_cs_10_vs_A_nL12_B9600,25,prop,theta2,donor,design,regB_t,200,50,3.3040588018199056e-05,1.0172381702495543,0.905,0.9017999999999999,0.845,,,0.3484084211212487,0.0,,,,C_ppi,203.0
INDIANA_KIDNEY,resnet50,25,regcomp,B,7500.0,cd_cs_100_vs_A_nL4_B9600,25,prop,theta3,donor,design,regB_t,200,50,8.428446263750709e-05,0.9039447128152448,0.885,0.8865000000000001,0.835,,,0.0,1.0,,,,r4_classical,161.0
INDIANA_KIDNEY,resnet50,25,regcomp,B,7500.0,cd_cs_100_vs_A_nL4_B9600,25,prop,theta3,donor,design,regB_t,200,50,5.83494050646191e-05,0.9230944658118185,0.8875,0.8875,0.85,,,0.8634909182215292,0.0,,,,r4_ppi,161.0
INDIANA_KIDNEY,resnet50,25,regcomp,B,7500.0,cd_cs_100_vs_A_nL4_B9600,25,prop,theta3,donor,design,regB_t,200,50,5.7459416092513235e-05,0.9374968946071164,0.885,0.8885000000000001,0.855,,,0.0,1.0,,,,P_classical,161.0
INDIANA_KIDNEY,resnet50,25,regcomp,B,7500.0,cd_cs_100_vs_A_nL4_B9600,25,prop,theta3,donor,design,regB_t,200,50,5.673278800287861e-05,0.9365126829576385,0.89,0.8896000000000001,0.855,,,0.4389708668790624,0.0628,,,,P_ppi,161.0
INDIANA_KIDNEY,resnet50,25,regcomp,B,7500.0,cd_cs_100_vs_A_nL4_B9600,25,prop,theta3,donor,design,regB_t,200,50,4.869435424647293e-05,0.9462782627748153,0.89,0.8919,0.845,,,0.0,1.0,,,,C_classical,161.0
INDIANA_KIDNEY,resnet50,25,regcomp,B,7500.0,cd_cs_100_vs_A_nL4_B9600,25,prop,theta3,donor,design,regB_t,200,50,4.740386499729438e-05,0.9632794508892055,0.89,0.8901,0.85,,,0.393475626595476,0.0398,,,,C_ppi,161.0
INDIANA_KIDNEY,resnet50,25,regcomp,B,7500.0,cd_cs_100_vs_A_nL4_B9600,25,prop,theta2,donor,design,regB_t,200,50,5.4131961377429895e-05,0.9569048548478188,0.895,0.8967,0.855,,,0.0,1.0,,,,r4_classical,161.0
INDIANA_KIDNEY,resnet50,25,regcomp,B,7500.0,cd_cs_100_vs_A_nL4_B9600,25,prop,theta2,donor,design,regB_t,200,50,5.366417348793526e-05,0.988190045519046,0.9,0.8982000000000001,0.85,,,0.5752783229070421,0.0,,,,r4_ppi,161.0
INDIANA_KIDNEY,resnet50,25,regcomp,B,7500.0,cd_cs_100_vs_A_nL4_B9600,25,prop,theta2,donor,design,regB_t,200,50,5.413196137742984e-05,0.9569048548478261,0.895,0.8967,0.855,,,0.0,1.0,,,,P_classical,161.0
INDIANA_KIDNEY,resnet50,25,regcomp,B,7500.0,cd_cs_100_vs_A_nL4_B9600,25,prop,theta2,donor,design,regB_t,200,50,5.3284358405276974e-05,0.9880139919519816,0.8975,0.8965000000000001,0.855,,,0.5,0.1756,,,,P_ppi,161.0
INDIANA_KIDNEY,resnet50,25,regcomp,B,7500.0,cd_cs_100_vs_A_nL4_B9600,25,prop,theta2,donor,design,regB_t,200,50,5.413196137742988e-05,0.9569048548478191,0.895,0.8967,0.855,,,0.0,1.0,,,,C_classical,161.0
INDIANA_KIDNEY,resnet50,25,regcomp,B,7500.0,cd_cs_100_vs_A_nL4_B9600,25,prop,theta2,donor,design,regB_t,200,50,5.352154656725846e-05,0.9670902803763408,0.895,0.8963,0.86,,,0.35071579652481044,0.0,,,,C_ppi,161.0
INDIANA_KIDNEY,resnet50,25,regcomp,B,7700.0,cd_cs_100_vs_A_nL6_B9600,25,prop,theta3,donor,design,regB_t,200,50,7.122891366912758e-05,1.0150262182292096,0.9,0.8995000000000001,0.86,,,0.0,1.0,,,,r4_classical,165.0
INDIANA_KIDNEY,resnet50,25,regcomp,B,7700.0,cd_cs_100_vs_A_nL6_B9600,25,prop,theta3,donor,design,regB_t,200,50,5.093486723915042e-05,0.9869448590930574,0.895,0.895,0.845,,,0.8672043776817961,0.0,,,,r4_ppi,165.0
INDIANA_KIDNEY,resnet50,25,regcomp,B,7700.0,cd_cs_100_vs_A_nL6_B9600,25,prop,theta3,donor,design,regB_t,200,50,5.270036189234982e-05,0.9991382330028911,0.8975,0.8965000000000001,0.845,,,0.0,1.0,,,,P_classical,165.0
INDIANA_KIDNEY,resnet50,25,regcomp,B,7700.0,cd_cs_100_vs_A_nL6_B9600,25,prop,theta3,donor,design,regB_t,200,50,5.180478415167447e-05,1.0083388213647315,0.8925000000000001,0.8939000000000001,0.85,,,0.44546749980316713,0.0649,,,,P_ppi,165.0
INDIANA_KIDNEY,resnet50,25,regcomp,B,7700.0,cd_cs_100_vs_A_nL6_B9600,25,prop,theta3,donor,design,regB_t,200,50,4.570475506354009e-05,0.9985263183122033,0.895,0.8956000000000002,0.825,,,0.0,1.0,,,,C_classical,165.0
INDIANA_KIDNEY,resnet50,25,regcomp,B,7700.0,cd_cs_100_vs_A_nL6_B9600,25,prop,theta3,donor,design,regB_t,200,50,4.407832861209074e-05,1.0032306410551923,0.8975,0.8961000000000001,0.83,,,0.4033496934882925,0.0353,,,,C_ppi,165.0
INDIANA_KIDNEY,resnet50,25,regcomp,B,7700.0,cd_cs_100_vs_A_nL6_B9600,25,prop,theta2,donor,design,regB_t,200,50,5.21956443574295e-05,0.9468551346382525,0.895,0.893,0.85,,,0.0,1.0,,,,r4_classical,165.0
INDIANA_KIDNEY,resnet50,25,regcomp,B,7700.0,cd_cs_100_vs_A_nL6_B9600,25,prop,theta2,donor,design,regB_t,200,50,5.2316070762327454e-05,0.9592728723789518,0.89,0.8912,0.84,,,0.5770146001781745,0.0,,,,r4_ppi,165.0
INDIANA_KIDNEY,resnet50,25,regcomp,B,7700.0,cd_cs_100_vs_A_nL6_B9600,25,prop,theta2,donor,design,regB_t,200,50,5.21956443574296e-05,0.9468551346382291,0.895,0.893,0.85,,,0.0,1.0,,,,P_classical,165.0
INDIANA_KIDNEY,resnet50,25,regcomp,B,7700.0,cd_cs_100_vs_A_nL6_B9600,25,prop,theta2,donor,design,regB_t,200,50,5.2477818564758584e-05,0.9589885019265887,0.8925000000000001,0.8918,0.825,,,0.5,0.1775,,,,P_ppi,165.0
INDIANA_KIDNEY,resnet50,25,regcomp,B,7700.0,cd_cs_100_vs_A_nL6_B9600,25,prop,theta2,donor,design,regB_t,200,50,5.219564435742948e-05,0.9468551346382522,0.895,0.893,0.85,,,0.0,1.0,,,,C_classical,165.0
INDIANA_KIDNEY,resnet50,25,regcomp,B,7700.0,cd_cs_100_vs_A_nL6_B9600,25,prop,theta2,donor,design,regB_t,200,50,5.153472733777716e-05,0.9473593488448867,0.8925000000000001,0.8936000000000002,0.85,,,0.3499177330834091,0.0,,,,C_ppi,165.0
INDIANA_KIDNEY,resnet50,25,regcomp,B,7900.0,cd_cs_100_vs_A_nL8_B9600,25,prop,theta3,donor,design,regB_t,200,50,6.536929004527224e-05,1.0489351504214097,0.905,0.9078,0.875,,,0.0,1.0,,,,r4_classical,169.0
INDIANA_KIDNEY,resnet50,25,regcomp,B,7900.0,cd_cs_100_vs_A_nL8_B9600,25,prop,theta3,donor,design,regB_t,200,50,4.676335455552651e-05,1.0359099490908354,0.905,0.9036,0.85,,,0.8702529523326734,0.0,,,,r4_ppi,169.0
INDIANA_KIDNEY,resnet50,25,regcomp,B,7900.0,cd_cs_100_vs_A_nL8_B9600,25,prop,theta3,donor,design,regB_t,200,50,4.590507985351575e-05,1.0271338413340192,0.905,0.9033,0.84,,,0.0,1.0,,,,P_classical,169.0
INDIANA_KIDNEY,resnet50,25,regcomp,B,7900.0,cd_cs_100_vs_A_nL8_B9600,25,prop,theta3,donor,design,regB_t,200,50,4.5197623471916775e-05,1.029391860333706,0.8975,0.9009999999999999,0.86,,,0.4399363093641636,0.0645,,,,P_ppi,169.0
INDIANA_KIDNEY,resnet50,25,regcomp,B,7900.0,cd_cs_100_vs_A_nL8_B9600,25,prop,theta3,donor,design,regB_t,200,50,4.131081057885353e-05,0.995820247917864,0.905,0.8990999999999998,0.835,,,0.0,1.0,,,,C_classical,169.0
INDIANA_KIDNEY,resnet50,25,regcomp,B,7900.0,cd_cs_100_vs_A_nL8_B9600,25,prop,theta3,donor,design,regB_t,200,50,4.017312327490833e-05,0.9973248027236827,0.9,0.8986999999999999,0.84,,,0.3981489258575631,0.0389,,,,C_ppi,169.0
INDIANA_KIDNEY,resnet50,25,regcomp,B,7900.0,cd_cs_100_vs_A_nL8_B9600,25,prop,theta2,donor,design,regB_t,200,50,4.851793122788148e-05,0.99113296572498,0.8975,0.898,0.85,,,0.0,1.0,,,,r4_classical,169.0
INDIANA_KIDNEY,resnet50,25,regcomp,B,7900.0,cd_cs_100_vs_A_nL8_B9600,25,prop,theta2,donor,design,regB_t,200,50,4.769036070094409e-05,1.009782856723431,0.9,0.8989,0.86,,,0.5790583016991713,0.0,,,,r4_ppi,169.0
INDIANA_KIDNEY,resnet50,25,regcomp,B,7900.0,cd_cs_100_vs_A_nL8_B9600,25,prop,theta2,donor,design,regB_t,200,50,4.851793122788111e-05,0.9911329657249783,0.8975,0.898,0.85,,,0.0,1.0,,,,P_classical,169.0
INDIANA_KIDNEY,resnet50,25,regcomp,B,7900.0,cd_cs_100_vs_A_nL8_B9600,25,prop,theta2,donor,design,regB_t,200,50,4.869979136554683e-05,0.9853890181923499,0.895,0.8973,0.85,,,0.5,0.1759,,,,P_ppi,169.0
INDIANA_KIDNEY,resnet50,25,regcomp,B,7900.0,cd_cs_100_vs_A_nL8_B9600,25,prop,theta2,donor,design,regB_t,200,50,4.851793122788149e-05,0.9911329657249804,0.8975,0.898,0.85,,,0.0,1.0,,,,C_classical,169.0
INDIANA_KIDNEY,resnet50,25,regcomp,B,7900.0,cd_cs_100_vs_A_nL8_B9600,25,prop,theta2,donor,design,regB_t,200,50,4.789892201902186e-05,1.011389445625341,0.9,0.8993000000000001,0.855,,,0.3486146943742973,0.0,,,,C_ppi,169.0
INDIANA_KIDNEY,resnet50,25,regcomp,B,8300.0,cd_cs_100_vs_A_nL12_B9600,25,prop,theta3,donor,design,regB_t,200,50,6.397835492245903e-05,1.0028328436427136,0.9,0.8993000000000001,0.855,,,0.0,1.0,,,,r4_classical,178.0
INDIANA_KIDNEY,resnet50,25,regcomp,B,8300.0,cd_cs_100_vs_A_nL12_B9600,25,prop,theta3,donor,design,regB_t,200,50,4.5057730078683346e-05,1.0183324736143768,0.9,0.9005000000000001,0.835,,,0.8686889227759644,0.0,,,,r4_ppi,178.0
INDIANA_KIDNEY,resnet50,25,regcomp,B,8300.0,cd_cs_100_vs_A_nL12_B9600,25,prop,theta3,donor,design,regB_t,200,50,4.495725921846645e-05,1.0263322679865452,0.9,0.8996000000000002,0.85,,,0.0,1.0,,,,P_classical,178.0
INDIANA_KIDNEY,resnet50,25,regcomp,B,8300.0,cd_cs_100_vs_A_nL12_B9600,25,prop,theta3,donor,design,regB_t,200,50,4.4461538355860806e-05,1.0213121992873817,0.9,0.8988,0.855,,,0.4438056574220919,0.0638,,,,P_ppi,178.0
INDIANA_KIDNEY,resnet50,25,regcomp,B,8300.0,cd_cs_100_vs_A_nL12_B9600,25,prop,theta3,donor,design,regB_t,200,50,3.848796610967901e-05,1.0352366257455154,0.905,0.9035,0.845,,,0.0,1.0,,,,C_classical,178.0
INDIANA_KIDNEY,resnet50,25,regcomp,B,8300.0,cd_cs_100_vs_A_nL12_B9600,25,prop,theta3,donor,design,regB_t,200,50,3.854783673357803e-05,1.0350436598828368,0.905,0.9017999999999999,0.85,,,0.4053046868187925,0.0317,,,,C_ppi,178.0
INDIANA_KIDNEY,resnet50,25,regcomp,B,8300.0,cd_cs_100_vs_A_nL12_B9600,25,prop,theta2,donor,design,regB_t,200,50,4.4007551287454544e-05,0.9884269945508293,0.9,0.897,0.82,,,0.0,1.0,,,,r4_classical,178.0
INDIANA_KIDNEY,resnet50,25,regcomp,B,8300.0,cd_cs_100_vs_A_nL12_B9600,25,prop,theta2,donor,design,regB_t,200,50,4.39752045594938e-05,0.9886490337678475,0.895,0.8959999999999999,0.795,,,0.5791168846814195,0.0,,,,r4_ppi,178.0
INDIANA_KIDNEY,resnet50,25,regcomp,B,8300.0,cd_cs_100_vs_A_nL12_B9600,25,prop,theta2,donor,design,regB_t,200,50,4.4007551287454686e-05,0.9884269945508375,0.9,0.897,0.82,,,0.0,1.0,,,,P_classical,178.0
INDIANA_KIDNEY,resnet50,25,regcomp,B,8300.0,cd_cs_100_vs_A_nL12_B9600,25,prop,theta2,donor,design,regB_t,200,50,4.394901046980038e-05,0.9872646354061974,0.9,0.8962,0.805,,,0.5,0.1766,,,,P_ppi,178.0
INDIANA_KIDNEY,resnet50,25,regcomp,B,8300.0,cd_cs_100_vs_A_nL12_B9600,25,prop,theta2,donor,design,regB_t,200,50,4.4007551287454544e-05,0.9884269945508293,0.9,0.897,0.82,,,0.0,1.0,,,,C_classical,178.0
INDIANA_KIDNEY,resnet50,25,regcomp,B,8300.0,cd_cs_100_vs_A_nL12_B9600,25,prop,theta2,donor,design,regB_t,200,50,4.387258492997554e-05,0.9922564012778625,0.9,0.8969,0.82,,,0.3504236167149502,0.0,,,,C_ppi,178.0
