encoder,task,design,fold,repeat,grid,n_train,n_test,n_eval_samples,pearson_pooled,pearson_within,test_resolution_group,train_has_same_resolution_group,test_resolution_uncertain,test_slides
uni_v2,CCRCC,patient,0,,,55849,18371,4,0.22047241032123566,0.18657349195447748,0.40-0.50,True,False,INT13;INT14;INT15;INT24
uni_v2,CCRCC,random,0,0.0,,55849,18371,24,0.6563079953193665,0.2602593720094107,0.40-0.50,True,False,INT1;INT10;INT11;INT12;INT13;INT14;INT15;INT16;INT17;INT18;INT19;INT2;INT20;INT21;INT22;INT23;INT24;INT3;INT4;INT5;INT6;INT7;INT8;INT9
uni_v2,CCRCC,blocked,0,0.0,4.0,54026,20194,24,0.6383857131004333,0.23578471186260383,0.40-0.50,True,False,INT1;INT10;INT11;INT12;INT13;INT14;INT15;INT16;INT17;INT18;INT19;INT2;INT20;INT21;INT22;INT23;INT24;INT3;INT4;INT5;INT6;INT7;INT8;INT9
uni_v2,CCRCC,blocked_buffered,0,0.0,4.0,47923,20194,24,0.6307443976402283,0.233292915741816,0.40-0.50,True,False,INT1;INT10;INT11;INT12;INT13;INT14;INT15;INT16;INT17;INT18;INT19;INT2;INT20;INT21;INT22;INT23;INT24;INT3;INT4;INT5;INT6;INT7;INT8;INT9
uni_v2,CCRCC,blocked_matched,0,0.0,4.0,47923,20194,24,0.6380030512809753,0.23595408670191922,0.40-0.50,True,False,INT1;INT10;INT11;INT12;INT13;INT14;INT15;INT16;INT17;INT18;INT19;INT2;INT20;INT21;INT22;INT23;INT24;INT3;INT4;INT5;INT6;INT7;INT8;INT9
uni_v2,CCRCC,random_matched,0,0.0,4.0,47923,18371,24,0.655907154083252,0.2592036413702105,0.40-0.50,True,False,INT1;INT10;INT11;INT12;INT13;INT14;INT15;INT16;INT17;INT18;INT19;INT2;INT20;INT21;INT22;INT23;INT24;INT3;INT4;INT5;INT6;INT7;INT8;INT9
uni_v2,CCRCC,blocked,0,0.0,6.0,54755,19465,24,0.655025839805603,0.2377736993483268,0.40-0.50,True,False,INT1;INT10;INT11;INT12;INT13;INT14;INT15;INT16;INT17;INT18;INT19;INT2;INT20;INT21;INT22;INT23;INT24;INT3;INT4;INT5;INT6;INT7;INT8;INT9
uni_v2,CCRCC,blocked_buffered,0,0.0,6.0,45250,19465,24,0.6506164073944092,0.23213747204673685,0.40-0.50,True,False,INT1;INT10;INT11;INT12;INT13;INT14;INT15;INT16;INT17;INT18;INT19;INT2;INT20;INT21;INT22;INT23;INT24;INT3;INT4;INT5;INT6;INT7;INT8;INT9
uni_v2,CCRCC,blocked_matched,0,0.0,6.0,45250,19465,24,0.6547167301177979,0.23835610344482117,0.40-0.50,True,False,INT1;INT10;INT11;INT12;INT13;INT14;INT15;INT16;INT17;INT18;INT19;INT2;INT20;INT21;INT22;INT23;INT24;INT3;INT4;INT5;INT6;INT7;INT8;INT9
uni_v2,CCRCC,random_matched,0,0.0,6.0,45250,18371,24,0.6558181047439575,0.25925451610441086,0.40-0.50,True,False,INT1;INT10;INT11;INT12;INT13;INT14;INT15;INT16;INT17;INT18;INT19;INT2;INT20;INT21;INT22;INT23;INT24;INT3;INT4;INT5;INT6;INT7;INT8;INT9
uni_v2,CCRCC,blocked,0,0.0,10.0,55501,18719,24,0.6553449034690857,0.2226153526849551,0.40-0.50,True,False,INT1;INT10;INT11;INT12;INT13;INT14;INT15;INT16;INT17;INT18;INT19;INT2;INT20;INT21;INT22;INT23;INT24;INT3;INT4;INT5;INT6;INT7;INT8;INT9
uni_v2,CCRCC,blocked_buffered,0,0.0,10.0,38612,18719,24,0.6450614333152771,0.2168798775901329,0.40-0.50,True,False,INT1;INT10;INT11;INT12;INT13;INT14;INT15;INT16;INT17;INT18;INT19;INT2;INT20;INT21;INT22;INT23;INT24;INT3;INT4;INT5;INT6;INT7;INT8;INT9
uni_v2,CCRCC,blocked_matched,0,0.0,10.0,38612,18719,24,0.6545699834823608,0.22089316321973454,0.40-0.50,True,False,INT1;INT10;INT11;INT12;INT13;INT14;INT15;INT16;INT17;INT18;INT19;INT2;INT20;INT21;INT22;INT23;INT24;INT3;INT4;INT5;INT6;INT7;INT8;INT9
uni_v2,CCRCC,random_matched,0,0.0,10.0,38612,18371,24,0.6554952263832092,0.25950253514731836,0.40-0.50,True,False,INT1;INT10;INT11;INT12;INT13;INT14;INT15;INT16;INT17;INT18;INT19;INT2;INT20;INT21;INT22;INT23;INT24;INT3;INT4;INT5;INT6;INT7;INT8;INT9
uni_v2,CCRCC,random,0,1.0,,55849,18371,24,0.6550273299217224,0.2594606067225929,0.40-0.50,True,False,INT1;INT10;INT11;INT12;INT13;INT14;INT15;INT16;INT17;INT18;INT19;INT2;INT20;INT21;INT22;INT23;INT24;INT3;INT4;INT5;INT6;INT7;INT8;INT9
uni_v2,CCRCC,blocked,0,1.0,4.0,53591,20629,24,0.6435947418212891,0.22363729404307375,0.40-0.50,True,False,INT1;INT10;INT11;INT12;INT13;INT14;INT15;INT16;INT17;INT18;INT19;INT2;INT20;INT21;INT22;INT23;INT24;INT3;INT4;INT5;INT6;INT7;INT8;INT9
uni_v2,CCRCC,blocked_buffered,0,1.0,4.0,47595,20629,24,0.6375882625579834,0.21956340969850618,0.40-0.50,True,False,INT1;INT10;INT11;INT12;INT13;INT14;INT15;INT16;INT17;INT18;INT19;INT2;INT20;INT21;INT22;INT23;INT24;INT3;INT4;INT5;INT6;INT7;INT8;INT9
uni_v2,CCRCC,blocked_matched,0,1.0,4.0,47595,20629,24,0.6435083150863647,0.22426002901485845,0.40-0.50,True,False,INT1;INT10;INT11;INT12;INT13;INT14;INT15;INT16;INT17;INT18;INT19;INT2;INT20;INT21;INT22;INT23;INT24;INT3;INT4;INT5;INT6;INT7;INT8;INT9
uni_v2,CCRCC,random_matched,0,1.0,4.0,47595,18371,24,0.6547042727470398,0.2587240825118109,0.40-0.50,True,False,INT1;INT10;INT11;INT12;INT13;INT14;INT15;INT16;INT17;INT18;INT19;INT2;INT20;INT21;INT22;INT23;INT24;INT3;INT4;INT5;INT6;INT7;INT8;INT9
uni_v2,CCRCC,blocked,0,1.0,6.0,54776,19444,24,0.6368714570999146,0.2439359630834629,0.40-0.50,True,False,INT1;INT10;INT11;INT12;INT13;INT14;INT15;INT16;INT17;INT18;INT19;INT2;INT20;INT21;INT22;INT23;INT24;INT3;INT4;INT5;INT6;INT7;INT8;INT9
uni_v2,CCRCC,blocked_buffered,0,1.0,6.0,45001,19444,24,0.6300659775733948,0.23826953024793815,0.40-0.50,True,False,INT1;INT10;INT11;INT12;INT13;INT14;INT15;INT16;INT17;INT18;INT19;INT2;INT20;INT21;INT22;INT23;INT24;INT3;INT4;INT5;INT6;INT7;INT8;INT9
uni_v2,CCRCC,blocked_matched,0,1.0,6.0,45001,19444,24,0.6364444494247437,0.2436940608429722,0.40-0.50,True,False,INT1;INT10;INT11;INT12;INT13;INT14;INT15;INT16;INT17;INT18;INT19;INT2;INT20;INT21;INT22;INT23;INT24;INT3;INT4;INT5;INT6;INT7;INT8;INT9
uni_v2,CCRCC,random_matched,0,1.0,6.0,45001,18371,24,0.6544097661972046,0.2584878727408068,0.40-0.50,True,False,INT1;INT10;INT11;INT12;INT13;INT14;INT15;INT16;INT17;INT18;INT19;INT2;INT20;INT21;INT22;INT23;INT24;INT3;INT4;INT5;INT6;INT7;INT8;INT9
uni_v2,CCRCC,blocked,0,1.0,10.0,55428,18792,24,0.6476271152496338,0.2507874839126028,0.40-0.50,True,False,INT1;INT10;INT11;INT12;INT13;INT14;INT15;INT16;INT17;INT18;INT19;INT2;INT20;INT21;INT22;INT23;INT24;INT3;INT4;INT5;INT6;INT7;INT8;INT9
uni_v2,CCRCC,blocked_buffered,0,1.0,10.0,39244,18792,24,0.6394493579864502,0.24527989163349048,0.40-0.50,True,False,INT1;INT10;INT11;INT12;INT13;INT14;INT15;INT16;INT17;INT18;INT19;INT2;INT20;INT21;INT22;INT23;INT24;INT3;INT4;INT5;INT6;INT7;INT8;INT9
uni_v2,CCRCC,blocked_matched,0,1.0,10.0,39244,18792,24,0.647188127040863,0.25177207360327886,0.40-0.50,True,False,INT1;INT10;INT11;INT12;INT13;INT14;INT15;INT16;INT17;INT18;INT19;INT2;INT20;INT21;INT22;INT23;INT24;INT3;INT4;INT5;INT6;INT7;INT8;INT9
uni_v2,CCRCC,random_matched,0,1.0,10.0,39244,18371,24,0.6542840003967285,0.25888634028109664,0.40-0.50,True,False,INT1;INT10;INT11;INT12;INT13;INT14;INT15;INT16;INT17;INT18;INT19;INT2;INT20;INT21;INT22;INT23;INT24;INT3;INT4;INT5;INT6;INT7;INT8;INT9
uni_v2,CCRCC,random,0,2.0,,55849,18371,24,0.6604123711585999,0.2590346880228026,0.40-0.50,True,False,INT1;INT10;INT11;INT12;INT13;INT14;INT15;INT16;INT17;INT18;INT19;INT2;INT20;INT21;INT22;INT23;INT24;INT3;INT4;INT5;INT6;INT7;INT8;INT9
uni_v2,CCRCC,blocked,0,2.0,4.0,53974,20246,24,0.6599125862121582,0.23006493015536156,0.40-0.50,True,False,INT1;INT10;INT11;INT12;INT13;INT14;INT15;INT16;INT17;INT18;INT19;INT2;INT20;INT21;INT22;INT23;INT24;INT3;INT4;INT5;INT6;INT7;INT8;INT9
uni_v2,CCRCC,blocked_buffered,0,2.0,4.0,47783,20246,24,0.6549277305603027,0.227644763708037,0.40-0.50,True,False,INT1;INT10;INT11;INT12;INT13;INT14;INT15;INT16;INT17;INT18;INT19;INT2;INT20;INT21;INT22;INT23;INT24;INT3;INT4;INT5;INT6;INT7;INT8;INT9
uni_v2,CCRCC,blocked_matched,0,2.0,4.0,47783,20246,24,0.6592957973480225,0.22992957591850427,0.40-0.50,True,False,INT1;INT10;INT11;INT12;INT13;INT14;INT15;INT16;INT17;INT18;INT19;INT2;INT20;INT21;INT22;INT23;INT24;INT3;INT4;INT5;INT6;INT7;INT8;INT9
uni_v2,CCRCC,random_matched,0,2.0,4.0,47783,18371,24,0.6600286364555359,0.25929233625589404,0.40-0.50,True,False,INT1;INT10;INT11;INT12;INT13;INT14;INT15;INT16;INT17;INT18;INT19;INT2;INT20;INT21;INT22;INT23;INT24;INT3;INT4;INT5;INT6;INT7;INT8;INT9
uni_v2,CCRCC,blocked,0,2.0,6.0,54935,19285,24,0.6405181288719177,0.246616665997329,0.40-0.50,True,False,INT1;INT10;INT11;INT12;INT13;INT14;INT15;INT16;INT17;INT18;INT19;INT2;INT20;INT21;INT22;INT23;INT24;INT3;INT4;INT5;INT6;INT7;INT8;INT9
uni_v2,CCRCC,blocked_buffered,0,2.0,6.0,45281,19285,24,0.6333736181259155,0.2418982456900994,0.40-0.50,True,False,INT1;INT10;INT11;INT12;INT13;INT14;INT15;INT16;INT17;INT18;INT19;INT2;INT20;INT21;INT22;INT23;INT24;INT3;INT4;INT5;INT6;INT7;INT8;INT9
uni_v2,CCRCC,blocked_matched,0,2.0,6.0,45281,19285,24,0.6405174136161804,0.24576628957894475,0.40-0.50,True,False,INT1;INT10;INT11;INT12;INT13;INT14;INT15;INT16;INT17;INT18;INT19;INT2;INT20;INT21;INT22;INT23;INT24;INT3;INT4;INT5;INT6;INT7;INT8;INT9
uni_v2,CCRCC,random_matched,0,2.0,6.0,45281,18371,24,0.6601800322532654,0.25859872944575424,0.40-0.50,True,False,INT1;INT10;INT11;INT12;INT13;INT14;INT15;INT16;INT17;INT18;INT19;INT2;INT20;INT21;INT22;INT23;INT24;INT3;INT4;INT5;INT6;INT7;INT8;INT9
uni_v2,CCRCC,blocked,0,2.0,10.0,55311,18909,24,0.6497697234153748,0.2277776041577211,0.40-0.50,True,False,INT1;INT10;INT11;INT12;INT13;INT14;INT15;INT16;INT17;INT18;INT19;INT2;INT20;INT21;INT22;INT23;INT24;INT3;INT4;INT5;INT6;INT7;INT8;INT9
uni_v2,CCRCC,blocked_buffered,0,2.0,10.0,38841,18909,24,0.6424348950386047,0.21983438956396037,0.40-0.50,True,False,INT1;INT10;INT11;INT12;INT13;INT14;INT15;INT16;INT17;INT18;INT19;INT2;INT20;INT21;INT22;INT23;INT24;INT3;INT4;INT5;INT6;INT7;INT8;INT9
uni_v2,CCRCC,blocked_matched,0,2.0,10.0,38841,18909,24,0.649100124835968,0.22746389398038444,0.40-0.50,True,False,INT1;INT10;INT11;INT12;INT13;INT14;INT15;INT16;INT17;INT18;INT19;INT2;INT20;INT21;INT22;INT23;INT24;INT3;INT4;INT5;INT6;INT7;INT8;INT9
uni_v2,CCRCC,random_matched,0,2.0,10.0,38841,18371,24,0.6597529053688049,0.25776200266556165,0.40-0.50,True,False,INT1;INT10;INT11;INT12;INT13;INT14;INT15;INT16;INT17;INT18;INT19;INT2;INT20;INT21;INT22;INT23;INT24;INT3;INT4;INT5;INT6;INT7;INT8;INT9
uni_v2,CCRCC,random,0,3.0,,55849,18371,24,0.6568452715873718,0.25662798313717455,0.40-0.50,True,False,INT1;INT10;INT11;INT12;INT13;INT14;INT15;INT16;INT17;INT18;INT19;INT2;INT20;INT21;INT22;INT23;INT24;INT3;INT4;INT5;INT6;INT7;INT8;INT9
uni_v2,CCRCC,blocked,0,3.0,4.0,52955,21265,24,0.6494431495666504,0.19627542278682086,0.40-0.50,True,False,INT1;INT10;INT11;INT12;INT13;INT14;INT15;INT16;INT17;INT18;INT19;INT2;INT20;INT21;INT22;INT23;INT24;INT3;INT4;INT5;INT6;INT7;INT8;INT9
uni_v2,CCRCC,blocked_buffered,0,3.0,4.0,46486,21265,24,0.6437254548072815,0.19110658239056647,0.40-0.50,True,False,INT1;INT10;INT11;INT12;INT13;INT14;INT15;INT16;INT17;INT18;INT19;INT2;INT20;INT21;INT22;INT23;INT24;INT3;INT4;INT5;INT6;INT7;INT8;INT9
uni_v2,CCRCC,blocked_matched,0,3.0,4.0,46486,21265,24,0.6489983201026917,0.19542020215506758,0.40-0.50,True,False,INT1;INT10;INT11;INT12;INT13;INT14;INT15;INT16;INT17;INT18;INT19;INT2;INT20;INT21;INT22;INT23;INT24;INT3;INT4;INT5;INT6;INT7;INT8;INT9
uni_v2,CCRCC,random_matched,0,3.0,4.0,46486,18371,24,0.656355619430542,0.2550429104591118,0.40-0.50,True,False,INT1;INT10;INT11;INT12;INT13;INT14;INT15;INT16;INT17;INT18;INT19;INT2;INT20;INT21;INT22;INT23;INT24;INT3;INT4;INT5;INT6;INT7;INT8;INT9
uni_v2,CCRCC,blocked,0,3.0,6.0,54755,19465,24,0.6601386070251465,0.24131359259958118,0.40-0.50,True,False,INT1;INT10;INT11;INT12;INT13;INT14;INT15;INT16;INT17;INT18;INT19;INT2;INT20;INT21;INT22;INT23;INT24;INT3;INT4;INT5;INT6;INT7;INT8;INT9
uni_v2,CCRCC,blocked_buffered,0,3.0,6.0,44673,19465,24,0.6529615521430969,0.23676209563428227,0.40-0.50,True,False,INT1;INT10;INT11;INT12;INT13;INT14;INT15;INT16;INT17;INT18;INT19;INT2;INT20;INT21;INT22;INT23;INT24;INT3;INT4;INT5;INT6;INT7;INT8;INT9
uni_v2,CCRCC,blocked_matched,0,3.0,6.0,44673,19465,24,0.6594986915588379,0.24122256679242127,0.40-0.50,True,False,INT1;INT10;INT11;INT12;INT13;INT14;INT15;INT16;INT17;INT18;INT19;INT2;INT20;INT21;INT22;INT23;INT24;INT3;INT4;INT5;INT6;INT7;INT8;INT9
uni_v2,CCRCC,random_matched,0,3.0,6.0,44673,18371,24,0.6563061475753784,0.2556901944518904,0.40-0.50,True,False,INT1;INT10;INT11;INT12;INT13;INT14;INT15;INT16;INT17;INT18;INT19;INT2;INT20;INT21;INT22;INT23;INT24;INT3;INT4;INT5;INT6;INT7;INT8;INT9
uni_v2,CCRCC,blocked,0,3.0,10.0,55411,18809,24,0.6467054486274719,0.24043852130991583,0.40-0.50,True,False,INT1;INT10;INT11;INT12;INT13;INT14;INT15;INT16;INT17;INT18;INT19;INT2;INT20;INT21;INT22;INT23;INT24;INT3;INT4;INT5;INT6;INT7;INT8;INT9
uni_v2,CCRCC,blocked_buffered,0,3.0,10.0,39061,18809,24,0.639253556728363,0.2313822768413714,0.40-0.50,True,False,INT1;INT10;INT11;INT12;INT13;INT14;INT15;INT16;INT17;INT18;INT19;INT2;INT20;INT21;INT22;INT23;INT24;INT3;INT4;INT5;INT6;INT7;INT8;INT9
uni_v2,CCRCC,blocked_matched,0,3.0,10.0,39061,18809,24,0.6460121273994446,0.23969314598650573,0.40-0.50,True,False,INT1;INT10;INT11;INT12;INT13;INT14;INT15;INT16;INT17;INT18;INT19;INT2;INT20;INT21;INT22;INT23;INT24;INT3;INT4;INT5;INT6;INT7;INT8;INT9
uni_v2,CCRCC,random_matched,0,3.0,10.0,39061,18371,24,0.656014621257782,0.2560584413127556,0.40-0.50,True,False,INT1;INT10;INT11;INT12;INT13;INT14;INT15;INT16;INT17;INT18;INT19;INT2;INT20;INT21;INT22;INT23;INT24;INT3;INT4;INT5;INT6;INT7;INT8;INT9
uni_v2,CCRCC,random,0,4.0,,55849,18371,24,0.6594317555427551,0.26391689801348545,0.40-0.50,True,False,INT1;INT10;INT11;INT12;INT13;INT14;INT15;INT16;INT17;INT18;INT19;INT2;INT20;INT21;INT22;INT23;INT24;INT3;INT4;INT5;INT6;INT7;INT8;INT9
uni_v2,CCRCC,blocked,0,4.0,4.0,53426,20794,24,0.6388088464736938,0.23564644364892348,0.40-0.50,True,False,INT1;INT10;INT11;INT12;INT13;INT14;INT15;INT16;INT17;INT18;INT19;INT2;INT20;INT21;INT22;INT23;INT24;INT3;INT4;INT5;INT6;INT7;INT8;INT9
uni_v2,CCRCC,blocked_buffered,0,4.0,4.0,47018,20794,24,0.6296989321708679,0.23000414041671316,0.40-0.50,True,False,INT1;INT10;INT11;INT12;INT13;INT14;INT15;INT16;INT17;INT18;INT19;INT2;INT20;INT21;INT22;INT23;INT24;INT3;INT4;INT5;INT6;INT7;INT8;INT9
uni_v2,CCRCC,blocked_matched,0,4.0,4.0,47018,20794,24,0.6383539438247681,0.23596624526311646,0.40-0.50,True,False,INT1;INT10;INT11;INT12;INT13;INT14;INT15;INT16;INT17;INT18;INT19;INT2;INT20;INT21;INT22;INT23;INT24;INT3;INT4;INT5;INT6;INT7;INT8;INT9
uni_v2,CCRCC,random_matched,0,4.0,4.0,47018,18371,24,0.6592772006988525,0.2638831065390453,0.40-0.50,True,False,INT1;INT10;INT11;INT12;INT13;INT14;INT15;INT16;INT17;INT18;INT19;INT2;INT20;INT21;INT22;INT23;INT24;INT3;INT4;INT5;INT6;INT7;INT8;INT9
uni_v2,CCRCC,blocked,0,4.0,6.0,54737,19483,24,0.6584745049476624,0.23485962786105427,0.40-0.50,True,False,INT1;INT10;INT11;INT12;INT13;INT14;INT15;INT16;INT17;INT18;INT19;INT2;INT20;INT21;INT22;INT23;INT24;INT3;INT4;INT5;INT6;INT7;INT8;INT9
uni_v2,CCRCC,blocked_buffered,0,4.0,6.0,44942,19483,24,0.6514216065406799,0.23145409753681934,0.40-0.50,True,False,INT1;INT10;INT11;INT12;INT13;INT14;INT15;INT16;INT17;INT18;INT19;INT2;INT20;INT21;INT22;INT23;INT24;INT3;INT4;INT5;INT6;INT7;INT8;INT9
uni_v2,CCRCC,blocked_matched,0,4.0,6.0,44942,19483,24,0.657979428768158,0.23398715820425423,0.40-0.50,True,False,INT1;INT10;INT11;INT12;INT13;INT14;INT15;INT16;INT17;INT18;INT19;INT2;INT20;INT21;INT22;INT23;INT24;INT3;INT4;INT5;INT6;INT7;INT8;INT9
uni_v2,CCRCC,random_matched,0,4.0,6.0,44942,18371,24,0.6588887572288513,0.2635452718813819,0.40-0.50,True,False,INT1;INT10;INT11;INT12;INT13;INT14;INT15;INT16;INT17;INT18;INT19;INT2;INT20;INT21;INT22;INT23;INT24;INT3;INT4;INT5;INT6;INT7;INT8;INT9
uni_v2,CCRCC,blocked,0,4.0,10.0,55469,18751,24,0.6468857526779175,0.2508527395138905,0.40-0.50,True,False,INT1;INT10;INT11;INT12;INT13;INT14;INT15;INT16;INT17;INT18;INT19;INT2;INT20;INT21;INT22;INT23;INT24;INT3;INT4;INT5;INT6;INT7;INT8;INT9
uni_v2,CCRCC,blocked_buffered,0,4.0,10.0,38247,18751,24,0.6368557214736938,0.24449319245563852,0.40-0.50,True,False,INT1;INT10;INT11;INT12;INT13;INT14;INT15;INT16;INT17;INT18;INT19;INT2;INT20;INT21;INT22;INT23;INT24;INT3;INT4;INT5;INT6;INT7;INT8;INT9
uni_v2,CCRCC,blocked_matched,0,4.0,10.0,38247,18751,24,0.6459728479385376,0.2492160836906987,0.40-0.50,True,False,INT1;INT10;INT11;INT12;INT13;INT14;INT15;INT16;INT17;INT18;INT19;INT2;INT20;INT21;INT22;INT23;INT24;INT3;INT4;INT5;INT6;INT7;INT8;INT9
uni_v2,CCRCC,random_matched,0,4.0,10.0,38247,18371,24,0.6587541103363037,0.26427962596615545,0.40-0.50,True,False,INT1;INT10;INT11;INT12;INT13;INT14;INT15;INT16;INT17;INT18;INT19;INT2;INT20;INT21;INT22;INT23;INT24;INT3;INT4;INT5;INT6;INT7;INT8;INT9
uni_v2,CCRCC,patient,1,,,67651,6569,4,0.2596687078475952,0.2512739826268808,0.40-0.50,True,False,INT10;INT11;INT12;INT9
uni_v2,CCRCC,random,1,0.0,,67651,6569,24,0.6629582047462463,0.25978703998766534,0.40-0.50,True,False,INT1;INT10;INT11;INT12;INT13;INT14;INT15;INT16;INT17;INT18;INT19;INT2;INT20;INT21;INT22;INT23;INT24;INT3;INT4;INT5;INT6;INT7;INT8;INT9
uni_v2,CCRCC,blocked,1,0.0,4.0,64798,9422,24,0.6435092687606812,0.1781348295220717,0.40-0.50,True,False,INT1;INT10;INT11;INT12;INT13;INT14;INT15;INT16;INT17;INT18;INT19;INT2;INT20;INT21;INT22;INT23;INT24;INT3;INT4;INT5;INT6;INT7;INT8;INT9
uni_v2,CCRCC,blocked_buffered,1,0.0,4.0,61174,9422,24,0.6391858458518982,0.17369273068085023,0.40-0.50,True,False,INT1;INT10;INT11;INT12;INT13;INT14;INT15;INT16;INT17;INT18;INT19;INT2;INT20;INT21;INT22;INT23;INT24;INT3;INT4;INT5;INT6;INT7;INT8;INT9
uni_v2,CCRCC,blocked_matched,1,0.0,4.0,61174,9422,24,0.6434558629989624,0.17799912431314321,0.40-0.50,True,False,INT1;INT10;INT11;INT12;INT13;INT14;INT15;INT16;INT17;INT18;INT19;INT2;INT20;INT21;INT22;INT23;INT24;INT3;INT4;INT5;INT6;INT7;INT8;INT9
uni_v2,CCRCC,random_matched,1,0.0,4.0,61174,6569,24,0.6627113819122314,0.2589440951279539,0.40-0.50,True,False,INT1;INT10;INT11;INT12;INT13;INT14;INT15;INT16;INT17;INT18;INT19;INT2;INT20;INT21;INT22;INT23;INT24;INT3;INT4;INT5;INT6;INT7;INT8;INT9
uni_v2,CCRCC,blocked,1,0.0,6.0,66161,8059,24,0.6555391550064087,0.20765582141320918,0.40-0.50,True,False,INT1;INT10;INT11;INT12;INT13;INT14;INT15;INT16;INT17;INT18;INT19;INT2;INT20;INT21;INT22;INT23;INT24;INT3;INT4;INT5;INT6;INT7;INT8;INT9
uni_v2,CCRCC,blocked_buffered,1,0.0,6.0,60798,8059,24,0.6495716571807861,0.20462612472457598,0.40-0.50,True,False,INT1;INT10;INT11;INT12;INT13;INT14;INT15;INT16;INT17;INT18;INT19;INT2;INT20;INT21;INT22;INT23;INT24;INT3;INT4;INT5;INT6;INT7;INT8;INT9
uni_v2,CCRCC,blocked_matched,1,0.0,6.0,60798,8059,24,0.6552540063858032,0.20768675352956048,0.40-0.50,True,False,INT1;INT10;INT11;INT12;INT13;INT14;INT15;INT16;INT17;INT18;INT19;INT2;INT20;INT21;INT22;INT23;INT24;INT3;INT4;INT5;INT6;INT7;INT8;INT9
uni_v2,CCRCC,random_matched,1,0.0,6.0,60798,6569,24,0.6627591848373413,0.2595255523138197,0.40-0.50,True,False,INT1;INT10;INT11;INT12;INT13;INT14;INT15;INT16;INT17;INT18;INT19;INT2;INT20;INT21;INT22;INT23;INT24;INT3;INT4;INT5;INT6;INT7;INT8;INT9
uni_v2,CCRCC,blocked,1,0.0,10.0,67186,7034,24,0.6372841000556946,0.23898356102843535,0.40-0.50,True,False,INT1;INT10;INT11;INT12;INT13;INT14;INT15;INT16;INT17;INT18;INT19;INT2;INT20;INT21;INT22;INT23;INT24;INT3;INT4;INT5;INT6;INT7;INT8;INT9
uni_v2,CCRCC,blocked_buffered,1,0.0,10.0,58999,7034,24,0.6323116421699524,0.23388564388661812,0.40-0.50,True,False,INT1;INT10;INT11;INT12;INT13;INT14;INT15;INT16;INT17;INT18;INT19;INT2;INT20;INT21;INT22;INT23;INT24;INT3;INT4;INT5;INT6;INT7;INT8;INT9
uni_v2,CCRCC,blocked_matched,1,0.0,10.0,58999,7034,24,0.6366792917251587,0.23832955014537827,0.40-0.50,True,False,INT1;INT10;INT11;INT12;INT13;INT14;INT15;INT16;INT17;INT18;INT19;INT2;INT20;INT21;INT22;INT23;INT24;INT3;INT4;INT5;INT6;INT7;INT8;INT9
uni_v2,CCRCC,random_matched,1,0.0,10.0,58999,6569,24,0.6627475619316101,0.25964195304395005,0.40-0.50,True,False,INT1;INT10;INT11;INT12;INT13;INT14;INT15;INT16;INT17;INT18;INT19;INT2;INT20;INT21;INT22;INT23;INT24;INT3;INT4;INT5;INT6;INT7;INT8;INT9
uni_v2,CCRCC,random,1,1.0,,67651,6569,24,0.6587167978286743,0.25114554286525775,0.40-0.50,True,False,INT1;INT10;INT11;INT12;INT13;INT14;INT15;INT16;INT17;INT18;INT19;INT2;INT20;INT21;INT22;INT23;INT24;INT3;INT4;INT5;INT6;INT7;INT8;INT9
uni_v2,CCRCC,blocked,1,1.0,4.0,64890,9330,24,0.6287416219711304,0.2017221714416034,0.40-0.50,True,False,INT1;INT10;INT11;INT12;INT13;INT14;INT15;INT16;INT17;INT18;INT19;INT2;INT20;INT21;INT22;INT23;INT24;INT3;INT4;INT5;INT6;INT7;INT8;INT9
uni_v2,CCRCC,blocked_buffered,1,1.0,4.0,61474,9330,24,0.622052013874054,0.20101611628078295,0.40-0.50,True,False,INT1;INT10;INT11;INT12;INT13;INT14;INT15;INT16;INT17;INT18;INT19;INT2;INT20;INT21;INT22;INT23;INT24;INT3;INT4;INT5;INT6;INT7;INT8;INT9
uni_v2,CCRCC,blocked_matched,1,1.0,4.0,61474,9330,24,0.6291589140892029,0.2015572419903765,0.40-0.50,True,False,INT1;INT10;INT11;INT12;INT13;INT14;INT15;INT16;INT17;INT18;INT19;INT2;INT20;INT21;INT22;INT23;INT24;INT3;INT4;INT5;INT6;INT7;INT8;INT9
uni_v2,CCRCC,random_matched,1,1.0,4.0,61474,6569,24,0.6587222218513489,0.25164874508040763,0.40-0.50,True,False,INT1;INT10;INT11;INT12;INT13;INT14;INT15;INT16;INT17;INT18;INT19;INT2;INT20;INT21;INT22;INT23;INT24;INT3;INT4;INT5;INT6;INT7;INT8;INT9
uni_v2,CCRCC,blocked,1,1.0,6.0,66121,8099,24,0.6321000456809998,0.21878236702883438,0.40-0.50,True,False,INT1;INT10;INT11;INT12;INT13;INT14;INT15;INT16;INT17;INT18;INT19;INT2;INT20;INT21;INT22;INT23;INT24;INT3;INT4;INT5;INT6;INT7;INT8;INT9
uni_v2,CCRCC,blocked_buffered,1,1.0,6.0,61222,8099,24,0.626400887966156,0.21304769258048814,0.40-0.50,True,False,INT1;INT10;INT11;INT12;INT13;INT14;INT15;INT16;INT17;INT18;INT19;INT2;INT20;INT21;INT22;INT23;INT24;INT3;INT4;INT5;INT6;INT7;INT8;INT9
uni_v2,CCRCC,blocked_matched,1,1.0,6.0,61222,8099,24,0.6317455768585205,0.21829443007232233,0.40-0.50,True,False,INT1;INT10;INT11;INT12;INT13;INT14;INT15;INT16;INT17;INT18;INT19;INT2;INT20;INT21;INT22;INT23;INT24;INT3;INT4;INT5;INT6;INT7;INT8;INT9
uni_v2,CCRCC,random_matched,1,1.0,6.0,61222,6569,24,0.6587274670600891,0.25127274422110835,0.40-0.50,True,False,INT1;INT10;INT11;INT12;INT13;INT14;INT15;INT16;INT17;INT18;INT19;INT2;INT20;INT21;INT22;INT23;INT24;INT3;INT4;INT5;INT6;INT7;INT8;INT9
uni_v2,CCRCC,blocked,1,1.0,10.0,67194,7026,24,0.6284304857254028,0.24441863199196331,0.40-0.50,True,False,INT1;INT10;INT11;INT12;INT13;INT14;INT15;INT16;INT17;INT18;INT19;INT2;INT20;INT21;INT22;INT23;INT24;INT3;INT4;INT5;INT6;INT7;INT8;INT9
uni_v2,CCRCC,blocked_buffered,1,1.0,10.0,58850,7026,24,0.6232094168663025,0.23871621796157946,0.40-0.50,True,False,INT1;INT10;INT11;INT12;INT13;INT14;INT15;INT16;INT17;INT18;INT19;INT2;INT20;INT21;INT22;INT23;INT24;INT3;INT4;INT5;INT6;INT7;INT8;INT9
uni_v2,CCRCC,blocked_matched,1,1.0,10.0,58850,7026,24,0.6283655762672424,0.2441116360661666,0.40-0.50,True,False,INT1;INT10;INT11;INT12;INT13;INT14;INT15;INT16;INT17;INT18;INT19;INT2;INT20;INT21;INT22;INT23;INT24;INT3;INT4;INT5;INT6;INT7;INT8;INT9
uni_v2,CCRCC,random_matched,1,1.0,10.0,58850,6569,24,0.6582868695259094,0.2502370935554063,0.40-0.50,True,False,INT1;INT10;INT11;INT12;INT13;INT14;INT15;INT16;INT17;INT18;INT19;INT2;INT20;INT21;INT22;INT23;INT24;INT3;INT4;INT5;INT6;INT7;INT8;INT9
uni_v2,CCRCC,random,1,2.0,,67651,6569,24,0.6533263921737671,0.2588144828503331,0.40-0.50,True,False,INT1;INT10;INT11;INT12;INT13;INT14;INT15;INT16;INT17;INT18;INT19;INT2;INT20;INT21;INT22;INT23;INT24;INT3;INT4;INT5;INT6;INT7;INT8;INT9
uni_v2,CCRCC,blocked,1,2.0,4.0,64906,9314,24,0.6119025945663452,0.21908256635841097,0.40-0.50,True,False,INT1;INT10;INT11;INT12;INT13;INT14;INT15;INT16;INT17;INT18;INT19;INT2;INT20;INT21;INT22;INT23;INT24;INT3;INT4;INT5;INT6;INT7;INT8;INT9
uni_v2,CCRCC,blocked_buffered,1,2.0,4.0,61501,9314,24,0.6069281697273254,0.2161705211278604,0.40-0.50,True,False,INT1;INT10;INT11;INT12;INT13;INT14;INT15;INT16;INT17;INT18;INT19;INT2;INT20;INT21;INT22;INT23;INT24;INT3;INT4;INT5;INT6;INT7;INT8;INT9
uni_v2,CCRCC,blocked_matched,1,2.0,4.0,61501,9314,24,0.6119909286499023,0.21888829611819047,0.40-0.50,True,False,INT1;INT10;INT11;INT12;INT13;INT14;INT15;INT16;INT17;INT18;INT19;INT2;INT20;INT21;INT22;INT23;INT24;INT3;INT4;INT5;INT6;INT7;INT8;INT9
uni_v2,CCRCC,random_matched,1,2.0,4.0,61501,6569,24,0.6531657576560974,0.2587883004210259,0.40-0.50,True,False,INT1;INT10;INT11;INT12;INT13;INT14;INT15;INT16;INT17;INT18;INT19;INT2;INT20;INT21;INT22;INT23;INT24;INT3;INT4;INT5;INT6;INT7;INT8;INT9
uni_v2,CCRCC,blocked,1,2.0,6.0,66289,7931,24,0.6482994556427002,0.21242086792532064,0.40-0.50,True,False,INT1;INT10;INT11;INT12;INT13;INT14;INT15;INT16;INT17;INT18;INT19;INT2;INT20;INT21;INT22;INT23;INT24;INT3;INT4;INT5;INT6;INT7;INT8;INT9
uni_v2,CCRCC,blocked_buffered,1,2.0,6.0,61423,7931,24,0.6432510614395142,0.2100773493517045,0.40-0.50,True,False,INT1;INT10;INT11;INT12;INT13;INT14;INT15;INT16;INT17;INT18;INT19;INT2;INT20;INT21;INT22;INT23;INT24;INT3;INT4;INT5;INT6;INT7;INT8;INT9
uni_v2,CCRCC,blocked_matched,1,2.0,6.0,61423,7931,24,0.6482393741607666,0.21251075343761236,0.40-0.50,True,False,INT1;INT10;INT11;INT12;INT13;INT14;INT15;INT16;INT17;INT18;INT19;INT2;INT20;INT21;INT22;INT23;INT24;INT3;INT4;INT5;INT6;INT7;INT8;INT9
uni_v2,CCRCC,random_matched,1,2.0,6.0,61423,6569,24,0.6532984375953674,0.2588681031115508,0.40-0.50,True,False,INT1;INT10;INT11;INT12;INT13;INT14;INT15;INT16;INT17;INT18;INT19;INT2;INT20;INT21;INT22;INT23;INT24;INT3;INT4;INT5;INT6;INT7;INT8;INT9
uni_v2,CCRCC,blocked,1,2.0,10.0,67256,6964,24,0.6310527324676514,0.22538002007022442,0.40-0.50,True,False,INT1;INT10;INT11;INT12;INT13;INT14;INT15;INT16;INT17;INT18;INT19;INT2;INT20;INT21;INT22;INT23;INT24;INT3;INT4;INT5;INT6;INT7;INT8;INT9
uni_v2,CCRCC,blocked_buffered,1,2.0,10.0,59113,6964,24,0.6248286962509155,0.22073927024413328,0.40-0.50,True,False,INT1;INT10;INT11;INT12;INT13;INT14;INT15;INT16;INT17;INT18;INT19;INT2;INT20;INT21;INT22;INT23;INT24;INT3;INT4;INT5;INT6;INT7;INT8;INT9
uni_v2,CCRCC,blocked_matched,1,2.0,10.0,59113,6964,24,0.6312137842178345,0.22559893071565362,0.40-0.50,True,False,INT1;INT10;INT11;INT12;INT13;INT14;INT15;INT16;INT17;INT18;INT19;INT2;INT20;INT21;INT22;INT23;INT24;INT3;INT4;INT5;INT6;INT7;INT8;INT9
uni_v2,CCRCC,random_matched,1,2.0,10.0,59113,6569,24,0.6530671119689941,0.2584595439172699,0.40-0.50,True,False,INT1;INT10;INT11;INT12;INT13;INT14;INT15;INT16;INT17;INT18;INT19;INT2;INT20;INT21;INT22;INT23;INT24;INT3;INT4;INT5;INT6;INT7;INT8;INT9
uni_v2,CCRCC,random,1,3.0,,67651,6569,24,0.6526097655296326,0.25752161278011043,0.40-0.50,True,False,INT1;INT10;INT11;INT12;INT13;INT14;INT15;INT16;INT17;INT18;INT19;INT2;INT20;INT21;INT22;INT23;INT24;INT3;INT4;INT5;INT6;INT7;INT8;INT9
uni_v2,CCRCC,blocked,1,3.0,4.0,64508,9712,24,0.6141566634178162,0.22003896903494025,0.40-0.50,True,False,INT1;INT10;INT11;INT12;INT13;INT14;INT15;INT16;INT17;INT18;INT19;INT2;INT20;INT21;INT22;INT23;INT24;INT3;INT4;INT5;INT6;INT7;INT8;INT9
uni_v2,CCRCC,blocked_buffered,1,3.0,4.0,60778,9712,24,0.6082566976547241,0.21633926875685575,0.40-0.50,True,False,INT1;INT10;INT11;INT12;INT13;INT14;INT15;INT16;INT17;INT18;INT19;INT2;INT20;INT21;INT22;INT23;INT24;INT3;INT4;INT5;INT6;INT7;INT8;INT9
uni_v2,CCRCC,blocked_matched,1,3.0,4.0,60778,9712,24,0.6139113306999207,0.2195021482517283,0.40-0.50,True,False,INT1;INT10;INT11;INT12;INT13;INT14;INT15;INT16;INT17;INT18;INT19;INT2;INT20;INT21;INT22;INT23;INT24;INT3;INT4;INT5;INT6;INT7;INT8;INT9
uni_v2,CCRCC,random_matched,1,3.0,4.0,60778,6569,24,0.6525041460990906,0.2581927357935638,0.40-0.50,True,False,INT1;INT10;INT11;INT12;INT13;INT14;INT15;INT16;INT17;INT18;INT19;INT2;INT20;INT21;INT22;INT23;INT24;INT3;INT4;INT5;INT6;INT7;INT8;INT9
uni_v2,CCRCC,blocked,1,3.0,6.0,66111,8109,24,0.626896321773529,0.21785658161998678,0.40-0.50,True,False,INT1;INT10;INT11;INT12;INT13;INT14;INT15;INT16;INT17;INT18;INT19;INT2;INT20;INT21;INT22;INT23;INT24;INT3;INT4;INT5;INT6;INT7;INT8;INT9
uni_v2,CCRCC,blocked_buffered,1,3.0,6.0,60858,8109,24,0.6211600303649902,0.21310853782556172,0.40-0.50,True,False,INT1;INT10;INT11;INT12;INT13;INT14;INT15;INT16;INT17;INT18;INT19;INT2;INT20;INT21;INT22;INT23;INT24;INT3;INT4;INT5;INT6;INT7;INT8;INT9
uni_v2,CCRCC,blocked_matched,1,3.0,6.0,60858,8109,24,0.6267077922821045,0.21775945471923475,0.40-0.50,True,False,INT1;INT10;INT11;INT12;INT13;INT14;INT15;INT16;INT17;INT18;INT19;INT2;INT20;INT21;INT22;INT23;INT24;INT3;INT4;INT5;INT6;INT7;INT8;INT9
uni_v2,CCRCC,random_matched,1,3.0,6.0,60858,6569,24,0.6523945331573486,0.2574420395347503,0.40-0.50,True,False,INT1;INT10;INT11;INT12;INT13;INT14;INT15;INT16;INT17;INT18;INT19;INT2;INT20;INT21;INT22;INT23;INT24;INT3;INT4;INT5;INT6;INT7;INT8;INT9
uni_v2,CCRCC,blocked,1,3.0,10.0,67282,6938,24,0.6445332169532776,0.2222425346302043,0.40-0.50,True,False,INT1;INT10;INT11;INT12;INT13;INT14;INT15;INT16;INT17;INT18;INT19;INT2;INT20;INT21;INT22;INT23;INT24;INT3;INT4;INT5;INT6;INT7;INT8;INT9
uni_v2,CCRCC,blocked_buffered,1,3.0,10.0,58964,6938,24,0.6394704580307007,0.21807455956319854,0.40-0.50,True,False,INT1;INT10;INT11;INT12;INT13;INT14;INT15;INT16;INT17;INT18;INT19;INT2;INT20;INT21;INT22;INT23;INT24;INT3;INT4;INT5;INT6;INT7;INT8;INT9
uni_v2,CCRCC,blocked_matched,1,3.0,10.0,58964,6938,24,0.6444444060325623,0.22151216236391824,0.40-0.50,True,False,INT1;INT10;INT11;INT12;INT13;INT14;INT15;INT16;INT17;INT18;INT19;INT2;INT20;INT21;INT22;INT23;INT24;INT3;INT4;INT5;INT6;INT7;INT8;INT9
uni_v2,CCRCC,random_matched,1,3.0,10.0,58964,6569,24,0.6523985862731934,0.25760206564397475,0.40-0.50,True,False,INT1;INT10;INT11;INT12;INT13;INT14;INT15;INT16;INT17;INT18;INT19;INT2;INT20;INT21;INT22;INT23;INT24;INT3;INT4;INT5;INT6;INT7;INT8;INT9
uni_v2,CCRCC,random,1,4.0,,67651,6569,24,0.6537788510322571,0.2622893478225645,0.40-0.50,True,False,INT1;INT10;INT11;INT12;INT13;INT14;INT15;INT16;INT17;INT18;INT19;INT2;INT20;INT21;INT22;INT23;INT24;INT3;INT4;INT5;INT6;INT7;INT8;INT9
uni_v2,CCRCC,blocked,1,4.0,4.0,64784,9436,24,0.6208056807518005,0.15505826188712188,0.40-0.50,True,False,INT1;INT10;INT11;INT12;INT13;INT14;INT15;INT16;INT17;INT18;INT19;INT2;INT20;INT21;INT22;INT23;INT24;INT3;INT4;INT5;INT6;INT7;INT8;INT9
uni_v2,CCRCC,blocked_buffered,1,4.0,4.0,61243,9436,24,0.6159237027168274,0.1501216981471225,0.40-0.50,True,False,INT1;INT10;INT11;INT12;INT13;INT14;INT15;INT16;INT17;INT18;INT19;INT2;INT20;INT21;INT22;INT23;INT24;INT3;INT4;INT5;INT6;INT7;INT8;INT9
uni_v2,CCRCC,blocked_matched,1,4.0,4.0,61243,9436,24,0.6208245158195496,0.15546642312046363,0.40-0.50,True,False,INT1;INT10;INT11;INT12;INT13;INT14;INT15;INT16;INT17;INT18;INT19;INT2;INT20;INT21;INT22;INT23;INT24;INT3;INT4;INT5;INT6;INT7;INT8;INT9
uni_v2,CCRCC,random_matched,1,4.0,4.0,61243,6569,24,0.6535110473632812,0.26198252467904243,0.40-0.50,True,False,INT1;INT10;INT11;INT12;INT13;INT14;INT15;INT16;INT17;INT18;INT19;INT2;INT20;INT21;INT22;INT23;INT24;INT3;INT4;INT5;INT6;INT7;INT8;INT9
uni_v2,CCRCC,blocked,1,4.0,6.0,66071,8149,24,0.6435936093330383,0.2291580032032774,0.40-0.50,True,False,INT1;INT10;INT11;INT12;INT13;INT14;INT15;INT16;INT17;INT18;INT19;INT2;INT20;INT21;INT22;INT23;INT24;INT3;INT4;INT5;INT6;INT7;INT8;INT9
uni_v2,CCRCC,blocked_buffered,1,4.0,6.0,60616,8149,24,0.6391845941543579,0.22604249988144146,0.40-0.50,True,False,INT1;INT10;INT11;INT12;INT13;INT14;INT15;INT16;INT17;INT18;INT19;INT2;INT20;INT21;INT22;INT23;INT24;INT3;INT4;INT5;INT6;INT7;INT8;INT9
uni_v2,CCRCC,blocked_matched,1,4.0,6.0,60616,8149,24,0.6434934735298157,0.22952802641326953,0.40-0.50,True,False,INT1;INT10;INT11;INT12;INT13;INT14;INT15;INT16;INT17;INT18;INT19;INT2;INT20;INT21;INT22;INT23;INT24;INT3;INT4;INT5;INT6;INT7;INT8;INT9
uni_v2,CCRCC,random_matched,1,4.0,6.0,60616,6569,24,0.6537100076675415,0.262305028009226,0.40-0.50,True,False,INT1;INT10;INT11;INT12;INT13;INT14;INT15;INT16;INT17;INT18;INT19;INT2;INT20;INT21;INT22;INT23;INT24;INT3;INT4;INT5;INT6;INT7;INT8;INT9
uni_v2,CCRCC,blocked,1,4.0,10.0,67210,7010,24,0.635638952255249,0.20600976610835153,0.40-0.50,True,False,INT1;INT10;INT11;INT12;INT13;INT14;INT15;INT16;INT17;INT18;INT19;INT2;INT20;INT21;INT22;INT23;INT24;INT3;INT4;INT5;INT6;INT7;INT8;INT9
uni_v2,CCRCC,blocked_buffered,1,4.0,10.0,58825,7010,24,0.6313689947128296,0.20234710024200467,0.40-0.50,True,False,INT1;INT10;INT11;INT12;INT13;INT14;INT15;INT16;INT17;INT18;INT19;INT2;INT20;INT21;INT22;INT23;INT24;INT3;INT4;INT5;INT6;INT7;INT8;INT9
uni_v2,CCRCC,blocked_matched,1,4.0,10.0,58825,7010,24,0.635837197303772,0.206558940957572,0.40-0.50,True,False,INT1;INT10;INT11;INT12;INT13;INT14;INT15;INT16;INT17;INT18;INT19;INT2;INT20;INT21;INT22;INT23;INT24;INT3;INT4;INT5;INT6;INT7;INT8;INT9
uni_v2,CCRCC,random_matched,1,4.0,10.0,58825,6569,24,0.6533045172691345,0.26166306738353645,0.40-0.50,True,False,INT1;INT10;INT11;INT12;INT13;INT14;INT15;INT16;INT17;INT18;INT19;INT2;INT20;INT21;INT22;INT23;INT24;INT3;INT4;INT5;INT6;INT7;INT8;INT9
uni_v2,CCRCC,patient,2,,,63464,10756,4,0.22787770628929138,0.13195483828108992,0.40-0.50,True,False,INT23;INT6;INT7;INT8
uni_v2,CCRCC,random,2,0.0,,63464,10756,24,0.6547397375106812,0.25892891379492844,0.40-0.50,True,False,INT1;INT10;INT11;INT12;INT13;INT14;INT15;INT16;INT17;INT18;INT19;INT2;INT20;INT21;INT22;INT23;INT24;INT3;INT4;INT5;INT6;INT7;INT8;INT9
uni_v2,CCRCC,blocked,2,0.0,4.0,60073,14147,24,0.6417713165283203,0.21637679744873214,0.40-0.50,True,False,INT1;INT10;INT11;INT12;INT13;INT14;INT15;INT16;INT17;INT18;INT19;INT2;INT20;INT21;INT22;INT23;INT24;INT3;INT4;INT5;INT6;INT7;INT8;INT9
uni_v2,CCRCC,blocked_buffered,2,0.0,4.0,55117,14147,24,0.6367270946502686,0.21256469530179553,0.40-0.50,True,False,INT1;INT10;INT11;INT12;INT13;INT14;INT15;INT16;INT17;INT18;INT19;INT2;INT20;INT21;INT22;INT23;INT24;INT3;INT4;INT5;INT6;INT7;INT8;INT9
uni_v2,CCRCC,blocked_matched,2,0.0,4.0,55117,14147,24,0.6415266990661621,0.216605405421451,0.40-0.50,True,False,INT1;INT10;INT11;INT12;INT13;INT14;INT15;INT16;INT17;INT18;INT19;INT2;INT20;INT21;INT22;INT23;INT24;INT3;INT4;INT5;INT6;INT7;INT8;INT9
uni_v2,CCRCC,random_matched,2,0.0,4.0,55117,10756,24,0.6544535160064697,0.2585812549042748,0.40-0.50,True,False,INT1;INT10;INT11;INT12;INT13;INT14;INT15;INT16;INT17;INT18;INT19;INT2;INT20;INT21;INT22;INT23;INT24;INT3;INT4;INT5;INT6;INT7;INT8;INT9
uni_v2,CCRCC,blocked,2,0.0,6.0,62294,11926,24,0.6443762183189392,0.24852943237943692,0.40-0.50,True,False,INT1;INT10;INT11;INT12;INT13;INT14;INT15;INT16;INT17;INT18;INT19;INT2;INT20;INT21;INT22;INT23;INT24;INT3;INT4;INT5;INT6;INT7;INT8;INT9
uni_v2,CCRCC,blocked_buffered,2,0.0,6.0,55159,11926,24,0.6381105780601501,0.24363259304926033,0.40-0.50,True,False,INT1;INT10;INT11;INT12;INT13;INT14;INT15;INT16;INT17;INT18;INT19;INT2;INT20;INT21;INT22;INT23;INT24;INT3;INT4;INT5;INT6;INT7;INT8;INT9
uni_v2,CCRCC,blocked_matched,2,0.0,6.0,55159,11926,24,0.644165575504303,0.24861623319139958,0.40-0.50,True,False,INT1;INT10;INT11;INT12;INT13;INT14;INT15;INT16;INT17;INT18;INT19;INT2;INT20;INT21;INT22;INT23;INT24;INT3;INT4;INT5;INT6;INT7;INT8;INT9
uni_v2,CCRCC,random_matched,2,0.0,6.0,55159,10756,24,0.6543752551078796,0.2586459820616195,0.40-0.50,True,False,INT1;INT10;INT11;INT12;INT13;INT14;INT15;INT16;INT17;INT18;INT19;INT2;INT20;INT21;INT22;INT23;INT24;INT3;INT4;INT5;INT6;INT7;INT8;INT9
uni_v2,CCRCC,blocked,2,0.0,10.0,62976,11244,24,0.6604697704315186,0.25066920841879137,0.40-0.50,True,False,INT1;INT10;INT11;INT12;INT13;INT14;INT15;INT16;INT17;INT18;INT19;INT2;INT20;INT21;INT22;INT23;INT24;INT3;INT4;INT5;INT6;INT7;INT8;INT9
uni_v2,CCRCC,blocked_buffered,2,0.0,10.0,50700,11244,24,0.6533514261245728,0.24956133089319335,0.40-0.50,True,False,INT1;INT10;INT11;INT12;INT13;INT14;INT15;INT16;INT17;INT18;INT19;INT2;INT20;INT21;INT22;INT23;INT24;INT3;INT4;INT5;INT6;INT7;INT8;INT9
uni_v2,CCRCC,blocked_matched,2,0.0,10.0,50700,11244,24,0.6602073907852173,0.2511692847617572,0.40-0.50,True,False,INT1;INT10;INT11;INT12;INT13;INT14;INT15;INT16;INT17;INT18;INT19;INT2;INT20;INT21;INT22;INT23;INT24;INT3;INT4;INT5;INT6;INT7;INT8;INT9
uni_v2,CCRCC,random_matched,2,0.0,10.0,50700,10756,24,0.6543779969215393,0.25899490338066244,0.40-0.50,True,False,INT1;INT10;INT11;INT12;INT13;INT14;INT15;INT16;INT17;INT18;INT19;INT2;INT20;INT21;INT22;INT23;INT24;INT3;INT4;INT5;INT6;INT7;INT8;INT9
uni_v2,CCRCC,random,2,1.0,,63464,10756,24,0.6507319808006287,0.25086626557497466,0.40-0.50,True,False,INT1;INT10;INT11;INT12;INT13;INT14;INT15;INT16;INT17;INT18;INT19;INT2;INT20;INT21;INT22;INT23;INT24;INT3;INT4;INT5;INT6;INT7;INT8;INT9
uni_v2,CCRCC,blocked,2,1.0,4.0,60212,14008,24,0.6500588059425354,0.23479579947495952,0.40-0.50,True,False,INT1;INT10;INT11;INT12;INT13;INT14;INT15;INT16;INT17;INT18;INT19;INT2;INT20;INT21;INT22;INT23;INT24;INT3;INT4;INT5;INT6;INT7;INT8;INT9
uni_v2,CCRCC,blocked_buffered,2,1.0,4.0,55578,14008,24,0.64653480052948,0.23242507348774477,0.40-0.50,True,False,INT1;INT10;INT11;INT12;INT13;INT14;INT15;INT16;INT17;INT18;INT19;INT2;INT20;INT21;INT22;INT23;INT24;INT3;INT4;INT5;INT6;INT7;INT8;INT9
uni_v2,CCRCC,blocked_matched,2,1.0,4.0,55578,14008,24,0.6499209403991699,0.23433378269638827,0.40-0.50,True,False,INT1;INT10;INT11;INT12;INT13;INT14;INT15;INT16;INT17;INT18;INT19;INT2;INT20;INT21;INT22;INT23;INT24;INT3;INT4;INT5;INT6;INT7;INT8;INT9
uni_v2,CCRCC,random_matched,2,1.0,4.0,55578,10756,24,0.6503221988677979,0.24967026404652037,0.40-0.50,True,False,INT1;INT10;INT11;INT12;INT13;INT14;INT15;INT16;INT17;INT18;INT19;INT2;INT20;INT21;INT22;INT23;INT24;INT3;INT4;INT5;INT6;INT7;INT8;INT9
uni_v2,CCRCC,blocked,2,1.0,6.0,61969,12251,24,0.6367647647857666,0.2167889232142867,0.40-0.50,True,False,INT1;INT10;INT11;INT12;INT13;INT14;INT15;INT16;INT17;INT18;INT19;INT2;INT20;INT21;INT22;INT23;INT24;INT3;INT4;INT5;INT6;INT7;INT8;INT9
uni_v2,CCRCC,blocked_buffered,2,1.0,6.0,54826,12251,24,0.6322211623191833,0.21306402566949453,0.40-0.50,True,False,INT1;INT10;INT11;INT12;INT13;INT14;INT15;INT16;INT17;INT18;INT19;INT2;INT20;INT21;INT22;INT23;INT24;INT3;INT4;INT5;INT6;INT7;INT8;INT9
uni_v2,CCRCC,blocked_matched,2,1.0,6.0,54826,12251,24,0.636814296245575,0.21726021351921798,0.40-0.50,True,False,INT1;INT10;INT11;INT12;INT13;INT14;INT15;INT16;INT17;INT18;INT19;INT2;INT20;INT21;INT22;INT23;INT24;INT3;INT4;INT5;INT6;INT7;INT8;INT9
uni_v2,CCRCC,random_matched,2,1.0,6.0,54826,10756,24,0.6503420472145081,0.25060531360849075,0.40-0.50,True,False,INT1;INT10;INT11;INT12;INT13;INT14;INT15;INT16;INT17;INT18;INT19;INT2;INT20;INT21;INT22;INT23;INT24;INT3;INT4;INT5;INT6;INT7;INT8;INT9
uni_v2,CCRCC,blocked,2,1.0,10.0,63092,11128,24,0.6541669964790344,0.24840795759024328,0.40-0.50,True,False,INT1;INT10;INT11;INT12;INT13;INT14;INT15;INT16;INT17;INT18;INT19;INT2;INT20;INT21;INT22;INT23;INT24;INT3;INT4;INT5;INT6;INT7;INT8;INT9
uni_v2,CCRCC,blocked_buffered,2,1.0,10.0,50956,11128,24,0.6476964354515076,0.24417095579566497,0.40-0.50,True,False,INT1;INT10;INT11;INT12;INT13;INT14;INT15;INT16;INT17;INT18;INT19;INT2;INT20;INT21;INT22;INT23;INT24;INT3;INT4;INT5;INT6;INT7;INT8;INT9
uni_v2,CCRCC,blocked_matched,2,1.0,10.0,50956,11128,24,0.653715968132019,0.24838473454801713,0.40-0.50,True,False,INT1;INT10;INT11;INT12;INT13;INT14;INT15;INT16;INT17;INT18;INT19;INT2;INT20;INT21;INT22;INT23;INT24;INT3;INT4;INT5;INT6;INT7;INT8;INT9
uni_v2,CCRCC,random_matched,2,1.0,10.0,50956,10756,24,0.6503246426582336,0.2495062931769644,0.40-0.50,True,False,INT1;INT10;INT11;INT12;INT13;INT14;INT15;INT16;INT17;INT18;INT19;INT2;INT20;INT21;INT22;INT23;INT24;INT3;INT4;INT5;INT6;INT7;INT8;INT9
uni_v2,CCRCC,random,2,2.0,,63464,10756,24,0.6540970802307129,0.26036906339469473,0.40-0.50,True,False,INT1;INT10;INT11;INT12;INT13;INT14;INT15;INT16;INT17;INT18;INT19;INT2;INT20;INT21;INT22;INT23;INT24;INT3;INT4;INT5;INT6;INT7;INT8;INT9
uni_v2,CCRCC,blocked,2,2.0,4.0,60632,13588,24,0.658893883228302,0.2224336399380021,0.40-0.50,True,False,INT1;INT10;INT11;INT12;INT13;INT14;INT15;INT16;INT17;INT18;INT19;INT2;INT20;INT21;INT22;INT23;INT24;INT3;INT4;INT5;INT6;INT7;INT8;INT9
uni_v2,CCRCC,blocked_buffered,2,2.0,4.0,55685,13588,24,0.6534252166748047,0.21775665039788392,0.40-0.50,True,False,INT1;INT10;INT11;INT12;INT13;INT14;INT15;INT16;INT17;INT18;INT19;INT2;INT20;INT21;INT22;INT23;INT24;INT3;INT4;INT5;INT6;INT7;INT8;INT9
uni_v2,CCRCC,blocked_matched,2,2.0,4.0,55685,13588,24,0.6586631536483765,0.22191959274326414,0.40-0.50,True,False,INT1;INT10;INT11;INT12;INT13;INT14;INT15;INT16;INT17;INT18;INT19;INT2;INT20;INT21;INT22;INT23;INT24;INT3;INT4;INT5;INT6;INT7;INT8;INT9
uni_v2,CCRCC,random_matched,2,2.0,4.0,55685,10756,24,0.6537330150604248,0.2602566499924918,0.40-0.50,True,False,INT1;INT10;INT11;INT12;INT13;INT14;INT15;INT16;INT17;INT18;INT19;INT2;INT20;INT21;INT22;INT23;INT24;INT3;INT4;INT5;INT6;INT7;INT8;INT9
uni_v2,CCRCC,blocked,2,2.0,6.0,62267,11953,24,0.6686443090438843,0.22650196409579926,0.40-0.50,True,False,INT1;INT10;INT11;INT12;INT13;INT14;INT15;INT16;INT17;INT18;INT19;INT2;INT20;INT21;INT22;INT23;INT24;INT3;INT4;INT5;INT6;INT7;INT8;INT9
uni_v2,CCRCC,blocked_buffered,2,2.0,6.0,55226,11953,24,0.6648618578910828,0.2215755994990468,0.40-0.50,True,False,INT1;INT10;INT11;INT12;INT13;INT14;INT15;INT16;INT17;INT18;INT19;INT2;INT20;INT21;INT22;INT23;INT24;INT3;INT4;INT5;INT6;INT7;INT8;INT9
uni_v2,CCRCC,blocked_matched,2,2.0,6.0,55226,11953,24,0.6687145233154297,0.22639596715285734,0.40-0.50,True,False,INT1;INT10;INT11;INT12;INT13;INT14;INT15;INT16;INT17;INT18;INT19;INT2;INT20;INT21;INT22;INT23;INT24;INT3;INT4;INT5;INT6;INT7;INT8;INT9
uni_v2,CCRCC,random_matched,2,2.0,6.0,55226,10756,24,0.6536273956298828,0.25957151025751957,0.40-0.50,True,False,INT1;INT10;INT11;INT12;INT13;INT14;INT15;INT16;INT17;INT18;INT19;INT2;INT20;INT21;INT22;INT23;INT24;INT3;INT4;INT5;INT6;INT7;INT8;INT9
uni_v2,CCRCC,blocked,2,2.0,10.0,62926,11294,24,0.6608545780181885,0.20926965524520105,0.40-0.50,True,False,INT1;INT10;INT11;INT12;INT13;INT14;INT15;INT16;INT17;INT18;INT19;INT2;INT20;INT21;INT22;INT23;INT24;INT3;INT4;INT5;INT6;INT7;INT8;INT9
uni_v2,CCRCC,blocked_buffered,2,2.0,10.0,50920,11294,24,0.6536659002304077,0.20448762620949612,0.40-0.50,True,False,INT1;INT10;INT11;INT12;INT13;INT14;INT15;INT16;INT17;INT18;INT19;INT2;INT20;INT21;INT22;INT23;INT24;INT3;INT4;INT5;INT6;INT7;INT8;INT9
uni_v2,CCRCC,blocked_matched,2,2.0,10.0,50920,11294,24,0.6606661081314087,0.2097140179053046,0.40-0.50,True,False,INT1;INT10;INT11;INT12;INT13;INT14;INT15;INT16;INT17;INT18;INT19;INT2;INT20;INT21;INT22;INT23;INT24;INT3;INT4;INT5;INT6;INT7;INT8;INT9
uni_v2,CCRCC,random_matched,2,2.0,10.0,50920,10756,24,0.6534666419029236,0.2595860833383146,0.40-0.50,True,False,INT1;INT10;INT11;INT12;INT13;INT14;INT15;INT16;INT17;INT18;INT19;INT2;INT20;INT21;INT22;INT23;INT24;INT3;INT4;INT5;INT6;INT7;INT8;INT9
uni_v2,CCRCC,random,2,3.0,,63464,10756,24,0.6501778364181519,0.2645924626118115,0.40-0.50,True,False,INT1;INT10;INT11;INT12;INT13;INT14;INT15;INT16;INT17;INT18;INT19;INT2;INT20;INT21;INT22;INT23;INT24;INT3;INT4;INT5;INT6;INT7;INT8;INT9
uni_v2,CCRCC,blocked,2,3.0,4.0,60438,13782,24,0.6444931030273438,0.22060383870625325,0.40-0.50,True,False,INT1;INT10;INT11;INT12;INT13;INT14;INT15;INT16;INT17;INT18;INT19;INT2;INT20;INT21;INT22;INT23;INT24;INT3;INT4;INT5;INT6;INT7;INT8;INT9
uni_v2,CCRCC,blocked_buffered,2,3.0,4.0,55399,13782,24,0.6391880512237549,0.2168397434353634,0.40-0.50,True,False,INT1;INT10;INT11;INT12;INT13;INT14;INT15;INT16;INT17;INT18;INT19;INT2;INT20;INT21;INT22;INT23;INT24;INT3;INT4;INT5;INT6;INT7;INT8;INT9
uni_v2,CCRCC,blocked_matched,2,3.0,4.0,55399,13782,24,0.6441383361816406,0.22037060541285125,0.40-0.50,True,False,INT1;INT10;INT11;INT12;INT13;INT14;INT15;INT16;INT17;INT18;INT19;INT2;INT20;INT21;INT22;INT23;INT24;INT3;INT4;INT5;INT6;INT7;INT8;INT9
uni_v2,CCRCC,random_matched,2,3.0,4.0,55399,10756,24,0.6500832438468933,0.26511273064951335,0.40-0.50,True,False,INT1;INT10;INT11;INT12;INT13;INT14;INT15;INT16;INT17;INT18;INT19;INT2;INT20;INT21;INT22;INT23;INT24;INT3;INT4;INT5;INT6;INT7;INT8;INT9
uni_v2,CCRCC,blocked,2,3.0,6.0,62006,12214,24,0.6359714865684509,0.22074833396317747,0.40-0.50,True,False,INT1;INT10;INT11;INT12;INT13;INT14;INT15;INT16;INT17;INT18;INT19;INT2;INT20;INT21;INT22;INT23;INT24;INT3;INT4;INT5;INT6;INT7;INT8;INT9
uni_v2,CCRCC,blocked_buffered,2,3.0,6.0,54504,12214,24,0.6283107399940491,0.2140789175818645,0.40-0.50,True,False,INT1;INT10;INT11;INT12;INT13;INT14;INT15;INT16;INT17;INT18;INT19;INT2;INT20;INT21;INT22;INT23;INT24;INT3;INT4;INT5;INT6;INT7;INT8;INT9
uni_v2,CCRCC,blocked_matched,2,3.0,6.0,54504,12214,24,0.6362037062644958,0.2219106182461231,0.40-0.50,True,False,INT1;INT10;INT11;INT12;INT13;INT14;INT15;INT16;INT17;INT18;INT19;INT2;INT20;INT21;INT22;INT23;INT24;INT3;INT4;INT5;INT6;INT7;INT8;INT9
uni_v2,CCRCC,random_matched,2,3.0,6.0,54504,10756,24,0.6497433185577393,0.26377424880442657,0.40-0.50,True,False,INT1;INT10;INT11;INT12;INT13;INT14;INT15;INT16;INT17;INT18;INT19;INT2;INT20;INT21;INT22;INT23;INT24;INT3;INT4;INT5;INT6;INT7;INT8;INT9
uni_v2,CCRCC,blocked,2,3.0,10.0,62984,11236,24,0.6406104564666748,0.2466024852595001,0.40-0.50,True,False,INT1;INT10;INT11;INT12;INT13;INT14;INT15;INT16;INT17;INT18;INT19;INT2;INT20;INT21;INT22;INT23;INT24;INT3;INT4;INT5;INT6;INT7;INT8;INT9
uni_v2,CCRCC,blocked_buffered,2,3.0,10.0,51264,11236,24,0.6338363289833069,0.24130402497064396,0.40-0.50,True,False,INT1;INT10;INT11;INT12;INT13;INT14;INT15;INT16;INT17;INT18;INT19;INT2;INT20;INT21;INT22;INT23;INT24;INT3;INT4;INT5;INT6;INT7;INT8;INT9
uni_v2,CCRCC,blocked_matched,2,3.0,10.0,51264,11236,24,0.6399753093719482,0.2454367151043334,0.40-0.50,True,False,INT1;INT10;INT11;INT12;INT13;INT14;INT15;INT16;INT17;INT18;INT19;INT2;INT20;INT21;INT22;INT23;INT24;INT3;INT4;INT5;INT6;INT7;INT8;INT9
uni_v2,CCRCC,random_matched,2,3.0,10.0,51264,10756,24,0.6495298147201538,0.26382123327952284,0.40-0.50,True,False,INT1;INT10;INT11;INT12;INT13;INT14;INT15;INT16;INT17;INT18;INT19;INT2;INT20;INT21;INT22;INT23;INT24;INT3;INT4;INT5;INT6;INT7;INT8;INT9
uni_v2,CCRCC,random,2,4.0,,63464,10756,24,0.6544397473335266,0.25287799608639033,0.40-0.50,True,False,INT1;INT10;INT11;INT12;INT13;INT14;INT15;INT16;INT17;INT18;INT19;INT2;INT20;INT21;INT22;INT23;INT24;INT3;INT4;INT5;INT6;INT7;INT8;INT9
uni_v2,CCRCC,blocked,2,4.0,4.0,59927,14293,24,0.6417879462242126,0.21757282418351678,0.40-0.50,True,False,INT1;INT10;INT11;INT12;INT13;INT14;INT15;INT16;INT17;INT18;INT19;INT2;INT20;INT21;INT22;INT23;INT24;INT3;INT4;INT5;INT6;INT7;INT8;INT9
uni_v2,CCRCC,blocked_buffered,2,4.0,4.0,54905,14293,24,0.6361924409866333,0.21487645674623004,0.40-0.50,True,False,INT1;INT10;INT11;INT12;INT13;INT14;INT15;INT16;INT17;INT18;INT19;INT2;INT20;INT21;INT22;INT23;INT24;INT3;INT4;INT5;INT6;INT7;INT8;INT9
uni_v2,CCRCC,blocked_matched,2,4.0,4.0,54905,14293,24,0.6415764689445496,0.2177162554962221,0.40-0.50,True,False,INT1;INT10;INT11;INT12;INT13;INT14;INT15;INT16;INT17;INT18;INT19;INT2;INT20;INT21;INT22;INT23;INT24;INT3;INT4;INT5;INT6;INT7;INT8;INT9
uni_v2,CCRCC,random_matched,2,4.0,4.0,54905,10756,24,0.6539897918701172,0.25121361221167415,0.40-0.50,True,False,INT1;INT10;INT11;INT12;INT13;INT14;INT15;INT16;INT17;INT18;INT19;INT2;INT20;INT21;INT22;INT23;INT24;INT3;INT4;INT5;INT6;INT7;INT8;INT9
uni_v2,CCRCC,blocked,2,4.0,6.0,62073,12147,24,0.6643576622009277,0.25087038581953797,0.40-0.50,True,False,INT1;INT10;INT11;INT12;INT13;INT14;INT15;INT16;INT17;INT18;INT19;INT2;INT20;INT21;INT22;INT23;INT24;INT3;INT4;INT5;INT6;INT7;INT8;INT9
uni_v2,CCRCC,blocked_buffered,2,4.0,6.0,54881,12147,24,0.6586853861808777,0.24698367187578696,0.40-0.50,True,False,INT1;INT10;INT11;INT12;INT13;INT14;INT15;INT16;INT17;INT18;INT19;INT2;INT20;INT21;INT22;INT23;INT24;INT3;INT4;INT5;INT6;INT7;INT8;INT9
uni_v2,CCRCC,blocked_matched,2,4.0,6.0,54881,12147,24,0.664283812046051,0.25109122528602407,0.40-0.50,True,False,INT1;INT10;INT11;INT12;INT13;INT14;INT15;INT16;INT17;INT18;INT19;INT2;INT20;INT21;INT22;INT23;INT24;INT3;INT4;INT5;INT6;INT7;INT8;INT9
uni_v2,CCRCC,random_matched,2,4.0,6.0,54881,10756,24,0.6542431116104126,0.2527734969901394,0.40-0.50,True,False,INT1;INT10;INT11;INT12;INT13;INT14;INT15;INT16;INT17;INT18;INT19;INT2;INT20;INT21;INT22;INT23;INT24;INT3;INT4;INT5;INT6;INT7;INT8;INT9
uni_v2,CCRCC,blocked,2,4.0,10.0,63034,11186,24,0.6480682492256165,0.23679310696272296,0.40-0.50,True,False,INT1;INT10;INT11;INT12;INT13;INT14;INT15;INT16;INT17;INT18;INT19;INT2;INT20;INT21;INT22;INT23;INT24;INT3;INT4;INT5;INT6;INT7;INT8;INT9
uni_v2,CCRCC,blocked_buffered,2,4.0,10.0,51253,11186,24,0.6416345834732056,0.23217727728386914,0.40-0.50,True,False,INT1;INT10;INT11;INT12;INT13;INT14;INT15;INT16;INT17;INT18;INT19;INT2;INT20;INT21;INT22;INT23;INT24;INT3;INT4;INT5;INT6;INT7;INT8;INT9
uni_v2,CCRCC,blocked_matched,2,4.0,10.0,51253,11186,24,0.6478835344314575,0.23664605519753726,0.40-0.50,True,False,INT1;INT10;INT11;INT12;INT13;INT14;INT15;INT16;INT17;INT18;INT19;INT2;INT20;INT21;INT22;INT23;INT24;INT3;INT4;INT5;INT6;INT7;INT8;INT9
uni_v2,CCRCC,random_matched,2,4.0,10.0,51253,10756,24,0.6541447639465332,0.2536979998297951,0.40-0.50,True,False,INT1;INT10;INT11;INT12;INT13;INT14;INT15;INT16;INT17;INT18;INT19;INT2;INT20;INT21;INT22;INT23;INT24;INT3;INT4;INT5;INT6;INT7;INT8;INT9
uni_v2,CCRCC,patient,3,,,67098,7122,4,0.3512951135635376,0.30327204927802087,0.40-0.50,True,False,INT2;INT3;INT4;INT5
uni_v2,CCRCC,random,3,0.0,,67098,7122,24,0.6577807068824768,0.2553060195949122,0.40-0.50,True,False,INT1;INT10;INT11;INT12;INT13;INT14;INT15;INT16;INT17;INT18;INT19;INT2;INT20;INT21;INT22;INT23;INT24;INT3;INT4;INT5;INT6;INT7;INT8;INT9
uni_v2,CCRCC,blocked,3,0.0,4.0,64947,9273,24,0.6439940929412842,0.198015197662462,0.40-0.50,True,False,INT1;INT10;INT11;INT12;INT13;INT14;INT15;INT16;INT17;INT18;INT19;INT2;INT20;INT21;INT22;INT23;INT24;INT3;INT4;INT5;INT6;INT7;INT8;INT9
uni_v2,CCRCC,blocked_buffered,3,0.0,4.0,61496,9273,24,0.6390844583511353,0.1955184307000066,0.40-0.50,True,False,INT1;INT10;INT11;INT12;INT13;INT14;INT15;INT16;INT17;INT18;INT19;INT2;INT20;INT21;INT22;INT23;INT24;INT3;INT4;INT5;INT6;INT7;INT8;INT9
uni_v2,CCRCC,blocked_matched,3,0.0,4.0,61496,9273,24,0.6440048217773438,0.19772399875939298,0.40-0.50,True,False,INT1;INT10;INT11;INT12;INT13;INT14;INT15;INT16;INT17;INT18;INT19;INT2;INT20;INT21;INT22;INT23;INT24;INT3;INT4;INT5;INT6;INT7;INT8;INT9
uni_v2,CCRCC,random_matched,3,0.0,4.0,61496,7122,24,0.6576818823814392,0.2549150167255357,0.40-0.50,True,False,INT1;INT10;INT11;INT12;INT13;INT14;INT15;INT16;INT17;INT18;INT19;INT2;INT20;INT21;INT22;INT23;INT24;INT3;INT4;INT5;INT6;INT7;INT8;INT9
uni_v2,CCRCC,blocked,3,0.0,6.0,65923,8297,24,0.6502770185470581,0.2186633329855734,0.40-0.50,True,False,INT1;INT10;INT11;INT12;INT13;INT14;INT15;INT16;INT17;INT18;INT19;INT2;INT20;INT21;INT22;INT23;INT24;INT3;INT4;INT5;INT6;INT7;INT8;INT9
uni_v2,CCRCC,blocked_buffered,3,0.0,6.0,60647,8297,24,0.6449723243713379,0.21618640747262055,0.40-0.50,True,False,INT1;INT10;INT11;INT12;INT13;INT14;INT15;INT16;INT17;INT18;INT19;INT2;INT20;INT21;INT22;INT23;INT24;INT3;INT4;INT5;INT6;INT7;INT8;INT9
uni_v2,CCRCC,blocked_matched,3,0.0,6.0,60647,8297,24,0.6503132581710815,0.21966159831734935,0.40-0.50,True,False,INT1;INT10;INT11;INT12;INT13;INT14;INT15;INT16;INT17;INT18;INT19;INT2;INT20;INT21;INT22;INT23;INT24;INT3;INT4;INT5;INT6;INT7;INT8;INT9
uni_v2,CCRCC,random_matched,3,0.0,6.0,60647,7122,24,0.6576323509216309,0.25481067274934804,0.40-0.50,True,False,INT1;INT10;INT11;INT12;INT13;INT14;INT15;INT16;INT17;INT18;INT19;INT2;INT20;INT21;INT22;INT23;INT24;INT3;INT4;INT5;INT6;INT7;INT8;INT9
uni_v2,CCRCC,blocked,3,0.0,10.0,66708,7512,24,0.655773937702179,0.22382289605816671,0.40-0.50,True,False,INT1;INT10;INT11;INT12;INT13;INT14;INT15;INT16;INT17;INT18;INT19;INT2;INT20;INT21;INT22;INT23;INT24;INT3;INT4;INT5;INT6;INT7;INT8;INT9
uni_v2,CCRCC,blocked_buffered,3,0.0,10.0,57980,7512,24,0.6504265666007996,0.21986309458439182,0.40-0.50,True,False,INT1;INT10;INT11;INT12;INT13;INT14;INT15;INT16;INT17;INT18;INT19;INT2;INT20;INT21;INT22;INT23;INT24;INT3;INT4;INT5;INT6;INT7;INT8;INT9
uni_v2,CCRCC,blocked_matched,3,0.0,10.0,57980,7512,24,0.6555736660957336,0.22385624185966058,0.40-0.50,True,False,INT1;INT10;INT11;INT12;INT13;INT14;INT15;INT16;INT17;INT18;INT19;INT2;INT20;INT21;INT22;INT23;INT24;INT3;INT4;INT5;INT6;INT7;INT8;INT9
uni_v2,CCRCC,random_matched,3,0.0,10.0,57980,7122,24,0.6574954986572266,0.25473511817962086,0.40-0.50,True,False,INT1;INT10;INT11;INT12;INT13;INT14;INT15;INT16;INT17;INT18;INT19;INT2;INT20;INT21;INT22;INT23;INT24;INT3;INT4;INT5;INT6;INT7;INT8;INT9
uni_v2,CCRCC,random,3,1.0,,67098,7122,24,0.6546585559844971,0.25664575401809997,0.40-0.50,True,False,INT1;INT10;INT11;INT12;INT13;INT14;INT15;INT16;INT17;INT18;INT19;INT2;INT20;INT21;INT22;INT23;INT24;INT3;INT4;INT5;INT6;INT7;INT8;INT9
uni_v2,CCRCC,blocked,3,1.0,4.0,64633,9587,24,0.6396822929382324,0.2372362399370953,0.40-0.50,True,False,INT1;INT10;INT11;INT12;INT13;INT14;INT15;INT16;INT17;INT18;INT19;INT2;INT20;INT21;INT22;INT23;INT24;INT3;INT4;INT5;INT6;INT7;INT8;INT9
uni_v2,CCRCC,blocked_buffered,3,1.0,4.0,61314,9587,24,0.6344706416130066,0.23587673956790242,0.40-0.50,True,False,INT1;INT10;INT11;INT12;INT13;INT14;INT15;INT16;INT17;INT18;INT19;INT2;INT20;INT21;INT22;INT23;INT24;INT3;INT4;INT5;INT6;INT7;INT8;INT9
uni_v2,CCRCC,blocked_matched,3,1.0,4.0,61314,9587,24,0.6394516229629517,0.2367779270225583,0.40-0.50,True,False,INT1;INT10;INT11;INT12;INT13;INT14;INT15;INT16;INT17;INT18;INT19;INT2;INT20;INT21;INT22;INT23;INT24;INT3;INT4;INT5;INT6;INT7;INT8;INT9
uni_v2,CCRCC,random_matched,3,1.0,4.0,61314,7122,24,0.6545132994651794,0.25630502711292746,0.40-0.50,True,False,INT1;INT10;INT11;INT12;INT13;INT14;INT15;INT16;INT17;INT18;INT19;INT2;INT20;INT21;INT22;INT23;INT24;INT3;INT4;INT5;INT6;INT7;INT8;INT9
uni_v2,CCRCC,blocked,3,1.0,6.0,65997,8223,24,0.6751283407211304,0.23773760982080905,0.40-0.50,True,False,INT1;INT10;INT11;INT12;INT13;INT14;INT15;INT16;INT17;INT18;INT19;INT2;INT20;INT21;INT22;INT23;INT24;INT3;INT4;INT5;INT6;INT7;INT8;INT9
uni_v2,CCRCC,blocked_buffered,3,1.0,6.0,60652,8223,24,0.6702031493186951,0.2342290210240753,0.40-0.50,True,False,INT1;INT10;INT11;INT12;INT13;INT14;INT15;INT16;INT17;INT18;INT19;INT2;INT20;INT21;INT22;INT23;INT24;INT3;INT4;INT5;INT6;INT7;INT8;INT9
uni_v2,CCRCC,blocked_matched,3,1.0,6.0,60652,8223,24,0.6746232509613037,0.23730244400473263,0.40-0.50,True,False,INT1;INT10;INT11;INT12;INT13;INT14;INT15;INT16;INT17;INT18;INT19;INT2;INT20;INT21;INT22;INT23;INT24;INT3;INT4;INT5;INT6;INT7;INT8;INT9
uni_v2,CCRCC,random_matched,3,1.0,6.0,60652,7122,24,0.6545760631561279,0.2565864342817804,0.40-0.50,True,False,INT1;INT10;INT11;INT12;INT13;INT14;INT15;INT16;INT17;INT18;INT19;INT2;INT20;INT21;INT22;INT23;INT24;INT3;INT4;INT5;INT6;INT7;INT8;INT9
uni_v2,CCRCC,blocked,3,1.0,10.0,66662,7558,24,0.6499187350273132,0.2611507491719385,0.40-0.50,True,False,INT1;INT10;INT11;INT12;INT13;INT14;INT15;INT16;INT17;INT18;INT19;INT2;INT20;INT21;INT22;INT23;INT24;INT3;INT4;INT5;INT6;INT7;INT8;INT9
uni_v2,CCRCC,blocked_buffered,3,1.0,10.0,57673,7558,24,0.644074022769928,0.25394423449169456,0.40-0.50,True,False,INT1;INT10;INT11;INT12;INT13;INT14;INT15;INT16;INT17;INT18;INT19;INT2;INT20;INT21;INT22;INT23;INT24;INT3;INT4;INT5;INT6;INT7;INT8;INT9
uni_v2,CCRCC,blocked_matched,3,1.0,10.0,57673,7558,24,0.6499757170677185,0.26172074833128134,0.40-0.50,True,False,INT1;INT10;INT11;INT12;INT13;INT14;INT15;INT16;INT17;INT18;INT19;INT2;INT20;INT21;INT22;INT23;INT24;INT3;INT4;INT5;INT6;INT7;INT8;INT9
uni_v2,CCRCC,random_matched,3,1.0,10.0,57673,7122,24,0.654449999332428,0.2559219761901477,0.40-0.50,True,False,INT1;INT10;INT11;INT12;INT13;INT14;INT15;INT16;INT17;INT18;INT19;INT2;INT20;INT21;INT22;INT23;INT24;INT3;INT4;INT5;INT6;INT7;INT8;INT9
uni_v2,CCRCC,random,3,2.0,,67098,7122,24,0.6506792306900024,0.2552680693921381,0.40-0.50,True,False,INT1;INT10;INT11;INT12;INT13;INT14;INT15;INT16;INT17;INT18;INT19;INT2;INT20;INT21;INT22;INT23;INT24;INT3;INT4;INT5;INT6;INT7;INT8;INT9
uni_v2,CCRCC,blocked,3,2.0,4.0,64095,10125,24,0.6264936327934265,0.16023638962105904,0.40-0.50,True,False,INT1;INT10;INT11;INT12;INT13;INT14;INT15;INT16;INT17;INT18;INT19;INT2;INT20;INT21;INT22;INT23;INT24;INT3;INT4;INT5;INT6;INT7;INT8;INT9
uni_v2,CCRCC,blocked_buffered,3,2.0,4.0,60150,10125,24,0.6220270395278931,0.15702255795763145,0.40-0.50,True,False,INT1;INT10;INT11;INT12;INT13;INT14;INT15;INT16;INT17;INT18;INT19;INT2;INT20;INT21;INT22;INT23;INT24;INT3;INT4;INT5;INT6;INT7;INT8;INT9
uni_v2,CCRCC,blocked_matched,3,2.0,4.0,60150,10125,24,0.6262941956520081,0.1594802529104648,0.40-0.50,True,False,INT1;INT10;INT11;INT12;INT13;INT14;INT15;INT16;INT17;INT18;INT19;INT2;INT20;INT21;INT22;INT23;INT24;INT3;INT4;INT5;INT6;INT7;INT8;INT9
uni_v2,CCRCC,random_matched,3,2.0,4.0,60150,7122,24,0.6503736972808838,0.25469127247158513,0.40-0.50,True,False,INT1;INT10;INT11;INT12;INT13;INT14;INT15;INT16;INT17;INT18;INT19;INT2;INT20;INT21;INT22;INT23;INT24;INT3;INT4;INT5;INT6;INT7;INT8;INT9
uni_v2,CCRCC,blocked,3,2.0,6.0,65806,8414,24,0.6518573760986328,0.2575187821861861,0.40-0.50,True,False,INT1;INT10;INT11;INT12;INT13;INT14;INT15;INT16;INT17;INT18;INT19;INT2;INT20;INT21;INT22;INT23;INT24;INT3;INT4;INT5;INT6;INT7;INT8;INT9
uni_v2,CCRCC,blocked_buffered,3,2.0,6.0,60882,8414,24,0.6473445296287537,0.2546053826608113,0.40-0.50,True,False,INT1;INT10;INT11;INT12;INT13;INT14;INT15;INT16;INT17;INT18;INT19;INT2;INT20;INT21;INT22;INT23;INT24;INT3;INT4;INT5;INT6;INT7;INT8;INT9
uni_v2,CCRCC,blocked_matched,3,2.0,6.0,60882,8414,24,0.6514298915863037,0.2573295931619941,0.40-0.50,True,False,INT1;INT10;INT11;INT12;INT13;INT14;INT15;INT16;INT17;INT18;INT19;INT2;INT20;INT21;INT22;INT23;INT24;INT3;INT4;INT5;INT6;INT7;INT8;INT9
uni_v2,CCRCC,random_matched,3,2.0,6.0,60882,7122,24,0.6506693959236145,0.2556631325473912,0.40-0.50,True,False,INT1;INT10;INT11;INT12;INT13;INT14;INT15;INT16;INT17;INT18;INT19;INT2;INT20;INT21;INT22;INT23;INT24;INT3;INT4;INT5;INT6;INT7;INT8;INT9
uni_v2,CCRCC,blocked,3,2.0,10.0,66727,7493,24,0.6442960500717163,0.24310805605782057,0.40-0.50,True,False,INT1;INT10;INT11;INT12;INT13;INT14;INT15;INT16;INT17;INT18;INT19;INT2;INT20;INT21;INT22;INT23;INT24;INT3;INT4;INT5;INT6;INT7;INT8;INT9
uni_v2,CCRCC,blocked_buffered,3,2.0,10.0,57790,7493,24,0.6391409635543823,0.24036875556523837,0.40-0.50,True,False,INT1;INT10;INT11;INT12;INT13;INT14;INT15;INT16;INT17;INT18;INT19;INT2;INT20;INT21;INT22;INT23;INT24;INT3;INT4;INT5;INT6;INT7;INT8;INT9
uni_v2,CCRCC,blocked_matched,3,2.0,10.0,57790,7493,24,0.6441153883934021,0.24269696957975007,0.40-0.50,True,False,INT1;INT10;INT11;INT12;INT13;INT14;INT15;INT16;INT17;INT18;INT19;INT2;INT20;INT21;INT22;INT23;INT24;INT3;INT4;INT5;INT6;INT7;INT8;INT9
uni_v2,CCRCC,random_matched,3,2.0,10.0,57790,7122,24,0.6505841612815857,0.25523496950059776,0.40-0.50,True,False,INT1;INT10;INT11;INT12;INT13;INT14;INT15;INT16;INT17;INT18;INT19;INT2;INT20;INT21;INT22;INT23;INT24;INT3;INT4;INT5;INT6;INT7;INT8;INT9
uni_v2,CCRCC,random,3,3.0,,67098,7122,24,0.6591740250587463,0.26355545293316635,0.40-0.50,True,False,INT1;INT10;INT11;INT12;INT13;INT14;INT15;INT16;INT17;INT18;INT19;INT2;INT20;INT21;INT22;INT23;INT24;INT3;INT4;INT5;INT6;INT7;INT8;INT9
uni_v2,CCRCC,blocked,3,3.0,4.0,64658,9562,24,0.6839896440505981,0.21340213083128523,0.40-0.50,True,False,INT1;INT10;INT11;INT12;INT13;INT14;INT15;INT16;INT17;INT18;INT19;INT2;INT20;INT21;INT22;INT23;INT24;INT3;INT4;INT5;INT6;INT7;INT8;INT9
uni_v2,CCRCC,blocked_buffered,3,3.0,4.0,60751,9562,24,0.6784452795982361,0.20947347512178868,0.40-0.50,True,False,INT1;INT10;INT11;INT12;INT13;INT14;INT15;INT16;INT17;INT18;INT19;INT2;INT20;INT21;INT22;INT23;INT24;INT3;INT4;INT5;INT6;INT7;INT8;INT9
uni_v2,CCRCC,blocked_matched,3,3.0,4.0,60751,9562,24,0.6840081214904785,0.21360315468050736,0.40-0.50,True,False,INT1;INT10;INT11;INT12;INT13;INT14;INT15;INT16;INT17;INT18;INT19;INT2;INT20;INT21;INT22;INT23;INT24;INT3;INT4;INT5;INT6;INT7;INT8;INT9
uni_v2,CCRCC,random_matched,3,3.0,4.0,60751,7122,24,0.6589824557304382,0.2636081725806192,0.40-0.50,True,False,INT1;INT10;INT11;INT12;INT13;INT14;INT15;INT16;INT17;INT18;INT19;INT2;INT20;INT21;INT22;INT23;INT24;INT3;INT4;INT5;INT6;INT7;INT8;INT9
uni_v2,CCRCC,blocked,3,3.0,6.0,65779,8441,24,0.6264387369155884,0.23931314449039442,0.40-0.50,True,False,INT1;INT10;INT11;INT12;INT13;INT14;INT15;INT16;INT17;INT18;INT19;INT2;INT20;INT21;INT22;INT23;INT24;INT3;INT4;INT5;INT6;INT7;INT8;INT9
uni_v2,CCRCC,blocked_buffered,3,3.0,6.0,60645,8441,24,0.6211739182472229,0.2334370087622665,0.40-0.50,True,False,INT1;INT10;INT11;INT12;INT13;INT14;INT15;INT16;INT17;INT18;INT19;INT2;INT20;INT21;INT22;INT23;INT24;INT3;INT4;INT5;INT6;INT7;INT8;INT9
uni_v2,CCRCC,blocked_matched,3,3.0,6.0,60645,8441,24,0.6267057657241821,0.24004908581103032,0.40-0.50,True,False,INT1;INT10;INT11;INT12;INT13;INT14;INT15;INT16;INT17;INT18;INT19;INT2;INT20;INT21;INT22;INT23;INT24;INT3;INT4;INT5;INT6;INT7;INT8;INT9
uni_v2,CCRCC,random_matched,3,3.0,6.0,60645,7122,24,0.6588824391365051,0.2628042206937001,0.40-0.50,True,False,INT1;INT10;INT11;INT12;INT13;INT14;INT15;INT16;INT17;INT18;INT19;INT2;INT20;INT21;INT22;INT23;INT24;INT3;INT4;INT5;INT6;INT7;INT8;INT9
uni_v2,CCRCC,blocked,3,3.0,10.0,66668,7552,24,0.6571213603019714,0.2527426020139925,0.40-0.50,True,False,INT1;INT10;INT11;INT12;INT13;INT14;INT15;INT16;INT17;INT18;INT19;INT2;INT20;INT21;INT22;INT23;INT24;INT3;INT4;INT5;INT6;INT7;INT8;INT9
uni_v2,CCRCC,blocked_buffered,3,3.0,10.0,57667,7552,24,0.6520078778266907,0.24953645703370664,0.40-0.50,True,False,INT1;INT10;INT11;INT12;INT13;INT14;INT15;INT16;INT17;INT18;INT19;INT2;INT20;INT21;INT22;INT23;INT24;INT3;INT4;INT5;INT6;INT7;INT8;INT9
uni_v2,CCRCC,blocked_matched,3,3.0,10.0,57667,7552,24,0.657045304775238,0.25264818765383096,0.40-0.50,True,False,INT1;INT10;INT11;INT12;INT13;INT14;INT15;INT16;INT17;INT18;INT19;INT2;INT20;INT21;INT22;INT23;INT24;INT3;INT4;INT5;INT6;INT7;INT8;INT9
uni_v2,CCRCC,random_matched,3,3.0,10.0,57667,7122,24,0.6589557528495789,0.2636575520786573,0.40-0.50,True,False,INT1;INT10;INT11;INT12;INT13;INT14;INT15;INT16;INT17;INT18;INT19;INT2;INT20;INT21;INT22;INT23;INT24;INT3;INT4;INT5;INT6;INT7;INT8;INT9
uni_v2,CCRCC,random,3,4.0,,67098,7122,24,0.6499636769294739,0.2600120410617577,0.40-0.50,True,False,INT1;INT10;INT11;INT12;INT13;INT14;INT15;INT16;INT17;INT18;INT19;INT2;INT20;INT21;INT22;INT23;INT24;INT3;INT4;INT5;INT6;INT7;INT8;INT9
uni_v2,CCRCC,blocked,3,4.0,4.0,64549,9671,24,0.6328332424163818,0.17884340005698807,0.40-0.50,True,False,INT1;INT10;INT11;INT12;INT13;INT14;INT15;INT16;INT17;INT18;INT19;INT2;INT20;INT21;INT22;INT23;INT24;INT3;INT4;INT5;INT6;INT7;INT8;INT9
uni_v2,CCRCC,blocked_buffered,3,4.0,4.0,60948,9671,24,0.6285001635551453,0.17551073727022107,0.40-0.50,True,False,INT1;INT10;INT11;INT12;INT13;INT14;INT15;INT16;INT17;INT18;INT19;INT2;INT20;INT21;INT22;INT23;INT24;INT3;INT4;INT5;INT6;INT7;INT8;INT9
uni_v2,CCRCC,blocked_matched,3,4.0,4.0,60948,9671,24,0.6324590444564819,0.17815677985126968,0.40-0.50,True,False,INT1;INT10;INT11;INT12;INT13;INT14;INT15;INT16;INT17;INT18;INT19;INT2;INT20;INT21;INT22;INT23;INT24;INT3;INT4;INT5;INT6;INT7;INT8;INT9
uni_v2,CCRCC,random_matched,3,4.0,4.0,60948,7122,24,0.6498128771781921,0.26033029301887534,0.40-0.50,True,False,INT1;INT10;INT11;INT12;INT13;INT14;INT15;INT16;INT17;INT18;INT19;INT2;INT20;INT21;INT22;INT23;INT24;INT3;INT4;INT5;INT6;INT7;INT8;INT9
uni_v2,CCRCC,blocked,3,4.0,6.0,66082,8138,24,0.6683164834976196,0.21666750971213333,0.40-0.50,True,False,INT1;INT10;INT11;INT12;INT13;INT14;INT15;INT16;INT17;INT18;INT19;INT2;INT20;INT21;INT22;INT23;INT24;INT3;INT4;INT5;INT6;INT7;INT8;INT9
uni_v2,CCRCC,blocked_buffered,3,4.0,6.0,61109,8138,24,0.6619600057601929,0.21247155966503364,0.40-0.50,True,False,INT1;INT10;INT11;INT12;INT13;INT14;INT15;INT16;INT17;INT18;INT19;INT2;INT20;INT21;INT22;INT23;INT24;INT3;INT4;INT5;INT6;INT7;INT8;INT9
uni_v2,CCRCC,blocked_matched,3,4.0,6.0,61109,8138,24,0.668335497379303,0.21642521034874032,0.40-0.50,True,False,INT1;INT10;INT11;INT12;INT13;INT14;INT15;INT16;INT17;INT18;INT19;INT2;INT20;INT21;INT22;INT23;INT24;INT3;INT4;INT5;INT6;INT7;INT8;INT9
uni_v2,CCRCC,random_matched,3,4.0,6.0,61109,7122,24,0.6498426198959351,0.2599228288604839,0.40-0.50,True,False,INT1;INT10;INT11;INT12;INT13;INT14;INT15;INT16;INT17;INT18;INT19;INT2;INT20;INT21;INT22;INT23;INT24;INT3;INT4;INT5;INT6;INT7;INT8;INT9
uni_v2,CCRCC,blocked,3,4.0,10.0,66709,7511,24,0.6428276300430298,0.24356980528800098,0.40-0.50,True,False,INT1;INT10;INT11;INT12;INT13;INT14;INT15;INT16;INT17;INT18;INT19;INT2;INT20;INT21;INT22;INT23;INT24;INT3;INT4;INT5;INT6;INT7;INT8;INT9
uni_v2,CCRCC,blocked_buffered,3,4.0,10.0,57824,7511,24,0.6362741589546204,0.23894975973983187,0.40-0.50,True,False,INT1;INT10;INT11;INT12;INT13;INT14;INT15;INT16;INT17;INT18;INT19;INT2;INT20;INT21;INT22;INT23;INT24;INT3;INT4;INT5;INT6;INT7;INT8;INT9
uni_v2,CCRCC,blocked_matched,3,4.0,10.0,57824,7511,24,0.6422446966171265,0.2427637694875011,0.40-0.50,True,False,INT1;INT10;INT11;INT12;INT13;INT14;INT15;INT16;INT17;INT18;INT19;INT2;INT20;INT21;INT22;INT23;INT24;INT3;INT4;INT5;INT6;INT7;INT8;INT9
uni_v2,CCRCC,random_matched,3,4.0,10.0,57824,7122,24,0.6498066186904907,0.2597976997776277,0.40-0.50,True,False,INT1;INT10;INT11;INT12;INT13;INT14;INT15;INT16;INT17;INT18;INT19;INT2;INT20;INT21;INT22;INT23;INT24;INT3;INT4;INT5;INT6;INT7;INT8;INT9
uni_v2,CCRCC,patient,4,,,59472,14748,4,0.22881366312503815,0.1773558492632583,0.40-0.50,True,False,INT1;INT20;INT21;INT22
uni_v2,CCRCC,random,4,0.0,,59472,14748,24,0.65642911195755,0.2622738785953455,0.40-0.50,True,False,INT1;INT10;INT11;INT12;INT13;INT14;INT15;INT16;INT17;INT18;INT19;INT2;INT20;INT21;INT22;INT23;INT24;INT3;INT4;INT5;INT6;INT7;INT8;INT9
uni_v2,CCRCC,blocked,4,0.0,4.0,55960,18260,24,0.6502977013587952,0.20592254333940216,0.40-0.50,True,False,INT1;INT10;INT11;INT12;INT13;INT14;INT15;INT16;INT17;INT18;INT19;INT2;INT20;INT21;INT22;INT23;INT24;INT3;INT4;INT5;INT6;INT7;INT8;INT9
uni_v2,CCRCC,blocked_buffered,4,0.0,4.0,50120,18260,24,0.6445932984352112,0.20305391741484832,0.40-0.50,True,False,INT1;INT10;INT11;INT12;INT13;INT14;INT15;INT16;INT17;INT18;INT19;INT2;INT20;INT21;INT22;INT23;INT24;INT3;INT4;INT5;INT6;INT7;INT8;INT9
uni_v2,CCRCC,blocked_matched,4,0.0,4.0,50120,18260,24,0.6500478386878967,0.20533179212575,0.40-0.50,True,False,INT1;INT10;INT11;INT12;INT13;INT14;INT15;INT16;INT17;INT18;INT19;INT2;INT20;INT21;INT22;INT23;INT24;INT3;INT4;INT5;INT6;INT7;INT8;INT9
uni_v2,CCRCC,random_matched,4,0.0,4.0,50120,14748,24,0.6559562683105469,0.2619617221518456,0.40-0.50,True,False,INT1;INT10;INT11;INT12;INT13;INT14;INT15;INT16;INT17;INT18;INT19;INT2;INT20;INT21;INT22;INT23;INT24;INT3;INT4;INT5;INT6;INT7;INT8;INT9
uni_v2,CCRCC,blocked,4,0.0,6.0,58224,15996,24,0.6446384191513062,0.24519762259481168,0.40-0.50,True,False,INT1;INT10;INT11;INT12;INT13;INT14;INT15;INT16;INT17;INT18;INT19;INT2;INT20;INT21;INT22;INT23;INT24;INT3;INT4;INT5;INT6;INT7;INT8;INT9
uni_v2,CCRCC,blocked_buffered,4,0.0,6.0,49583,15996,24,0.6388142108917236,0.24109612014843151,0.40-0.50,True,False,INT1;INT10;INT11;INT12;INT13;INT14;INT15;INT16;INT17;INT18;INT19;INT2;INT20;INT21;INT22;INT23;INT24;INT3;INT4;INT5;INT6;INT7;INT8;INT9
uni_v2,CCRCC,blocked_matched,4,0.0,6.0,49583,15996,24,0.6443157196044922,0.24473834293234784,0.40-0.50,True,False,INT1;INT10;INT11;INT12;INT13;INT14;INT15;INT16;INT17;INT18;INT19;INT2;INT20;INT21;INT22;INT23;INT24;INT3;INT4;INT5;INT6;INT7;INT8;INT9
uni_v2,CCRCC,random_matched,4,0.0,6.0,49583,14748,24,0.6560688018798828,0.2620192328108048,0.40-0.50,True,False,INT1;INT10;INT11;INT12;INT13;INT14;INT15;INT16;INT17;INT18;INT19;INT2;INT20;INT21;INT22;INT23;INT24;INT3;INT4;INT5;INT6;INT7;INT8;INT9
uni_v2,CCRCC,blocked,4,0.0,10.0,58940,15280,24,0.6455007195472717,0.24037830471022362,0.40-0.50,True,False,INT1;INT10;INT11;INT12;INT13;INT14;INT15;INT16;INT17;INT18;INT19;INT2;INT20;INT21;INT22;INT23;INT24;INT3;INT4;INT5;INT6;INT7;INT8;INT9
uni_v2,CCRCC,blocked_buffered,4,0.0,10.0,43841,15280,24,0.6389374732971191,0.23645528745649547,0.40-0.50,True,False,INT1;INT10;INT11;INT12;INT13;INT14;INT15;INT16;INT17;INT18;INT19;INT2;INT20;INT21;INT22;INT23;INT24;INT3;INT4;INT5;INT6;INT7;INT8;INT9
uni_v2,CCRCC,blocked_matched,4,0.0,10.0,43841,15280,24,0.6450172662734985,0.2403111494483164,0.40-0.50,True,False,INT1;INT10;INT11;INT12;INT13;INT14;INT15;INT16;INT17;INT18;INT19;INT2;INT20;INT21;INT22;INT23;INT24;INT3;INT4;INT5;INT6;INT7;INT8;INT9
uni_v2,CCRCC,random_matched,4,0.0,10.0,43841,14748,24,0.6556702256202698,0.26029462090598826,0.40-0.50,True,False,INT1;INT10;INT11;INT12;INT13;INT14;INT15;INT16;INT17;INT18;INT19;INT2;INT20;INT21;INT22;INT23;INT24;INT3;INT4;INT5;INT6;INT7;INT8;INT9
uni_v2,CCRCC,random,4,1.0,,59472,14748,24,0.6578463912010193,0.2569084048183868,0.40-0.50,True,False,INT1;INT10;INT11;INT12;INT13;INT14;INT15;INT16;INT17;INT18;INT19;INT2;INT20;INT21;INT22;INT23;INT24;INT3;INT4;INT5;INT6;INT7;INT8;INT9
uni_v2,CCRCC,blocked,4,1.0,4.0,55867,18353,24,0.6287729144096375,0.2034711912372101,0.40-0.50,True,False,INT1;INT10;INT11;INT12;INT13;INT14;INT15;INT16;INT17;INT18;INT19;INT2;INT20;INT21;INT22;INT23;INT24;INT3;INT4;INT5;INT6;INT7;INT8;INT9
uni_v2,CCRCC,blocked_buffered,4,1.0,4.0,50219,18353,24,0.6232642531394958,0.19857875946642403,0.40-0.50,True,False,INT1;INT10;INT11;INT12;INT13;INT14;INT15;INT16;INT17;INT18;INT19;INT2;INT20;INT21;INT22;INT23;INT24;INT3;INT4;INT5;INT6;INT7;INT8;INT9
uni_v2,CCRCC,blocked_matched,4,1.0,4.0,50219,18353,24,0.6285563111305237,0.20250742095419508,0.40-0.50,True,False,INT1;INT10;INT11;INT12;INT13;INT14;INT15;INT16;INT17;INT18;INT19;INT2;INT20;INT21;INT22;INT23;INT24;INT3;INT4;INT5;INT6;INT7;INT8;INT9
uni_v2,CCRCC,random_matched,4,1.0,4.0,50219,14748,24,0.6574247479438782,0.25631872987996757,0.40-0.50,True,False,INT1;INT10;INT11;INT12;INT13;INT14;INT15;INT16;INT17;INT18;INT19;INT2;INT20;INT21;INT22;INT23;INT24;INT3;INT4;INT5;INT6;INT7;INT8;INT9
uni_v2,CCRCC,blocked,4,1.0,6.0,57912,16308,24,0.636709988117218,0.23612460328666204,0.40-0.50,True,False,INT1;INT10;INT11;INT12;INT13;INT14;INT15;INT16;INT17;INT18;INT19;INT2;INT20;INT21;INT22;INT23;INT24;INT3;INT4;INT5;INT6;INT7;INT8;INT9
uni_v2,CCRCC,blocked_buffered,4,1.0,6.0,49025,16308,24,0.6301343441009521,0.23067055002183526,0.40-0.50,True,False,INT1;INT10;INT11;INT12;INT13;INT14;INT15;INT16;INT17;INT18;INT19;INT2;INT20;INT21;INT22;INT23;INT24;INT3;INT4;INT5;INT6;INT7;INT8;INT9
uni_v2,CCRCC,blocked_matched,4,1.0,6.0,49025,16308,24,0.6363192796707153,0.23674384194121859,0.40-0.50,True,False,INT1;INT10;INT11;INT12;INT13;INT14;INT15;INT16;INT17;INT18;INT19;INT2;INT20;INT21;INT22;INT23;INT24;INT3;INT4;INT5;INT6;INT7;INT8;INT9
uni_v2,CCRCC,random_matched,4,1.0,6.0,49025,14748,24,0.6578744649887085,0.2569302322871469,0.40-0.50,True,False,INT1;INT10;INT11;INT12;INT13;INT14;INT15;INT16;INT17;INT18;INT19;INT2;INT20;INT21;INT22;INT23;INT24;INT3;INT4;INT5;INT6;INT7;INT8;INT9
uni_v2,CCRCC,blocked,4,1.0,10.0,59034,15186,24,0.6585102677345276,0.2435783817817628,0.40-0.50,True,False,INT1;INT10;INT11;INT12;INT13;INT14;INT15;INT16;INT17;INT18;INT19;INT2;INT20;INT21;INT22;INT23;INT24;INT3;INT4;INT5;INT6;INT7;INT8;INT9
uni_v2,CCRCC,blocked_buffered,4,1.0,10.0,43923,15186,24,0.6484662890434265,0.23573916866492559,0.40-0.50,True,False,INT1;INT10;INT11;INT12;INT13;INT14;INT15;INT16;INT17;INT18;INT19;INT2;INT20;INT21;INT22;INT23;INT24;INT3;INT4;INT5;INT6;INT7;INT8;INT9
uni_v2,CCRCC,blocked_matched,4,1.0,10.0,43923,15186,24,0.657940149307251,0.24336767358432554,0.40-0.50,True,False,INT1;INT10;INT11;INT12;INT13;INT14;INT15;INT16;INT17;INT18;INT19;INT2;INT20;INT21;INT22;INT23;INT24;INT3;INT4;INT5;INT6;INT7;INT8;INT9
uni_v2,CCRCC,random_matched,4,1.0,10.0,43923,14748,24,0.6575719714164734,0.2559911586400388,0.40-0.50,True,False,INT1;INT10;INT11;INT12;INT13;INT14;INT15;INT16;INT17;INT18;INT19;INT2;INT20;INT21;INT22;INT23;INT24;INT3;INT4;INT5;INT6;INT7;INT8;INT9
uni_v2,CCRCC,random,4,2.0,,59472,14748,24,0.6547589898109436,0.2617745200170127,0.40-0.50,True,False,INT1;INT10;INT11;INT12;INT13;INT14;INT15;INT16;INT17;INT18;INT19;INT2;INT20;INT21;INT22;INT23;INT24;INT3;INT4;INT5;INT6;INT7;INT8;INT9
uni_v2,CCRCC,blocked,4,2.0,4.0,56215,18005,24,0.6373200416564941,0.21512444805647343,0.40-0.50,True,False,INT1;INT10;INT11;INT12;INT13;INT14;INT15;INT16;INT17;INT18;INT19;INT2;INT20;INT21;INT22;INT23;INT24;INT3;INT4;INT5;INT6;INT7;INT8;INT9
uni_v2,CCRCC,blocked_buffered,4,2.0,4.0,50071,18005,24,0.6306520700454712,0.21048914940634855,0.40-0.50,True,False,INT1;INT10;INT11;INT12;INT13;INT14;INT15;INT16;INT17;INT18;INT19;INT2;INT20;INT21;INT22;INT23;INT24;INT3;INT4;INT5;INT6;INT7;INT8;INT9
uni_v2,CCRCC,blocked_matched,4,2.0,4.0,50071,18005,24,0.6370343565940857,0.21503036496668457,0.40-0.50,True,False,INT1;INT10;INT11;INT12;INT13;INT14;INT15;INT16;INT17;INT18;INT19;INT2;INT20;INT21;INT22;INT23;INT24;INT3;INT4;INT5;INT6;INT7;INT8;INT9
uni_v2,CCRCC,random_matched,4,2.0,4.0,50071,14748,24,0.6544371843338013,0.2618452663900583,0.40-0.50,True,False,INT1;INT10;INT11;INT12;INT13;INT14;INT15;INT16;INT17;INT18;INT19;INT2;INT20;INT21;INT22;INT23;INT24;INT3;INT4;INT5;INT6;INT7;INT8;INT9
uni_v2,CCRCC,blocked,4,2.0,6.0,58417,15803,24,0.6547042727470398,0.2356629020885642,0.40-0.50,True,False,INT1;INT10;INT11;INT12;INT13;INT14;INT15;INT16;INT17;INT18;INT19;INT2;INT20;INT21;INT22;INT23;INT24;INT3;INT4;INT5;INT6;INT7;INT8;INT9
uni_v2,CCRCC,blocked_buffered,4,2.0,6.0,49600,15803,24,0.6478737592697144,0.22957277810441154,0.40-0.50,True,False,INT1;INT10;INT11;INT12;INT13;INT14;INT15;INT16;INT17;INT18;INT19;INT2;INT20;INT21;INT22;INT23;INT24;INT3;INT4;INT5;INT6;INT7;INT8;INT9
uni_v2,CCRCC,blocked_matched,4,2.0,6.0,49600,15803,24,0.6542984843254089,0.2350762434021453,0.40-0.50,True,False,INT1;INT10;INT11;INT12;INT13;INT14;INT15;INT16;INT17;INT18;INT19;INT2;INT20;INT21;INT22;INT23;INT24;INT3;INT4;INT5;INT6;INT7;INT8;INT9
uni_v2,CCRCC,random_matched,4,2.0,6.0,49600,14748,24,0.6543561816215515,0.2607793593717118,0.40-0.50,True,False,INT1;INT10;INT11;INT12;INT13;INT14;INT15;INT16;INT17;INT18;INT19;INT2;INT20;INT21;INT22;INT23;INT24;INT3;INT4;INT5;INT6;INT7;INT8;INT9
uni_v2,CCRCC,blocked,4,2.0,10.0,59101,15119,24,0.6626428365707397,0.26407670578477943,0.40-0.50,True,False,INT1;INT10;INT11;INT12;INT13;INT14;INT15;INT16;INT17;INT18;INT19;INT2;INT20;INT21;INT22;INT23;INT24;INT3;INT4;INT5;INT6;INT7;INT8;INT9
uni_v2,CCRCC,blocked_buffered,4,2.0,10.0,44499,15119,24,0.655224084854126,0.25657676593844975,0.40-0.50,True,False,INT1;INT10;INT11;INT12;INT13;INT14;INT15;INT16;INT17;INT18;INT19;INT2;INT20;INT21;INT22;INT23;INT24;INT3;INT4;INT5;INT6;INT7;INT8;INT9
uni_v2,CCRCC,blocked_matched,4,2.0,10.0,44499,15119,24,0.6619133949279785,0.26386517345810717,0.40-0.50,True,False,INT1;INT10;INT11;INT12;INT13;INT14;INT15;INT16;INT17;INT18;INT19;INT2;INT20;INT21;INT22;INT23;INT24;INT3;INT4;INT5;INT6;INT7;INT8;INT9
uni_v2,CCRCC,random_matched,4,2.0,10.0,44499,14748,24,0.6540325880050659,0.26137600378231585,0.40-0.50,True,False,INT1;INT10;INT11;INT12;INT13;INT14;INT15;INT16;INT17;INT18;INT19;INT2;INT20;INT21;INT22;INT23;INT24;INT3;INT4;INT5;INT6;INT7;INT8;INT9
uni_v2,CCRCC,random,4,3.0,,59472,14748,24,0.6518469452857971,0.25727807569433936,0.40-0.50,True,False,INT1;INT10;INT11;INT12;INT13;INT14;INT15;INT16;INT17;INT18;INT19;INT2;INT20;INT21;INT22;INT23;INT24;INT3;INT4;INT5;INT6;INT7;INT8;INT9
uni_v2,CCRCC,blocked,4,3.0,4.0,55862,18358,24,0.6352197527885437,0.236734380783552,0.40-0.50,True,False,INT1;INT10;INT11;INT12;INT13;INT14;INT15;INT16;INT17;INT18;INT19;INT2;INT20;INT21;INT22;INT23;INT24;INT3;INT4;INT5;INT6;INT7;INT8;INT9
uni_v2,CCRCC,blocked_buffered,4,3.0,4.0,49743,18358,24,0.629936158657074,0.23412567492200953,0.40-0.50,True,False,INT1;INT10;INT11;INT12;INT13;INT14;INT15;INT16;INT17;INT18;INT19;INT2;INT20;INT21;INT22;INT23;INT24;INT3;INT4;INT5;INT6;INT7;INT8;INT9
uni_v2,CCRCC,blocked_matched,4,3.0,4.0,49743,18358,24,0.634929358959198,0.23672247787481562,0.40-0.50,True,False,INT1;INT10;INT11;INT12;INT13;INT14;INT15;INT16;INT17;INT18;INT19;INT2;INT20;INT21;INT22;INT23;INT24;INT3;INT4;INT5;INT6;INT7;INT8;INT9
uni_v2,CCRCC,random_matched,4,3.0,4.0,49743,14748,24,0.6513751745223999,0.25683934502420014,0.40-0.50,True,False,INT1;INT10;INT11;INT12;INT13;INT14;INT15;INT16;INT17;INT18;INT19;INT2;INT20;INT21;INT22;INT23;INT24;INT3;INT4;INT5;INT6;INT7;INT8;INT9
uni_v2,CCRCC,blocked,4,3.0,6.0,57977,16243,24,0.6457678079605103,0.23193318261319895,0.40-0.50,True,False,INT1;INT10;INT11;INT12;INT13;INT14;INT15;INT16;INT17;INT18;INT19;INT2;INT20;INT21;INT22;INT23;INT24;INT3;INT4;INT5;INT6;INT7;INT8;INT9
uni_v2,CCRCC,blocked_buffered,4,3.0,6.0,49458,16243,24,0.6396086812019348,0.22777056774228185,0.40-0.50,True,False,INT1;INT10;INT11;INT12;INT13;INT14;INT15;INT16;INT17;INT18;INT19;INT2;INT20;INT21;INT22;INT23;INT24;INT3;INT4;INT5;INT6;INT7;INT8;INT9
uni_v2,CCRCC,blocked_matched,4,3.0,6.0,49458,16243,24,0.645134687423706,0.23076156913053944,0.40-0.50,True,False,INT1;INT10;INT11;INT12;INT13;INT14;INT15;INT16;INT17;INT18;INT19;INT2;INT20;INT21;INT22;INT23;INT24;INT3;INT4;INT5;INT6;INT7;INT8;INT9
uni_v2,CCRCC,random_matched,4,3.0,6.0,49458,14748,24,0.6518099308013916,0.2578203261689244,0.40-0.50,True,False,INT1;INT10;INT11;INT12;INT13;INT14;INT15;INT16;INT17;INT18;INT19;INT2;INT20;INT21;INT22;INT23;INT24;INT3;INT4;INT5;INT6;INT7;INT8;INT9
uni_v2,CCRCC,blocked,4,3.0,10.0,59036,15184,24,0.654502809047699,0.24450594019654695,0.40-0.50,True,False,INT1;INT10;INT11;INT12;INT13;INT14;INT15;INT16;INT17;INT18;INT19;INT2;INT20;INT21;INT22;INT23;INT24;INT3;INT4;INT5;INT6;INT7;INT8;INT9
uni_v2,CCRCC,blocked_buffered,4,3.0,10.0,44686,15184,24,0.6481459736824036,0.23777243066906525,0.40-0.50,True,False,INT1;INT10;INT11;INT12;INT13;INT14;INT15;INT16;INT17;INT18;INT19;INT2;INT20;INT21;INT22;INT23;INT24;INT3;INT4;INT5;INT6;INT7;INT8;INT9
uni_v2,CCRCC,blocked_matched,4,3.0,10.0,44686,15184,24,0.6539217233657837,0.2435983813167938,0.40-0.50,True,False,INT1;INT10;INT11;INT12;INT13;INT14;INT15;INT16;INT17;INT18;INT19;INT2;INT20;INT21;INT22;INT23;INT24;INT3;INT4;INT5;INT6;INT7;INT8;INT9
uni_v2,CCRCC,random_matched,4,3.0,10.0,44686,14748,24,0.6513630747795105,0.2575906658031454,0.40-0.50,True,False,INT1;INT10;INT11;INT12;INT13;INT14;INT15;INT16;INT17;INT18;INT19;INT2;INT20;INT21;INT22;INT23;INT24;INT3;INT4;INT5;INT6;INT7;INT8;INT9
uni_v2,CCRCC,random,4,4.0,,59472,14748,24,0.6555940508842468,0.2585506553387192,0.40-0.50,True,False,INT1;INT10;INT11;INT12;INT13;INT14;INT15;INT16;INT17;INT18;INT19;INT2;INT20;INT21;INT22;INT23;INT24;INT3;INT4;INT5;INT6;INT7;INT8;INT9
uni_v2,CCRCC,blocked,4,4.0,4.0,55684,18536,24,0.6437367796897888,0.22827239993096252,0.40-0.50,True,False,INT1;INT10;INT11;INT12;INT13;INT14;INT15;INT16;INT17;INT18;INT19;INT2;INT20;INT21;INT22;INT23;INT24;INT3;INT4;INT5;INT6;INT7;INT8;INT9
uni_v2,CCRCC,blocked_buffered,4,4.0,4.0,49809,18536,24,0.6375857591629028,0.22545484849644706,0.40-0.50,True,False,INT1;INT10;INT11;INT12;INT13;INT14;INT15;INT16;INT17;INT18;INT19;INT2;INT20;INT21;INT22;INT23;INT24;INT3;INT4;INT5;INT6;INT7;INT8;INT9
uni_v2,CCRCC,blocked_matched,4,4.0,4.0,49809,18536,24,0.6434364914894104,0.22810198467861484,0.40-0.50,True,False,INT1;INT10;INT11;INT12;INT13;INT14;INT15;INT16;INT17;INT18;INT19;INT2;INT20;INT21;INT22;INT23;INT24;INT3;INT4;INT5;INT6;INT7;INT8;INT9
uni_v2,CCRCC,random_matched,4,4.0,4.0,49809,14748,24,0.6551772356033325,0.25831675506638324,0.40-0.50,True,False,INT1;INT10;INT11;INT12;INT13;INT14;INT15;INT16;INT17;INT18;INT19;INT2;INT20;INT21;INT22;INT23;INT24;INT3;INT4;INT5;INT6;INT7;INT8;INT9
uni_v2,CCRCC,blocked,4,4.0,6.0,58218,16002,24,0.6562750935554504,0.22203207674033668,0.40-0.50,True,False,INT1;INT10;INT11;INT12;INT13;INT14;INT15;INT16;INT17;INT18;INT19;INT2;INT20;INT21;INT22;INT23;INT24;INT3;INT4;INT5;INT6;INT7;INT8;INT9
uni_v2,CCRCC,blocked_buffered,4,4.0,6.0,48679,16002,24,0.6504811644554138,0.21811474998789585,0.40-0.50,True,False,INT1;INT10;INT11;INT12;INT13;INT14;INT15;INT16;INT17;INT18;INT19;INT2;INT20;INT21;INT22;INT23;INT24;INT3;INT4;INT5;INT6;INT7;INT8;INT9
uni_v2,CCRCC,blocked_matched,4,4.0,6.0,48679,16002,24,0.6560960412025452,0.22088943237575828,0.40-0.50,True,False,INT1;INT10;INT11;INT12;INT13;INT14;INT15;INT16;INT17;INT18;INT19;INT2;INT20;INT21;INT22;INT23;INT24;INT3;INT4;INT5;INT6;INT7;INT8;INT9
uni_v2,CCRCC,random_matched,4,4.0,6.0,48679,14748,24,0.6548995971679688,0.25760200994636157,0.40-0.50,True,False,INT1;INT10;INT11;INT12;INT13;INT14;INT15;INT16;INT17;INT18;INT19;INT2;INT20;INT21;INT22;INT23;INT24;INT3;INT4;INT5;INT6;INT7;INT8;INT9
uni_v2,CCRCC,blocked,4,4.0,10.0,59074,15146,24,0.6510745286941528,0.24358978115012483,0.40-0.50,True,False,INT1;INT10;INT11;INT12;INT13;INT14;INT15;INT16;INT17;INT18;INT19;INT2;INT20;INT21;INT22;INT23;INT24;INT3;INT4;INT5;INT6;INT7;INT8;INT9
uni_v2,CCRCC,blocked_buffered,4,4.0,10.0,44277,15146,24,0.6444029211997986,0.23919023925690755,0.40-0.50,True,False,INT1;INT10;INT11;INT12;INT13;INT14;INT15;INT16;INT17;INT18;INT19;INT2;INT20;INT21;INT22;INT23;INT24;INT3;INT4;INT5;INT6;INT7;INT8;INT9
uni_v2,CCRCC,blocked_matched,4,4.0,10.0,44277,15146,24,0.6505129337310791,0.24317155517210876,0.40-0.50,True,False,INT1;INT10;INT11;INT12;INT13;INT14;INT15;INT16;INT17;INT18;INT19;INT2;INT20;INT21;INT22;INT23;INT24;INT3;INT4;INT5;INT6;INT7;INT8;INT9
uni_v2,CCRCC,random_matched,4,4.0,10.0,44277,14748,24,0.6549293994903564,0.2571042460993825,0.40-0.50,True,False,INT1;INT10;INT11;INT12;INT13;INT14;INT15;INT16;INT17;INT18;INT19;INT2;INT20;INT21;INT22;INT23;INT24;INT3;INT4;INT5;INT6;INT7;INT8;INT9
uni_v2,CCRCC,patient,5,,,57566,16654,4,0.29592618346214294,0.18888372271554543,0.40-0.50,True,False,INT16;INT17;INT18;INT19
uni_v2,CCRCC,random,5,0.0,,57566,16654,24,0.6525882482528687,0.2616564366927681,0.40-0.50,True,False,INT1;INT10;INT11;INT12;INT13;INT14;INT15;INT16;INT17;INT18;INT19;INT2;INT20;INT21;INT22;INT23;INT24;INT3;INT4;INT5;INT6;INT7;INT8;INT9
uni_v2,CCRCC,blocked,5,0.0,4.0,55076,19144,24,0.6389062404632568,0.24615679187622544,0.40-0.50,True,False,INT1;INT10;INT11;INT12;INT13;INT14;INT15;INT16;INT17;INT18;INT19;INT2;INT20;INT21;INT22;INT23;INT24;INT3;INT4;INT5;INT6;INT7;INT8;INT9
uni_v2,CCRCC,blocked_buffered,5,0.0,4.0,48696,19144,24,0.6342631578445435,0.24356012052545947,0.40-0.50,True,False,INT1;INT10;INT11;INT12;INT13;INT14;INT15;INT16;INT17;INT18;INT19;INT2;INT20;INT21;INT22;INT23;INT24;INT3;INT4;INT5;INT6;INT7;INT8;INT9
uni_v2,CCRCC,blocked_matched,5,0.0,4.0,48696,19144,24,0.638324499130249,0.24606847127462972,0.40-0.50,True,False,INT1;INT10;INT11;INT12;INT13;INT14;INT15;INT16;INT17;INT18;INT19;INT2;INT20;INT21;INT22;INT23;INT24;INT3;INT4;INT5;INT6;INT7;INT8;INT9
uni_v2,CCRCC,random_matched,5,0.0,4.0,48696,16654,24,0.6524434089660645,0.26203730555648996,0.40-0.50,True,False,INT1;INT10;INT11;INT12;INT13;INT14;INT15;INT16;INT17;INT18;INT19;INT2;INT20;INT21;INT22;INT23;INT24;INT3;INT4;INT5;INT6;INT7;INT8;INT9
uni_v2,CCRCC,blocked,5,0.0,6.0,56241,17979,24,0.6355998516082764,0.236698575996658,0.40-0.50,True,False,INT1;INT10;INT11;INT12;INT13;INT14;INT15;INT16;INT17;INT18;INT19;INT2;INT20;INT21;INT22;INT23;INT24;INT3;INT4;INT5;INT6;INT7;INT8;INT9
uni_v2,CCRCC,blocked_buffered,5,0.0,6.0,46301,17979,24,0.6294024586677551,0.23189373569395685,0.40-0.50,True,False,INT1;INT10;INT11;INT12;INT13;INT14;INT15;INT16;INT17;INT18;INT19;INT2;INT20;INT21;INT22;INT23;INT24;INT3;INT4;INT5;INT6;INT7;INT8;INT9
uni_v2,CCRCC,blocked_matched,5,0.0,6.0,46301,17979,24,0.6356180310249329,0.23767519981577304,0.40-0.50,True,False,INT1;INT10;INT11;INT12;INT13;INT14;INT15;INT16;INT17;INT18;INT19;INT2;INT20;INT21;INT22;INT23;INT24;INT3;INT4;INT5;INT6;INT7;INT8;INT9
uni_v2,CCRCC,random_matched,5,0.0,6.0,46301,16654,24,0.6520535945892334,0.26158105115937286,0.40-0.50,True,False,INT1;INT10;INT11;INT12;INT13;INT14;INT15;INT16;INT17;INT18;INT19;INT2;INT20;INT21;INT22;INT23;INT24;INT3;INT4;INT5;INT6;INT7;INT8;INT9
uni_v2,CCRCC,blocked,5,0.0,10.0,57118,17102,24,0.6343380212783813,0.2605047754164116,0.40-0.50,True,False,INT1;INT10;INT11;INT12;INT13;INT14;INT15;INT16;INT17;INT18;INT19;INT2;INT20;INT21;INT22;INT23;INT24;INT3;INT4;INT5;INT6;INT7;INT8;INT9
uni_v2,CCRCC,blocked_buffered,5,0.0,10.0,41054,17102,24,0.6277080774307251,0.25390598178159657,0.40-0.50,True,False,INT1;INT10;INT11;INT12;INT13;INT14;INT15;INT16;INT17;INT18;INT19;INT2;INT20;INT21;INT22;INT23;INT24;INT3;INT4;INT5;INT6;INT7;INT8;INT9
uni_v2,CCRCC,blocked_matched,5,0.0,10.0,41054,17102,24,0.6335574984550476,0.2591574011887618,0.40-0.50,True,False,INT1;INT10;INT11;INT12;INT13;INT14;INT15;INT16;INT17;INT18;INT19;INT2;INT20;INT21;INT22;INT23;INT24;INT3;INT4;INT5;INT6;INT7;INT8;INT9
uni_v2,CCRCC,random_matched,5,0.0,10.0,41054,16654,24,0.6517167687416077,0.26096607578976544,0.40-0.50,True,False,INT1;INT10;INT11;INT12;INT13;INT14;INT15;INT16;INT17;INT18;INT19;INT2;INT20;INT21;INT22;INT23;INT24;INT3;INT4;INT5;INT6;INT7;INT8;INT9
uni_v2,CCRCC,random,5,1.0,,57566,16654,24,0.6588687896728516,0.25773481281809535,0.40-0.50,True,False,INT1;INT10;INT11;INT12;INT13;INT14;INT15;INT16;INT17;INT18;INT19;INT2;INT20;INT21;INT22;INT23;INT24;INT3;INT4;INT5;INT6;INT7;INT8;INT9
uni_v2,CCRCC,blocked,5,1.0,4.0,55271,18949,24,0.6617408990859985,0.21099653219910883,0.40-0.50,True,False,INT1;INT10;INT11;INT12;INT13;INT14;INT15;INT16;INT17;INT18;INT19;INT2;INT20;INT21;INT22;INT23;INT24;INT3;INT4;INT5;INT6;INT7;INT8;INT9
uni_v2,CCRCC,blocked_buffered,5,1.0,4.0,49409,18949,24,0.6565884947776794,0.206964122535331,0.40-0.50,True,False,INT1;INT10;INT11;INT12;INT13;INT14;INT15;INT16;INT17;INT18;INT19;INT2;INT20;INT21;INT22;INT23;INT24;INT3;INT4;INT5;INT6;INT7;INT8;INT9
uni_v2,CCRCC,blocked_matched,5,1.0,4.0,49409,18949,24,0.661531925201416,0.2110765141508697,0.40-0.50,True,False,INT1;INT10;INT11;INT12;INT13;INT14;INT15;INT16;INT17;INT18;INT19;INT2;INT20;INT21;INT22;INT23;INT24;INT3;INT4;INT5;INT6;INT7;INT8;INT9
uni_v2,CCRCC,random_matched,5,1.0,4.0,49409,16654,24,0.6584597229957581,0.25719256694418924,0.40-0.50,True,False,INT1;INT10;INT11;INT12;INT13;INT14;INT15;INT16;INT17;INT18;INT19;INT2;INT20;INT21;INT22;INT23;INT24;INT3;INT4;INT5;INT6;INT7;INT8;INT9
uni_v2,CCRCC,blocked,5,1.0,6.0,56509,17711,24,0.6403887271881104,0.24789324866200332,0.40-0.50,True,False,INT1;INT10;INT11;INT12;INT13;INT14;INT15;INT16;INT17;INT18;INT19;INT2;INT20;INT21;INT22;INT23;INT24;INT3;INT4;INT5;INT6;INT7;INT8;INT9
uni_v2,CCRCC,blocked_buffered,5,1.0,6.0,47206,17711,24,0.6338987350463867,0.2424184300177634,0.40-0.50,True,False,INT1;INT10;INT11;INT12;INT13;INT14;INT15;INT16;INT17;INT18;INT19;INT2;INT20;INT21;INT22;INT23;INT24;INT3;INT4;INT5;INT6;INT7;INT8;INT9
uni_v2,CCRCC,blocked_matched,5,1.0,6.0,47206,17711,24,0.6401585936546326,0.2472739195746059,0.40-0.50,True,False,INT1;INT10;INT11;INT12;INT13;INT14;INT15;INT16;INT17;INT18;INT19;INT2;INT20;INT21;INT22;INT23;INT24;INT3;INT4;INT5;INT6;INT7;INT8;INT9
uni_v2,CCRCC,random_matched,5,1.0,6.0,47206,16654,24,0.6584624648094177,0.25744334564922605,0.40-0.50,True,False,INT1;INT10;INT11;INT12;INT13;INT14;INT15;INT16;INT17;INT18;INT19;INT2;INT20;INT21;INT22;INT23;INT24;INT3;INT4;INT5;INT6;INT7;INT8;INT9
uni_v2,CCRCC,blocked,5,1.0,10.0,57190,17030,24,0.6513580083847046,0.24558921685141588,0.40-0.50,True,False,INT1;INT10;INT11;INT12;INT13;INT14;INT15;INT16;INT17;INT18;INT19;INT2;INT20;INT21;INT22;INT23;INT24;INT3;INT4;INT5;INT6;INT7;INT8;INT9
uni_v2,CCRCC,blocked_buffered,5,1.0,10.0,41468,17030,24,0.6438575983047485,0.2403285366074609,0.40-0.50,True,False,INT1;INT10;INT11;INT12;INT13;INT14;INT15;INT16;INT17;INT18;INT19;INT2;INT20;INT21;INT22;INT23;INT24;INT3;INT4;INT5;INT6;INT7;INT8;INT9
uni_v2,CCRCC,blocked_matched,5,1.0,10.0,41468,17030,24,0.6504219174385071,0.24475488383045255,0.40-0.50,True,False,INT1;INT10;INT11;INT12;INT13;INT14;INT15;INT16;INT17;INT18;INT19;INT2;INT20;INT21;INT22;INT23;INT24;INT3;INT4;INT5;INT6;INT7;INT8;INT9
uni_v2,CCRCC,random_matched,5,1.0,10.0,41468,16654,24,0.6584007143974304,0.25742561194473335,0.40-0.50,True,False,INT1;INT10;INT11;INT12;INT13;INT14;INT15;INT16;INT17;INT18;INT19;INT2;INT20;INT21;INT22;INT23;INT24;INT3;INT4;INT5;INT6;INT7;INT8;INT9
uni_v2,CCRCC,random,5,2.0,,57566,16654,24,0.6522663235664368,0.2604003906660364,0.40-0.50,True,False,INT1;INT10;INT11;INT12;INT13;INT14;INT15;INT16;INT17;INT18;INT19;INT2;INT20;INT21;INT22;INT23;INT24;INT3;INT4;INT5;INT6;INT7;INT8;INT9
uni_v2,CCRCC,blocked,5,2.0,4.0,55061,19159,24,0.6212694644927979,0.217765776680335,0.40-0.50,True,False,INT1;INT10;INT11;INT12;INT13;INT14;INT15;INT16;INT17;INT18;INT19;INT2;INT20;INT21;INT22;INT23;INT24;INT3;INT4;INT5;INT6;INT7;INT8;INT9
uni_v2,CCRCC,blocked_buffered,5,2.0,4.0,49356,19159,24,0.6145319938659668,0.2149641587225536,0.40-0.50,True,False,INT1;INT10;INT11;INT12;INT13;INT14;INT15;INT16;INT17;INT18;INT19;INT2;INT20;INT21;INT22;INT23;INT24;INT3;INT4;INT5;INT6;INT7;INT8;INT9
uni_v2,CCRCC,blocked_matched,5,2.0,4.0,49356,19159,24,0.6209040284156799,0.2177182966687421,0.40-0.50,True,False,INT1;INT10;INT11;INT12;INT13;INT14;INT15;INT16;INT17;INT18;INT19;INT2;INT20;INT21;INT22;INT23;INT24;INT3;INT4;INT5;INT6;INT7;INT8;INT9
uni_v2,CCRCC,random_matched,5,2.0,4.0,49356,16654,24,0.6517933011054993,0.2595046670993421,0.40-0.50,True,False,INT1;INT10;INT11;INT12;INT13;INT14;INT15;INT16;INT17;INT18;INT19;INT2;INT20;INT21;INT22;INT23;INT24;INT3;INT4;INT5;INT6;INT7;INT8;INT9
uni_v2,CCRCC,blocked,5,2.0,6.0,56385,17835,24,0.6429252028465271,0.240264838388066,0.40-0.50,True,False,INT1;INT10;INT11;INT12;INT13;INT14;INT15;INT16;INT17;INT18;INT19;INT2;INT20;INT21;INT22;INT23;INT24;INT3;INT4;INT5;INT6;INT7;INT8;INT9
uni_v2,CCRCC,blocked_buffered,5,2.0,6.0,46770,17835,24,0.6379861831665039,0.23411188381316603,0.40-0.50,True,False,INT1;INT10;INT11;INT12;INT13;INT14;INT15;INT16;INT17;INT18;INT19;INT2;INT20;INT21;INT22;INT23;INT24;INT3;INT4;INT5;INT6;INT7;INT8;INT9
uni_v2,CCRCC,blocked_matched,5,2.0,6.0,46770,17835,24,0.6423903703689575,0.23954465734071465,0.40-0.50,True,False,INT1;INT10;INT11;INT12;INT13;INT14;INT15;INT16;INT17;INT18;INT19;INT2;INT20;INT21;INT22;INT23;INT24;INT3;INT4;INT5;INT6;INT7;INT8;INT9
uni_v2,CCRCC,random_matched,5,2.0,6.0,46770,16654,24,0.6517543196678162,0.2602969556924412,0.40-0.50,True,False,INT1;INT10;INT11;INT12;INT13;INT14;INT15;INT16;INT17;INT18;INT19;INT2;INT20;INT21;INT22;INT23;INT24;INT3;INT4;INT5;INT6;INT7;INT8;INT9
uni_v2,CCRCC,blocked,5,2.0,10.0,57024,17196,24,0.6410561203956604,0.24058252492350826,0.40-0.50,True,False,INT1;INT10;INT11;INT12;INT13;INT14;INT15;INT16;INT17;INT18;INT19;INT2;INT20;INT21;INT22;INT23;INT24;INT3;INT4;INT5;INT6;INT7;INT8;INT9
uni_v2,CCRCC,blocked_buffered,5,2.0,10.0,41217,17196,24,0.6319676637649536,0.23006741728012758,0.40-0.50,True,False,INT1;INT10;INT11;INT12;INT13;INT14;INT15;INT16;INT17;INT18;INT19;INT2;INT20;INT21;INT22;INT23;INT24;INT3;INT4;INT5;INT6;INT7;INT8;INT9
uni_v2,CCRCC,blocked_matched,5,2.0,10.0,41217,17196,24,0.6400495767593384,0.24018024797192386,0.40-0.50,True,False,INT1;INT10;INT11;INT12;INT13;INT14;INT15;INT16;INT17;INT18;INT19;INT2;INT20;INT21;INT22;INT23;INT24;INT3;INT4;INT5;INT6;INT7;INT8;INT9
uni_v2,CCRCC,random_matched,5,2.0,10.0,41217,16654,24,0.6509886384010315,0.25875439335936484,0.40-0.50,True,False,INT1;INT10;INT11;INT12;INT13;INT14;INT15;INT16;INT17;INT18;INT19;INT2;INT20;INT21;INT22;INT23;INT24;INT3;INT4;INT5;INT6;INT7;INT8;INT9
uni_v2,CCRCC,random,5,3.0,,57566,16654,24,0.6474305987358093,0.25872009204608426,0.40-0.50,True,False,INT1;INT10;INT11;INT12;INT13;INT14;INT15;INT16;INT17;INT18;INT19;INT2;INT20;INT21;INT22;INT23;INT24;INT3;INT4;INT5;INT6;INT7;INT8;INT9
uni_v2,CCRCC,blocked,5,3.0,4.0,55080,19140,24,0.6261481046676636,0.23274482134724775,0.40-0.50,True,False,INT1;INT10;INT11;INT12;INT13;INT14;INT15;INT16;INT17;INT18;INT19;INT2;INT20;INT21;INT22;INT23;INT24;INT3;INT4;INT5;INT6;INT7;INT8;INT9
uni_v2,CCRCC,blocked_buffered,5,3.0,4.0,49216,19140,24,0.6185970902442932,0.2279145832884751,0.40-0.50,True,False,INT1;INT10;INT11;INT12;INT13;INT14;INT15;INT16;INT17;INT18;INT19;INT2;INT20;INT21;INT22;INT23;INT24;INT3;INT4;INT5;INT6;INT7;INT8;INT9
uni_v2,CCRCC,blocked_matched,5,3.0,4.0,49216,19140,24,0.6257959604263306,0.2324635364180722,0.40-0.50,True,False,INT1;INT10;INT11;INT12;INT13;INT14;INT15;INT16;INT17;INT18;INT19;INT2;INT20;INT21;INT22;INT23;INT24;INT3;INT4;INT5;INT6;INT7;INT8;INT9
uni_v2,CCRCC,random_matched,5,3.0,4.0,49216,16654,24,0.647133469581604,0.25865891349546777,0.40-0.50,True,False,INT1;INT10;INT11;INT12;INT13;INT14;INT15;INT16;INT17;INT18;INT19;INT2;INT20;INT21;INT22;INT23;INT24;INT3;INT4;INT5;INT6;INT7;INT8;INT9
uni_v2,CCRCC,blocked,5,3.0,6.0,56201,18019,24,0.6392362117767334,0.2600540169419158,0.40-0.50,True,False,INT1;INT10;INT11;INT12;INT13;INT14;INT15;INT16;INT17;INT18;INT19;INT2;INT20;INT21;INT22;INT23;INT24;INT3;INT4;INT5;INT6;INT7;INT8;INT9
uni_v2,CCRCC,blocked_buffered,5,3.0,6.0,47357,18019,24,0.631904125213623,0.2535244235503827,0.40-0.50,True,False,INT1;INT10;INT11;INT12;INT13;INT14;INT15;INT16;INT17;INT18;INT19;INT2;INT20;INT21;INT22;INT23;INT24;INT3;INT4;INT5;INT6;INT7;INT8;INT9
uni_v2,CCRCC,blocked_matched,5,3.0,6.0,47357,18019,24,0.6387969851493835,0.2589271407776202,0.40-0.50,True,False,INT1;INT10;INT11;INT12;INT13;INT14;INT15;INT16;INT17;INT18;INT19;INT2;INT20;INT21;INT22;INT23;INT24;INT3;INT4;INT5;INT6;INT7;INT8;INT9
uni_v2,CCRCC,random_matched,5,3.0,6.0,47357,16654,24,0.6473143696784973,0.25923211651374006,0.40-0.50,True,False,INT1;INT10;INT11;INT12;INT13;INT14;INT15;INT16;INT17;INT18;INT19;INT2;INT20;INT21;INT22;INT23;INT24;INT3;INT4;INT5;INT6;INT7;INT8;INT9
uni_v2,CCRCC,blocked,5,3.0,10.0,57024,17196,24,0.6480786204338074,0.23025589254034762,0.40-0.50,True,False,INT1;INT10;INT11;INT12;INT13;INT14;INT15;INT16;INT17;INT18;INT19;INT2;INT20;INT21;INT22;INT23;INT24;INT3;INT4;INT5;INT6;INT7;INT8;INT9
uni_v2,CCRCC,blocked_buffered,5,3.0,10.0,41060,17196,24,0.6410754919052124,0.22518884765348046,0.40-0.50,True,False,INT1;INT10;INT11;INT12;INT13;INT14;INT15;INT16;INT17;INT18;INT19;INT2;INT20;INT21;INT22;INT23;INT24;INT3;INT4;INT5;INT6;INT7;INT8;INT9
uni_v2,CCRCC,blocked_matched,5,3.0,10.0,41060,17196,24,0.6474767923355103,0.23049811796692668,0.40-0.50,True,False,INT1;INT10;INT11;INT12;INT13;INT14;INT15;INT16;INT17;INT18;INT19;INT2;INT20;INT21;INT22;INT23;INT24;INT3;INT4;INT5;INT6;INT7;INT8;INT9
uni_v2,CCRCC,random_matched,5,3.0,10.0,41060,16654,24,0.6466036438941956,0.2586693017651366,0.40-0.50,True,False,INT1;INT10;INT11;INT12;INT13;INT14;INT15;INT16;INT17;INT18;INT19;INT2;INT20;INT21;INT22;INT23;INT24;INT3;INT4;INT5;INT6;INT7;INT8;INT9
uni_v2,CCRCC,random,5,4.0,,57566,16654,24,0.6584966778755188,0.2581171619804809,0.40-0.50,True,False,INT1;INT10;INT11;INT12;INT13;INT14;INT15;INT16;INT17;INT18;INT19;INT2;INT20;INT21;INT22;INT23;INT24;INT3;INT4;INT5;INT6;INT7;INT8;INT9
uni_v2,CCRCC,blocked,5,4.0,4.0,55308,18912,24,0.6572329998016357,0.19653955738210546,0.40-0.50,True,False,INT1;INT10;INT11;INT12;INT13;INT14;INT15;INT16;INT17;INT18;INT19;INT2;INT20;INT21;INT22;INT23;INT24;INT3;INT4;INT5;INT6;INT7;INT8;INT9
uni_v2,CCRCC,blocked_buffered,5,4.0,4.0,49315,18912,24,0.6524980068206787,0.1931334837508257,0.40-0.50,True,False,INT1;INT10;INT11;INT12;INT13;INT14;INT15;INT16;INT17;INT18;INT19;INT2;INT20;INT21;INT22;INT23;INT24;INT3;INT4;INT5;INT6;INT7;INT8;INT9
uni_v2,CCRCC,blocked_matched,5,4.0,4.0,49315,18912,24,0.6566957831382751,0.19560658728056293,0.40-0.50,True,False,INT1;INT10;INT11;INT12;INT13;INT14;INT15;INT16;INT17;INT18;INT19;INT2;INT20;INT21;INT22;INT23;INT24;INT3;INT4;INT5;INT6;INT7;INT8;INT9
uni_v2,CCRCC,random_matched,5,4.0,4.0,49315,16654,24,0.6582764983177185,0.25821888300400436,0.40-0.50,True,False,INT1;INT10;INT11;INT12;INT13;INT14;INT15;INT16;INT17;INT18;INT19;INT2;INT20;INT21;INT22;INT23;INT24;INT3;INT4;INT5;INT6;INT7;INT8;INT9
uni_v2,CCRCC,blocked,5,4.0,6.0,56333,17887,24,0.6382253170013428,0.22633116862193373,0.40-0.50,True,False,INT1;INT10;INT11;INT12;INT13;INT14;INT15;INT16;INT17;INT18;INT19;INT2;INT20;INT21;INT22;INT23;INT24;INT3;INT4;INT5;INT6;INT7;INT8;INT9
uni_v2,CCRCC,blocked_buffered,5,4.0,6.0,46874,17887,24,0.6320546865463257,0.22100926726857628,0.40-0.50,True,False,INT1;INT10;INT11;INT12;INT13;INT14;INT15;INT16;INT17;INT18;INT19;INT2;INT20;INT21;INT22;INT23;INT24;INT3;INT4;INT5;INT6;INT7;INT8;INT9
uni_v2,CCRCC,blocked_matched,5,4.0,6.0,46874,17887,24,0.6379831433296204,0.22588784379799712,0.40-0.50,True,False,INT1;INT10;INT11;INT12;INT13;INT14;INT15;INT16;INT17;INT18;INT19;INT2;INT20;INT21;INT22;INT23;INT24;INT3;INT4;INT5;INT6;INT7;INT8;INT9
uni_v2,CCRCC,random_matched,5,4.0,6.0,46874,16654,24,0.6579211354255676,0.25746807960761847,0.40-0.50,True,False,INT1;INT10;INT11;INT12;INT13;INT14;INT15;INT16;INT17;INT18;INT19;INT2;INT20;INT21;INT22;INT23;INT24;INT3;INT4;INT5;INT6;INT7;INT8;INT9
uni_v2,CCRCC,blocked,5,4.0,10.0,57101,17119,24,0.6615382432937622,0.24571038603777803,0.40-0.50,True,False,INT1;INT10;INT11;INT12;INT13;INT14;INT15;INT16;INT17;INT18;INT19;INT2;INT20;INT21;INT22;INT23;INT24;INT3;INT4;INT5;INT6;INT7;INT8;INT9
uni_v2,CCRCC,blocked_buffered,5,4.0,10.0,41810,17119,24,0.6500885486602783,0.23921745145198656,0.40-0.50,True,False,INT1;INT10;INT11;INT12;INT13;INT14;INT15;INT16;INT17;INT18;INT19;INT2;INT20;INT21;INT22;INT23;INT24;INT3;INT4;INT5;INT6;INT7;INT8;INT9
uni_v2,CCRCC,blocked_matched,5,4.0,10.0,41810,17119,24,0.661377489566803,0.24581316356828511,0.40-0.50,True,False,INT1;INT10;INT11;INT12;INT13;INT14;INT15;INT16;INT17;INT18;INT19;INT2;INT20;INT21;INT22;INT23;INT24;INT3;INT4;INT5;INT6;INT7;INT8;INT9
uni_v2,CCRCC,random_matched,5,4.0,10.0,41810,16654,24,0.6576527953147888,0.2575809322124163,0.40-0.50,True,False,INT1;INT10;INT11;INT12;INT13;INT14;INT15;INT16;INT17;INT18;INT19;INT2;INT20;INT21;INT22;INT23;INT24;INT3;INT4;INT5;INT6;INT7;INT8;INT9
uni_v2,COAD,patient,0,,,5079,10572,3,0.2975705862045288,0.3050485092339416,0.23-0.30,True,True,TENX147;TENX148;TENX149
uni_v2,COAD,random,0,0.0,,5079,10572,4,0.7384706735610962,0.6268982819840312,0.23-0.30,True,True,TENX111;TENX147;TENX148;TENX149
uni_v2,COAD,blocked,0,0.0,4.0,4623,11028,4,0.7022858262062073,0.5884564608894288,0.23-0.30,True,True,TENX111;TENX147;TENX148;TENX149
uni_v2,COAD,blocked_buffered,0,0.0,4.0,3410,11028,4,0.6731169819831848,0.5601765857916325,0.23-0.30,True,True,TENX111;TENX147;TENX148;TENX149
uni_v2,COAD,blocked_matched,0,0.0,4.0,3410,11028,4,0.6956788897514343,0.5815556315239518,0.23-0.30,True,True,TENX111;TENX147;TENX148;TENX149
uni_v2,COAD,random_matched,0,0.0,4.0,3410,10572,4,0.7319493889808655,0.6185828177444637,0.23-0.30,True,True,TENX111;TENX147;TENX148;TENX149
uni_v2,COAD,blocked,0,0.0,6.0,4887,10764,4,0.708350658416748,0.5971539053693414,0.23-0.30,True,True,TENX111;TENX147;TENX148;TENX149
uni_v2,COAD,blocked_buffered,0,0.0,6.0,3021,10764,4,0.6899861097335815,0.5774431633017958,0.23-0.30,True,True,TENX111;TENX147;TENX148;TENX149
uni_v2,COAD,blocked_matched,0,0.0,6.0,3021,10764,4,0.7014386653900146,0.5896087971981614,0.23-0.30,True,True,TENX111;TENX147;TENX148;TENX149
uni_v2,COAD,random_matched,0,0.0,6.0,3021,10572,4,0.7292056083679199,0.6153712371736765,0.23-0.30,True,True,TENX111;TENX147;TENX148;TENX149
uni_v2,COAD,blocked,0,0.0,10.0,5042,10609,4,0.721470057964325,0.6114077018015086,0.23-0.30,True,True,TENX111;TENX147;TENX148;TENX149
uni_v2,COAD,blocked_buffered,0,0.0,10.0,1782,10609,4,0.6874558925628662,0.5740299891121685,0.23-0.30,True,True,TENX111;TENX147;TENX148;TENX149
uni_v2,COAD,blocked_matched,0,0.0,10.0,1782,10609,4,0.6984675526618958,0.5851145091280342,0.23-0.30,True,True,TENX111;TENX147;TENX148;TENX149
uni_v2,COAD,random_matched,0,0.0,10.0,1782,10572,4,0.7155935764312744,0.5999928636848927,0.23-0.30,True,True,TENX111;TENX147;TENX148;TENX149
uni_v2,COAD,random,0,1.0,,5079,10572,4,0.7401472330093384,0.629435100723058,0.23-0.30,True,True,TENX111;TENX147;TENX148;TENX149
uni_v2,COAD,blocked,0,1.0,4.0,4547,11104,4,0.6870932579040527,0.5782472729682923,0.23-0.30,True,True,TENX111;TENX147;TENX148;TENX149
uni_v2,COAD,blocked_buffered,0,1.0,4.0,3359,11104,4,0.6723065376281738,0.5627746545150876,0.23-0.30,True,True,TENX111;TENX147;TENX148;TENX149
uni_v2,COAD,blocked_matched,0,1.0,4.0,3359,11104,4,0.6784102916717529,0.5708764411648736,0.23-0.30,True,True,TENX111;TENX147;TENX148;TENX149
uni_v2,COAD,random_matched,0,1.0,4.0,3359,10572,4,0.7336199879646301,0.6212182370945811,0.23-0.30,True,True,TENX111;TENX147;TENX148;TENX149
uni_v2,COAD,blocked,0,1.0,6.0,4862,10789,4,0.7008637189865112,0.590109575279057,0.23-0.30,True,True,TENX111;TENX147;TENX148;TENX149
uni_v2,COAD,blocked_buffered,0,1.0,6.0,2919,10789,4,0.6765927076339722,0.565108280442655,0.23-0.30,True,True,TENX111;TENX147;TENX148;TENX149
uni_v2,COAD,blocked_matched,0,1.0,6.0,2919,10789,4,0.6913034915924072,0.5791991025209428,0.23-0.30,True,True,TENX111;TENX147;TENX148;TENX149
uni_v2,COAD,random_matched,0,1.0,6.0,2919,10572,4,0.7308022379875183,0.6190825777500868,0.23-0.30,True,True,TENX111;TENX147;TENX148;TENX149
uni_v2,COAD,blocked,0,1.0,10.0,4986,10665,4,0.7172925472259521,0.6062003463227301,0.23-0.30,True,True,TENX111;TENX147;TENX148;TENX149
uni_v2,COAD,blocked_buffered,0,1.0,10.0,1835,10665,4,0.6829420328140259,0.5671288194693624,0.23-0.30,True,True,TENX111;TENX147;TENX148;TENX149
uni_v2,COAD,blocked_matched,0,1.0,10.0,1835,10665,4,0.6990751624107361,0.5851082491129637,0.23-0.30,True,True,TENX111;TENX147;TENX148;TENX149
uni_v2,COAD,random_matched,0,1.0,10.0,1835,10572,4,0.7182132601737976,0.6029358644317835,0.23-0.30,True,True,TENX111;TENX147;TENX148;TENX149
uni_v2,COAD,random,0,2.0,,5079,10572,4,0.738393247127533,0.6289913477748632,0.23-0.30,True,True,TENX111;TENX147;TENX148;TENX149
uni_v2,COAD,blocked,0,2.0,4.0,4502,11149,4,0.706484317779541,0.5826551934331655,0.23-0.30,True,True,TENX111;TENX147;TENX148;TENX149
uni_v2,COAD,blocked_buffered,0,2.0,4.0,3124,11149,4,0.6926014423370361,0.5675395468994975,0.23-0.30,True,True,TENX111;TENX147;TENX148;TENX149
uni_v2,COAD,blocked_matched,0,2.0,4.0,3124,11149,4,0.7007763385772705,0.5763483900949359,0.23-0.30,True,True,TENX111;TENX147;TENX148;TENX149
uni_v2,COAD,random_matched,0,2.0,4.0,3124,10572,4,0.7306104302406311,0.6193619527854026,0.23-0.30,True,True,TENX111;TENX147;TENX148;TENX149
uni_v2,COAD,blocked,0,2.0,6.0,4818,10833,4,0.7137822508811951,0.603285427633673,0.23-0.30,True,True,TENX111;TENX147;TENX148;TENX149
uni_v2,COAD,blocked_buffered,0,2.0,6.0,2912,10833,4,0.6947072744369507,0.5834051902592182,0.23-0.30,True,True,TENX111;TENX147;TENX148;TENX149
uni_v2,COAD,blocked_matched,0,2.0,6.0,2912,10833,4,0.7040629386901855,0.5917115985788405,0.23-0.30,True,True,TENX111;TENX147;TENX148;TENX149
uni_v2,COAD,random_matched,0,2.0,6.0,2912,10572,4,0.7280729413032532,0.6165139559283852,0.23-0.30,True,True,TENX111;TENX147;TENX148;TENX149
uni_v2,COAD,blocked,0,2.0,10.0,5016,10635,4,0.7187979221343994,0.6045687592960893,0.23-0.30,True,True,TENX111;TENX147;TENX148;TENX149
uni_v2,COAD,blocked_buffered,0,2.0,10.0,1723,10635,4,0.6786795854568481,0.563121219035238,0.23-0.30,True,True,TENX111;TENX147;TENX148;TENX149
uni_v2,COAD,blocked_matched,0,2.0,10.0,1723,10635,4,0.6953830718994141,0.577225539078936,0.23-0.30,True,True,TENX111;TENX147;TENX148;TENX149
uni_v2,COAD,random_matched,0,2.0,10.0,1723,10572,4,0.7159491777420044,0.6031627977080642,0.23-0.30,True,True,TENX111;TENX147;TENX148;TENX149
uni_v2,COAD,random,0,3.0,,5079,10572,4,0.7381048798561096,0.6281091175042093,0.23-0.30,True,True,TENX111;TENX147;TENX148;TENX149
uni_v2,COAD,blocked,0,3.0,4.0,4465,11186,4,0.6972758769989014,0.585529701244086,0.23-0.30,True,True,TENX111;TENX147;TENX148;TENX149
uni_v2,COAD,blocked_buffered,0,3.0,4.0,3134,11186,4,0.6721954345703125,0.5593516285344958,0.23-0.30,True,True,TENX111;TENX147;TENX148;TENX149
uni_v2,COAD,blocked_matched,0,3.0,4.0,3134,11186,4,0.6918530464172363,0.5782825531810523,0.23-0.30,True,True,TENX111;TENX147;TENX148;TENX149
uni_v2,COAD,random_matched,0,3.0,4.0,3134,10572,4,0.7306416034698486,0.6194706477969885,0.23-0.30,True,True,TENX111;TENX147;TENX148;TENX149
uni_v2,COAD,blocked,0,3.0,6.0,4822,10829,4,0.7104537487030029,0.5982685693912209,0.23-0.30,True,True,TENX111;TENX147;TENX148;TENX149
uni_v2,COAD,blocked_buffered,0,3.0,6.0,2778,10829,4,0.6832836866378784,0.5715698449127375,0.23-0.30,True,True,TENX111;TENX147;TENX148;TENX149
uni_v2,COAD,blocked_matched,0,3.0,6.0,2778,10829,4,0.6987214684486389,0.5859619747847319,0.23-0.30,True,True,TENX111;TENX147;TENX148;TENX149
uni_v2,COAD,random_matched,0,3.0,6.0,2778,10572,4,0.7267548441886902,0.6149651033245027,0.23-0.30,True,True,TENX111;TENX147;TENX148;TENX149
uni_v2,COAD,blocked,0,3.0,10.0,4956,10695,4,0.7274144887924194,0.6091928288759664,0.23-0.30,True,True,TENX111;TENX147;TENX148;TENX149
uni_v2,COAD,blocked_buffered,0,3.0,10.0,1855,10695,4,0.690611720085144,0.5657834385475143,0.23-0.30,True,True,TENX111;TENX147;TENX148;TENX149
uni_v2,COAD,blocked_matched,0,3.0,10.0,1855,10695,4,0.7073009014129639,0.5858928336040117,0.23-0.30,True,True,TENX111;TENX147;TENX148;TENX149
uni_v2,COAD,random_matched,0,3.0,10.0,1855,10572,4,0.7176916599273682,0.6022485400922597,0.23-0.30,True,True,TENX111;TENX147;TENX148;TENX149
uni_v2,COAD,random,0,4.0,,5079,10572,4,0.7402137517929077,0.6297286005318165,0.23-0.30,True,True,TENX111;TENX147;TENX148;TENX149
uni_v2,COAD,blocked,0,4.0,4.0,4735,10916,4,0.6925309896469116,0.5873365458613261,0.23-0.30,True,True,TENX111;TENX147;TENX148;TENX149
uni_v2,COAD,blocked_buffered,0,4.0,4.0,3342,10916,4,0.6775724291801453,0.5723632481926324,0.23-0.30,True,True,TENX111;TENX147;TENX148;TENX149
uni_v2,COAD,blocked_matched,0,4.0,4.0,3342,10916,4,0.685030996799469,0.5782136037608143,0.23-0.30,True,True,TENX111;TENX147;TENX148;TENX149
uni_v2,COAD,random_matched,0,4.0,4.0,3342,10572,4,0.7336010932922363,0.6210693660750984,0.23-0.30,True,True,TENX111;TENX147;TENX148;TENX149
uni_v2,COAD,blocked,0,4.0,6.0,4891,10760,4,0.7178865075111389,0.60202577162534,0.23-0.30,True,True,TENX111;TENX147;TENX148;TENX149
uni_v2,COAD,blocked_buffered,0,4.0,6.0,2799,10760,4,0.6924554705619812,0.5740373370237649,0.23-0.30,True,True,TENX111;TENX147;TENX148;TENX149
uni_v2,COAD,blocked_matched,0,4.0,6.0,2799,10760,4,0.7082159519195557,0.5899816176760941,0.23-0.30,True,True,TENX111;TENX147;TENX148;TENX149
uni_v2,COAD,random_matched,0,4.0,6.0,2799,10572,4,0.7302629351615906,0.6175453566480428,0.23-0.30,True,True,TENX111;TENX147;TENX148;TENX149
uni_v2,COAD,blocked,0,4.0,10.0,5011,10640,4,0.7228050231933594,0.6069665769953281,0.23-0.30,True,True,TENX111;TENX147;TENX148;TENX149
uni_v2,COAD,blocked_buffered,0,4.0,10.0,1905,10640,4,0.6878339648246765,0.5681397898029537,0.23-0.30,True,True,TENX111;TENX147;TENX148;TENX149
uni_v2,COAD,blocked_matched,0,4.0,10.0,1905,10640,4,0.7018740773200989,0.581944532264024,0.23-0.30,True,True,TENX111;TENX147;TENX148;TENX149
uni_v2,COAD,random_matched,0,4.0,10.0,1905,10572,4,0.7195917367935181,0.6060256229527294,0.23-0.30,True,True,TENX111;TENX147;TENX148;TENX149
uni_v2,COAD,patient,1,,,10572,5079,1,0.3055339455604553,0.30553394604474304,0.23-0.30,True,True,TENX111
uni_v2,COAD,random,1,0.0,,10572,5079,4,0.7420920729637146,0.63427544943057,0.23-0.30,True,True,TENX111;TENX147;TENX148;TENX149
uni_v2,COAD,blocked,1,0.0,4.0,9925,5726,4,0.6716466546058655,0.5220177376223728,0.23-0.30,True,True,TENX111;TENX147;TENX148;TENX149
uni_v2,COAD,blocked_buffered,1,0.0,4.0,8524,5726,4,0.6635724902153015,0.5138867522310465,0.23-0.30,True,True,TENX111;TENX147;TENX148;TENX149
uni_v2,COAD,blocked_matched,1,0.0,4.0,8524,5726,4,0.6700839400291443,0.5199283308861777,0.23-0.30,True,True,TENX111;TENX147;TENX148;TENX149
uni_v2,COAD,random_matched,1,0.0,4.0,8524,5079,4,0.7403748035430908,0.6323856590874494,0.23-0.30,True,True,TENX111;TENX147;TENX148;TENX149
uni_v2,COAD,blocked,1,0.0,6.0,10297,5354,4,0.7090237140655518,0.5677154795452952,0.23-0.30,True,True,TENX111;TENX147;TENX148;TENX149
uni_v2,COAD,blocked_buffered,1,0.0,6.0,8154,5354,4,0.6985043287277222,0.5550421274080872,0.23-0.30,True,True,TENX111;TENX147;TENX148;TENX149
uni_v2,COAD,blocked_matched,1,0.0,6.0,8154,5354,4,0.7074905633926392,0.5661148418113588,0.23-0.30,True,True,TENX111;TENX147;TENX148;TENX149
uni_v2,COAD,random_matched,1,0.0,6.0,8154,5079,4,0.7402434349060059,0.6322453857585788,0.23-0.30,True,True,TENX111;TENX147;TENX148;TENX149
uni_v2,COAD,blocked,1,0.0,10.0,10451,5200,4,0.7427274584770203,0.6297617698274554,0.23-0.30,True,True,TENX111;TENX147;TENX148;TENX149
uni_v2,COAD,blocked_buffered,1,0.0,10.0,6780,5200,4,0.7309878468513489,0.6165966399386525,0.23-0.30,True,True,TENX111;TENX147;TENX148;TENX149
uni_v2,COAD,blocked_matched,1,0.0,10.0,6780,5200,4,0.738362729549408,0.6240504408814013,0.23-0.30,True,True,TENX111;TENX147;TENX148;TENX149
uni_v2,COAD,random_matched,1,0.0,10.0,6780,5079,4,0.737601637840271,0.62896090650931,0.23-0.30,True,True,TENX111;TENX147;TENX148;TENX149
uni_v2,COAD,random,1,1.0,,10572,5079,4,0.7458308339118958,0.6372607808373868,0.23-0.30,True,True,TENX111;TENX147;TENX148;TENX149
uni_v2,COAD,blocked,1,1.0,4.0,10320,5331,4,0.7294946312904358,0.6147029560990631,0.23-0.30,True,True,TENX111;TENX147;TENX148;TENX149
uni_v2,COAD,blocked_buffered,1,1.0,4.0,8644,5331,4,0.7188200950622559,0.6037732879444957,0.23-0.30,True,True,TENX111;TENX147;TENX148;TENX149
uni_v2,COAD,blocked_matched,1,1.0,4.0,8644,5331,4,0.7277033925056458,0.6120809392258525,0.23-0.30,True,True,TENX111;TENX147;TENX148;TENX149
uni_v2,COAD,random_matched,1,1.0,4.0,8644,5079,4,0.7445517778396606,0.6357798755075783,0.23-0.30,True,True,TENX111;TENX147;TENX148;TENX149
uni_v2,COAD,blocked,1,1.0,6.0,10439,5212,4,0.7448623776435852,0.6177295929193497,0.23-0.30,True,True,TENX111;TENX147;TENX148;TENX149
uni_v2,COAD,blocked_buffered,1,1.0,6.0,8238,5212,4,0.736457884311676,0.6093825539574027,0.23-0.30,True,True,TENX111;TENX147;TENX148;TENX149
uni_v2,COAD,blocked_matched,1,1.0,6.0,8238,5212,4,0.742512047290802,0.6150740678235889,0.23-0.30,True,True,TENX111;TENX147;TENX148;TENX149
uni_v2,COAD,random_matched,1,1.0,6.0,8238,5079,4,0.7435637712478638,0.6345707474998199,0.23-0.30,True,True,TENX111;TENX147;TENX148;TENX149
uni_v2,COAD,blocked,1,1.0,10.0,10494,5157,4,0.7344889044761658,0.6167877210583538,0.23-0.30,True,True,TENX111;TENX147;TENX148;TENX149
uni_v2,COAD,blocked_buffered,1,1.0,10.0,6543,5157,4,0.7205609679222107,0.6024712657742203,0.23-0.30,True,True,TENX111;TENX147;TENX148;TENX149
uni_v2,COAD,blocked_matched,1,1.0,10.0,6543,5157,4,0.7313948273658752,0.6123457744903862,0.23-0.30,True,True,TENX111;TENX147;TENX148;TENX149
uni_v2,COAD,random_matched,1,1.0,10.0,6543,5079,4,0.7407864928245544,0.6310497716348619,0.23-0.30,True,True,TENX111;TENX147;TENX148;TENX149
uni_v2,COAD,random,1,2.0,,10572,5079,4,0.7453628778457642,0.6358601859584451,0.23-0.30,True,True,TENX111;TENX147;TENX148;TENX149
uni_v2,COAD,blocked,1,2.0,4.0,10003,5648,4,0.7189280986785889,0.5907955093169585,0.23-0.30,True,True,TENX111;TENX147;TENX148;TENX149
uni_v2,COAD,blocked_buffered,1,2.0,4.0,8424,5648,4,0.7106402516365051,0.58196753134951,0.23-0.30,True,True,TENX111;TENX147;TENX148;TENX149
uni_v2,COAD,blocked_matched,1,2.0,4.0,8424,5648,4,0.7172521948814392,0.588832760853693,0.23-0.30,True,True,TENX111;TENX147;TENX148;TENX149
uni_v2,COAD,random_matched,1,2.0,4.0,8424,5079,4,0.7434114813804626,0.6333813338726759,0.23-0.30,True,True,TENX111;TENX147;TENX148;TENX149
uni_v2,COAD,blocked,1,2.0,6.0,10326,5325,4,0.734122097492218,0.6137024107575417,0.23-0.30,True,True,TENX111;TENX147;TENX148;TENX149
uni_v2,COAD,blocked_buffered,1,2.0,6.0,7996,5325,4,0.7252787947654724,0.6059809102490544,0.23-0.30,True,True,TENX111;TENX147;TENX148;TENX149
uni_v2,COAD,blocked_matched,1,2.0,6.0,7996,5325,4,0.7318108081817627,0.6108133327495306,0.23-0.30,True,True,TENX111;TENX147;TENX148;TENX149
uni_v2,COAD,random_matched,1,2.0,6.0,7996,5079,4,0.743538498878479,0.6334401220828294,0.23-0.30,True,True,TENX111;TENX147;TENX148;TENX149
uni_v2,COAD,blocked,1,2.0,10.0,10480,5171,4,0.7418079972267151,0.6332417191006243,0.23-0.30,True,True,TENX111;TENX147;TENX148;TENX149
uni_v2,COAD,blocked_buffered,1,2.0,10.0,7016,5171,4,0.728304386138916,0.6175418002530932,0.23-0.30,True,True,TENX111;TENX147;TENX148;TENX149
uni_v2,COAD,blocked_matched,1,2.0,10.0,7016,5171,4,0.7377327084541321,0.6274951537139715,0.23-0.30,True,True,TENX111;TENX147;TENX148;TENX149
uni_v2,COAD,random_matched,1,2.0,10.0,7016,5079,4,0.7416061162948608,0.6313860931247472,0.23-0.30,True,True,TENX111;TENX147;TENX148;TENX149
uni_v2,COAD,random,1,3.0,,10572,5079,4,0.74749356508255,0.6376084295101464,0.23-0.30,True,True,TENX111;TENX147;TENX148;TENX149
uni_v2,COAD,blocked,1,3.0,4.0,10038,5613,4,0.7140023708343506,0.6014463676512242,0.23-0.30,True,True,TENX111;TENX147;TENX148;TENX149
uni_v2,COAD,blocked_buffered,1,3.0,4.0,8469,5613,4,0.7070017457008362,0.5923328267969191,0.23-0.30,True,True,TENX111;TENX147;TENX148;TENX149
uni_v2,COAD,blocked_matched,1,3.0,4.0,8469,5613,4,0.7126132845878601,0.6003320387378335,0.23-0.30,True,True,TENX111;TENX147;TENX148;TENX149
uni_v2,COAD,random_matched,1,3.0,4.0,8469,5079,4,0.7458311319351196,0.6353464614599943,0.23-0.30,True,True,TENX111;TENX147;TENX148;TENX149
uni_v2,COAD,blocked,1,3.0,6.0,10191,5460,4,0.7343143224716187,0.616610811855644,0.23-0.30,True,True,TENX111;TENX147;TENX148;TENX149
uni_v2,COAD,blocked_buffered,1,3.0,6.0,7963,5460,4,0.7194427251815796,0.6018858350813389,0.23-0.30,True,True,TENX111;TENX147;TENX148;TENX149
uni_v2,COAD,blocked_matched,1,3.0,6.0,7963,5460,4,0.7318713665008545,0.613848378174007,0.23-0.30,True,True,TENX111;TENX147;TENX148;TENX149
uni_v2,COAD,random_matched,1,3.0,6.0,7963,5079,4,0.7455410957336426,0.635300248991698,0.23-0.30,True,True,TENX111;TENX147;TENX148;TENX149
uni_v2,COAD,blocked,1,3.0,10.0,10512,5139,4,0.7303036451339722,0.61932542540133,0.23-0.30,True,True,TENX111;TENX147;TENX148;TENX149
uni_v2,COAD,blocked_buffered,1,3.0,10.0,6707,5139,4,0.7184633612632751,0.60751839581877,0.23-0.30,True,True,TENX111;TENX147;TENX148;TENX149
uni_v2,COAD,blocked_matched,1,3.0,10.0,6707,5139,4,0.7252792119979858,0.6130176584329456,0.23-0.30,True,True,TENX111;TENX147;TENX148;TENX149
uni_v2,COAD,random_matched,1,3.0,10.0,6707,5079,4,0.7431857585906982,0.6328860019985587,0.23-0.30,True,True,TENX111;TENX147;TENX148;TENX149
uni_v2,COAD,random,1,4.0,,10572,5079,4,0.7487502098083496,0.640071177071659,0.23-0.30,True,True,TENX111;TENX147;TENX148;TENX149
uni_v2,COAD,blocked,1,4.0,4.0,9890,5761,4,0.7060838937759399,0.5887268593441695,0.23-0.30,True,True,TENX111;TENX147;TENX148;TENX149
uni_v2,COAD,blocked_buffered,1,4.0,4.0,8480,5761,4,0.7004677057266235,0.5823968494450673,0.23-0.30,True,True,TENX111;TENX147;TENX148;TENX149
uni_v2,COAD,blocked_matched,1,4.0,4.0,8480,5761,4,0.7033802270889282,0.5863408907549456,0.23-0.30,True,True,TENX111;TENX147;TENX148;TENX149
uni_v2,COAD,random_matched,1,4.0,4.0,8480,5079,4,0.7465560436248779,0.6372471685125493,0.23-0.30,True,True,TENX111;TENX147;TENX148;TENX149
uni_v2,COAD,blocked,1,4.0,6.0,10411,5240,4,0.6929360032081604,0.5631797883100808,0.23-0.30,True,True,TENX111;TENX147;TENX148;TENX149
uni_v2,COAD,blocked_buffered,1,4.0,6.0,8355,5240,4,0.6831283569335938,0.5537168070115148,0.23-0.30,True,True,TENX111;TENX147;TENX148;TENX149
uni_v2,COAD,blocked_matched,1,4.0,6.0,8355,5240,4,0.690858781337738,0.5619736360013485,0.23-0.30,True,True,TENX111;TENX147;TENX148;TENX149
uni_v2,COAD,random_matched,1,4.0,6.0,8355,5079,4,0.7470638155937195,0.6380253359023482,0.23-0.30,True,True,TENX111;TENX147;TENX148;TENX149
uni_v2,COAD,blocked,1,4.0,10.0,10481,5170,4,0.7206617593765259,0.6031925409659743,0.23-0.30,True,True,TENX111;TENX147;TENX148;TENX149
uni_v2,COAD,blocked_buffered,1,4.0,10.0,6612,5170,4,0.7082728743553162,0.5892382671497762,0.23-0.30,True,True,TENX111;TENX147;TENX148;TENX149
uni_v2,COAD,blocked_matched,1,4.0,10.0,6612,5170,4,0.7151563167572021,0.5964674804266542,0.23-0.30,True,True,TENX111;TENX147;TENX148;TENX149
uni_v2,COAD,random_matched,1,4.0,10.0,6612,5079,4,0.7447378039360046,0.6348995640629437,0.23-0.30,True,True,TENX111;TENX147;TENX148;TENX149
uni_v2,COAD,slide_out,TENX147,0.0,,5079,3417,1,0.582894504070282,0.5828945165872574,0.23-0.30,True,True,TENX147
uni_v2,COAD,slide_out,TENX147,1.0,,5079,3417,1,0.5855908393859863,0.5855908581614494,0.23-0.30,True,True,TENX147
uni_v2,COAD,slide_out,TENX147,2.0,,5079,3417,1,0.5809537768363953,0.580953777730465,0.23-0.30,True,True,TENX147
uni_v2,COAD,slide_out,TENX147,3.0,,5079,3417,1,0.5804911851882935,0.5804911458492279,0.23-0.30,True,True,TENX147
uni_v2,COAD,slide_out,TENX147,4.0,,5079,3417,1,0.5903070569038391,0.5903070698678493,0.23-0.30,True,True,TENX147
uni_v2,COAD,slide_out,TENX148,0.0,,5079,3535,1,0.5711793303489685,0.5711793193221092,0.23-0.30,True,False,TENX148
uni_v2,COAD,slide_out,TENX148,1.0,,5079,3535,1,0.5690138339996338,0.5690138480067253,0.23-0.30,True,False,TENX148
uni_v2,COAD,slide_out,TENX148,2.0,,5079,3535,1,0.5619860291481018,0.5619860720634461,0.23-0.30,True,False,TENX148
uni_v2,COAD,slide_out,TENX148,3.0,,5079,3535,1,0.5641068816184998,0.5641068932414055,0.23-0.30,True,False,TENX148
uni_v2,COAD,slide_out,TENX148,4.0,,5079,3535,1,0.5598893761634827,0.5598893839120865,0.23-0.30,True,False,TENX148
uni_v2,COAD,slide_out,TENX149,0.0,,5079,3620,1,0.6250557899475098,0.625055820941925,0.23-0.30,True,False,TENX149
uni_v2,COAD,slide_out,TENX149,1.0,,5079,3620,1,0.6260036826133728,0.6260037258267402,0.23-0.30,True,False,TENX149
uni_v2,COAD,slide_out,TENX149,2.0,,5079,3620,1,0.6223272681236267,0.6223272627592087,0.23-0.30,True,False,TENX149
uni_v2,COAD,slide_out,TENX149,3.0,,5079,3620,1,0.6265355348587036,0.6265355411171913,0.23-0.30,True,False,TENX149
uni_v2,COAD,slide_out,TENX149,4.0,,5079,3620,1,0.6287323236465454,0.6287322932481766,0.23-0.30,True,False,TENX149
uni_v2,HCC,patient,0,,,1941,2255,1,0.0698748379945755,0.06987484416575171,0.40-0.50,True,False,NCBI643
uni_v2,HCC,random,0,0.0,,1941,2255,2,0.3673475384712219,0.24452370936982332,0.40-0.50,True,False,NCBI642;NCBI643
uni_v2,HCC,blocked,0,0.0,4.0,1650,2546,2,0.28586065769195557,0.16333710989914835,0.40-0.50,True,False,NCBI642;NCBI643
uni_v2,HCC,blocked_buffered,0,0.0,4.0,1109,2546,2,0.25341302156448364,0.14199127599596978,0.40-0.50,True,False,NCBI642;NCBI643
uni_v2,HCC,blocked_matched,0,0.0,4.0,1109,2546,2,0.268105685710907,0.14720190180232748,0.40-0.50,True,False,NCBI642;NCBI643
uni_v2,HCC,random_matched,0,0.0,4.0,1109,2255,2,0.33853384852409363,0.21671272537787445,0.40-0.50,True,False,NCBI642;NCBI643
uni_v2,HCC,blocked,0,0.0,6.0,1867,2329,2,0.3112921416759491,0.17288416794966904,0.40-0.50,True,False,NCBI642;NCBI643
uni_v2,HCC,blocked_buffered,0,0.0,6.0,1131,2329,2,0.2707418203353882,0.13562295703217386,0.40-0.50,True,False,NCBI642;NCBI643
uni_v2,HCC,blocked_matched,0,0.0,6.0,1131,2329,2,0.2886212468147278,0.15552350991987623,0.40-0.50,True,False,NCBI642;NCBI643
uni_v2,HCC,random_matched,0,0.0,6.0,1131,2255,2,0.33854034543037415,0.21900920636951923,0.40-0.50,True,False,NCBI642;NCBI643
uni_v2,HCC,blocked,0,0.0,10.0,1892,2304,2,0.32764771580696106,0.20794549225829542,0.40-0.50,True,False,NCBI642;NCBI643
uni_v2,HCC,blocked_buffered,0,0.0,10.0,791,2304,2,0.25298142433166504,0.13770901868119834,0.40-0.50,True,False,NCBI642;NCBI643
uni_v2,HCC,blocked_matched,0,0.0,10.0,791,2304,2,0.27930548787117004,0.16494756256870458,0.40-0.50,True,False,NCBI642;NCBI643
uni_v2,HCC,random_matched,0,0.0,10.0,791,2255,2,0.3144229054450989,0.1974487088387832,0.40-0.50,True,False,NCBI642;NCBI643
uni_v2,HCC,random,0,1.0,,1941,2255,2,0.3628278970718384,0.24078284334391353,0.40-0.50,True,False,NCBI642;NCBI643
uni_v2,HCC,blocked,0,1.0,4.0,1618,2578,2,0.2922552824020386,0.16439211377844914,0.40-0.50,True,False,NCBI642;NCBI643
uni_v2,HCC,blocked_buffered,0,1.0,4.0,1084,2578,2,0.25963568687438965,0.13473259286023676,0.40-0.50,True,False,NCBI642;NCBI643
uni_v2,HCC,blocked_matched,0,1.0,4.0,1084,2578,2,0.26913952827453613,0.14276939860079435,0.40-0.50,True,False,NCBI642;NCBI643
uni_v2,HCC,random_matched,0,1.0,4.0,1084,2255,2,0.32538041472435,0.20172237872495316,0.40-0.50,True,False,NCBI642;NCBI643
uni_v2,HCC,blocked,0,1.0,6.0,1852,2344,2,0.30409079790115356,0.18118523525074126,0.40-0.50,True,False,NCBI642;NCBI643
uni_v2,HCC,blocked_buffered,0,1.0,6.0,1113,2344,2,0.2537458539009094,0.1373747276206268,0.40-0.50,True,False,NCBI642;NCBI643
uni_v2,HCC,blocked_matched,0,1.0,6.0,1113,2344,2,0.2855839431285858,0.1679258089326322,0.40-0.50,True,False,NCBI642;NCBI643
uni_v2,HCC,random_matched,0,1.0,6.0,1113,2255,2,0.3312937617301941,0.21465790558606385,0.40-0.50,True,False,NCBI642;NCBI643
uni_v2,HCC,blocked,0,1.0,10.0,1904,2292,2,0.3321368396282196,0.21305823788046835,0.40-0.50,True,False,NCBI642;NCBI643
uni_v2,HCC,blocked_buffered,0,1.0,10.0,688,2292,2,0.25771579146385193,0.1420258741499856,0.40-0.50,True,False,NCBI642;NCBI643
uni_v2,HCC,blocked_matched,0,1.0,10.0,688,2292,2,0.2760261595249176,0.16622648898512127,0.40-0.50,True,False,NCBI642;NCBI643
uni_v2,HCC,random_matched,0,1.0,10.0,688,2255,2,0.3039770722389221,0.18802242162637411,0.40-0.50,True,False,NCBI642;NCBI643
uni_v2,HCC,random,0,2.0,,1941,2255,2,0.3624503016471863,0.2403829501196742,0.40-0.50,True,False,NCBI642;NCBI643
uni_v2,HCC,blocked,0,2.0,4.0,1765,2431,2,0.2830260992050171,0.16687102028634399,0.40-0.50,True,False,NCBI642;NCBI643
uni_v2,HCC,blocked_buffered,0,2.0,4.0,1195,2431,2,0.24088281393051147,0.13364373906515536,0.40-0.50,True,False,NCBI642;NCBI643
uni_v2,HCC,blocked_matched,0,2.0,4.0,1195,2431,2,0.2701234221458435,0.15595770423300565,0.40-0.50,True,False,NCBI642;NCBI643
uni_v2,HCC,random_matched,0,2.0,4.0,1195,2255,2,0.3337031900882721,0.215759274084121,0.40-0.50,True,False,NCBI642;NCBI643
uni_v2,HCC,blocked,0,2.0,6.0,1831,2365,2,0.2917892336845398,0.16951578872132814,0.40-0.50,True,False,NCBI642;NCBI643
uni_v2,HCC,blocked_buffered,0,2.0,6.0,1204,2365,2,0.25636908411979675,0.13786155921639875,0.40-0.50,True,False,NCBI642;NCBI643
uni_v2,HCC,blocked_matched,0,2.0,6.0,1204,2365,2,0.2751966416835785,0.15738418088294565,0.40-0.50,True,False,NCBI642;NCBI643
uni_v2,HCC,random_matched,0,2.0,6.0,1204,2255,2,0.3322560787200928,0.2127115667425096,0.40-0.50,True,False,NCBI642;NCBI643
uni_v2,HCC,blocked,0,2.0,10.0,1907,2289,2,0.32939133048057556,0.1986659556743689,0.40-0.50,True,False,NCBI642;NCBI643
uni_v2,HCC,blocked_buffered,0,2.0,10.0,639,2289,2,0.24787317216396332,0.12956651240121575,0.40-0.50,True,False,NCBI642;NCBI643
uni_v2,HCC,blocked_matched,0,2.0,10.0,639,2289,2,0.2628589868545532,0.14710381447337567,0.40-0.50,True,False,NCBI642;NCBI643
uni_v2,HCC,random_matched,0,2.0,10.0,639,2255,2,0.3013920485973358,0.1837154306015873,0.40-0.50,True,False,NCBI642;NCBI643
uni_v2,HCC,random,0,3.0,,1941,2255,2,0.3657734990119934,0.24284643947146833,0.40-0.50,True,False,NCBI642;NCBI643
uni_v2,HCC,blocked,0,3.0,4.0,1872,2324,2,0.3002977967262268,0.1815262835100293,0.40-0.50,True,False,NCBI642;NCBI643
uni_v2,HCC,blocked_buffered,0,3.0,4.0,1278,2324,2,0.2696945071220398,0.15788556661456823,0.40-0.50,True,False,NCBI642;NCBI643
uni_v2,HCC,blocked_matched,0,3.0,4.0,1278,2324,2,0.27979469299316406,0.16636075320420785,0.40-0.50,True,False,NCBI642;NCBI643
uni_v2,HCC,random_matched,0,3.0,4.0,1278,2255,2,0.34330418705940247,0.2207938173227012,0.40-0.50,True,False,NCBI642;NCBI643
uni_v2,HCC,blocked,0,3.0,6.0,1887,2309,2,0.3185342848300934,0.20260356470476837,0.40-0.50,True,False,NCBI642;NCBI643
uni_v2,HCC,blocked_buffered,0,3.0,6.0,1113,2309,2,0.27589672803878784,0.16877055499702692,0.40-0.50,True,False,NCBI642;NCBI643
uni_v2,HCC,blocked_matched,0,3.0,6.0,1113,2309,2,0.29637980461120605,0.18349405735731125,0.40-0.50,True,False,NCBI642;NCBI643
uni_v2,HCC,random_matched,0,3.0,6.0,1113,2255,2,0.3374463617801666,0.2165240474091843,0.40-0.50,True,False,NCBI642;NCBI643
uni_v2,HCC,blocked,0,3.0,10.0,1916,2280,2,0.3166919946670532,0.2017986853257753,0.40-0.50,True,False,NCBI642;NCBI643
uni_v2,HCC,blocked_buffered,0,3.0,10.0,672,2280,2,0.23077991604804993,0.11867187332594767,0.40-0.50,True,False,NCBI642;NCBI643
uni_v2,HCC,blocked_matched,0,3.0,10.0,672,2280,2,0.26459789276123047,0.15333084660349414,0.40-0.50,True,False,NCBI642;NCBI643
uni_v2,HCC,random_matched,0,3.0,10.0,672,2255,2,0.2983940839767456,0.18054521938611287,0.40-0.50,True,False,NCBI642;NCBI643
uni_v2,HCC,random,0,4.0,,1941,2255,2,0.3598549962043762,0.23933026663959026,0.40-0.50,True,False,NCBI642;NCBI643
uni_v2,HCC,blocked,0,4.0,4.0,1782,2414,2,0.282296359539032,0.16754956280463373,0.40-0.50,True,False,NCBI642;NCBI643
uni_v2,HCC,blocked_buffered,0,4.0,4.0,1166,2414,2,0.24688933789730072,0.1434047726681456,0.40-0.50,True,False,NCBI642;NCBI643
uni_v2,HCC,blocked_matched,0,4.0,4.0,1166,2414,2,0.27683523297309875,0.16740038512973116,0.40-0.50,True,False,NCBI642;NCBI643
uni_v2,HCC,random_matched,0,4.0,4.0,1166,2255,2,0.32715216279029846,0.2077870560158044,0.40-0.50,True,False,NCBI642;NCBI643
uni_v2,HCC,blocked,0,4.0,6.0,1854,2342,2,0.30563992261886597,0.17664884544909001,0.40-0.50,True,False,NCBI642;NCBI643
uni_v2,HCC,blocked_buffered,0,4.0,6.0,1073,2342,2,0.2667182981967926,0.1413263767352328,0.40-0.50,True,False,NCBI642;NCBI643
uni_v2,HCC,blocked_matched,0,4.0,6.0,1073,2342,2,0.2859901189804077,0.16201631553936752,0.40-0.50,True,False,NCBI642;NCBI643
uni_v2,HCC,random_matched,0,4.0,6.0,1073,2255,2,0.32580965757369995,0.2071889389771968,0.40-0.50,True,False,NCBI642;NCBI643
uni_v2,HCC,blocked,0,4.0,10.0,1908,2288,2,0.32513970136642456,0.20532763328403236,0.40-0.50,True,False,NCBI642;NCBI643
uni_v2,HCC,blocked_buffered,0,4.0,10.0,677,2288,2,0.2416059523820877,0.12556751706288197,0.40-0.50,True,False,NCBI642;NCBI643
uni_v2,HCC,blocked_matched,0,4.0,10.0,677,2288,2,0.2742972671985626,0.16833024306222796,0.40-0.50,True,False,NCBI642;NCBI643
uni_v2,HCC,random_matched,0,4.0,10.0,677,2255,2,0.29811781644821167,0.1839185485057533,0.40-0.50,True,False,NCBI642;NCBI643
uni_v2,HCC,patient,1,,,2255,1941,1,0.0796036645770073,0.07960365471823025,0.40-0.50,True,False,NCBI642
uni_v2,HCC,random,1,0.0,,2255,1941,2,0.3756156265735626,0.25101637118496,0.40-0.50,True,False,NCBI642;NCBI643
uni_v2,HCC,blocked,1,0.0,4.0,2197,1999,2,0.31103476881980896,0.18933849688153714,0.40-0.50,True,False,NCBI642;NCBI643
uni_v2,HCC,blocked_buffered,1,0.0,4.0,1624,1999,2,0.284307599067688,0.1651700208662078,0.40-0.50,True,False,NCBI642;NCBI643
uni_v2,HCC,blocked_matched,1,0.0,4.0,1624,1999,2,0.299081951379776,0.1796751893614419,0.40-0.50,True,False,NCBI642;NCBI643
uni_v2,HCC,random_matched,1,0.0,4.0,1624,1941,2,0.35950222611427307,0.2368060893844813,0.40-0.50,True,False,NCBI642;NCBI643
uni_v2,HCC,blocked,1,0.0,6.0,2237,1959,2,0.32190877199172974,0.2060449266449359,0.40-0.50,True,False,NCBI642;NCBI643
uni_v2,HCC,blocked_buffered,1,0.0,6.0,1291,1959,2,0.2769385278224945,0.16384441349506235,0.40-0.50,True,False,NCBI642;NCBI643
uni_v2,HCC,blocked_matched,1,0.0,6.0,1291,1959,2,0.30189695954322815,0.19115299627184867,0.40-0.50,True,False,NCBI642;NCBI643
uni_v2,HCC,random_matched,1,0.0,6.0,1291,1941,2,0.3414577841758728,0.22205700694816188,0.40-0.50,True,False,NCBI642;NCBI643
uni_v2,HCC,blocked,1,0.0,10.0,2209,1987,2,0.3428792953491211,0.23329110690392554,0.40-0.50,True,False,NCBI642;NCBI643
uni_v2,HCC,blocked_buffered,1,0.0,10.0,915,1987,2,0.2715645730495453,0.16272927879821508,0.40-0.50,True,False,NCBI642;NCBI643
uni_v2,HCC,blocked_matched,1,0.0,10.0,915,1987,2,0.29441285133361816,0.18768104879185557,0.40-0.50,True,False,NCBI642;NCBI643
uni_v2,HCC,random_matched,1,0.0,10.0,915,1941,2,0.3254201412200928,0.20186626111855732,0.40-0.50,True,False,NCBI642;NCBI643
uni_v2,HCC,random,1,1.0,,2255,1941,2,0.3726920783519745,0.24949310060590507,0.40-0.50,True,False,NCBI642;NCBI643
uni_v2,HCC,blocked,1,1.0,4.0,2093,2103,2,0.30804213881492615,0.16610482984222472,0.40-0.50,True,False,NCBI642;NCBI643
uni_v2,HCC,blocked_buffered,1,1.0,4.0,1539,2103,2,0.2816835939884186,0.14534486047923567,0.40-0.50,True,False,NCBI642;NCBI643
uni_v2,HCC,blocked_matched,1,1.0,4.0,1539,2103,2,0.29659995436668396,0.1582373597798869,0.40-0.50,True,False,NCBI642;NCBI643
uni_v2,HCC,random_matched,1,1.0,4.0,1539,1941,2,0.35622960329055786,0.23343999519944192,0.40-0.50,True,False,NCBI642;NCBI643
uni_v2,HCC,blocked,1,1.0,6.0,2194,2002,2,0.3245566487312317,0.18512857587309556,0.40-0.50,True,False,NCBI642;NCBI643
uni_v2,HCC,blocked_buffered,1,1.0,6.0,1437,2002,2,0.2873358726501465,0.15076833416474983,0.40-0.50,True,False,NCBI642;NCBI643
uni_v2,HCC,blocked_matched,1,1.0,6.0,1437,2002,2,0.3055689036846161,0.16977911554276942,0.40-0.50,True,False,NCBI642;NCBI643
uni_v2,HCC,random_matched,1,1.0,6.0,1437,1941,2,0.34813910722732544,0.2255803943471983,0.40-0.50,True,False,NCBI642;NCBI643
uni_v2,HCC,blocked,1,1.0,10.0,2225,1971,2,0.3454493284225464,0.22257359351962805,0.40-0.50,True,False,NCBI642;NCBI643
uni_v2,HCC,blocked_buffered,1,1.0,10.0,871,1971,2,0.2641998827457428,0.14586193515453488,0.40-0.50,True,False,NCBI642;NCBI643
uni_v2,HCC,blocked_matched,1,1.0,10.0,871,1971,2,0.30193760991096497,0.1881299997109454,0.40-0.50,True,False,NCBI642;NCBI643
uni_v2,HCC,random_matched,1,1.0,10.0,871,1941,2,0.32036730647087097,0.20261064458405598,0.40-0.50,True,False,NCBI642;NCBI643
uni_v2,HCC,random,1,2.0,,2255,1941,2,0.37417498230934143,0.24875616570934653,0.40-0.50,True,False,NCBI642;NCBI643
uni_v2,HCC,blocked,1,2.0,4.0,2201,1995,2,0.2917153537273407,0.16916688886238263,0.40-0.50,True,False,NCBI642;NCBI643
uni_v2,HCC,blocked_buffered,1,2.0,4.0,1570,1995,2,0.2690260112285614,0.15116302983136848,0.40-0.50,True,False,NCBI642;NCBI643
uni_v2,HCC,blocked_matched,1,2.0,4.0,1570,1995,2,0.27189087867736816,0.15276173283229583,0.40-0.50,True,False,NCBI642;NCBI643
uni_v2,HCC,random_matched,1,2.0,4.0,1570,1941,2,0.3519906997680664,0.22692416423931716,0.40-0.50,True,False,NCBI642;NCBI643
uni_v2,HCC,blocked,1,2.0,6.0,2099,2097,2,0.3276134729385376,0.19447763643693178,0.40-0.50,True,False,NCBI642;NCBI643
uni_v2,HCC,blocked_buffered,1,2.0,6.0,1177,2097,2,0.2789860963821411,0.14843071716371925,0.40-0.50,True,False,NCBI642;NCBI643
uni_v2,HCC,blocked_matched,1,2.0,6.0,1177,2097,2,0.29682162404060364,0.1678583703469485,0.40-0.50,True,False,NCBI642;NCBI643
uni_v2,HCC,random_matched,1,2.0,6.0,1177,1941,2,0.3379749655723572,0.21712916992604733,0.40-0.50,True,False,NCBI642;NCBI643
uni_v2,HCC,blocked,1,2.0,10.0,2229,1967,2,0.33480900526046753,0.20180157489143313,0.40-0.50,True,False,NCBI642;NCBI643
uni_v2,HCC,blocked_buffered,1,2.0,10.0,998,1967,2,0.26903876662254333,0.14546016785316168,0.40-0.50,True,False,NCBI642;NCBI643
uni_v2,HCC,blocked_matched,1,2.0,10.0,998,1967,2,0.301301509141922,0.1746779938112013,0.40-0.50,True,False,NCBI642;NCBI643
uni_v2,HCC,random_matched,1,2.0,10.0,998,1941,2,0.3286606967449188,0.20959328908473251,0.40-0.50,True,False,NCBI642;NCBI643
uni_v2,HCC,random,1,3.0,,2255,1941,2,0.37376177310943604,0.2539349855016917,0.40-0.50,True,False,NCBI642;NCBI643
uni_v2,HCC,blocked,1,3.0,4.0,2130,2066,2,0.29772627353668213,0.18079468800555332,0.40-0.50,True,False,NCBI642;NCBI643
uni_v2,HCC,blocked_buffered,1,3.0,4.0,1494,2066,2,0.2685947120189667,0.15951808256097139,0.40-0.50,True,False,NCBI642;NCBI643
uni_v2,HCC,blocked_matched,1,3.0,4.0,1494,2066,2,0.2798377275466919,0.16592088804871308,0.40-0.50,True,False,NCBI642;NCBI643
uni_v2,HCC,random_matched,1,3.0,4.0,1494,1941,2,0.35525572299957275,0.2360087063163519,0.40-0.50,True,False,NCBI642;NCBI643
uni_v2,HCC,blocked,1,3.0,6.0,2208,1988,2,0.3319021463394165,0.20931363256881014,0.40-0.50,True,False,NCBI642;NCBI643
uni_v2,HCC,blocked_buffered,1,3.0,6.0,1384,1988,2,0.2906694710254669,0.172436331724748,0.40-0.50,True,False,NCBI642;NCBI643
uni_v2,HCC,blocked_matched,1,3.0,6.0,1384,1988,2,0.3108650743961334,0.18911934594158084,0.40-0.50,True,False,NCBI642;NCBI643
uni_v2,HCC,random_matched,1,3.0,6.0,1384,1941,2,0.3467613160610199,0.22667757287621498,0.40-0.50,True,False,NCBI642;NCBI643
uni_v2,HCC,blocked,1,3.0,10.0,2221,1975,2,0.3067368268966675,0.18970056478865444,0.40-0.50,True,False,NCBI642;NCBI643
uni_v2,HCC,blocked_buffered,1,3.0,10.0,916,1975,2,0.25285208225250244,0.1410008151846705,0.40-0.50,True,False,NCBI642;NCBI643
uni_v2,HCC,blocked_matched,1,3.0,10.0,916,1975,2,0.2740219235420227,0.16317664962261916,0.40-0.50,True,False,NCBI642;NCBI643
uni_v2,HCC,random_matched,1,3.0,10.0,916,1941,2,0.3169155418872833,0.20162759962142446,0.40-0.50,True,False,NCBI642;NCBI643
uni_v2,HCC,random,1,4.0,,2255,1941,2,0.3738095164299011,0.25505047604441644,0.40-0.50,True,False,NCBI642;NCBI643
uni_v2,HCC,blocked,1,4.0,4.0,2161,2035,2,0.30750223994255066,0.15539394856430588,0.40-0.50,True,False,NCBI642;NCBI643
uni_v2,HCC,blocked_buffered,1,4.0,4.0,1595,2035,2,0.27453139424324036,0.131384425428696,0.40-0.50,True,False,NCBI642;NCBI643
uni_v2,HCC,blocked_matched,1,4.0,4.0,1595,2035,2,0.2960550785064697,0.14929175249999388,0.40-0.50,True,False,NCBI642;NCBI643
uni_v2,HCC,random_matched,1,4.0,4.0,1595,1941,2,0.35654473304748535,0.23722036316990852,0.40-0.50,True,False,NCBI642;NCBI643
uni_v2,HCC,blocked,1,4.0,6.0,2189,2007,2,0.3080596923828125,0.16684598475694656,0.40-0.50,True,False,NCBI642;NCBI643
uni_v2,HCC,blocked_buffered,1,4.0,6.0,1527,2007,2,0.271740198135376,0.12999355562380516,0.40-0.50,True,False,NCBI642;NCBI643
uni_v2,HCC,blocked_matched,1,4.0,6.0,1527,2007,2,0.29056230187416077,0.1511819347506389,0.40-0.50,True,False,NCBI642;NCBI643
uni_v2,HCC,random_matched,1,4.0,6.0,1527,1941,2,0.34927821159362793,0.23162214829586447,0.40-0.50,True,False,NCBI642;NCBI643
uni_v2,HCC,blocked,1,4.0,10.0,2217,1979,2,0.3443116843700409,0.21902793927118183,0.40-0.50,True,False,NCBI642;NCBI643
uni_v2,HCC,blocked_buffered,1,4.0,10.0,962,1979,2,0.27073317766189575,0.146234564112965,0.40-0.50,True,False,NCBI642;NCBI643
uni_v2,HCC,blocked_matched,1,4.0,10.0,962,1979,2,0.3020358085632324,0.18105935856699942,0.40-0.50,True,False,NCBI642;NCBI643
uni_v2,HCC,random_matched,1,4.0,10.0,962,1941,2,0.3231006860733032,0.20623886525165291,0.40-0.50,True,False,NCBI642;NCBI643
uni_v2,IDC,patient,0,,,14775,20761,1,0.47366464138031006,0.4736646093428135,0.15-0.23,True,True,TENX99
uni_v2,IDC,random,0,0.0,,14775,20761,4,0.8091117739677429,0.7088727196305991,0.15-0.23;0.23-0.30;0.30-0.40,True,True,NCBI783;NCBI785;TENX95;TENX99
uni_v2,IDC,blocked,0,0.0,4.0,13436,22100,4,0.7866191864013672,0.6758538985997438,0.15-0.23;0.23-0.30;0.30-0.40,True,True,NCBI783;NCBI785;TENX95;TENX99
uni_v2,IDC,blocked_buffered,0,0.0,4.0,11296,22100,4,0.7817382216453552,0.6693497243709863,0.15-0.23;0.23-0.30;0.30-0.40,True,True,NCBI783;NCBI785;TENX95;TENX99
uni_v2,IDC,blocked_matched,0,0.0,4.0,11296,22100,4,0.7855865359306335,0.6748567342944443,0.15-0.23;0.23-0.30;0.30-0.40,True,True,NCBI783;NCBI785;TENX95;TENX99
uni_v2,IDC,random_matched,0,0.0,4.0,11296,20761,4,0.8079591989517212,0.7074107991158962,0.15-0.23;0.23-0.30;0.30-0.40,True,True,NCBI783;NCBI785;TENX95;TENX99
uni_v2,IDC,blocked,0,0.0,6.0,14264,21272,4,0.7936004400253296,0.6862080556200817,0.15-0.23;0.23-0.30;0.30-0.40,True,True,NCBI783;NCBI785;TENX95;TENX99
uni_v2,IDC,blocked_buffered,0,0.0,6.0,10811,21272,4,0.7867529392242432,0.6754687718953938,0.15-0.23;0.23-0.30;0.30-0.40,True,True,NCBI783;NCBI785;TENX95;TENX99
uni_v2,IDC,blocked_matched,0,0.0,6.0,10811,21272,4,0.7920121550559998,0.6843401677766815,0.15-0.23;0.23-0.30;0.30-0.40,True,True,NCBI783;NCBI785;TENX95;TENX99
uni_v2,IDC,random_matched,0,0.0,6.0,10811,20761,4,0.8077911138534546,0.7069848879054188,0.15-0.23;0.23-0.30;0.30-0.40,True,True,NCBI783;NCBI785;TENX95;TENX99
uni_v2,IDC,blocked,0,0.0,10.0,14616,20920,4,0.8043297529220581,0.69837291136384,0.15-0.23;0.23-0.30;0.30-0.40,True,True,NCBI783;NCBI785;TENX95;TENX99
uni_v2,IDC,blocked_buffered,0,0.0,10.0,8803,20920,4,0.79514479637146,0.6823224256187677,0.15-0.23;0.23-0.30;0.30-0.40,True,True,NCBI783;NCBI785;TENX95;TENX99
uni_v2,IDC,blocked_matched,0,0.0,10.0,8803,20920,4,0.8014306426048279,0.694346795603633,0.15-0.23;0.23-0.30;0.30-0.40,True,True,NCBI783;NCBI785;TENX95;TENX99
uni_v2,IDC,random_matched,0,0.0,10.0,8803,20761,4,0.8062440752983093,0.7044808945991099,0.15-0.23;0.23-0.30;0.30-0.40,True,True,NCBI783;NCBI785;TENX95;TENX99
uni_v2,IDC,random,0,1.0,,14775,20761,4,0.8084473609924316,0.7070022308081388,0.15-0.23;0.23-0.30;0.30-0.40,True,True,NCBI783;NCBI785;TENX95;TENX99
uni_v2,IDC,blocked,0,1.0,4.0,13743,21793,4,0.7868195176124573,0.6765782749839128,0.15-0.23;0.23-0.30;0.30-0.40,True,True,NCBI783;NCBI785;TENX95;TENX99
uni_v2,IDC,blocked_buffered,0,1.0,4.0,11867,21793,4,0.780517041683197,0.6694809366390109,0.15-0.23;0.23-0.30;0.30-0.40,True,True,NCBI783;NCBI785;TENX95;TENX99
uni_v2,IDC,blocked_matched,0,1.0,4.0,11867,21793,4,0.7858347296714783,0.6756734797544777,0.15-0.23;0.23-0.30;0.30-0.40,True,True,NCBI783;NCBI785;TENX95;TENX99
uni_v2,IDC,random_matched,0,1.0,4.0,11867,20761,4,0.80731201171875,0.7055350476689637,0.15-0.23;0.23-0.30;0.30-0.40,True,True,NCBI783;NCBI785;TENX95;TENX99
uni_v2,IDC,blocked,0,1.0,6.0,14351,21185,4,0.7914455533027649,0.6840329368412494,0.15-0.23;0.23-0.30;0.30-0.40,True,True,NCBI783;NCBI785;TENX95;TENX99
uni_v2,IDC,blocked_buffered,0,1.0,6.0,11069,21185,4,0.7861913442611694,0.6756532838940621,0.15-0.23;0.23-0.30;0.30-0.40,True,True,NCBI783;NCBI785;TENX95;TENX99
uni_v2,IDC,blocked_matched,0,1.0,6.0,11069,21185,4,0.7901574969291687,0.6822618887200951,0.15-0.23;0.23-0.30;0.30-0.40,True,True,NCBI783;NCBI785;TENX95;TENX99
uni_v2,IDC,random_matched,0,1.0,6.0,11069,20761,4,0.8071308732032776,0.7049606283754111,0.15-0.23;0.23-0.30;0.30-0.40,True,True,NCBI783;NCBI785;TENX95;TENX99
uni_v2,IDC,blocked,0,1.0,10.0,14615,20921,4,0.7997100353240967,0.689251434057951,0.15-0.23;0.23-0.30;0.30-0.40,True,True,NCBI783;NCBI785;TENX95;TENX99
uni_v2,IDC,blocked_buffered,0,1.0,10.0,9262,20921,4,0.7901475429534912,0.6748257981054485,0.15-0.23;0.23-0.30;0.30-0.40,True,True,NCBI783;NCBI785;TENX95;TENX99
uni_v2,IDC,blocked_matched,0,1.0,10.0,9262,20921,4,0.7975377440452576,0.686557367760688,0.15-0.23;0.23-0.30;0.30-0.40,True,True,NCBI783;NCBI785;TENX95;TENX99
uni_v2,IDC,random_matched,0,1.0,10.0,9262,20761,4,0.8060243129730225,0.7031633689254523,0.15-0.23;0.23-0.30;0.30-0.40,True,True,NCBI783;NCBI785;TENX95;TENX99
uni_v2,IDC,random,0,2.0,,14775,20761,4,0.8093788623809814,0.7077610486559569,0.15-0.23;0.23-0.30;0.30-0.40,True,True,NCBI783;NCBI785;TENX95;TENX99
uni_v2,IDC,blocked,0,2.0,4.0,13604,21932,4,0.7900015115737915,0.6849903579987585,0.15-0.23;0.23-0.30;0.30-0.40,True,True,NCBI783;NCBI785;TENX95;TENX99
uni_v2,IDC,blocked_buffered,0,2.0,4.0,11571,21932,4,0.7863011360168457,0.6782227528840303,0.15-0.23;0.23-0.30;0.30-0.40,True,True,NCBI783;NCBI785;TENX95;TENX99
uni_v2,IDC,blocked_matched,0,2.0,4.0,11571,21932,4,0.7891650199890137,0.6839322778210044,0.15-0.23;0.23-0.30;0.30-0.40,True,True,NCBI783;NCBI785;TENX95;TENX99
uni_v2,IDC,random_matched,0,2.0,4.0,11571,20761,4,0.8082435727119446,0.7066408250667155,0.15-0.23;0.23-0.30;0.30-0.40,True,True,NCBI783;NCBI785;TENX95;TENX99
uni_v2,IDC,blocked,0,2.0,6.0,14385,21151,4,0.7895500659942627,0.6875419327802956,0.15-0.23;0.23-0.30;0.30-0.40,True,True,NCBI783;NCBI785;TENX95;TENX99
uni_v2,IDC,blocked_buffered,0,2.0,6.0,11166,21151,4,0.7840718626976013,0.6795095769502222,0.15-0.23;0.23-0.30;0.30-0.40,True,True,NCBI783;NCBI785;TENX95;TENX99
uni_v2,IDC,blocked_matched,0,2.0,6.0,11166,21151,4,0.7884675860404968,0.6866670688241719,0.15-0.23;0.23-0.30;0.30-0.40,True,True,NCBI783;NCBI785;TENX95;TENX99
uni_v2,IDC,random_matched,0,2.0,6.0,11166,20761,4,0.8081038594245911,0.706008160635829,0.15-0.23;0.23-0.30;0.30-0.40,True,True,NCBI783;NCBI785;TENX95;TENX99
uni_v2,IDC,blocked,0,2.0,10.0,14577,20959,4,0.8027100563049316,0.6967101424001158,0.15-0.23;0.23-0.30;0.30-0.40,True,True,NCBI783;NCBI785;TENX95;TENX99
uni_v2,IDC,blocked_buffered,0,2.0,10.0,8670,20959,4,0.7931708693504333,0.6817319435812533,0.15-0.23;0.23-0.30;0.30-0.40,True,True,NCBI783;NCBI785;TENX95;TENX99
uni_v2,IDC,blocked_matched,0,2.0,10.0,8670,20959,4,0.7999561429023743,0.6926258199568839,0.15-0.23;0.23-0.30;0.30-0.40,True,True,NCBI783;NCBI785;TENX95;TENX99
uni_v2,IDC,random_matched,0,2.0,10.0,8670,20761,4,0.8065853118896484,0.7046164418384433,0.15-0.23;0.23-0.30;0.30-0.40,True,True,NCBI783;NCBI785;TENX95;TENX99
uni_v2,IDC,random,0,3.0,,14775,20761,4,0.8080920577049255,0.70867302371189,0.15-0.23;0.23-0.30;0.30-0.40,True,True,NCBI783;NCBI785;TENX95;TENX99
uni_v2,IDC,blocked,0,3.0,4.0,12973,22563,4,0.7945966124534607,0.6877750539034604,0.15-0.23;0.23-0.30;0.30-0.40,True,True,NCBI783;NCBI785;TENX95;TENX99
uni_v2,IDC,blocked_buffered,0,3.0,4.0,10595,22563,4,0.7898086309432983,0.6812861435487866,0.15-0.23;0.23-0.30;0.30-0.40,True,True,NCBI783;NCBI785;TENX95;TENX99
uni_v2,IDC,blocked_matched,0,3.0,4.0,10595,22563,4,0.7934122681617737,0.6862364719063044,0.15-0.23;0.23-0.30;0.30-0.40,True,True,NCBI783;NCBI785;TENX95;TENX99
uni_v2,IDC,random_matched,0,3.0,4.0,10595,20761,4,0.8064482808113098,0.7060160724259913,0.15-0.23;0.23-0.30;0.30-0.40,True,True,NCBI783;NCBI785;TENX95;TENX99
uni_v2,IDC,blocked,0,3.0,6.0,14343,21193,4,0.7819885015487671,0.6811293738521635,0.15-0.23;0.23-0.30;0.30-0.40,True,True,NCBI783;NCBI785;TENX95;TENX99
uni_v2,IDC,blocked_buffered,0,3.0,6.0,10985,21193,4,0.7771959900856018,0.6726393291819841,0.15-0.23;0.23-0.30;0.30-0.40,True,True,NCBI783;NCBI785;TENX95;TENX99
uni_v2,IDC,blocked_matched,0,3.0,6.0,10985,21193,4,0.7803630232810974,0.6786485281027853,0.15-0.23;0.23-0.30;0.30-0.40,True,True,NCBI783;NCBI785;TENX95;TENX99
uni_v2,IDC,random_matched,0,3.0,6.0,10985,20761,4,0.806745171546936,0.7069970748573542,0.15-0.23;0.23-0.30;0.30-0.40,True,True,NCBI783;NCBI785;TENX95;TENX99
uni_v2,IDC,blocked,0,3.0,10.0,14721,20815,4,0.7985148429870605,0.6955210515484214,0.15-0.23;0.23-0.30;0.30-0.40,True,True,NCBI783;NCBI785;TENX95;TENX99
uni_v2,IDC,blocked_buffered,0,3.0,10.0,9098,20815,4,0.7893322110176086,0.6814341421052814,0.15-0.23;0.23-0.30;0.30-0.40,True,True,NCBI783;NCBI785;TENX95;TENX99
uni_v2,IDC,blocked_matched,0,3.0,10.0,9098,20815,4,0.7961571216583252,0.6922253201343118,0.15-0.23;0.23-0.30;0.30-0.40,True,True,NCBI783;NCBI785;TENX95;TENX99
uni_v2,IDC,random_matched,0,3.0,10.0,9098,20761,4,0.8055933117866516,0.7053844207711518,0.15-0.23;0.23-0.30;0.30-0.40,True,True,NCBI783;NCBI785;TENX95;TENX99
uni_v2,IDC,random,0,4.0,,14775,20761,4,0.8094484210014343,0.7087499938160181,0.15-0.23;0.23-0.30;0.30-0.40,True,True,NCBI783;NCBI785;TENX95;TENX99
uni_v2,IDC,blocked,0,4.0,4.0,14238,21298,4,0.784903347492218,0.6746018562279641,0.15-0.23;0.23-0.30;0.30-0.40,True,True,NCBI783;NCBI785;TENX95;TENX99
uni_v2,IDC,blocked_buffered,0,4.0,4.0,12094,21298,4,0.7799447774887085,0.667848832802847,0.15-0.23;0.23-0.30;0.30-0.40,True,True,NCBI783;NCBI785;TENX95;TENX99
uni_v2,IDC,blocked_matched,0,4.0,4.0,12094,21298,4,0.7837402820587158,0.6735655866377055,0.15-0.23;0.23-0.30;0.30-0.40,True,True,NCBI783;NCBI785;TENX95;TENX99
uni_v2,IDC,random_matched,0,4.0,4.0,12094,20761,4,0.8086605668067932,0.7075909445248544,0.15-0.23;0.23-0.30;0.30-0.40,True,True,NCBI783;NCBI785;TENX95;TENX99
uni_v2,IDC,blocked,0,4.0,6.0,14222,21314,4,0.7923434972763062,0.6818496126309038,0.15-0.23;0.23-0.30;0.30-0.40,True,True,NCBI783;NCBI785;TENX95;TENX99
uni_v2,IDC,blocked_buffered,0,4.0,6.0,10991,21314,4,0.78729248046875,0.6739702171087265,0.15-0.23;0.23-0.30;0.30-0.40,True,True,NCBI783;NCBI785;TENX95;TENX99
uni_v2,IDC,blocked_matched,0,4.0,6.0,10991,21314,4,0.7910438776016235,0.6803538450133055,0.15-0.23;0.23-0.30;0.30-0.40,True,True,NCBI783;NCBI785;TENX95;TENX99
uni_v2,IDC,random_matched,0,4.0,6.0,10991,20761,4,0.8082985877990723,0.7070830084942281,0.15-0.23;0.23-0.30;0.30-0.40,True,True,NCBI783;NCBI785;TENX95;TENX99
uni_v2,IDC,blocked,0,4.0,10.0,14632,20904,4,0.7984439134597778,0.6916408831160515,0.15-0.23;0.23-0.30;0.30-0.40,True,True,NCBI783;NCBI785;TENX95;TENX99
uni_v2,IDC,blocked_buffered,0,4.0,10.0,8631,20904,4,0.7877134084701538,0.6743360879458488,0.15-0.23;0.23-0.30;0.30-0.40,True,True,NCBI783;NCBI785;TENX95;TENX99
uni_v2,IDC,blocked_matched,0,4.0,10.0,8631,20904,4,0.7958722710609436,0.6888759397622198,0.15-0.23;0.23-0.30;0.30-0.40,True,True,NCBI783;NCBI785;TENX95;TENX99
uni_v2,IDC,random_matched,0,4.0,10.0,8631,20761,4,0.8066310286521912,0.7053092245198787,0.15-0.23;0.23-0.30;0.30-0.40,True,True,NCBI783;NCBI785;TENX95;TENX99
uni_v2,IDC,patient,1,,,27776,7760,1,0.6368738412857056,0.6368738886713982,0.15-0.23,True,True,TENX95
uni_v2,IDC,random,1,0.0,,27776,7760,4,0.8095691800117493,0.7091588557884096,0.15-0.23;0.23-0.30;0.30-0.40,True,True,NCBI783;NCBI785;TENX95;TENX99
uni_v2,IDC,blocked,1,0.0,4.0,26216,9320,4,0.7777498364448547,0.6703188050910831,0.15-0.23;0.23-0.30;0.30-0.40,True,True,NCBI783;NCBI785;TENX95;TENX99
uni_v2,IDC,blocked_buffered,1,0.0,4.0,24604,9320,4,0.773367166519165,0.6648702157288789,0.15-0.23;0.23-0.30;0.30-0.40,True,True,NCBI783;NCBI785;TENX95;TENX99
uni_v2,IDC,blocked_matched,1,0.0,4.0,24604,9320,4,0.7775360345840454,0.669922699443996,0.15-0.23;0.23-0.30;0.30-0.40,True,True,NCBI783;NCBI785;TENX95;TENX99
uni_v2,IDC,random_matched,1,0.0,4.0,24604,7760,4,0.8092639446258545,0.7086773318238557,0.15-0.23;0.23-0.30;0.30-0.40,True,True,NCBI783;NCBI785;TENX95;TENX99
uni_v2,IDC,blocked,1,0.0,6.0,27229,8307,4,0.8035132884979248,0.6941230048052965,0.15-0.23;0.23-0.30;0.30-0.40,True,True,NCBI783;NCBI785;TENX95;TENX99
uni_v2,IDC,blocked_buffered,1,0.0,6.0,24259,8307,4,0.8003214001655579,0.6886253239633516,0.15-0.23;0.23-0.30;0.30-0.40,True,True,NCBI783;NCBI785;TENX95;TENX99
uni_v2,IDC,blocked_matched,1,0.0,6.0,24259,8307,4,0.8031784296035767,0.6932928605750204,0.15-0.23;0.23-0.30;0.30-0.40,True,True,NCBI783;NCBI785;TENX95;TENX99
uni_v2,IDC,random_matched,1,0.0,6.0,24259,7760,4,0.8092221617698669,0.7086550954915584,0.15-0.23;0.23-0.30;0.30-0.40,True,True,NCBI783;NCBI785;TENX95;TENX99
uni_v2,IDC,blocked,1,0.0,10.0,27603,7933,4,0.7894842624664307,0.6845159086957574,0.15-0.23;0.23-0.30;0.30-0.40,True,True,NCBI783;NCBI785;TENX95;TENX99
uni_v2,IDC,blocked_buffered,1,0.0,10.0,23406,7933,4,0.7855900526046753,0.6782604121603071,0.15-0.23;0.23-0.30;0.30-0.40,True,True,NCBI783;NCBI785;TENX95;TENX99
uni_v2,IDC,blocked_matched,1,0.0,10.0,23406,7933,4,0.7891053557395935,0.6837690684758126,0.15-0.23;0.23-0.30;0.30-0.40,True,True,NCBI783;NCBI785;TENX95;TENX99
uni_v2,IDC,random_matched,1,0.0,10.0,23406,7760,4,0.8091645836830139,0.7084760666638613,0.15-0.23;0.23-0.30;0.30-0.40,True,True,NCBI783;NCBI785;TENX95;TENX99
uni_v2,IDC,random,1,1.0,,27776,7760,4,0.8120031952857971,0.7109891242906451,0.15-0.23;0.23-0.30;0.30-0.40,True,True,NCBI783;NCBI785;TENX95;TENX99
uni_v2,IDC,blocked,1,1.0,4.0,26595,8941,4,0.7915079593658447,0.6925557111483067,0.15-0.23;0.23-0.30;0.30-0.40,True,True,NCBI783;NCBI785;TENX95;TENX99
uni_v2,IDC,blocked_buffered,1,1.0,4.0,24577,8941,4,0.7884995937347412,0.6883267363905907,0.15-0.23;0.23-0.30;0.30-0.40,True,True,NCBI783;NCBI785;TENX95;TENX99
uni_v2,IDC,blocked_matched,1,1.0,4.0,24577,8941,4,0.7914454936981201,0.6925833575986327,0.15-0.23;0.23-0.30;0.30-0.40,True,True,NCBI783;NCBI785;TENX95;TENX99
uni_v2,IDC,random_matched,1,1.0,4.0,24577,7760,4,0.8118066191673279,0.7107977971620858,0.15-0.23;0.23-0.30;0.30-0.40,True,True,NCBI783;NCBI785;TENX95;TENX99
uni_v2,IDC,blocked,1,1.0,6.0,27316,8220,4,0.8039642572402954,0.6933703473769128,0.15-0.23;0.23-0.30;0.30-0.40,True,True,NCBI783;NCBI785;TENX95;TENX99
uni_v2,IDC,blocked_buffered,1,1.0,6.0,24835,8220,4,0.7995621562004089,0.6862704804632813,0.15-0.23;0.23-0.30;0.30-0.40,True,True,NCBI783;NCBI785;TENX95;TENX99
uni_v2,IDC,blocked_matched,1,1.0,6.0,24835,8220,4,0.8035736680030823,0.6928522294573486,0.15-0.23;0.23-0.30;0.30-0.40,True,True,NCBI783;NCBI785;TENX95;TENX99
uni_v2,IDC,random_matched,1,1.0,6.0,24835,7760,4,0.8116272687911987,0.7104333743266761,0.15-0.23;0.23-0.30;0.30-0.40,True,True,NCBI783;NCBI785;TENX95;TENX99
uni_v2,IDC,blocked,1,1.0,10.0,27533,8003,4,0.8085160255432129,0.698033174626762,0.15-0.23;0.23-0.30;0.30-0.40,True,True,NCBI783;NCBI785;TENX95;TENX99
uni_v2,IDC,blocked_buffered,1,1.0,10.0,22813,8003,4,0.8033890724182129,0.6897439045039937,0.15-0.23;0.23-0.30;0.30-0.40,True,True,NCBI783;NCBI785;TENX95;TENX99
uni_v2,IDC,blocked_matched,1,1.0,10.0,22813,8003,4,0.8077250719070435,0.6970013601612299,0.15-0.23;0.23-0.30;0.30-0.40,True,True,NCBI783;NCBI785;TENX95;TENX99
uni_v2,IDC,random_matched,1,1.0,10.0,22813,7760,4,0.8116539716720581,0.7105543857254087,0.15-0.23;0.23-0.30;0.30-0.40,True,True,NCBI783;NCBI785;TENX95;TENX99
uni_v2,IDC,random,1,2.0,,27776,7760,4,0.8134381771087646,0.7130180904641747,0.15-0.23;0.23-0.30;0.30-0.40,True,True,NCBI783;NCBI785;TENX95;TENX99
uni_v2,IDC,blocked,1,2.0,4.0,26391,9145,4,0.7676764130592346,0.6489377093082294,0.15-0.23;0.23-0.30;0.30-0.40,True,True,NCBI783;NCBI785;TENX95;TENX99
uni_v2,IDC,blocked_buffered,1,2.0,4.0,24787,9145,4,0.7647309899330139,0.6448167773801833,0.15-0.23;0.23-0.30;0.30-0.40,True,True,NCBI783;NCBI785;TENX95;TENX99
uni_v2,IDC,blocked_matched,1,2.0,4.0,24787,9145,4,0.7673133611679077,0.648562892859336,0.15-0.23;0.23-0.30;0.30-0.40,True,True,NCBI783;NCBI785;TENX95;TENX99
uni_v2,IDC,random_matched,1,2.0,4.0,24787,7760,4,0.8131492137908936,0.7125187271833421,0.15-0.23;0.23-0.30;0.30-0.40,True,True,NCBI783;NCBI785;TENX95;TENX99
uni_v2,IDC,blocked,1,2.0,6.0,27079,8457,4,0.7892028093338013,0.6735249299323186,0.15-0.23;0.23-0.30;0.30-0.40,True,True,NCBI783;NCBI785;TENX95;TENX99
uni_v2,IDC,blocked_buffered,1,2.0,6.0,24275,8457,4,0.785298764705658,0.6682045389898121,0.15-0.23;0.23-0.30;0.30-0.40,True,True,NCBI783;NCBI785;TENX95;TENX99
uni_v2,IDC,blocked_matched,1,2.0,6.0,24275,8457,4,0.7889886498451233,0.6736318178405054,0.15-0.23;0.23-0.30;0.30-0.40,True,True,NCBI783;NCBI785;TENX95;TENX99
uni_v2,IDC,random_matched,1,2.0,6.0,24275,7760,4,0.8132743239402771,0.7130387335643172,0.15-0.23;0.23-0.30;0.30-0.40,True,True,NCBI783;NCBI785;TENX95;TENX99
uni_v2,IDC,blocked,1,2.0,10.0,27543,7993,4,0.7941210865974426,0.6917896476015449,0.15-0.23;0.23-0.30;0.30-0.40,True,True,NCBI783;NCBI785;TENX95;TENX99
uni_v2,IDC,blocked_buffered,1,2.0,10.0,23040,7993,4,0.78955078125,0.6848012190312147,0.15-0.23;0.23-0.30;0.30-0.40,True,True,NCBI783;NCBI785;TENX95;TENX99
uni_v2,IDC,blocked_matched,1,2.0,10.0,23040,7993,4,0.7936885952949524,0.6913697719201446,0.15-0.23;0.23-0.30;0.30-0.40,True,True,NCBI783;NCBI785;TENX95;TENX99
uni_v2,IDC,random_matched,1,2.0,10.0,23040,7760,4,0.8130362033843994,0.7124116920307278,0.15-0.23;0.23-0.30;0.30-0.40,True,True,NCBI783;NCBI785;TENX95;TENX99
uni_v2,IDC,random,1,3.0,,27776,7760,4,0.811164915561676,0.711830206848681,0.15-0.23;0.23-0.30;0.30-0.40,True,True,NCBI783;NCBI785;TENX95;TENX99
uni_v2,IDC,blocked,1,3.0,4.0,26578,8958,4,0.7860719561576843,0.6692372518405318,0.15-0.23;0.23-0.30;0.30-0.40,True,True,NCBI783;NCBI785;TENX95;TENX99
uni_v2,IDC,blocked_buffered,1,3.0,4.0,24670,8958,4,0.782514214515686,0.6634616916626691,0.15-0.23;0.23-0.30;0.30-0.40,True,True,NCBI783;NCBI785;TENX95;TENX99
uni_v2,IDC,blocked_matched,1,3.0,4.0,24670,8958,4,0.7858130931854248,0.668962983302772,0.15-0.23;0.23-0.30;0.30-0.40,True,True,NCBI783;NCBI785;TENX95;TENX99
uni_v2,IDC,random_matched,1,3.0,4.0,24670,7760,4,0.8108125329017639,0.7110226315818726,0.15-0.23;0.23-0.30;0.30-0.40,True,True,NCBI783;NCBI785;TENX95;TENX99
uni_v2,IDC,blocked,1,3.0,6.0,27397,8139,4,0.7914758920669556,0.6744827384501696,0.15-0.23;0.23-0.30;0.30-0.40,True,True,NCBI783;NCBI785;TENX95;TENX99
uni_v2,IDC,blocked_buffered,1,3.0,6.0,25164,8139,4,0.7877445816993713,0.670186854545027,0.15-0.23;0.23-0.30;0.30-0.40,True,True,NCBI783;NCBI785;TENX95;TENX99
uni_v2,IDC,blocked_matched,1,3.0,6.0,25164,8139,4,0.7913402318954468,0.6745140126720071,0.15-0.23;0.23-0.30;0.30-0.40,True,True,NCBI783;NCBI785;TENX95;TENX99
uni_v2,IDC,random_matched,1,3.0,6.0,25164,7760,4,0.8109992146492004,0.7113942637108266,0.15-0.23;0.23-0.30;0.30-0.40,True,True,NCBI783;NCBI785;TENX95;TENX99
uni_v2,IDC,blocked,1,3.0,10.0,27533,8003,4,0.8033469319343567,0.6954534767032601,0.15-0.23;0.23-0.30;0.30-0.40,True,True,NCBI783;NCBI785;TENX95;TENX99
uni_v2,IDC,blocked_buffered,1,3.0,10.0,22986,8003,4,0.7983114123344421,0.6880878502805717,0.15-0.23;0.23-0.30;0.30-0.40,True,True,NCBI783;NCBI785;TENX95;TENX99
uni_v2,IDC,blocked_matched,1,3.0,10.0,22986,8003,4,0.8024532794952393,0.6941567432903686,0.15-0.23;0.23-0.30;0.30-0.40,True,True,NCBI783;NCBI785;TENX95;TENX99
uni_v2,IDC,random_matched,1,3.0,10.0,22986,7760,4,0.8108159899711609,0.7113701790943742,0.15-0.23;0.23-0.30;0.30-0.40,True,True,NCBI783;NCBI785;TENX95;TENX99
uni_v2,IDC,random,1,4.0,,27776,7760,4,0.8124826550483704,0.7134119624644518,0.15-0.23;0.23-0.30;0.30-0.40,True,True,NCBI783;NCBI785;TENX95;TENX99
uni_v2,IDC,blocked,1,4.0,4.0,26775,8761,4,0.7937772870063782,0.6917059341864661,0.15-0.23;0.23-0.30;0.30-0.40,True,True,NCBI783;NCBI785;TENX95;TENX99
uni_v2,IDC,blocked_buffered,1,4.0,4.0,25007,8761,4,0.7883298993110657,0.6858472003787757,0.15-0.23;0.23-0.30;0.30-0.40,True,True,NCBI783;NCBI785;TENX95;TENX99
uni_v2,IDC,blocked_matched,1,4.0,4.0,25007,8761,4,0.793260395526886,0.6907153756823391,0.15-0.23;0.23-0.30;0.30-0.40,True,True,NCBI783;NCBI785;TENX95;TENX99
uni_v2,IDC,random_matched,1,4.0,4.0,25007,7760,4,0.8122866749763489,0.713233752027154,0.15-0.23;0.23-0.30;0.30-0.40,True,True,NCBI783;NCBI785;TENX95;TENX99
uni_v2,IDC,blocked,1,4.0,6.0,27234,8302,4,0.7784258127212524,0.6651450000377372,0.15-0.23;0.23-0.30;0.30-0.40,True,True,NCBI783;NCBI785;TENX95;TENX99
uni_v2,IDC,blocked_buffered,1,4.0,6.0,24715,8302,4,0.77436363697052,0.659032142793294,0.15-0.23;0.23-0.30;0.30-0.40,True,True,NCBI783;NCBI785;TENX95;TENX99
uni_v2,IDC,blocked_matched,1,4.0,6.0,24715,8302,4,0.7785148620605469,0.6654748464934528,0.15-0.23;0.23-0.30;0.30-0.40,True,True,NCBI783;NCBI785;TENX95;TENX99
uni_v2,IDC,random_matched,1,4.0,6.0,24715,7760,4,0.8122826218605042,0.7130976722016931,0.15-0.23;0.23-0.30;0.30-0.40,True,True,NCBI783;NCBI785;TENX95;TENX99
uni_v2,IDC,blocked,1,4.0,10.0,27603,7933,4,0.8045616745948792,0.7028955899178981,0.15-0.23;0.23-0.30;0.30-0.40,True,True,NCBI783;NCBI785;TENX95;TENX99
uni_v2,IDC,blocked_buffered,1,4.0,10.0,22929,7933,4,0.8004979491233826,0.6963315206207336,0.15-0.23;0.23-0.30;0.30-0.40,True,True,NCBI783;NCBI785;TENX95;TENX99
uni_v2,IDC,blocked_matched,1,4.0,10.0,22929,7933,4,0.8040278553962708,0.7020006530359387,0.15-0.23;0.23-0.30;0.30-0.40,True,True,NCBI783;NCBI785;TENX95;TENX99
uni_v2,IDC,random_matched,1,4.0,10.0,22929,7760,4,0.8119990825653076,0.7126160410046577,0.15-0.23;0.23-0.30;0.30-0.40,True,True,NCBI783;NCBI785;TENX95;TENX99
uni_v2,IDC,patient,2,,,31526,4010,1,0.5597752928733826,0.5597753062099219,0.30-0.40,False,False,NCBI785
uni_v2,IDC,random,2,0.0,,31526,4010,4,0.8122954368591309,0.7103842866420746,0.15-0.23;0.23-0.30;0.30-0.40,True,True,NCBI783;NCBI785;TENX95;TENX99
uni_v2,IDC,blocked,2,0.0,4.0,30690,4846,4,0.7815296053886414,0.6819402531883679,0.15-0.23;0.23-0.30;0.30-0.40,True,True,NCBI783;NCBI785;TENX95;TENX99
uni_v2,IDC,blocked_buffered,2,0.0,4.0,29369,4846,4,0.778475821018219,0.6778330127848313,0.15-0.23;0.23-0.30;0.30-0.40,True,True,NCBI783;NCBI785;TENX95;TENX99
uni_v2,IDC,blocked_matched,2,0.0,4.0,29369,4846,4,0.7814075350761414,0.6817026804655325,0.15-0.23;0.23-0.30;0.30-0.40,True,True,NCBI783;NCBI785;TENX95;TENX99
uni_v2,IDC,random_matched,2,0.0,4.0,29369,4010,4,0.81212317943573,0.7101873624324798,0.15-0.23;0.23-0.30;0.30-0.40,True,True,NCBI783;NCBI785;TENX95;TENX99
uni_v2,IDC,blocked,2,0.0,6.0,30787,4749,4,0.8149760365486145,0.70608722101897,0.15-0.23;0.23-0.30;0.30-0.40,True,True,NCBI783;NCBI785;TENX95;TENX99
uni_v2,IDC,blocked_buffered,2,0.0,6.0,28855,4749,4,0.8111182451248169,0.7007884781248868,0.15-0.23;0.23-0.30;0.30-0.40,True,True,NCBI783;NCBI785;TENX95;TENX99
uni_v2,IDC,blocked_matched,2,0.0,6.0,28855,4749,4,0.814873456954956,0.7060480843484402,0.15-0.23;0.23-0.30;0.30-0.40,True,True,NCBI783;NCBI785;TENX95;TENX99
uni_v2,IDC,random_matched,2,0.0,6.0,28855,4010,4,0.8120974898338318,0.7098913484439254,0.15-0.23;0.23-0.30;0.30-0.40,True,True,NCBI783;NCBI785;TENX95;TENX99
uni_v2,IDC,blocked,2,0.0,10.0,31372,4164,4,0.784250020980835,0.680385519824922,0.15-0.23;0.23-0.30;0.30-0.40,True,True,NCBI783;NCBI785;TENX95;TENX99
uni_v2,IDC,blocked_buffered,2,0.0,10.0,28571,4164,4,0.7806808352470398,0.6753266936913133,0.15-0.23;0.23-0.30;0.30-0.40,True,True,NCBI783;NCBI785;TENX95;TENX99
uni_v2,IDC,blocked_matched,2,0.0,10.0,28571,4164,4,0.7839856147766113,0.6799291099049151,0.15-0.23;0.23-0.30;0.30-0.40,True,True,NCBI783;NCBI785;TENX95;TENX99
uni_v2,IDC,random_matched,2,0.0,10.0,28571,4010,4,0.812099814414978,0.7101341458037496,0.15-0.23;0.23-0.30;0.30-0.40,True,True,NCBI783;NCBI785;TENX95;TENX99
uni_v2,IDC,random,2,1.0,,31526,4010,4,0.8136683702468872,0.7095566710643469,0.15-0.23;0.23-0.30;0.30-0.40,True,True,NCBI783;NCBI785;TENX95;TENX99
uni_v2,IDC,blocked,2,1.0,4.0,30531,5005,4,0.7967796325683594,0.6480038693547249,0.15-0.23;0.23-0.30;0.30-0.40,True,True,NCBI783;NCBI785;TENX95;TENX99
uni_v2,IDC,blocked_buffered,2,1.0,4.0,29442,5005,4,0.7932111620903015,0.6435952572943643,0.15-0.23;0.23-0.30;0.30-0.40,True,True,NCBI783;NCBI785;TENX95;TENX99
uni_v2,IDC,blocked_matched,2,1.0,4.0,29442,5005,4,0.7966034412384033,0.6478621323453262,0.15-0.23;0.23-0.30;0.30-0.40,True,True,NCBI783;NCBI785;TENX95;TENX99
uni_v2,IDC,random_matched,2,1.0,4.0,29442,4010,4,0.813483476638794,0.7092103223316372,0.15-0.23;0.23-0.30;0.30-0.40,True,True,NCBI783;NCBI785;TENX95;TENX99
uni_v2,IDC,blocked,2,1.0,6.0,30948,4588,4,0.7897579073905945,0.678184821791947,0.15-0.23;0.23-0.30;0.30-0.40,True,True,NCBI783;NCBI785;TENX95;TENX99
uni_v2,IDC,blocked_buffered,2,1.0,6.0,29354,4588,4,0.787329912185669,0.6755393423885108,0.15-0.23;0.23-0.30;0.30-0.40,True,True,NCBI783;NCBI785;TENX95;TENX99
uni_v2,IDC,blocked_matched,2,1.0,6.0,29354,4588,4,0.7896400690078735,0.6779521442577243,0.15-0.23;0.23-0.30;0.30-0.40,True,True,NCBI783;NCBI785;TENX95;TENX99
uni_v2,IDC,random_matched,2,1.0,6.0,29354,4010,4,0.8134395480155945,0.7094561242312192,0.15-0.23;0.23-0.30;0.30-0.40,True,True,NCBI783;NCBI785;TENX95;TENX99
uni_v2,IDC,blocked,2,1.0,10.0,31385,4151,4,0.7905617356300354,0.6746926641091705,0.15-0.23;0.23-0.30;0.30-0.40,True,True,NCBI783;NCBI785;TENX95;TENX99
uni_v2,IDC,blocked_buffered,2,1.0,10.0,28365,4151,4,0.7869132161140442,0.6698828467540443,0.15-0.23;0.23-0.30;0.30-0.40,True,True,NCBI783;NCBI785;TENX95;TENX99
uni_v2,IDC,blocked_matched,2,1.0,10.0,28365,4151,4,0.7902810573577881,0.6744825576618314,0.15-0.23;0.23-0.30;0.30-0.40,True,True,NCBI783;NCBI785;TENX95;TENX99
uni_v2,IDC,random_matched,2,1.0,10.0,28365,4010,4,0.8134700655937195,0.7091047216206788,0.15-0.23;0.23-0.30;0.30-0.40,True,True,NCBI783;NCBI785;TENX95;TENX99
uni_v2,IDC,random,2,2.0,,31526,4010,4,0.8042173981666565,0.7054268889687956,0.15-0.23;0.23-0.30;0.30-0.40,True,True,NCBI783;NCBI785;TENX95;TENX99
uni_v2,IDC,blocked,2,2.0,4.0,31075,4461,4,0.802813708782196,0.6839189233258366,0.15-0.23;0.23-0.30;0.30-0.40,True,True,NCBI783;NCBI785;TENX95;TENX99
uni_v2,IDC,blocked_buffered,2,2.0,4.0,29856,4461,4,0.8003168702125549,0.6798918938264251,0.15-0.23;0.23-0.30;0.30-0.40,True,True,NCBI783;NCBI785;TENX95;TENX99
uni_v2,IDC,blocked_matched,2,2.0,4.0,29856,4461,4,0.8028954267501831,0.6839761148393155,0.15-0.23;0.23-0.30;0.30-0.40,True,True,NCBI783;NCBI785;TENX95;TENX99
uni_v2,IDC,random_matched,2,2.0,4.0,29856,4010,4,0.8039422035217285,0.7049595673754812,0.15-0.23;0.23-0.30;0.30-0.40,True,True,NCBI783;NCBI785;TENX95;TENX99
uni_v2,IDC,blocked,2,2.0,6.0,31398,4138,4,0.7982479333877563,0.707697842726484,0.15-0.23;0.23-0.30;0.30-0.40,True,True,NCBI783;NCBI785;TENX95;TENX99
uni_v2,IDC,blocked_buffered,2,2.0,6.0,29839,4138,4,0.7956395745277405,0.704070736002177,0.15-0.23;0.23-0.30;0.30-0.40,True,True,NCBI783;NCBI785;TENX95;TENX99
uni_v2,IDC,blocked_matched,2,2.0,6.0,29839,4138,4,0.7980324029922485,0.7070868266373873,0.15-0.23;0.23-0.30;0.30-0.40,True,True,NCBI783;NCBI785;TENX95;TENX99
uni_v2,IDC,random_matched,2,2.0,6.0,29839,4010,4,0.8040673732757568,0.7051627251133322,0.15-0.23;0.23-0.30;0.30-0.40,True,True,NCBI783;NCBI785;TENX95;TENX99
uni_v2,IDC,blocked,2,2.0,10.0,31332,4204,4,0.7993552684783936,0.6923933927807957,0.15-0.23;0.23-0.30;0.30-0.40,True,True,NCBI783;NCBI785;TENX95;TENX99
uni_v2,IDC,blocked_buffered,2,2.0,10.0,28439,4204,4,0.7954202890396118,0.6872439666604624,0.15-0.23;0.23-0.30;0.30-0.40,True,True,NCBI783;NCBI785;TENX95;TENX99
uni_v2,IDC,blocked_matched,2,2.0,10.0,28439,4204,4,0.7991316914558411,0.6922492257133126,0.15-0.23;0.23-0.30;0.30-0.40,True,True,NCBI783;NCBI785;TENX95;TENX99
uni_v2,IDC,random_matched,2,2.0,10.0,28439,4010,4,0.8041141033172607,0.705501732826233,0.15-0.23;0.23-0.30;0.30-0.40,True,True,NCBI783;NCBI785;TENX95;TENX99
uni_v2,IDC,random,2,3.0,,31526,4010,4,0.8123236894607544,0.7118725204654038,0.15-0.23;0.23-0.30;0.30-0.40,True,True,NCBI783;NCBI785;TENX95;TENX99
uni_v2,IDC,blocked,2,3.0,4.0,31083,4453,4,0.7985970973968506,0.6818252090178429,0.15-0.23;0.23-0.30;0.30-0.40,True,True,NCBI783;NCBI785;TENX95;TENX99
uni_v2,IDC,blocked_buffered,2,3.0,4.0,29758,4453,4,0.7954084873199463,0.6770670620212331,0.15-0.23;0.23-0.30;0.30-0.40,True,True,NCBI783;NCBI785;TENX95;TENX99
uni_v2,IDC,blocked_matched,2,3.0,4.0,29758,4453,4,0.7985653877258301,0.6819802109012381,0.15-0.23;0.23-0.30;0.30-0.40,True,True,NCBI783;NCBI785;TENX95;TENX99
uni_v2,IDC,random_matched,2,3.0,4.0,29758,4010,4,0.8121106624603271,0.7113954120874406,0.15-0.23;0.23-0.30;0.30-0.40,True,True,NCBI783;NCBI785;TENX95;TENX99
uni_v2,IDC,blocked,2,3.0,6.0,31117,4419,4,0.8096686005592346,0.6949609207548201,0.15-0.23;0.23-0.30;0.30-0.40,True,True,NCBI783;NCBI785;TENX95;TENX99
uni_v2,IDC,blocked_buffered,2,3.0,6.0,29406,4419,4,0.8073933124542236,0.6914535060897469,0.15-0.23;0.23-0.30;0.30-0.40,True,True,NCBI783;NCBI785;TENX95;TENX99
uni_v2,IDC,blocked_matched,2,3.0,6.0,29406,4419,4,0.8095297813415527,0.6948809548467397,0.15-0.23;0.23-0.30;0.30-0.40,True,True,NCBI783;NCBI785;TENX95;TENX99
uni_v2,IDC,random_matched,2,3.0,6.0,29406,4010,4,0.812339723110199,0.7118186225555837,0.15-0.23;0.23-0.30;0.30-0.40,True,True,NCBI783;NCBI785;TENX95;TENX99
uni_v2,IDC,blocked,2,3.0,10.0,31390,4146,4,0.8082100749015808,0.68147457662737,0.15-0.23;0.23-0.30;0.30-0.40,True,True,NCBI783;NCBI785;TENX95;TENX99
uni_v2,IDC,blocked_buffered,2,3.0,10.0,28454,4146,4,0.8043765425682068,0.6759625743376091,0.15-0.23;0.23-0.30;0.30-0.40,True,True,NCBI783;NCBI785;TENX95;TENX99
uni_v2,IDC,blocked_matched,2,3.0,10.0,28454,4146,4,0.8080090880393982,0.6812405268149451,0.15-0.23;0.23-0.30;0.30-0.40,True,True,NCBI783;NCBI785;TENX95;TENX99
uni_v2,IDC,random_matched,2,3.0,10.0,28454,4010,4,0.8119895458221436,0.7114183169417083,0.15-0.23;0.23-0.30;0.30-0.40,True,True,NCBI783;NCBI785;TENX95;TENX99
uni_v2,IDC,random,2,4.0,,31526,4010,4,0.8101803064346313,0.709185474384576,0.15-0.23;0.23-0.30;0.30-0.40,True,True,NCBI783;NCBI785;TENX95;TENX99
uni_v2,IDC,blocked,2,4.0,4.0,30755,4781,4,0.805042028427124,0.694633757416159,0.15-0.23;0.23-0.30;0.30-0.40,True,True,NCBI783;NCBI785;TENX95;TENX99
uni_v2,IDC,blocked_buffered,2,4.0,4.0,29743,4781,4,0.8025248050689697,0.6910125188529491,0.15-0.23;0.23-0.30;0.30-0.40,True,True,NCBI783;NCBI785;TENX95;TENX99
uni_v2,IDC,blocked_matched,2,4.0,4.0,29743,4781,4,0.8050973415374756,0.6946351652126759,0.15-0.23;0.23-0.30;0.30-0.40,True,True,NCBI783;NCBI785;TENX95;TENX99
uni_v2,IDC,random_matched,2,4.0,4.0,29743,4010,4,0.8100295066833496,0.7089830470643937,0.15-0.23;0.23-0.30;0.30-0.40,True,True,NCBI783;NCBI785;TENX95;TENX99
uni_v2,IDC,blocked,2,4.0,6.0,30927,4609,4,0.8177146911621094,0.6910760099254549,0.15-0.23;0.23-0.30;0.30-0.40,True,True,NCBI783;NCBI785;TENX95;TENX99
uni_v2,IDC,blocked_buffered,2,4.0,6.0,28962,4609,4,0.8152891397476196,0.687376958783716,0.15-0.23;0.23-0.30;0.30-0.40,True,True,NCBI783;NCBI785;TENX95;TENX99
uni_v2,IDC,blocked_matched,2,4.0,6.0,28962,4609,4,0.8174930810928345,0.6908132974244654,0.15-0.23;0.23-0.30;0.30-0.40,True,True,NCBI783;NCBI785;TENX95;TENX99
uni_v2,IDC,random_matched,2,4.0,6.0,28962,4010,4,0.8100327849388123,0.7088151973579078,0.15-0.23;0.23-0.30;0.30-0.40,True,True,NCBI783;NCBI785;TENX95;TENX99
uni_v2,IDC,blocked,2,4.0,10.0,31312,4224,4,0.8058833479881287,0.6927366431429982,0.15-0.23;0.23-0.30;0.30-0.40,True,True,NCBI783;NCBI785;TENX95;TENX99
uni_v2,IDC,blocked_buffered,2,4.0,10.0,28258,4224,4,0.8024095296859741,0.6872687049582601,0.15-0.23;0.23-0.30;0.30-0.40,True,True,NCBI783;NCBI785;TENX95;TENX99
uni_v2,IDC,blocked_matched,2,4.0,10.0,28258,4224,4,0.8056080341339111,0.6924126154184341,0.15-0.23;0.23-0.30;0.30-0.40,True,True,NCBI783;NCBI785;TENX95;TENX99
uni_v2,IDC,random_matched,2,4.0,10.0,28258,4010,4,0.8098406791687012,0.7088121290598064,0.15-0.23;0.23-0.30;0.30-0.40,True,True,NCBI783;NCBI785;TENX95;TENX99
uni_v2,IDC,patient,3,,,32531,3005,1,0.6887449622154236,0.6887449300289155,0.23-0.30,False,False,NCBI783
uni_v2,IDC,random,3,0.0,,32531,3005,4,0.8070225715637207,0.706765859760344,0.15-0.23;0.23-0.30;0.30-0.40,True,True,NCBI783;NCBI785;TENX95;TENX99
uni_v2,IDC,blocked,3,0.0,4.0,31249,4287,4,0.8107324242591858,0.6840213236259296,0.15-0.23;0.23-0.30;0.30-0.40,True,True,NCBI783;NCBI785;TENX95;TENX99
uni_v2,IDC,blocked_buffered,3,0.0,4.0,30325,4287,4,0.8076934218406677,0.6805574313364923,0.15-0.23;0.23-0.30;0.30-0.40,True,True,NCBI783;NCBI785;TENX95;TENX99
uni_v2,IDC,blocked_matched,3,0.0,4.0,30325,4287,4,0.8107141256332397,0.6839505055872723,0.15-0.23;0.23-0.30;0.30-0.40,True,True,NCBI783;NCBI785;TENX95;TENX99
uni_v2,IDC,random_matched,3,0.0,4.0,30325,3005,4,0.8068836331367493,0.7065165853500367,0.15-0.23;0.23-0.30;0.30-0.40,True,True,NCBI783;NCBI785;TENX95;TENX99
uni_v2,IDC,blocked,3,0.0,6.0,32349,3187,4,0.7993730902671814,0.6863623144477606,0.15-0.23;0.23-0.30;0.30-0.40,True,True,NCBI783;NCBI785;TENX95;TENX99
uni_v2,IDC,blocked_buffered,3,0.0,6.0,30930,3187,4,0.7965714335441589,0.6833239874243736,0.15-0.23;0.23-0.30;0.30-0.40,True,True,NCBI783;NCBI785;TENX95;TENX99
uni_v2,IDC,blocked_matched,3,0.0,6.0,30930,3187,4,0.7993475198745728,0.6863127206079662,0.15-0.23;0.23-0.30;0.30-0.40,True,True,NCBI783;NCBI785;TENX95;TENX99
uni_v2,IDC,random_matched,3,0.0,6.0,30930,3005,4,0.8068339824676514,0.7063907783478498,0.15-0.23;0.23-0.30;0.30-0.40,True,True,NCBI783;NCBI785;TENX95;TENX99
uni_v2,IDC,blocked,3,0.0,10.0,32334,3202,4,0.8142988681793213,0.7051632015407086,0.15-0.23;0.23-0.30;0.30-0.40,True,True,NCBI783;NCBI785;TENX95;TENX99
uni_v2,IDC,blocked_buffered,3,0.0,10.0,30050,3202,4,0.8107871413230896,0.700858477242291,0.15-0.23;0.23-0.30;0.30-0.40,True,True,NCBI783;NCBI785;TENX95;TENX99
uni_v2,IDC,blocked_matched,3,0.0,10.0,30050,3202,4,0.814197301864624,0.705224323272705,0.15-0.23;0.23-0.30;0.30-0.40,True,True,NCBI783;NCBI785;TENX95;TENX99
uni_v2,IDC,random_matched,3,0.0,10.0,30050,3005,4,0.8068186044692993,0.7065423402935267,0.15-0.23;0.23-0.30;0.30-0.40,True,True,NCBI783;NCBI785;TENX95;TENX99
uni_v2,IDC,random,3,1.0,,32531,3005,4,0.8095570206642151,0.7081367060542108,0.15-0.23;0.23-0.30;0.30-0.40,True,True,NCBI783;NCBI785;TENX95;TENX99
uni_v2,IDC,blocked,3,1.0,4.0,30900,4636,4,0.789577841758728,0.6749589003250003,0.15-0.23;0.23-0.30;0.30-0.40,True,True,NCBI783;NCBI785;TENX95;TENX99
uni_v2,IDC,blocked_buffered,3,1.0,4.0,29740,4636,4,0.78696608543396,0.6721105953026563,0.15-0.23;0.23-0.30;0.30-0.40,True,True,NCBI783;NCBI785;TENX95;TENX99
uni_v2,IDC,blocked_matched,3,1.0,4.0,29740,4636,4,0.7894384264945984,0.6746991993673146,0.15-0.23;0.23-0.30;0.30-0.40,True,True,NCBI783;NCBI785;TENX95;TENX99
uni_v2,IDC,random_matched,3,1.0,4.0,29740,3005,4,0.8094571828842163,0.7079098184313625,0.15-0.23;0.23-0.30;0.30-0.40,True,True,NCBI783;NCBI785;TENX95;TENX99
uni_v2,IDC,blocked,3,1.0,6.0,32056,3480,4,0.8239632248878479,0.6847917678952217,0.15-0.23;0.23-0.30;0.30-0.40,True,True,NCBI783;NCBI785;TENX95;TENX99
uni_v2,IDC,blocked_buffered,3,1.0,6.0,30612,3480,4,0.821013867855072,0.6804586515203118,0.15-0.23;0.23-0.30;0.30-0.40,True,True,NCBI783;NCBI785;TENX95;TENX99
uni_v2,IDC,blocked_matched,3,1.0,6.0,30612,3480,4,0.8239188194274902,0.6846357345953584,0.15-0.23;0.23-0.30;0.30-0.40,True,True,NCBI783;NCBI785;TENX95;TENX99
uni_v2,IDC,random_matched,3,1.0,6.0,30612,3005,4,0.809512197971344,0.7080948581919074,0.15-0.23;0.23-0.30;0.30-0.40,True,True,NCBI783;NCBI785;TENX95;TENX99
uni_v2,IDC,blocked,3,1.0,10.0,32301,3235,4,0.7987657785415649,0.7047863811068237,0.15-0.23;0.23-0.30;0.30-0.40,True,True,NCBI783;NCBI785;TENX95;TENX99
uni_v2,IDC,blocked_buffered,3,1.0,10.0,29855,3235,4,0.7950374484062195,0.7006135113723576,0.15-0.23;0.23-0.30;0.30-0.40,True,True,NCBI783;NCBI785;TENX95;TENX99
uni_v2,IDC,blocked_matched,3,1.0,10.0,29855,3235,4,0.7983886003494263,0.704432944394648,0.15-0.23;0.23-0.30;0.30-0.40,True,True,NCBI783;NCBI785;TENX95;TENX99
uni_v2,IDC,random_matched,3,1.0,10.0,29855,3005,4,0.809360682964325,0.7077116641774774,0.15-0.23;0.23-0.30;0.30-0.40,True,True,NCBI783;NCBI785;TENX95;TENX99
uni_v2,IDC,random,3,2.0,,32531,3005,4,0.8094011545181274,0.7051578733976931,0.15-0.23;0.23-0.30;0.30-0.40,True,True,NCBI783;NCBI785;TENX95;TENX99
uni_v2,IDC,blocked,3,2.0,4.0,30851,4685,4,0.7689100503921509,0.6267874071933329,0.15-0.23;0.23-0.30;0.30-0.40,True,True,NCBI783;NCBI785;TENX95;TENX99
uni_v2,IDC,blocked_buffered,3,2.0,4.0,29751,4685,4,0.7662835717201233,0.6232770300284027,0.15-0.23;0.23-0.30;0.30-0.40,True,True,NCBI783;NCBI785;TENX95;TENX99
uni_v2,IDC,blocked_matched,3,2.0,4.0,29751,4685,4,0.7687301635742188,0.6265206718444825,0.15-0.23;0.23-0.30;0.30-0.40,True,True,NCBI783;NCBI785;TENX95;TENX99
uni_v2,IDC,random_matched,3,2.0,4.0,29751,3005,4,0.8091152906417847,0.7047973854094742,0.15-0.23;0.23-0.30;0.30-0.40,True,True,NCBI783;NCBI785;TENX95;TENX99
uni_v2,IDC,blocked,3,2.0,6.0,31910,3626,4,0.7966213822364807,0.6866970631014556,0.15-0.23;0.23-0.30;0.30-0.40,True,True,NCBI783;NCBI785;TENX95;TENX99
uni_v2,IDC,blocked_buffered,3,2.0,6.0,30381,3626,4,0.7936353087425232,0.6829417464416474,0.15-0.23;0.23-0.30;0.30-0.40,True,True,NCBI783;NCBI785;TENX95;TENX99
uni_v2,IDC,blocked_matched,3,2.0,6.0,30381,3626,4,0.7964829206466675,0.6864881606679409,0.15-0.23;0.23-0.30;0.30-0.40,True,True,NCBI783;NCBI785;TENX95;TENX99
uni_v2,IDC,random_matched,3,2.0,6.0,30381,3005,4,0.8093233704566956,0.7050047856289893,0.15-0.23;0.23-0.30;0.30-0.40,True,True,NCBI783;NCBI785;TENX95;TENX99
uni_v2,IDC,blocked,3,2.0,10.0,32362,3174,4,0.8252786993980408,0.7002286582067608,0.15-0.23;0.23-0.30;0.30-0.40,True,True,NCBI783;NCBI785;TENX95;TENX99
uni_v2,IDC,blocked_buffered,3,2.0,10.0,29902,3174,4,0.8214421272277832,0.6951846962794661,0.15-0.23;0.23-0.30;0.30-0.40,True,True,NCBI783;NCBI785;TENX95;TENX99
uni_v2,IDC,blocked_matched,3,2.0,10.0,29902,3174,4,0.825270414352417,0.7000981084629894,0.15-0.23;0.23-0.30;0.30-0.40,True,True,NCBI783;NCBI785;TENX95;TENX99
uni_v2,IDC,random_matched,3,2.0,10.0,29902,3005,4,0.8092682361602783,0.7050270095467568,0.15-0.23;0.23-0.30;0.30-0.40,True,True,NCBI783;NCBI785;TENX95;TENX99
uni_v2,IDC,random,3,3.0,,32531,3005,4,0.8115413784980774,0.7049337017722428,0.15-0.23;0.23-0.30;0.30-0.40,True,True,NCBI783;NCBI785;TENX95;TENX99
uni_v2,IDC,blocked,3,3.0,4.0,30850,4686,4,0.7922565937042236,0.6808989897370338,0.15-0.23;0.23-0.30;0.30-0.40,True,True,NCBI783;NCBI785;TENX95;TENX99
uni_v2,IDC,blocked_buffered,3,3.0,4.0,30052,4686,4,0.789632260799408,0.6783359402418137,0.15-0.23;0.23-0.30;0.30-0.40,True,True,NCBI783;NCBI785;TENX95;TENX99
uni_v2,IDC,blocked_matched,3,3.0,4.0,30052,4686,4,0.7922859787940979,0.6808878433331846,0.15-0.23;0.23-0.30;0.30-0.40,True,True,NCBI783;NCBI785;TENX95;TENX99
uni_v2,IDC,random_matched,3,3.0,4.0,30052,3005,4,0.811313271522522,0.704575476385653,0.15-0.23;0.23-0.30;0.30-0.40,True,True,NCBI783;NCBI785;TENX95;TENX99
uni_v2,IDC,blocked,3,3.0,6.0,31711,3825,4,0.8127253651618958,0.675247198427096,0.15-0.23;0.23-0.30;0.30-0.40,True,True,NCBI783;NCBI785;TENX95;TENX99
uni_v2,IDC,blocked_buffered,3,3.0,6.0,30355,3825,4,0.8088054656982422,0.6705427903868258,0.15-0.23;0.23-0.30;0.30-0.40,True,True,NCBI783;NCBI785;TENX95;TENX99
uni_v2,IDC,blocked_matched,3,3.0,6.0,30355,3825,4,0.8127338290214539,0.675156773775816,0.15-0.23;0.23-0.30;0.30-0.40,True,True,NCBI783;NCBI785;TENX95;TENX99
uni_v2,IDC,random_matched,3,3.0,6.0,30355,3005,4,0.8114117383956909,0.7046250390633941,0.15-0.23;0.23-0.30;0.30-0.40,True,True,NCBI783;NCBI785;TENX95;TENX99
uni_v2,IDC,blocked,3,3.0,10.0,32330,3206,4,0.8015908002853394,0.6808068203926086,0.15-0.23;0.23-0.30;0.30-0.40,True,True,NCBI783;NCBI785;TENX95;TENX99
uni_v2,IDC,blocked_buffered,3,3.0,10.0,30103,3206,4,0.7977874875068665,0.6745275750756263,0.15-0.23;0.23-0.30;0.30-0.40,True,True,NCBI783;NCBI785;TENX95;TENX99
uni_v2,IDC,blocked_matched,3,3.0,10.0,30103,3206,4,0.8012303113937378,0.6803434517327697,0.15-0.23;0.23-0.30;0.30-0.40,True,True,NCBI783;NCBI785;TENX95;TENX99
uni_v2,IDC,random_matched,3,3.0,10.0,30103,3005,4,0.811306893825531,0.7045479904115199,0.15-0.23;0.23-0.30;0.30-0.40,True,True,NCBI783;NCBI785;TENX95;TENX99
uni_v2,IDC,random,3,4.0,,32531,3005,4,0.8127620220184326,0.7161673806607723,0.15-0.23;0.23-0.30;0.30-0.40,True,True,NCBI783;NCBI785;TENX95;TENX99
uni_v2,IDC,blocked,3,4.0,4.0,30990,4546,4,0.7830145359039307,0.6485298172244803,0.15-0.23;0.23-0.30;0.30-0.40,True,True,NCBI783;NCBI785;TENX95;TENX99
uni_v2,IDC,blocked_buffered,3,4.0,4.0,29822,4546,4,0.78003990650177,0.6439361049141735,0.15-0.23;0.23-0.30;0.30-0.40,True,True,NCBI783;NCBI785;TENX95;TENX99
uni_v2,IDC,blocked_matched,3,4.0,4.0,29822,4546,4,0.7827677130699158,0.6476360310614109,0.15-0.23;0.23-0.30;0.30-0.40,True,True,NCBI783;NCBI785;TENX95;TENX99
uni_v2,IDC,random_matched,3,4.0,4.0,29822,3005,4,0.812650203704834,0.715936657935381,0.15-0.23;0.23-0.30;0.30-0.40,True,True,NCBI783;NCBI785;TENX95;TENX99
uni_v2,IDC,blocked,3,4.0,6.0,31559,3977,4,0.7989624738693237,0.6840502156398724,0.15-0.23;0.23-0.30;0.30-0.40,True,True,NCBI783;NCBI785;TENX95;TENX99
uni_v2,IDC,blocked_buffered,3,4.0,6.0,29958,3977,4,0.7957566976547241,0.6793502289894968,0.15-0.23;0.23-0.30;0.30-0.40,True,True,NCBI783;NCBI785;TENX95;TENX99
uni_v2,IDC,blocked_matched,3,4.0,6.0,29958,3977,4,0.7987632155418396,0.6834040119487327,0.15-0.23;0.23-0.30;0.30-0.40,True,True,NCBI783;NCBI785;TENX95;TENX99
uni_v2,IDC,random_matched,3,4.0,6.0,29958,3005,4,0.812544584274292,0.7158647614344955,0.15-0.23;0.23-0.30;0.30-0.40,True,True,NCBI783;NCBI785;TENX95;TENX99
uni_v2,IDC,blocked,3,4.0,10.0,32374,3162,4,0.8084337711334229,0.7065687246341258,0.15-0.23;0.23-0.30;0.30-0.40,True,True,NCBI783;NCBI785;TENX95;TENX99
uni_v2,IDC,blocked_buffered,3,4.0,10.0,30024,3162,4,0.8053297996520996,0.7018323064222931,0.15-0.23;0.23-0.30;0.30-0.40,True,True,NCBI783;NCBI785;TENX95;TENX99
uni_v2,IDC,blocked_matched,3,4.0,10.0,30024,3162,4,0.808312177658081,0.7064138461090624,0.15-0.23;0.23-0.30;0.30-0.40,True,True,NCBI783;NCBI785;TENX95;TENX99
uni_v2,IDC,random_matched,3,4.0,10.0,30024,3005,4,0.8126776218414307,0.7160156914964317,0.15-0.23;0.23-0.30;0.30-0.40,True,True,NCBI783;NCBI785;TENX95;TENX99
uni_v2,LUNG,patient,0,,,1944,3262,1,0.5456492304801941,0.5456491915881634,0.23-0.30,True,False,TENX141
uni_v2,LUNG,random,0,0.0,,1944,3262,2,0.8014227151870728,0.7366633635759353,0.23-0.30,True,False,TENX118;TENX141
uni_v2,LUNG,blocked,0,0.0,4.0,1742,3464,2,0.7413454651832581,0.6647032050974667,0.23-0.30,True,False,TENX118;TENX141
uni_v2,LUNG,blocked_buffered,0,0.0,4.0,1197,3464,2,0.7159361243247986,0.6379982416704297,0.23-0.30,True,False,TENX118;TENX141
uni_v2,LUNG,blocked_matched,0,0.0,4.0,1197,3464,2,0.7326448559761047,0.6545121402200311,0.23-0.30,True,False,TENX118;TENX141
uni_v2,LUNG,random_matched,0,0.0,4.0,1197,3262,2,0.7878378033638,0.7208930316567421,0.23-0.30,True,False,TENX118;TENX141
uni_v2,LUNG,blocked,0,0.0,6.0,1871,3335,2,0.77965247631073,0.7071750807762146,0.23-0.30,True,False,TENX118;TENX141
uni_v2,LUNG,blocked_buffered,0,0.0,6.0,1073,3335,2,0.7502882480621338,0.6735147190839053,0.23-0.30,True,False,TENX118;TENX141
uni_v2,LUNG,blocked_matched,0,0.0,6.0,1073,3335,2,0.7627884149551392,0.6884999266266822,0.23-0.30,True,False,TENX118;TENX141
uni_v2,LUNG,random_matched,0,0.0,6.0,1073,3262,2,0.7844133973121643,0.7170181252062321,0.23-0.30,True,False,TENX118;TENX141
uni_v2,LUNG,blocked,0,0.0,10.0,1890,3316,2,0.7847557067871094,0.7150539832562208,0.23-0.30,True,False,TENX118;TENX141
uni_v2,LUNG,blocked_buffered,0,0.0,10.0,654,3316,2,0.731977105140686,0.6561083884164691,0.23-0.30,True,False,TENX118;TENX141
uni_v2,LUNG,blocked_matched,0,0.0,10.0,654,3316,2,0.7516601085662842,0.6796615432202816,0.23-0.30,True,False,TENX118;TENX141
uni_v2,LUNG,random_matched,0,0.0,10.0,654,3262,2,0.766388475894928,0.6977698533982039,0.23-0.30,True,False,TENX118;TENX141
uni_v2,LUNG,random,0,1.0,,1944,3262,2,0.8004009127616882,0.7356757156550884,0.23-0.30,True,False,TENX118;TENX141
uni_v2,LUNG,blocked,0,1.0,4.0,1660,3546,2,0.7652645707130432,0.6938115219771862,0.23-0.30,True,False,TENX118;TENX141
uni_v2,LUNG,blocked_buffered,0,1.0,4.0,1129,3546,2,0.7474725246429443,0.6743500055372715,0.23-0.30,True,False,TENX118;TENX141
uni_v2,LUNG,blocked_matched,0,1.0,4.0,1129,3546,2,0.7531741261482239,0.6804152742028236,0.23-0.30,True,False,TENX118;TENX141
uni_v2,LUNG,random_matched,0,1.0,4.0,1129,3262,2,0.7861398458480835,0.7184467397630214,0.23-0.30,True,False,TENX118;TENX141
uni_v2,LUNG,blocked,0,1.0,6.0,1879,3327,2,0.771765947341919,0.7010302364826202,0.23-0.30,True,False,TENX118;TENX141
uni_v2,LUNG,blocked_buffered,0,1.0,6.0,900,3327,2,0.7372918128967285,0.6653179602324963,0.23-0.30,True,False,TENX118;TENX141
uni_v2,LUNG,blocked_matched,0,1.0,6.0,900,3327,2,0.7487829327583313,0.6741527077928186,0.23-0.30,True,False,TENX118;TENX141
uni_v2,LUNG,random_matched,0,1.0,6.0,900,3262,2,0.7775945067405701,0.7088699515163899,0.23-0.30,True,False,TENX118;TENX141
uni_v2,LUNG,blocked,0,1.0,10.0,1899,3307,2,0.772399365901947,0.6957598937302828,0.23-0.30,True,False,TENX118;TENX141
uni_v2,LUNG,random,0,2.0,,1944,3262,2,0.8012768030166626,0.7373255053162575,0.23-0.30,True,False,TENX118;TENX141
uni_v2,LUNG,blocked,0,2.0,4.0,1680,3526,2,0.7640061974525452,0.6937075229734182,0.23-0.30,True,False,TENX118;TENX141
uni_v2,LUNG,blocked_buffered,0,2.0,4.0,1068,3526,2,0.7392193675041199,0.6678444715589285,0.23-0.30,True,False,TENX118;TENX141
uni_v2,LUNG,blocked_matched,0,2.0,4.0,1068,3526,2,0.7511589527130127,0.67951651096344,0.23-0.30,True,False,TENX118;TENX141
uni_v2,LUNG,random_matched,0,2.0,4.0,1068,3262,2,0.7866992950439453,0.7198830115795135,0.23-0.30,True,False,TENX118;TENX141
uni_v2,LUNG,blocked,0,2.0,6.0,1912,3294,2,0.775071382522583,0.7050734411552548,0.23-0.30,True,False,TENX118;TENX141
uni_v2,LUNG,blocked_buffered,0,2.0,6.0,966,3294,2,0.7368118762969971,0.6648291835933924,0.23-0.30,True,False,TENX118;TENX141
uni_v2,LUNG,blocked_matched,0,2.0,6.0,966,3294,2,0.7564113140106201,0.6847910790890456,0.23-0.30,True,False,TENX118;TENX141
uni_v2,LUNG,random_matched,0,2.0,6.0,966,3262,2,0.7814701199531555,0.7146358662843704,0.23-0.30,True,False,TENX118;TENX141
uni_v2,LUNG,blocked,0,2.0,10.0,1905,3301,2,0.7866365313529968,0.7196372233331203,0.23-0.30,True,False,TENX118;TENX141
uni_v2,LUNG,blocked_buffered,0,2.0,10.0,569,3301,2,0.7253448367118835,0.6526528940349817,0.23-0.30,True,False,TENX118;TENX141
uni_v2,LUNG,blocked_matched,0,2.0,10.0,569,3301,2,0.7475845217704773,0.6783546614646911,0.23-0.30,True,False,TENX118;TENX141
uni_v2,LUNG,random_matched,0,2.0,10.0,569,3262,2,0.755537748336792,0.6838258073106408,0.23-0.30,True,False,TENX118;TENX141
uni_v2,LUNG,random,0,3.0,,1944,3262,2,0.798574686050415,0.73328045591712,0.23-0.30,True,False,TENX118;TENX141
uni_v2,LUNG,blocked,0,3.0,4.0,1799,3407,2,0.7503138184547424,0.6822810709476471,0.23-0.30,True,False,TENX118;TENX141
uni_v2,LUNG,blocked_buffered,0,3.0,4.0,1165,3407,2,0.7332777380943298,0.664107069671154,0.23-0.30,True,False,TENX118;TENX141
uni_v2,LUNG,blocked_matched,0,3.0,4.0,1165,3407,2,0.7383401989936829,0.6698081916570664,0.23-0.30,True,False,TENX118;TENX141
uni_v2,LUNG,random_matched,0,3.0,4.0,1165,3262,2,0.7857663631439209,0.7181411236524582,0.23-0.30,True,False,TENX118;TENX141
uni_v2,LUNG,blocked,0,3.0,6.0,1850,3356,2,0.7623887062072754,0.671033889837563,0.23-0.30,True,False,TENX118;TENX141
uni_v2,LUNG,blocked_buffered,0,3.0,6.0,995,3356,2,0.7324101328849792,0.6381045527197421,0.23-0.30,True,False,TENX118;TENX141
uni_v2,LUNG,blocked_matched,0,3.0,6.0,995,3356,2,0.7430277466773987,0.6496929481998086,0.23-0.30,True,False,TENX118;TENX141
uni_v2,LUNG,random_matched,0,3.0,6.0,995,3262,2,0.7791764140129089,0.7106599280238152,0.23-0.30,True,False,TENX118;TENX141
uni_v2,LUNG,blocked,0,3.0,10.0,1896,3310,2,0.7822102904319763,0.7192536398768425,0.23-0.30,True,False,TENX118;TENX141
uni_v2,LUNG,blocked_buffered,0,3.0,10.0,678,3310,2,0.7210555076599121,0.643665596023202,0.23-0.30,True,False,TENX118;TENX141
uni_v2,LUNG,blocked_matched,0,3.0,10.0,678,3310,2,0.749908447265625,0.683033878467977,0.23-0.30,True,False,TENX118;TENX141
uni_v2,LUNG,random_matched,0,3.0,10.0,678,3262,2,0.7638598084449768,0.6953665892779827,0.23-0.30,True,False,TENX118;TENX141
uni_v2,LUNG,random,0,4.0,,1944,3262,2,0.8000763058662415,0.7331116543710232,0.23-0.30,True,False,TENX118;TENX141
uni_v2,LUNG,blocked,0,4.0,4.0,1769,3437,2,0.7724977731704712,0.6987875053286552,0.23-0.30,True,False,TENX118;TENX141
uni_v2,LUNG,blocked_buffered,0,4.0,4.0,1108,3437,2,0.7505919933319092,0.676821992509067,0.23-0.30,True,False,TENX118;TENX141
uni_v2,LUNG,blocked_matched,0,4.0,4.0,1108,3437,2,0.7607914209365845,0.6864492113888263,0.23-0.30,True,False,TENX118;TENX141
uni_v2,LUNG,random_matched,0,4.0,4.0,1108,3262,2,0.7833690047264099,0.7151593859493732,0.23-0.30,True,False,TENX118;TENX141
uni_v2,LUNG,blocked,0,4.0,6.0,1904,3302,2,0.7774393558502197,0.7047948864102364,0.23-0.30,True,False,TENX118;TENX141
uni_v2,LUNG,blocked_buffered,0,4.0,6.0,1038,3302,2,0.7465833425521851,0.6678815332055092,0.23-0.30,True,False,TENX118;TENX141
uni_v2,LUNG,blocked_matched,0,4.0,6.0,1038,3302,2,0.7638130784034729,0.6898267529159785,0.23-0.30,True,False,TENX118;TENX141
uni_v2,LUNG,random_matched,0,4.0,6.0,1038,3262,2,0.784085214138031,0.7138868801295757,0.23-0.30,True,False,TENX118;TENX141
uni_v2,LUNG,blocked,0,4.0,10.0,1907,3299,2,0.783494234085083,0.7182423451542854,0.23-0.30,True,False,TENX118;TENX141
uni_v2,LUNG,blocked_buffered,0,4.0,10.0,516,3299,2,0.7172660827636719,0.6424259063601494,0.23-0.30,True,False,TENX118;TENX141
uni_v2,LUNG,blocked_matched,0,4.0,10.0,516,3299,2,0.7386248111724854,0.6685334432870149,0.23-0.30,True,False,TENX118;TENX141
uni_v2,LUNG,random_matched,0,4.0,10.0,516,3262,2,0.7520707845687866,0.6782456150650977,0.23-0.30,True,False,TENX118;TENX141
uni_v2,LUNG,patient,1,,,3262,1944,1,0.5719431638717651,0.5719431561231613,0.23-0.30,True,False,TENX118
uni_v2,LUNG,random,1,0.0,,3262,1944,2,0.80743807554245,0.738919827491045,0.23-0.30,True,False,TENX118;TENX141
uni_v2,LUNG,blocked,1,0.0,4.0,3124,2082,2,0.8039340376853943,0.7352559613063931,0.23-0.30,True,False,TENX118;TENX141
uni_v2,LUNG,blocked_buffered,1,0.0,4.0,2357,2082,2,0.793775737285614,0.7230068470165134,0.23-0.30,True,False,TENX118;TENX141
uni_v2,LUNG,blocked_matched,1,0.0,4.0,2357,2082,2,0.7997187972068787,0.7299754979461431,0.23-0.30,True,False,TENX118;TENX141
uni_v2,LUNG,random_matched,1,0.0,4.0,2357,1944,2,0.8017588257789612,0.7317067006230354,0.23-0.30,True,False,TENX118;TENX141
uni_v2,LUNG,blocked,1,0.0,6.0,3223,1983,2,0.7953630089759827,0.72914078399539,0.23-0.30,True,False,TENX118;TENX141
uni_v2,LUNG,blocked_buffered,1,0.0,6.0,2177,1983,2,0.7806448936462402,0.7131867840886116,0.23-0.30,True,False,TENX118;TENX141
uni_v2,LUNG,blocked_matched,1,0.0,6.0,2177,1983,2,0.789560854434967,0.7224702878296376,0.23-0.30,True,False,TENX118;TENX141
uni_v2,LUNG,random_matched,1,0.0,6.0,2177,1944,2,0.8010457754135132,0.7316775105893611,0.23-0.30,True,False,TENX118;TENX141
uni_v2,LUNG,blocked,1,0.0,10.0,3246,1960,2,0.7989233136177063,0.734131992906332,0.23-0.30,True,False,TENX118;TENX141
uni_v2,LUNG,blocked_buffered,1,0.0,10.0,1628,1960,2,0.7734341621398926,0.7047645491361618,0.23-0.30,True,False,TENX118;TENX141
uni_v2,LUNG,blocked_matched,1,0.0,10.0,1628,1960,2,0.7853328585624695,0.7175241816043854,0.23-0.30,True,False,TENX118;TENX141
uni_v2,LUNG,random_matched,1,0.0,10.0,1628,1944,2,0.7932317852973938,0.7225990217179059,0.23-0.30,True,False,TENX118;TENX141
uni_v2,LUNG,random,1,1.0,,3262,1944,2,0.812652587890625,0.7483081662654877,0.23-0.30,True,False,TENX118;TENX141
uni_v2,LUNG,blocked,1,1.0,4.0,3141,2065,2,0.7752026915550232,0.7019218723475933,0.23-0.30,True,False,TENX118;TENX141
uni_v2,LUNG,blocked_buffered,1,1.0,4.0,2343,2065,2,0.7644490599632263,0.6901856853067876,0.23-0.30,True,False,TENX118;TENX141
uni_v2,LUNG,blocked_matched,1,1.0,4.0,2343,2065,2,0.7701479196548462,0.6956362022459507,0.23-0.30,True,False,TENX118;TENX141
uni_v2,LUNG,random_matched,1,1.0,4.0,2343,1944,2,0.8077206611633301,0.7435279107838869,0.23-0.30,True,False,TENX118;TENX141
uni_v2,LUNG,blocked,1,1.0,6.0,3145,2061,2,0.8091641068458557,0.7502097283303738,0.23-0.30,True,False,TENX118;TENX141
uni_v2,LUNG,blocked_buffered,1,1.0,6.0,2093,2061,2,0.7866413593292236,0.7251065248250961,0.23-0.30,True,False,TENX118;TENX141
uni_v2,LUNG,blocked_matched,1,1.0,6.0,2093,2061,2,0.8003795742988586,0.7391559804975987,0.23-0.30,True,False,TENX118;TENX141
uni_v2,LUNG,random_matched,1,1.0,6.0,2093,1944,2,0.8057225942611694,0.7399627894163132,0.23-0.30,True,False,TENX118;TENX141
uni_v2,LUNG,blocked,1,1.0,10.0,3227,1979,2,0.790103554725647,0.7245126222074032,0.23-0.30,True,False,TENX118;TENX141
uni_v2,LUNG,blocked_buffered,1,1.0,10.0,1635,1979,2,0.757392168045044,0.6882005061954259,0.23-0.30,True,False,TENX118;TENX141
uni_v2,LUNG,blocked_matched,1,1.0,10.0,1635,1979,2,0.778404176235199,0.7099547813087701,0.23-0.30,True,False,TENX118;TENX141
uni_v2,LUNG,random_matched,1,1.0,10.0,1635,1944,2,0.7996561527252197,0.7342488199472428,0.23-0.30,True,False,TENX118;TENX141
uni_v2,LUNG,random,1,2.0,,3262,1944,2,0.8068272471427917,0.7415218436717987,0.23-0.30,True,False,TENX118;TENX141
uni_v2,LUNG,blocked,1,2.0,4.0,2956,2250,2,0.793465793132782,0.7229749573767186,0.23-0.30,True,False,TENX118;TENX141
uni_v2,LUNG,blocked_buffered,1,2.0,4.0,2153,2250,2,0.7824342250823975,0.7088895522803068,0.23-0.30,True,False,TENX118;TENX141
uni_v2,LUNG,blocked_matched,1,2.0,4.0,2153,2250,2,0.7867384552955627,0.7156566847860812,0.23-0.30,True,False,TENX118;TENX141
uni_v2,LUNG,random_matched,1,2.0,4.0,2153,1944,2,0.8010812997817993,0.7348100516200066,0.23-0.30,True,False,TENX118;TENX141
uni_v2,LUNG,blocked,1,2.0,6.0,3168,2038,2,0.7897986769676208,0.7270491662621499,0.23-0.30,True,False,TENX118;TENX141
uni_v2,LUNG,blocked_buffered,1,2.0,6.0,2172,2038,2,0.7671217918395996,0.7013391602039336,0.23-0.30,True,False,TENX118;TENX141
uni_v2,LUNG,blocked_matched,1,2.0,6.0,2172,2038,2,0.7815259695053101,0.7183854459226131,0.23-0.30,True,False,TENX118;TENX141
uni_v2,LUNG,random_matched,1,2.0,6.0,2172,1944,2,0.8004976511001587,0.7341176927089692,0.23-0.30,True,False,TENX118;TENX141
uni_v2,LUNG,blocked,1,2.0,10.0,3205,2001,2,0.8017851114273071,0.7385403452813626,0.23-0.30,True,False,TENX118;TENX141
uni_v2,LUNG,blocked_buffered,1,2.0,10.0,1523,2001,2,0.7737343311309814,0.7022683423757554,0.23-0.30,True,False,TENX118;TENX141
uni_v2,LUNG,blocked_matched,1,2.0,10.0,1523,2001,2,0.7855138182640076,0.7188741533458233,0.23-0.30,True,False,TENX118;TENX141
uni_v2,LUNG,random_matched,1,2.0,10.0,1523,1944,2,0.7922711372375488,0.7247889862954617,0.23-0.30,True,False,TENX118;TENX141
uni_v2,LUNG,random,1,3.0,,3262,1944,2,0.8081871867179871,0.7436051408946514,0.23-0.30,True,False,TENX118;TENX141
uni_v2,LUNG,blocked,1,3.0,4.0,3077,2129,2,0.7888418436050415,0.720146661400795,0.23-0.30,True,False,TENX118;TENX141
uni_v2,LUNG,blocked_buffered,1,3.0,4.0,2175,2129,2,0.7789271473884583,0.7079904916882516,0.23-0.30,True,False,TENX118;TENX141
uni_v2,LUNG,blocked_matched,1,3.0,4.0,2175,2129,2,0.7842914462089539,0.7151547501981258,0.23-0.30,True,False,TENX118;TENX141
uni_v2,LUNG,random_matched,1,3.0,4.0,2175,1944,2,0.8012670874595642,0.7353317452967167,0.23-0.30,True,False,TENX118;TENX141
uni_v2,LUNG,blocked,1,3.0,6.0,3174,2032,2,0.8008852601051331,0.734370791465044,0.23-0.30,True,False,TENX118;TENX141
uni_v2,LUNG,blocked_buffered,1,3.0,6.0,2133,2032,2,0.7841535210609436,0.7163698439300061,0.23-0.30,True,False,TENX118;TENX141
uni_v2,LUNG,blocked_matched,1,3.0,6.0,2133,2032,2,0.7918136715888977,0.7236443659663201,0.23-0.30,True,False,TENX118;TENX141
uni_v2,LUNG,random_matched,1,3.0,6.0,2133,1944,2,0.8006042242050171,0.7342879731208086,0.23-0.30,True,False,TENX118;TENX141
uni_v2,LUNG,blocked,1,3.0,10.0,3230,1976,2,0.800790548324585,0.7375409287214278,0.23-0.30,True,False,TENX118;TENX141
uni_v2,LUNG,blocked_buffered,1,3.0,10.0,1530,1976,2,0.7709336280822754,0.7020540095120669,0.23-0.30,True,False,TENX118;TENX141
uni_v2,LUNG,blocked_matched,1,3.0,10.0,1530,1976,2,0.782349705696106,0.7156622941046953,0.23-0.30,True,False,TENX118;TENX141
uni_v2,LUNG,random_matched,1,3.0,10.0,1530,1944,2,0.7938123941421509,0.7256112152338028,0.23-0.30,True,False,TENX118;TENX141
uni_v2,LUNG,random,1,4.0,,3262,1944,2,0.8061172962188721,0.741953756660223,0.23-0.30,True,False,TENX118;TENX141
uni_v2,LUNG,blocked,1,4.0,4.0,3191,2015,2,0.7952450513839722,0.699050057567656,0.23-0.30,True,False,TENX118;TENX141
uni_v2,LUNG,blocked_buffered,1,4.0,4.0,2516,2015,2,0.7845284342765808,0.6855576222855597,0.23-0.30,True,False,TENX118;TENX141
uni_v2,LUNG,blocked_matched,1,4.0,4.0,2516,2015,2,0.7916808128356934,0.6951885037869215,0.23-0.30,True,False,TENX118;TENX141
uni_v2,LUNG,random_matched,1,4.0,4.0,2516,1944,2,0.8023970127105713,0.7370406165719032,0.23-0.30,True,False,TENX118;TENX141
uni_v2,LUNG,blocked,1,4.0,6.0,3193,2013,2,0.80402010679245,0.7350227699056268,0.23-0.30,True,False,TENX118;TENX141
uni_v2,LUNG,blocked_buffered,1,4.0,6.0,2047,2013,2,0.7911105155944824,0.7205080504529178,0.23-0.30,True,False,TENX118;TENX141
uni_v2,LUNG,blocked_matched,1,4.0,6.0,2047,2013,2,0.7963752150535583,0.7255340350430924,0.23-0.30,True,False,TENX118;TENX141
uni_v2,LUNG,random_matched,1,4.0,6.0,2047,1944,2,0.7993344664573669,0.7340349152684211,0.23-0.30,True,False,TENX118;TENX141
uni_v2,LUNG,blocked,1,4.0,10.0,3230,1976,2,0.8107955455780029,0.7419984927773475,0.23-0.30,True,False,TENX118;TENX141
uni_v2,LUNG,blocked_buffered,1,4.0,10.0,1640,1976,2,0.7814924716949463,0.7038647072948515,0.23-0.30,True,False,TENX118;TENX141
uni_v2,LUNG,blocked_matched,1,4.0,10.0,1640,1976,2,0.7969557046890259,0.726501513570547,0.23-0.30,True,False,TENX118;TENX141
uni_v2,LUNG,random_matched,1,4.0,10.0,1640,1944,2,0.7935418486595154,0.7264395809173584,0.23-0.30,True,False,TENX118;TENX141
uni_v2,LYMPH_IDC,patient,0,,,14972,4992,1,0.3233126103878021,0.3233126043528318,0.23-0.30,True,True,NCBI684
uni_v2,LYMPH_IDC,random,0,0.0,,14972,4992,4,0.6830224394798279,0.3656409267557319,0.23-0.30,True,True,NCBI681;NCBI682;NCBI683;NCBI684
uni_v2,LYMPH_IDC,blocked,0,0.0,4.0,14064,5900,4,0.6120360493659973,0.3104263337980956,0.23-0.30,True,True,NCBI681;NCBI682;NCBI683;NCBI684
uni_v2,LYMPH_IDC,blocked_buffered,0,0.0,4.0,12478,5900,4,0.6061344742774963,0.3010436114948243,0.23-0.30,True,True,NCBI681;NCBI682;NCBI683;NCBI684
uni_v2,LYMPH_IDC,blocked_matched,0,0.0,4.0,12478,5900,4,0.6111304759979248,0.3087033011157473,0.23-0.30,True,True,NCBI681;NCBI682;NCBI683;NCBI684
uni_v2,LYMPH_IDC,random_matched,0,0.0,4.0,12478,4992,4,0.6817858219146729,0.3634271833728417,0.23-0.30,True,True,NCBI681;NCBI682;NCBI683;NCBI684
uni_v2,LYMPH_IDC,blocked,0,0.0,6.0,14552,5412,4,0.6509992480278015,0.31940997750498357,0.23-0.30,True,True,NCBI681;NCBI682;NCBI683;NCBI684
uni_v2,LYMPH_IDC,blocked_buffered,0,0.0,6.0,12466,5412,4,0.644132673740387,0.31103329088538884,0.23-0.30,True,True,NCBI681;NCBI682;NCBI683;NCBI684
uni_v2,LYMPH_IDC,blocked_matched,0,0.0,6.0,12466,5412,4,0.6498900055885315,0.31820099350530656,0.23-0.30,True,True,NCBI681;NCBI682;NCBI683;NCBI684
uni_v2,LYMPH_IDC,random_matched,0,0.0,6.0,12466,4992,4,0.6819427609443665,0.363955947336508,0.23-0.30,True,True,NCBI681;NCBI682;NCBI683;NCBI684
uni_v2,LYMPH_IDC,blocked,0,0.0,10.0,14896,5068,4,0.6788051128387451,0.32765386167680843,0.23-0.30,True,True,NCBI681;NCBI682;NCBI683;NCBI684
uni_v2,LYMPH_IDC,blocked_buffered,0,0.0,10.0,10768,5068,4,0.6696504950523376,0.31612367468187585,0.23-0.30,True,True,NCBI681;NCBI682;NCBI683;NCBI684
uni_v2,LYMPH_IDC,blocked_matched,0,0.0,10.0,10768,5068,4,0.6767744421958923,0.3244466030644253,0.23-0.30,True,True,NCBI681;NCBI682;NCBI683;NCBI684
uni_v2,LYMPH_IDC,random_matched,0,0.0,10.0,10768,4992,4,0.6804866194725037,0.361472628689371,0.23-0.30,True,True,NCBI681;NCBI682;NCBI683;NCBI684
uni_v2,LYMPH_IDC,random,0,1.0,,14972,4992,4,0.6852623224258423,0.3677104014717042,0.23-0.30,True,True,NCBI681;NCBI682;NCBI683;NCBI684
uni_v2,LYMPH_IDC,blocked,0,1.0,4.0,14060,5904,4,0.6370199918746948,0.3057012682652567,0.23-0.30,True,True,NCBI681;NCBI682;NCBI683;NCBI684
uni_v2,LYMPH_IDC,blocked_buffered,0,1.0,4.0,12665,5904,4,0.6326361298561096,0.3024375113321003,0.23-0.30,True,True,NCBI681;NCBI682;NCBI683;NCBI684
uni_v2,LYMPH_IDC,blocked_matched,0,1.0,4.0,12665,5904,4,0.6362175941467285,0.30381173921748994,0.23-0.30,True,True,NCBI681;NCBI682;NCBI683;NCBI684
uni_v2,LYMPH_IDC,random_matched,0,1.0,4.0,12665,4992,4,0.6839571595191956,0.36627412468194964,0.23-0.30,True,True,NCBI681;NCBI682;NCBI683;NCBI684
uni_v2,LYMPH_IDC,blocked,0,1.0,6.0,14701,5263,4,0.6377002596855164,0.3287813975289464,0.23-0.30,True,True,NCBI681;NCBI682;NCBI683;NCBI684
uni_v2,LYMPH_IDC,blocked_buffered,0,1.0,6.0,12639,5263,4,0.631200909614563,0.32206587337539533,0.23-0.30,True,True,NCBI681;NCBI682;NCBI683;NCBI684
uni_v2,LYMPH_IDC,blocked_matched,0,1.0,6.0,12639,5263,4,0.6362618803977966,0.3275056278961711,0.23-0.30,True,True,NCBI681;NCBI682;NCBI683;NCBI684
uni_v2,LYMPH_IDC,random_matched,0,1.0,6.0,12639,4992,4,0.6845741271972656,0.36666634960100053,0.23-0.30,True,True,NCBI681;NCBI682;NCBI683;NCBI684
uni_v2,LYMPH_IDC,blocked,0,1.0,10.0,14839,5125,4,0.6810581088066101,0.3341787344124168,0.23-0.30,True,True,NCBI681;NCBI682;NCBI683;NCBI684
uni_v2,LYMPH_IDC,blocked_buffered,0,1.0,10.0,10830,5125,4,0.67427659034729,0.32414094159379603,0.23-0.30,True,True,NCBI681;NCBI682;NCBI683;NCBI684
uni_v2,LYMPH_IDC,blocked_matched,0,1.0,10.0,10830,5125,4,0.6780788898468018,0.3301498182630167,0.23-0.30,True,True,NCBI681;NCBI682;NCBI683;NCBI684
uni_v2,LYMPH_IDC,random_matched,0,1.0,10.0,10830,4992,4,0.6832168698310852,0.36498754400759936,0.23-0.30,True,True,NCBI681;NCBI682;NCBI683;NCBI684
uni_v2,LYMPH_IDC,random,0,2.0,,14972,4992,4,0.684156060218811,0.36910085828043526,0.23-0.30,True,True,NCBI681;NCBI682;NCBI683;NCBI684
uni_v2,LYMPH_IDC,blocked,0,2.0,4.0,14620,5344,4,0.6929466724395752,0.3589373783022165,0.23-0.30,True,True,NCBI681;NCBI682;NCBI683;NCBI684
uni_v2,LYMPH_IDC,blocked_buffered,0,2.0,4.0,13252,5344,4,0.6888642311096191,0.3548873431421817,0.23-0.30,True,True,NCBI681;NCBI682;NCBI683;NCBI684
uni_v2,LYMPH_IDC,blocked_matched,0,2.0,4.0,13252,5344,4,0.6925657391548157,0.3580272386362776,0.23-0.30,True,True,NCBI681;NCBI682;NCBI683;NCBI684
uni_v2,LYMPH_IDC,random_matched,0,2.0,4.0,13252,4992,4,0.683195948600769,0.36777505895122886,0.23-0.30,True,True,NCBI681;NCBI682;NCBI683;NCBI684
uni_v2,LYMPH_IDC,blocked,0,2.0,6.0,14447,5517,4,0.6938472986221313,0.34511895339936016,0.23-0.30,True,True,NCBI681;NCBI682;NCBI683;NCBI684
uni_v2,LYMPH_IDC,blocked_buffered,0,2.0,6.0,12050,5517,4,0.6874263286590576,0.33888656657189126,0.23-0.30,True,True,NCBI681;NCBI682;NCBI683;NCBI684
uni_v2,LYMPH_IDC,blocked_matched,0,2.0,6.0,12050,5517,4,0.6925556063652039,0.34281207621097565,0.23-0.30,True,True,NCBI681;NCBI682;NCBI683;NCBI684
uni_v2,LYMPH_IDC,random_matched,0,2.0,6.0,12050,4992,4,0.6824619770050049,0.36623122660443186,0.23-0.30,True,True,NCBI681;NCBI682;NCBI683;NCBI684
uni_v2,LYMPH_IDC,blocked,0,2.0,10.0,14858,5106,4,0.6829820275306702,0.3627501102304086,0.23-0.30,True,True,NCBI681;NCBI682;NCBI683;NCBI684
uni_v2,LYMPH_IDC,blocked_buffered,0,2.0,10.0,10957,5106,4,0.6732912659645081,0.34986030503641813,0.23-0.30,True,True,NCBI681;NCBI682;NCBI683;NCBI684
uni_v2,LYMPH_IDC,blocked_matched,0,2.0,10.0,10957,5106,4,0.6805942058563232,0.3588007649499923,0.23-0.30,True,True,NCBI681;NCBI682;NCBI683;NCBI684
uni_v2,LYMPH_IDC,random_matched,0,2.0,10.0,10957,4992,4,0.6820809245109558,0.36569449144415556,0.23-0.30,True,True,NCBI681;NCBI682;NCBI683;NCBI684
uni_v2,LYMPH_IDC,random,0,3.0,,14972,4992,4,0.6871970295906067,0.3708122641220689,0.23-0.30,True,True,NCBI681;NCBI682;NCBI683;NCBI684
uni_v2,LYMPH_IDC,blocked,0,3.0,4.0,14092,5872,4,0.6527426838874817,0.2926210375642404,0.23-0.30,True,True,NCBI681;NCBI682;NCBI683;NCBI684
uni_v2,LYMPH_IDC,blocked_buffered,0,3.0,4.0,12445,5872,4,0.6468557119369507,0.2859116852097213,0.23-0.30,True,True,NCBI681;NCBI682;NCBI683;NCBI684
uni_v2,LYMPH_IDC,blocked_matched,0,3.0,4.0,12445,5872,4,0.6519899964332581,0.2912853521760553,0.23-0.30,True,True,NCBI681;NCBI682;NCBI683;NCBI684
uni_v2,LYMPH_IDC,random_matched,0,3.0,4.0,12445,4992,4,0.6861008405685425,0.3692335243942216,0.23-0.30,True,True,NCBI681;NCBI682;NCBI683;NCBI684
uni_v2,LYMPH_IDC,blocked,0,3.0,6.0,14794,5170,4,0.6485618352890015,0.34770534062758085,0.23-0.30,True,True,NCBI681;NCBI682;NCBI683;NCBI684
uni_v2,LYMPH_IDC,blocked_buffered,0,3.0,6.0,12618,5170,4,0.6396006941795349,0.33799340537749234,0.23-0.30,True,True,NCBI681;NCBI682;NCBI683;NCBI684
uni_v2,LYMPH_IDC,blocked_matched,0,3.0,6.0,12618,5170,4,0.6469867825508118,0.34592944316565993,0.23-0.30,True,True,NCBI681;NCBI682;NCBI683;NCBI684
uni_v2,LYMPH_IDC,random_matched,0,3.0,6.0,12618,4992,4,0.6859593391418457,0.3692664739210158,0.23-0.30,True,True,NCBI681;NCBI682;NCBI683;NCBI684
uni_v2,LYMPH_IDC,blocked,0,3.0,10.0,14895,5069,4,0.6514263153076172,0.35314685516059396,0.23-0.30,True,True,NCBI681;NCBI682;NCBI683;NCBI684
uni_v2,LYMPH_IDC,blocked_buffered,0,3.0,10.0,10663,5069,4,0.6431129574775696,0.34225645737722515,0.23-0.30,True,True,NCBI681;NCBI682;NCBI683;NCBI684
uni_v2,LYMPH_IDC,blocked_matched,0,3.0,10.0,10663,5069,4,0.6497577428817749,0.3505208771605976,0.23-0.30,True,True,NCBI681;NCBI682;NCBI683;NCBI684
uni_v2,LYMPH_IDC,random_matched,0,3.0,10.0,10663,4992,4,0.684194028377533,0.36654782084748144,0.23-0.30,True,True,NCBI681;NCBI682;NCBI683;NCBI684
uni_v2,LYMPH_IDC,random,0,4.0,,14972,4992,4,0.6811615824699402,0.36227553158998493,0.23-0.30,True,True,NCBI681;NCBI682;NCBI683;NCBI684
uni_v2,LYMPH_IDC,blocked,0,4.0,4.0,14352,5612,4,0.6287150979042053,0.3247814821882639,0.23-0.30,True,True,NCBI681;NCBI682;NCBI683;NCBI684
uni_v2,LYMPH_IDC,blocked_buffered,0,4.0,4.0,12797,5612,4,0.623702347278595,0.3188584028999321,0.23-0.30,True,True,NCBI681;NCBI682;NCBI683;NCBI684
uni_v2,LYMPH_IDC,blocked_matched,0,4.0,4.0,12797,5612,4,0.6273147463798523,0.32330828165169806,0.23-0.30,True,True,NCBI681;NCBI682;NCBI683;NCBI684
uni_v2,LYMPH_IDC,random_matched,0,4.0,4.0,12797,4992,4,0.6799625158309937,0.3608171011228114,0.23-0.30,True,True,NCBI681;NCBI682;NCBI683;NCBI684
uni_v2,LYMPH_IDC,blocked,0,4.0,6.0,14838,5126,4,0.6903123259544373,0.36867865989217535,0.23-0.30,True,True,NCBI681;NCBI682;NCBI683;NCBI684
uni_v2,LYMPH_IDC,blocked_buffered,0,4.0,6.0,12535,5126,4,0.6828384399414062,0.35976645539165475,0.23-0.30,True,True,NCBI681;NCBI682;NCBI683;NCBI684
uni_v2,LYMPH_IDC,blocked_matched,0,4.0,6.0,12535,5126,4,0.6891573071479797,0.3670217639114708,0.23-0.30,True,True,NCBI681;NCBI682;NCBI683;NCBI684
uni_v2,LYMPH_IDC,random_matched,0,4.0,6.0,12535,4992,4,0.6798561811447144,0.3609385551139712,0.23-0.30,True,True,NCBI681;NCBI682;NCBI683;NCBI684
uni_v2,LYMPH_IDC,blocked,0,4.0,10.0,14910,5054,4,0.6669265031814575,0.3350293118064292,0.23-0.30,True,True,NCBI681;NCBI682;NCBI683;NCBI684
uni_v2,LYMPH_IDC,blocked_buffered,0,4.0,10.0,10749,5054,4,0.6605442762374878,0.32775516534689814,0.23-0.30,True,True,NCBI681;NCBI682;NCBI683;NCBI684
uni_v2,LYMPH_IDC,blocked_matched,0,4.0,10.0,10749,5054,4,0.6646859645843506,0.33275228475220503,0.23-0.30,True,True,NCBI681;NCBI682;NCBI683;NCBI684
uni_v2,LYMPH_IDC,random_matched,0,4.0,10.0,10749,4992,4,0.6786262392997742,0.3578808088367805,0.23-0.30,True,True,NCBI681;NCBI682;NCBI683;NCBI684
uni_v2,LYMPH_IDC,patient,1,,,14972,4992,1,0.21904443204402924,0.219044434055686,0.23-0.30,True,True,NCBI683
uni_v2,LYMPH_IDC,random,1,0.0,,14972,4992,4,0.6824191212654114,0.36573885355144736,0.23-0.30,True,True,NCBI681;NCBI682;NCBI683;NCBI684
uni_v2,LYMPH_IDC,blocked,1,0.0,4.0,14076,5888,4,0.6951418519020081,0.28929923035204413,0.23-0.30,True,True,NCBI681;NCBI682;NCBI683;NCBI684
uni_v2,LYMPH_IDC,blocked_buffered,1,0.0,4.0,12667,5888,4,0.6906064748764038,0.28582535303197804,0.23-0.30,True,True,NCBI681;NCBI682;NCBI683;NCBI684
uni_v2,LYMPH_IDC,blocked_matched,1,0.0,4.0,12667,5888,4,0.6937870979309082,0.2867550684604794,0.23-0.30,True,True,NCBI681;NCBI682;NCBI683;NCBI684
uni_v2,LYMPH_IDC,random_matched,1,0.0,4.0,12667,4992,4,0.6815458536148071,0.36436215374618774,0.23-0.30,True,True,NCBI681;NCBI682;NCBI683;NCBI684
uni_v2,LYMPH_IDC,blocked,1,0.0,6.0,14700,5264,4,0.6354129314422607,0.3476934601645917,0.23-0.30,True,True,NCBI681;NCBI682;NCBI683;NCBI684
uni_v2,LYMPH_IDC,blocked_buffered,1,0.0,6.0,12267,5264,4,0.630315899848938,0.3418980466108769,0.23-0.30,True,True,NCBI681;NCBI682;NCBI683;NCBI684
uni_v2,LYMPH_IDC,blocked_matched,1,0.0,6.0,12267,5264,4,0.6345663666725159,0.34629972285591065,0.23-0.30,True,True,NCBI681;NCBI682;NCBI683;NCBI684
uni_v2,LYMPH_IDC,random_matched,1,0.0,6.0,12267,4992,4,0.6808487772941589,0.3638117279484868,0.23-0.30,True,True,NCBI681;NCBI682;NCBI683;NCBI684
uni_v2,LYMPH_IDC,blocked,1,0.0,10.0,14871,5093,4,0.6887185573577881,0.3547603443078697,0.23-0.30,True,True,NCBI681;NCBI682;NCBI683;NCBI684
uni_v2,LYMPH_IDC,blocked_buffered,1,0.0,10.0,10927,5093,4,0.6805365681648254,0.34490488085895776,0.23-0.30,True,True,NCBI681;NCBI682;NCBI683;NCBI684
uni_v2,LYMPH_IDC,blocked_matched,1,0.0,10.0,10927,5093,4,0.6866514682769775,0.35213470422400855,0.23-0.30,True,True,NCBI681;NCBI682;NCBI683;NCBI684
uni_v2,LYMPH_IDC,random_matched,1,0.0,10.0,10927,4992,4,0.6807212233543396,0.36320719432085746,0.23-0.30,True,True,NCBI681;NCBI682;NCBI683;NCBI684
uni_v2,LYMPH_IDC,random,1,1.0,,14972,4992,4,0.6868288516998291,0.3667609891225584,0.23-0.30,True,True,NCBI681;NCBI682;NCBI683;NCBI684
uni_v2,LYMPH_IDC,blocked,1,1.0,4.0,14044,5920,4,0.6201717853546143,0.30006170341017424,0.23-0.30,True,True,NCBI681;NCBI682;NCBI683;NCBI684
uni_v2,LYMPH_IDC,blocked_buffered,1,1.0,4.0,12381,5920,4,0.6133411526679993,0.2913874953635968,0.23-0.30,True,True,NCBI681;NCBI682;NCBI683;NCBI684
uni_v2,LYMPH_IDC,blocked_matched,1,1.0,4.0,12381,5920,4,0.6200631260871887,0.3002400546614081,0.23-0.30,True,True,NCBI681;NCBI682;NCBI683;NCBI684
uni_v2,LYMPH_IDC,random_matched,1,1.0,4.0,12381,4992,4,0.6858762502670288,0.3655716873379424,0.23-0.30,True,True,NCBI681;NCBI682;NCBI683;NCBI684
uni_v2,LYMPH_IDC,blocked,1,1.0,6.0,14564,5400,4,0.6610369086265564,0.3301006266567856,0.23-0.30,True,True,NCBI681;NCBI682;NCBI683;NCBI684
uni_v2,LYMPH_IDC,blocked_buffered,1,1.0,6.0,12065,5400,4,0.6560463905334473,0.3257642136886716,0.23-0.30,True,True,NCBI681;NCBI682;NCBI683;NCBI684
uni_v2,LYMPH_IDC,blocked_matched,1,1.0,6.0,12065,5400,4,0.6607600450515747,0.33068102029152213,0.23-0.30,True,True,NCBI681;NCBI682;NCBI683;NCBI684
uni_v2,LYMPH_IDC,random_matched,1,1.0,6.0,12065,4992,4,0.6857698559761047,0.3650221999385394,0.23-0.30,True,True,NCBI681;NCBI682;NCBI683;NCBI684
uni_v2,LYMPH_IDC,blocked,1,1.0,10.0,14840,5124,4,0.6776464581489563,0.35518458008766174,0.23-0.30,True,True,NCBI681;NCBI682;NCBI683;NCBI684
uni_v2,LYMPH_IDC,blocked_buffered,1,1.0,10.0,10651,5124,4,0.6707755923271179,0.34449612015858294,0.23-0.30,True,True,NCBI681;NCBI682;NCBI683;NCBI684
uni_v2,LYMPH_IDC,blocked_matched,1,1.0,10.0,10651,5124,4,0.6751428246498108,0.35097802863921973,0.23-0.30,True,True,NCBI681;NCBI682;NCBI683;NCBI684
uni_v2,LYMPH_IDC,random_matched,1,1.0,10.0,10651,4992,4,0.6844810247421265,0.36367386651923883,0.23-0.30,True,True,NCBI681;NCBI682;NCBI683;NCBI684
uni_v2,LYMPH_IDC,random,1,2.0,,14972,4992,4,0.6822230815887451,0.3629588268510997,0.23-0.30,True,True,NCBI681;NCBI682;NCBI683;NCBI684
uni_v2,LYMPH_IDC,blocked,1,2.0,4.0,14092,5872,4,0.6166384220123291,0.2829832305101445,0.23-0.30,True,True,NCBI681;NCBI682;NCBI683;NCBI684
uni_v2,LYMPH_IDC,blocked_buffered,1,2.0,4.0,12551,5872,4,0.6098242998123169,0.27520601264666766,0.23-0.30,True,True,NCBI681;NCBI682;NCBI683;NCBI684
uni_v2,LYMPH_IDC,blocked_matched,1,2.0,4.0,12551,5872,4,0.6158919334411621,0.2826454297779128,0.23-0.30,True,True,NCBI681;NCBI682;NCBI683;NCBI684
uni_v2,LYMPH_IDC,random_matched,1,2.0,4.0,12551,4992,4,0.6811785697937012,0.3615471510682255,0.23-0.30,True,True,NCBI681;NCBI682;NCBI683;NCBI684
uni_v2,LYMPH_IDC,blocked,1,2.0,6.0,14825,5139,4,0.6438750624656677,0.371958633325994,0.23-0.30,True,True,NCBI681;NCBI682;NCBI683;NCBI684
uni_v2,LYMPH_IDC,blocked_buffered,1,2.0,6.0,12610,5139,4,0.6382959485054016,0.36628952684375693,0.23-0.30,True,True,NCBI681;NCBI682;NCBI683;NCBI684
uni_v2,LYMPH_IDC,blocked_matched,1,2.0,6.0,12610,5139,4,0.6419429183006287,0.36968592902645464,0.23-0.30,True,True,NCBI681;NCBI682;NCBI683;NCBI684
uni_v2,LYMPH_IDC,random_matched,1,2.0,6.0,12610,4992,4,0.6812241077423096,0.3614864753931761,0.23-0.30,True,True,NCBI681;NCBI682;NCBI683;NCBI684
uni_v2,LYMPH_IDC,blocked,1,2.0,10.0,14920,5044,4,0.6543328166007996,0.35243219774216417,0.23-0.30,True,True,NCBI681;NCBI682;NCBI683;NCBI684
uni_v2,LYMPH_IDC,blocked_buffered,1,2.0,10.0,10853,5044,4,0.6438223123550415,0.33889577134512366,0.23-0.30,True,True,NCBI681;NCBI682;NCBI683;NCBI684
uni_v2,LYMPH_IDC,blocked_matched,1,2.0,10.0,10853,5044,4,0.6521320939064026,0.3493534759338945,0.23-0.30,True,True,NCBI681;NCBI682;NCBI683;NCBI684
uni_v2,LYMPH_IDC,random_matched,1,2.0,10.0,10853,4992,4,0.6798040866851807,0.36004304101690654,0.23-0.30,True,True,NCBI681;NCBI682;NCBI683;NCBI684
uni_v2,LYMPH_IDC,random,1,3.0,,14972,4992,4,0.6871750354766846,0.3669033931475133,0.23-0.30,True,True,NCBI681;NCBI682;NCBI683;NCBI684
uni_v2,LYMPH_IDC,blocked,1,3.0,4.0,14332,5632,4,0.6448532938957214,0.34495616040192545,0.23-0.30,True,True,NCBI681;NCBI682;NCBI683;NCBI684
uni_v2,LYMPH_IDC,blocked_buffered,1,3.0,4.0,12699,5632,4,0.6412310004234314,0.34038193338550626,0.23-0.30,True,True,NCBI681;NCBI682;NCBI683;NCBI684
uni_v2,LYMPH_IDC,blocked_matched,1,3.0,4.0,12699,5632,4,0.6437315940856934,0.34398113646544515,0.23-0.30,True,True,NCBI681;NCBI682;NCBI683;NCBI684
uni_v2,LYMPH_IDC,random_matched,1,3.0,4.0,12699,4992,4,0.6859081387519836,0.36509474185761065,0.23-0.30,True,True,NCBI681;NCBI682;NCBI683;NCBI684
uni_v2,LYMPH_IDC,blocked,1,3.0,6.0,14703,5261,4,0.6419066786766052,0.32364799577277154,0.23-0.30,True,True,NCBI681;NCBI682;NCBI683;NCBI684
uni_v2,LYMPH_IDC,blocked_buffered,1,3.0,6.0,12561,5261,4,0.6343142986297607,0.31739433825947344,0.23-0.30,True,True,NCBI681;NCBI682;NCBI683;NCBI684
uni_v2,LYMPH_IDC,blocked_matched,1,3.0,6.0,12561,5261,4,0.6409938335418701,0.3220583360968158,0.23-0.30,True,True,NCBI681;NCBI682;NCBI683;NCBI684
uni_v2,LYMPH_IDC,random_matched,1,3.0,6.0,12561,4992,4,0.686240553855896,0.3654954515676946,0.23-0.30,True,True,NCBI681;NCBI682;NCBI683;NCBI684
uni_v2,LYMPH_IDC,blocked,1,3.0,10.0,14882,5082,4,0.6722251772880554,0.3452421611733734,0.23-0.30,True,True,NCBI681;NCBI682;NCBI683;NCBI684
uni_v2,LYMPH_IDC,blocked_buffered,1,3.0,10.0,10659,5082,4,0.6654641628265381,0.33891185907647015,0.23-0.30,True,True,NCBI681;NCBI682;NCBI683;NCBI684
uni_v2,LYMPH_IDC,blocked_matched,1,3.0,10.0,10659,5082,4,0.6694591641426086,0.34221110664308074,0.23-0.30,True,True,NCBI681;NCBI682;NCBI683;NCBI684
uni_v2,LYMPH_IDC,random_matched,1,3.0,10.0,10659,4992,4,0.6852259039878845,0.3652335879998282,0.23-0.30,True,True,NCBI681;NCBI682;NCBI683;NCBI684
uni_v2,LYMPH_IDC,random,1,4.0,,14972,4992,4,0.687833309173584,0.363079175921157,0.23-0.30,True,True,NCBI681;NCBI682;NCBI683;NCBI684
uni_v2,LYMPH_IDC,blocked,1,4.0,4.0,14284,5680,4,0.6502242088317871,0.33572889767587183,0.23-0.30,True,True,NCBI681;NCBI682;NCBI683;NCBI684
uni_v2,LYMPH_IDC,blocked_buffered,1,4.0,4.0,12894,5680,4,0.6470045447349548,0.33377589924260975,0.23-0.30,True,True,NCBI681;NCBI682;NCBI683;NCBI684
uni_v2,LYMPH_IDC,blocked_matched,1,4.0,4.0,12894,5680,4,0.6492562890052795,0.3342105803918093,0.23-0.30,True,True,NCBI681;NCBI682;NCBI683;NCBI684
uni_v2,LYMPH_IDC,random_matched,1,4.0,4.0,12894,4992,4,0.6867528557777405,0.3616292500682175,0.23-0.30,True,True,NCBI681;NCBI682;NCBI683;NCBI684
uni_v2,LYMPH_IDC,blocked,1,4.0,6.0,14545,5419,4,0.6837359070777893,0.3506009309459478,0.23-0.30,True,True,NCBI681;NCBI682;NCBI683;NCBI684
uni_v2,LYMPH_IDC,blocked_buffered,1,4.0,6.0,12538,5419,4,0.6776804327964783,0.34637053923215716,0.23-0.30,True,True,NCBI681;NCBI682;NCBI683;NCBI684
uni_v2,LYMPH_IDC,blocked_matched,1,4.0,6.0,12538,5419,4,0.6832491159439087,0.3494235373660922,0.23-0.30,True,True,NCBI681;NCBI682;NCBI683;NCBI684
uni_v2,LYMPH_IDC,random_matched,1,4.0,6.0,12538,4992,4,0.6867289543151855,0.3610542910918594,0.23-0.30,True,True,NCBI681;NCBI682;NCBI683;NCBI684
uni_v2,LYMPH_IDC,blocked,1,4.0,10.0,14905,5059,4,0.7003437280654907,0.3617631074599922,0.23-0.30,True,True,NCBI681;NCBI682;NCBI683;NCBI684
uni_v2,LYMPH_IDC,blocked_buffered,1,4.0,10.0,10786,5059,4,0.6922363042831421,0.3526277995109558,0.23-0.30,True,True,NCBI681;NCBI682;NCBI683;NCBI684
uni_v2,LYMPH_IDC,blocked_matched,1,4.0,10.0,10786,5059,4,0.6978861093521118,0.35745871988125144,0.23-0.30,True,True,NCBI681;NCBI682;NCBI683;NCBI684
uni_v2,LYMPH_IDC,random_matched,1,4.0,10.0,10786,4992,4,0.6857988834381104,0.36059129756176844,0.23-0.30,True,True,NCBI681;NCBI682;NCBI683;NCBI684
uni_v2,LYMPH_IDC,patient,2,,,14976,4988,1,0.2957427501678467,0.295742790249642,0.23-0.30,True,True,NCBI682
uni_v2,LYMPH_IDC,random,2,0.0,,14976,4988,4,0.682607889175415,0.36525943464599553,0.23-0.30,True,True,NCBI681;NCBI682;NCBI683;NCBI684
uni_v2,LYMPH_IDC,blocked,2,0.0,4.0,14640,5324,4,0.6366779208183289,0.28071478230063807,0.23-0.30,True,True,NCBI681;NCBI682;NCBI683;NCBI684
uni_v2,LYMPH_IDC,blocked_buffered,2,0.0,4.0,13130,5324,4,0.6329789757728577,0.2763651676895097,0.23-0.30,True,True,NCBI681;NCBI682;NCBI683;NCBI684
uni_v2,LYMPH_IDC,blocked_matched,2,0.0,4.0,13130,5324,4,0.6360031962394714,0.280311281925533,0.23-0.30,True,True,NCBI681;NCBI682;NCBI683;NCBI684
uni_v2,LYMPH_IDC,random_matched,2,0.0,4.0,13130,4988,4,0.6818646192550659,0.36462682472192687,0.23-0.30,True,True,NCBI681;NCBI682;NCBI683;NCBI684
uni_v2,LYMPH_IDC,blocked,2,0.0,6.0,14803,5161,4,0.6626167297363281,0.32799230232834814,0.23-0.30,True,True,NCBI681;NCBI682;NCBI683;NCBI684
uni_v2,LYMPH_IDC,blocked_buffered,2,0.0,6.0,12403,5161,4,0.6574260592460632,0.3210552445147187,0.23-0.30,True,True,NCBI681;NCBI682;NCBI683;NCBI684
uni_v2,LYMPH_IDC,blocked_matched,2,0.0,6.0,12403,5161,4,0.6611564755439758,0.3250784904230386,0.23-0.30,True,True,NCBI681;NCBI682;NCBI683;NCBI684
uni_v2,LYMPH_IDC,random_matched,2,0.0,6.0,12403,4988,4,0.6813291907310486,0.3635248585185036,0.23-0.30,True,True,NCBI681;NCBI682;NCBI683;NCBI684
uni_v2,LYMPH_IDC,blocked,2,0.0,10.0,14870,5094,4,0.6767535209655762,0.3446421263553202,0.23-0.30,True,True,NCBI681;NCBI682;NCBI683;NCBI684
uni_v2,LYMPH_IDC,blocked_buffered,2,0.0,10.0,10918,5094,4,0.6680339574813843,0.3322670235298574,0.23-0.30,True,True,NCBI681;NCBI682;NCBI683;NCBI684
uni_v2,LYMPH_IDC,blocked_matched,2,0.0,10.0,10918,5094,4,0.6747691631317139,0.34143445640802383,0.23-0.30,True,True,NCBI681;NCBI682;NCBI683;NCBI684
uni_v2,LYMPH_IDC,random_matched,2,0.0,10.0,10918,4988,4,0.6803153157234192,0.36178942288272087,0.23-0.30,True,True,NCBI681;NCBI682;NCBI683;NCBI684
uni_v2,LYMPH_IDC,random,2,1.0,,14976,4988,4,0.6833294630050659,0.36649704532115723,0.23-0.30,True,True,NCBI681;NCBI682;NCBI683;NCBI684
uni_v2,LYMPH_IDC,blocked,2,1.0,4.0,14672,5292,4,0.6815095543861389,0.3705553420004435,0.23-0.30,True,True,NCBI681;NCBI682;NCBI683;NCBI684
uni_v2,LYMPH_IDC,blocked_buffered,2,1.0,4.0,13318,5292,4,0.675301194190979,0.36510591596452285,0.23-0.30,True,True,NCBI681;NCBI682;NCBI683;NCBI684
uni_v2,LYMPH_IDC,blocked_matched,2,1.0,4.0,13318,5292,4,0.6804857850074768,0.36882861790007154,0.23-0.30,True,True,NCBI681;NCBI682;NCBI683;NCBI684
uni_v2,LYMPH_IDC,random_matched,2,1.0,4.0,13318,4988,4,0.6828624606132507,0.36575987152995365,0.23-0.30,True,True,NCBI681;NCBI682;NCBI683;NCBI684
uni_v2,LYMPH_IDC,blocked,2,1.0,6.0,14697,5267,4,0.6426054239273071,0.3316854115575552,0.23-0.30,True,True,NCBI681;NCBI682;NCBI683;NCBI684
uni_v2,LYMPH_IDC,blocked_buffered,2,1.0,6.0,12386,5267,4,0.6348022818565369,0.32424012003000824,0.23-0.30,True,True,NCBI681;NCBI682;NCBI683;NCBI684
uni_v2,LYMPH_IDC,blocked_matched,2,1.0,6.0,12386,5267,4,0.64176344871521,0.33076041840948167,0.23-0.30,True,True,NCBI681;NCBI682;NCBI683;NCBI684
uni_v2,LYMPH_IDC,random_matched,2,1.0,6.0,12386,4988,4,0.6822008490562439,0.36513794003985817,0.23-0.30,True,True,NCBI681;NCBI682;NCBI683;NCBI684
uni_v2,LYMPH_IDC,blocked,2,1.0,10.0,14907,5057,4,0.6621177792549133,0.34014907337725164,0.23-0.30,True,True,NCBI681;NCBI682;NCBI683;NCBI684
uni_v2,LYMPH_IDC,blocked_buffered,2,1.0,10.0,10975,5057,4,0.6525200009346008,0.3269589234981686,0.23-0.30,True,True,NCBI681;NCBI682;NCBI683;NCBI684
uni_v2,LYMPH_IDC,blocked_matched,2,1.0,10.0,10975,5057,4,0.6599026322364807,0.3360930244624615,0.23-0.30,True,True,NCBI681;NCBI682;NCBI683;NCBI684
uni_v2,LYMPH_IDC,random_matched,2,1.0,10.0,10975,4988,4,0.6808454990386963,0.3621460392139852,0.23-0.30,True,True,NCBI681;NCBI682;NCBI683;NCBI684
uni_v2,LYMPH_IDC,random,2,2.0,,14976,4988,4,0.6856650710105896,0.3654023318737745,0.23-0.30,True,True,NCBI681;NCBI682;NCBI683;NCBI684
uni_v2,LYMPH_IDC,blocked,2,2.0,4.0,14368,5596,4,0.6435688734054565,0.3504615825694054,0.23-0.30,True,True,NCBI681;NCBI682;NCBI683;NCBI684
uni_v2,LYMPH_IDC,blocked_buffered,2,2.0,4.0,12960,5596,4,0.6400455236434937,0.3474110291898251,0.23-0.30,True,True,NCBI681;NCBI682;NCBI683;NCBI684
uni_v2,LYMPH_IDC,blocked_matched,2,2.0,4.0,12960,5596,4,0.6427159905433655,0.3498807021524408,0.23-0.30,True,True,NCBI681;NCBI682;NCBI683;NCBI684
uni_v2,LYMPH_IDC,random_matched,2,2.0,4.0,12960,4988,4,0.6849661469459534,0.36462719898670914,0.23-0.30,True,True,NCBI681;NCBI682;NCBI683;NCBI684
uni_v2,LYMPH_IDC,blocked,2,2.0,6.0,14690,5274,4,0.6827269196510315,0.37003542203456163,0.23-0.30,True,True,NCBI681;NCBI682;NCBI683;NCBI684
uni_v2,LYMPH_IDC,blocked_buffered,2,2.0,6.0,12397,5274,4,0.6771341562271118,0.3648398375045508,0.23-0.30,True,True,NCBI681;NCBI682;NCBI683;NCBI684
uni_v2,LYMPH_IDC,blocked_matched,2,2.0,6.0,12397,5274,4,0.6819177269935608,0.36942137669771913,0.23-0.30,True,True,NCBI681;NCBI682;NCBI683;NCBI684
uni_v2,LYMPH_IDC,random_matched,2,2.0,6.0,12397,4988,4,0.6844689846038818,0.3639363276958465,0.23-0.30,True,True,NCBI681;NCBI682;NCBI683;NCBI684
uni_v2,LYMPH_IDC,blocked,2,2.0,10.0,14904,5060,4,0.6729924082756042,0.3656360274436884,0.23-0.30,True,True,NCBI681;NCBI682;NCBI683;NCBI684
uni_v2,LYMPH_IDC,blocked_buffered,2,2.0,10.0,10785,5060,4,0.6649649143218994,0.3530813434626907,0.23-0.30,True,True,NCBI681;NCBI682;NCBI683;NCBI684
uni_v2,LYMPH_IDC,blocked_matched,2,2.0,10.0,10785,5060,4,0.670350968837738,0.363634993461892,0.23-0.30,True,True,NCBI681;NCBI682;NCBI683;NCBI684
uni_v2,LYMPH_IDC,random_matched,2,2.0,10.0,10785,4988,4,0.6836748719215393,0.36184651620686054,0.23-0.30,True,True,NCBI681;NCBI682;NCBI683;NCBI684
uni_v2,LYMPH_IDC,random,2,3.0,,14976,4988,4,0.685249924659729,0.3666135077457875,0.23-0.30,True,True,NCBI681;NCBI682;NCBI683;NCBI684
uni_v2,LYMPH_IDC,blocked,2,3.0,4.0,14380,5584,4,0.6701632738113403,0.2981458974257111,0.23-0.30,True,True,NCBI681;NCBI682;NCBI683;NCBI684
uni_v2,LYMPH_IDC,blocked_buffered,2,3.0,4.0,12872,5584,4,0.6650475263595581,0.2922329979960341,0.23-0.30,True,True,NCBI681;NCBI682;NCBI683;NCBI684
uni_v2,LYMPH_IDC,blocked_matched,2,3.0,4.0,12872,5584,4,0.6695355772972107,0.29814355936250647,0.23-0.30,True,True,NCBI681;NCBI682;NCBI683;NCBI684
uni_v2,LYMPH_IDC,random_matched,2,3.0,4.0,12872,4988,4,0.6848474144935608,0.3660320987319574,0.23-0.30,True,True,NCBI681;NCBI682;NCBI683;NCBI684
uni_v2,LYMPH_IDC,blocked,2,3.0,6.0,14575,5389,4,0.6690109968185425,0.29925464032217863,0.23-0.30,True,True,NCBI681;NCBI682;NCBI683;NCBI684
uni_v2,LYMPH_IDC,blocked_buffered,2,3.0,6.0,12272,5389,4,0.6630485653877258,0.2903094535251148,0.23-0.30,True,True,NCBI681;NCBI682;NCBI683;NCBI684
uni_v2,LYMPH_IDC,blocked_matched,2,3.0,6.0,12272,5389,4,0.6684669256210327,0.29861214702716093,0.23-0.30,True,True,NCBI681;NCBI682;NCBI683;NCBI684
uni_v2,LYMPH_IDC,random_matched,2,3.0,6.0,12272,4988,4,0.6844318509101868,0.365520952930674,0.23-0.30,True,True,NCBI681;NCBI682;NCBI683;NCBI684
uni_v2,LYMPH_IDC,blocked,2,3.0,10.0,14881,5083,4,0.6497582793235779,0.33712202481459824,0.23-0.30,True,True,NCBI681;NCBI682;NCBI683;NCBI684
uni_v2,LYMPH_IDC,blocked_buffered,2,3.0,10.0,10785,5083,4,0.6413720846176147,0.32615518663311377,0.23-0.30,True,True,NCBI681;NCBI682;NCBI683;NCBI684
uni_v2,LYMPH_IDC,blocked_matched,2,3.0,10.0,10785,5083,4,0.647515058517456,0.3334244605200365,0.23-0.30,True,True,NCBI681;NCBI682;NCBI683;NCBI684
uni_v2,LYMPH_IDC,random_matched,2,3.0,10.0,10785,4988,4,0.683593213558197,0.3641535091679543,0.23-0.30,True,True,NCBI681;NCBI682;NCBI683;NCBI684
uni_v2,LYMPH_IDC,random,2,4.0,,14976,4988,4,0.6835101246833801,0.3664887744374573,0.23-0.30,True,True,NCBI681;NCBI682;NCBI683;NCBI684
uni_v2,LYMPH_IDC,blocked,2,4.0,4.0,14636,5328,4,0.6551007032394409,0.26868169438195766,0.23-0.30,True,True,NCBI681;NCBI682;NCBI683;NCBI684
uni_v2,LYMPH_IDC,blocked_buffered,2,4.0,4.0,13121,5328,4,0.6499521732330322,0.2626503093983047,0.23-0.30,True,True,NCBI681;NCBI682;NCBI683;NCBI684
uni_v2,LYMPH_IDC,blocked_matched,2,4.0,4.0,13121,5328,4,0.6541599035263062,0.2676081410958432,0.23-0.30,True,True,NCBI681;NCBI682;NCBI683;NCBI684
uni_v2,LYMPH_IDC,random_matched,2,4.0,4.0,13121,4988,4,0.6825555562973022,0.3652672267425805,0.23-0.30,True,True,NCBI681;NCBI682;NCBI683;NCBI684
uni_v2,LYMPH_IDC,blocked,2,4.0,6.0,14704,5260,4,0.6872227191925049,0.34506230845116076,0.23-0.30,True,True,NCBI681;NCBI682;NCBI683;NCBI684
uni_v2,LYMPH_IDC,blocked_buffered,2,4.0,6.0,12293,5260,4,0.6793307662010193,0.3401685429457575,0.23-0.30,True,True,NCBI681;NCBI682;NCBI683;NCBI684
uni_v2,LYMPH_IDC,blocked_matched,2,4.0,6.0,12293,5260,4,0.6857845187187195,0.3437869137432426,0.23-0.30,True,True,NCBI681;NCBI682;NCBI683;NCBI684
uni_v2,LYMPH_IDC,random_matched,2,4.0,6.0,12293,4988,4,0.6822255849838257,0.36491946467664094,0.23-0.30,True,True,NCBI681;NCBI682;NCBI683;NCBI684
uni_v2,LYMPH_IDC,blocked,2,4.0,10.0,14912,5052,4,0.6813316345214844,0.34315361840184777,0.23-0.30,True,True,NCBI681;NCBI682;NCBI683;NCBI684
uni_v2,LYMPH_IDC,blocked_buffered,2,4.0,10.0,10914,5052,4,0.6730856895446777,0.33403809531300793,0.23-0.30,True,True,NCBI681;NCBI682;NCBI683;NCBI684
uni_v2,LYMPH_IDC,blocked_matched,2,4.0,10.0,10914,5052,4,0.6793913245201111,0.34068170086480676,0.23-0.30,True,True,NCBI681;NCBI682;NCBI683;NCBI684
uni_v2,LYMPH_IDC,random_matched,2,4.0,10.0,10914,4988,4,0.6812595129013062,0.3628245811490342,0.23-0.30,True,True,NCBI681;NCBI682;NCBI683;NCBI684
uni_v2,LYMPH_IDC,patient,3,,,14972,4992,1,0.2529012858867645,0.25290128841996196,0.23-0.30,True,True,NCBI681
uni_v2,LYMPH_IDC,random,3,0.0,,14972,4992,4,0.6899130344390869,0.36787674015387894,0.23-0.30,True,True,NCBI681;NCBI682;NCBI683;NCBI684
uni_v2,LYMPH_IDC,blocked,3,0.0,4.0,14348,5616,4,0.6540007591247559,0.326313273482956,0.23-0.30,True,True,NCBI681;NCBI682;NCBI683;NCBI684
uni_v2,LYMPH_IDC,blocked_buffered,3,0.0,4.0,13144,5616,4,0.6507209539413452,0.3241228796122596,0.23-0.30,True,True,NCBI681;NCBI682;NCBI683;NCBI684
uni_v2,LYMPH_IDC,blocked_matched,3,0.0,4.0,13144,5616,4,0.6541121602058411,0.32698050660081207,0.23-0.30,True,True,NCBI681;NCBI682;NCBI683;NCBI684
uni_v2,LYMPH_IDC,random_matched,3,0.0,4.0,13144,4992,4,0.6894599199295044,0.36720471596810966,0.23-0.30,True,True,NCBI681;NCBI682;NCBI683;NCBI684
uni_v2,LYMPH_IDC,blocked,3,0.0,6.0,14687,5277,4,0.6512454748153687,0.30567239135038105,0.23-0.30,True,True,NCBI681;NCBI682;NCBI683;NCBI684
uni_v2,LYMPH_IDC,blocked_buffered,3,0.0,6.0,12341,5277,4,0.645557701587677,0.297686891942285,0.23-0.30,True,True,NCBI681;NCBI682;NCBI683;NCBI684
uni_v2,LYMPH_IDC,blocked_matched,3,0.0,6.0,12341,5277,4,0.6499651074409485,0.3037520851699446,0.23-0.30,True,True,NCBI681;NCBI682;NCBI683;NCBI684
uni_v2,LYMPH_IDC,random_matched,3,0.0,6.0,12341,4992,4,0.6886417269706726,0.36562613014131784,0.23-0.30,True,True,NCBI681;NCBI682;NCBI683;NCBI684
uni_v2,LYMPH_IDC,blocked,3,0.0,10.0,14917,5047,4,0.6792136430740356,0.345618505589664,0.23-0.30,True,True,NCBI681;NCBI682;NCBI683;NCBI684
uni_v2,LYMPH_IDC,blocked_buffered,3,0.0,10.0,10846,5047,4,0.6729192137718201,0.3368279089732095,0.23-0.30,True,True,NCBI681;NCBI682;NCBI683;NCBI684
uni_v2,LYMPH_IDC,blocked_matched,3,0.0,10.0,10846,5047,4,0.6772218346595764,0.34417041824432093,0.23-0.30,True,True,NCBI681;NCBI682;NCBI683;NCBI684
uni_v2,LYMPH_IDC,random_matched,3,0.0,10.0,10846,4992,4,0.6875620484352112,0.3646475800313056,0.23-0.30,True,True,NCBI681;NCBI682;NCBI683;NCBI684
uni_v2,LYMPH_IDC,random,3,1.0,,14972,4992,4,0.6871491074562073,0.3694184783566743,0.23-0.30,True,True,NCBI681;NCBI682;NCBI683;NCBI684
uni_v2,LYMPH_IDC,blocked,3,1.0,4.0,14000,5964,4,0.6642947196960449,0.3306936065992341,0.23-0.30,True,True,NCBI681;NCBI682;NCBI683;NCBI684
uni_v2,LYMPH_IDC,blocked_buffered,3,1.0,4.0,12345,5964,4,0.6589081287384033,0.3263551697600633,0.23-0.30,True,True,NCBI681;NCBI682;NCBI683;NCBI684
uni_v2,LYMPH_IDC,blocked_matched,3,1.0,4.0,12345,5964,4,0.6634662747383118,0.3295936262141913,0.23-0.30,True,True,NCBI681;NCBI682;NCBI683;NCBI684
uni_v2,LYMPH_IDC,random_matched,3,1.0,4.0,12345,4992,4,0.6857888698577881,0.36740205753594635,0.23-0.30,True,True,NCBI681;NCBI682;NCBI683;NCBI684
uni_v2,LYMPH_IDC,blocked,3,1.0,6.0,14570,5394,4,0.6806616187095642,0.34488348207203673,0.23-0.30,True,True,NCBI681;NCBI682;NCBI683;NCBI684
uni_v2,LYMPH_IDC,blocked_buffered,3,1.0,6.0,11929,5394,4,0.6746016144752502,0.3348871427588165,0.23-0.30,True,True,NCBI681;NCBI682;NCBI683;NCBI684
uni_v2,LYMPH_IDC,blocked_matched,3,1.0,6.0,11929,5394,4,0.6792373657226562,0.34292544225230814,0.23-0.30,True,True,NCBI681;NCBI682;NCBI683;NCBI684
uni_v2,LYMPH_IDC,random_matched,3,1.0,6.0,11929,4992,4,0.6855002045631409,0.3672066739597358,0.23-0.30,True,True,NCBI681;NCBI682;NCBI683;NCBI684
uni_v2,LYMPH_IDC,blocked,3,1.0,10.0,14832,5132,4,0.6832725405693054,0.36648087937530366,0.23-0.30,True,True,NCBI681;NCBI682;NCBI683;NCBI684
uni_v2,LYMPH_IDC,blocked_buffered,3,1.0,10.0,10946,5132,4,0.6751224994659424,0.35496609822846953,0.23-0.30,True,True,NCBI681;NCBI682;NCBI683;NCBI684
uni_v2,LYMPH_IDC,blocked_matched,3,1.0,10.0,10946,5132,4,0.6816743612289429,0.3646258483780548,0.23-0.30,True,True,NCBI681;NCBI682;NCBI683;NCBI684
uni_v2,LYMPH_IDC,random_matched,3,1.0,10.0,10946,4992,4,0.6849877238273621,0.36626457375474275,0.23-0.30,True,True,NCBI681;NCBI682;NCBI683;NCBI684
uni_v2,LYMPH_IDC,random,3,2.0,,14972,4992,4,0.6874408721923828,0.3671857572766021,0.23-0.30,True,True,NCBI681;NCBI682;NCBI683;NCBI684
uni_v2,LYMPH_IDC,blocked,3,2.0,4.0,14048,5916,4,0.654308557510376,0.2934380327165127,0.23-0.30,True,True,NCBI681;NCBI682;NCBI683;NCBI684
uni_v2,LYMPH_IDC,blocked_buffered,3,2.0,4.0,12621,5916,4,0.647991955280304,0.28587264074012636,0.23-0.30,True,True,NCBI681;NCBI682;NCBI683;NCBI684
uni_v2,LYMPH_IDC,blocked_matched,3,2.0,4.0,12621,5916,4,0.6532868146896362,0.2921963749546558,0.23-0.30,True,True,NCBI681;NCBI682;NCBI683;NCBI684
uni_v2,LYMPH_IDC,random_matched,3,2.0,4.0,12621,4992,4,0.6858367323875427,0.3643115441978444,0.23-0.30,True,True,NCBI681;NCBI682;NCBI683;NCBI684
uni_v2,LYMPH_IDC,blocked,3,2.0,6.0,14678,5286,4,0.6206461191177368,0.3205097823636606,0.23-0.30,True,True,NCBI681;NCBI682;NCBI683;NCBI684
uni_v2,LYMPH_IDC,blocked_buffered,3,2.0,6.0,12144,5286,4,0.6146050095558167,0.31159449921920895,0.23-0.30,True,True,NCBI681;NCBI682;NCBI683;NCBI684
uni_v2,LYMPH_IDC,blocked_matched,3,2.0,6.0,12144,5286,4,0.6200078725814819,0.319348948225379,0.23-0.30,True,True,NCBI681;NCBI682;NCBI683;NCBI684
uni_v2,LYMPH_IDC,random_matched,3,2.0,6.0,12144,4992,4,0.6858632564544678,0.36468611569376663,0.23-0.30,True,True,NCBI681;NCBI682;NCBI683;NCBI684
uni_v2,LYMPH_IDC,blocked,3,2.0,10.0,14890,5074,4,0.6982402801513672,0.3724252660991624,0.23-0.30,True,True,NCBI681;NCBI682;NCBI683;NCBI684
uni_v2,LYMPH_IDC,blocked_buffered,3,2.0,10.0,10736,5074,4,0.6892797946929932,0.36377042319625613,0.23-0.30,True,True,NCBI681;NCBI682;NCBI683;NCBI684
uni_v2,LYMPH_IDC,blocked_matched,3,2.0,10.0,10736,5074,4,0.6957495808601379,0.368357409555465,0.23-0.30,True,True,NCBI681;NCBI682;NCBI683;NCBI684
uni_v2,LYMPH_IDC,random_matched,3,2.0,10.0,10736,4992,4,0.6851785778999329,0.36503067751415075,0.23-0.30,True,True,NCBI681;NCBI682;NCBI683;NCBI684
uni_v2,LYMPH_IDC,random,3,3.0,,14972,4992,4,0.6849398016929626,0.3693742796592414,0.23-0.30,True,True,NCBI681;NCBI682;NCBI683;NCBI684
uni_v2,LYMPH_IDC,blocked,3,3.0,4.0,14348,5616,4,0.6350088715553284,0.2889125246135518,0.23-0.30,True,True,NCBI681;NCBI682;NCBI683;NCBI684
uni_v2,LYMPH_IDC,blocked_buffered,3,3.0,4.0,12915,5616,4,0.6303412914276123,0.2823181624396239,0.23-0.30,True,True,NCBI681;NCBI682;NCBI683;NCBI684
uni_v2,LYMPH_IDC,blocked_matched,3,3.0,4.0,12915,5616,4,0.6345912218093872,0.2885471805999987,0.23-0.30,True,True,NCBI681;NCBI682;NCBI683;NCBI684
uni_v2,LYMPH_IDC,random_matched,3,3.0,4.0,12915,4992,4,0.6840634942054749,0.3677941945940256,0.23-0.30,True,True,NCBI681;NCBI682;NCBI683;NCBI684
uni_v2,LYMPH_IDC,blocked,3,3.0,6.0,14564,5400,4,0.6504094004631042,0.3779786816425621,0.23-0.30,True,True,NCBI681;NCBI682;NCBI683;NCBI684
uni_v2,LYMPH_IDC,blocked_buffered,3,3.0,6.0,12160,5400,4,0.6422246694564819,0.36624945686897264,0.23-0.30,True,True,NCBI681;NCBI682;NCBI683;NCBI684
uni_v2,LYMPH_IDC,blocked_matched,3,3.0,6.0,12160,5400,4,0.6489389538764954,0.3763653422147036,0.23-0.30,True,True,NCBI681;NCBI682;NCBI683;NCBI684
uni_v2,LYMPH_IDC,random_matched,3,3.0,6.0,12160,4992,4,0.6834663152694702,0.3667750605382025,0.23-0.30,True,True,NCBI681;NCBI682;NCBI683;NCBI684
uni_v2,LYMPH_IDC,blocked,3,3.0,10.0,14881,5083,4,0.7006387114524841,0.3820179169718176,0.23-0.30,True,True,NCBI681;NCBI682;NCBI683;NCBI684
uni_v2,LYMPH_IDC,blocked_buffered,3,3.0,10.0,10880,5083,4,0.6921655535697937,0.3725222919695079,0.23-0.30,True,True,NCBI681;NCBI682;NCBI683;NCBI684
uni_v2,LYMPH_IDC,blocked_matched,3,3.0,10.0,10880,5083,4,0.6985490322113037,0.3804595518158749,0.23-0.30,True,True,NCBI681;NCBI682;NCBI683;NCBI684
uni_v2,LYMPH_IDC,random_matched,3,3.0,10.0,10880,4992,4,0.6822593212127686,0.36529246412217614,0.23-0.30,True,True,NCBI681;NCBI682;NCBI683;NCBI684
uni_v2,LYMPH_IDC,random,3,4.0,,14972,4992,4,0.685881495475769,0.3712894805520773,0.23-0.30,True,True,NCBI681;NCBI682;NCBI683;NCBI684
uni_v2,LYMPH_IDC,blocked,3,4.0,4.0,13772,6192,4,0.6647567749023438,0.2739969084691256,0.23-0.30,True,True,NCBI681;NCBI682;NCBI683;NCBI684
uni_v2,LYMPH_IDC,blocked_buffered,3,4.0,4.0,12458,6192,4,0.6591494083404541,0.26812350953696296,0.23-0.30,True,True,NCBI681;NCBI682;NCBI683;NCBI684
uni_v2,LYMPH_IDC,blocked_matched,3,4.0,4.0,12458,6192,4,0.6641631126403809,0.2728655054792762,0.23-0.30,True,True,NCBI681;NCBI682;NCBI683;NCBI684
uni_v2,LYMPH_IDC,random_matched,3,4.0,4.0,12458,4992,4,0.6846048831939697,0.36979895837605,0.23-0.30,True,True,NCBI681;NCBI682;NCBI683;NCBI684
uni_v2,LYMPH_IDC,blocked,3,4.0,6.0,14694,5270,4,0.6884481310844421,0.33933383724652233,0.23-0.30,True,True,NCBI681;NCBI682;NCBI683;NCBI684
uni_v2,LYMPH_IDC,blocked_buffered,3,4.0,6.0,12254,5270,4,0.6820258498191833,0.3313271132775117,0.23-0.30,True,True,NCBI681;NCBI682;NCBI683;NCBI684
uni_v2,LYMPH_IDC,blocked_matched,3,4.0,6.0,12254,5270,4,0.6862907409667969,0.33634356710244906,0.23-0.30,True,True,NCBI681;NCBI682;NCBI683;NCBI684
uni_v2,LYMPH_IDC,random_matched,3,4.0,6.0,12254,4992,4,0.6840820908546448,0.36857207654044033,0.23-0.30,True,True,NCBI681;NCBI682;NCBI683;NCBI684
uni_v2,LYMPH_IDC,blocked,3,4.0,10.0,14878,5086,4,0.6834617853164673,0.3413887478737161,0.23-0.30,True,True,NCBI681;NCBI682;NCBI683;NCBI684
uni_v2,LYMPH_IDC,blocked_buffered,3,4.0,10.0,11038,5086,4,0.675028920173645,0.33095504837110634,0.23-0.30,True,True,NCBI681;NCBI682;NCBI683;NCBI684
uni_v2,LYMPH_IDC,blocked_matched,3,4.0,10.0,11038,5086,4,0.6810735464096069,0.33851630324032156,0.23-0.30,True,True,NCBI681;NCBI682;NCBI683;NCBI684
uni_v2,LYMPH_IDC,random_matched,3,4.0,10.0,11038,4992,4,0.6833118200302124,0.3666018380085006,0.23-0.30,True,True,NCBI681;NCBI682;NCBI683;NCBI684
uni_v2,PAAD,patient,0,,,5561,2010,1,0.46531596779823303,0.4653159710764885,<=0.15,False,False,TENX116
uni_v2,PAAD,random,0,0.0,,5561,2010,3,0.7551321387290955,0.645127510552605,0.23-0.30;<=0.15,True,False,TENX116;TENX126;TENX140
uni_v2,PAAD,blocked,0,0.0,4.0,5260,2311,3,0.7354534864425659,0.6180873074134191,0.23-0.30;<=0.15,True,False,TENX116;TENX126;TENX140
uni_v2,PAAD,blocked_buffered,0,0.0,4.0,4419,2311,3,0.7156123518943787,0.6001774064699809,0.23-0.30;<=0.15,True,False,TENX116;TENX126;TENX140
uni_v2,PAAD,blocked_matched,0,0.0,4.0,4419,2311,3,0.7355336546897888,0.6164295716583729,0.23-0.30;<=0.15,True,False,TENX116;TENX126;TENX140
uni_v2,PAAD,random_matched,0,0.0,4.0,4419,2010,3,0.7522501945495605,0.6407228545099497,0.23-0.30;<=0.15,True,False,TENX116;TENX126;TENX140
uni_v2,PAAD,blocked,0,0.0,6.0,5490,2081,3,0.7224037051200867,0.6172473648190498,0.23-0.30;<=0.15,True,False,TENX116;TENX126;TENX140
uni_v2,PAAD,blocked_buffered,0,0.0,6.0,4311,2081,3,0.7125009298324585,0.6041824853420258,0.23-0.30;<=0.15,True,False,TENX116;TENX126;TENX140
uni_v2,PAAD,blocked_matched,0,0.0,6.0,4311,2081,3,0.7191613912582397,0.6124746920665106,0.23-0.30;<=0.15,True,False,TENX116;TENX126;TENX140
uni_v2,PAAD,random_matched,0,0.0,6.0,4311,2010,3,0.7533557415008545,0.6432335776090622,0.23-0.30;<=0.15,True,False,TENX116;TENX126;TENX140
uni_v2,PAAD,blocked,0,0.0,10.0,5543,2028,3,0.7598329782485962,0.6229879233241081,0.23-0.30;<=0.15,True,False,TENX116;TENX126;TENX140
uni_v2,PAAD,blocked_buffered,0,0.0,10.0,3189,2028,3,0.7409190535545349,0.596865318963925,0.23-0.30;<=0.15,True,False,TENX116;TENX126;TENX140
uni_v2,PAAD,blocked_matched,0,0.0,10.0,3189,2028,3,0.7514234185218811,0.6120426191614631,0.23-0.30;<=0.15,True,False,TENX116;TENX126;TENX140
uni_v2,PAAD,random_matched,0,0.0,10.0,3189,2010,3,0.7493507862091064,0.637301747649908,0.23-0.30;<=0.15,True,False,TENX116;TENX126;TENX140
uni_v2,PAAD,random,0,1.0,,5561,2010,3,0.7664682269096375,0.6478185268243154,0.23-0.30;<=0.15,True,False,TENX116;TENX126;TENX140
uni_v2,PAAD,blocked,0,1.0,4.0,5252,2319,3,0.6726317405700684,0.5422640316188336,0.23-0.30;<=0.15,True,False,TENX116;TENX126;TENX140
uni_v2,PAAD,blocked_buffered,0,1.0,4.0,4277,2319,3,0.6588088274002075,0.5230241716653108,0.23-0.30;<=0.15,True,False,TENX116;TENX126;TENX140
uni_v2,PAAD,blocked_matched,0,1.0,4.0,4277,2319,3,0.6695005893707275,0.5374892629186312,0.23-0.30;<=0.15,True,False,TENX116;TENX126;TENX140
uni_v2,PAAD,random_matched,0,1.0,4.0,4277,2010,3,0.7630113363265991,0.642497036755085,0.23-0.30;<=0.15,True,False,TENX116;TENX126;TENX140
uni_v2,PAAD,blocked,0,1.0,6.0,5392,2179,3,0.7423229217529297,0.6347657597064972,0.23-0.30;<=0.15,True,False,TENX116;TENX126;TENX140
uni_v2,PAAD,blocked_buffered,0,1.0,6.0,4034,2179,3,0.7305233478546143,0.6181568324565888,0.23-0.30;<=0.15,True,False,TENX116;TENX126;TENX140
uni_v2,PAAD,blocked_matched,0,1.0,6.0,4034,2179,3,0.7379053235054016,0.6290900813539823,0.23-0.30;<=0.15,True,False,TENX116;TENX126;TENX140
uni_v2,PAAD,random_matched,0,1.0,6.0,4034,2010,3,0.7627680897712708,0.6426477712392807,0.23-0.30;<=0.15,True,False,TENX116;TENX126;TENX140
uni_v2,PAAD,blocked,0,1.0,10.0,5510,2061,3,0.7656582593917847,0.645157385468483,0.23-0.30;<=0.15,True,False,TENX116;TENX126;TENX140
uni_v2,PAAD,blocked_buffered,0,1.0,10.0,3405,2061,3,0.7480430006980896,0.6218962124983469,0.23-0.30;<=0.15,True,False,TENX116;TENX126;TENX140
uni_v2,PAAD,blocked_matched,0,1.0,10.0,3405,2061,3,0.7602107524871826,0.6376252147555351,0.23-0.30;<=0.15,True,False,TENX116;TENX126;TENX140
uni_v2,PAAD,random_matched,0,1.0,10.0,3405,2010,3,0.7606117725372314,0.641552512322863,0.23-0.30;<=0.15,True,False,TENX116;TENX126;TENX140
uni_v2,PAAD,random,0,2.0,,5561,2010,3,0.7592683434486389,0.6543210112055142,0.23-0.30;<=0.15,True,False,TENX116;TENX126;TENX140
uni_v2,PAAD,blocked,0,2.0,4.0,5183,2388,3,0.7602075338363647,0.6288113961120446,0.23-0.30;<=0.15,True,False,TENX116;TENX126;TENX140
uni_v2,PAAD,blocked_buffered,0,2.0,4.0,4158,2388,3,0.7477344274520874,0.6163590426246325,0.23-0.30;<=0.15,True,False,TENX116;TENX126;TENX140
uni_v2,PAAD,blocked_matched,0,2.0,4.0,4158,2388,3,0.754971981048584,0.623122648994128,0.23-0.30;<=0.15,True,False,TENX116;TENX126;TENX140
uni_v2,PAAD,random_matched,0,2.0,4.0,4158,2010,3,0.7556171417236328,0.6495797468721867,0.23-0.30;<=0.15,True,False,TENX116;TENX126;TENX140
uni_v2,PAAD,blocked,0,2.0,6.0,5458,2113,3,0.732805609703064,0.6185830972343683,0.23-0.30;<=0.15,True,False,TENX116;TENX126;TENX140
uni_v2,PAAD,blocked_buffered,0,2.0,6.0,4091,2113,3,0.7127494812011719,0.5933770709236463,0.23-0.30;<=0.15,True,False,TENX116;TENX126;TENX140
uni_v2,PAAD,blocked_matched,0,2.0,6.0,4091,2113,3,0.7278423309326172,0.612981846878926,0.23-0.30;<=0.15,True,False,TENX116;TENX126;TENX140
uni_v2,PAAD,random_matched,0,2.0,6.0,4091,2010,3,0.754647433757782,0.6475574411948523,0.23-0.30;<=0.15,True,False,TENX116;TENX126;TENX140
uni_v2,PAAD,blocked,0,2.0,10.0,5469,2102,3,0.7460725903511047,0.6228009283542634,0.23-0.30;<=0.15,True,False,TENX116;TENX126;TENX140
uni_v2,PAAD,blocked_buffered,0,2.0,10.0,3212,2102,3,0.7292521595954895,0.6004095019896826,0.23-0.30;<=0.15,True,False,TENX116;TENX126;TENX140
uni_v2,PAAD,blocked_matched,0,2.0,10.0,3212,2102,3,0.7384153008460999,0.6127463479836782,0.23-0.30;<=0.15,True,False,TENX116;TENX126;TENX140
uni_v2,PAAD,random_matched,0,2.0,10.0,3212,2010,3,0.7518870830535889,0.6439883644878863,0.23-0.30;<=0.15,True,False,TENX116;TENX126;TENX140
uni_v2,PAAD,random,0,3.0,,5561,2010,3,0.7632157206535339,0.6553149238228798,0.23-0.30;<=0.15,True,False,TENX116;TENX126;TENX140
uni_v2,PAAD,blocked,0,3.0,4.0,5414,2157,3,0.7830538153648376,0.6385734668870767,0.23-0.30;<=0.15,True,False,TENX116;TENX126;TENX140
uni_v2,PAAD,blocked_buffered,0,3.0,4.0,4368,2157,3,0.7659479379653931,0.6174916711449624,0.23-0.30;<=0.15,True,False,TENX116;TENX126;TENX140
uni_v2,PAAD,blocked_matched,0,3.0,4.0,4368,2157,3,0.7817118763923645,0.6367181109885375,0.23-0.30;<=0.15,True,False,TENX116;TENX126;TENX140
uni_v2,PAAD,random_matched,0,3.0,4.0,4368,2010,3,0.7612982392311096,0.6528582832217217,0.23-0.30;<=0.15,True,False,TENX116;TENX126;TENX140
uni_v2,PAAD,blocked,0,3.0,6.0,5390,2181,3,0.7414746880531311,0.6351398043831189,0.23-0.30;<=0.15,True,False,TENX116;TENX126;TENX140
uni_v2,PAAD,blocked_buffered,0,3.0,6.0,3970,2181,3,0.7204440236091614,0.6102422644694646,0.23-0.30;<=0.15,True,False,TENX116;TENX126;TENX140
uni_v2,PAAD,blocked_matched,0,3.0,6.0,3970,2181,3,0.7384216785430908,0.630691615442435,0.23-0.30;<=0.15,True,False,TENX116;TENX126;TENX140
uni_v2,PAAD,random_matched,0,3.0,6.0,3970,2010,3,0.7594151496887207,0.6498137817780177,0.23-0.30;<=0.15,True,False,TENX116;TENX126;TENX140
uni_v2,PAAD,blocked,0,3.0,10.0,5548,2023,3,0.726368248462677,0.6194387809435526,0.23-0.30;<=0.15,True,False,TENX116;TENX126;TENX140
uni_v2,PAAD,blocked_buffered,0,3.0,10.0,3150,2023,3,0.7040247917175293,0.5888388318816821,0.23-0.30;<=0.15,True,False,TENX116;TENX126;TENX140
uni_v2,PAAD,blocked_matched,0,3.0,10.0,3150,2023,3,0.7200427055358887,0.6121430703997612,0.23-0.30;<=0.15,True,False,TENX116;TENX126;TENX140
uni_v2,PAAD,random_matched,0,3.0,10.0,3150,2010,3,0.755206286907196,0.6437784324586392,0.23-0.30;<=0.15,True,False,TENX116;TENX126;TENX140
uni_v2,PAAD,random,0,4.0,,5561,2010,3,0.7568220496177673,0.6415761898954709,0.23-0.30;<=0.15,True,False,TENX116;TENX126;TENX140
uni_v2,PAAD,blocked,0,4.0,4.0,5289,2282,3,0.6650996208190918,0.5336935130010049,0.23-0.30;<=0.15,True,False,TENX116;TENX126;TENX140
uni_v2,PAAD,blocked_buffered,0,4.0,4.0,4391,2282,3,0.655937910079956,0.521224751919508,0.23-0.30;<=0.15,True,False,TENX116;TENX126;TENX140
uni_v2,PAAD,blocked_matched,0,4.0,4.0,4391,2282,3,0.6631767153739929,0.5311587125559648,0.23-0.30;<=0.15,True,False,TENX116;TENX126;TENX140
uni_v2,PAAD,random_matched,0,4.0,4.0,4391,2010,3,0.7545623183250427,0.6392166191836198,0.23-0.30;<=0.15,True,False,TENX116;TENX126;TENX140
uni_v2,PAAD,blocked,0,4.0,6.0,5436,2135,3,0.6698709726333618,0.5900474522511164,0.23-0.30;<=0.15,True,False,TENX116;TENX126;TENX140
uni_v2,PAAD,blocked_buffered,0,4.0,6.0,4023,2135,3,0.6523723006248474,0.5700090093289812,0.23-0.30;<=0.15,True,False,TENX116;TENX126;TENX140
uni_v2,PAAD,blocked_matched,0,4.0,6.0,4023,2135,3,0.6643968224525452,0.5832835832238198,0.23-0.30;<=0.15,True,False,TENX116;TENX126;TENX140
uni_v2,PAAD,random_matched,0,4.0,6.0,4023,2010,3,0.7528888583183289,0.6370898287494977,0.23-0.30;<=0.15,True,False,TENX116;TENX126;TENX140
uni_v2,PAAD,blocked,0,4.0,10.0,5514,2057,3,0.7035402655601501,0.6040565801660219,0.23-0.30;<=0.15,True,False,TENX116;TENX126;TENX140
uni_v2,PAAD,blocked_buffered,0,4.0,10.0,3202,2057,3,0.6836127638816833,0.5798082965612411,0.23-0.30;<=0.15,True,False,TENX116;TENX126;TENX140
uni_v2,PAAD,blocked_matched,0,4.0,10.0,3202,2057,3,0.696186900138855,0.5947378427659472,0.23-0.30;<=0.15,True,False,TENX116;TENX126;TENX140
uni_v2,PAAD,random_matched,0,4.0,10.0,3202,2010,3,0.7500967979431152,0.6324383933842181,0.23-0.30;<=0.15,True,False,TENX116;TENX126;TENX140
uni_v2,PAAD,patient,1,,,3961,3610,1,0.5554304718971252,0.5554304724931717,0.23-0.30,True,False,TENX140
uni_v2,PAAD,random,1,0.0,,3961,3610,3,0.7602086067199707,0.6529118124643962,0.23-0.30;<=0.15,True,False,TENX116;TENX126;TENX140
uni_v2,PAAD,blocked,1,0.0,4.0,3586,3985,3,0.735624372959137,0.6188272527356943,0.23-0.30;<=0.15,True,False,TENX116;TENX126;TENX140
uni_v2,PAAD,blocked_buffered,1,0.0,4.0,2421,3985,3,0.7112969160079956,0.5934313656886419,0.23-0.30;<=0.15,True,False,TENX116;TENX126;TENX140
uni_v2,PAAD,blocked_matched,1,0.0,4.0,2421,3985,3,0.7279744148254395,0.6097162200013796,0.23-0.30;<=0.15,True,False,TENX116;TENX126;TENX140
uni_v2,PAAD,random_matched,1,0.0,4.0,2421,3610,3,0.750913143157959,0.6399867676695189,0.23-0.30;<=0.15,True,False,TENX116;TENX126;TENX140
uni_v2,PAAD,blocked,1,0.0,6.0,3828,3743,3,0.7450359463691711,0.6240530952314536,0.23-0.30;<=0.15,True,False,TENX116;TENX126;TENX140
uni_v2,PAAD,blocked_buffered,1,0.0,6.0,2271,3743,3,0.6123429536819458,0.5302085687220096,0.23-0.30;<=0.15,True,False,TENX116;TENX126;TENX140
uni_v2,PAAD,blocked_matched,1,0.0,6.0,2271,3743,3,0.7343175411224365,0.6096153070529303,0.23-0.30;<=0.15,True,False,TENX116;TENX126;TENX140
uni_v2,PAAD,random_matched,1,0.0,6.0,2271,3610,3,0.7484937906265259,0.6365448559820651,0.23-0.30;<=0.15,True,False,TENX116;TENX126;TENX140
uni_v2,PAAD,blocked,1,0.0,10.0,3889,3682,3,0.7443537712097168,0.6394826740026475,0.23-0.30;<=0.15,True,False,TENX116;TENX126;TENX140
uni_v2,PAAD,blocked_buffered,1,0.0,10.0,1718,3682,3,0.7068034410476685,0.5876826187719901,0.23-0.30;<=0.15,True,False,TENX116;TENX126;TENX140
uni_v2,PAAD,blocked_matched,1,0.0,10.0,1718,3682,3,0.7271397113800049,0.6194815441469351,0.23-0.30;<=0.15,True,False,TENX116;TENX126;TENX140
uni_v2,PAAD,random_matched,1,0.0,10.0,1718,3610,3,0.7427939772605896,0.6303754807511965,0.23-0.30;<=0.15,True,False,TENX116;TENX126;TENX140
uni_v2,PAAD,random,1,1.0,,3961,3610,3,0.7580716013908386,0.6446419865389664,0.23-0.30;<=0.15,True,False,TENX116;TENX126;TENX140
uni_v2,PAAD,blocked,1,1.0,4.0,3617,3954,3,0.6699188351631165,0.5695624034603437,0.23-0.30;<=0.15,True,False,TENX116;TENX126;TENX140
uni_v2,PAAD,blocked_buffered,1,1.0,4.0,2597,3954,3,0.6372829079627991,0.5396885188420614,0.23-0.30;<=0.15,True,False,TENX116;TENX126;TENX140
uni_v2,PAAD,blocked_matched,1,1.0,4.0,2597,3954,3,0.6622268557548523,0.5600087195634842,0.23-0.30;<=0.15,True,False,TENX116;TENX126;TENX140
uni_v2,PAAD,random_matched,1,1.0,4.0,2597,3610,3,0.7503157258033752,0.6344749637444814,0.23-0.30;<=0.15,True,False,TENX116;TENX126;TENX140
uni_v2,PAAD,blocked,1,1.0,6.0,3873,3698,3,0.717883825302124,0.6085325328012307,0.23-0.30;<=0.15,True,False,TENX116;TENX126;TENX140
uni_v2,PAAD,blocked_buffered,1,1.0,6.0,2320,3698,3,0.6407610177993774,0.554025711764892,0.23-0.30;<=0.15,True,False,TENX116;TENX126;TENX140
uni_v2,PAAD,blocked_matched,1,1.0,6.0,2320,3698,3,0.705858588218689,0.5935661816596984,0.23-0.30;<=0.15,True,False,TENX116;TENX126;TENX140
uni_v2,PAAD,random_matched,1,1.0,6.0,2320,3610,3,0.7480781674385071,0.6304452340304851,0.23-0.30;<=0.15,True,False,TENX116;TENX126;TENX140
uni_v2,PAAD,blocked,1,1.0,10.0,3898,3673,3,0.7614667415618896,0.6420408016443253,0.23-0.30;<=0.15,True,False,TENX116;TENX126;TENX140
uni_v2,PAAD,blocked_buffered,1,1.0,10.0,1594,3673,3,0.7019153833389282,0.5841501959909996,0.23-0.30;<=0.15,True,False,TENX116;TENX126;TENX140
uni_v2,PAAD,blocked_matched,1,1.0,10.0,1594,3673,3,0.7450885772705078,0.622060714190205,0.23-0.30;<=0.15,True,False,TENX116;TENX126;TENX140
uni_v2,PAAD,random_matched,1,1.0,10.0,1594,3610,3,0.7372400164604187,0.6165617896119754,0.23-0.30;<=0.15,True,False,TENX116;TENX126;TENX140
uni_v2,PAAD,random,1,2.0,,3961,3610,3,0.7578380703926086,0.644979346593221,0.23-0.30;<=0.15,True,False,TENX116;TENX126;TENX140
uni_v2,PAAD,blocked,1,2.0,4.0,3829,3742,3,0.7106066942214966,0.6049570023020109,0.23-0.30;<=0.15,True,False,TENX116;TENX126;TENX140
uni_v2,PAAD,blocked_buffered,1,2.0,4.0,2789,3742,3,0.6279054284095764,0.555143623550733,0.23-0.30;<=0.15,True,False,TENX116;TENX126;TENX140
uni_v2,PAAD,blocked_matched,1,2.0,4.0,2789,3742,3,0.7085479497909546,0.5981516869366169,0.23-0.30;<=0.15,True,False,TENX116;TENX126;TENX140
uni_v2,PAAD,random_matched,1,2.0,4.0,2789,3610,3,0.7514370679855347,0.6361710893114408,0.23-0.30;<=0.15,True,False,TENX116;TENX126;TENX140
uni_v2,PAAD,blocked,1,2.0,6.0,3808,3763,3,0.7591764330863953,0.6265574148297309,0.23-0.30;<=0.15,True,False,TENX116;TENX126;TENX140
uni_v2,PAAD,blocked_buffered,1,2.0,6.0,2259,3763,3,0.7165603041648865,0.5929820807029803,0.23-0.30;<=0.15,True,False,TENX116;TENX126;TENX140
uni_v2,PAAD,blocked_matched,1,2.0,6.0,2259,3763,3,0.7485329508781433,0.6164408148328463,0.23-0.30;<=0.15,True,False,TENX116;TENX126;TENX140
uni_v2,PAAD,random_matched,1,2.0,6.0,2259,3610,3,0.7476556301116943,0.631546156257391,0.23-0.30;<=0.15,True,False,TENX116;TENX126;TENX140
uni_v2,PAAD,blocked,1,2.0,10.0,3929,3642,3,0.7084699273109436,0.6123744526008764,0.23-0.30;<=0.15,True,False,TENX116;TENX126;TENX140
uni_v2,PAAD,blocked_buffered,1,2.0,10.0,1647,3642,3,0.6541450023651123,0.5509992444515228,0.23-0.30;<=0.15,True,False,TENX116;TENX126;TENX140
uni_v2,PAAD,blocked_matched,1,2.0,10.0,1647,3642,3,0.6851162910461426,0.5840142481525739,0.23-0.30;<=0.15,True,False,TENX116;TENX126;TENX140
uni_v2,PAAD,random_matched,1,2.0,10.0,1647,3610,3,0.7387505173683167,0.6188997489710649,0.23-0.30;<=0.15,True,False,TENX116;TENX126;TENX140
uni_v2,PAAD,random,1,3.0,,3961,3610,3,0.7601160407066345,0.6467670724292596,0.23-0.30;<=0.15,True,False,TENX116;TENX126;TENX140
uni_v2,PAAD,blocked,1,3.0,4.0,3580,3991,3,0.6792172193527222,0.5838584742446741,0.23-0.30;<=0.15,True,False,TENX116;TENX126;TENX140
uni_v2,PAAD,blocked_buffered,1,3.0,4.0,2496,3991,3,0.6574766635894775,0.5636525677641232,0.23-0.30;<=0.15,True,False,TENX116;TENX126;TENX140
uni_v2,PAAD,blocked_matched,1,3.0,4.0,2496,3991,3,0.670644223690033,0.5735995284219583,0.23-0.30;<=0.15,True,False,TENX116;TENX126;TENX140
uni_v2,PAAD,random_matched,1,3.0,4.0,2496,3610,3,0.7520037293434143,0.6346743152538935,0.23-0.30;<=0.15,True,False,TENX116;TENX126;TENX140
uni_v2,PAAD,blocked,1,3.0,6.0,3761,3810,3,0.7510449886322021,0.6275019079943498,0.23-0.30;<=0.15,True,False,TENX116;TENX126;TENX140
uni_v2,PAAD,blocked_buffered,1,3.0,6.0,2020,3810,3,0.7013363838195801,0.5609195853024721,0.23-0.30;<=0.15,True,False,TENX116;TENX126;TENX140
uni_v2,PAAD,blocked_matched,1,3.0,6.0,2020,3810,3,0.739757239818573,0.6118388526389996,0.23-0.30;<=0.15,True,False,TENX116;TENX126;TENX140
uni_v2,PAAD,random_matched,1,3.0,6.0,2020,3610,3,0.7465318441390991,0.6273299498359363,0.23-0.30;<=0.15,True,False,TENX116;TENX126;TENX140
uni_v2,PAAD,blocked,1,3.0,10.0,3941,3630,3,0.7559211254119873,0.6216451259454091,0.23-0.30;<=0.15,True,False,TENX116;TENX126;TENX140
uni_v2,PAAD,blocked_buffered,1,3.0,10.0,1550,3630,3,0.7161766290664673,0.5764803748577833,0.23-0.30;<=0.15,True,False,TENX116;TENX126;TENX140
uni_v2,PAAD,blocked_matched,1,3.0,10.0,1550,3630,3,0.7356401085853577,0.5980286134779453,0.23-0.30;<=0.15,True,False,TENX116;TENX126;TENX140
uni_v2,PAAD,random_matched,1,3.0,10.0,1550,3610,3,0.7403407096862793,0.6199895375718674,0.23-0.30;<=0.15,True,False,TENX116;TENX126;TENX140
uni_v2,PAAD,random,1,4.0,,3961,3610,3,0.7583901286125183,0.6492606343825659,0.23-0.30;<=0.15,True,False,TENX116;TENX126;TENX140
uni_v2,PAAD,blocked,1,4.0,4.0,3709,3862,3,0.7368420362472534,0.6152798450986544,0.23-0.30;<=0.15,True,False,TENX116;TENX126;TENX140
uni_v2,PAAD,blocked_buffered,1,4.0,4.0,2650,3862,3,0.7120159268379211,0.5927955252925555,0.23-0.30;<=0.15,True,False,TENX116;TENX126;TENX140
uni_v2,PAAD,blocked_matched,1,4.0,4.0,2650,3862,3,0.7307292222976685,0.605958305845658,0.23-0.30;<=0.15,True,False,TENX116;TENX126;TENX140
uni_v2,PAAD,random_matched,1,4.0,4.0,2650,3610,3,0.751791775226593,0.6400543906291326,0.23-0.30;<=0.15,True,False,TENX116;TENX126;TENX140
uni_v2,PAAD,blocked,1,4.0,6.0,3808,3763,3,0.7176995873451233,0.610294728676478,0.23-0.30;<=0.15,True,False,TENX116;TENX126;TENX140
uni_v2,PAAD,blocked_buffered,1,4.0,6.0,2193,3763,3,0.6815145015716553,0.5639259481926758,0.23-0.30;<=0.15,True,False,TENX116;TENX126;TENX140
uni_v2,PAAD,blocked_matched,1,4.0,6.0,2193,3763,3,0.7090156674385071,0.5985077151159446,0.23-0.30;<=0.15,True,False,TENX116;TENX126;TENX140
uni_v2,PAAD,random_matched,1,4.0,6.0,2193,3610,3,0.7461758255958557,0.6318935619791349,0.23-0.30;<=0.15,True,False,TENX116;TENX126;TENX140
uni_v2,PAAD,blocked,1,4.0,10.0,3905,3666,3,0.7255445718765259,0.6078955422528088,0.23-0.30;<=0.15,True,False,TENX116;TENX126;TENX140
uni_v2,PAAD,blocked_buffered,1,4.0,10.0,1595,3666,3,0.6925932168960571,0.5674798918267091,0.23-0.30;<=0.15,True,False,TENX116;TENX126;TENX140
uni_v2,PAAD,blocked_matched,1,4.0,10.0,1595,3666,3,0.7069408893585205,0.5861618491712336,0.23-0.30;<=0.15,True,False,TENX116;TENX126;TENX140
uni_v2,PAAD,random_matched,1,4.0,10.0,1595,3610,3,0.7371130585670471,0.6214526632924874,0.23-0.30;<=0.15,True,False,TENX116;TENX126;TENX140
uni_v2,PAAD,patient,2,,,5620,1951,1,0.4794442355632782,0.47944420635700224,0.23-0.30,True,False,TENX126
uni_v2,PAAD,random,2,0.0,,5620,1951,3,0.766313374042511,0.6554448622465134,0.23-0.30;<=0.15,True,False,TENX116;TENX126;TENX140
uni_v2,PAAD,blocked,2,0.0,4.0,5224,2347,3,0.7067314982414246,0.5911147021253904,0.23-0.30;<=0.15,True,False,TENX116;TENX126;TENX140
uni_v2,PAAD,blocked_buffered,2,0.0,4.0,4154,2347,3,0.6903068423271179,0.572789367015163,0.23-0.30;<=0.15,True,False,TENX116;TENX126;TENX140
uni_v2,PAAD,blocked_matched,2,0.0,4.0,4154,2347,3,0.7050933241844177,0.5883503021796544,0.23-0.30;<=0.15,True,False,TENX116;TENX126;TENX140
uni_v2,PAAD,random_matched,2,0.0,4.0,4154,1951,3,0.762833833694458,0.6503579010566076,0.23-0.30;<=0.15,True,False,TENX116;TENX126;TENX140
uni_v2,PAAD,blocked,2,0.0,6.0,5542,2029,3,0.7627599239349365,0.6479255623122057,0.23-0.30;<=0.15,True,False,TENX116;TENX126;TENX140
uni_v2,PAAD,blocked_buffered,2,0.0,6.0,3992,2029,3,0.7414949536323547,0.6235423470536868,0.23-0.30;<=0.15,True,False,TENX116;TENX126;TENX140
uni_v2,PAAD,blocked_matched,2,0.0,6.0,3992,2029,3,0.7557703256607056,0.6390299566586811,0.23-0.30;<=0.15,True,False,TENX116;TENX126;TENX140
uni_v2,PAAD,random_matched,2,0.0,6.0,3992,1951,3,0.76275634765625,0.6512262133757274,0.23-0.30;<=0.15,True,False,TENX116;TENX126;TENX140
uni_v2,PAAD,blocked,2,0.0,10.0,5598,1973,3,0.7570558190345764,0.63803605645895,0.23-0.30;<=0.15,True,False,TENX116;TENX126;TENX140
uni_v2,PAAD,blocked_buffered,2,0.0,10.0,3567,1973,3,0.7387831807136536,0.6164472745358944,0.23-0.30;<=0.15,True,False,TENX116;TENX126;TENX140
uni_v2,PAAD,blocked_matched,2,0.0,10.0,3567,1973,3,0.7502923607826233,0.6281833429882924,0.23-0.30;<=0.15,True,False,TENX116;TENX126;TENX140
uni_v2,PAAD,random_matched,2,0.0,10.0,3567,1951,3,0.760819673538208,0.6489777444799741,0.23-0.30;<=0.15,True,False,TENX116;TENX126;TENX140
uni_v2,PAAD,random,2,1.0,,5620,1951,3,0.7644854784011841,0.6497862796237072,0.23-0.30;<=0.15,True,False,TENX116;TENX126;TENX140
uni_v2,PAAD,blocked,2,1.0,4.0,5345,2226,3,0.7361802458763123,0.6089585050443809,0.23-0.30;<=0.15,True,False,TENX116;TENX126;TENX140
uni_v2,PAAD,blocked_buffered,2,1.0,4.0,4474,2226,3,0.7278116345405579,0.6014935118456681,0.23-0.30;<=0.15,True,False,TENX116;TENX126;TENX140
uni_v2,PAAD,blocked_matched,2,1.0,4.0,4474,2226,3,0.7347286343574524,0.6068903231620788,0.23-0.30;<=0.15,True,False,TENX116;TENX126;TENX140
uni_v2,PAAD,random_matched,2,1.0,4.0,4474,1951,3,0.7615664005279541,0.6461638873070478,0.23-0.30;<=0.15,True,False,TENX116;TENX126;TENX140
uni_v2,PAAD,blocked,2,1.0,6.0,5488,2083,3,0.664681077003479,0.565642171446234,0.23-0.30;<=0.15,True,False,TENX116;TENX126;TENX140
uni_v2,PAAD,blocked_buffered,2,1.0,6.0,3970,2083,3,0.6503797173500061,0.5488414053991436,0.23-0.30;<=0.15,True,False,TENX116;TENX126;TENX140
uni_v2,PAAD,blocked_matched,2,1.0,6.0,3970,2083,3,0.6596538424491882,0.5597048929582039,0.23-0.30;<=0.15,True,False,TENX116;TENX126;TENX140
uni_v2,PAAD,random_matched,2,1.0,6.0,3970,1951,3,0.7609304189682007,0.6454121414820353,0.23-0.30;<=0.15,True,False,TENX116;TENX126;TENX140
uni_v2,PAAD,blocked,2,1.0,10.0,5576,1995,3,0.7921386957168579,0.6531937639911969,0.23-0.30;<=0.15,True,False,TENX116;TENX126;TENX140
uni_v2,PAAD,blocked_buffered,2,1.0,10.0,3434,1995,3,0.7597315311431885,0.6196747308969498,0.23-0.30;<=0.15,True,False,TENX116;TENX126;TENX140
uni_v2,PAAD,blocked_matched,2,1.0,10.0,3434,1995,3,0.7889271378517151,0.6478714430332184,0.23-0.30;<=0.15,True,False,TENX116;TENX126;TENX140
uni_v2,PAAD,random_matched,2,1.0,10.0,3434,1951,3,0.7591232061386108,0.6420413601522644,0.23-0.30;<=0.15,True,False,TENX116;TENX126;TENX140
uni_v2,PAAD,random,2,2.0,,5620,1951,3,0.7610418200492859,0.6460672617952029,0.23-0.30;<=0.15,True,False,TENX116;TENX126;TENX140
uni_v2,PAAD,blocked,2,2.0,4.0,5161,2410,3,0.7033509016036987,0.6057063651084901,0.23-0.30;<=0.15,True,False,TENX116;TENX126;TENX140
uni_v2,PAAD,blocked_buffered,2,2.0,4.0,4241,2410,3,0.6919861435890198,0.5939440809190273,0.23-0.30;<=0.15,True,False,TENX116;TENX126;TENX140
uni_v2,PAAD,blocked_matched,2,2.0,4.0,4241,2410,3,0.7007239460945129,0.6025142817695937,0.23-0.30;<=0.15,True,False,TENX116;TENX126;TENX140
uni_v2,PAAD,random_matched,2,2.0,4.0,4241,1951,3,0.7582967877388,0.6428320228556792,0.23-0.30;<=0.15,True,False,TENX116;TENX126;TENX140
uni_v2,PAAD,blocked,2,2.0,6.0,5518,2053,3,0.6921891570091248,0.5976788292328518,0.23-0.30;<=0.15,True,False,TENX116;TENX126;TENX140
uni_v2,PAAD,blocked_buffered,2,2.0,6.0,4190,2053,3,0.6800327301025391,0.5825112549960613,0.23-0.30;<=0.15,True,False,TENX116;TENX126;TENX140
uni_v2,PAAD,blocked_matched,2,2.0,6.0,4190,2053,3,0.6895139217376709,0.5944746840993563,0.23-0.30;<=0.15,True,False,TENX116;TENX126;TENX140
uni_v2,PAAD,random_matched,2,2.0,6.0,4190,1951,3,0.757860541343689,0.6421289348602295,0.23-0.30;<=0.15,True,False,TENX116;TENX126;TENX140
uni_v2,PAAD,blocked,2,2.0,10.0,5609,1962,3,0.7417204976081848,0.6497908639411132,0.23-0.30;<=0.15,True,False,TENX116;TENX126;TENX140
uni_v2,PAAD,blocked_buffered,2,2.0,10.0,3568,1962,3,0.7276515364646912,0.6295040507117907,0.23-0.30;<=0.15,True,False,TENX116;TENX126;TENX140
uni_v2,PAAD,blocked_matched,2,2.0,10.0,3568,1962,3,0.7376248836517334,0.6450356207291286,0.23-0.30;<=0.15,True,False,TENX116;TENX126;TENX140
uni_v2,PAAD,random_matched,2,2.0,10.0,3568,1951,3,0.7561472058296204,0.6396659342447917,0.23-0.30;<=0.15,True,False,TENX116;TENX126;TENX140
uni_v2,PAAD,random,2,3.0,,5620,1951,3,0.7616925835609436,0.6506697457532088,0.23-0.30;<=0.15,True,False,TENX116;TENX126;TENX140
uni_v2,PAAD,blocked,2,3.0,4.0,5330,2241,3,0.7395527362823486,0.6104864977796872,0.23-0.30;<=0.15,True,False,TENX116;TENX126;TENX140
uni_v2,PAAD,blocked_buffered,2,3.0,4.0,4485,2241,3,0.7318978905677795,0.6029253135124842,0.23-0.30;<=0.15,True,False,TENX116;TENX126;TENX140
uni_v2,PAAD,blocked_matched,2,3.0,4.0,4485,2241,3,0.7368144989013672,0.6075867043932279,0.23-0.30;<=0.15,True,False,TENX116;TENX126;TENX140
uni_v2,PAAD,random_matched,2,3.0,4.0,4485,1951,3,0.7600528001785278,0.6484241096675396,0.23-0.30;<=0.15,True,False,TENX116;TENX126;TENX140
uni_v2,PAAD,blocked,2,3.0,6.0,5472,2099,3,0.6619859933853149,0.5663161291678747,0.23-0.30;<=0.15,True,False,TENX116;TENX126;TENX140
uni_v2,PAAD,blocked_buffered,2,3.0,6.0,4241,2099,3,0.5298538208007812,0.5047723696380854,0.23-0.30;<=0.15,True,False,TENX116;TENX126;TENX140
uni_v2,PAAD,blocked_matched,2,3.0,6.0,4241,2099,3,0.6577813029289246,0.5606481755276521,0.23-0.30;<=0.15,True,False,TENX116;TENX126;TENX140
uni_v2,PAAD,random_matched,2,3.0,6.0,4241,1951,3,0.7586488127708435,0.6457650920252005,0.23-0.30;<=0.15,True,False,TENX116;TENX126;TENX140
uni_v2,PAAD,blocked,2,3.0,10.0,5583,1988,3,0.7437973022460938,0.6334438420832157,0.23-0.30;<=0.15,True,False,TENX116;TENX126;TENX140
uni_v2,PAAD,blocked_buffered,2,3.0,10.0,3494,1988,3,0.7204270958900452,0.6028463596726458,0.23-0.30;<=0.15,True,False,TENX116;TENX126;TENX140
uni_v2,PAAD,blocked_matched,2,3.0,10.0,3494,1988,3,0.7351521253585815,0.6225526406864325,0.23-0.30;<=0.15,True,False,TENX116;TENX126;TENX140
uni_v2,PAAD,random_matched,2,3.0,10.0,3494,1951,3,0.7555850744247437,0.6425586292147636,0.23-0.30;<=0.15,True,False,TENX116;TENX126;TENX140
uni_v2,PAAD,random,2,4.0,,5620,1951,3,0.7680605053901672,0.6593746902545293,0.23-0.30;<=0.15,True,False,TENX116;TENX126;TENX140
uni_v2,PAAD,blocked,2,4.0,4.0,5430,2141,3,0.6373072266578674,0.5222927686199546,0.23-0.30;<=0.15,True,False,TENX116;TENX126;TENX140
uni_v2,PAAD,blocked_buffered,2,4.0,4.0,4656,2141,3,0.6289873719215393,0.512297142210106,0.23-0.30;<=0.15,True,False,TENX116;TENX126;TENX140
uni_v2,PAAD,blocked_matched,2,4.0,4.0,4656,2141,3,0.6344658136367798,0.519473653373619,0.23-0.30;<=0.15,True,False,TENX116;TENX126;TENX140
uni_v2,PAAD,random_matched,2,4.0,4.0,4656,1951,3,0.7657749652862549,0.6561484300096829,0.23-0.30;<=0.15,True,False,TENX116;TENX126;TENX140
uni_v2,PAAD,blocked,2,4.0,6.0,5521,2050,3,0.7583365440368652,0.6101519718766212,0.23-0.30;<=0.15,True,False,TENX116;TENX126;TENX140
uni_v2,PAAD,blocked_buffered,2,4.0,6.0,4030,2050,3,0.7402016520500183,0.5907861121247212,0.23-0.30;<=0.15,True,False,TENX116;TENX126;TENX140
uni_v2,PAAD,blocked_matched,2,4.0,6.0,4030,2050,3,0.7539816498756409,0.6037612497309843,0.23-0.30;<=0.15,True,False,TENX116;TENX126;TENX140
uni_v2,PAAD,random_matched,2,4.0,6.0,4030,1951,3,0.7646264433860779,0.6543504233658314,0.23-0.30;<=0.15,True,False,TENX116;TENX126;TENX140
uni_v2,PAAD,blocked,2,4.0,10.0,5534,2037,3,0.7630680799484253,0.6523812557260196,0.23-0.30;<=0.15,True,False,TENX116;TENX126;TENX140
uni_v2,PAAD,blocked_buffered,2,4.0,10.0,3277,2037,3,0.7419649362564087,0.6264646088580291,0.23-0.30;<=0.15,True,False,TENX116;TENX126;TENX140
uni_v2,PAAD,blocked_matched,2,4.0,10.0,3277,2037,3,0.7552008032798767,0.6416995741923649,0.23-0.30;<=0.15,True,False,TENX116;TENX126;TENX140
uni_v2,PAAD,random_matched,2,4.0,10.0,3277,1951,3,0.7616539597511292,0.6511678278942902,0.23-0.30;<=0.15,True,False,TENX116;TENX126;TENX140
uni_v2,PRAD,patient,0,,,36819,25891,8,0.4061790406703949,0.37188153740484264,0.15-0.23;>0.50,False,True,MEND154;MEND156;MEND157;MEND158;MEND159;MEND160;MEND161;MEND162
uni_v2,PRAD,random,0,0.0,,36819,25891,23,0.5820110440254211,0.41895380989041014,0.15-0.23;0.30-0.40;>0.50,True,True,MEND139;MEND140;MEND141;MEND142;MEND143;MEND144;MEND145;MEND146;MEND147;MEND148;MEND149;MEND150;MEND151;MEND152;MEND153;MEND154;MEND156;MEND157;MEND158;MEND159;MEND160;MEND161;MEND162
uni_v2,PRAD,blocked,0,0.0,4.0,34552,28158,23,0.5501949191093445,0.3886265657356252,0.15-0.23;0.30-0.40;>0.50,True,True,MEND139;MEND140;MEND141;MEND142;MEND143;MEND144;MEND145;MEND146;MEND147;MEND148;MEND149;MEND150;MEND151;MEND152;MEND153;MEND154;MEND156;MEND157;MEND158;MEND159;MEND160;MEND161;MEND162
uni_v2,PRAD,blocked_buffered,0,0.0,4.0,27494,28158,23,0.5400446653366089,0.38057665688350145,0.15-0.23;0.30-0.40;>0.50,True,True,MEND139;MEND140;MEND141;MEND142;MEND143;MEND144;MEND145;MEND146;MEND147;MEND148;MEND149;MEND150;MEND151;MEND152;MEND153;MEND154;MEND156;MEND157;MEND158;MEND159;MEND160;MEND161;MEND162
uni_v2,PRAD,blocked_matched,0,0.0,4.0,27494,28158,23,0.5481488108634949,0.386365513359399,0.15-0.23;0.30-0.40;>0.50,True,True,MEND139;MEND140;MEND141;MEND142;MEND143;MEND144;MEND145;MEND146;MEND147;MEND148;MEND149;MEND150;MEND151;MEND152;MEND153;MEND154;MEND156;MEND157;MEND158;MEND159;MEND160;MEND161;MEND162
uni_v2,PRAD,random_matched,0,0.0,4.0,27494,25891,23,0.5801709890365601,0.4177658238845026,0.15-0.23;0.30-0.40;>0.50,True,True,MEND139;MEND140;MEND141;MEND142;MEND143;MEND144;MEND145;MEND146;MEND147;MEND148;MEND149;MEND150;MEND151;MEND152;MEND153;MEND154;MEND156;MEND157;MEND158;MEND159;MEND160;MEND161;MEND162
uni_v2,PRAD,blocked,0,0.0,6.0,35473,27237,23,0.5254568457603455,0.3926496729145394,0.15-0.23;0.30-0.40;>0.50,True,True,MEND139;MEND140;MEND141;MEND142;MEND143;MEND144;MEND145;MEND146;MEND147;MEND148;MEND149;MEND150;MEND151;MEND152;MEND153;MEND154;MEND156;MEND157;MEND158;MEND159;MEND160;MEND161;MEND162
uni_v2,PRAD,blocked_buffered,0,0.0,6.0,24987,27237,23,0.5164691805839539,0.38253495785205266,0.15-0.23;0.30-0.40;>0.50,True,True,MEND139;MEND140;MEND141;MEND142;MEND143;MEND144;MEND145;MEND146;MEND147;MEND148;MEND149;MEND150;MEND151;MEND152;MEND153;MEND154;MEND156;MEND157;MEND158;MEND159;MEND160;MEND161;MEND162
uni_v2,PRAD,blocked_matched,0,0.0,6.0,24987,27237,23,0.5266487002372742,0.39225225089360843,0.15-0.23;0.30-0.40;>0.50,True,True,MEND139;MEND140;MEND141;MEND142;MEND143;MEND144;MEND145;MEND146;MEND147;MEND148;MEND149;MEND150;MEND151;MEND152;MEND153;MEND154;MEND156;MEND157;MEND158;MEND159;MEND160;MEND161;MEND162
uni_v2,PRAD,random_matched,0,0.0,6.0,24987,25891,23,0.5807684063911438,0.4158836507570484,0.15-0.23;0.30-0.40;>0.50,True,True,MEND139;MEND140;MEND141;MEND142;MEND143;MEND144;MEND145;MEND146;MEND147;MEND148;MEND149;MEND150;MEND151;MEND152;MEND153;MEND154;MEND156;MEND157;MEND158;MEND159;MEND160;MEND161;MEND162
uni_v2,PRAD,blocked,0,0.0,10.0,36402,26308,23,0.5603362917900085,0.39630631323093946,0.15-0.23;0.30-0.40;>0.50,True,True,MEND139;MEND140;MEND141;MEND142;MEND143;MEND144;MEND145;MEND146;MEND147;MEND148;MEND149;MEND150;MEND151;MEND152;MEND153;MEND154;MEND156;MEND157;MEND158;MEND159;MEND160;MEND161;MEND162
uni_v2,PRAD,blocked_buffered,0,0.0,10.0,19113,26308,23,0.5420215725898743,0.38669675850142404,0.15-0.23;0.30-0.40;>0.50,True,True,MEND139;MEND140;MEND141;MEND142;MEND143;MEND144;MEND145;MEND146;MEND147;MEND148;MEND149;MEND150;MEND151;MEND152;MEND153;MEND154;MEND156;MEND157;MEND158;MEND159;MEND160;MEND161;MEND162
uni_v2,PRAD,blocked_matched,0,0.0,10.0,19113,26308,23,0.5554025173187256,0.39086624827154953,0.15-0.23;0.30-0.40;>0.50,True,True,MEND139;MEND140;MEND141;MEND142;MEND143;MEND144;MEND145;MEND146;MEND147;MEND148;MEND149;MEND150;MEND151;MEND152;MEND153;MEND154;MEND156;MEND157;MEND158;MEND159;MEND160;MEND161;MEND162
uni_v2,PRAD,random_matched,0,0.0,10.0,19113,25891,23,0.5787332057952881,0.4154768474335256,0.15-0.23;0.30-0.40;>0.50,True,True,MEND139;MEND140;MEND141;MEND142;MEND143;MEND144;MEND145;MEND146;MEND147;MEND148;MEND149;MEND150;MEND151;MEND152;MEND153;MEND154;MEND156;MEND157;MEND158;MEND159;MEND160;MEND161;MEND162
uni_v2,PRAD,random,0,1.0,,36819,25891,23,0.5778630971908569,0.4158598353940507,0.15-0.23;0.30-0.40;>0.50,True,True,MEND139;MEND140;MEND141;MEND142;MEND143;MEND144;MEND145;MEND146;MEND147;MEND148;MEND149;MEND150;MEND151;MEND152;MEND153;MEND154;MEND156;MEND157;MEND158;MEND159;MEND160;MEND161;MEND162
uni_v2,PRAD,blocked,0,1.0,4.0,34512,28198,23,0.5350306034088135,0.3813155742206246,0.15-0.23;0.30-0.40;>0.50,True,True,MEND139;MEND140;MEND141;MEND142;MEND143;MEND144;MEND145;MEND146;MEND147;MEND148;MEND149;MEND150;MEND151;MEND152;MEND153;MEND154;MEND156;MEND157;MEND158;MEND159;MEND160;MEND161;MEND162
uni_v2,PRAD,blocked_buffered,0,1.0,4.0,27418,28198,23,0.5251740217208862,0.3733109935636268,0.15-0.23;0.30-0.40;>0.50,True,True,MEND139;MEND140;MEND141;MEND142;MEND143;MEND144;MEND145;MEND146;MEND147;MEND148;MEND149;MEND150;MEND151;MEND152;MEND153;MEND154;MEND156;MEND157;MEND158;MEND159;MEND160;MEND161;MEND162
uni_v2,PRAD,blocked_matched,0,1.0,4.0,27418,28198,23,0.5323991179466248,0.37732457442614054,0.15-0.23;0.30-0.40;>0.50,True,True,MEND139;MEND140;MEND141;MEND142;MEND143;MEND144;MEND145;MEND146;MEND147;MEND148;MEND149;MEND150;MEND151;MEND152;MEND153;MEND154;MEND156;MEND157;MEND158;MEND159;MEND160;MEND161;MEND162
uni_v2,PRAD,random_matched,0,1.0,4.0,27418,25891,23,0.5767064690589905,0.41497534107902767,0.15-0.23;0.30-0.40;>0.50,True,True,MEND139;MEND140;MEND141;MEND142;MEND143;MEND144;MEND145;MEND146;MEND147;MEND148;MEND149;MEND150;MEND151;MEND152;MEND153;MEND154;MEND156;MEND157;MEND158;MEND159;MEND160;MEND161;MEND162
uni_v2,PRAD,blocked,0,1.0,6.0,35779,26931,23,0.5422497391700745,0.39002189885339006,0.15-0.23;0.30-0.40;>0.50,True,True,MEND139;MEND140;MEND141;MEND142;MEND143;MEND144;MEND145;MEND146;MEND147;MEND148;MEND149;MEND150;MEND151;MEND152;MEND153;MEND154;MEND156;MEND157;MEND158;MEND159;MEND160;MEND161;MEND162
uni_v2,PRAD,blocked_buffered,0,1.0,6.0,25783,26931,23,0.5349793434143066,0.38488027807122666,0.15-0.23;0.30-0.40;>0.50,True,True,MEND139;MEND140;MEND141;MEND142;MEND143;MEND144;MEND145;MEND146;MEND147;MEND148;MEND149;MEND150;MEND151;MEND152;MEND153;MEND154;MEND156;MEND157;MEND158;MEND159;MEND160;MEND161;MEND162
uni_v2,PRAD,blocked_matched,0,1.0,6.0,25783,26931,23,0.5400417447090149,0.3868730625340147,0.15-0.23;0.30-0.40;>0.50,True,True,MEND139;MEND140;MEND141;MEND142;MEND143;MEND144;MEND145;MEND146;MEND147;MEND148;MEND149;MEND150;MEND151;MEND152;MEND153;MEND154;MEND156;MEND157;MEND158;MEND159;MEND160;MEND161;MEND162
uni_v2,PRAD,random_matched,0,1.0,6.0,25783,25891,23,0.576156497001648,0.41357604343930016,0.15-0.23;0.30-0.40;>0.50,True,True,MEND139;MEND140;MEND141;MEND142;MEND143;MEND144;MEND145;MEND146;MEND147;MEND148;MEND149;MEND150;MEND151;MEND152;MEND153;MEND154;MEND156;MEND157;MEND158;MEND159;MEND160;MEND161;MEND162
uni_v2,PRAD,blocked,0,1.0,10.0,36431,26279,23,0.5550265312194824,0.39063393824855275,0.15-0.23;0.30-0.40;>0.50,True,True,MEND139;MEND140;MEND141;MEND142;MEND143;MEND144;MEND145;MEND146;MEND147;MEND148;MEND149;MEND150;MEND151;MEND152;MEND153;MEND154;MEND156;MEND157;MEND158;MEND159;MEND160;MEND161;MEND162
uni_v2,PRAD,blocked_buffered,0,1.0,10.0,19082,26279,23,0.5399047136306763,0.38145531600665133,0.15-0.23;0.30-0.40;>0.50,True,True,MEND139;MEND140;MEND141;MEND142;MEND143;MEND144;MEND145;MEND146;MEND147;MEND148;MEND149;MEND150;MEND151;MEND152;MEND153;MEND154;MEND156;MEND157;MEND158;MEND159;MEND160;MEND161;MEND162
uni_v2,PRAD,blocked_matched,0,1.0,10.0,19082,26279,23,0.5513393878936768,0.3875085954244612,0.15-0.23;0.30-0.40;>0.50,True,True,MEND139;MEND140;MEND141;MEND142;MEND143;MEND144;MEND145;MEND146;MEND147;MEND148;MEND149;MEND150;MEND151;MEND152;MEND153;MEND154;MEND156;MEND157;MEND158;MEND159;MEND160;MEND161;MEND162
uni_v2,PRAD,random_matched,0,1.0,10.0,19082,25891,23,0.5738667845726013,0.4108448714600957,0.15-0.23;0.30-0.40;>0.50,True,True,MEND139;MEND140;MEND141;MEND142;MEND143;MEND144;MEND145;MEND146;MEND147;MEND148;MEND149;MEND150;MEND151;MEND152;MEND153;MEND154;MEND156;MEND157;MEND158;MEND159;MEND160;MEND161;MEND162
uni_v2,PRAD,random,0,2.0,,36819,25891,23,0.5806165337562561,0.4170599628256067,0.15-0.23;0.30-0.40;>0.50,True,True,MEND139;MEND140;MEND141;MEND142;MEND143;MEND144;MEND145;MEND146;MEND147;MEND148;MEND149;MEND150;MEND151;MEND152;MEND153;MEND154;MEND156;MEND157;MEND158;MEND159;MEND160;MEND161;MEND162
uni_v2,PRAD,blocked,0,2.0,4.0,34270,28440,23,0.534063458442688,0.377315345867132,0.15-0.23;0.30-0.40;>0.50,True,True,MEND139;MEND140;MEND141;MEND142;MEND143;MEND144;MEND145;MEND146;MEND147;MEND148;MEND149;MEND150;MEND151;MEND152;MEND153;MEND154;MEND156;MEND157;MEND158;MEND159;MEND160;MEND161;MEND162
uni_v2,PRAD,blocked_buffered,0,2.0,4.0,27335,28440,23,0.5228164792060852,0.37311677774110724,0.15-0.23;0.30-0.40;>0.50,True,True,MEND139;MEND140;MEND141;MEND142;MEND143;MEND144;MEND145;MEND146;MEND147;MEND148;MEND149;MEND150;MEND151;MEND152;MEND153;MEND154;MEND156;MEND157;MEND158;MEND159;MEND160;MEND161;MEND162
uni_v2,PRAD,blocked_matched,0,2.0,4.0,27335,28440,23,0.5340395569801331,0.375752336438897,0.15-0.23;0.30-0.40;>0.50,True,True,MEND139;MEND140;MEND141;MEND142;MEND143;MEND144;MEND145;MEND146;MEND147;MEND148;MEND149;MEND150;MEND151;MEND152;MEND153;MEND154;MEND156;MEND157;MEND158;MEND159;MEND160;MEND161;MEND162
uni_v2,PRAD,random_matched,0,2.0,4.0,27335,25891,23,0.5795153975486755,0.41465141005652106,0.15-0.23;0.30-0.40;>0.50,True,True,MEND139;MEND140;MEND141;MEND142;MEND143;MEND144;MEND145;MEND146;MEND147;MEND148;MEND149;MEND150;MEND151;MEND152;MEND153;MEND154;MEND156;MEND157;MEND158;MEND159;MEND160;MEND161;MEND162
uni_v2,PRAD,blocked,0,2.0,6.0,35947,26763,23,0.5268208980560303,0.38089591509034937,0.15-0.23;0.30-0.40;>0.50,True,True,MEND139;MEND140;MEND141;MEND142;MEND143;MEND144;MEND145;MEND146;MEND147;MEND148;MEND149;MEND150;MEND151;MEND152;MEND153;MEND154;MEND156;MEND157;MEND158;MEND159;MEND160;MEND161;MEND162
uni_v2,PRAD,blocked_buffered,0,2.0,6.0,25403,26763,23,0.514255166053772,0.37287065298924144,0.15-0.23;0.30-0.40;>0.50,True,True,MEND139;MEND140;MEND141;MEND142;MEND143;MEND144;MEND145;MEND146;MEND147;MEND148;MEND149;MEND150;MEND151;MEND152;MEND153;MEND154;MEND156;MEND157;MEND158;MEND159;MEND160;MEND161;MEND162
uni_v2,PRAD,blocked_matched,0,2.0,6.0,25403,26763,23,0.5262786746025085,0.37922987616609566,0.15-0.23;0.30-0.40;>0.50,True,True,MEND139;MEND140;MEND141;MEND142;MEND143;MEND144;MEND145;MEND146;MEND147;MEND148;MEND149;MEND150;MEND151;MEND152;MEND153;MEND154;MEND156;MEND157;MEND158;MEND159;MEND160;MEND161;MEND162
uni_v2,PRAD,random_matched,0,2.0,6.0,25403,25891,23,0.5791431665420532,0.4145498164937548,0.15-0.23;0.30-0.40;>0.50,True,True,MEND139;MEND140;MEND141;MEND142;MEND143;MEND144;MEND145;MEND146;MEND147;MEND148;MEND149;MEND150;MEND151;MEND152;MEND153;MEND154;MEND156;MEND157;MEND158;MEND159;MEND160;MEND161;MEND162
uni_v2,PRAD,blocked,0,2.0,10.0,36352,26358,23,0.563501238822937,0.40132689025576995,0.15-0.23;0.30-0.40;>0.50,True,True,MEND139;MEND140;MEND141;MEND142;MEND143;MEND144;MEND145;MEND146;MEND147;MEND148;MEND149;MEND150;MEND151;MEND152;MEND153;MEND154;MEND156;MEND157;MEND158;MEND159;MEND160;MEND161;MEND162
uni_v2,PRAD,blocked_buffered,0,2.0,10.0,19433,26358,23,0.5472607612609863,0.38609338309928554,0.15-0.23;0.30-0.40;>0.50,True,True,MEND139;MEND140;MEND141;MEND142;MEND143;MEND144;MEND145;MEND146;MEND147;MEND148;MEND149;MEND150;MEND151;MEND152;MEND153;MEND154;MEND156;MEND157;MEND158;MEND159;MEND160;MEND161;MEND162
uni_v2,PRAD,blocked_matched,0,2.0,10.0,19433,26358,23,0.5583282113075256,0.3952382673824752,0.15-0.23;0.30-0.40;>0.50,True,True,MEND139;MEND140;MEND141;MEND142;MEND143;MEND144;MEND145;MEND146;MEND147;MEND148;MEND149;MEND150;MEND151;MEND152;MEND153;MEND154;MEND156;MEND157;MEND158;MEND159;MEND160;MEND161;MEND162
uni_v2,PRAD,random_matched,0,2.0,10.0,19433,25891,23,0.5765960216522217,0.4127070653778703,0.15-0.23;0.30-0.40;>0.50,True,True,MEND139;MEND140;MEND141;MEND142;MEND143;MEND144;MEND145;MEND146;MEND147;MEND148;MEND149;MEND150;MEND151;MEND152;MEND153;MEND154;MEND156;MEND157;MEND158;MEND159;MEND160;MEND161;MEND162
uni_v2,PRAD,random,0,3.0,,36819,25891,23,0.5832580924034119,0.41985869319542596,0.15-0.23;0.30-0.40;>0.50,True,True,MEND139;MEND140;MEND141;MEND142;MEND143;MEND144;MEND145;MEND146;MEND147;MEND148;MEND149;MEND150;MEND151;MEND152;MEND153;MEND154;MEND156;MEND157;MEND158;MEND159;MEND160;MEND161;MEND162
uni_v2,PRAD,blocked,0,3.0,4.0,34435,28275,23,0.5730834007263184,0.38889971181588334,0.15-0.23;0.30-0.40;>0.50,True,True,MEND139;MEND140;MEND141;MEND142;MEND143;MEND144;MEND145;MEND146;MEND147;MEND148;MEND149;MEND150;MEND151;MEND152;MEND153;MEND154;MEND156;MEND157;MEND158;MEND159;MEND160;MEND161;MEND162
uni_v2,PRAD,blocked_buffered,0,3.0,4.0,27844,28275,23,0.5595554113388062,0.3816027286839064,0.15-0.23;0.30-0.40;>0.50,True,True,MEND139;MEND140;MEND141;MEND142;MEND143;MEND144;MEND145;MEND146;MEND147;MEND148;MEND149;MEND150;MEND151;MEND152;MEND153;MEND154;MEND156;MEND157;MEND158;MEND159;MEND160;MEND161;MEND162
uni_v2,PRAD,blocked_matched,0,3.0,4.0,27844,28275,23,0.5716907382011414,0.3876684897826256,0.15-0.23;0.30-0.40;>0.50,True,True,MEND139;MEND140;MEND141;MEND142;MEND143;MEND144;MEND145;MEND146;MEND147;MEND148;MEND149;MEND150;MEND151;MEND152;MEND153;MEND154;MEND156;MEND157;MEND158;MEND159;MEND160;MEND161;MEND162
uni_v2,PRAD,random_matched,0,3.0,4.0,27844,25891,23,0.5821788311004639,0.41826753848515785,0.15-0.23;0.30-0.40;>0.50,True,True,MEND139;MEND140;MEND141;MEND142;MEND143;MEND144;MEND145;MEND146;MEND147;MEND148;MEND149;MEND150;MEND151;MEND152;MEND153;MEND154;MEND156;MEND157;MEND158;MEND159;MEND160;MEND161;MEND162
uni_v2,PRAD,blocked,0,3.0,6.0,35474,27236,23,0.5582373142242432,0.3968353681557852,0.15-0.23;0.30-0.40;>0.50,True,True,MEND139;MEND140;MEND141;MEND142;MEND143;MEND144;MEND145;MEND146;MEND147;MEND148;MEND149;MEND150;MEND151;MEND152;MEND153;MEND154;MEND156;MEND157;MEND158;MEND159;MEND160;MEND161;MEND162
uni_v2,PRAD,blocked_buffered,0,3.0,6.0,25000,27236,23,0.5475780963897705,0.3871297581712512,0.15-0.23;0.30-0.40;>0.50,True,True,MEND139;MEND140;MEND141;MEND142;MEND143;MEND144;MEND145;MEND146;MEND147;MEND148;MEND149;MEND150;MEND151;MEND152;MEND153;MEND154;MEND156;MEND157;MEND158;MEND159;MEND160;MEND161;MEND162
uni_v2,PRAD,blocked_matched,0,3.0,6.0,25000,27236,23,0.5567367076873779,0.3957789684119432,0.15-0.23;0.30-0.40;>0.50,True,True,MEND139;MEND140;MEND141;MEND142;MEND143;MEND144;MEND145;MEND146;MEND147;MEND148;MEND149;MEND150;MEND151;MEND152;MEND153;MEND154;MEND156;MEND157;MEND158;MEND159;MEND160;MEND161;MEND162
uni_v2,PRAD,random_matched,0,3.0,6.0,25000,25891,23,0.581669807434082,0.4190833389289353,0.15-0.23;0.30-0.40;>0.50,True,True,MEND139;MEND140;MEND141;MEND142;MEND143;MEND144;MEND145;MEND146;MEND147;MEND148;MEND149;MEND150;MEND151;MEND152;MEND153;MEND154;MEND156;MEND157;MEND158;MEND159;MEND160;MEND161;MEND162
uni_v2,PRAD,blocked,0,3.0,10.0,36401,26309,23,0.5635812878608704,0.39794433835407966,0.15-0.23;0.30-0.40;>0.50,True,True,MEND139;MEND140;MEND141;MEND142;MEND143;MEND144;MEND145;MEND146;MEND147;MEND148;MEND149;MEND150;MEND151;MEND152;MEND153;MEND154;MEND156;MEND157;MEND158;MEND159;MEND160;MEND161;MEND162
uni_v2,PRAD,blocked_buffered,0,3.0,10.0,19299,26309,23,0.5529081225395203,0.39069869012288433,0.15-0.23;0.30-0.40;>0.50,True,True,MEND139;MEND140;MEND141;MEND142;MEND143;MEND144;MEND145;MEND146;MEND147;MEND148;MEND149;MEND150;MEND151;MEND152;MEND153;MEND154;MEND156;MEND157;MEND158;MEND159;MEND160;MEND161;MEND162
uni_v2,PRAD,blocked_matched,0,3.0,10.0,19299,26309,23,0.5603023767471313,0.3940181197096472,0.15-0.23;0.30-0.40;>0.50,True,True,MEND139;MEND140;MEND141;MEND142;MEND143;MEND144;MEND145;MEND146;MEND147;MEND148;MEND149;MEND150;MEND151;MEND152;MEND153;MEND154;MEND156;MEND157;MEND158;MEND159;MEND160;MEND161;MEND162
uni_v2,PRAD,random_matched,0,3.0,10.0,19299,25891,23,0.5779765844345093,0.4158084735057681,0.15-0.23;0.30-0.40;>0.50,True,True,MEND139;MEND140;MEND141;MEND142;MEND143;MEND144;MEND145;MEND146;MEND147;MEND148;MEND149;MEND150;MEND151;MEND152;MEND153;MEND154;MEND156;MEND157;MEND158;MEND159;MEND160;MEND161;MEND162
uni_v2,PRAD,random,0,4.0,,36819,25891,23,0.5755502581596375,0.4128700934204718,0.15-0.23;0.30-0.40;>0.50,True,True,MEND139;MEND140;MEND141;MEND142;MEND143;MEND144;MEND145;MEND146;MEND147;MEND148;MEND149;MEND150;MEND151;MEND152;MEND153;MEND154;MEND156;MEND157;MEND158;MEND159;MEND160;MEND161;MEND162
uni_v2,PRAD,blocked,0,4.0,4.0,35009,27701,23,0.5563292503356934,0.3967325344479278,0.15-0.23;0.30-0.40;>0.50,True,True,MEND139;MEND140;MEND141;MEND142;MEND143;MEND144;MEND145;MEND146;MEND147;MEND148;MEND149;MEND150;MEND151;MEND152;MEND153;MEND154;MEND156;MEND157;MEND158;MEND159;MEND160;MEND161;MEND162
uni_v2,PRAD,blocked_buffered,0,4.0,4.0,28293,27701,23,0.5396815538406372,0.39137440265196827,0.15-0.23;0.30-0.40;>0.50,True,True,MEND139;MEND140;MEND141;MEND142;MEND143;MEND144;MEND145;MEND146;MEND147;MEND148;MEND149;MEND150;MEND151;MEND152;MEND153;MEND154;MEND156;MEND157;MEND158;MEND159;MEND160;MEND161;MEND162
uni_v2,PRAD,blocked_matched,0,4.0,4.0,28293,27701,23,0.5554227232933044,0.39396187136030714,0.15-0.23;0.30-0.40;>0.50,True,True,MEND139;MEND140;MEND141;MEND142;MEND143;MEND144;MEND145;MEND146;MEND147;MEND148;MEND149;MEND150;MEND151;MEND152;MEND153;MEND154;MEND156;MEND157;MEND158;MEND159;MEND160;MEND161;MEND162
uni_v2,PRAD,random_matched,0,4.0,4.0,28293,25891,23,0.5749981999397278,0.4132437240996438,0.15-0.23;0.30-0.40;>0.50,True,True,MEND139;MEND140;MEND141;MEND142;MEND143;MEND144;MEND145;MEND146;MEND147;MEND148;MEND149;MEND150;MEND151;MEND152;MEND153;MEND154;MEND156;MEND157;MEND158;MEND159;MEND160;MEND161;MEND162
uni_v2,PRAD,blocked,0,4.0,6.0,35848,26862,23,0.5695798397064209,0.38802271634380775,0.15-0.23;0.30-0.40;>0.50,True,True,MEND139;MEND140;MEND141;MEND142;MEND143;MEND144;MEND145;MEND146;MEND147;MEND148;MEND149;MEND150;MEND151;MEND152;MEND153;MEND154;MEND156;MEND157;MEND158;MEND159;MEND160;MEND161;MEND162
uni_v2,PRAD,blocked_buffered,0,4.0,6.0,25654,26862,23,0.5603445768356323,0.3750290186881371,0.15-0.23;0.30-0.40;>0.50,True,True,MEND139;MEND140;MEND141;MEND142;MEND143;MEND144;MEND145;MEND146;MEND147;MEND148;MEND149;MEND150;MEND151;MEND152;MEND153;MEND154;MEND156;MEND157;MEND158;MEND159;MEND160;MEND161;MEND162
uni_v2,PRAD,blocked_matched,0,4.0,6.0,25654,26862,23,0.5681947469711304,0.3856141989864409,0.15-0.23;0.30-0.40;>0.50,True,True,MEND139;MEND140;MEND141;MEND142;MEND143;MEND144;MEND145;MEND146;MEND147;MEND148;MEND149;MEND150;MEND151;MEND152;MEND153;MEND154;MEND156;MEND157;MEND158;MEND159;MEND160;MEND161;MEND162
uni_v2,PRAD,random_matched,0,4.0,6.0,25654,25891,23,0.5733075141906738,0.41032452003787395,0.15-0.23;0.30-0.40;>0.50,True,True,MEND139;MEND140;MEND141;MEND142;MEND143;MEND144;MEND145;MEND146;MEND147;MEND148;MEND149;MEND150;MEND151;MEND152;MEND153;MEND154;MEND156;MEND157;MEND158;MEND159;MEND160;MEND161;MEND162
uni_v2,PRAD,blocked,0,4.0,10.0,36299,26411,23,0.5565714836120605,0.39701531868427986,0.15-0.23;0.30-0.40;>0.50,True,True,MEND139;MEND140;MEND141;MEND142;MEND143;MEND144;MEND145;MEND146;MEND147;MEND148;MEND149;MEND150;MEND151;MEND152;MEND153;MEND154;MEND156;MEND157;MEND158;MEND159;MEND160;MEND161;MEND162
uni_v2,PRAD,blocked_buffered,0,4.0,10.0,19045,26411,23,0.5376080870628357,0.38451209274161124,0.15-0.23;0.30-0.40;>0.50,True,True,MEND139;MEND140;MEND141;MEND142;MEND143;MEND144;MEND145;MEND146;MEND147;MEND148;MEND149;MEND150;MEND151;MEND152;MEND153;MEND154;MEND156;MEND157;MEND158;MEND159;MEND160;MEND161;MEND162
uni_v2,PRAD,blocked_matched,0,4.0,10.0,19045,26411,23,0.5527392029762268,0.3895893267809372,0.15-0.23;0.30-0.40;>0.50,True,True,MEND139;MEND140;MEND141;MEND142;MEND143;MEND144;MEND145;MEND146;MEND147;MEND148;MEND149;MEND150;MEND151;MEND152;MEND153;MEND154;MEND156;MEND157;MEND158;MEND159;MEND160;MEND161;MEND162
uni_v2,PRAD,random_matched,0,4.0,10.0,19045,25891,23,0.572435736656189,0.408607918166596,0.15-0.23;0.30-0.40;>0.50,True,True,MEND139;MEND140;MEND141;MEND142;MEND143;MEND144;MEND145;MEND146;MEND147;MEND148;MEND149;MEND150;MEND151;MEND152;MEND153;MEND154;MEND156;MEND157;MEND158;MEND159;MEND160;MEND161;MEND162
uni_v2,PRAD,patient,1,,,25891,36819,15,0.3072137236595154,0.2310738693657016,0.30-0.40,False,True,MEND139;MEND140;MEND141;MEND142;MEND143;MEND144;MEND145;MEND146;MEND147;MEND148;MEND149;MEND150;MEND151;MEND152;MEND153
uni_v2,PRAD,random,1,0.0,,25891,36819,23,0.5790187120437622,0.41337145491624655,0.15-0.23;0.30-0.40;>0.50,True,True,MEND139;MEND140;MEND141;MEND142;MEND143;MEND144;MEND145;MEND146;MEND147;MEND148;MEND149;MEND150;MEND151;MEND152;MEND153;MEND154;MEND156;MEND157;MEND158;MEND159;MEND160;MEND161;MEND162
uni_v2,PRAD,blocked,1,0.0,4.0,23332,39378,23,0.5512614846229553,0.40725846192839993,0.15-0.23;0.30-0.40;>0.50,True,True,MEND139;MEND140;MEND141;MEND142;MEND143;MEND144;MEND145;MEND146;MEND147;MEND148;MEND149;MEND150;MEND151;MEND152;MEND153;MEND154;MEND156;MEND157;MEND158;MEND159;MEND160;MEND161;MEND162
uni_v2,PRAD,blocked_buffered,1,0.0,4.0,16476,39378,23,0.5390387177467346,0.4003665698157704,0.15-0.23;0.30-0.40;>0.50,True,True,MEND139;MEND140;MEND141;MEND142;MEND143;MEND144;MEND145;MEND146;MEND147;MEND148;MEND149;MEND150;MEND151;MEND152;MEND153;MEND154;MEND156;MEND157;MEND158;MEND159;MEND160;MEND161;MEND162
uni_v2,PRAD,blocked_matched,1,0.0,4.0,16476,39378,23,0.5510259866714478,0.40620290415766436,0.15-0.23;0.30-0.40;>0.50,True,True,MEND139;MEND140;MEND141;MEND142;MEND143;MEND144;MEND145;MEND146;MEND147;MEND148;MEND149;MEND150;MEND151;MEND152;MEND153;MEND154;MEND156;MEND157;MEND158;MEND159;MEND160;MEND161;MEND162
uni_v2,PRAD,random_matched,1,0.0,4.0,16476,36819,23,0.5754217505455017,0.41112853281604855,0.15-0.23;0.30-0.40;>0.50,True,True,MEND139;MEND140;MEND141;MEND142;MEND143;MEND144;MEND145;MEND146;MEND147;MEND148;MEND149;MEND150;MEND151;MEND152;MEND153;MEND154;MEND156;MEND157;MEND158;MEND159;MEND160;MEND161;MEND162
uni_v2,PRAD,blocked,1,0.0,6.0,24626,38084,23,0.5567337274551392,0.3876957598701879,0.15-0.23;0.30-0.40;>0.50,True,True,MEND139;MEND140;MEND141;MEND142;MEND143;MEND144;MEND145;MEND146;MEND147;MEND148;MEND149;MEND150;MEND151;MEND152;MEND153;MEND154;MEND156;MEND157;MEND158;MEND159;MEND160;MEND161;MEND162
uni_v2,PRAD,blocked_buffered,1,0.0,6.0,14590,38084,23,0.5342625975608826,0.3713212629126864,0.15-0.23;0.30-0.40;>0.50,True,True,MEND139;MEND140;MEND141;MEND142;MEND143;MEND144;MEND145;MEND146;MEND147;MEND148;MEND149;MEND150;MEND151;MEND152;MEND153;MEND154;MEND156;MEND157;MEND158;MEND159;MEND160;MEND161;MEND162
uni_v2,PRAD,blocked_matched,1,0.0,6.0,14590,38084,23,0.5525269508361816,0.38397738569223766,0.15-0.23;0.30-0.40;>0.50,True,True,MEND139;MEND140;MEND141;MEND142;MEND143;MEND144;MEND145;MEND146;MEND147;MEND148;MEND149;MEND150;MEND151;MEND152;MEND153;MEND154;MEND156;MEND157;MEND158;MEND159;MEND160;MEND161;MEND162
uni_v2,PRAD,random_matched,1,0.0,6.0,14590,36819,23,0.5754061937332153,0.4062821959218254,0.15-0.23;0.30-0.40;>0.50,True,True,MEND139;MEND140;MEND141;MEND142;MEND143;MEND144;MEND145;MEND146;MEND147;MEND148;MEND149;MEND150;MEND151;MEND152;MEND153;MEND154;MEND156;MEND157;MEND158;MEND159;MEND160;MEND161;MEND162
uni_v2,PRAD,blocked,1,0.0,10.0,25375,37335,23,0.5701668858528137,0.4097305436092227,0.15-0.23;0.30-0.40;>0.50,True,True,MEND139;MEND140;MEND141;MEND142;MEND143;MEND144;MEND145;MEND146;MEND147;MEND148;MEND149;MEND150;MEND151;MEND152;MEND153;MEND154;MEND156;MEND157;MEND158;MEND159;MEND160;MEND161;MEND162
uni_v2,PRAD,blocked_buffered,1,0.0,10.0,9745,37335,23,0.5412272810935974,0.3864063045196235,0.15-0.23;0.30-0.40;>0.50,True,True,MEND139;MEND140;MEND141;MEND142;MEND143;MEND144;MEND145;MEND146;MEND147;MEND148;MEND149;MEND150;MEND151;MEND152;MEND153;MEND154;MEND156;MEND157;MEND158;MEND159;MEND160;MEND161;MEND162
uni_v2,PRAD,blocked_matched,1,0.0,10.0,9745,37335,23,0.5612691640853882,0.398713583983076,0.15-0.23;0.30-0.40;>0.50,True,True,MEND139;MEND140;MEND141;MEND142;MEND143;MEND144;MEND145;MEND146;MEND147;MEND148;MEND149;MEND150;MEND151;MEND152;MEND153;MEND154;MEND156;MEND157;MEND158;MEND159;MEND160;MEND161;MEND162
uni_v2,PRAD,random_matched,1,0.0,10.0,9745,36819,23,0.5702831745147705,0.40487502319657287,0.15-0.23;0.30-0.40;>0.50,True,True,MEND139;MEND140;MEND141;MEND142;MEND143;MEND144;MEND145;MEND146;MEND147;MEND148;MEND149;MEND150;MEND151;MEND152;MEND153;MEND154;MEND156;MEND157;MEND158;MEND159;MEND160;MEND161;MEND162
uni_v2,PRAD,random,1,1.0,,25891,36819,23,0.5809913873672485,0.41426948456660556,0.15-0.23;0.30-0.40;>0.50,True,True,MEND139;MEND140;MEND141;MEND142;MEND143;MEND144;MEND145;MEND146;MEND147;MEND148;MEND149;MEND150;MEND151;MEND152;MEND153;MEND154;MEND156;MEND157;MEND158;MEND159;MEND160;MEND161;MEND162
uni_v2,PRAD,blocked,1,1.0,4.0,23518,39192,23,0.521430253982544,0.3875604633209498,0.15-0.23;0.30-0.40;>0.50,True,True,MEND139;MEND140;MEND141;MEND142;MEND143;MEND144;MEND145;MEND146;MEND147;MEND148;MEND149;MEND150;MEND151;MEND152;MEND153;MEND154;MEND156;MEND157;MEND158;MEND159;MEND160;MEND161;MEND162
uni_v2,PRAD,blocked_buffered,1,1.0,4.0,16928,39192,23,0.5134060382843018,0.37875916001589405,0.15-0.23;0.30-0.40;>0.50,True,True,MEND139;MEND140;MEND141;MEND142;MEND143;MEND144;MEND145;MEND146;MEND147;MEND148;MEND149;MEND150;MEND151;MEND152;MEND153;MEND154;MEND156;MEND157;MEND158;MEND159;MEND160;MEND161;MEND162
uni_v2,PRAD,blocked_matched,1,1.0,4.0,16928,39192,23,0.5166055560112,0.38326817332402524,0.15-0.23;0.30-0.40;>0.50,True,True,MEND139;MEND140;MEND141;MEND142;MEND143;MEND144;MEND145;MEND146;MEND147;MEND148;MEND149;MEND150;MEND151;MEND152;MEND153;MEND154;MEND156;MEND157;MEND158;MEND159;MEND160;MEND161;MEND162
uni_v2,PRAD,random_matched,1,1.0,4.0,16928,36819,23,0.5777073502540588,0.41031651242271716,0.15-0.23;0.30-0.40;>0.50,True,True,MEND139;MEND140;MEND141;MEND142;MEND143;MEND144;MEND145;MEND146;MEND147;MEND148;MEND149;MEND150;MEND151;MEND152;MEND153;MEND154;MEND156;MEND157;MEND158;MEND159;MEND160;MEND161;MEND162
uni_v2,PRAD,blocked,1,1.0,6.0,24894,37816,23,0.5604839324951172,0.39500826986506576,0.15-0.23;0.30-0.40;>0.50,True,True,MEND139;MEND140;MEND141;MEND142;MEND143;MEND144;MEND145;MEND146;MEND147;MEND148;MEND149;MEND150;MEND151;MEND152;MEND153;MEND154;MEND156;MEND157;MEND158;MEND159;MEND160;MEND161;MEND162
uni_v2,PRAD,blocked_buffered,1,1.0,6.0,15139,37816,23,0.5479498505592346,0.38598867960112243,0.15-0.23;0.30-0.40;>0.50,True,True,MEND139;MEND140;MEND141;MEND142;MEND143;MEND144;MEND145;MEND146;MEND147;MEND148;MEND149;MEND150;MEND151;MEND152;MEND153;MEND154;MEND156;MEND157;MEND158;MEND159;MEND160;MEND161;MEND162
uni_v2,PRAD,blocked_matched,1,1.0,6.0,15139,37816,23,0.5561140775680542,0.39129179732712077,0.15-0.23;0.30-0.40;>0.50,True,True,MEND139;MEND140;MEND141;MEND142;MEND143;MEND144;MEND145;MEND146;MEND147;MEND148;MEND149;MEND150;MEND151;MEND152;MEND153;MEND154;MEND156;MEND157;MEND158;MEND159;MEND160;MEND161;MEND162
uni_v2,PRAD,random_matched,1,1.0,6.0,15139,36819,23,0.577497661113739,0.40691828559922133,0.15-0.23;0.30-0.40;>0.50,True,True,MEND139;MEND140;MEND141;MEND142;MEND143;MEND144;MEND145;MEND146;MEND147;MEND148;MEND149;MEND150;MEND151;MEND152;MEND153;MEND154;MEND156;MEND157;MEND158;MEND159;MEND160;MEND161;MEND162
uni_v2,PRAD,blocked,1,1.0,10.0,25556,37154,23,0.5658411979675293,0.4052525554313932,0.15-0.23;0.30-0.40;>0.50,True,True,MEND139;MEND140;MEND141;MEND142;MEND143;MEND144;MEND145;MEND146;MEND147;MEND148;MEND149;MEND150;MEND151;MEND152;MEND153;MEND154;MEND156;MEND157;MEND158;MEND159;MEND160;MEND161;MEND162
uni_v2,PRAD,blocked_buffered,1,1.0,10.0,9687,37154,23,0.5402447581291199,0.38727939519545307,0.15-0.23;0.30-0.40;>0.50,True,True,MEND139;MEND140;MEND141;MEND142;MEND143;MEND144;MEND145;MEND146;MEND147;MEND148;MEND149;MEND150;MEND151;MEND152;MEND153;MEND154;MEND156;MEND157;MEND158;MEND159;MEND160;MEND161;MEND162
uni_v2,PRAD,blocked_matched,1,1.0,10.0,9687,37154,23,0.5580898523330688,0.39435045956836445,0.15-0.23;0.30-0.40;>0.50,True,True,MEND139;MEND140;MEND141;MEND142;MEND143;MEND144;MEND145;MEND146;MEND147;MEND148;MEND149;MEND150;MEND151;MEND152;MEND153;MEND154;MEND156;MEND157;MEND158;MEND159;MEND160;MEND161;MEND162
uni_v2,PRAD,random_matched,1,1.0,10.0,9687,36819,23,0.5709942579269409,0.40144168815049147,0.15-0.23;0.30-0.40;>0.50,True,True,MEND139;MEND140;MEND141;MEND142;MEND143;MEND144;MEND145;MEND146;MEND147;MEND148;MEND149;MEND150;MEND151;MEND152;MEND153;MEND154;MEND156;MEND157;MEND158;MEND159;MEND160;MEND161;MEND162
uni_v2,PRAD,random,1,2.0,,25891,36819,23,0.5797535181045532,0.4122354860694917,0.15-0.23;0.30-0.40;>0.50,True,True,MEND139;MEND140;MEND141;MEND142;MEND143;MEND144;MEND145;MEND146;MEND147;MEND148;MEND149;MEND150;MEND151;MEND152;MEND153;MEND154;MEND156;MEND157;MEND158;MEND159;MEND160;MEND161;MEND162
uni_v2,PRAD,blocked,1,2.0,4.0,23624,39086,23,0.5360565781593323,0.38126261198650235,0.15-0.23;0.30-0.40;>0.50,True,True,MEND139;MEND140;MEND141;MEND142;MEND143;MEND144;MEND145;MEND146;MEND147;MEND148;MEND149;MEND150;MEND151;MEND152;MEND153;MEND154;MEND156;MEND157;MEND158;MEND159;MEND160;MEND161;MEND162
uni_v2,PRAD,blocked_buffered,1,2.0,4.0,17233,39086,23,0.5223538875579834,0.37561148142118167,0.15-0.23;0.30-0.40;>0.50,True,True,MEND139;MEND140;MEND141;MEND142;MEND143;MEND144;MEND145;MEND146;MEND147;MEND148;MEND149;MEND150;MEND151;MEND152;MEND153;MEND154;MEND156;MEND157;MEND158;MEND159;MEND160;MEND161;MEND162
uni_v2,PRAD,blocked_matched,1,2.0,4.0,17233,39086,23,0.5372382998466492,0.38004552828067023,0.15-0.23;0.30-0.40;>0.50,True,True,MEND139;MEND140;MEND141;MEND142;MEND143;MEND144;MEND145;MEND146;MEND147;MEND148;MEND149;MEND150;MEND151;MEND152;MEND153;MEND154;MEND156;MEND157;MEND158;MEND159;MEND160;MEND161;MEND162
uni_v2,PRAD,random_matched,1,2.0,4.0,17233,36819,23,0.5762343406677246,0.40869730322662257,0.15-0.23;0.30-0.40;>0.50,True,True,MEND139;MEND140;MEND141;MEND142;MEND143;MEND144;MEND145;MEND146;MEND147;MEND148;MEND149;MEND150;MEND151;MEND152;MEND153;MEND154;MEND156;MEND157;MEND158;MEND159;MEND160;MEND161;MEND162
uni_v2,PRAD,blocked,1,2.0,6.0,24887,37823,23,0.5425511598587036,0.38169233059753543,0.15-0.23;0.30-0.40;>0.50,True,True,MEND139;MEND140;MEND141;MEND142;MEND143;MEND144;MEND145;MEND146;MEND147;MEND148;MEND149;MEND150;MEND151;MEND152;MEND153;MEND154;MEND156;MEND157;MEND158;MEND159;MEND160;MEND161;MEND162
uni_v2,PRAD,blocked_buffered,1,2.0,6.0,15482,37823,23,0.5236154794692993,0.3693279841477456,0.15-0.23;0.30-0.40;>0.50,True,True,MEND139;MEND140;MEND141;MEND142;MEND143;MEND144;MEND145;MEND146;MEND147;MEND148;MEND149;MEND150;MEND151;MEND152;MEND153;MEND154;MEND156;MEND157;MEND158;MEND159;MEND160;MEND161;MEND162
uni_v2,PRAD,blocked_matched,1,2.0,6.0,15482,37823,23,0.5405957698822021,0.3788811661108681,0.15-0.23;0.30-0.40;>0.50,True,True,MEND139;MEND140;MEND141;MEND142;MEND143;MEND144;MEND145;MEND146;MEND147;MEND148;MEND149;MEND150;MEND151;MEND152;MEND153;MEND154;MEND156;MEND157;MEND158;MEND159;MEND160;MEND161;MEND162
uni_v2,PRAD,random_matched,1,2.0,6.0,15482,36819,23,0.5762708187103271,0.4078024723631856,0.15-0.23;0.30-0.40;>0.50,True,True,MEND139;MEND140;MEND141;MEND142;MEND143;MEND144;MEND145;MEND146;MEND147;MEND148;MEND149;MEND150;MEND151;MEND152;MEND153;MEND154;MEND156;MEND157;MEND158;MEND159;MEND160;MEND161;MEND162
uni_v2,PRAD,blocked,1,2.0,10.0,25481,37229,23,0.5723345279693604,0.4096329531429902,0.15-0.23;0.30-0.40;>0.50,True,True,MEND139;MEND140;MEND141;MEND142;MEND143;MEND144;MEND145;MEND146;MEND147;MEND148;MEND149;MEND150;MEND151;MEND152;MEND153;MEND154;MEND156;MEND157;MEND158;MEND159;MEND160;MEND161;MEND162
uni_v2,PRAD,blocked_buffered,1,2.0,10.0,9699,37229,23,0.5308175086975098,0.38784082655835406,0.15-0.23;0.30-0.40;>0.50,True,True,MEND139;MEND140;MEND141;MEND142;MEND143;MEND144;MEND145;MEND146;MEND147;MEND148;MEND149;MEND150;MEND151;MEND152;MEND153;MEND154;MEND156;MEND157;MEND158;MEND159;MEND160;MEND161;MEND162
uni_v2,PRAD,blocked_matched,1,2.0,10.0,9699,37229,23,0.5618222951889038,0.3993926426055639,0.15-0.23;0.30-0.40;>0.50,True,True,MEND139;MEND140;MEND141;MEND142;MEND143;MEND144;MEND145;MEND146;MEND147;MEND148;MEND149;MEND150;MEND151;MEND152;MEND153;MEND154;MEND156;MEND157;MEND158;MEND159;MEND160;MEND161;MEND162
uni_v2,PRAD,random_matched,1,2.0,10.0,9699,36819,23,0.5692666172981262,0.40371481078636384,0.15-0.23;0.30-0.40;>0.50,True,True,MEND139;MEND140;MEND141;MEND142;MEND143;MEND144;MEND145;MEND146;MEND147;MEND148;MEND149;MEND150;MEND151;MEND152;MEND153;MEND154;MEND156;MEND157;MEND158;MEND159;MEND160;MEND161;MEND162
uni_v2,PRAD,random,1,3.0,,25891,36819,23,0.5776776671409607,0.41254109792634036,0.15-0.23;0.30-0.40;>0.50,True,True,MEND139;MEND140;MEND141;MEND142;MEND143;MEND144;MEND145;MEND146;MEND147;MEND148;MEND149;MEND150;MEND151;MEND152;MEND153;MEND154;MEND156;MEND157;MEND158;MEND159;MEND160;MEND161;MEND162
uni_v2,PRAD,blocked,1,3.0,4.0,23625,39085,23,0.5376197695732117,0.39042572083680527,0.15-0.23;0.30-0.40;>0.50,True,True,MEND139;MEND140;MEND141;MEND142;MEND143;MEND144;MEND145;MEND146;MEND147;MEND148;MEND149;MEND150;MEND151;MEND152;MEND153;MEND154;MEND156;MEND157;MEND158;MEND159;MEND160;MEND161;MEND162
uni_v2,PRAD,blocked_buffered,1,3.0,4.0,17221,39085,23,0.5330299735069275,0.38781873936400474,0.15-0.23;0.30-0.40;>0.50,True,True,MEND139;MEND140;MEND141;MEND142;MEND143;MEND144;MEND145;MEND146;MEND147;MEND148;MEND149;MEND150;MEND151;MEND152;MEND153;MEND154;MEND156;MEND157;MEND158;MEND159;MEND160;MEND161;MEND162
uni_v2,PRAD,blocked_matched,1,3.0,4.0,17221,39085,23,0.5356939435005188,0.3876559006811484,0.15-0.23;0.30-0.40;>0.50,True,True,MEND139;MEND140;MEND141;MEND142;MEND143;MEND144;MEND145;MEND146;MEND147;MEND148;MEND149;MEND150;MEND151;MEND152;MEND153;MEND154;MEND156;MEND157;MEND158;MEND159;MEND160;MEND161;MEND162
uni_v2,PRAD,random_matched,1,3.0,4.0,17221,36819,23,0.5747741460800171,0.4098241280691456,0.15-0.23;0.30-0.40;>0.50,True,True,MEND139;MEND140;MEND141;MEND142;MEND143;MEND144;MEND145;MEND146;MEND147;MEND148;MEND149;MEND150;MEND151;MEND152;MEND153;MEND154;MEND156;MEND157;MEND158;MEND159;MEND160;MEND161;MEND162
uni_v2,PRAD,blocked,1,3.0,6.0,24835,37875,23,0.5460174679756165,0.4001983475531249,0.15-0.23;0.30-0.40;>0.50,True,True,MEND139;MEND140;MEND141;MEND142;MEND143;MEND144;MEND145;MEND146;MEND147;MEND148;MEND149;MEND150;MEND151;MEND152;MEND153;MEND154;MEND156;MEND157;MEND158;MEND159;MEND160;MEND161;MEND162
uni_v2,PRAD,blocked_buffered,1,3.0,6.0,14891,37875,23,0.5284369587898254,0.38536494379539205,0.15-0.23;0.30-0.40;>0.50,True,True,MEND139;MEND140;MEND141;MEND142;MEND143;MEND144;MEND145;MEND146;MEND147;MEND148;MEND149;MEND150;MEND151;MEND152;MEND153;MEND154;MEND156;MEND157;MEND158;MEND159;MEND160;MEND161;MEND162
uni_v2,PRAD,blocked_matched,1,3.0,6.0,14891,37875,23,0.5400884747505188,0.3922546390435942,0.15-0.23;0.30-0.40;>0.50,True,True,MEND139;MEND140;MEND141;MEND142;MEND143;MEND144;MEND145;MEND146;MEND147;MEND148;MEND149;MEND150;MEND151;MEND152;MEND153;MEND154;MEND156;MEND157;MEND158;MEND159;MEND160;MEND161;MEND162
uni_v2,PRAD,random_matched,1,3.0,6.0,14891,36819,23,0.5741915702819824,0.4061613690140454,0.15-0.23;0.30-0.40;>0.50,True,True,MEND139;MEND140;MEND141;MEND142;MEND143;MEND144;MEND145;MEND146;MEND147;MEND148;MEND149;MEND150;MEND151;MEND152;MEND153;MEND154;MEND156;MEND157;MEND158;MEND159;MEND160;MEND161;MEND162
uni_v2,PRAD,blocked,1,3.0,10.0,25501,37209,23,0.559169352054596,0.39522339306123877,0.15-0.23;0.30-0.40;>0.50,True,True,MEND139;MEND140;MEND141;MEND142;MEND143;MEND144;MEND145;MEND146;MEND147;MEND148;MEND149;MEND150;MEND151;MEND152;MEND153;MEND154;MEND156;MEND157;MEND158;MEND159;MEND160;MEND161;MEND162
uni_v2,PRAD,blocked_buffered,1,3.0,10.0,10054,37209,23,0.5330688953399658,0.3740694677813546,0.15-0.23;0.30-0.40;>0.50,True,True,MEND139;MEND140;MEND141;MEND142;MEND143;MEND144;MEND145;MEND146;MEND147;MEND148;MEND149;MEND150;MEND151;MEND152;MEND153;MEND154;MEND156;MEND157;MEND158;MEND159;MEND160;MEND161;MEND162
uni_v2,PRAD,blocked_matched,1,3.0,10.0,10054,37209,23,0.552712082862854,0.38991271574536096,0.15-0.23;0.30-0.40;>0.50,True,True,MEND139;MEND140;MEND141;MEND142;MEND143;MEND144;MEND145;MEND146;MEND147;MEND148;MEND149;MEND150;MEND151;MEND152;MEND153;MEND154;MEND156;MEND157;MEND158;MEND159;MEND160;MEND161;MEND162
uni_v2,PRAD,random_matched,1,3.0,10.0,10054,36819,23,0.5705063343048096,0.4037513949848527,0.15-0.23;0.30-0.40;>0.50,True,True,MEND139;MEND140;MEND141;MEND142;MEND143;MEND144;MEND145;MEND146;MEND147;MEND148;MEND149;MEND150;MEND151;MEND152;MEND153;MEND154;MEND156;MEND157;MEND158;MEND159;MEND160;MEND161;MEND162
uni_v2,PRAD,random,1,4.0,,25891,36819,23,0.5808411240577698,0.41622734468592254,0.15-0.23;0.30-0.40;>0.50,True,True,MEND139;MEND140;MEND141;MEND142;MEND143;MEND144;MEND145;MEND146;MEND147;MEND148;MEND149;MEND150;MEND151;MEND152;MEND153;MEND154;MEND156;MEND157;MEND158;MEND159;MEND160;MEND161;MEND162
uni_v2,PRAD,blocked,1,4.0,4.0,23746,38964,23,0.5391436219215393,0.3747204649642758,0.15-0.23;0.30-0.40;>0.50,True,True,MEND139;MEND140;MEND141;MEND142;MEND143;MEND144;MEND145;MEND146;MEND147;MEND148;MEND149;MEND150;MEND151;MEND152;MEND153;MEND154;MEND156;MEND157;MEND158;MEND159;MEND160;MEND161;MEND162
uni_v2,PRAD,blocked_buffered,1,4.0,4.0,17029,38964,23,0.5290891528129578,0.3665145876639239,0.15-0.23;0.30-0.40;>0.50,True,True,MEND139;MEND140;MEND141;MEND142;MEND143;MEND144;MEND145;MEND146;MEND147;MEND148;MEND149;MEND150;MEND151;MEND152;MEND153;MEND154;MEND156;MEND157;MEND158;MEND159;MEND160;MEND161;MEND162
uni_v2,PRAD,blocked_matched,1,4.0,4.0,17029,38964,23,0.5376158356666565,0.37288464184850456,0.15-0.23;0.30-0.40;>0.50,True,True,MEND139;MEND140;MEND141;MEND142;MEND143;MEND144;MEND145;MEND146;MEND147;MEND148;MEND149;MEND150;MEND151;MEND152;MEND153;MEND154;MEND156;MEND157;MEND158;MEND159;MEND160;MEND161;MEND162
uni_v2,PRAD,random_matched,1,4.0,4.0,17029,36819,23,0.5779239535331726,0.4121894895755079,0.15-0.23;0.30-0.40;>0.50,True,True,MEND139;MEND140;MEND141;MEND142;MEND143;MEND144;MEND145;MEND146;MEND147;MEND148;MEND149;MEND150;MEND151;MEND152;MEND153;MEND154;MEND156;MEND157;MEND158;MEND159;MEND160;MEND161;MEND162
uni_v2,PRAD,blocked,1,4.0,6.0,24776,37934,23,0.5613508820533752,0.4101131170064858,0.15-0.23;0.30-0.40;>0.50,True,True,MEND139;MEND140;MEND141;MEND142;MEND143;MEND144;MEND145;MEND146;MEND147;MEND148;MEND149;MEND150;MEND151;MEND152;MEND153;MEND154;MEND156;MEND157;MEND158;MEND159;MEND160;MEND161;MEND162
uni_v2,PRAD,blocked_buffered,1,4.0,6.0,15167,37934,23,0.547481119632721,0.3994822443746354,0.15-0.23;0.30-0.40;>0.50,True,True,MEND139;MEND140;MEND141;MEND142;MEND143;MEND144;MEND145;MEND146;MEND147;MEND148;MEND149;MEND150;MEND151;MEND152;MEND153;MEND154;MEND156;MEND157;MEND158;MEND159;MEND160;MEND161;MEND162
uni_v2,PRAD,blocked_matched,1,4.0,6.0,15167,37934,23,0.5557263493537903,0.40511966742575173,0.15-0.23;0.30-0.40;>0.50,True,True,MEND139;MEND140;MEND141;MEND142;MEND143;MEND144;MEND145;MEND146;MEND147;MEND148;MEND149;MEND150;MEND151;MEND152;MEND153;MEND154;MEND156;MEND157;MEND158;MEND159;MEND160;MEND161;MEND162
uni_v2,PRAD,random_matched,1,4.0,6.0,15167,36819,23,0.5770984292030334,0.4110780172892239,0.15-0.23;0.30-0.40;>0.50,True,True,MEND139;MEND140;MEND141;MEND142;MEND143;MEND144;MEND145;MEND146;MEND147;MEND148;MEND149;MEND150;MEND151;MEND152;MEND153;MEND154;MEND156;MEND157;MEND158;MEND159;MEND160;MEND161;MEND162
uni_v2,PRAD,blocked,1,4.0,10.0,25411,37299,23,0.566637396812439,0.39513145261687105,0.15-0.23;0.30-0.40;>0.50,True,True,MEND139;MEND140;MEND141;MEND142;MEND143;MEND144;MEND145;MEND146;MEND147;MEND148;MEND149;MEND150;MEND151;MEND152;MEND153;MEND154;MEND156;MEND157;MEND158;MEND159;MEND160;MEND161;MEND162
uni_v2,PRAD,blocked_buffered,1,4.0,10.0,9835,37299,23,0.5347117781639099,0.37393472481114065,0.15-0.23;0.30-0.40;>0.50,True,True,MEND139;MEND140;MEND141;MEND142;MEND143;MEND144;MEND145;MEND146;MEND147;MEND148;MEND149;MEND150;MEND151;MEND152;MEND153;MEND154;MEND156;MEND157;MEND158;MEND159;MEND160;MEND161;MEND162
uni_v2,PRAD,blocked_matched,1,4.0,10.0,9835,37299,23,0.5590733885765076,0.38596163146278784,0.15-0.23;0.30-0.40;>0.50,True,True,MEND139;MEND140;MEND141;MEND142;MEND143;MEND144;MEND145;MEND146;MEND147;MEND148;MEND149;MEND150;MEND151;MEND152;MEND153;MEND154;MEND156;MEND157;MEND158;MEND159;MEND160;MEND161;MEND162
uni_v2,PRAD,random_matched,1,4.0,10.0,9835,36819,23,0.5698516964912415,0.4044401253435923,0.15-0.23;0.30-0.40;>0.50,True,True,MEND139;MEND140;MEND141;MEND142;MEND143;MEND144;MEND145;MEND146;MEND147;MEND148;MEND149;MEND150;MEND151;MEND152;MEND153;MEND154;MEND156;MEND157;MEND158;MEND159;MEND160;MEND161;MEND162
uni_v2,PRAD,slide_out,MEND139,0.0,,25891,3749,1,0.15145747363567352,0.15145746389403938,0.30-0.40,True,True,MEND139
uni_v2,PRAD,slide_out,MEND139,1.0,,25891,3749,1,0.15240837633609772,0.15240837389137596,0.30-0.40,True,True,MEND139
uni_v2,PRAD,slide_out,MEND139,2.0,,25891,3749,1,0.16381606459617615,0.1638160651177168,0.30-0.40,True,True,MEND139
uni_v2,PRAD,slide_out,MEND139,3.0,,25891,3749,1,0.16008330881595612,0.16008332854136825,0.30-0.40,True,True,MEND139
uni_v2,PRAD,slide_out,MEND139,4.0,,25891,3749,1,0.1576765477657318,0.1576765531115234,0.30-0.40,True,True,MEND139
uni_v2,PRAD,slide_out,MEND140,0.0,,25891,1935,1,0.4986242353916168,0.49862426698207857,0.30-0.40,True,True,MEND140
uni_v2,PRAD,slide_out,MEND140,1.0,,25891,1935,1,0.5032488107681274,0.5032487744092942,0.30-0.40,True,True,MEND140
uni_v2,PRAD,slide_out,MEND140,2.0,,25891,1935,1,0.5004950165748596,0.5004950481653213,0.30-0.40,True,True,MEND140
uni_v2,PRAD,slide_out,MEND140,3.0,,25891,1935,1,0.504203200340271,0.5042031526565551,0.30-0.40,True,True,MEND140
uni_v2,PRAD,slide_out,MEND140,4.0,,25891,1935,1,0.5062209367752075,0.506220965385437,0.30-0.40,True,True,MEND140
uni_v2,PRAD,slide_out,MEND141,0.0,,25891,1794,1,0.4963727593421936,0.49637274324893954,0.30-0.40,True,True,MEND141
uni_v2,PRAD,slide_out,MEND141,1.0,,25891,1794,1,0.501671314239502,0.5016713243722916,0.30-0.40,True,True,MEND141
uni_v2,PRAD,slide_out,MEND141,2.0,,25891,1794,1,0.504130482673645,0.5041304695606231,0.30-0.40,True,True,MEND141
uni_v2,PRAD,slide_out,MEND141,3.0,,25891,1794,1,0.4999653995037079,0.49996534585952757,0.30-0.40,True,True,MEND141
uni_v2,PRAD,slide_out,MEND141,4.0,,25891,1794,1,0.5021945238113403,0.5021945029497147,0.30-0.40,True,True,MEND141
uni_v2,PRAD,slide_out,MEND142,0.0,,25891,2997,1,0.33890196681022644,0.3389020021259785,0.30-0.40,True,True,MEND142
uni_v2,PRAD,slide_out,MEND142,1.0,,25891,2997,1,0.3375081717967987,0.3375082221627235,0.30-0.40,True,True,MEND142
uni_v2,PRAD,slide_out,MEND142,2.0,,25891,2997,1,0.34207427501678467,0.3420742839574814,0.30-0.40,True,True,MEND142
uni_v2,PRAD,slide_out,MEND142,3.0,,25891,2997,1,0.34182026982307434,0.3418202333152294,0.30-0.40,True,True,MEND142
uni_v2,PRAD,slide_out,MEND142,4.0,,25891,2997,1,0.34028390049934387,0.34028388872742654,0.30-0.40,True,True,MEND142
uni_v2,PRAD,slide_out,MEND143,0.0,,25891,3816,1,0.2623805105686188,0.262380498945713,0.30-0.40,True,True,MEND143
uni_v2,PRAD,slide_out,MEND143,1.0,,25891,3816,1,0.25594761967658997,0.2559476310014725,0.30-0.40,True,True,MEND143
uni_v2,PRAD,slide_out,MEND143,2.0,,25891,3816,1,0.2634938955307007,0.2634938968718052,0.30-0.40,True,True,MEND143
uni_v2,PRAD,slide_out,MEND143,3.0,,25891,3816,1,0.25932466983795166,0.2593246713280678,0.30-0.40,True,True,MEND143
uni_v2,PRAD,slide_out,MEND143,4.0,,25891,3816,1,0.2654552459716797,0.265455259680748,0.30-0.40,True,True,MEND143
uni_v2,PRAD,slide_out,MEND144,0.0,,25891,4074,1,0.15778999030590057,0.1577899818122387,0.30-0.40,True,True,MEND144
uni_v2,PRAD,slide_out,MEND144,1.0,,25891,4074,1,0.1579035222530365,0.15790353588759898,0.30-0.40,True,True,MEND144
uni_v2,PRAD,slide_out,MEND144,2.0,,25891,4074,1,0.15564948320388794,0.15564949080348014,0.30-0.40,True,True,MEND144
uni_v2,PRAD,slide_out,MEND144,3.0,,25891,4074,1,0.1641795039176941,0.16417950108647347,0.30-0.40,True,True,MEND144
uni_v2,PRAD,slide_out,MEND144,4.0,,25891,4074,1,0.1532057225704193,0.1532057285308838,0.30-0.40,True,True,MEND144
uni_v2,PRAD,slide_out,MEND145,0.0,,25891,1418,1,0.4689680337905884,0.4689680701494217,0.30-0.40,True,True,MEND145
uni_v2,PRAD,slide_out,MEND145,1.0,,25891,1418,1,0.45718634128570557,0.4571863204240799,0.30-0.40,True,True,MEND145
uni_v2,PRAD,slide_out,MEND145,2.0,,25891,1418,1,0.45757216215133667,0.45757214576005933,0.30-0.40,True,True,MEND145
uni_v2,PRAD,slide_out,MEND145,3.0,,25891,1418,1,0.4718801975250244,0.471880207657814,0.30-0.40,True,True,MEND145
uni_v2,PRAD,slide_out,MEND145,4.0,,25891,1418,1,0.4549446403980255,0.45494466960430147,0.30-0.40,True,True,MEND145
uni_v2,PRAD,slide_out,MEND146,0.0,,25891,1964,1,0.36590564250946045,0.3659055942296982,0.30-0.40,True,True,MEND146
uni_v2,PRAD,slide_out,MEND146,1.0,,25891,1964,1,0.37048569321632385,0.3704856544733047,0.30-0.40,True,True,MEND146
uni_v2,PRAD,slide_out,MEND146,2.0,,25891,1964,1,0.36869943141937256,0.3686994323134422,0.30-0.40,True,True,MEND146
uni_v2,PRAD,slide_out,MEND146,3.0,,25891,1964,1,0.37094998359680176,0.37094998866319656,0.30-0.40,True,True,MEND146
uni_v2,PRAD,slide_out,MEND146,4.0,,25891,1964,1,0.3678363561630249,0.36783633232116697,0.30-0.40,True,True,MEND146
uni_v2,PRAD,slide_out,MEND147,0.0,,25891,2335,1,0.34055113792419434,0.34055116802453994,0.30-0.40,True,True,MEND147
uni_v2,PRAD,slide_out,MEND147,1.0,,25891,2335,1,0.3452596962451935,0.34525969564914705,0.30-0.40,True,True,MEND147
uni_v2,PRAD,slide_out,MEND147,2.0,,25891,2335,1,0.33768898248672485,0.33768899530172347,0.30-0.40,True,True,MEND147
uni_v2,PRAD,slide_out,MEND147,3.0,,25891,2335,1,0.3375566899776459,0.3375566813349724,0.30-0.40,True,True,MEND147
uni_v2,PRAD,slide_out,MEND147,4.0,,25891,2335,1,0.33911094069480896,0.339110934138298,0.30-0.40,True,True,MEND147
uni_v2,PRAD,slide_out,MEND148,0.0,,25891,1633,1,0.29554787278175354,0.2955478935688734,0.30-0.40,True,True,MEND148
uni_v2,PRAD,slide_out,MEND148,1.0,,25891,1633,1,0.29900217056274414,0.2990021499618888,0.30-0.40,True,True,MEND148
uni_v2,PRAD,slide_out,MEND148,2.0,,25891,1633,1,0.27690550684928894,0.2769055145420134,0.30-0.40,True,True,MEND148
uni_v2,PRAD,slide_out,MEND148,3.0,,25891,1633,1,0.30860939621925354,0.3086094206571579,0.30-0.40,True,True,MEND148
uni_v2,PRAD,slide_out,MEND148,4.0,,25891,1633,1,0.28936871886253357,0.2893687183117436,0.30-0.40,True,True,MEND148
uni_v2,PRAD,slide_out,MEND149,0.0,,25891,1851,1,0.35144537687301636,0.3514453646540642,0.30-0.40,True,True,MEND149
uni_v2,PRAD,slide_out,MEND149,1.0,,25891,1851,1,0.36814799904823303,0.3681479713320732,0.30-0.40,True,True,MEND149
uni_v2,PRAD,slide_out,MEND149,2.0,,25891,1851,1,0.3779985010623932,0.37799849271774294,0.30-0.40,True,True,MEND149
uni_v2,PRAD,slide_out,MEND149,3.0,,25891,1851,1,0.36296501755714417,0.3629649792611599,0.30-0.40,True,True,MEND149
uni_v2,PRAD,slide_out,MEND149,4.0,,25891,1851,1,0.37476134300231934,0.37476136356592177,0.30-0.40,True,True,MEND149
uni_v2,PRAD,slide_out,MEND150,0.0,,25891,1751,1,0.5689808130264282,0.5689808085560799,0.30-0.40,True,True,MEND150
uni_v2,PRAD,slide_out,MEND150,1.0,,25891,1751,1,0.568246066570282,0.5682460251450538,0.30-0.40,True,True,MEND150
uni_v2,PRAD,slide_out,MEND150,2.0,,25891,1751,1,0.5661199688911438,0.5661199399828911,0.30-0.40,True,True,MEND150
uni_v2,PRAD,slide_out,MEND150,3.0,,25891,1751,1,0.5714265704154968,0.5714265674352645,0.30-0.40,True,True,MEND150
uni_v2,PRAD,slide_out,MEND150,4.0,,25891,1751,1,0.5702605247497559,0.5702605640888214,0.30-0.40,True,True,MEND150
uni_v2,PRAD,slide_out,MEND151,0.0,,25891,2600,1,0.46349576115608215,0.46349577844142914,0.30-0.40,True,True,MEND151
uni_v2,PRAD,slide_out,MEND151,1.0,,25891,2600,1,0.4627884328365326,0.46278847128152845,0.30-0.40,True,True,MEND151
uni_v2,PRAD,slide_out,MEND151,2.0,,25891,2600,1,0.46347329020500183,0.4634732538461685,0.30-0.40,True,True,MEND151
uni_v2,PRAD,slide_out,MEND151,3.0,,25891,2600,1,0.4627457559108734,0.4627457636594772,0.30-0.40,True,True,MEND151
uni_v2,PRAD,slide_out,MEND151,4.0,,25891,2600,1,0.46550366282463074,0.4655036234855652,0.30-0.40,True,True,MEND151
uni_v2,PRAD,slide_out,MEND152,0.0,,25891,3082,1,0.24914312362670898,0.2491431039571762,0.30-0.40,True,True,MEND152
uni_v2,PRAD,slide_out,MEND152,1.0,,25891,3082,1,0.25127360224723816,0.25127360671758653,0.30-0.40,True,True,MEND152
uni_v2,PRAD,slide_out,MEND152,2.0,,25891,3082,1,0.2482394576072693,0.24823945842683315,0.30-0.40,True,True,MEND152
uni_v2,PRAD,slide_out,MEND152,3.0,,25891,3082,1,0.24351203441619873,0.24351203605532645,0.30-0.40,True,True,MEND152
uni_v2,PRAD,slide_out,MEND152,4.0,,25891,3082,1,0.24669256806373596,0.24669254023581744,0.30-0.40,True,True,MEND152
uni_v2,PRAD,slide_out,MEND153,0.0,,25891,1820,1,0.3468232750892639,0.3468232696503401,0.30-0.40,True,True,MEND153
uni_v2,PRAD,slide_out,MEND153,1.0,,25891,1820,1,0.35123497247695923,0.35123496025800705,0.30-0.40,True,True,MEND153
uni_v2,PRAD,slide_out,MEND153,2.0,,25891,1820,1,0.3468214273452759,0.3468214486539364,0.30-0.40,True,True,MEND153
uni_v2,PRAD,slide_out,MEND153,3.0,,25891,1820,1,0.35016945004463196,0.35016941636800764,0.30-0.40,True,True,MEND153
uni_v2,PRAD,slide_out,MEND153,4.0,,25891,1820,1,0.34984275698661804,0.34984279304742816,0.30-0.40,True,True,MEND153
uni_v2,PRAD,slide_out,MEND154,0.0,,36819,2736,1,0.5598791241645813,0.5598791640996933,>0.50,True,True,MEND154
uni_v2,PRAD,slide_out,MEND154,1.0,,36819,2736,1,0.5686227083206177,0.5686226963996888,>0.50,True,True,MEND154
uni_v2,PRAD,slide_out,MEND154,2.0,,36819,2736,1,0.5630940794944763,0.5630940920114518,>0.50,True,True,MEND154
uni_v2,PRAD,slide_out,MEND154,3.0,,36819,2736,1,0.5660200715065002,0.5660200357437134,>0.50,True,True,MEND154
uni_v2,PRAD,slide_out,MEND154,4.0,,36819,2736,1,0.5649252533912659,0.5649252223968506,>0.50,True,True,MEND154
uni_v2,PRAD,slide_out,MEND156,0.0,,36819,3554,1,0.3660622537136078,0.36606222033500674,>0.50,True,True,MEND156
uni_v2,PRAD,slide_out,MEND156,1.0,,36819,3554,1,0.3624686896800995,0.36246870577335355,>0.50,True,True,MEND156
uni_v2,PRAD,slide_out,MEND156,2.0,,36819,3554,1,0.35252758860588074,0.35252762034535406,>0.50,True,True,MEND156
uni_v2,PRAD,slide_out,MEND156,3.0,,36819,3554,1,0.35297340154647827,0.35297338128089906,>0.50,True,True,MEND156
uni_v2,PRAD,slide_out,MEND156,4.0,,36819,3554,1,0.36585018038749695,0.36585021287202835,>0.50,True,True,MEND156
uni_v2,PRAD,slide_out,MEND157,0.0,,36819,3190,1,0.4654245674610138,0.4654245927929878,>0.50,True,True,MEND157
uni_v2,PRAD,slide_out,MEND157,1.0,,36819,3190,1,0.46323636174201965,0.46323632180690766,>0.50,True,True,MEND157
uni_v2,PRAD,slide_out,MEND157,2.0,,36819,3190,1,0.46724197268486023,0.4672419264912605,>0.50,True,True,MEND157
uni_v2,PRAD,slide_out,MEND157,3.0,,36819,3190,1,0.46493691205978394,0.4649369278550148,>0.50,True,True,MEND157
uni_v2,PRAD,slide_out,MEND157,4.0,,36819,3190,1,0.4711352288722992,0.4711352527141571,>0.50,True,True,MEND157
uni_v2,PRAD,slide_out,MEND158,0.0,,36819,3092,1,0.2843821346759796,0.28438211292028426,>0.50,True,True,MEND158
uni_v2,PRAD,slide_out,MEND158,1.0,,36819,3092,1,0.2824075520038605,0.2824075473099947,>0.50,True,True,MEND158
uni_v2,PRAD,slide_out,MEND158,2.0,,36819,3092,1,0.28347328305244446,0.2834732876718044,>0.50,True,True,MEND158
uni_v2,PRAD,slide_out,MEND158,3.0,,36819,3092,1,0.2851104736328125,0.2851104794442654,>0.50,True,True,MEND158
uni_v2,PRAD,slide_out,MEND158,4.0,,36819,3092,1,0.28694525361061096,0.2869452467560768,>0.50,True,True,MEND158
uni_v2,PRAD,slide_out,MEND159,0.0,,36819,3856,1,0.039493173360824585,0.03949317129794508,>0.50,True,True,MEND159
uni_v2,PRAD,slide_out,MEND159,1.0,,36819,3856,1,0.03225541487336159,0.03225541708059609,>0.50,True,True,MEND159
uni_v2,PRAD,slide_out,MEND159,2.0,,36819,3856,1,0.04624490439891815,0.04624490727088414,>0.50,True,True,MEND159
uni_v2,PRAD,slide_out,MEND159,3.0,,36819,3856,1,0.05171364173293114,0.051713651665486395,>0.50,True,True,MEND159
uni_v2,PRAD,slide_out,MEND159,4.0,,36819,3856,1,0.043915171176195145,0.04391517126816325,>0.50,True,True,MEND159
uni_v2,PRAD,slide_out,MEND160,0.0,,36819,4079,1,0.32745352387428284,0.32745354175567626,>0.50,True,True,MEND160
uni_v2,PRAD,slide_out,MEND160,1.0,,36819,4079,1,0.3273375332355499,0.32733751863241195,>0.50,True,True,MEND160
uni_v2,PRAD,slide_out,MEND160,2.0,,36819,4079,1,0.33048194646835327,0.33048197746276853,>0.50,True,True,MEND160
uni_v2,PRAD,slide_out,MEND160,3.0,,36819,4079,1,0.3271186053752899,0.3271185904741287,>0.50,True,True,MEND160
uni_v2,PRAD,slide_out,MEND160,4.0,,36819,4079,1,0.3297668695449829,0.32976689547300336,>0.50,True,True,MEND160
uni_v2,PRAD,slide_out,MEND161,0.0,,36819,2775,1,0.481027752161026,0.48102775573730466,>0.50,True,True,MEND161
uni_v2,PRAD,slide_out,MEND161,1.0,,36819,2775,1,0.47004806995391846,0.4700480407476425,>0.50,True,True,MEND161
uni_v2,PRAD,slide_out,MEND161,2.0,,36819,2775,1,0.48151695728302,0.4815169590711594,>0.50,True,True,MEND161
uni_v2,PRAD,slide_out,MEND161,3.0,,36819,2775,1,0.48708388209342957,0.4870838874578476,>0.50,True,True,MEND161
uni_v2,PRAD,slide_out,MEND161,4.0,,36819,2775,1,0.4819488823413849,0.4819489461183548,>0.50,True,True,MEND161
uni_v2,PRAD,slide_out,MEND162,0.0,,36819,2609,1,0.3072119653224945,0.30721198573242875,0.15-0.23,False,True,MEND162
uni_v2,PRAD,slide_out,MEND162,1.0,,36819,2609,1,0.3167632818222046,0.3167632355261594,0.15-0.23,False,True,MEND162
uni_v2,PRAD,slide_out,MEND162,2.0,,36819,2609,1,0.30983296036720276,0.30983295953134077,0.15-0.23,False,True,MEND162
uni_v2,PRAD,slide_out,MEND162,3.0,,36819,2609,1,0.3147919774055481,0.3147919797059149,0.15-0.23,False,True,MEND162
uni_v2,PRAD,slide_out,MEND162,4.0,,36819,2609,1,0.30508187413215637,0.30508185528218745,0.15-0.23,False,True,MEND162
uni_v2,READ,patient,0,,,3819,4588,2,0.26034411787986755,0.26278704129275865,0.40-0.50,True,False,ZEN48;ZEN49
uni_v2,READ,random,0,0.0,,3819,4588,4,0.5075865983963013,0.3931357948854566,0.40-0.50,True,False,ZEN36;ZEN40;ZEN48;ZEN49
uni_v2,READ,blocked,0,0.0,4.0,3472,4935,4,0.470180869102478,0.35638961760327215,0.40-0.50,True,False,ZEN36;ZEN40;ZEN48;ZEN49
uni_v2,READ,blocked_buffered,0,0.0,4.0,2407,4935,4,0.4427029490470886,0.328066397276707,0.40-0.50,True,False,ZEN36;ZEN40;ZEN48;ZEN49
uni_v2,READ,blocked_matched,0,0.0,4.0,2407,4935,4,0.4578680396080017,0.3426840734668076,0.40-0.50,True,False,ZEN36;ZEN40;ZEN48;ZEN49
uni_v2,READ,random_matched,0,0.0,4.0,2407,4588,4,0.49017077684402466,0.3750064120069146,0.40-0.50,True,False,ZEN36;ZEN40;ZEN48;ZEN49
uni_v2,READ,blocked,0,0.0,6.0,3638,4769,4,0.47093912959098816,0.3482918282784522,0.40-0.50,True,False,ZEN36;ZEN40;ZEN48;ZEN49
uni_v2,READ,blocked_buffered,0,0.0,6.0,2217,4769,4,0.4322082996368408,0.31208649099338803,0.40-0.50,True,False,ZEN36;ZEN40;ZEN48;ZEN49
uni_v2,READ,blocked_matched,0,0.0,6.0,2217,4769,4,0.4534282982349396,0.3297911901818588,0.40-0.50,True,False,ZEN36;ZEN40;ZEN48;ZEN49
uni_v2,READ,random_matched,0,0.0,6.0,2217,4588,4,0.4851265251636505,0.37268662240356204,0.40-0.50,True,False,ZEN36;ZEN40;ZEN48;ZEN49
uni_v2,READ,blocked,0,0.0,10.0,3765,4642,4,0.4925127923488617,0.3592515890300274,0.40-0.50,True,False,ZEN36;ZEN40;ZEN48;ZEN49
uni_v2,READ,blocked_buffered,0,0.0,10.0,1413,4642,4,0.42579978704452515,0.30119354449212554,0.40-0.50,True,False,ZEN36;ZEN40;ZEN48;ZEN49
uni_v2,READ,blocked_matched,0,0.0,10.0,1413,4642,4,0.4483359456062317,0.3174750077468343,0.40-0.50,True,False,ZEN36;ZEN40;ZEN48;ZEN49
uni_v2,READ,random_matched,0,0.0,10.0,1413,4588,4,0.4636625051498413,0.34905496607767417,0.40-0.50,True,False,ZEN36;ZEN40;ZEN48;ZEN49
uni_v2,READ,random,0,1.0,,3819,4588,4,0.5114451050758362,0.3977125836536288,0.40-0.50,True,False,ZEN36;ZEN40;ZEN48;ZEN49
uni_v2,READ,blocked,0,1.0,4.0,3552,4855,4,0.4330756664276123,0.2873562389658764,0.40-0.50,True,False,ZEN36;ZEN40;ZEN48;ZEN49
uni_v2,READ,blocked_buffered,0,1.0,4.0,2541,4855,4,0.40317702293395996,0.25976333366241305,0.40-0.50,True,False,ZEN36;ZEN40;ZEN48;ZEN49
uni_v2,READ,blocked_matched,0,1.0,4.0,2541,4855,4,0.41562774777412415,0.27303454982116815,0.40-0.50,True,False,ZEN36;ZEN40;ZEN48;ZEN49
uni_v2,READ,random_matched,0,1.0,4.0,2541,4588,4,0.4979023039340973,0.38544244747608897,0.40-0.50,True,False,ZEN36;ZEN40;ZEN48;ZEN49
uni_v2,READ,blocked,0,1.0,6.0,3700,4707,4,0.46947181224823,0.35910605559125547,0.40-0.50,True,False,ZEN36;ZEN40;ZEN48;ZEN49
uni_v2,READ,blocked_buffered,0,1.0,6.0,2154,4707,4,0.4383982717990875,0.33048471187707035,0.40-0.50,True,False,ZEN36;ZEN40;ZEN48;ZEN49
uni_v2,READ,blocked_matched,0,1.0,6.0,2154,4707,4,0.4487505853176117,0.3389696486433968,0.40-0.50,True,False,ZEN36;ZEN40;ZEN48;ZEN49
uni_v2,READ,random_matched,0,1.0,6.0,2154,4588,4,0.49121350049972534,0.3777861151099205,0.40-0.50,True,False,ZEN36;ZEN40;ZEN48;ZEN49
uni_v2,READ,blocked,0,1.0,10.0,3766,4641,4,0.4860949218273163,0.3729005982354283,0.40-0.50,True,False,ZEN36;ZEN40;ZEN48;ZEN49
uni_v2,READ,blocked_buffered,0,1.0,10.0,1394,4641,4,0.4241456091403961,0.3179632498421415,0.40-0.50,True,False,ZEN36;ZEN40;ZEN48;ZEN49
uni_v2,READ,blocked_matched,0,1.0,10.0,1394,4641,4,0.4421350061893463,0.3343285684287548,0.40-0.50,True,False,ZEN36;ZEN40;ZEN48;ZEN49
uni_v2,READ,random_matched,0,1.0,10.0,1394,4588,4,0.46394118666648865,0.35152381179854275,0.40-0.50,True,False,ZEN36;ZEN40;ZEN48;ZEN49
uni_v2,READ,random,0,2.0,,3819,4588,4,0.5079628825187683,0.39637221351265906,0.40-0.50,True,False,ZEN36;ZEN40;ZEN48;ZEN49
uni_v2,READ,blocked,0,2.0,4.0,3581,4826,4,0.4730713665485382,0.36154430866357873,0.40-0.50,True,False,ZEN36;ZEN40;ZEN48;ZEN49
uni_v2,READ,blocked_buffered,0,2.0,4.0,2490,4826,4,0.43970751762390137,0.3322078993287869,0.40-0.50,True,False,ZEN36;ZEN40;ZEN48;ZEN49
uni_v2,READ,blocked_matched,0,2.0,4.0,2490,4826,4,0.46052417159080505,0.35017835594597274,0.40-0.50,True,False,ZEN36;ZEN40;ZEN48;ZEN49
uni_v2,READ,random_matched,0,2.0,4.0,2490,4588,4,0.490477591753006,0.3782391887810081,0.40-0.50,True,False,ZEN36;ZEN40;ZEN48;ZEN49
uni_v2,READ,blocked,0,2.0,6.0,3728,4679,4,0.4785945415496826,0.34396512268460355,0.40-0.50,True,False,ZEN36;ZEN40;ZEN48;ZEN49
uni_v2,READ,blocked_buffered,0,2.0,6.0,2060,4679,4,0.4397861361503601,0.31520728799514475,0.40-0.50,True,False,ZEN36;ZEN40;ZEN48;ZEN49
uni_v2,READ,blocked_matched,0,2.0,6.0,2060,4679,4,0.45488694310188293,0.3211731075402349,0.40-0.50,True,False,ZEN36;ZEN40;ZEN48;ZEN49
uni_v2,READ,random_matched,0,2.0,6.0,2060,4588,4,0.48116740584373474,0.37019315889439897,0.40-0.50,True,False,ZEN36;ZEN40;ZEN48;ZEN49
uni_v2,READ,blocked,0,2.0,10.0,3746,4661,4,0.47603175044059753,0.367013959698379,0.40-0.50,True,False,ZEN36;ZEN40;ZEN48;ZEN49
uni_v2,READ,blocked_buffered,0,2.0,10.0,1281,4661,4,0.412632018327713,0.30609699900727716,0.40-0.50,True,False,ZEN36;ZEN40;ZEN48;ZEN49
uni_v2,READ,blocked_matched,0,2.0,10.0,1281,4661,4,0.42587801814079285,0.32118291408289223,0.40-0.50,True,False,ZEN36;ZEN40;ZEN48;ZEN49
uni_v2,READ,random_matched,0,2.0,10.0,1281,4588,4,0.4588121175765991,0.3500934251421131,0.40-0.50,True,False,ZEN36;ZEN40;ZEN48;ZEN49
uni_v2,READ,random,0,3.0,,3819,4588,4,0.5129798650741577,0.39692796349525455,0.40-0.50,True,False,ZEN36;ZEN40;ZEN48;ZEN49
uni_v2,READ,blocked,0,3.0,4.0,3596,4811,4,0.4797799587249756,0.3375654526241124,0.40-0.50,True,False,ZEN36;ZEN40;ZEN48;ZEN49
uni_v2,READ,blocked_buffered,0,3.0,4.0,2414,4811,4,0.4479968249797821,0.31049345398903827,0.40-0.50,True,False,ZEN36;ZEN40;ZEN48;ZEN49
uni_v2,READ,blocked_matched,0,3.0,4.0,2414,4811,4,0.4643813967704773,0.3218360767280683,0.40-0.50,True,False,ZEN36;ZEN40;ZEN48;ZEN49
uni_v2,READ,random_matched,0,3.0,4.0,2414,4588,4,0.49483737349510193,0.3797334491275251,0.40-0.50,True,False,ZEN36;ZEN40;ZEN48;ZEN49
uni_v2,READ,blocked,0,3.0,6.0,3742,4665,4,0.47214898467063904,0.35703140016645196,0.40-0.50,True,False,ZEN36;ZEN40;ZEN48;ZEN49
uni_v2,READ,blocked_buffered,0,3.0,6.0,2043,4665,4,0.42806684970855713,0.31368231222033505,0.40-0.50,True,False,ZEN36;ZEN40;ZEN48;ZEN49
uni_v2,READ,blocked_matched,0,3.0,6.0,2043,4665,4,0.44841548800468445,0.33563750952482224,0.40-0.50,True,False,ZEN36;ZEN40;ZEN48;ZEN49
uni_v2,READ,random_matched,0,3.0,6.0,2043,4588,4,0.4861086308956146,0.3704927839338779,0.40-0.50,True,False,ZEN36;ZEN40;ZEN48;ZEN49
uni_v2,READ,blocked,0,3.0,10.0,3774,4633,4,0.48006293177604675,0.35263171829283235,0.40-0.50,True,False,ZEN36;ZEN40;ZEN48;ZEN49
uni_v2,READ,blocked_buffered,0,3.0,10.0,1225,4633,4,0.4026893377304077,0.28734923811629415,0.40-0.50,True,False,ZEN36;ZEN40;ZEN48;ZEN49
uni_v2,READ,blocked_matched,0,3.0,10.0,1225,4633,4,0.43328914046287537,0.3095362614886835,0.40-0.50,True,False,ZEN36;ZEN40;ZEN48;ZEN49
uni_v2,READ,random_matched,0,3.0,10.0,1225,4588,4,0.4608640670776367,0.3466891082469373,0.40-0.50,True,False,ZEN36;ZEN40;ZEN48;ZEN49
uni_v2,READ,random,0,4.0,,3819,4588,4,0.5075138211250305,0.3974813590012491,0.40-0.50,True,False,ZEN36;ZEN40;ZEN48;ZEN49
uni_v2,READ,blocked,0,4.0,4.0,3449,4958,4,0.4638657867908478,0.3504222235409543,0.40-0.50,True,False,ZEN36;ZEN40;ZEN48;ZEN49
uni_v2,READ,blocked_buffered,0,4.0,4.0,2384,4958,4,0.4367627799510956,0.3288919767737388,0.40-0.50,True,False,ZEN36;ZEN40;ZEN48;ZEN49
uni_v2,READ,blocked_matched,0,4.0,4.0,2384,4958,4,0.4485623240470886,0.3347500441502779,0.40-0.50,True,False,ZEN36;ZEN40;ZEN48;ZEN49
uni_v2,READ,random_matched,0,4.0,4.0,2384,4588,4,0.48822909593582153,0.3775880590965971,0.40-0.50,True,False,ZEN36;ZEN40;ZEN48;ZEN49
uni_v2,READ,blocked,0,4.0,6.0,3681,4726,4,0.4796042740345001,0.3486903832387179,0.40-0.50,True,False,ZEN36;ZEN40;ZEN48;ZEN49
uni_v2,READ,blocked_buffered,0,4.0,6.0,2233,4726,4,0.4408103823661804,0.31346016601659354,0.40-0.50,True,False,ZEN36;ZEN40;ZEN48;ZEN49
uni_v2,READ,blocked_matched,0,4.0,6.0,2233,4726,4,0.45827415585517883,0.3262769199535251,0.40-0.50,True,False,ZEN36;ZEN40;ZEN48;ZEN49
uni_v2,READ,random_matched,0,4.0,6.0,2233,4588,4,0.4873201251029968,0.37664331996813416,0.40-0.50,True,False,ZEN36;ZEN40;ZEN48;ZEN49
uni_v2,READ,blocked,0,4.0,10.0,3753,4654,4,0.4860028326511383,0.3702028717333451,0.40-0.50,True,False,ZEN36;ZEN40;ZEN48;ZEN49
uni_v2,READ,blocked_buffered,0,4.0,10.0,1195,4654,4,0.416854590177536,0.3094360890504322,0.40-0.50,True,False,ZEN36;ZEN40;ZEN48;ZEN49
uni_v2,READ,blocked_matched,0,4.0,10.0,1195,4654,4,0.4393497407436371,0.33067235079826784,0.40-0.50,True,False,ZEN36;ZEN40;ZEN48;ZEN49
uni_v2,READ,random_matched,0,4.0,10.0,1195,4588,4,0.4528798758983612,0.3455557196959853,0.40-0.50,True,False,ZEN36;ZEN40;ZEN48;ZEN49
uni_v2,READ,patient,1,,,4588,3819,2,0.1849965900182724,0.218701130496338,0.40-0.50,True,False,ZEN36;ZEN40
uni_v2,READ,random,1,0.0,,4588,3819,4,0.5099443793296814,0.3960801384039223,0.40-0.50,True,False,ZEN36;ZEN40;ZEN48;ZEN49
uni_v2,READ,blocked,1,0.0,4.0,4394,4013,4,0.48103347420692444,0.3616005065105855,0.40-0.50,True,False,ZEN36;ZEN40;ZEN48;ZEN49
uni_v2,READ,blocked_buffered,1,0.0,4.0,3292,4013,4,0.46246710419654846,0.34406900987029077,0.40-0.50,True,False,ZEN36;ZEN40;ZEN48;ZEN49
uni_v2,READ,blocked_matched,1,0.0,4.0,3292,4013,4,0.4709397852420807,0.3521279802545905,0.40-0.50,True,False,ZEN36;ZEN40;ZEN48;ZEN49
uni_v2,READ,random_matched,1,0.0,4.0,3292,3819,4,0.5016288161277771,0.3871434047445655,0.40-0.50,True,False,ZEN36;ZEN40;ZEN48;ZEN49
uni_v2,READ,blocked,1,0.0,6.0,4429,3978,4,0.47721049189567566,0.3521570037864149,0.40-0.50,True,False,ZEN36;ZEN40;ZEN48;ZEN49
uni_v2,READ,blocked_buffered,1,0.0,6.0,2698,3978,4,0.44921618700027466,0.32606667942367495,0.40-0.50,True,False,ZEN36;ZEN40;ZEN48;ZEN49
uni_v2,READ,blocked_matched,1,0.0,6.0,2698,3978,4,0.46127644181251526,0.3370583767071366,0.40-0.50,True,False,ZEN36;ZEN40;ZEN48;ZEN49
uni_v2,READ,random_matched,1,0.0,6.0,2698,3819,4,0.4926518201828003,0.37745334988459944,0.40-0.50,True,False,ZEN36;ZEN40;ZEN48;ZEN49
uni_v2,READ,blocked,1,0.0,10.0,4537,3870,4,0.501244306564331,0.38272291517816487,0.40-0.50,True,False,ZEN36;ZEN40;ZEN48;ZEN49
uni_v2,READ,blocked_buffered,1,0.0,10.0,2007,3870,4,0.4472399950027466,0.3407825501263142,0.40-0.50,True,False,ZEN36;ZEN40;ZEN48;ZEN49
uni_v2,READ,blocked_matched,1,0.0,10.0,2007,3870,4,0.4687512218952179,0.3498755428125151,0.40-0.50,True,False,ZEN36;ZEN40;ZEN48;ZEN49
uni_v2,READ,random_matched,1,0.0,10.0,2007,3819,4,0.48139113187789917,0.3667259697057307,0.40-0.50,True,False,ZEN36;ZEN40;ZEN48;ZEN49
uni_v2,READ,random,1,1.0,,4588,3819,4,0.5127649307250977,0.3975777241960168,0.40-0.50,True,False,ZEN36;ZEN40;ZEN48;ZEN49
uni_v2,READ,blocked,1,1.0,4.0,4489,3918,4,0.47599107027053833,0.3461195319285616,0.40-0.50,True,False,ZEN36;ZEN40;ZEN48;ZEN49
uni_v2,READ,blocked_buffered,1,1.0,4.0,3369,3918,4,0.45253846049308777,0.32550971760414543,0.40-0.50,True,False,ZEN36;ZEN40;ZEN48;ZEN49
uni_v2,READ,blocked_matched,1,1.0,4.0,3369,3918,4,0.46810269355773926,0.3382302470284048,0.40-0.50,True,False,ZEN36;ZEN40;ZEN48;ZEN49
uni_v2,READ,random_matched,1,1.0,4.0,3369,3819,4,0.5023698210716248,0.38593045569956297,0.40-0.50,True,False,ZEN36;ZEN40;ZEN48;ZEN49
uni_v2,READ,blocked,1,1.0,6.0,4465,3942,4,0.43468642234802246,0.2924351030634716,0.40-0.50,True,False,ZEN36;ZEN40;ZEN48;ZEN49
uni_v2,READ,blocked_buffered,1,1.0,6.0,2900,3942,4,0.4125925302505493,0.271717506214045,0.40-0.50,True,False,ZEN36;ZEN40;ZEN48;ZEN49
uni_v2,READ,blocked_matched,1,1.0,6.0,2900,3942,4,0.42446956038475037,0.2833043941389769,0.40-0.50,True,False,ZEN36;ZEN40;ZEN48;ZEN49
uni_v2,READ,random_matched,1,1.0,6.0,2900,3819,4,0.49880164861679077,0.38371620027348396,0.40-0.50,True,False,ZEN36;ZEN40;ZEN48;ZEN49
uni_v2,READ,blocked,1,1.0,10.0,4545,3862,4,0.48866814374923706,0.3565619583427906,0.40-0.50,True,False,ZEN36;ZEN40;ZEN48;ZEN49
uni_v2,READ,blocked_buffered,1,1.0,10.0,1952,3862,4,0.4340924322605133,0.3069212746003177,0.40-0.50,True,False,ZEN36;ZEN40;ZEN48;ZEN49
uni_v2,READ,blocked_matched,1,1.0,10.0,1952,3862,4,0.4572981297969818,0.3323985341982916,0.40-0.50,True,False,ZEN36;ZEN40;ZEN48;ZEN49
uni_v2,READ,random_matched,1,1.0,10.0,1952,3819,4,0.4791514575481415,0.36531496634706856,0.40-0.50,True,False,ZEN36;ZEN40;ZEN48;ZEN49
uni_v2,READ,random,1,2.0,,4588,3819,4,0.5147646069526672,0.40062806226313114,0.40-0.50,True,False,ZEN36;ZEN40;ZEN48;ZEN49
uni_v2,READ,blocked,1,2.0,4.0,4160,4247,4,0.47909653186798096,0.3341627231077291,0.40-0.50,True,False,ZEN36;ZEN40;ZEN48;ZEN49
uni_v2,READ,blocked_buffered,1,2.0,4.0,3103,4247,4,0.4557255804538727,0.3167537491605617,0.40-0.50,True,False,ZEN36;ZEN40;ZEN48;ZEN49
uni_v2,READ,blocked_matched,1,2.0,4.0,3103,4247,4,0.46898430585861206,0.3252650704677217,0.40-0.50,True,False,ZEN36;ZEN40;ZEN48;ZEN49
uni_v2,READ,random_matched,1,2.0,4.0,3103,3819,4,0.5023289322853088,0.3884450105950237,0.40-0.50,True,False,ZEN36;ZEN40;ZEN48;ZEN49
uni_v2,READ,blocked,1,2.0,6.0,4451,3956,4,0.47901520133018494,0.3485182258300483,0.40-0.50,True,False,ZEN36;ZEN40;ZEN48;ZEN49
uni_v2,READ,blocked_buffered,1,2.0,6.0,2856,3956,4,0.45536723732948303,0.327012591175735,0.40-0.50,True,False,ZEN36;ZEN40;ZEN48;ZEN49
uni_v2,READ,blocked_matched,1,2.0,6.0,2856,3956,4,0.4652036428451538,0.33476123108062894,0.40-0.50,True,False,ZEN36;ZEN40;ZEN48;ZEN49
uni_v2,READ,random_matched,1,2.0,6.0,2856,3819,4,0.499277800321579,0.3856625029630959,0.40-0.50,True,False,ZEN36;ZEN40;ZEN48;ZEN49
uni_v2,READ,blocked,1,2.0,10.0,4522,3885,4,0.49810469150543213,0.38276425588410345,0.40-0.50,True,False,ZEN36;ZEN40;ZEN48;ZEN49
uni_v2,READ,blocked_buffered,1,2.0,10.0,1938,3885,4,0.4449366331100464,0.3357448383863084,0.40-0.50,True,False,ZEN36;ZEN40;ZEN48;ZEN49
uni_v2,READ,blocked_matched,1,2.0,10.0,1938,3885,4,0.4636835753917694,0.3480455167777836,0.40-0.50,True,False,ZEN36;ZEN40;ZEN48;ZEN49
uni_v2,READ,random_matched,1,2.0,10.0,1938,3819,4,0.48097869753837585,0.3660592520609498,0.40-0.50,True,False,ZEN36;ZEN40;ZEN48;ZEN49
uni_v2,READ,random,1,3.0,,4588,3819,4,0.5088459849357605,0.3914926790446043,0.40-0.50,True,False,ZEN36;ZEN40;ZEN48;ZEN49
uni_v2,READ,blocked,1,3.0,4.0,4396,4011,4,0.48554185032844543,0.3691535389050842,0.40-0.50,True,False,ZEN36;ZEN40;ZEN48;ZEN49
uni_v2,READ,blocked_buffered,1,3.0,4.0,3216,4011,4,0.46460896730422974,0.34898465258535,0.40-0.50,True,False,ZEN36;ZEN40;ZEN48;ZEN49
uni_v2,READ,blocked_matched,1,3.0,4.0,3216,4011,4,0.4725325107574463,0.3549903531558811,0.40-0.50,True,False,ZEN36;ZEN40;ZEN48;ZEN49
uni_v2,READ,random_matched,1,3.0,4.0,3216,3819,4,0.4969911277294159,0.38114693292416635,0.40-0.50,True,False,ZEN36;ZEN40;ZEN48;ZEN49
uni_v2,READ,blocked,1,3.0,6.0,4477,3930,4,0.47005194425582886,0.37073021883144974,0.40-0.50,True,False,ZEN36;ZEN40;ZEN48;ZEN49
uni_v2,READ,blocked_buffered,1,3.0,6.0,2849,3930,4,0.4334796667098999,0.33879403237253425,0.40-0.50,True,False,ZEN36;ZEN40;ZEN48;ZEN49
uni_v2,READ,blocked_matched,1,3.0,6.0,2849,3930,4,0.45308348536491394,0.35304199899081146,0.40-0.50,True,False,ZEN36;ZEN40;ZEN48;ZEN49
uni_v2,READ,random_matched,1,3.0,6.0,2849,3819,4,0.4914413392543793,0.3741121256537735,0.40-0.50,True,False,ZEN36;ZEN40;ZEN48;ZEN49
uni_v2,READ,blocked,1,3.0,10.0,4538,3869,4,0.4997524619102478,0.38631608622148633,0.40-0.50,True,False,ZEN36;ZEN40;ZEN48;ZEN49
uni_v2,READ,blocked_buffered,1,3.0,10.0,1887,3869,4,0.44178062677383423,0.33293092383290057,0.40-0.50,True,False,ZEN36;ZEN40;ZEN48;ZEN49
uni_v2,READ,blocked_matched,1,3.0,10.0,1887,3869,4,0.46787914633750916,0.3534960877196864,0.40-0.50,True,False,ZEN36;ZEN40;ZEN48;ZEN49
uni_v2,READ,random_matched,1,3.0,10.0,1887,3819,4,0.4757683575153351,0.35695172986947,0.40-0.50,True,False,ZEN36;ZEN40;ZEN48;ZEN49
uni_v2,READ,random,1,4.0,,4588,3819,4,0.5173184871673584,0.4031656434759498,0.40-0.50,True,False,ZEN36;ZEN40;ZEN48;ZEN49
uni_v2,READ,blocked,1,4.0,4.0,4277,4130,4,0.4931071400642395,0.37543804932851343,0.40-0.50,True,False,ZEN36;ZEN40;ZEN48;ZEN49
uni_v2,READ,blocked_buffered,1,4.0,4.0,3065,4130,4,0.4689459204673767,0.35237137060612445,0.40-0.50,True,False,ZEN36;ZEN40;ZEN48;ZEN49
uni_v2,READ,blocked_matched,1,4.0,4.0,3065,4130,4,0.4835432469844818,0.3670793858123943,0.40-0.50,True,False,ZEN36;ZEN40;ZEN48;ZEN49
uni_v2,READ,random_matched,1,4.0,4.0,3065,3819,4,0.5057803988456726,0.38934916594065727,0.40-0.50,True,False,ZEN36;ZEN40;ZEN48;ZEN49
uni_v2,READ,blocked,1,4.0,6.0,4476,3931,4,0.451384961605072,0.3259808946214616,0.40-0.50,True,False,ZEN36;ZEN40;ZEN48;ZEN49
uni_v2,READ,blocked_buffered,1,4.0,6.0,2949,3931,4,0.42857620120048523,0.3040043636690825,0.40-0.50,True,False,ZEN36;ZEN40;ZEN48;ZEN49
uni_v2,READ,blocked_matched,1,4.0,6.0,2949,3931,4,0.43946170806884766,0.31455591140314937,0.40-0.50,True,False,ZEN36;ZEN40;ZEN48;ZEN49
uni_v2,READ,random_matched,1,4.0,6.0,2949,3819,4,0.5053846836090088,0.38901324046775704,0.40-0.50,True,False,ZEN36;ZEN40;ZEN48;ZEN49
uni_v2,READ,blocked,1,4.0,10.0,4480,3927,4,0.49032294750213623,0.3687219147384167,0.40-0.50,True,False,ZEN36;ZEN40;ZEN48;ZEN49
uni_v2,READ,blocked_buffered,1,4.0,10.0,1819,3927,4,0.43641334772109985,0.31998995736241337,0.40-0.50,True,False,ZEN36;ZEN40;ZEN48;ZEN49
uni_v2,READ,blocked_matched,1,4.0,10.0,1819,3927,4,0.4560910761356354,0.33543427734693976,0.40-0.50,True,False,ZEN36;ZEN40;ZEN48;ZEN49
uni_v2,READ,random_matched,1,4.0,10.0,1819,3819,4,0.480397492647171,0.3678590391110629,0.40-0.50,True,False,ZEN36;ZEN40;ZEN48;ZEN49
uni_v2,READ,slide_out,ZEN36,0.0,,4588,1691,1,0.36429089307785034,0.3642908987402916,0.40-0.50,True,False,ZEN36
uni_v2,READ,slide_out,ZEN36,1.0,,4588,1691,1,0.3649309277534485,0.3649308940023184,0.40-0.50,True,False,ZEN36
uni_v2,READ,slide_out,ZEN36,2.0,,4588,1691,1,0.362202912569046,0.3622029189392924,0.40-0.50,True,False,ZEN36
uni_v2,READ,slide_out,ZEN36,3.0,,4588,1691,1,0.36035096645355225,0.36035093121230605,0.40-0.50,True,False,ZEN36
uni_v2,READ,slide_out,ZEN36,4.0,,4588,1691,1,0.35839420557022095,0.35839419372379777,0.40-0.50,True,False,ZEN36
uni_v2,READ,slide_out,ZEN40,0.0,,4588,2128,1,0.3084228038787842,0.3084228268265724,0.40-0.50,True,False,ZEN40
uni_v2,READ,slide_out,ZEN40,1.0,,4588,2128,1,0.30094748735427856,0.3009474901854992,0.40-0.50,True,False,ZEN40
uni_v2,READ,slide_out,ZEN40,2.0,,4588,2128,1,0.3073638677597046,0.3073638688027859,0.40-0.50,True,False,ZEN40
uni_v2,READ,slide_out,ZEN40,3.0,,4588,2128,1,0.30452898144721985,0.3045289844274521,0.40-0.50,True,False,ZEN40
uni_v2,READ,slide_out,ZEN40,4.0,,4588,2128,1,0.3129517734050751,0.3129517687857151,0.40-0.50,True,False,ZEN40
uni_v2,READ,slide_out,ZEN48,0.0,,3819,2385,1,0.3004791736602783,0.3004791697859764,0.40-0.50,True,False,ZEN48
uni_v2,READ,slide_out,ZEN48,1.0,,3819,2385,1,0.29618406295776367,0.29618405997753144,0.40-0.50,True,False,ZEN48
uni_v2,READ,slide_out,ZEN48,2.0,,3819,2385,1,0.29261723160743713,0.29261723306030035,0.40-0.50,True,False,ZEN48
uni_v2,READ,slide_out,ZEN48,3.0,,3819,2385,1,0.3008626103401184,0.30086259230971335,0.40-0.50,True,False,ZEN48
uni_v2,READ,slide_out,ZEN48,4.0,,3819,2385,1,0.29952168464660645,0.2995216978341341,0.40-0.50,True,False,ZEN48
uni_v2,READ,slide_out,ZEN49,0.0,,3819,2203,1,0.2989455759525299,0.2989455736428499,0.40-0.50,True,False,ZEN49
uni_v2,READ,slide_out,ZEN49,1.0,,3819,2203,1,0.30409306287765503,0.30409307830035687,0.40-0.50,True,False,ZEN49
uni_v2,READ,slide_out,ZEN49,2.0,,3819,2203,1,0.30342093110084534,0.30342094525694846,0.40-0.50,True,False,ZEN49
uni_v2,READ,slide_out,ZEN49,3.0,,3819,2203,1,0.30364611744880676,0.3036461005359888,0.40-0.50,True,False,ZEN49
uni_v2,READ,slide_out,ZEN49,4.0,,3819,2203,1,0.29984211921691895,0.29984211347997186,0.40-0.50,True,False,ZEN49
uni_v2,SKCM,patient,0,,,1741,1293,1,0.6762784719467163,0.6762785157561302,<=0.15,False,False,TENX117
uni_v2,SKCM,random,0,0.0,,1741,1293,2,0.8474009037017822,0.8126864171028138,0.23-0.30;<=0.15,True,False,TENX115;TENX117
uni_v2,SKCM,blocked,0,0.0,4.0,1678,1356,2,0.8196967840194702,0.7905497321486473,0.23-0.30;<=0.15,True,False,TENX115;TENX117
uni_v2,SKCM,blocked_buffered,0,0.0,4.0,1246,1356,2,0.8025191426277161,0.7715042859315873,0.23-0.30;<=0.15,True,False,TENX115;TENX117
uni_v2,SKCM,blocked_matched,0,0.0,4.0,1246,1356,2,0.8134160041809082,0.7838219380378724,0.23-0.30;<=0.15,True,False,TENX115;TENX117
uni_v2,SKCM,random_matched,0,0.0,4.0,1246,1293,2,0.8399800658226013,0.8043476006388663,0.23-0.30;<=0.15,True,False,TENX115;TENX117
uni_v2,SKCM,blocked,0,0.0,6.0,1640,1394,2,0.8152138590812683,0.7779861405491829,0.23-0.30;<=0.15,True,False,TENX115;TENX117
uni_v2,SKCM,blocked_buffered,0,0.0,6.0,995,1394,2,0.7959125638008118,0.7575196859240532,0.23-0.30;<=0.15,True,False,TENX115;TENX117
uni_v2,SKCM,blocked_matched,0,0.0,6.0,995,1394,2,0.8032011985778809,0.7632531586289406,0.23-0.30;<=0.15,True,False,TENX115;TENX117
uni_v2,SKCM,random_matched,0,0.0,6.0,995,1293,2,0.8347859382629395,0.7986302116513252,0.23-0.30;<=0.15,True,False,TENX115;TENX117
uni_v2,SKCM,blocked,0,0.0,10.0,1706,1328,2,0.8492474555969238,0.8158765479922294,0.23-0.30;<=0.15,True,False,TENX115;TENX117
uni_v2,SKCM,blocked_buffered,0,0.0,10.0,574,1328,2,0.8045912384986877,0.7629923866689206,0.23-0.30;<=0.15,True,False,TENX115;TENX117
uni_v2,SKCM,blocked_matched,0,0.0,10.0,574,1328,2,0.8187059164047241,0.7810051447153091,0.23-0.30;<=0.15,True,False,TENX115;TENX117
uni_v2,SKCM,random_matched,0,0.0,10.0,574,1293,2,0.8218313455581665,0.7855784323811531,0.23-0.30;<=0.15,True,False,TENX115;TENX117
uni_v2,SKCM,random,0,1.0,,1741,1293,2,0.8572018146514893,0.8241414245963097,0.23-0.30;<=0.15,True,False,TENX115;TENX117
uni_v2,SKCM,blocked,0,1.0,4.0,1600,1434,2,0.8286505341529846,0.7882275843620301,0.23-0.30;<=0.15,True,False,TENX115;TENX117
uni_v2,SKCM,blocked_buffered,0,1.0,4.0,1229,1434,2,0.8081651926040649,0.7649514701962471,0.23-0.30;<=0.15,True,False,TENX115;TENX117
uni_v2,SKCM,blocked_matched,0,1.0,4.0,1229,1434,2,0.8225718140602112,0.7811847147345543,0.23-0.30;<=0.15,True,False,TENX115;TENX117
uni_v2,SKCM,random_matched,0,1.0,4.0,1229,1293,2,0.8504796624183655,0.8165984201431274,0.23-0.30;<=0.15,True,False,TENX115;TENX117
uni_v2,SKCM,blocked,0,1.0,6.0,1641,1393,2,0.8280385732650757,0.7868982952833176,0.23-0.30;<=0.15,True,False,TENX115;TENX117
uni_v2,SKCM,blocked_buffered,0,1.0,6.0,912,1393,2,0.8062517642974854,0.7629935783147812,0.23-0.30;<=0.15,True,False,TENX115;TENX117
uni_v2,SKCM,blocked_matched,0,1.0,6.0,912,1393,2,0.8135805726051331,0.7708786396682262,0.23-0.30;<=0.15,True,False,TENX115;TENX117
uni_v2,SKCM,random_matched,0,1.0,6.0,912,1293,2,0.8441916704177856,0.810233693420887,0.23-0.30;<=0.15,True,False,TENX115;TENX117
uni_v2,SKCM,blocked,0,1.0,10.0,1735,1299,2,0.8236489295959473,0.7995235815644264,0.23-0.30;<=0.15,True,False,TENX115;TENX117
uni_v2,SKCM,blocked_buffered,0,1.0,10.0,676,1299,2,0.7780677676200867,0.7508265288174152,0.23-0.30;<=0.15,True,False,TENX115;TENX117
uni_v2,SKCM,blocked_matched,0,1.0,10.0,676,1299,2,0.796317994594574,0.7707216703891754,0.23-0.30;<=0.15,True,False,TENX115;TENX117
uni_v2,SKCM,random_matched,0,1.0,10.0,676,1293,2,0.835093080997467,0.7985819879174232,0.23-0.30;<=0.15,True,False,TENX115;TENX117
uni_v2,SKCM,random,0,2.0,,1741,1293,2,0.8448429703712463,0.8173634076118469,0.23-0.30;<=0.15,True,False,TENX115;TENX117
uni_v2,SKCM,blocked,0,2.0,4.0,1700,1334,2,0.8198404908180237,0.7899993765354156,0.23-0.30;<=0.15,True,False,TENX115;TENX117
uni_v2,SKCM,blocked_buffered,0,2.0,4.0,1187,1334,2,0.8039155602455139,0.7728944236040116,0.23-0.30;<=0.15,True,False,TENX115;TENX117
uni_v2,SKCM,blocked_matched,0,2.0,4.0,1187,1334,2,0.8132402896881104,0.7822733056545257,0.23-0.30;<=0.15,True,False,TENX115;TENX117
uni_v2,SKCM,random_matched,0,2.0,4.0,1187,1293,2,0.8392063975334167,0.8119597497582436,0.23-0.30;<=0.15,True,False,TENX115;TENX117
uni_v2,SKCM,blocked,0,2.0,6.0,1700,1334,2,0.8245761394500732,0.8023424157500267,0.23-0.30;<=0.15,True,False,TENX115;TENX117
uni_v2,SKCM,blocked_buffered,0,2.0,6.0,959,1334,2,0.8022106885910034,0.7793313807249069,0.23-0.30;<=0.15,True,False,TENX115;TENX117
uni_v2,SKCM,blocked_matched,0,2.0,6.0,959,1334,2,0.810080885887146,0.7867780897021294,0.23-0.30;<=0.15,True,False,TENX115;TENX117
uni_v2,SKCM,random_matched,0,2.0,6.0,959,1293,2,0.8333222270011902,0.8048121359944344,0.23-0.30;<=0.15,True,False,TENX115;TENX117
uni_v2,SKCM,blocked,0,2.0,10.0,1708,1326,2,0.8385875225067139,0.8077007016539574,0.23-0.30;<=0.15,True,False,TENX115;TENX117
uni_v2,SKCM,blocked_buffered,0,2.0,10.0,576,1326,2,0.7998749017715454,0.7659733994305133,0.23-0.30;<=0.15,True,False,TENX115;TENX117
uni_v2,SKCM,blocked_matched,0,2.0,10.0,576,1326,2,0.8134310841560364,0.7795491123199463,0.23-0.30;<=0.15,True,False,TENX115;TENX117
uni_v2,SKCM,random_matched,0,2.0,10.0,576,1293,2,0.8171098232269287,0.7878817591071129,0.23-0.30;<=0.15,True,False,TENX115;TENX117
uni_v2,SKCM,random,0,3.0,,1741,1293,2,0.8501287698745728,0.8198183560371399,0.23-0.30;<=0.15,True,False,TENX115;TENX117
uni_v2,SKCM,blocked,0,3.0,4.0,1711,1323,2,0.7915390729904175,0.7471395674347878,0.23-0.30;<=0.15,True,False,TENX115;TENX117
uni_v2,SKCM,blocked_buffered,0,3.0,4.0,1307,1323,2,0.7784194946289062,0.7335955499112605,0.23-0.30;<=0.15,True,False,TENX115;TENX117
uni_v2,SKCM,blocked_matched,0,3.0,4.0,1307,1323,2,0.7846437096595764,0.73906060770154,0.23-0.30;<=0.15,True,False,TENX115;TENX117
uni_v2,SKCM,random_matched,0,3.0,4.0,1307,1293,2,0.8433515429496765,0.8126178681850433,0.23-0.30;<=0.15,True,False,TENX115;TENX117
uni_v2,SKCM,blocked,0,3.0,6.0,1684,1350,2,0.8269432783126831,0.7904612120985985,0.23-0.30;<=0.15,True,False,TENX115;TENX117
uni_v2,SKCM,blocked_buffered,0,3.0,6.0,977,1350,2,0.8034240007400513,0.766723996847868,0.23-0.30;<=0.15,True,False,TENX115;TENX117
uni_v2,SKCM,blocked_matched,0,3.0,6.0,977,1350,2,0.8124372363090515,0.7743817625939846,0.23-0.30;<=0.15,True,False,TENX115;TENX117
uni_v2,SKCM,random_matched,0,3.0,6.0,977,1293,2,0.8395640850067139,0.8082509142160416,0.23-0.30;<=0.15,True,False,TENX115;TENX117
uni_v2,SKCM,blocked,0,3.0,10.0,1718,1316,2,0.8164977431297302,0.7861739471554756,0.23-0.30;<=0.15,True,False,TENX115;TENX117
uni_v2,SKCM,blocked_buffered,0,3.0,10.0,760,1316,2,0.7795373797416687,0.7435174883902073,0.23-0.30;<=0.15,True,False,TENX115;TENX117
uni_v2,SKCM,blocked_matched,0,3.0,10.0,760,1316,2,0.7929837703704834,0.7609454630315304,0.23-0.30;<=0.15,True,False,TENX115;TENX117
uni_v2,SKCM,random_matched,0,3.0,10.0,760,1293,2,0.8290450572967529,0.7962541791796685,0.23-0.30;<=0.15,True,False,TENX115;TENX117
uni_v2,SKCM,random,0,4.0,,1741,1293,2,0.8485733270645142,0.8193089237809181,0.23-0.30;<=0.15,True,False,TENX115;TENX117
uni_v2,SKCM,blocked,0,4.0,4.0,1700,1334,2,0.8116618990898132,0.7727548192441464,0.23-0.30;<=0.15,True,False,TENX115;TENX117
uni_v2,SKCM,blocked_buffered,0,4.0,4.0,1183,1334,2,0.7987229228019714,0.7579895175993443,0.23-0.30;<=0.15,True,False,TENX115;TENX117
uni_v2,SKCM,blocked_matched,0,4.0,4.0,1183,1334,2,0.8039128184318542,0.7639640954136848,0.23-0.30;<=0.15,True,False,TENX115;TENX117
uni_v2,SKCM,random_matched,0,4.0,4.0,1183,1293,2,0.840785801410675,0.8103012189269065,0.23-0.30;<=0.15,True,False,TENX115;TENX117
uni_v2,SKCM,blocked,0,4.0,6.0,1695,1339,2,0.8326623439788818,0.7949737387895583,0.23-0.30;<=0.15,True,False,TENX115;TENX117
uni_v2,SKCM,blocked_buffered,0,4.0,6.0,980,1339,2,0.8058280944824219,0.7653342235088348,0.23-0.30;<=0.15,True,False,TENX115;TENX117
uni_v2,SKCM,blocked_matched,0,4.0,6.0,980,1339,2,0.8215214014053345,0.7817785242199897,0.23-0.30;<=0.15,True,False,TENX115;TENX117
uni_v2,SKCM,random_matched,0,4.0,6.0,980,1293,2,0.8369893431663513,0.8063247537612915,0.23-0.30;<=0.15,True,False,TENX115;TENX117
uni_v2,SKCM,blocked,0,4.0,10.0,1704,1330,2,0.8472423553466797,0.8204863435029983,0.23-0.30;<=0.15,True,False,TENX115;TENX117
uni_v2,SKCM,blocked_buffered,0,4.0,10.0,638,1330,2,0.8013901710510254,0.7703890830278397,0.23-0.30;<=0.15,True,False,TENX115;TENX117
uni_v2,SKCM,blocked_matched,0,4.0,10.0,638,1330,2,0.8232040405273438,0.7944378852844238,0.23-0.30;<=0.15,True,False,TENX115;TENX117
uni_v2,SKCM,random_matched,0,4.0,10.0,638,1293,2,0.8247250318527222,0.7935712200403213,0.23-0.30;<=0.15,True,False,TENX115;TENX117
uni_v2,SKCM,patient,1,,,1293,1741,1,0.646210789680481,0.6462107542902231,0.23-0.30,False,False,TENX115
uni_v2,SKCM,random,1,0.0,,1293,1741,2,0.8467311263084412,0.8153641778230667,0.23-0.30;<=0.15,True,False,TENX115;TENX117
uni_v2,SKCM,blocked,1,0.0,4.0,1098,1936,2,0.8065041899681091,0.7812271755933762,0.23-0.30;<=0.15,True,False,TENX115;TENX117
uni_v2,SKCM,blocked_buffered,1,0.0,4.0,642,1936,2,0.7866072058677673,0.7593834193050861,0.23-0.30;<=0.15,True,False,TENX115;TENX117
uni_v2,SKCM,blocked_matched,1,0.0,4.0,642,1936,2,0.7937057018280029,0.7669584190845489,0.23-0.30;<=0.15,True,False,TENX115;TENX117
uni_v2,SKCM,random_matched,1,0.0,4.0,642,1741,2,0.824260413646698,0.7895375749468804,0.23-0.30;<=0.15,True,False,TENX115;TENX117
uni_v2,SKCM,blocked,1,0.0,6.0,1262,1772,2,0.8170469403266907,0.784548622071743,0.23-0.30;<=0.15,True,False,TENX115;TENX117
uni_v2,SKCM,blocked_buffered,1,0.0,6.0,690,1772,2,0.7844867706298828,0.7516044080257416,0.23-0.30;<=0.15,True,False,TENX115;TENX117
uni_v2,SKCM,blocked_matched,1,0.0,6.0,690,1772,2,0.7907624840736389,0.757226585149765,0.23-0.30;<=0.15,True,False,TENX115;TENX117
uni_v2,SKCM,random_matched,1,0.0,6.0,690,1741,2,0.8305829763412476,0.7967023441195489,0.23-0.30;<=0.15,True,False,TENX115;TENX117
uni_v2,SKCM,blocked,1,0.0,10.0,1281,1753,2,0.833931565284729,0.7984100714325905,0.23-0.30;<=0.15,True,False,TENX115;TENX117
uni_v2,SKCM,random,1,1.0,,1293,1741,2,0.8431090712547302,0.8155203622579574,0.23-0.30;<=0.15,True,False,TENX115;TENX117
uni_v2,SKCM,blocked,1,1.0,4.0,1217,1817,2,0.7906379103660583,0.7612444807589054,0.23-0.30;<=0.15,True,False,TENX115;TENX117
uni_v2,SKCM,blocked_buffered,1,1.0,4.0,785,1817,2,0.7681986093521118,0.7414924421906471,0.23-0.30;<=0.15,True,False,TENX115;TENX117
uni_v2,SKCM,blocked_matched,1,1.0,4.0,785,1817,2,0.7776442766189575,0.7486885006725787,0.23-0.30;<=0.15,True,False,TENX115;TENX117
uni_v2,SKCM,random_matched,1,1.0,4.0,785,1741,2,0.8291512131690979,0.7999853077530861,0.23-0.30;<=0.15,True,False,TENX115;TENX117
uni_v2,SKCM,blocked,1,1.0,6.0,1231,1803,2,0.8232105374336243,0.7826309490203858,0.23-0.30;<=0.15,True,False,TENX115;TENX117
uni_v2,SKCM,blocked_buffered,1,1.0,6.0,628,1803,2,0.7034209966659546,0.6941577873378992,0.23-0.30;<=0.15,True,False,TENX115;TENX117
uni_v2,SKCM,blocked_matched,1,1.0,6.0,628,1803,2,0.8031861782073975,0.7608829666674137,0.23-0.30;<=0.15,True,False,TENX115;TENX117
uni_v2,SKCM,random_matched,1,1.0,6.0,628,1741,2,0.8226308226585388,0.7917632591724395,0.23-0.30;<=0.15,True,False,TENX115;TENX117
uni_v2,SKCM,blocked,1,1.0,10.0,1262,1772,2,0.8270692229270935,0.7929879820346832,0.23-0.30;<=0.15,True,False,TENX115;TENX117
uni_v2,SKCM,random,1,2.0,,1293,1741,2,0.8438838124275208,0.8128988668322563,0.23-0.30;<=0.15,True,False,TENX115;TENX117
uni_v2,SKCM,blocked,1,2.0,4.0,1190,1844,2,0.7808606028556824,0.7521217823028564,0.23-0.30;<=0.15,True,False,TENX115;TENX117
uni_v2,SKCM,blocked_buffered,1,2.0,4.0,797,1844,2,0.7354959845542908,0.7112828107178211,0.23-0.30;<=0.15,True,False,TENX115;TENX117
uni_v2,SKCM,blocked_matched,1,2.0,4.0,797,1844,2,0.7690448760986328,0.7402739202231168,0.23-0.30;<=0.15,True,False,TENX115;TENX117
uni_v2,SKCM,random_matched,1,2.0,4.0,797,1741,2,0.831390380859375,0.798658854663372,0.23-0.30;<=0.15,True,False,TENX115;TENX117
uni_v2,SKCM,blocked,1,2.0,6.0,1246,1788,2,0.813382625579834,0.7777311265468597,0.23-0.30;<=0.15,True,False,TENX115;TENX117
uni_v2,SKCM,blocked_buffered,1,2.0,6.0,578,1788,2,0.77205491065979,0.7360568544268609,0.23-0.30;<=0.15,True,False,TENX115;TENX117
uni_v2,SKCM,blocked_matched,1,2.0,6.0,578,1788,2,0.7907006144523621,0.7523780228197574,0.23-0.30;<=0.15,True,False,TENX115;TENX117
uni_v2,SKCM,random_matched,1,2.0,6.0,578,1741,2,0.8218012452125549,0.7855873772501946,0.23-0.30;<=0.15,True,False,TENX115;TENX117
uni_v2,SKCM,blocked,1,2.0,10.0,1263,1771,2,0.8334922790527344,0.8019699147343635,0.23-0.30;<=0.15,True,False,TENX115;TENX117
uni_v2,SKCM,random,1,3.0,,1293,1741,2,0.8412274718284607,0.8115261578559876,0.23-0.30;<=0.15,True,False,TENX115;TENX117
uni_v2,SKCM,blocked,1,3.0,4.0,1117,1917,2,0.8132525086402893,0.7881603690981864,0.23-0.30;<=0.15,True,False,TENX115;TENX117
uni_v2,SKCM,blocked_buffered,1,3.0,4.0,663,1917,2,0.7841638326644897,0.760065659582615,0.23-0.30;<=0.15,True,False,TENX115;TENX117
uni_v2,SKCM,blocked_matched,1,3.0,4.0,663,1917,2,0.8007057309150696,0.7735539466142654,0.23-0.30;<=0.15,True,False,TENX115;TENX117
uni_v2,SKCM,random_matched,1,3.0,4.0,663,1741,2,0.8228538036346436,0.7907826903462409,0.23-0.30;<=0.15,True,False,TENX115;TENX117
uni_v2,SKCM,blocked,1,3.0,6.0,1259,1775,2,0.8212737441062927,0.7951470825076103,0.23-0.30;<=0.15,True,False,TENX115;TENX117
uni_v2,SKCM,blocked_buffered,1,3.0,6.0,613,1775,2,0.7851887345314026,0.758555281162262,0.23-0.30;<=0.15,True,False,TENX115;TENX117
uni_v2,SKCM,blocked_matched,1,3.0,6.0,613,1775,2,0.7931006550788879,0.7646673659980296,0.23-0.30;<=0.15,True,False,TENX115;TENX117
uni_v2,SKCM,random_matched,1,3.0,6.0,613,1741,2,0.8188378810882568,0.7850384414196014,0.23-0.30;<=0.15,True,False,TENX115;TENX117
uni_v2,SKCM,blocked,1,3.0,10.0,1273,1761,2,0.8201717138290405,0.7869467788934708,0.23-0.30;<=0.15,True,False,TENX115;TENX117
uni_v2,SKCM,random,1,4.0,,1293,1741,2,0.8429006934165955,0.8131966486573219,0.23-0.30;<=0.15,True,False,TENX115;TENX117
uni_v2,SKCM,blocked,1,4.0,4.0,1151,1883,2,0.7979498505592346,0.7693303240835667,0.23-0.30;<=0.15,True,False,TENX115;TENX117
uni_v2,SKCM,blocked_buffered,1,4.0,4.0,715,1883,2,0.7789766192436218,0.7506266990303994,0.23-0.30;<=0.15,True,False,TENX115;TENX117
uni_v2,SKCM,blocked_matched,1,4.0,4.0,715,1883,2,0.7804304361343384,0.7518796817958355,0.23-0.30;<=0.15,True,False,TENX115;TENX117
uni_v2,SKCM,random_matched,1,4.0,4.0,715,1741,2,0.825093150138855,0.7940748664736748,0.23-0.30;<=0.15,True,False,TENX115;TENX117
uni_v2,SKCM,blocked,1,4.0,6.0,1269,1765,2,0.8273249864578247,0.7861258086562157,0.23-0.30;<=0.15,True,False,TENX115;TENX117
uni_v2,SKCM,blocked_buffered,1,4.0,6.0,686,1765,2,0.7982628345489502,0.7552690845727921,0.23-0.30;<=0.15,True,False,TENX115;TENX117
uni_v2,SKCM,blocked_matched,1,4.0,6.0,686,1765,2,0.8084934949874878,0.7653396412730218,0.23-0.30;<=0.15,True,False,TENX115;TENX117
uni_v2,SKCM,random_matched,1,4.0,6.0,686,1741,2,0.8230244517326355,0.7919917485117912,0.23-0.30;<=0.15,True,False,TENX115;TENX117
uni_v2,SKCM,blocked,1,4.0,10.0,1271,1763,2,0.8298574090003967,0.8026415291428566,0.23-0.30;<=0.15,True,False,TENX115;TENX117
