vtag,arm,G,part,regime,budget,cost,n_L,m,estimand,population,target,interval,n_draws,n_genes,emp_var_median,est_var_over_emp_var_median,coverage_median,coverage_mean,coverage_min,width_ratio_median,emp_var_ratio_median,lambda_median,lambda_frac_zero,lambda_se_median,lambda_raw_mean_median,lambda_raw_mean_se_median,estimator
LUNG_XENIUM,uni_v2,15,masking,A,,unit,4,25,theta3,donor,design,textbook_t|fpc|lin,200,343,0.12720341314208686,0.9062207564220747,0.955,0.9500874635568513,0.81,,,0.0,1.0,,,,r4_classical
LUNG_XENIUM,uni_v2,15,masking,A,,unit,4,25,theta3,donor,design,textbook_t|fpc|lin|xf,200,343,0.12720341314208686,0.9062207564220747,0.955,0.9500874635568513,0.81,,,0.0,1.0,,,,r4_classical
LUNG_XENIUM,uni_v2,15,masking,A,,unit,4,25,theta3,donor,design,textbook_t|fpc|lin,200,343,0.12720341314208686,0.9062207564220747,0.955,0.9500874635568513,0.81,,,0.0,1.0,,,,r4_ppi
LUNG_XENIUM,uni_v2,15,masking,A,,unit,4,25,theta3,donor,design,textbook_t|fpc|lin|xf,200,343,0.12720341314208686,0.9062207564220747,0.955,0.9500874635568513,0.81,,,0.0,1.0,,,,r4_ppi
LUNG_XENIUM,uni_v2,15,masking,A,,unit,4,25,theta3,donor,design,textbook_t|fpc|lin,200,343,0.04444151234400965,0.955617231967559,0.94,0.9333673469387754,0.815,,,0.0,1.0,,,,P_classical
LUNG_XENIUM,uni_v2,15,masking,A,,unit,4,25,theta3,donor,design,textbook_t|fpc|lin|xf,200,343,0.04444151234400965,0.955617231967559,0.94,0.9333673469387754,0.815,,,0.0,1.0,,,,P_classical
LUNG_XENIUM,uni_v2,15,masking,A,,unit,4,25,theta3,donor,design,textbook_t|fpc|lin,200,343,0.026448166287308075,0.9947922958662225,0.94,0.9336588921282799,0.79,,,0.8286969608976591,0.006763848396501458,,,,P_ppi
LUNG_XENIUM,uni_v2,15,masking,A,,unit,4,25,theta3,donor,design,textbook_t|fpc|lin|xf,200,343,0.026448166287308075,0.9947922958662225,0.94,0.9336588921282799,0.79,,,0.8286969608976591,0.006763848396501458,,,,P_ppi
LUNG_XENIUM,uni_v2,15,masking,A,,unit,4,25,theta3,donor,design,textbook_t|fpc|lin,200,343,0.03384368024797061,0.9677824524175509,0.94,0.9348979591836735,0.815,,,0.0,1.0,,,,C_classical
LUNG_XENIUM,uni_v2,15,masking,A,,unit,4,25,theta3,donor,design,textbook_t|fpc|lin|xf,200,343,0.03384368024797061,0.9677824524175509,0.94,0.9348979591836735,0.815,,,0.0,1.0,,,,C_classical
LUNG_XENIUM,uni_v2,15,masking,A,,unit,4,25,theta3,donor,design,textbook_t|fpc|lin,200,343,0.020680699734716482,1.0252652185438935,0.94,0.9341399416909622,0.81,,,0.8448135901783913,0.006530612244897959,,,,C_ppi
LUNG_XENIUM,uni_v2,15,masking,A,,unit,4,25,theta3,donor,design,textbook_t|fpc|lin|xf,200,343,0.020680699734716482,1.0252652185438935,0.94,0.9341399416909622,0.81,,,0.8448135901783913,0.006530612244897959,,,,C_ppi
LUNG_XENIUM,uni_v2,15,masking,A,,unit,4,25,theta2,donor,design,textbook_t|fpc|lin,200,343,0.13672767956706552,0.8317689950375888,0.835,0.8284256559766763,0.725,,,0.0,1.0,,,,r4_classical
LUNG_XENIUM,uni_v2,15,masking,A,,unit,4,25,theta2,donor,design,textbook_t|fpc|lin|xf,200,343,0.13672767956706552,0.8317689950375888,0.835,0.8284256559766763,0.725,,,0.0,1.0,,,,r4_classical
LUNG_XENIUM,uni_v2,15,masking,A,,unit,4,25,theta2,donor,design,textbook_t|fpc|lin,200,343,0.13672767956706552,0.8317689950375888,0.835,0.8284256559766763,0.725,,,0.0,1.0,,,,r4_ppi
LUNG_XENIUM,uni_v2,15,masking,A,,unit,4,25,theta2,donor,design,textbook_t|fpc|lin|xf,200,343,0.13672767956706552,0.8317689950375888,0.835,0.8284256559766763,0.725,,,0.0,1.0,,,,r4_ppi
LUNG_XENIUM,uni_v2,15,masking,A,,unit,4,25,theta2,donor,design,textbook_t|fpc|lin,200,343,0.13672767956706364,0.8317689950375856,0.835,0.8284256559766763,0.725,,,0.0,1.0,,,,P_classical
LUNG_XENIUM,uni_v2,15,masking,A,,unit,4,25,theta2,donor,design,textbook_t|fpc|lin|xf,200,343,0.13672767956706364,0.8317689950375856,0.835,0.8284256559766763,0.725,,,0.0,1.0,,,,P_classical
LUNG_XENIUM,uni_v2,15,masking,A,,unit,4,25,theta2,donor,design,textbook_t|fpc|lin,200,343,0.12913895793469166,0.8059064549838278,0.83,0.8219679300291546,0.715,,,0.6243935815440991,0.19504373177842566,,,,P_ppi
LUNG_XENIUM,uni_v2,15,masking,A,,unit,4,25,theta2,donor,design,textbook_t|fpc|lin|xf,200,343,0.12913895793469166,0.8059064549838278,0.83,0.8219679300291546,0.715,,,0.6243935815440991,0.19504373177842566,,,,P_ppi
LUNG_XENIUM,uni_v2,15,masking,A,,unit,4,25,theta2,donor,design,textbook_t|fpc|lin,200,343,0.13672767956706552,0.8317689950375892,0.835,0.8284256559766763,0.725,,,0.0,1.0,,,,C_classical
LUNG_XENIUM,uni_v2,15,masking,A,,unit,4,25,theta2,donor,design,textbook_t|fpc|lin|xf,200,343,0.13672767956706552,0.8317689950375892,0.835,0.8284256559766763,0.725,,,0.0,1.0,,,,C_classical
LUNG_XENIUM,uni_v2,15,masking,A,,unit,4,25,theta2,donor,design,textbook_t|fpc|lin,200,343,0.12869068868772848,0.7940756773021654,0.83,0.8199125364431488,0.71,,,0.7962147875958878,0.14511661807580176,,,,C_ppi
LUNG_XENIUM,uni_v2,15,masking,A,,unit,4,25,theta2,donor,design,textbook_t|fpc|lin|xf,200,343,0.12869068868772848,0.7940756773021654,0.83,0.8199125364431488,0.71,,,0.7962147875958878,0.14511661807580176,,,,C_ppi
LUNG_XENIUM,uni_v2,15,masking,A,,unit,4,50,theta3,donor,design,textbook_t|fpc|lin,200,343,0.055389717216951816,1.1381613297765112,0.955,0.9555539358600583,0.865,,,0.0,1.0,,,,r4_classical
LUNG_XENIUM,uni_v2,15,masking,A,,unit,4,50,theta3,donor,design,textbook_t|fpc|lin|xf,200,343,0.055389717216951816,1.1381613297765112,0.955,0.9555539358600583,0.865,,,0.0,1.0,,,,r4_classical
LUNG_XENIUM,uni_v2,15,masking,A,,unit,4,50,theta3,donor,design,textbook_t|fpc|lin,200,343,0.055389717216951816,1.1381613297765112,0.955,0.9555539358600583,0.865,,,0.0,1.0,,,,r4_ppi
LUNG_XENIUM,uni_v2,15,masking,A,,unit,4,50,theta3,donor,design,textbook_t|fpc|lin|xf,200,343,0.055389717216951816,1.1381613297765112,0.955,0.9555539358600583,0.865,,,0.0,1.0,,,,r4_ppi
LUNG_XENIUM,uni_v2,15,masking,A,,unit,4,50,theta3,donor,design,textbook_t|fpc|lin,200,343,0.025589717155392714,1.0049608507724028,0.935,0.9347230320699709,0.83,,,0.0,1.0,,,,P_classical
LUNG_XENIUM,uni_v2,15,masking,A,,unit,4,50,theta3,donor,design,textbook_t|fpc|lin|xf,200,343,0.025589717155392714,1.0049608507724028,0.935,0.9347230320699709,0.83,,,0.0,1.0,,,,P_classical
LUNG_XENIUM,uni_v2,15,masking,A,,unit,4,50,theta3,donor,design,textbook_t|fpc|lin,200,343,0.017916491209083334,1.0195573112857599,0.935,0.9291253644314871,0.8,,,0.8548367989144691,0.003425655976676385,,,,P_ppi
LUNG_XENIUM,uni_v2,15,masking,A,,unit,4,50,theta3,donor,design,textbook_t|fpc|lin|xf,200,343,0.017916491209083334,1.0195573112857599,0.935,0.9291253644314871,0.8,,,0.8548367989144691,0.003425655976676385,,,,P_ppi
LUNG_XENIUM,uni_v2,15,masking,A,,unit,4,50,theta3,donor,design,textbook_t|fpc|lin,200,343,0.021836842232175545,0.9739832318601036,0.935,0.9346501457725946,0.82,,,0.0,1.0,,,,C_classical
LUNG_XENIUM,uni_v2,15,masking,A,,unit,4,50,theta3,donor,design,textbook_t|fpc|lin|xf,200,343,0.021836842232175545,0.9739832318601036,0.935,0.9346501457725946,0.82,,,0.0,1.0,,,,C_classical
LUNG_XENIUM,uni_v2,15,masking,A,,unit,4,50,theta3,donor,design,textbook_t|fpc|lin,200,343,0.015620515272355948,1.0043972841701858,0.935,0.9259766763848397,0.79,,,0.8653094781200761,0.0035714285714285713,,,,C_ppi
LUNG_XENIUM,uni_v2,15,masking,A,,unit,4,50,theta3,donor,design,textbook_t|fpc|lin|xf,200,343,0.015620515272355948,1.0043972841701858,0.935,0.9259766763848397,0.79,,,0.8653094781200761,0.0035714285714285713,,,,C_ppi
LUNG_XENIUM,uni_v2,15,masking,A,,unit,4,50,theta2,donor,design,textbook_t|fpc|lin,200,343,0.11944215892985734,0.8376318731366131,0.805,0.8019970845481049,0.69,,,0.0,1.0,,,,r4_classical
LUNG_XENIUM,uni_v2,15,masking,A,,unit,4,50,theta2,donor,design,textbook_t|fpc|lin|xf,200,343,0.11944215892985734,0.8376318731366131,0.805,0.8019970845481049,0.69,,,0.0,1.0,,,,r4_classical
LUNG_XENIUM,uni_v2,15,masking,A,,unit,4,50,theta2,donor,design,textbook_t|fpc|lin,200,343,0.11944215892985734,0.8376318731366131,0.805,0.8019970845481049,0.69,,,0.0,1.0,,,,r4_ppi
LUNG_XENIUM,uni_v2,15,masking,A,,unit,4,50,theta2,donor,design,textbook_t|fpc|lin|xf,200,343,0.11944215892985734,0.8376318731366131,0.805,0.8019970845481049,0.69,,,0.0,1.0,,,,r4_ppi
LUNG_XENIUM,uni_v2,15,masking,A,,unit,4,50,theta2,donor,design,textbook_t|fpc|lin,200,343,0.11944215892985519,0.8376318731366033,0.805,0.8019970845481049,0.69,,,0.0,1.0,,,,P_classical
LUNG_XENIUM,uni_v2,15,masking,A,,unit,4,50,theta2,donor,design,textbook_t|fpc|lin|xf,200,343,0.11944215892985519,0.8376318731366033,0.805,0.8019970845481049,0.69,,,0.0,1.0,,,,P_classical
LUNG_XENIUM,uni_v2,15,masking,A,,unit,4,50,theta2,donor,design,textbook_t|fpc|lin,200,343,0.11933763620782516,0.8373188759748307,0.8,0.796865889212828,0.705,,,0.6537757677912718,0.18674927113702625,,,,P_ppi
LUNG_XENIUM,uni_v2,15,masking,A,,unit,4,50,theta2,donor,design,textbook_t|fpc|lin|xf,200,343,0.11933763620782516,0.8373188759748307,0.8,0.796865889212828,0.705,,,0.6537757677912718,0.18674927113702625,,,,P_ppi
LUNG_XENIUM,uni_v2,15,masking,A,,unit,4,50,theta2,donor,design,textbook_t|fpc|lin,200,343,0.11944215892985732,0.837631873136613,0.805,0.8019970845481049,0.69,,,0.0,1.0,,,,C_classical
LUNG_XENIUM,uni_v2,15,masking,A,,unit,4,50,theta2,donor,design,textbook_t|fpc|lin|xf,200,343,0.11944215892985732,0.837631873136613,0.805,0.8019970845481049,0.69,,,0.0,1.0,,,,C_classical
LUNG_XENIUM,uni_v2,15,masking,A,,unit,4,50,theta2,donor,design,textbook_t|fpc|lin,200,343,0.11751799212209409,0.8437744916124679,0.8,0.7955393586005831,0.705,,,0.8123000573566629,0.14620991253644314,,,,C_ppi
LUNG_XENIUM,uni_v2,15,masking,A,,unit,4,50,theta2,donor,design,textbook_t|fpc|lin|xf,200,343,0.11751799212209409,0.8437744916124679,0.8,0.7955393586005831,0.705,,,0.8123000573566629,0.14620991253644314,,,,C_ppi
LUNG_XENIUM,uni_v2,15,masking,A,,unit,4,100,theta3,donor,design,textbook_t|fpc|lin,200,343,0.03039600075388835,0.9777049354603676,0.935,0.9348833819241983,0.82,,,0.0,1.0,,,,r4_classical
LUNG_XENIUM,uni_v2,15,masking,A,,unit,4,100,theta3,donor,design,textbook_t|fpc|lin|xf,200,343,0.03039600075388835,0.9777049354603676,0.935,0.9348833819241983,0.82,,,0.0,1.0,,,,r4_classical
LUNG_XENIUM,uni_v2,15,masking,A,,unit,4,100,theta3,donor,design,textbook_t|fpc|lin,200,343,0.03039600075388835,0.9777049354603676,0.935,0.9348833819241983,0.82,,,0.0,1.0,,,,r4_ppi
LUNG_XENIUM,uni_v2,15,masking,A,,unit,4,100,theta3,donor,design,textbook_t|fpc|lin|xf,200,343,0.03039600075388835,0.9777049354603676,0.935,0.9348833819241983,0.82,,,0.0,1.0,,,,r4_ppi
LUNG_XENIUM,uni_v2,15,masking,A,,unit,4,100,theta3,donor,design,textbook_t|fpc|lin,200,343,0.01544018760493666,0.9698694088965623,0.915,0.9111516034985424,0.75,,,0.0,1.0,,,,P_classical
LUNG_XENIUM,uni_v2,15,masking,A,,unit,4,100,theta3,donor,design,textbook_t|fpc|lin|xf,200,343,0.01544018760493666,0.9698694088965623,0.915,0.9111516034985424,0.75,,,0.0,1.0,,,,P_classical
LUNG_XENIUM,uni_v2,15,masking,A,,unit,4,100,theta3,donor,design,textbook_t|fpc|lin,200,343,0.01232294545270084,1.005181557286422,0.915,0.9050728862973763,0.695,,,0.8716413133768394,0.0014723032069970845,,,,P_ppi
LUNG_XENIUM,uni_v2,15,masking,A,,unit,4,100,theta3,donor,design,textbook_t|fpc|lin|xf,200,343,0.01232294545270084,1.005181557286422,0.915,0.9050728862973763,0.695,,,0.8716413133768394,0.0014723032069970845,,,,P_ppi
LUNG_XENIUM,uni_v2,15,masking,A,,unit,4,100,theta3,donor,design,textbook_t|fpc|lin,200,343,0.01400494519045402,0.9654732043103201,0.925,0.9159475218658891,0.785,,,0.0,1.0,,,,C_classical
LUNG_XENIUM,uni_v2,15,masking,A,,unit,4,100,theta3,donor,design,textbook_t|fpc|lin|xf,200,343,0.01400494519045402,0.9654732043103201,0.925,0.9159475218658891,0.785,,,0.0,1.0,,,,C_classical
LUNG_XENIUM,uni_v2,15,masking,A,,unit,4,100,theta3,donor,design,textbook_t|fpc|lin,200,343,0.01124670672423002,0.986849974474604,0.92,0.9010932944606416,0.665,,,0.8843786640137069,0.001370262390670554,,,,C_ppi
LUNG_XENIUM,uni_v2,15,masking,A,,unit,4,100,theta3,donor,design,textbook_t|fpc|lin|xf,200,343,0.01124670672423002,0.986849974474604,0.92,0.9010932944606416,0.665,,,0.8843786640137069,0.001370262390670554,,,,C_ppi
LUNG_XENIUM,uni_v2,15,masking,A,,unit,4,100,theta2,donor,design,textbook_t|fpc|lin,200,343,0.1126093408626433,0.8469254246263448,0.81,0.8057725947521865,0.67,,,0.0,1.0,,,,r4_classical
LUNG_XENIUM,uni_v2,15,masking,A,,unit,4,100,theta2,donor,design,textbook_t|fpc|lin|xf,200,343,0.1126093408626433,0.8469254246263448,0.81,0.8057725947521865,0.67,,,0.0,1.0,,,,r4_classical
LUNG_XENIUM,uni_v2,15,masking,A,,unit,4,100,theta2,donor,design,textbook_t|fpc|lin,200,343,0.1126093408626433,0.8469254246263448,0.81,0.8057725947521865,0.67,,,0.0,1.0,,,,r4_ppi
LUNG_XENIUM,uni_v2,15,masking,A,,unit,4,100,theta2,donor,design,textbook_t|fpc|lin|xf,200,343,0.1126093408626433,0.8469254246263448,0.81,0.8057725947521865,0.67,,,0.0,1.0,,,,r4_ppi
LUNG_XENIUM,uni_v2,15,masking,A,,unit,4,100,theta2,donor,design,textbook_t|fpc|lin,200,343,0.11260934086264146,0.846925424626319,0.81,0.8057725947521865,0.67,,,0.0,1.0,,,,P_classical
LUNG_XENIUM,uni_v2,15,masking,A,,unit,4,100,theta2,donor,design,textbook_t|fpc|lin|xf,200,343,0.11260934086264146,0.846925424626319,0.81,0.8057725947521865,0.67,,,0.0,1.0,,,,P_classical
LUNG_XENIUM,uni_v2,15,masking,A,,unit,4,100,theta2,donor,design,textbook_t|fpc|lin,200,343,0.11056155924447458,0.846969394113578,0.81,0.8026967930029156,0.66,,,0.6706348897165874,0.17081632653061224,,,,P_ppi
LUNG_XENIUM,uni_v2,15,masking,A,,unit,4,100,theta2,donor,design,textbook_t|fpc|lin|xf,200,343,0.11056155924447458,0.846969394113578,0.81,0.8026967930029156,0.66,,,0.6706348897165874,0.17081632653061224,,,,P_ppi
LUNG_XENIUM,uni_v2,15,masking,A,,unit,4,100,theta2,donor,design,textbook_t|fpc|lin,200,343,0.11260934086264339,0.8469254246263448,0.81,0.8057725947521865,0.67,,,0.0,1.0,,,,C_classical
LUNG_XENIUM,uni_v2,15,masking,A,,unit,4,100,theta2,donor,design,textbook_t|fpc|lin|xf,200,343,0.11260934086264339,0.8469254246263448,0.81,0.8057725947521865,0.67,,,0.0,1.0,,,,C_classical
LUNG_XENIUM,uni_v2,15,masking,A,,unit,4,100,theta2,donor,design,textbook_t|fpc|lin,200,343,0.11097884630969662,0.845662626486344,0.81,0.8012827988338194,0.66,,,0.8372318050765455,0.11849854227405247,,,,C_ppi
LUNG_XENIUM,uni_v2,15,masking,A,,unit,4,100,theta2,donor,design,textbook_t|fpc|lin|xf,200,343,0.11097884630969662,0.845662626486344,0.81,0.8012827988338194,0.66,,,0.8372318050765455,0.11849854227405247,,,,C_ppi
LUNG_XENIUM,uni_v2,15,masking,A,,unit,4,200,theta3,donor,design,textbook_t|fpc|lin,200,343,0.01879324826856361,1.0936508193477337,0.95,0.9463848396501459,0.81,,,0.0,1.0,,,,r4_classical
LUNG_XENIUM,uni_v2,15,masking,A,,unit,4,200,theta3,donor,design,textbook_t|fpc|lin|xf,200,343,0.01879324826856361,1.0936508193477337,0.95,0.9463848396501459,0.81,,,0.0,1.0,,,,r4_classical
LUNG_XENIUM,uni_v2,15,masking,A,,unit,4,200,theta3,donor,design,textbook_t|fpc|lin,200,343,0.01879324826856361,1.0936508193477337,0.95,0.9463848396501459,0.81,,,0.0,1.0,,,,r4_ppi
LUNG_XENIUM,uni_v2,15,masking,A,,unit,4,200,theta3,donor,design,textbook_t|fpc|lin|xf,200,343,0.01879324826856361,1.0936508193477337,0.95,0.9463848396501459,0.81,,,0.0,1.0,,,,r4_ppi
LUNG_XENIUM,uni_v2,15,masking,A,,unit,4,200,theta3,donor,design,textbook_t|fpc|lin,200,343,0.011379861338647221,1.0622858345374293,0.92,0.9100291545189504,0.695,,,0.0,1.0,,,,P_classical
LUNG_XENIUM,uni_v2,15,masking,A,,unit,4,200,theta3,donor,design,textbook_t|fpc|lin|xf,200,343,0.011379861338647221,1.0622858345374293,0.92,0.9100291545189504,0.695,,,0.0,1.0,,,,P_classical
LUNG_XENIUM,uni_v2,15,masking,A,,unit,4,200,theta3,donor,design,textbook_t|fpc|lin,200,343,0.010375893556873763,1.0393121094940592,0.91,0.8926239067055394,0.635,,,0.8854882363308061,0.0007434402332361516,,,,P_ppi
LUNG_XENIUM,uni_v2,15,masking,A,,unit,4,200,theta3,donor,design,textbook_t|fpc|lin|xf,200,343,0.010375893556873763,1.0393121094940592,0.91,0.8926239067055394,0.635,,,0.8854882363308061,0.0007434402332361516,,,,P_ppi
LUNG_XENIUM,uni_v2,15,masking,A,,unit,4,200,theta3,donor,design,textbook_t|fpc|lin,200,343,0.011319288513548385,1.0294926107664222,0.91,0.9028279883381923,0.7,,,0.0,1.0,,,,C_classical
LUNG_XENIUM,uni_v2,15,masking,A,,unit,4,200,theta3,donor,design,textbook_t|fpc|lin|xf,200,343,0.011319288513548385,1.0294926107664222,0.91,0.9028279883381923,0.7,,,0.0,1.0,,,,C_classical
LUNG_XENIUM,uni_v2,15,masking,A,,unit,4,200,theta3,donor,design,textbook_t|fpc|lin,200,343,0.010030094276840849,1.0258437248937688,0.905,0.8823760932944605,0.575,,,0.8966957630361114,0.0007434402332361516,,,,C_ppi
LUNG_XENIUM,uni_v2,15,masking,A,,unit,4,200,theta3,donor,design,textbook_t|fpc|lin|xf,200,343,0.010030094276840849,1.0258437248937688,0.905,0.8823760932944605,0.575,,,0.8966957630361114,0.0007434402332361516,,,,C_ppi
LUNG_XENIUM,uni_v2,15,masking,A,,unit,4,200,theta2,donor,design,textbook_t|fpc|lin,200,343,0.1047214540322888,0.7907078359762457,0.81,0.8046355685131196,0.6,,,0.0,1.0,,,,r4_classical
LUNG_XENIUM,uni_v2,15,masking,A,,unit,4,200,theta2,donor,design,textbook_t|fpc|lin|xf,200,343,0.1047214540322888,0.7907078359762457,0.81,0.8046355685131196,0.6,,,0.0,1.0,,,,r4_classical
LUNG_XENIUM,uni_v2,15,masking,A,,unit,4,200,theta2,donor,design,textbook_t|fpc|lin,200,343,0.1047214540322888,0.7907078359762457,0.81,0.8046355685131196,0.6,,,0.0,1.0,,,,r4_ppi
LUNG_XENIUM,uni_v2,15,masking,A,,unit,4,200,theta2,donor,design,textbook_t|fpc|lin|xf,200,343,0.1047214540322888,0.7907078359762457,0.81,0.8046355685131196,0.6,,,0.0,1.0,,,,r4_ppi
LUNG_XENIUM,uni_v2,15,masking,A,,unit,4,200,theta2,donor,design,textbook_t|fpc|lin,200,343,0.10472145403228954,0.7907078359762386,0.81,0.8046355685131196,0.6,,,0.0,1.0,,,,P_classical
LUNG_XENIUM,uni_v2,15,masking,A,,unit,4,200,theta2,donor,design,textbook_t|fpc|lin|xf,200,343,0.10472145403228954,0.7907078359762386,0.81,0.8046355685131196,0.6,,,0.0,1.0,,,,P_classical
LUNG_XENIUM,uni_v2,15,masking,A,,unit,4,200,theta2,donor,design,textbook_t|fpc|lin,200,343,0.10476053445837899,0.7876368794706489,0.81,0.8025801749271136,0.585,,,0.6794049053655347,0.15724489795918367,,,,P_ppi
LUNG_XENIUM,uni_v2,15,masking,A,,unit,4,200,theta2,donor,design,textbook_t|fpc|lin|xf,200,343,0.10476053445837899,0.7876368794706489,0.81,0.8025801749271136,0.585,,,0.6794049053655347,0.15724489795918367,,,,P_ppi
LUNG_XENIUM,uni_v2,15,masking,A,,unit,4,200,theta2,donor,design,textbook_t|fpc|lin,200,343,0.10472145403228877,0.7907078359762457,0.81,0.8046355685131196,0.6,,,0.0,1.0,,,,C_classical
LUNG_XENIUM,uni_v2,15,masking,A,,unit,4,200,theta2,donor,design,textbook_t|fpc|lin|xf,200,343,0.10472145403228877,0.7907078359762457,0.81,0.8046355685131196,0.6,,,0.0,1.0,,,,C_classical
LUNG_XENIUM,uni_v2,15,masking,A,,unit,4,200,theta2,donor,design,textbook_t|fpc|lin,200,343,0.10449082169001343,0.7889232633796771,0.805,0.8023906705539358,0.59,,,0.8438395784312019,0.10650145772594752,,,,C_ppi
LUNG_XENIUM,uni_v2,15,masking,A,,unit,4,200,theta2,donor,design,textbook_t|fpc|lin|xf,200,343,0.10449082169001343,0.7889232633796771,0.805,0.8023906705539358,0.59,,,0.8438395784312019,0.10650145772594752,,,,C_ppi
LUNG_XENIUM,uni_v2,15,masking,A,,unit,4,500,theta3,donor,design,textbook_t|fpc|lin,200,343,0.011918400728938992,0.9499501891679389,0.905,0.9001020408163266,0.78,,,0.0,1.0,,,,r4_classical
LUNG_XENIUM,uni_v2,15,masking,A,,unit,4,500,theta3,donor,design,textbook_t|fpc|lin|xf,200,343,0.011918400728938992,0.9499501891679389,0.905,0.9001020408163266,0.78,,,0.0,1.0,,,,r4_classical
LUNG_XENIUM,uni_v2,15,masking,A,,unit,4,500,theta3,donor,design,textbook_t|fpc|lin,200,343,0.011918400728938992,0.9499501891679389,0.905,0.9001020408163266,0.78,,,0.0,1.0,,,,r4_ppi
LUNG_XENIUM,uni_v2,15,masking,A,,unit,4,500,theta3,donor,design,textbook_t|fpc|lin|xf,200,343,0.011918400728938992,0.9499501891679389,0.905,0.9001020408163266,0.78,,,0.0,1.0,,,,r4_ppi
LUNG_XENIUM,uni_v2,15,masking,A,,unit,4,500,theta3,donor,design,textbook_t|fpc|lin,200,343,0.01074716797334002,0.911451381825375,0.885,0.8713556851311953,0.55,,,0.0,1.0,,,,P_classical
LUNG_XENIUM,uni_v2,15,masking,A,,unit,4,500,theta3,donor,design,textbook_t|fpc|lin|xf,200,343,0.01074716797334002,0.911451381825375,0.885,0.8713556851311953,0.55,,,0.0,1.0,,,,P_classical
LUNG_XENIUM,uni_v2,15,masking,A,,unit,4,500,theta3,donor,design,textbook_t|fpc|lin,200,343,0.010515877684961499,0.8909246590986466,0.885,0.8614285714285715,0.52,,,0.8980606494352564,0.00023323615160349855,,,,P_ppi
LUNG_XENIUM,uni_v2,15,masking,A,,unit,4,500,theta3,donor,design,textbook_t|fpc|lin|xf,200,343,0.010515877684961499,0.8909246590986466,0.885,0.8614285714285715,0.52,,,0.8980606494352564,0.00023323615160349855,,,,P_ppi
LUNG_XENIUM,uni_v2,15,masking,A,,unit,4,500,theta3,donor,design,textbook_t|fpc|lin,200,343,0.010641230272713579,0.8905437359087075,0.885,0.8701457725947521,0.53,,,0.0,1.0,,,,C_classical
LUNG_XENIUM,uni_v2,15,masking,A,,unit,4,500,theta3,donor,design,textbook_t|fpc|lin|xf,200,343,0.010641230272713579,0.8905437359087075,0.885,0.8701457725947521,0.53,,,0.0,1.0,,,,C_classical
LUNG_XENIUM,uni_v2,15,masking,A,,unit,4,500,theta3,donor,design,textbook_t|fpc|lin,200,343,0.010420693179279628,0.8829062248830045,0.88,0.8584110787172013,0.51,,,0.9103395935579521,0.00021865889212827988,,,,C_ppi
LUNG_XENIUM,uni_v2,15,masking,A,,unit,4,500,theta3,donor,design,textbook_t|fpc|lin|xf,200,343,0.010420693179279628,0.8829062248830045,0.88,0.8584110787172013,0.51,,,0.9103395935579521,0.00021865889212827988,,,,C_ppi
LUNG_XENIUM,uni_v2,15,masking,A,,unit,4,500,theta2,donor,design,textbook_t|fpc|lin,200,343,0.10696955361183308,0.7724123922059639,0.8,0.791734693877551,0.605,,,0.0,1.0,,,,r4_classical
LUNG_XENIUM,uni_v2,15,masking,A,,unit,4,500,theta2,donor,design,textbook_t|fpc|lin|xf,200,343,0.10696955361183308,0.7724123922059639,0.8,0.791734693877551,0.605,,,0.0,1.0,,,,r4_classical
LUNG_XENIUM,uni_v2,15,masking,A,,unit,4,500,theta2,donor,design,textbook_t|fpc|lin,200,343,0.10696955361183308,0.7724123922059639,0.8,0.791734693877551,0.605,,,0.0,1.0,,,,r4_ppi
LUNG_XENIUM,uni_v2,15,masking,A,,unit,4,500,theta2,donor,design,textbook_t|fpc|lin|xf,200,343,0.10696955361183308,0.7724123922059639,0.8,0.791734693877551,0.605,,,0.0,1.0,,,,r4_ppi
LUNG_XENIUM,uni_v2,15,masking,A,,unit,4,500,theta2,donor,design,textbook_t|fpc|lin,200,343,0.10696955361183297,0.77241239220595,0.8,0.791734693877551,0.605,,,0.0,1.0,,,,P_classical
LUNG_XENIUM,uni_v2,15,masking,A,,unit,4,500,theta2,donor,design,textbook_t|fpc|lin|xf,200,343,0.10696955361183297,0.77241239220595,0.8,0.791734693877551,0.605,,,0.0,1.0,,,,P_classical
LUNG_XENIUM,uni_v2,15,masking,A,,unit,4,500,theta2,donor,design,textbook_t|fpc|lin,200,343,0.10675320630126707,0.7733417486250019,0.8,0.7912827988338191,0.605,,,0.6869911507428434,0.1638921282798834,,,,P_ppi
LUNG_XENIUM,uni_v2,15,masking,A,,unit,4,500,theta2,donor,design,textbook_t|fpc|lin|xf,200,343,0.10675320630126707,0.7733417486250019,0.8,0.7912827988338191,0.605,,,0.6869911507428434,0.1638921282798834,,,,P_ppi
LUNG_XENIUM,uni_v2,15,masking,A,,unit,4,500,theta2,donor,design,textbook_t|fpc|lin,200,343,0.10696955361183307,0.7724123922059639,0.8,0.791734693877551,0.605,,,0.0,1.0,,,,C_classical
LUNG_XENIUM,uni_v2,15,masking,A,,unit,4,500,theta2,donor,design,textbook_t|fpc|lin|xf,200,343,0.10696955361183307,0.7724123922059639,0.8,0.791734693877551,0.605,,,0.0,1.0,,,,C_classical
LUNG_XENIUM,uni_v2,15,masking,A,,unit,4,500,theta2,donor,design,textbook_t|fpc|lin,200,343,0.10679222508157234,0.7744721485449315,0.8,0.791268221574344,0.595,,,0.8481575216718718,0.11119533527696793,,,,C_ppi
LUNG_XENIUM,uni_v2,15,masking,A,,unit,4,500,theta2,donor,design,textbook_t|fpc|lin|xf,200,343,0.10679222508157234,0.7744721485449315,0.8,0.791268221574344,0.595,,,0.8481575216718718,0.11119533527696793,,,,C_ppi
LUNG_XENIUM,uni_v2,15,masking,A,,unit,4,all,theta3,donor,design,textbook_t|fpc|lin,200,343,0.008714414227433126,1.0992898473847172,0.905,0.8787900874635569,0.56,,,0.0,1.0,,,,r4_classical
LUNG_XENIUM,uni_v2,15,masking,A,,unit,4,all,theta3,donor,design,textbook_t|fpc|lin|xf,200,343,0.008714414227433126,1.0992898473847172,0.905,0.8787900874635569,0.56,,,0.0,1.0,,,,r4_classical
LUNG_XENIUM,uni_v2,15,masking,A,,unit,4,all,theta3,donor,design,textbook_t|fpc|lin,200,343,0.008714414227433126,1.0992898473847172,0.905,0.8787900874635569,0.56,,,0.0,1.0,,,,r4_ppi
LUNG_XENIUM,uni_v2,15,masking,A,,unit,4,all,theta3,donor,design,textbook_t|fpc|lin|xf,200,343,0.008714414227433126,1.0992898473847172,0.905,0.8787900874635569,0.56,,,0.0,1.0,,,,r4_ppi
LUNG_XENIUM,uni_v2,15,masking,A,,unit,4,all,theta3,donor,design,textbook_t|fpc|lin,200,343,0.008714414227433132,1.0992898473847166,0.905,0.8787900874635569,0.56,,,0.0,1.0,,,,P_classical
LUNG_XENIUM,uni_v2,15,masking,A,,unit,4,all,theta3,donor,design,textbook_t|fpc|lin|xf,200,343,0.008714414227433132,1.0992898473847166,0.905,0.8787900874635569,0.56,,,0.0,1.0,,,,P_classical
LUNG_XENIUM,uni_v2,15,masking,A,,unit,4,all,theta3,donor,design,textbook_t|fpc|lin,200,343,0.00871441422743313,1.0992898473847166,0.905,0.8787900874635569,0.56,,,0.9107617529089029,7.28862973760933e-05,,,,P_ppi
LUNG_XENIUM,uni_v2,15,masking,A,,unit,4,all,theta3,donor,design,textbook_t|fpc|lin|xf,200,343,0.00871441422743313,1.0992898473847166,0.905,0.8787900874635569,0.56,,,0.9107617529089029,7.28862973760933e-05,,,,P_ppi
LUNG_XENIUM,uni_v2,15,masking,A,,unit,4,all,theta3,donor,design,textbook_t|fpc|lin,200,343,0.008714414227433106,1.099289847384718,0.905,0.8787900874635569,0.56,,,0.0,1.0,,,,C_classical
LUNG_XENIUM,uni_v2,15,masking,A,,unit,4,all,theta3,donor,design,textbook_t|fpc|lin|xf,200,343,0.008714414227433106,1.099289847384718,0.905,0.8787900874635569,0.56,,,0.0,1.0,,,,C_classical
LUNG_XENIUM,uni_v2,15,masking,A,,unit,4,all,theta3,donor,design,textbook_t|fpc|lin,200,343,0.00871441422743309,1.0992898473847168,0.905,0.8787900874635569,0.56,,,0.9211456700350242,7.28862973760933e-05,,,,C_ppi
LUNG_XENIUM,uni_v2,15,masking,A,,unit,4,all,theta3,donor,design,textbook_t|fpc|lin|xf,200,343,0.00871441422743309,1.0992898473847168,0.905,0.8787900874635569,0.56,,,0.9211456700350242,7.28862973760933e-05,,,,C_ppi
LUNG_XENIUM,uni_v2,15,masking,A,,unit,4,all,theta2,donor,design,textbook_t|fpc|lin,200,343,0.11491121205693108,0.7368296932906795,0.745,0.7403790087463556,0.565,,,0.0,1.0,,,,r4_classical
LUNG_XENIUM,uni_v2,15,masking,A,,unit,4,all,theta2,donor,design,textbook_t|fpc|lin|xf,200,343,0.11491121205693108,0.7368296932906795,0.745,0.7403790087463556,0.565,,,0.0,1.0,,,,r4_classical
LUNG_XENIUM,uni_v2,15,masking,A,,unit,4,all,theta2,donor,design,textbook_t|fpc|lin,200,343,0.11491121205693108,0.7368296932906795,0.745,0.7403790087463556,0.565,,,0.0,1.0,,,,r4_ppi
LUNG_XENIUM,uni_v2,15,masking,A,,unit,4,all,theta2,donor,design,textbook_t|fpc|lin|xf,200,343,0.11491121205693108,0.7368296932906795,0.745,0.7403790087463556,0.565,,,0.0,1.0,,,,r4_ppi
LUNG_XENIUM,uni_v2,15,masking,A,,unit,4,all,theta2,donor,design,textbook_t|fpc|lin,200,343,0.11491121205692895,0.7368296932906707,0.745,0.7403790087463556,0.565,,,0.0,1.0,,,,P_classical
LUNG_XENIUM,uni_v2,15,masking,A,,unit,4,all,theta2,donor,design,textbook_t|fpc|lin|xf,200,343,0.11491121205692895,0.7368296932906707,0.745,0.7403790087463556,0.565,,,0.0,1.0,,,,P_classical
LUNG_XENIUM,uni_v2,15,masking,A,,unit,4,all,theta2,donor,design,textbook_t|fpc|lin,200,343,0.11491121205693001,0.7368296932906783,0.745,0.7403790087463556,0.565,,,0.6462431225811323,0.2146793002915452,,,,P_ppi
LUNG_XENIUM,uni_v2,15,masking,A,,unit,4,all,theta2,donor,design,textbook_t|fpc|lin|xf,200,343,0.11491121205693001,0.7368296932906783,0.745,0.7403790087463556,0.565,,,0.6462431225811323,0.2146793002915452,,,,P_ppi
LUNG_XENIUM,uni_v2,15,masking,A,,unit,4,all,theta2,donor,design,textbook_t|fpc|lin,200,343,0.11491121205693104,0.7368296932906798,0.745,0.7403790087463556,0.565,,,0.0,1.0,,,,C_classical
LUNG_XENIUM,uni_v2,15,masking,A,,unit,4,all,theta2,donor,design,textbook_t|fpc|lin|xf,200,343,0.11491121205693104,0.7368296932906798,0.745,0.7403790087463556,0.565,,,0.0,1.0,,,,C_classical
LUNG_XENIUM,uni_v2,15,masking,A,,unit,4,all,theta2,donor,design,textbook_t|fpc|lin,200,343,0.11491121205693107,0.7368296932906799,0.745,0.7403790087463556,0.565,,,0.829906545266111,0.17103498542274054,,,,C_ppi
LUNG_XENIUM,uni_v2,15,masking,A,,unit,4,all,theta2,donor,design,textbook_t|fpc|lin|xf,200,343,0.11491121205693107,0.7368296932906799,0.745,0.7403790087463556,0.565,,,0.829906545266111,0.17103498542274054,,,,C_ppi
LUNG_XENIUM,uni_v2,15,masking,A,,unit,6,25,theta3,donor,design,textbook_t|fpc|lin,200,343,0.06173235473468281,1.091827970183116,0.945,0.9425218658892127,0.855,,,0.0,1.0,,,,r4_classical
LUNG_XENIUM,uni_v2,15,masking,A,,unit,6,25,theta3,donor,design,textbook_t|fpc|lin|xf,200,343,0.06173235473468281,1.091827970183116,0.945,0.9425218658892127,0.855,,,0.0,1.0,,,,r4_classical
LUNG_XENIUM,uni_v2,15,masking,A,,unit,6,25,theta3,donor,design,textbook_t|fpc|lin,200,343,0.016446093998329955,1.0266877481479058,0.945,0.940743440233236,0.87,,,0.8697116588801315,0.00989795918367347,,,,r4_ppi
LUNG_XENIUM,uni_v2,15,masking,A,,unit,6,25,theta3,donor,design,textbook_t|fpc|lin|xf,200,343,0.016446093998329955,1.0299581455035471,0.945,0.9413119533527697,0.875,,,0.8697116588801315,0.00989795918367347,,,,r4_ppi
LUNG_XENIUM,uni_v2,15,masking,A,,unit,6,25,theta3,donor,design,textbook_t|fpc|lin,200,343,0.028176325367204116,0.9867551808621925,0.94,0.9369679300291545,0.835,,,0.0,1.0,,,,P_classical
LUNG_XENIUM,uni_v2,15,masking,A,,unit,6,25,theta3,donor,design,textbook_t|fpc|lin|xf,200,343,0.028176325367204116,0.9867551808621925,0.94,0.9369679300291545,0.835,,,0.0,1.0,,,,P_classical
LUNG_XENIUM,uni_v2,15,masking,A,,unit,6,25,theta3,donor,design,textbook_t|fpc|lin,200,343,0.014267250104470094,0.9778329440746859,0.935,0.9338338192419825,0.85,,,0.85323955290202,0.00456268221574344,,,,P_ppi
LUNG_XENIUM,uni_v2,15,masking,A,,unit,6,25,theta3,donor,design,textbook_t|fpc|lin|xf,200,343,0.014267250104470094,0.9900054022574735,0.935,0.9353206997084548,0.855,,,0.85323955290202,0.00456268221574344,,,,P_ppi
LUNG_XENIUM,uni_v2,15,masking,A,,unit,6,25,theta3,donor,design,textbook_t|fpc|lin,200,343,0.02272521077930015,1.0161903314564562,0.945,0.9415014577259477,0.84,,,0.0,1.0,,,,C_classical
LUNG_XENIUM,uni_v2,15,masking,A,,unit,6,25,theta3,donor,design,textbook_t|fpc|lin|xf,200,343,0.02272521077930015,1.0161903314564562,0.945,0.9415014577259477,0.84,,,0.0,1.0,,,,C_classical
LUNG_XENIUM,uni_v2,15,masking,A,,unit,6,25,theta3,donor,design,textbook_t|fpc|lin,200,343,0.011512829910329848,0.9727253899162747,0.935,0.9333236151603499,0.845,,,0.8650312156932323,0.004256559766763849,,,,C_ppi
LUNG_XENIUM,uni_v2,15,masking,A,,unit,6,25,theta3,donor,design,textbook_t|fpc|lin|xf,200,343,0.011512829910329848,0.9849845037732308,0.935,0.9348979591836735,0.845,,,0.8650312156932323,0.004256559766763849,,,,C_ppi
LUNG_XENIUM,uni_v2,15,masking,A,,unit,6,25,theta2,donor,design,textbook_t|fpc|lin,200,343,0.08136971741805134,0.9253554514398573,0.915,0.9152186588921283,0.83,,,0.0,1.0,,,,r4_classical
LUNG_XENIUM,uni_v2,15,masking,A,,unit,6,25,theta2,donor,design,textbook_t|fpc|lin|xf,200,343,0.08136971741805134,0.9253554514398573,0.915,0.9152186588921283,0.83,,,0.0,1.0,,,,r4_classical
LUNG_XENIUM,uni_v2,15,masking,A,,unit,6,25,theta2,donor,design,textbook_t|fpc|lin,200,343,0.08114631528711151,0.9270280942935479,0.915,0.915991253644315,0.83,,,0.0,0.9855393586005831,,,,r4_ppi
LUNG_XENIUM,uni_v2,15,masking,A,,unit,6,25,theta2,donor,design,textbook_t|fpc|lin|xf,200,343,0.08114631528711151,0.9271284330522294,0.915,0.9161078717201167,0.83,,,0.0,0.9855393586005831,,,,r4_ppi
LUNG_XENIUM,uni_v2,15,masking,A,,unit,6,25,theta2,donor,design,textbook_t|fpc|lin,200,343,0.08136971741804916,0.9253554514398634,0.915,0.9152186588921283,0.83,,,0.0,1.0,,,,P_classical
LUNG_XENIUM,uni_v2,15,masking,A,,unit,6,25,theta2,donor,design,textbook_t|fpc|lin|xf,200,343,0.08136971741804916,0.9253554514398634,0.915,0.9152186588921283,0.83,,,0.0,1.0,,,,P_classical
LUNG_XENIUM,uni_v2,15,masking,A,,unit,6,25,theta2,donor,design,textbook_t|fpc|lin,200,343,0.07526163106207116,0.9521187222851697,0.915,0.9126676384839649,0.84,,,0.7448783944758168,0.09810495626822158,,,,P_ppi
LUNG_XENIUM,uni_v2,15,masking,A,,unit,6,25,theta2,donor,design,textbook_t|fpc|lin|xf,200,343,0.07526163106207116,0.952183215150081,0.915,0.9127988338192419,0.84,,,0.7448783944758168,0.09810495626822158,,,,P_ppi
LUNG_XENIUM,uni_v2,15,masking,A,,unit,6,25,theta2,donor,design,textbook_t|fpc|lin,200,343,0.08136971741805131,0.9253554514398571,0.915,0.9152186588921283,0.83,,,0.0,1.0,,,,C_classical
LUNG_XENIUM,uni_v2,15,masking,A,,unit,6,25,theta2,donor,design,textbook_t|fpc|lin|xf,200,343,0.08136971741805131,0.9253554514398571,0.915,0.9152186588921283,0.83,,,0.0,1.0,,,,C_classical
LUNG_XENIUM,uni_v2,15,masking,A,,unit,6,25,theta2,donor,design,textbook_t|fpc|lin,200,343,0.07464431061976931,0.9491673269530787,0.91,0.9105685131195337,0.79,,,0.8571432496523359,0.028527696793002915,,,,C_ppi
LUNG_XENIUM,uni_v2,15,masking,A,,unit,6,25,theta2,donor,design,textbook_t|fpc|lin|xf,200,343,0.07464431061976931,0.9496116227379356,0.91,0.9107142857142857,0.79,,,0.8571432496523359,0.028527696793002915,,,,C_ppi
LUNG_XENIUM,uni_v2,15,masking,A,,unit,6,50,theta3,donor,design,textbook_t|fpc|lin,200,343,0.03731516502491729,1.0813180805419396,0.96,0.9510787172011661,0.825,,,0.0,1.0,,,,r4_classical
LUNG_XENIUM,uni_v2,15,masking,A,,unit,6,50,theta3,donor,design,textbook_t|fpc|lin|xf,200,343,0.03731516502491729,1.0813180805419396,0.96,0.9510787172011661,0.825,,,0.0,1.0,,,,r4_classical
LUNG_XENIUM,uni_v2,15,masking,A,,unit,6,50,theta3,donor,design,textbook_t|fpc|lin,200,343,0.0096846278779007,0.9849414174253317,0.935,0.9349271137026239,0.835,,,0.8649784243469208,0.009300291545189505,,,,r4_ppi
LUNG_XENIUM,uni_v2,15,masking,A,,unit,6,50,theta3,donor,design,textbook_t|fpc|lin|xf,200,343,0.0096846278779007,0.9959199558628559,0.935,0.9355247813411078,0.84,,,0.8649784243469208,0.009300291545189505,,,,r4_ppi
LUNG_XENIUM,uni_v2,15,masking,A,,unit,6,50,theta3,donor,design,textbook_t|fpc|lin,200,343,0.014602232003502027,1.0270297325763078,0.93,0.9275510204081632,0.81,,,0.0,1.0,,,,P_classical
LUNG_XENIUM,uni_v2,15,masking,A,,unit,6,50,theta3,donor,design,textbook_t|fpc|lin|xf,200,343,0.014602232003502027,1.0270297325763078,0.93,0.9275510204081632,0.81,,,0.0,1.0,,,,P_classical
LUNG_XENIUM,uni_v2,15,masking,A,,unit,6,50,theta3,donor,design,textbook_t|fpc|lin,200,343,0.008123268129600413,0.9606450638080491,0.925,0.9245043731778426,0.835,,,0.8686959424355252,0.002215743440233236,,,,P_ppi
LUNG_XENIUM,uni_v2,15,masking,A,,unit,6,50,theta3,donor,design,textbook_t|fpc|lin|xf,200,343,0.008123268129600413,0.9772782350649438,0.93,0.9269970845481049,0.835,,,0.8686959424355252,0.002215743440233236,,,,P_ppi
LUNG_XENIUM,uni_v2,15,masking,A,,unit,6,50,theta3,donor,design,textbook_t|fpc|lin,200,343,0.012334949250134057,1.0312152638545962,0.925,0.9221865889212828,0.775,,,0.0,1.0,,,,C_classical
LUNG_XENIUM,uni_v2,15,masking,A,,unit,6,50,theta3,donor,design,textbook_t|fpc|lin|xf,200,343,0.012334949250134057,1.0312152638545962,0.925,0.9221865889212828,0.775,,,0.0,1.0,,,,C_classical
LUNG_XENIUM,uni_v2,15,masking,A,,unit,6,50,theta3,donor,design,textbook_t|fpc|lin,200,343,0.006813383223071184,0.9436706451601848,0.925,0.9215743440233237,0.805,,,0.8810858840555902,0.0020262390670553938,,,,C_ppi
LUNG_XENIUM,uni_v2,15,masking,A,,unit,6,50,theta3,donor,design,textbook_t|fpc|lin|xf,200,343,0.006813383223071184,0.9641501895875287,0.93,0.9237172011661808,0.825,,,0.8810858840555902,0.0020262390670553938,,,,C_ppi
LUNG_XENIUM,uni_v2,15,masking,A,,unit,6,50,theta2,donor,design,textbook_t|fpc|lin,200,343,0.06399470743247625,0.8890672758239306,0.91,0.9025218658892128,0.665,,,0.0,1.0,,,,r4_classical
LUNG_XENIUM,uni_v2,15,masking,A,,unit,6,50,theta2,donor,design,textbook_t|fpc|lin|xf,200,343,0.06399470743247625,0.8890672758239306,0.91,0.9025218658892128,0.665,,,0.0,1.0,,,,r4_classical
LUNG_XENIUM,uni_v2,15,masking,A,,unit,6,50,theta2,donor,design,textbook_t|fpc|lin,200,343,0.06391285036301657,0.883062239589132,0.91,0.9017930029154518,0.665,,,0.0,0.9810932944606414,,,,r4_ppi
LUNG_XENIUM,uni_v2,15,masking,A,,unit,6,50,theta2,donor,design,textbook_t|fpc|lin|xf,200,343,0.06391285036301657,0.8841548975754552,0.91,0.9020845481049562,0.665,,,0.0,0.9810932944606414,,,,r4_ppi
LUNG_XENIUM,uni_v2,15,masking,A,,unit,6,50,theta2,donor,design,textbook_t|fpc|lin,200,343,0.06399470743247532,0.8890672758239221,0.91,0.9025218658892128,0.665,,,0.0,1.0,,,,P_classical
LUNG_XENIUM,uni_v2,15,masking,A,,unit,6,50,theta2,donor,design,textbook_t|fpc|lin|xf,200,343,0.06399470743247532,0.8890672758239221,0.91,0.9025218658892128,0.665,,,0.0,1.0,,,,P_classical
LUNG_XENIUM,uni_v2,15,masking,A,,unit,6,50,theta2,donor,design,textbook_t|fpc|lin,200,343,0.06368472428059092,0.9027384015982651,0.9,0.8975364431486881,0.64,,,0.7469812503670572,0.07470845481049562,,,,P_ppi
LUNG_XENIUM,uni_v2,15,masking,A,,unit,6,50,theta2,donor,design,textbook_t|fpc|lin|xf,200,343,0.06368472428059092,0.904398545888718,0.905,0.8977551020408162,0.64,,,0.7469812503670572,0.07470845481049562,,,,P_ppi
LUNG_XENIUM,uni_v2,15,masking,A,,unit,6,50,theta2,donor,design,textbook_t|fpc|lin,200,343,0.06399470743247627,0.8890672758239305,0.91,0.9025218658892128,0.665,,,0.0,1.0,,,,C_classical
LUNG_XENIUM,uni_v2,15,masking,A,,unit,6,50,theta2,donor,design,textbook_t|fpc|lin|xf,200,343,0.06399470743247627,0.8890672758239305,0.91,0.9025218658892128,0.665,,,0.0,1.0,,,,C_classical
LUNG_XENIUM,uni_v2,15,masking,A,,unit,6,50,theta2,donor,design,textbook_t|fpc|lin,200,343,0.06302361436002596,0.9119975314678392,0.9,0.8963119533527695,0.595,,,0.8662659914753625,0.012419825072886297,,,,C_ppi
LUNG_XENIUM,uni_v2,15,masking,A,,unit,6,50,theta2,donor,design,textbook_t|fpc|lin|xf,200,343,0.06302361436002596,0.9127363324869926,0.9,0.8966909620991254,0.595,,,0.8662659914753625,0.012419825072886297,,,,C_ppi
LUNG_XENIUM,uni_v2,15,masking,A,,unit,6,100,theta3,donor,design,textbook_t|fpc|lin,200,343,0.021364729920709206,0.9231385737512272,0.93,0.9310787172011662,0.855,,,0.0,1.0,,,,r4_classical
LUNG_XENIUM,uni_v2,15,masking,A,,unit,6,100,theta3,donor,design,textbook_t|fpc|lin|xf,200,343,0.021364729920709206,0.9231385737512272,0.93,0.9310787172011662,0.855,,,0.0,1.0,,,,r4_classical
LUNG_XENIUM,uni_v2,15,masking,A,,unit,6,100,theta3,donor,design,textbook_t|fpc|lin,200,343,0.005467272768935966,1.0532361487810127,0.93,0.931209912536443,0.855,,,0.851581922385959,0.01021865889212828,,,,r4_ppi
LUNG_XENIUM,uni_v2,15,masking,A,,unit,6,100,theta3,donor,design,textbook_t|fpc|lin|xf,200,343,0.005467272768935966,1.06611702074184,0.935,0.9326384839650145,0.855,,,0.851581922385959,0.01021865889212828,,,,r4_ppi
LUNG_XENIUM,uni_v2,15,masking,A,,unit,6,100,theta3,donor,design,textbook_t|fpc|lin,200,343,0.009216024112691484,1.1052256384289663,0.93,0.9260495626822157,0.82,,,0.0,1.0,,,,P_classical
LUNG_XENIUM,uni_v2,15,masking,A,,unit,6,100,theta3,donor,design,textbook_t|fpc|lin|xf,200,343,0.009216024112691484,1.1052256384289663,0.93,0.9260495626822157,0.82,,,0.0,1.0,,,,P_classical
LUNG_XENIUM,uni_v2,15,masking,A,,unit,6,100,theta3,donor,design,textbook_t|fpc|lin,200,343,0.0048207384352856935,1.0100351728685955,0.92,0.9177842565597668,0.83,,,0.885028630949519,0.0009183673469387755,,,,P_ppi
LUNG_XENIUM,uni_v2,15,masking,A,,unit,6,100,theta3,donor,design,textbook_t|fpc|lin|xf,200,343,0.0048207384352856935,1.034375225317816,0.925,0.9203790087463557,0.83,,,0.885028630949519,0.0009183673469387755,,,,P_ppi
LUNG_XENIUM,uni_v2,15,masking,A,,unit,6,100,theta3,donor,design,textbook_t|fpc|lin,200,343,0.008141987121009027,1.0871329687745073,0.925,0.9229008746355686,0.82,,,0.0,1.0,,,,C_classical
LUNG_XENIUM,uni_v2,15,masking,A,,unit,6,100,theta3,donor,design,textbook_t|fpc|lin|xf,200,343,0.008141987121009027,1.0871329687745073,0.925,0.9229008746355686,0.82,,,0.0,1.0,,,,C_classical
LUNG_XENIUM,uni_v2,15,masking,A,,unit,6,100,theta3,donor,design,textbook_t|fpc|lin,200,343,0.004253146422195383,0.9904838570756315,0.915,0.9111078717201166,0.805,,,0.8949786311217043,0.0008746355685131195,,,,C_ppi
LUNG_XENIUM,uni_v2,15,masking,A,,unit,6,100,theta3,donor,design,textbook_t|fpc|lin|xf,200,343,0.004253146422195383,1.020459441690254,0.92,0.9146501457725948,0.805,,,0.8949786311217043,0.0008746355685131195,,,,C_ppi
LUNG_XENIUM,uni_v2,15,masking,A,,unit,6,100,theta2,donor,design,textbook_t|fpc|lin,200,343,0.05893470471763734,1.0172633867377565,0.91,0.9030029154518951,0.68,,,0.0,1.0,,,,r4_classical
LUNG_XENIUM,uni_v2,15,masking,A,,unit,6,100,theta2,donor,design,textbook_t|fpc|lin|xf,200,343,0.05893470471763734,1.0172633867377565,0.91,0.9030029154518951,0.68,,,0.0,1.0,,,,r4_classical
LUNG_XENIUM,uni_v2,15,masking,A,,unit,6,100,theta2,donor,design,textbook_t|fpc|lin,200,343,0.058901891611404904,1.0170186920355344,0.91,0.9027842565597667,0.68,,,0.0,0.9951311953352769,,,,r4_ppi
LUNG_XENIUM,uni_v2,15,masking,A,,unit,6,100,theta2,donor,design,textbook_t|fpc|lin|xf,200,343,0.058901891611404904,1.0170186920355344,0.91,0.9028571428571429,0.68,,,0.0,0.9951311953352769,,,,r4_ppi
LUNG_XENIUM,uni_v2,15,masking,A,,unit,6,100,theta2,donor,design,textbook_t|fpc|lin,200,343,0.058934704717632846,1.017263386737762,0.91,0.9030029154518951,0.68,,,0.0,1.0,,,,P_classical
LUNG_XENIUM,uni_v2,15,masking,A,,unit,6,100,theta2,donor,design,textbook_t|fpc|lin|xf,200,343,0.058934704717632846,1.017263386737762,0.91,0.9030029154518951,0.68,,,0.0,1.0,,,,P_classical
LUNG_XENIUM,uni_v2,15,masking,A,,unit,6,100,theta2,donor,design,textbook_t|fpc|lin,200,343,0.05729928698831748,1.0196775003285092,0.905,0.899985422740525,0.66,,,0.7443917012853551,0.07486880466472304,,,,P_ppi
LUNG_XENIUM,uni_v2,15,masking,A,,unit,6,100,theta2,donor,design,textbook_t|fpc|lin|xf,200,343,0.05729928698831748,1.0196775003285092,0.905,0.900058309037901,0.66,,,0.7443917012853551,0.07486880466472304,,,,P_ppi
LUNG_XENIUM,uni_v2,15,masking,A,,unit,6,100,theta2,donor,design,textbook_t|fpc|lin,200,343,0.05893470471763729,1.017263386737756,0.91,0.9030029154518951,0.68,,,0.0,1.0,,,,C_classical
LUNG_XENIUM,uni_v2,15,masking,A,,unit,6,100,theta2,donor,design,textbook_t|fpc|lin|xf,200,343,0.05893470471763729,1.017263386737756,0.91,0.9030029154518951,0.68,,,0.0,1.0,,,,C_classical
LUNG_XENIUM,uni_v2,15,masking,A,,unit,6,100,theta2,donor,design,textbook_t|fpc|lin,200,343,0.057479026735486875,1.0165953087777744,0.905,0.8992711370262392,0.645,,,0.8756754627238926,0.018163265306122448,,,,C_ppi
LUNG_XENIUM,uni_v2,15,masking,A,,unit,6,100,theta2,donor,design,textbook_t|fpc|lin|xf,200,343,0.057479026735486875,1.0165953087777744,0.905,0.8993440233236152,0.645,,,0.8756754627238926,0.018163265306122448,,,,C_ppi
LUNG_XENIUM,uni_v2,15,masking,A,,unit,6,200,theta3,donor,design,textbook_t|fpc|lin,200,343,0.011158875125658038,1.0465754115081884,0.93,0.9272448979591835,0.78,,,0.0,1.0,,,,r4_classical
LUNG_XENIUM,uni_v2,15,masking,A,,unit,6,200,theta3,donor,design,textbook_t|fpc|lin|xf,200,343,0.011158875125658038,1.0465754115081884,0.93,0.9272448979591835,0.78,,,0.0,1.0,,,,r4_classical
LUNG_XENIUM,uni_v2,15,masking,A,,unit,6,200,theta3,donor,design,textbook_t|fpc|lin,200,343,0.003548397483276986,0.964959503471546,0.915,0.9103061224489797,0.81,,,0.8420983381676374,0.012653061224489797,,,,r4_ppi
LUNG_XENIUM,uni_v2,15,masking,A,,unit,6,200,theta3,donor,design,textbook_t|fpc|lin|xf,200,343,0.003548397483276986,0.9916825950471033,0.915,0.9126822157434404,0.815,,,0.8420983381676374,0.012653061224489797,,,,r4_ppi
LUNG_XENIUM,uni_v2,15,masking,A,,unit,6,200,theta3,donor,design,textbook_t|fpc|lin,200,343,0.00627792828279395,1.0684287324140016,0.905,0.8995335276967928,0.73,,,0.0,1.0,,,,P_classical
LUNG_XENIUM,uni_v2,15,masking,A,,unit,6,200,theta3,donor,design,textbook_t|fpc|lin|xf,200,343,0.00627792828279395,1.0684287324140016,0.905,0.8995335276967928,0.73,,,0.0,1.0,,,,P_classical
LUNG_XENIUM,uni_v2,15,masking,A,,unit,6,200,theta3,donor,design,textbook_t|fpc|lin,200,343,0.0034056113623747966,0.9529915283323026,0.905,0.8944752186588921,0.73,,,0.8993126734637515,0.0004664723032069971,,,,P_ppi
LUNG_XENIUM,uni_v2,15,masking,A,,unit,6,200,theta3,donor,design,textbook_t|fpc|lin|xf,200,343,0.0034056113623747966,0.9843649223876421,0.91,0.8985568513119533,0.73,,,0.8993126734637515,0.0004664723032069971,,,,P_ppi
LUNG_XENIUM,uni_v2,15,masking,A,,unit,6,200,theta3,donor,design,textbook_t|fpc|lin,200,343,0.005969967443696113,1.0644240119993895,0.91,0.8989504373177843,0.73,,,0.0,1.0,,,,C_classical
LUNG_XENIUM,uni_v2,15,masking,A,,unit,6,200,theta3,donor,design,textbook_t|fpc|lin|xf,200,343,0.005969967443696113,1.0644240119993895,0.91,0.8989504373177843,0.73,,,0.0,1.0,,,,C_classical
LUNG_XENIUM,uni_v2,15,masking,A,,unit,6,200,theta3,donor,design,textbook_t|fpc|lin,200,343,0.0030690320432936223,0.9509925406744013,0.9,0.8891690962099126,0.705,,,0.9105151958375266,0.00040816326530612246,,,,C_ppi
LUNG_XENIUM,uni_v2,15,masking,A,,unit,6,200,theta3,donor,design,textbook_t|fpc|lin|xf,200,343,0.0030690320432936223,0.983838396177746,0.905,0.8937463556851312,0.705,,,0.9105151958375266,0.00040816326530612246,,,,C_ppi
LUNG_XENIUM,uni_v2,15,masking,A,,unit,6,200,theta2,donor,design,textbook_t|fpc|lin,200,343,0.06152781043757626,0.9634620890869012,0.89,0.888265306122449,0.625,,,0.0,1.0,,,,r4_classical
LUNG_XENIUM,uni_v2,15,masking,A,,unit,6,200,theta2,donor,design,textbook_t|fpc|lin|xf,200,343,0.06152781043757626,0.9634620890869012,0.89,0.888265306122449,0.625,,,0.0,1.0,,,,r4_classical
LUNG_XENIUM,uni_v2,15,masking,A,,unit,6,200,theta2,donor,design,textbook_t|fpc|lin,200,343,0.061046887775817744,0.9639184805748372,0.895,0.888134110787172,0.625,,,0.0,0.9807434402332361,,,,r4_ppi
LUNG_XENIUM,uni_v2,15,masking,A,,unit,6,200,theta2,donor,design,textbook_t|fpc|lin|xf,200,343,0.061046887775817744,0.9649378700007896,0.895,0.8884985422740524,0.625,,,0.0,0.9807434402332361,,,,r4_ppi
LUNG_XENIUM,uni_v2,15,masking,A,,unit,6,200,theta2,donor,design,textbook_t|fpc|lin,200,343,0.0615278104375745,0.9634620890869017,0.89,0.888265306122449,0.625,,,0.0,1.0,,,,P_classical
LUNG_XENIUM,uni_v2,15,masking,A,,unit,6,200,theta2,donor,design,textbook_t|fpc|lin|xf,200,343,0.0615278104375745,0.9634620890869017,0.89,0.888265306122449,0.625,,,0.0,1.0,,,,P_classical
LUNG_XENIUM,uni_v2,15,masking,A,,unit,6,200,theta2,donor,design,textbook_t|fpc|lin,200,343,0.06075224455922999,0.9623262064969016,0.89,0.8866472303206997,0.61,,,0.7561179192091941,0.08696793002915452,,,,P_ppi
LUNG_XENIUM,uni_v2,15,masking,A,,unit,6,200,theta2,donor,design,textbook_t|fpc|lin|xf,200,343,0.06075224455922999,0.9626045866063373,0.89,0.8869533527696793,0.61,,,0.7561179192091941,0.08696793002915452,,,,P_ppi
LUNG_XENIUM,uni_v2,15,masking,A,,unit,6,200,theta2,donor,design,textbook_t|fpc|lin,200,343,0.0615278104375763,0.9634620890869011,0.89,0.888265306122449,0.625,,,0.0,1.0,,,,C_classical
LUNG_XENIUM,uni_v2,15,masking,A,,unit,6,200,theta2,donor,design,textbook_t|fpc|lin|xf,200,343,0.0615278104375763,0.9634620890869011,0.89,0.888265306122449,0.625,,,0.0,1.0,,,,C_classical
LUNG_XENIUM,uni_v2,15,masking,A,,unit,6,200,theta2,donor,design,textbook_t|fpc|lin,200,343,0.060591169723932234,0.961474347869504,0.89,0.8867201166180757,0.595,,,0.875155649315519,0.017099125364431488,,,,C_ppi
LUNG_XENIUM,uni_v2,15,masking,A,,unit,6,200,theta2,donor,design,textbook_t|fpc|lin|xf,200,343,0.060591169723932234,0.96207772156041,0.89,0.8870553935860058,0.595,,,0.875155649315519,0.017099125364431488,,,,C_ppi
LUNG_XENIUM,uni_v2,15,masking,A,,unit,6,500,theta3,donor,design,textbook_t|fpc|lin,200,343,0.005977740128322782,1.0249646180716294,0.895,0.8939941690962099,0.76,,,0.0,1.0,,,,r4_classical
LUNG_XENIUM,uni_v2,15,masking,A,,unit,6,500,theta3,donor,design,textbook_t|fpc|lin|xf,200,343,0.005977740128322782,1.0249646180716294,0.895,0.8939941690962099,0.76,,,0.0,1.0,,,,r4_classical
LUNG_XENIUM,uni_v2,15,masking,A,,unit,6,500,theta3,donor,design,textbook_t|fpc|lin,200,343,0.002256083939226368,0.959637559082557,0.885,0.8767201166180759,0.685,,,0.8240928871207756,0.013848396501457727,,,,r4_ppi
LUNG_XENIUM,uni_v2,15,masking,A,,unit,6,500,theta3,donor,design,textbook_t|fpc|lin|xf,200,343,0.002256083939226368,0.991362537208648,0.89,0.8812390670553936,0.685,,,0.8240928871207756,0.013848396501457727,,,,r4_ppi
LUNG_XENIUM,uni_v2,15,masking,A,,unit,6,500,theta3,donor,design,textbook_t|fpc|lin,200,343,0.004606783298341092,1.0816307056885954,0.89,0.8620991253644315,0.635,,,0.0,1.0,,,,P_classical
LUNG_XENIUM,uni_v2,15,masking,A,,unit,6,500,theta3,donor,design,textbook_t|fpc|lin|xf,200,343,0.004606783298341092,1.0816307056885954,0.89,0.8620991253644315,0.635,,,0.0,1.0,,,,P_classical
LUNG_XENIUM,uni_v2,15,masking,A,,unit,6,500,theta3,donor,design,textbook_t|fpc|lin,200,343,0.00232752022598627,0.9567589483424503,0.875,0.8579008746355685,0.645,,,0.9127513457852736,0.0001749271137026239,,,,P_ppi
LUNG_XENIUM,uni_v2,15,masking,A,,unit,6,500,theta3,donor,design,textbook_t|fpc|lin|xf,200,343,0.00232752022598627,0.9925394910733426,0.88,0.8645626822157433,0.645,,,0.9127513457852736,0.0001749271137026239,,,,P_ppi
LUNG_XENIUM,uni_v2,15,masking,A,,unit,6,500,theta3,donor,design,textbook_t|fpc|lin,200,343,0.004593693425601975,1.065685030831483,0.89,0.8607725947521866,0.635,,,0.0,1.0,,,,C_classical
LUNG_XENIUM,uni_v2,15,masking,A,,unit,6,500,theta3,donor,design,textbook_t|fpc|lin|xf,200,343,0.004593693425601975,1.065685030831483,0.89,0.8607725947521866,0.635,,,0.0,1.0,,,,C_classical
LUNG_XENIUM,uni_v2,15,masking,A,,unit,6,500,theta3,donor,design,textbook_t|fpc|lin,200,343,0.002228754153562271,0.947718996965517,0.875,0.8544897959183675,0.64,,,0.9248112243540587,0.00011661807580174928,,,,C_ppi
LUNG_XENIUM,uni_v2,15,masking,A,,unit,6,500,theta3,donor,design,textbook_t|fpc|lin|xf,200,343,0.002228754153562271,0.9877069273755338,0.88,0.8609183673469386,0.64,,,0.9248112243540587,0.00011661807580174928,,,,C_ppi
LUNG_XENIUM,uni_v2,15,masking,A,,unit,6,500,theta2,donor,design,textbook_t|fpc|lin,200,343,0.05801995604805817,0.952418050596641,0.9,0.8908600583090379,0.545,,,0.0,1.0,,,,r4_classical
LUNG_XENIUM,uni_v2,15,masking,A,,unit,6,500,theta2,donor,design,textbook_t|fpc|lin|xf,200,343,0.05801995604805817,0.952418050596641,0.9,0.8908600583090379,0.545,,,0.0,1.0,,,,r4_classical
LUNG_XENIUM,uni_v2,15,masking,A,,unit,6,500,theta2,donor,design,textbook_t|fpc|lin,200,343,0.058026594343687746,0.952852685112373,0.9,0.8909912536443149,0.545,,,0.0,0.9903498542274053,,,,r4_ppi
LUNG_XENIUM,uni_v2,15,masking,A,,unit,6,500,theta2,donor,design,textbook_t|fpc|lin|xf,200,343,0.058026594343687746,0.9528818808566387,0.9,0.8911078717201165,0.545,,,0.0,0.9903498542274053,,,,r4_ppi
LUNG_XENIUM,uni_v2,15,masking,A,,unit,6,500,theta2,donor,design,textbook_t|fpc|lin,200,343,0.05801995604805834,0.9524180505966342,0.9,0.8908600583090379,0.545,,,0.0,1.0,,,,P_classical
LUNG_XENIUM,uni_v2,15,masking,A,,unit,6,500,theta2,donor,design,textbook_t|fpc|lin|xf,200,343,0.05801995604805834,0.9524180505966342,0.9,0.8908600583090379,0.545,,,0.0,1.0,,,,P_classical
LUNG_XENIUM,uni_v2,15,masking,A,,unit,6,500,theta2,donor,design,textbook_t|fpc|lin,200,343,0.0579557154655202,0.9512115616358844,0.9,0.8900874635568513,0.535,,,0.75460836969464,0.0810204081632653,,,,P_ppi
LUNG_XENIUM,uni_v2,15,masking,A,,unit,6,500,theta2,donor,design,textbook_t|fpc|lin|xf,200,343,0.0579557154655202,0.9512143270470148,0.9,0.8901895043731779,0.535,,,0.75460836969464,0.0810204081632653,,,,P_ppi
LUNG_XENIUM,uni_v2,15,masking,A,,unit,6,500,theta2,donor,design,textbook_t|fpc|lin,200,343,0.05801995604805819,0.9524180505966411,0.9,0.8908600583090379,0.545,,,0.0,1.0,,,,C_classical
LUNG_XENIUM,uni_v2,15,masking,A,,unit,6,500,theta2,donor,design,textbook_t|fpc|lin|xf,200,343,0.05801995604805819,0.9524180505966411,0.9,0.8908600583090379,0.545,,,0.0,1.0,,,,C_classical
LUNG_XENIUM,uni_v2,15,masking,A,,unit,6,500,theta2,donor,design,textbook_t|fpc|lin,200,343,0.05773064191616618,0.9521627168448089,0.9,0.8894314868804666,0.535,,,0.8801711588696534,0.010962099125364432,,,,C_ppi
LUNG_XENIUM,uni_v2,15,masking,A,,unit,6,500,theta2,donor,design,textbook_t|fpc|lin|xf,200,343,0.05773064191616618,0.95243570609101,0.9,0.8896209912536442,0.535,,,0.8801711588696534,0.010962099125364432,,,,C_ppi
LUNG_XENIUM,uni_v2,15,masking,A,,unit,6,all,theta3,donor,design,textbook_t|fpc|lin,200,343,0.005321184220157404,1.001682241537631,0.88,0.8554664723032068,0.685,,,0.0,1.0,,,,r4_classical
LUNG_XENIUM,uni_v2,15,masking,A,,unit,6,all,theta3,donor,design,textbook_t|fpc|lin|xf,200,343,0.005321184220157404,1.001682241537631,0.88,0.8554664723032068,0.685,,,0.0,1.0,,,,r4_classical
LUNG_XENIUM,uni_v2,15,masking,A,,unit,6,all,theta3,donor,design,textbook_t|fpc|lin,200,343,0.0023193018658899107,0.9497328771607169,0.875,0.8577405247813411,0.66,,,0.7934664622980427,0.017172011661807582,,,,r4_ppi
LUNG_XENIUM,uni_v2,15,masking,A,,unit,6,all,theta3,donor,design,textbook_t|fpc|lin|xf,200,343,0.0023193018658899107,0.9908167370960896,0.885,0.864125364431487,0.66,,,0.7934664622980427,0.017172011661807582,,,,r4_ppi
LUNG_XENIUM,uni_v2,15,masking,A,,unit,6,all,theta3,donor,design,textbook_t|fpc|lin,200,343,0.0053211842201574015,1.0016822415376305,0.88,0.8554664723032068,0.685,,,0.0,1.0,,,,P_classical
LUNG_XENIUM,uni_v2,15,masking,A,,unit,6,all,theta3,donor,design,textbook_t|fpc|lin|xf,200,343,0.0053211842201574015,1.0016822415376305,0.88,0.8554664723032068,0.685,,,0.0,1.0,,,,P_classical
LUNG_XENIUM,uni_v2,15,masking,A,,unit,6,all,theta3,donor,design,textbook_t|fpc|lin,200,343,0.0023193018658899116,0.9497328771607171,0.875,0.8577405247813411,0.66,,,0.9183715050900539,4.373177842565598e-05,,,,P_ppi
LUNG_XENIUM,uni_v2,15,masking,A,,unit,6,all,theta3,donor,design,textbook_t|fpc|lin|xf,200,343,0.0023193018658899116,0.9908167370960915,0.885,0.864125364431487,0.66,,,0.9183715050900539,4.373177842565598e-05,,,,P_ppi
LUNG_XENIUM,uni_v2,15,masking,A,,unit,6,all,theta3,donor,design,textbook_t|fpc|lin,200,343,0.005321184220157407,1.0016822415376303,0.88,0.8554664723032068,0.685,,,0.0,1.0,,,,C_classical
LUNG_XENIUM,uni_v2,15,masking,A,,unit,6,all,theta3,donor,design,textbook_t|fpc|lin|xf,200,343,0.005321184220157407,1.0016822415376303,0.88,0.8554664723032068,0.685,,,0.0,1.0,,,,C_classical
LUNG_XENIUM,uni_v2,15,masking,A,,unit,6,all,theta3,donor,design,textbook_t|fpc|lin,200,343,0.0023193018658899103,0.9497328771607121,0.875,0.8577405247813411,0.66,,,0.9314304039563377,2.915451895043732e-05,,,,C_ppi
LUNG_XENIUM,uni_v2,15,masking,A,,unit,6,all,theta3,donor,design,textbook_t|fpc|lin|xf,200,343,0.0023193018658899103,0.9908167370960835,0.885,0.864125364431487,0.66,,,0.9314304039563377,2.915451895043732e-05,,,,C_ppi
LUNG_XENIUM,uni_v2,15,masking,A,,unit,6,all,theta2,donor,design,textbook_t|fpc|lin,200,343,0.0598848513236651,1.0188406916960269,0.895,0.8896209912536445,0.585,,,0.0,1.0,,,,r4_classical
LUNG_XENIUM,uni_v2,15,masking,A,,unit,6,all,theta2,donor,design,textbook_t|fpc|lin|xf,200,343,0.0598848513236651,1.0188406916960269,0.895,0.8896209912536445,0.585,,,0.0,1.0,,,,r4_classical
LUNG_XENIUM,uni_v2,15,masking,A,,unit,6,all,theta2,donor,design,textbook_t|fpc|lin,200,343,0.05984328587047493,1.0167727476935762,0.895,0.8890816326530614,0.585,,,0.0,0.9855685131195335,,,,r4_ppi
LUNG_XENIUM,uni_v2,15,masking,A,,unit,6,all,theta2,donor,design,textbook_t|fpc|lin|xf,200,343,0.05984328587047493,1.0170167580260978,0.895,0.8892419825072888,0.585,,,0.0,0.9855685131195335,,,,r4_ppi
LUNG_XENIUM,uni_v2,15,masking,A,,unit,6,all,theta2,donor,design,textbook_t|fpc|lin,200,343,0.05988485132366456,1.0188406916960187,0.895,0.8896209912536445,0.585,,,0.0,1.0,,,,P_classical
LUNG_XENIUM,uni_v2,15,masking,A,,unit,6,all,theta2,donor,design,textbook_t|fpc|lin|xf,200,343,0.05988485132366456,1.0188406916960187,0.895,0.8896209912536445,0.585,,,0.0,1.0,,,,P_classical
LUNG_XENIUM,uni_v2,15,masking,A,,unit,6,all,theta2,donor,design,textbook_t|fpc|lin,200,343,0.05984328587047496,1.0167727476936124,0.895,0.8890816326530614,0.585,,,0.757507775551667,0.08208454810495627,,,,P_ppi
LUNG_XENIUM,uni_v2,15,masking,A,,unit,6,all,theta2,donor,design,textbook_t|fpc|lin|xf,200,343,0.05984328587047496,1.0170167580260927,0.895,0.8892419825072888,0.585,,,0.757507775551667,0.08208454810495627,,,,P_ppi
LUNG_XENIUM,uni_v2,15,masking,A,,unit,6,all,theta2,donor,design,textbook_t|fpc|lin,200,343,0.05988485132366506,1.0188406916960269,0.895,0.8896209912536445,0.585,,,0.0,1.0,,,,C_classical
LUNG_XENIUM,uni_v2,15,masking,A,,unit,6,all,theta2,donor,design,textbook_t|fpc|lin|xf,200,343,0.05988485132366506,1.0188406916960269,0.895,0.8896209912536445,0.585,,,0.0,1.0,,,,C_classical
LUNG_XENIUM,uni_v2,15,masking,A,,unit,6,all,theta2,donor,design,textbook_t|fpc|lin,200,343,0.05984328587047494,1.0167727476935775,0.895,0.8890816326530614,0.585,,,0.8810709422407933,0.010932944606413994,,,,C_ppi
LUNG_XENIUM,uni_v2,15,masking,A,,unit,6,all,theta2,donor,design,textbook_t|fpc|lin|xf,200,343,0.05984328587047494,1.0170167580260991,0.895,0.8892419825072888,0.585,,,0.8810709422407933,0.010932944606413994,,,,C_ppi
LUNG_XENIUM,uni_v2,15,masking,A,,unit,8,25,theta3,donor,design,textbook_t|fpc|lin,200,343,0.04994469260365381,1.0286722015169847,0.94,0.936122448979592,0.855,,,0.0,1.0,,,,r4_classical
LUNG_XENIUM,uni_v2,15,masking,A,,unit,8,25,theta3,donor,design,textbook_t|fpc|lin|xf,200,343,0.04994469260365381,1.0286722015169847,0.94,0.936122448979592,0.855,,,0.0,1.0,,,,r4_classical
LUNG_XENIUM,uni_v2,15,masking,A,,unit,8,25,theta3,donor,design,textbook_t|fpc|lin,200,343,0.010469381010323348,0.9705369204496623,0.925,0.9249125364431487,0.87,,,0.8918523411664526,0.005043731778425656,,,,r4_ppi
LUNG_XENIUM,uni_v2,15,masking,A,,unit,8,25,theta3,donor,design,textbook_t|fpc|lin|xf,200,343,0.010469381010323348,0.9769957141771105,0.925,0.9254081632653062,0.87,,,0.8918523411664526,0.005043731778425656,,,,r4_ppi
LUNG_XENIUM,uni_v2,15,masking,A,,unit,8,25,theta3,donor,design,textbook_t|fpc|lin,200,343,0.017231749113090583,0.9887099355877295,0.92,0.9159037900874637,0.82,,,0.0,1.0,,,,P_classical
LUNG_XENIUM,uni_v2,15,masking,A,,unit,8,25,theta3,donor,design,textbook_t|fpc|lin|xf,200,343,0.017231749113090583,0.9887099355877295,0.92,0.9159037900874637,0.82,,,0.0,1.0,,,,P_classical
LUNG_XENIUM,uni_v2,15,masking,A,,unit,8,25,theta3,donor,design,textbook_t|fpc|lin,200,343,0.009524378538417496,0.9222449483236197,0.92,0.9161661807580175,0.84,,,0.8561528873195534,0.0039067055393586,,,,P_ppi
LUNG_XENIUM,uni_v2,15,masking,A,,unit,8,25,theta3,donor,design,textbook_t|fpc|lin|xf,200,343,0.009524378538417496,0.9373465278755448,0.92,0.9184256559766764,0.84,,,0.8561528873195534,0.0039067055393586,,,,P_ppi
LUNG_XENIUM,uni_v2,15,masking,A,,unit,8,25,theta3,donor,design,textbook_t|fpc|lin,200,343,0.013621310394079373,1.0330285641365502,0.925,0.9210495626822156,0.84,,,0.0,1.0,,,,C_classical
LUNG_XENIUM,uni_v2,15,masking,A,,unit,8,25,theta3,donor,design,textbook_t|fpc|lin|xf,200,343,0.013621310394079373,1.0330285641365502,0.925,0.9210495626822156,0.84,,,0.0,1.0,,,,C_classical
LUNG_XENIUM,uni_v2,15,masking,A,,unit,8,25,theta3,donor,design,textbook_t|fpc|lin,200,343,0.00767819363574277,0.9465330654086164,0.92,0.9199562682215742,0.825,,,0.8674983965118717,0.0033673469387755102,,,,C_ppi
LUNG_XENIUM,uni_v2,15,masking,A,,unit,8,25,theta3,donor,design,textbook_t|fpc|lin|xf,200,343,0.00767819363574277,0.9641719901575829,0.925,0.9228717201166181,0.825,,,0.8674983965118717,0.0033673469387755102,,,,C_ppi
LUNG_XENIUM,uni_v2,15,masking,A,,unit,8,25,theta2,donor,design,textbook_t|fpc|lin,200,343,0.044595284085087464,1.0256536195787016,0.935,0.9326384839650145,0.845,,,0.0,1.0,,,,r4_classical
LUNG_XENIUM,uni_v2,15,masking,A,,unit,8,25,theta2,donor,design,textbook_t|fpc|lin|xf,200,343,0.044595284085087464,1.0256536195787016,0.935,0.9326384839650145,0.845,,,0.0,1.0,,,,r4_classical
LUNG_XENIUM,uni_v2,15,masking,A,,unit,8,25,theta2,donor,design,textbook_t|fpc|lin,200,343,0.041694873912767424,1.0093041395980347,0.93,0.9263556851311954,0.845,,,0.0,0.7429591836734694,,,,r4_ppi
LUNG_XENIUM,uni_v2,15,masking,A,,unit,8,25,theta2,donor,design,textbook_t|fpc|lin|xf,200,343,0.041694873912767424,1.018479515997507,0.93,0.9284985422740526,0.845,,,0.0,0.7429591836734694,,,,r4_ppi
LUNG_XENIUM,uni_v2,15,masking,A,,unit,8,25,theta2,donor,design,textbook_t|fpc|lin,200,343,0.04459528408508755,1.0256536195787012,0.935,0.9326384839650145,0.845,,,0.0,1.0,,,,P_classical
LUNG_XENIUM,uni_v2,15,masking,A,,unit,8,25,theta2,donor,design,textbook_t|fpc|lin|xf,200,343,0.04459528408508755,1.0256536195787012,0.935,0.9326384839650145,0.845,,,0.0,1.0,,,,P_classical
LUNG_XENIUM,uni_v2,15,masking,A,,unit,8,25,theta2,donor,design,textbook_t|fpc|lin,200,343,0.040066571682891426,1.0005725154218068,0.92,0.9209183673469388,0.8,,,0.7704326779180908,0.07871720116618076,,,,P_ppi
LUNG_XENIUM,uni_v2,15,masking,A,,unit,8,25,theta2,donor,design,textbook_t|fpc|lin|xf,200,343,0.040066571682891426,1.0114731606405587,0.925,0.9243440233236152,0.81,,,0.7704326779180908,0.07871720116618076,,,,P_ppi
LUNG_XENIUM,uni_v2,15,masking,A,,unit,8,25,theta2,donor,design,textbook_t|fpc|lin,200,343,0.044595284085087464,1.0256536195787014,0.935,0.9326384839650145,0.845,,,0.0,1.0,,,,C_classical
LUNG_XENIUM,uni_v2,15,masking,A,,unit,8,25,theta2,donor,design,textbook_t|fpc|lin|xf,200,343,0.044595284085087464,1.0256536195787014,0.935,0.9326384839650145,0.845,,,0.0,1.0,,,,C_classical
LUNG_XENIUM,uni_v2,15,masking,A,,unit,8,25,theta2,donor,design,textbook_t|fpc|lin,200,343,0.03906970418647277,1.0071654377265846,0.925,0.9197084548104956,0.8,,,0.867184857922877,0.009577259475218659,,,,C_ppi
LUNG_XENIUM,uni_v2,15,masking,A,,unit,8,25,theta2,donor,design,textbook_t|fpc|lin|xf,200,343,0.03906970418647277,1.0176893574654133,0.925,0.9230029154518952,0.805,,,0.867184857922877,0.009577259475218659,,,,C_ppi
LUNG_XENIUM,uni_v2,15,masking,A,,unit,8,50,theta3,donor,design,textbook_t|fpc|lin,200,343,0.025284209144661958,1.1275950354658089,0.94,0.9397959183673469,0.855,,,0.0,1.0,,,,r4_classical
LUNG_XENIUM,uni_v2,15,masking,A,,unit,8,50,theta3,donor,design,textbook_t|fpc|lin|xf,200,343,0.025284209144661958,1.1275950354658089,0.94,0.9397959183673469,0.855,,,0.0,1.0,,,,r4_classical
LUNG_XENIUM,uni_v2,15,masking,A,,unit,8,50,theta3,donor,design,textbook_t|fpc|lin,200,343,0.005813193942766236,0.9894480177552677,0.93,0.9257142857142857,0.865,,,0.90335284264412,0.004373177842565598,,,,r4_ppi
LUNG_XENIUM,uni_v2,15,masking,A,,unit,8,50,theta3,donor,design,textbook_t|fpc|lin|xf,200,343,0.005813193942766236,0.9987582624441191,0.93,0.9265889212827988,0.87,,,0.90335284264412,0.004373177842565598,,,,r4_ppi
LUNG_XENIUM,uni_v2,15,masking,A,,unit,8,50,theta3,donor,design,textbook_t|fpc|lin,200,343,0.009992458899393288,0.9862127901970432,0.92,0.918673469387755,0.825,,,0.0,1.0,,,,P_classical
LUNG_XENIUM,uni_v2,15,masking,A,,unit,8,50,theta3,donor,design,textbook_t|fpc|lin|xf,200,343,0.009992458899393288,0.9862127901970432,0.92,0.918673469387755,0.825,,,0.0,1.0,,,,P_classical
LUNG_XENIUM,uni_v2,15,masking,A,,unit,8,50,theta3,donor,design,textbook_t|fpc|lin,200,343,0.005301896227241142,0.956438610058616,0.92,0.9181341107871721,0.835,,,0.8753400864086339,0.0014577259475218659,,,,P_ppi
LUNG_XENIUM,uni_v2,15,masking,A,,unit,8,50,theta3,donor,design,textbook_t|fpc|lin|xf,200,343,0.005301896227241142,0.9830307557765232,0.925,0.921399416909621,0.835,,,0.8753400864086339,0.0014577259475218659,,,,P_ppi
LUNG_XENIUM,uni_v2,15,masking,A,,unit,8,50,theta3,donor,design,textbook_t|fpc|lin,200,343,0.008885126324872965,0.9703793477963866,0.92,0.9196209912536444,0.835,,,0.0,1.0,,,,C_classical
LUNG_XENIUM,uni_v2,15,masking,A,,unit,8,50,theta3,donor,design,textbook_t|fpc|lin|xf,200,343,0.008885126324872965,0.9703793477963866,0.92,0.9196209912536444,0.835,,,0.0,1.0,,,,C_classical
LUNG_XENIUM,uni_v2,15,masking,A,,unit,8,50,theta3,donor,design,textbook_t|fpc|lin,200,343,0.004392601359229797,0.9444370081744441,0.915,0.9123615160349856,0.815,,,0.8869057740533521,0.0015160349854227405,,,,C_ppi
LUNG_XENIUM,uni_v2,15,masking,A,,unit,8,50,theta3,donor,design,textbook_t|fpc|lin|xf,200,343,0.004392601359229797,0.9734044602743508,0.92,0.9158746355685132,0.825,,,0.8869057740533521,0.0015160349854227405,,,,C_ppi
LUNG_XENIUM,uni_v2,15,masking,A,,unit,8,50,theta2,donor,design,textbook_t|fpc|lin,200,343,0.03477729827031878,1.0401751447129088,0.925,0.9213411078717201,0.735,,,0.0,1.0,,,,r4_classical
LUNG_XENIUM,uni_v2,15,masking,A,,unit,8,50,theta2,donor,design,textbook_t|fpc|lin|xf,200,343,0.03477729827031878,1.0401751447129088,0.925,0.9213411078717201,0.735,,,0.0,1.0,,,,r4_classical
LUNG_XENIUM,uni_v2,15,masking,A,,unit,8,50,theta2,donor,design,textbook_t|fpc|lin,200,343,0.03341024073661518,1.0136000585088079,0.92,0.9159183673469389,0.74,,,0.0,0.7538921282798834,,,,r4_ppi
LUNG_XENIUM,uni_v2,15,masking,A,,unit,8,50,theta2,donor,design,textbook_t|fpc|lin|xf,200,343,0.03341024073661518,1.0241533932177111,0.92,0.9191690962099125,0.75,,,0.0,0.7538921282798834,,,,r4_ppi
LUNG_XENIUM,uni_v2,15,masking,A,,unit,8,50,theta2,donor,design,textbook_t|fpc|lin,200,343,0.03477729827031841,1.0401751447129066,0.925,0.9213411078717201,0.735,,,0.0,1.0,,,,P_classical
LUNG_XENIUM,uni_v2,15,masking,A,,unit,8,50,theta2,donor,design,textbook_t|fpc|lin|xf,200,343,0.03477729827031841,1.0401751447129066,0.925,0.9213411078717201,0.735,,,0.0,1.0,,,,P_classical
LUNG_XENIUM,uni_v2,15,masking,A,,unit,8,50,theta2,donor,design,textbook_t|fpc|lin,200,343,0.03157663754025016,1.0342018665122525,0.915,0.9136880466472302,0.695,,,0.7857244335575637,0.07170553935860058,,,,P_ppi
LUNG_XENIUM,uni_v2,15,masking,A,,unit,8,50,theta2,donor,design,textbook_t|fpc|lin|xf,200,343,0.03157663754025016,1.046703425935425,0.92,0.9172011661807581,0.705,,,0.7857244335575637,0.07170553935860058,,,,P_ppi
LUNG_XENIUM,uni_v2,15,masking,A,,unit,8,50,theta2,donor,design,textbook_t|fpc|lin,200,343,0.034777298270318766,1.0401751447129088,0.925,0.9213411078717201,0.735,,,0.0,1.0,,,,C_classical
LUNG_XENIUM,uni_v2,15,masking,A,,unit,8,50,theta2,donor,design,textbook_t|fpc|lin|xf,200,343,0.034777298270318766,1.0401751447129088,0.925,0.9213411078717201,0.735,,,0.0,1.0,,,,C_classical
LUNG_XENIUM,uni_v2,15,masking,A,,unit,8,50,theta2,donor,design,textbook_t|fpc|lin,200,343,0.031650370487698906,1.029899957109945,0.915,0.9127988338192419,0.68,,,0.8786137772736635,0.004081632653061225,,,,C_ppi
LUNG_XENIUM,uni_v2,15,masking,A,,unit,8,50,theta2,donor,design,textbook_t|fpc|lin|xf,200,343,0.031650370487698906,1.0434124385092622,0.92,0.9163994169096211,0.685,,,0.8786137772736635,0.004081632653061225,,,,C_ppi
LUNG_XENIUM,uni_v2,15,masking,A,,unit,8,100,theta3,donor,design,textbook_t|fpc|lin,200,343,0.013929208019549041,1.0493701257272539,0.935,0.9324052478134113,0.85,,,0.0,1.0,,,,r4_classical
LUNG_XENIUM,uni_v2,15,masking,A,,unit,8,100,theta3,donor,design,textbook_t|fpc|lin|xf,200,343,0.013929208019549041,1.0493701257272539,0.935,0.9324052478134113,0.85,,,0.0,1.0,,,,r4_classical
LUNG_XENIUM,uni_v2,15,masking,A,,unit,8,100,theta3,donor,design,textbook_t|fpc|lin,200,343,0.0032383233135978044,1.0152108828022521,0.925,0.9234548104956268,0.845,,,0.8846243467455287,0.0052332361516034985,,,,r4_ppi
LUNG_XENIUM,uni_v2,15,masking,A,,unit,8,100,theta3,donor,design,textbook_t|fpc|lin|xf,200,343,0.0032383233135978044,1.0349710568613522,0.93,0.9250874635568511,0.845,,,0.8846243467455287,0.0052332361516034985,,,,r4_ppi
LUNG_XENIUM,uni_v2,15,masking,A,,unit,8,100,theta3,donor,design,textbook_t|fpc|lin,200,343,0.006420594850292053,1.001357377867979,0.915,0.9109329446064142,0.82,,,0.0,1.0,,,,P_classical
LUNG_XENIUM,uni_v2,15,masking,A,,unit,8,100,theta3,donor,design,textbook_t|fpc|lin|xf,200,343,0.006420594850292053,1.001357377867979,0.915,0.9109329446064142,0.82,,,0.0,1.0,,,,P_classical
LUNG_XENIUM,uni_v2,15,masking,A,,unit,8,100,theta3,donor,design,textbook_t|fpc|lin,200,343,0.003241620346296739,0.9288537585699119,0.91,0.9074781341107871,0.815,,,0.8933655374668893,0.0006122448979591836,,,,P_ppi
LUNG_XENIUM,uni_v2,15,masking,A,,unit,8,100,theta3,donor,design,textbook_t|fpc|lin|xf,200,343,0.003241620346296739,0.9673670975833852,0.915,0.9115597667638484,0.82,,,0.8933655374668893,0.0006122448979591836,,,,P_ppi
LUNG_XENIUM,uni_v2,15,masking,A,,unit,8,100,theta3,donor,design,textbook_t|fpc|lin,200,343,0.0058235171112305415,1.0117797335991898,0.915,0.9099416909620992,0.825,,,0.0,1.0,,,,C_classical
LUNG_XENIUM,uni_v2,15,masking,A,,unit,8,100,theta3,donor,design,textbook_t|fpc|lin|xf,200,343,0.0058235171112305415,1.0117797335991898,0.915,0.9099416909620992,0.825,,,0.0,1.0,,,,C_classical
LUNG_XENIUM,uni_v2,15,masking,A,,unit,8,100,theta3,donor,design,textbook_t|fpc|lin,200,343,0.0027552681027458786,0.9473666871878081,0.91,0.9062827988338193,0.815,,,0.9080314430451701,0.0006122448979591836,,,,C_ppi
LUNG_XENIUM,uni_v2,15,masking,A,,unit,8,100,theta3,donor,design,textbook_t|fpc|lin|xf,200,343,0.0027552681027458786,0.9833327731310051,0.915,0.9106559766763849,0.82,,,0.9080314430451701,0.0006122448979591836,,,,C_ppi
LUNG_XENIUM,uni_v2,15,masking,A,,unit,8,100,theta2,donor,design,textbook_t|fpc|lin,200,343,0.03695868596682523,0.9856066119524992,0.91,0.9065451895043733,0.66,,,0.0,1.0,,,,r4_classical
LUNG_XENIUM,uni_v2,15,masking,A,,unit,8,100,theta2,donor,design,textbook_t|fpc|lin|xf,200,343,0.03695868596682523,0.9856066119524992,0.91,0.9065451895043733,0.66,,,0.0,1.0,,,,r4_classical
LUNG_XENIUM,uni_v2,15,masking,A,,unit,8,100,theta2,donor,design,textbook_t|fpc|lin,200,343,0.036691816053356294,0.9802074969469022,0.905,0.9010641399416911,0.655,,,0.0,0.8242274052478135,,,,r4_ppi
LUNG_XENIUM,uni_v2,15,masking,A,,unit,8,100,theta2,donor,design,textbook_t|fpc|lin|xf,200,343,0.036691816053356294,0.9898114417593123,0.905,0.9036297376093294,0.655,,,0.0,0.8242274052478135,,,,r4_ppi
LUNG_XENIUM,uni_v2,15,masking,A,,unit,8,100,theta2,donor,design,textbook_t|fpc|lin,200,343,0.03695868596682549,0.9856066119524999,0.91,0.9065451895043733,0.66,,,0.0,1.0,,,,P_classical
LUNG_XENIUM,uni_v2,15,masking,A,,unit,8,100,theta2,donor,design,textbook_t|fpc|lin|xf,200,343,0.03695868596682549,0.9856066119524999,0.91,0.9065451895043733,0.66,,,0.0,1.0,,,,P_classical
LUNG_XENIUM,uni_v2,15,masking,A,,unit,8,100,theta2,donor,design,textbook_t|fpc|lin,200,343,0.0361871450114255,0.9814258840964201,0.905,0.8990379008746355,0.64,,,0.7781589575141562,0.07319241982507288,,,,P_ppi
LUNG_XENIUM,uni_v2,15,masking,A,,unit,8,100,theta2,donor,design,textbook_t|fpc|lin|xf,200,343,0.0361871450114255,0.9884968172897042,0.905,0.902128279883382,0.64,,,0.7781589575141562,0.07319241982507288,,,,P_ppi
LUNG_XENIUM,uni_v2,15,masking,A,,unit,8,100,theta2,donor,design,textbook_t|fpc|lin,200,343,0.03695868596682523,0.9856066119524994,0.91,0.9065451895043733,0.66,,,0.0,1.0,,,,C_classical
LUNG_XENIUM,uni_v2,15,masking,A,,unit,8,100,theta2,donor,design,textbook_t|fpc|lin|xf,200,343,0.03695868596682523,0.9856066119524994,0.91,0.9065451895043733,0.66,,,0.0,1.0,,,,C_classical
LUNG_XENIUM,uni_v2,15,masking,A,,unit,8,100,theta2,donor,design,textbook_t|fpc|lin,200,343,0.03545539555264496,0.9833889649321417,0.905,0.8984110787172013,0.62,,,0.8775404221083063,0.0019533527696793,,,,C_ppi
LUNG_XENIUM,uni_v2,15,masking,A,,unit,8,100,theta2,donor,design,textbook_t|fpc|lin|xf,200,343,0.03545539555264496,0.9896906352851592,0.905,0.901530612244898,0.62,,,0.8775404221083063,0.0019533527696793,,,,C_ppi
LUNG_XENIUM,uni_v2,15,masking,A,,unit,8,200,theta3,donor,design,textbook_t|fpc|lin,200,343,0.007792434085587528,1.0411020126164574,0.935,0.9309037900874634,0.795,,,0.0,1.0,,,,r4_classical
LUNG_XENIUM,uni_v2,15,masking,A,,unit,8,200,theta3,donor,design,textbook_t|fpc|lin|xf,200,343,0.007792434085587528,1.0411020126164574,0.935,0.9309037900874634,0.795,,,0.0,1.0,,,,r4_classical
LUNG_XENIUM,uni_v2,15,masking,A,,unit,8,200,theta3,donor,design,textbook_t|fpc|lin,200,343,0.002139397756249759,0.958908914574743,0.905,0.9034985422740525,0.795,,,0.8683004419767528,0.005889212827988338,,,,r4_ppi
LUNG_XENIUM,uni_v2,15,masking,A,,unit,8,200,theta3,donor,design,textbook_t|fpc|lin|xf,200,343,0.002139397756249759,0.9804278965176305,0.91,0.9064431486880468,0.795,,,0.8683004419767528,0.005889212827988338,,,,r4_ppi
LUNG_XENIUM,uni_v2,15,masking,A,,unit,8,200,theta3,donor,design,textbook_t|fpc|lin,200,343,0.0041998743518384795,1.0191852551774894,0.91,0.9035714285714286,0.805,,,0.0,1.0,,,,P_classical
LUNG_XENIUM,uni_v2,15,masking,A,,unit,8,200,theta3,donor,design,textbook_t|fpc|lin|xf,200,343,0.0041998743518384795,1.0191852551774894,0.91,0.9035714285714286,0.805,,,0.0,1.0,,,,P_classical
LUNG_XENIUM,uni_v2,15,masking,A,,unit,8,200,theta3,donor,design,textbook_t|fpc|lin,200,343,0.0020118344036439834,0.9380156605041062,0.9,0.8948688046647232,0.79,,,0.9054673515081466,0.0001749271137026239,,,,P_ppi
LUNG_XENIUM,uni_v2,15,masking,A,,unit,8,200,theta3,donor,design,textbook_t|fpc|lin|xf,200,343,0.0020118344036439834,0.9793677660842398,0.905,0.9004373177842566,0.79,,,0.9054673515081466,0.0001749271137026239,,,,P_ppi
LUNG_XENIUM,uni_v2,15,masking,A,,unit,8,200,theta3,donor,design,textbook_t|fpc|lin,200,343,0.0039816010804340895,1.0259208330727323,0.91,0.9026384839650144,0.8,,,0.0,1.0,,,,C_classical
LUNG_XENIUM,uni_v2,15,masking,A,,unit,8,200,theta3,donor,design,textbook_t|fpc|lin|xf,200,343,0.0039816010804340895,1.0259208330727323,0.91,0.9026384839650144,0.8,,,0.0,1.0,,,,C_classical
LUNG_XENIUM,uni_v2,15,masking,A,,unit,8,200,theta3,donor,design,textbook_t|fpc|lin,200,343,0.0017622251276515073,0.9476210668339659,0.895,0.8916326530612244,0.785,,,0.9188863429231999,0.00023323615160349855,,,,C_ppi
LUNG_XENIUM,uni_v2,15,masking,A,,unit,8,200,theta3,donor,design,textbook_t|fpc|lin|xf,200,343,0.0017622251276515073,0.9962691259624195,0.9,0.8974635568513121,0.79,,,0.9188863429231999,0.00023323615160349855,,,,C_ppi
LUNG_XENIUM,uni_v2,15,masking,A,,unit,8,200,theta2,donor,design,textbook_t|fpc|lin,200,343,0.03129867683353112,1.0091815230397299,0.91,0.9014285714285715,0.605,,,0.0,1.0,,,,r4_classical
LUNG_XENIUM,uni_v2,15,masking,A,,unit,8,200,theta2,donor,design,textbook_t|fpc|lin|xf,200,343,0.03129867683353112,1.0091815230397299,0.91,0.9014285714285715,0.605,,,0.0,1.0,,,,r4_classical
LUNG_XENIUM,uni_v2,15,masking,A,,unit,8,200,theta2,donor,design,textbook_t|fpc|lin,200,343,0.03127786959605606,0.9637601806920689,0.895,0.8885568513119533,0.6,,,0.0,0.7819533527696793,,,,r4_ppi
LUNG_XENIUM,uni_v2,15,masking,A,,unit,8,200,theta2,donor,design,textbook_t|fpc|lin|xf,200,343,0.03127786959605606,0.9777635808409997,0.9,0.892667638483965,0.605,,,0.0,0.7819533527696793,,,,r4_ppi
LUNG_XENIUM,uni_v2,15,masking,A,,unit,8,200,theta2,donor,design,textbook_t|fpc|lin,200,343,0.03129867683353146,1.0091815230397276,0.91,0.9014285714285715,0.605,,,0.0,1.0,,,,P_classical
LUNG_XENIUM,uni_v2,15,masking,A,,unit,8,200,theta2,donor,design,textbook_t|fpc|lin|xf,200,343,0.03129867683353146,1.0091815230397276,0.91,0.9014285714285715,0.605,,,0.0,1.0,,,,P_classical
LUNG_XENIUM,uni_v2,15,masking,A,,unit,8,200,theta2,donor,design,textbook_t|fpc|lin,200,343,0.031123715481440294,0.9620503935950014,0.895,0.8870991253644316,0.605,,,0.7781587979734346,0.0658600583090379,,,,P_ppi
LUNG_XENIUM,uni_v2,15,masking,A,,unit,8,200,theta2,donor,design,textbook_t|fpc|lin|xf,200,343,0.031123715481440294,0.9744922443282263,0.895,0.8913556851311953,0.605,,,0.7781587979734346,0.0658600583090379,,,,P_ppi
LUNG_XENIUM,uni_v2,15,masking,A,,unit,8,200,theta2,donor,design,textbook_t|fpc|lin,200,343,0.03129867683353113,1.00918152303973,0.91,0.9014285714285715,0.605,,,0.0,1.0,,,,C_classical
LUNG_XENIUM,uni_v2,15,masking,A,,unit,8,200,theta2,donor,design,textbook_t|fpc|lin|xf,200,343,0.03129867683353113,1.00918152303973,0.91,0.9014285714285715,0.605,,,0.0,1.0,,,,C_classical
LUNG_XENIUM,uni_v2,15,masking,A,,unit,8,200,theta2,donor,design,textbook_t|fpc|lin,200,343,0.031044831191889416,0.9607887577064496,0.895,0.8857142857142856,0.595,,,0.8803992384393033,0.0006413994169096209,,,,C_ppi
LUNG_XENIUM,uni_v2,15,masking,A,,unit,8,200,theta2,donor,design,textbook_t|fpc|lin|xf,200,343,0.031044831191889416,0.9722474983147865,0.895,0.8903644314868806,0.595,,,0.8803992384393033,0.0006413994169096209,,,,C_ppi
LUNG_XENIUM,uni_v2,15,masking,A,,unit,8,500,theta3,donor,design,textbook_t|fpc|lin,200,343,0.003987355236089444,0.9798592525819766,0.905,0.9050874635568513,0.755,,,0.0,1.0,,,,r4_classical
LUNG_XENIUM,uni_v2,15,masking,A,,unit,8,500,theta3,donor,design,textbook_t|fpc|lin|xf,200,343,0.003987355236089444,0.9798592525819766,0.905,0.9050874635568513,0.755,,,0.0,1.0,,,,r4_classical
LUNG_XENIUM,uni_v2,15,masking,A,,unit,8,500,theta3,donor,design,textbook_t|fpc|lin,200,343,0.0012884767487907098,0.9638149125105747,0.89,0.8846938775510204,0.725,,,0.8586490671369267,0.007419825072886297,,,,r4_ppi
LUNG_XENIUM,uni_v2,15,masking,A,,unit,8,500,theta3,donor,design,textbook_t|fpc|lin|xf,200,343,0.0012884767487907098,1.008432814682926,0.895,0.8907725947521866,0.725,,,0.8586490671369267,0.007419825072886297,,,,r4_ppi
LUNG_XENIUM,uni_v2,15,masking,A,,unit,8,500,theta3,donor,design,textbook_t|fpc|lin,200,343,0.0030734044932386978,1.0133322415887114,0.89,0.8822594752186589,0.75,,,0.0,1.0,,,,P_classical
LUNG_XENIUM,uni_v2,15,masking,A,,unit,8,500,theta3,donor,design,textbook_t|fpc|lin|xf,200,343,0.0030734044932386978,1.0133322415887114,0.89,0.8822594752186589,0.75,,,0.0,1.0,,,,P_classical
LUNG_XENIUM,uni_v2,15,masking,A,,unit,8,500,theta3,donor,design,textbook_t|fpc|lin,200,343,0.001338107735486575,0.9400023447917423,0.88,0.8722448979591838,0.735,,,0.9149542817875828,4.373177842565598e-05,,,,P_ppi
LUNG_XENIUM,uni_v2,15,masking,A,,unit,8,500,theta3,donor,design,textbook_t|fpc|lin|xf,200,343,0.001338107735486575,0.9934531153030738,0.885,0.8791107871720115,0.745,,,0.9149542817875828,4.373177842565598e-05,,,,P_ppi
LUNG_XENIUM,uni_v2,15,masking,A,,unit,8,500,theta3,donor,design,textbook_t|fpc|lin,200,343,0.002974508475330651,1.0275270976818762,0.89,0.8809183673469388,0.73,,,0.0,1.0,,,,C_classical
LUNG_XENIUM,uni_v2,15,masking,A,,unit,8,500,theta3,donor,design,textbook_t|fpc|lin|xf,200,343,0.002974508475330651,1.0275270976818762,0.89,0.8809183673469388,0.73,,,0.0,1.0,,,,C_classical
LUNG_XENIUM,uni_v2,15,masking,A,,unit,8,500,theta3,donor,design,textbook_t|fpc|lin,200,343,0.0012752996379881423,0.952370557455552,0.875,0.8712390670553937,0.73,,,0.9286607020773578,4.373177842565598e-05,,,,C_ppi
LUNG_XENIUM,uni_v2,15,masking,A,,unit,8,500,theta3,donor,design,textbook_t|fpc|lin|xf,200,343,0.0012752996379881423,1.0076244878230074,0.885,0.8781486880466474,0.74,,,0.9286607020773578,4.373177842565598e-05,,,,C_ppi
LUNG_XENIUM,uni_v2,15,masking,A,,unit,8,500,theta2,donor,design,textbook_t|fpc|lin,200,343,0.033332779672373754,0.9640791825297845,0.895,0.8899562682215744,0.51,,,0.0,1.0,,,,r4_classical
LUNG_XENIUM,uni_v2,15,masking,A,,unit,8,500,theta2,donor,design,textbook_t|fpc|lin|xf,200,343,0.033332779672373754,0.9640791825297845,0.895,0.8899562682215744,0.51,,,0.0,1.0,,,,r4_classical
LUNG_XENIUM,uni_v2,15,masking,A,,unit,8,500,theta2,donor,design,textbook_t|fpc|lin,200,343,0.032795060965390956,0.9571104924821464,0.89,0.8868658892128279,0.505,,,0.0,0.825801749271137,,,,r4_ppi
LUNG_XENIUM,uni_v2,15,masking,A,,unit,8,500,theta2,donor,design,textbook_t|fpc|lin|xf,200,343,0.032795060965390956,0.9659677856357608,0.895,0.8904227405247814,0.51,,,0.0,0.825801749271137,,,,r4_ppi
LUNG_XENIUM,uni_v2,15,masking,A,,unit,8,500,theta2,donor,design,textbook_t|fpc|lin,200,343,0.03333277967237385,0.9640791825297828,0.895,0.8899562682215744,0.51,,,0.0,1.0,,,,P_classical
LUNG_XENIUM,uni_v2,15,masking,A,,unit,8,500,theta2,donor,design,textbook_t|fpc|lin|xf,200,343,0.03333277967237385,0.9640791825297828,0.895,0.8899562682215744,0.51,,,0.0,1.0,,,,P_classical
LUNG_XENIUM,uni_v2,15,masking,A,,unit,8,500,theta2,donor,design,textbook_t|fpc|lin,200,343,0.032493447098357796,0.955825616074492,0.89,0.8862099125364432,0.5,,,0.7706409490961533,0.058440233236151606,,,,P_ppi
LUNG_XENIUM,uni_v2,15,masking,A,,unit,8,500,theta2,donor,design,textbook_t|fpc|lin|xf,200,343,0.032493447098357796,0.9704495688631436,0.895,0.8896501457725947,0.505,,,0.7706409490961533,0.058440233236151606,,,,P_ppi
LUNG_XENIUM,uni_v2,15,masking,A,,unit,8,500,theta2,donor,design,textbook_t|fpc|lin,200,343,0.03333277967237376,0.9640791825297836,0.895,0.8899562682215744,0.51,,,0.0,1.0,,,,C_classical
LUNG_XENIUM,uni_v2,15,masking,A,,unit,8,500,theta2,donor,design,textbook_t|fpc|lin|xf,200,343,0.03333277967237376,0.9640791825297836,0.895,0.8899562682215744,0.51,,,0.0,1.0,,,,C_classical
LUNG_XENIUM,uni_v2,15,masking,A,,unit,8,500,theta2,donor,design,textbook_t|fpc|lin,200,343,0.03255088059066324,0.9544599220491546,0.89,0.8862827988338192,0.505,,,0.885269074456691,0.00040816326530612246,,,,C_ppi
LUNG_XENIUM,uni_v2,15,masking,A,,unit,8,500,theta2,donor,design,textbook_t|fpc|lin|xf,200,343,0.03255088059066324,0.9652970542032485,0.895,0.8897084548104955,0.51,,,0.885269074456691,0.00040816326530612246,,,,C_ppi
LUNG_XENIUM,uni_v2,15,masking,A,,unit,8,all,theta3,donor,design,textbook_t|fpc|lin,200,343,0.002906428187751351,0.9722231079361097,0.865,0.854271137026239,0.655,,,0.0,1.0,,,,r4_classical
LUNG_XENIUM,uni_v2,15,masking,A,,unit,8,all,theta3,donor,design,textbook_t|fpc|lin|xf,200,343,0.002906428187751351,0.9722231079361097,0.865,0.854271137026239,0.655,,,0.0,1.0,,,,r4_classical
LUNG_XENIUM,uni_v2,15,masking,A,,unit,8,all,theta3,donor,design,textbook_t|fpc|lin,200,343,0.001234354057485148,0.8677810393825879,0.85,0.8418221574344024,0.62,,,0.8219302723679196,0.009256559766763848,,,,r4_ppi
LUNG_XENIUM,uni_v2,15,masking,A,,unit,8,all,theta3,donor,design,textbook_t|fpc|lin|xf,200,343,0.001234354057485148,0.9304069642482328,0.86,0.8507142857142856,0.625,,,0.8219302723679196,0.009256559766763848,,,,r4_ppi
LUNG_XENIUM,uni_v2,15,masking,A,,unit,8,all,theta3,donor,design,textbook_t|fpc|lin,200,343,0.0029064281877513466,0.9722231079361097,0.865,0.854271137026239,0.655,,,0.0,1.0,,,,P_classical
LUNG_XENIUM,uni_v2,15,masking,A,,unit,8,all,theta3,donor,design,textbook_t|fpc|lin|xf,200,343,0.0029064281877513466,0.9722231079361097,0.865,0.854271137026239,0.655,,,0.0,1.0,,,,P_classical
LUNG_XENIUM,uni_v2,15,masking,A,,unit,8,all,theta3,donor,design,textbook_t|fpc|lin,200,343,0.0012343540574851464,0.8677810393825893,0.85,0.8418221574344024,0.62,,,0.9268542602584863,1.457725947521866e-05,,,,P_ppi
LUNG_XENIUM,uni_v2,15,masking,A,,unit,8,all,theta3,donor,design,textbook_t|fpc|lin|xf,200,343,0.0012343540574851464,0.9304069642482327,0.86,0.8507142857142856,0.625,,,0.9268542602584863,1.457725947521866e-05,,,,P_ppi
LUNG_XENIUM,uni_v2,15,masking,A,,unit,8,all,theta3,donor,design,textbook_t|fpc|lin,200,343,0.002906428187751351,0.9722231079361087,0.865,0.854271137026239,0.655,,,0.0,1.0,,,,C_classical
LUNG_XENIUM,uni_v2,15,masking,A,,unit,8,all,theta3,donor,design,textbook_t|fpc|lin|xf,200,343,0.002906428187751351,0.9722231079361087,0.865,0.854271137026239,0.655,,,0.0,1.0,,,,C_classical
LUNG_XENIUM,uni_v2,15,masking,A,,unit,8,all,theta3,donor,design,textbook_t|fpc|lin,200,343,0.001234354057485146,0.8677810393825892,0.85,0.8418221574344024,0.62,,,0.941214978449634,0.0,,,,C_ppi
LUNG_XENIUM,uni_v2,15,masking,A,,unit,8,all,theta3,donor,design,textbook_t|fpc|lin|xf,200,343,0.001234354057485146,0.9304069642482314,0.86,0.8507142857142856,0.625,,,0.941214978449634,0.0,,,,C_ppi
LUNG_XENIUM,uni_v2,15,masking,A,,unit,8,all,theta2,donor,design,textbook_t|fpc|lin,200,343,0.03201558743006582,1.0251465029587843,0.91,0.9038046647230322,0.61,,,0.0,1.0,,,,r4_classical
LUNG_XENIUM,uni_v2,15,masking,A,,unit,8,all,theta2,donor,design,textbook_t|fpc|lin|xf,200,343,0.03201558743006582,1.0251465029587843,0.91,0.9038046647230322,0.61,,,0.0,1.0,,,,r4_classical
LUNG_XENIUM,uni_v2,15,masking,A,,unit,8,all,theta2,donor,design,textbook_t|fpc|lin,200,343,0.032064958790047504,1.001063486682097,0.9,0.8952915451895045,0.61,,,0.0,0.766734693877551,,,,r4_ppi
LUNG_XENIUM,uni_v2,15,masking,A,,unit,8,all,theta2,donor,design,textbook_t|fpc|lin|xf,200,343,0.032064958790047504,1.0162184222401056,0.905,0.8994169096209913,0.61,,,0.0,0.766734693877551,,,,r4_ppi
LUNG_XENIUM,uni_v2,15,masking,A,,unit,8,all,theta2,donor,design,textbook_t|fpc|lin,200,343,0.03201558743006555,1.0251465029587368,0.91,0.9038046647230322,0.61,,,0.0,1.0,,,,P_classical
LUNG_XENIUM,uni_v2,15,masking,A,,unit,8,all,theta2,donor,design,textbook_t|fpc|lin|xf,200,343,0.03201558743006555,1.0251465029587368,0.91,0.9038046647230322,0.61,,,0.0,1.0,,,,P_classical
LUNG_XENIUM,uni_v2,15,masking,A,,unit,8,all,theta2,donor,design,textbook_t|fpc|lin,200,343,0.03206495879004762,1.001063486682097,0.9,0.8952915451895045,0.61,,,0.7930594855215092,0.06721574344023323,,,,P_ppi
LUNG_XENIUM,uni_v2,15,masking,A,,unit,8,all,theta2,donor,design,textbook_t|fpc|lin|xf,200,343,0.03206495879004762,1.0162184222401098,0.905,0.8994169096209913,0.61,,,0.7930594855215092,0.06721574344023323,,,,P_ppi
LUNG_XENIUM,uni_v2,15,masking,A,,unit,8,all,theta2,donor,design,textbook_t|fpc|lin,200,343,0.032015587430065835,1.0251465029587832,0.91,0.9038046647230322,0.61,,,0.0,1.0,,,,C_classical
LUNG_XENIUM,uni_v2,15,masking,A,,unit,8,all,theta2,donor,design,textbook_t|fpc|lin|xf,200,343,0.032015587430065835,1.0251465029587832,0.91,0.9038046647230322,0.61,,,0.0,1.0,,,,C_classical
LUNG_XENIUM,uni_v2,15,masking,A,,unit,8,all,theta2,donor,design,textbook_t|fpc|lin,200,343,0.0320649587900475,1.0010634866820975,0.9,0.8952915451895045,0.61,,,0.8944233081732165,0.00033527696793002917,,,,C_ppi
LUNG_XENIUM,uni_v2,15,masking,A,,unit,8,all,theta2,donor,design,textbook_t|fpc|lin|xf,200,343,0.0320649587900475,1.0162184222401063,0.905,0.8994169096209913,0.61,,,0.8944233081732165,0.00033527696793002917,,,,C_ppi
LUNG_XENIUM,uni_v2,15,masking,A,,unit,12,25,theta3,donor,design,textbook_t|fpc|lin,200,343,0.030624413922070153,1.1112242997393083,0.935,0.9318221574344023,0.865,,,0.0,1.0,,,,r4_classical
LUNG_XENIUM,uni_v2,15,masking,A,,unit,12,25,theta3,donor,design,textbook_t|fpc|lin|xf,200,343,0.030624413922070153,1.1112242997393083,0.935,0.9318221574344023,0.865,,,0.0,1.0,,,,r4_classical
LUNG_XENIUM,uni_v2,15,masking,A,,unit,12,25,theta3,donor,design,textbook_t|fpc|lin,200,343,0.005300454871636955,1.0338523475380617,0.93,0.927871720116618,0.87,,,0.9158185832595407,0.0016326530612244899,,,,r4_ppi
LUNG_XENIUM,uni_v2,15,masking,A,,unit,12,25,theta3,donor,design,textbook_t|fpc|lin|xf,200,343,0.005300454871636955,1.0366665938716786,0.93,0.9285568513119533,0.87,,,0.9158185832595407,0.0016326530612244899,,,,r4_ppi
LUNG_XENIUM,uni_v2,15,masking,A,,unit,12,25,theta3,donor,design,textbook_t|fpc|lin,200,343,0.00988879846722825,1.0240113892658296,0.92,0.9197521865889213,0.855,,,0.0,1.0,,,,P_classical
LUNG_XENIUM,uni_v2,15,masking,A,,unit,12,25,theta3,donor,design,textbook_t|fpc|lin|xf,200,343,0.00988879846722825,1.0240113892658296,0.92,0.9197521865889213,0.855,,,0.0,1.0,,,,P_classical
LUNG_XENIUM,uni_v2,15,masking,A,,unit,12,25,theta3,donor,design,textbook_t|fpc|lin,200,343,0.005217694939731195,0.9754534777188756,0.92,0.9187172011661807,0.84,,,0.8773779269648891,0.001749271137026239,,,,P_ppi
LUNG_XENIUM,uni_v2,15,masking,A,,unit,12,25,theta3,donor,design,textbook_t|fpc|lin|xf,200,343,0.005217694939731195,0.9962204101973374,0.925,0.9222157434402333,0.855,,,0.8773779269648891,0.001749271137026239,,,,P_ppi
LUNG_XENIUM,uni_v2,15,masking,A,,unit,12,25,theta3,donor,design,textbook_t|fpc|lin,200,343,0.00773033757609903,1.0780253548572218,0.93,0.9274198250728863,0.865,,,0.0,1.0,,,,C_classical
LUNG_XENIUM,uni_v2,15,masking,A,,unit,12,25,theta3,donor,design,textbook_t|fpc|lin|xf,200,343,0.00773033757609903,1.0780253548572218,0.93,0.9274198250728863,0.865,,,0.0,1.0,,,,C_classical
LUNG_XENIUM,uni_v2,15,masking,A,,unit,12,25,theta3,donor,design,textbook_t|fpc|lin,200,343,0.004208282768781606,0.9802047877868506,0.92,0.9181341107871721,0.86,,,0.8872957419575586,0.0018513119533527696,,,,C_ppi
LUNG_XENIUM,uni_v2,15,masking,A,,unit,12,25,theta3,donor,design,textbook_t|fpc|lin|xf,200,343,0.004208282768781606,1.0064596509420078,0.925,0.9222740524781342,0.865,,,0.8872957419575586,0.0018513119533527696,,,,C_ppi
LUNG_XENIUM,uni_v2,15,masking,A,,unit,12,25,theta2,donor,design,textbook_t|fpc|lin,200,343,0.01715275922832558,1.0657506318799472,0.94,0.938279883381924,0.855,,,0.0,1.0,,,,r4_classical
LUNG_XENIUM,uni_v2,15,masking,A,,unit,12,25,theta2,donor,design,textbook_t|fpc|lin|xf,200,343,0.01715275922832558,1.0657506318799472,0.94,0.938279883381924,0.855,,,0.0,1.0,,,,r4_classical
LUNG_XENIUM,uni_v2,15,masking,A,,unit,12,25,theta2,donor,design,textbook_t|fpc|lin,200,343,0.011420748637197898,0.904257477475691,0.92,0.9180612244897959,0.825,,,0.7904108061074335,0.10613702623906705,,,,r4_ppi
LUNG_XENIUM,uni_v2,15,masking,A,,unit,12,25,theta2,donor,design,textbook_t|fpc|lin|xf,200,343,0.011420748637197898,1.0219099888477816,0.935,0.932055393586006,0.855,,,0.7904108061074335,0.10613702623906705,,,,r4_ppi
LUNG_XENIUM,uni_v2,15,masking,A,,unit,12,25,theta2,donor,design,textbook_t|fpc|lin,200,343,0.01715275922832563,1.0657506318799448,0.94,0.938279883381924,0.855,,,0.0,1.0,,,,P_classical
LUNG_XENIUM,uni_v2,15,masking,A,,unit,12,25,theta2,donor,design,textbook_t|fpc|lin|xf,200,343,0.01715275922832563,1.0657506318799448,0.94,0.938279883381924,0.855,,,0.0,1.0,,,,P_classical
LUNG_XENIUM,uni_v2,15,masking,A,,unit,12,25,theta2,donor,design,textbook_t|fpc|lin,200,343,0.011073483993760798,0.9066609609934689,0.92,0.9171282798833821,0.825,,,0.8259806887323783,0.0643002915451895,,,,P_ppi
LUNG_XENIUM,uni_v2,15,masking,A,,unit,12,25,theta2,donor,design,textbook_t|fpc|lin|xf,200,343,0.011073483993760798,1.020104583546721,0.935,0.9324489795918368,0.87,,,0.8259806887323783,0.0643002915451895,,,,P_ppi
LUNG_XENIUM,uni_v2,15,masking,A,,unit,12,25,theta2,donor,design,textbook_t|fpc|lin,200,343,0.01715275922832558,1.065750631879948,0.94,0.938279883381924,0.855,,,0.0,1.0,,,,C_classical
LUNG_XENIUM,uni_v2,15,masking,A,,unit,12,25,theta2,donor,design,textbook_t|fpc|lin|xf,200,343,0.01715275922832558,1.065750631879948,0.94,0.938279883381924,0.855,,,0.0,1.0,,,,C_classical
LUNG_XENIUM,uni_v2,15,masking,A,,unit,12,25,theta2,donor,design,textbook_t|fpc|lin,200,343,0.010857160635885989,0.9023012104179688,0.92,0.9150728862973762,0.81,,,0.877372891002214,0.004169096209912537,,,,C_ppi
LUNG_XENIUM,uni_v2,15,masking,A,,unit,12,25,theta2,donor,design,textbook_t|fpc|lin|xf,200,343,0.010857160635885989,1.0253777252033023,0.935,0.9314285714285715,0.84,,,0.877372891002214,0.004169096209912537,,,,C_ppi
LUNG_XENIUM,uni_v2,15,masking,A,,unit,12,50,theta3,donor,design,textbook_t|fpc|lin,200,343,0.019194046050060743,0.9244317569014449,0.915,0.9154227405247813,0.84,,,0.0,1.0,,,,r4_classical
LUNG_XENIUM,uni_v2,15,masking,A,,unit,12,50,theta3,donor,design,textbook_t|fpc|lin|xf,200,343,0.019194046050060743,0.9244317569014449,0.915,0.9154227405247813,0.84,,,0.0,1.0,,,,r4_classical
LUNG_XENIUM,uni_v2,15,masking,A,,unit,12,50,theta3,donor,design,textbook_t|fpc|lin,200,343,0.002888129533763741,0.9922221103949914,0.925,0.9236151603498542,0.86,,,0.9099139574938382,0.0013848396501457726,,,,r4_ppi
LUNG_XENIUM,uni_v2,15,masking,A,,unit,12,50,theta3,donor,design,textbook_t|fpc|lin|xf,200,343,0.002888129533763741,1.001853318815189,0.925,0.9249854227405248,0.865,,,0.9099139574938382,0.0013848396501457726,,,,r4_ppi
LUNG_XENIUM,uni_v2,15,masking,A,,unit,12,50,theta3,donor,design,textbook_t|fpc|lin,200,343,0.005023184877276374,1.0634807869899099,0.93,0.9263702623906706,0.84,,,0.0,1.0,,,,P_classical
LUNG_XENIUM,uni_v2,15,masking,A,,unit,12,50,theta3,donor,design,textbook_t|fpc|lin|xf,200,343,0.005023184877276374,1.0634807869899099,0.93,0.9263702623906706,0.84,,,0.0,1.0,,,,P_classical
LUNG_XENIUM,uni_v2,15,masking,A,,unit,12,50,theta3,donor,design,textbook_t|fpc|lin,200,343,0.0026943826166922684,0.9633094984207923,0.915,0.9162390670553935,0.845,,,0.8912624267191824,0.0007288629737609329,,,,P_ppi
LUNG_XENIUM,uni_v2,15,masking,A,,unit,12,50,theta3,donor,design,textbook_t|fpc|lin|xf,200,343,0.0026943826166922684,1.0008550249684607,0.92,0.9209620991253644,0.85,,,0.8912624267191824,0.0007288629737609329,,,,P_ppi
LUNG_XENIUM,uni_v2,15,masking,A,,unit,12,50,theta3,donor,design,textbook_t|fpc|lin,200,343,0.004494419087195451,1.0101351037000221,0.92,0.9209766763848397,0.84,,,0.0,1.0,,,,C_classical
LUNG_XENIUM,uni_v2,15,masking,A,,unit,12,50,theta3,donor,design,textbook_t|fpc|lin|xf,200,343,0.004494419087195451,1.0101351037000221,0.92,0.9209766763848397,0.84,,,0.0,1.0,,,,C_classical
LUNG_XENIUM,uni_v2,15,masking,A,,unit,12,50,theta3,donor,design,textbook_t|fpc|lin,200,343,0.0023354286618084766,0.9382837821057541,0.915,0.912390670553936,0.85,,,0.9016286618055468,0.0009620991253644315,,,,C_ppi
LUNG_XENIUM,uni_v2,15,masking,A,,unit,12,50,theta3,donor,design,textbook_t|fpc|lin|xf,200,343,0.0023354286618084766,0.9732288696098684,0.92,0.9177696793002916,0.85,,,0.9016286618055468,0.0009620991253644315,,,,C_ppi
LUNG_XENIUM,uni_v2,15,masking,A,,unit,12,50,theta2,donor,design,textbook_t|fpc|lin,200,343,0.011982495481703971,1.0274589631106812,0.93,0.9282507288629738,0.795,,,0.0,1.0,,,,r4_classical
LUNG_XENIUM,uni_v2,15,masking,A,,unit,12,50,theta2,donor,design,textbook_t|fpc|lin|xf,200,343,0.011982495481703971,1.0274589631106812,0.93,0.9282507288629738,0.795,,,0.0,1.0,,,,r4_classical
LUNG_XENIUM,uni_v2,15,masking,A,,unit,12,50,theta2,donor,design,textbook_t|fpc|lin,200,343,0.0073681686021708544,0.8882949756844664,0.905,0.9007580174927114,0.765,,,0.7813950872481112,0.10419825072886298,,,,r4_ppi
LUNG_XENIUM,uni_v2,15,masking,A,,unit,12,50,theta2,donor,design,textbook_t|fpc|lin|xf,200,343,0.0073681686021708544,1.0200150741473866,0.925,0.9217492711370261,0.815,,,0.7813950872481112,0.10419825072886298,,,,r4_ppi
LUNG_XENIUM,uni_v2,15,masking,A,,unit,12,50,theta2,donor,design,textbook_t|fpc|lin,200,343,0.011982495481703654,1.0274589631107087,0.93,0.9282507288629738,0.795,,,0.0,1.0,,,,P_classical
LUNG_XENIUM,uni_v2,15,masking,A,,unit,12,50,theta2,donor,design,textbook_t|fpc|lin|xf,200,343,0.011982495481703654,1.0274589631107087,0.93,0.9282507288629738,0.795,,,0.0,1.0,,,,P_classical
LUNG_XENIUM,uni_v2,15,masking,A,,unit,12,50,theta2,donor,design,textbook_t|fpc|lin,200,343,0.007511594496677704,0.8889686041687759,0.905,0.8995626822157434,0.765,,,0.8217088514425251,0.05947521865889213,,,,P_ppi
LUNG_XENIUM,uni_v2,15,masking,A,,unit,12,50,theta2,donor,design,textbook_t|fpc|lin|xf,200,343,0.007511594496677704,1.0278783343879638,0.925,0.9219533527696794,0.815,,,0.8217088514425251,0.05947521865889213,,,,P_ppi
LUNG_XENIUM,uni_v2,15,masking,A,,unit,12,50,theta2,donor,design,textbook_t|fpc|lin,200,343,0.011982495481703968,1.02745896311068,0.93,0.9282507288629738,0.795,,,0.0,1.0,,,,C_classical
LUNG_XENIUM,uni_v2,15,masking,A,,unit,12,50,theta2,donor,design,textbook_t|fpc|lin|xf,200,343,0.011982495481703968,1.02745896311068,0.93,0.9282507288629738,0.795,,,0.0,1.0,,,,C_classical
LUNG_XENIUM,uni_v2,15,masking,A,,unit,12,50,theta2,donor,design,textbook_t|fpc|lin,200,343,0.007286425374573871,0.8928584117865621,0.905,0.8977696793002915,0.76,,,0.8863746521387867,0.0014577259475218659,,,,C_ppi
LUNG_XENIUM,uni_v2,15,masking,A,,unit,12,50,theta2,donor,design,textbook_t|fpc|lin|xf,200,343,0.007286425374573871,1.0325673527377823,0.925,0.9213848396501457,0.825,,,0.8863746521387867,0.0014577259475218659,,,,C_ppi
LUNG_XENIUM,uni_v2,15,masking,A,,unit,12,100,theta3,donor,design,textbook_t|fpc|lin,200,343,0.00841619417575065,0.9873512274009726,0.92,0.9220991253644316,0.87,,,0.0,1.0,,,,r4_classical
LUNG_XENIUM,uni_v2,15,masking,A,,unit,12,100,theta3,donor,design,textbook_t|fpc|lin|xf,200,343,0.00841619417575065,0.9873512274009726,0.92,0.9220991253644316,0.87,,,0.0,1.0,,,,r4_classical
LUNG_XENIUM,uni_v2,15,masking,A,,unit,12,100,theta3,donor,design,textbook_t|fpc|lin,200,343,0.0015113306841810187,1.0056599471997758,0.925,0.9227842565597667,0.865,,,0.9087549069658826,0.001530612244897959,,,,r4_ppi
LUNG_XENIUM,uni_v2,15,masking,A,,unit,12,100,theta3,donor,design,textbook_t|fpc|lin|xf,200,343,0.0015113306841810187,1.027747148586427,0.925,0.925131195335277,0.87,,,0.9087549069658826,0.001530612244897959,,,,r4_ppi
LUNG_XENIUM,uni_v2,15,masking,A,,unit,12,100,theta3,donor,design,textbook_t|fpc|lin,200,343,0.0029147947646819988,1.042152800524274,0.92,0.9218367346938775,0.855,,,0.0,1.0,,,,P_classical
LUNG_XENIUM,uni_v2,15,masking,A,,unit,12,100,theta3,donor,design,textbook_t|fpc|lin|xf,200,343,0.0029147947646819988,1.042152800524274,0.92,0.9218367346938775,0.855,,,0.0,1.0,,,,P_classical
LUNG_XENIUM,uni_v2,15,masking,A,,unit,12,100,theta3,donor,design,textbook_t|fpc|lin,200,343,0.0014530351136782913,0.9602133668710807,0.915,0.9150291545189505,0.85,,,0.9036881787192041,0.0001749271137026239,,,,P_ppi
LUNG_XENIUM,uni_v2,15,masking,A,,unit,12,100,theta3,donor,design,textbook_t|fpc|lin|xf,200,343,0.0014530351136782913,1.00597786994241,0.925,0.9221282798833822,0.87,,,0.9036881787192041,0.0001749271137026239,,,,P_ppi
LUNG_XENIUM,uni_v2,15,masking,A,,unit,12,100,theta3,donor,design,textbook_t|fpc|lin,200,343,0.002707032558606824,1.0001906530808384,0.92,0.9170991253644316,0.86,,,0.0,1.0,,,,C_classical
LUNG_XENIUM,uni_v2,15,masking,A,,unit,12,100,theta3,donor,design,textbook_t|fpc|lin|xf,200,343,0.002707032558606824,1.0001906530808384,0.92,0.9170991253644316,0.86,,,0.0,1.0,,,,C_classical
LUNG_XENIUM,uni_v2,15,masking,A,,unit,12,100,theta3,donor,design,textbook_t|fpc|lin,200,343,0.001277859995120184,0.9221533806509705,0.91,0.9067638483965014,0.835,,,0.9157481757560688,0.0002623906705539359,,,,C_ppi
LUNG_XENIUM,uni_v2,15,masking,A,,unit,12,100,theta3,donor,design,textbook_t|fpc|lin|xf,200,343,0.001277859995120184,0.9727764546036647,0.915,0.9150583090379009,0.865,,,0.9157481757560688,0.0002623906705539359,,,,C_ppi
LUNG_XENIUM,uni_v2,15,masking,A,,unit,12,100,theta2,donor,design,textbook_t|fpc|lin,200,343,0.010147138887672194,1.0327442708374934,0.925,0.9194314868804665,0.805,,,0.0,1.0,,,,r4_classical
LUNG_XENIUM,uni_v2,15,masking,A,,unit,12,100,theta2,donor,design,textbook_t|fpc|lin|xf,200,343,0.010147138887672194,1.0327442708374934,0.925,0.9194314868804665,0.805,,,0.0,1.0,,,,r4_classical
LUNG_XENIUM,uni_v2,15,masking,A,,unit,12,100,theta2,donor,design,textbook_t|fpc|lin,200,343,0.006318337211457221,0.8610139171859132,0.885,0.8795335276967932,0.725,,,0.7856461490901356,0.10395043731778425,,,,r4_ppi
LUNG_XENIUM,uni_v2,15,masking,A,,unit,12,100,theta2,donor,design,textbook_t|fpc|lin|xf,200,343,0.006318337211457221,1.036698933847751,0.915,0.9093731778425658,0.785,,,0.7856461490901356,0.10395043731778425,,,,r4_ppi
LUNG_XENIUM,uni_v2,15,masking,A,,unit,12,100,theta2,donor,design,textbook_t|fpc|lin,200,343,0.010147138887672059,1.0327442708374892,0.925,0.9194314868804665,0.805,,,0.0,1.0,,,,P_classical
LUNG_XENIUM,uni_v2,15,masking,A,,unit,12,100,theta2,donor,design,textbook_t|fpc|lin|xf,200,343,0.010147138887672059,1.0327442708374892,0.925,0.9194314868804665,0.805,,,0.0,1.0,,,,P_classical
LUNG_XENIUM,uni_v2,15,masking,A,,unit,12,100,theta2,donor,design,textbook_t|fpc|lin,200,343,0.006238948516086318,0.8638982143805957,0.885,0.8788192419825073,0.72,,,0.8188091247139253,0.058250728862973764,,,,P_ppi
LUNG_XENIUM,uni_v2,15,masking,A,,unit,12,100,theta2,donor,design,textbook_t|fpc|lin|xf,200,343,0.006238948516086318,1.0308392472710786,0.915,0.9093002915451894,0.785,,,0.8188091247139253,0.058250728862973764,,,,P_ppi
LUNG_XENIUM,uni_v2,15,masking,A,,unit,12,100,theta2,donor,design,textbook_t|fpc|lin,200,343,0.010147138887672193,1.0327442708374923,0.925,0.9194314868804665,0.805,,,0.0,1.0,,,,C_classical
LUNG_XENIUM,uni_v2,15,masking,A,,unit,12,100,theta2,donor,design,textbook_t|fpc|lin|xf,200,343,0.010147138887672193,1.0327442708374923,0.925,0.9194314868804665,0.805,,,0.0,1.0,,,,C_classical
LUNG_XENIUM,uni_v2,15,masking,A,,unit,12,100,theta2,donor,design,textbook_t|fpc|lin,200,343,0.006142653141494104,0.8695432358297547,0.885,0.8755830903790087,0.71,,,0.8906222590723442,0.0005247813411078718,,,,C_ppi
LUNG_XENIUM,uni_v2,15,masking,A,,unit,12,100,theta2,donor,design,textbook_t|fpc|lin|xf,200,343,0.006142653141494104,1.0373247749703471,0.915,0.9078134110787172,0.785,,,0.8906222590723442,0.0005247813411078718,,,,C_ppi
LUNG_XENIUM,uni_v2,15,masking,A,,unit,12,200,theta3,donor,design,textbook_t|fpc|lin,200,343,0.004227850722826013,1.0056294267493764,0.925,0.9217784256559767,0.855,,,0.0,1.0,,,,r4_classical
LUNG_XENIUM,uni_v2,15,masking,A,,unit,12,200,theta3,donor,design,textbook_t|fpc|lin|xf,200,343,0.004227850722826013,1.0056294267493764,0.925,0.9217784256559767,0.855,,,0.0,1.0,,,,r4_classical
LUNG_XENIUM,uni_v2,15,masking,A,,unit,12,200,theta3,donor,design,textbook_t|fpc|lin,200,343,0.0009126554868850821,0.9382498572062047,0.91,0.9077551020408163,0.83,,,0.899373210989006,0.002011661807580175,,,,r4_ppi
LUNG_XENIUM,uni_v2,15,masking,A,,unit,12,200,theta3,donor,design,textbook_t|fpc|lin|xf,200,343,0.0009126554868850821,0.9746871031712665,0.915,0.9123469387755102,0.845,,,0.899373210989006,0.002011661807580175,,,,r4_ppi
LUNG_XENIUM,uni_v2,15,masking,A,,unit,12,200,theta3,donor,design,textbook_t|fpc|lin,200,343,0.0017954536787714334,0.9783020836035866,0.905,0.9066763848396502,0.82,,,0.0,1.0,,,,P_classical
LUNG_XENIUM,uni_v2,15,masking,A,,unit,12,200,theta3,donor,design,textbook_t|fpc|lin|xf,200,343,0.0017954536787714334,0.9783020836035866,0.905,0.9066763848396502,0.82,,,0.0,1.0,,,,P_classical
LUNG_XENIUM,uni_v2,15,masking,A,,unit,12,200,theta3,donor,design,textbook_t|fpc|lin,200,343,0.000865208555645864,0.8952208362083826,0.9,0.9007580174927113,0.84,,,0.9140709423070726,4.373177842565598e-05,,,,P_ppi
LUNG_XENIUM,uni_v2,15,masking,A,,unit,12,200,theta3,donor,design,textbook_t|fpc|lin|xf,200,343,0.000865208555645864,0.9592142567547605,0.91,0.9106413994169097,0.85,,,0.9140709423070726,4.373177842565598e-05,,,,P_ppi
LUNG_XENIUM,uni_v2,15,masking,A,,unit,12,200,theta3,donor,design,textbook_t|fpc|lin,200,343,0.0017197265456140355,0.9323847528689918,0.9,0.9006268221574345,0.82,,,0.0,1.0,,,,C_classical
LUNG_XENIUM,uni_v2,15,masking,A,,unit,12,200,theta3,donor,design,textbook_t|fpc|lin|xf,200,343,0.0017197265456140355,0.9323847528689918,0.9,0.9006268221574345,0.82,,,0.0,1.0,,,,C_classical
LUNG_XENIUM,uni_v2,15,masking,A,,unit,12,200,theta3,donor,design,textbook_t|fpc|lin,200,343,0.0007754230574466592,0.8753668882297743,0.895,0.8973615160349855,0.82,,,0.9267570232697361,8.746355685131195e-05,,,,C_ppi
LUNG_XENIUM,uni_v2,15,masking,A,,unit,12,200,theta3,donor,design,textbook_t|fpc|lin|xf,200,343,0.0007754230574466592,0.9459038237896465,0.91,0.907463556851312,0.855,,,0.9267570232697361,8.746355685131195e-05,,,,C_ppi
LUNG_XENIUM,uni_v2,15,masking,A,,unit,12,200,theta2,donor,design,textbook_t|fpc|lin,200,343,0.009252741765474148,0.9640162020457461,0.915,0.9078425655976676,0.79,,,0.0,1.0,,,,r4_classical
LUNG_XENIUM,uni_v2,15,masking,A,,unit,12,200,theta2,donor,design,textbook_t|fpc|lin|xf,200,343,0.009252741765474148,0.9640162020457461,0.915,0.9078425655976676,0.79,,,0.0,1.0,,,,r4_classical
LUNG_XENIUM,uni_v2,15,masking,A,,unit,12,200,theta2,donor,design,textbook_t|fpc|lin,200,343,0.005852376690150338,0.789761474203125,0.86,0.8547521865889213,0.675,,,0.7950114178880638,0.10529154518950437,,,,r4_ppi
LUNG_XENIUM,uni_v2,15,masking,A,,unit,12,200,theta2,donor,design,textbook_t|fpc|lin|xf,200,343,0.005852376690150338,0.9683867212579839,0.9,0.8930903790087463,0.75,,,0.7950114178880638,0.10529154518950437,,,,r4_ppi
LUNG_XENIUM,uni_v2,15,masking,A,,unit,12,200,theta2,donor,design,textbook_t|fpc|lin,200,343,0.009252741765474174,0.9640162020457328,0.915,0.9078425655976676,0.79,,,0.0,1.0,,,,P_classical
LUNG_XENIUM,uni_v2,15,masking,A,,unit,12,200,theta2,donor,design,textbook_t|fpc|lin|xf,200,343,0.009252741765474174,0.9640162020457328,0.915,0.9078425655976676,0.79,,,0.0,1.0,,,,P_classical
LUNG_XENIUM,uni_v2,15,masking,A,,unit,12,200,theta2,donor,design,textbook_t|fpc|lin,200,343,0.005847648638215076,0.7923290030022428,0.865,0.8541836734693876,0.675,,,0.8227414192977653,0.05650145772594752,,,,P_ppi
LUNG_XENIUM,uni_v2,15,masking,A,,unit,12,200,theta2,donor,design,textbook_t|fpc|lin|xf,200,343,0.005847648638215076,0.9755105617240138,0.9,0.8928571428571429,0.75,,,0.8227414192977653,0.05650145772594752,,,,P_ppi
LUNG_XENIUM,uni_v2,15,masking,A,,unit,12,200,theta2,donor,design,textbook_t|fpc|lin,200,343,0.009252741765474148,0.9640162020457465,0.915,0.9078425655976676,0.79,,,0.0,1.0,,,,C_classical
LUNG_XENIUM,uni_v2,15,masking,A,,unit,12,200,theta2,donor,design,textbook_t|fpc|lin|xf,200,343,0.009252741765474148,0.9640162020457465,0.915,0.9078425655976676,0.79,,,0.0,1.0,,,,C_classical
LUNG_XENIUM,uni_v2,15,masking,A,,unit,12,200,theta2,donor,design,textbook_t|fpc|lin,200,343,0.0058131789966865965,0.7907234954509718,0.86,0.8529008746355684,0.675,,,0.890433943868497,0.00020408163265306123,,,,C_ppi
LUNG_XENIUM,uni_v2,15,masking,A,,unit,12,200,theta2,donor,design,textbook_t|fpc|lin|xf,200,343,0.0058131789966865965,0.9742945949518768,0.9,0.8926093294460642,0.75,,,0.890433943868497,0.00020408163265306123,,,,C_ppi
LUNG_XENIUM,uni_v2,15,masking,A,,unit,12,500,theta3,donor,design,textbook_t|fpc|lin,200,343,0.0014327352555168298,1.0691579241846931,0.925,0.9178279883381922,0.82,,,0.0,1.0,,,,r4_classical
LUNG_XENIUM,uni_v2,15,masking,A,,unit,12,500,theta3,donor,design,textbook_t|fpc|lin|xf,200,343,0.0014327352555168298,1.0691579241846931,0.925,0.9178279883381922,0.82,,,0.0,1.0,,,,r4_classical
LUNG_XENIUM,uni_v2,15,masking,A,,unit,12,500,theta3,donor,design,textbook_t|fpc|lin,200,343,0.00039534511918070054,0.9079081880385175,0.89,0.8869387755102042,0.8,,,0.8988854697117015,0.002696793002915452,,,,r4_ppi
LUNG_XENIUM,uni_v2,15,masking,A,,unit,12,500,theta3,donor,design,textbook_t|fpc|lin|xf,200,343,0.00039534511918070054,0.9848696644264083,0.9,0.8977988338192421,0.8,,,0.8988854697117015,0.002696793002915452,,,,r4_ppi
LUNG_XENIUM,uni_v2,15,masking,A,,unit,12,500,theta3,donor,design,textbook_t|fpc|lin,200,343,0.0010260814670739811,0.9730188355261832,0.905,0.9008892128279883,0.815,,,0.0,1.0,,,,P_classical
LUNG_XENIUM,uni_v2,15,masking,A,,unit,12,500,theta3,donor,design,textbook_t|fpc|lin|xf,200,343,0.0010260814670739811,0.9730188355261832,0.905,0.9008892128279883,0.815,,,0.0,1.0,,,,P_classical
LUNG_XENIUM,uni_v2,15,masking,A,,unit,12,500,theta3,donor,design,textbook_t|fpc|lin,200,343,0.0004264262491101029,0.869415190256648,0.89,0.8848979591836734,0.79,,,0.9257199697561943,2.915451895043732e-05,,,,P_ppi
LUNG_XENIUM,uni_v2,15,masking,A,,unit,12,500,theta3,donor,design,textbook_t|fpc|lin|xf,200,343,0.0004264262491101029,0.9699176980597761,0.9,0.9000874635568513,0.825,,,0.9257199697561943,2.915451895043732e-05,,,,P_ppi
LUNG_XENIUM,uni_v2,15,masking,A,,unit,12,500,theta3,donor,design,textbook_t|fpc|lin,200,343,0.000996747555197764,0.9743703727828811,0.905,0.9009766763848396,0.81,,,0.0,1.0,,,,C_classical
LUNG_XENIUM,uni_v2,15,masking,A,,unit,12,500,theta3,donor,design,textbook_t|fpc|lin|xf,200,343,0.000996747555197764,0.9743703727828811,0.905,0.9009766763848396,0.81,,,0.0,1.0,,,,C_classical
LUNG_XENIUM,uni_v2,15,masking,A,,unit,12,500,theta3,donor,design,textbook_t|fpc|lin,200,343,0.0004003075679729723,0.8748175800201606,0.885,0.8836880466472303,0.775,,,0.9397090566901448,2.915451895043732e-05,,,,C_ppi
LUNG_XENIUM,uni_v2,15,masking,A,,unit,12,500,theta3,donor,design,textbook_t|fpc|lin|xf,200,343,0.0004003075679729723,0.9850563384162269,0.905,0.8997084548104957,0.815,,,0.9397090566901448,2.915451895043732e-05,,,,C_ppi
LUNG_XENIUM,uni_v2,15,masking,A,,unit,12,500,theta2,donor,design,textbook_t|fpc|lin,200,343,0.009112920984407078,1.0154170857325415,0.91,0.9026822157434402,0.765,,,0.0,1.0,,,,r4_classical
LUNG_XENIUM,uni_v2,15,masking,A,,unit,12,500,theta2,donor,design,textbook_t|fpc|lin|xf,200,343,0.009112920984407078,1.0154170857325415,0.91,0.9026822157434402,0.765,,,0.0,1.0,,,,r4_classical
LUNG_XENIUM,uni_v2,15,masking,A,,unit,12,500,theta2,donor,design,textbook_t|fpc|lin,200,343,0.0058209857696467585,0.8059404719918485,0.85,0.8409475218658892,0.66,,,0.7815923470671402,0.1020262390670554,,,,r4_ppi
LUNG_XENIUM,uni_v2,15,masking,A,,unit,12,500,theta2,donor,design,textbook_t|fpc|lin|xf,200,343,0.0058209857696467585,0.9858714131299564,0.895,0.8894023323615162,0.745,,,0.7815923470671402,0.1020262390670554,,,,r4_ppi
LUNG_XENIUM,uni_v2,15,masking,A,,unit,12,500,theta2,donor,design,textbook_t|fpc|lin,200,343,0.009112920984406792,1.0154170857325397,0.91,0.9026822157434402,0.765,,,0.0,1.0,,,,P_classical
LUNG_XENIUM,uni_v2,15,masking,A,,unit,12,500,theta2,donor,design,textbook_t|fpc|lin|xf,200,343,0.009112920984406792,1.0154170857325397,0.91,0.9026822157434402,0.765,,,0.0,1.0,,,,P_classical
LUNG_XENIUM,uni_v2,15,masking,A,,unit,12,500,theta2,donor,design,textbook_t|fpc|lin,200,343,0.005789822852213782,0.8074589873403958,0.845,0.8406122448979592,0.67,,,0.8112409307334328,0.056938775510204084,,,,P_ppi
LUNG_XENIUM,uni_v2,15,masking,A,,unit,12,500,theta2,donor,design,textbook_t|fpc|lin|xf,200,343,0.005789822852213782,0.9852727727698154,0.895,0.8891690962099126,0.76,,,0.8112409307334328,0.056938775510204084,,,,P_ppi
LUNG_XENIUM,uni_v2,15,masking,A,,unit,12,500,theta2,donor,design,textbook_t|fpc|lin,200,343,0.009112920984407084,1.015417085732542,0.91,0.9026822157434402,0.765,,,0.0,1.0,,,,C_classical
LUNG_XENIUM,uni_v2,15,masking,A,,unit,12,500,theta2,donor,design,textbook_t|fpc|lin|xf,200,343,0.009112920984407084,1.015417085732542,0.91,0.9026822157434402,0.765,,,0.0,1.0,,,,C_classical
LUNG_XENIUM,uni_v2,15,masking,A,,unit,12,500,theta2,donor,design,textbook_t|fpc|lin,200,343,0.005785468795223598,0.8049165196085317,0.845,0.8402915451895044,0.67,,,0.8906960095337135,2.915451895043732e-05,,,,C_ppi
LUNG_XENIUM,uni_v2,15,masking,A,,unit,12,500,theta2,donor,design,textbook_t|fpc|lin|xf,200,343,0.005785468795223598,0.9849033941351694,0.895,0.8892565597667638,0.745,,,0.8906960095337135,2.915451895043732e-05,,,,C_ppi
LUNG_XENIUM,uni_v2,15,masking,A,,unit,12,all,theta3,donor,design,textbook_t|fpc|lin,200,343,0.0006795054910748333,1.218821899686575,0.92,0.9160932944606415,0.775,,,0.0,1.0,,,,r4_classical
LUNG_XENIUM,uni_v2,15,masking,A,,unit,12,all,theta3,donor,design,textbook_t|fpc|lin|xf,200,343,0.0006795054910748333,1.218821899686575,0.92,0.9160932944606415,0.775,,,0.0,1.0,,,,r4_classical
LUNG_XENIUM,uni_v2,15,masking,A,,unit,12,all,theta3,donor,design,textbook_t|fpc|lin,200,343,0.00028898060110357836,0.9884116220914442,0.89,0.8884985422740524,0.76,,,0.8706604884826696,0.0037900874635568515,,,,r4_ppi
LUNG_XENIUM,uni_v2,15,masking,A,,unit,12,all,theta3,donor,design,textbook_t|fpc|lin|xf,200,343,0.00028898060110357836,1.1166912674335616,0.91,0.9084110787172011,0.8,,,0.8706604884826696,0.0037900874635568515,,,,r4_ppi
LUNG_XENIUM,uni_v2,15,masking,A,,unit,12,all,theta3,donor,design,textbook_t|fpc|lin,200,343,0.0006795054910748333,1.2188218996865752,0.92,0.9160932944606415,0.775,,,0.0,1.0,,,,P_classical
LUNG_XENIUM,uni_v2,15,masking,A,,unit,12,all,theta3,donor,design,textbook_t|fpc|lin|xf,200,343,0.0006795054910748333,1.2188218996865752,0.92,0.9160932944606415,0.775,,,0.0,1.0,,,,P_classical
LUNG_XENIUM,uni_v2,15,masking,A,,unit,12,all,theta3,donor,design,textbook_t|fpc|lin,200,343,0.00028898060110357863,0.9884116220914433,0.89,0.8884985422740524,0.76,,,0.9299678554416517,0.0,,,,P_ppi
LUNG_XENIUM,uni_v2,15,masking,A,,unit,12,all,theta3,donor,design,textbook_t|fpc|lin|xf,200,343,0.00028898060110357863,1.116691267433561,0.91,0.9084110787172011,0.8,,,0.9299678554416517,0.0,,,,P_ppi
LUNG_XENIUM,uni_v2,15,masking,A,,unit,12,all,theta3,donor,design,textbook_t|fpc|lin,200,343,0.000679505491074834,1.218821899686574,0.92,0.9160932944606415,0.775,,,0.0,1.0,,,,C_classical
LUNG_XENIUM,uni_v2,15,masking,A,,unit,12,all,theta3,donor,design,textbook_t|fpc|lin|xf,200,343,0.000679505491074834,1.218821899686574,0.92,0.9160932944606415,0.775,,,0.0,1.0,,,,C_classical
LUNG_XENIUM,uni_v2,15,masking,A,,unit,12,all,theta3,donor,design,textbook_t|fpc|lin,200,343,0.00028898060110357776,0.9884116220914433,0.89,0.8884985422740524,0.76,,,0.945026235273537,0.0,,,,C_ppi
LUNG_XENIUM,uni_v2,15,masking,A,,unit,12,all,theta3,donor,design,textbook_t|fpc|lin|xf,200,343,0.00028898060110357776,1.1166912674335607,0.91,0.9084110787172011,0.8,,,0.945026235273537,0.0,,,,C_ppi
LUNG_XENIUM,uni_v2,15,masking,A,,unit,12,all,theta2,donor,design,textbook_t|fpc|lin,200,343,0.008956475653425468,1.045709202150039,0.885,0.875,0.725,,,0.0,1.0,,,,r4_classical
LUNG_XENIUM,uni_v2,15,masking,A,,unit,12,all,theta2,donor,design,textbook_t|fpc|lin|xf,200,343,0.008956475653425468,1.045709202150039,0.885,0.875,0.725,,,0.0,1.0,,,,r4_classical
LUNG_XENIUM,uni_v2,15,masking,A,,unit,12,all,theta2,donor,design,textbook_t|fpc|lin,200,343,0.005889382544922778,0.7944489298423304,0.825,0.8167784256559766,0.595,,,0.7909313835536612,0.09899416909620991,,,,r4_ppi
LUNG_XENIUM,uni_v2,15,masking,A,,unit,12,all,theta2,donor,design,textbook_t|fpc|lin|xf,200,343,0.005889382544922778,0.9804186539757886,0.885,0.8761370262390672,0.705,,,0.7909313835536612,0.09899416909620991,,,,r4_ppi
LUNG_XENIUM,uni_v2,15,masking,A,,unit,12,all,theta2,donor,design,textbook_t|fpc|lin,200,343,0.008956475653425526,1.045709202150034,0.885,0.8745189504373178,0.725,,,0.0,1.0,,,,P_classical
LUNG_XENIUM,uni_v2,15,masking,A,,unit,12,all,theta2,donor,design,textbook_t|fpc|lin|xf,200,343,0.008956475653425526,1.045709202150034,0.885,0.8745189504373178,0.725,,,0.0,1.0,,,,P_classical
LUNG_XENIUM,uni_v2,15,masking,A,,unit,12,all,theta2,donor,design,textbook_t|fpc|lin,200,343,0.005889382544922786,0.7944489298423199,0.825,0.8167346938775509,0.595,,,0.8217396048942731,0.05208454810495627,,,,P_ppi
LUNG_XENIUM,uni_v2,15,masking,A,,unit,12,all,theta2,donor,design,textbook_t|fpc|lin|xf,200,343,0.005889382544922786,0.9804186539757593,0.885,0.8760932944606414,0.705,,,0.8217396048942731,0.05208454810495627,,,,P_ppi
LUNG_XENIUM,uni_v2,15,masking,A,,unit,12,all,theta2,donor,design,textbook_t|fpc|lin,200,343,0.008956475653425474,1.0457092021500383,0.885,0.8746938775510203,0.725,,,0.0,1.0,,,,C_classical
LUNG_XENIUM,uni_v2,15,masking,A,,unit,12,all,theta2,donor,design,textbook_t|fpc|lin|xf,200,343,0.008956475653425474,1.0457092021500383,0.885,0.8746938775510203,0.725,,,0.0,1.0,,,,C_classical
LUNG_XENIUM,uni_v2,15,masking,A,,unit,12,all,theta2,donor,design,textbook_t|fpc|lin,200,343,0.005889382544922828,0.7944489298423293,0.825,0.8166618075801749,0.595,,,0.9006364225527828,0.0,,,,C_ppi
LUNG_XENIUM,uni_v2,15,masking,A,,unit,12,all,theta2,donor,design,textbook_t|fpc|lin|xf,200,343,0.005889382544922828,0.9804186539757885,0.885,0.8760204081632653,0.705,,,0.9006364225527828,0.0,,,,C_ppi
