cell_id,alpha,o,n,frac_not_interval,exact_coverage,exact_coverage_sd
normal|K18|N21|share0.1|tau0.0,0.1,3,5000,0.0,1.0,0.0
normal|K18|N21|share0.1|tau0.0,0.1,5,5000,0.0,1.0,0.0
normal|K18|N21|share0.1|tau0.0,0.1,9,5000,0.0,0.8991932,0.0977181274904921
normal|K18|N21|share0.1|tau0.0,0.1,10,5000,0.0,0.9084084000000001,0.08870807761442474
normal|K18|N21|share0.1|tau0.0,0.1,12,5000,0.0,0.922902,0.07471764277082246
normal|K18|N21|share0.1|tau0.0,0.1,15,5000,0.0,0.9377348,0.06053191630485774
normal|K18|N21|share0.1|tau0.0,0.1,17,5000,0.0,0.9452868000000001,0.05331593254827958
normal|K18|N21|share0.1|tau0.0,0.1,20,5000,0.0,0.9058316000000001,0.06392861812273924
normal|K18|N21|share0.1|tau0.0,0.1,25,5000,0.0,0.9239752,0.05222309867641977
normal|K18|N21|share0.1|tau0.0,0.1,35,5000,0.0,0.9173188,0.047045988474750035
normal|K18|N21|share0.1|tau0.0,0.1,50,5000,0.0,0.9021236,0.04354196026249514
normal|K18|N21|share0.1|tau0.0,0.1,100,5000,0.0,0.9010319999999999,0.03274791995306344
normal|K18|N21|share0.1|tau0.0,0.2,3,5000,0.0,1.0,0.0
normal|K18|N21|share0.1|tau0.0,0.2,5,5000,0.0,0.8365968,0.15624954980454453
normal|K18|N21|share0.1|tau0.0,0.2,9,5000,0.0,0.8001608,0.1270866898959515
normal|K18|N21|share0.1|tau0.0,0.2,10,5000,0.0,0.8196628,0.11554280386101433
normal|K18|N21|share0.1|tau0.0,0.2,12,5000,0.0,0.84755,0.10002811317167253
normal|K18|N21|share0.1|tau0.0,0.2,15,5000,0.0,0.814874,0.0974634246670491
normal|K18|N21|share0.1|tau0.0,0.2,17,5000,0.0,0.8357512,0.08783230955337738
normal|K18|N21|share0.1|tau0.0,0.2,20,5000,0.0,0.8120324,0.08572597703653073
normal|K18|N21|share0.1|tau0.0,0.2,25,5000,0.0,0.8096456,0.07758323422161803
normal|K18|N21|share0.1|tau0.0,0.2,35,5000,0.0,0.80681,0.0669241037828182
normal|K18|N21|share0.1|tau0.0,0.2,50,5000,0.0,0.805052,0.05706099620106088
normal|K18|N21|share0.1|tau0.0,0.2,100,5000,0.0,0.8025359999999999,0.042723831396
normal|K18|N21|share0.1|tau0.3,0.1,3,5000,0.0,1.0,0.0
normal|K18|N21|share0.1|tau0.3,0.1,5,5000,0.0,1.0,0.0
normal|K18|N21|share0.1|tau0.3,0.1,9,5000,0.0,0.8999804,0.09429263086735454
normal|K18|N21|share0.1|tau0.3,0.1,10,5000,0.0,0.9091056000000001,0.0861644109234315
normal|K18|N21|share0.1|tau0.3,0.1,12,5000,0.0,0.9236608000000001,0.0726778463992394
normal|K18|N21|share0.1|tau0.3,0.1,15,5000,0.0,0.9380847999999999,0.05907567685671685
normal|K18|N21|share0.1|tau0.3,0.1,17,5000,0.0,0.9449708,0.052704651629819875
normal|K18|N21|share0.1|tau0.3,0.1,20,5000,0.0,0.9052896,0.06314923354229558
normal|K18|N21|share0.1|tau0.3,0.1,25,5000,0.0,0.9230659999999999,0.05268000266264326
normal|K18|N21|share0.1|tau0.3,0.1,35,5000,0.0,0.9168656000000001,0.04710191561636257
normal|K18|N21|share0.1|tau0.3,0.1,50,5000,0.0,0.9017683999999999,0.04356674389571398
normal|K18|N21|share0.1|tau0.3,0.1,100,5000,0.0,0.90118,0.03191706972558688
normal|K18|N21|share0.1|tau0.3,0.2,3,5000,0.0,1.0,0.0
normal|K18|N21|share0.1|tau0.3,0.2,5,5000,0.0,0.8335772000000001,0.15671149842595417
normal|K18|N21|share0.1|tau0.3,0.2,9,5000,0.0,0.7981056,0.12374293398567159
normal|K18|N21|share0.1|tau0.3,0.2,10,5000,0.0,0.8159408,0.11506133806654405
normal|K18|N21|share0.1|tau0.3,0.2,12,5000,0.0,0.8444172000000001,0.09912147576358764
normal|K18|N21|share0.1|tau0.3,0.2,15,5000,0.0,0.8110212,0.09703280797608994
normal|K18|N21|share0.1|tau0.3,0.2,17,5000,0.0,0.8323848,0.08678745497725045
normal|K18|N21|share0.1|tau0.3,0.2,20,5000,0.0,0.8083848,0.0859959614751648
normal|K18|N21|share0.1|tau0.3,0.2,25,5000,0.0,0.8059108,0.07975778021021399
normal|K18|N21|share0.1|tau0.3,0.2,35,5000,0.0,0.8046108000000001,0.06815256912175492
normal|K18|N21|share0.1|tau0.3,0.2,50,5000,0.0,0.8029056,0.058195804307250416
normal|K18|N21|share0.1|tau0.3,0.2,100,5000,0.0,0.8020084,0.04307945098604963
normal|K18|N21|share0.3|tau0.0,0.1,3,5000,0.0,1.0,0.0
normal|K18|N21|share0.3|tau0.0,0.1,5,5000,0.0,1.0,0.0
normal|K18|N21|share0.3|tau0.0,0.1,9,5000,0.0,0.9018688,0.09324690763621461
normal|K18|N21|share0.3|tau0.0,0.1,10,5000,0.0,0.910882,0.08435743779574088
normal|K18|N21|share0.3|tau0.0,0.1,12,5000,0.0,0.9234843999999999,0.07305893017349488
normal|K18|N21|share0.3|tau0.0,0.1,15,5000,0.0,0.9380168,0.0597024940460536
normal|K18|N21|share0.3|tau0.0,0.1,17,5000,0.0,0.9444819999999999,0.053530245407943794
normal|K18|N21|share0.3|tau0.0,0.1,20,5000,0.0,0.9056040000000001,0.06451250077737881
normal|K18|N21|share0.3|tau0.0,0.1,25,5000,0.0,0.9237048000000001,0.05314185608664482
normal|K18|N21|share0.3|tau0.0,0.1,35,5000,0.0,0.9174532,0.046999451054665416
normal|K18|N21|share0.3|tau0.0,0.1,50,5000,0.0,0.9023848,0.04326281386101271
normal|K18|N21|share0.3|tau0.0,0.1,100,5000,0.0,0.9009228000000001,0.03278427979932443
normal|K18|N21|share0.3|tau0.0,0.2,3,5000,0.0,1.0,0.0
normal|K18|N21|share0.3|tau0.0,0.2,5,5000,0.0,0.834498,0.15552632215601556
normal|K18|N21|share0.3|tau0.0,0.2,9,5000,0.0,0.8010708,0.12250998949826639
normal|K18|N21|share0.3|tau0.0,0.2,10,5000,0.0,0.818902,0.11380955372420985
normal|K18|N21|share0.3|tau0.0,0.2,12,5000,0.0,0.8469040000000001,0.09869192268428358
normal|K18|N21|share0.3|tau0.0,0.2,15,5000,0.0,0.8132692,0.09711369494210942
normal|K18|N21|share0.3|tau0.0,0.2,17,5000,0.0,0.8349324,0.08783295483946321
normal|K18|N21|share0.3|tau0.0,0.2,20,5000,0.0,0.8120268,0.0853602516179005
normal|K18|N21|share0.3|tau0.0,0.2,25,5000,0.0,0.8089732,0.07826624561585001
normal|K18|N21|share0.3|tau0.0,0.2,35,5000,0.0,0.8063328000000001,0.06763738172964306
normal|K18|N21|share0.3|tau0.0,0.2,50,5000,0.0,0.8045484,0.057793398176734456
normal|K18|N21|share0.3|tau0.0,0.2,100,5000,0.0,0.8017908,0.043671236194252
normal|K18|N21|share0.3|tau0.3,0.1,3,5000,0.0,1.0,0.0
normal|K18|N21|share0.3|tau0.3,0.1,5,5000,0.0,1.0,0.0
normal|K18|N21|share0.3|tau0.3,0.1,9,5000,0.0,0.8996812,0.09465532363590815
normal|K18|N21|share0.3|tau0.3,0.1,10,5000,0.0,0.9083959999999999,0.08693182278292842
normal|K18|N21|share0.3|tau0.3,0.1,12,5000,0.0,0.9221832,0.07486934433734746
normal|K18|N21|share0.3|tau0.3,0.1,15,5000,0.0,0.9367956000000001,0.061723980676865894
normal|K18|N21|share0.3|tau0.3,0.1,17,5000,0.0,0.9434752000000001,0.05514241853804067
normal|K18|N21|share0.3|tau0.3,0.1,20,5000,0.0,0.9038335999999999,0.06481135404666884
normal|K18|N21|share0.3|tau0.3,0.1,25,5000,0.0,0.9224032,0.0529099359480278
normal|K18|N21|share0.3|tau0.3,0.1,35,5000,0.0,0.9157116,0.04717400452347209
normal|K18|N21|share0.3|tau0.3,0.1,50,5000,0.0,0.9014768,0.04315641733313146
normal|K18|N21|share0.3|tau0.3,0.1,100,5000,0.0,0.9010192000000001,0.03231963711350473
normal|K18|N21|share0.3|tau0.3,0.2,3,5000,0.0,1.0,0.0
normal|K18|N21|share0.3|tau0.3,0.2,5,5000,0.0,0.8316824,0.15823956990126248
normal|K18|N21|share0.3|tau0.3,0.2,9,5000,0.0,0.7972928,0.125377416497045
normal|K18|N21|share0.3|tau0.3,0.2,10,5000,0.0,0.8160652,0.11602335985898081
normal|K18|N21|share0.3|tau0.3,0.2,12,5000,0.0,0.8443611999999999,0.10121047696108024
normal|K18|N21|share0.3|tau0.3,0.2,15,5000,0.0,0.811002,0.09843428801902106
normal|K18|N21|share0.3|tau0.3,0.2,17,5000,0.0,0.8319211999999999,0.08958909661229077
normal|K18|N21|share0.3|tau0.3,0.2,20,5000,0.0,0.8083168,0.08679498552141332
normal|K18|N21|share0.3|tau0.3,0.2,25,5000,0.0,0.8063256000000001,0.07896003116732148
normal|K18|N21|share0.3|tau0.3,0.2,35,5000,0.0,0.8044104000000001,0.06773787460329075
normal|K18|N21|share0.3|tau0.3,0.2,50,5000,0.0,0.8027524,0.058666432005780436
normal|K18|N21|share0.3|tau0.3,0.2,100,5000,0.0,0.801988,0.0428123350823923
normal|K18|N21|share0.5|tau0.0,0.1,3,5000,0.0,1.0,0.0
normal|K18|N21|share0.5|tau0.0,0.1,5,5000,0.0,1.0,0.0
normal|K18|N21|share0.5|tau0.0,0.1,9,5000,0.0,0.9016472,0.09420870972663664
normal|K18|N21|share0.5|tau0.0,0.1,10,5000,0.0,0.911198,0.08532700941499786
normal|K18|N21|share0.5|tau0.0,0.1,12,5000,0.0,0.9248956,0.0731220518553296
normal|K18|N21|share0.5|tau0.0,0.1,15,5000,0.0,0.9376327999999999,0.06021303418743501
normal|K18|N21|share0.5|tau0.0,0.1,17,5000,0.0,0.9442188,0.05425012388694011
normal|K18|N21|share0.5|tau0.0,0.1,20,5000,0.0,0.9040036,0.0650650957147999
normal|K18|N21|share0.5|tau0.0,0.1,25,5000,0.0,0.9234656000000001,0.05254828904137822
normal|K18|N21|share0.5|tau0.0,0.1,35,5000,0.0,0.9169792,0.04717855371401406
normal|K18|N21|share0.5|tau0.0,0.1,50,5000,0.0,0.9021703999999999,0.043372267574556346
normal|K18|N21|share0.5|tau0.0,0.1,100,5000,0.0,0.9010067999999999,0.03197876298446209
normal|K18|N21|share0.5|tau0.0,0.2,3,5000,0.0,1.0,0.0
normal|K18|N21|share0.5|tau0.0,0.2,5,5000,0.0,0.8333272,0.15908961386969406
normal|K18|N21|share0.5|tau0.0,0.2,9,5000,0.0,0.7995156,0.1258838174815999
normal|K18|N21|share0.5|tau0.0,0.2,10,5000,0.0,0.818736,0.11579471830509991
normal|K18|N21|share0.5|tau0.0,0.2,12,5000,0.0,0.8475472,0.09968571422467766
normal|K18|N21|share0.5|tau0.0,0.2,15,5000,0.0,0.8127984,0.09717091640423575
normal|K18|N21|share0.5|tau0.0,0.2,17,5000,0.0,0.8335524,0.08763642440684447
normal|K18|N21|share0.5|tau0.0,0.2,20,5000,0.0,0.8089876,0.0860713744664305
normal|K18|N21|share0.5|tau0.0,0.2,25,5000,0.0,0.8080768,0.07883966793694702
normal|K18|N21|share0.5|tau0.0,0.2,35,5000,0.0,0.8065140000000001,0.0675536742433805
normal|K18|N21|share0.5|tau0.0,0.2,50,5000,0.0,0.8040172,0.05812806102439414
normal|K18|N21|share0.5|tau0.0,0.2,100,5000,0.0,0.80145,0.04349984767041677
normal|K18|N21|share0.5|tau0.3,0.1,3,5000,0.0,1.0,0.0
normal|K18|N21|share0.5|tau0.3,0.1,5,5000,0.0,1.0,0.0
normal|K18|N21|share0.5|tau0.3,0.1,9,5000,0.0,0.8982747999999999,0.09793589930681497
normal|K18|N21|share0.5|tau0.3,0.1,10,5000,0.0,0.9077208000000001,0.08924424773906109
normal|K18|N21|share0.5|tau0.3,0.1,12,5000,0.0,0.9227216,0.07488142586134298
normal|K18|N21|share0.5|tau0.3,0.1,15,5000,0.0,0.9372408,0.06096499127689809
normal|K18|N21|share0.5|tau0.3,0.1,17,5000,0.0,0.9441276,0.05480187923268219
normal|K18|N21|share0.5|tau0.3,0.1,20,5000,0.0,0.9051,0.06490849422475073
normal|K18|N21|share0.5|tau0.3,0.1,25,5000,0.0,0.923012,0.053013752438301545
normal|K18|N21|share0.5|tau0.3,0.1,35,5000,0.0,0.9167976000000001,0.04762999010530538
normal|K18|N21|share0.5|tau0.3,0.1,50,5000,0.0,0.9017948,0.04322743128064663
normal|K18|N21|share0.5|tau0.3,0.1,100,5000,0.0,0.900642,0.03293663006927187
normal|K18|N21|share0.5|tau0.3,0.2,3,5000,0.0,1.0,0.0
normal|K18|N21|share0.5|tau0.3,0.2,5,5000,0.0,0.8325052,0.15632878593151733
normal|K18|N21|share0.5|tau0.3,0.2,9,5000,0.0,0.7967556,0.12625083652548488
normal|K18|N21|share0.5|tau0.3,0.2,10,5000,0.0,0.8159188,0.11663295441585603
normal|K18|N21|share0.5|tau0.3,0.2,12,5000,0.0,0.8457504000000001,0.10062102075512633
normal|K18|N21|share0.5|tau0.3,0.2,15,5000,0.0,0.8109216,0.09934991864469221
normal|K18|N21|share0.5|tau0.3,0.2,17,5000,0.0,0.8327564000000001,0.08908932169731745
normal|K18|N21|share0.5|tau0.3,0.2,20,5000,0.0,0.808654,0.08665246224916402
normal|K18|N21|share0.5|tau0.3,0.2,25,5000,0.0,0.806288,0.07789543372829454
normal|K18|N21|share0.5|tau0.3,0.2,35,5000,0.0,0.805632,0.06693481478189044
normal|K18|N21|share0.5|tau0.3,0.2,50,5000,0.0,0.802874,0.05779156423717384
normal|K18|N21|share0.5|tau0.3,0.2,100,5000,0.0,0.801854,0.043462044059785876
normal|K18|N21|share0.9|tau0.0,0.1,3,5000,0.0,1.0,0.0
normal|K18|N21|share0.9|tau0.0,0.1,5,5000,0.0,1.0,0.0
normal|K18|N21|share0.9|tau0.0,0.1,9,5000,0.0,0.8999772,0.09522231323564648
normal|K18|N21|share0.9|tau0.0,0.1,10,5000,0.0,0.9096164000000001,0.08685811486247831
normal|K18|N21|share0.9|tau0.0,0.1,12,5000,0.0,0.923042,0.07503133862830431
normal|K18|N21|share0.9|tau0.0,0.1,15,5000,0.0,0.9377487999999999,0.06058878360472123
normal|K18|N21|share0.9|tau0.0,0.1,17,5000,0.0,0.944542,0.05472898033270526
normal|K18|N21|share0.9|tau0.0,0.1,20,5000,0.0,0.9055704,0.06397297204343734
normal|K18|N21|share0.9|tau0.0,0.1,25,5000,0.0,0.9232807999999999,0.052984686719516894
normal|K18|N21|share0.9|tau0.0,0.1,35,5000,0.0,0.9169044,0.046737725058337155
normal|K18|N21|share0.9|tau0.0,0.1,50,5000,0.0,0.9025592,0.04334589102341448
normal|K18|N21|share0.9|tau0.0,0.1,100,5000,0.0,0.9011992,0.03259735015008681
normal|K18|N21|share0.9|tau0.0,0.2,3,5000,0.0,1.0,0.0
normal|K18|N21|share0.9|tau0.0,0.2,5,5000,0.0,0.8335191999999999,0.15679317603572637
normal|K18|N21|share0.9|tau0.0,0.2,9,5000,0.0,0.7994004,0.12620636310843375
normal|K18|N21|share0.9|tau0.0,0.2,10,5000,0.0,0.8187808,0.11669142268815558
normal|K18|N21|share0.9|tau0.0,0.2,12,5000,0.0,0.8485879999999999,0.0998734138585397
normal|K18|N21|share0.9|tau0.0,0.2,15,5000,0.0,0.8132351999999999,0.09873316731790661
normal|K18|N21|share0.9|tau0.0,0.2,17,5000,0.0,0.8351624,0.08765300585905327
normal|K18|N21|share0.9|tau0.0,0.2,20,5000,0.0,0.8103319999999999,0.08580106608072016
normal|K18|N21|share0.9|tau0.0,0.2,25,5000,0.0,0.8081752000000001,0.0772650612042506
normal|K18|N21|share0.9|tau0.0,0.2,35,5000,0.0,0.8056048,0.06749591807473504
normal|K18|N21|share0.9|tau0.0,0.2,50,5000,0.0,0.8052528,0.05687845922653665
normal|K18|N21|share0.9|tau0.0,0.2,100,5000,0.0,0.803452,0.04297856590703664
normal|K18|N21|share0.9|tau0.3,0.1,3,5000,0.0,1.0,0.0
normal|K18|N21|share0.9|tau0.3,0.1,5,5000,0.0,1.0,0.0
normal|K18|N21|share0.9|tau0.3,0.1,9,5000,0.0,0.8995196,0.0959697830345112
normal|K18|N21|share0.9|tau0.3,0.1,10,5000,0.0,0.9077780000000001,0.08849214704151775
normal|K18|N21|share0.9|tau0.3,0.1,12,5000,0.0,0.9219436,0.07547773841894959
normal|K18|N21|share0.9|tau0.3,0.1,15,5000,0.0,0.9357384,0.06321261529462675
normal|K18|N21|share0.9|tau0.3,0.1,17,5000,0.0,0.9437840000000001,0.05575465415812442
normal|K18|N21|share0.9|tau0.3,0.1,20,5000,0.0,0.9036907999999999,0.06657755559902985
normal|K18|N21|share0.9|tau0.3,0.1,25,5000,0.0,0.9217112,0.05493114308528564
normal|K18|N21|share0.9|tau0.3,0.1,35,5000,0.0,0.9158168,0.048124447324058094
normal|K18|N21|share0.9|tau0.3,0.1,50,5000,0.0,0.9013484,0.04316897183702539
normal|K18|N21|share0.9|tau0.3,0.1,100,5000,0.0,0.9011608,0.03226777936699485
normal|K18|N21|share0.9|tau0.3,0.2,3,5000,0.0,1.0,0.0
normal|K18|N21|share0.9|tau0.3,0.2,5,5000,0.0,0.8317488,0.1560456566135361
normal|K18|N21|share0.9|tau0.3,0.2,9,5000,0.0,0.7980748,0.1256328234428616
normal|K18|N21|share0.9|tau0.3,0.2,10,5000,0.0,0.8166127999999999,0.11616671561735518
normal|K18|N21|share0.9|tau0.3,0.2,12,5000,0.0,0.8446604,0.10090664746259505
normal|K18|N21|share0.9|tau0.3,0.2,15,5000,0.0,0.8118316,0.09873993698839038
normal|K18|N21|share0.9|tau0.3,0.2,17,5000,0.0,0.8325,0.0898207924422347
normal|K18|N21|share0.9|tau0.3,0.2,20,5000,0.0,0.8081888,0.08748612186434938
normal|K18|N21|share0.9|tau0.3,0.2,25,5000,0.0,0.806068,0.07938825023172501
normal|K18|N21|share0.9|tau0.3,0.2,35,5000,0.0,0.8052388,0.06807942079708977
normal|K18|N21|share0.9|tau0.3,0.2,50,5000,0.0,0.8031788,0.05807619305188555
normal|K18|N21|share0.9|tau0.3,0.2,100,5000,0.0,0.8028696,0.04335517189478092
normal|K18|N21|share0.0|tau0.0,0.1,3,5000,0.0,1.0,0.0
normal|K18|N21|share0.0|tau0.0,0.1,5,5000,0.0,1.0,0.0
normal|K18|N21|share0.0|tau0.0,0.1,9,5000,0.0,0.8972972,0.09811490497919174
normal|K18|N21|share0.0|tau0.0,0.1,10,5000,0.0,0.9067072,0.08972305564069205
normal|K18|N21|share0.0|tau0.0,0.1,12,5000,0.0,0.9220028,0.07520430260022308
normal|K18|N21|share0.0|tau0.0,0.1,15,5000,0.0,0.9368711999999999,0.06090161583999537
normal|K18|N21|share0.0|tau0.0,0.1,17,5000,0.0,0.944442,0.05325858364006942
normal|K18|N21|share0.0|tau0.0,0.1,20,5000,0.0,0.9047915999999999,0.06351879325726666
normal|K18|N21|share0.0|tau0.0,0.1,25,5000,0.0,0.9230664000000001,0.05248154774404745
normal|K18|N21|share0.0|tau0.0,0.1,35,5000,0.0,0.9170388,0.046383496853041
normal|K18|N21|share0.0|tau0.0,0.1,50,5000,0.0,0.9025175999999999,0.04351818535659946
normal|K18|N21|share0.0|tau0.0,0.1,100,5000,0.0,0.9010763999999999,0.0328037769257767
normal|K18|N21|share0.0|tau0.0,0.2,3,5000,0.0,1.0,0.0
normal|K18|N21|share0.0|tau0.0,0.2,5,5000,0.0,0.8321940000000001,0.15667870566021885
normal|K18|N21|share0.0|tau0.0,0.2,9,5000,0.0,0.7978096,0.12823118963590352
normal|K18|N21|share0.0|tau0.0,0.2,10,5000,0.0,0.8158228,0.11880253957235844
normal|K18|N21|share0.0|tau0.0,0.2,12,5000,0.0,0.8456724,0.1005988504108312
normal|K18|N21|share0.0|tau0.0,0.2,15,5000,0.0,0.8120048,0.09820806149002391
normal|K18|N21|share0.0|tau0.0,0.2,17,5000,0.0,0.8334464,0.08734304831329015
normal|K18|N21|share0.0|tau0.0,0.2,20,5000,0.0,0.8097716,0.08609415702714579
normal|K18|N21|share0.0|tau0.0,0.2,25,5000,0.0,0.8079988,0.07735190664781587
normal|K18|N21|share0.0|tau0.0,0.2,35,5000,0.0,0.8058956,0.06677260528692405
normal|K18|N21|share0.0|tau0.0,0.2,50,5000,0.0,0.8038336,0.057846223283371065
normal|K18|N21|share0.0|tau0.0,0.2,100,5000,0.0,0.801986,0.04327511006375611
normal|K18|N100|share0.1|tau0.0,0.1,3,5000,0.0,1.0,0.0
normal|K18|N100|share0.1|tau0.0,0.1,5,5000,0.0,1.0,0.0
normal|K18|N100|share0.1|tau0.0,0.1,9,5000,0.0,0.8984835999999999,0.09620228015375415
normal|K18|N100|share0.1|tau0.0,0.1,10,5000,0.0,0.9078575999999999,0.086820500356174
normal|K18|N100|share0.1|tau0.0,0.1,12,5000,0.0,0.9226807999999999,0.07258562837124993
normal|K18|N100|share0.1|tau0.0,0.1,15,5000,0.0,0.9362971999999999,0.06154514142518976
normal|K18|N100|share0.1|tau0.0,0.1,17,5000,0.0,0.9434848,0.05494903136698256
normal|K18|N100|share0.1|tau0.0,0.1,20,5000,0.0,0.9038807999999999,0.06553197600664779
normal|K18|N100|share0.1|tau0.0,0.1,25,5000,0.0,0.9221172000000001,0.05346938244576814
normal|K18|N100|share0.1|tau0.0,0.1,35,5000,0.0,0.9158428,0.04739912049273372
normal|K18|N100|share0.1|tau0.0,0.1,50,5000,0.0,0.9016268,0.04401062722595275
normal|K18|N100|share0.1|tau0.0,0.1,100,5000,0.0,0.9000748,0.03312362661134766
normal|K18|N100|share0.1|tau0.0,0.2,3,5000,0.0,1.0,0.0
normal|K18|N100|share0.1|tau0.0,0.2,5,5000,0.0,0.8310987999999999,0.15978976936161654
normal|K18|N100|share0.1|tau0.0,0.2,9,5000,0.0,0.7971496,0.12599553243936432
normal|K18|N100|share0.1|tau0.0,0.2,10,5000,0.0,0.8157232,0.11480700114218745
normal|K18|N100|share0.1|tau0.0,0.2,12,5000,0.0,0.8449200000000001,0.09833396724338321
normal|K18|N100|share0.1|tau0.0,0.2,15,5000,0.0,0.8104376,0.09739342894795541
normal|K18|N100|share0.1|tau0.0,0.2,17,5000,0.0,0.8312332,0.08900559317752661
normal|K18|N100|share0.1|tau0.0,0.2,20,5000,0.0,0.8064560000000001,0.08794644608780898
normal|K18|N100|share0.1|tau0.0,0.2,25,5000,0.0,0.8066872,0.07847262546104437
normal|K18|N100|share0.1|tau0.0,0.2,35,5000,0.0,0.8042895999999999,0.0684705672209242
normal|K18|N100|share0.1|tau0.0,0.2,50,5000,0.0,0.8026532000000001,0.05890579010743887
normal|K18|N100|share0.1|tau0.0,0.2,100,5000,0.0,0.800802,0.044011537113350416
normal|K18|N100|share0.1|tau0.3,0.1,3,5000,0.0,1.0,0.0
normal|K18|N100|share0.1|tau0.3,0.1,5,5000,0.0,1.0,0.0
normal|K18|N100|share0.1|tau0.3,0.1,9,5000,0.0,0.9015219999999999,0.09510788304806064
normal|K18|N100|share0.1|tau0.3,0.1,10,5000,0.0,0.9094051999999999,0.08817128017608457
normal|K18|N100|share0.1|tau0.3,0.1,12,5000,0.0,0.9226724000000001,0.07578153631650188
normal|K18|N100|share0.1|tau0.3,0.1,15,5000,0.0,0.9371959999999999,0.06168292584393301
normal|K18|N100|share0.1|tau0.3,0.1,17,5000,0.0,0.9447036,0.05436239142054176
normal|K18|N100|share0.1|tau0.3,0.1,20,5000,0.0,0.9055884,0.06592860306104116
normal|K18|N100|share0.1|tau0.3,0.1,25,5000,0.0,0.923132,0.05380588806736806
normal|K18|N100|share0.1|tau0.3,0.1,35,5000,0.0,0.9173992,0.04744414430386272
normal|K18|N100|share0.1|tau0.3,0.1,50,5000,0.0,0.9016523999999999,0.0437655099160474
normal|K18|N100|share0.1|tau0.3,0.1,100,5000,0.0,0.9010488,0.03255958298026508
normal|K18|N100|share0.1|tau0.3,0.2,3,5000,0.0,1.0,0.0
normal|K18|N100|share0.1|tau0.3,0.2,5,5000,0.0,0.8336852000000001,0.15699671109427388
normal|K18|N100|share0.1|tau0.3,0.2,9,5000,0.0,0.8005756,0.12741376824467482
normal|K18|N100|share0.1|tau0.3,0.2,10,5000,0.0,0.8184163999999999,0.11714797198632197
normal|K18|N100|share0.1|tau0.3,0.2,12,5000,0.0,0.8464088,0.10221936921370872
normal|K18|N100|share0.1|tau0.3,0.2,15,5000,0.0,0.8142315999999999,0.09805781880403897
normal|K18|N100|share0.1|tau0.3,0.2,17,5000,0.0,0.8340188000000001,0.08951668388573589
normal|K18|N100|share0.1|tau0.3,0.2,20,5000,0.0,0.81048,0.08633318413991661
normal|K18|N100|share0.1|tau0.3,0.2,25,5000,0.0,0.8076964,0.07906600099627337
normal|K18|N100|share0.1|tau0.3,0.2,35,5000,0.0,0.805136,0.06827708441381504
normal|K18|N100|share0.1|tau0.3,0.2,50,5000,0.0,0.8032292000000001,0.05930900588439998
normal|K18|N100|share0.1|tau0.3,0.2,100,5000,0.0,0.8023856,0.04327710126774699
normal|K18|N100|share0.3|tau0.0,0.1,3,5000,0.0,1.0,0.0
normal|K18|N100|share0.3|tau0.0,0.1,5,5000,0.0,1.0,0.0
normal|K18|N100|share0.3|tau0.0,0.1,9,5000,0.0,0.8982551999999999,0.0965825683623203
normal|K18|N100|share0.3|tau0.0,0.1,10,5000,0.0,0.9068147999999999,0.08886289340171598
normal|K18|N100|share0.3|tau0.0,0.1,12,5000,0.0,0.9201824000000001,0.07689864895225483
normal|K18|N100|share0.3|tau0.0,0.1,15,5000,0.0,0.9365556,0.0620136795225826
normal|K18|N100|share0.3|tau0.0,0.1,17,5000,0.0,0.944182,0.0551016852296101
normal|K18|N100|share0.3|tau0.0,0.1,20,5000,0.0,0.9042979999999999,0.06428440007356827
normal|K18|N100|share0.3|tau0.0,0.1,25,5000,0.0,0.9230200000000001,0.05264036665564109
normal|K18|N100|share0.3|tau0.0,0.1,35,5000,0.0,0.9161379999999999,0.047641415773456916
normal|K18|N100|share0.3|tau0.0,0.1,50,5000,0.0,0.9014716,0.0429790813504284
normal|K18|N100|share0.3|tau0.0,0.1,100,5000,0.0,0.9010464,0.03227347769473421
normal|K18|N100|share0.3|tau0.0,0.2,3,5000,0.0,1.0,0.0
normal|K18|N100|share0.3|tau0.0,0.2,5,5000,0.0,0.8303856,0.1592396972142116
normal|K18|N100|share0.3|tau0.0,0.2,9,5000,0.0,0.7982096,0.1257348428956091
normal|K18|N100|share0.3|tau0.0,0.2,10,5000,0.0,0.8156252,0.11596484076571978
normal|K18|N100|share0.3|tau0.0,0.2,12,5000,0.0,0.8430632,0.10142071799276325
normal|K18|N100|share0.3|tau0.0,0.2,15,5000,0.0,0.8116488000000001,0.09887085590703432
normal|K18|N100|share0.3|tau0.0,0.2,17,5000,0.0,0.8333748,0.0887358728811927
normal|K18|N100|share0.3|tau0.0,0.2,20,5000,0.0,0.8093640000000001,0.08685118381246111
normal|K18|N100|share0.3|tau0.0,0.2,25,5000,0.0,0.8076399999999999,0.0784289016786778
normal|K18|N100|share0.3|tau0.0,0.2,35,5000,0.0,0.8055859999999999,0.06722658169695483
normal|K18|N100|share0.3|tau0.0,0.2,50,5000,0.0,0.8040216,0.05746479247256342
normal|K18|N100|share0.3|tau0.0,0.2,100,5000,0.0,0.8022888,0.0433223725129641
normal|K18|N100|share0.3|tau0.3,0.1,3,5000,0.0,1.0,0.0
normal|K18|N100|share0.3|tau0.3,0.1,5,5000,0.0,1.0,0.0
normal|K18|N100|share0.3|tau0.3,0.1,9,5000,0.0,0.8998371999999999,0.09682764798776727
normal|K18|N100|share0.3|tau0.3,0.1,10,5000,0.0,0.9087592000000001,0.08784483911142248
normal|K18|N100|share0.3|tau0.3,0.1,12,5000,0.0,0.9220516,0.07512456107941988
normal|K18|N100|share0.3|tau0.3,0.1,15,5000,0.0,0.9367835999999999,0.06149404422002925
normal|K18|N100|share0.3|tau0.3,0.1,17,5000,0.0,0.9433196,0.05471772529749706
normal|K18|N100|share0.3|tau0.3,0.1,20,5000,0.0,0.9048716,0.06452036026571584
normal|K18|N100|share0.3|tau0.3,0.1,25,5000,0.0,0.922524,0.05282295217853102
normal|K18|N100|share0.3|tau0.3,0.1,35,5000,0.0,0.9158424000000001,0.04703071272932157
normal|K18|N100|share0.3|tau0.3,0.1,50,5000,0.0,0.901226,0.0438655144808782
normal|K18|N100|share0.3|tau0.3,0.1,100,5000,0.0,0.9004023999999999,0.03266482316459828
normal|K18|N100|share0.3|tau0.3,0.2,3,5000,0.0,1.0,0.0
normal|K18|N100|share0.3|tau0.3,0.2,5,5000,0.0,0.8322647999999999,0.15709644980033113
normal|K18|N100|share0.3|tau0.3,0.2,9,5000,0.0,0.7987804000000001,0.12597015151080138
normal|K18|N100|share0.3|tau0.3,0.2,10,5000,0.0,0.8172368,0.11717667515508406
normal|K18|N100|share0.3|tau0.3,0.2,12,5000,0.0,0.8446832000000001,0.10083401180825571
normal|K18|N100|share0.3|tau0.3,0.2,15,5000,0.0,0.8120224,0.09749833169432504
normal|K18|N100|share0.3|tau0.3,0.2,17,5000,0.0,0.8321352000000001,0.08736175442484666
normal|K18|N100|share0.3|tau0.3,0.2,20,5000,0.0,0.809308,0.0854369020321182
normal|K18|N100|share0.3|tau0.3,0.2,25,5000,0.0,0.8062652,0.07824837270209589
normal|K18|N100|share0.3|tau0.3,0.2,35,5000,0.0,0.8049076000000001,0.06776831982035753
normal|K18|N100|share0.3|tau0.3,0.2,50,5000,0.0,0.8030056,0.05808268148267294
normal|K18|N100|share0.3|tau0.3,0.2,100,5000,0.0,0.8019248,0.04292756340744267
normal|K18|N100|share0.5|tau0.0,0.1,3,5000,0.0,1.0,0.0
normal|K18|N100|share0.5|tau0.0,0.1,5,5000,0.0,1.0,0.0
normal|K18|N100|share0.5|tau0.0,0.1,9,5000,0.0,0.8989067999999999,0.09777540447220842
normal|K18|N100|share0.5|tau0.0,0.1,10,5000,0.0,0.9084907999999999,0.0900369371167694
normal|K18|N100|share0.5|tau0.0,0.1,12,5000,0.0,0.9227664000000001,0.07689928043165409
normal|K18|N100|share0.5|tau0.0,0.1,15,5000,0.0,0.9374372,0.06228665974152374
normal|K18|N100|share0.5|tau0.0,0.1,17,5000,0.0,0.944918,0.05543756073843917
normal|K18|N100|share0.5|tau0.0,0.1,20,5000,0.0,0.9050464,0.06583089083612384
normal|K18|N100|share0.5|tau0.0,0.1,25,5000,0.0,0.923992,0.05340815688866681
normal|K18|N100|share0.5|tau0.0,0.1,35,5000,0.0,0.9173792,0.04753502417233648
normal|K18|N100|share0.5|tau0.0,0.1,50,5000,0.0,0.9029628000000001,0.04373765897624777
normal|K18|N100|share0.5|tau0.0,0.1,100,5000,0.0,0.9015368,0.031867672576940634
normal|K18|N100|share0.5|tau0.0,0.2,3,5000,0.0,1.0,0.0
normal|K18|N100|share0.5|tau0.0,0.2,5,5000,0.0,0.8346908,0.15699639858669967
normal|K18|N100|share0.5|tau0.0,0.2,9,5000,0.0,0.7989944,0.12685117190078524
normal|K18|N100|share0.5|tau0.0,0.2,10,5000,0.0,0.8168564,0.1189027794176009
normal|K18|N100|share0.5|tau0.0,0.2,12,5000,0.0,0.8471312,0.10247278526957368
normal|K18|N100|share0.5|tau0.0,0.2,15,5000,0.0,0.8122012,0.09975942415181349
normal|K18|N100|share0.5|tau0.0,0.2,17,5000,0.0,0.8328056,0.09101349185576794
normal|K18|N100|share0.5|tau0.0,0.2,20,5000,0.0,0.8089908,0.08807078521281388
normal|K18|N100|share0.5|tau0.0,0.2,25,5000,0.0,0.808578,0.07950285313579222
normal|K18|N100|share0.5|tau0.0,0.2,35,5000,0.0,0.8059436,0.0694108550040876
normal|K18|N100|share0.5|tau0.0,0.2,50,5000,0.0,0.8041564,0.05901317183417603
normal|K18|N100|share0.5|tau0.0,0.2,100,5000,0.0,0.8025372000000001,0.04304971627983579
normal|K18|N100|share0.5|tau0.3,0.1,3,5000,0.0,1.0,0.0
normal|K18|N100|share0.5|tau0.3,0.1,5,5000,0.0,1.0,0.0
normal|K18|N100|share0.5|tau0.3,0.1,9,5000,0.0,0.8998628000000001,0.0973595283046828
normal|K18|N100|share0.5|tau0.3,0.1,10,5000,0.0,0.9085876,0.08859692889373708
normal|K18|N100|share0.5|tau0.3,0.1,12,5000,0.0,0.9226324,0.07457739890828577
normal|K18|N100|share0.5|tau0.3,0.1,15,5000,0.0,0.9367039999999999,0.062041268586333374
normal|K18|N100|share0.5|tau0.3,0.1,17,5000,0.0,0.943792,0.055397726646709305
normal|K18|N100|share0.5|tau0.3,0.1,20,5000,0.0,0.9054343999999999,0.06581442398381128
normal|K18|N100|share0.5|tau0.3,0.1,25,5000,0.0,0.9232992,0.05411269828961814
normal|K18|N100|share0.5|tau0.3,0.1,35,5000,0.0,0.9176139999999999,0.04777875224232175
normal|K18|N100|share0.5|tau0.3,0.1,50,5000,0.0,0.9020772000000001,0.04432177483026624
normal|K18|N100|share0.5|tau0.3,0.1,100,5000,0.0,0.901816,0.03241841968367608
normal|K18|N100|share0.5|tau0.3,0.2,3,5000,0.0,1.0,0.0
normal|K18|N100|share0.5|tau0.3,0.2,5,5000,0.0,0.8356596,0.15635366008266086
normal|K18|N100|share0.5|tau0.3,0.2,9,5000,0.0,0.8004064000000001,0.12597754445686543
normal|K18|N100|share0.5|tau0.3,0.2,10,5000,0.0,0.8178171999999999,0.11727465733572026
normal|K18|N100|share0.5|tau0.3,0.2,12,5000,0.0,0.8464748,0.10094100644592598
normal|K18|N100|share0.5|tau0.3,0.2,15,5000,0.0,0.8141832,0.09770690336692228
normal|K18|N100|share0.5|tau0.3,0.2,17,5000,0.0,0.834254,0.08952046395485974
normal|K18|N100|share0.5|tau0.3,0.2,20,5000,0.0,0.8115511999999999,0.08769196402562174
normal|K18|N100|share0.5|tau0.3,0.2,25,5000,0.0,0.8099796,0.07995292913968566
normal|K18|N100|share0.5|tau0.3,0.2,35,5000,0.0,0.8064388,0.06835607043293966
normal|K18|N100|share0.5|tau0.3,0.2,50,5000,0.0,0.8037464,0.05842105691459372
normal|K18|N100|share0.5|tau0.3,0.2,100,5000,0.0,0.8021696,0.043369743171530944
normal|K18|N100|share0.9|tau0.0,0.1,3,5000,0.0,1.0,0.0
normal|K18|N100|share0.9|tau0.0,0.1,5,5000,0.0,1.0,0.0
normal|K18|N100|share0.9|tau0.0,0.1,9,5000,0.0,0.8995044,0.09831115601659605
normal|K18|N100|share0.9|tau0.0,0.1,10,5000,0.0,0.9089168,0.0878473978602791
normal|K18|N100|share0.9|tau0.0,0.1,12,5000,0.0,0.9240004,0.07381727303144948
normal|K18|N100|share0.9|tau0.0,0.1,15,5000,0.0,0.9379892,0.06124938351327425
normal|K18|N100|share0.9|tau0.0,0.1,17,5000,0.0,0.9444123999999999,0.05538705508884073
normal|K18|N100|share0.9|tau0.0,0.1,20,5000,0.0,0.9043752,0.06487688206846393
normal|K18|N100|share0.9|tau0.0,0.1,25,5000,0.0,0.9237816000000001,0.052529673278585556
normal|K18|N100|share0.9|tau0.0,0.1,35,5000,0.0,0.9174356,0.047169626322131036
normal|K18|N100|share0.9|tau0.0,0.1,50,5000,0.0,0.9020335999999999,0.044153821839526014
normal|K18|N100|share0.9|tau0.0,0.1,100,5000,0.0,0.9011471999999999,0.033013080814443374
normal|K18|N100|share0.9|tau0.0,0.2,3,5000,0.0,1.0,0.0
normal|K18|N100|share0.9|tau0.0,0.2,5,5000,0.0,0.8313495999999999,0.16080435251509076
normal|K18|N100|share0.9|tau0.0,0.2,9,5000,0.0,0.7992355999999999,0.127903909145244
normal|K18|N100|share0.9|tau0.0,0.2,10,5000,0.0,0.8175975999999999,0.11805868390257855
normal|K18|N100|share0.9|tau0.0,0.2,12,5000,0.0,0.846824,0.10027728422103467
normal|K18|N100|share0.9|tau0.0,0.2,15,5000,0.0,0.8129692,0.0988138446096361
normal|K18|N100|share0.9|tau0.0,0.2,17,5000,0.0,0.8329296,0.09002287635647684
normal|K18|N100|share0.9|tau0.0,0.2,20,5000,0.0,0.8082516,0.08756818106314038
normal|K18|N100|share0.9|tau0.0,0.2,25,5000,0.0,0.8070636,0.07858414502054296
normal|K18|N100|share0.9|tau0.0,0.2,35,5000,0.0,0.8062739999999999,0.06742732838339799
normal|K18|N100|share0.9|tau0.0,0.2,50,5000,0.0,0.8053024000000001,0.05738942815129555
normal|K18|N100|share0.9|tau0.0,0.2,100,5000,0.0,0.802128,0.04330371183041534
normal|K18|N100|share0.9|tau0.3,0.1,3,5000,0.0,1.0,0.0
normal|K18|N100|share0.9|tau0.3,0.1,5,5000,0.0,1.0,0.0
normal|K18|N100|share0.9|tau0.3,0.1,9,5000,0.0,0.9005340000000001,0.09432444786105493
normal|K18|N100|share0.9|tau0.3,0.1,10,5000,0.0,0.9092307999999999,0.08804375884782753
normal|K18|N100|share0.9|tau0.3,0.1,12,5000,0.0,0.9228291999999999,0.07491573199762613
normal|K18|N100|share0.9|tau0.3,0.1,15,5000,0.0,0.9380384,0.06022606048142462
normal|K18|N100|share0.9|tau0.3,0.1,17,5000,0.0,0.9446827999999999,0.05468053928442267
normal|K18|N100|share0.9|tau0.3,0.1,20,5000,0.0,0.9044276,0.06546212199526706
normal|K18|N100|share0.9|tau0.3,0.1,25,5000,0.0,0.9221696,0.05360585372280412
normal|K18|N100|share0.9|tau0.3,0.1,35,5000,0.0,0.9172408,0.046950106260322456
normal|K18|N100|share0.9|tau0.3,0.1,50,5000,0.0,0.9018208000000001,0.04308592306906444
normal|K18|N100|share0.9|tau0.3,0.1,100,5000,0.0,0.9010976,0.03235690757989122
normal|K18|N100|share0.9|tau0.3,0.2,3,5000,0.0,1.0,0.0
normal|K18|N100|share0.9|tau0.3,0.2,5,5000,0.0,0.8363548000000001,0.15545915356338896
normal|K18|N100|share0.9|tau0.3,0.2,9,5000,0.0,0.8000112,0.12559574329055312
normal|K18|N100|share0.9|tau0.3,0.2,10,5000,0.0,0.818092,0.11691242037870792
normal|K18|N100|share0.9|tau0.3,0.2,12,5000,0.0,0.8451656000000001,0.10231514772765038
normal|K18|N100|share0.9|tau0.3,0.2,15,5000,0.0,0.812346,0.0975093200545442
normal|K18|N100|share0.9|tau0.3,0.2,17,5000,0.0,0.8338175999999999,0.08744403479989032
normal|K18|N100|share0.9|tau0.3,0.2,20,5000,0.0,0.8097323999999999,0.08590836303648171
normal|K18|N100|share0.9|tau0.3,0.2,25,5000,0.0,0.8079268000000001,0.07788093816760286
normal|K18|N100|share0.9|tau0.3,0.2,35,5000,0.0,0.8057131999999999,0.06836680298002781
normal|K18|N100|share0.9|tau0.3,0.2,50,5000,0.0,0.8030776,0.0585033615008692
normal|K18|N100|share0.9|tau0.3,0.2,100,5000,0.0,0.8017932,0.04377334868354252
normal|K18|N100|share0.0|tau0.0,0.1,3,5000,0.0,1.0,0.0
normal|K18|N100|share0.0|tau0.0,0.1,5,5000,0.0,1.0,0.0
normal|K18|N100|share0.0|tau0.0,0.1,9,5000,0.0,0.9008012000000001,0.0953758910347794
normal|K18|N100|share0.0|tau0.0,0.1,10,5000,0.0,0.9095868,0.0873184228393609
normal|K18|N100|share0.0|tau0.0,0.1,12,5000,0.0,0.9246412,0.07172997909200941
normal|K18|N100|share0.0|tau0.0,0.1,15,5000,0.0,0.9382896000000001,0.06028307674387853
normal|K18|N100|share0.0|tau0.0,0.1,17,5000,0.0,0.9457396,0.053320727788003494
normal|K18|N100|share0.0|tau0.0,0.1,20,5000,0.0,0.9050468,0.06403901630164048
normal|K18|N100|share0.0|tau0.0,0.1,25,5000,0.0,0.9234443999999999,0.05259268872021442
normal|K18|N100|share0.0|tau0.0,0.1,35,5000,0.0,0.9172064,0.04646482104731479
normal|K18|N100|share0.0|tau0.0,0.1,50,5000,0.0,0.9018672000000001,0.04418591679719499
normal|K18|N100|share0.0|tau0.0,0.1,100,5000,0.0,0.9016932000000001,0.03196256239476066
normal|K18|N100|share0.0|tau0.0,0.2,3,5000,0.0,1.0,0.0
normal|K18|N100|share0.0|tau0.0,0.2,5,5000,0.0,0.8320992,0.15760666905872467
normal|K18|N100|share0.0|tau0.0,0.2,9,5000,0.0,0.802208,0.12419786213051952
normal|K18|N100|share0.0|tau0.0,0.2,10,5000,0.0,0.8195584,0.11507511566750306
normal|K18|N100|share0.0|tau0.0,0.2,12,5000,0.0,0.8488727999999999,0.0973938197802421
normal|K18|N100|share0.0|tau0.0,0.2,15,5000,0.0,0.8133148,0.0969192920464971
normal|K18|N100|share0.0|tau0.0,0.2,17,5000,0.0,0.8343683999999999,0.0877727035640248
normal|K18|N100|share0.0|tau0.0,0.2,20,5000,0.0,0.8099044,0.08579570059792176
normal|K18|N100|share0.0|tau0.0,0.2,25,5000,0.0,0.8083636000000001,0.078422064491314
normal|K18|N100|share0.0|tau0.0,0.2,35,5000,0.0,0.805664,0.0675045841241581
normal|K18|N100|share0.0|tau0.0,0.2,50,5000,0.0,0.8042592,0.058041021419281406
normal|K18|N100|share0.0|tau0.0,0.2,100,5000,0.0,0.8031836,0.0429489838539029
normal|K18|N500|share0.1|tau0.0,0.1,3,5000,0.0,1.0,0.0
normal|K18|N500|share0.1|tau0.0,0.1,5,5000,0.0,1.0,0.0
normal|K18|N500|share0.1|tau0.0,0.1,9,5000,0.0,0.8986736000000001,0.09934646549868485
normal|K18|N500|share0.1|tau0.0,0.1,10,5000,0.0,0.9084628,0.08962858290040375
normal|K18|N500|share0.1|tau0.0,0.1,12,5000,0.0,0.9229664000000001,0.076138746330489
normal|K18|N500|share0.1|tau0.0,0.1,15,5000,0.0,0.9376443999999999,0.06193424835148798
normal|K18|N500|share0.1|tau0.0,0.1,17,5000,0.0,0.944472,0.05570559252541626
normal|K18|N500|share0.1|tau0.0,0.1,20,5000,0.0,0.9058451999999999,0.06550150934524573
normal|K18|N500|share0.1|tau0.0,0.1,25,5000,0.0,0.9233172000000001,0.05366111522524895
normal|K18|N500|share0.1|tau0.0,0.1,35,5000,0.0,0.91648,0.04738485269422044
normal|K18|N500|share0.1|tau0.0,0.1,50,5000,0.0,0.9020020000000001,0.04297819704320109
normal|K18|N500|share0.1|tau0.0,0.1,100,5000,0.0,0.90179,0.03219203574539965
normal|K18|N500|share0.1|tau0.0,0.2,3,5000,0.0,1.0,0.0
normal|K18|N500|share0.1|tau0.0,0.2,5,5000,0.0,0.8284524,0.16142590064335907
normal|K18|N500|share0.1|tau0.0,0.2,9,5000,0.0,0.7978628,0.12754595865990476
normal|K18|N500|share0.1|tau0.0,0.2,10,5000,0.0,0.8164656,0.11783537096971494
normal|K18|N500|share0.1|tau0.0,0.2,12,5000,0.0,0.8457040000000001,0.10196217946478117
normal|K18|N500|share0.1|tau0.0,0.2,15,5000,0.0,0.8127052,0.09856944090282764
normal|K18|N500|share0.1|tau0.0,0.2,17,5000,0.0,0.8336948000000001,0.08869549386009533
normal|K18|N500|share0.1|tau0.0,0.2,20,5000,0.0,0.8095724,0.08666018206576274
normal|K18|N500|share0.1|tau0.0,0.2,25,5000,0.0,0.8081092,0.077354425967771
normal|K18|N500|share0.1|tau0.0,0.2,35,5000,0.0,0.8054496,0.06692876923917232
normal|K18|N500|share0.1|tau0.0,0.2,50,5000,0.0,0.804242,0.05639362272577296
normal|K18|N500|share0.1|tau0.0,0.2,100,5000,0.0,0.8030624,0.042795429615780235
normal|K18|N500|share0.1|tau0.3,0.1,3,5000,0.0,1.0,0.0
normal|K18|N500|share0.1|tau0.3,0.1,5,5000,0.0,1.0,0.0
normal|K18|N500|share0.1|tau0.3,0.1,9,5000,0.0,0.89959,0.09455596473038193
normal|K18|N500|share0.1|tau0.3,0.1,10,5000,0.0,0.9093296000000001,0.08555312753702389
normal|K18|N500|share0.1|tau0.3,0.1,12,5000,0.0,0.9230904000000001,0.07260919946542166
normal|K18|N500|share0.1|tau0.3,0.1,15,5000,0.0,0.9375131999999999,0.05975083813882147
normal|K18|N500|share0.1|tau0.3,0.1,17,5000,0.0,0.9447655999999999,0.05407202801340716
normal|K18|N500|share0.1|tau0.3,0.1,20,5000,0.0,0.9057788,0.06397751554303281
normal|K18|N500|share0.1|tau0.3,0.1,25,5000,0.0,0.9237188000000001,0.05278985395221374
normal|K18|N500|share0.1|tau0.3,0.1,35,5000,0.0,0.9157508,0.04740070109874883
normal|K18|N500|share0.1|tau0.3,0.1,50,5000,0.0,0.9012272000000001,0.042987918912113836
normal|K18|N500|share0.1|tau0.3,0.1,100,5000,0.0,0.8999596,0.03271959171775276
normal|K18|N500|share0.1|tau0.3,0.2,3,5000,0.0,1.0,0.0
normal|K18|N500|share0.1|tau0.3,0.2,5,5000,0.0,0.8324768,0.15672419199418827
normal|K18|N500|share0.1|tau0.3,0.2,9,5000,0.0,0.7989464,0.12509928494303485
normal|K18|N500|share0.1|tau0.3,0.2,10,5000,0.0,0.8167283999999999,0.11538510899641966
normal|K18|N500|share0.1|tau0.3,0.2,12,5000,0.0,0.8441031999999999,0.10022156964628144
normal|K18|N500|share0.1|tau0.3,0.2,15,5000,0.0,0.8114627999999999,0.0985335657980455
normal|K18|N500|share0.1|tau0.3,0.2,17,5000,0.0,0.8336620000000001,0.08822192912057401
normal|K18|N500|share0.1|tau0.3,0.2,20,5000,0.0,0.8113128,0.08510918440928796
normal|K18|N500|share0.1|tau0.3,0.2,25,5000,0.0,0.808558,0.07696741539513013
normal|K18|N500|share0.1|tau0.3,0.2,35,5000,0.0,0.8053676000000001,0.06699322419959902
normal|K18|N500|share0.1|tau0.3,0.2,50,5000,0.0,0.8032324,0.05769398330313027
normal|K18|N500|share0.1|tau0.3,0.2,100,5000,0.0,0.8007784,0.043189451943638324
normal|K18|N500|share0.3|tau0.0,0.1,3,5000,0.0,1.0,0.0
normal|K18|N500|share0.3|tau0.0,0.1,5,5000,0.0,1.0,0.0
normal|K18|N500|share0.3|tau0.0,0.1,9,5000,0.0,0.9019328,0.09259090073619435
normal|K18|N500|share0.3|tau0.0,0.1,10,5000,0.0,0.9113095999999999,0.08383247655094615
normal|K18|N500|share0.3|tau0.0,0.1,12,5000,0.0,0.9249064,0.07167584477622053
normal|K18|N500|share0.3|tau0.0,0.1,15,5000,0.0,0.938376,0.05894002213472476
normal|K18|N500|share0.3|tau0.0,0.1,17,5000,0.0,0.9450656,0.053196526867213274
normal|K18|N500|share0.3|tau0.0,0.1,20,5000,0.0,0.9043764,0.06450180787919002
normal|K18|N500|share0.3|tau0.0,0.1,25,5000,0.0,0.9228436,0.053281765439460387
normal|K18|N500|share0.3|tau0.0,0.1,35,5000,0.0,0.916642,0.047336801651126706
normal|K18|N500|share0.3|tau0.0,0.1,50,5000,0.0,0.9018144,0.04372180087569995
normal|K18|N500|share0.3|tau0.0,0.1,100,5000,0.0,0.9010524,0.032577340451027816
normal|K18|N500|share0.3|tau0.0,0.2,3,5000,0.0,1.0,0.0
normal|K18|N500|share0.3|tau0.0,0.2,5,5000,0.0,0.8372639999999999,0.1529759021196667
normal|K18|N500|share0.3|tau0.0,0.2,9,5000,0.0,0.802608,0.12258241483053414
normal|K18|N500|share0.3|tau0.0,0.2,10,5000,0.0,0.8208592,0.11198587921157103
normal|K18|N500|share0.3|tau0.0,0.2,12,5000,0.0,0.8476551999999999,0.09773327515014685
normal|K18|N500|share0.3|tau0.0,0.2,15,5000,0.0,0.8141708,0.09542809298915222
normal|K18|N500|share0.3|tau0.0,0.2,17,5000,0.0,0.8344396000000001,0.08722605819871589
normal|K18|N500|share0.3|tau0.0,0.2,20,5000,0.0,0.8110236,0.08610447978663988
normal|K18|N500|share0.3|tau0.0,0.2,25,5000,0.0,0.8091152,0.07875449436722083
normal|K18|N500|share0.3|tau0.0,0.2,35,5000,0.0,0.8066167999999999,0.06784682303571192
normal|K18|N500|share0.3|tau0.0,0.2,50,5000,0.0,0.8037992,0.05834017821912206
normal|K18|N500|share0.3|tau0.0,0.2,100,5000,0.0,0.8021275999999999,0.043334993972314266
normal|K18|N500|share0.3|tau0.3,0.1,3,5000,0.0,1.0,0.0
normal|K18|N500|share0.3|tau0.3,0.1,5,5000,0.0,1.0,0.0
normal|K18|N500|share0.3|tau0.3,0.1,9,5000,0.0,0.8993191999999999,0.09692450352329211
normal|K18|N500|share0.3|tau0.3,0.1,10,5000,0.0,0.908438,0.08821158434538252
normal|K18|N500|share0.3|tau0.3,0.1,12,5000,0.0,0.9226112,0.07481834261354822
normal|K18|N500|share0.3|tau0.3,0.1,15,5000,0.0,0.9366575999999999,0.06169787749880517
normal|K18|N500|share0.3|tau0.3,0.1,17,5000,0.0,0.9432691999999999,0.055463302885361866
normal|K18|N500|share0.3|tau0.3,0.1,20,5000,0.0,0.9031796000000001,0.06551233560989426
normal|K18|N500|share0.3|tau0.3,0.1,25,5000,0.0,0.9211915999999999,0.054031205461961794
normal|K18|N500|share0.3|tau0.3,0.1,35,5000,0.0,0.9156252,0.047719167519454465
normal|K18|N500|share0.3|tau0.3,0.1,50,5000,0.0,0.9011376,0.04373491528290588
normal|K18|N500|share0.3|tau0.3,0.1,100,5000,0.0,0.9011044,0.032116565747275616
normal|K18|N500|share0.3|tau0.3,0.2,3,5000,0.0,1.0,0.0
normal|K18|N500|share0.3|tau0.3,0.2,5,5000,0.0,0.8331332,0.15869177569645743
normal|K18|N500|share0.3|tau0.3,0.2,9,5000,0.0,0.7996576,0.1260041736316481
normal|K18|N500|share0.3|tau0.3,0.2,10,5000,0.0,0.8174728,0.11640383512035211
normal|K18|N500|share0.3|tau0.3,0.2,12,5000,0.0,0.8438084000000001,0.10149924388261097
normal|K18|N500|share0.3|tau0.3,0.2,15,5000,0.0,0.8115004,0.09889215100980597
normal|K18|N500|share0.3|tau0.3,0.2,17,5000,0.0,0.8313908,0.08994078687886217
normal|K18|N500|share0.3|tau0.3,0.2,20,5000,0.0,0.8074288,0.08813637690957656
normal|K18|N500|share0.3|tau0.3,0.2,25,5000,0.0,0.8060092,0.07939668936559288
normal|K18|N500|share0.3|tau0.3,0.2,35,5000,0.0,0.8054551999999999,0.0687209873894544
normal|K18|N500|share0.3|tau0.3,0.2,50,5000,0.0,0.8034439999999999,0.058124102971738416
normal|K18|N500|share0.3|tau0.3,0.2,100,5000,0.0,0.8027768,0.04328251444834725
normal|K18|N500|share0.5|tau0.0,0.1,3,5000,0.0,1.0,0.0
normal|K18|N500|share0.5|tau0.0,0.1,5,5000,0.0,1.0,0.0
normal|K18|N500|share0.5|tau0.0,0.1,9,5000,0.0,0.9021408,0.09329945515932342
normal|K18|N500|share0.5|tau0.0,0.1,10,5000,0.0,0.9104724000000001,0.08471118010656578
normal|K18|N500|share0.5|tau0.0,0.1,12,5000,0.0,0.9239487999999999,0.07215785147623192
normal|K18|N500|share0.5|tau0.0,0.1,15,5000,0.0,0.9375876,0.060019283477210986
normal|K18|N500|share0.5|tau0.0,0.1,17,5000,0.0,0.9439780000000001,0.054250015012216955
normal|K18|N500|share0.5|tau0.0,0.1,20,5000,0.0,0.9045979999999999,0.0645086185588691
normal|K18|N500|share0.5|tau0.0,0.1,25,5000,0.0,0.922768,0.052784674104933885
normal|K18|N500|share0.5|tau0.0,0.1,35,5000,0.0,0.9164247999999999,0.047247201023562384
normal|K18|N500|share0.5|tau0.0,0.1,50,5000,0.0,0.9018371999999999,0.04369878045028913
normal|K18|N500|share0.5|tau0.0,0.1,100,5000,0.0,0.9013196,0.032654297059702506
normal|K18|N500|share0.5|tau0.0,0.2,3,5000,0.0,1.0,0.0
normal|K18|N500|share0.5|tau0.0,0.2,5,5000,0.0,0.8335899999999999,0.15689557528594889
normal|K18|N500|share0.5|tau0.0,0.2,9,5000,0.0,0.8019928,0.1255985786095915
normal|K18|N500|share0.5|tau0.0,0.2,10,5000,0.0,0.8206984,0.11427866012459192
normal|K18|N500|share0.5|tau0.0,0.2,12,5000,0.0,0.8472048000000001,0.09948594246178456
normal|K18|N500|share0.5|tau0.0,0.2,15,5000,0.0,0.8130756,0.09610263590539829
normal|K18|N500|share0.5|tau0.0,0.2,17,5000,0.0,0.8334004,0.08706207693874614
normal|K18|N500|share0.5|tau0.0,0.2,20,5000,0.0,0.80955,0.08576766242811847
normal|K18|N500|share0.5|tau0.0,0.2,25,5000,0.0,0.8074359999999999,0.07776207875422592
normal|K18|N500|share0.5|tau0.0,0.2,35,5000,0.0,0.8053296,0.06696935077054661
normal|K18|N500|share0.5|tau0.0,0.2,50,5000,0.0,0.8041424,0.05760652935809401
normal|K18|N500|share0.5|tau0.0,0.2,100,5000,0.0,0.802142,0.04344461903371448
normal|K18|N500|share0.5|tau0.3,0.1,3,5000,0.0,1.0,0.0
normal|K18|N500|share0.5|tau0.3,0.1,5,5000,0.0,1.0,0.0
normal|K18|N500|share0.5|tau0.3,0.1,9,5000,0.0,0.9012227999999999,0.09439425202374883
normal|K18|N500|share0.5|tau0.3,0.1,10,5000,0.0,0.9096268,0.08756696132847852
normal|K18|N500|share0.5|tau0.3,0.1,12,5000,0.0,0.9227324,0.07618140134850694
normal|K18|N500|share0.5|tau0.3,0.1,15,5000,0.0,0.9366404,0.0625091430627014
normal|K18|N500|share0.5|tau0.3,0.1,17,5000,0.0,0.9439856,0.055590260370406715
normal|K18|N500|share0.5|tau0.3,0.1,20,5000,0.0,0.9039807999999999,0.06575867754216494
normal|K18|N500|share0.5|tau0.3,0.1,25,5000,0.0,0.9232172000000001,0.05378212460981355
normal|K18|N500|share0.5|tau0.3,0.1,35,5000,0.0,0.9179183999999999,0.047338507880008825
normal|K18|N500|share0.5|tau0.3,0.1,50,5000,0.0,0.9026272000000001,0.04261744560029258
normal|K18|N500|share0.5|tau0.3,0.1,100,5000,0.0,0.9012288,0.032350681041869465
normal|K18|N500|share0.5|tau0.3,0.2,3,5000,0.0,1.0,0.0
normal|K18|N500|share0.5|tau0.3,0.2,5,5000,0.0,0.8349539999999999,0.154587077457669
normal|K18|N500|share0.5|tau0.3,0.2,9,5000,0.0,0.8022020000000001,0.1235434878683573
normal|K18|N500|share0.5|tau0.3,0.2,10,5000,0.0,0.8193432,0.11536583232835343
normal|K18|N500|share0.5|tau0.3,0.2,12,5000,0.0,0.8458700000000001,0.10174536807140071
normal|K18|N500|share0.5|tau0.3,0.2,15,5000,0.0,0.8112931999999999,0.09936319158787375
normal|K18|N500|share0.5|tau0.3,0.2,17,5000,0.0,0.8321232,0.09010262881017242
normal|K18|N500|share0.5|tau0.3,0.2,20,5000,0.0,0.8084096000000001,0.08861278165622938
normal|K18|N500|share0.5|tau0.3,0.2,25,5000,0.0,0.8069804,0.07888133409631043
normal|K18|N500|share0.5|tau0.3,0.2,35,5000,0.0,0.8060316,0.06792897077428803
normal|K18|N500|share0.5|tau0.3,0.2,50,5000,0.0,0.8046424,0.057231704638628124
normal|K18|N500|share0.5|tau0.3,0.2,100,5000,0.0,0.8021548,0.043217866603509625
normal|K18|N500|share0.9|tau0.0,0.1,3,5000,0.0,1.0,0.0
normal|K18|N500|share0.9|tau0.0,0.1,5,5000,0.0,1.0,0.0
normal|K18|N500|share0.9|tau0.0,0.1,9,5000,0.0,0.9002760000000001,0.0964848593802049
normal|K18|N500|share0.9|tau0.0,0.1,10,5000,0.0,0.9096612,0.08796952280164076
normal|K18|N500|share0.9|tau0.0,0.1,12,5000,0.0,0.9231876,0.07515907519093552
normal|K18|N500|share0.9|tau0.0,0.1,15,5000,0.0,0.9377064,0.06187309152556527
normal|K18|N500|share0.9|tau0.0,0.1,17,5000,0.0,0.9438276,0.056258098732312266
normal|K18|N500|share0.9|tau0.0,0.1,20,5000,0.0,0.9039756,0.06611338745398036
normal|K18|N500|share0.9|tau0.0,0.1,25,5000,0.0,0.9218076,0.054741632342325104
normal|K18|N500|share0.9|tau0.0,0.1,35,5000,0.0,0.9159603999999999,0.048483256461085755
normal|K18|N500|share0.9|tau0.0,0.1,50,5000,0.0,0.9014536,0.04370142572001506
normal|K18|N500|share0.9|tau0.0,0.1,100,5000,0.0,0.900502,0.03287391876407467
normal|K18|N500|share0.9|tau0.0,0.2,3,5000,0.0,1.0,0.0
normal|K18|N500|share0.9|tau0.0,0.2,5,5000,0.0,0.832,0.15687132090431458
normal|K18|N500|share0.9|tau0.0,0.2,9,5000,0.0,0.799732,0.12496623659235967
normal|K18|N500|share0.9|tau0.0,0.2,10,5000,0.0,0.8189156,0.1137749964913439
normal|K18|N500|share0.9|tau0.0,0.2,12,5000,0.0,0.8458452,0.09917222929415584
normal|K18|N500|share0.9|tau0.0,0.2,15,5000,0.0,0.811926,0.09762130355502101
normal|K18|N500|share0.9|tau0.0,0.2,17,5000,0.0,0.8325183999999999,0.08942111209606879
normal|K18|N500|share0.9|tau0.0,0.2,20,5000,0.0,0.8083232,0.08666248565004261
normal|K18|N500|share0.9|tau0.0,0.2,25,5000,0.0,0.8066747999999999,0.07887095771292578
normal|K18|N500|share0.9|tau0.0,0.2,35,5000,0.0,0.8051788,0.06838714053649389
normal|K18|N500|share0.9|tau0.0,0.2,50,5000,0.0,0.8032284,0.05801788903889649
normal|K18|N500|share0.9|tau0.0,0.2,100,5000,0.0,0.8016232,0.04385491845317363
normal|K18|N500|share0.9|tau0.3,0.1,3,5000,0.0,1.0,0.0
normal|K18|N500|share0.9|tau0.3,0.1,5,5000,0.0,1.0,0.0
normal|K18|N500|share0.9|tau0.3,0.1,9,5000,0.0,0.8979236,0.09715819525918132
normal|K18|N500|share0.9|tau0.3,0.1,10,5000,0.0,0.9076155999999999,0.08832129735773468
normal|K18|N500|share0.9|tau0.3,0.1,12,5000,0.0,0.9222528,0.07602101243094701
normal|K18|N500|share0.9|tau0.3,0.1,15,5000,0.0,0.9368340000000001,0.06227832497709293
normal|K18|N500|share0.9|tau0.3,0.1,17,5000,0.0,0.9437668,0.05593973425512232
normal|K18|N500|share0.9|tau0.3,0.1,20,5000,0.0,0.9039884,0.06495329746525817
normal|K18|N500|share0.9|tau0.3,0.1,25,5000,0.0,0.9222368000000001,0.05336100266187861
normal|K18|N500|share0.9|tau0.3,0.1,35,5000,0.0,0.9162584,0.048073113424104946
normal|K18|N500|share0.9|tau0.3,0.1,50,5000,0.0,0.9019852,0.043931576088680487
normal|K18|N500|share0.9|tau0.3,0.1,100,5000,0.0,0.9007996000000001,0.03251092173172528
normal|K18|N500|share0.9|tau0.3,0.2,3,5000,0.0,1.0,0.0
normal|K18|N500|share0.9|tau0.3,0.2,5,5000,0.0,0.834276,0.1566634013043943
normal|K18|N500|share0.9|tau0.3,0.2,9,5000,0.0,0.7979248,0.1253929687992309
normal|K18|N500|share0.9|tau0.3,0.2,10,5000,0.0,0.817006,0.11469394624068373
normal|K18|N500|share0.9|tau0.3,0.2,12,5000,0.0,0.8450532,0.09997054362000005
normal|K18|N500|share0.9|tau0.3,0.2,15,5000,0.0,0.8111084,0.09738233984384788
normal|K18|N500|share0.9|tau0.3,0.2,17,5000,0.0,0.8316452,0.08844613875603706
normal|K18|N500|share0.9|tau0.3,0.2,20,5000,0.0,0.8089744,0.08580443709345663
normal|K18|N500|share0.9|tau0.3,0.2,25,5000,0.0,0.8076732,0.07785030080627263
normal|K18|N500|share0.9|tau0.3,0.2,35,5000,0.0,0.8051560000000001,0.06847925193508698
normal|K18|N500|share0.9|tau0.3,0.2,50,5000,0.0,0.8043148,0.058490576424464265
normal|K18|N500|share0.9|tau0.3,0.2,100,5000,0.0,0.8022364,0.04318186019209838
normal|K18|N500|share0.0|tau0.0,0.1,3,5000,0.0,1.0,0.0
normal|K18|N500|share0.0|tau0.0,0.1,5,5000,0.0,1.0,0.0
normal|K18|N500|share0.0|tau0.0,0.1,9,5000,0.0,0.899482,0.09682902688806501
normal|K18|N500|share0.0|tau0.0,0.1,10,5000,0.0,0.9089816000000001,0.08797709960808602
normal|K18|N500|share0.0|tau0.0,0.1,12,5000,0.0,0.9223296000000001,0.07573279378876106
normal|K18|N500|share0.0|tau0.0,0.1,15,5000,0.0,0.9373435999999999,0.06212290551896303
normal|K18|N500|share0.0|tau0.0,0.1,17,5000,0.0,0.9449271999999999,0.054293294729004155
normal|K18|N500|share0.0|tau0.0,0.1,20,5000,0.0,0.9058088,0.06423622576942253
normal|K18|N500|share0.0|tau0.0,0.1,25,5000,0.0,0.9235668,0.05339014927276264
normal|K18|N500|share0.0|tau0.0,0.1,35,5000,0.0,0.9167755999999999,0.04735861286273549
normal|K18|N500|share0.0|tau0.0,0.1,50,5000,0.0,0.902032,0.04342036436521826
normal|K18|N500|share0.0|tau0.0,0.1,100,5000,0.0,0.9009739999999999,0.03268719955277482
normal|K18|N500|share0.0|tau0.0,0.2,3,5000,0.0,1.0,0.0
normal|K18|N500|share0.0|tau0.0,0.2,5,5000,0.0,0.8324724,0.15853383056409956
normal|K18|N500|share0.0|tau0.0,0.2,9,5000,0.0,0.8000427999999999,0.1271461843650832
normal|K18|N500|share0.0|tau0.0,0.2,10,5000,0.0,0.8176312,0.1182225295781645
normal|K18|N500|share0.0|tau0.0,0.2,12,5000,0.0,0.8459768,0.10218405246355987
normal|K18|N500|share0.0|tau0.0,0.2,15,5000,0.0,0.8128624,0.09798387844092958
normal|K18|N500|share0.0|tau0.0,0.2,17,5000,0.0,0.8327827999999999,0.08871359109183269
normal|K18|N500|share0.0|tau0.0,0.2,20,5000,0.0,0.8097448,0.08597129919814604
normal|K18|N500|share0.0|tau0.0,0.2,25,5000,0.0,0.8073144,0.07845736335241495
normal|K18|N500|share0.0|tau0.0,0.2,35,5000,0.0,0.8050352,0.06739730588330714
normal|K18|N500|share0.0|tau0.0,0.2,50,5000,0.0,0.8039496,0.05808515332550456
normal|K18|N500|share0.0|tau0.0,0.2,100,5000,0.0,0.8022236,0.04275756359860767
normal|K18|Nunequal|share0.1|tau0.0,0.1,3,5000,0.0,1.0,0.0
normal|K18|Nunequal|share0.1|tau0.0,0.1,5,5000,0.0,1.0,0.0
normal|K18|Nunequal|share0.1|tau0.0,0.1,9,5000,0.0,0.900226,0.09645468586484048
normal|K18|Nunequal|share0.1|tau0.0,0.1,10,5000,0.0,0.90886,0.08852082459668725
normal|K18|Nunequal|share0.1|tau0.0,0.1,12,5000,0.0,0.9242551999999999,0.07332891857255092
normal|K18|Nunequal|share0.1|tau0.0,0.1,15,5000,0.0,0.9391408,0.05816195954459934
normal|K18|Nunequal|share0.1|tau0.0,0.1,17,5000,0.0,0.9461288,0.0513809245775325
normal|K18|Nunequal|share0.1|tau0.0,0.1,20,5000,0.0,0.9059884,0.06340811291307002
normal|K18|Nunequal|share0.1|tau0.0,0.1,25,5000,0.0,0.9236628,0.05213620942326551
normal|K18|Nunequal|share0.1|tau0.0,0.1,35,5000,0.0,0.9164276,0.04750218994793785
normal|K18|Nunequal|share0.1|tau0.0,0.1,50,5000,0.0,0.9014072,0.04359320889464726
normal|K18|Nunequal|share0.1|tau0.0,0.1,100,5000,0.0,0.9005544,0.0325577493394186
normal|K18|Nunequal|share0.1|tau0.0,0.2,3,5000,0.0,1.0,0.0
normal|K18|Nunequal|share0.1|tau0.0,0.2,5,5000,0.0,0.8362788000000001,0.15557781063375428
normal|K18|Nunequal|share0.1|tau0.0,0.2,9,5000,0.0,0.8012184,0.12548678690674012
normal|K18|Nunequal|share0.1|tau0.0,0.2,10,5000,0.0,0.8183332,0.11645620888332864
normal|K18|Nunequal|share0.1|tau0.0,0.2,12,5000,0.0,0.846992,0.09895425167614044
normal|K18|Nunequal|share0.1|tau0.0,0.2,15,5000,0.0,0.81343,0.0974196921535059
normal|K18|Nunequal|share0.1|tau0.0,0.2,17,5000,0.0,0.8346116,0.0872096820953399
normal|K18|Nunequal|share0.1|tau0.0,0.2,20,5000,0.0,0.8102356,0.08589948682621686
normal|K18|Nunequal|share0.1|tau0.0,0.2,25,5000,0.0,0.8080148,0.078100630744345
normal|K18|Nunequal|share0.1|tau0.0,0.2,35,5000,0.0,0.8060652,0.06731608158477421
normal|K18|Nunequal|share0.1|tau0.0,0.2,50,5000,0.0,0.8032448,0.058311255461211756
normal|K18|Nunequal|share0.1|tau0.0,0.2,100,5000,0.0,0.8015772,0.043415267098607706
normal|K18|Nunequal|share0.1|tau0.3,0.1,3,5000,0.0,1.0,0.0
normal|K18|Nunequal|share0.1|tau0.3,0.1,5,5000,0.0,1.0,0.0
normal|K18|Nunequal|share0.1|tau0.3,0.1,9,5000,0.0,0.9020355999999999,0.09430700024228816
normal|K18|Nunequal|share0.1|tau0.3,0.1,10,5000,0.0,0.9103015999999999,0.0868768470580679
normal|K18|Nunequal|share0.1|tau0.3,0.1,12,5000,0.0,0.9246755999999999,0.07307906728095898
normal|K18|Nunequal|share0.1|tau0.3,0.1,15,5000,0.0,0.9383623999999999,0.05947871055799656
normal|K18|Nunequal|share0.1|tau0.3,0.1,17,5000,0.0,0.9440031999999999,0.05527585977526517
normal|K18|Nunequal|share0.1|tau0.3,0.1,20,5000,0.0,0.9036495999999999,0.06552484659229803
normal|K18|Nunequal|share0.1|tau0.3,0.1,25,5000,0.0,0.9223276,0.053154049223269606
normal|K18|Nunequal|share0.1|tau0.3,0.1,35,5000,0.0,0.915626,0.048146274380759156
normal|K18|Nunequal|share0.1|tau0.3,0.1,50,5000,0.0,0.9015639999999999,0.04333205554099039
normal|K18|Nunequal|share0.1|tau0.3,0.1,100,5000,0.0,0.9002524,0.03284415384704536
normal|K18|Nunequal|share0.1|tau0.3,0.2,3,5000,0.0,1.0,0.0
normal|K18|Nunequal|share0.1|tau0.3,0.2,5,5000,0.0,0.8368783999999999,0.15472163963258048
normal|K18|Nunequal|share0.1|tau0.3,0.2,9,5000,0.0,0.8028304,0.12430616090994066
normal|K18|Nunequal|share0.1|tau0.3,0.2,10,5000,0.0,0.820888,0.11504002389351049
normal|K18|Nunequal|share0.1|tau0.3,0.2,12,5000,0.0,0.8482227999999999,0.09976172031560036
normal|K18|Nunequal|share0.1|tau0.3,0.2,15,5000,0.0,0.8137,0.09775306200946576
normal|K18|Nunequal|share0.1|tau0.3,0.2,17,5000,0.0,0.8339948,0.08906732830142679
normal|K18|Nunequal|share0.1|tau0.3,0.2,20,5000,0.0,0.808664,0.08749285058666648
normal|K18|Nunequal|share0.1|tau0.3,0.2,25,5000,0.0,0.8066671999999999,0.079311205372378
normal|K18|Nunequal|share0.1|tau0.3,0.2,35,5000,0.0,0.8051808,0.06845259135206323
normal|K18|Nunequal|share0.1|tau0.3,0.2,50,5000,0.0,0.804022,0.05789832777612723
normal|K18|Nunequal|share0.1|tau0.3,0.2,100,5000,0.0,0.8011032,0.043214104659570464
normal|K18|Nunequal|share0.3|tau0.0,0.1,3,5000,0.0,1.0,0.0
normal|K18|Nunequal|share0.3|tau0.0,0.1,5,5000,0.0,1.0,0.0
normal|K18|Nunequal|share0.3|tau0.0,0.1,9,5000,0.0,0.900216,0.09513529044838064
normal|K18|Nunequal|share0.3|tau0.0,0.1,10,5000,0.0,0.9092176,0.08670668867055197
normal|K18|Nunequal|share0.3|tau0.0,0.1,12,5000,0.0,0.9225732,0.07471141144939082
normal|K18|Nunequal|share0.3|tau0.0,0.1,15,5000,0.0,0.9375412000000001,0.06059976211829347
normal|K18|Nunequal|share0.3|tau0.0,0.1,17,5000,0.0,0.9445792,0.05364310248157508
normal|K18|Nunequal|share0.3|tau0.0,0.1,20,5000,0.0,0.903962,0.06427559432945985
normal|K18|Nunequal|share0.3|tau0.0,0.1,25,5000,0.0,0.923108,0.0525611574364017
normal|K18|Nunequal|share0.3|tau0.0,0.1,35,5000,0.0,0.9164256,0.047552588934598294
normal|K18|Nunequal|share0.3|tau0.0,0.1,50,5000,0.0,0.9009188,0.044413429467937006
normal|K18|Nunequal|share0.3|tau0.0,0.1,100,5000,0.0,0.9012292,0.03245925119218856
normal|K18|Nunequal|share0.3|tau0.0,0.2,3,5000,0.0,1.0,0.0
normal|K18|Nunequal|share0.3|tau0.0,0.2,5,5000,0.0,0.8342724,0.15638930564851375
normal|K18|Nunequal|share0.3|tau0.0,0.2,9,5000,0.0,0.8011564,0.12376407495024411
normal|K18|Nunequal|share0.3|tau0.0,0.2,10,5000,0.0,0.8186232,0.1150712018624103
normal|K18|Nunequal|share0.3|tau0.0,0.2,12,5000,0.0,0.846376,0.09901481207679029
normal|K18|Nunequal|share0.3|tau0.0,0.2,15,5000,0.0,0.8128504,0.09632440863135182
normal|K18|Nunequal|share0.3|tau0.0,0.2,17,5000,0.0,0.8340728,0.08684263831163691
normal|K18|Nunequal|share0.3|tau0.0,0.2,20,5000,0.0,0.809716,0.08575534350574311
normal|K18|Nunequal|share0.3|tau0.0,0.2,25,5000,0.0,0.8080252,0.07815957746092157
normal|K18|Nunequal|share0.3|tau0.0,0.2,35,5000,0.0,0.8054968,0.06831751932300605
normal|K18|Nunequal|share0.3|tau0.0,0.2,50,5000,0.0,0.8040404000000001,0.05841617633645278
normal|K18|Nunequal|share0.3|tau0.0,0.2,100,5000,0.0,0.8028832,0.043388787435638544
normal|K18|Nunequal|share0.3|tau0.3,0.1,3,5000,0.0,1.0,0.0
normal|K18|Nunequal|share0.3|tau0.3,0.1,5,5000,0.0,1.0,0.0
normal|K18|Nunequal|share0.3|tau0.3,0.1,9,5000,0.0,0.9004652,0.09684735758447012
normal|K18|Nunequal|share0.3|tau0.3,0.1,10,5000,0.0,0.9092155999999999,0.08761482516194168
normal|K18|Nunequal|share0.3|tau0.3,0.1,12,5000,0.0,0.9228208000000001,0.07473179815641492
normal|K18|Nunequal|share0.3|tau0.3,0.1,15,5000,0.0,0.9374316,0.060544023959491086
normal|K18|Nunequal|share0.3|tau0.3,0.1,17,5000,0.0,0.944516,0.05365482934594457
normal|K18|Nunequal|share0.3|tau0.3,0.1,20,5000,0.0,0.9050364,0.06464995745118235
normal|K18|Nunequal|share0.3|tau0.3,0.1,25,5000,0.0,0.9230828,0.05332448822416273
normal|K18|Nunequal|share0.3|tau0.3,0.1,35,5000,0.0,0.9163536,0.047217243255532566
normal|K18|Nunequal|share0.3|tau0.3,0.1,50,5000,0.0,0.9017692,0.04331979284634734
normal|K18|Nunequal|share0.3|tau0.3,0.1,100,5000,0.0,0.9010012000000001,0.03252772985011157
normal|K18|Nunequal|share0.3|tau0.3,0.2,3,5000,0.0,1.0,0.0
normal|K18|Nunequal|share0.3|tau0.3,0.2,5,5000,0.0,0.835772,0.15600338787156365
normal|K18|Nunequal|share0.3|tau0.3,0.2,9,5000,0.0,0.8007008,0.12631175642560846
normal|K18|Nunequal|share0.3|tau0.3,0.2,10,5000,0.0,0.8185832000000001,0.11596600493515385
normal|K18|Nunequal|share0.3|tau0.3,0.2,12,5000,0.0,0.8463956,0.10000599852302934
normal|K18|Nunequal|share0.3|tau0.3,0.2,15,5000,0.0,0.8115264,0.09836756649764053
normal|K18|Nunequal|share0.3|tau0.3,0.2,17,5000,0.0,0.8321536,0.08863802652919003
normal|K18|Nunequal|share0.3|tau0.3,0.2,20,5000,0.0,0.8082007999999999,0.086511172203035
normal|K18|Nunequal|share0.3|tau0.3,0.2,25,5000,0.0,0.8069316,0.07897857712423617
normal|K18|Nunequal|share0.3|tau0.3,0.2,35,5000,0.0,0.805,0.06757311614247972
normal|K18|Nunequal|share0.3|tau0.3,0.2,50,5000,0.0,0.8032456,0.05826460532335815
normal|K18|Nunequal|share0.3|tau0.3,0.2,100,5000,0.0,0.8017884,0.04334792075621137
normal|K18|Nunequal|share0.5|tau0.0,0.1,3,5000,0.0,1.0,0.0
normal|K18|Nunequal|share0.5|tau0.0,0.1,5,5000,0.0,1.0,0.0
normal|K18|Nunequal|share0.5|tau0.0,0.1,9,5000,0.0,0.8984464,0.09708794127340503
normal|K18|Nunequal|share0.5|tau0.0,0.1,10,5000,0.0,0.9070948,0.08767466442659749
normal|K18|Nunequal|share0.5|tau0.0,0.1,12,5000,0.0,0.9215916,0.07469164998817199
normal|K18|Nunequal|share0.5|tau0.0,0.1,15,5000,0.0,0.9363600000000001,0.062406894844278485
normal|K18|Nunequal|share0.5|tau0.0,0.1,17,5000,0.0,0.9439972,0.054560228700686185
normal|K18|Nunequal|share0.5|tau0.0,0.1,20,5000,0.0,0.9039928,0.0652575241412927
normal|K18|Nunequal|share0.5|tau0.0,0.1,25,5000,0.0,0.9218668,0.05285935565305364
normal|K18|Nunequal|share0.5|tau0.0,0.1,35,5000,0.0,0.9159811999999999,0.04731558939250263
normal|K18|Nunequal|share0.5|tau0.0,0.1,50,5000,0.0,0.9013912000000001,0.042972124490844706
normal|K18|Nunequal|share0.5|tau0.0,0.1,100,5000,0.0,0.9008124,0.03236805747135426
normal|K18|Nunequal|share0.5|tau0.0,0.2,3,5000,0.0,1.0,0.0
normal|K18|Nunequal|share0.5|tau0.0,0.2,5,5000,0.0,0.8292792,0.15936833343076706
normal|K18|Nunequal|share0.5|tau0.0,0.2,9,5000,0.0,0.7975264,0.12594730107298643
normal|K18|Nunequal|share0.5|tau0.0,0.2,10,5000,0.0,0.8160752,0.1158368351580614
normal|K18|Nunequal|share0.5|tau0.0,0.2,12,5000,0.0,0.8446284,0.1008994135353142
normal|K18|Nunequal|share0.5|tau0.0,0.2,15,5000,0.0,0.8108216,0.09859208210181307
normal|K18|Nunequal|share0.5|tau0.0,0.2,17,5000,0.0,0.8318976,0.08910724288399267
normal|K18|Nunequal|share0.5|tau0.0,0.2,20,5000,0.0,0.807554,0.08695662697572276
normal|K18|Nunequal|share0.5|tau0.0,0.2,25,5000,0.0,0.8062752000000001,0.0783869349271513
normal|K18|Nunequal|share0.5|tau0.0,0.2,35,5000,0.0,0.8041872,0.06741943067162769
normal|K18|Nunequal|share0.5|tau0.0,0.2,50,5000,0.0,0.8029744,0.05757901017838547
normal|K18|Nunequal|share0.5|tau0.0,0.2,100,5000,0.0,0.8019208,0.043177570425830834
normal|K18|Nunequal|share0.5|tau0.3,0.1,3,5000,0.0,1.0,0.0
normal|K18|Nunequal|share0.5|tau0.3,0.1,5,5000,0.0,1.0,0.0
normal|K18|Nunequal|share0.5|tau0.3,0.1,9,5000,0.0,0.8993180000000001,0.09654810191400265
normal|K18|Nunequal|share0.5|tau0.3,0.1,10,5000,0.0,0.9092956,0.08739755767329797
normal|K18|Nunequal|share0.5|tau0.3,0.1,12,5000,0.0,0.923846,0.07448732748858201
normal|K18|Nunequal|share0.5|tau0.3,0.1,15,5000,0.0,0.9384756,0.06082772564449056
normal|K18|Nunequal|share0.5|tau0.3,0.1,17,5000,0.0,0.9457575999999999,0.052899362101467236
normal|K18|Nunequal|share0.5|tau0.3,0.1,20,5000,0.0,0.9060020000000001,0.06392537279247833
normal|K18|Nunequal|share0.5|tau0.3,0.1,25,5000,0.0,0.9245188,0.052438627065186455
normal|K18|Nunequal|share0.5|tau0.3,0.1,35,5000,0.0,0.9178183999999999,0.04652548490439533
normal|K18|Nunequal|share0.5|tau0.3,0.1,50,5000,0.0,0.9025236000000001,0.04265541161292404
normal|K18|Nunequal|share0.5|tau0.3,0.1,100,5000,0.0,0.9015724,0.0322666729905203
normal|K18|Nunequal|share0.5|tau0.3,0.2,3,5000,0.0,1.0,0.0
normal|K18|Nunequal|share0.5|tau0.3,0.2,5,5000,0.0,0.8341704,0.1557897077808739
normal|K18|Nunequal|share0.5|tau0.3,0.2,9,5000,0.0,0.7996276,0.12650409153570902
normal|K18|Nunequal|share0.5|tau0.3,0.2,10,5000,0.0,0.81844,0.1163753369224286
normal|K18|Nunequal|share0.5|tau0.3,0.2,12,5000,0.0,0.8469884,0.09994826359932088
normal|K18|Nunequal|share0.5|tau0.3,0.2,15,5000,0.0,0.8140228,0.0971191696153823
normal|K18|Nunequal|share0.5|tau0.3,0.2,17,5000,0.0,0.834362,0.08772513035441494
normal|K18|Nunequal|share0.5|tau0.3,0.2,20,5000,0.0,0.8101508,0.08674437720541517
normal|K18|Nunequal|share0.5|tau0.3,0.2,25,5000,0.0,0.809528,0.0773671761924295
normal|K18|Nunequal|share0.5|tau0.3,0.2,35,5000,0.0,0.8070463999999999,0.06668942452074836
normal|K18|Nunequal|share0.5|tau0.3,0.2,50,5000,0.0,0.804892,0.056924620494858746
normal|K18|Nunequal|share0.5|tau0.3,0.2,100,5000,0.0,0.8029376,0.04263158918829256
normal|K18|Nunequal|share0.9|tau0.0,0.1,3,5000,0.0,1.0,0.0
normal|K18|Nunequal|share0.9|tau0.0,0.1,5,5000,0.0,1.0,0.0
normal|K18|Nunequal|share0.9|tau0.0,0.1,9,5000,0.0,0.89856,0.09778135731706626
normal|K18|Nunequal|share0.9|tau0.0,0.1,10,5000,0.0,0.9081812,0.08959338681818156
normal|K18|Nunequal|share0.9|tau0.0,0.1,12,5000,0.0,0.9232155999999999,0.07505447722521488
normal|K18|Nunequal|share0.9|tau0.0,0.1,15,5000,0.0,0.9377023999999999,0.06158118773437675
normal|K18|Nunequal|share0.9|tau0.0,0.1,17,5000,0.0,0.943842,0.055543086364448435
normal|K18|Nunequal|share0.9|tau0.0,0.1,20,5000,0.0,0.9036436,0.06698803518846998
normal|K18|Nunequal|share0.9|tau0.0,0.1,25,5000,0.0,0.9228596,0.054131661116088324
normal|K18|Nunequal|share0.9|tau0.0,0.1,35,5000,0.0,0.9169423999999999,0.047282189070734226
normal|K18|Nunequal|share0.9|tau0.0,0.1,50,5000,0.0,0.9024760000000001,0.043411647494971305
normal|K18|Nunequal|share0.9|tau0.0,0.1,100,5000,0.0,0.901328,0.032280793452534345
normal|K18|Nunequal|share0.9|tau0.0,0.2,3,5000,0.0,1.0,0.0
normal|K18|Nunequal|share0.9|tau0.0,0.2,5,5000,0.0,0.834828,0.15733405358307959
normal|K18|Nunequal|share0.9|tau0.0,0.2,9,5000,0.0,0.7988636,0.12709030090434434
normal|K18|Nunequal|share0.9|tau0.0,0.2,10,5000,0.0,0.8183572,0.1167567644146038
normal|K18|Nunequal|share0.9|tau0.0,0.2,12,5000,0.0,0.8463972,0.1013335755357827
normal|K18|Nunequal|share0.9|tau0.0,0.2,15,5000,0.0,0.8121735999999999,0.09916935401218994
normal|K18|Nunequal|share0.9|tau0.0,0.2,17,5000,0.0,0.8328932000000001,0.08961001386383632
normal|K18|Nunequal|share0.9|tau0.0,0.2,20,5000,0.0,0.8096515999999999,0.08795776902165181
normal|K18|Nunequal|share0.9|tau0.0,0.2,25,5000,0.0,0.8093044,0.0797527193259765
normal|K18|Nunequal|share0.9|tau0.0,0.2,35,5000,0.0,0.805968,0.06891591439320323
normal|K18|Nunequal|share0.9|tau0.0,0.2,50,5000,0.0,0.8047088,0.0580762341440496
normal|K18|Nunequal|share0.9|tau0.0,0.2,100,5000,0.0,0.8020872,0.04356821816515817
normal|K18|Nunequal|share0.9|tau0.3,0.1,3,5000,0.0,1.0,0.0
normal|K18|Nunequal|share0.9|tau0.3,0.1,5,5000,0.0,1.0,0.0
normal|K18|Nunequal|share0.9|tau0.3,0.1,9,5000,0.0,0.9017388000000001,0.09509457382077084
normal|K18|Nunequal|share0.9|tau0.3,0.1,10,5000,0.0,0.9112984000000001,0.08650723702587887
normal|K18|Nunequal|share0.9|tau0.3,0.1,12,5000,0.0,0.9252284,0.07320446169518918
normal|K18|Nunequal|share0.9|tau0.3,0.1,15,5000,0.0,0.9397788,0.05841590840028807
normal|K18|Nunequal|share0.9|tau0.3,0.1,17,5000,0.0,0.9457691999999999,0.053028772770150875
normal|K18|Nunequal|share0.9|tau0.3,0.1,20,5000,0.0,0.9060444,0.06367244981004704
normal|K18|Nunequal|share0.9|tau0.3,0.1,25,5000,0.0,0.9241655999999999,0.051934790084530356
normal|K18|Nunequal|share0.9|tau0.3,0.1,35,5000,0.0,0.9173536,0.0469490171258336
normal|K18|Nunequal|share0.9|tau0.3,0.1,50,5000,0.0,0.9028064,0.042861492514238396
normal|K18|Nunequal|share0.9|tau0.3,0.1,100,5000,0.0,0.9016112000000001,0.03228918941241149
normal|K18|Nunequal|share0.9|tau0.3,0.2,3,5000,0.0,1.0,0.0
normal|K18|Nunequal|share0.9|tau0.3,0.2,5,5000,0.0,0.8335928,0.15660897120577869
normal|K18|Nunequal|share0.9|tau0.3,0.2,9,5000,0.0,0.8032952,0.1242285482624694
normal|K18|Nunequal|share0.9|tau0.3,0.2,10,5000,0.0,0.8212128000000001,0.11465722817229806
normal|K18|Nunequal|share0.9|tau0.3,0.2,12,5000,0.0,0.8491232,0.09836723054030126
normal|K18|Nunequal|share0.9|tau0.3,0.2,15,5000,0.0,0.8158804000000001,0.09631807478425863
normal|K18|Nunequal|share0.9|tau0.3,0.2,17,5000,0.0,0.8349892,0.08772865408011997
normal|K18|Nunequal|share0.9|tau0.3,0.2,20,5000,0.0,0.8119176,0.08599930456880031
normal|K18|Nunequal|share0.9|tau0.3,0.2,25,5000,0.0,0.8092564,0.07852356238104441
normal|K18|Nunequal|share0.9|tau0.3,0.2,35,5000,0.0,0.807396,0.06741399345315983
normal|K18|Nunequal|share0.9|tau0.3,0.2,50,5000,0.0,0.8049204,0.05771597257725201
normal|K18|Nunequal|share0.9|tau0.3,0.2,100,5000,0.0,0.8029548,0.04371340445796761
normal|K18|Nunequal|share0.0|tau0.0,0.1,3,5000,0.0,1.0,0.0
normal|K18|Nunequal|share0.0|tau0.0,0.1,5,5000,0.0,1.0,0.0
normal|K18|Nunequal|share0.0|tau0.0,0.1,9,5000,0.0,0.9001848,0.09722149686592232
normal|K18|Nunequal|share0.0|tau0.0,0.1,10,5000,0.0,0.9101039999999999,0.08753733912535973
normal|K18|Nunequal|share0.0|tau0.0,0.1,12,5000,0.0,0.923464,0.07446404288471416
normal|K18|Nunequal|share0.0|tau0.0,0.1,15,5000,0.0,0.9384412,0.06010428809701953
normal|K18|Nunequal|share0.0|tau0.0,0.1,17,5000,0.0,0.945692,0.05346493463801457
normal|K18|Nunequal|share0.0|tau0.0,0.1,20,5000,0.0,0.9053512,0.06435156628534139
normal|K18|Nunequal|share0.0|tau0.0,0.1,25,5000,0.0,0.92343,0.052569084086755244
normal|K18|Nunequal|share0.0|tau0.0,0.1,35,5000,0.0,0.9179356,0.04670373968431321
normal|K18|Nunequal|share0.0|tau0.0,0.1,50,5000,0.0,0.9023559999999999,0.04318277219404596
normal|K18|Nunequal|share0.0|tau0.0,0.1,100,5000,0.0,0.9015852000000001,0.031960341575876884
normal|K18|Nunequal|share0.0|tau0.0,0.2,3,5000,0.0,1.0,0.0
normal|K18|Nunequal|share0.0|tau0.0,0.2,5,5000,0.0,0.8346972,0.15477918862562337
normal|K18|Nunequal|share0.0|tau0.0,0.2,9,5000,0.0,0.8025048,0.12521666110946994
normal|K18|Nunequal|share0.0|tau0.0,0.2,10,5000,0.0,0.8198332,0.11545790870917742
normal|K18|Nunequal|share0.0|tau0.0,0.2,12,5000,0.0,0.8476355999999999,0.09977031841147548
normal|K18|Nunequal|share0.0|tau0.0,0.2,15,5000,0.0,0.8148684,0.09737894234957895
normal|K18|Nunequal|share0.0|tau0.0,0.2,17,5000,0.0,0.8358688,0.08763774792594967
normal|K18|Nunequal|share0.0|tau0.0,0.2,20,5000,0.0,0.810316,0.086291861731453
normal|K18|Nunequal|share0.0|tau0.0,0.2,25,5000,0.0,0.8084680000000001,0.07725350604884781
normal|K18|Nunequal|share0.0|tau0.0,0.2,35,5000,0.0,0.8065296000000001,0.06700176543311545
normal|K18|Nunequal|share0.0|tau0.0,0.2,50,5000,0.0,0.8041424,0.05856811561825605
normal|K18|Nunequal|share0.0|tau0.0,0.2,100,5000,0.0,0.8026116,0.04279887258023076
t3|K18|N21|share0.1|tau0.0,0.1,3,5000,0.0,1.0,0.0
t3|K18|N21|share0.1|tau0.0,0.1,5,5000,0.0,1.0,0.0
t3|K18|N21|share0.1|tau0.0,0.1,9,5000,0.0,0.8981732,0.09610621042625966
t3|K18|N21|share0.1|tau0.0,0.1,10,5000,0.0,0.9073772000000001,0.08875403075779217
t3|K18|N21|share0.1|tau0.0,0.1,12,5000,0.0,0.9226700000000001,0.07461808810077054
t3|K18|N21|share0.1|tau0.0,0.1,15,5000,0.0,0.9370852000000001,0.06154025496824257
t3|K18|N21|share0.1|tau0.0,0.1,17,5000,0.0,0.9442788000000001,0.05493739249344476
t3|K18|N21|share0.1|tau0.0,0.1,20,5000,0.0,0.9036436,0.06655775060707186
t3|K18|N21|share0.1|tau0.0,0.1,25,5000,0.0,0.9220056000000001,0.05351258438888545
t3|K18|N21|share0.1|tau0.0,0.1,35,5000,0.0,0.9163167999999999,0.04878546958028008
t3|K18|N21|share0.1|tau0.0,0.1,50,5000,0.0,0.9018683999999999,0.04360903382335128
t3|K18|N21|share0.1|tau0.0,0.1,100,5000,0.0,0.9004036,0.032588794284885474
t3|K18|N21|share0.1|tau0.0,0.2,3,5000,0.0,1.0,0.0
t3|K18|N21|share0.1|tau0.0,0.2,5,5000,0.0,0.8352252,0.1507275483902289
t3|K18|N21|share0.1|tau0.0,0.2,9,5000,0.0,0.7966595999999999,0.12656643449314708
t3|K18|N21|share0.1|tau0.0,0.2,10,5000,0.0,0.8144432,0.11637693367630206
t3|K18|N21|share0.1|tau0.0,0.2,12,5000,0.0,0.8422451999999999,0.10268242991496963
t3|K18|N21|share0.1|tau0.0,0.2,15,5000,0.0,0.8098648,0.09868573907094765
t3|K18|N21|share0.1|tau0.0,0.2,17,5000,0.0,0.8306876,0.08993213421237597
t3|K18|N21|share0.1|tau0.0,0.2,20,5000,0.0,0.8081168,0.08861700148589136
t3|K18|N21|share0.1|tau0.0,0.2,25,5000,0.0,0.8066072,0.08005702676009596
t3|K18|N21|share0.1|tau0.0,0.2,35,5000,0.0,0.8049404,0.06936650769873054
t3|K18|N21|share0.1|tau0.0,0.2,50,5000,0.0,0.8043184,0.058255820048763444
t3|K18|N21|share0.1|tau0.0,0.2,100,5000,0.0,0.801528,0.04388473071488503
t3|K18|N21|share0.1|tau0.3,0.1,3,5000,0.0,1.0,0.0
t3|K18|N21|share0.1|tau0.3,0.1,5,5000,0.0,1.0,0.0
t3|K18|N21|share0.1|tau0.3,0.1,9,5000,0.0,0.8994072,0.0930799256696766
t3|K18|N21|share0.1|tau0.3,0.1,10,5000,0.0,0.9086968000000001,0.08440861705232787
t3|K18|N21|share0.1|tau0.3,0.1,12,5000,0.0,0.9231464,0.07188745181313379
t3|K18|N21|share0.1|tau0.3,0.1,15,5000,0.0,0.9376724,0.05873777237366666
t3|K18|N21|share0.1|tau0.3,0.1,17,5000,0.0,0.9450495999999999,0.05191587610238603
t3|K18|N21|share0.1|tau0.3,0.1,20,5000,0.0,0.9049964,0.06384792634518154
t3|K18|N21|share0.1|tau0.3,0.1,25,5000,0.0,0.9226164000000001,0.0530439929122687
t3|K18|N21|share0.1|tau0.3,0.1,35,5000,0.0,0.9167316000000001,0.047154756659907926
t3|K18|N21|share0.1|tau0.3,0.1,50,5000,0.0,0.9020216000000001,0.04279505832270084
t3|K18|N21|share0.1|tau0.3,0.1,100,5000,0.0,0.9013628,0.03187108296474833
t3|K18|N21|share0.1|tau0.3,0.2,3,5000,0.0,1.0,0.0
t3|K18|N21|share0.1|tau0.3,0.2,5,5000,0.0,0.8317691999999999,0.1512730387009117
t3|K18|N21|share0.1|tau0.3,0.2,9,5000,0.0,0.7994044,0.12374661169268875
t3|K18|N21|share0.1|tau0.3,0.2,10,5000,0.0,0.8171712,0.11494022160004852
t3|K18|N21|share0.1|tau0.3,0.2,12,5000,0.0,0.843722,0.0996871858515656
t3|K18|N21|share0.1|tau0.3,0.2,15,5000,0.0,0.8114732,0.0980086180884311
t3|K18|N21|share0.1|tau0.3,0.2,17,5000,0.0,0.8325284,0.08796593201051706
t3|K18|N21|share0.1|tau0.3,0.2,20,5000,0.0,0.8094364,0.0857256608771641
t3|K18|N21|share0.1|tau0.3,0.2,25,5000,0.0,0.8082364,0.07888579535494179
t3|K18|N21|share0.1|tau0.3,0.2,35,5000,0.0,0.8057812,0.06773482507444432
t3|K18|N21|share0.1|tau0.3,0.2,50,5000,0.0,0.8035316,0.057993044756143176
t3|K18|N21|share0.1|tau0.3,0.2,100,5000,0.0,0.8019572,0.04316714084311939
t3|K18|N21|share0.3|tau0.0,0.1,3,5000,0.0,1.0,0.0
t3|K18|N21|share0.3|tau0.0,0.1,5,5000,0.0,1.0,0.0
t3|K18|N21|share0.3|tau0.0,0.1,9,5000,0.0,0.9021727999999999,0.09086096897621473
t3|K18|N21|share0.3|tau0.0,0.1,10,5000,0.0,0.9112388000000001,0.08275127388279804
t3|K18|N21|share0.3|tau0.0,0.1,12,5000,0.0,0.9252176,0.07002525656898018
t3|K18|N21|share0.3|tau0.0,0.1,15,5000,0.0,0.9388672,0.0586024744713295
t3|K18|N21|share0.3|tau0.0,0.1,17,5000,0.0,0.9454864,0.052507595874929494
t3|K18|N21|share0.3|tau0.0,0.1,20,5000,0.0,0.9052412000000001,0.063656505187534
t3|K18|N21|share0.3|tau0.0,0.1,25,5000,0.0,0.9237528,0.0513797904699284
t3|K18|N21|share0.3|tau0.0,0.1,35,5000,0.0,0.9166363999999999,0.04657876889079697
t3|K18|N21|share0.3|tau0.0,0.1,50,5000,0.0,0.9021348,0.04338837562283059
t3|K18|N21|share0.3|tau0.0,0.1,100,5000,0.0,0.9014508,0.03196507363586869
t3|K18|N21|share0.3|tau0.0,0.2,3,5000,0.0,1.0,0.0
t3|K18|N21|share0.3|tau0.0,0.2,5,5000,0.0,0.8347943999999999,0.1520626710926386
t3|K18|N21|share0.3|tau0.0,0.2,9,5000,0.0,0.8004475999999999,0.12273369694714342
t3|K18|N21|share0.3|tau0.0,0.2,10,5000,0.0,0.8192152,0.11336677861815983
t3|K18|N21|share0.3|tau0.0,0.2,12,5000,0.0,0.8473736000000001,0.09790839000620292
t3|K18|N21|share0.3|tau0.0,0.2,15,5000,0.0,0.8128156,0.09636656318215317
t3|K18|N21|share0.3|tau0.0,0.2,17,5000,0.0,0.8341092000000001,0.08632265516953895
t3|K18|N21|share0.3|tau0.0,0.2,20,5000,0.0,0.8088036,0.08652602601342302
t3|K18|N21|share0.3|tau0.0,0.2,25,5000,0.0,0.8066652,0.07863955203832829
t3|K18|N21|share0.3|tau0.0,0.2,35,5000,0.0,0.8053028,0.0686383869113455
t3|K18|N21|share0.3|tau0.0,0.2,50,5000,0.0,0.8045936,0.05758490464773431
t3|K18|N21|share0.3|tau0.0,0.2,100,5000,0.0,0.8023456,0.04285590608512757
t3|K18|N21|share0.3|tau0.3,0.1,3,5000,0.0,1.0,0.0
t3|K18|N21|share0.3|tau0.3,0.1,5,5000,0.0,1.0,0.0
t3|K18|N21|share0.3|tau0.3,0.1,9,5000,0.0,0.8999172000000001,0.0945347624338354
t3|K18|N21|share0.3|tau0.3,0.1,10,5000,0.0,0.908962,0.08707158232218842
t3|K18|N21|share0.3|tau0.3,0.1,12,5000,0.0,0.9227244000000001,0.07564311747200898
t3|K18|N21|share0.3|tau0.3,0.1,15,5000,0.0,0.93804,0.06129431456994772
t3|K18|N21|share0.3|tau0.3,0.1,17,5000,0.0,0.9453296,0.05377320592428055
t3|K18|N21|share0.3|tau0.3,0.1,20,5000,0.0,0.9055288,0.06450280375998067
t3|K18|N21|share0.3|tau0.3,0.1,25,5000,0.0,0.9234928,0.05364966360976636
t3|K18|N21|share0.3|tau0.3,0.1,35,5000,0.0,0.9168508,0.04758702600887006
t3|K18|N21|share0.3|tau0.3,0.1,50,5000,0.0,0.9018208000000001,0.04271239582499937
t3|K18|N21|share0.3|tau0.3,0.1,100,5000,0.0,0.9006044,0.032475172486156265
t3|K18|N21|share0.3|tau0.3,0.2,3,5000,0.0,1.0,0.0
t3|K18|N21|share0.3|tau0.3,0.2,5,5000,0.0,0.836636,0.14776586633675204
t3|K18|N21|share0.3|tau0.3,0.2,9,5000,0.0,0.8000068,0.12496655265156495
t3|K18|N21|share0.3|tau0.3,0.2,10,5000,0.0,0.817826,0.11505465326812182
t3|K18|N21|share0.3|tau0.3,0.2,12,5000,0.0,0.8459492000000001,0.10001084867818423
t3|K18|N21|share0.3|tau0.3,0.2,15,5000,0.0,0.8136872,0.09730663632278366
t3|K18|N21|share0.3|tau0.3,0.2,17,5000,0.0,0.8334212,0.08838271828552416
t3|K18|N21|share0.3|tau0.3,0.2,20,5000,0.0,0.8082004,0.08557017874784514
t3|K18|N21|share0.3|tau0.3,0.2,25,5000,0.0,0.8080752,0.0784967126173978
t3|K18|N21|share0.3|tau0.3,0.2,35,5000,0.0,0.8051676,0.06781057413879492
t3|K18|N21|share0.3|tau0.3,0.2,50,5000,0.0,0.8031064,0.058648169627023405
t3|K18|N21|share0.3|tau0.3,0.2,100,5000,0.0,0.8010024,0.04414158232435731
t3|K18|N21|share0.5|tau0.0,0.1,3,5000,0.0,1.0,0.0
t3|K18|N21|share0.5|tau0.0,0.1,5,5000,0.0,1.0,0.0
t3|K18|N21|share0.5|tau0.0,0.1,9,5000,0.0,0.8998236000000001,0.09268817347720534
t3|K18|N21|share0.5|tau0.0,0.1,10,5000,0.0,0.909162,0.08511614833709032
t3|K18|N21|share0.5|tau0.0,0.1,12,5000,0.0,0.9223868000000001,0.07488657012734043
t3|K18|N21|share0.5|tau0.0,0.1,15,5000,0.0,0.937262,0.060204639985097154
t3|K18|N21|share0.5|tau0.0,0.1,17,5000,0.0,0.9438592,0.05475120925005102
t3|K18|N21|share0.5|tau0.0,0.1,20,5000,0.0,0.903392,0.06446482978226015
t3|K18|N21|share0.5|tau0.0,0.1,25,5000,0.0,0.9221103999999999,0.053519931693320505
t3|K18|N21|share0.5|tau0.0,0.1,35,5000,0.0,0.9168995999999999,0.04663644188166888
t3|K18|N21|share0.5|tau0.0,0.1,50,5000,0.0,0.901912,0.04330408877716933
t3|K18|N21|share0.5|tau0.0,0.1,100,5000,0.0,0.9020716000000001,0.03185178457600352
t3|K18|N21|share0.5|tau0.0,0.2,3,5000,0.0,1.0,0.0
t3|K18|N21|share0.5|tau0.0,0.2,5,5000,0.0,0.832506,0.15093935902215969
t3|K18|N21|share0.5|tau0.0,0.2,9,5000,0.0,0.7976332,0.12340747521421758
t3|K18|N21|share0.5|tau0.0,0.2,10,5000,0.0,0.8163564,0.11384384508287083
t3|K18|N21|share0.5|tau0.0,0.2,12,5000,0.0,0.8441888000000001,0.09959421346660254
t3|K18|N21|share0.5|tau0.0,0.2,15,5000,0.0,0.8108768,0.09636554822931834
t3|K18|N21|share0.5|tau0.0,0.2,17,5000,0.0,0.8309871999999999,0.08757738175875747
t3|K18|N21|share0.5|tau0.0,0.2,20,5000,0.0,0.808496,0.08668141621814637
t3|K18|N21|share0.5|tau0.0,0.2,25,5000,0.0,0.8074996,0.07899855286086473
t3|K18|N21|share0.5|tau0.0,0.2,35,5000,0.0,0.8046664,0.06800482955208763
t3|K18|N21|share0.5|tau0.0,0.2,50,5000,0.0,0.8034184,0.05834833542689476
t3|K18|N21|share0.5|tau0.0,0.2,100,5000,0.0,0.8026592,0.042963801426393854
t3|K18|N21|share0.5|tau0.3,0.1,3,5000,0.0,1.0,0.0
t3|K18|N21|share0.5|tau0.3,0.1,5,5000,0.0,1.0,0.0
t3|K18|N21|share0.5|tau0.3,0.1,9,5000,0.0,0.8999876,0.09281326794581347
t3|K18|N21|share0.5|tau0.3,0.1,10,5000,0.0,0.9082512,0.0856676361722293
t3|K18|N21|share0.5|tau0.3,0.1,12,5000,0.0,0.9224776,0.07369088116879506
t3|K18|N21|share0.5|tau0.3,0.1,15,5000,0.0,0.936838,0.05998270868398838
t3|K18|N21|share0.5|tau0.3,0.1,17,5000,0.0,0.9439776,0.054198477776028445
t3|K18|N21|share0.5|tau0.3,0.1,20,5000,0.0,0.9051788000000001,0.06315991977237735
t3|K18|N21|share0.5|tau0.3,0.1,25,5000,0.0,0.9231788000000001,0.05136702195717554
t3|K18|N21|share0.5|tau0.3,0.1,35,5000,0.0,0.9161836,0.04680822676686875
t3|K18|N21|share0.5|tau0.3,0.1,50,5000,0.0,0.9020572,0.04275401161600918
t3|K18|N21|share0.5|tau0.3,0.1,100,5000,0.0,0.9006564,0.032853983257486126
t3|K18|N21|share0.5|tau0.3,0.2,3,5000,0.0,1.0,0.0
t3|K18|N21|share0.5|tau0.3,0.2,5,5000,0.0,0.8336568,0.1533636068072819
t3|K18|N21|share0.5|tau0.3,0.2,9,5000,0.0,0.8014252000000001,0.1225279373206159
t3|K18|N21|share0.5|tau0.3,0.2,10,5000,0.0,0.8185532,0.11334477040055886
t3|K18|N21|share0.5|tau0.3,0.2,12,5000,0.0,0.8460012,0.0992595954657201
t3|K18|N21|share0.5|tau0.3,0.2,15,5000,0.0,0.8126928,0.09706033262766992
t3|K18|N21|share0.5|tau0.3,0.2,17,5000,0.0,0.8343628000000001,0.08747160129074158
t3|K18|N21|share0.5|tau0.3,0.2,20,5000,0.0,0.810394,0.08473337897843208
t3|K18|N21|share0.5|tau0.3,0.2,25,5000,0.0,0.8091891999999999,0.07636385068144604
t3|K18|N21|share0.5|tau0.3,0.2,35,5000,0.0,0.8052935999999999,0.06653839245559
t3|K18|N21|share0.5|tau0.3,0.2,50,5000,0.0,0.8038868,0.05756969723533339
t3|K18|N21|share0.5|tau0.3,0.2,100,5000,0.0,0.802146,0.04360854761494605
t3|K18|N21|share0.9|tau0.0,0.1,3,5000,0.0,1.0,0.0
t3|K18|N21|share0.9|tau0.0,0.1,5,5000,0.0,1.0,0.0
t3|K18|N21|share0.9|tau0.0,0.1,9,5000,0.0,0.9016928,0.09202981867669362
t3|K18|N21|share0.9|tau0.0,0.1,10,5000,0.0,0.9104068,0.08423543218484178
t3|K18|N21|share0.9|tau0.0,0.1,12,5000,0.0,0.924018,0.07096390949835168
t3|K18|N21|share0.9|tau0.0,0.1,15,5000,0.0,0.9379012000000001,0.05885366759512844
t3|K18|N21|share0.9|tau0.0,0.1,17,5000,0.0,0.9447604,0.05253477488630234
t3|K18|N21|share0.9|tau0.0,0.1,20,5000,0.0,0.9044428,0.06305997177424064
t3|K18|N21|share0.9|tau0.0,0.1,25,5000,0.0,0.9223256,0.05286270592559135
t3|K18|N21|share0.9|tau0.0,0.1,35,5000,0.0,0.9160792,0.04661916769655314
t3|K18|N21|share0.9|tau0.0,0.1,50,5000,0.0,0.9025196,0.042492511558481806
t3|K18|N21|share0.9|tau0.0,0.1,100,5000,0.0,0.9009956,0.0322044625187446
t3|K18|N21|share0.9|tau0.0,0.2,3,5000,0.0,1.0,0.0
t3|K18|N21|share0.9|tau0.0,0.2,5,5000,0.0,0.8323495999999999,0.1516680586670905
t3|K18|N21|share0.9|tau0.0,0.2,9,5000,0.0,0.8029208,0.1203034509539202
t3|K18|N21|share0.9|tau0.0,0.2,10,5000,0.0,0.8197548000000001,0.11210818313533233
t3|K18|N21|share0.9|tau0.0,0.2,12,5000,0.0,0.84745,0.09668883723703195
t3|K18|N21|share0.9|tau0.0,0.2,15,5000,0.0,0.8117936,0.0965644154764438
t3|K18|N21|share0.9|tau0.0,0.2,17,5000,0.0,0.832276,0.08759478976194122
t3|K18|N21|share0.9|tau0.0,0.2,20,5000,0.0,0.8087852,0.08668275399944443
t3|K18|N21|share0.9|tau0.0,0.2,25,5000,0.0,0.8076015999999999,0.07867460591679645
t3|K18|N21|share0.9|tau0.0,0.2,35,5000,0.0,0.805852,0.06756493691360943
t3|K18|N21|share0.9|tau0.0,0.2,50,5000,0.0,0.8054524000000001,0.05755253767783518
t3|K18|N21|share0.9|tau0.0,0.2,100,5000,0.0,0.8028596,0.04297723230199068
t3|K18|N21|share0.9|tau0.3,0.1,3,5000,0.0,1.0,0.0
t3|K18|N21|share0.9|tau0.3,0.1,5,5000,0.0,1.0,0.0
t3|K18|N21|share0.9|tau0.3,0.1,9,5000,0.0,0.9015032,0.09279676846640478
t3|K18|N21|share0.9|tau0.3,0.1,10,5000,0.0,0.9103396,0.08471574601787255
t3|K18|N21|share0.9|tau0.3,0.1,12,5000,0.0,0.9237164000000001,0.0731997268508716
t3|K18|N21|share0.9|tau0.3,0.1,15,5000,0.0,0.9379404,0.05935661285263728
t3|K18|N21|share0.9|tau0.3,0.1,17,5000,0.0,0.9449196,0.052476374587217475
t3|K18|N21|share0.9|tau0.3,0.1,20,5000,0.0,0.9055404,0.06329504578088298
t3|K18|N21|share0.9|tau0.3,0.1,25,5000,0.0,0.9234696,0.05171375772836158
t3|K18|N21|share0.9|tau0.3,0.1,35,5000,0.0,0.9165448,0.04659824752385504
t3|K18|N21|share0.9|tau0.3,0.1,50,5000,0.0,0.9022048,0.04363321244654902
t3|K18|N21|share0.9|tau0.3,0.1,100,5000,0.0,0.9013296000000001,0.03218259324078068
t3|K18|N21|share0.9|tau0.3,0.2,3,5000,0.0,1.0,0.0
t3|K18|N21|share0.9|tau0.3,0.2,5,5000,0.0,0.8364316,0.15017823684543788
t3|K18|N21|share0.9|tau0.3,0.2,9,5000,0.0,0.8023051999999999,0.12353088532381593
t3|K18|N21|share0.9|tau0.3,0.2,10,5000,0.0,0.820576,0.11487570460938162
t3|K18|N21|share0.9|tau0.3,0.2,12,5000,0.0,0.84814,0.09936702854202821
t3|K18|N21|share0.9|tau0.3,0.2,15,5000,0.0,0.8159892,0.0982373839232296
t3|K18|N21|share0.9|tau0.3,0.2,17,5000,0.0,0.8358755999999999,0.08721433478894701
t3|K18|N21|share0.9|tau0.3,0.2,20,5000,0.0,0.8117968,0.08618852593101028
t3|K18|N21|share0.9|tau0.3,0.2,25,5000,0.0,0.8097032000000001,0.0767985124339164
t3|K18|N21|share0.9|tau0.3,0.2,35,5000,0.0,0.8070088,0.06661432440701662
t3|K18|N21|share0.9|tau0.3,0.2,50,5000,0.0,0.805076,0.05791732994036831
t3|K18|N21|share0.9|tau0.3,0.2,100,5000,0.0,0.8030224,0.043479760764742394
t3|K18|N21|share0.0|tau0.0,0.1,3,5000,0.0,1.0,0.0
t3|K18|N21|share0.0|tau0.0,0.1,5,5000,0.0,1.0,0.0
t3|K18|N21|share0.0|tau0.0,0.1,9,5000,0.0,0.8980352,0.09405635800229638
t3|K18|N21|share0.0|tau0.0,0.1,10,5000,0.0,0.9075796,0.08597451708126942
t3|K18|N21|share0.0|tau0.0,0.1,12,5000,0.0,0.9225283999999999,0.07246490340768545
t3|K18|N21|share0.0|tau0.0,0.1,15,5000,0.0,0.9361696,0.0604861285766418
t3|K18|N21|share0.0|tau0.0,0.1,17,5000,0.0,0.9432159999999999,0.053823250853757436
t3|K18|N21|share0.0|tau0.0,0.1,20,5000,0.0,0.9044095999999999,0.06306425015624598
t3|K18|N21|share0.0|tau0.0,0.1,25,5000,0.0,0.9230616,0.05216065521281762
t3|K18|N21|share0.0|tau0.0,0.1,35,5000,0.0,0.9161636000000001,0.04692782627840167
t3|K18|N21|share0.0|tau0.0,0.1,50,5000,0.0,0.9020376,0.04257465333342466
t3|K18|N21|share0.0|tau0.0,0.1,100,5000,0.0,0.9005244000000001,0.03205160941003048
t3|K18|N21|share0.0|tau0.0,0.2,3,5000,0.0,1.0,0.0
t3|K18|N21|share0.0|tau0.0,0.2,5,5000,0.0,0.8295044,0.1525425246447855
t3|K18|N21|share0.0|tau0.0,0.2,9,5000,0.0,0.7970276,0.12497931990661842
t3|K18|N21|share0.0|tau0.0,0.2,10,5000,0.0,0.815316,0.11544319802567006
t3|K18|N21|share0.0|tau0.0,0.2,12,5000,0.0,0.8446495999999999,0.09884618826048222
t3|K18|N21|share0.0|tau0.0,0.2,15,5000,0.0,0.8099084,0.0969591121211651
t3|K18|N21|share0.0|tau0.0,0.2,17,5000,0.0,0.8309168,0.08831459772537184
t3|K18|N21|share0.0|tau0.0,0.2,20,5000,0.0,0.8073448000000001,0.08657319271286754
t3|K18|N21|share0.0|tau0.0,0.2,25,5000,0.0,0.806398,0.07844568784317103
t3|K18|N21|share0.0|tau0.0,0.2,35,5000,0.0,0.8051636000000001,0.06817987191266048
t3|K18|N21|share0.0|tau0.0,0.2,50,5000,0.0,0.8036396,0.05818817134518747
t3|K18|N21|share0.0|tau0.0,0.2,100,5000,0.0,0.8015664,0.04320758926616987
t3|K18|N100|share0.1|tau0.0,0.1,3,5000,0.0,1.0,0.0
t3|K18|N100|share0.1|tau0.0,0.1,5,5000,0.0,1.0,0.0
t3|K18|N100|share0.1|tau0.0,0.1,9,5000,0.0,0.9015512000000001,0.0932724832401602
t3|K18|N100|share0.1|tau0.0,0.1,10,5000,0.0,0.909992,0.08562821482569172
t3|K18|N100|share0.1|tau0.0,0.1,12,5000,0.0,0.9236004000000001,0.07387896006298411
t3|K18|N100|share0.1|tau0.0,0.1,15,5000,0.0,0.9379700000000001,0.060296432995380365
t3|K18|N100|share0.1|tau0.0,0.1,17,5000,0.0,0.9449352000000001,0.05386742374411614
t3|K18|N100|share0.1|tau0.0,0.1,20,5000,0.0,0.9051084,0.06468332270289764
t3|K18|N100|share0.1|tau0.0,0.1,25,5000,0.0,0.9231456,0.05317691564496293
t3|K18|N100|share0.1|tau0.0,0.1,35,5000,0.0,0.9176448,0.046301656575551665
t3|K18|N100|share0.1|tau0.0,0.1,50,5000,0.0,0.9026628000000001,0.04243651337814565
t3|K18|N100|share0.1|tau0.0,0.1,100,5000,0.0,0.9012040000000001,0.031805620627503854
t3|K18|N100|share0.1|tau0.0,0.2,3,5000,0.0,1.0,0.0
t3|K18|N100|share0.1|tau0.0,0.2,5,5000,0.0,0.83316,0.1524832706547376
t3|K18|N100|share0.1|tau0.0,0.2,9,5000,0.0,0.8007724,0.12351876770529685
t3|K18|N100|share0.1|tau0.0,0.2,10,5000,0.0,0.8189664,0.11378766715984463
t3|K18|N100|share0.1|tau0.0,0.2,12,5000,0.0,0.8461632,0.10028542066960568
t3|K18|N100|share0.1|tau0.0,0.2,15,5000,0.0,0.8125564000000001,0.09862389037850139
t3|K18|N100|share0.1|tau0.0,0.2,17,5000,0.0,0.8341848,0.08813107094602451
t3|K18|N100|share0.1|tau0.0,0.2,20,5000,0.0,0.8102864,0.08628783861737802
t3|K18|N100|share0.1|tau0.0,0.2,25,5000,0.0,0.808246,0.07873528899512983
t3|K18|N100|share0.1|tau0.0,0.2,35,5000,0.0,0.80638,0.0679470599849038
t3|K18|N100|share0.1|tau0.0,0.2,50,5000,0.0,0.8052623999999999,0.05782570975597055
t3|K18|N100|share0.1|tau0.0,0.2,100,5000,0.0,0.8024207999999999,0.043260259099587826
t3|K18|N100|share0.1|tau0.3,0.1,3,5000,0.0,1.0,0.0
t3|K18|N100|share0.1|tau0.3,0.1,5,5000,0.0,1.0,0.0
t3|K18|N100|share0.1|tau0.3,0.1,9,5000,0.0,0.9007847999999999,0.09272136937851982
t3|K18|N100|share0.1|tau0.3,0.1,10,5000,0.0,0.9094448,0.08503626747639655
t3|K18|N100|share0.1|tau0.3,0.1,12,5000,0.0,0.9228704,0.07278142229254794
t3|K18|N100|share0.1|tau0.3,0.1,15,5000,0.0,0.9370616,0.06031393006156945
t3|K18|N100|share0.1|tau0.3,0.1,17,5000,0.0,0.943684,0.05454744016583851
t3|K18|N100|share0.1|tau0.3,0.1,20,5000,0.0,0.9043700000000001,0.06444738779158254
t3|K18|N100|share0.1|tau0.3,0.1,25,5000,0.0,0.9219700000000001,0.05294949130752756
t3|K18|N100|share0.1|tau0.3,0.1,35,5000,0.0,0.9157852000000001,0.04741489529060551
t3|K18|N100|share0.1|tau0.3,0.1,50,5000,0.0,0.901566,0.04383662366007202
t3|K18|N100|share0.1|tau0.3,0.1,100,5000,0.0,0.9008079999999999,0.0331589239699929
t3|K18|N100|share0.1|tau0.3,0.2,3,5000,0.0,1.0,0.0
t3|K18|N100|share0.1|tau0.3,0.2,5,5000,0.0,0.833916,0.15148554557482885
t3|K18|N100|share0.1|tau0.3,0.2,9,5000,0.0,0.8000876,0.12374664994622901
t3|K18|N100|share0.1|tau0.3,0.2,10,5000,0.0,0.8182456,0.11477433123334672
t3|K18|N100|share0.1|tau0.3,0.2,12,5000,0.0,0.8451252,0.10016782239566098
t3|K18|N100|share0.1|tau0.3,0.2,15,5000,0.0,0.8125004,0.09744596011568958
t3|K18|N100|share0.1|tau0.3,0.2,17,5000,0.0,0.8328336,0.08827680822285086
t3|K18|N100|share0.1|tau0.3,0.2,20,5000,0.0,0.8090272,0.08607294215044647
t3|K18|N100|share0.1|tau0.3,0.2,25,5000,0.0,0.8067228,0.07930099677669855
t3|K18|N100|share0.1|tau0.3,0.2,35,5000,0.0,0.8053020000000001,0.0678602166058993
t3|K18|N100|share0.1|tau0.3,0.2,50,5000,0.0,0.80269,0.05881370342311452
t3|K18|N100|share0.1|tau0.3,0.2,100,5000,0.0,0.8009824,0.04392174762259405
t3|K18|N100|share0.3|tau0.0,0.1,3,5000,0.0,1.0,0.0
t3|K18|N100|share0.3|tau0.0,0.1,5,5000,0.0,1.0,0.0
t3|K18|N100|share0.3|tau0.0,0.1,9,5000,0.0,0.9017392,0.08981455402206727
t3|K18|N100|share0.3|tau0.0,0.1,10,5000,0.0,0.9099012000000001,0.08326089066147888
t3|K18|N100|share0.3|tau0.0,0.1,12,5000,0.0,0.9226232,0.07325349982633847
t3|K18|N100|share0.3|tau0.0,0.1,15,5000,0.0,0.9377112,0.059337219143427454
t3|K18|N100|share0.3|tau0.0,0.1,17,5000,0.0,0.9441288000000001,0.0526758308827856
t3|K18|N100|share0.3|tau0.0,0.1,20,5000,0.0,0.9041952,0.0634674177793923
t3|K18|N100|share0.3|tau0.0,0.1,25,5000,0.0,0.9219912,0.05285694177512315
t3|K18|N100|share0.3|tau0.0,0.1,35,5000,0.0,0.9157588,0.04736362407097898
t3|K18|N100|share0.3|tau0.0,0.1,50,5000,0.0,0.9013108,0.04433242240274294
t3|K18|N100|share0.3|tau0.0,0.1,100,5000,0.0,0.9004540000000001,0.03244434636608088
t3|K18|N100|share0.3|tau0.0,0.2,3,5000,0.0,1.0,0.0
t3|K18|N100|share0.3|tau0.0,0.2,5,5000,0.0,0.8331152000000001,0.14957831080465073
t3|K18|N100|share0.3|tau0.0,0.2,9,5000,0.0,0.8021132,0.12138254376205018
t3|K18|N100|share0.3|tau0.0,0.2,10,5000,0.0,0.8197976,0.11192802245497824
t3|K18|N100|share0.3|tau0.0,0.2,12,5000,0.0,0.8450044,0.09916007323850141
t3|K18|N100|share0.3|tau0.0,0.2,15,5000,0.0,0.8105743999999999,0.09742101742215134
t3|K18|N100|share0.3|tau0.0,0.2,17,5000,0.0,0.8314072,0.08722201857481195
t3|K18|N100|share0.3|tau0.0,0.2,20,5000,0.0,0.8082136000000001,0.08552091405257588
t3|K18|N100|share0.3|tau0.0,0.2,25,5000,0.0,0.8057228,0.07731755532239899
t3|K18|N100|share0.3|tau0.0,0.2,35,5000,0.0,0.8039548,0.06748834041653742
t3|K18|N100|share0.3|tau0.0,0.2,50,5000,0.0,0.8030716,0.058003080477755396
t3|K18|N100|share0.3|tau0.0,0.2,100,5000,0.0,0.8011332,0.04334039611894596
t3|K18|N100|share0.3|tau0.3,0.1,3,5000,0.0,1.0,0.0
t3|K18|N100|share0.3|tau0.3,0.1,5,5000,0.0,1.0,0.0
t3|K18|N100|share0.3|tau0.3,0.1,9,5000,0.0,0.8995479999999999,0.09369968848573877
t3|K18|N100|share0.3|tau0.3,0.1,10,5000,0.0,0.906934,0.08753697383596065
t3|K18|N100|share0.3|tau0.3,0.1,12,5000,0.0,0.9224508,0.07434481158468237
t3|K18|N100|share0.3|tau0.3,0.1,15,5000,0.0,0.9369443999999999,0.061434411741541226
t3|K18|N100|share0.3|tau0.3,0.1,17,5000,0.0,0.9443816,0.053657981859584036
t3|K18|N100|share0.3|tau0.3,0.1,20,5000,0.0,0.9041572,0.06496574634220376
t3|K18|N100|share0.3|tau0.3,0.1,25,5000,0.0,0.9229036,0.05303420436290606
t3|K18|N100|share0.3|tau0.3,0.1,35,5000,0.0,0.91561,0.04811497594493878
t3|K18|N100|share0.3|tau0.3,0.1,50,5000,0.0,0.9012216000000001,0.043488935960197816
t3|K18|N100|share0.3|tau0.3,0.1,100,5000,0.0,0.9002508,0.032852058549049594
t3|K18|N100|share0.3|tau0.3,0.2,3,5000,0.0,1.0,0.0
t3|K18|N100|share0.3|tau0.3,0.2,5,5000,0.0,0.8299624,0.15362302494417482
t3|K18|N100|share0.3|tau0.3,0.2,9,5000,0.0,0.798714,0.12431891104063167
t3|K18|N100|share0.3|tau0.3,0.2,10,5000,0.0,0.8163256,0.11570163766529695
t3|K18|N100|share0.3|tau0.3,0.2,12,5000,0.0,0.845506,0.10014551507100931
t3|K18|N100|share0.3|tau0.3,0.2,15,5000,0.0,0.8099948,0.09959147988424076
t3|K18|N100|share0.3|tau0.3,0.2,17,5000,0.0,0.8323683999999999,0.08812661312809128
t3|K18|N100|share0.3|tau0.3,0.2,20,5000,0.0,0.8079908,0.08673024583424457
t3|K18|N100|share0.3|tau0.3,0.2,25,5000,0.0,0.8057828,0.07928052159503549
t3|K18|N100|share0.3|tau0.3,0.2,35,5000,0.0,0.8043016,0.06796462076238691
t3|K18|N100|share0.3|tau0.3,0.2,50,5000,0.0,0.8031124,0.057872961062696966
t3|K18|N100|share0.3|tau0.3,0.2,100,5000,0.0,0.8010508,0.04307424865902494
t3|K18|N100|share0.5|tau0.0,0.1,3,5000,0.0,1.0,0.0
t3|K18|N100|share0.5|tau0.0,0.1,5,5000,0.0,1.0,0.0
t3|K18|N100|share0.5|tau0.0,0.1,9,5000,0.0,0.9018536,0.09356733584059805
t3|K18|N100|share0.5|tau0.0,0.1,10,5000,0.0,0.9103964,0.08545183479746975
t3|K18|N100|share0.5|tau0.0,0.1,12,5000,0.0,0.9237216,0.07310624185361739
t3|K18|N100|share0.5|tau0.0,0.1,15,5000,0.0,0.9380755999999999,0.06026324764268243
t3|K18|N100|share0.5|tau0.0,0.1,17,5000,0.0,0.9446456,0.054109274282258354
t3|K18|N100|share0.5|tau0.0,0.1,20,5000,0.0,0.9048848,0.06473168595976334
t3|K18|N100|share0.5|tau0.0,0.1,25,5000,0.0,0.9223459999999999,0.05443162356873871
t3|K18|N100|share0.5|tau0.0,0.1,35,5000,0.0,0.9165827999999999,0.04705911236063891
t3|K18|N100|share0.5|tau0.0,0.1,50,5000,0.0,0.9028204,0.04307323536212384
t3|K18|N100|share0.5|tau0.0,0.1,100,5000,0.0,0.9012167999999999,0.03232507973564774
t3|K18|N100|share0.5|tau0.0,0.2,3,5000,0.0,1.0,0.0
t3|K18|N100|share0.5|tau0.0,0.2,5,5000,0.0,0.8363,0.1521937823614286
t3|K18|N100|share0.5|tau0.0,0.2,9,5000,0.0,0.8024392,0.12484611813750074
t3|K18|N100|share0.5|tau0.0,0.2,10,5000,0.0,0.8194456,0.11533308712089933
t3|K18|N100|share0.5|tau0.0,0.2,12,5000,0.0,0.8475928,0.09888277174851907
t3|K18|N100|share0.5|tau0.0,0.2,15,5000,0.0,0.8134236,0.09607964832785634
t3|K18|N100|share0.5|tau0.0,0.2,17,5000,0.0,0.8336564000000001,0.08725078612239424
t3|K18|N100|share0.5|tau0.0,0.2,20,5000,0.0,0.809926,0.0849262045310114
t3|K18|N100|share0.5|tau0.0,0.2,25,5000,0.0,0.8070004,0.07917957994973325
t3|K18|N100|share0.5|tau0.0,0.2,35,5000,0.0,0.8052284,0.06801495894557376
t3|K18|N100|share0.5|tau0.0,0.2,50,5000,0.0,0.8041948,0.05772043297339802
t3|K18|N100|share0.5|tau0.0,0.2,100,5000,0.0,0.8024640000000001,0.0434088466743119
t3|K18|N100|share0.5|tau0.3,0.1,3,5000,0.0,1.0,0.0
t3|K18|N100|share0.5|tau0.3,0.1,5,5000,0.0,1.0,0.0
t3|K18|N100|share0.5|tau0.3,0.1,9,5000,0.0,0.8988948,0.09366391577754891
t3|K18|N100|share0.5|tau0.3,0.1,10,5000,0.0,0.9092328,0.08464236923842611
t3|K18|N100|share0.5|tau0.3,0.1,12,5000,0.0,0.9231676,0.07204302290763438
t3|K18|N100|share0.5|tau0.3,0.1,15,5000,0.0,0.9369016,0.059955173605022595
t3|K18|N100|share0.5|tau0.3,0.1,17,5000,0.0,0.9437204,0.054546120665872534
t3|K18|N100|share0.5|tau0.3,0.1,20,5000,0.0,0.9050956,0.06434966850425337
t3|K18|N100|share0.5|tau0.3,0.1,25,5000,0.0,0.9234620000000001,0.05239141464081324
t3|K18|N100|share0.5|tau0.3,0.1,35,5000,0.0,0.9173188,0.046611587556946776
t3|K18|N100|share0.5|tau0.3,0.1,50,5000,0.0,0.9031236,0.042670702839491155
t3|K18|N100|share0.5|tau0.3,0.1,100,5000,0.0,0.9018128000000001,0.03256571604206285
t3|K18|N100|share0.5|tau0.3,0.2,3,5000,0.0,1.0,0.0
t3|K18|N100|share0.5|tau0.3,0.2,5,5000,0.0,0.8322644,0.15276542523643732
t3|K18|N100|share0.5|tau0.3,0.2,9,5000,0.0,0.7991424,0.1234443235731984
t3|K18|N100|share0.5|tau0.3,0.2,10,5000,0.0,0.8175192,0.11501069830022193
t3|K18|N100|share0.5|tau0.3,0.2,12,5000,0.0,0.8462168,0.098214576404746
t3|K18|N100|share0.5|tau0.3,0.2,15,5000,0.0,0.8128452,0.09884713343399298
t3|K18|N100|share0.5|tau0.3,0.2,17,5000,0.0,0.8346072,0.08894173730418657
t3|K18|N100|share0.5|tau0.3,0.2,20,5000,0.0,0.8127064,0.08597838946927969
t3|K18|N100|share0.5|tau0.3,0.2,25,5000,0.0,0.810276,0.07762462070984993
t3|K18|N100|share0.5|tau0.3,0.2,35,5000,0.0,0.80802,0.06744372862843727
t3|K18|N100|share0.5|tau0.3,0.2,50,5000,0.0,0.8061328000000001,0.05800115163406822
t3|K18|N100|share0.5|tau0.3,0.2,100,5000,0.0,0.8035544,0.04355834829950871
t3|K18|N100|share0.9|tau0.0,0.1,3,5000,0.0,1.0,0.0
t3|K18|N100|share0.9|tau0.0,0.1,5,5000,0.0,1.0,0.0
t3|K18|N100|share0.9|tau0.0,0.1,9,5000,0.0,0.899432,0.09249362134762588
t3|K18|N100|share0.9|tau0.0,0.1,10,5000,0.0,0.9087227999999999,0.0848027066783366
t3|K18|N100|share0.9|tau0.0,0.1,12,5000,0.0,0.9231472,0.07193874455919934
t3|K18|N100|share0.9|tau0.0,0.1,15,5000,0.0,0.9372912,0.059589030643857704
t3|K18|N100|share0.9|tau0.0,0.1,17,5000,0.0,0.9443204,0.05346641071976928
t3|K18|N100|share0.9|tau0.0,0.1,20,5000,0.0,0.9050672000000001,0.06447826124667667
t3|K18|N100|share0.9|tau0.0,0.1,25,5000,0.0,0.9236516,0.052972663120213405
t3|K18|N100|share0.9|tau0.0,0.1,35,5000,0.0,0.9173899999999999,0.04750590765633736
t3|K18|N100|share0.9|tau0.0,0.1,50,5000,0.0,0.9019219999999999,0.043373131795068076
t3|K18|N100|share0.9|tau0.0,0.1,100,5000,0.0,0.9004092,0.032331099816787445
t3|K18|N100|share0.9|tau0.0,0.2,3,5000,0.0,1.0,0.0
t3|K18|N100|share0.9|tau0.0,0.2,5,5000,0.0,0.8307304,0.15319184333381733
t3|K18|N100|share0.9|tau0.0,0.2,9,5000,0.0,0.7955968,0.12469040608336249
t3|K18|N100|share0.9|tau0.0,0.2,10,5000,0.0,0.8147796,0.11626814129406216
t3|K18|N100|share0.9|tau0.0,0.2,12,5000,0.0,0.8439664000000001,0.10076980193310049
t3|K18|N100|share0.9|tau0.0,0.2,15,5000,0.0,0.8093828000000001,0.09874146565434368
t3|K18|N100|share0.9|tau0.0,0.2,17,5000,0.0,0.8315652,0.08823883593630111
t3|K18|N100|share0.9|tau0.0,0.2,20,5000,0.0,0.8079923999999999,0.0861095889811518
t3|K18|N100|share0.9|tau0.0,0.2,25,5000,0.0,0.80725,0.07879908729948487
t3|K18|N100|share0.9|tau0.0,0.2,35,5000,0.0,0.8045836000000001,0.06785081397913766
t3|K18|N100|share0.9|tau0.0,0.2,50,5000,0.0,0.8037196,0.05776677917276669
t3|K18|N100|share0.9|tau0.0,0.2,100,5000,0.0,0.8010271999999999,0.04359781891474417
t3|K18|N100|share0.9|tau0.3,0.1,3,5000,0.0,1.0,0.0
t3|K18|N100|share0.9|tau0.3,0.1,5,5000,0.0,1.0,0.0
t3|K18|N100|share0.9|tau0.3,0.1,9,5000,0.0,0.9000976,0.09322957054928963
t3|K18|N100|share0.9|tau0.3,0.1,10,5000,0.0,0.9098368,0.08369642276702634
t3|K18|N100|share0.9|tau0.3,0.1,12,5000,0.0,0.9239356,0.07139264972479281
t3|K18|N100|share0.9|tau0.3,0.1,15,5000,0.0,0.9377387999999999,0.059907201145687226
t3|K18|N100|share0.9|tau0.3,0.1,17,5000,0.0,0.9438724000000001,0.055385380980230305
t3|K18|N100|share0.9|tau0.3,0.1,20,5000,0.0,0.9047644,0.06432749410586104
t3|K18|N100|share0.9|tau0.3,0.1,25,5000,0.0,0.9230436,0.053161159889755664
t3|K18|N100|share0.9|tau0.3,0.1,35,5000,0.0,0.9162355999999999,0.04699499333460643
t3|K18|N100|share0.9|tau0.3,0.1,50,5000,0.0,0.9014288,0.043046350928105874
t3|K18|N100|share0.9|tau0.3,0.1,100,5000,0.0,0.9007492,0.03225274480210103
t3|K18|N100|share0.9|tau0.3,0.2,3,5000,0.0,1.0,0.0
t3|K18|N100|share0.9|tau0.3,0.2,5,5000,0.0,0.8341252,0.15351936283059794
t3|K18|N100|share0.9|tau0.3,0.2,9,5000,0.0,0.7992812,0.12490850312685146
t3|K18|N100|share0.9|tau0.3,0.2,10,5000,0.0,0.8183779999999999,0.11317281092659397
t3|K18|N100|share0.9|tau0.3,0.2,12,5000,0.0,0.8468700000000001,0.09718866717578505
t3|K18|N100|share0.9|tau0.3,0.2,15,5000,0.0,0.8140084,0.09538498617999429
t3|K18|N100|share0.9|tau0.3,0.2,17,5000,0.0,0.8336012,0.08747007237491138
t3|K18|N100|share0.9|tau0.3,0.2,20,5000,0.0,0.8096904,0.08572447658059516
t3|K18|N100|share0.9|tau0.3,0.2,25,5000,0.0,0.8074328000000001,0.0774353764868895
t3|K18|N100|share0.9|tau0.3,0.2,35,5000,0.0,0.8048972,0.06654456452613992
t3|K18|N100|share0.9|tau0.3,0.2,50,5000,0.0,0.8032716000000001,0.05714131307007106
t3|K18|N100|share0.9|tau0.3,0.2,100,5000,0.0,0.8014432,0.04290986629069138
t3|K18|N100|share0.0|tau0.0,0.1,3,5000,0.0,1.0,0.0
t3|K18|N100|share0.0|tau0.0,0.1,5,5000,0.0,1.0,0.0
t3|K18|N100|share0.0|tau0.0,0.1,9,5000,0.0,0.8986796,0.094997776075716
t3|K18|N100|share0.0|tau0.0,0.1,10,5000,0.0,0.9082176,0.08727172692862352
t3|K18|N100|share0.0|tau0.0,0.1,12,5000,0.0,0.9229704,0.07365827741813155
t3|K18|N100|share0.0|tau0.0,0.1,15,5000,0.0,0.9375620000000001,0.06001206250021
t3|K18|N100|share0.0|tau0.0,0.1,17,5000,0.0,0.94391,0.05449551405584177
t3|K18|N100|share0.0|tau0.0,0.1,20,5000,0.0,0.9044283999999999,0.06472315729982718
t3|K18|N100|share0.0|tau0.0,0.1,25,5000,0.0,0.9223892,0.05338918433878591
t3|K18|N100|share0.0|tau0.0,0.1,35,5000,0.0,0.9167,0.047042200136884975
t3|K18|N100|share0.0|tau0.0,0.1,50,5000,0.0,0.9021536,0.04297001851917575
t3|K18|N100|share0.0|tau0.0,0.1,100,5000,0.0,0.9008524,0.03326332971999065
t3|K18|N100|share0.0|tau0.0,0.2,3,5000,0.0,1.0,0.0
t3|K18|N100|share0.0|tau0.0,0.2,5,5000,0.0,0.8337128,0.15313554131867277
t3|K18|N100|share0.0|tau0.0,0.2,9,5000,0.0,0.7992239999999999,0.12444220745630993
t3|K18|N100|share0.0|tau0.0,0.2,10,5000,0.0,0.8184604,0.11361258731249428
t3|K18|N100|share0.0|tau0.0,0.2,12,5000,0.0,0.8471812,0.0985728811039721
t3|K18|N100|share0.0|tau0.0,0.2,15,5000,0.0,0.8133192,0.09663347306696289
t3|K18|N100|share0.0|tau0.0,0.2,17,5000,0.0,0.8332987999999999,0.08852733666177519
t3|K18|N100|share0.0|tau0.0,0.2,20,5000,0.0,0.8095644000000001,0.0870810913800188
t3|K18|N100|share0.0|tau0.0,0.2,25,5000,0.0,0.807416,0.07959811879751442
t3|K18|N100|share0.0|tau0.0,0.2,35,5000,0.0,0.80504,0.06929881142597626
t3|K18|N100|share0.0|tau0.0,0.2,50,5000,0.0,0.8044176000000001,0.05817175947966664
t3|K18|N100|share0.0|tau0.0,0.2,100,5000,0.0,0.8026388,0.044542320754846695
t3|K18|N500|share0.1|tau0.0,0.1,3,5000,0.0,1.0,0.0
t3|K18|N500|share0.1|tau0.0,0.1,5,5000,0.0,1.0,0.0
t3|K18|N500|share0.1|tau0.0,0.1,9,5000,0.0,0.898006,0.0968262641491751
t3|K18|N500|share0.1|tau0.0,0.1,10,5000,0.0,0.9072328,0.08812521895009945
t3|K18|N500|share0.1|tau0.0,0.1,12,5000,0.0,0.9212564,0.0764534425962425
t3|K18|N500|share0.1|tau0.0,0.1,15,5000,0.0,0.9369432000000001,0.062439427529262535
t3|K18|N500|share0.1|tau0.0,0.1,17,5000,0.0,0.9444608,0.054824593118071634
t3|K18|N500|share0.1|tau0.0,0.1,20,5000,0.0,0.9038364,0.06509471790782956
t3|K18|N500|share0.1|tau0.0,0.1,25,5000,0.0,0.9222551999999999,0.052990539461440465
t3|K18|N500|share0.1|tau0.0,0.1,35,5000,0.0,0.9165716,0.04716445028317523
t3|K18|N500|share0.1|tau0.0,0.1,50,5000,0.0,0.901544,0.043783534160374865
t3|K18|N500|share0.1|tau0.0,0.1,100,5000,0.0,0.9005708,0.032742532004113596
t3|K18|N500|share0.1|tau0.0,0.2,3,5000,0.0,1.0,0.0
t3|K18|N500|share0.1|tau0.0,0.2,5,5000,0.0,0.833726,0.15263256619756074
t3|K18|N500|share0.1|tau0.0,0.2,9,5000,0.0,0.7976732,0.12546219412313359
t3|K18|N500|share0.1|tau0.0,0.2,10,5000,0.0,0.8153739999999999,0.1159238465184721
t3|K18|N500|share0.1|tau0.0,0.2,12,5000,0.0,0.8435507999999999,0.10078273687179903
t3|K18|N500|share0.1|tau0.0,0.2,15,5000,0.0,0.8112324,0.0985256162104553
t3|K18|N500|share0.1|tau0.0,0.2,17,5000,0.0,0.8322116,0.08899825258527642
t3|K18|N500|share0.1|tau0.0,0.2,20,5000,0.0,0.8085555999999999,0.0867405239339634
t3|K18|N500|share0.1|tau0.0,0.2,25,5000,0.0,0.806108,0.07877133819317882
t3|K18|N500|share0.1|tau0.0,0.2,35,5000,0.0,0.8055856,0.06744165143225356
t3|K18|N500|share0.1|tau0.0,0.2,50,5000,0.0,0.803524,0.058137160318353864
t3|K18|N500|share0.1|tau0.0,0.2,100,5000,0.0,0.8018412,0.04278602705770042
t3|K18|N500|share0.1|tau0.3,0.1,3,5000,0.0,1.0,0.0
t3|K18|N500|share0.1|tau0.3,0.1,5,5000,0.0,1.0,0.0
t3|K18|N500|share0.1|tau0.3,0.1,9,5000,0.0,0.9003191999999999,0.0938731129963674
t3|K18|N500|share0.1|tau0.3,0.1,10,5000,0.0,0.9098915999999999,0.08546991324819588
t3|K18|N500|share0.1|tau0.3,0.1,12,5000,0.0,0.9237647999999999,0.07291276935727417
t3|K18|N500|share0.1|tau0.3,0.1,15,5000,0.0,0.938124,0.059864799196494234
t3|K18|N500|share0.1|tau0.3,0.1,17,5000,0.0,0.9445672,0.054111129049553196
t3|K18|N500|share0.1|tau0.3,0.1,20,5000,0.0,0.9051536,0.06478066157321
t3|K18|N500|share0.1|tau0.3,0.1,25,5000,0.0,0.9230696,0.053326472772720256
t3|K18|N500|share0.1|tau0.3,0.1,35,5000,0.0,0.9167492,0.04688031412149908
t3|K18|N500|share0.1|tau0.3,0.1,50,5000,0.0,0.901708,0.04368998625520265
t3|K18|N500|share0.1|tau0.3,0.1,100,5000,0.0,0.9006495999999999,0.032865818904303123
t3|K18|N500|share0.1|tau0.3,0.2,3,5000,0.0,1.0,0.0
t3|K18|N500|share0.1|tau0.3,0.2,5,5000,0.0,0.834256,0.15001662395045523
t3|K18|N500|share0.1|tau0.3,0.2,9,5000,0.0,0.8014684,0.12510061324440752
t3|K18|N500|share0.1|tau0.3,0.2,10,5000,0.0,0.8203415999999999,0.11433724288464399
t3|K18|N500|share0.1|tau0.3,0.2,12,5000,0.0,0.8476995999999999,0.09993669610551326
t3|K18|N500|share0.1|tau0.3,0.2,15,5000,0.0,0.814178,0.09697506663421135
t3|K18|N500|share0.1|tau0.3,0.2,17,5000,0.0,0.834614,0.08821991359455617
t3|K18|N500|share0.1|tau0.3,0.2,20,5000,0.0,0.81152,0.08655932129597978
t3|K18|N500|share0.1|tau0.3,0.2,25,5000,0.0,0.8085332000000001,0.07913847785682704
t3|K18|N500|share0.1|tau0.3,0.2,35,5000,0.0,0.8054236,0.06809868757391611
t3|K18|N500|share0.1|tau0.3,0.2,50,5000,0.0,0.8038596,0.057724527820177264
t3|K18|N500|share0.1|tau0.3,0.2,100,5000,0.0,0.8015392,0.04390034523124257
t3|K18|N500|share0.3|tau0.0,0.1,3,5000,0.0,1.0,0.0
t3|K18|N500|share0.3|tau0.0,0.1,5,5000,0.0,1.0,0.0
t3|K18|N500|share0.3|tau0.0,0.1,9,5000,0.0,0.9013436,0.09279289220198222
t3|K18|N500|share0.3|tau0.0,0.1,10,5000,0.0,0.9102979999999999,0.08527601301467568
t3|K18|N500|share0.3|tau0.0,0.1,12,5000,0.0,0.9242432,0.07148147434122212
t3|K18|N500|share0.3|tau0.0,0.1,15,5000,0.0,0.9378675999999999,0.05975057235223185
t3|K18|N500|share0.3|tau0.0,0.1,17,5000,0.0,0.9442887999999999,0.054715805380453786
t3|K18|N500|share0.3|tau0.0,0.1,20,5000,0.0,0.9049196,0.06483112023303407
t3|K18|N500|share0.3|tau0.0,0.1,25,5000,0.0,0.9230520000000001,0.05303942620491314
t3|K18|N500|share0.3|tau0.0,0.1,35,5000,0.0,0.9162299999999999,0.048254218405428435
t3|K18|N500|share0.3|tau0.0,0.1,50,5000,0.0,0.9021984000000001,0.04361447789411671
t3|K18|N500|share0.3|tau0.0,0.1,100,5000,0.0,0.9008448,0.03263093116191599
t3|K18|N500|share0.3|tau0.0,0.2,3,5000,0.0,1.0,0.0
t3|K18|N500|share0.3|tau0.0,0.2,5,5000,0.0,0.8330995999999999,0.15185653940990587
t3|K18|N500|share0.3|tau0.0,0.2,9,5000,0.0,0.8012859999999999,0.12443242217982375
t3|K18|N500|share0.3|tau0.0,0.2,10,5000,0.0,0.8187732,0.11499464907387263
t3|K18|N500|share0.3|tau0.0,0.2,12,5000,0.0,0.8473376,0.09971812055465837
t3|K18|N500|share0.3|tau0.0,0.2,15,5000,0.0,0.8146112,0.0972745419000282
t3|K18|N500|share0.3|tau0.0,0.2,17,5000,0.0,0.8344600000000001,0.08817109292917748
t3|K18|N500|share0.3|tau0.0,0.2,20,5000,0.0,0.8100332,0.08734968397892597
t3|K18|N500|share0.3|tau0.0,0.2,25,5000,0.0,0.8083988,0.07884152304281775
t3|K18|N500|share0.3|tau0.0,0.2,35,5000,0.0,0.8058704,0.06789549295374979
t3|K18|N500|share0.3|tau0.0,0.2,50,5000,0.0,0.8046932,0.05758290920096342
t3|K18|N500|share0.3|tau0.0,0.2,100,5000,0.0,0.8019528,0.04280812398664359
t3|K18|N500|share0.3|tau0.3,0.1,3,5000,0.0,1.0,0.0
t3|K18|N500|share0.3|tau0.3,0.1,5,5000,0.0,1.0,0.0
t3|K18|N500|share0.3|tau0.3,0.1,9,5000,0.0,0.8988608,0.09523066312485617
t3|K18|N500|share0.3|tau0.3,0.1,10,5000,0.0,0.9086564,0.08562489044321552
t3|K18|N500|share0.3|tau0.3,0.1,12,5000,0.0,0.9218132,0.07387688044613752
t3|K18|N500|share0.3|tau0.3,0.1,15,5000,0.0,0.9368928,0.06072970712612993
t3|K18|N500|share0.3|tau0.3,0.1,17,5000,0.0,0.9435100000000001,0.05470465446233962
t3|K18|N500|share0.3|tau0.3,0.1,20,5000,0.0,0.9052176,0.06438683858706407
t3|K18|N500|share0.3|tau0.3,0.1,25,5000,0.0,0.9230016,0.052714511867153584
t3|K18|N500|share0.3|tau0.3,0.1,35,5000,0.0,0.9154100000000001,0.047986644429556906
t3|K18|N500|share0.3|tau0.3,0.1,50,5000,0.0,0.9010464,0.043820829522728214
t3|K18|N500|share0.3|tau0.3,0.1,100,5000,0.0,0.9006048000000001,0.03282462655052811
t3|K18|N500|share0.3|tau0.3,0.2,3,5000,0.0,1.0,0.0
t3|K18|N500|share0.3|tau0.3,0.2,5,5000,0.0,0.8338136,0.150626650140626
t3|K18|N500|share0.3|tau0.3,0.2,9,5000,0.0,0.80027,0.12389748511315092
t3|K18|N500|share0.3|tau0.3,0.2,10,5000,0.0,0.8181952,0.11364682581208956
t3|K18|N500|share0.3|tau0.3,0.2,12,5000,0.0,0.8454948,0.0994785442651521
t3|K18|N500|share0.3|tau0.3,0.2,15,5000,0.0,0.8118332,0.09893477950589057
t3|K18|N500|share0.3|tau0.3,0.2,17,5000,0.0,0.8320072000000001,0.09018643504858903
t3|K18|N500|share0.3|tau0.3,0.2,20,5000,0.0,0.8089512,0.08794292927985779
t3|K18|N500|share0.3|tau0.3,0.2,25,5000,0.0,0.8076196,0.07897346046192641
t3|K18|N500|share0.3|tau0.3,0.2,35,5000,0.0,0.8038332,0.0687747669677934
t3|K18|N500|share0.3|tau0.3,0.2,50,5000,0.0,0.802088,0.059120379733726205
t3|K18|N500|share0.3|tau0.3,0.2,100,5000,0.0,0.8018504,0.04325424147665919
t3|K18|N500|share0.5|tau0.0,0.1,3,5000,0.0,1.0,0.0
t3|K18|N500|share0.5|tau0.0,0.1,5,5000,0.0,1.0,0.0
t3|K18|N500|share0.5|tau0.0,0.1,9,5000,0.0,0.9023144000000001,0.09144860481223555
t3|K18|N500|share0.5|tau0.0,0.1,10,5000,0.0,0.910632,0.08351995505613322
t3|K18|N500|share0.5|tau0.0,0.1,12,5000,0.0,0.9236164000000001,0.07214745111215222
t3|K18|N500|share0.5|tau0.0,0.1,15,5000,0.0,0.9380360000000001,0.05887879793753702
t3|K18|N500|share0.5|tau0.0,0.1,17,5000,0.0,0.9450059999999999,0.05269311982579315
t3|K18|N500|share0.5|tau0.0,0.1,20,5000,0.0,0.9065564,0.06321123279157113
t3|K18|N500|share0.5|tau0.0,0.1,25,5000,0.0,0.9240396000000001,0.052625692627697715
t3|K18|N500|share0.5|tau0.0,0.1,35,5000,0.0,0.9181360000000001,0.04684653694356413
t3|K18|N500|share0.5|tau0.0,0.1,50,5000,0.0,0.9024164000000001,0.04341077642869369
t3|K18|N500|share0.5|tau0.0,0.1,100,5000,0.0,0.9011304,0.032104908360999454
t3|K18|N500|share0.5|tau0.0,0.2,3,5000,0.0,1.0,0.0
t3|K18|N500|share0.5|tau0.0,0.2,5,5000,0.0,0.8350716,0.15014194681793225
t3|K18|N500|share0.5|tau0.0,0.2,9,5000,0.0,0.8033292000000001,0.12339674946657155
t3|K18|N500|share0.5|tau0.0,0.2,10,5000,0.0,0.8198008,0.11510403862289745
t3|K18|N500|share0.5|tau0.0,0.2,12,5000,0.0,0.8470668,0.09944836214391169
t3|K18|N500|share0.5|tau0.0,0.2,15,5000,0.0,0.8151548,0.09558363920345729
t3|K18|N500|share0.5|tau0.0,0.2,17,5000,0.0,0.8357604,0.08550403487459508
t3|K18|N500|share0.5|tau0.0,0.2,20,5000,0.0,0.811006,0.08417740986313516
t3|K18|N500|share0.5|tau0.0,0.2,25,5000,0.0,0.8096188,0.07678956969642972
t3|K18|N500|share0.5|tau0.0,0.2,35,5000,0.0,0.8069448,0.06664330438208932
t3|K18|N500|share0.5|tau0.0,0.2,50,5000,0.0,0.8038956,0.05785127184920756
t3|K18|N500|share0.5|tau0.0,0.2,100,5000,0.0,0.8020552,0.043280651519116364
t3|K18|N500|share0.5|tau0.3,0.1,3,5000,0.0,1.0,0.0
t3|K18|N500|share0.5|tau0.3,0.1,5,5000,0.0,1.0,0.0
t3|K18|N500|share0.5|tau0.3,0.1,9,5000,0.0,0.897998,0.09573375677595275
t3|K18|N500|share0.5|tau0.3,0.1,10,5000,0.0,0.907652,0.08684287439373825
t3|K18|N500|share0.5|tau0.3,0.1,12,5000,0.0,0.9223172000000001,0.07480335883273244
t3|K18|N500|share0.5|tau0.3,0.1,15,5000,0.0,0.9367951999999999,0.062420212379826916
t3|K18|N500|share0.5|tau0.3,0.1,17,5000,0.0,0.9442436,0.05465447540116242
t3|K18|N500|share0.5|tau0.3,0.1,20,5000,0.0,0.9057531999999999,0.06336172055181477
t3|K18|N500|share0.5|tau0.3,0.1,25,5000,0.0,0.9236344,0.05214036881584225
t3|K18|N500|share0.5|tau0.3,0.1,35,5000,0.0,0.9162299999999999,0.04700765303531726
t3|K18|N500|share0.5|tau0.3,0.1,50,5000,0.0,0.9020628,0.04321183991433078
t3|K18|N500|share0.5|tau0.3,0.1,100,5000,0.0,0.9005824,0.03293267256729222
t3|K18|N500|share0.5|tau0.3,0.2,3,5000,0.0,1.0,0.0
t3|K18|N500|share0.5|tau0.3,0.2,5,5000,0.0,0.8307064000000001,0.15388331233048866
t3|K18|N500|share0.5|tau0.3,0.2,9,5000,0.0,0.7956908,0.12637347208274846
t3|K18|N500|share0.5|tau0.3,0.2,10,5000,0.0,0.8153028,0.11564888605226174
t3|K18|N500|share0.5|tau0.3,0.2,12,5000,0.0,0.845728,0.09985735583472484
t3|K18|N500|share0.5|tau0.3,0.2,15,5000,0.0,0.8125384,0.0982683828118284
t3|K18|N500|share0.5|tau0.3,0.2,17,5000,0.0,0.8339015999999999,0.08781823003081501
t3|K18|N500|share0.5|tau0.3,0.2,20,5000,0.0,0.8097664,0.0869722384735097
t3|K18|N500|share0.5|tau0.3,0.2,25,5000,0.0,0.8076444,0.07960318135562419
t3|K18|N500|share0.5|tau0.3,0.2,35,5000,0.0,0.804776,0.0691572408992272
t3|K18|N500|share0.5|tau0.3,0.2,50,5000,0.0,0.8035452000000001,0.05870082720356561
t3|K18|N500|share0.5|tau0.3,0.2,100,5000,0.0,0.8017344,0.044074459364054
t3|K18|N500|share0.9|tau0.0,0.1,3,5000,0.0,1.0,0.0
t3|K18|N500|share0.9|tau0.0,0.1,5,5000,0.0,1.0,0.0
t3|K18|N500|share0.9|tau0.0,0.1,9,5000,0.0,0.9002244,0.09304879827494855
t3|K18|N500|share0.9|tau0.0,0.1,10,5000,0.0,0.9089763999999999,0.08576824751326266
t3|K18|N500|share0.9|tau0.0,0.1,12,5000,0.0,0.9234935999999999,0.07293320375166507
t3|K18|N500|share0.9|tau0.0,0.1,15,5000,0.0,0.9385628,0.05941113357543798
t3|K18|N500|share0.9|tau0.0,0.1,17,5000,0.0,0.9455247999999999,0.05229338299001992
t3|K18|N500|share0.9|tau0.0,0.1,20,5000,0.0,0.9053528000000001,0.06488836592307133
t3|K18|N500|share0.9|tau0.0,0.1,25,5000,0.0,0.9241379999999999,0.052412914236051975
t3|K18|N500|share0.9|tau0.0,0.1,35,5000,0.0,0.9174116,0.04655714874280648
t3|K18|N500|share0.9|tau0.0,0.1,50,5000,0.0,0.9024196,0.042298446396451764
t3|K18|N500|share0.9|tau0.0,0.1,100,5000,0.0,0.9014052,0.03190291792602116
t3|K18|N500|share0.9|tau0.0,0.2,3,5000,0.0,1.0,0.0
t3|K18|N500|share0.9|tau0.0,0.2,5,5000,0.0,0.8344152,0.15025691277584327
t3|K18|N500|share0.9|tau0.0,0.2,9,5000,0.0,0.8019144,0.12277377958192293
t3|K18|N500|share0.9|tau0.0,0.2,10,5000,0.0,0.818766,0.11444196361740448
t3|K18|N500|share0.9|tau0.0,0.2,12,5000,0.0,0.8476528,0.09873386616265706
t3|K18|N500|share0.9|tau0.0,0.2,15,5000,0.0,0.8146316,0.09633605559997635
t3|K18|N500|share0.9|tau0.0,0.2,17,5000,0.0,0.8336868000000001,0.08787379510714953
t3|K18|N500|share0.9|tau0.0,0.2,20,5000,0.0,0.8106244,0.08714531419300281
t3|K18|N500|share0.9|tau0.0,0.2,25,5000,0.0,0.8090588,0.07922397004724012
t3|K18|N500|share0.9|tau0.0,0.2,35,5000,0.0,0.8068788,0.06759327689035464
t3|K18|N500|share0.9|tau0.0,0.2,50,5000,0.0,0.80442,0.0575376964893751
t3|K18|N500|share0.9|tau0.0,0.2,100,5000,0.0,0.8027336,0.04302085063963696
t3|K18|N500|share0.9|tau0.3,0.1,3,5000,0.0,1.0,0.0
t3|K18|N500|share0.9|tau0.3,0.1,5,5000,0.0,1.0,0.0
t3|K18|N500|share0.9|tau0.3,0.1,9,5000,0.0,0.8998788000000001,0.09297973949711502
t3|K18|N500|share0.9|tau0.3,0.1,10,5000,0.0,0.9086224,0.08579296885491844
t3|K18|N500|share0.9|tau0.3,0.1,12,5000,0.0,0.9232476000000001,0.07307118839840228
t3|K18|N500|share0.9|tau0.3,0.1,15,5000,0.0,0.9367755999999999,0.06132351718053914
t3|K18|N500|share0.9|tau0.3,0.1,17,5000,0.0,0.9443948,0.05431932115454077
t3|K18|N500|share0.9|tau0.3,0.1,20,5000,0.0,0.9040552,0.06520771244348637
t3|K18|N500|share0.9|tau0.3,0.1,25,5000,0.0,0.9229139999999999,0.05310457440903408
t3|K18|N500|share0.9|tau0.3,0.1,35,5000,0.0,0.9171328,0.047256747710785536
t3|K18|N500|share0.9|tau0.3,0.1,50,5000,0.0,0.9023768,0.04330115263736002
t3|K18|N500|share0.9|tau0.3,0.1,100,5000,0.0,0.9013076000000001,0.03225297246900848
t3|K18|N500|share0.9|tau0.3,0.2,3,5000,0.0,1.0,0.0
t3|K18|N500|share0.9|tau0.3,0.2,5,5000,0.0,0.8365136000000001,0.14857893038634726
t3|K18|N500|share0.9|tau0.3,0.2,9,5000,0.0,0.8013332000000001,0.12483201826581529
t3|K18|N500|share0.9|tau0.3,0.2,10,5000,0.0,0.8199692,0.11438368667303646
t3|K18|N500|share0.9|tau0.3,0.2,12,5000,0.0,0.8477544,0.09809419235997072
t3|K18|N500|share0.9|tau0.3,0.2,15,5000,0.0,0.8130804,0.09640644572016578
t3|K18|N500|share0.9|tau0.3,0.2,17,5000,0.0,0.8334492,0.08787553152708791
t3|K18|N500|share0.9|tau0.3,0.2,20,5000,0.0,0.8097108000000001,0.08500490768318045
t3|K18|N500|share0.9|tau0.3,0.2,25,5000,0.0,0.8077452,0.0782409624595795
t3|K18|N500|share0.9|tau0.3,0.2,35,5000,0.0,0.8049396,0.06786238289687804
t3|K18|N500|share0.9|tau0.3,0.2,50,5000,0.0,0.8033064,0.05759392963834163
t3|K18|N500|share0.9|tau0.3,0.2,100,5000,0.0,0.8016076,0.04341146085110069
t3|K18|N500|share0.0|tau0.0,0.1,3,5000,0.0,1.0,0.0
t3|K18|N500|share0.0|tau0.0,0.1,5,5000,0.0,1.0,0.0
t3|K18|N500|share0.0|tau0.0,0.1,9,5000,0.0,0.8998668,0.09494373239042189
t3|K18|N500|share0.0|tau0.0,0.1,10,5000,0.0,0.90917,0.08610123915877713
t3|K18|N500|share0.0|tau0.0,0.1,12,5000,0.0,0.9228528,0.07396291256195177
t3|K18|N500|share0.0|tau0.0,0.1,15,5000,0.0,0.937674,0.059520765017711745
t3|K18|N500|share0.0|tau0.0,0.1,17,5000,0.0,0.9444024,0.05393433652851726
t3|K18|N500|share0.0|tau0.0,0.1,20,5000,0.0,0.90376,0.06585759367399405
t3|K18|N500|share0.0|tau0.0,0.1,25,5000,0.0,0.9214624,0.05391728109688181
t3|K18|N500|share0.0|tau0.0,0.1,35,5000,0.0,0.9154956,0.04721330532678226
t3|K18|N500|share0.0|tau0.0,0.1,50,5000,0.0,0.9004515999999999,0.04409943547804089
t3|K18|N500|share0.0|tau0.0,0.1,100,5000,0.0,0.8995652,0.03313341687213564
t3|K18|N500|share0.0|tau0.0,0.2,3,5000,0.0,1.0,0.0
t3|K18|N500|share0.0|tau0.0,0.2,5,5000,0.0,0.8320451999999999,0.14957674617920888
t3|K18|N500|share0.0|tau0.0,0.2,9,5000,0.0,0.7986052,0.12479233453346271
t3|K18|N500|share0.0|tau0.0,0.2,10,5000,0.0,0.81699,0.11542284863404376
t3|K18|N500|share0.0|tau0.0,0.2,12,5000,0.0,0.8444252,0.10072082278153015
t3|K18|N500|share0.0|tau0.0,0.2,15,5000,0.0,0.8119672,0.0975343668390937
t3|K18|N500|share0.0|tau0.0,0.2,17,5000,0.0,0.8324412,0.08781462989960667
t3|K18|N500|share0.0|tau0.0,0.2,20,5000,0.0,0.80872,0.08821092581696834
t3|K18|N500|share0.0|tau0.0,0.2,25,5000,0.0,0.806288,0.08045540672008372
t3|K18|N500|share0.0|tau0.0,0.2,35,5000,0.0,0.8039672,0.06894044300043474
t3|K18|N500|share0.0|tau0.0,0.2,50,5000,0.0,0.8025707999999999,0.059076521516071755
t3|K18|N500|share0.0|tau0.0,0.2,100,5000,0.0,0.8004124,0.04411005175210199
t3|K18|Nunequal|share0.1|tau0.0,0.1,3,5000,0.0,1.0,0.0
t3|K18|Nunequal|share0.1|tau0.0,0.1,5,5000,0.0,1.0,0.0
t3|K18|Nunequal|share0.1|tau0.0,0.1,9,5000,0.0,0.9007255999999999,0.09397226645139725
t3|K18|Nunequal|share0.1|tau0.0,0.1,10,5000,0.0,0.910438,0.08493011939845721
t3|K18|Nunequal|share0.1|tau0.0,0.1,12,5000,0.0,0.923376,0.07322356835194817
t3|K18|Nunequal|share0.1|tau0.0,0.1,15,5000,0.0,0.9380755999999999,0.06004160627045809
t3|K18|Nunequal|share0.1|tau0.0,0.1,17,5000,0.0,0.944576,0.054409685780946765
t3|K18|Nunequal|share0.1|tau0.0,0.1,20,5000,0.0,0.9054276,0.06404672634000105
t3|K18|Nunequal|share0.1|tau0.0,0.1,25,5000,0.0,0.9236059999999999,0.05324348352340924
t3|K18|Nunequal|share0.1|tau0.0,0.1,35,5000,0.0,0.9163363999999999,0.047307936365990955
t3|K18|Nunequal|share0.1|tau0.0,0.1,50,5000,0.0,0.9021072,0.04406826648033839
t3|K18|Nunequal|share0.1|tau0.0,0.1,100,5000,0.0,0.9008776,0.03324129382203697
t3|K18|Nunequal|share0.1|tau0.0,0.2,3,5000,0.0,1.0,0.0
t3|K18|Nunequal|share0.1|tau0.0,0.2,5,5000,0.0,0.836742,0.14903297756429731
t3|K18|Nunequal|share0.1|tau0.0,0.2,9,5000,0.0,0.799838,0.12370570227825091
t3|K18|Nunequal|share0.1|tau0.0,0.2,10,5000,0.0,0.8174444000000001,0.11451519224317319
t3|K18|Nunequal|share0.1|tau0.0,0.2,12,5000,0.0,0.844922,0.09948013859859213
t3|K18|Nunequal|share0.1|tau0.0,0.2,15,5000,0.0,0.8119392,0.0961450252303016
t3|K18|Nunequal|share0.1|tau0.0,0.2,17,5000,0.0,0.8327276,0.08743078763665209
t3|K18|Nunequal|share0.1|tau0.0,0.2,20,5000,0.0,0.8092436,0.08568403941202808
t3|K18|Nunequal|share0.1|tau0.0,0.2,25,5000,0.0,0.807776,0.0780842189757355
t3|K18|Nunequal|share0.1|tau0.0,0.2,35,5000,0.0,0.805478,0.06769278823268947
t3|K18|Nunequal|share0.1|tau0.0,0.2,50,5000,0.0,0.8038812,0.05868441921644749
t3|K18|Nunequal|share0.1|tau0.0,0.2,100,5000,0.0,0.8025796000000001,0.04374880633172858
t3|K18|Nunequal|share0.1|tau0.3,0.1,3,5000,0.0,1.0,0.0
t3|K18|Nunequal|share0.1|tau0.3,0.1,5,5000,0.0,1.0,0.0
t3|K18|Nunequal|share0.1|tau0.3,0.1,9,5000,0.0,0.8999611999999999,0.09430573476136947
t3|K18|Nunequal|share0.1|tau0.3,0.1,10,5000,0.0,0.9083443999999999,0.08766253437259573
t3|K18|Nunequal|share0.1|tau0.3,0.1,12,5000,0.0,0.9209968000000001,0.07638366633421392
t3|K18|Nunequal|share0.1|tau0.3,0.1,15,5000,0.0,0.936688,0.06165204660812335
t3|K18|Nunequal|share0.1|tau0.3,0.1,17,5000,0.0,0.943342,0.05568835492789231
t3|K18|Nunequal|share0.1|tau0.3,0.1,20,5000,0.0,0.9050932,0.0641768731551296
t3|K18|Nunequal|share0.1|tau0.3,0.1,25,5000,0.0,0.9227103999999999,0.05335031942881533
t3|K18|Nunequal|share0.1|tau0.3,0.1,35,5000,0.0,0.9163572,0.0468651221709195
t3|K18|Nunequal|share0.1|tau0.3,0.1,50,5000,0.0,0.9011808000000001,0.04310032527682121
t3|K18|Nunequal|share0.1|tau0.3,0.1,100,5000,0.0,0.9003871999999999,0.03218423901862902
t3|K18|Nunequal|share0.1|tau0.3,0.2,3,5000,0.0,1.0,0.0
t3|K18|Nunequal|share0.1|tau0.3,0.2,5,5000,0.0,0.83496,0.15132433185275299
t3|K18|Nunequal|share0.1|tau0.3,0.2,9,5000,0.0,0.8011936,0.12364360746667596
t3|K18|Nunequal|share0.1|tau0.3,0.2,10,5000,0.0,0.8178988,0.1156719402366523
t3|K18|Nunequal|share0.1|tau0.3,0.2,12,5000,0.0,0.844874,0.10186121570771219
t3|K18|Nunequal|share0.1|tau0.3,0.2,15,5000,0.0,0.8119488,0.09845418032610273
t3|K18|Nunequal|share0.1|tau0.3,0.2,17,5000,0.0,0.8328536,0.08894302411852129
t3|K18|Nunequal|share0.1|tau0.3,0.2,20,5000,0.0,0.8094399999999999,0.08597976566623569
t3|K18|Nunequal|share0.1|tau0.3,0.2,25,5000,0.0,0.8078844000000001,0.07798187783898429
t3|K18|Nunequal|share0.1|tau0.3,0.2,35,5000,0.0,0.8050144,0.06752942941716208
t3|K18|Nunequal|share0.1|tau0.3,0.2,50,5000,0.0,0.8026328,0.05815978745091201
t3|K18|Nunequal|share0.1|tau0.3,0.2,100,5000,0.0,0.8017272,0.04305020608787885
t3|K18|Nunequal|share0.3|tau0.0,0.1,3,5000,0.0,1.0,0.0
t3|K18|Nunequal|share0.3|tau0.0,0.1,5,5000,0.0,1.0,0.0
t3|K18|Nunequal|share0.3|tau0.0,0.1,9,5000,0.0,0.8989904000000001,0.09321831707753445
t3|K18|Nunequal|share0.3|tau0.0,0.1,10,5000,0.0,0.9083064000000001,0.08532343486257064
t3|K18|Nunequal|share0.3|tau0.0,0.1,12,5000,0.0,0.9225191999999999,0.07226904589351436
t3|K18|Nunequal|share0.3|tau0.0,0.1,15,5000,0.0,0.9363655999999999,0.06004108029428332
t3|K18|Nunequal|share0.3|tau0.0,0.1,17,5000,0.0,0.943524,0.053900048859471465
t3|K18|Nunequal|share0.3|tau0.0,0.1,20,5000,0.0,0.9043852000000001,0.0636667253071985
t3|K18|Nunequal|share0.3|tau0.0,0.1,25,5000,0.0,0.9221623999999999,0.0529418831818341
t3|K18|Nunequal|share0.3|tau0.0,0.1,35,5000,0.0,0.9163368000000001,0.04731819066694753
t3|K18|Nunequal|share0.3|tau0.0,0.1,50,5000,0.0,0.9013620000000001,0.0434438491573424
t3|K18|Nunequal|share0.3|tau0.0,0.1,100,5000,0.0,0.9009487999999999,0.03262145015725193
t3|K18|Nunequal|share0.3|tau0.0,0.2,3,5000,0.0,1.0,0.0
t3|K18|Nunequal|share0.3|tau0.0,0.2,5,5000,0.0,0.8342324000000001,0.15073543917992507
t3|K18|Nunequal|share0.3|tau0.0,0.2,9,5000,0.0,0.800632,0.12380952118277132
t3|K18|Nunequal|share0.3|tau0.0,0.2,10,5000,0.0,0.8182904,0.1142383794935392
t3|K18|Nunequal|share0.3|tau0.0,0.2,12,5000,0.0,0.8465064,0.09787683859906204
t3|K18|Nunequal|share0.3|tau0.0,0.2,15,5000,0.0,0.8124895999999999,0.09626527978798234
t3|K18|Nunequal|share0.3|tau0.0,0.2,17,5000,0.0,0.8319884,0.0874169011596823
t3|K18|Nunequal|share0.3|tau0.0,0.2,20,5000,0.0,0.8094804,0.08487970151093684
t3|K18|Nunequal|share0.3|tau0.0,0.2,25,5000,0.0,0.8072275999999999,0.07841841931547457
t3|K18|Nunequal|share0.3|tau0.0,0.2,35,5000,0.0,0.8052568,0.06780917394109821
t3|K18|Nunequal|share0.3|tau0.0,0.2,50,5000,0.0,0.8041208,0.05768422749227272
t3|K18|Nunequal|share0.3|tau0.0,0.2,100,5000,0.0,0.8023288,0.043796313931457644
t3|K18|Nunequal|share0.3|tau0.3,0.1,3,5000,0.0,1.0,0.0
t3|K18|Nunequal|share0.3|tau0.3,0.1,5,5000,0.0,1.0,0.0
t3|K18|Nunequal|share0.3|tau0.3,0.1,9,5000,0.0,0.9014416,0.09284152141719679
t3|K18|Nunequal|share0.3|tau0.3,0.1,10,5000,0.0,0.9108672000000001,0.08327221635433577
t3|K18|Nunequal|share0.3|tau0.3,0.1,12,5000,0.0,0.9232984000000001,0.07204706457131105
t3|K18|Nunequal|share0.3|tau0.3,0.1,15,5000,0.0,0.9372603999999999,0.05982107909542278
t3|K18|Nunequal|share0.3|tau0.3,0.1,17,5000,0.0,0.9438968000000001,0.05420892427685909
t3|K18|Nunequal|share0.3|tau0.3,0.1,20,5000,0.0,0.9050971999999999,0.06412989537537214
t3|K18|Nunequal|share0.3|tau0.3,0.1,25,5000,0.0,0.9230668,0.053418182655418395
t3|K18|Nunequal|share0.3|tau0.3,0.1,35,5000,0.0,0.9165755999999999,0.04779717144936206
t3|K18|Nunequal|share0.3|tau0.3,0.1,50,5000,0.0,0.9011440000000001,0.043817458369143025
t3|K18|Nunequal|share0.3|tau0.3,0.1,100,5000,0.0,0.9004368,0.03307115882561741
t3|K18|Nunequal|share0.3|tau0.3,0.2,3,5000,0.0,1.0,0.0
t3|K18|Nunequal|share0.3|tau0.3,0.2,5,5000,0.0,0.8361567999999999,0.15123513687991114
t3|K18|Nunequal|share0.3|tau0.3,0.2,9,5000,0.0,0.8012304,0.12293277434940546
t3|K18|Nunequal|share0.3|tau0.3,0.2,10,5000,0.0,0.8181811999999999,0.1140609606618735
t3|K18|Nunequal|share0.3|tau0.3,0.2,12,5000,0.0,0.8447524,0.09965381714161367
t3|K18|Nunequal|share0.3|tau0.3,0.2,15,5000,0.0,0.8130804,0.09646261111388474
t3|K18|Nunequal|share0.3|tau0.3,0.2,17,5000,0.0,0.8338691999999999,0.08737978906398987
t3|K18|Nunequal|share0.3|tau0.3,0.2,20,5000,0.0,0.8104060000000001,0.08588730808412834
t3|K18|Nunequal|share0.3|tau0.3,0.2,25,5000,0.0,0.8092043999999999,0.0780865373934869
t3|K18|Nunequal|share0.3|tau0.3,0.2,35,5000,0.0,0.8061,0.06713092962519185
t3|K18|Nunequal|share0.3|tau0.3,0.2,50,5000,0.0,0.803932,0.05712816557058606
t3|K18|Nunequal|share0.3|tau0.3,0.2,100,5000,0.0,0.8022083999999999,0.04263569549035164
t3|K18|Nunequal|share0.5|tau0.0,0.1,3,5000,0.0,1.0,0.0
t3|K18|Nunequal|share0.5|tau0.0,0.1,5,5000,0.0,1.0,0.0
t3|K18|Nunequal|share0.5|tau0.0,0.1,9,5000,0.0,0.8995103999999999,0.09354246057393432
t3|K18|Nunequal|share0.5|tau0.0,0.1,10,5000,0.0,0.9084252,0.0859099348640287
t3|K18|Nunequal|share0.5|tau0.0,0.1,12,5000,0.0,0.9221992,0.07416461418600845
t3|K18|Nunequal|share0.5|tau0.0,0.1,15,5000,0.0,0.9369348,0.061181398984301825
t3|K18|Nunequal|share0.5|tau0.0,0.1,17,5000,0.0,0.9436404,0.05424041936101245
t3|K18|Nunequal|share0.5|tau0.0,0.1,20,5000,0.0,0.9043791999999999,0.06368010080400047
t3|K18|Nunequal|share0.5|tau0.0,0.1,25,5000,0.0,0.9231676,0.05188049177991147
t3|K18|Nunequal|share0.5|tau0.0,0.1,35,5000,0.0,0.9163979999999999,0.04671209265190305
t3|K18|Nunequal|share0.5|tau0.0,0.1,50,5000,0.0,0.9017108,0.04322374835486118
t3|K18|Nunequal|share0.5|tau0.0,0.1,100,5000,0.0,0.9007664000000001,0.03246020585321061
t3|K18|Nunequal|share0.5|tau0.0,0.2,3,5000,0.0,1.0,0.0
t3|K18|Nunequal|share0.5|tau0.0,0.2,5,5000,0.0,0.831944,0.1528510619964108
t3|K18|Nunequal|share0.5|tau0.0,0.2,9,5000,0.0,0.798188,0.12303083830257629
t3|K18|Nunequal|share0.5|tau0.0,0.2,10,5000,0.0,0.816454,0.11465903550477208
t3|K18|Nunequal|share0.5|tau0.0,0.2,12,5000,0.0,0.844318,0.09988341511644
t3|K18|Nunequal|share0.5|tau0.0,0.2,15,5000,0.0,0.8098248,0.09883011475899771
t3|K18|Nunequal|share0.5|tau0.0,0.2,17,5000,0.0,0.8305832000000001,0.08870920663847974
t3|K18|Nunequal|share0.5|tau0.0,0.2,20,5000,0.0,0.8075368,0.08750902245804329
t3|K18|Nunequal|share0.5|tau0.0,0.2,25,5000,0.0,0.8071876,0.07906095201214439
t3|K18|Nunequal|share0.5|tau0.0,0.2,35,5000,0.0,0.8049612,0.06744368483916731
t3|K18|Nunequal|share0.5|tau0.0,0.2,50,5000,0.0,0.8035131999999999,0.05831140428538782
t3|K18|Nunequal|share0.5|tau0.0,0.2,100,5000,0.0,0.8017116,0.043801723066892256
t3|K18|Nunequal|share0.5|tau0.3,0.1,3,5000,0.0,1.0,0.0
t3|K18|Nunequal|share0.5|tau0.3,0.1,5,5000,0.0,1.0,0.0
t3|K18|Nunequal|share0.5|tau0.3,0.1,9,5000,0.0,0.9002211999999999,0.09335225545898644
t3|K18|Nunequal|share0.5|tau0.3,0.1,10,5000,0.0,0.9100748,0.08307919857345239
t3|K18|Nunequal|share0.5|tau0.3,0.1,12,5000,0.0,0.9226164000000001,0.07228549155603689
t3|K18|Nunequal|share0.5|tau0.3,0.1,15,5000,0.0,0.9370484,0.05972911493462943
t3|K18|Nunequal|share0.5|tau0.3,0.1,17,5000,0.0,0.9441388,0.052852710586717096
t3|K18|Nunequal|share0.5|tau0.3,0.1,20,5000,0.0,0.9042316,0.06382851069228741
t3|K18|Nunequal|share0.5|tau0.3,0.1,25,5000,0.0,0.9217683999999999,0.05413406007988079
t3|K18|Nunequal|share0.5|tau0.3,0.1,35,5000,0.0,0.9155644000000001,0.04812341452188368
t3|K18|Nunequal|share0.5|tau0.3,0.1,50,5000,0.0,0.9014984,0.04395015723184776
t3|K18|Nunequal|share0.5|tau0.3,0.1,100,5000,0.0,0.9003092,0.03259355861781086
t3|K18|Nunequal|share0.5|tau0.3,0.2,3,5000,0.0,1.0,0.0
t3|K18|Nunequal|share0.5|tau0.3,0.2,5,5000,0.0,0.8333444,0.15207030763542537
t3|K18|Nunequal|share0.5|tau0.3,0.2,9,5000,0.0,0.7995532,0.12357394253488335
t3|K18|Nunequal|share0.5|tau0.3,0.2,10,5000,0.0,0.8179916,0.11397004590554793
t3|K18|Nunequal|share0.5|tau0.3,0.2,12,5000,0.0,0.8452864,0.09868587819719248
t3|K18|Nunequal|share0.5|tau0.3,0.2,15,5000,0.0,0.8112564,0.09608527845194101
t3|K18|Nunequal|share0.5|tau0.3,0.2,17,5000,0.0,0.8332804,0.08593321988320875
t3|K18|Nunequal|share0.5|tau0.3,0.2,20,5000,0.0,0.8089364,0.08446778626448825
t3|K18|Nunequal|share0.5|tau0.3,0.2,25,5000,0.0,0.8063184,0.07805702787936701
t3|K18|Nunequal|share0.5|tau0.3,0.2,35,5000,0.0,0.8050532,0.06786998185241637
t3|K18|Nunequal|share0.5|tau0.3,0.2,50,5000,0.0,0.8030064,0.05919528338774193
t3|K18|Nunequal|share0.5|tau0.3,0.2,100,5000,0.0,0.8010608,0.04431606803561471
t3|K18|Nunequal|share0.9|tau0.0,0.1,3,5000,0.0,1.0,0.0
t3|K18|Nunequal|share0.9|tau0.0,0.1,5,5000,0.0,1.0,0.0
t3|K18|Nunequal|share0.9|tau0.0,0.1,9,5000,0.0,0.9000804,0.09297230504693936
t3|K18|Nunequal|share0.9|tau0.0,0.1,10,5000,0.0,0.909444,0.08475681687983291
t3|K18|Nunequal|share0.9|tau0.0,0.1,12,5000,0.0,0.9234568,0.07330574111279434
t3|K18|Nunequal|share0.9|tau0.0,0.1,15,5000,0.0,0.9376236000000001,0.06072794331821172
t3|K18|Nunequal|share0.9|tau0.0,0.1,17,5000,0.0,0.9445363999999999,0.054793546532309015
t3|K18|Nunequal|share0.9|tau0.0,0.1,20,5000,0.0,0.905386,0.06426556322419735
t3|K18|Nunequal|share0.9|tau0.0,0.1,25,5000,0.0,0.9234131999999999,0.05294447930934703
t3|K18|Nunequal|share0.9|tau0.0,0.1,35,5000,0.0,0.9166979999999999,0.04689764038557538
t3|K18|Nunequal|share0.9|tau0.0,0.1,50,5000,0.0,0.9021692000000001,0.043975963303032786
t3|K18|Nunequal|share0.9|tau0.0,0.1,100,5000,0.0,0.9014095999999999,0.032586349931840786
t3|K18|Nunequal|share0.9|tau0.0,0.2,3,5000,0.0,1.0,0.0
t3|K18|Nunequal|share0.9|tau0.0,0.2,5,5000,0.0,0.830566,0.1537479656170652
t3|K18|Nunequal|share0.9|tau0.0,0.2,9,5000,0.0,0.7989224,0.12309272091325449
t3|K18|Nunequal|share0.9|tau0.0,0.2,10,5000,0.0,0.8184212000000001,0.11320176287666049
t3|K18|Nunequal|share0.9|tau0.0,0.2,12,5000,0.0,0.8481144,0.09717134642863275
t3|K18|Nunequal|share0.9|tau0.0,0.2,15,5000,0.0,0.815286,0.09453197481726784
t3|K18|Nunequal|share0.9|tau0.0,0.2,17,5000,0.0,0.8353216,0.08545634868718766
t3|K18|Nunequal|share0.9|tau0.0,0.2,20,5000,0.0,0.8120928,0.08488151955892705
t3|K18|Nunequal|share0.9|tau0.0,0.2,25,5000,0.0,0.809114,0.07790566129885862
t3|K18|Nunequal|share0.9|tau0.0,0.2,35,5000,0.0,0.8054316,0.06808354863958739
t3|K18|Nunequal|share0.9|tau0.0,0.2,50,5000,0.0,0.8036848,0.05786155062533456
t3|K18|Nunequal|share0.9|tau0.0,0.2,100,5000,0.0,0.8017516,0.0438199581833101
t3|K18|Nunequal|share0.9|tau0.3,0.1,3,5000,0.0,1.0,0.0
t3|K18|Nunequal|share0.9|tau0.3,0.1,5,5000,0.0,1.0,0.0
t3|K18|Nunequal|share0.9|tau0.3,0.1,9,5000,0.0,0.8997620000000001,0.09198910237082958
t3|K18|Nunequal|share0.9|tau0.3,0.1,10,5000,0.0,0.9084432000000001,0.08492042080285443
t3|K18|Nunequal|share0.9|tau0.3,0.1,12,5000,0.0,0.9224155999999999,0.07239345439394243
t3|K18|Nunequal|share0.9|tau0.3,0.1,15,5000,0.0,0.937016,0.06015303335231142
t3|K18|Nunequal|share0.9|tau0.3,0.1,17,5000,0.0,0.9434364,0.054786862249037574
t3|K18|Nunequal|share0.9|tau0.3,0.1,20,5000,0.0,0.9048428,0.0654801284177385
t3|K18|Nunequal|share0.9|tau0.3,0.1,25,5000,0.0,0.9228796,0.05383554547909222
t3|K18|Nunequal|share0.9|tau0.3,0.1,35,5000,0.0,0.9167776,0.04692738831636417
t3|K18|Nunequal|share0.9|tau0.3,0.1,50,5000,0.0,0.9013056,0.04310686081043006
t3|K18|Nunequal|share0.9|tau0.3,0.1,100,5000,0.0,0.9006799999999999,0.03200782560843573
t3|K18|Nunequal|share0.9|tau0.3,0.2,3,5000,0.0,1.0,0.0
t3|K18|Nunequal|share0.9|tau0.3,0.2,5,5000,0.0,0.8338624,0.15343502053750796
t3|K18|Nunequal|share0.9|tau0.3,0.2,9,5000,0.0,0.7973747999999999,0.12299077717948707
t3|K18|Nunequal|share0.9|tau0.3,0.2,10,5000,0.0,0.8152076,0.11511137140962889
t3|K18|Nunequal|share0.9|tau0.3,0.2,12,5000,0.0,0.844148,0.09896360975232787
t3|K18|Nunequal|share0.9|tau0.3,0.2,15,5000,0.0,0.8117336,0.09620452012758332
t3|K18|Nunequal|share0.9|tau0.3,0.2,17,5000,0.0,0.8327559999999999,0.08705006379504449
t3|K18|Nunequal|share0.9|tau0.3,0.2,20,5000,0.0,0.809354,0.08629649877683475
t3|K18|Nunequal|share0.9|tau0.3,0.2,25,5000,0.0,0.8078256,0.07770185776659443
t3|K18|Nunequal|share0.9|tau0.3,0.2,35,5000,0.0,0.8051936,0.06643979958152857
t3|K18|Nunequal|share0.9|tau0.3,0.2,50,5000,0.0,0.8025192,0.0574788934827315
t3|K18|Nunequal|share0.9|tau0.3,0.2,100,5000,0.0,0.801608,0.042958428990411926
t3|K18|Nunequal|share0.0|tau0.0,0.1,3,5000,0.0,1.0,0.0
t3|K18|Nunequal|share0.0|tau0.0,0.1,5,5000,0.0,1.0,0.0
t3|K18|Nunequal|share0.0|tau0.0,0.1,9,5000,0.0,0.8984923999999999,0.09524892867598451
t3|K18|Nunequal|share0.0|tau0.0,0.1,10,5000,0.0,0.9084652,0.08504573207556544
t3|K18|Nunequal|share0.0|tau0.0,0.1,12,5000,0.0,0.9231600000000001,0.07268518850030896
t3|K18|Nunequal|share0.0|tau0.0,0.1,15,5000,0.0,0.9382516,0.05942509037193907
t3|K18|Nunequal|share0.0|tau0.0,0.1,17,5000,0.0,0.9450552,0.053188235077224755
t3|K18|Nunequal|share0.0|tau0.0,0.1,20,5000,0.0,0.9052772000000001,0.06404245660036385
t3|K18|Nunequal|share0.0|tau0.0,0.1,25,5000,0.0,0.9233788,0.05327805008335173
t3|K18|Nunequal|share0.0|tau0.0,0.1,35,5000,0.0,0.9167611999999999,0.048068570730347385
t3|K18|Nunequal|share0.0|tau0.0,0.1,50,5000,0.0,0.9020703999999999,0.043739593896775564
t3|K18|Nunequal|share0.0|tau0.0,0.1,100,5000,0.0,0.9000892,0.03300505885681813
t3|K18|Nunequal|share0.0|tau0.0,0.2,3,5000,0.0,1.0,0.0
t3|K18|Nunequal|share0.0|tau0.0,0.2,5,5000,0.0,0.8353432000000001,0.14974191244213628
t3|K18|Nunequal|share0.0|tau0.0,0.2,9,5000,0.0,0.7970448,0.12541446069074352
t3|K18|Nunequal|share0.0|tau0.0,0.2,10,5000,0.0,0.8161476,0.11555480083769482
t3|K18|Nunequal|share0.0|tau0.0,0.2,12,5000,0.0,0.8446879999999999,0.09949117325024837
t3|K18|Nunequal|share0.0|tau0.0,0.2,15,5000,0.0,0.8130076,0.09579156511420711
t3|K18|Nunequal|share0.0|tau0.0,0.2,17,5000,0.0,0.8343812,0.08683212452848327
t3|K18|Nunequal|share0.0|tau0.0,0.2,20,5000,0.0,0.809742,0.08454421198849837
t3|K18|Nunequal|share0.0|tau0.0,0.2,25,5000,0.0,0.8082520000000001,0.07733965593714584
t3|K18|Nunequal|share0.0|tau0.0,0.2,35,5000,0.0,0.806076,0.06785009175373467
t3|K18|Nunequal|share0.0|tau0.0,0.2,50,5000,0.0,0.8042924,0.05863501782470145
t3|K18|Nunequal|share0.0|tau0.0,0.2,100,5000,0.0,0.8019228,0.043730315666156004
semireal|K18|Ndata|sharenan|taunan,0.1,3,5000,0.0,1.0,0.0
semireal|K18|Ndata|sharenan|taunan,0.1,5,5000,0.0,1.0,0.0
semireal|K18|Ndata|sharenan|taunan,0.1,9,5000,0.0,0.900158,0.09547368475604258
semireal|K18|Ndata|sharenan|taunan,0.1,10,5000,0.0,0.9093252000000001,0.08765896111438194
semireal|K18|Ndata|sharenan|taunan,0.1,12,5000,0.0,0.9225696,0.0747556207679882
semireal|K18|Ndata|sharenan|taunan,0.1,15,5000,0.0,0.9378732,0.06055484538515418
semireal|K18|Ndata|sharenan|taunan,0.1,17,5000,0.0,0.9449928,0.05340667376574337
semireal|K18|Ndata|sharenan|taunan,0.1,20,5000,0.0,0.9053348,0.06395067041563611
semireal|K18|Ndata|sharenan|taunan,0.1,25,5000,0.0,0.9234459999999999,0.05209054970984478
semireal|K18|Ndata|sharenan|taunan,0.1,35,5000,0.0,0.9172399999999999,0.046384116864067355
semireal|K18|Ndata|sharenan|taunan,0.1,50,5000,0.0,0.9010516,0.0439969872197732
semireal|K18|Ndata|sharenan|taunan,0.1,100,5000,0.0,0.9009064,0.03252865293387262
semireal|K18|Ndata|sharenan|taunan,0.2,3,5000,0.0,1.0,0.0
semireal|K18|Ndata|sharenan|taunan,0.2,5,5000,0.0,0.8335600000000001,0.15525137228932784
semireal|K18|Ndata|sharenan|taunan,0.2,9,5000,0.0,0.7986496,0.12498492015396545
semireal|K18|Ndata|sharenan|taunan,0.2,10,5000,0.0,0.8173587999999999,0.11560950987836124
semireal|K18|Ndata|sharenan|taunan,0.2,12,5000,0.0,0.8460012,0.10071686639285003
semireal|K18|Ndata|sharenan|taunan,0.2,15,5000,0.0,0.8134256000000001,0.09838615162514647
semireal|K18|Ndata|sharenan|taunan,0.2,17,5000,0.0,0.8347667999999999,0.0885302634090053
semireal|K18|Ndata|sharenan|taunan,0.2,20,5000,0.0,0.8116768,0.08584189949029328
semireal|K18|Ndata|sharenan|taunan,0.2,25,5000,0.0,0.80897,0.07773748467312702
semireal|K18|Ndata|sharenan|taunan,0.2,35,5000,0.0,0.8056452000000001,0.06742568176497966
semireal|K18|Ndata|sharenan|taunan,0.2,50,5000,0.0,0.8038712,0.05822511351065503
semireal|K18|Ndata|sharenan|taunan,0.2,100,5000,0.0,0.8016536,0.042766503268333235
semireal|K18|N500|sharenan|taunan,0.1,3,5000,0.0,1.0,0.0
semireal|K18|N500|sharenan|taunan,0.1,5,5000,0.0,1.0,0.0
semireal|K18|N500|sharenan|taunan,0.1,9,5000,0.0,0.9000391999999999,0.09510397371573519
semireal|K18|N500|sharenan|taunan,0.1,10,5000,0.0,0.909148,0.08689838871919547
semireal|K18|N500|sharenan|taunan,0.1,12,5000,0.0,0.9226716,0.07481270708688684
semireal|K18|N500|sharenan|taunan,0.1,15,5000,0.0,0.9368672,0.06265372344859
semireal|K18|N500|sharenan|taunan,0.1,17,5000,0.0,0.9434556000000001,0.056490015516112296
semireal|K18|N500|sharenan|taunan,0.1,20,5000,0.0,0.9035092,0.06555136086720319
semireal|K18|N500|sharenan|taunan,0.1,25,5000,0.0,0.922904,0.053161798496325054
semireal|K18|N500|sharenan|taunan,0.1,35,5000,0.0,0.9163352000000001,0.0468342943918902
semireal|K18|N500|sharenan|taunan,0.1,50,5000,0.0,0.901452,0.04360957756102449
semireal|K18|N500|sharenan|taunan,0.1,100,5000,0.0,0.9003576000000001,0.032561194212032546
semireal|K18|N500|sharenan|taunan,0.2,3,5000,0.0,1.0,0.0
semireal|K18|N500|sharenan|taunan,0.2,5,5000,0.0,0.8341183999999999,0.15370471628873947
semireal|K18|N500|sharenan|taunan,0.2,9,5000,0.0,0.7995636,0.12490471645489816
semireal|K18|N500|sharenan|taunan,0.2,10,5000,0.0,0.8177912,0.11477837086073088
semireal|K18|N500|sharenan|taunan,0.2,12,5000,0.0,0.845582,0.09855169081833477
semireal|K18|N500|sharenan|taunan,0.2,15,5000,0.0,0.8105488000000001,0.09804214028066792
semireal|K18|N500|sharenan|taunan,0.2,17,5000,0.0,0.8314484000000001,0.08929187166315317
semireal|K18|N500|sharenan|taunan,0.2,20,5000,0.0,0.8071836,0.08791428595726108
semireal|K18|N500|sharenan|taunan,0.2,25,5000,0.0,0.806,0.07940478716075514
semireal|K18|N500|sharenan|taunan,0.2,35,5000,0.0,0.8034124,0.06745598259722875
semireal|K18|N500|sharenan|taunan,0.2,50,5000,0.0,0.8030664,0.05786126490351945
semireal|K18|N500|sharenan|taunan,0.2,100,5000,0.0,0.8011308,0.0434146871274189
