vtag,arm,G,part,regime,budget,cost,n_L,m,estimand,population,target,interval,n_draws,n_genes,emp_var_median,est_var_over_emp_var_median,coverage_median,coverage_mean,coverage_min,width_ratio_median,emp_var_ratio_median,lambda_median,lambda_frac_zero,lambda_se_median,lambda_raw_mean_median,lambda_raw_mean_se_median,estimator,m_median
ACS_STATES,package,51,regcomp,A,2400.0,unit,4,600,theta3,donor,design,textbook_t|fpc|lin,200,1,0.04726848826315977,0.7075593539393382,0.885,0.885,0.885,,,0.0,1.0,,,,r4_classical,
ACS_STATES,package,51,regcomp,A,2400.0,unit,4,600,theta3,donor,design,textbook_t|fpc|lin|xf,200,1,0.04726848826315977,0.7075593539393382,0.885,0.885,0.885,,,0.0,1.0,,,,r4_classical,
ACS_STATES,package,51,regcomp,A,2400.0,unit,4,600,theta3,donor,design,textbook_t|fpc|lin,200,1,0.04726848826315977,0.7075593539393382,0.885,0.885,0.885,,,0.0,1.0,,,,r4_ppi,
ACS_STATES,package,51,regcomp,A,2400.0,unit,4,600,theta3,donor,design,textbook_t|fpc|lin|xf,200,1,0.04726848826315977,0.7075593539393382,0.885,0.885,0.885,,,0.0,1.0,,,,r4_ppi,
ACS_STATES,package,51,regcomp,A,2400.0,unit,4,600,theta3,donor,design,textbook_t|fpc|lin,200,1,0.0009655050736264257,1.1137525461711808,0.945,0.945,0.945,,,0.0,1.0,,,,P_classical,
ACS_STATES,package,51,regcomp,A,2400.0,unit,4,600,theta3,donor,design,textbook_t|fpc|lin|xf,200,1,0.0009655050736264257,1.1137525461711808,0.945,0.945,0.945,,,0.0,1.0,,,,P_classical,
ACS_STATES,package,51,regcomp,A,2400.0,unit,4,600,theta3,donor,design,textbook_t|fpc|lin,200,1,0.0007464689537920236,0.9447252535402493,0.88,0.88,0.88,,,0.9798027963610323,0.0,,,,P_ppi,
ACS_STATES,package,51,regcomp,A,2400.0,unit,4,600,theta3,donor,design,textbook_t|fpc|lin|xf,200,1,0.0007464689537920236,0.9447252535402493,0.88,0.88,0.88,,,0.9798027963610323,0.0,,,,P_ppi,
ACS_STATES,package,51,regcomp,A,2400.0,unit,4,600,theta3,donor,design,textbook_t|fpc|lin,200,1,0.001068646304022488,1.0399880742043932,0.925,0.925,0.925,,,0.0,1.0,,,,C_classical,
ACS_STATES,package,51,regcomp,A,2400.0,unit,4,600,theta3,donor,design,textbook_t|fpc|lin|xf,200,1,0.001068646304022488,1.0399880742043932,0.925,0.925,0.925,,,0.0,1.0,,,,C_classical,
ACS_STATES,package,51,regcomp,A,2400.0,unit,4,600,theta3,donor,design,textbook_t|fpc|lin,200,1,0.0007596529432211391,0.922758044084001,0.885,0.885,0.885,,,0.9803859178780959,0.0,,,,C_ppi,
ACS_STATES,package,51,regcomp,A,2400.0,unit,4,600,theta3,donor,design,textbook_t|fpc|lin|xf,200,1,0.0007596529432211391,0.922758044084001,0.885,0.885,0.885,,,0.9803859178780959,0.0,,,,C_ppi,
ACS_STATES,package,51,regcomp,A,2400.0,unit,4,600,theta2,donor,design,textbook_t|fpc|lin,200,1,0.00433878467377223,1.0028441386792624,0.905,0.905,0.905,,,0.0,1.0,,,,r4_classical,
ACS_STATES,package,51,regcomp,A,2400.0,unit,4,600,theta2,donor,design,textbook_t|fpc|lin|xf,200,1,0.00433878467377223,1.0028441386792624,0.905,0.905,0.905,,,0.0,1.0,,,,r4_classical,
ACS_STATES,package,51,regcomp,A,2400.0,unit,4,600,theta2,donor,design,textbook_t|fpc|lin,200,1,0.00433878467377223,1.0028441386792624,0.905,0.905,0.905,,,0.0,1.0,,,,r4_ppi,
ACS_STATES,package,51,regcomp,A,2400.0,unit,4,600,theta2,donor,design,textbook_t|fpc|lin|xf,200,1,0.00433878467377223,1.0028441386792624,0.905,0.905,0.905,,,0.0,1.0,,,,r4_ppi,
ACS_STATES,package,51,regcomp,A,2400.0,unit,4,600,theta2,donor,design,textbook_t|fpc|lin,200,1,0.00433878467377223,1.0028441386792624,0.905,0.905,0.905,,,0.0,1.0,,,,P_classical,
ACS_STATES,package,51,regcomp,A,2400.0,unit,4,600,theta2,donor,design,textbook_t|fpc|lin|xf,200,1,0.00433878467377223,1.0028441386792624,0.905,0.905,0.905,,,0.0,1.0,,,,P_classical,
ACS_STATES,package,51,regcomp,A,2400.0,unit,4,600,theta2,donor,design,textbook_t|fpc|lin,200,1,0.004126597074112909,0.9853349206196867,0.885,0.885,0.885,,,0.9812095366286692,0.0,,,,P_ppi,
ACS_STATES,package,51,regcomp,A,2400.0,unit,4,600,theta2,donor,design,textbook_t|fpc|lin|xf,200,1,0.004126597074112909,0.9853349206196867,0.885,0.885,0.885,,,0.9812095366286692,0.0,,,,P_ppi,
ACS_STATES,package,51,regcomp,A,2400.0,unit,4,600,theta2,donor,design,textbook_t|fpc|lin,200,1,0.00433878467377223,1.0028441386792624,0.905,0.905,0.905,,,0.0,1.0,,,,C_classical,
ACS_STATES,package,51,regcomp,A,2400.0,unit,4,600,theta2,donor,design,textbook_t|fpc|lin|xf,200,1,0.00433878467377223,1.0028441386792624,0.905,0.905,0.905,,,0.0,1.0,,,,C_classical,
ACS_STATES,package,51,regcomp,A,2400.0,unit,4,600,theta2,donor,design,textbook_t|fpc|lin,200,1,0.004126282249850349,0.985418574160291,0.885,0.885,0.885,,,0.9813983924227621,0.0,,,,C_ppi,
ACS_STATES,package,51,regcomp,A,2400.0,unit,4,600,theta2,donor,design,textbook_t|fpc|lin|xf,200,1,0.004126282249850349,0.985418574160291,0.885,0.885,0.885,,,0.9813983924227621,0.0,,,,C_ppi,
ACS_STATES,package,51,regcomp,A,2400.0,unit,6,400,theta3,donor,design,textbook_t|fpc|lin,200,1,0.03841816139531504,1.1037815578936476,0.915,0.915,0.915,,,0.0,1.0,,,,r4_classical,
ACS_STATES,package,51,regcomp,A,2400.0,unit,6,400,theta3,donor,design,textbook_t|fpc|lin|xf,200,1,0.03841816139531504,1.1037815578936476,0.915,0.915,0.915,,,0.0,1.0,,,,r4_classical,
ACS_STATES,package,51,regcomp,A,2400.0,unit,6,400,theta3,donor,design,textbook_t|fpc|lin,200,1,0.0007487232286115851,0.9766221677783321,0.905,0.905,0.905,,,0.9798126062519753,0.0,,,,r4_ppi,
ACS_STATES,package,51,regcomp,A,2400.0,unit,6,400,theta3,donor,design,textbook_t|fpc|lin|xf,200,1,0.0007487232286115851,0.9767287429980402,0.905,0.905,0.905,,,0.9798126062519753,0.0,,,,r4_ppi,
ACS_STATES,package,51,regcomp,A,2400.0,unit,6,400,theta3,donor,design,textbook_t|fpc|lin,200,1,0.0008150113435159953,1.3067504109416763,0.94,0.94,0.94,,,0.0,1.0,,,,P_classical,
ACS_STATES,package,51,regcomp,A,2400.0,unit,6,400,theta3,donor,design,textbook_t|fpc|lin|xf,200,1,0.0008150113435159953,1.3067504109416763,0.94,0.94,0.94,,,0.0,1.0,,,,P_classical,
ACS_STATES,package,51,regcomp,A,2400.0,unit,6,400,theta3,donor,design,textbook_t|fpc|lin,200,1,0.0003880969215029622,1.0794741424291632,0.915,0.915,0.915,,,0.9814646637822122,0.0,,,,P_ppi,
ACS_STATES,package,51,regcomp,A,2400.0,unit,6,400,theta3,donor,design,textbook_t|fpc|lin|xf,200,1,0.0003880969215029622,1.0832992807606456,0.915,0.915,0.915,,,0.9814646637822122,0.0,,,,P_ppi,
ACS_STATES,package,51,regcomp,A,2400.0,unit,6,400,theta3,donor,design,textbook_t|fpc|lin,200,1,0.0008520277884117023,1.276540001317416,0.935,0.935,0.935,,,0.0,1.0,,,,C_classical,
ACS_STATES,package,51,regcomp,A,2400.0,unit,6,400,theta3,donor,design,textbook_t|fpc|lin|xf,200,1,0.0008520277884117023,1.276540001317416,0.935,0.935,0.935,,,0.0,1.0,,,,C_classical,
ACS_STATES,package,51,regcomp,A,2400.0,unit,6,400,theta3,donor,design,textbook_t|fpc|lin,200,1,0.000389221445182007,1.0577055698792959,0.9,0.9,0.9,,,0.9821192881504266,0.0,,,,C_ppi,
ACS_STATES,package,51,regcomp,A,2400.0,unit,6,400,theta3,donor,design,textbook_t|fpc|lin|xf,200,1,0.000389221445182007,1.0615194230403329,0.9,0.9,0.9,,,0.9821192881504266,0.0,,,,C_ppi,
ACS_STATES,package,51,regcomp,A,2400.0,unit,6,400,theta2,donor,design,textbook_t|fpc|lin,200,1,0.0028602507875706493,1.1119982785183924,0.92,0.92,0.92,,,0.0,1.0,,,,r4_classical,
ACS_STATES,package,51,regcomp,A,2400.0,unit,6,400,theta2,donor,design,textbook_t|fpc|lin|xf,200,1,0.0028602507875706493,1.1119982785183924,0.92,0.92,0.92,,,0.0,1.0,,,,r4_classical,
ACS_STATES,package,51,regcomp,A,2400.0,unit,6,400,theta2,donor,design,textbook_t|fpc|lin,200,1,0.0017246979993019082,1.0567853815591595,0.905,0.905,0.905,,,0.9897417908437136,0.0,,,,r4_ppi,
ACS_STATES,package,51,regcomp,A,2400.0,unit,6,400,theta2,donor,design,textbook_t|fpc|lin|xf,200,1,0.0017246979993019082,1.0603316394760118,0.905,0.905,0.905,,,0.9897417908437136,0.0,,,,r4_ppi,
ACS_STATES,package,51,regcomp,A,2400.0,unit,6,400,theta2,donor,design,textbook_t|fpc|lin,200,1,0.0028602507875706493,1.1119982785183924,0.92,0.92,0.92,,,0.0,1.0,,,,P_classical,
ACS_STATES,package,51,regcomp,A,2400.0,unit,6,400,theta2,donor,design,textbook_t|fpc|lin|xf,200,1,0.0028602507875706493,1.1119982785183924,0.92,0.92,0.92,,,0.0,1.0,,,,P_classical,
ACS_STATES,package,51,regcomp,A,2400.0,unit,6,400,theta2,donor,design,textbook_t|fpc|lin,200,1,0.0016043821006896909,1.0635520264300786,0.92,0.92,0.92,,,0.9858751303645016,0.0,,,,P_ppi,
ACS_STATES,package,51,regcomp,A,2400.0,unit,6,400,theta2,donor,design,textbook_t|fpc|lin|xf,200,1,0.0016043821006896909,1.0669530146622426,0.92,0.92,0.92,,,0.9858751303645016,0.0,,,,P_ppi,
ACS_STATES,package,51,regcomp,A,2400.0,unit,6,400,theta2,donor,design,textbook_t|fpc|lin,200,1,0.0028602507875706493,1.1119982785183924,0.92,0.92,0.92,,,0.0,1.0,,,,C_classical,
ACS_STATES,package,51,regcomp,A,2400.0,unit,6,400,theta2,donor,design,textbook_t|fpc|lin|xf,200,1,0.0028602507875706493,1.1119982785183924,0.92,0.92,0.92,,,0.0,1.0,,,,C_classical,
ACS_STATES,package,51,regcomp,A,2400.0,unit,6,400,theta2,donor,design,textbook_t|fpc|lin,200,1,0.0016029736630047736,1.0646737681500162,0.92,0.92,0.92,,,0.9846304780474012,0.0,,,,C_ppi,
ACS_STATES,package,51,regcomp,A,2400.0,unit,6,400,theta2,donor,design,textbook_t|fpc|lin|xf,200,1,0.0016029736630047736,1.0680794736970947,0.92,0.92,0.92,,,0.9846304780474012,0.0,,,,C_ppi,
ACS_STATES,package,51,regcomp,A,2400.0,unit,8,300,theta3,donor,design,textbook_t|fpc|lin,200,1,0.04302552505440217,0.981042747393193,0.92,0.92,0.92,,,0.0,1.0,,,,r4_classical,
ACS_STATES,package,51,regcomp,A,2400.0,unit,8,300,theta3,donor,design,textbook_t|fpc|lin|xf,200,1,0.04302552505440217,0.981042747393193,0.92,0.92,0.92,,,0.0,1.0,,,,r4_classical,
ACS_STATES,package,51,regcomp,A,2400.0,unit,8,300,theta3,donor,design,textbook_t|fpc|lin,200,1,0.0004744893221585446,0.9074303330690368,0.895,0.895,0.895,,,0.9861600416501279,0.0,,,,r4_ppi,
ACS_STATES,package,51,regcomp,A,2400.0,unit,8,300,theta3,donor,design,textbook_t|fpc|lin|xf,200,1,0.0004744893221585446,0.9074816767059254,0.895,0.895,0.895,,,0.9861600416501279,0.0,,,,r4_ppi,
ACS_STATES,package,51,regcomp,A,2400.0,unit,8,300,theta3,donor,design,textbook_t|fpc|lin,200,1,0.0007940574648248667,1.1053380622446345,0.925,0.925,0.925,,,0.0,1.0,,,,P_classical,
ACS_STATES,package,51,regcomp,A,2400.0,unit,8,300,theta3,donor,design,textbook_t|fpc|lin|xf,200,1,0.0007940574648248667,1.1053380622446345,0.925,0.925,0.925,,,0.0,1.0,,,,P_classical,
ACS_STATES,package,51,regcomp,A,2400.0,unit,8,300,theta3,donor,design,textbook_t|fpc|lin,200,1,0.0003727470669444897,0.956598289309584,0.905,0.905,0.905,,,0.9809149408171707,0.0,,,,P_ppi,
ACS_STATES,package,51,regcomp,A,2400.0,unit,8,300,theta3,donor,design,textbook_t|fpc|lin|xf,200,1,0.0003727470669444897,0.960583264099767,0.905,0.905,0.905,,,0.9809149408171707,0.0,,,,P_ppi,
ACS_STATES,package,51,regcomp,A,2400.0,unit,8,300,theta3,donor,design,textbook_t|fpc|lin,200,1,0.0008074638511932916,1.114233183657978,0.92,0.92,0.92,,,0.0,1.0,,,,C_classical,
ACS_STATES,package,51,regcomp,A,2400.0,unit,8,300,theta3,donor,design,textbook_t|fpc|lin|xf,200,1,0.0008074638511932916,1.114233183657978,0.92,0.92,0.92,,,0.0,1.0,,,,C_classical,
ACS_STATES,package,51,regcomp,A,2400.0,unit,8,300,theta3,donor,design,textbook_t|fpc|lin,200,1,0.00036712493726225406,0.9624258950812827,0.9,0.9,0.9,,,0.9806271921653575,0.0,,,,C_ppi,
ACS_STATES,package,51,regcomp,A,2400.0,unit,8,300,theta3,donor,design,textbook_t|fpc|lin|xf,200,1,0.00036712493726225406,0.9664117895838685,0.905,0.905,0.905,,,0.9806271921653575,0.0,,,,C_ppi,
ACS_STATES,package,51,regcomp,A,2400.0,unit,8,300,theta2,donor,design,textbook_t|fpc|lin,200,1,0.002179294342994075,1.003290067691425,0.88,0.88,0.88,,,0.0,1.0,,,,r4_classical,
ACS_STATES,package,51,regcomp,A,2400.0,unit,8,300,theta2,donor,design,textbook_t|fpc|lin|xf,200,1,0.002179294342994075,1.003290067691425,0.88,0.88,0.88,,,0.0,1.0,,,,r4_classical,
ACS_STATES,package,51,regcomp,A,2400.0,unit,8,300,theta2,donor,design,textbook_t|fpc|lin,200,1,0.001333290733190144,0.9702614010257995,0.91,0.91,0.91,,,0.8864789982655877,0.005,,,,r4_ppi,
ACS_STATES,package,51,regcomp,A,2400.0,unit,8,300,theta2,donor,design,textbook_t|fpc|lin|xf,200,1,0.001333290733190144,0.9740880699786902,0.91,0.91,0.91,,,0.8864789982655877,0.005,,,,r4_ppi,
ACS_STATES,package,51,regcomp,A,2400.0,unit,8,300,theta2,donor,design,textbook_t|fpc|lin,200,1,0.002179294342994075,1.003290067691425,0.88,0.88,0.88,,,0.0,1.0,,,,P_classical,
ACS_STATES,package,51,regcomp,A,2400.0,unit,8,300,theta2,donor,design,textbook_t|fpc|lin|xf,200,1,0.002179294342994075,1.003290067691425,0.88,0.88,0.88,,,0.0,1.0,,,,P_classical,
ACS_STATES,package,51,regcomp,A,2400.0,unit,8,300,theta2,donor,design,textbook_t|fpc|lin,200,1,0.0012954026183947694,0.9579236382613022,0.9,0.9,0.9,,,0.9870205777042337,0.0,,,,P_ppi,
ACS_STATES,package,51,regcomp,A,2400.0,unit,8,300,theta2,donor,design,textbook_t|fpc|lin|xf,200,1,0.0012954026183947694,0.9623831080885317,0.9,0.9,0.9,,,0.9870205777042337,0.0,,,,P_ppi,
ACS_STATES,package,51,regcomp,A,2400.0,unit,8,300,theta2,donor,design,textbook_t|fpc|lin,200,1,0.002179294342994075,1.003290067691425,0.88,0.88,0.88,,,0.0,1.0,,,,C_classical,
ACS_STATES,package,51,regcomp,A,2400.0,unit,8,300,theta2,donor,design,textbook_t|fpc|lin|xf,200,1,0.002179294342994075,1.003290067691425,0.88,0.88,0.88,,,0.0,1.0,,,,C_classical,
ACS_STATES,package,51,regcomp,A,2400.0,unit,8,300,theta2,donor,design,textbook_t|fpc|lin,200,1,0.0012956212259380812,0.9574687870875017,0.9,0.9,0.9,,,0.9855358574043307,0.0,,,,C_ppi,
ACS_STATES,package,51,regcomp,A,2400.0,unit,8,300,theta2,donor,design,textbook_t|fpc|lin|xf,200,1,0.0012956212259380812,0.9619279112823135,0.9,0.9,0.9,,,0.9855358574043307,0.0,,,,C_ppi,
ACS_STATES,package,51,regcomp,A,2400.0,unit,12,200,theta3,donor,design,textbook_t|fpc|lin,200,1,0.042363933771141594,0.9645199262331464,0.9,0.9,0.9,,,0.0,1.0,,,,r4_classical,
ACS_STATES,package,51,regcomp,A,2400.0,unit,12,200,theta3,donor,design,textbook_t|fpc|lin|xf,200,1,0.042363933771141594,0.9645199262331464,0.9,0.9,0.9,,,0.0,1.0,,,,r4_classical,
ACS_STATES,package,51,regcomp,A,2400.0,unit,12,200,theta3,donor,design,textbook_t|fpc|lin,200,1,0.0003564744910640607,0.9870069889161327,0.92,0.92,0.92,,,0.9846147116733301,0.0,,,,r4_ppi,
ACS_STATES,package,51,regcomp,A,2400.0,unit,12,200,theta3,donor,design,textbook_t|fpc|lin|xf,200,1,0.0003564744910640607,0.9870489436589085,0.92,0.92,0.92,,,0.9846147116733301,0.0,,,,r4_ppi,
ACS_STATES,package,51,regcomp,A,2400.0,unit,12,200,theta3,donor,design,textbook_t|fpc|lin,200,1,0.0009599686712874429,0.8823285528038601,0.875,0.875,0.875,,,0.0,1.0,,,,P_classical,
ACS_STATES,package,51,regcomp,A,2400.0,unit,12,200,theta3,donor,design,textbook_t|fpc|lin|xf,200,1,0.0009599686712874429,0.8823285528038601,0.875,0.875,0.875,,,0.0,1.0,,,,P_classical,
ACS_STATES,package,51,regcomp,A,2400.0,unit,12,200,theta3,donor,design,textbook_t|fpc|lin,200,1,0.0002979818831442596,1.0587216857885349,0.925,0.925,0.925,,,0.9853365662181395,0.0,,,,P_ppi,
ACS_STATES,package,51,regcomp,A,2400.0,unit,12,200,theta3,donor,design,textbook_t|fpc|lin|xf,200,1,0.0002979818831442596,1.0626624078725466,0.925,0.925,0.925,,,0.9853365662181395,0.0,,,,P_ppi,
ACS_STATES,package,51,regcomp,A,2400.0,unit,12,200,theta3,donor,design,textbook_t|fpc|lin,200,1,0.0009796474760196301,0.8906884166175176,0.895,0.895,0.895,,,0.0,1.0,,,,C_classical,
ACS_STATES,package,51,regcomp,A,2400.0,unit,12,200,theta3,donor,design,textbook_t|fpc|lin|xf,200,1,0.0009796474760196301,0.8906884166175176,0.895,0.895,0.895,,,0.0,1.0,,,,C_classical,
ACS_STATES,package,51,regcomp,A,2400.0,unit,12,200,theta3,donor,design,textbook_t|fpc|lin,200,1,0.0003010746601438162,1.035695391925909,0.935,0.935,0.935,,,0.9842183791850563,0.0,,,,C_ppi,
ACS_STATES,package,51,regcomp,A,2400.0,unit,12,200,theta3,donor,design,textbook_t|fpc|lin|xf,200,1,0.0003010746601438162,1.0394722961614924,0.94,0.94,0.94,,,0.9842183791850563,0.0,,,,C_ppi,
ACS_STATES,package,51,regcomp,A,2400.0,unit,12,200,theta2,donor,design,textbook_t|fpc|lin,200,1,0.0014431083775044496,1.1377652030337364,0.925,0.925,0.925,,,0.0,1.0,,,,r4_classical,
ACS_STATES,package,51,regcomp,A,2400.0,unit,12,200,theta2,donor,design,textbook_t|fpc|lin|xf,200,1,0.0014431083775044496,1.1377652030337364,0.925,0.925,0.925,,,0.0,1.0,,,,r4_classical,
ACS_STATES,package,51,regcomp,A,2400.0,unit,12,200,theta2,donor,design,textbook_t|fpc|lin,200,1,0.000727468782498598,1.0905810476009044,0.92,0.92,0.92,,,0.9797876007189983,0.0,,,,r4_ppi,
ACS_STATES,package,51,regcomp,A,2400.0,unit,12,200,theta2,donor,design,textbook_t|fpc|lin|xf,200,1,0.000727468782498598,1.093285699329628,0.92,0.92,0.92,,,0.9797876007189983,0.0,,,,r4_ppi,
ACS_STATES,package,51,regcomp,A,2400.0,unit,12,200,theta2,donor,design,textbook_t|fpc|lin,200,1,0.0014431083775044496,1.1377652030337364,0.925,0.925,0.925,,,0.0,1.0,,,,P_classical,
ACS_STATES,package,51,regcomp,A,2400.0,unit,12,200,theta2,donor,design,textbook_t|fpc|lin|xf,200,1,0.0014431083775044496,1.1377652030337364,0.925,0.925,0.925,,,0.0,1.0,,,,P_classical,
ACS_STATES,package,51,regcomp,A,2400.0,unit,12,200,theta2,donor,design,textbook_t|fpc|lin,200,1,0.0007638236922756752,1.0238906684752669,0.915,0.915,0.915,,,0.9896496869042334,0.0,,,,P_ppi,
ACS_STATES,package,51,regcomp,A,2400.0,unit,12,200,theta2,donor,design,textbook_t|fpc|lin|xf,200,1,0.0007638236922756752,1.0279301276986474,0.915,0.915,0.915,,,0.9896496869042334,0.0,,,,P_ppi,
ACS_STATES,package,51,regcomp,A,2400.0,unit,12,200,theta2,donor,design,textbook_t|fpc|lin,200,1,0.0014431083775044496,1.1377652030337364,0.925,0.925,0.925,,,0.0,1.0,,,,C_classical,
ACS_STATES,package,51,regcomp,A,2400.0,unit,12,200,theta2,donor,design,textbook_t|fpc|lin|xf,200,1,0.0014431083775044496,1.1377652030337364,0.925,0.925,0.925,,,0.0,1.0,,,,C_classical,
ACS_STATES,package,51,regcomp,A,2400.0,unit,12,200,theta2,donor,design,textbook_t|fpc|lin,200,1,0.0007637050418105679,1.0240929783597947,0.915,0.915,0.915,,,0.9878342008224149,0.0,,,,C_ppi,
ACS_STATES,package,51,regcomp,A,2400.0,unit,12,200,theta2,donor,design,textbook_t|fpc|lin|xf,200,1,0.0007637050418105679,1.028133734688707,0.915,0.915,0.915,,,0.9878342008224149,0.0,,,,C_ppi,
ACS_STATES,package,51,regcomp,B,2400.0,unit,51,prop,theta3,donor,design,regB_t,200,1,0.10067243000152434,1.103460783320574,0.9,0.9,0.9,,,0.0,1.0,,,,r4_classical,32.0
ACS_STATES,package,51,regcomp,B,2400.0,unit,51,prop,theta3,donor,design,regB_t,200,1,0.0007288284661804788,0.9495658508990598,0.875,0.875,0.875,,,1.0,0.0,,,,r4_ppi,32.0
ACS_STATES,package,51,regcomp,B,2400.0,unit,51,prop,theta3,donor,design,regB_t,200,1,0.0019620206632986357,0.9124812682842709,0.86,0.86,0.86,,,0.0,1.0,,,,P_classical,32.0
ACS_STATES,package,51,regcomp,B,2400.0,unit,51,prop,theta3,donor,design,regB_t,200,1,0.0007446228802567959,0.9325868777830116,0.875,0.875,0.875,,,1.0,0.0,,,,P_ppi,32.0
ACS_STATES,package,51,regcomp,B,2400.0,unit,51,prop,theta3,donor,design,regB_t,200,1,0.00229111004535395,0.8946502379124918,0.875,0.875,0.875,,,0.0,1.0,,,,C_classical,32.0
ACS_STATES,package,51,regcomp,B,2400.0,unit,51,prop,theta3,donor,design,regB_t,200,1,0.0008062999760091713,0.9487830345887642,0.885,0.885,0.885,,,1.0,0.0,,,,C_ppi,32.0
ACS_STATES,package,51,regcomp,B,2400.0,unit,51,prop,theta2,donor,design,regB_t,200,1,0.0016599321995701747,0.9353709419963528,0.895,0.895,0.895,,,0.0,1.0,,,,r4_classical,32.0
ACS_STATES,package,51,regcomp,B,2400.0,unit,51,prop,theta2,donor,design,regB_t,200,1,0.0005629645605567836,1.0654398639943927,0.91,0.91,0.91,,,1.0,0.0,,,,r4_ppi,32.0
ACS_STATES,package,51,regcomp,B,2400.0,unit,51,prop,theta2,donor,design,regB_t,200,1,0.0016599321995701747,0.9353709419963528,0.895,0.895,0.895,,,0.0,1.0,,,,P_classical,32.0
ACS_STATES,package,51,regcomp,B,2400.0,unit,51,prop,theta2,donor,design,regB_t,200,1,0.0005628678998715764,1.065712263032263,0.91,0.91,0.91,,,1.0,0.0,,,,P_ppi,32.0
ACS_STATES,package,51,regcomp,B,2400.0,unit,51,prop,theta2,donor,design,regB_t,200,1,0.0016599321995701747,0.9353709419963528,0.895,0.895,0.895,,,0.0,1.0,,,,C_classical,32.0
ACS_STATES,package,51,regcomp,B,2400.0,unit,51,prop,theta2,donor,design,regB_t,200,1,0.0005629645605567858,1.0654398639943887,0.91,0.91,0.91,,,1.0,0.0,,,,C_ppi,32.0
ACS_STATES,package,51,regcomp,B,1930.0,cd_cs_10_vs_A_nL4_B2400,51,prop,theta3,donor,design,regB_t,200,1,0.14512567527641673,0.937156297111519,0.87,0.87,0.87,,,0.0,1.0,,,,r4_classical,25.0
ACS_STATES,package,51,regcomp,B,1930.0,cd_cs_10_vs_A_nL4_B2400,51,prop,theta3,donor,design,regB_t,200,1,0.0008512079089466713,0.9539835771015374,0.865,0.865,0.865,,,1.0,0.0,,,,r4_ppi,25.0
ACS_STATES,package,51,regcomp,B,1930.0,cd_cs_10_vs_A_nL4_B2400,51,prop,theta3,donor,design,regB_t,200,1,0.0022814097857470424,0.9490178969108007,0.905,0.905,0.905,,,0.0,1.0,,,,P_classical,25.0
ACS_STATES,package,51,regcomp,B,1930.0,cd_cs_10_vs_A_nL4_B2400,51,prop,theta3,donor,design,regB_t,200,1,0.0008500462836939902,0.955301994776927,0.87,0.87,0.87,,,1.0,0.0,,,,P_ppi,25.0
ACS_STATES,package,51,regcomp,B,1930.0,cd_cs_10_vs_A_nL4_B2400,51,prop,theta3,donor,design,regB_t,200,1,0.0026890561882041285,0.9426258800753277,0.885,0.885,0.885,,,0.0,1.0,,,,C_classical,25.0
ACS_STATES,package,51,regcomp,B,1930.0,cd_cs_10_vs_A_nL4_B2400,51,prop,theta3,donor,design,regB_t,200,1,0.0009218064602656672,1.0015642043884991,0.89,0.89,0.89,,,1.0,0.0,,,,C_ppi,25.0
ACS_STATES,package,51,regcomp,B,1930.0,cd_cs_10_vs_A_nL4_B2400,51,prop,theta2,donor,design,regB_t,200,1,0.0021878008233088882,0.9028423238018407,0.895,0.895,0.895,,,0.0,1.0,,,,r4_classical,25.0
ACS_STATES,package,51,regcomp,B,1930.0,cd_cs_10_vs_A_nL4_B2400,51,prop,theta2,donor,design,regB_t,200,1,0.0007398484712333754,1.0341049243751252,0.895,0.895,0.895,,,1.0,0.0,,,,r4_ppi,25.0
ACS_STATES,package,51,regcomp,B,1930.0,cd_cs_10_vs_A_nL4_B2400,51,prop,theta2,donor,design,regB_t,200,1,0.0021878008233088882,0.9028423238018407,0.895,0.895,0.895,,,0.0,1.0,,,,P_classical,25.0
ACS_STATES,package,51,regcomp,B,1930.0,cd_cs_10_vs_A_nL4_B2400,51,prop,theta2,donor,design,regB_t,200,1,0.0007400089737138046,1.0339836887414042,0.895,0.895,0.895,,,1.0,0.0,,,,P_ppi,25.0
ACS_STATES,package,51,regcomp,B,1930.0,cd_cs_10_vs_A_nL4_B2400,51,prop,theta2,donor,design,regB_t,200,1,0.0021878008233088882,0.9028423238018407,0.895,0.895,0.895,,,0.0,1.0,,,,C_classical,25.0
ACS_STATES,package,51,regcomp,B,1930.0,cd_cs_10_vs_A_nL4_B2400,51,prop,theta2,donor,design,regB_t,200,1,0.0007398484712333757,1.0341049243751248,0.895,0.895,0.895,,,1.0,0.0,,,,C_ppi,25.0
ACS_STATES,package,51,regcomp,B,1950.0,cd_cs_10_vs_A_nL6_B2400,51,prop,theta3,donor,design,regB_t,200,1,0.1286634352728267,1.03126844421571,0.895,0.895,0.895,,,0.0,1.0,,,,r4_classical,26.0
ACS_STATES,package,51,regcomp,B,1950.0,cd_cs_10_vs_A_nL6_B2400,51,prop,theta3,donor,design,regB_t,200,1,0.0008126276561161166,1.0113718749557645,0.92,0.92,0.92,,,1.0,0.0,,,,r4_ppi,26.0
ACS_STATES,package,51,regcomp,B,1950.0,cd_cs_10_vs_A_nL6_B2400,51,prop,theta3,donor,design,regB_t,200,1,0.0019610014762083444,1.0776450320758568,0.915,0.915,0.915,,,0.0,1.0,,,,P_classical,26.0
ACS_STATES,package,51,regcomp,B,1950.0,cd_cs_10_vs_A_nL6_B2400,51,prop,theta3,donor,design,regB_t,200,1,0.0008146727337806759,1.0091157161361577,0.905,0.905,0.905,,,1.0,0.0,,,,P_ppi,26.0
ACS_STATES,package,51,regcomp,B,1950.0,cd_cs_10_vs_A_nL6_B2400,51,prop,theta3,donor,design,regB_t,200,1,0.002450459620602011,1.004272371564865,0.88,0.88,0.88,,,0.0,1.0,,,,C_classical,26.0
ACS_STATES,package,51,regcomp,B,1950.0,cd_cs_10_vs_A_nL6_B2400,51,prop,theta3,donor,design,regB_t,200,1,0.0009089858334494192,0.9972698530101416,0.89,0.89,0.89,,,1.0,0.0,,,,C_ppi,26.0
ACS_STATES,package,51,regcomp,B,1950.0,cd_cs_10_vs_A_nL6_B2400,51,prop,theta2,donor,design,regB_t,200,1,0.002366348885039601,0.8017969929958199,0.855,0.855,0.855,,,0.0,1.0,,,,r4_classical,26.0
ACS_STATES,package,51,regcomp,B,1950.0,cd_cs_10_vs_A_nL6_B2400,51,prop,theta2,donor,design,regB_t,200,1,0.0007694372284790383,0.9608101588402185,0.9,0.9,0.9,,,1.0,0.0,,,,r4_ppi,26.0
ACS_STATES,package,51,regcomp,B,1950.0,cd_cs_10_vs_A_nL6_B2400,51,prop,theta2,donor,design,regB_t,200,1,0.002366348885039601,0.8017969929958199,0.855,0.855,0.855,,,0.0,1.0,,,,P_classical,26.0
ACS_STATES,package,51,regcomp,B,1950.0,cd_cs_10_vs_A_nL6_B2400,51,prop,theta2,donor,design,regB_t,200,1,0.0007693999783673724,0.9608726468515308,0.9,0.9,0.9,,,1.0,0.0,,,,P_ppi,26.0
ACS_STATES,package,51,regcomp,B,1950.0,cd_cs_10_vs_A_nL6_B2400,51,prop,theta2,donor,design,regB_t,200,1,0.002366348885039601,0.8017969929958199,0.855,0.855,0.855,,,0.0,1.0,,,,C_classical,26.0
ACS_STATES,package,51,regcomp,B,1950.0,cd_cs_10_vs_A_nL6_B2400,51,prop,theta2,donor,design,regB_t,200,1,0.0007694372284790423,0.9608101588402136,0.9,0.9,0.9,,,1.0,0.0,,,,C_ppi,26.0
ACS_STATES,package,51,regcomp,B,1970.0,cd_cs_10_vs_A_nL8_B2400,51,prop,theta3,donor,design,regB_t,200,1,0.13099887866035265,1.0304223190546742,0.895,0.895,0.895,,,0.0,1.0,,,,r4_classical,26.0
ACS_STATES,package,51,regcomp,B,1970.0,cd_cs_10_vs_A_nL8_B2400,51,prop,theta3,donor,design,regB_t,200,1,0.0007228184584615147,1.1480468666810613,0.93,0.93,0.93,,,1.0,0.0,,,,r4_ppi,26.0
ACS_STATES,package,51,regcomp,B,1970.0,cd_cs_10_vs_A_nL8_B2400,51,prop,theta3,donor,design,regB_t,200,1,0.002377888355320755,0.9085538480350294,0.86,0.86,0.86,,,0.0,1.0,,,,P_classical,26.0
ACS_STATES,package,51,regcomp,B,1970.0,cd_cs_10_vs_A_nL8_B2400,51,prop,theta3,donor,design,regB_t,200,1,0.0007303771239040915,1.1405915692472013,0.93,0.93,0.93,,,1.0,0.0,,,,P_ppi,26.0
ACS_STATES,package,51,regcomp,B,1970.0,cd_cs_10_vs_A_nL8_B2400,51,prop,theta3,donor,design,regB_t,200,1,0.0029341469828572083,0.8536296402944672,0.865,0.865,0.865,,,0.0,1.0,,,,C_classical,26.0
ACS_STATES,package,51,regcomp,B,1970.0,cd_cs_10_vs_A_nL8_B2400,51,prop,theta3,donor,design,regB_t,200,1,0.0008491081205024892,1.0911027188281168,0.92,0.92,0.92,,,1.0,0.0,,,,C_ppi,26.0
ACS_STATES,package,51,regcomp,B,1970.0,cd_cs_10_vs_A_nL8_B2400,51,prop,theta2,donor,design,regB_t,200,1,0.0017640050224940428,1.074846290889063,0.915,0.915,0.915,,,0.0,1.0,,,,r4_classical,26.0
ACS_STATES,package,51,regcomp,B,1970.0,cd_cs_10_vs_A_nL8_B2400,51,prop,theta2,donor,design,regB_t,200,1,0.0006092540357744325,1.1821989776875166,0.935,0.935,0.935,,,1.0,0.0,,,,r4_ppi,26.0
ACS_STATES,package,51,regcomp,B,1970.0,cd_cs_10_vs_A_nL8_B2400,51,prop,theta2,donor,design,regB_t,200,1,0.0017640050224940428,1.074846290889063,0.915,0.915,0.915,,,0.0,1.0,,,,P_classical,26.0
ACS_STATES,package,51,regcomp,B,1970.0,cd_cs_10_vs_A_nL8_B2400,51,prop,theta2,donor,design,regB_t,200,1,0.0006091233769519341,1.182326555335316,0.94,0.94,0.94,,,1.0,0.0,,,,P_ppi,26.0
ACS_STATES,package,51,regcomp,B,1970.0,cd_cs_10_vs_A_nL8_B2400,51,prop,theta2,donor,design,regB_t,200,1,0.0017640050224940428,1.074846290889063,0.915,0.915,0.915,,,0.0,1.0,,,,C_classical,26.0
ACS_STATES,package,51,regcomp,B,1970.0,cd_cs_10_vs_A_nL8_B2400,51,prop,theta2,donor,design,regB_t,200,1,0.0006092540357744363,1.1821989776875095,0.935,0.935,0.935,,,1.0,0.0,,,,C_ppi,26.0
ACS_STATES,package,51,regcomp,B,2010.0,cd_cs_10_vs_A_nL12_B2400,51,prop,theta3,donor,design,regB_t,200,1,0.13692922247140862,0.9510506131054798,0.91,0.91,0.91,,,0.0,1.0,,,,r4_classical,27.0
ACS_STATES,package,51,regcomp,B,2010.0,cd_cs_10_vs_A_nL12_B2400,51,prop,theta3,donor,design,regB_t,200,1,0.0009043927280800368,0.8771720476902213,0.895,0.895,0.895,,,1.0,0.0,,,,r4_ppi,27.0
ACS_STATES,package,51,regcomp,B,2010.0,cd_cs_10_vs_A_nL12_B2400,51,prop,theta3,donor,design,regB_t,200,1,0.002119247418904862,0.9866456481999222,0.895,0.895,0.895,,,0.0,1.0,,,,P_classical,27.0
ACS_STATES,package,51,regcomp,B,2010.0,cd_cs_10_vs_A_nL12_B2400,51,prop,theta3,donor,design,regB_t,200,1,0.0008993095862462184,0.8847658263193736,0.895,0.895,0.895,,,1.0,0.0,,,,P_ppi,27.0
ACS_STATES,package,51,regcomp,B,2010.0,cd_cs_10_vs_A_nL12_B2400,51,prop,theta3,donor,design,regB_t,200,1,0.0025143904225254014,0.9683538477169616,0.89,0.89,0.89,,,0.0,1.0,,,,C_classical,27.0
ACS_STATES,package,51,regcomp,B,2010.0,cd_cs_10_vs_A_nL12_B2400,51,prop,theta3,donor,design,regB_t,200,1,0.0010233777730356578,0.8826174395669373,0.89,0.89,0.89,,,1.0,0.0,,,,C_ppi,27.0
ACS_STATES,package,51,regcomp,B,2010.0,cd_cs_10_vs_A_nL12_B2400,51,prop,theta2,donor,design,regB_t,200,1,0.001762982745191241,1.0583982150270639,0.915,0.915,0.915,,,0.0,1.0,,,,r4_classical,27.0
ACS_STATES,package,51,regcomp,B,2010.0,cd_cs_10_vs_A_nL12_B2400,51,prop,theta2,donor,design,regB_t,200,1,0.0006776088585239243,1.0557644068646752,0.88,0.88,0.88,,,1.0,0.0,,,,r4_ppi,27.0
ACS_STATES,package,51,regcomp,B,2010.0,cd_cs_10_vs_A_nL12_B2400,51,prop,theta2,donor,design,regB_t,200,1,0.001762982745191241,1.0583982150270639,0.915,0.915,0.915,,,0.0,1.0,,,,P_classical,27.0
ACS_STATES,package,51,regcomp,B,2010.0,cd_cs_10_vs_A_nL12_B2400,51,prop,theta2,donor,design,regB_t,200,1,0.0006776514703857189,1.0556000573933877,0.88,0.88,0.88,,,1.0,0.0,,,,P_ppi,27.0
ACS_STATES,package,51,regcomp,B,2010.0,cd_cs_10_vs_A_nL12_B2400,51,prop,theta2,donor,design,regB_t,200,1,0.001762982745191241,1.0583982150270639,0.915,0.915,0.915,,,0.0,1.0,,,,C_classical,27.0
ACS_STATES,package,51,regcomp,B,2010.0,cd_cs_10_vs_A_nL12_B2400,51,prop,theta2,donor,design,regB_t,200,1,0.0006776088585239196,1.0557644068646825,0.88,0.88,0.88,,,1.0,0.0,,,,C_ppi,27.0
ACS_STATES,package,51,regcomp,A,4800.0,unit,4,1200,theta3,donor,design,textbook_t|fpc|lin,200,1,0.01856423385928738,1.208304066076742,0.925,0.925,0.925,,,0.0,1.0,,,,r4_classical,
ACS_STATES,package,51,regcomp,A,4800.0,unit,4,1200,theta3,donor,design,textbook_t|fpc|lin|xf,200,1,0.01856423385928738,1.208304066076742,0.925,0.925,0.925,,,0.0,1.0,,,,r4_classical,
ACS_STATES,package,51,regcomp,A,4800.0,unit,4,1200,theta3,donor,design,textbook_t|fpc|lin,200,1,0.01856423385928738,1.208304066076742,0.925,0.925,0.925,,,0.0,1.0,,,,r4_ppi,
ACS_STATES,package,51,regcomp,A,4800.0,unit,4,1200,theta3,donor,design,textbook_t|fpc|lin|xf,200,1,0.01856423385928738,1.208304066076742,0.925,0.925,0.925,,,0.0,1.0,,,,r4_ppi,
ACS_STATES,package,51,regcomp,A,4800.0,unit,4,1200,theta3,donor,design,textbook_t|fpc|lin,200,1,0.0007481699277893363,1.1575187141907584,0.9,0.9,0.9,,,0.0,1.0,,,,P_classical,
ACS_STATES,package,51,regcomp,A,4800.0,unit,4,1200,theta3,donor,design,textbook_t|fpc|lin|xf,200,1,0.0007481699277893363,1.1575187141907584,0.9,0.9,0.9,,,0.0,1.0,,,,P_classical,
ACS_STATES,package,51,regcomp,A,4800.0,unit,4,1200,theta3,donor,design,textbook_t|fpc|lin,200,1,0.0005699550267826007,1.155791138593988,0.92,0.92,0.92,,,0.9853143089549457,0.0,,,,P_ppi,
ACS_STATES,package,51,regcomp,A,4800.0,unit,4,1200,theta3,donor,design,textbook_t|fpc|lin|xf,200,1,0.0005699550267826007,1.155791138593988,0.92,0.92,0.92,,,0.9853143089549457,0.0,,,,P_ppi,
ACS_STATES,package,51,regcomp,A,4800.0,unit,4,1200,theta3,donor,design,textbook_t|fpc|lin,200,1,0.0007318934655647433,1.1733081476336193,0.925,0.925,0.925,,,0.0,1.0,,,,C_classical,
ACS_STATES,package,51,regcomp,A,4800.0,unit,4,1200,theta3,donor,design,textbook_t|fpc|lin|xf,200,1,0.0007318934655647433,1.1733081476336193,0.925,0.925,0.925,,,0.0,1.0,,,,C_classical,
ACS_STATES,package,51,regcomp,A,4800.0,unit,4,1200,theta3,donor,design,textbook_t|fpc|lin,200,1,0.0005761506690635277,1.1405447334887548,0.92,0.92,0.92,,,0.9858984332956886,0.0,,,,C_ppi,
ACS_STATES,package,51,regcomp,A,4800.0,unit,4,1200,theta3,donor,design,textbook_t|fpc|lin|xf,200,1,0.0005761506690635277,1.1405447334887548,0.92,0.92,0.92,,,0.9858984332956886,0.0,,,,C_ppi,
ACS_STATES,package,51,regcomp,A,4800.0,unit,4,1200,theta2,donor,design,textbook_t|fpc|lin,200,1,0.003945022001987757,1.055531592175326,0.88,0.88,0.88,,,0.0,1.0,,,,r4_classical,
ACS_STATES,package,51,regcomp,A,4800.0,unit,4,1200,theta2,donor,design,textbook_t|fpc|lin|xf,200,1,0.003945022001987757,1.055531592175326,0.88,0.88,0.88,,,0.0,1.0,,,,r4_classical,
ACS_STATES,package,51,regcomp,A,4800.0,unit,4,1200,theta2,donor,design,textbook_t|fpc|lin,200,1,0.003945022001987757,1.055531592175326,0.88,0.88,0.88,,,0.0,1.0,,,,r4_ppi,
ACS_STATES,package,51,regcomp,A,4800.0,unit,4,1200,theta2,donor,design,textbook_t|fpc|lin|xf,200,1,0.003945022001987757,1.055531592175326,0.88,0.88,0.88,,,0.0,1.0,,,,r4_ppi,
ACS_STATES,package,51,regcomp,A,4800.0,unit,4,1200,theta2,donor,design,textbook_t|fpc|lin,200,1,0.003945022001987757,1.055531592175326,0.88,0.88,0.88,,,0.0,1.0,,,,P_classical,
ACS_STATES,package,51,regcomp,A,4800.0,unit,4,1200,theta2,donor,design,textbook_t|fpc|lin|xf,200,1,0.003945022001987757,1.055531592175326,0.88,0.88,0.88,,,0.0,1.0,,,,P_classical,
ACS_STATES,package,51,regcomp,A,4800.0,unit,4,1200,theta2,donor,design,textbook_t|fpc|lin,200,1,0.003797197442834706,1.0377152799341114,0.865,0.865,0.865,,,0.9871468414811464,0.0,,,,P_ppi,
ACS_STATES,package,51,regcomp,A,4800.0,unit,4,1200,theta2,donor,design,textbook_t|fpc|lin|xf,200,1,0.003797197442834706,1.0377152799341114,0.865,0.865,0.865,,,0.9871468414811464,0.0,,,,P_ppi,
ACS_STATES,package,51,regcomp,A,4800.0,unit,4,1200,theta2,donor,design,textbook_t|fpc|lin,200,1,0.003945022001987757,1.055531592175326,0.88,0.88,0.88,,,0.0,1.0,,,,C_classical,
ACS_STATES,package,51,regcomp,A,4800.0,unit,4,1200,theta2,donor,design,textbook_t|fpc|lin|xf,200,1,0.003945022001987757,1.055531592175326,0.88,0.88,0.88,,,0.0,1.0,,,,C_classical,
ACS_STATES,package,51,regcomp,A,4800.0,unit,4,1200,theta2,donor,design,textbook_t|fpc|lin,200,1,0.0037975271139557057,1.0377012450702081,0.865,0.865,0.865,,,0.9867968112051042,0.0,,,,C_ppi,
ACS_STATES,package,51,regcomp,A,4800.0,unit,4,1200,theta2,donor,design,textbook_t|fpc|lin|xf,200,1,0.0037975271139557057,1.0377012450702081,0.865,0.865,0.865,,,0.9867968112051042,0.0,,,,C_ppi,
ACS_STATES,package,51,regcomp,A,4800.0,unit,6,800,theta3,donor,design,textbook_t|fpc|lin,200,1,0.02674174348079692,0.7523986948179484,0.905,0.905,0.905,,,0.0,1.0,,,,r4_classical,
ACS_STATES,package,51,regcomp,A,4800.0,unit,6,800,theta3,donor,design,textbook_t|fpc|lin|xf,200,1,0.02674174348079692,0.7523986948179484,0.905,0.905,0.905,,,0.0,1.0,,,,r4_classical,
ACS_STATES,package,51,regcomp,A,4800.0,unit,6,800,theta3,donor,design,textbook_t|fpc|lin,200,1,0.0010931347172017077,0.6357114281586168,0.89,0.89,0.89,,,0.9720727977025396,0.0,,,,r4_ppi,
ACS_STATES,package,51,regcomp,A,4800.0,unit,6,800,theta3,donor,design,textbook_t|fpc|lin|xf,200,1,0.0010931347172017077,0.6359189815400161,0.89,0.89,0.89,,,0.9720727977025396,0.0,,,,r4_ppi,
ACS_STATES,package,51,regcomp,A,4800.0,unit,6,800,theta3,donor,design,textbook_t|fpc|lin,200,1,0.0005546023487876865,1.1549086999208995,0.91,0.91,0.91,,,0.0,1.0,,,,P_classical,
ACS_STATES,package,51,regcomp,A,4800.0,unit,6,800,theta3,donor,design,textbook_t|fpc|lin|xf,200,1,0.0005546023487876865,1.1549086999208995,0.91,0.91,0.91,,,0.0,1.0,,,,P_classical,
ACS_STATES,package,51,regcomp,A,4800.0,unit,6,800,theta3,donor,design,textbook_t|fpc|lin,200,1,0.00024470827652343756,1.109577433131822,0.91,0.91,0.91,,,0.9812495194156896,0.0,,,,P_ppi,
ACS_STATES,package,51,regcomp,A,4800.0,unit,6,800,theta3,donor,design,textbook_t|fpc|lin|xf,200,1,0.00024470827652343756,1.1154359734873136,0.91,0.91,0.91,,,0.9812495194156896,0.0,,,,P_ppi,
ACS_STATES,package,51,regcomp,A,4800.0,unit,6,800,theta3,donor,design,textbook_t|fpc|lin,200,1,0.000568963100910115,1.1590709492068423,0.91,0.91,0.91,,,0.0,1.0,,,,C_classical,
ACS_STATES,package,51,regcomp,A,4800.0,unit,6,800,theta3,donor,design,textbook_t|fpc|lin|xf,200,1,0.000568963100910115,1.1590709492068423,0.91,0.91,0.91,,,0.0,1.0,,,,C_classical,
ACS_STATES,package,51,regcomp,A,4800.0,unit,6,800,theta3,donor,design,textbook_t|fpc|lin,200,1,0.000248077579015471,1.0900794276001526,0.905,0.905,0.905,,,0.9812980140776045,0.0,,,,C_ppi,
ACS_STATES,package,51,regcomp,A,4800.0,unit,6,800,theta3,donor,design,textbook_t|fpc|lin|xf,200,1,0.000248077579015471,1.0959258283596345,0.905,0.905,0.905,,,0.9812980140776045,0.0,,,,C_ppi,
ACS_STATES,package,51,regcomp,A,4800.0,unit,6,800,theta2,donor,design,textbook_t|fpc|lin,200,1,0.0027462478500338075,1.0008407479070862,0.905,0.905,0.905,,,0.0,1.0,,,,r4_classical,
ACS_STATES,package,51,regcomp,A,4800.0,unit,6,800,theta2,donor,design,textbook_t|fpc|lin|xf,200,1,0.0027462478500338075,1.0008407479070862,0.905,0.905,0.905,,,0.0,1.0,,,,r4_classical,
ACS_STATES,package,51,regcomp,A,4800.0,unit,6,800,theta2,donor,design,textbook_t|fpc|lin,200,1,0.0017806671037728827,0.8919563052738907,0.9,0.9,0.9,,,0.9158418019776532,0.03,,,,r4_ppi,
ACS_STATES,package,51,regcomp,A,4800.0,unit,6,800,theta2,donor,design,textbook_t|fpc|lin|xf,200,1,0.0017806671037728827,0.8949314076626093,0.9,0.9,0.9,,,0.9158418019776532,0.03,,,,r4_ppi,
ACS_STATES,package,51,regcomp,A,4800.0,unit,6,800,theta2,donor,design,textbook_t|fpc|lin,200,1,0.0027462478500338075,1.0008407479070862,0.905,0.905,0.905,,,0.0,1.0,,,,P_classical,
ACS_STATES,package,51,regcomp,A,4800.0,unit,6,800,theta2,donor,design,textbook_t|fpc|lin|xf,200,1,0.0027462478500338075,1.0008407479070862,0.905,0.905,0.905,,,0.0,1.0,,,,P_classical,
ACS_STATES,package,51,regcomp,A,4800.0,unit,6,800,theta2,donor,design,textbook_t|fpc|lin,200,1,0.0017552692180051977,0.9166742781729269,0.895,0.895,0.895,,,0.9866042298969946,0.0,,,,P_ppi,
ACS_STATES,package,51,regcomp,A,4800.0,unit,6,800,theta2,donor,design,textbook_t|fpc|lin|xf,200,1,0.0017552692180051977,0.9201045388840606,0.895,0.895,0.895,,,0.9866042298969946,0.0,,,,P_ppi,
ACS_STATES,package,51,regcomp,A,4800.0,unit,6,800,theta2,donor,design,textbook_t|fpc|lin,200,1,0.0027462478500338075,1.0008407479070862,0.905,0.905,0.905,,,0.0,1.0,,,,C_classical,
ACS_STATES,package,51,regcomp,A,4800.0,unit,6,800,theta2,donor,design,textbook_t|fpc|lin|xf,200,1,0.0027462478500338075,1.0008407479070862,0.905,0.905,0.905,,,0.0,1.0,,,,C_classical,
ACS_STATES,package,51,regcomp,A,4800.0,unit,6,800,theta2,donor,design,textbook_t|fpc|lin,200,1,0.001755491679561849,0.9164141964957129,0.895,0.895,0.895,,,0.9870392958072017,0.0,,,,C_ppi,
ACS_STATES,package,51,regcomp,A,4800.0,unit,6,800,theta2,donor,design,textbook_t|fpc|lin|xf,200,1,0.001755491679561849,0.9198405036075618,0.895,0.895,0.895,,,0.9870392958072017,0.0,,,,C_ppi,
ACS_STATES,package,51,regcomp,A,4800.0,unit,8,600,theta3,donor,design,textbook_t|fpc|lin,200,1,0.019844118723468585,0.9772318297136899,0.935,0.935,0.935,,,0.0,1.0,,,,r4_classical,
ACS_STATES,package,51,regcomp,A,4800.0,unit,8,600,theta3,donor,design,textbook_t|fpc|lin|xf,200,1,0.019844118723468585,0.9772318297136899,0.935,0.935,0.935,,,0.0,1.0,,,,r4_classical,
ACS_STATES,package,51,regcomp,A,4800.0,unit,8,600,theta3,donor,design,textbook_t|fpc|lin,200,1,0.0004125562480226267,0.9559896059761124,0.85,0.85,0.85,,,0.9792580670981736,0.0,,,,r4_ppi,
ACS_STATES,package,51,regcomp,A,4800.0,unit,8,600,theta3,donor,design,textbook_t|fpc|lin|xf,200,1,0.0004125562480226267,0.9563063570713564,0.85,0.85,0.85,,,0.9792580670981736,0.0,,,,r4_ppi,
ACS_STATES,package,51,regcomp,A,4800.0,unit,8,600,theta3,donor,design,textbook_t|fpc|lin,200,1,0.0006283644818533094,0.8488350606746434,0.875,0.875,0.875,,,0.0,1.0,,,,P_classical,
ACS_STATES,package,51,regcomp,A,4800.0,unit,8,600,theta3,donor,design,textbook_t|fpc|lin|xf,200,1,0.0006283644818533094,0.8488350606746434,0.875,0.875,0.875,,,0.0,1.0,,,,P_classical,
ACS_STATES,package,51,regcomp,A,4800.0,unit,8,600,theta3,donor,design,textbook_t|fpc|lin,200,1,0.0002595212687225428,0.858989549957216,0.89,0.89,0.89,,,0.9853644452103899,0.0,,,,P_ppi,
ACS_STATES,package,51,regcomp,A,4800.0,unit,8,600,theta3,donor,design,textbook_t|fpc|lin|xf,200,1,0.0002595212687225428,0.8633044842128818,0.9,0.9,0.9,,,0.9853644452103899,0.0,,,,P_ppi,
ACS_STATES,package,51,regcomp,A,4800.0,unit,8,600,theta3,donor,design,textbook_t|fpc|lin,200,1,0.0006219949673632398,0.8593509653680567,0.89,0.89,0.89,,,0.0,1.0,,,,C_classical,
ACS_STATES,package,51,regcomp,A,4800.0,unit,8,600,theta3,donor,design,textbook_t|fpc|lin|xf,200,1,0.0006219949673632398,0.8593509653680567,0.89,0.89,0.89,,,0.0,1.0,,,,C_classical,
ACS_STATES,package,51,regcomp,A,4800.0,unit,8,600,theta3,donor,design,textbook_t|fpc|lin,200,1,0.00025525253906798445,0.8462910831590631,0.895,0.895,0.895,,,0.9836804362465631,0.0,,,,C_ppi,
ACS_STATES,package,51,regcomp,A,4800.0,unit,8,600,theta3,donor,design,textbook_t|fpc|lin|xf,200,1,0.00025525253906798445,0.8505777500471328,0.895,0.895,0.895,,,0.9836804362465631,0.0,,,,C_ppi,
ACS_STATES,package,51,regcomp,A,4800.0,unit,8,600,theta2,donor,design,textbook_t|fpc|lin,200,1,0.0020278406873258615,0.9711574393040773,0.88,0.88,0.88,,,0.0,1.0,,,,r4_classical,
ACS_STATES,package,51,regcomp,A,4800.0,unit,8,600,theta2,donor,design,textbook_t|fpc|lin|xf,200,1,0.0020278406873258615,0.9711574393040773,0.88,0.88,0.88,,,0.0,1.0,,,,r4_classical,
ACS_STATES,package,51,regcomp,A,4800.0,unit,8,600,theta2,donor,design,textbook_t|fpc|lin,200,1,0.0010936982901057128,1.034034580386837,0.905,0.905,0.905,,,0.9994445018044518,0.0,,,,r4_ppi,
ACS_STATES,package,51,regcomp,A,4800.0,unit,8,600,theta2,donor,design,textbook_t|fpc|lin|xf,200,1,0.0010936982901057128,1.0372988214001455,0.905,0.905,0.905,,,0.9994445018044518,0.0,,,,r4_ppi,
ACS_STATES,package,51,regcomp,A,4800.0,unit,8,600,theta2,donor,design,textbook_t|fpc|lin,200,1,0.0020278406873258615,0.9711574393040773,0.88,0.88,0.88,,,0.0,1.0,,,,P_classical,
ACS_STATES,package,51,regcomp,A,4800.0,unit,8,600,theta2,donor,design,textbook_t|fpc|lin|xf,200,1,0.0020278406873258615,0.9711574393040773,0.88,0.88,0.88,,,0.0,1.0,,,,P_classical,
ACS_STATES,package,51,regcomp,A,4800.0,unit,8,600,theta2,donor,design,textbook_t|fpc|lin,200,1,0.0010793853143313212,1.0375176537442594,0.895,0.895,0.895,,,0.9890533646904077,0.0,,,,P_ppi,
ACS_STATES,package,51,regcomp,A,4800.0,unit,8,600,theta2,donor,design,textbook_t|fpc|lin|xf,200,1,0.0010793853143313212,1.041219279121719,0.895,0.895,0.895,,,0.9890533646904077,0.0,,,,P_ppi,
ACS_STATES,package,51,regcomp,A,4800.0,unit,8,600,theta2,donor,design,textbook_t|fpc|lin,200,1,0.0020278406873258615,0.9711574393040773,0.88,0.88,0.88,,,0.0,1.0,,,,C_classical,
ACS_STATES,package,51,regcomp,A,4800.0,unit,8,600,theta2,donor,design,textbook_t|fpc|lin|xf,200,1,0.0020278406873258615,0.9711574393040773,0.88,0.88,0.88,,,0.0,1.0,,,,C_classical,
ACS_STATES,package,51,regcomp,A,4800.0,unit,8,600,theta2,donor,design,textbook_t|fpc|lin,200,1,0.0010795297427355702,1.0374547135895849,0.89,0.89,0.89,,,0.9880040891636854,0.0,,,,C_ppi,
ACS_STATES,package,51,regcomp,A,4800.0,unit,8,600,theta2,donor,design,textbook_t|fpc|lin|xf,200,1,0.0010795297427355702,1.041157182485706,0.895,0.895,0.895,,,0.9880040891636854,0.0,,,,C_ppi,
ACS_STATES,package,51,regcomp,A,4800.0,unit,12,400,theta3,donor,design,textbook_t|fpc|lin,200,1,0.015436254366253732,1.3111537758441976,0.95,0.95,0.95,,,0.0,1.0,,,,r4_classical,
ACS_STATES,package,51,regcomp,A,4800.0,unit,12,400,theta3,donor,design,textbook_t|fpc|lin|xf,200,1,0.015436254366253732,1.3111537758441976,0.95,0.95,0.95,,,0.0,1.0,,,,r4_classical,
ACS_STATES,package,51,regcomp,A,4800.0,unit,12,400,theta3,donor,design,textbook_t|fpc|lin,200,1,0.00018758608281718923,1.0936401279130992,0.93,0.93,0.93,,,0.9852579931176246,0.0,,,,r4_ppi,
ACS_STATES,package,51,regcomp,A,4800.0,unit,12,400,theta3,donor,design,textbook_t|fpc|lin|xf,200,1,0.00018758608281718923,1.0937177185239189,0.93,0.93,0.93,,,0.9852579931176246,0.0,,,,r4_ppi,
ACS_STATES,package,51,regcomp,A,4800.0,unit,12,400,theta3,donor,design,textbook_t|fpc|lin,200,1,0.0004448586430760925,1.102627831201783,0.935,0.935,0.935,,,0.0,1.0,,,,P_classical,
ACS_STATES,package,51,regcomp,A,4800.0,unit,12,400,theta3,donor,design,textbook_t|fpc|lin|xf,200,1,0.0004448586430760925,1.102627831201783,0.935,0.935,0.935,,,0.0,1.0,,,,P_classical,
ACS_STATES,package,51,regcomp,A,4800.0,unit,12,400,theta3,donor,design,textbook_t|fpc|lin,200,1,0.00019101525768902618,0.9963671412639714,0.895,0.895,0.895,,,0.9849685903452254,0.0,,,,P_ppi,
ACS_STATES,package,51,regcomp,A,4800.0,unit,12,400,theta3,donor,design,textbook_t|fpc|lin|xf,200,1,0.00019101525768902618,1.0020619275152989,0.9,0.9,0.9,,,0.9849685903452254,0.0,,,,P_ppi,
ACS_STATES,package,51,regcomp,A,4800.0,unit,12,400,theta3,donor,design,textbook_t|fpc|lin,200,1,0.0004799162746258434,1.0514237536198978,0.935,0.935,0.935,,,0.0,1.0,,,,C_classical,
ACS_STATES,package,51,regcomp,A,4800.0,unit,12,400,theta3,donor,design,textbook_t|fpc|lin|xf,200,1,0.0004799162746258434,1.0514237536198978,0.935,0.935,0.935,,,0.0,1.0,,,,C_classical,
ACS_STATES,package,51,regcomp,A,4800.0,unit,12,400,theta3,donor,design,textbook_t|fpc|lin,200,1,0.000191158754316521,0.9908260310213831,0.9,0.9,0.9,,,0.9836682892070165,0.0,,,,C_ppi,
ACS_STATES,package,51,regcomp,A,4800.0,unit,12,400,theta3,donor,design,textbook_t|fpc|lin|xf,200,1,0.000191158754316521,0.9965383609239042,0.905,0.905,0.905,,,0.9836682892070165,0.0,,,,C_ppi,
ACS_STATES,package,51,regcomp,A,4800.0,unit,12,400,theta2,donor,design,textbook_t|fpc|lin,200,1,0.0011305462050335976,1.160868977554721,0.95,0.95,0.95,,,0.0,1.0,,,,r4_classical,
ACS_STATES,package,51,regcomp,A,4800.0,unit,12,400,theta2,donor,design,textbook_t|fpc|lin|xf,200,1,0.0011305462050335976,1.160868977554721,0.95,0.95,0.95,,,0.0,1.0,,,,r4_classical,
ACS_STATES,package,51,regcomp,A,4800.0,unit,12,400,theta2,donor,design,textbook_t|fpc|lin,200,1,0.0006147149169800194,1.0927763342785128,0.925,0.925,0.925,,,1.0,0.0,,,,r4_ppi,
ACS_STATES,package,51,regcomp,A,4800.0,unit,12,400,theta2,donor,design,textbook_t|fpc|lin|xf,200,1,0.0006147149169800194,1.0970061713860395,0.925,0.925,0.925,,,1.0,0.0,,,,r4_ppi,
ACS_STATES,package,51,regcomp,A,4800.0,unit,12,400,theta2,donor,design,textbook_t|fpc|lin,200,1,0.0011305462050335976,1.160868977554721,0.95,0.95,0.95,,,0.0,1.0,,,,P_classical,
ACS_STATES,package,51,regcomp,A,4800.0,unit,12,400,theta2,donor,design,textbook_t|fpc|lin|xf,200,1,0.0011305462050335976,1.160868977554721,0.95,0.95,0.95,,,0.0,1.0,,,,P_classical,
ACS_STATES,package,51,regcomp,A,4800.0,unit,12,400,theta2,donor,design,textbook_t|fpc|lin,200,1,0.0006266591818496183,1.055170990653146,0.93,0.93,0.93,,,0.9871553617865214,0.0,,,,P_ppi,
ACS_STATES,package,51,regcomp,A,4800.0,unit,12,400,theta2,donor,design,textbook_t|fpc|lin|xf,200,1,0.0006266591818496183,1.0601813313350676,0.93,0.93,0.93,,,0.9871553617865214,0.0,,,,P_ppi,
ACS_STATES,package,51,regcomp,A,4800.0,unit,12,400,theta2,donor,design,textbook_t|fpc|lin,200,1,0.0011305462050335976,1.160868977554721,0.95,0.95,0.95,,,0.0,1.0,,,,C_classical,
ACS_STATES,package,51,regcomp,A,4800.0,unit,12,400,theta2,donor,design,textbook_t|fpc|lin|xf,200,1,0.0011305462050335976,1.160868977554721,0.95,0.95,0.95,,,0.0,1.0,,,,C_classical,
ACS_STATES,package,51,regcomp,A,4800.0,unit,12,400,theta2,donor,design,textbook_t|fpc|lin,200,1,0.0006267668571575526,1.0550632219000076,0.93,0.93,0.93,,,0.986535387834532,0.0,,,,C_ppi,
ACS_STATES,package,51,regcomp,A,4800.0,unit,12,400,theta2,donor,design,textbook_t|fpc|lin|xf,200,1,0.0006267668571575526,1.0600722192836045,0.93,0.93,0.93,,,0.986535387834532,0.0,,,,C_ppi,
ACS_STATES,package,51,regcomp,B,4800.0,unit,51,prop,theta3,donor,design,regB_t,200,1,0.06324443578175712,0.8694075641814368,0.89,0.89,0.89,,,0.0,1.0,,,,r4_classical,63.0
ACS_STATES,package,51,regcomp,B,4800.0,unit,51,prop,theta3,donor,design,regB_t,200,1,0.00033498632322598337,0.994906352149613,0.9,0.9,0.9,,,1.0,0.0,,,,r4_ppi,63.0
ACS_STATES,package,51,regcomp,B,4800.0,unit,51,prop,theta3,donor,design,regB_t,200,1,0.0009392502022858387,0.9322018241923011,0.875,0.875,0.875,,,0.0,1.0,,,,P_classical,63.0
ACS_STATES,package,51,regcomp,B,4800.0,unit,51,prop,theta3,donor,design,regB_t,200,1,0.0003352708144464071,0.9947878177987984,0.895,0.895,0.895,,,1.0,0.0,,,,P_ppi,63.0
ACS_STATES,package,51,regcomp,B,4800.0,unit,51,prop,theta3,donor,design,regB_t,200,1,0.000991708823436372,0.9566960714506191,0.88,0.88,0.88,,,0.0,1.0,,,,C_classical,63.0
ACS_STATES,package,51,regcomp,B,4800.0,unit,51,prop,theta3,donor,design,regB_t,200,1,0.00034992918829373793,0.996979782881001,0.895,0.895,0.895,,,1.0,0.0,,,,C_ppi,63.0
ACS_STATES,package,51,regcomp,B,4800.0,unit,51,prop,theta2,donor,design,regB_t,200,1,0.000798209244701144,0.9528883842829134,0.885,0.885,0.885,,,0.0,1.0,,,,r4_classical,63.0
ACS_STATES,package,51,regcomp,B,4800.0,unit,51,prop,theta2,donor,design,regB_t,200,1,0.0003393883042741955,0.8680627356942557,0.87,0.87,0.87,,,1.0,0.0,,,,r4_ppi,63.0
ACS_STATES,package,51,regcomp,B,4800.0,unit,51,prop,theta2,donor,design,regB_t,200,1,0.000798209244701144,0.9528883842829134,0.885,0.885,0.885,,,0.0,1.0,,,,P_classical,63.0
ACS_STATES,package,51,regcomp,B,4800.0,unit,51,prop,theta2,donor,design,regB_t,200,1,0.0003393688422960294,0.8681017686263147,0.87,0.87,0.87,,,1.0,0.0,,,,P_ppi,63.0
ACS_STATES,package,51,regcomp,B,4800.0,unit,51,prop,theta2,donor,design,regB_t,200,1,0.000798209244701144,0.9528883842829134,0.885,0.885,0.885,,,0.0,1.0,,,,C_classical,63.0
ACS_STATES,package,51,regcomp,B,4800.0,unit,51,prop,theta2,donor,design,regB_t,200,1,0.00033938830427419746,0.8680627356942507,0.87,0.87,0.87,,,1.0,0.0,,,,C_ppi,63.0
ACS_STATES,package,51,regcomp,B,4330.0,cd_cs_10_vs_A_nL4_B4800,51,prop,theta3,donor,design,regB_t,200,1,0.06570466615515594,0.9191477662420222,0.87,0.87,0.87,,,0.0,1.0,,,,r4_classical,57.0
ACS_STATES,package,51,regcomp,B,4330.0,cd_cs_10_vs_A_nL4_B4800,51,prop,theta3,donor,design,regB_t,200,1,0.00039363916040686345,0.9362888091410936,0.9,0.9,0.9,,,1.0,0.0,,,,r4_ppi,57.0
ACS_STATES,package,51,regcomp,B,4330.0,cd_cs_10_vs_A_nL4_B4800,51,prop,theta3,donor,design,regB_t,200,1,0.00105374033370616,0.9193349374762038,0.875,0.875,0.875,,,0.0,1.0,,,,P_classical,57.0
ACS_STATES,package,51,regcomp,B,4330.0,cd_cs_10_vs_A_nL4_B4800,51,prop,theta3,donor,design,regB_t,200,1,0.000394985216332521,0.9343625569775037,0.895,0.895,0.895,,,1.0,0.0,,,,P_ppi,57.0
ACS_STATES,package,51,regcomp,B,4330.0,cd_cs_10_vs_A_nL4_B4800,51,prop,theta3,donor,design,regB_t,200,1,0.0012076503034217172,0.8788862732136518,0.865,0.865,0.865,,,0.0,1.0,,,,C_classical,57.0
ACS_STATES,package,51,regcomp,B,4330.0,cd_cs_10_vs_A_nL4_B4800,51,prop,theta3,donor,design,regB_t,200,1,0.00040832708906917136,0.9494582146958966,0.895,0.895,0.895,,,1.0,0.0,,,,C_ppi,57.0
ACS_STATES,package,51,regcomp,B,4330.0,cd_cs_10_vs_A_nL4_B4800,51,prop,theta2,donor,design,regB_t,200,1,0.0008761356337518581,0.9787685873696556,0.895,0.895,0.895,,,0.0,1.0,,,,r4_classical,57.0
ACS_STATES,package,51,regcomp,B,4330.0,cd_cs_10_vs_A_nL4_B4800,51,prop,theta2,donor,design,regB_t,200,1,0.0003511574389786233,0.9393770178776562,0.89,0.89,0.89,,,1.0,0.0,,,,r4_ppi,57.0
ACS_STATES,package,51,regcomp,B,4330.0,cd_cs_10_vs_A_nL4_B4800,51,prop,theta2,donor,design,regB_t,200,1,0.0008761356337518581,0.9787685873696556,0.895,0.895,0.895,,,0.0,1.0,,,,P_classical,57.0
ACS_STATES,package,51,regcomp,B,4330.0,cd_cs_10_vs_A_nL4_B4800,51,prop,theta2,donor,design,regB_t,200,1,0.00035096344459364394,0.9399108890635595,0.89,0.89,0.89,,,1.0,0.0,,,,P_ppi,57.0
ACS_STATES,package,51,regcomp,B,4330.0,cd_cs_10_vs_A_nL4_B4800,51,prop,theta2,donor,design,regB_t,200,1,0.0008761356337518581,0.9787685873696556,0.895,0.895,0.895,,,0.0,1.0,,,,C_classical,57.0
ACS_STATES,package,51,regcomp,B,4330.0,cd_cs_10_vs_A_nL4_B4800,51,prop,theta2,donor,design,regB_t,200,1,0.0003511574389786248,0.939377017877652,0.89,0.89,0.89,,,1.0,0.0,,,,C_ppi,57.0
ACS_STATES,package,51,regcomp,B,4350.0,cd_cs_10_vs_A_nL6_B4800,51,prop,theta3,donor,design,regB_t,200,1,0.062444249501608866,0.968465338119963,0.9,0.9,0.9,,,0.0,1.0,,,,r4_classical,57.0
ACS_STATES,package,51,regcomp,B,4350.0,cd_cs_10_vs_A_nL6_B4800,51,prop,theta3,donor,design,regB_t,200,1,0.00037269511565344167,0.9806982504359735,0.895,0.895,0.895,,,1.0,0.0,,,,r4_ppi,57.0
ACS_STATES,package,51,regcomp,B,4350.0,cd_cs_10_vs_A_nL6_B4800,51,prop,theta3,donor,design,regB_t,200,1,0.0010545062383567616,0.9197090711649251,0.9,0.9,0.9,,,0.0,1.0,,,,P_classical,57.0
ACS_STATES,package,51,regcomp,B,4350.0,cd_cs_10_vs_A_nL6_B4800,51,prop,theta3,donor,design,regB_t,200,1,0.0003746002339660176,0.9774017823964751,0.895,0.895,0.895,,,1.0,0.0,,,,P_ppi,57.0
ACS_STATES,package,51,regcomp,B,4350.0,cd_cs_10_vs_A_nL6_B4800,51,prop,theta3,donor,design,regB_t,200,1,0.0012449947363109358,0.8481802446226989,0.87,0.87,0.87,,,0.0,1.0,,,,C_classical,57.0
ACS_STATES,package,51,regcomp,B,4350.0,cd_cs_10_vs_A_nL6_B4800,51,prop,theta3,donor,design,regB_t,200,1,0.0004272681050248666,0.9005138773445807,0.89,0.89,0.89,,,1.0,0.0,,,,C_ppi,57.0
ACS_STATES,package,51,regcomp,B,4350.0,cd_cs_10_vs_A_nL6_B4800,51,prop,theta2,donor,design,regB_t,200,1,0.0009343736391270908,0.9059268731522698,0.86,0.86,0.86,,,0.0,1.0,,,,r4_classical,57.0
ACS_STATES,package,51,regcomp,B,4350.0,cd_cs_10_vs_A_nL6_B4800,51,prop,theta2,donor,design,regB_t,200,1,0.00034693305153800597,0.9566463191875558,0.88,0.88,0.88,,,1.0,0.0,,,,r4_ppi,57.0
ACS_STATES,package,51,regcomp,B,4350.0,cd_cs_10_vs_A_nL6_B4800,51,prop,theta2,donor,design,regB_t,200,1,0.0009343736391270908,0.9059268731522698,0.86,0.86,0.86,,,0.0,1.0,,,,P_classical,57.0
ACS_STATES,package,51,regcomp,B,4350.0,cd_cs_10_vs_A_nL6_B4800,51,prop,theta2,donor,design,regB_t,200,1,0.00034681981053124585,0.9569547584784379,0.88,0.88,0.88,,,1.0,0.0,,,,P_ppi,57.0
ACS_STATES,package,51,regcomp,B,4350.0,cd_cs_10_vs_A_nL6_B4800,51,prop,theta2,donor,design,regB_t,200,1,0.0009343736391270908,0.9059268731522698,0.86,0.86,0.86,,,0.0,1.0,,,,C_classical,57.0
ACS_STATES,package,51,regcomp,B,4350.0,cd_cs_10_vs_A_nL6_B4800,51,prop,theta2,donor,design,regB_t,200,1,0.0003469330515380083,0.9566463191875495,0.88,0.88,0.88,,,1.0,0.0,,,,C_ppi,57.0
ACS_STATES,package,51,regcomp,B,4370.0,cd_cs_10_vs_A_nL8_B4800,51,prop,theta3,donor,design,regB_t,200,1,0.05775547478467648,1.045039112533323,0.91,0.91,0.91,,,0.0,1.0,,,,r4_classical,58.0
ACS_STATES,package,51,regcomp,B,4370.0,cd_cs_10_vs_A_nL8_B4800,51,prop,theta3,donor,design,regB_t,200,1,0.00033180571601587074,1.105369823473439,0.925,0.925,0.925,,,1.0,0.0,,,,r4_ppi,58.0
ACS_STATES,package,51,regcomp,B,4370.0,cd_cs_10_vs_A_nL8_B4800,51,prop,theta3,donor,design,regB_t,200,1,0.0007058620702523926,1.3492426611791675,0.92,0.92,0.92,,,0.0,1.0,,,,P_classical,58.0
ACS_STATES,package,51,regcomp,B,4370.0,cd_cs_10_vs_A_nL8_B4800,51,prop,theta3,donor,design,regB_t,200,1,0.000329492235974136,1.1145526005581234,0.93,0.93,0.93,,,1.0,0.0,,,,P_ppi,58.0
ACS_STATES,package,51,regcomp,B,4370.0,cd_cs_10_vs_A_nL8_B4800,51,prop,theta3,donor,design,regB_t,200,1,0.0008166546102123686,1.2735924714917723,0.92,0.92,0.92,,,0.0,1.0,,,,C_classical,58.0
ACS_STATES,package,51,regcomp,B,4370.0,cd_cs_10_vs_A_nL8_B4800,51,prop,theta3,donor,design,regB_t,200,1,0.0003431325635370101,1.1171708965251028,0.915,0.915,0.915,,,1.0,0.0,,,,C_ppi,58.0
ACS_STATES,package,51,regcomp,B,4370.0,cd_cs_10_vs_A_nL8_B4800,51,prop,theta2,donor,design,regB_t,200,1,0.0008474541328502335,0.9972451221604433,0.905,0.905,0.905,,,0.0,1.0,,,,r4_classical,58.0
ACS_STATES,package,51,regcomp,B,4370.0,cd_cs_10_vs_A_nL8_B4800,51,prop,theta2,donor,design,regB_t,200,1,0.00035429332087886026,0.9169814546473487,0.895,0.895,0.895,,,1.0,0.0,,,,r4_ppi,58.0
ACS_STATES,package,51,regcomp,B,4370.0,cd_cs_10_vs_A_nL8_B4800,51,prop,theta2,donor,design,regB_t,200,1,0.0008474541328502335,0.9972451221604433,0.905,0.905,0.905,,,0.0,1.0,,,,P_classical,58.0
ACS_STATES,package,51,regcomp,B,4370.0,cd_cs_10_vs_A_nL8_B4800,51,prop,theta2,donor,design,regB_t,200,1,0.00035414355195260587,0.9174129158992601,0.895,0.895,0.895,,,1.0,0.0,,,,P_ppi,58.0
ACS_STATES,package,51,regcomp,B,4370.0,cd_cs_10_vs_A_nL8_B4800,51,prop,theta2,donor,design,regB_t,200,1,0.0008474541328502335,0.9972451221604433,0.905,0.905,0.905,,,0.0,1.0,,,,C_classical,58.0
ACS_STATES,package,51,regcomp,B,4370.0,cd_cs_10_vs_A_nL8_B4800,51,prop,theta2,donor,design,regB_t,200,1,0.0003542933208788607,0.9169814546473477,0.895,0.895,0.895,,,1.0,0.0,,,,C_ppi,58.0
ACS_STATES,package,51,regcomp,B,4410.0,cd_cs_10_vs_A_nL12_B4800,51,prop,theta3,donor,design,regB_t,200,1,0.058525416968960395,1.0176414271680014,0.89,0.89,0.89,,,0.0,1.0,,,,r4_classical,58.0
ACS_STATES,package,51,regcomp,B,4410.0,cd_cs_10_vs_A_nL12_B4800,51,prop,theta3,donor,design,regB_t,200,1,0.00041282446401854354,0.8818825503154819,0.9,0.9,0.9,,,1.0,0.0,,,,r4_ppi,58.0
ACS_STATES,package,51,regcomp,B,4410.0,cd_cs_10_vs_A_nL12_B4800,51,prop,theta3,donor,design,regB_t,200,1,0.0008319532534162054,1.1528908233315456,0.915,0.915,0.915,,,0.0,1.0,,,,P_classical,58.0
ACS_STATES,package,51,regcomp,B,4410.0,cd_cs_10_vs_A_nL12_B4800,51,prop,theta3,donor,design,regB_t,200,1,0.00041118881558165424,0.8868015279842553,0.89,0.89,0.89,,,1.0,0.0,,,,P_ppi,58.0
ACS_STATES,package,51,regcomp,B,4410.0,cd_cs_10_vs_A_nL12_B4800,51,prop,theta3,donor,design,regB_t,200,1,0.0009503319885968989,1.1097149670409936,0.91,0.91,0.91,,,0.0,1.0,,,,C_classical,58.0
ACS_STATES,package,51,regcomp,B,4410.0,cd_cs_10_vs_A_nL12_B4800,51,prop,theta3,donor,design,regB_t,200,1,0.00044105738265304495,0.8664713453368973,0.87,0.87,0.87,,,1.0,0.0,,,,C_ppi,58.0
ACS_STATES,package,51,regcomp,B,4410.0,cd_cs_10_vs_A_nL12_B4800,51,prop,theta2,donor,design,regB_t,200,1,0.0008250335740642408,1.0205784007544874,0.91,0.91,0.91,,,0.0,1.0,,,,r4_classical,58.0
ACS_STATES,package,51,regcomp,B,4410.0,cd_cs_10_vs_A_nL12_B4800,51,prop,theta2,donor,design,regB_t,200,1,0.0003519516554771389,0.9306736137470395,0.865,0.865,0.865,,,1.0,0.0,,,,r4_ppi,58.0
ACS_STATES,package,51,regcomp,B,4410.0,cd_cs_10_vs_A_nL12_B4800,51,prop,theta2,donor,design,regB_t,200,1,0.0008250335740642408,1.0205784007544874,0.91,0.91,0.91,,,0.0,1.0,,,,P_classical,58.0
ACS_STATES,package,51,regcomp,B,4410.0,cd_cs_10_vs_A_nL12_B4800,51,prop,theta2,donor,design,regB_t,200,1,0.00035201725978286605,0.9304966601104088,0.865,0.865,0.865,,,1.0,0.0,,,,P_ppi,58.0
ACS_STATES,package,51,regcomp,B,4410.0,cd_cs_10_vs_A_nL12_B4800,51,prop,theta2,donor,design,regB_t,200,1,0.0008250335740642408,1.0205784007544874,0.91,0.91,0.91,,,0.0,1.0,,,,C_classical,58.0
ACS_STATES,package,51,regcomp,B,4410.0,cd_cs_10_vs_A_nL12_B4800,51,prop,theta2,donor,design,regB_t,200,1,0.00035195165547713885,0.9306736137470398,0.865,0.865,0.865,,,1.0,0.0,,,,C_ppi,58.0
ACS_STATES,package,51,regcomp,B,100.0,cd_cs_100_vs_A_nL4_B4800,51,prop,theta3,donor,design,regB_t,200,1,1.466019934664868,0.21732378041622805,0.56,0.56,0.56,,,0.0,1.0,,,,r4_classical,1.0
ACS_STATES,package,51,regcomp,B,100.0,cd_cs_100_vs_A_nL4_B4800,51,prop,theta3,donor,design,regB_t,200,1,0.008497841636094482,0.21925016350576595,0.55,0.55,0.55,,,1.0,0.0,,,,r4_ppi,1.0
ACS_STATES,package,51,regcomp,B,100.0,cd_cs_100_vs_A_nL4_B4800,51,prop,theta3,donor,design,regB_t,200,1,0.023227890162548972,0.22941189147264054,0.535,0.535,0.535,,,0.0,1.0,,,,P_classical,1.0
ACS_STATES,package,51,regcomp,B,100.0,cd_cs_100_vs_A_nL4_B4800,51,prop,theta3,donor,design,regB_t,200,1,0.008158026931350863,0.2371522261557347,0.53,0.53,0.53,,,0.9946789226178163,0.0,,,,P_ppi,1.0
ACS_STATES,package,51,regcomp,B,100.0,cd_cs_100_vs_A_nL4_B4800,51,prop,theta3,donor,design,regB_t,200,1,0.007626750913301539,1.0177641654561567,0.125,0.125,0.125,,,0.0,1.0,,,,C_classical,1.0
ACS_STATES,package,51,regcomp,B,100.0,cd_cs_100_vs_A_nL4_B4800,51,prop,theta3,donor,design,regB_t,200,1,0.004849263151799235,0.6263899800172275,0.755,0.755,0.755,,,0.9735693787673765,0.0,,,,C_ppi,1.0
ACS_STATES,package,51,regcomp,B,100.0,cd_cs_100_vs_A_nL4_B4800,51,prop,theta2,donor,design,regB_t,200,1,0.01824860320836687,0.23229326209956025,0.6,0.6,0.6,,,0.0,1.0,,,,r4_classical,1.0
ACS_STATES,package,51,regcomp,B,100.0,cd_cs_100_vs_A_nL4_B4800,51,prop,theta2,donor,design,regB_t,200,1,0.008622128741602602,0.18675957050850317,0.5,0.5,0.5,,,0.9964843646832104,0.0,,,,r4_ppi,1.0
ACS_STATES,package,51,regcomp,B,100.0,cd_cs_100_vs_A_nL4_B4800,51,prop,theta2,donor,design,regB_t,200,1,0.01824860320836687,0.23229326209956025,0.6,0.6,0.6,,,0.0,1.0,,,,P_classical,1.0
ACS_STATES,package,51,regcomp,B,100.0,cd_cs_100_vs_A_nL4_B4800,51,prop,theta2,donor,design,regB_t,200,1,0.008400038569004148,0.1897039745194844,0.505,0.505,0.505,,,0.9931899569188664,0.0,,,,P_ppi,1.0
ACS_STATES,package,51,regcomp,B,100.0,cd_cs_100_vs_A_nL4_B4800,51,prop,theta2,donor,design,regB_t,200,1,0.01824860320836687,0.23229326209956025,0.6,0.6,0.6,,,0.0,1.0,,,,C_classical,1.0
ACS_STATES,package,51,regcomp,B,100.0,cd_cs_100_vs_A_nL4_B4800,51,prop,theta2,donor,design,regB_t,200,1,0.00862212874160259,0.18675957050850345,0.5,0.5,0.5,,,0.9964843646832119,0.0,,,,C_ppi,1.0
ACS_STATES,package,51,regcomp,B,300.0,cd_cs_100_vs_A_nL6_B4800,51,prop,theta3,donor,design,regB_t,200,1,0.9456698956440287,0.31200996087241106,0.6,0.6,0.6,,,0.0,1.0,,,,r4_classical,4.0
ACS_STATES,package,51,regcomp,B,300.0,cd_cs_100_vs_A_nL6_B4800,51,prop,theta3,donor,design,regB_t,200,1,0.004826735321262118,0.3336822109348624,0.655,0.655,0.655,,,1.0,0.0,,,,r4_ppi,4.0
ACS_STATES,package,51,regcomp,B,300.0,cd_cs_100_vs_A_nL6_B4800,51,prop,theta3,donor,design,regB_t,200,1,0.012859166913561544,0.35562282988972777,0.68,0.68,0.68,,,0.0,1.0,,,,P_classical,4.0
ACS_STATES,package,51,regcomp,B,300.0,cd_cs_100_vs_A_nL6_B4800,51,prop,theta3,donor,design,regB_t,200,1,0.00486763486607944,0.3390561476484533,0.665,0.665,0.665,,,1.0,0.0,,,,P_ppi,4.0
ACS_STATES,package,51,regcomp,B,300.0,cd_cs_100_vs_A_nL6_B4800,51,prop,theta3,donor,design,regB_t,200,1,0.005610046025128876,1.0849685082712692,0.455,0.455,0.455,,,0.0,1.0,,,,C_classical,4.0
ACS_STATES,package,51,regcomp,B,300.0,cd_cs_100_vs_A_nL6_B4800,51,prop,theta3,donor,design,regB_t,200,1,0.00209199627583804,1.0532959261411081,0.895,0.895,0.895,,,1.0,0.0,,,,C_ppi,4.0
ACS_STATES,package,51,regcomp,B,300.0,cd_cs_100_vs_A_nL6_B4800,51,prop,theta2,donor,design,regB_t,200,1,0.014761208377490492,0.2796575221014,0.605,0.605,0.605,,,0.0,1.0,,,,r4_classical,4.0
ACS_STATES,package,51,regcomp,B,300.0,cd_cs_100_vs_A_nL6_B4800,51,prop,theta2,donor,design,regB_t,200,1,0.004395345904346675,0.36049611452331537,0.675,0.675,0.675,,,1.0,0.0,,,,r4_ppi,4.0
ACS_STATES,package,51,regcomp,B,300.0,cd_cs_100_vs_A_nL6_B4800,51,prop,theta2,donor,design,regB_t,200,1,0.014761208377490492,0.2796575221014,0.605,0.605,0.605,,,0.0,1.0,,,,P_classical,4.0
ACS_STATES,package,51,regcomp,B,300.0,cd_cs_100_vs_A_nL6_B4800,51,prop,theta2,donor,design,regB_t,200,1,0.00442174778708745,0.3586746986401393,0.67,0.67,0.67,,,1.0,0.0,,,,P_ppi,4.0
ACS_STATES,package,51,regcomp,B,300.0,cd_cs_100_vs_A_nL6_B4800,51,prop,theta2,donor,design,regB_t,200,1,0.014761208377490492,0.2796575221014,0.605,0.605,0.605,,,0.0,1.0,,,,C_classical,4.0
ACS_STATES,package,51,regcomp,B,300.0,cd_cs_100_vs_A_nL6_B4800,51,prop,theta2,donor,design,regB_t,200,1,0.004395345904346681,0.36049611452331487,0.675,0.675,0.675,,,1.0,0.0,,,,C_ppi,4.0
ACS_STATES,package,51,regcomp,B,500.0,cd_cs_100_vs_A_nL8_B4800,51,prop,theta3,donor,design,regB_t,200,1,0.5947067770615463,0.519075483768334,0.78,0.78,0.78,,,0.0,1.0,,,,r4_classical,7.0
ACS_STATES,package,51,regcomp,B,500.0,cd_cs_100_vs_A_nL8_B4800,51,prop,theta3,donor,design,regB_t,200,1,0.0035440370923617375,0.5399263117224816,0.815,0.815,0.815,,,1.0,0.0,,,,r4_ppi,7.0
ACS_STATES,package,51,regcomp,B,500.0,cd_cs_100_vs_A_nL8_B4800,51,prop,theta3,donor,design,regB_t,200,1,0.009089964648827116,0.5846482190258288,0.74,0.74,0.74,,,0.0,1.0,,,,P_classical,7.0
ACS_STATES,package,51,regcomp,B,500.0,cd_cs_100_vs_A_nL8_B4800,51,prop,theta3,donor,design,regB_t,200,1,0.003505339662032447,0.5562477466448469,0.79,0.79,0.79,,,1.0,0.0,,,,P_ppi,7.0
ACS_STATES,package,51,regcomp,B,500.0,cd_cs_100_vs_A_nL8_B4800,51,prop,theta3,donor,design,regB_t,200,1,0.00801646876632261,0.9357335537004109,0.745,0.745,0.745,,,0.0,1.0,,,,C_classical,7.0
ACS_STATES,package,51,regcomp,B,500.0,cd_cs_100_vs_A_nL8_B4800,51,prop,theta3,donor,design,regB_t,200,1,0.0027236395126310113,1.0163966982975439,0.88,0.88,0.88,,,1.0,0.0,,,,C_ppi,7.0
ACS_STATES,package,51,regcomp,B,500.0,cd_cs_100_vs_A_nL8_B4800,51,prop,theta2,donor,design,regB_t,200,1,0.007645620133564951,0.5506815617079351,0.78,0.78,0.78,,,0.0,1.0,,,,r4_classical,7.0
ACS_STATES,package,51,regcomp,B,500.0,cd_cs_100_vs_A_nL8_B4800,51,prop,theta2,donor,design,regB_t,200,1,0.002836298247436041,0.5640608540553919,0.79,0.79,0.79,,,1.0,0.0,,,,r4_ppi,7.0
ACS_STATES,package,51,regcomp,B,500.0,cd_cs_100_vs_A_nL8_B4800,51,prop,theta2,donor,design,regB_t,200,1,0.007645620133564951,0.5506815617079351,0.78,0.78,0.78,,,0.0,1.0,,,,P_classical,7.0
ACS_STATES,package,51,regcomp,B,500.0,cd_cs_100_vs_A_nL8_B4800,51,prop,theta2,donor,design,regB_t,200,1,0.0028278867745803135,0.5658600543281884,0.795,0.795,0.795,,,1.0,0.0,,,,P_ppi,7.0
ACS_STATES,package,51,regcomp,B,500.0,cd_cs_100_vs_A_nL8_B4800,51,prop,theta2,donor,design,regB_t,200,1,0.007645620133564951,0.5506815617079351,0.78,0.78,0.78,,,0.0,1.0,,,,C_classical,7.0
ACS_STATES,package,51,regcomp,B,500.0,cd_cs_100_vs_A_nL8_B4800,51,prop,theta2,donor,design,regB_t,200,1,0.0028362982474360405,0.5640608540553921,0.79,0.79,0.79,,,1.0,0.0,,,,C_ppi,7.0
ACS_STATES,package,51,regcomp,B,900.0,cd_cs_100_vs_A_nL12_B4800,51,prop,theta3,donor,design,regB_t,200,1,0.26450151284946316,1.1230985754356844,0.905,0.905,0.905,,,0.0,1.0,,,,r4_classical,12.0
ACS_STATES,package,51,regcomp,B,900.0,cd_cs_100_vs_A_nL12_B4800,51,prop,theta3,donor,design,regB_t,200,1,0.0016047340014410975,1.0749918233276243,0.9,0.9,0.9,,,1.0,0.0,,,,r4_ppi,12.0
ACS_STATES,package,51,regcomp,B,900.0,cd_cs_100_vs_A_nL12_B4800,51,prop,theta3,donor,design,regB_t,200,1,0.00477381342281925,0.9462183569992334,0.885,0.885,0.885,,,0.0,1.0,,,,P_classical,12.0
ACS_STATES,package,51,regcomp,B,900.0,cd_cs_100_vs_A_nL12_B4800,51,prop,theta3,donor,design,regB_t,200,1,0.0016247176066573226,1.066161505708168,0.9,0.9,0.9,,,0.9997089456528379,0.0,,,,P_ppi,12.0
ACS_STATES,package,51,regcomp,B,900.0,cd_cs_100_vs_A_nL12_B4800,51,prop,theta3,donor,design,regB_t,200,1,0.007542306128989196,0.81879675317204,0.855,0.855,0.855,,,0.0,1.0,,,,C_classical,12.0
ACS_STATES,package,51,regcomp,B,900.0,cd_cs_100_vs_A_nL12_B4800,51,prop,theta3,donor,design,regB_t,200,1,0.0026504533459094483,0.892866827288503,0.83,0.83,0.83,,,1.0,0.0,,,,C_ppi,12.0
ACS_STATES,package,51,regcomp,B,900.0,cd_cs_100_vs_A_nL12_B4800,51,prop,theta2,donor,design,regB_t,200,1,0.0035454097752854285,1.1094918729945713,0.92,0.92,0.92,,,0.0,1.0,,,,r4_classical,12.0
ACS_STATES,package,51,regcomp,B,900.0,cd_cs_100_vs_A_nL12_B4800,51,prop,theta2,donor,design,regB_t,200,1,0.0015532051023246403,0.9858897360491629,0.89,0.89,0.89,,,1.0,0.0,,,,r4_ppi,12.0
ACS_STATES,package,51,regcomp,B,900.0,cd_cs_100_vs_A_nL12_B4800,51,prop,theta2,donor,design,regB_t,200,1,0.0035454097752854285,1.1094918729945713,0.92,0.92,0.92,,,0.0,1.0,,,,P_classical,12.0
ACS_STATES,package,51,regcomp,B,900.0,cd_cs_100_vs_A_nL12_B4800,51,prop,theta2,donor,design,regB_t,200,1,0.001552593709778871,0.9865655398192049,0.89,0.89,0.89,,,1.0,0.0,,,,P_ppi,12.0
ACS_STATES,package,51,regcomp,B,900.0,cd_cs_100_vs_A_nL12_B4800,51,prop,theta2,donor,design,regB_t,200,1,0.0035454097752854285,1.1094918729945713,0.92,0.92,0.92,,,0.0,1.0,,,,C_classical,12.0
ACS_STATES,package,51,regcomp,B,900.0,cd_cs_100_vs_A_nL12_B4800,51,prop,theta2,donor,design,regB_t,200,1,0.0015532051023246377,0.9858897360491645,0.89,0.89,0.89,,,1.0,0.0,,,,C_ppi,12.0
ACS_STATES,package,51,regcomp,A,9600.0,unit,4,2400,theta3,donor,design,textbook_t|fpc|lin,200,1,0.008704299320670874,0.967462773065118,0.935,0.935,0.935,,,0.0,1.0,,,,r4_classical,
ACS_STATES,package,51,regcomp,A,9600.0,unit,4,2400,theta3,donor,design,textbook_t|fpc|lin|xf,200,1,0.008704299320670874,0.967462773065118,0.935,0.935,0.935,,,0.0,1.0,,,,r4_classical,
ACS_STATES,package,51,regcomp,A,9600.0,unit,4,2400,theta3,donor,design,textbook_t|fpc|lin,200,1,0.008704299320670874,0.967462773065118,0.935,0.935,0.935,,,0.0,1.0,,,,r4_ppi,
ACS_STATES,package,51,regcomp,A,9600.0,unit,4,2400,theta3,donor,design,textbook_t|fpc|lin|xf,200,1,0.008704299320670874,0.967462773065118,0.935,0.935,0.935,,,0.0,1.0,,,,r4_ppi,
ACS_STATES,package,51,regcomp,A,9600.0,unit,4,2400,theta3,donor,design,textbook_t|fpc|lin,200,1,0.0005465065315930634,1.2043028853518754,0.93,0.93,0.93,,,0.0,1.0,,,,P_classical,
ACS_STATES,package,51,regcomp,A,9600.0,unit,4,2400,theta3,donor,design,textbook_t|fpc|lin|xf,200,1,0.0005465065315930634,1.2043028853518754,0.93,0.93,0.93,,,0.0,1.0,,,,P_classical,
ACS_STATES,package,51,regcomp,A,9600.0,unit,4,2400,theta3,donor,design,textbook_t|fpc|lin,200,1,0.0004698521172174922,1.2404950264148318,0.945,0.945,0.945,,,0.9829896895135614,0.0,,,,P_ppi,
ACS_STATES,package,51,regcomp,A,9600.0,unit,4,2400,theta3,donor,design,textbook_t|fpc|lin|xf,200,1,0.0004698521172174922,1.2404950264148318,0.945,0.945,0.945,,,0.9829896895135614,0.0,,,,P_ppi,
ACS_STATES,package,51,regcomp,A,9600.0,unit,4,2400,theta3,donor,design,textbook_t|fpc|lin,200,1,0.0005554971580624186,1.2207637263736042,0.925,0.925,0.925,,,0.0,1.0,,,,C_classical,
ACS_STATES,package,51,regcomp,A,9600.0,unit,4,2400,theta3,donor,design,textbook_t|fpc|lin|xf,200,1,0.0005554971580624186,1.2207637263736042,0.925,0.925,0.925,,,0.0,1.0,,,,C_classical,
ACS_STATES,package,51,regcomp,A,9600.0,unit,4,2400,theta3,donor,design,textbook_t|fpc|lin,200,1,0.0004690652423960706,1.2512997579021556,0.94,0.94,0.94,,,0.9828815483953887,0.0,,,,C_ppi,
ACS_STATES,package,51,regcomp,A,9600.0,unit,4,2400,theta3,donor,design,textbook_t|fpc|lin|xf,200,1,0.0004690652423960706,1.2512997579021556,0.94,0.94,0.94,,,0.9828815483953887,0.0,,,,C_ppi,
ACS_STATES,package,51,regcomp,A,9600.0,unit,4,2400,theta2,donor,design,textbook_t|fpc|lin,200,1,0.003832791967022516,0.919881745857481,0.855,0.855,0.855,,,0.0,1.0,,,,r4_classical,
ACS_STATES,package,51,regcomp,A,9600.0,unit,4,2400,theta2,donor,design,textbook_t|fpc|lin|xf,200,1,0.003832791967022516,0.919881745857481,0.855,0.855,0.855,,,0.0,1.0,,,,r4_classical,
ACS_STATES,package,51,regcomp,A,9600.0,unit,4,2400,theta2,donor,design,textbook_t|fpc|lin,200,1,0.003832791967022516,0.919881745857481,0.855,0.855,0.855,,,0.0,1.0,,,,r4_ppi,
ACS_STATES,package,51,regcomp,A,9600.0,unit,4,2400,theta2,donor,design,textbook_t|fpc|lin|xf,200,1,0.003832791967022516,0.919881745857481,0.855,0.855,0.855,,,0.0,1.0,,,,r4_ppi,
ACS_STATES,package,51,regcomp,A,9600.0,unit,4,2400,theta2,donor,design,textbook_t|fpc|lin,200,1,0.003832791967022516,0.919881745857481,0.855,0.855,0.855,,,0.0,1.0,,,,P_classical,
ACS_STATES,package,51,regcomp,A,9600.0,unit,4,2400,theta2,donor,design,textbook_t|fpc|lin|xf,200,1,0.003832791967022516,0.919881745857481,0.855,0.855,0.855,,,0.0,1.0,,,,P_classical,
ACS_STATES,package,51,regcomp,A,9600.0,unit,4,2400,theta2,donor,design,textbook_t|fpc|lin,200,1,0.003760875390605191,0.9446522343412629,0.875,0.875,0.875,,,0.9867115954924124,0.0,,,,P_ppi,
ACS_STATES,package,51,regcomp,A,9600.0,unit,4,2400,theta2,donor,design,textbook_t|fpc|lin|xf,200,1,0.003760875390605191,0.9446522343412629,0.875,0.875,0.875,,,0.9867115954924124,0.0,,,,P_ppi,
ACS_STATES,package,51,regcomp,A,9600.0,unit,4,2400,theta2,donor,design,textbook_t|fpc|lin,200,1,0.003832791967022516,0.919881745857481,0.855,0.855,0.855,,,0.0,1.0,,,,C_classical,
ACS_STATES,package,51,regcomp,A,9600.0,unit,4,2400,theta2,donor,design,textbook_t|fpc|lin|xf,200,1,0.003832791967022516,0.919881745857481,0.855,0.855,0.855,,,0.0,1.0,,,,C_classical,
ACS_STATES,package,51,regcomp,A,9600.0,unit,4,2400,theta2,donor,design,textbook_t|fpc|lin,200,1,0.003760792798336496,0.9446556458399943,0.875,0.875,0.875,,,0.9866745777965562,0.0,,,,C_ppi,
ACS_STATES,package,51,regcomp,A,9600.0,unit,4,2400,theta2,donor,design,textbook_t|fpc|lin|xf,200,1,0.003760792798336496,0.9446556458399943,0.875,0.875,0.875,,,0.9866745777965562,0.0,,,,C_ppi,
ACS_STATES,package,51,regcomp,A,9600.0,unit,6,1600,theta3,donor,design,textbook_t|fpc|lin,200,1,0.011153486230648466,0.8587260431724446,0.885,0.885,0.885,,,0.0,1.0,,,,r4_classical,
ACS_STATES,package,51,regcomp,A,9600.0,unit,6,1600,theta3,donor,design,textbook_t|fpc|lin|xf,200,1,0.011153486230648466,0.8587260431724446,0.885,0.885,0.885,,,0.0,1.0,,,,r4_classical,
ACS_STATES,package,51,regcomp,A,9600.0,unit,6,1600,theta3,donor,design,textbook_t|fpc|lin,200,1,0.0004507940625952226,0.861818069873249,0.875,0.875,0.875,,,0.9683135686865056,0.0,,,,r4_ppi,
ACS_STATES,package,51,regcomp,A,9600.0,unit,6,1600,theta3,donor,design,textbook_t|fpc|lin|xf,200,1,0.0004507940625952226,0.8623376778565134,0.875,0.875,0.875,,,0.9683135686865056,0.0,,,,r4_ppi,
ACS_STATES,package,51,regcomp,A,9600.0,unit,6,1600,theta3,donor,design,textbook_t|fpc|lin,200,1,0.0005421815704134928,0.9036974895585315,0.9,0.9,0.9,,,0.0,1.0,,,,P_classical,
ACS_STATES,package,51,regcomp,A,9600.0,unit,6,1600,theta3,donor,design,textbook_t|fpc|lin|xf,200,1,0.0005421815704134928,0.9036974895585315,0.9,0.9,0.9,,,0.0,1.0,,,,P_classical,
ACS_STATES,package,51,regcomp,A,9600.0,unit,6,1600,theta3,donor,design,textbook_t|fpc|lin,200,1,0.00020981935131105686,0.9919228754471227,0.91,0.91,0.91,,,0.9854682351258881,0.0,,,,P_ppi,
ACS_STATES,package,51,regcomp,A,9600.0,unit,6,1600,theta3,donor,design,textbook_t|fpc|lin|xf,200,1,0.00020981935131105686,0.997090348348495,0.91,0.91,0.91,,,0.9854682351258881,0.0,,,,P_ppi,
ACS_STATES,package,51,regcomp,A,9600.0,unit,6,1600,theta3,donor,design,textbook_t|fpc|lin,200,1,0.0005526469109995164,0.8948387520575473,0.9,0.9,0.9,,,0.0,1.0,,,,C_classical,
ACS_STATES,package,51,regcomp,A,9600.0,unit,6,1600,theta3,donor,design,textbook_t|fpc|lin|xf,200,1,0.0005526469109995164,0.8948387520575473,0.9,0.9,0.9,,,0.0,1.0,,,,C_classical,
ACS_STATES,package,51,regcomp,A,9600.0,unit,6,1600,theta3,donor,design,textbook_t|fpc|lin,200,1,0.0002098864356262305,0.9877085028469331,0.91,0.91,0.91,,,0.9844269259012232,0.0,,,,C_ppi,
ACS_STATES,package,51,regcomp,A,9600.0,unit,6,1600,theta3,donor,design,textbook_t|fpc|lin|xf,200,1,0.0002098864356262305,0.9929695763459024,0.91,0.91,0.91,,,0.9844269259012232,0.0,,,,C_ppi,
ACS_STATES,package,51,regcomp,A,9600.0,unit,6,1600,theta2,donor,design,textbook_t|fpc|lin,200,1,0.002661216581009925,0.9615727879412508,0.865,0.865,0.865,,,0.0,1.0,,,,r4_classical,
ACS_STATES,package,51,regcomp,A,9600.0,unit,6,1600,theta2,donor,design,textbook_t|fpc|lin|xf,200,1,0.002661216581009925,0.9615727879412508,0.865,0.865,0.865,,,0.0,1.0,,,,r4_classical,
ACS_STATES,package,51,regcomp,A,9600.0,unit,6,1600,theta2,donor,design,textbook_t|fpc|lin,200,1,0.0016103944383322394,0.9236615143054427,0.875,0.875,0.875,,,0.9261156461806261,0.03,,,,r4_ppi,
ACS_STATES,package,51,regcomp,A,9600.0,unit,6,1600,theta2,donor,design,textbook_t|fpc|lin|xf,200,1,0.0016103944383322394,0.9266986568650777,0.875,0.875,0.875,,,0.9261156461806261,0.03,,,,r4_ppi,
ACS_STATES,package,51,regcomp,A,9600.0,unit,6,1600,theta2,donor,design,textbook_t|fpc|lin,200,1,0.002661216581009925,0.9615727879412508,0.865,0.865,0.865,,,0.0,1.0,,,,P_classical,
ACS_STATES,package,51,regcomp,A,9600.0,unit,6,1600,theta2,donor,design,textbook_t|fpc|lin|xf,200,1,0.002661216581009925,0.9615727879412508,0.865,0.865,0.865,,,0.0,1.0,,,,P_classical,
ACS_STATES,package,51,regcomp,A,9600.0,unit,6,1600,theta2,donor,design,textbook_t|fpc|lin,200,1,0.0015776697405683055,0.9667722326522715,0.87,0.87,0.87,,,0.9870630548722295,0.0,,,,P_ppi,
ACS_STATES,package,51,regcomp,A,9600.0,unit,6,1600,theta2,donor,design,textbook_t|fpc|lin|xf,200,1,0.0015776697405683055,0.9704573060820826,0.875,0.875,0.875,,,0.9870630548722295,0.0,,,,P_ppi,
ACS_STATES,package,51,regcomp,A,9600.0,unit,6,1600,theta2,donor,design,textbook_t|fpc|lin,200,1,0.002661216581009925,0.9615727879412508,0.865,0.865,0.865,,,0.0,1.0,,,,C_classical,
ACS_STATES,package,51,regcomp,A,9600.0,unit,6,1600,theta2,donor,design,textbook_t|fpc|lin|xf,200,1,0.002661216581009925,0.9615727879412508,0.865,0.865,0.865,,,0.0,1.0,,,,C_classical,
ACS_STATES,package,51,regcomp,A,9600.0,unit,6,1600,theta2,donor,design,textbook_t|fpc|lin,200,1,0.0015776890079916607,0.9668253178696016,0.87,0.87,0.87,,,0.9866804817274677,0.0,,,,C_ppi,
ACS_STATES,package,51,regcomp,A,9600.0,unit,6,1600,theta2,donor,design,textbook_t|fpc|lin|xf,200,1,0.0015776890079916607,0.9705110564618209,0.875,0.875,0.875,,,0.9866804817274677,0.0,,,,C_ppi,
ACS_STATES,package,51,regcomp,A,9600.0,unit,8,1200,theta3,donor,design,textbook_t|fpc|lin,200,1,0.00837923897384837,1.1992215927193735,0.935,0.935,0.935,,,0.0,1.0,,,,r4_classical,
ACS_STATES,package,51,regcomp,A,9600.0,unit,8,1200,theta3,donor,design,textbook_t|fpc|lin|xf,200,1,0.00837923897384837,1.1992215927193735,0.935,0.935,0.935,,,0.0,1.0,,,,r4_classical,
ACS_STATES,package,51,regcomp,A,9600.0,unit,8,1200,theta3,donor,design,textbook_t|fpc|lin,200,1,0.00014961509718100548,1.0585257745211414,0.94,0.94,0.94,,,0.9844052229468389,0.0,,,,r4_ppi,
ACS_STATES,package,51,regcomp,A,9600.0,unit,8,1200,theta3,donor,design,textbook_t|fpc|lin|xf,200,1,0.00014961509718100548,1.0587548837707712,0.94,0.94,0.94,,,0.9844052229468389,0.0,,,,r4_ppi,
ACS_STATES,package,51,regcomp,A,9600.0,unit,8,1200,theta3,donor,design,textbook_t|fpc|lin,200,1,0.0003600997864130526,1.0557403080501453,0.89,0.89,0.89,,,0.0,1.0,,,,P_classical,
ACS_STATES,package,51,regcomp,A,9600.0,unit,8,1200,theta3,donor,design,textbook_t|fpc|lin|xf,200,1,0.0003600997864130526,1.0557403080501453,0.89,0.89,0.89,,,0.0,1.0,,,,P_classical,
ACS_STATES,package,51,regcomp,A,9600.0,unit,8,1200,theta3,donor,design,textbook_t|fpc|lin,200,1,0.00015798580356806877,0.9480637623081128,0.9,0.9,0.9,,,0.986665402692533,0.0,,,,P_ppi,
ACS_STATES,package,51,regcomp,A,9600.0,unit,8,1200,theta3,donor,design,textbook_t|fpc|lin|xf,200,1,0.00015798580356806877,0.9528051702846525,0.9,0.9,0.9,,,0.986665402692533,0.0,,,,P_ppi,
ACS_STATES,package,51,regcomp,A,9600.0,unit,8,1200,theta3,donor,design,textbook_t|fpc|lin,200,1,0.00035509482284791147,1.084482632961229,0.925,0.925,0.925,,,0.0,1.0,,,,C_classical,
ACS_STATES,package,51,regcomp,A,9600.0,unit,8,1200,theta3,donor,design,textbook_t|fpc|lin|xf,200,1,0.00035509482284791147,1.084482632961229,0.925,0.925,0.925,,,0.0,1.0,,,,C_classical,
ACS_STATES,package,51,regcomp,A,9600.0,unit,8,1200,theta3,donor,design,textbook_t|fpc|lin,200,1,0.0001550552749691295,0.9596473748454795,0.905,0.905,0.905,,,0.9855503555941049,0.0,,,,C_ppi,
ACS_STATES,package,51,regcomp,A,9600.0,unit,8,1200,theta3,donor,design,textbook_t|fpc|lin|xf,200,1,0.0001550552749691295,0.9644975363697573,0.91,0.91,0.91,,,0.9855503555941049,0.0,,,,C_ppi,
ACS_STATES,package,51,regcomp,A,9600.0,unit,8,1200,theta2,donor,design,textbook_t|fpc|lin,200,1,0.0017315680841162027,1.0006877961921994,0.87,0.87,0.87,,,0.0,1.0,,,,r4_classical,
ACS_STATES,package,51,regcomp,A,9600.0,unit,8,1200,theta2,donor,design,textbook_t|fpc|lin|xf,200,1,0.0017315680841162027,1.0006877961921994,0.87,0.87,0.87,,,0.0,1.0,,,,r4_classical,
ACS_STATES,package,51,regcomp,A,9600.0,unit,8,1200,theta2,donor,design,textbook_t|fpc|lin,200,1,0.001080332214002837,0.9408911692528077,0.9,0.9,0.9,,,0.9402933941545313,0.015,,,,r4_ppi,
ACS_STATES,package,51,regcomp,A,9600.0,unit,8,1200,theta2,donor,design,textbook_t|fpc|lin|xf,200,1,0.001080332214002837,0.9445169884236094,0.9,0.9,0.9,,,0.9402933941545313,0.015,,,,r4_ppi,
ACS_STATES,package,51,regcomp,A,9600.0,unit,8,1200,theta2,donor,design,textbook_t|fpc|lin,200,1,0.0017315680841162027,1.0006877961921994,0.87,0.87,0.87,,,0.0,1.0,,,,P_classical,
ACS_STATES,package,51,regcomp,A,9600.0,unit,8,1200,theta2,donor,design,textbook_t|fpc|lin|xf,200,1,0.0017315680841162027,1.0006877961921994,0.87,0.87,0.87,,,0.0,1.0,,,,P_classical,
ACS_STATES,package,51,regcomp,A,9600.0,unit,8,1200,theta2,donor,design,textbook_t|fpc|lin,200,1,0.0010440015545745646,0.9676335814581348,0.89,0.89,0.89,,,0.9897416153761235,0.0,,,,P_ppi,
ACS_STATES,package,51,regcomp,A,9600.0,unit,8,1200,theta2,donor,design,textbook_t|fpc|lin|xf,200,1,0.0010440015545745646,0.9714847562389728,0.89,0.89,0.89,,,0.9897416153761235,0.0,,,,P_ppi,
ACS_STATES,package,51,regcomp,A,9600.0,unit,8,1200,theta2,donor,design,textbook_t|fpc|lin,200,1,0.0017315680841162027,1.0006877961921994,0.87,0.87,0.87,,,0.0,1.0,,,,C_classical,
ACS_STATES,package,51,regcomp,A,9600.0,unit,8,1200,theta2,donor,design,textbook_t|fpc|lin|xf,200,1,0.0017315680841162027,1.0006877961921994,0.87,0.87,0.87,,,0.0,1.0,,,,C_classical,
ACS_STATES,package,51,regcomp,A,9600.0,unit,8,1200,theta2,donor,design,textbook_t|fpc|lin,200,1,0.001043934655045018,0.9676435414783392,0.89,0.89,0.89,,,0.9895164106346961,0.0,,,,C_ppi,
ACS_STATES,package,51,regcomp,A,9600.0,unit,8,1200,theta2,donor,design,textbook_t|fpc|lin|xf,200,1,0.001043934655045018,0.9714941043435347,0.895,0.895,0.895,,,0.9895164106346961,0.0,,,,C_ppi,
ACS_STATES,package,51,regcomp,A,9600.0,unit,12,800,theta3,donor,design,textbook_t|fpc|lin,200,1,0.01108120644660652,0.8914567694422092,0.9,0.9,0.9,,,0.0,1.0,,,,r4_classical,
ACS_STATES,package,51,regcomp,A,9600.0,unit,12,800,theta3,donor,design,textbook_t|fpc|lin|xf,200,1,0.01108120644660652,0.8914567694422092,0.9,0.9,0.9,,,0.0,1.0,,,,r4_classical,
ACS_STATES,package,51,regcomp,A,9600.0,unit,12,800,theta3,donor,design,textbook_t|fpc|lin,200,1,0.00010665596490996229,1.1549081488692257,0.905,0.905,0.905,,,0.9864654690798762,0.0,,,,r4_ppi,
ACS_STATES,package,51,regcomp,A,9600.0,unit,12,800,theta3,donor,design,textbook_t|fpc|lin|xf,200,1,0.00010665596490996229,1.155136952075419,0.905,0.905,0.905,,,0.9864654690798762,0.0,,,,r4_ppi,
ACS_STATES,package,51,regcomp,A,9600.0,unit,12,800,theta3,donor,design,textbook_t|fpc|lin,200,1,0.0002468130059062942,1.2085508793558821,0.89,0.89,0.89,,,0.0,1.0,,,,P_classical,
ACS_STATES,package,51,regcomp,A,9600.0,unit,12,800,theta3,donor,design,textbook_t|fpc|lin|xf,200,1,0.0002468130059062942,1.2085508793558821,0.89,0.89,0.89,,,0.0,1.0,,,,P_classical,
ACS_STATES,package,51,regcomp,A,9600.0,unit,12,800,theta3,donor,design,textbook_t|fpc|lin,200,1,9.40478568045141e-05,1.2201954687294785,0.915,0.915,0.915,,,0.9888835082114695,0.0,,,,P_ppi,
ACS_STATES,package,51,regcomp,A,9600.0,unit,12,800,theta3,donor,design,textbook_t|fpc|lin|xf,200,1,9.40478568045141e-05,1.228603903104414,0.915,0.915,0.915,,,0.9888835082114695,0.0,,,,P_ppi,
ACS_STATES,package,51,regcomp,A,9600.0,unit,12,800,theta3,donor,design,textbook_t|fpc|lin,200,1,0.00025482619770911263,1.1976169992996821,0.905,0.905,0.905,,,0.0,1.0,,,,C_classical,
ACS_STATES,package,51,regcomp,A,9600.0,unit,12,800,theta3,donor,design,textbook_t|fpc|lin|xf,200,1,0.00025482619770911263,1.1976169992996821,0.905,0.905,0.905,,,0.0,1.0,,,,C_classical,
ACS_STATES,package,51,regcomp,A,9600.0,unit,12,800,theta3,donor,design,textbook_t|fpc|lin,200,1,9.134896532294786e-05,1.2490245889789813,0.92,0.92,0.92,,,0.9881808968014554,0.0,,,,C_ppi,
ACS_STATES,package,51,regcomp,A,9600.0,unit,12,800,theta3,donor,design,textbook_t|fpc|lin|xf,200,1,9.134896532294786e-05,1.257626249708851,0.92,0.92,0.92,,,0.9881808968014554,0.0,,,,C_ppi,
ACS_STATES,package,51,regcomp,A,9600.0,unit,12,800,theta2,donor,design,textbook_t|fpc|lin,200,1,0.0011694049487267224,0.9992220456244779,0.895,0.895,0.895,,,0.0,1.0,,,,r4_classical,
ACS_STATES,package,51,regcomp,A,9600.0,unit,12,800,theta2,donor,design,textbook_t|fpc|lin|xf,200,1,0.0011694049487267224,0.9992220456244779,0.895,0.895,0.895,,,0.0,1.0,,,,r4_classical,
ACS_STATES,package,51,regcomp,A,9600.0,unit,12,800,theta2,donor,design,textbook_t|fpc|lin,200,1,0.0005708952355081702,1.0778818600663909,0.915,0.915,0.915,,,1.0,0.0,,,,r4_ppi,
ACS_STATES,package,51,regcomp,A,9600.0,unit,12,800,theta2,donor,design,textbook_t|fpc|lin|xf,200,1,0.0005708952355081702,1.0828723986062114,0.915,0.915,0.915,,,1.0,0.0,,,,r4_ppi,
ACS_STATES,package,51,regcomp,A,9600.0,unit,12,800,theta2,donor,design,textbook_t|fpc|lin,200,1,0.0011694049487267224,0.9992220456244779,0.895,0.895,0.895,,,0.0,1.0,,,,P_classical,
ACS_STATES,package,51,regcomp,A,9600.0,unit,12,800,theta2,donor,design,textbook_t|fpc|lin|xf,200,1,0.0011694049487267224,0.9992220456244779,0.895,0.895,0.895,,,0.0,1.0,,,,P_classical,
ACS_STATES,package,51,regcomp,A,9600.0,unit,12,800,theta2,donor,design,textbook_t|fpc|lin,200,1,0.0005629202839480058,1.0764721728630124,0.915,0.915,0.915,,,0.9911840375984421,0.0,,,,P_ppi,
ACS_STATES,package,51,regcomp,A,9600.0,unit,12,800,theta2,donor,design,textbook_t|fpc|lin|xf,200,1,0.0005629202839480058,1.08111088059906,0.915,0.915,0.915,,,0.9911840375984421,0.0,,,,P_ppi,
ACS_STATES,package,51,regcomp,A,9600.0,unit,12,800,theta2,donor,design,textbook_t|fpc|lin,200,1,0.0011694049487267224,0.9992220456244779,0.895,0.895,0.895,,,0.0,1.0,,,,C_classical,
ACS_STATES,package,51,regcomp,A,9600.0,unit,12,800,theta2,donor,design,textbook_t|fpc|lin|xf,200,1,0.0011694049487267224,0.9992220456244779,0.895,0.895,0.895,,,0.0,1.0,,,,C_classical,
ACS_STATES,package,51,regcomp,A,9600.0,unit,12,800,theta2,donor,design,textbook_t|fpc|lin,200,1,0.0005629605135980629,1.0763855144297505,0.915,0.915,0.915,,,0.9906725517633495,0.0,,,,C_ppi,
ACS_STATES,package,51,regcomp,A,9600.0,unit,12,800,theta2,donor,design,textbook_t|fpc|lin|xf,200,1,0.0005629605135980629,1.081024041418408,0.915,0.915,0.915,,,0.9906725517633495,0.0,,,,C_ppi,
ACS_STATES,package,51,regcomp,B,9600.0,unit,51,prop,theta3,donor,design,regB_t,200,1,0.024349000090518193,1.1115369559556274,0.91,0.91,0.91,,,0.0,1.0,,,,r4_classical,127.0
ACS_STATES,package,51,regcomp,B,9600.0,unit,51,prop,theta3,donor,design,regB_t,200,1,0.00017453721653158392,0.9449434244774713,0.88,0.88,0.88,,,1.0,0.0,,,,r4_ppi,127.0
ACS_STATES,package,51,regcomp,B,9600.0,unit,51,prop,theta3,donor,design,regB_t,200,1,0.0004786556709850221,0.9110124098988535,0.88,0.88,0.88,,,0.0,1.0,,,,P_classical,127.0
ACS_STATES,package,51,regcomp,B,9600.0,unit,51,prop,theta3,donor,design,regB_t,200,1,0.00017509857558274702,0.9429271716294788,0.88,0.88,0.88,,,1.0,0.0,,,,P_ppi,127.0
ACS_STATES,package,51,regcomp,B,9600.0,unit,51,prop,theta3,donor,design,regB_t,200,1,0.0005008293530714938,0.9230082225447168,0.895,0.895,0.895,,,0.0,1.0,,,,C_classical,127.0
ACS_STATES,package,51,regcomp,B,9600.0,unit,51,prop,theta3,donor,design,regB_t,200,1,0.00018685034057711627,0.8939483831705568,0.885,0.885,0.885,,,1.0,0.0,,,,C_ppi,127.0
ACS_STATES,package,51,regcomp,B,9600.0,unit,51,prop,theta2,donor,design,regB_t,200,1,0.0003772423811918837,1.0092337148526545,0.91,0.91,0.91,,,0.0,1.0,,,,r4_classical,127.0
ACS_STATES,package,51,regcomp,B,9600.0,unit,51,prop,theta2,donor,design,regB_t,200,1,0.0001382380378124348,1.0742064552533528,0.89,0.89,0.89,,,1.0,0.0,,,,r4_ppi,127.0
ACS_STATES,package,51,regcomp,B,9600.0,unit,51,prop,theta2,donor,design,regB_t,200,1,0.0003772423811918837,1.0092337148526545,0.91,0.91,0.91,,,0.0,1.0,,,,P_classical,127.0
ACS_STATES,package,51,regcomp,B,9600.0,unit,51,prop,theta2,donor,design,regB_t,200,1,0.00013826331319323829,1.0740102254120625,0.89,0.89,0.89,,,1.0,0.0,,,,P_ppi,127.0
ACS_STATES,package,51,regcomp,B,9600.0,unit,51,prop,theta2,donor,design,regB_t,200,1,0.0003772423811918837,1.0092337148526545,0.91,0.91,0.91,,,0.0,1.0,,,,C_classical,127.0
ACS_STATES,package,51,regcomp,B,9600.0,unit,51,prop,theta2,donor,design,regB_t,200,1,0.00013823803781243336,1.074206455253364,0.89,0.89,0.89,,,1.0,0.0,,,,C_ppi,127.0
ACS_STATES,package,51,regcomp,B,9130.0,cd_cs_10_vs_A_nL4_B9600,51,prop,theta3,donor,design,regB_t,200,1,0.032575035364654094,0.8763323568215861,0.89,0.89,0.89,,,0.0,1.0,,,,r4_classical,121.0
ACS_STATES,package,51,regcomp,B,9130.0,cd_cs_10_vs_A_nL4_B9600,51,prop,theta3,donor,design,regB_t,200,1,0.00019858269576097077,0.8714813607001536,0.885,0.885,0.885,,,1.0,0.0,,,,r4_ppi,121.0
ACS_STATES,package,51,regcomp,B,9130.0,cd_cs_10_vs_A_nL4_B9600,51,prop,theta3,donor,design,regB_t,200,1,0.0004448909811863086,1.02144942245551,0.88,0.88,0.88,,,0.0,1.0,,,,P_classical,121.0
ACS_STATES,package,51,regcomp,B,9130.0,cd_cs_10_vs_A_nL4_B9600,51,prop,theta3,donor,design,regB_t,200,1,0.0001970604502307444,0.8793887198242308,0.89,0.89,0.89,,,1.0,0.0,,,,P_ppi,121.0
ACS_STATES,package,51,regcomp,B,9130.0,cd_cs_10_vs_A_nL4_B9600,51,prop,theta3,donor,design,regB_t,200,1,0.00046599538863707746,1.0376397533526533,0.885,0.885,0.885,,,0.0,1.0,,,,C_classical,121.0
ACS_STATES,package,51,regcomp,B,9130.0,cd_cs_10_vs_A_nL4_B9600,51,prop,theta3,donor,design,regB_t,200,1,0.00020175513962917307,0.8718241629722446,0.87,0.87,0.87,,,1.0,0.0,,,,C_ppi,121.0
ACS_STATES,package,51,regcomp,B,9130.0,cd_cs_10_vs_A_nL4_B9600,51,prop,theta2,donor,design,regB_t,200,1,0.0003668779307623153,1.0936650564622423,0.92,0.92,0.92,,,0.0,1.0,,,,r4_classical,121.0
ACS_STATES,package,51,regcomp,B,9130.0,cd_cs_10_vs_A_nL4_B9600,51,prop,theta2,donor,design,regB_t,200,1,0.00013978400852006543,1.1309063444512408,0.905,0.905,0.905,,,1.0,0.0,,,,r4_ppi,121.0
ACS_STATES,package,51,regcomp,B,9130.0,cd_cs_10_vs_A_nL4_B9600,51,prop,theta2,donor,design,regB_t,200,1,0.0003668779307623153,1.0936650564622423,0.92,0.92,0.92,,,0.0,1.0,,,,P_classical,121.0
ACS_STATES,package,51,regcomp,B,9130.0,cd_cs_10_vs_A_nL4_B9600,51,prop,theta2,donor,design,regB_t,200,1,0.0001398064878770441,1.130736584951226,0.905,0.905,0.905,,,1.0,0.0,,,,P_ppi,121.0
ACS_STATES,package,51,regcomp,B,9130.0,cd_cs_10_vs_A_nL4_B9600,51,prop,theta2,donor,design,regB_t,200,1,0.0003668779307623153,1.0936650564622423,0.92,0.92,0.92,,,0.0,1.0,,,,C_classical,121.0
ACS_STATES,package,51,regcomp,B,9130.0,cd_cs_10_vs_A_nL4_B9600,51,prop,theta2,donor,design,regB_t,200,1,0.00013978400852006627,1.1309063444512333,0.905,0.905,0.905,,,1.0,0.0,,,,C_ppi,121.0
ACS_STATES,package,51,regcomp,B,9150.0,cd_cs_10_vs_A_nL6_B9600,51,prop,theta3,donor,design,regB_t,200,1,0.029660020041427305,0.9623606598711967,0.905,0.905,0.905,,,0.0,1.0,,,,r4_classical,121.0
ACS_STATES,package,51,regcomp,B,9150.0,cd_cs_10_vs_A_nL6_B9600,51,prop,theta3,donor,design,regB_t,200,1,0.00018493191584413094,0.9416858735383012,0.865,0.865,0.865,,,1.0,0.0,,,,r4_ppi,121.0
ACS_STATES,package,51,regcomp,B,9150.0,cd_cs_10_vs_A_nL6_B9600,51,prop,theta3,donor,design,regB_t,200,1,0.00041544542045859846,1.0967664503818735,0.905,0.905,0.905,,,0.0,1.0,,,,P_classical,121.0
ACS_STATES,package,51,regcomp,B,9150.0,cd_cs_10_vs_A_nL6_B9600,51,prop,theta3,donor,design,regB_t,200,1,0.00018523005927910928,0.940819940940594,0.865,0.865,0.865,,,1.0,0.0,,,,P_ppi,121.0
ACS_STATES,package,51,regcomp,B,9150.0,cd_cs_10_vs_A_nL6_B9600,51,prop,theta3,donor,design,regB_t,200,1,0.00044238038426405415,1.0954905028988968,0.925,0.925,0.925,,,0.0,1.0,,,,C_classical,121.0
ACS_STATES,package,51,regcomp,B,9150.0,cd_cs_10_vs_A_nL6_B9600,51,prop,theta3,donor,design,regB_t,200,1,0.00019360624455062677,0.912803112211897,0.87,0.87,0.87,,,1.0,0.0,,,,C_ppi,121.0
ACS_STATES,package,51,regcomp,B,9150.0,cd_cs_10_vs_A_nL6_B9600,51,prop,theta2,donor,design,regB_t,200,1,0.0003629054872954828,1.1034275575935446,0.915,0.915,0.915,,,0.0,1.0,,,,r4_classical,121.0
ACS_STATES,package,51,regcomp,B,9150.0,cd_cs_10_vs_A_nL6_B9600,51,prop,theta2,donor,design,regB_t,200,1,0.0001397749680297554,1.1109050442460182,0.92,0.92,0.92,,,1.0,0.0,,,,r4_ppi,121.0
ACS_STATES,package,51,regcomp,B,9150.0,cd_cs_10_vs_A_nL6_B9600,51,prop,theta2,donor,design,regB_t,200,1,0.0003629054872954828,1.1034275575935446,0.915,0.915,0.915,,,0.0,1.0,,,,P_classical,121.0
ACS_STATES,package,51,regcomp,B,9150.0,cd_cs_10_vs_A_nL6_B9600,51,prop,theta2,donor,design,regB_t,200,1,0.0001398121114889929,1.1106320078619571,0.92,0.92,0.92,,,1.0,0.0,,,,P_ppi,121.0
ACS_STATES,package,51,regcomp,B,9150.0,cd_cs_10_vs_A_nL6_B9600,51,prop,theta2,donor,design,regB_t,200,1,0.0003629054872954828,1.1034275575935446,0.915,0.915,0.915,,,0.0,1.0,,,,C_classical,121.0
ACS_STATES,package,51,regcomp,B,9150.0,cd_cs_10_vs_A_nL6_B9600,51,prop,theta2,donor,design,regB_t,200,1,0.0001397749680297553,1.1109050442460189,0.92,0.92,0.92,,,1.0,0.0,,,,C_ppi,121.0
ACS_STATES,package,51,regcomp,B,9170.0,cd_cs_10_vs_A_nL8_B9600,51,prop,theta3,donor,design,regB_t,200,1,0.029619812723693816,0.9627786993424793,0.885,0.885,0.885,,,0.0,1.0,,,,r4_classical,121.0
ACS_STATES,package,51,regcomp,B,9170.0,cd_cs_10_vs_A_nL8_B9600,51,prop,theta3,donor,design,regB_t,200,1,0.00014655817793211175,1.1775932238181006,0.915,0.915,0.915,,,1.0,0.0,,,,r4_ppi,121.0
ACS_STATES,package,51,regcomp,B,9170.0,cd_cs_10_vs_A_nL8_B9600,51,prop,theta3,donor,design,regB_t,200,1,0.00042695903454626925,1.06975637443015,0.905,0.905,0.905,,,0.0,1.0,,,,P_classical,121.0
ACS_STATES,package,51,regcomp,B,9170.0,cd_cs_10_vs_A_nL8_B9600,51,prop,theta3,donor,design,regB_t,200,1,0.00014614235662213388,1.1826097945919327,0.915,0.915,0.915,,,1.0,0.0,,,,P_ppi,121.0
ACS_STATES,package,51,regcomp,B,9170.0,cd_cs_10_vs_A_nL8_B9600,51,prop,theta3,donor,design,regB_t,200,1,0.0004525599770240558,1.0701352737997722,0.915,0.915,0.915,,,0.0,1.0,,,,C_classical,121.0
ACS_STATES,package,51,regcomp,B,9170.0,cd_cs_10_vs_A_nL8_B9600,51,prop,theta3,donor,design,regB_t,200,1,0.0001448617614387352,1.208987394328573,0.92,0.92,0.92,,,1.0,0.0,,,,C_ppi,121.0
ACS_STATES,package,51,regcomp,B,9170.0,cd_cs_10_vs_A_nL8_B9600,51,prop,theta2,donor,design,regB_t,200,1,0.00036090129677988507,1.1084393292443384,0.915,0.915,0.915,,,0.0,1.0,,,,r4_classical,121.0
ACS_STATES,package,51,regcomp,B,9170.0,cd_cs_10_vs_A_nL8_B9600,51,prop,theta2,donor,design,regB_t,200,1,0.00015982692105329376,0.9685373225833288,0.9,0.9,0.9,,,1.0,0.0,,,,r4_ppi,121.0
ACS_STATES,package,51,regcomp,B,9170.0,cd_cs_10_vs_A_nL8_B9600,51,prop,theta2,donor,design,regB_t,200,1,0.00036090129677988507,1.1084393292443384,0.915,0.915,0.915,,,0.0,1.0,,,,P_classical,121.0
ACS_STATES,package,51,regcomp,B,9170.0,cd_cs_10_vs_A_nL8_B9600,51,prop,theta2,donor,design,regB_t,200,1,0.00015981309098031738,0.9686258927085422,0.9,0.9,0.9,,,1.0,0.0,,,,P_ppi,121.0
ACS_STATES,package,51,regcomp,B,9170.0,cd_cs_10_vs_A_nL8_B9600,51,prop,theta2,donor,design,regB_t,200,1,0.00036090129677988507,1.1084393292443384,0.915,0.915,0.915,,,0.0,1.0,,,,C_classical,121.0
ACS_STATES,package,51,regcomp,B,9170.0,cd_cs_10_vs_A_nL8_B9600,51,prop,theta2,donor,design,regB_t,200,1,0.00015982692105329454,0.968537322583324,0.9,0.9,0.9,,,1.0,0.0,,,,C_ppi,121.0
ACS_STATES,package,51,regcomp,B,9210.0,cd_cs_10_vs_A_nL12_B9600,51,prop,theta3,donor,design,regB_t,200,1,0.027254670978892104,1.036418263611616,0.92,0.92,0.92,,,0.0,1.0,,,,r4_classical,122.0
ACS_STATES,package,51,regcomp,B,9210.0,cd_cs_10_vs_A_nL12_B9600,51,prop,theta3,donor,design,regB_t,200,1,0.00016361895991042584,1.0516705869901413,0.91,0.91,0.91,,,1.0,0.0,,,,r4_ppi,122.0
ACS_STATES,package,51,regcomp,B,9210.0,cd_cs_10_vs_A_nL12_B9600,51,prop,theta3,donor,design,regB_t,200,1,0.00049516390173223,0.9173924268495645,0.875,0.875,0.875,,,0.0,1.0,,,,P_classical,122.0
ACS_STATES,package,51,regcomp,B,9210.0,cd_cs_10_vs_A_nL12_B9600,51,prop,theta3,donor,design,regB_t,200,1,0.00016416021129942346,1.0497610057680629,0.91,0.91,0.91,,,1.0,0.0,,,,P_ppi,122.0
ACS_STATES,package,51,regcomp,B,9210.0,cd_cs_10_vs_A_nL12_B9600,51,prop,theta3,donor,design,regB_t,200,1,0.0005378902801364237,0.902340979966697,0.885,0.885,0.885,,,0.0,1.0,,,,C_classical,122.0
ACS_STATES,package,51,regcomp,B,9210.0,cd_cs_10_vs_A_nL12_B9600,51,prop,theta3,donor,design,regB_t,200,1,0.00016379377925783116,1.0688848871797274,0.9,0.9,0.9,,,1.0,0.0,,,,C_ppi,122.0
ACS_STATES,package,51,regcomp,B,9210.0,cd_cs_10_vs_A_nL12_B9600,51,prop,theta2,donor,design,regB_t,200,1,0.0003752380292247659,1.0529409917578711,0.9,0.9,0.9,,,0.0,1.0,,,,r4_classical,122.0
ACS_STATES,package,51,regcomp,B,9210.0,cd_cs_10_vs_A_nL12_B9600,51,prop,theta2,donor,design,regB_t,200,1,0.00019013611053452707,0.8091453538674411,0.85,0.85,0.85,,,1.0,0.0,,,,r4_ppi,122.0
ACS_STATES,package,51,regcomp,B,9210.0,cd_cs_10_vs_A_nL12_B9600,51,prop,theta2,donor,design,regB_t,200,1,0.0003752380292247659,1.0529409917578711,0.9,0.9,0.9,,,0.0,1.0,,,,P_classical,122.0
ACS_STATES,package,51,regcomp,B,9210.0,cd_cs_10_vs_A_nL12_B9600,51,prop,theta2,donor,design,regB_t,200,1,0.00019023946479130598,0.808717987871893,0.85,0.85,0.85,,,1.0,0.0,,,,P_ppi,122.0
ACS_STATES,package,51,regcomp,B,9210.0,cd_cs_10_vs_A_nL12_B9600,51,prop,theta2,donor,design,regB_t,200,1,0.0003752380292247659,1.0529409917578711,0.9,0.9,0.9,,,0.0,1.0,,,,C_classical,122.0
ACS_STATES,package,51,regcomp,B,9210.0,cd_cs_10_vs_A_nL12_B9600,51,prop,theta2,donor,design,regB_t,200,1,0.00019013611053452704,0.8091453538674415,0.85,0.85,0.85,,,1.0,0.0,,,,C_ppi,122.0
ACS_STATES,package,51,regcomp,B,4900.0,cd_cs_100_vs_A_nL4_B9600,51,prop,theta3,donor,design,regB_t,200,1,0.055679389115326924,0.9638320258930221,0.895,0.895,0.895,,,0.0,1.0,,,,r4_classical,65.0
ACS_STATES,package,51,regcomp,B,4900.0,cd_cs_100_vs_A_nL4_B9600,51,prop,theta3,donor,design,regB_t,200,1,0.00029537334128933943,1.1127549278315092,0.935,0.935,0.935,,,1.0,0.0,,,,r4_ppi,65.0
ACS_STATES,package,51,regcomp,B,4900.0,cd_cs_100_vs_A_nL4_B9600,51,prop,theta3,donor,design,regB_t,200,1,0.0008088088138579607,1.0433908524898996,0.905,0.905,0.905,,,0.0,1.0,,,,P_classical,65.0
ACS_STATES,package,51,regcomp,B,4900.0,cd_cs_100_vs_A_nL4_B9600,51,prop,theta3,donor,design,regB_t,200,1,0.000296473916876934,1.109379363218068,0.935,0.935,0.935,,,1.0,0.0,,,,P_ppi,65.0
ACS_STATES,package,51,regcomp,B,4900.0,cd_cs_100_vs_A_nL4_B9600,51,prop,theta3,donor,design,regB_t,200,1,0.0008666217214363887,1.0507913354332519,0.92,0.92,0.92,,,0.0,1.0,,,,C_classical,65.0
ACS_STATES,package,51,regcomp,B,4900.0,cd_cs_100_vs_A_nL4_B9600,51,prop,theta3,donor,design,regB_t,200,1,0.00031213161720943357,1.0938201421643696,0.915,0.915,0.915,,,1.0,0.0,,,,C_ppi,65.0
ACS_STATES,package,51,regcomp,B,4900.0,cd_cs_100_vs_A_nL4_B9600,51,prop,theta2,donor,design,regB_t,200,1,0.0006213338581063138,1.2102968445928193,0.915,0.915,0.915,,,0.0,1.0,,,,r4_classical,65.0
ACS_STATES,package,51,regcomp,B,4900.0,cd_cs_100_vs_A_nL4_B9600,51,prop,theta2,donor,design,regB_t,200,1,0.00025369607517130465,1.1525653907753446,0.91,0.91,0.91,,,1.0,0.0,,,,r4_ppi,65.0
ACS_STATES,package,51,regcomp,B,4900.0,cd_cs_100_vs_A_nL4_B9600,51,prop,theta2,donor,design,regB_t,200,1,0.0006213338581063138,1.2102968445928193,0.915,0.915,0.915,,,0.0,1.0,,,,P_classical,65.0
ACS_STATES,package,51,regcomp,B,4900.0,cd_cs_100_vs_A_nL4_B9600,51,prop,theta2,donor,design,regB_t,200,1,0.00025367762355638253,1.1526928533916219,0.91,0.91,0.91,,,1.0,0.0,,,,P_ppi,65.0
ACS_STATES,package,51,regcomp,B,4900.0,cd_cs_100_vs_A_nL4_B9600,51,prop,theta2,donor,design,regB_t,200,1,0.0006213338581063138,1.2102968445928193,0.915,0.915,0.915,,,0.0,1.0,,,,C_classical,65.0
ACS_STATES,package,51,regcomp,B,4900.0,cd_cs_100_vs_A_nL4_B9600,51,prop,theta2,donor,design,regB_t,200,1,0.00025369607517130574,1.15256539077534,0.91,0.91,0.91,,,1.0,0.0,,,,C_ppi,65.0
ACS_STATES,package,51,regcomp,B,5100.0,cd_cs_100_vs_A_nL6_B9600,51,prop,theta3,donor,design,regB_t,200,1,0.04551785710646331,1.1319515012905732,0.915,0.915,0.915,,,0.0,1.0,,,,r4_classical,67.0
ACS_STATES,package,51,regcomp,B,5100.0,cd_cs_100_vs_A_nL6_B9600,51,prop,theta3,donor,design,regB_t,200,1,0.0003135489365286943,0.9851678401653582,0.9,0.9,0.9,,,1.0,0.0,,,,r4_ppi,67.0
ACS_STATES,package,51,regcomp,B,5100.0,cd_cs_100_vs_A_nL6_B9600,51,prop,theta3,donor,design,regB_t,200,1,0.0007180799030658225,1.1373158664185397,0.91,0.91,0.91,,,0.0,1.0,,,,P_classical,67.0
ACS_STATES,package,51,regcomp,B,5100.0,cd_cs_100_vs_A_nL6_B9600,51,prop,theta3,donor,design,regB_t,200,1,0.0003142513239594799,0.983598461499561,0.905,0.905,0.905,,,1.0,0.0,,,,P_ppi,67.0
ACS_STATES,package,51,regcomp,B,5100.0,cd_cs_100_vs_A_nL6_B9600,51,prop,theta3,donor,design,regB_t,200,1,0.0008478033796165555,1.0449705208211242,0.895,0.895,0.895,,,0.0,1.0,,,,C_classical,67.0
ACS_STATES,package,51,regcomp,B,5100.0,cd_cs_100_vs_A_nL6_B9600,51,prop,theta3,donor,design,regB_t,200,1,0.0003309386923102752,0.9703238801511113,0.89,0.89,0.89,,,1.0,0.0,,,,C_ppi,67.0
ACS_STATES,package,51,regcomp,B,5100.0,cd_cs_100_vs_A_nL6_B9600,51,prop,theta2,donor,design,regB_t,200,1,0.0007283771452056165,0.9924828287741089,0.9,0.9,0.9,,,0.0,1.0,,,,r4_classical,67.0
ACS_STATES,package,51,regcomp,B,5100.0,cd_cs_100_vs_A_nL6_B9600,51,prop,theta2,donor,design,regB_t,200,1,0.00028428964262950984,0.9842273211497075,0.885,0.885,0.885,,,1.0,0.0,,,,r4_ppi,67.0
ACS_STATES,package,51,regcomp,B,5100.0,cd_cs_100_vs_A_nL6_B9600,51,prop,theta2,donor,design,regB_t,200,1,0.0007283771452056165,0.9924828287741089,0.9,0.9,0.9,,,0.0,1.0,,,,P_classical,67.0
ACS_STATES,package,51,regcomp,B,5100.0,cd_cs_100_vs_A_nL6_B9600,51,prop,theta2,donor,design,regB_t,200,1,0.00028434641597209606,0.9839796064253025,0.885,0.885,0.885,,,1.0,0.0,,,,P_ppi,67.0
ACS_STATES,package,51,regcomp,B,5100.0,cd_cs_100_vs_A_nL6_B9600,51,prop,theta2,donor,design,regB_t,200,1,0.0007283771452056165,0.9924828287741089,0.9,0.9,0.9,,,0.0,1.0,,,,C_classical,67.0
ACS_STATES,package,51,regcomp,B,5100.0,cd_cs_100_vs_A_nL6_B9600,51,prop,theta2,donor,design,regB_t,200,1,0.00028428964262950925,0.9842273211497095,0.885,0.885,0.885,,,1.0,0.0,,,,C_ppi,67.0
ACS_STATES,package,51,regcomp,B,5300.0,cd_cs_100_vs_A_nL8_B9600,51,prop,theta3,donor,design,regB_t,200,1,0.053045131604432805,0.9415797018209149,0.9,0.9,0.9,,,0.0,1.0,,,,r4_classical,70.0
ACS_STATES,package,51,regcomp,B,5300.0,cd_cs_100_vs_A_nL8_B9600,51,prop,theta3,donor,design,regB_t,200,1,0.00026626120410062345,1.1059515467406646,0.915,0.915,0.915,,,1.0,0.0,,,,r4_ppi,70.0
ACS_STATES,package,51,regcomp,B,5300.0,cd_cs_100_vs_A_nL8_B9600,51,prop,theta3,donor,design,regB_t,200,1,0.0006994141120937236,1.1186215772242585,0.94,0.94,0.94,,,0.0,1.0,,,,P_classical,70.0
ACS_STATES,package,51,regcomp,B,5300.0,cd_cs_100_vs_A_nL8_B9600,51,prop,theta3,donor,design,regB_t,200,1,0.0002653703627264098,1.1113527255497513,0.915,0.915,0.915,,,1.0,0.0,,,,P_ppi,70.0
ACS_STATES,package,51,regcomp,B,5300.0,cd_cs_100_vs_A_nL8_B9600,51,prop,theta3,donor,design,regB_t,200,1,0.0007551676554327049,1.126342903548443,0.92,0.92,0.92,,,0.0,1.0,,,,C_classical,70.0
ACS_STATES,package,51,regcomp,B,5300.0,cd_cs_100_vs_A_nL8_B9600,51,prop,theta3,donor,design,regB_t,200,1,0.00027846214468303236,1.0956207838618766,0.9,0.9,0.9,,,1.0,0.0,,,,C_ppi,70.0
ACS_STATES,package,51,regcomp,B,5300.0,cd_cs_100_vs_A_nL8_B9600,51,prop,theta2,donor,design,regB_t,200,1,0.0006302640736769524,1.1088776436172174,0.92,0.92,0.92,,,0.0,1.0,,,,r4_classical,70.0
ACS_STATES,package,51,regcomp,B,5300.0,cd_cs_100_vs_A_nL8_B9600,51,prop,theta2,donor,design,regB_t,200,1,0.00027451202960588445,0.9758261681039345,0.89,0.89,0.89,,,1.0,0.0,,,,r4_ppi,70.0
ACS_STATES,package,51,regcomp,B,5300.0,cd_cs_100_vs_A_nL8_B9600,51,prop,theta2,donor,design,regB_t,200,1,0.0006302640736769524,1.1088776436172174,0.92,0.92,0.92,,,0.0,1.0,,,,P_classical,70.0
ACS_STATES,package,51,regcomp,B,5300.0,cd_cs_100_vs_A_nL8_B9600,51,prop,theta2,donor,design,regB_t,200,1,0.00027448770494005616,0.9758915000273433,0.89,0.89,0.89,,,1.0,0.0,,,,P_ppi,70.0
ACS_STATES,package,51,regcomp,B,5300.0,cd_cs_100_vs_A_nL8_B9600,51,prop,theta2,donor,design,regB_t,200,1,0.0006302640736769524,1.1088776436172174,0.92,0.92,0.92,,,0.0,1.0,,,,C_classical,70.0
ACS_STATES,package,51,regcomp,B,5300.0,cd_cs_100_vs_A_nL8_B9600,51,prop,theta2,donor,design,regB_t,200,1,0.0002745120296058818,0.975826168103944,0.89,0.89,0.89,,,1.0,0.0,,,,C_ppi,70.0
ACS_STATES,package,51,regcomp,B,5700.0,cd_cs_100_vs_A_nL12_B9600,51,prop,theta3,donor,design,regB_t,200,1,0.04594050855786719,0.993119844599053,0.91,0.91,0.91,,,0.0,1.0,,,,r4_classical,75.0
ACS_STATES,package,51,regcomp,B,5700.0,cd_cs_100_vs_A_nL12_B9600,51,prop,theta3,donor,design,regB_t,200,1,0.00027903676029579814,0.9883543834771585,0.895,0.895,0.895,,,1.0,0.0,,,,r4_ppi,75.0
ACS_STATES,package,51,regcomp,B,5700.0,cd_cs_100_vs_A_nL12_B9600,51,prop,theta3,donor,design,regB_t,200,1,0.000889046990417894,0.8211562104151833,0.865,0.865,0.865,,,0.0,1.0,,,,P_classical,75.0
ACS_STATES,package,51,regcomp,B,5700.0,cd_cs_100_vs_A_nL12_B9600,51,prop,theta3,donor,design,regB_t,200,1,0.0002784388673554552,0.9907898653292357,0.895,0.895,0.895,,,1.0,0.0,,,,P_ppi,75.0
ACS_STATES,package,51,regcomp,B,5700.0,cd_cs_100_vs_A_nL12_B9600,51,prop,theta3,donor,design,regB_t,200,1,0.0009243349685111341,0.8534861335717199,0.84,0.84,0.84,,,0.0,1.0,,,,C_classical,75.0
ACS_STATES,package,51,regcomp,B,5700.0,cd_cs_100_vs_A_nL12_B9600,51,prop,theta3,donor,design,regB_t,200,1,0.0002951914719503059,0.9615885351837704,0.905,0.905,0.905,,,1.0,0.0,,,,C_ppi,75.0
ACS_STATES,package,51,regcomp,B,5700.0,cd_cs_100_vs_A_nL12_B9600,51,prop,theta2,donor,design,regB_t,200,1,0.0006052748710532867,1.0688916500633283,0.915,0.915,0.915,,,0.0,1.0,,,,r4_classical,75.0
ACS_STATES,package,51,regcomp,B,5700.0,cd_cs_100_vs_A_nL12_B9600,51,prop,theta2,donor,design,regB_t,200,1,0.0002147841711885502,1.1737313009277868,0.925,0.925,0.925,,,1.0,0.0,,,,r4_ppi,75.0
ACS_STATES,package,51,regcomp,B,5700.0,cd_cs_100_vs_A_nL12_B9600,51,prop,theta2,donor,design,regB_t,200,1,0.0006052748710532867,1.0688916500633283,0.915,0.915,0.915,,,0.0,1.0,,,,P_classical,75.0
ACS_STATES,package,51,regcomp,B,5700.0,cd_cs_100_vs_A_nL12_B9600,51,prop,theta2,donor,design,regB_t,200,1,0.00021473722810400967,1.1740403860239739,0.925,0.925,0.925,,,1.0,0.0,,,,P_ppi,75.0
ACS_STATES,package,51,regcomp,B,5700.0,cd_cs_100_vs_A_nL12_B9600,51,prop,theta2,donor,design,regB_t,200,1,0.0006052748710532867,1.0688916500633283,0.915,0.915,0.915,,,0.0,1.0,,,,C_classical,75.0
ACS_STATES,package,51,regcomp,B,5700.0,cd_cs_100_vs_A_nL12_B9600,51,prop,theta2,donor,design,regB_t,200,1,0.0002147841711885491,1.1737313009277925,0.925,0.925,0.925,,,1.0,0.0,,,,C_ppi,75.0
