task,label_set,encoder,design,score,fold,repeat,cal_draw,calibration_unit,slide,coverage,width_mean,interval_score,miss_above,miss_below,n_test,n_genes
CCRCC,shipped,hoptimus1,donor,abs,INT1,-1,0,donor,INT1,0.6203690036900369,1.8035333160177556,4.046354623056684,0.010276752767527675,0.36935424354243546,1084,50
CCRCC,shipped,hoptimus1,donor,abs,INT1,-1,1,donor,INT1,0.9499077490774908,2.1642835454612626,2.3969068602597625,0.037490774907749075,0.012601476014760147,1084,50
CCRCC,shipped,hoptimus1,donor,abs,INT1,-1,2,donor,INT1,0.7361254612546125,2.1812766174790115,3.3954842809801615,0.00863468634686347,0.255239852398524,1084,50
CCRCC,shipped,hoptimus1,donor,abs,INT10,-1,0,donor,INT10,0.8273424104891578,2.0949417683377103,3.4733529405847947,0.1658900655572365,0.006767523953605648,1983,50
CCRCC,shipped,hoptimus1,donor,abs,INT10,-1,1,donor,INT10,0.7804538577912254,2.192390896571328,4.208322532375643,0.21728693898134138,0.002259203227433182,1983,50
CCRCC,shipped,hoptimus1,donor,abs,INT10,-1,2,donor,INT10,0.8175390821986889,2.1359574182741485,3.700818653917515,0.17855774079677256,0.003903177004538578,1983,50
CCRCC,shipped,hoptimus1,donor,abs,INT11,-1,0,donor,INT11,0.7869909659485753,1.9048395481810898,3.2481794638092225,0.06729673384294649,0.1457123002084781,1439,50
CCRCC,shipped,hoptimus1,donor,abs,INT11,-1,1,donor,INT11,0.9253370396108409,2.409535670539554,2.7875099621035138,0.04145934676858929,0.03320361362056984,1439,50
CCRCC,shipped,hoptimus1,donor,abs,INT11,-1,2,donor,INT11,0.7903127171646978,1.8875247279545602,3.0618606171636644,0.0788047255038221,0.1308825573314802,1439,50
CCRCC,shipped,hoptimus1,donor,abs,INT12,-1,0,donor,INT12,0.7842729152308753,2.2128483554906224,3.5710840970856528,0.008766368022053755,0.20696071674707098,1451,50
CCRCC,shipped,hoptimus1,donor,abs,INT12,-1,1,donor,INT12,0.8321019986216404,2.11303586441281,3.0683475709221533,0.01583735354927636,0.15206064782908338,1451,50
CCRCC,shipped,hoptimus1,donor,abs,INT12,-1,2,donor,INT12,0.6857615437629221,2.1123724788688416,4.2753725152991455,0.008518263266712612,0.30572019297036523,1451,50
CCRCC,shipped,hoptimus1,donor,abs,INT13,-1,0,donor,INT13,0.9051296168846065,2.1376164877438955,2.710923515300196,0.08989676531314521,0.004973617802248222,4359,50
CCRCC,shipped,hoptimus1,donor,abs,INT13,-1,1,donor,INT13,0.9124202798807066,2.2454225544325657,2.7984086385854208,0.08564349621472815,0.001936223904565267,4359,50
CCRCC,shipped,hoptimus1,donor,abs,INT13,-1,2,donor,INT13,0.8844643266804313,2.1030138641429237,2.8622908949173005,0.11188345950906171,0.0036522138105069975,4359,50
CCRCC,shipped,hoptimus1,donor,abs,INT14,-1,0,donor,INT14,0.9846865409907934,2.349580760251492,2.3940118378666893,0.009929855326611135,0.0053836036825953525,4562,50
CCRCC,shipped,hoptimus1,donor,abs,INT14,-1,1,donor,INT14,0.9840157825515125,2.4147286895132405,2.4608178298205066,0.00881630863656291,0.007167908811924595,4562,50
CCRCC,shipped,hoptimus1,donor,abs,INT14,-1,2,donor,INT14,0.9659447610697063,2.0324076187874054,2.153070835346114,0.0296755808855765,0.00437965804471723,4562,50
CCRCC,shipped,hoptimus1,donor,abs,INT15,-1,0,donor,INT15,0.9159109311740891,2.012014469044833,2.5003953162076407,0.07582995951417004,0.00825910931174089,4940,50
CCRCC,shipped,hoptimus1,donor,abs,INT15,-1,1,donor,INT15,0.9515101214574899,2.245800289982924,2.480343116977033,0.04288663967611336,0.005603238866396762,4940,50
CCRCC,shipped,hoptimus1,donor,abs,INT15,-1,2,donor,INT15,0.9254210526315789,2.1380441291800936,2.4778276548025806,0.048202429149797575,0.026376518218623482,4940,50
CCRCC,shipped,hoptimus1,donor,abs,INT16,-1,0,donor,INT16,0.9302495321272614,2.0924360993276943,2.7767375966699195,0.06242669993761697,0.007323767935121647,3206,50
CCRCC,shipped,hoptimus1,donor,abs,INT16,-1,1,donor,INT16,0.9115408608858391,2.0186351703207643,2.8315599024750493,0.08344978165938866,0.005009357454772302,3206,50
CCRCC,shipped,hoptimus1,donor,abs,INT16,-1,2,donor,INT16,0.9087336244541484,1.9365952137197866,2.418403266689459,0.037317529631940106,0.053948845913911414,3206,50
CCRCC,shipped,hoptimus1,donor,abs,INT17,-1,0,donor,INT17,0.9296178521617853,1.8300898400892747,2.131346579875902,0.03788005578800558,0.03250209205020921,3585,50
CCRCC,shipped,hoptimus1,donor,abs,INT17,-1,1,donor,INT17,0.9657963737796373,2.191986188961549,2.354533095897607,0.030220362622036263,0.00398326359832636,3585,50
CCRCC,shipped,hoptimus1,donor,abs,INT17,-1,2,donor,INT17,0.9621478382147838,2.1476109660451246,2.3271912950923612,0.030783821478382146,0.00706834030683403,3585,50
CCRCC,shipped,hoptimus1,donor,abs,INT18,-1,0,donor,INT18,0.84076500508647,1.947862679824195,2.9671241607013172,0.09558901322482198,0.06364598168870804,4915,50
CCRCC,shipped,hoptimus1,donor,abs,INT18,-1,1,donor,INT18,0.927645981688708,2.708465769650964,3.2420329770863763,0.05453102746693794,0.017822990844354018,4915,50
CCRCC,shipped,hoptimus1,donor,abs,INT18,-1,2,donor,INT18,0.8872838250254325,2.2659544597789516,3.294882898746805,0.1107385554425229,0.001977619532044761,4915,50
CCRCC,shipped,hoptimus1,donor,abs,INT19,-1,0,donor,INT19,0.9748464025869038,2.0473100000260547,2.1433981526384893,0.020371867421180277,0.0047817299919159255,4948,50
CCRCC,shipped,hoptimus1,donor,abs,INT19,-1,1,donor,INT19,0.9862974939369442,2.2943632399437544,2.3405820531253063,0.010315278900565885,0.003387227162489895,4948,50
CCRCC,shipped,hoptimus1,donor,abs,INT19,-1,2,donor,INT19,0.9820978172999192,2.1342606726113016,2.1977271840756725,0.013884397736459175,0.004017784963621665,4948,50
CCRCC,shipped,hoptimus1,donor,abs,INT2,-1,0,donor,INT2,0.9194573643410853,2.1673278154167623,2.5884938886709734,0.04086821705426357,0.03967441860465116,2580,50
CCRCC,shipped,hoptimus1,donor,abs,INT2,-1,1,donor,INT2,0.8763333333333333,1.9988670617889708,2.657164097387051,0.03475193798449613,0.08891472868217054,2580,50
CCRCC,shipped,hoptimus1,donor,abs,INT2,-1,2,donor,INT2,0.9222248062015503,2.225211923555115,2.578187793859676,0.021093023255813952,0.056682170542635656,2580,50
CCRCC,shipped,hoptimus1,donor,abs,INT20,-1,0,donor,INT20,0.9690288065843622,2.1777600602768783,2.293095112489726,0.011592592592592592,0.019378600823045267,4860,50
CCRCC,shipped,hoptimus1,donor,abs,INT20,-1,1,donor,INT20,0.9316790123456791,2.0570977622042075,2.27920845773222,0.007419753086419754,0.06090123456790123,4860,50
CCRCC,shipped,hoptimus1,donor,abs,INT20,-1,2,donor,INT20,0.9409465020576131,2.026468461251305,2.2211527556533017,0.009555555555555557,0.04949794238683127,4860,50
CCRCC,shipped,hoptimus1,donor,abs,INT21,-1,0,donor,INT21,0.9234090452261308,2.2626320257755945,2.7774560615643953,0.07178693467336683,0.0048040201005025126,4975,50
CCRCC,shipped,hoptimus1,donor,abs,INT21,-1,1,donor,INT21,0.9558030150753768,2.6977752117902134,2.9843063837603916,0.04315979899497488,0.0010371859296482411,4975,50
CCRCC,shipped,hoptimus1,donor,abs,INT21,-1,2,donor,INT21,0.9293306532663317,2.235442883476215,2.705513295617435,0.06167638190954774,0.008992964824120604,4975,50
CCRCC,shipped,hoptimus1,donor,abs,INT22,-1,0,donor,INT22,0.8886654478976235,2.0062451851392136,2.712591406000109,0.08230869678767302,0.029025855314703575,3829,50
CCRCC,shipped,hoptimus1,donor,abs,INT22,-1,1,donor,INT22,0.8842413162705667,2.1854582208692874,3.0196203344751966,0.11435361713241056,0.0014050665970227214,3829,50
CCRCC,shipped,hoptimus1,donor,abs,INT22,-1,2,donor,INT22,0.8798485244189084,1.9432844028848302,2.823358005516667,0.09878819535126665,0.02136328022982502,3829,50
CCRCC,shipped,hoptimus1,donor,abs,INT23,-1,0,donor,INT23,0.8359663512092534,1.9622234881691951,3.1802209656021456,0.139465825446898,0.02456782334384858,4755,50
CCRCC,shipped,hoptimus1,donor,abs,INT23,-1,1,donor,INT23,0.87869610935857,2.4254182060366762,3.4034306061557227,0.11988222923238696,0.0014216614090431126,4755,50
CCRCC,shipped,hoptimus1,donor,abs,INT23,-1,2,donor,INT23,0.9029358569926393,2.5265078868667796,3.366453857319881,0.09445636172450053,0.0026077812828601476,4755,50
CCRCC,shipped,hoptimus1,donor,abs,INT24,-1,0,donor,INT24,0.9311130820399113,2.2936576012525705,2.9785596740585936,0.06411529933481154,0.004771618625277162,4510,50
CCRCC,shipped,hoptimus1,donor,abs,INT24,-1,1,donor,INT24,0.9257161862527716,2.2187500928089343,2.8746681168117316,0.06789356984478935,0.006390243902439025,4510,50
CCRCC,shipped,hoptimus1,donor,abs,INT24,-1,2,donor,INT24,0.9156984478935698,2.1141252368329173,2.9200638367779472,0.07900665188470066,0.005294900221729491,4510,50
CCRCC,shipped,hoptimus1,donor,abs,INT3,-1,0,donor,INT3,0.9497259591429994,2.2817002088572003,2.514766973883727,0.03768809167912307,0.012585949177877429,2007,50
CCRCC,shipped,hoptimus1,donor,abs,INT3,-1,1,donor,INT3,0.9812655705032387,2.664681871993936,2.7399200890192263,0.01676133532635775,0.0019730941704035874,2007,50
CCRCC,shipped,hoptimus1,donor,abs,INT3,-1,2,donor,INT3,0.9645640259093174,2.2806690745864486,2.4139535170699857,0.026547085201793722,0.008888888888888889,2007,50
CCRCC,shipped,hoptimus1,donor,abs,INT4,-1,0,donor,INT4,0.8623573017049666,2.1542817668345657,2.9252653356729796,0.0061675315048183845,0.13147516679021495,1349,50
CCRCC,shipped,hoptimus1,donor,abs,INT4,-1,1,donor,INT4,0.9293699036323203,2.0867168538022645,2.433899866298053,0.009651593773165308,0.060978502594514455,1349,50
CCRCC,shipped,hoptimus1,donor,abs,INT4,-1,2,donor,INT4,0.8176723498888065,1.9851971160903752,3.1267687374903645,0.007991104521868051,0.17433654558932543,1349,50
CCRCC,shipped,hoptimus1,donor,abs,INT5,-1,0,donor,INT5,0.24789207419898818,1.9187056047068025,18.27312479154433,0.746981450252951,0.005126475548060708,1186,50
CCRCC,shipped,hoptimus1,donor,abs,INT5,-1,1,donor,INT5,0.257858347386172,2.039645769917982,18.82880299276244,0.7418549747048904,0.00028667790893760535,1186,50
CCRCC,shipped,hoptimus1,donor,abs,INT5,-1,2,donor,INT5,0.2638448566610455,1.9484324154783392,17.34328666931527,0.7318887015177066,0.004266441821247892,1186,50
CCRCC,shipped,hoptimus1,donor,abs,INT6,-1,0,donor,INT6,0.9270798569725863,2.2486330118649964,2.5617188021606734,0.033861740166865315,0.03905840286054827,1678,50
CCRCC,shipped,hoptimus1,donor,abs,INT6,-1,1,donor,INT6,0.91388557806913,2.3268115754303627,2.8921855734487893,0.08333730631704411,0.0027771156138259832,1678,50
CCRCC,shipped,hoptimus1,donor,abs,INT6,-1,2,donor,INT6,0.8945172824791419,2.044387120439126,2.5441211773994645,0.04251489868891538,0.06296781883194279,1678,50
CCRCC,shipped,hoptimus1,donor,abs,INT7,-1,0,donor,INT7,0.8528727885425442,1.9597472179025905,3.134413012705632,0.13567818028643638,0.011449031171019378,2374,50
CCRCC,shipped,hoptimus1,donor,abs,INT7,-1,1,donor,INT7,0.8660404380791913,2.0153556839426674,2.8887343421617278,0.10645324347093514,0.02750631844987363,2374,50
CCRCC,shipped,hoptimus1,donor,abs,INT7,-1,2,donor,INT7,0.862552653748947,2.178683856281117,3.2849014941854504,0.12603201347935972,0.011415332771693345,2374,50
CCRCC,shipped,hoptimus1,donor,abs,INT8,-1,0,donor,INT8,0.7638891739353515,2.0569443957346554,3.9817589963957145,0.2099025141097999,0.026208311954848643,1949,50
CCRCC,shipped,hoptimus1,donor,abs,INT8,-1,1,donor,INT8,0.7506003078501796,2.17208438336815,4.335209663692256,0.2431708568496665,0.006228835300153925,1949,50
CCRCC,shipped,hoptimus1,donor,abs,INT8,-1,2,donor,INT8,0.722955361723961,1.9558713433507535,4.418729033428537,0.2602462801436634,0.01679835813237558,1949,50
CCRCC,shipped,hoptimus1,donor,abs,INT9,-1,0,donor,INT9,0.9703891509433963,2.6982930364595785,2.832229237769433,0.018290094339622642,0.011320754716981131,1696,50
CCRCC,shipped,hoptimus1,donor,abs,INT9,-1,1,donor,INT9,0.8833372641509435,2.031900763690748,2.6125219106517568,0.04734669811320755,0.06931603773584906,1696,50
CCRCC,shipped,hoptimus1,donor,abs,INT9,-1,2,donor,INT9,0.9279952830188679,2.1753092089387733,2.5672967761458954,0.05702830188679245,0.014976415094339623,1696,50
CCRCC,shipped,hoptimus1,donor,scaled,INT1,-1,0,donor,INT1,0.7375830258302583,2.1252016609009616,3.1626345515055454,0.005977859778597786,0.2564391143911439,1084,50
CCRCC,shipped,hoptimus1,donor,scaled,INT1,-1,1,donor,INT1,0.9772693726937269,2.47026187360356,2.574452115492946,0.021826568265682654,0.0009040590405904058,1084,50
CCRCC,shipped,hoptimus1,donor,scaled,INT1,-1,2,donor,INT1,0.906309963099631,2.839497500251473,3.1062588008444862,0.0043911439114391135,0.0892988929889299,1084,50
CCRCC,shipped,hoptimus1,donor,scaled,INT10,-1,0,donor,INT10,0.8706303580433686,2.2213113269218123,3.1756232983088197,0.1281593545133636,0.0012102874432677762,1983,50
CCRCC,shipped,hoptimus1,donor,scaled,INT10,-1,1,donor,INT10,0.7778920827029754,2.0400554309291152,4.000792701257423,0.22137165910237017,0.0007362581946545638,1983,50
CCRCC,shipped,hoptimus1,donor,scaled,INT10,-1,2,donor,INT10,0.8033182047402925,1.9301663721931186,3.679129338279757,0.19580433686333837,0.0008774583963691376,1983,50
CCRCC,shipped,hoptimus1,donor,scaled,INT11,-1,0,donor,INT11,0.8567755385684503,2.1691640200008218,3.0043359353162447,0.0617234190410007,0.08150104239054899,1439,50
CCRCC,shipped,hoptimus1,donor,scaled,INT11,-1,1,donor,INT11,0.958735232800556,2.9259781762056707,3.1483795834646187,0.032397498262682414,0.00886726893676164,1439,50
CCRCC,shipped,hoptimus1,donor,scaled,INT11,-1,2,donor,INT11,0.8491174426685199,2.034089144235246,2.946614742007199,0.08201528839471856,0.06886726893676165,1439,50
CCRCC,shipped,hoptimus1,donor,scaled,INT12,-1,0,donor,INT12,0.8933149552033081,2.732101893072974,3.4786870939470163,0.004700206753962784,0.10198483804272916,1451,50
CCRCC,shipped,hoptimus1,donor,scaled,INT12,-1,1,donor,INT12,0.909538249483115,2.4796873656599034,2.9520841942610185,0.010861474844934528,0.07960027567195038,1451,50
CCRCC,shipped,hoptimus1,donor,scaled,INT12,-1,2,donor,INT12,0.7991178497587871,2.5025192189264165,3.6965243076647853,0.005003445899379738,0.19587870434183322,1451,50
CCRCC,shipped,hoptimus1,donor,scaled,INT13,-1,0,donor,INT13,0.8535581555402615,1.8227913124957416,2.8202375257585817,0.13904106446432668,0.007400779995411792,4359,50
CCRCC,shipped,hoptimus1,donor,scaled,INT13,-1,1,donor,INT13,0.8601881165404909,1.9320309431069764,2.940965671024104,0.13679284239504474,0.0030190410644643268,4359,50
CCRCC,shipped,hoptimus1,donor,scaled,INT13,-1,2,donor,INT13,0.8545629731589814,1.991735125515179,3.0484176967356036,0.1418031658637302,0.003633860977288369,4359,50
CCRCC,shipped,hoptimus1,donor,scaled,INT14,-1,0,donor,INT14,0.9788338448049102,2.421171326352886,2.4917469061523976,0.015124945199473916,0.006041209995615958,4562,50
CCRCC,shipped,hoptimus1,donor,scaled,INT14,-1,1,donor,INT14,0.9583428320911881,1.965355317838563,2.113365730864193,0.03007891275756247,0.011578255151249453,4562,50
CCRCC,shipped,hoptimus1,donor,scaled,INT14,-1,2,donor,INT14,0.9471854449802719,1.8718857436957308,2.0986157973460333,0.04996931170539237,0.0028452433143358173,4562,50
CCRCC,shipped,hoptimus1,donor,scaled,INT15,-1,0,donor,INT15,0.8828016194331983,1.8341737458077112,2.5768400497494803,0.11028744939271257,0.006910931174089069,4940,50
CCRCC,shipped,hoptimus1,donor,scaled,INT15,-1,1,donor,INT15,0.9475141700404858,2.2848087912605406,2.5412775589243166,0.04887044534412955,0.0036153846153846154,4940,50
CCRCC,shipped,hoptimus1,donor,scaled,INT15,-1,2,donor,INT15,0.9454858299595142,2.55324062148602,2.837678612560569,0.04223886639676113,0.012275303643724698,4940,50
CCRCC,shipped,hoptimus1,donor,scaled,INT16,-1,0,donor,INT16,0.8500998128509046,1.579991099872598,2.847090838804424,0.14341859014348096,0.006481597005614474,3206,50
CCRCC,shipped,hoptimus1,donor,scaled,INT16,-1,1,donor,INT16,0.7897005614472863,1.4004853037420089,3.247397777491078,0.2031191515907673,0.007180286961946351,3206,50
CCRCC,shipped,hoptimus1,donor,scaled,INT16,-1,2,donor,INT16,0.9067186525265127,1.8623083967842826,2.3437213383934243,0.05047411104179664,0.04280723643169058,3206,50
CCRCC,shipped,hoptimus1,donor,scaled,INT17,-1,0,donor,INT17,0.9115648535564854,1.719034426525175,2.1349780169070502,0.05682566248256624,0.0316094839609484,3585,50
CCRCC,shipped,hoptimus1,donor,scaled,INT17,-1,1,donor,INT17,0.9217461645746166,1.7375509593810694,2.160546546428872,0.0711854951185495,0.0070683403068340315,3585,50
CCRCC,shipped,hoptimus1,donor,scaled,INT17,-1,2,donor,INT17,0.9294504881450488,1.8672827972459671,2.2623048381226267,0.06438493723849373,0.006164574616457462,3585,50
CCRCC,shipped,hoptimus1,donor,scaled,INT18,-1,0,donor,INT18,0.8818636826042726,2.066504557082017,2.875449115555715,0.09228891149542218,0.02584740590030519,4915,50
CCRCC,shipped,hoptimus1,donor,scaled,INT18,-1,1,donor,INT18,0.9255951169888098,2.7117952439495254,3.35523874338815,0.067353001017294,0.0070518819938962364,4915,50
CCRCC,shipped,hoptimus1,donor,scaled,INT18,-1,2,donor,INT18,0.8729643947100711,2.2414896192688514,3.3815496653450303,0.12381281790437436,0.003222787385554425,4915,50
CCRCC,shipped,hoptimus1,donor,scaled,INT19,-1,0,donor,INT19,0.9385206143896524,1.6164802735850952,1.90715924550141,0.053071948261924004,0.008407437348423606,4948,50
CCRCC,shipped,hoptimus1,donor,scaled,INT19,-1,1,donor,INT19,0.9535286984640259,1.8147639443868269,2.0288641760378052,0.04126919967663703,0.005202101859337106,4948,50
CCRCC,shipped,hoptimus1,donor,scaled,INT19,-1,2,donor,INT19,0.9447089733225547,1.6454828623777977,1.898349750289959,0.049114793856103484,0.006176232821341956,4948,50
CCRCC,shipped,hoptimus1,donor,scaled,INT2,-1,0,donor,INT2,0.9031162790697674,2.0957653807821135,2.6357696019361594,0.05375193798449612,0.043131782945736434,2580,50
CCRCC,shipped,hoptimus1,donor,scaled,INT2,-1,1,donor,INT2,0.9022713178294574,2.0731553880167715,2.572289731618838,0.04061240310077519,0.05711627906976744,2580,50
CCRCC,shipped,hoptimus1,donor,scaled,INT2,-1,2,donor,INT2,0.9287984496124031,2.2815126067024183,2.6144086819947994,0.031077519379844962,0.040124031007751935,2580,50
CCRCC,shipped,hoptimus1,donor,scaled,INT20,-1,0,donor,INT20,0.9540000000000001,1.8138611723446454,1.978097060459522,0.02470781893004115,0.021292181069958848,4860,50
CCRCC,shipped,hoptimus1,donor,scaled,INT20,-1,1,donor,INT20,0.9602345679012346,2.259346913849002,2.385072568033041,0.007127572016460906,0.03263786008230453,4860,50
CCRCC,shipped,hoptimus1,donor,scaled,INT20,-1,2,donor,INT20,0.9676460905349793,2.259367386469157,2.3673264951837854,0.008872427983539094,0.02348148148148148,4860,50
CCRCC,shipped,hoptimus1,donor,scaled,INT21,-1,0,donor,INT21,0.9124984924623115,2.1582458843763255,2.725113510013649,0.08394773869346733,0.003553768844221106,4975,50
CCRCC,shipped,hoptimus1,donor,scaled,INT21,-1,1,donor,INT21,0.9453507537688443,2.4724306003668164,2.791648105733353,0.053684422110552764,0.0009648241206030151,4975,50
CCRCC,shipped,hoptimus1,donor,scaled,INT21,-1,2,donor,INT21,0.9224120603015075,2.1531620103624,2.6447399337301096,0.0690894472361809,0.008498492462311557,4975,50
CCRCC,shipped,hoptimus1,donor,scaled,INT22,-1,0,donor,INT22,0.8525776965265082,1.8244465176041569,2.8140447969357236,0.11433272394881171,0.03308957952468008,3829,50
CCRCC,shipped,hoptimus1,donor,scaled,INT22,-1,1,donor,INT22,0.8788613214938625,2.241281463974527,3.079476348391777,0.12069469835466179,0.0004439801514755811,3829,50
CCRCC,shipped,hoptimus1,donor,scaled,INT22,-1,2,donor,INT22,0.8434943849569078,1.775190546922501,2.9151994340781493,0.1278453904413685,0.028660224601723686,3829,50
CCRCC,shipped,hoptimus1,donor,scaled,INT23,-1,0,donor,INT23,0.8273017875920083,1.9285700752058261,3.222720953677582,0.14854679284963196,0.024151419558359623,4755,50
CCRCC,shipped,hoptimus1,donor,scaled,INT23,-1,1,donor,INT23,0.8335983175604627,2.291529463862178,3.6620800971813963,0.16519032597266037,0.0012113564668769716,4755,50
CCRCC,shipped,hoptimus1,donor,scaled,INT23,-1,2,donor,INT23,0.8659179810725552,2.3698060311898645,3.4968697089092338,0.12994742376445845,0.00413459516298633,4755,50
CCRCC,shipped,hoptimus1,donor,scaled,INT24,-1,0,donor,INT24,0.9115210643015521,2.027174259481577,2.748753490715578,0.0852860310421286,0.0031929046563192905,4510,50
CCRCC,shipped,hoptimus1,donor,scaled,INT24,-1,1,donor,INT24,0.9176807095343681,2.2605472812100875,2.961497770689704,0.07933924611973393,0.002980044345898004,4510,50
CCRCC,shipped,hoptimus1,donor,scaled,INT24,-1,2,donor,INT24,0.8685232815964524,1.7622255833490326,2.9078722738383784,0.12822172949002217,0.003254988913525499,4510,50
CCRCC,shipped,hoptimus1,donor,scaled,INT3,-1,0,donor,INT3,0.9604982561036373,2.5777800060037834,2.7938938916033442,0.03922272047832586,0.00027902341803687095,2007,50
CCRCC,shipped,hoptimus1,donor,scaled,INT3,-1,1,donor,INT3,0.9674040857000499,2.6739404234077386,2.841070432960075,0.032526158445440954,6.975585450921774e-05,2007,50
CCRCC,shipped,hoptimus1,donor,scaled,INT3,-1,2,donor,INT3,0.9633482810164424,2.3456372573824074,2.5269154100073026,0.03623318385650224,0.0004185351270553064,2007,50
CCRCC,shipped,hoptimus1,donor,scaled,INT4,-1,0,donor,INT4,0.938398813936249,2.3346992618769447,2.6256388890776265,0.007057079318013343,0.05454410674573758,1349,50
CCRCC,shipped,hoptimus1,donor,scaled,INT4,-1,1,donor,INT4,0.9768569310600445,2.436946234232527,2.5351441402440527,0.0112824314306894,0.011860637509266123,1349,50
CCRCC,shipped,hoptimus1,donor,scaled,INT4,-1,2,donor,INT4,0.9250407709414381,2.3187930394717746,2.704425793816614,0.009918458117123795,0.0650407709414381,1349,50
CCRCC,shipped,hoptimus1,donor,scaled,INT5,-1,0,donor,INT5,0.37863406408094435,2.72387124860906,13.635320493975321,0.6206745362563237,0.000691399662731872,1186,50
CCRCC,shipped,hoptimus1,donor,scaled,INT5,-1,1,donor,INT5,0.31379426644182123,2.4630373722692744,16.406893400929484,0.6861382799325463,6.745362563237774e-05,1186,50
CCRCC,shipped,hoptimus1,donor,scaled,INT5,-1,2,donor,INT5,0.30441821247892076,2.241697389012946,15.397743288372046,0.6945193929173693,0.0010623946037099494,1186,50
CCRCC,shipped,hoptimus1,donor,scaled,INT6,-1,0,donor,INT6,0.9521215733015496,2.367804108618017,2.5901472567448405,0.03243146603098927,0.015446960667461264,1678,50
CCRCC,shipped,hoptimus1,donor,scaled,INT6,-1,1,donor,INT6,0.9173897497020262,2.327374852507514,2.8670348163002717,0.08194278903456496,0.0006674612634088201,1678,50
CCRCC,shipped,hoptimus1,donor,scaled,INT6,-1,2,donor,INT6,0.9392014302741358,2.2465704023515105,2.5286039526155926,0.035351609058402865,0.025446960667461264,1678,50
CCRCC,shipped,hoptimus1,donor,scaled,INT7,-1,0,donor,INT7,0.8840016849199662,2.1828335006571775,3.082052576625908,0.11380791912384161,0.0021903959561920807,2374,50
CCRCC,shipped,hoptimus1,donor,scaled,INT7,-1,1,donor,INT7,0.9302864363942713,2.487118383623171,2.93197222270159,0.06598989048020219,0.003723673125526537,2374,50
CCRCC,shipped,hoptimus1,donor,scaled,INT7,-1,2,donor,INT7,0.8796377422072452,2.3535042385851175,3.32795327958032,0.11796124684077507,0.002401010951979781,2374,50
CCRCC,shipped,hoptimus1,donor,scaled,INT8,-1,0,donor,INT8,0.8230682401231401,2.365775436140645,3.6404651670845114,0.1648640328373525,0.01206772703950744,1949,50
CCRCC,shipped,hoptimus1,donor,scaled,INT8,-1,1,donor,INT8,0.7905182144689584,2.370841680723073,4.04799267211813,0.2076757311441765,0.0018060543868650592,1949,50
CCRCC,shipped,hoptimus1,donor,scaled,INT8,-1,2,donor,INT8,0.8102924576706003,2.3647799236547082,3.8815806610470425,0.18731657260133402,0.0023909697280656748,1949,50
CCRCC,shipped,hoptimus1,donor,scaled,INT9,-1,0,donor,INT9,0.9768514150943396,2.844803903256807,2.9509205262275797,0.01883254716981132,0.004316037735849056,1696,50
CCRCC,shipped,hoptimus1,donor,scaled,INT9,-1,1,donor,INT9,0.9591391509433963,2.4694269633324466,2.6567961208061486,0.02722877358490566,0.013632075471698113,1696,50
CCRCC,shipped,hoptimus1,donor,scaled,INT9,-1,2,donor,INT9,0.9392688679245284,2.2792436995006353,2.6154288378636634,0.05674528301886792,0.003985849056603773,1696,50
CCRCC,shipped,hoptimus1,patient,abs,0,-1,0,patient,INT13,0.9296535902729984,2.449496768644858,2.856742885532999,0.06904335856847901,0.0013030511585225967,4359,50
CCRCC,shipped,hoptimus1,patient,abs,0,-1,0,patient,INT14,0.9834458570802279,2.4494967686448526,2.5031956216793945,0.012034195528277072,0.004519947391494959,4562,50
CCRCC,shipped,hoptimus1,patient,abs,0,-1,0,patient,INT15,0.9544372469635627,2.449496768644844,2.6672562620930296,0.03140080971659919,0.014161943319838057,4940,50
CCRCC,shipped,hoptimus1,patient,abs,0,-1,0,patient,INT24,0.9529889135254989,2.449496768644854,2.8959485822677333,0.039720620842572066,0.007290465631929046,4510,50
CCRCC,shipped,hoptimus1,patient,abs,0,-1,1,patient,INT13,0.9599036476256022,2.6017497493483033,2.8248187234204796,0.03822436338609773,0.0018719889883000687,4359,50
CCRCC,shipped,hoptimus1,patient,abs,0,-1,1,patient,INT14,0.9887067075843927,2.6017497493483046,2.636180978125456,0.008553266111354669,0.0027400263042525208,4562,50
CCRCC,shipped,hoptimus1,patient,abs,0,-1,1,patient,INT15,0.9614412955465588,2.601749749348306,2.7716711512440493,0.023773279352226718,0.014785425101214576,4940,50
CCRCC,shipped,hoptimus1,patient,abs,0,-1,1,patient,INT24,0.9487317073170732,2.6017497493483046,3.167470826635834,0.04465631929046563,0.006611973392461198,4510,50
CCRCC,shipped,hoptimus1,patient,abs,0,-1,2,patient,INT13,0.8816150493232392,2.4832685636224188,3.3611867376978966,0.1152053223216334,0.0031796283551273224,4359,50
CCRCC,shipped,hoptimus1,patient,abs,0,-1,2,patient,INT14,0.9504384042086804,2.4832685636224245,2.6938880783876704,0.04860587461639632,0.0009557211749232793,4562,50
CCRCC,shipped,hoptimus1,patient,abs,0,-1,2,patient,INT15,0.9119028340080972,2.483268563622432,3.021684207786087,0.08402024291497975,0.004076923076923077,4940,50
CCRCC,shipped,hoptimus1,patient,abs,0,-1,2,patient,INT24,0.9204434589800443,2.4832685636224228,3.2579689217481587,0.07869179600886918,0.0008647450110864745,4510,50
CCRCC,shipped,hoptimus1,patient,abs,1,-1,0,patient,INT10,0.791790216843167,1.875830132934204,3.579997886685854,0.18270297528996468,0.025506807866868382,1983,50
CCRCC,shipped,hoptimus1,patient,abs,1,-1,0,patient,INT11,0.7455316191799861,1.8758301329342066,3.629507132324337,0.06346073662265463,0.19100764419735927,1439,50
CCRCC,shipped,hoptimus1,patient,abs,1,-1,0,patient,INT12,0.7217918676774638,1.8758301329342066,3.67970531315034,0.034279807029634735,0.24392832529290145,1451,50
CCRCC,shipped,hoptimus1,patient,abs,1,-1,0,patient,INT9,0.7918160377358491,1.8758301329342058,3.2287839332644683,0.05476415094339623,0.15341981132075472,1696,50
CCRCC,shipped,hoptimus1,patient,abs,1,-1,1,patient,INT10,0.8321432173474534,2.161849058184812,3.546489314557265,0.16087745839636913,0.006979324256177508,1983,50
CCRCC,shipped,hoptimus1,patient,abs,1,-1,1,patient,INT11,0.854899235580264,2.161849058184808,3.08793965801937,0.05574704656011119,0.08935371785962473,1439,50
CCRCC,shipped,hoptimus1,patient,abs,1,-1,1,patient,INT12,0.8971467953135769,2.161849058184808,2.6807707225471686,0.03485871812543074,0.06799448656099243,1451,50
CCRCC,shipped,hoptimus1,patient,abs,1,-1,1,patient,INT9,0.9030188679245283,2.161849058184811,2.78029750735528,0.06518867924528302,0.03179245283018868,1696,50
CCRCC,shipped,hoptimus1,patient,abs,1,-1,2,patient,INT10,0.8151891074130105,2.0085622683087276,3.4414390230595204,0.1593141704488149,0.025496722138174485,1983,50
CCRCC,shipped,hoptimus1,patient,abs,1,-1,2,patient,INT11,0.7341209173036831,2.008562268308739,3.8612969813752667,0.04692147324530924,0.21895760945100765,1439,50
CCRCC,shipped,hoptimus1,patient,abs,1,-1,2,patient,INT12,0.6582219159200551,2.008562268308739,4.898326630397384,0.01627842866988284,0.32549965541006204,1451,50
CCRCC,shipped,hoptimus1,patient,abs,1,-1,2,patient,INT9,0.8237971698113208,2.008562268308734,3.051221098811725,0.045742924528301886,0.13045990566037735,1696,50
CCRCC,shipped,hoptimus1,patient,abs,2,-1,0,patient,INT23,0.8097791798107256,1.7942511802166843,3.12455588110082,0.14098422712933753,0.049236593059936905,4755,50
CCRCC,shipped,hoptimus1,patient,abs,2,-1,0,patient,INT6,0.843933253873659,1.7942511802166654,2.592742883943357,0.0800238379022646,0.07604290822407628,1678,50
CCRCC,shipped,hoptimus1,patient,abs,2,-1,0,patient,INT7,0.8392502106149958,1.794251180216675,2.7707568053868545,0.11287278854254422,0.04787700084245998,2374,50
CCRCC,shipped,hoptimus1,patient,abs,2,-1,0,patient,INT8,0.7071831708568497,1.7942511802166683,4.061021128242242,0.23631605951770138,0.05650076962544895,1949,50
CCRCC,shipped,hoptimus1,patient,abs,2,-1,1,patient,INT23,0.7998065194532071,2.014658707178107,3.7563934323263846,0.19241219768664564,0.007781282860147214,4755,50
CCRCC,shipped,hoptimus1,patient,abs,2,-1,1,patient,INT6,0.885482717520858,2.0146587071781124,2.565394009061712,0.048998808104886764,0.06551847437425506,1678,50
CCRCC,shipped,hoptimus1,patient,abs,2,-1,1,patient,INT7,0.8507666385846673,2.0146587071781092,3.250761183464633,0.14425442291491153,0.00497893850042123,2374,50
CCRCC,shipped,hoptimus1,patient,abs,2,-1,1,patient,INT8,0.7235813237557721,2.0146587071781124,4.4408234567152824,0.2576603386351975,0.01875833760903027,1949,50
CCRCC,shipped,hoptimus1,patient,abs,2,-1,2,patient,INT23,0.9455057833859095,3.21250398748142,3.76705671875362,0.05280757097791798,0.0016866456361724503,4755,50
CCRCC,shipped,hoptimus1,patient,abs,2,-1,2,patient,INT6,0.9778784266984505,3.212503987481433,3.3290182414587175,0.022109654350417163,1.1918951132300358e-05,1678,50
CCRCC,shipped,hoptimus1,patient,abs,2,-1,2,patient,INT7,0.9658803706823926,3.2125039874814068,3.3895810077878523,0.03411962931760741,0.0,2374,50
CCRCC,shipped,hoptimus1,patient,abs,2,-1,2,patient,INT8,0.8676859928168291,3.212503987481424,4.238785705292718,0.13180092355053874,0.000513083632632119,1949,50
CCRCC,shipped,hoptimus1,patient,abs,3,-1,0,patient,INT2,0.8930232558139535,1.9761419665917237,2.570938702536968,0.04722480620155038,0.05975193798449612,2580,50
CCRCC,shipped,hoptimus1,patient,abs,3,-1,0,patient,INT3,0.8874040857000499,1.9761419665917241,2.5909609432255554,0.027214748380667664,0.0853811659192825,2007,50
CCRCC,shipped,hoptimus1,patient,abs,3,-1,0,patient,INT4,0.927813194959229,1.9761419665917257,2.3142750021151453,0.01685693106004448,0.05532987398072646,1349,50
CCRCC,shipped,hoptimus1,patient,abs,3,-1,0,patient,INT5,0.26165261382799326,1.9761419665917277,18.45719686427196,0.7374198988195616,0.0009274873524451939,1186,50
CCRCC,shipped,hoptimus1,patient,abs,3,-1,1,patient,INT2,0.8265891472868216,1.9343145373141892,3.1323915278016794,0.026643410852713177,0.14676744186046511,2580,50
CCRCC,shipped,hoptimus1,patient,abs,3,-1,1,patient,INT3,0.8267563527653213,1.9343145373141846,3.1129516789551257,0.019152964623816642,0.154090682610862,2007,50
CCRCC,shipped,hoptimus1,patient,abs,3,-1,1,patient,INT4,0.8290882134914752,1.9343145373141832,3.040157510119929,0.007813194959229058,0.16309859154929576,1349,50
CCRCC,shipped,hoptimus1,patient,abs,3,-1,1,patient,INT5,0.2672006745362563,1.9343145373141828,17.238713206399535,0.7294940978077571,0.003305227655986509,1186,50
CCRCC,shipped,hoptimus1,patient,abs,3,-1,2,patient,INT2,0.8290232558139534,1.7741218193840131,2.797299039496652,0.0518062015503876,0.1191705426356589,2580,50
CCRCC,shipped,hoptimus1,patient,abs,3,-1,2,patient,INT3,0.8278525161933235,1.7741218193840107,2.8090800689724067,0.02916791230692576,0.14297957149975088,2007,50
CCRCC,shipped,hoptimus1,patient,abs,3,-1,2,patient,INT4,0.8301853224610822,1.774121819384013,2.784207052814832,0.013402520385470719,0.156412157153447,1349,50
CCRCC,shipped,hoptimus1,patient,abs,3,-1,2,patient,INT5,0.24239460370994942,1.774121819384014,18.611886357495038,0.7545699831365935,0.0030354131534569982,1186,50
CCRCC,shipped,hoptimus1,patient,abs,4,-1,0,patient,INT1,0.9671217712177121,2.4785407325694164,2.6707946464001053,0.030129151291512914,0.0027490774907749076,1084,50
CCRCC,shipped,hoptimus1,patient,abs,4,-1,0,patient,INT20,0.9820493827160494,2.478540732569434,2.5830788548165575,0.006510288065843622,0.011440329218106995,4860,50
CCRCC,shipped,hoptimus1,patient,abs,4,-1,0,patient,INT21,0.9497728643216081,2.478540732569434,2.7863703580428365,0.04851055276381909,0.0017165829145728644,4975,50
CCRCC,shipped,hoptimus1,patient,abs,4,-1,0,patient,INT22,0.9421885609819796,2.4785407325694195,2.903101416469817,0.05649516845129277,0.001316270566727605,3829,50
CCRCC,shipped,hoptimus1,patient,abs,4,-1,1,patient,INT1,0.6652767527675277,2.090446784826241,4.021845687329797,0.005793357933579336,0.328929889298893,1084,50
CCRCC,shipped,hoptimus1,patient,abs,4,-1,1,patient,INT20,0.9619465020576132,2.0904467848262436,2.2493123996667963,0.010938271604938272,0.02711522633744856,4860,50
CCRCC,shipped,hoptimus1,patient,abs,4,-1,1,patient,INT21,0.9132221105527638,2.090446784826246,2.6475778084544483,0.06994572864321608,0.0168321608040201,4975,50
CCRCC,shipped,hoptimus1,patient,abs,4,-1,1,patient,INT22,0.905489683990598,2.0904467848262387,2.738795313902374,0.08454426743275006,0.009966048576651867,3829,50
CCRCC,shipped,hoptimus1,patient,abs,4,-1,2,patient,INT1,0.7932287822878229,2.2171346948227892,3.098907521359843,0.007841328413284132,0.198929889298893,1084,50
CCRCC,shipped,hoptimus1,patient,abs,4,-1,2,patient,INT20,0.9679135802469137,2.2171346948228043,2.392880557510631,0.012497942386831275,0.019588477366255144,4860,50
CCRCC,shipped,hoptimus1,patient,abs,4,-1,2,patient,INT21,0.9276301507537689,2.2171346948228052,2.6487108552804206,0.06277788944723618,0.009591959798994975,4975,50
CCRCC,shipped,hoptimus1,patient,abs,4,-1,2,patient,INT22,0.925144946461217,2.2171346948227866,2.7902604987768194,0.06852441890833115,0.006330634630451815,3829,50
CCRCC,shipped,hoptimus1,patient,abs,5,-1,0,patient,INT16,0.9438427947598254,2.244092180450066,2.797538449586571,0.05130380536494074,0.004853399875233937,3206,50
CCRCC,shipped,hoptimus1,patient,abs,5,-1,0,patient,INT17,0.9660195258019526,2.2440921804500684,2.3890879285849,0.0240278940027894,0.009952580195258019,3585,50
CCRCC,shipped,hoptimus1,patient,abs,5,-1,0,patient,INT18,0.8670803662258393,2.2440921804500586,3.1467886613148632,0.10716988809766023,0.02574974567650051,4915,50
CCRCC,shipped,hoptimus1,patient,abs,5,-1,0,patient,INT19,0.9798140662894099,2.2440921804500578,2.3155655685883194,0.016455133387227164,0.003730800323362975,4948,50
CCRCC,shipped,hoptimus1,patient,abs,5,-1,1,patient,INT16,0.9374235807860262,2.207337117947743,2.7552339276231574,0.054366812227074235,0.008209606986899563,3206,50
CCRCC,shipped,hoptimus1,patient,abs,5,-1,1,patient,INT17,0.9481059972105997,2.207337117947734,2.4661081801920086,0.03674198047419805,0.015152022315202232,3585,50
CCRCC,shipped,hoptimus1,patient,abs,5,-1,1,patient,INT18,0.8606795523906409,2.207337117947717,3.112279722197986,0.09193489318413021,0.04738555442522889,4915,50
CCRCC,shipped,hoptimus1,patient,abs,5,-1,1,patient,INT19,0.973322554567502,2.207337117947717,2.3025683553191443,0.02326192400970089,0.00341552142279709,4948,50
CCRCC,shipped,hoptimus1,patient,abs,5,-1,2,patient,INT16,0.9744603867747972,2.888846792405892,3.291565104513411,0.025446038677479726,9.357454772301933e-05,3206,50
CCRCC,shipped,hoptimus1,patient,abs,5,-1,2,patient,INT17,0.9873528591352858,2.888846792405884,2.951588218058126,0.009712691771269178,0.002934449093444909,3585,50
CCRCC,shipped,hoptimus1,patient,abs,5,-1,2,patient,INT18,0.948618514750763,2.8888467924058405,3.2085371708157884,0.029680569684638863,0.02170091556459817,4915,50
CCRCC,shipped,hoptimus1,patient,abs,5,-1,2,patient,INT19,0.9962772837510105,2.888846792405839,2.901432671551228,0.0025424413904607925,0.0011802748585286985,4948,50
CCRCC,shipped,hoptimus1,patient,scaled,0,-1,0,patient,INT13,0.891465932553338,2.231000764646064,2.9370543665027906,0.10690066529020417,0.0016334021564579032,4359,50
CCRCC,shipped,hoptimus1,patient,scaled,0,-1,0,patient,INT14,0.9606225339763261,2.2187499336199203,2.371604366496035,0.03270495396755809,0.006672512056115739,4562,50
CCRCC,shipped,hoptimus1,patient,scaled,0,-1,0,patient,INT15,0.9270161943319838,2.3395717222826367,2.731584491495233,0.05645344129554655,0.016530364372469634,4940,50
CCRCC,shipped,hoptimus1,patient,scaled,0,-1,0,patient,INT24,0.9375565410199556,2.2970988834022377,2.8273850942118237,0.058997782705099776,0.0034456762749445675,4510,50
CCRCC,shipped,hoptimus1,patient,scaled,0,-1,1,patient,INT13,0.943945859142005,2.461890457048505,2.7699953527482757,0.054058270245469144,0.0019958706125258086,4359,50
CCRCC,shipped,hoptimus1,patient,scaled,0,-1,1,patient,INT14,0.9778912757562473,2.4710399299260044,2.556652976334996,0.019193336256028058,0.0029153879877246817,4562,50
CCRCC,shipped,hoptimus1,patient,scaled,0,-1,1,patient,INT15,0.9572105263157894,2.5535296223525368,2.7734057585832494,0.03474089068825911,0.008048582995951417,4940,50
CCRCC,shipped,hoptimus1,patient,scaled,0,-1,1,patient,INT24,0.9400975609756098,2.5177729873878834,3.086179274458715,0.05600000000000001,0.0039024390243902448,4510,50
CCRCC,shipped,hoptimus1,patient,scaled,0,-1,2,patient,INT13,0.7894241798577656,2.097693890784116,4.198281515475294,0.20482220692819453,0.005753613214039916,4359,50
CCRCC,shipped,hoptimus1,patient,scaled,0,-1,2,patient,INT14,0.8707277509864094,2.0106127373729032,2.8037064493616692,0.12768522577816746,0.00158702323542306,4562,50
CCRCC,shipped,hoptimus1,patient,scaled,0,-1,2,patient,INT15,0.8492226720647773,2.2140523714957094,3.379644258784579,0.14820242914979756,0.0025748987854251016,4940,50
CCRCC,shipped,hoptimus1,patient,scaled,0,-1,2,patient,INT24,0.8834412416851442,2.2422599788260937,3.2688620405850757,0.11588913525498891,0.0006696230598669623,4510,50
CCRCC,shipped,hoptimus1,patient,scaled,1,-1,0,patient,INT10,0.8500050428643469,2.0091964625035525,3.15321806315174,0.14564800806858297,0.004346949067070096,1983,50
CCRCC,shipped,hoptimus1,patient,scaled,1,-1,0,patient,INT11,0.8728283530229326,2.3436820909064426,3.127577584361136,0.04597637248088951,0.0811952744961779,1439,50
CCRCC,shipped,hoptimus1,patient,scaled,1,-1,0,patient,INT12,0.8318401102687801,2.262077651080059,3.1800784275013103,0.01684355616815989,0.15131633356305996,1451,50
CCRCC,shipped,hoptimus1,patient,scaled,1,-1,0,patient,INT9,0.9040683962264151,2.275443414669949,2.788740390797118,0.03689858490566038,0.05903301886792453,1696,50
CCRCC,shipped,hoptimus1,patient,scaled,1,-1,1,patient,INT10,0.8358144225920323,2.0596402453417095,3.3835230987216183,0.16226928895612708,0.0019162884518406453,1983,50
CCRCC,shipped,hoptimus1,patient,scaled,1,-1,1,patient,INT11,0.9078804725503822,2.577529692295784,3.134558828064946,0.05178596247394023,0.040333564975677555,1439,50
CCRCC,shipped,hoptimus1,patient,scaled,1,-1,1,patient,INT12,0.9476085458304618,2.6095788641232915,2.827496863413748,0.020882150241212954,0.031509303928325294,1451,50
CCRCC,shipped,hoptimus1,patient,scaled,1,-1,1,patient,INT9,0.9262028301886792,2.272296054361076,2.7367891655044274,0.06597877358490566,0.007818396226415093,1696,50
CCRCC,shipped,hoptimus1,patient,scaled,1,-1,2,patient,INT10,0.8353605648008069,1.9940836019491093,3.3280582478950693,0.15419062027231467,0.010448814926878467,1983,50
CCRCC,shipped,hoptimus1,patient,scaled,1,-1,2,patient,INT11,0.8390687977762334,2.4209231387391554,3.310126721275166,0.04276580958999305,0.11816539263377346,1439,50
CCRCC,shipped,hoptimus1,patient,scaled,1,-1,2,patient,INT12,0.7433907649896624,2.4006587502345496,4.02631649859409,0.011219848380427291,0.2453893866299104,1451,50
CCRCC,shipped,hoptimus1,patient,scaled,1,-1,2,patient,INT9,0.9004245283018868,2.270063239620983,2.8023285059530996,0.04584905660377358,0.053726415094339626,1696,50
CCRCC,shipped,hoptimus1,patient,scaled,2,-1,0,patient,INT23,0.8123743427970557,1.7891266226856153,3.112734798000042,0.1440168243953733,0.043608832807570976,4755,50
CCRCC,shipped,hoptimus1,patient,scaled,2,-1,0,patient,INT6,0.9016924910607866,1.9251769283997908,2.435414308571589,0.06960667461263409,0.02870083432657926,1678,50
CCRCC,shipped,hoptimus1,patient,scaled,2,-1,0,patient,INT7,0.8668491996630161,1.8628348681194702,2.651741979534915,0.10443976411120472,0.028711036225779276,2374,50
CCRCC,shipped,hoptimus1,patient,scaled,2,-1,0,patient,INT8,0.7748281169830682,2.0141602742413083,3.6322071652599486,0.19213955874807592,0.03303232426885582,1949,50
CCRCC,shipped,hoptimus1,patient,scaled,2,-1,1,patient,INT23,0.778956887486856,1.966979860204524,3.868764405353162,0.21128916929547845,0.009753943217665616,4755,50
CCRCC,shipped,hoptimus1,patient,scaled,2,-1,1,patient,INT6,0.9311680572109654,2.2898254385617083,2.6252087351597813,0.04044100119189511,0.028390941597139455,1678,50
CCRCC,shipped,hoptimus1,patient,scaled,2,-1,1,patient,INT7,0.8673209772535805,2.180202577503542,3.316055230528262,0.1309435551811289,0.0017354675652906488,2374,50
CCRCC,shipped,hoptimus1,patient,scaled,2,-1,1,patient,INT8,0.8035915854284248,2.4150293051040133,3.997198097895047,0.19159569009748587,0.0048127244740892765,1949,50
CCRCC,shipped,hoptimus1,patient,scaled,2,-1,2,patient,INT23,0.9438780231335435,3.347396025338313,3.8425493056593636,0.05431756046267087,0.001804416403785489,4755,50
CCRCC,shipped,hoptimus1,patient,scaled,2,-1,2,patient,INT6,0.9692491060786651,3.1122456578012736,3.275430116732409,0.030750893921334926,0.0,1678,50
CCRCC,shipped,hoptimus1,patient,scaled,2,-1,2,patient,INT7,0.9409688289806235,3.0147884387450987,3.4033207746814536,0.05903117101937658,0.0,2374,50
CCRCC,shipped,hoptimus1,patient,scaled,2,-1,2,patient,INT8,0.8672447408927656,3.2138058785798695,4.229854244995475,0.13264238070805542,0.00011287839917906618,1949,50
CCRCC,shipped,hoptimus1,patient,scaled,3,-1,0,patient,INT2,0.9112558139534883,2.0375517186297825,2.522584099009991,0.04956589147286822,0.03917829457364341,2580,50
CCRCC,shipped,hoptimus1,patient,scaled,3,-1,0,patient,INT3,0.9370901843547582,2.2723619141986746,2.6054616963104564,0.02582959641255605,0.0370802192326856,2007,50
CCRCC,shipped,hoptimus1,patient,scaled,3,-1,0,patient,INT4,0.9471905114899926,2.0073649635324795,2.2381076457060365,0.0206819866567828,0.03212750185322461,1349,50
CCRCC,shipped,hoptimus1,patient,scaled,3,-1,0,patient,INT5,0.2966779089376054,2.219214175789358,17.080771418575793,0.7029679595278246,0.00035413153456998316,1186,50
CCRCC,shipped,hoptimus1,patient,scaled,3,-1,1,patient,INT2,0.9172713178294574,2.367065622533143,2.8914516244059065,0.015914728682170542,0.06681395348837209,2580,50
CCRCC,shipped,hoptimus1,patient,scaled,3,-1,1,patient,INT3,0.934170403587444,2.5213610688096284,2.948409358259182,0.012486297957149974,0.05334329845540608,2007,50
CCRCC,shipped,hoptimus1,patient,scaled,3,-1,1,patient,INT4,0.9296664195700519,2.3244414223279946,2.6942548027582025,0.008851000741289843,0.061482579688658265,1349,50
CCRCC,shipped,hoptimus1,patient,scaled,3,-1,1,patient,INT5,0.35858347386172007,2.4835984777963707,14.055196051702843,0.6409106239460372,0.0005059021922428331,1186,50
CCRCC,shipped,hoptimus1,patient,scaled,3,-1,2,patient,INT2,0.8894108527131783,1.9243601128262504,2.5334711954465994,0.047085271317829455,0.06350387596899225,2580,50
CCRCC,shipped,hoptimus1,patient,scaled,3,-1,2,patient,INT3,0.9143996013951171,2.054689813432702,2.5051427429526756,0.027244643746885896,0.058355754857997016,2007,50
CCRCC,shipped,hoptimus1,patient,scaled,3,-1,2,patient,INT4,0.9096515937731653,1.8827684940968592,2.3348843423793597,0.01850259451445515,0.07184581171237954,1349,50
CCRCC,shipped,hoptimus1,patient,scaled,3,-1,2,patient,INT5,0.2729005059021922,2.011708441535974,17.066614339916274,0.7267284991568297,0.0003709949409780776,1186,50
CCRCC,shipped,hoptimus1,patient,scaled,4,-1,0,patient,INT1,0.9707933579335792,2.5793204549640536,2.760172625838619,0.028966789667896675,0.00023985239852398525,1084,50
CCRCC,shipped,hoptimus1,patient,scaled,4,-1,0,patient,INT20,0.9684609053497942,2.1129191075614706,2.269883519427551,0.018563786008230453,0.012975308641975308,4860,50
CCRCC,shipped,hoptimus1,patient,scaled,4,-1,0,patient,INT21,0.938564824120603,2.3903659933579906,2.7418485327275555,0.058826130653266334,0.0026090452261306536,4975,50
CCRCC,shipped,hoptimus1,patient,scaled,4,-1,0,patient,INT22,0.8933873073909637,2.0996289629361042,2.893464871862667,0.10419430660746931,0.002418386001566989,3829,50
CCRCC,shipped,hoptimus1,patient,scaled,4,-1,1,patient,INT1,0.7485793357933579,2.434349237417189,3.6952484163984773,0.003856088560885609,0.24756457564575643,1084,50
CCRCC,shipped,hoptimus1,patient,scaled,4,-1,1,patient,INT20,0.9603539094650206,1.9747696686064646,2.139328390308253,0.01780246913580247,0.021843621399176952,4860,50
CCRCC,shipped,hoptimus1,patient,scaled,4,-1,1,patient,INT21,0.9008402010050252,2.0129548947438334,2.6478983039046344,0.08055075376884423,0.01860904522613065,4975,50
CCRCC,shipped,hoptimus1,patient,scaled,4,-1,1,patient,INT22,0.8926508226691042,2.0456199767160848,2.7679058830344094,0.09946200052232959,0.007887176808566205,3829,50
CCRCC,shipped,hoptimus1,patient,scaled,4,-1,2,patient,INT1,0.8830073800738008,2.6413961139399644,2.994769120908941,0.004391143911439114,0.11260147601476016,1084,50
CCRCC,shipped,hoptimus1,patient,scaled,4,-1,2,patient,INT20,0.9543580246913581,1.9905970063832918,2.2166220776790397,0.02993415637860082,0.015707818930041154,4860,50
CCRCC,shipped,hoptimus1,patient,scaled,4,-1,2,patient,INT21,0.924478391959799,2.2367176464835503,2.6792157484414334,0.06858291457286432,0.0069386934673366825,4975,50
CCRCC,shipped,hoptimus1,patient,scaled,4,-1,2,patient,INT22,0.913000783494385,2.169325848729336,2.7937218385695677,0.08195351266649256,0.005045703839122486,3829,50
CCRCC,shipped,hoptimus1,patient,scaled,5,-1,0,patient,INT16,0.8792825951341235,1.8051900176464368,2.7781548434399532,0.11380536494073612,0.006912039925140362,3206,50
CCRCC,shipped,hoptimus1,patient,scaled,5,-1,0,patient,INT17,0.9403960948396094,1.9901312099739241,2.301811742377481,0.050984658298465824,0.008619246861924687,3585,50
CCRCC,shipped,hoptimus1,patient,scaled,5,-1,0,patient,INT18,0.8546205493387589,2.1790032650241384,3.224782221666773,0.12580671414038658,0.019572736520854526,4915,50
CCRCC,shipped,hoptimus1,patient,scaled,5,-1,0,patient,INT19,0.9431083265966046,1.8939951285193404,2.1628840431372827,0.05270412287793048,0.004187550525464834,4948,50
CCRCC,shipped,hoptimus1,patient,scaled,5,-1,1,patient,INT16,0.8699937616968185,1.7529490849725635,2.75756425596609,0.12416718652526512,0.005839051777916406,3206,50
CCRCC,shipped,hoptimus1,patient,scaled,5,-1,1,patient,INT17,0.9182147838214785,1.9511918113635836,2.451539013479339,0.07457182705718271,0.007213389121338913,3585,50
CCRCC,shipped,hoptimus1,patient,scaled,5,-1,1,patient,INT18,0.8804191251271618,2.284977119650453,3.1104107715390064,0.09690335707019329,0.022677517802644966,4915,50
CCRCC,shipped,hoptimus1,patient,scaled,5,-1,1,patient,INT19,0.9158649959579628,1.8028149901483923,2.2329138371913984,0.08188763136620857,0.002247372675828618,4948,50
CCRCC,shipped,hoptimus1,patient,scaled,5,-1,2,patient,INT16,0.922170929507174,2.2886693377999876,2.973515617999587,0.07709295071740487,0.0007361197754210854,3206,50
CCRCC,shipped,hoptimus1,patient,scaled,5,-1,2,patient,INT17,0.9682287308228732,2.4897302750802255,2.662005190013518,0.030633193863319388,0.0011380753138075315,3585,50
CCRCC,shipped,hoptimus1,patient,scaled,5,-1,2,patient,INT18,0.9580671414038657,2.9997719317801352,3.279089708232508,0.03650864699898271,0.005424211597151577,4915,50
CCRCC,shipped,hoptimus1,patient,scaled,5,-1,2,patient,INT19,0.9732012934518999,2.3379688428340013,2.4543002630522817,0.026079223928860147,0.000719482619240097,4948,50
CCRCC,shipped,hoptimus1,random,abs,0,0,0,spot,INT1,0.9005797101449275,1.6316531110144266,2.0660158901877055,0.035217391304347825,0.06420289855072464,276,50
CCRCC,shipped,hoptimus1,random,abs,0,0,0,spot,INT10,0.8211489361702128,1.631653111014426,2.703735814005716,0.12706382978723404,0.051787234042553185,470,50
CCRCC,shipped,hoptimus1,random,abs,0,0,0,spot,INT11,0.81625,1.6316531110144263,2.6778838471599187,0.10909090909090909,0.07465909090909091,352,50
CCRCC,shipped,hoptimus1,random,abs,0,0,0,spot,INT12,0.869266862170088,1.6316531110144266,2.275886325132273,0.051495601173020523,0.0792375366568915,341,50
CCRCC,shipped,hoptimus1,random,abs,0,0,0,spot,INT13,0.9047463768115942,1.6316531110144257,2.0353319835466994,0.06666666666666667,0.02858695652173913,1104,50
CCRCC,shipped,hoptimus1,random,abs,0,0,0,spot,INT14,0.9427549194991056,1.6316531110144257,1.8340463379561405,0.04599284436493739,0.011252236135957066,1118,50
CCRCC,shipped,hoptimus1,random,abs,0,0,0,spot,INT15,0.9254706355591311,1.6316531110144243,1.929171812998545,0.05467417538213998,0.01985518905872888,1243,50
CCRCC,shipped,hoptimus1,random,abs,0,0,0,spot,INT16,0.9298853503184713,1.6316531110144268,1.9100833702662257,0.05559235668789809,0.014522292993630573,785,50
CCRCC,shipped,hoptimus1,random,abs,0,0,0,spot,INT17,0.9487542857142857,1.6316531110144266,1.8340383813126238,0.04308571428571429,0.00816,875,50
CCRCC,shipped,hoptimus1,random,abs,0,0,0,spot,INT18,0.8913588283157039,1.6316531110144243,2.124767236660888,0.07046379170056957,0.038177379983726605,1229,50
CCRCC,shipped,hoptimus1,random,abs,0,0,0,spot,INT19,0.9574328859060403,1.6316531110144248,1.7924022998265685,0.037751677852348994,0.0048154362416107386,1192,50
CCRCC,shipped,hoptimus1,random,abs,0,0,0,spot,INT2,0.8815703703703704,1.6316531110144266,2.1602022257991593,0.061362962962962966,0.05706666666666667,675,50
CCRCC,shipped,hoptimus1,random,abs,0,0,0,spot,INT20,0.9511222780569514,1.6316531110144248,1.8338427892930271,0.040134003350083755,0.008743718592964824,1194,50
CCRCC,shipped,hoptimus1,random,abs,0,0,0,spot,INT21,0.9060591133004927,1.6316531110144246,2.0207060728764477,0.059507389162561576,0.034433497536945815,1218,50
CCRCC,shipped,hoptimus1,random,abs,0,0,0,spot,INT22,0.910103305785124,1.6316531110144266,1.9749396084014066,0.06473140495867769,0.025165289256198348,968,50
CCRCC,shipped,hoptimus1,random,abs,0,0,0,spot,INT23,0.8792394122731202,1.6316531110144252,2.1292761594006304,0.06770959377700951,0.053050993949870354,1157,50
CCRCC,shipped,hoptimus1,random,abs,0,0,0,spot,INT24,0.90915135608049,1.6316531110144255,2.1017252896009992,0.06757655293088365,0.02327209098862642,1143,50
CCRCC,shipped,hoptimus1,random,abs,0,0,0,spot,INT3,0.8949407114624506,1.631653111014426,2.0585673603202745,0.051936758893280636,0.05312252964426877,506,50
CCRCC,shipped,hoptimus1,random,abs,0,0,0,spot,INT4,0.8790390390390391,1.6316531110144266,2.179104931466045,0.01933933933933934,0.10162162162162161,333,50
CCRCC,shipped,hoptimus1,random,abs,0,0,0,spot,INT5,0.6141254125412542,1.6316531110144266,4.328132468976184,0.3561056105610561,0.02976897689768977,303,50
CCRCC,shipped,hoptimus1,random,abs,0,0,0,spot,INT6,0.8722137404580153,1.6316531110144263,2.2619036190943222,0.07251908396946564,0.05526717557251908,393,50
CCRCC,shipped,hoptimus1,random,abs,0,0,0,spot,INT7,0.8668376068376068,1.6316531110144257,2.2352902462329496,0.08235897435897437,0.0508034188034188,585,50
CCRCC,shipped,hoptimus1,random,abs,0,0,0,spot,INT8,0.7893333333333333,1.631653111014426,2.8314140017854714,0.13270833333333334,0.07795833333333334,480,50
CCRCC,shipped,hoptimus1,random,abs,0,0,0,spot,INT9,0.8677030162412993,1.631653111014426,2.2987436103908463,0.0677030162412993,0.06459396751740139,431,50
CCRCC,shipped,hoptimus1,random,abs,0,1,0,spot,INT1,0.9102681992337165,1.6279394487168073,1.998434769976977,0.03203065134099617,0.057701149425287354,261,50
CCRCC,shipped,hoptimus1,random,abs,0,1,0,spot,INT10,0.8292702169625247,1.6279394487168037,2.6668251028952246,0.12686390532544378,0.04386587771203156,507,50
CCRCC,shipped,hoptimus1,random,abs,0,1,0,spot,INT11,0.821264367816092,1.6279394487168057,2.59057191815317,0.0954022988505747,0.08333333333333334,348,50
CCRCC,shipped,hoptimus1,random,abs,0,1,0,spot,INT12,0.8719667590027701,1.6279394487168053,2.2184931473301073,0.05418282548476454,0.07385041551246538,361,50
CCRCC,shipped,hoptimus1,random,abs,0,1,0,spot,INT13,0.9024799286351473,1.6279394487168017,2.032115471151978,0.06688670829616414,0.030633363068688673,1121,50
CCRCC,shipped,hoptimus1,random,abs,0,1,0,spot,INT14,0.9440382775119618,1.6279394487168026,1.8228493084683501,0.045339712918660284,0.010622009569377991,1045,50
CCRCC,shipped,hoptimus1,random,abs,0,1,0,spot,INT15,0.9259520000000001,1.6279394487167997,1.9223238650139358,0.054672,0.019376,1250,50
CCRCC,shipped,hoptimus1,random,abs,0,1,0,spot,INT16,0.9290281329923273,1.6279394487168042,1.910027776041656,0.05736572890025576,0.013606138107416878,782,50
CCRCC,shipped,hoptimus1,random,abs,0,1,0,spot,INT17,0.9480136208853576,1.627939448716803,1.8351559216902833,0.043155505107832004,0.008830874006810444,881,50
CCRCC,shipped,hoptimus1,random,abs,0,1,0,spot,INT18,0.8912231404958678,1.6279394487168006,2.1239913927557352,0.07021487603305786,0.03856198347107438,1210,50
CCRCC,shipped,hoptimus1,random,abs,0,1,0,spot,INT19,0.9550712489522213,1.6279394487168009,1.8015596174148707,0.040352053646269904,0.004576697401508801,1193,50
CCRCC,shipped,hoptimus1,random,abs,0,1,0,spot,INT2,0.8910323574730354,1.6279394487168053,2.0979068019514973,0.05331278890600925,0.05565485362095532,649,50
CCRCC,shipped,hoptimus1,random,abs,0,1,0,spot,INT20,0.9520289855072464,1.6279394487167997,1.8298104982427086,0.04099838969404186,0.006972624798711755,1242,50
CCRCC,shipped,hoptimus1,random,abs,0,1,0,spot,INT21,0.9068959868959869,1.6279394487168002,2.011973558446332,0.05975429975429975,0.03334971334971335,1221,50
CCRCC,shipped,hoptimus1,random,abs,0,1,0,spot,INT22,0.9036030204962243,1.6279394487168029,2.006652383516939,0.07182308522114347,0.024573894282632146,927,50
CCRCC,shipped,hoptimus1,random,abs,0,1,0,spot,INT23,0.8802409638554216,1.627939448716801,2.1052441499220276,0.06344234079173838,0.05631669535283994,1162,50
CCRCC,shipped,hoptimus1,random,abs,0,1,0,spot,INT24,0.9052613538988861,1.627939448716801,2.1377278735121807,0.07278491859468723,0.021953727506426737,1167,50
CCRCC,shipped,hoptimus1,random,abs,0,1,0,spot,INT3,0.9002255639097744,1.627939448716804,2.0140083753978293,0.0474812030075188,0.052293233082706767,532,50
CCRCC,shipped,hoptimus1,random,abs,0,1,0,spot,INT4,0.8760248447204969,1.6279394487168062,2.1851237869916065,0.017701863354037266,0.10627329192546585,322,50
CCRCC,shipped,hoptimus1,random,abs,0,1,0,spot,INT5,0.6115302491103203,1.627939448716807,4.35678131282294,0.3538790035587189,0.034590747330960854,281,50
CCRCC,shipped,hoptimus1,random,abs,0,1,0,spot,INT6,0.8691262135922331,1.6279394487168048,2.2611609959439303,0.07344660194174757,0.05742718446601941,412,50
CCRCC,shipped,hoptimus1,random,abs,0,1,0,spot,INT7,0.8667096774193549,1.6279394487168048,2.2395232795392257,0.08290322580645162,0.05038709677419355,620,50
CCRCC,shipped,hoptimus1,random,abs,0,1,0,spot,INT8,0.7905806451612903,1.6279394487168042,2.7718761688782974,0.13772043010752688,0.07169892473118279,465,50
CCRCC,shipped,hoptimus1,random,abs,0,1,0,spot,INT9,0.8608737864077669,1.6279394487168048,2.310620692544457,0.07684466019417475,0.062281553398058256,412,50
CCRCC,shipped,hoptimus1,random,abs,0,2,0,spot,INT1,0.9128571428571429,1.628134329925533,2.013563921697444,0.0335,0.05364285714285714,280,50
CCRCC,shipped,hoptimus1,random,abs,0,2,0,spot,INT10,0.8306333973128599,1.628134329925533,2.6316521289191748,0.12502879078694817,0.04433781190019194,521,50
CCRCC,shipped,hoptimus1,random,abs,0,2,0,spot,INT11,0.8085405405405406,1.628134329925533,2.774516770800188,0.11897297297297298,0.07248648648648649,370,50
CCRCC,shipped,hoptimus1,random,abs,0,2,0,spot,INT12,0.8621529745042493,1.6281343299255335,2.3395215765047515,0.06702549575070821,0.0708215297450425,353,50
CCRCC,shipped,hoptimus1,random,abs,0,2,0,spot,INT13,0.9039069767441861,1.6281343299255326,2.01924616033164,0.06690232558139535,0.029190697674418606,1075,50
CCRCC,shipped,hoptimus1,random,abs,0,2,0,spot,INT14,0.9445626690712353,1.6281343299255329,1.8251283526815263,0.0442380522993688,0.011199278629395853,1109,50
CCRCC,shipped,hoptimus1,random,abs,0,2,0,spot,INT15,0.9261019736842105,1.6281343299255338,1.9144366465503422,0.052796052631578945,0.021101973684210528,1216,50
CCRCC,shipped,hoptimus1,random,abs,0,2,0,spot,INT16,0.9266582278481014,1.6281343299255324,1.9168242865882252,0.05982278481012658,0.01351898734177215,790,50
CCRCC,shipped,hoptimus1,random,abs,0,2,0,spot,INT17,0.9462514156285391,1.6281343299255324,1.846005525639553,0.04385050962627407,0.009898074745186863,883,50
CCRCC,shipped,hoptimus1,random,abs,0,2,0,spot,INT18,0.8937283950617284,1.6281343299255338,2.1194748329961266,0.06490534979423869,0.04136625514403292,1215,50
CCRCC,shipped,hoptimus1,random,abs,0,2,0,spot,INT19,0.9588976377952756,1.6281343299255342,1.7757292003364957,0.03622047244094488,0.004881889763779528,1270,50
CCRCC,shipped,hoptimus1,random,abs,0,2,0,spot,INT2,0.8847832585949178,1.6281343299255315,2.146406335549931,0.05973094170403588,0.05548579970104634,669,50
CCRCC,shipped,hoptimus1,random,abs,0,2,0,spot,INT20,0.9506244796003331,1.6281343299255338,1.837664494939628,0.041465445462114905,0.007910074937552039,1201,50
CCRCC,shipped,hoptimus1,random,abs,0,2,0,spot,INT21,0.9040032546786004,1.628134329925534,2.0071825588824215,0.06302685109845402,0.03296989422294549,1229,50
CCRCC,shipped,hoptimus1,random,abs,0,2,0,spot,INT22,0.9069498910675381,1.6281343299255324,1.9983945187679921,0.0681917211328976,0.02485838779956427,918,50
CCRCC,shipped,hoptimus1,random,abs,0,2,0,spot,INT23,0.8783731211317418,1.628134329925533,2.1304622432450224,0.06716180371352785,0.05446507515473033,1131,50
CCRCC,shipped,hoptimus1,random,abs,0,2,0,spot,INT24,0.9047027027027028,1.6281343299255329,2.1247489249670286,0.06918918918918919,0.026108108108108107,1110,50
CCRCC,shipped,hoptimus1,random,abs,0,2,0,spot,INT3,0.898156862745098,1.628134329925533,2.0334799666394843,0.052000000000000005,0.04984313725490196,510,50
CCRCC,shipped,hoptimus1,random,abs,0,2,0,spot,INT4,0.8722033898305085,1.6281343299255335,2.229492677309546,0.01943502824858757,0.10836158192090396,354,50
CCRCC,shipped,hoptimus1,random,abs,0,2,0,spot,INT5,0.6367259786476869,1.628134329925533,4.124601105617764,0.32163701067615663,0.041637010676156584,281,50
CCRCC,shipped,hoptimus1,random,abs,0,2,0,spot,INT6,0.8643544303797468,1.628134329925533,2.325300922774949,0.09103797468354431,0.04460759493670886,395,50
CCRCC,shipped,hoptimus1,random,abs,0,2,0,spot,INT7,0.8723958333333333,1.6281343299255326,2.2066780069313277,0.08354166666666667,0.0440625,576,50
CCRCC,shipped,hoptimus1,random,abs,0,2,0,spot,INT8,0.7856184486373166,1.628134329925533,2.8975556071757236,0.129937106918239,0.08444444444444445,477,50
CCRCC,shipped,hoptimus1,random,abs,0,2,0,spot,INT9,0.8631050228310503,1.628134329925533,2.3171488746067475,0.06269406392694064,0.07420091324200913,438,50
CCRCC,shipped,hoptimus1,random,abs,0,3,0,spot,INT1,0.9040441176470588,1.6331466144855846,2.0688812936047203,0.030735294117647062,0.06522058823529413,272,50
CCRCC,shipped,hoptimus1,random,abs,0,3,0,spot,INT10,0.8297475728155339,1.6331466144855853,2.655401194246261,0.12687378640776698,0.043378640776699035,515,50
CCRCC,shipped,hoptimus1,random,abs,0,3,0,spot,INT11,0.8246022727272727,1.6331466144855842,2.552234140559565,0.07977272727272727,0.095625,352,50
CCRCC,shipped,hoptimus1,random,abs,0,3,0,spot,INT12,0.8635148514851485,1.6331466144855844,2.329775463998583,0.05485148514851486,0.08163366336633664,404,50
CCRCC,shipped,hoptimus1,random,abs,0,3,0,spot,INT13,0.904568345323741,1.6331466144855893,2.0309518859440527,0.06557553956834532,0.02985611510791367,1112,50
CCRCC,shipped,hoptimus1,random,abs,0,3,0,spot,INT14,0.9416457960644007,1.6331466144855893,1.8396671927039494,0.048801431127012525,0.009552772808586763,1118,50
CCRCC,shipped,hoptimus1,random,abs,0,3,0,spot,INT15,0.924237427864798,1.6331466144855908,1.9284585658525877,0.05597691673536686,0.01978565539983512,1213,50
CCRCC,shipped,hoptimus1,random,abs,0,3,0,spot,INT16,0.9317195767195767,1.6331466144855862,1.9075292024064716,0.05436507936507936,0.013915343915343914,756,50
CCRCC,shipped,hoptimus1,random,abs,0,3,0,spot,INT17,0.9477168949771689,1.6331466144855873,1.8349783773758341,0.04388127853881278,0.008401826484018264,876,50
CCRCC,shipped,hoptimus1,random,abs,0,3,0,spot,INT18,0.9004351329572926,1.6331466144855913,2.084022364484314,0.06575342465753424,0.03381144238517325,1241,50
CCRCC,shipped,hoptimus1,random,abs,0,3,0,spot,INT19,0.9590766694146744,1.6331466144855908,1.7791811267487894,0.03535037098103875,0.005572959604286891,1213,50
CCRCC,shipped,hoptimus1,random,abs,0,3,0,spot,INT2,0.8896784565916398,1.6331466144855855,2.118656784670928,0.0590032154340836,0.05131832797427653,622,50
CCRCC,shipped,hoptimus1,random,abs,0,3,0,spot,INT20,0.9536806722689076,1.6331466144855904,1.8300495327758972,0.03852100840336135,0.007798319327731093,1190,50
CCRCC,shipped,hoptimus1,random,abs,0,3,0,spot,INT21,0.9083374689826303,1.6331466144855906,2.0028369746759007,0.060413564929693964,0.031248966087675766,1209,50
CCRCC,shipped,hoptimus1,random,abs,0,3,0,spot,INT22,0.9095092693565977,1.6331466144855875,1.9872621320912527,0.06726281352235551,0.023227917121046895,917,50
CCRCC,shipped,hoptimus1,random,abs,0,3,0,spot,INT23,0.8797213114754098,1.6331466144855908,2.1133756299330084,0.06450819672131147,0.055770491803278685,1220,50
CCRCC,shipped,hoptimus1,random,abs,0,3,0,spot,INT24,0.908613406795225,1.6331466144855888,2.1007835758779123,0.06758494031221303,0.023801652892561986,1089,50
CCRCC,shipped,hoptimus1,random,abs,0,3,0,spot,INT3,0.8969734151329243,1.633146614485585,2.052877033102048,0.0469120654396728,0.056114519427402865,489,50
CCRCC,shipped,hoptimus1,random,abs,0,3,0,spot,INT4,0.890060975609756,1.6331466144855837,2.1130065919517342,0.020182926829268297,0.08975609756097562,328,50
CCRCC,shipped,hoptimus1,random,abs,0,3,0,spot,INT5,0.5986617100371747,1.6331466144855846,4.350078855750268,0.3715985130111524,0.02973977695167286,269,50
CCRCC,shipped,hoptimus1,random,abs,0,3,0,spot,INT6,0.8639260969976905,1.6331466144855846,2.317705947190744,0.08009237875288683,0.05598152424942263,433,50
CCRCC,shipped,hoptimus1,random,abs,0,3,0,spot,INT7,0.8747350427350428,1.6331466144855855,2.2108159808552483,0.08136752136752136,0.0438974358974359,585,50
CCRCC,shipped,hoptimus1,random,abs,0,3,0,spot,INT8,0.7851968503937008,1.6331466144855853,2.8740106098599307,0.13850393700787403,0.07629921259842519,508,50
CCRCC,shipped,hoptimus1,random,abs,0,3,0,spot,INT9,0.8636363636363636,1.6331466144855846,2.3171927291218117,0.07145454545454545,0.06490909090909092,440,50
CCRCC,shipped,hoptimus1,random,abs,0,4,0,spot,INT1,0.9056296296296296,1.6209966586183326,2.0601699238003066,0.034962962962962967,0.05940740740740741,270,50
CCRCC,shipped,hoptimus1,random,abs,0,4,0,spot,INT10,0.8140127388535032,1.6209966586183326,2.7601207715175646,0.13902335456475584,0.046963906581740975,471,50
CCRCC,shipped,hoptimus1,random,abs,0,4,0,spot,INT11,0.8185907859078592,1.6209966586183333,2.6871047972250235,0.11078590785907858,0.07062330623306233,369,50
CCRCC,shipped,hoptimus1,random,abs,0,4,0,spot,INT12,0.8583283582089553,1.620996658618333,2.3379269558120734,0.0622089552238806,0.07946268656716418,335,50
CCRCC,shipped,hoptimus1,random,abs,0,4,0,spot,INT13,0.9029277218664227,1.620996658618334,2.028891197803053,0.06629460201280878,0.030777676120768524,1093,50
CCRCC,shipped,hoptimus1,random,abs,0,4,0,spot,INT14,0.943547557840617,1.6209966586183326,1.8194934672630974,0.04714652956298201,0.009305912596401029,1167,50
CCRCC,shipped,hoptimus1,random,abs,0,4,0,spot,INT15,0.9252380952380952,1.6209966586183322,1.9263903649708718,0.05274220032840723,0.022019704433497534,1218,50
CCRCC,shipped,hoptimus1,random,abs,0,4,0,spot,INT16,0.9260277427490543,1.620996658618333,1.9027992948252384,0.05858764186633039,0.015384615384615385,793,50
CCRCC,shipped,hoptimus1,random,abs,0,4,0,spot,INT17,0.9466817155756208,1.6209966586183335,1.8320523621775358,0.04480812641083522,0.008510158013544019,886,50
CCRCC,shipped,hoptimus1,random,abs,0,4,0,spot,INT18,0.8924899274778404,1.6209966586183315,2.101740747098691,0.0682836422240129,0.03922643029814666,1241,50
CCRCC,shipped,hoptimus1,random,abs,0,4,0,spot,INT19,0.9554193548387098,1.6209966586183315,1.7843191731912866,0.038419354838709674,0.006161290322580645,1240,50
CCRCC,shipped,hoptimus1,random,abs,0,4,0,spot,INT2,0.8888320000000001,1.6209966586183326,2.0881369937240977,0.054016,0.057152,625,50
CCRCC,shipped,hoptimus1,random,abs,0,4,0,spot,INT20,0.9506351791530945,1.620996658618332,1.826763780433299,0.041579804560260586,0.007785016286644951,1228,50
CCRCC,shipped,hoptimus1,random,abs,0,4,0,spot,INT21,0.9059771986970684,1.620996658618332,2.010799692248524,0.06315960912052117,0.03086319218241042,1228,50
CCRCC,shipped,hoptimus1,random,abs,0,4,0,spot,INT22,0.9065105908584169,1.6209966586183335,1.9942146163960617,0.06577480490523968,0.02771460423634337,897,50
CCRCC,shipped,hoptimus1,random,abs,0,4,0,spot,INT23,0.8753050847457626,1.6209966586183326,2.1320984833529453,0.07213559322033898,0.052559322033898306,1180,50
CCRCC,shipped,hoptimus1,random,abs,0,4,0,spot,INT24,0.9026277372262774,1.620996658618334,2.129346853973757,0.07204379562043796,0.025328467153284673,1096,50
CCRCC,shipped,hoptimus1,random,abs,0,4,0,spot,INT3,0.8988796680497926,1.6209966586183326,2.0253542017223394,0.050788381742738586,0.050331950207468876,482,50
CCRCC,shipped,hoptimus1,random,abs,0,4,0,spot,INT4,0.885,1.620996658618333,2.1291275846448436,0.02067073170731707,0.09432926829268293,328,50
CCRCC,shipped,hoptimus1,random,abs,0,4,0,spot,INT5,0.6002013422818792,1.6209966586183324,4.598981029253991,0.36583892617449665,0.033959731543624166,298,50
CCRCC,shipped,hoptimus1,random,abs,0,4,0,spot,INT6,0.863400447427293,1.620996658618333,2.284715489647316,0.0810738255033557,0.05552572706935124,447,50
CCRCC,shipped,hoptimus1,random,abs,0,4,0,spot,INT7,0.8661962134251291,1.6209966586183324,2.248029656124213,0.0859552495697074,0.04784853700516352,581,50
CCRCC,shipped,hoptimus1,random,abs,0,4,0,spot,INT8,0.7836326530612244,1.6209966586183326,2.8620908046166527,0.1409795918367347,0.07538775510204082,490,50
CCRCC,shipped,hoptimus1,random,abs,0,4,0,spot,INT9,0.868970588235294,1.620996658618333,2.2563487974892262,0.06416666666666666,0.06686274509803922,408,50
CCRCC,shipped,hoptimus1,random,abs,1,0,0,spot,INT1,0.8985882352941177,1.6291245434352672,2.072115356937781,0.04305882352941176,0.05835294117647059,85,50
CCRCC,shipped,hoptimus1,random,abs,1,0,0,spot,INT10,0.8451851851851852,1.6291245434352675,2.4770806008748854,0.11195767195767195,0.04285714285714286,189,50
CCRCC,shipped,hoptimus1,random,abs,1,0,0,spot,INT11,0.8428070175438596,1.6291245434352675,2.4564773740023282,0.09070175438596491,0.06649122807017543,114,50
CCRCC,shipped,hoptimus1,random,abs,1,0,0,spot,INT12,0.8687096774193549,1.6291245434352675,2.2887854825659746,0.06080645161290322,0.07048387096774193,124,50
CCRCC,shipped,hoptimus1,random,abs,1,0,0,spot,INT13,0.9105764411027569,1.6291245434352664,2.0084118575307532,0.0625563909774436,0.026867167919799498,399,50
CCRCC,shipped,hoptimus1,random,abs,1,0,0,spot,INT14,0.9465415549597855,1.6291245434352666,1.8125092130782594,0.04386058981233244,0.009597855227882037,373,50
CCRCC,shipped,hoptimus1,random,abs,1,0,0,spot,INT15,0.9318433179723502,1.6291245434352661,1.89293339117273,0.04838709677419355,0.01976958525345622,434,50
CCRCC,shipped,hoptimus1,random,abs,1,0,0,spot,INT16,0.9241984732824428,1.6291245434352672,1.9302263708917398,0.05862595419847328,0.01717557251908397,262,50
CCRCC,shipped,hoptimus1,random,abs,1,0,0,spot,INT17,0.9518562874251496,1.6291245434352668,1.8145818181624938,0.03964071856287425,0.008502994011976048,334,50
CCRCC,shipped,hoptimus1,random,abs,1,0,0,spot,INT18,0.8980717488789237,1.6291245434352661,2.084907879577928,0.06497757847533632,0.03695067264573991,446,50
CCRCC,shipped,hoptimus1,random,abs,1,0,0,spot,INT19,0.9569931662870159,1.6291245434352661,1.782923683637434,0.03808656036446469,0.004920273348519362,439,50
CCRCC,shipped,hoptimus1,random,abs,1,0,0,spot,INT2,0.8872961373390558,1.6291245434352672,2.130566057088012,0.0648068669527897,0.047896995708154505,233,50
CCRCC,shipped,hoptimus1,random,abs,1,0,0,spot,INT20,0.9539013452914799,1.6291245434352661,1.814974758626711,0.04035874439461883,0.005739910313901345,446,50
CCRCC,shipped,hoptimus1,random,abs,1,0,0,spot,INT21,0.9066666666666667,1.6291245434352661,2.009847201189733,0.059223744292237444,0.034109589041095886,438,50
CCRCC,shipped,hoptimus1,random,abs,1,0,0,spot,INT22,0.9091379310344827,1.6291245434352666,2.000992502044261,0.07005747126436782,0.020804597701149428,348,50
CCRCC,shipped,hoptimus1,random,abs,1,0,0,spot,INT23,0.8793087557603687,1.6291245434352664,2.132470655419472,0.06935483870967742,0.051336405529953916,434,50
CCRCC,shipped,hoptimus1,random,abs,1,0,0,spot,INT24,0.9089252336448598,1.6291245434352664,2.1064737137964413,0.0658411214953271,0.025233644859813085,428,50
CCRCC,shipped,hoptimus1,random,abs,1,0,0,spot,INT3,0.8971428571428571,1.6291245434352675,2.0283570401951225,0.050510204081632655,0.0523469387755102,196,50
CCRCC,shipped,hoptimus1,random,abs,1,0,0,spot,INT4,0.8985185185185185,1.6291245434352675,2.039671279167928,0.020185185185185184,0.0812962962962963,108,50
CCRCC,shipped,hoptimus1,random,abs,1,0,0,spot,INT5,0.6067889908256882,1.6291245434352675,4.487740578061082,0.35357798165137616,0.03963302752293578,109,50
CCRCC,shipped,hoptimus1,random,abs,1,0,0,spot,INT6,0.8612587412587412,1.6291245434352675,2.2843008861980287,0.08097902097902099,0.05776223776223777,143,50
CCRCC,shipped,hoptimus1,random,abs,1,0,0,spot,INT7,0.8640883977900552,1.6291245434352675,2.241122908392136,0.08762430939226519,0.04828729281767956,181,50
CCRCC,shipped,hoptimus1,random,abs,1,0,0,spot,INT8,0.7865030674846626,1.6291245434352675,2.7693443307503087,0.13656441717791412,0.07693251533742332,163,50
CCRCC,shipped,hoptimus1,random,abs,1,0,0,spot,INT9,0.8608391608391608,1.6291245434352675,2.331345009665865,0.06601398601398602,0.07314685314685315,143,50
CCRCC,shipped,hoptimus1,random,abs,1,1,0,spot,INT1,0.9355555555555556,1.6265889232695352,1.859284946946956,0.024444444444444446,0.04,99,50
CCRCC,shipped,hoptimus1,random,abs,1,1,0,spot,INT10,0.8381176470588235,1.6265889232695352,2.5153928758829225,0.10952941176470589,0.05235294117647059,170,50
CCRCC,shipped,hoptimus1,random,abs,1,1,0,spot,INT11,0.8147899159663865,1.6265889232695354,2.609711554900789,0.10420168067226891,0.08100840336134453,119,50
CCRCC,shipped,hoptimus1,random,abs,1,1,0,spot,INT12,0.8738095238095238,1.6265889232695354,2.2087566045465863,0.04904761904761904,0.07714285714285714,126,50
CCRCC,shipped,hoptimus1,random,abs,1,1,0,spot,INT13,0.9066009852216749,1.6265889232695334,2.0166471918504127,0.05990147783251231,0.033497536945812804,406,50
CCRCC,shipped,hoptimus1,random,abs,1,1,0,spot,INT14,0.9433082706766918,1.6265889232695339,1.8342525084671508,0.04731829573934837,0.0093734335839599,399,50
CCRCC,shipped,hoptimus1,random,abs,1,1,0,spot,INT15,0.9254503464203233,1.6265889232695332,1.9194796578001405,0.05381062355658199,0.020739030023094688,433,50
CCRCC,shipped,hoptimus1,random,abs,1,1,0,spot,INT16,0.9319702602230484,1.626588923269535,1.887295510004117,0.054869888475836424,0.013159851301115242,269,50
CCRCC,shipped,hoptimus1,random,abs,1,1,0,spot,INT17,0.940456026058632,1.626588923269535,1.8656044243611576,0.047882736156351795,0.011661237785016288,307,50
CCRCC,shipped,hoptimus1,random,abs,1,1,0,spot,INT18,0.8895591647331788,1.6265889232695332,2.143355698173728,0.07215777262180974,0.0382830626450116,431,50
CCRCC,shipped,hoptimus1,random,abs,1,1,0,spot,INT19,0.9565310492505352,1.626588923269533,1.7908594132925721,0.03931477516059957,0.004154175588865097,467,50
CCRCC,shipped,hoptimus1,random,abs,1,1,0,spot,INT2,0.8844036697247707,1.626588923269535,2.15903011410899,0.06844036697247707,0.0471559633027523,218,50
CCRCC,shipped,hoptimus1,random,abs,1,1,0,spot,INT20,0.9585714285714286,1.626588923269533,1.8008892479260084,0.03459821428571428,0.006830357142857143,448,50
CCRCC,shipped,hoptimus1,random,abs,1,1,0,spot,INT21,0.9036444444444445,1.626588923269533,2.000169728587583,0.06208888888888889,0.03426666666666667,450,50
CCRCC,shipped,hoptimus1,random,abs,1,1,0,spot,INT22,0.9003943661971832,1.6265889232695343,2.031005252736218,0.07605633802816901,0.023549295774647885,355,50
CCRCC,shipped,hoptimus1,random,abs,1,1,0,spot,INT23,0.877605633802817,1.6265889232695332,2.1176359156106015,0.0676056338028169,0.0547887323943662,426,50
CCRCC,shipped,hoptimus1,random,abs,1,1,0,spot,INT24,0.9084711779448621,1.6265889232695339,2.0932670364653263,0.06350877192982456,0.028020050125313282,399,50
CCRCC,shipped,hoptimus1,random,abs,1,1,0,spot,INT3,0.9017543859649122,1.6265889232695352,2.0077846362887164,0.04912280701754385,0.04912280701754385,171,50
CCRCC,shipped,hoptimus1,random,abs,1,1,0,spot,INT4,0.8953846153846153,1.6265889232695354,2.069431223490193,0.016923076923076926,0.0876923076923077,130,50
CCRCC,shipped,hoptimus1,random,abs,1,1,0,spot,INT5,0.6082222222222222,1.6265889232695352,4.6357634427716565,0.348,0.04377777777777778,90,50
CCRCC,shipped,hoptimus1,random,abs,1,1,0,spot,INT6,0.8752671755725191,1.6265889232695354,2.255044656749295,0.0717557251908397,0.05297709923664122,131,50
CCRCC,shipped,hoptimus1,random,abs,1,1,0,spot,INT7,0.8670642201834862,1.626588923269535,2.217702776964824,0.08385321100917432,0.04908256880733945,218,50
CCRCC,shipped,hoptimus1,random,abs,1,1,0,spot,INT8,0.7931360946745563,1.6265889232695352,2.760556839991443,0.13408284023668637,0.0727810650887574,169,50
CCRCC,shipped,hoptimus1,random,abs,1,1,0,spot,INT9,0.846376811594203,1.6265889232695354,2.384801180734542,0.06971014492753623,0.08391304347826085,138,50
CCRCC,shipped,hoptimus1,random,abs,1,2,0,spot,INT1,0.8912087912087913,1.6343646238319325,2.1246435860837116,0.03274725274725274,0.07604395604395604,91,50
CCRCC,shipped,hoptimus1,random,abs,1,2,0,spot,INT10,0.8287562189054727,1.6343646238319331,2.6004368178959765,0.12935323383084577,0.04189054726368159,201,50
CCRCC,shipped,hoptimus1,random,abs,1,2,0,spot,INT11,0.8011382113821138,1.634364623831933,2.764362935491319,0.11170731707317072,0.08715447154471544,123,50
CCRCC,shipped,hoptimus1,random,abs,1,2,0,spot,INT12,0.8568253968253968,1.634364623831933,2.3682479167631962,0.05825396825396825,0.08492063492063492,126,50
CCRCC,shipped,hoptimus1,random,abs,1,2,0,spot,INT13,0.910765306122449,1.6343646238319343,1.995753934264073,0.06204081632653061,0.027193877551020408,392,50
CCRCC,shipped,hoptimus1,random,abs,1,2,0,spot,INT14,0.9406303724928367,1.634364623831934,1.8537263957189634,0.051060171919770775,0.00830945558739255,349,50
CCRCC,shipped,hoptimus1,random,abs,1,2,0,spot,INT15,0.9273991031390135,1.6343646238319343,1.9432408700004435,0.05322869955156951,0.01937219730941704,446,50
CCRCC,shipped,hoptimus1,random,abs,1,2,0,spot,INT16,0.9314657980456026,1.6343646238319338,1.894901142792126,0.054136807817589574,0.014397394136807818,307,50
CCRCC,shipped,hoptimus1,random,abs,1,2,0,spot,INT17,0.9465868263473054,1.634364623831934,1.8511723843318009,0.04353293413173653,0.009880239520958085,334,50
CCRCC,shipped,hoptimus1,random,abs,1,2,0,spot,INT18,0.8995693779904306,1.6343646238319343,2.0902084088326465,0.06138755980861244,0.039043062200956935,418,50
CCRCC,shipped,hoptimus1,random,abs,1,2,0,spot,INT19,0.9594711538461539,1.6343646238319343,1.783567091903908,0.035048076923076925,0.005480769230769231,416,50
CCRCC,shipped,hoptimus1,random,abs,1,2,0,spot,INT2,0.8867811158798282,1.6343646238319334,2.162792266999017,0.06523605150214593,0.047982832618025745,233,50
CCRCC,shipped,hoptimus1,random,abs,1,2,0,spot,INT20,0.9588746803069054,1.6343646238319343,1.801604546751549,0.03524296675191816,0.0058823529411764705,391,50
CCRCC,shipped,hoptimus1,random,abs,1,2,0,spot,INT21,0.9079550561797752,1.6343646238319343,1.9994777229824252,0.06175280898876404,0.030292134831460676,445,50
CCRCC,shipped,hoptimus1,random,abs,1,2,0,spot,INT22,0.9043373493975904,1.634364623831934,2.020465851752344,0.07078313253012049,0.024879518072289154,332,50
CCRCC,shipped,hoptimus1,random,abs,1,2,0,spot,INT23,0.8903317535545024,1.6343646238319343,2.0692048934508582,0.06227488151658767,0.047393364928909956,422,50
CCRCC,shipped,hoptimus1,random,abs,1,2,0,spot,INT24,0.901826923076923,1.6343646238319343,2.1552482443313683,0.07024038461538462,0.027932692307692308,416,50
CCRCC,shipped,hoptimus1,random,abs,1,2,0,spot,INT3,0.9115909090909091,1.6343646238319331,1.9847554194788666,0.03875,0.04965909090909091,176,50
CCRCC,shipped,hoptimus1,random,abs,1,2,0,spot,INT4,0.8711627906976744,1.634364623831933,2.242689307507609,0.025271317829457365,0.10356589147286822,129,50
CCRCC,shipped,hoptimus1,random,abs,1,2,0,spot,INT5,0.5899115044247787,1.634364623831933,4.660716875764666,0.3807079646017699,0.02938053097345133,113,50
CCRCC,shipped,hoptimus1,random,abs,1,2,0,spot,INT6,0.8507006369426752,1.634364623831933,2.4181611584522997,0.09821656050955414,0.0510828025477707,157,50
CCRCC,shipped,hoptimus1,random,abs,1,2,0,spot,INT7,0.8624644549763033,1.6343646238319334,2.2865328722657368,0.0919431279620853,0.04559241706161138,211,50
CCRCC,shipped,hoptimus1,random,abs,1,2,0,spot,INT8,0.7708695652173913,1.6343646238319331,2.978962643084024,0.16652173913043478,0.06260869565217392,184,50
CCRCC,shipped,hoptimus1,random,abs,1,2,0,spot,INT9,0.8661146496815287,1.634364623831933,2.2951837458919995,0.053375796178343954,0.08050955414012739,157,50
CCRCC,shipped,hoptimus1,random,abs,1,3,0,spot,INT1,0.9197435897435898,1.6352855818511034,1.9859766532955765,0.038974358974358976,0.04128205128205128,78,50
CCRCC,shipped,hoptimus1,random,abs,1,3,0,spot,INT10,0.847103825136612,1.635285581851104,2.5312461728559676,0.11202185792349727,0.040874316939890715,183,50
CCRCC,shipped,hoptimus1,random,abs,1,3,0,spot,INT11,0.8191489361702128,1.635285581851104,2.604371364005367,0.09460992907801419,0.08624113475177304,141,50
CCRCC,shipped,hoptimus1,random,abs,1,3,0,spot,INT12,0.8627777777777778,1.635285581851104,2.360991549855619,0.05916666666666667,0.07805555555555556,144,50
CCRCC,shipped,hoptimus1,random,abs,1,3,0,spot,INT13,0.9056488549618321,1.6352855818511056,2.034103152641257,0.06661577608142494,0.027735368956743,393,50
CCRCC,shipped,hoptimus1,random,abs,1,3,0,spot,INT14,0.9459134615384616,1.6352855818511056,1.8251024457030829,0.044855769230769234,0.009230769230769232,416,50
CCRCC,shipped,hoptimus1,random,abs,1,3,0,spot,INT15,0.9245238095238095,1.6352855818511056,1.948693570664871,0.05628571428571428,0.019190476190476192,420,50
CCRCC,shipped,hoptimus1,random,abs,1,3,0,spot,INT16,0.9291756272401434,1.6352855818511043,1.9060514848443373,0.056487455197132615,0.014336917562724014,279,50
CCRCC,shipped,hoptimus1,random,abs,1,3,0,spot,INT17,0.9460567823343848,1.6352855818511045,1.8583299334629608,0.04410094637223975,0.009842271293375395,317,50
CCRCC,shipped,hoptimus1,random,abs,1,3,0,spot,INT18,0.8951960784313725,1.6352855818511054,2.108986233647449,0.07014705882352941,0.03465686274509804,408,50
CCRCC,shipped,hoptimus1,random,abs,1,3,0,spot,INT19,0.957687074829932,1.6352855818511056,1.8003044131657637,0.03736961451247165,0.004943310657596372,441,50
CCRCC,shipped,hoptimus1,random,abs,1,3,0,spot,INT2,0.8796875,1.635285581851104,2.177075800380732,0.0621875,0.058125,256,50
CCRCC,shipped,hoptimus1,random,abs,1,3,0,spot,INT20,0.9514022988505747,1.6352855818511056,1.8283922548875255,0.04036781609195402,0.008229885057471265,435,50
CCRCC,shipped,hoptimus1,random,abs,1,3,0,spot,INT21,0.9055140186915888,1.6352855818511056,2.0137644873547713,0.06327102803738317,0.031214953271028033,428,50
CCRCC,shipped,hoptimus1,random,abs,1,3,0,spot,INT22,0.9142690058479532,1.6352855818511052,1.9571390483819817,0.06526315789473684,0.02046783625730994,342,50
CCRCC,shipped,hoptimus1,random,abs,1,3,0,spot,INT23,0.8845238095238095,1.6352855818511054,2.087674084638782,0.06514285714285714,0.050333333333333334,420,50
CCRCC,shipped,hoptimus1,random,abs,1,3,0,spot,INT24,0.9079493670886076,1.6352855818511054,2.1108478923144487,0.06582278481012659,0.02622784810126582,395,50
CCRCC,shipped,hoptimus1,random,abs,1,3,0,spot,INT3,0.8930434782608695,1.635285581851104,2.046786873347859,0.0506832298136646,0.05627329192546584,161,50
CCRCC,shipped,hoptimus1,random,abs,1,3,0,spot,INT4,0.8811965811965813,1.6352855818511036,2.1931717596107903,0.018803418803418806,0.1,117,50
CCRCC,shipped,hoptimus1,random,abs,1,3,0,spot,INT5,0.6243478260869566,1.6352855818511036,4.269752379904069,0.33543478260869564,0.04021739130434782,92,50
CCRCC,shipped,hoptimus1,random,abs,1,3,0,spot,INT6,0.858481012658228,1.635285581851104,2.375522788039119,0.08088607594936709,0.060632911392405064,158,50
CCRCC,shipped,hoptimus1,random,abs,1,3,0,spot,INT7,0.8696363636363637,1.635285581851104,2.2228388161082027,0.09254545454545454,0.03781818181818182,220,50
CCRCC,shipped,hoptimus1,random,abs,1,3,0,spot,INT8,0.7986315789473685,1.6352855818511043,2.774053596135867,0.118,0.08336842105263158,190,50
CCRCC,shipped,hoptimus1,random,abs,1,3,0,spot,INT9,0.8677037037037038,1.635285581851104,2.2715359874496053,0.06044444444444444,0.07185185185185185,135,50
CCRCC,shipped,hoptimus1,random,abs,1,4,0,spot,INT1,0.9125,1.6311116285042095,2.0080455556879677,0.029545454545454545,0.05795454545454546,88,50
CCRCC,shipped,hoptimus1,random,abs,1,4,0,spot,INT10,0.8332183908045977,1.6311116285042093,2.596841714849641,0.12620689655172415,0.04057471264367816,174,50
CCRCC,shipped,hoptimus1,random,abs,1,4,0,spot,INT11,0.819672131147541,1.6311116285042093,2.585704692766967,0.0960655737704918,0.08426229508196721,122,50
CCRCC,shipped,hoptimus1,random,abs,1,4,0,spot,INT12,0.8754074074074074,1.6311116285042093,2.2426146698195253,0.061037037037037035,0.06355555555555555,135,50
CCRCC,shipped,hoptimus1,random,abs,1,4,0,spot,INT13,0.9082573726541555,1.6311116285042095,2.021716922705469,0.06021447721179625,0.031528150134048256,373,50
CCRCC,shipped,hoptimus1,random,abs,1,4,0,spot,INT14,0.9428641975308643,1.6311116285042095,1.8340501280524257,0.046419753086419754,0.010716049382716048,405,50
CCRCC,shipped,hoptimus1,random,abs,1,4,0,spot,INT15,0.9296666666666666,1.6311116285042095,1.9028724062110525,0.049523809523809526,0.020809523809523812,420,50
CCRCC,shipped,hoptimus1,random,abs,1,4,0,spot,INT16,0.9279704797047971,1.6311116285042095,1.9155173651101827,0.05667896678966789,0.015350553505535054,271,50
CCRCC,shipped,hoptimus1,random,abs,1,4,0,spot,INT17,0.9502821316614419,1.6311116285042095,1.8277235932485265,0.04169278996865204,0.008025078369905956,319,50
CCRCC,shipped,hoptimus1,random,abs,1,4,0,spot,INT18,0.8933618843683084,1.6311116285042095,2.111846732234645,0.06907922912205568,0.03755888650963597,467,50
CCRCC,shipped,hoptimus1,random,abs,1,4,0,spot,INT19,0.9595132743362832,1.6311116285042095,1.7779961657649341,0.036238938053097344,0.004247787610619469,452,50
CCRCC,shipped,hoptimus1,random,abs,1,4,0,spot,INT2,0.8870833333333333,1.6311116285042093,2.12288075925654,0.06508333333333334,0.04783333333333333,240,50
CCRCC,shipped,hoptimus1,random,abs,1,4,0,spot,INT20,0.9574117647058823,1.6311116285042095,1.8060140135481233,0.034823529411764705,0.007764705882352941,425,50
CCRCC,shipped,hoptimus1,random,abs,1,4,0,spot,INT21,0.9055274261603375,1.6311116285042095,2.015159210406778,0.057468354430379745,0.037004219409282696,474,50
CCRCC,shipped,hoptimus1,random,abs,1,4,0,spot,INT22,0.9056321839080459,1.6311116285042095,1.9915927197088987,0.0653448275862069,0.029022988505747124,348,50
CCRCC,shipped,hoptimus1,random,abs,1,4,0,spot,INT23,0.883514211886305,1.6311116285042095,2.099989573921565,0.06299741602067184,0.053488372093023255,387,50
CCRCC,shipped,hoptimus1,random,abs,1,4,0,spot,INT24,0.9043069306930692,1.6311116285042095,2.1314728120540822,0.07212871287128712,0.023564356435643564,404,50
CCRCC,shipped,hoptimus1,random,abs,1,4,0,spot,INT3,0.9001041666666667,1.6311116285042093,2.0144065308807053,0.04197916666666667,0.05791666666666667,192,50
CCRCC,shipped,hoptimus1,random,abs,1,4,0,spot,INT4,0.8772093023255814,1.6311116285042093,2.1992296748456375,0.014263565891472867,0.10852713178294573,129,50
CCRCC,shipped,hoptimus1,random,abs,1,4,0,spot,INT5,0.5892631578947368,1.6311116285042095,4.620752471568931,0.35031578947368425,0.06042105263157895,95,50
CCRCC,shipped,hoptimus1,random,abs,1,4,0,spot,INT6,0.8631654676258992,1.6311116285042093,2.3363514413572637,0.07841726618705036,0.058417266187050364,139,50
CCRCC,shipped,hoptimus1,random,abs,1,4,0,spot,INT7,0.8706666666666666,1.6311116285042093,2.223280276680278,0.09011111111111111,0.03922222222222222,180,50
CCRCC,shipped,hoptimus1,random,abs,1,4,0,spot,INT8,0.7645121951219512,1.6311116285042093,3.1130286572581367,0.16378048780487806,0.07170731707317074,164,50
CCRCC,shipped,hoptimus1,random,abs,1,4,0,spot,INT9,0.8665060240963856,1.6311116285042093,2.2694415028698494,0.06506024096385542,0.06843373493975903,166,50
CCRCC,shipped,hoptimus1,random,abs,2,0,0,spot,INT1,0.8920987654320988,1.6291274121861792,2.1504597639988505,0.02716049382716049,0.08074074074074074,162,50
CCRCC,shipped,hoptimus1,random,abs,2,0,0,spot,INT10,0.8301538461538462,1.629127412186179,2.699874748011654,0.11992307692307692,0.049923076923076924,260,50
CCRCC,shipped,hoptimus1,random,abs,2,0,0,spot,INT11,0.8107142857142857,1.6291274121861792,2.7342930479363816,0.11173469387755101,0.07755102040816327,196,50
CCRCC,shipped,hoptimus1,random,abs,2,0,0,spot,INT12,0.8657425742574257,1.6291274121861792,2.3331232229164454,0.06623762376237624,0.06801980198019802,202,50
CCRCC,shipped,hoptimus1,random,abs,2,0,0,spot,INT13,0.9072845528455286,1.6291274121861792,2.002041655105667,0.05912195121951219,0.03359349593495935,615,50
CCRCC,shipped,hoptimus1,random,abs,2,0,0,spot,INT14,0.9416383307573416,1.6291274121861792,1.8351618943187606,0.04816074188562597,0.010200927357032456,647,50
CCRCC,shipped,hoptimus1,random,abs,2,0,0,spot,INT15,0.9226744186046512,1.6291274121861796,1.9359172070710622,0.05755813953488373,0.019767441860465116,688,50
CCRCC,shipped,hoptimus1,random,abs,2,0,0,spot,INT16,0.9289135254988914,1.6291274121861783,1.9099096305700305,0.05835920177383592,0.012727272727272728,451,50
CCRCC,shipped,hoptimus1,random,abs,2,0,0,spot,INT17,0.9476895306859205,1.6291274121861787,1.8250164628098975,0.039386281588447654,0.012924187725631768,554,50
CCRCC,shipped,hoptimus1,random,abs,2,0,0,spot,INT18,0.8952124645892351,1.6291274121861792,2.0976773537938826,0.0671671388101983,0.037620396600566576,706,50
CCRCC,shipped,hoptimus1,random,abs,2,0,0,spot,INT19,0.9557839262187089,1.629127412186179,1.7889067822559872,0.039578392621870885,0.00463768115942029,759,50
CCRCC,shipped,hoptimus1,random,abs,2,0,0,spot,INT2,0.8802266288951841,1.629127412186178,2.190826074961422,0.07325779036827196,0.04651558073654391,353,50
CCRCC,shipped,hoptimus1,random,abs,2,0,0,spot,INT20,0.9537997256515776,1.6291274121861792,1.8159473677653668,0.038875171467764064,0.007325102880658436,729,50
CCRCC,shipped,hoptimus1,random,abs,2,0,0,spot,INT21,0.910805270863836,1.6291274121861796,2.0060541498136164,0.05850658857979503,0.03068814055636896,683,50
CCRCC,shipped,hoptimus1,random,abs,2,0,0,spot,INT22,0.9072556390977443,1.6291274121861783,2.0179411895000987,0.07116541353383458,0.02157894736842105,532,50
CCRCC,shipped,hoptimus1,random,abs,2,0,0,spot,INT23,0.8809366391184572,1.629127412186179,2.112019888644157,0.06663911845730028,0.05242424242424242,726,50
CCRCC,shipped,hoptimus1,random,abs,2,0,0,spot,INT24,0.9049262536873157,1.6291274121861796,2.130525321593046,0.06973451327433629,0.02533923303834808,678,50
CCRCC,shipped,hoptimus1,random,abs,2,0,0,spot,INT3,0.8934000000000001,1.6291274121861783,2.0762026501032804,0.05146666666666667,0.05513333333333334,300,50
CCRCC,shipped,hoptimus1,random,abs,2,0,0,spot,INT4,0.8783,1.6291274121861792,2.220497603866523,0.0241,0.09759999999999999,200,50
CCRCC,shipped,hoptimus1,random,abs,2,0,0,spot,INT5,0.6281372549019608,1.6291274121861792,4.263870619718815,0.3327450980392157,0.03911764705882353,204,50
CCRCC,shipped,hoptimus1,random,abs,2,0,0,spot,INT6,0.8647692307692307,1.629127412186179,2.30659526562873,0.0736923076923077,0.06153846153846154,260,50
CCRCC,shipped,hoptimus1,random,abs,2,0,0,spot,INT7,0.8720467836257311,1.6291274121861778,2.2139981083306792,0.0883625730994152,0.0395906432748538,342,50
CCRCC,shipped,hoptimus1,random,abs,2,0,0,spot,INT8,0.7824905660377358,1.629127412186179,2.8879485380325365,0.14264150943396225,0.07486792452830189,265,50
CCRCC,shipped,hoptimus1,random,abs,2,0,0,spot,INT9,0.8684426229508196,1.629127412186179,2.2722114501446806,0.0801639344262295,0.05139344262295082,244,50
CCRCC,shipped,hoptimus1,random,abs,2,1,0,spot,INT1,0.894904458598726,1.6253427306427748,2.0755381369966965,0.02917197452229299,0.07592356687898089,157,50
CCRCC,shipped,hoptimus1,random,abs,2,1,0,spot,INT10,0.8354208754208754,1.6253427306427768,2.554385199486567,0.1263973063973064,0.038181818181818185,297,50
CCRCC,shipped,hoptimus1,random,abs,2,1,0,spot,INT11,0.8098000000000001,1.6253427306427755,2.743599912746167,0.1075,0.0827,200,50
CCRCC,shipped,hoptimus1,random,abs,2,1,0,spot,INT12,0.8649289099526066,1.6253427306427755,2.310961509885887,0.05156398104265403,0.08350710900473933,211,50
CCRCC,shipped,hoptimus1,random,abs,2,1,0,spot,INT13,0.9043531202435312,1.6253427306427755,2.01818077078122,0.06547945205479451,0.030167427701674274,657,50
CCRCC,shipped,hoptimus1,random,abs,2,1,0,spot,INT14,0.9428526645768025,1.625342730642775,1.8252611397892777,0.04630094043887147,0.010846394984326017,638,50
CCRCC,shipped,hoptimus1,random,abs,2,1,0,spot,INT15,0.9264033850493653,1.6253427306427763,1.9214038052291613,0.05156558533145275,0.02203102961918195,709,50
CCRCC,shipped,hoptimus1,random,abs,2,1,0,spot,INT16,0.9257009345794392,1.625342730642775,1.9262892257946536,0.05901869158878505,0.0152803738317757,428,50
CCRCC,shipped,hoptimus1,random,abs,2,1,0,spot,INT17,0.9482575757575757,1.6253427306427743,1.8355521191080137,0.0434469696969697,0.008295454545454545,528,50
CCRCC,shipped,hoptimus1,random,abs,2,1,0,spot,INT18,0.8943732590529249,1.6253427306427763,2.110456383244829,0.06910863509749303,0.03651810584958217,718,50
CCRCC,shipped,hoptimus1,random,abs,2,1,0,spot,INT19,0.9579705882352941,1.625342730642776,1.7787882126723011,0.0375,0.0045294117647058825,680,50
CCRCC,shipped,hoptimus1,random,abs,2,1,0,spot,INT2,0.8841798941798942,1.6253427306427752,2.1354941032438846,0.05825396825396825,0.057566137566137564,378,50
CCRCC,shipped,hoptimus1,random,abs,2,1,0,spot,INT20,0.951972027972028,1.6253427306427763,1.8307301487289849,0.04151048951048951,0.0065174825174825176,715,50
CCRCC,shipped,hoptimus1,random,abs,2,1,0,spot,INT21,0.9042715700141443,1.6253427306427763,2.0167256471850976,0.06288543140028288,0.032842998585572845,707,50
CCRCC,shipped,hoptimus1,random,abs,2,1,0,spot,INT22,0.9070990990990991,1.6253427306427741,2.0032704557182117,0.06936936936936937,0.023531531531531532,555,50
CCRCC,shipped,hoptimus1,random,abs,2,1,0,spot,INT23,0.877888730385164,1.6253427306427761,2.1135039405270923,0.06156918687589158,0.06054208273894437,701,50
CCRCC,shipped,hoptimus1,random,abs,2,1,0,spot,INT24,0.9075894245723173,1.6253427306427752,2.1139194290310397,0.06556765163297044,0.026842923794712287,643,50
CCRCC,shipped,hoptimus1,random,abs,2,1,0,spot,INT3,0.9078709677419354,1.6253427306427763,1.9782155348717354,0.0467741935483871,0.045354838709677416,310,50
CCRCC,shipped,hoptimus1,random,abs,2,1,0,spot,INT4,0.8784782608695652,1.625342730642775,2.1540267974646303,0.021304347826086957,0.10021739130434783,184,50
CCRCC,shipped,hoptimus1,random,abs,2,1,0,spot,INT5,0.568876404494382,1.625342730642775,4.832331929472907,0.40067415730337075,0.030449438202247193,178,50
CCRCC,shipped,hoptimus1,random,abs,2,1,0,spot,INT6,0.86256,1.6253427306427763,2.32110252365793,0.0876,0.04984,250,50
CCRCC,shipped,hoptimus1,random,abs,2,1,0,spot,INT7,0.8718378378378379,1.6253427306427755,2.2212700177272664,0.08302702702702704,0.04513513513513514,370,50
CCRCC,shipped,hoptimus1,random,abs,2,1,0,spot,INT8,0.7793684210526315,1.6253427306427763,2.938546434208331,0.1432982456140351,0.07733333333333334,285,50
CCRCC,shipped,hoptimus1,random,abs,2,1,0,spot,INT9,0.8689494163424125,1.6253427306427763,2.222956718068778,0.07151750972762647,0.05953307392996109,257,50
CCRCC,shipped,hoptimus1,random,abs,2,2,0,spot,INT1,0.9152941176470588,1.627072798489651,1.9835047091717346,0.03294117647058823,0.05176470588235294,153,50
CCRCC,shipped,hoptimus1,random,abs,2,2,0,spot,INT10,0.8453003533568905,1.627072798489651,2.505351360195054,0.11752650176678445,0.03717314487632509,283,50
CCRCC,shipped,hoptimus1,random,abs,2,2,0,spot,INT11,0.816923076923077,1.627072798489651,2.6276819772159166,0.10145299145299144,0.08162393162393161,234,50
CCRCC,shipped,hoptimus1,random,abs,2,2,0,spot,INT12,0.8634782608695651,1.627072798489651,2.3234890102033234,0.05643478260869565,0.08008695652173912,230,50
CCRCC,shipped,hoptimus1,random,abs,2,2,0,spot,INT13,0.9055573505654282,1.6270727984896496,2.0271273736413957,0.06697899838449112,0.02746365105008078,619,50
CCRCC,shipped,hoptimus1,random,abs,2,2,0,spot,INT14,0.9445896656534954,1.6270727984896478,1.8201760546329155,0.046261398176291796,0.009148936170212766,658,50
CCRCC,shipped,hoptimus1,random,abs,2,2,0,spot,INT15,0.9230095759233926,1.6270727984896451,1.9406139339080495,0.05578659370725034,0.021203830369357045,731,50
CCRCC,shipped,hoptimus1,random,abs,2,2,0,spot,INT16,0.9246501128668172,1.6270727984896522,1.9213259318566047,0.06185101580135441,0.013498871331828442,443,50
CCRCC,shipped,hoptimus1,random,abs,2,2,0,spot,INT17,0.9494488188976378,1.6270727984896518,1.8303634093768992,0.04326771653543307,0.007283464566929135,508,50
CCRCC,shipped,hoptimus1,random,abs,2,2,0,spot,INT18,0.8928881987577639,1.6270727984896485,2.125198089078933,0.07111801242236025,0.03599378881987578,644,50
CCRCC,shipped,hoptimus1,random,abs,2,2,0,spot,INT19,0.9604761904761905,1.6270727984896456,1.771650926454554,0.034565826330532214,0.004957983193277311,714,50
CCRCC,shipped,hoptimus1,random,abs,2,2,0,spot,INT2,0.8916042780748663,1.6270727984896522,2.089300001125358,0.06074866310160428,0.04764705882352941,374,50
CCRCC,shipped,hoptimus1,random,abs,2,2,0,spot,INT20,0.955103734439834,1.6270727984896454,1.8038559652451653,0.03704011065006916,0.007856154910096818,723,50
CCRCC,shipped,hoptimus1,random,abs,2,2,0,spot,INT21,0.9057894736842106,1.6270727984896438,2.005744009641076,0.06071052631578947,0.0335,760,50
CCRCC,shipped,hoptimus1,random,abs,2,2,0,spot,INT22,0.9083179297597043,1.6270727984896514,1.9854740743625388,0.06728280961182995,0.024399260628465803,541,50
CCRCC,shipped,hoptimus1,random,abs,2,2,0,spot,INT23,0.8774436090225564,1.6270727984896476,2.1273816183589647,0.07079699248120301,0.051759398496240595,665,50
CCRCC,shipped,hoptimus1,random,abs,2,2,0,spot,INT24,0.9031079136690647,1.6270727984896465,2.1252807895737917,0.07058992805755396,0.026302158273381292,695,50
CCRCC,shipped,hoptimus1,random,abs,2,2,0,spot,INT3,0.8950354609929079,1.627072798489651,2.050192362977267,0.05645390070921986,0.04851063829787235,282,50
CCRCC,shipped,hoptimus1,random,abs,2,2,0,spot,INT4,0.8717412935323384,1.627072798489651,2.1897976850784193,0.018208955223880597,0.1100497512437811,201,50
CCRCC,shipped,hoptimus1,random,abs,2,2,0,spot,INT5,0.604367816091954,1.6270727984896514,4.328684269664686,0.3647126436781609,0.030919540229885058,174,50
CCRCC,shipped,hoptimus1,random,abs,2,2,0,spot,INT6,0.8620967741935484,1.627072798489651,2.3120222968708823,0.08379032258064516,0.05411290322580645,248,50
CCRCC,shipped,hoptimus1,random,abs,2,2,0,spot,INT7,0.8706442577030812,1.6270727984896522,2.216316501167506,0.08341736694677872,0.04593837535014005,357,50
CCRCC,shipped,hoptimus1,random,abs,2,2,0,spot,INT8,0.7751236749116608,1.6270727984896514,2.9386716256995786,0.14869257950530035,0.07618374558303886,283,50
CCRCC,shipped,hoptimus1,random,abs,2,2,0,spot,INT9,0.8598305084745763,1.627072798489651,2.310437139272631,0.07508474576271187,0.06508474576271187,236,50
CCRCC,shipped,hoptimus1,random,abs,2,3,0,spot,INT1,0.9128947368421052,1.6337518713002164,1.9867440301561652,0.03394736842105263,0.053157894736842105,152,50
CCRCC,shipped,hoptimus1,random,abs,2,3,0,spot,INT10,0.8194982078853046,1.6337518713002175,2.6676219428020955,0.13577060931899643,0.04473118279569892,279,50
CCRCC,shipped,hoptimus1,random,abs,2,3,0,spot,INT11,0.8077142857142857,1.6337518713002168,2.786930068002875,0.11980952380952381,0.07247619047619047,210,50
CCRCC,shipped,hoptimus1,random,abs,2,3,0,spot,INT12,0.8649514563106796,1.6337518713002166,2.2973654763228923,0.062427184466019414,0.07262135922330097,206,50
CCRCC,shipped,hoptimus1,random,abs,2,3,0,spot,INT13,0.9066306306306307,1.6337518713002168,2.022361188940703,0.06342342342342343,0.029945945945945948,555,50
CCRCC,shipped,hoptimus1,random,abs,2,3,0,spot,INT14,0.9427384615384615,1.6337518713002166,1.8408358144873826,0.047723076923076924,0.009538461538461537,650,50
CCRCC,shipped,hoptimus1,random,abs,2,3,0,spot,INT15,0.9236164383561644,1.6337518713002166,1.9513015675047793,0.05835616438356164,0.018027397260273973,730,50
CCRCC,shipped,hoptimus1,random,abs,2,3,0,spot,INT16,0.9287794432548179,1.6337518713002175,1.9060115130370052,0.057815845824411134,0.013404710920770876,467,50
CCRCC,shipped,hoptimus1,random,abs,2,3,0,spot,INT17,0.9430705394190873,1.6337518713002175,1.869395876048219,0.04763485477178423,0.009294605809128631,482,50
CCRCC,shipped,hoptimus1,random,abs,2,3,0,spot,INT18,0.8964883401920438,1.6337518713002166,2.119725254513627,0.0693278463648834,0.034183813443072704,729,50
CCRCC,shipped,hoptimus1,random,abs,2,3,0,spot,INT19,0.959186535764376,1.6337518713002166,1.7794534367213706,0.03570827489481066,0.005105189340813464,713,50
CCRCC,shipped,hoptimus1,random,abs,2,3,0,spot,INT2,0.8937329700272479,1.6337518713002184,2.1153914148073323,0.05705722070844686,0.049209809264305175,367,50
CCRCC,shipped,hoptimus1,random,abs,2,3,0,spot,INT20,0.9526330150068213,1.6337518713002166,1.8310125757440292,0.03869031377899045,0.008676671214188268,733,50
CCRCC,shipped,hoptimus1,random,abs,2,3,0,spot,INT21,0.9067828418230564,1.6337518713002166,2.021346883196588,0.0638337801608579,0.029383378016085794,746,50
CCRCC,shipped,hoptimus1,random,abs,2,3,0,spot,INT22,0.9068694096601074,1.6337518713002168,2.0079154621979978,0.0693381037567084,0.023792486583184256,559,50
CCRCC,shipped,hoptimus1,random,abs,2,3,0,spot,INT23,0.8749926362297497,1.6337518713002166,2.155194847053484,0.07181148748159058,0.053195876288659794,679,50
CCRCC,shipped,hoptimus1,random,abs,2,3,0,spot,INT24,0.9014984709480122,1.6337518713002166,2.1504076318088017,0.0718960244648318,0.026605504587155965,654,50
CCRCC,shipped,hoptimus1,random,abs,2,3,0,spot,INT3,0.9069102990033222,1.633751871300218,1.9869867306883535,0.046245847176079734,0.046843853820598004,301,50
CCRCC,shipped,hoptimus1,random,abs,2,3,0,spot,INT4,0.875228426395939,1.6337518713002166,2.2320935587914397,0.016446700507614213,0.1083248730964467,197,50
CCRCC,shipped,hoptimus1,random,abs,2,3,0,spot,INT5,0.5902923976608188,1.6337518713002166,4.528231727095834,0.38046783625730995,0.02923976608187134,171,50
CCRCC,shipped,hoptimus1,random,abs,2,3,0,spot,INT6,0.8598418972332016,1.633751871300217,2.336330798725181,0.08695652173913043,0.05320158102766798,253,50
CCRCC,shipped,hoptimus1,random,abs,2,3,0,spot,INT7,0.8711111111111112,1.633751871300218,2.244430084235587,0.08624338624338623,0.04264550264550264,378,50
CCRCC,shipped,hoptimus1,random,abs,2,3,0,spot,INT8,0.7769230769230769,1.633751871300218,3.006103287881518,0.15678929765886288,0.0662876254180602,299,50
CCRCC,shipped,hoptimus1,random,abs,2,3,0,spot,INT9,0.8744715447154472,1.633751871300217,2.2246357171378515,0.06211382113821138,0.06341463414634146,246,50
CCRCC,shipped,hoptimus1,random,abs,2,4,0,spot,INT1,0.9027631578947368,1.6258835017215978,2.026634876083902,0.02986842105263158,0.06736842105263158,152,50
CCRCC,shipped,hoptimus1,random,abs,2,4,0,spot,INT10,0.826554054054054,1.6258835017215985,2.5880802943931145,0.1229054054054054,0.050540540540540545,296,50
CCRCC,shipped,hoptimus1,random,abs,2,4,0,spot,INT11,0.8100970873786407,1.6258835017215976,2.6483338706665216,0.09339805825242718,0.09650485436893204,206,50
CCRCC,shipped,hoptimus1,random,abs,2,4,0,spot,INT12,0.8580582524271844,1.6258835017215976,2.340792382203526,0.05631067961165049,0.08563106796116506,206,50
CCRCC,shipped,hoptimus1,random,abs,2,4,0,spot,INT13,0.904360655737705,1.6258835017216018,2.015641707083196,0.0681639344262295,0.027475409836065574,610,50
CCRCC,shipped,hoptimus1,random,abs,2,4,0,spot,INT14,0.945115562403698,1.6258835017216016,1.8223966181786506,0.046317411402157165,0.00856702619414484,649,50
CCRCC,shipped,hoptimus1,random,abs,2,4,0,spot,INT15,0.9259259259259259,1.6258835017216016,1.9279445062104434,0.05440329218106996,0.019670781893004117,729,50
CCRCC,shipped,hoptimus1,random,abs,2,4,0,spot,INT16,0.9265461847389558,1.625883501721602,1.9356499812585861,0.05927710843373494,0.014176706827309236,498,50
CCRCC,shipped,hoptimus1,random,abs,2,4,0,spot,INT17,0.9449530956848029,1.625883501721602,1.8506474670485067,0.04439024390243903,0.010656660412757974,533,50
CCRCC,shipped,hoptimus1,random,abs,2,4,0,spot,INT18,0.8940029542097488,1.6258835017216016,2.1119728041001595,0.0658493353028065,0.04014771048744461,677,50
CCRCC,shipped,hoptimus1,random,abs,2,4,0,spot,INT19,0.9561481481481482,1.6258835017216016,1.7858200553604215,0.03905185185185185,0.0048,675,50
CCRCC,shipped,hoptimus1,random,abs,2,4,0,spot,INT2,0.888081841432225,1.6258835017216007,2.1173416565155483,0.05913043478260869,0.052787723785166246,391,50
CCRCC,shipped,hoptimus1,random,abs,2,4,0,spot,INT20,0.9527896995708154,1.6258835017216016,1.8189087127864476,0.04137339055793991,0.005836909871244636,699,50
CCRCC,shipped,hoptimus1,random,abs,2,4,0,spot,INT21,0.9072413793103448,1.6258835017216016,2.013621159603775,0.06163793103448276,0.031120689655172416,696,50
CCRCC,shipped,hoptimus1,random,abs,2,4,0,spot,INT22,0.9083168316831682,1.6258835017216018,1.9889558457007062,0.06782178217821783,0.023861386138613862,606,50
CCRCC,shipped,hoptimus1,random,abs,2,4,0,spot,INT23,0.8807650273224045,1.6258835017216016,2.105241382255752,0.06833333333333333,0.05090163934426229,732,50
CCRCC,shipped,hoptimus1,random,abs,2,4,0,spot,INT24,0.9025978090766823,1.6258835017216016,2.1329341236637833,0.06870109546165884,0.028701095461658842,639,50
CCRCC,shipped,hoptimus1,random,abs,2,4,0,spot,INT3,0.8975849056603774,1.6258835017215978,2.0381959664333866,0.05237735849056604,0.0500377358490566,265,50
CCRCC,shipped,hoptimus1,random,abs,2,4,0,spot,INT4,0.8715789473684211,1.6258835017215976,2.2095472827274656,0.025894736842105262,0.10252631578947367,190,50
CCRCC,shipped,hoptimus1,random,abs,2,4,0,spot,INT5,0.5742857142857143,1.6258835017215976,4.877261250429829,0.3898809523809524,0.03583333333333333,168,50
CCRCC,shipped,hoptimus1,random,abs,2,4,0,spot,INT6,0.8697580645161289,1.6258835017215978,2.261077373549725,0.08241935483870969,0.04782258064516129,248,50
CCRCC,shipped,hoptimus1,random,abs,2,4,0,spot,INT7,0.8645892351274788,1.6258835017215998,2.2454072835293992,0.08441926345609066,0.0509915014164306,353,50
CCRCC,shipped,hoptimus1,random,abs,2,4,0,spot,INT8,0.7901742160278745,1.625883501721598,2.802402639322906,0.1351219512195122,0.07470383275261323,287,50
CCRCC,shipped,hoptimus1,random,abs,2,4,0,spot,INT9,0.8644621513944223,1.6258835017215978,2.2689819732167917,0.06254980079681274,0.07298804780876494,251,50
CCRCC,shipped,hoptimus1,random,abs,3,0,0,spot,INT1,0.8934000000000001,1.6340633581479225,2.173134043095137,0.030600000000000002,0.07600000000000001,100,50
CCRCC,shipped,hoptimus1,random,abs,3,0,0,spot,INT10,0.8152195121951219,1.6340633581479218,2.7950648734825556,0.13678048780487806,0.048,205,50
CCRCC,shipped,hoptimus1,random,abs,3,0,0,spot,INT11,0.822158273381295,1.6340633581479223,2.625684641773235,0.1,0.07784172661870503,139,50
CCRCC,shipped,hoptimus1,random,abs,3,0,0,spot,INT12,0.865040650406504,1.6340633581479225,2.361686708377318,0.06991869918699187,0.06504065040650406,123,50
CCRCC,shipped,hoptimus1,random,abs,3,0,0,spot,INT13,0.9036585365853658,1.6340633581479207,2.0425908278051703,0.06253658536585366,0.03380487804878049,410,50
CCRCC,shipped,hoptimus1,random,abs,3,0,0,spot,INT14,0.9429113924050633,1.6340633581479194,1.833114762742634,0.04594936708860759,0.011139240506329114,474,50
CCRCC,shipped,hoptimus1,random,abs,3,0,0,spot,INT15,0.9231999999999999,1.634063358147919,1.9442597773666526,0.0574,0.0194,500,50
CCRCC,shipped,hoptimus1,random,abs,3,0,0,spot,INT16,0.9292255892255892,1.6340633581479225,1.9166463698541036,0.05764309764309765,0.013131313131313131,297,50
CCRCC,shipped,hoptimus1,random,abs,3,0,0,spot,INT17,0.9507514450867052,1.6340633581479218,1.8227124907539158,0.03976878612716763,0.009479768786127168,346,50
CCRCC,shipped,hoptimus1,random,abs,3,0,0,spot,INT18,0.8933877551020408,1.634063358147919,2.1038062021479793,0.07044897959183674,0.03616326530612245,490,50
CCRCC,shipped,hoptimus1,random,abs,3,0,0,spot,INT19,0.9610855949895616,1.6340633581479194,1.7744001839281724,0.03440501043841336,0.004509394572025052,479,50
CCRCC,shipped,hoptimus1,random,abs,3,0,0,spot,INT2,0.8905785123966942,1.6340633581479218,2.1453018024593815,0.06239669421487603,0.047024793388429756,242,50
CCRCC,shipped,hoptimus1,random,abs,3,0,0,spot,INT20,0.9546102449888642,1.6340633581479198,1.8199846856537758,0.036258351893095765,0.00913140311804009,449,50
CCRCC,shipped,hoptimus1,random,abs,3,0,0,spot,INT21,0.9016326530612245,1.634063358147919,2.029312496804767,0.064,0.03436734693877551,490,50
CCRCC,shipped,hoptimus1,random,abs,3,0,0,spot,INT22,0.903229461756374,1.6340633581479218,2.028488117644543,0.07325779036827196,0.02351274787535411,353,50
CCRCC,shipped,hoptimus1,random,abs,3,0,0,spot,INT23,0.8736054421768708,1.6340633581479198,2.1484767627068186,0.06770975056689342,0.05868480725623582,441,50
CCRCC,shipped,hoptimus1,random,abs,3,0,0,spot,INT24,0.9075294117647058,1.6340633581479203,2.091510140524391,0.06588235294117646,0.026588235294117645,425,50
CCRCC,shipped,hoptimus1,random,abs,3,0,0,spot,INT3,0.9117204301075269,1.6340633581479218,1.974553885648715,0.04268817204301075,0.04559139784946237,186,50
CCRCC,shipped,hoptimus1,random,abs,3,0,0,spot,INT4,0.8833082706766917,1.6340633581479223,2.1665672614965676,0.022556390977443604,0.09413533834586466,133,50
CCRCC,shipped,hoptimus1,random,abs,3,0,0,spot,INT5,0.6335135135135136,1.6340633581479225,4.536784096335133,0.31027027027027027,0.05621621621621622,111,50
CCRCC,shipped,hoptimus1,random,abs,3,0,0,spot,INT6,0.8627428571428571,1.6340633581479218,2.3306595811640705,0.07634285714285714,0.06091428571428572,175,50
CCRCC,shipped,hoptimus1,random,abs,3,0,0,spot,INT7,0.8749107142857143,1.6340633581479218,2.200881114397016,0.08294642857142857,0.04214285714285714,224,50
CCRCC,shipped,hoptimus1,random,abs,3,0,0,spot,INT8,0.7961849710982659,1.6340633581479218,2.724950458421418,0.12254335260115606,0.08127167630057804,173,50
CCRCC,shipped,hoptimus1,random,abs,3,0,0,spot,INT9,0.8659872611464968,1.6340633581479223,2.3161995149982086,0.06929936305732484,0.06471337579617834,157,50
CCRCC,shipped,hoptimus1,random,abs,3,1,0,spot,INT1,0.9098245614035088,1.6242059094101378,2.0213878434375023,0.029473684210526315,0.0607017543859649,114,50
CCRCC,shipped,hoptimus1,random,abs,3,1,0,spot,INT10,0.8301960784313726,1.6242059094101375,2.5279933736472575,0.12058823529411765,0.049215686274509805,204,50
CCRCC,shipped,hoptimus1,random,abs,3,1,0,spot,INT11,0.7938931297709924,1.6242059094101378,2.9199944575460375,0.136793893129771,0.06931297709923663,131,50
CCRCC,shipped,hoptimus1,random,abs,3,1,0,spot,INT12,0.8696402877697842,1.6242059094101378,2.27962312793922,0.04503597122302159,0.08532374100719425,139,50
CCRCC,shipped,hoptimus1,random,abs,3,1,0,spot,INT13,0.905,1.6242059094101367,2.0216046150251405,0.06495238095238096,0.03004761904761905,420,50
CCRCC,shipped,hoptimus1,random,abs,3,1,0,spot,INT14,0.9409345794392523,1.6242059094101367,1.8365562884238569,0.04855140186915888,0.010514018691588784,428,50
CCRCC,shipped,hoptimus1,random,abs,3,1,0,spot,INT15,0.9243817787418656,1.6242059094101367,1.946335077305431,0.05800433839479393,0.017613882863340563,461,50
CCRCC,shipped,hoptimus1,random,abs,3,1,0,spot,INT16,0.9294630872483222,1.624205909410137,1.9060249678963113,0.05651006711409396,0.014026845637583893,298,50
CCRCC,shipped,hoptimus1,random,abs,3,1,0,spot,INT17,0.9491071428571429,1.6242059094101364,1.8317431097759218,0.04125,0.009642857142857142,336,50
CCRCC,shipped,hoptimus1,random,abs,3,1,0,spot,INT18,0.8915723270440252,1.6242059094101364,2.11541515891042,0.0690146750524109,0.03941299790356394,477,50
CCRCC,shipped,hoptimus1,random,abs,3,1,0,spot,INT19,0.9524152542372881,1.6242059094101367,1.798500466568545,0.041355932203389824,0.006228813559322034,472,50
CCRCC,shipped,hoptimus1,random,abs,3,1,0,spot,INT2,0.8903703703703704,1.6242059094101373,2.113723502750758,0.06452674897119341,0.04510288065843621,243,50
CCRCC,shipped,hoptimus1,random,abs,3,1,0,spot,INT20,0.9572399150743099,1.6242059094101364,1.7938438864484778,0.036985138004246285,0.005774946921443737,471,50
CCRCC,shipped,hoptimus1,random,abs,3,1,0,spot,INT21,0.9084630738522954,1.6242059094101364,1.992763371579006,0.05936127744510978,0.03217564870259481,501,50
CCRCC,shipped,hoptimus1,random,abs,3,1,0,spot,INT22,0.9048648648648648,1.6242059094101364,1.9961513722887636,0.07027027027027027,0.024864864864864868,370,50
CCRCC,shipped,hoptimus1,random,abs,3,1,0,spot,INT23,0.8789473684210526,1.6242059094101364,2.0962041288040236,0.06938947368421053,0.05166315789473685,475,50
CCRCC,shipped,hoptimus1,random,abs,3,1,0,spot,INT24,0.9058447488584475,1.6242059094101367,2.118413183197501,0.0667579908675799,0.0273972602739726,438,50
CCRCC,shipped,hoptimus1,random,abs,3,1,0,spot,INT3,0.8770949720670391,1.6242059094101378,2.1501333330293715,0.068268156424581,0.05463687150837988,179,50
CCRCC,shipped,hoptimus1,random,abs,3,1,0,spot,INT4,0.8748031496062992,1.6242059094101378,2.208329360328955,0.018740157480314962,0.10645669291338583,127,50
CCRCC,shipped,hoptimus1,random,abs,3,1,0,spot,INT5,0.6303448275862069,1.6242059094101378,4.091821149893238,0.33879310344827585,0.030862068965517242,116,50
CCRCC,shipped,hoptimus1,random,abs,3,1,0,spot,INT6,0.8598787878787878,1.6242059094101378,2.3093569862812586,0.06945454545454545,0.07066666666666667,165,50
CCRCC,shipped,hoptimus1,random,abs,3,1,0,spot,INT7,0.8710185185185185,1.6242059094101373,2.2121239529150922,0.08064814814814815,0.04833333333333333,216,50
CCRCC,shipped,hoptimus1,random,abs,3,1,0,spot,INT8,0.7917647058823529,1.6242059094101375,2.7719283785166864,0.1281283422459893,0.08010695187165777,187,50
CCRCC,shipped,hoptimus1,random,abs,3,1,0,spot,INT9,0.8579220779220779,1.6242059094101378,2.320950188913757,0.0687012987012987,0.07337662337662337,154,50
CCRCC,shipped,hoptimus1,random,abs,3,2,0,spot,INT1,0.9205607476635513,1.6262159099602307,1.9451097329330156,0.030654205607476635,0.048785046728971965,107,50
CCRCC,shipped,hoptimus1,random,abs,3,2,0,spot,INT10,0.8359782608695652,1.626215909960231,2.569030775608779,0.12358695652173914,0.04043478260869565,184,50
CCRCC,shipped,hoptimus1,random,abs,3,2,0,spot,INT11,0.796687898089172,1.6262159099602307,2.8778789894101084,0.1351592356687898,0.06815286624203822,157,50
CCRCC,shipped,hoptimus1,random,abs,3,2,0,spot,INT12,0.8689830508474575,1.6262159099602307,2.2687034487022846,0.05677966101694915,0.07423728813559322,118,50
CCRCC,shipped,hoptimus1,random,abs,3,2,0,spot,INT13,0.9035491606714627,1.6262159099602327,2.023904534864718,0.06215827338129497,0.034292565947242205,417,50
CCRCC,shipped,hoptimus1,random,abs,3,2,0,spot,INT14,0.9408333333333333,1.6262159099602327,1.8290427194434702,0.046157407407407404,0.013009259259259259,432,50
CCRCC,shipped,hoptimus1,random,abs,3,2,0,spot,INT15,0.9305979381443299,1.6262159099602322,1.8956326589391443,0.049319587628865985,0.020082474226804124,485,50
CCRCC,shipped,hoptimus1,random,abs,3,2,0,spot,INT16,0.9302153846153846,1.6262159099602322,1.8928331121404116,0.057846153846153846,0.011938461538461538,325,50
CCRCC,shipped,hoptimus1,random,abs,3,2,0,spot,INT17,0.9435064935064935,1.626215909960232,1.853553776795715,0.04733766233766234,0.009155844155844157,308,50
CCRCC,shipped,hoptimus1,random,abs,3,2,0,spot,INT18,0.8960824742268041,1.6262159099602322,2.0983739501589533,0.06969072164948453,0.03422680412371134,485,50
CCRCC,shipped,hoptimus1,random,abs,3,2,0,spot,INT19,0.9584649122807017,1.6262159099602322,1.7785805350460717,0.036754385964912276,0.004780701754385965,456,50
CCRCC,shipped,hoptimus1,random,abs,3,2,0,spot,INT2,0.884070796460177,1.6262159099602314,2.1061893701153,0.05867256637168142,0.05725663716814159,226,50
CCRCC,shipped,hoptimus1,random,abs,3,2,0,spot,INT20,0.9539917695473251,1.6262159099602322,1.8245182834106504,0.038559670781893006,0.007448559670781893,486,50
CCRCC,shipped,hoptimus1,random,abs,3,2,0,spot,INT21,0.9048140900195695,1.6262159099602322,2.0255631981651803,0.06215264187866927,0.03303326810176125,511,50
CCRCC,shipped,hoptimus1,random,abs,3,2,0,spot,INT22,0.9009090909090909,1.6262159099602327,2.0345089814269883,0.0767379679144385,0.02235294117647059,374,50
CCRCC,shipped,hoptimus1,random,abs,3,2,0,spot,INT23,0.8731494252873563,1.6262159099602327,2.145017490833347,0.07388505747126436,0.05296551724137931,435,50
CCRCC,shipped,hoptimus1,random,abs,3,2,0,spot,INT24,0.9082004555808656,1.6262159099602327,2.1231893703138223,0.07207289293849659,0.019726651480637812,439,50
CCRCC,shipped,hoptimus1,random,abs,3,2,0,spot,INT3,0.896236559139785,1.626215909960231,2.0337482186190767,0.05709677419354839,0.04666666666666667,186,50
CCRCC,shipped,hoptimus1,random,abs,3,2,0,spot,INT4,0.8577611940298507,1.6262159099602307,2.3443186167990477,0.01970149253731343,0.12253731343283582,134,50
CCRCC,shipped,hoptimus1,random,abs,3,2,0,spot,INT5,0.5683018867924529,1.626215909960231,5.147002107126586,0.38698113207547175,0.04471698113207547,106,50
CCRCC,shipped,hoptimus1,random,abs,3,2,0,spot,INT6,0.8692993630573248,1.6262159099602307,2.24850049239887,0.08114649681528663,0.04955414012738854,157,50
CCRCC,shipped,hoptimus1,random,abs,3,2,0,spot,INT7,0.8724894514767932,1.6262159099602314,2.225771021193957,0.09004219409282702,0.03746835443037975,237,50
CCRCC,shipped,hoptimus1,random,abs,3,2,0,spot,INT8,0.7738775510204081,1.6262159099602311,2.995610504485215,0.15714285714285714,0.06897959183673469,196,50
CCRCC,shipped,hoptimus1,random,abs,3,2,0,spot,INT9,0.8735403726708074,1.6262159099602307,2.260311906177623,0.06683229813664596,0.05962732919254658,161,50
CCRCC,shipped,hoptimus1,random,abs,3,3,0,spot,INT1,0.898,1.6322718184821559,2.0367032743467504,0.03036363636363636,0.07163636363636364,110,50
CCRCC,shipped,hoptimus1,random,abs,3,3,0,spot,INT10,0.8183157894736841,1.6322718184821556,2.744097144076991,0.13052631578947368,0.051157894736842104,190,50
CCRCC,shipped,hoptimus1,random,abs,3,3,0,spot,INT11,0.8114285714285714,1.6322718184821559,2.827883695043029,0.12084033613445377,0.06773109243697478,119,50
CCRCC,shipped,hoptimus1,random,abs,3,3,0,spot,INT12,0.8643795620437956,1.6322718184821559,2.2945286539336243,0.0654014598540146,0.07021897810218979,137,50
CCRCC,shipped,hoptimus1,random,abs,3,3,0,spot,INT13,0.9053669724770643,1.6322718184821556,2.026745194166798,0.06518348623853211,0.029449541284403673,436,50
CCRCC,shipped,hoptimus1,random,abs,3,3,0,spot,INT14,0.9433563218390805,1.6322718184821556,1.8319485888404679,0.046896551724137925,0.00974712643678161,435,50
CCRCC,shipped,hoptimus1,random,abs,3,3,0,spot,INT15,0.9242916666666666,1.6322718184821556,1.9273401862306505,0.05554166666666666,0.020166666666666666,480,50
CCRCC,shipped,hoptimus1,random,abs,3,3,0,spot,INT16,0.9308433734939758,1.6322718184821552,1.9036407277761953,0.05403614457831325,0.015120481927710842,332,50
CCRCC,shipped,hoptimus1,random,abs,3,3,0,spot,INT17,0.9483591331269349,1.6322718184821552,1.8477684926737958,0.04198142414860681,0.009659442724458204,323,50
CCRCC,shipped,hoptimus1,random,abs,3,3,0,spot,INT18,0.8997033898305085,1.6322718184821556,2.074974556882367,0.05970338983050848,0.040593220338983056,472,50
CCRCC,shipped,hoptimus1,random,abs,3,3,0,spot,INT19,0.9573856209150327,1.6322718184821556,1.794115315372814,0.03790849673202614,0.004705882352941176,459,50
CCRCC,shipped,hoptimus1,random,abs,3,3,0,spot,INT2,0.8907359307359307,1.6322718184821554,2.118169671006791,0.06077922077922078,0.048484848484848485,231,50
CCRCC,shipped,hoptimus1,random,abs,3,3,0,spot,INT20,0.9560532150776053,1.6322718184821556,1.8172699043065337,0.03689578713968958,0.007050997782705099,451,50
CCRCC,shipped,hoptimus1,random,abs,3,3,0,spot,INT21,0.9084738955823294,1.6322718184821556,2.0076664881628634,0.05931726907630522,0.03220883534136546,498,50
CCRCC,shipped,hoptimus1,random,abs,3,3,0,spot,INT22,0.9054285714285715,1.6322718184821552,2.010300094807318,0.06902857142857143,0.02554285714285714,350,50
CCRCC,shipped,hoptimus1,random,abs,3,3,0,spot,INT23,0.8783509513742073,1.6322718184821556,2.13310207809586,0.07141649048625792,0.05023255813953489,473,50
CCRCC,shipped,hoptimus1,random,abs,3,3,0,spot,INT24,0.9098800959232614,1.6322718184821556,2.1003907689256196,0.06441247002398082,0.025707434052757792,417,50
CCRCC,shipped,hoptimus1,random,abs,3,3,0,spot,INT3,0.8958904109589041,1.6322718184821556,2.055473978490438,0.047031963470319633,0.05707762557077625,219,50
CCRCC,shipped,hoptimus1,random,abs,3,3,0,spot,INT4,0.857037037037037,1.6322718184821556,2.346736330388491,0.023209876543209874,0.11975308641975309,162,50
CCRCC,shipped,hoptimus1,random,abs,3,3,0,spot,INT5,0.6369230769230769,1.6322718184821559,4.18735843628393,0.32307692307692304,0.04,117,50
CCRCC,shipped,hoptimus1,random,abs,3,3,0,spot,INT6,0.8708219178082192,1.6322718184821556,2.308723239561758,0.07863013698630136,0.05054794520547944,146,50
CCRCC,shipped,hoptimus1,random,abs,3,3,0,spot,INT7,0.8624472573839662,1.6322718184821554,2.289107713109747,0.09189873417721518,0.04565400843881856,237,50
CCRCC,shipped,hoptimus1,random,abs,3,3,0,spot,INT8,0.8025806451612902,1.6322718184821556,2.681754438516588,0.11397849462365592,0.08344086021505376,186,50
CCRCC,shipped,hoptimus1,random,abs,3,3,0,spot,INT9,0.8681690140845071,1.6322718184821559,2.3169711780656477,0.06591549295774649,0.06591549295774649,142,50
CCRCC,shipped,hoptimus1,random,abs,3,4,0,spot,INT1,0.8937142857142857,1.6334927142796898,2.0952986448823943,0.02723809523809524,0.07904761904761905,105,50
CCRCC,shipped,hoptimus1,random,abs,3,4,0,spot,INT10,0.8148108108108109,1.6334927142796902,2.707174503385701,0.13416216216216217,0.05102702702702703,185,50
CCRCC,shipped,hoptimus1,random,abs,3,4,0,spot,INT11,0.81984375,1.63349271427969,2.720318451669367,0.1,0.08015625,128,50
CCRCC,shipped,hoptimus1,random,abs,3,4,0,spot,INT12,0.8715277777777777,1.6334927142796902,2.28051542356457,0.05861111111111111,0.06986111111111111,144,50
CCRCC,shipped,hoptimus1,random,abs,3,4,0,spot,INT13,0.9008530805687204,1.633492714279689,2.0732268766576807,0.06739336492890996,0.03175355450236967,422,50
CCRCC,shipped,hoptimus1,random,abs,3,4,0,spot,INT14,0.942561797752809,1.6334927142796887,1.8417139668541986,0.04876404494382022,0.008674157303370787,445,50
CCRCC,shipped,hoptimus1,random,abs,3,4,0,spot,INT15,0.9286012526096034,1.633492714279688,1.9087435529522199,0.049144050104384135,0.022254697286012527,479,50
CCRCC,shipped,hoptimus1,random,abs,3,4,0,spot,INT16,0.931025641025641,1.6334927142796902,1.9017196211931695,0.050897435897435894,0.018076923076923077,312,50
CCRCC,shipped,hoptimus1,random,abs,3,4,0,spot,INT17,0.9467208672086721,1.6334927142796898,1.8545775712635915,0.04617886178861789,0.007100271002710027,369,50
CCRCC,shipped,hoptimus1,random,abs,3,4,0,spot,INT18,0.8884051724137931,1.6334927142796882,2.174478865402973,0.07185344827586207,0.039741379310344827,464,50
CCRCC,shipped,hoptimus1,random,abs,3,4,0,spot,INT19,0.9585477178423237,1.633492714279688,1.7829625559003506,0.03655601659751037,0.004896265560165975,482,50
CCRCC,shipped,hoptimus1,random,abs,3,4,0,spot,INT2,0.8961157024793388,1.6334927142796907,2.062160770590931,0.04859504132231405,0.055289256198347105,242,50
CCRCC,shipped,hoptimus1,random,abs,3,4,0,spot,INT20,0.9565344467640918,1.633492714279688,1.8104263599940433,0.03674321503131524,0.006722338204592901,479,50
CCRCC,shipped,hoptimus1,random,abs,3,4,0,spot,INT21,0.9025821596244131,1.633492714279689,2.0256891688981993,0.06619718309859154,0.031220657276995304,426,50
CCRCC,shipped,hoptimus1,random,abs,3,4,0,spot,INT22,0.9037912087912088,1.6334927142796898,2.0212512683562323,0.07192307692307692,0.02428571428571429,364,50
CCRCC,shipped,hoptimus1,random,abs,3,4,0,spot,INT23,0.880633484162896,1.6334927142796887,2.1177730327818445,0.0671945701357466,0.05217194570135747,442,50
CCRCC,shipped,hoptimus1,random,abs,3,4,0,spot,INT24,0.9112579957356077,1.6334927142796882,2.0836553439738634,0.06298507462686567,0.025756929637526654,469,50
CCRCC,shipped,hoptimus1,random,abs,3,4,0,spot,INT3,0.9,1.6334927142796907,2.0268308711216925,0.047902439024390245,0.05209756097560976,205,50
CCRCC,shipped,hoptimus1,random,abs,3,4,0,spot,INT4,0.8766666666666667,1.63349271427969,2.1880352268166496,0.015238095238095238,0.1080952380952381,126,50
CCRCC,shipped,hoptimus1,random,abs,3,4,0,spot,INT5,0.5791379310344827,1.6334927142796898,4.849923908952565,0.3887931034482759,0.03206896551724138,116,50
CCRCC,shipped,hoptimus1,random,abs,3,4,0,spot,INT6,0.8554285714285714,1.6334927142796902,2.347055349594284,0.08442857142857144,0.060142857142857144,140,50
CCRCC,shipped,hoptimus1,random,abs,3,4,0,spot,INT7,0.871948051948052,1.6334927142796907,2.2046589858711556,0.0845021645021645,0.043549783549783554,231,50
CCRCC,shipped,hoptimus1,random,abs,3,4,0,spot,INT8,0.8002150537634408,1.6334927142796902,2.7107754198119447,0.12268817204301076,0.07709677419354839,186,50
CCRCC,shipped,hoptimus1,random,abs,3,4,0,spot,INT9,0.8611180124223603,1.6334927142796902,2.3400048528179602,0.07726708074534161,0.06161490683229814,161,50
CCRCC,shipped,hoptimus1,random,abs,4,0,0,spot,INT1,0.9085321100917432,1.6346285140279087,2.019752024960533,0.03064220183486239,0.060825688073394495,218,50
CCRCC,shipped,hoptimus1,random,abs,4,0,0,spot,INT10,0.8329297820823244,1.6346285140279067,2.5723105218950377,0.12116222760290557,0.04590799031476998,413,50
CCRCC,shipped,hoptimus1,random,abs,4,0,0,spot,INT11,0.8186750788643533,1.634628514027908,2.6264335422691527,0.09438485804416404,0.08694006309148264,317,50
CCRCC,shipped,hoptimus1,random,abs,4,0,0,spot,INT12,0.8734228187919463,1.6346285140279082,2.2622554149595446,0.057852348993288595,0.0687248322147651,298,50
CCRCC,shipped,hoptimus1,random,abs,4,0,0,spot,INT13,0.9058823529411765,1.6346285140279055,2.0165844924079646,0.06434573829531813,0.029771908763505404,833,50
CCRCC,shipped,hoptimus1,random,abs,4,0,0,spot,INT14,0.9413968957871397,1.634628514027905,1.8400177982730812,0.04851441241685144,0.010088691796008869,902,50
CCRCC,shipped,hoptimus1,random,abs,4,0,0,spot,INT15,0.9263936063936065,1.6346285140279044,1.922423076940356,0.05394605394605395,0.01966033966033966,1001,50
CCRCC,shipped,hoptimus1,random,abs,4,0,0,spot,INT16,0.9280737018425461,1.6346285140279055,1.9164169888805902,0.05721943048576215,0.014706867671691793,597,50
CCRCC,shipped,hoptimus1,random,abs,4,0,0,spot,INT17,0.9469101123595506,1.634628514027906,1.8368891063184847,0.045786516853932584,0.007303370786516854,712,50
CCRCC,shipped,hoptimus1,random,abs,4,0,0,spot,INT18,0.8905070993914808,1.6346285140279044,2.1448173762325964,0.07038539553752536,0.03910750507099391,986,50
CCRCC,shipped,hoptimus1,random,abs,4,0,0,spot,INT19,0.960061099796334,1.6346285140279049,1.7784643954930006,0.03529531568228106,0.004643584521384928,982,50
CCRCC,shipped,hoptimus1,random,abs,4,0,0,spot,INT2,0.8910721247563353,1.6346285140279062,2.111959669540693,0.0591812865497076,0.04974658869395711,513,50
CCRCC,shipped,hoptimus1,random,abs,4,0,0,spot,INT20,0.9559533073929961,1.6346285140279049,1.8143593172440953,0.03587548638132296,0.008171206225680934,1028,50
CCRCC,shipped,hoptimus1,random,abs,4,0,0,spot,INT21,0.9096056622851365,1.6346285140279049,1.995730100578319,0.05917087967644085,0.03122345803842265,989,50
CCRCC,shipped,hoptimus1,random,abs,4,0,0,spot,INT22,0.906018158236057,1.634628514027906,2.0175428627939773,0.06946822308690014,0.024513618677042805,771,50
CCRCC,shipped,hoptimus1,random,abs,4,0,0,spot,INT23,0.8823829787234042,1.634628514027905,2.1138255691501495,0.07070212765957447,0.046914893617021274,940,50
CCRCC,shipped,hoptimus1,random,abs,4,0,0,spot,INT24,0.9094144144144144,1.6346285140279053,2.0853100546950163,0.06204954954954955,0.028536036036036036,888,50
CCRCC,shipped,hoptimus1,random,abs,4,0,0,spot,INT3,0.9047665847665847,1.634628514027907,2.008830454429229,0.04918918918918919,0.04604422604422604,407,50
CCRCC,shipped,hoptimus1,random,abs,4,0,0,spot,INT4,0.8857462686567165,1.6346285140279084,2.1068310439507156,0.014104477611940298,0.10014925373134329,268,50
CCRCC,shipped,hoptimus1,random,abs,4,0,0,spot,INT5,0.5497716894977169,1.6346285140279084,5.147871235877136,0.42447488584474885,0.025753424657534243,219,50
CCRCC,shipped,hoptimus1,random,abs,4,0,0,spot,INT6,0.874006116207951,1.634628514027908,2.2637151746859563,0.08055045871559634,0.0454434250764526,327,50
CCRCC,shipped,hoptimus1,random,abs,4,0,0,spot,INT7,0.8708636363636364,1.6346285140279067,2.234175882276348,0.08586363636363636,0.04327272727272727,440,50
CCRCC,shipped,hoptimus1,random,abs,4,0,0,spot,INT8,0.7895039164490862,1.634628514027907,2.865373015235245,0.1337859007832898,0.07671018276762402,383,50
CCRCC,shipped,hoptimus1,random,abs,4,0,0,spot,INT9,0.8693037974683544,1.634628514027908,2.2591419185916295,0.06740506329113924,0.06329113924050633,316,50
CCRCC,shipped,hoptimus1,random,abs,4,1,0,spot,INT1,0.9089719626168224,1.631393601888736,2.021111025192362,0.03392523364485981,0.057102803738317755,214,50
CCRCC,shipped,hoptimus1,random,abs,4,1,0,spot,INT10,0.8261578947368422,1.631393601888735,2.63330773028291,0.12289473684210525,0.05094736842105263,380,50
CCRCC,shipped,hoptimus1,random,abs,4,1,0,spot,INT11,0.828976897689769,1.631393601888736,2.5672546021595064,0.08567656765676566,0.08534653465346535,303,50
CCRCC,shipped,hoptimus1,random,abs,4,1,0,spot,INT12,0.8723076923076922,1.631393601888736,2.2956792408465057,0.05706959706959707,0.07062271062271062,273,50
CCRCC,shipped,hoptimus1,random,abs,4,1,0,spot,INT13,0.9053407821229049,1.6313936018887416,2.021295925068849,0.06268156424581005,0.031977653631284915,895,50
CCRCC,shipped,hoptimus1,random,abs,4,1,0,spot,INT14,0.943630289532294,1.6313936018887416,1.8295902900300607,0.04648106904231626,0.009888641425389755,898,50
CCRCC,shipped,hoptimus1,random,abs,4,1,0,spot,INT15,0.9282194616977226,1.631393601888743,1.9178181855689902,0.050745341614906826,0.021035196687370597,966,50
CCRCC,shipped,hoptimus1,random,abs,4,1,0,spot,INT16,0.929540412044374,1.631393601888735,1.9076620942238731,0.055879556259904914,0.014580031695721078,631,50
CCRCC,shipped,hoptimus1,random,abs,4,1,0,spot,INT17,0.9465663474692202,1.6313936018887372,1.8454820080540062,0.044186046511627906,0.009247606019151845,731,50
CCRCC,shipped,hoptimus1,random,abs,4,1,0,spot,INT18,0.8968038277511962,1.631393601888744,2.098463826379614,0.06532057416267943,0.0378755980861244,1045,50
CCRCC,shipped,hoptimus1,random,abs,4,1,0,spot,INT19,0.9575257731958763,1.631393601888743,1.787688553006606,0.03806185567010309,0.004412371134020618,970,50
CCRCC,shipped,hoptimus1,random,abs,4,1,0,spot,INT2,0.8884407484407484,1.6313936018887336,2.1160377340537786,0.053887733887733894,0.05767151767151767,481,50
CCRCC,shipped,hoptimus1,random,abs,4,1,0,spot,INT20,0.9518363273453093,1.6313936018887438,1.8362016827316887,0.040219560878243514,0.007944111776447106,1002,50
CCRCC,shipped,hoptimus1,random,abs,4,1,0,spot,INT21,0.905615866388309,1.631393601888743,2.0201487651216343,0.06175365344467641,0.032630480167014614,958,50
CCRCC,shipped,hoptimus1,random,abs,4,1,0,spot,INT22,0.9039405204460966,1.6313936018887392,2.014416098948032,0.06842627013630731,0.027633209417596033,807,50
CCRCC,shipped,hoptimus1,random,abs,4,1,0,spot,INT23,0.88013143483023,1.6313936018887418,2.111852719205106,0.06549835706462212,0.054370208105147866,913,50
CCRCC,shipped,hoptimus1,random,abs,4,1,0,spot,INT24,0.9083156654888104,1.6313936018887403,2.114474130559815,0.06932862190812722,0.022355712603062426,849,50
CCRCC,shipped,hoptimus1,random,abs,4,1,0,spot,INT3,0.8989473684210526,1.631393601888735,2.0218454095737246,0.04763157894736843,0.053421052631578946,380,50
CCRCC,shipped,hoptimus1,random,abs,4,1,0,spot,INT4,0.8706,1.631393601888736,2.254457972208599,0.017666666666666667,0.11173333333333334,300,50
CCRCC,shipped,hoptimus1,random,abs,4,1,0,spot,INT5,0.570199203187251,1.6313936018887363,4.875559668130155,0.39426294820717134,0.03553784860557769,251,50
CCRCC,shipped,hoptimus1,random,abs,4,1,0,spot,INT6,0.871963746223565,1.6313936018887356,2.24086240007532,0.07957703927492447,0.04845921450151058,331,50
CCRCC,shipped,hoptimus1,random,abs,4,1,0,spot,INT7,0.8736170212765957,1.6313936018887338,2.2266746587932262,0.08187234042553192,0.04451063829787234,470,50
CCRCC,shipped,hoptimus1,random,abs,4,1,0,spot,INT8,0.803899721448468,1.6313936018887352,2.7042286460986444,0.1196657381615599,0.07643454038997215,359,50
CCRCC,shipped,hoptimus1,random,abs,4,1,0,spot,INT9,0.8678005865102639,1.6313936018887352,2.2541770959667717,0.06697947214076247,0.06521994134897362,341,50
CCRCC,shipped,hoptimus1,random,abs,4,2,0,spot,INT1,0.9057276995305165,1.6258341724390741,2.036380106128351,0.03342723004694836,0.06084507042253521,213,50
CCRCC,shipped,hoptimus1,random,abs,4,2,0,spot,INT10,0.82260663507109,1.6258341724390724,2.6789366863216166,0.13649289099526066,0.04090047393364929,422,50
CCRCC,shipped,hoptimus1,random,abs,4,2,0,spot,INT11,0.8329032258064517,1.6258341724390735,2.5421692307465245,0.08832258064516128,0.07877419354838709,310,50
CCRCC,shipped,hoptimus1,random,abs,4,2,0,spot,INT12,0.8706569343065693,1.6258341724390735,2.2604897733725027,0.06496350364963503,0.06437956204379562,274,50
CCRCC,shipped,hoptimus1,random,abs,4,2,0,spot,INT13,0.9049528301886792,1.6258341724390744,2.0154874059673076,0.05938679245283019,0.035660377358490564,848,50
CCRCC,shipped,hoptimus1,random,abs,4,2,0,spot,INT14,0.9447449584816132,1.6258341724390741,1.822128913952183,0.04500593119810202,0.010249110320284699,843,50
CCRCC,shipped,hoptimus1,random,abs,4,2,0,spot,INT15,0.9274376869391824,1.6258341724390755,1.9170725136304134,0.05182452642073779,0.02073778664007976,1003,50
CCRCC,shipped,hoptimus1,random,abs,4,2,0,spot,INT16,0.9314104595879555,1.6258341724390712,1.8991380877278377,0.05309033280507132,0.015499207606973058,631,50
CCRCC,shipped,hoptimus1,random,abs,4,2,0,spot,INT17,0.9461959654178674,1.6258341724390721,1.834514624042782,0.046311239193083574,0.007492795389048992,694,50
CCRCC,shipped,hoptimus1,random,abs,4,2,0,spot,INT18,0.8933063700707785,1.6258341724390752,2.1275976392508187,0.06936299292214358,0.03733063700707786,989,50
CCRCC,shipped,hoptimus1,random,abs,4,2,0,spot,INT19,0.9584789311408016,1.6258341724390752,1.7753067260465523,0.036156217882836586,0.005364850976361768,973,50
CCRCC,shipped,hoptimus1,random,abs,4,2,0,spot,INT2,0.894930693069307,1.6258341724390717,2.0737647443331384,0.055762376237623756,0.04930693069306931,505,50
CCRCC,shipped,hoptimus1,random,abs,4,2,0,spot,INT20,0.9550939457202506,1.6258341724390748,1.802860293519065,0.037599164926931106,0.007306889352818372,958,50
CCRCC,shipped,hoptimus1,random,abs,4,2,0,spot,INT21,0.90298,1.6258341724390755,2.0424403660510237,0.06114,0.03588,1000,50
CCRCC,shipped,hoptimus1,random,abs,4,2,0,spot,INT22,0.909220607661823,1.6258341724390732,1.9723597943365312,0.06655217965653897,0.024227212681638046,757,50
CCRCC,shipped,hoptimus1,random,abs,4,2,0,spot,INT23,0.8813434452871073,1.6258341724390748,2.1058447514020364,0.0685807150595883,0.05007583965330444,923,50
CCRCC,shipped,hoptimus1,random,abs,4,2,0,spot,INT24,0.9026580921757771,1.6258341724390748,2.1317626042215156,0.07371918542336549,0.02362272240085745,933,50
CCRCC,shipped,hoptimus1,random,abs,4,2,0,spot,INT3,0.9011499999999999,1.6258341724390726,2.0201364038328635,0.054000000000000006,0.04485,400,50
CCRCC,shipped,hoptimus1,random,abs,4,2,0,spot,INT4,0.8854225352112677,1.6258341724390735,2.1686345642651226,0.02147887323943662,0.09309859154929578,284,50
CCRCC,shipped,hoptimus1,random,abs,4,2,0,spot,INT5,0.5720689655172414,1.6258341724390737,4.8291895726598595,0.39491379310344826,0.03301724137931035,232,50
CCRCC,shipped,hoptimus1,random,abs,4,2,0,spot,INT6,0.8651713395638629,1.6258341724390732,2.3023659532267593,0.0784423676012461,0.05638629283489096,321,50
CCRCC,shipped,hoptimus1,random,abs,4,2,0,spot,INT7,0.8756822810590631,1.6258341724390721,2.1943196558717535,0.08313645621181262,0.041181262729124236,491,50
CCRCC,shipped,hoptimus1,random,abs,4,2,0,spot,INT8,0.7962254901960785,1.6258341724390726,2.7593234447601684,0.12916666666666665,0.07460784313725491,408,50
CCRCC,shipped,hoptimus1,random,abs,4,2,0,spot,INT9,0.8655952380952381,1.625834172439073,2.268349405453749,0.06904761904761905,0.06535714285714285,336,50
CCRCC,shipped,hoptimus1,random,abs,4,3,0,spot,INT1,0.9078125,1.6232096337084834,2.007106918782768,0.03125,0.0609375,192,50
CCRCC,shipped,hoptimus1,random,abs,4,3,0,spot,INT10,0.8247978436657682,1.6232096337084827,2.6128783524530905,0.13547169811320756,0.03973045822102426,371,50
CCRCC,shipped,hoptimus1,random,abs,4,3,0,spot,INT11,0.8181569965870307,1.6232096337084834,2.6732753988770743,0.10518771331058022,0.07665529010238908,293,50
CCRCC,shipped,hoptimus1,random,abs,4,3,0,spot,INT12,0.8677894736842106,1.6232096337084834,2.275052741619163,0.059298245614035086,0.07291228070175439,285,50
CCRCC,shipped,hoptimus1,random,abs,4,3,0,spot,INT13,0.9074835886214442,1.623209633708478,1.9914704249446242,0.06229759299781182,0.030218818380743983,914,50
CCRCC,shipped,hoptimus1,random,abs,4,3,0,spot,INT14,0.9427828054298643,1.6232096337084783,1.8343476891260946,0.04626696832579186,0.010950226244343893,884,50
CCRCC,shipped,hoptimus1,random,abs,4,3,0,spot,INT15,0.9259415911379658,1.6232096337084776,1.9151374782436443,0.05276938569989929,0.021289023162134945,993,50
CCRCC,shipped,hoptimus1,random,abs,4,3,0,spot,INT16,0.9297444089456869,1.6232096337084807,1.8916343805445959,0.05338658146964856,0.016869009584664536,626,50
CCRCC,shipped,hoptimus1,random,abs,4,3,0,spot,INT17,0.9473980309423348,1.62320963370848,1.8419066572648868,0.04511954992967651,0.007482419127988749,711,50
CCRCC,shipped,hoptimus1,random,abs,4,3,0,spot,INT18,0.8928571428571429,1.6232096337084776,2.103902206186046,0.06565476190476191,0.04148809523809524,1008,50
CCRCC,shipped,hoptimus1,random,abs,4,3,0,spot,INT19,0.9571871768355739,1.6232096337084778,1.784499063942085,0.038117890382626675,0.004694932781799379,967,50
CCRCC,shipped,hoptimus1,random,abs,4,3,0,spot,INT2,0.8860120240480963,1.6232096337084818,2.126983031726376,0.05915831663326653,0.05482965931863728,499,50
CCRCC,shipped,hoptimus1,random,abs,4,3,0,spot,INT20,0.9521576763485478,1.6232096337084778,1.8200421343183888,0.037717842323651454,0.01012448132780083,964,50
CCRCC,shipped,hoptimus1,random,abs,4,3,0,spot,INT21,0.9043513789581205,1.6232096337084776,2.006670044617821,0.0629009193054137,0.03274770173646578,979,50
CCRCC,shipped,hoptimus1,random,abs,4,3,0,spot,INT22,0.9045026178010471,1.6232096337084796,1.9930371704461913,0.07044502617801048,0.02505235602094241,764,50
CCRCC,shipped,hoptimus1,random,abs,4,3,0,spot,INT23,0.8759385290889132,1.623209633708478,2.130031934614591,0.06930845225027443,0.0547530186608123,911,50
CCRCC,shipped,hoptimus1,random,abs,4,3,0,spot,INT24,0.9012846068660022,1.6232096337084783,2.1565729790615427,0.07528239202657808,0.023433001107419714,903,50
CCRCC,shipped,hoptimus1,random,abs,4,3,0,spot,INT3,0.8950611246943765,1.6232096337084823,2.051882868175134,0.05496332518337408,0.049975550122249385,409,50
CCRCC,shipped,hoptimus1,random,abs,4,3,0,spot,INT4,0.874225352112676,1.6232096337084834,2.170131179176449,0.022183098591549294,0.10359154929577465,284,50
CCRCC,shipped,hoptimus1,random,abs,4,3,0,spot,INT5,0.5786147186147186,1.6232096337084834,4.7071794016547726,0.387965367965368,0.03341991341991342,231,50
CCRCC,shipped,hoptimus1,random,abs,4,3,0,spot,INT6,0.8588169014084507,1.6232096337084827,2.3579797576429686,0.08771830985915492,0.05346478873239437,355,50
CCRCC,shipped,hoptimus1,random,abs,4,3,0,spot,INT7,0.872184368737475,1.6232096337084818,2.1975440557172896,0.0875751503006012,0.04024048096192384,499,50
CCRCC,shipped,hoptimus1,random,abs,4,3,0,spot,INT8,0.774776119402985,1.6232096337084823,2.901999574145336,0.1363681592039801,0.08885572139303483,402,50
CCRCC,shipped,hoptimus1,random,abs,4,3,0,spot,INT9,0.8648684210526316,1.6232096337084831,2.3008908214401087,0.07230263157894737,0.06282894736842105,304,50
CCRCC,shipped,hoptimus1,random,abs,4,4,0,spot,INT1,0.8967326732673268,1.6355398590137191,2.1257856040307654,0.03920792079207921,0.06405940594059406,202,50
CCRCC,shipped,hoptimus1,random,abs,4,4,0,spot,INT10,0.8240470588235295,1.6355398590137187,2.6271785796423486,0.12988235294117648,0.04607058823529412,425,50
CCRCC,shipped,hoptimus1,random,abs,4,4,0,spot,INT11,0.8189864864864864,1.6355398590137196,2.66148146971384,0.09959459459459459,0.08141891891891893,296,50
CCRCC,shipped,hoptimus1,random,abs,4,4,0,spot,INT12,0.8696750902527076,1.6355398590137196,2.2802926658436595,0.056389891696750905,0.07393501805054152,277,50
CCRCC,shipped,hoptimus1,random,abs,4,4,0,spot,INT13,0.9078341013824885,1.6355398590137202,2.0154209117197253,0.06407834101382488,0.028087557603686638,868,50
CCRCC,shipped,hoptimus1,random,abs,4,4,0,spot,INT14,0.9447045951859957,1.6355398590137198,1.8332631840616938,0.04463894967177243,0.010656455142231947,914,50
CCRCC,shipped,hoptimus1,random,abs,4,4,0,spot,INT15,0.9265188042430087,1.6355398590137196,1.9264510754455626,0.054175506268081,0.01930568948891032,1037,50
CCRCC,shipped,hoptimus1,random,abs,4,4,0,spot,INT16,0.9283116883116882,1.6355398590137202,1.9123129867256403,0.05704545454545454,0.014642857142857141,616,50
CCRCC,shipped,hoptimus1,random,abs,4,4,0,spot,INT17,0.9493083573487031,1.6355398590137205,1.8309192296712675,0.04178674351585014,0.008904899135446686,694,50
CCRCC,shipped,hoptimus1,random,abs,4,4,0,spot,INT18,0.8974564102564102,1.6355398590137196,2.096901944262645,0.06434871794871795,0.03819487179487179,975,50
CCRCC,shipped,hoptimus1,random,abs,4,4,0,spot,INT19,0.9587890625,1.6355398590137196,1.7867071540656452,0.03595703125,0.00525390625,1024,50
CCRCC,shipped,hoptimus1,random,abs,4,4,0,spot,INT2,0.8839917695473251,1.6355398590137191,2.136197585617383,0.06460905349794238,0.05139917695473251,486,50
CCRCC,shipped,hoptimus1,random,abs,4,4,0,spot,INT20,0.9563086548488009,1.6355398590137198,1.8122143713653527,0.03672575599582899,0.006965589155370178,959,50
CCRCC,shipped,hoptimus1,random,abs,4,4,0,spot,INT21,0.9098547717842324,1.6355398590137196,1.9917252904852432,0.05813278008298755,0.032012448132780084,964,50
CCRCC,shipped,hoptimus1,random,abs,4,4,0,spot,INT22,0.9106382978723404,1.6355398590137207,1.9810837346470107,0.06664893617021277,0.02271276595744681,752,50
CCRCC,shipped,hoptimus1,random,abs,4,4,0,spot,INT23,0.8806339468302659,1.6355398590137196,2.120554073264285,0.06701431492842536,0.052351738241308794,978,50
CCRCC,shipped,hoptimus1,random,abs,4,4,0,spot,INT24,0.9052397660818714,1.6355398590137202,2.139891874877708,0.07050292397660819,0.024257309941520467,855,50
CCRCC,shipped,hoptimus1,random,abs,4,4,0,spot,INT3,0.8999485861182519,1.6355398590137185,2.0315504164381863,0.05398457583547558,0.0460668380462725,389,50
CCRCC,shipped,hoptimus1,random,abs,4,4,0,spot,INT4,0.8744852941176471,1.6355398590137196,2.1714827237050036,0.014558823529411765,0.11095588235294118,272,50
CCRCC,shipped,hoptimus1,random,abs,4,4,0,spot,INT5,0.5642448979591836,1.6355398590137196,4.953821762716527,0.3996734693877551,0.03608163265306122,245,50
CCRCC,shipped,hoptimus1,random,abs,4,4,0,spot,INT6,0.8722123893805309,1.6355398590137187,2.2660977293309092,0.07775811209439527,0.05002949852507374,339,50
CCRCC,shipped,hoptimus1,random,abs,4,4,0,spot,INT7,0.8672916666666667,1.6355398590137191,2.2539654441387427,0.095375,0.037333333333333336,480,50
CCRCC,shipped,hoptimus1,random,abs,4,4,0,spot,INT8,0.7919261213720317,1.6355398590137185,2.8075285899859925,0.12823218997361477,0.07984168865435357,379,50
CCRCC,shipped,hoptimus1,random,abs,4,4,0,spot,INT9,0.8717391304347827,1.6355398590137191,2.227669321161885,0.06826086956521739,0.06,322,50
CCRCC,shipped,hoptimus1,random,abs,5,0,0,spot,INT1,0.9083265306122449,1.6306758307152471,2.0252442358236538,0.03395918367346939,0.05771428571428571,245,50
CCRCC,shipped,hoptimus1,random,abs,5,0,0,spot,INT10,0.828054298642534,1.6306758307152478,2.611102380467841,0.13058823529411764,0.04135746606334842,442,50
CCRCC,shipped,hoptimus1,random,abs,5,0,0,spot,INT11,0.8117575757575757,1.6306758307152471,2.6791231926659163,0.10406060606060606,0.08418181818181818,330,50
CCRCC,shipped,hoptimus1,random,abs,5,0,0,spot,INT12,0.8715131578947368,1.6306758307152471,2.232123772258392,0.05546052631578947,0.07302631578947368,304,50
CCRCC,shipped,hoptimus1,random,abs,5,0,0,spot,INT13,0.904198250728863,1.630675830715243,2.038359908430498,0.06855199222546161,0.027249757045675414,1029,50
CCRCC,shipped,hoptimus1,random,abs,5,0,0,spot,INT14,0.942591493570722,1.6306758307152434,1.8385499798165825,0.0476162215628091,0.009792284866468843,1011,50
CCRCC,shipped,hoptimus1,random,abs,5,0,0,spot,INT15,0.9243712055507372,1.630675830715243,1.9267606720737323,0.05581960104076322,0.019809193408499567,1153,50
CCRCC,shipped,hoptimus1,random,abs,5,0,0,spot,INT16,0.9323076923076923,1.6306758307152467,1.901015493526163,0.055917159763313615,0.011775147928994083,676,50
CCRCC,shipped,hoptimus1,random,abs,5,0,0,spot,INT17,0.9490575275397797,1.630675830715245,1.8342661149986315,0.04364749082007344,0.007294981640146879,817,50
CCRCC,shipped,hoptimus1,random,abs,5,0,0,spot,INT18,0.8966572769953052,1.630675830715243,2.089481434778522,0.06632863849765258,0.03701408450704225,1065,50
CCRCC,shipped,hoptimus1,random,abs,5,0,0,spot,INT19,0.9564570416297609,1.630675830715243,1.7918221905361489,0.038901682905225866,0.004641275465013286,1129,50
CCRCC,shipped,hoptimus1,random,abs,5,0,0,spot,INT2,0.8892391304347826,1.630675830715248,2.117845973281953,0.06057971014492754,0.050181159420289854,552,50
CCRCC,shipped,hoptimus1,random,abs,5,0,0,spot,INT20,0.9545589600742804,1.630675830715243,1.8144819318689844,0.0389786443825441,0.006462395543175487,1077,50
CCRCC,shipped,hoptimus1,random,abs,5,0,0,spot,INT21,0.9067866786678668,1.630675830715243,2.0153759659579755,0.06304230423042304,0.03017101710171017,1111,50
CCRCC,shipped,hoptimus1,random,abs,5,0,0,spot,INT22,0.9066742857142858,1.6306758307152447,2.0040947666740636,0.07076571428571428,0.022560000000000004,875,50
CCRCC,shipped,hoptimus1,random,abs,5,0,0,spot,INT23,0.8810418604651162,1.630675830715243,2.118029393522794,0.07166511627906977,0.04729302325581395,1075,50
CCRCC,shipped,hoptimus1,random,abs,5,0,0,spot,INT24,0.9078753541076487,1.630675830715243,2.106482288216647,0.0676109537299339,0.024513692162417375,1059,50
CCRCC,shipped,hoptimus1,random,abs,5,0,0,spot,INT3,0.9063741339491916,1.6306758307152478,1.9923151724110624,0.05039260969976905,0.043233256351039265,433,50
CCRCC,shipped,hoptimus1,random,abs,5,0,0,spot,INT4,0.875191637630662,1.630675830715247,2.2008367139544798,0.022857142857142857,0.10195121951219513,287,50
CCRCC,shipped,hoptimus1,random,abs,5,0,0,spot,INT5,0.566015037593985,1.630675830715247,4.911324332479498,0.40022556390977443,0.0337593984962406,266,50
CCRCC,shipped,hoptimus1,random,abs,5,0,0,spot,INT6,0.8693650793650793,1.6306758307152476,2.2794931913710665,0.08402116402116402,0.046613756613756614,378,50
CCRCC,shipped,hoptimus1,random,abs,5,0,0,spot,INT7,0.8694980694980695,1.630675830715248,2.2503506379276463,0.09142857142857143,0.03907335907335908,518,50
CCRCC,shipped,hoptimus1,random,abs,5,0,0,spot,INT8,0.7921658986175114,1.6306758307152478,2.8759154036229444,0.13225806451612904,0.07557603686635944,434,50
CCRCC,shipped,hoptimus1,random,abs,5,0,0,spot,INT9,0.8684536082474227,1.6306758307152478,2.261616594025781,0.06865979381443299,0.06288659793814433,388,50
CCRCC,shipped,hoptimus1,random,abs,5,1,0,spot,INT1,0.9024545454545455,1.631257285271603,2.0599112674982543,0.02781818181818182,0.06972727272727272,220,50
CCRCC,shipped,hoptimus1,random,abs,5,1,0,spot,INT10,0.8232087912087913,1.6312572852716003,2.7064572837795398,0.12962637362637364,0.04716483516483517,455,50
CCRCC,shipped,hoptimus1,random,abs,5,1,0,spot,INT11,0.8166467065868264,1.631257285271603,2.6762474126379563,0.10053892215568862,0.08281437125748503,334,50
CCRCC,shipped,hoptimus1,random,abs,5,1,0,spot,INT12,0.8659770114942529,1.6312572852716027,2.2997304339820914,0.059080459770114946,0.07494252873563219,348,50
CCRCC,shipped,hoptimus1,random,abs,5,1,0,spot,INT13,0.9069690721649485,1.6312572852716025,2.0222106840622676,0.06208247422680412,0.030948453608247425,970,50
CCRCC,shipped,hoptimus1,random,abs,5,1,0,spot,INT14,0.94438,1.6312572852716025,1.831752830853614,0.045700000000000005,0.00992,1000,50
CCRCC,shipped,hoptimus1,random,abs,5,1,0,spot,INT15,0.9242894507410636,1.631257285271603,1.9312192043010734,0.05462946817785528,0.021081081081081077,1147,50
CCRCC,shipped,hoptimus1,random,abs,5,1,0,spot,INT16,0.9308262108262109,1.631257285271601,1.9056738207343866,0.05706552706552706,0.01210826210826211,702,50
CCRCC,shipped,hoptimus1,random,abs,5,1,0,spot,INT17,0.94705,1.6312572852716023,1.8472870572066997,0.046425,0.0065249999999999996,800,50
CCRCC,shipped,hoptimus1,random,abs,5,1,0,spot,INT18,0.8898478066248882,1.6312572852716027,2.158478805021451,0.0700268576544315,0.040125335720680395,1117,50
CCRCC,shipped,hoptimus1,random,abs,5,1,0,spot,INT19,0.9593292144748456,1.6312572852716027,1.778180861680524,0.03611650485436893,0.004554280670785525,1133,50
CCRCC,shipped,hoptimus1,random,abs,5,1,0,spot,INT2,0.8910204081632653,1.6312572852715996,2.092826625059871,0.05704081632653061,0.05193877551020409,588,50
CCRCC,shipped,hoptimus1,random,abs,5,1,0,spot,INT20,0.9538575393154487,1.6312572852716027,1.8209666696859328,0.03827937095282146,0.00786308973172988,1081,50
CCRCC,shipped,hoptimus1,random,abs,5,1,0,spot,INT21,0.9067079646017698,1.6312572852716027,2.020111042107726,0.06138053097345133,0.03191150442477876,1130,50
CCRCC,shipped,hoptimus1,random,abs,5,1,0,spot,INT22,0.9026190476190475,1.6312572852716023,2.0223026077368718,0.07342857142857143,0.02395238095238095,840,50
CCRCC,shipped,hoptimus1,random,abs,5,1,0,spot,INT23,0.8803458213256483,1.6312572852716025,2.1108676920314777,0.0658597502401537,0.053794428434197884,1041,50
CCRCC,shipped,hoptimus1,random,abs,5,1,0,spot,INT24,0.9030278884462152,1.6312572852716025,2.149129329904708,0.0705577689243028,0.02641434262948207,1004,50
CCRCC,shipped,hoptimus1,random,abs,5,1,0,spot,INT3,0.9045934959349593,1.6312572852715996,2.005196704449054,0.04857723577235772,0.04682926829268293,492,50
CCRCC,shipped,hoptimus1,random,abs,5,1,0,spot,INT4,0.8803246753246754,1.6312572852716036,2.143563752682252,0.020064935064935067,0.09961038961038961,308,50
CCRCC,shipped,hoptimus1,random,abs,5,1,0,spot,INT5,0.5651162790697675,1.6312572852716036,4.937345407889831,0.39348837209302323,0.04139534883720931,258,50
CCRCC,shipped,hoptimus1,random,abs,5,1,0,spot,INT6,0.8679356568364611,1.6312572852716019,2.271126106500432,0.07211796246648794,0.05994638069705093,373,50
CCRCC,shipped,hoptimus1,random,abs,5,1,0,spot,INT7,0.8755899419729206,1.6312572852715994,2.2085611027509517,0.08294003868471954,0.04147001934235977,517,50
CCRCC,shipped,hoptimus1,random,abs,5,1,0,spot,INT8,0.7879156908665105,1.6312572852716007,2.825644917938464,0.14046838407494144,0.07161592505854801,427,50
CCRCC,shipped,hoptimus1,random,abs,5,1,0,spot,INT9,0.8662872628726288,1.6312572852716019,2.278007181838415,0.06547425474254742,0.06823848238482384,369,50
CCRCC,shipped,hoptimus1,random,abs,5,2,0,spot,INT1,0.8938095238095238,1.6279937566655165,2.0995066218816514,0.03333333333333333,0.07285714285714286,252,50
CCRCC,shipped,hoptimus1,random,abs,5,2,0,spot,INT10,0.8268032786885245,1.6279937566655167,2.641821210052212,0.12487704918032787,0.04831967213114754,488,50
CCRCC,shipped,hoptimus1,random,abs,5,2,0,spot,INT11,0.8094894894894895,1.6279937566655167,2.704132075801096,0.1039039039039039,0.0866066066066066,333,50
CCRCC,shipped,hoptimus1,random,abs,5,2,0,spot,INT12,0.8684307692307692,1.6279937566655165,2.279853924489697,0.057107692307692304,0.07446153846153847,325,50
CCRCC,shipped,hoptimus1,random,abs,5,2,0,spot,INT13,0.9040041067761807,1.6279937566655178,2.0304189398701347,0.06706365503080082,0.02893223819301848,974,50
CCRCC,shipped,hoptimus1,random,abs,5,2,0,spot,INT14,0.9387415295256534,1.6279937566655176,1.8467231365408794,0.05016456921587609,0.011093901258470476,1033,50
CCRCC,shipped,hoptimus1,random,abs,5,2,0,spot,INT15,0.927718309859155,1.6279937566655172,1.907570462675619,0.05153051643192488,0.02075117370892019,1065,50
CCRCC,shipped,hoptimus1,random,abs,5,2,0,spot,INT16,0.9295211267605634,1.6279937566655172,1.9031980060457492,0.05684507042253521,0.013633802816901408,710,50
CCRCC,shipped,hoptimus1,random,abs,5,2,0,spot,INT17,0.9430423940149626,1.6279937566655176,1.8633811779469684,0.04895261845386534,0.00800498753117207,802,50
CCRCC,shipped,hoptimus1,random,abs,5,2,0,spot,INT18,0.9003568075117372,1.6279937566655172,2.0663401115561597,0.06,0.03964319248826291,1065,50
CCRCC,shipped,hoptimus1,random,abs,5,2,0,spot,INT19,0.9582857142857142,1.6279937566655167,1.7840088321185943,0.03608928571428571,0.005625,1120,50
CCRCC,shipped,hoptimus1,random,abs,5,2,0,spot,INT2,0.8866893039049236,1.6279937566655167,2.1308130372824703,0.058336162988115454,0.054974533106960946,589,50
CCRCC,shipped,hoptimus1,random,abs,5,2,0,spot,INT20,0.9543470149253731,1.6279937566655172,1.8120523947426357,0.0382089552238806,0.007444029850746269,1072,50
CCRCC,shipped,hoptimus1,random,abs,5,2,0,spot,INT21,0.9063862660944205,1.6279937566655165,2.0150927453108873,0.060103004291845494,0.03351072961373391,1165,50
CCRCC,shipped,hoptimus1,random,abs,5,2,0,spot,INT22,0.9029016786570743,1.6279937566655176,2.0139937332169495,0.07079136690647482,0.02630695443645084,834,50
CCRCC,shipped,hoptimus1,random,abs,5,2,0,spot,INT23,0.8814097744360901,1.6279937566655172,2.102380847881974,0.06592105263157895,0.052669172932330824,1064,50
CCRCC,shipped,hoptimus1,random,abs,5,2,0,spot,INT24,0.9058333333333333,1.6279937566655178,2.1252620964008777,0.06988095238095238,0.024285714285714285,1008,50
CCRCC,shipped,hoptimus1,random,abs,5,2,0,spot,INT3,0.899908256880734,1.6279937566655167,2.026740262851139,0.04692660550458716,0.0531651376146789,436,50
CCRCC,shipped,hoptimus1,random,abs,5,2,0,spot,INT4,0.8857627118644068,1.6279937566655167,2.1737420388516937,0.023728813559322035,0.09050847457627119,295,50
CCRCC,shipped,hoptimus1,random,abs,5,2,0,spot,INT5,0.5883050847457627,1.6279937566655165,4.648782239840019,0.3833050847457627,0.028389830508474576,236,50
CCRCC,shipped,hoptimus1,random,abs,5,2,0,spot,INT6,0.8660367454068242,1.6279937566655167,2.296224462294864,0.08288713910761154,0.0510761154855643,381,50
CCRCC,shipped,hoptimus1,random,abs,5,2,0,spot,INT7,0.8699280575539567,1.627993756665517,2.212128935655674,0.08812949640287769,0.041942446043165466,556,50
CCRCC,shipped,hoptimus1,random,abs,5,2,0,spot,INT8,0.7860267857142857,1.6279937566655167,2.888143118025057,0.13209821428571428,0.081875,448,50
CCRCC,shipped,hoptimus1,random,abs,5,2,0,spot,INT9,0.8673945409429281,1.6279937566655167,2.266506031857974,0.060099255583126544,0.07250620347394542,403,50
CCRCC,shipped,hoptimus1,random,abs,5,3,0,spot,INT1,0.9082142857142856,1.633171747090146,2.0529104855223,0.03455357142857143,0.057232142857142856,224,50
CCRCC,shipped,hoptimus1,random,abs,5,3,0,spot,INT10,0.8408490566037736,1.6331717470901455,2.5392976052606357,0.11806603773584906,0.041084905660377355,424,50
CCRCC,shipped,hoptimus1,random,abs,5,3,0,spot,INT11,0.7998692810457516,1.6331717470901455,2.8540642530431484,0.11366013071895426,0.08647058823529412,306,50
CCRCC,shipped,hoptimus1,random,abs,5,3,0,spot,INT12,0.8654545454545455,1.6331717470901452,2.328533791591238,0.059765395894428155,0.0747800586510264,341,50
CCRCC,shipped,hoptimus1,random,abs,5,3,0,spot,INT13,0.904104104104104,1.6331717470901492,2.022188135353781,0.06744744744744745,0.02844844844844845,999,50
CCRCC,shipped,hoptimus1,random,abs,5,3,0,spot,INT14,0.943793427230047,1.6331717470901486,1.8359538218701241,0.04668544600938967,0.00952112676056338,1065,50
CCRCC,shipped,hoptimus1,random,abs,5,3,0,spot,INT15,0.9258256029684602,1.6331717470901483,1.9271337133376178,0.05504638218923933,0.019128014842300554,1078,50
CCRCC,shipped,hoptimus1,random,abs,5,3,0,spot,INT16,0.9321153846153847,1.6331717470901486,1.893919140584802,0.05343406593406593,0.01445054945054945,728,50
CCRCC,shipped,hoptimus1,random,abs,5,3,0,spot,INT17,0.9486357947434293,1.633171747090149,1.8370243472825192,0.04315394242803504,0.00821026282853567,799,50
CCRCC,shipped,hoptimus1,random,abs,5,3,0,spot,INT18,0.8909022556390976,1.6331717470901486,2.1392717549891747,0.06770676691729323,0.04139097744360902,1064,50
CCRCC,shipped,hoptimus1,random,abs,5,3,0,spot,INT19,0.9585406301824212,1.6331717470901472,1.785017024342687,0.03631840796019901,0.005140961857379767,1206,50
CCRCC,shipped,hoptimus1,random,abs,5,3,0,spot,INT2,0.886800731261426,1.6331717470901463,2.1271254975987004,0.05725776965265083,0.05594149908592322,547,50
CCRCC,shipped,hoptimus1,random,abs,5,3,0,spot,INT20,0.9559633027522936,1.6331717470901483,1.8165987202049934,0.03765137614678899,0.006385321100917432,1090,50
CCRCC,shipped,hoptimus1,random,abs,5,3,0,spot,INT21,0.9063410138248849,1.6331717470901483,2.0137387702502365,0.06285714285714286,0.030801843317972352,1085,50
CCRCC,shipped,hoptimus1,random,abs,5,3,0,spot,INT22,0.9053302961275627,1.6331717470901492,2.0080863487789724,0.06933940774487471,0.025330296127562643,878,50
CCRCC,shipped,hoptimus1,random,abs,5,3,0,spot,INT23,0.877373188405797,1.6331717470901481,2.1379335790694434,0.07184782608695653,0.050778985507246376,1104,50
CCRCC,shipped,hoptimus1,random,abs,5,3,0,spot,INT24,0.8999005964214711,1.6331717470901492,2.1592700402512146,0.0725248508946322,0.027574552683896622,1006,50
CCRCC,shipped,hoptimus1,random,abs,5,3,0,spot,INT3,0.9059471365638767,1.633171747090146,2.0035553197318228,0.04590308370044052,0.04814977973568282,454,50
CCRCC,shipped,hoptimus1,random,abs,5,3,0,spot,INT4,0.8635643564356436,1.6331717470901452,2.2614881291520046,0.013795379537953796,0.12264026402640264,303,50
CCRCC,shipped,hoptimus1,random,abs,5,3,0,spot,INT5,0.592434456928839,1.633171747090146,4.5995517141196895,0.3749063670411985,0.032659176029962544,267,50
CCRCC,shipped,hoptimus1,random,abs,5,3,0,spot,INT6,0.8674792243767313,1.6331717470901452,2.322179210421422,0.08204986149584487,0.05047091412742383,361,50
CCRCC,shipped,hoptimus1,random,abs,5,3,0,spot,INT7,0.874453125,1.6331717470901461,2.2187351859103988,0.08421875,0.041328125,512,50
CCRCC,shipped,hoptimus1,random,abs,5,3,0,spot,INT8,0.7859574468085107,1.6331717470901455,2.8775737450708916,0.13612293144208037,0.07791962174940897,423,50
CCRCC,shipped,hoptimus1,random,abs,5,3,0,spot,INT9,0.8551282051282051,1.6331717470901452,2.376664504137393,0.07287179487179488,0.07200000000000001,390,50
CCRCC,shipped,hoptimus1,random,abs,5,4,0,spot,INT1,0.9017813765182185,1.6286328169538538,2.0508180097667497,0.032469635627530365,0.06574898785425101,247,50
CCRCC,shipped,hoptimus1,random,abs,5,4,0,spot,INT10,0.8242299794661192,1.6286328169538535,2.663923794181916,0.137741273100616,0.03802874743326489,487,50
CCRCC,shipped,hoptimus1,random,abs,5,4,0,spot,INT11,0.8261146496815287,1.6286328169538533,2.5474537286967167,0.0932484076433121,0.08063694267515924,314,50
CCRCC,shipped,hoptimus1,random,abs,5,4,0,spot,INT12,0.8725581395348837,1.6286328169538533,2.2343604264104506,0.05641196013289036,0.0710299003322259,301,50
CCRCC,shipped,hoptimus1,random,abs,5,4,0,spot,INT13,0.9026878306878307,1.6286328169538553,2.0325633179920803,0.06869841269841269,0.028613756613756616,945,50
CCRCC,shipped,hoptimus1,random,abs,5,4,0,spot,INT14,0.9401335877862596,1.6286328169538553,1.8477741053219565,0.05062977099236641,0.009236641221374046,1048,50
CCRCC,shipped,hoptimus1,random,abs,5,4,0,spot,INT15,0.9239610963748894,1.6286328169538555,1.931692169550059,0.056162687886825824,0.019876215738284703,1131,50
CCRCC,shipped,hoptimus1,random,abs,5,4,0,spot,INT16,0.9288140161725067,1.6286328169538555,1.9085178156499285,0.057547169811320756,0.013638814016172507,742,50
CCRCC,shipped,hoptimus1,random,abs,5,4,0,spot,INT17,0.9458650306748466,1.6286328169538555,1.8445447376229314,0.046429447852760736,0.007705521472392638,815,50
CCRCC,shipped,hoptimus1,random,abs,5,4,0,spot,INT18,0.8980018501387604,1.6286328169538555,2.075805570245717,0.0626827012025902,0.0393154486586494,1081,50
CCRCC,shipped,hoptimus1,random,abs,5,4,0,spot,INT19,0.9569203539823009,1.6286328169538555,1.7836820184492637,0.038654867256637165,0.004424778761061947,1130,50
CCRCC,shipped,hoptimus1,random,abs,5,4,0,spot,INT2,0.8940925266903915,1.6286328169538542,2.0847146852494056,0.06099644128113879,0.044911032028469744,562,50
CCRCC,shipped,hoptimus1,random,abs,5,4,0,spot,INT20,0.9520284697508897,1.6286328169538555,1.835166063395575,0.03880782918149466,0.009163701067615658,1124,50
CCRCC,shipped,hoptimus1,random,abs,5,4,0,spot,INT21,0.9081826320501343,1.6286328169538555,1.9946675873633979,0.057905102954341994,0.033912264995523723,1117,50
CCRCC,shipped,hoptimus1,random,abs,5,4,0,spot,INT22,0.9056055363321799,1.6286328169538553,2.0101869941653563,0.07215686274509804,0.02223760092272203,867,50
CCRCC,shipped,hoptimus1,random,abs,5,4,0,spot,INT23,0.8780591497227357,1.6286328169538555,2.1123468202553655,0.06914972273567468,0.05279112754158965,1082,50
CCRCC,shipped,hoptimus1,random,abs,5,4,0,spot,INT24,0.9058846918489065,1.6286328169538553,2.1160774036264987,0.071610337972167,0.02250497017892644,1006,50
CCRCC,shipped,hoptimus1,random,abs,5,4,0,spot,INT3,0.8987665198237886,1.6286328169538535,2.0389731523541696,0.04634361233480177,0.054889867841409694,454,50
CCRCC,shipped,hoptimus1,random,abs,5,4,0,spot,INT4,0.8802197802197802,1.6286328169538535,2.1691626965256305,0.022637362637362636,0.09714285714285714,273,50
CCRCC,shipped,hoptimus1,random,abs,5,4,0,spot,INT5,0.6170750988142293,1.6286328169538538,4.467026544771742,0.3448221343873518,0.03810276679841897,253,50
CCRCC,shipped,hoptimus1,random,abs,5,4,0,spot,INT6,0.8766666666666667,1.6286328169538533,2.233293699775219,0.07271186440677967,0.05062146892655368,354,50
CCRCC,shipped,hoptimus1,random,abs,5,4,0,spot,INT7,0.8742910447761194,1.6286328169538538,2.200255570029705,0.08279850746268658,0.04291044776119403,536,50
CCRCC,shipped,hoptimus1,random,abs,5,4,0,spot,INT8,0.7821860465116279,1.6286328169538535,2.9198948825086735,0.1431627906976744,0.07465116279069767,430,50
CCRCC,shipped,hoptimus1,random,abs,5,4,0,spot,INT9,0.864281690140845,1.6286328169538533,2.3129560580138997,0.06405633802816901,0.07166197183098592,355,50
CCRCC,shipped,hoptimus1,random,scaled,0,0,0,spot,INT1,0.9365942028985508,1.6676036593651162,1.9241164623058926,0.04057971014492754,0.02282608695652174,276,50
CCRCC,shipped,hoptimus1,random,scaled,0,0,0,spot,INT10,0.8708085106382978,1.7107119621652191,2.4693417102040915,0.1111063829787234,0.018085106382978722,470,50
CCRCC,shipped,hoptimus1,random,scaled,0,0,0,spot,INT11,0.869715909090909,1.8016485918977023,2.51738360755822,0.09829545454545455,0.031988636363636365,352,50
CCRCC,shipped,hoptimus1,random,scaled,0,0,0,spot,INT12,0.8976539589442816,1.7350877716773092,2.2048242636368456,0.047448680351906164,0.05489736070381232,341,50
CCRCC,shipped,hoptimus1,random,scaled,0,0,0,spot,INT13,0.9008876811594203,1.5639120669996656,1.984558141603215,0.07773550724637682,0.0213768115942029,1104,50
CCRCC,shipped,hoptimus1,random,scaled,0,0,0,spot,INT14,0.9134883720930234,1.4331081282379838,1.7961123210402306,0.07504472271914132,0.01146690518783542,1118,50
CCRCC,shipped,hoptimus1,random,scaled,0,0,0,spot,INT15,0.9032984714400644,1.488197492799594,1.9189431501251375,0.07958165728077232,0.017119871279163316,1243,50
CCRCC,shipped,hoptimus1,random,scaled,0,0,0,spot,INT16,0.900687898089172,1.456522719870172,1.9160683744565008,0.08978343949044586,0.009528662420382165,785,50
CCRCC,shipped,hoptimus1,random,scaled,0,0,0,spot,INT17,0.8944685714285714,1.2231395942751688,1.7607497806183294,0.09883428571428571,0.006697142857142857,875,50
CCRCC,shipped,hoptimus1,random,scaled,0,0,0,spot,INT18,0.8917982099267696,1.5583046020113056,2.06867941909042,0.08156224572823433,0.026639544344995932,1229,50
CCRCC,shipped,hoptimus1,random,scaled,0,0,0,spot,INT19,0.8913758389261746,1.1681249088683314,1.6907822642257593,0.10278523489932885,0.005838926174496645,1192,50
CCRCC,shipped,hoptimus1,random,scaled,0,0,0,spot,INT2,0.8947259259259259,1.586496571411831,2.0659161370164583,0.07748148148148148,0.02779259259259259,675,50
CCRCC,shipped,hoptimus1,random,scaled,0,0,0,spot,INT20,0.8991289782244556,1.2267588184657634,1.7153089942151174,0.09279731993299832,0.008073701842546063,1194,50
CCRCC,shipped,hoptimus1,random,scaled,0,0,0,spot,INT21,0.8987192118226601,1.547395239681566,1.992733344040974,0.07330049261083743,0.027980295566502465,1218,50
CCRCC,shipped,hoptimus1,random,scaled,0,0,0,spot,INT22,0.904710743801653,1.5443097092801201,1.9645497736469404,0.07989669421487604,0.015392561983471074,968,50
CCRCC,shipped,hoptimus1,random,scaled,0,0,0,spot,INT23,0.8885220397579948,1.6321295523798325,2.1064165153597654,0.06997407087294728,0.041503889369057904,1157,50
CCRCC,shipped,hoptimus1,random,scaled,0,0,0,spot,INT24,0.8928083989501313,1.4303146358733507,1.9676173858878738,0.09868766404199475,0.008503937007874017,1143,50
CCRCC,shipped,hoptimus1,random,scaled,0,0,0,spot,INT3,0.9145849802371542,1.622467315347076,1.992101574068954,0.06525691699604744,0.020158102766798417,506,50
CCRCC,shipped,hoptimus1,random,scaled,0,0,0,spot,INT4,0.9504504504504504,1.7148042473040825,1.9149564499281637,0.027867867867867865,0.021681681681681685,333,50
CCRCC,shipped,hoptimus1,random,scaled,0,0,0,spot,INT5,0.8846204620462046,2.549569920569953,3.1620690890022747,0.10653465346534655,0.008844884488448845,303,50
CCRCC,shipped,hoptimus1,random,scaled,0,0,0,spot,INT6,0.9204580152671755,1.7443975900945734,2.1418242428870946,0.06229007633587786,0.017251908396946566,393,50
CCRCC,shipped,hoptimus1,random,scaled,0,0,0,spot,INT7,0.9055726495726496,1.7080388012025636,2.1662987627652,0.07562393162393162,0.018803418803418803,585,50
CCRCC,shipped,hoptimus1,random,scaled,0,0,0,spot,INT8,0.878125,1.9608001528781986,2.6057017790832533,0.08633333333333333,0.035541666666666666,480,50
CCRCC,shipped,hoptimus1,random,scaled,0,0,0,spot,INT9,0.9020417633410673,1.7000280511151424,2.186766686080111,0.06691415313225058,0.031044083526682132,431,50
CCRCC,shipped,hoptimus1,random,scaled,0,1,0,spot,INT1,0.9413793103448276,1.665127005144101,1.8693974074615898,0.03816091954022988,0.02045977011494253,261,50
CCRCC,shipped,hoptimus1,random,scaled,0,1,0,spot,INT10,0.8748323471400394,1.681888257507688,2.4561961360114113,0.11143984220907298,0.013727810650887573,507,50
CCRCC,shipped,hoptimus1,random,scaled,0,1,0,spot,INT11,0.8873563218390805,1.851167006000612,2.446448192016199,0.07977011494252874,0.03287356321839081,348,50
CCRCC,shipped,hoptimus1,random,scaled,0,1,0,spot,INT12,0.9031024930747923,1.7348974497304193,2.155495001220265,0.0489196675900277,0.04797783933518006,361,50
CCRCC,shipped,hoptimus1,random,scaled,0,1,0,spot,INT13,0.9032471008028545,1.5782323345197558,1.9845744843740891,0.07584299732381802,0.020909901873327388,1121,50
CCRCC,shipped,hoptimus1,random,scaled,0,1,0,spot,INT14,0.9161913875598086,1.4420637931139648,1.7910478916896573,0.07289952153110048,0.010909090909090908,1045,50
CCRCC,shipped,hoptimus1,random,scaled,0,1,0,spot,INT15,0.9012479999999999,1.479752404664756,1.9181953934184952,0.0812,0.017552,1250,50
CCRCC,shipped,hoptimus1,random,scaled,0,1,0,spot,INT16,0.8984910485933504,1.4505865797441855,1.9123543388379334,0.09135549872122763,0.010153452685421996,782,50
CCRCC,shipped,hoptimus1,random,scaled,0,1,0,spot,INT17,0.8981838819523269,1.2293590619984371,1.740218783502464,0.09514188422247447,0.006674233825198638,881,50
CCRCC,shipped,hoptimus1,random,scaled,0,1,0,spot,INT18,0.8886446280991736,1.5545732754860233,2.077634595237644,0.08446280991735539,0.026892561983471074,1210,50
CCRCC,shipped,hoptimus1,random,scaled,0,1,0,spot,INT19,0.8865381391450126,1.1686216256795854,1.719987613333999,0.10784576697401509,0.0056160938809723384,1193,50
CCRCC,shipped,hoptimus1,random,scaled,0,1,0,spot,INT2,0.9107550077041603,1.6072907809014438,2.0190346944393505,0.06422187981510015,0.025023112480739598,649,50
CCRCC,shipped,hoptimus1,random,scaled,0,1,0,spot,INT20,0.8988083735909822,1.2140933116218278,1.7274702645658562,0.09515297906602255,0.006038647342995169,1242,50
CCRCC,shipped,hoptimus1,random,scaled,0,1,0,spot,INT21,0.8997051597051597,1.54760659641164,1.994985499783414,0.07366093366093367,0.026633906633906634,1221,50
CCRCC,shipped,hoptimus1,random,scaled,0,1,0,spot,INT22,0.8981661272923409,1.544744753433782,2.0056568250013562,0.08759439050701186,0.014239482200647248,927,50
CCRCC,shipped,hoptimus1,random,scaled,0,1,0,spot,INT23,0.8949397590361445,1.648352190745577,2.0762370873259077,0.06349397590361446,0.04156626506024096,1162,50
CCRCC,shipped,hoptimus1,random,scaled,0,1,0,spot,INT24,0.8864952870608397,1.4286928344161027,2.027688962228338,0.10553556126820908,0.007969151670951156,1167,50
CCRCC,shipped,hoptimus1,random,scaled,0,1,0,spot,INT3,0.9192857142857143,1.6175741343335956,1.9611057968470291,0.06293233082706767,0.017781954887218045,532,50
CCRCC,shipped,hoptimus1,random,scaled,0,1,0,spot,INT4,0.9516770186335404,1.7173681083432215,1.9053291828660286,0.027826086956521737,0.02049689440993789,322,50
CCRCC,shipped,hoptimus1,random,scaled,0,1,0,spot,INT5,0.8876868327402135,2.591969064511852,3.213431978163724,0.09850533807829182,0.013807829181494662,281,50
CCRCC,shipped,hoptimus1,random,scaled,0,1,0,spot,INT6,0.9197087378640777,1.7420257070837453,2.118864735822006,0.06276699029126213,0.017524271844660193,412,50
CCRCC,shipped,hoptimus1,random,scaled,0,1,0,spot,INT7,0.9026451612903226,1.698846043982727,2.169129915735726,0.0784516129032258,0.018903225806451613,620,50
CCRCC,shipped,hoptimus1,random,scaled,0,1,0,spot,INT8,0.8765591397849463,1.9478603360391955,2.5407664706188955,0.09118279569892473,0.03225806451612903,465,50
CCRCC,shipped,hoptimus1,random,scaled,0,1,0,spot,INT9,0.9009223300970873,1.7216612188351814,2.194348997406522,0.07252427184466019,0.026553398058252426,412,50
CCRCC,shipped,hoptimus1,random,scaled,0,2,0,spot,INT1,0.951,1.6672636375068624,1.8663702841857301,0.031857142857142855,0.017142857142857144,280,50
CCRCC,shipped,hoptimus1,random,scaled,0,2,0,spot,INT10,0.8778119001919386,1.688017834323716,2.3962166663734314,0.1073320537428023,0.014856046065259117,521,50
CCRCC,shipped,hoptimus1,random,scaled,0,2,0,spot,INT11,0.8637297297297297,1.801545657913383,2.622822515913754,0.10616216216216216,0.03010810810810811,370,50
CCRCC,shipped,hoptimus1,random,scaled,0,2,0,spot,INT12,0.8853824362606233,1.710183481055688,2.2732928359703855,0.06356940509915014,0.051048158640226625,353,50
CCRCC,shipped,hoptimus1,random,scaled,0,2,0,spot,INT13,0.9039441860465116,1.5778691336315682,1.9710621712866072,0.07668837209302326,0.019367441860465115,1075,50
CCRCC,shipped,hoptimus1,random,scaled,0,2,0,spot,INT14,0.91702434625789,1.4449610738279384,1.7869579767233532,0.07231740306582507,0.010658250676284942,1109,50
CCRCC,shipped,hoptimus1,random,scaled,0,2,0,spot,INT15,0.9053289473684211,1.490759466313416,1.899377894671064,0.07674342105263157,0.01792763157894737,1216,50
CCRCC,shipped,hoptimus1,random,scaled,0,2,0,spot,INT16,0.8965316455696203,1.4485926245376501,1.9305085501029922,0.09455696202531647,0.00891139240506329,790,50
CCRCC,shipped,hoptimus1,random,scaled,0,2,0,spot,INT17,0.8974631936579841,1.249672284304931,1.7587034890537512,0.09506228765571914,0.007474518686296715,883,50
CCRCC,shipped,hoptimus1,random,scaled,0,2,0,spot,INT18,0.8936131687242798,1.5638112690035577,2.0677151443932678,0.07820576131687243,0.028181069958847737,1215,50
CCRCC,shipped,hoptimus1,random,scaled,0,2,0,spot,INT19,0.8940629921259843,1.1583943162387047,1.6621326495006705,0.10031496062992126,0.005622047244094488,1270,50
CCRCC,shipped,hoptimus1,random,scaled,0,2,0,spot,INT2,0.8985052316890882,1.5854365386005187,2.057416183458047,0.07641255605381166,0.02508221225710015,669,50
CCRCC,shipped,hoptimus1,random,scaled,0,2,0,spot,INT20,0.8950541215653622,1.2216936470049315,1.7352447255971515,0.09756869275603665,0.007377185678601166,1201,50
CCRCC,shipped,hoptimus1,random,scaled,0,2,0,spot,INT21,0.8943205858421481,1.5403843756619633,1.9853148832304037,0.07843775427176566,0.027241659886086247,1229,50
CCRCC,shipped,hoptimus1,random,scaled,0,2,0,spot,INT22,0.8990196078431373,1.545277687154442,1.9998176922899653,0.08557734204793029,0.015403050108932462,918,50
CCRCC,shipped,hoptimus1,random,scaled,0,2,0,spot,INT23,0.889160035366932,1.631946723091598,2.100494944939146,0.06908930150309461,0.04175066312997347,1131,50
CCRCC,shipped,hoptimus1,random,scaled,0,2,0,spot,INT24,0.8905765765765765,1.4385320563756396,1.9910706847933701,0.09922522522522521,0.010198198198198198,1110,50
CCRCC,shipped,hoptimus1,random,scaled,0,2,0,spot,INT3,0.9141176470588235,1.607036931999795,1.9788953151456645,0.06737254901960785,0.018509803921568625,510,50
CCRCC,shipped,hoptimus1,random,scaled,0,2,0,spot,INT4,0.9489830508474576,1.756200053213467,1.9566692923590716,0.027796610169491528,0.02322033898305085,354,50
CCRCC,shipped,hoptimus1,random,scaled,0,2,0,spot,INT5,0.9054092526690392,2.576483719564175,3.0580322227048757,0.08,0.014590747330960854,281,50
CCRCC,shipped,hoptimus1,random,scaled,0,2,0,spot,INT6,0.9111392405063292,1.7398472521722863,2.2087951566235375,0.07762025316455697,0.011240506329113924,395,50
CCRCC,shipped,hoptimus1,random,scaled,0,2,0,spot,INT7,0.9011805555555555,1.6881638847995513,2.158027691386197,0.08114583333333333,0.017673611111111112,576,50
CCRCC,shipped,hoptimus1,random,scaled,0,2,0,spot,INT8,0.8689308176100629,1.9404630472723035,2.6610522361509434,0.090146750524109,0.04092243186582809,477,50
CCRCC,shipped,hoptimus1,random,scaled,0,2,0,spot,INT9,0.9054794520547945,1.727853262435892,2.1718075420926506,0.060045662100456615,0.03447488584474886,438,50
CCRCC,shipped,hoptimus1,random,scaled,0,3,0,spot,INT1,0.9418382352941177,1.6668666143087965,1.8824186463283012,0.03426470588235295,0.02389705882352941,272,50
CCRCC,shipped,hoptimus1,random,scaled,0,3,0,spot,INT10,0.8753786407766991,1.6862274881768478,2.4117317337616093,0.10885436893203883,0.015766990291262134,515,50
CCRCC,shipped,hoptimus1,random,scaled,0,3,0,spot,INT11,0.8964204545454545,1.8530170561846067,2.375359612497846,0.0659090909090909,0.03767045454545455,352,50
CCRCC,shipped,hoptimus1,random,scaled,0,3,0,spot,INT12,0.8961881188118812,1.7440094044431655,2.2507847242353307,0.04792079207920792,0.05589108910891089,404,50
CCRCC,shipped,hoptimus1,random,scaled,0,3,0,spot,INT13,0.9001438848920863,1.5625036662928593,1.9781336448411195,0.07683453237410072,0.02302158273381295,1112,50
CCRCC,shipped,hoptimus1,random,scaled,0,3,0,spot,INT14,0.9143828264758497,1.4434934143287432,1.7998159193611218,0.0762432915921288,0.009373881932021468,1118,50
CCRCC,shipped,hoptimus1,random,scaled,0,3,0,spot,INT15,0.899719703215169,1.4835933928915888,1.932894214145927,0.08341302555647155,0.01686727122835944,1213,50
CCRCC,shipped,hoptimus1,random,scaled,0,3,0,spot,INT16,0.9046031746031745,1.4662609047761395,1.8952730525382016,0.08592592592592592,0.00947089947089947,756,50
CCRCC,shipped,hoptimus1,random,scaled,0,3,0,spot,INT17,0.8922146118721461,1.2248047196749814,1.7537009802828172,0.10171232876712327,0.0060730593607305925,876,50
CCRCC,shipped,hoptimus1,random,scaled,0,3,0,spot,INT18,0.894375503626108,1.5419924273890593,2.0247416747881832,0.08162771958098308,0.023996776792908944,1241,50
CCRCC,shipped,hoptimus1,random,scaled,0,3,0,spot,INT19,0.8962077493816983,1.172850264272869,1.6672402537545132,0.09765869744435285,0.0061335531739488865,1213,50
CCRCC,shipped,hoptimus1,random,scaled,0,3,0,spot,INT2,0.9063665594855306,1.6033055161150482,2.0256375353361067,0.06961414790996785,0.02401929260450161,622,50
CCRCC,shipped,hoptimus1,random,scaled,0,3,0,spot,INT20,0.8994789915966386,1.2119995501395153,1.706627514711989,0.0932436974789916,0.007277310924369748,1190,50
CCRCC,shipped,hoptimus1,random,scaled,0,3,0,spot,INT21,0.9016046319272125,1.5490281547998825,1.9725088606421708,0.07373035566583953,0.024665012406947892,1209,50
CCRCC,shipped,hoptimus1,random,scaled,0,3,0,spot,INT22,0.9018974918211559,1.5539573343760096,1.989175155787087,0.0829443838604144,0.015158124318429661,917,50
CCRCC,shipped,hoptimus1,random,scaled,0,3,0,spot,INT23,0.8896065573770491,1.63666781502409,2.0846314364358314,0.0669344262295082,0.04345901639344262,1220,50
CCRCC,shipped,hoptimus1,random,scaled,0,3,0,spot,INT24,0.8909458218549128,1.430238322806382,1.9858221263448983,0.1003305785123967,0.008723599632690543,1089,50
CCRCC,shipped,hoptimus1,random,scaled,0,3,0,spot,INT3,0.9222494887525562,1.661289746004758,1.991345403254144,0.057668711656441725,0.020081799591002047,489,50
CCRCC,shipped,hoptimus1,random,scaled,0,3,0,spot,INT4,0.9526219512195122,1.7033242435313263,1.8864384990718834,0.029634146341463413,0.017743902439024392,328,50
CCRCC,shipped,hoptimus1,random,scaled,0,3,0,spot,INT5,0.9022304832713754,2.6109066427213223,3.120523420841606,0.08706319702602232,0.010706319702602229,269,50
CCRCC,shipped,hoptimus1,random,scaled,0,3,0,spot,INT6,0.9176905311778291,1.7653326636556441,2.18456086679408,0.06692840646651271,0.0153810623556582,433,50
CCRCC,shipped,hoptimus1,random,scaled,0,3,0,spot,INT7,0.902051282051282,1.675806854483539,2.1523983525624972,0.07986324786324786,0.018085470085470085,585,50
CCRCC,shipped,hoptimus1,random,scaled,0,3,0,spot,INT8,0.8710236220472442,1.948822098624689,2.621547398725618,0.09275590551181102,0.03622047244094488,508,50
CCRCC,shipped,hoptimus1,random,scaled,0,3,0,spot,INT9,0.9081818181818181,1.728077173555566,2.167715452747324,0.0644090909090909,0.027409090909090907,440,50
CCRCC,shipped,hoptimus1,random,scaled,0,4,0,spot,INT1,0.9416296296296296,1.6689665119331414,1.9023891332070886,0.03666666666666667,0.021703703703703704,270,50
CCRCC,shipped,hoptimus1,random,scaled,0,4,0,spot,INT10,0.872271762208068,1.727150182106133,2.497506011209178,0.11193205944798301,0.015796178343949044,471,50
CCRCC,shipped,hoptimus1,random,scaled,0,4,0,spot,INT11,0.8778319783197833,1.821587901186755,2.5040763908729433,0.094579945799458,0.02758807588075881,369,50
CCRCC,shipped,hoptimus1,random,scaled,0,4,0,spot,INT12,0.8792835820895522,1.6972995479682813,2.278947348221199,0.06131343283582089,0.059402985074626866,335,50
CCRCC,shipped,hoptimus1,random,scaled,0,4,0,spot,INT13,0.8993229643183898,1.5471419495739807,1.9680755325688282,0.07763952424519671,0.02303751143641354,1093,50
CCRCC,shipped,hoptimus1,random,scaled,0,4,0,spot,INT14,0.9175835475578407,1.4382044566336747,1.7803411408676297,0.07458440445586975,0.007832047986289632,1167,50
CCRCC,shipped,hoptimus1,random,scaled,0,4,0,spot,INT15,0.903415435139573,1.4816649753827056,1.9242995161753242,0.07779967159277504,0.018784893267651887,1218,50
CCRCC,shipped,hoptimus1,random,scaled,0,4,0,spot,INT16,0.9001765447667087,1.459314679311015,1.9141510272875921,0.090718789407314,0.009104665825977302,793,50
CCRCC,shipped,hoptimus1,random,scaled,0,4,0,spot,INT17,0.8936117381489842,1.2292513027561638,1.757397910943254,0.10029345372460498,0.006094808126410836,886,50
CCRCC,shipped,hoptimus1,random,scaled,0,4,0,spot,INT18,0.888815471394037,1.5311737313420064,2.047955358348813,0.08372280419016923,0.027461724415793712,1241,50
CCRCC,shipped,hoptimus1,random,scaled,0,4,0,spot,INT19,0.8909516129032258,1.166777655521065,1.6895690091987225,0.10230645161290322,0.006741935483870968,1240,50
CCRCC,shipped,hoptimus1,random,scaled,0,4,0,spot,INT2,0.9087999999999999,1.595554857230122,1.9929782252726076,0.066464,0.024735999999999998,625,50
CCRCC,shipped,hoptimus1,random,scaled,0,4,0,spot,INT20,0.8983550488599349,1.2189136978794808,1.7178340065226398,0.09527687296416937,0.006368078175895765,1228,50
CCRCC,shipped,hoptimus1,random,scaled,0,4,0,spot,INT21,0.8972475570032573,1.5387139282577385,1.9932946423418463,0.07801302931596092,0.02473941368078176,1228,50
CCRCC,shipped,hoptimus1,random,scaled,0,4,0,spot,INT22,0.8988628762541806,1.5377775870606698,2.0025883599541996,0.08356744704570791,0.017569676700111482,897,50
CCRCC,shipped,hoptimus1,random,scaled,0,4,0,spot,INT23,0.8833389830508475,1.615036635923052,2.110753500569185,0.07571186440677966,0.040949152542372885,1180,50
CCRCC,shipped,hoptimus1,random,scaled,0,4,0,spot,INT24,0.8864781021897811,1.4313958107778098,2.022985025591769,0.10481751824817519,0.008704379562043795,1096,50
CCRCC,shipped,hoptimus1,random,scaled,0,4,0,spot,INT3,0.9206224066390041,1.6280246813160388,1.9711976283893902,0.06141078838174274,0.017966804979253112,482,50
CCRCC,shipped,hoptimus1,random,scaled,0,4,0,spot,INT4,0.9559756097560975,1.7109580020915418,1.8923755065556316,0.026707317073170735,0.01731707317073171,328,50
CCRCC,shipped,hoptimus1,random,scaled,0,4,0,spot,INT5,0.8838926174496645,2.615937297101378,3.296661705735145,0.10436241610738256,0.01174496644295302,298,50
CCRCC,shipped,hoptimus1,random,scaled,0,4,0,spot,INT6,0.9177628635346755,1.7370264329747989,2.124617725395425,0.06617449664429531,0.01606263982102908,447,50
CCRCC,shipped,hoptimus1,random,scaled,0,4,0,spot,INT7,0.8981411359724614,1.6706654431583114,2.188444360131825,0.08240963855421686,0.019449225473321858,581,50
CCRCC,shipped,hoptimus1,random,scaled,0,4,0,spot,INT8,0.8722448979591837,1.934046729621407,2.608212642568799,0.09257142857142857,0.035183673469387756,490,50
CCRCC,shipped,hoptimus1,random,scaled,0,4,0,spot,INT9,0.9091176470588235,1.7234013831134825,2.1463387299314376,0.06166666666666667,0.0292156862745098,408,50
CCRCC,shipped,hoptimus1,random,scaled,1,0,0,spot,INT1,0.9301176470588236,1.6366314034938514,1.9333778986341104,0.05176470588235294,0.01811764705882353,85,50
CCRCC,shipped,hoptimus1,random,scaled,1,0,0,spot,INT10,0.8862433862433862,1.6755016198244297,2.2929057801430504,0.10021164021164021,0.013544973544973544,189,50
CCRCC,shipped,hoptimus1,random,scaled,1,0,0,spot,INT11,0.8996491228070176,1.850794614522984,2.394348474559938,0.07473684210526316,0.025614035087719297,114,50
CCRCC,shipped,hoptimus1,random,scaled,1,0,0,spot,INT12,0.890483870967742,1.7143882414861884,2.2159626921241067,0.05596774193548387,0.05354838709677419,124,50
CCRCC,shipped,hoptimus1,random,scaled,1,0,0,spot,INT13,0.9068671679197995,1.564856335841541,1.965110561901316,0.07463659147869674,0.018496240601503757,399,50
CCRCC,shipped,hoptimus1,random,scaled,1,0,0,spot,INT14,0.9195174262734583,1.4553248875454141,1.7735559950583224,0.07002680965147454,0.010455764075067025,373,50
CCRCC,shipped,hoptimus1,random,scaled,1,0,0,spot,INT15,0.9090322580645162,1.4886123168291352,1.884421665232591,0.07423963133640553,0.01672811059907834,434,50
CCRCC,shipped,hoptimus1,random,scaled,1,0,0,spot,INT16,0.893587786259542,1.4563027529992782,1.9521460420375651,0.09473282442748092,0.0116793893129771,262,50
CCRCC,shipped,hoptimus1,random,scaled,1,0,0,spot,INT17,0.8980239520958083,1.2307657686520954,1.7169356589500098,0.09502994011976047,0.006946107784431138,334,50
CCRCC,shipped,hoptimus1,random,scaled,1,0,0,spot,INT18,0.897085201793722,1.5722787431685068,2.040305851511484,0.07838565022421524,0.024529147982062783,446,50
CCRCC,shipped,hoptimus1,random,scaled,1,0,0,spot,INT19,0.895990888382688,1.1802697664101764,1.684693016128496,0.0980865603644647,0.00592255125284738,439,50
CCRCC,shipped,hoptimus1,random,scaled,1,0,0,spot,INT2,0.9052360515021459,1.60099686951779,2.0625373708562282,0.07484978540772533,0.019914163090128757,233,50
CCRCC,shipped,hoptimus1,random,scaled,1,0,0,spot,INT20,0.9028251121076234,1.215217910492698,1.6990144202358533,0.09237668161434978,0.0047982062780269055,446,50
CCRCC,shipped,hoptimus1,random,scaled,1,0,0,spot,INT21,0.8993150684931507,1.5451826874911507,1.9682504194987793,0.07397260273972601,0.02671232876712329,438,50
CCRCC,shipped,hoptimus1,random,scaled,1,0,0,spot,INT22,0.9013218390804597,1.5322459121059322,1.991160510638585,0.08683908045977011,0.011839080459770114,348,50
CCRCC,shipped,hoptimus1,random,scaled,1,0,0,spot,INT23,0.8876497695852535,1.632447120769144,2.1059450943111018,0.07092165898617511,0.04142857142857143,434,50
CCRCC,shipped,hoptimus1,random,scaled,1,0,0,spot,INT24,0.8984579439252336,1.4603133036363152,1.9598994200377957,0.09271028037383176,0.00883177570093458,428,50
CCRCC,shipped,hoptimus1,random,scaled,1,0,0,spot,INT3,0.9105102040816326,1.5815553520000298,1.979151177025103,0.07071428571428572,0.018775510204081632,196,50
CCRCC,shipped,hoptimus1,random,scaled,1,0,0,spot,INT4,0.9462962962962963,1.6557621362109787,1.8722673968207402,0.041296296296296296,0.012407407407407407,108,50
CCRCC,shipped,hoptimus1,random,scaled,1,0,0,spot,INT5,0.8858715596330274,2.5902501503737865,3.2120352049575995,0.10018348623853213,0.013944954128440368,109,50
CCRCC,shipped,hoptimus1,random,scaled,1,0,0,spot,INT6,0.9174825174825174,1.758355875215774,2.137844753045024,0.06671328671328672,0.015804195804195804,143,50
CCRCC,shipped,hoptimus1,random,scaled,1,0,0,spot,INT7,0.9012154696132596,1.6992337378777174,2.168509530346343,0.08066298342541436,0.018121546961325966,181,50
CCRCC,shipped,hoptimus1,random,scaled,1,0,0,spot,INT8,0.876319018404908,1.9502519539625573,2.5425093825952207,0.09116564417177914,0.03251533742331288,163,50
CCRCC,shipped,hoptimus1,random,scaled,1,0,0,spot,INT9,0.9001398601398601,1.7225163866730986,2.1776581624064244,0.06741258741258742,0.03244755244755245,143,50
CCRCC,shipped,hoptimus1,random,scaled,1,1,0,spot,INT1,0.9551515151515152,1.6384906632869791,1.790691278679396,0.03151515151515152,0.013333333333333332,99,50
CCRCC,shipped,hoptimus1,random,scaled,1,1,0,spot,INT10,0.8990588235294118,1.7342850533099297,2.2721035699740995,0.08458823529411764,0.016352941176470587,170,50
CCRCC,shipped,hoptimus1,random,scaled,1,1,0,spot,INT11,0.8860504201680672,1.8551097233128555,2.443753876973988,0.08504201680672269,0.028907563025210085,119,50
CCRCC,shipped,hoptimus1,random,scaled,1,1,0,spot,INT12,0.9058730158730158,1.733968306059151,2.1444420805032123,0.04095238095238095,0.05317460317460317,126,50
CCRCC,shipped,hoptimus1,random,scaled,1,1,0,spot,INT13,0.9069950738916256,1.5725662934553575,1.9535319583657367,0.06876847290640394,0.024236453201970445,406,50
CCRCC,shipped,hoptimus1,random,scaled,1,1,0,spot,INT14,0.9132832080200501,1.4198707900754315,1.791833034083187,0.07669172932330827,0.010025062656641603,399,50
CCRCC,shipped,hoptimus1,random,scaled,1,1,0,spot,INT15,0.9062817551963049,1.4922525136486084,1.9048553889066309,0.07648960739030022,0.017228637413394917,433,50
CCRCC,shipped,hoptimus1,random,scaled,1,1,0,spot,INT16,0.9070631970260223,1.465040633081982,1.867468597846087,0.08460966542750929,0.008327137546468402,269,50
CCRCC,shipped,hoptimus1,random,scaled,1,1,0,spot,INT17,0.8872312703583062,1.234909846697226,1.7966882107378066,0.10423452768729641,0.008534201954397394,307,50
CCRCC,shipped,hoptimus1,random,scaled,1,1,0,spot,INT18,0.8873317865429234,1.555083447179588,2.1072006716904372,0.08709976798143851,0.02556844547563805,431,50
CCRCC,shipped,hoptimus1,random,scaled,1,1,0,spot,INT19,0.8909635974304068,1.1716999029368624,1.70929614681773,0.10411134903640257,0.004925053533190578,467,50
CCRCC,shipped,hoptimus1,random,scaled,1,1,0,spot,INT2,0.8994495412844037,1.5814637354640546,2.073575594217417,0.0789908256880734,0.021559633027522937,218,50
CCRCC,shipped,hoptimus1,random,scaled,1,1,0,spot,INT20,0.9089285714285714,1.233204085732429,1.6612224931029873,0.08441964285714286,0.006651785714285714,448,50
CCRCC,shipped,hoptimus1,random,scaled,1,1,0,spot,INT21,0.8994666666666667,1.549500331956194,1.9646491106612565,0.07426666666666666,0.02626666666666667,450,50
CCRCC,shipped,hoptimus1,random,scaled,1,1,0,spot,INT22,0.8962253521126761,1.558906614710219,2.037102384304517,0.08997183098591549,0.01380281690140845,355,50
CCRCC,shipped,hoptimus1,random,scaled,1,1,0,spot,INT23,0.8919718309859155,1.6451214329865003,2.082981243443539,0.06769953051643193,0.04032863849765258,426,50
CCRCC,shipped,hoptimus1,random,scaled,1,1,0,spot,INT24,0.9005513784461152,1.4685376527267657,1.9521571415879138,0.086265664160401,0.01318295739348371,399,50
CCRCC,shipped,hoptimus1,random,scaled,1,1,0,spot,INT3,0.9258479532163743,1.6212836023455628,1.9275538351791002,0.05976608187134502,0.014385964912280702,171,50
CCRCC,shipped,hoptimus1,random,scaled,1,1,0,spot,INT4,0.9575384615384616,1.6713479838281486,1.8336509554661078,0.026461538461538467,0.016,130,50
CCRCC,shipped,hoptimus1,random,scaled,1,1,0,spot,INT5,0.8642222222222222,2.5586696340985,3.3823387215975,0.11555555555555555,0.02022222222222222,90,50
CCRCC,shipped,hoptimus1,random,scaled,1,1,0,spot,INT6,0.9215267175572519,1.7291152193245838,2.0932140103246626,0.06229007633587786,0.01618320610687023,131,50
CCRCC,shipped,hoptimus1,random,scaled,1,1,0,spot,INT7,0.9023853211009174,1.6860813943601314,2.1489617888237604,0.08,0.01761467889908257,218,50
CCRCC,shipped,hoptimus1,random,scaled,1,1,0,spot,INT8,0.8828402366863906,1.9580937068327484,2.5420135508479946,0.08568047337278106,0.0314792899408284,169,50
CCRCC,shipped,hoptimus1,random,scaled,1,1,0,spot,INT9,0.8991304347826088,1.7677005441796607,2.25088718181227,0.06420289855072464,0.03666666666666667,138,50
CCRCC,shipped,hoptimus1,random,scaled,1,2,0,spot,INT1,0.9410989010989012,1.7132030111506398,1.9429729111319025,0.03296703296703297,0.025934065934065935,91,50
CCRCC,shipped,hoptimus1,random,scaled,1,2,0,spot,INT10,0.886268656716418,1.7426868267356819,2.3731792630759125,0.1,0.013731343283582088,201,50
CCRCC,shipped,hoptimus1,random,scaled,1,2,0,spot,INT11,0.879349593495935,1.862507613017518,2.5208829018313628,0.08764227642276422,0.03300813008130081,123,50
CCRCC,shipped,hoptimus1,random,scaled,1,2,0,spot,INT12,0.8923809523809524,1.7584127404955847,2.2994631231176537,0.05142857142857142,0.056190476190476187,126,50
CCRCC,shipped,hoptimus1,random,scaled,1,2,0,spot,INT13,0.9085204081632654,1.568829421268943,1.943699713351135,0.07209183673469388,0.019387755102040816,392,50
CCRCC,shipped,hoptimus1,random,scaled,1,2,0,spot,INT14,0.9068194842406876,1.4365854717702067,1.83234109525115,0.08446991404011461,0.008710601719197708,349,50
CCRCC,shipped,hoptimus1,random,scaled,1,2,0,spot,INT15,0.9014798206278027,1.479906844552269,1.9289670126182148,0.08094170403587445,0.01757847533632287,446,50
CCRCC,shipped,hoptimus1,random,scaled,1,2,0,spot,INT16,0.9007817589576547,1.456738584350734,1.8975475070653391,0.08905537459283387,0.0101628664495114,307,50
CCRCC,shipped,hoptimus1,random,scaled,1,2,0,spot,INT17,0.8921556886227545,1.20880544968067,1.761520808260489,0.10059880239520957,0.007245508982035929,334,50
CCRCC,shipped,hoptimus1,random,scaled,1,2,0,spot,INT18,0.8947846889952153,1.5581734283398336,2.0469167805756983,0.07645933014354067,0.02875598086124402,418,50
CCRCC,shipped,hoptimus1,random,scaled,1,2,0,spot,INT19,0.8959134615384616,1.1607015064084139,1.6609980108713986,0.09745192307692309,0.006634615384615385,416,50
CCRCC,shipped,hoptimus1,random,scaled,1,2,0,spot,INT2,0.8981974248927038,1.5889662288262765,2.0681235442078343,0.0784549356223176,0.023347639484978543,233,50
CCRCC,shipped,hoptimus1,random,scaled,1,2,0,spot,INT20,0.9084910485933504,1.2135778868789557,1.6486086054019702,0.08654731457800512,0.004961636828644502,391,50
CCRCC,shipped,hoptimus1,random,scaled,1,2,0,spot,INT21,0.8998202247191012,1.5376461241066623,1.9678662231460948,0.07492134831460674,0.025258426966292134,445,50
CCRCC,shipped,hoptimus1,random,scaled,1,2,0,spot,INT22,0.8977108433734939,1.5401671943269342,2.0151155922853023,0.08662650602409638,0.015662650602409636,332,50
CCRCC,shipped,hoptimus1,random,scaled,1,2,0,spot,INT23,0.898909952606635,1.6426026887121796,2.0475566815185506,0.06530805687203792,0.035781990521327016,422,50
CCRCC,shipped,hoptimus1,random,scaled,1,2,0,spot,INT24,0.8885576923076922,1.4477307071994567,2.0519349812371535,0.100625,0.010817307692307692,416,50
CCRCC,shipped,hoptimus1,random,scaled,1,2,0,spot,INT3,0.9290909090909091,1.6254424712500586,1.9213867016093147,0.05375,0.01715909090909091,176,50
CCRCC,shipped,hoptimus1,random,scaled,1,2,0,spot,INT4,0.937984496124031,1.7230676556654536,1.948917661097306,0.03643410852713178,0.02558139534883721,129,50
CCRCC,shipped,hoptimus1,random,scaled,1,2,0,spot,INT5,0.8743362831858407,2.583634535039234,3.286231027378027,0.11539823008849558,0.010265486725663717,113,50
CCRCC,shipped,hoptimus1,random,scaled,1,2,0,spot,INT6,0.9020382165605096,1.7681888213554695,2.280761184978766,0.08292993630573248,0.015031847133757962,157,50
CCRCC,shipped,hoptimus1,random,scaled,1,2,0,spot,INT7,0.8999052132701422,1.707598362378472,2.2210232412136297,0.08312796208530805,0.016966824644549763,211,50
CCRCC,shipped,hoptimus1,random,scaled,1,2,0,spot,INT8,0.8673913043478261,1.974384142137955,2.660730465967083,0.10869565217391304,0.02391304347826087,184,50
CCRCC,shipped,hoptimus1,random,scaled,1,2,0,spot,INT9,0.9249681528662421,1.7819515789041604,2.12010089422421,0.04407643312101911,0.030955414012738856,157,50
CCRCC,shipped,hoptimus1,random,scaled,1,3,0,spot,INT1,0.9435897435897437,1.6499815689730286,1.8905559829427476,0.03923076923076923,0.01717948717948718,78,50
CCRCC,shipped,hoptimus1,random,scaled,1,3,0,spot,INT10,0.8864480874316939,1.6687333968838731,2.3379671337679984,0.10163934426229508,0.011912568306010929,183,50
CCRCC,shipped,hoptimus1,random,scaled,1,3,0,spot,INT11,0.8831205673758865,1.835629700762816,2.4260831755362715,0.07829787234042553,0.03858156028368795,141,50
CCRCC,shipped,hoptimus1,random,scaled,1,3,0,spot,INT12,0.88875,1.7429548876896448,2.293622914463759,0.05277777777777778,0.058472222222222224,144,50
CCRCC,shipped,hoptimus1,random,scaled,1,3,0,spot,INT13,0.9019847328244275,1.5671391510839225,1.9869691301190693,0.07740458015267175,0.020610687022900764,393,50
CCRCC,shipped,hoptimus1,random,scaled,1,3,0,spot,INT14,0.916298076923077,1.4324325861461824,1.7838086724681017,0.07475961538461538,0.008942307692307692,416,50
CCRCC,shipped,hoptimus1,random,scaled,1,3,0,spot,INT15,0.9027619047619048,1.4862957157225147,1.9306894429067858,0.08042857142857143,0.01680952380952381,420,50
CCRCC,shipped,hoptimus1,random,scaled,1,3,0,spot,INT16,0.9028673835125448,1.4640985133570248,1.9011180268065104,0.0878136200716846,0.00931899641577061,279,50
CCRCC,shipped,hoptimus1,random,scaled,1,3,0,spot,INT17,0.8894637223974763,1.2229196543474368,1.7775923801881088,0.10309148264984228,0.007444794952681388,317,50
CCRCC,shipped,hoptimus1,random,scaled,1,3,0,spot,INT18,0.8916176470588235,1.5536724458487305,2.064454544486547,0.08485294117647058,0.023529411764705882,408,50
CCRCC,shipped,hoptimus1,random,scaled,1,3,0,spot,INT19,0.8935600907029478,1.1712166588394406,1.7058345239973303,0.10022675736961452,0.0062131519274376415,441,50
CCRCC,shipped,hoptimus1,random,scaled,1,3,0,spot,INT2,0.89921875,1.61183012853264,2.077294477077571,0.07203125,0.02875,256,50
CCRCC,shipped,hoptimus1,random,scaled,1,3,0,spot,INT20,0.9032643678160919,1.2392830931260082,1.7012948024147354,0.08979310344827587,0.006942528735632184,435,50
CCRCC,shipped,hoptimus1,random,scaled,1,3,0,spot,INT21,0.8955607476635514,1.5417820408292946,2.00526913121083,0.07976635514018691,0.02467289719626168,428,50
CCRCC,shipped,hoptimus1,random,scaled,1,3,0,spot,INT22,0.9076608187134503,1.5579424197238538,1.9372635969444618,0.07994152046783626,0.012397660818713449,342,50
CCRCC,shipped,hoptimus1,random,scaled,1,3,0,spot,INT23,0.8938571428571429,1.641178714719658,2.057534807824126,0.06838095238095238,0.03776190476190476,420,50
CCRCC,shipped,hoptimus1,random,scaled,1,3,0,spot,INT24,0.8944303797468355,1.4398275733159525,1.9717732375958854,0.09564556962025315,0.009924050632911392,395,50
CCRCC,shipped,hoptimus1,random,scaled,1,3,0,spot,INT3,0.9140372670807453,1.6422327727639705,2.0168620353916076,0.06472049689440994,0.021242236024844718,161,50
CCRCC,shipped,hoptimus1,random,scaled,1,3,0,spot,INT4,0.9488888888888889,1.7464425098995335,1.9516026519923833,0.028888888888888888,0.022222222222222223,117,50
CCRCC,shipped,hoptimus1,random,scaled,1,3,0,spot,INT5,0.9043478260869565,2.6124370098830423,3.103702573598078,0.08,0.015652173913043476,92,50
CCRCC,shipped,hoptimus1,random,scaled,1,3,0,spot,INT6,0.9135443037974683,1.7694103745196474,2.190490066440001,0.06797468354430379,0.01848101265822785,158,50
CCRCC,shipped,hoptimus1,random,scaled,1,3,0,spot,INT7,0.9017272727272727,1.695712451681079,2.177079237873008,0.0849090909090909,0.013363636363636364,220,50
CCRCC,shipped,hoptimus1,random,scaled,1,3,0,spot,INT8,0.8749473684210527,1.936047398190888,2.5989251771796757,0.08199999999999999,0.04305263157894736,190,50
CCRCC,shipped,hoptimus1,random,scaled,1,3,0,spot,INT9,0.9078518518518518,1.7024323933825358,2.1505086790738197,0.06251851851851851,0.029629629629629627,135,50
CCRCC,shipped,hoptimus1,random,scaled,1,4,0,spot,INT1,0.9420454545454545,1.6300607951254054,1.8636432556792573,0.035454545454545454,0.0225,88,50
CCRCC,shipped,hoptimus1,random,scaled,1,4,0,spot,INT10,0.8718390804597701,1.6648764734829655,2.39694542239634,0.11402298850574713,0.014137931034482758,174,50
CCRCC,shipped,hoptimus1,random,scaled,1,4,0,spot,INT11,0.881311475409836,1.834893318298257,2.466632963213034,0.08409836065573771,0.03459016393442623,122,50
CCRCC,shipped,hoptimus1,random,scaled,1,4,0,spot,INT12,0.8970370370370371,1.6971915440807859,2.1777788211493747,0.05762962962962963,0.04533333333333333,135,50
CCRCC,shipped,hoptimus1,random,scaled,1,4,0,spot,INT13,0.9072922252010724,1.5668020277750907,1.9619593688307189,0.07045576407506703,0.022252010723860592,373,50
CCRCC,shipped,hoptimus1,random,scaled,1,4,0,spot,INT14,0.9141728395061729,1.4427568821034455,1.7925212289893266,0.07520987654320987,0.010617283950617284,405,50
CCRCC,shipped,hoptimus1,random,scaled,1,4,0,spot,INT15,0.9037619047619048,1.4643433553213583,1.8865532097577782,0.07733333333333334,0.018904761904761903,420,50
CCRCC,shipped,hoptimus1,random,scaled,1,4,0,spot,INT16,0.9016236162361624,1.4787500055733045,1.9203061292626202,0.08752767527675276,0.010848708487084871,271,50
CCRCC,shipped,hoptimus1,random,scaled,1,4,0,spot,INT17,0.896614420062696,1.2213923275569418,1.724614389225821,0.09667711598746082,0.00670846394984326,319,50
CCRCC,shipped,hoptimus1,random,scaled,1,4,0,spot,INT18,0.8913490364025697,1.565481716757873,2.073491122730597,0.0823982869379015,0.026252676659528906,467,50
CCRCC,shipped,hoptimus1,random,scaled,1,4,0,spot,INT19,0.8912389380530974,1.1630721847799064,1.6754311081378983,0.10278761061946902,0.005973451327433629,452,50
CCRCC,shipped,hoptimus1,random,scaled,1,4,0,spot,INT2,0.9002500000000001,1.5944716706582145,2.0366872139804637,0.07908333333333334,0.02066666666666667,240,50
CCRCC,shipped,hoptimus1,random,scaled,1,4,0,spot,INT20,0.9083294117647058,1.222428087886973,1.6649776188730447,0.0852235294117647,0.006447058823529412,425,50
CCRCC,shipped,hoptimus1,random,scaled,1,4,0,spot,INT21,0.8974261603375527,1.5461748682704164,1.992223984070621,0.07232067510548523,0.030253164556962028,474,50
CCRCC,shipped,hoptimus1,random,scaled,1,4,0,spot,INT22,0.9037931034482759,1.5719214001998014,1.9998221092525654,0.07896551724137932,0.017241379310344827,348,50
CCRCC,shipped,hoptimus1,random,scaled,1,4,0,spot,INT23,0.8904392764857881,1.6263361315790217,2.0755894950010454,0.0655297157622739,0.04403100775193798,387,50
CCRCC,shipped,hoptimus1,random,scaled,1,4,0,spot,INT24,0.8900495049504952,1.4497367039603304,1.9996738711970894,0.10113861386138615,0.008811881188118813,404,50
CCRCC,shipped,hoptimus1,random,scaled,1,4,0,spot,INT3,0.9209375,1.6198662665563288,1.9547064362758226,0.05822916666666667,0.020833333333333336,192,50
CCRCC,shipped,hoptimus1,random,scaled,1,4,0,spot,INT4,0.9553488372093024,1.7324917224623408,1.9131325004258866,0.024651162790697675,0.02,129,50
CCRCC,shipped,hoptimus1,random,scaled,1,4,0,spot,INT5,0.8736842105263157,2.491692975754038,3.2082639473122425,0.10063157894736842,0.02568421052631579,95,50
CCRCC,shipped,hoptimus1,random,scaled,1,4,0,spot,INT6,0.9100719424460432,1.7462583104005813,2.2054553180793546,0.07151079136690647,0.01841726618705036,139,50
CCRCC,shipped,hoptimus1,random,scaled,1,4,0,spot,INT7,0.898,1.6779239992746178,2.1729670502460623,0.08722222222222221,0.014777777777777779,180,50
CCRCC,shipped,hoptimus1,random,scaled,1,4,0,spot,INT8,0.8507317073170733,1.93263364578427,2.8529720261220373,0.1146341463414634,0.03463414634146342,164,50
CCRCC,shipped,hoptimus1,random,scaled,1,4,0,spot,INT9,0.9075903614457832,1.7227927800357998,2.1453764901330015,0.060722891566265064,0.031686746987951805,166,50
CCRCC,shipped,hoptimus1,random,scaled,2,0,0,spot,INT1,0.9450617283950618,1.7280916359479048,1.9552540333004416,0.02691358024691358,0.02802469135802469,162,50
CCRCC,shipped,hoptimus1,random,scaled,2,0,0,spot,INT10,0.8823846153846153,1.7270104847800014,2.483499061615044,0.09838461538461539,0.019230769230769232,260,50
CCRCC,shipped,hoptimus1,random,scaled,2,0,0,spot,INT11,0.8705102040816327,1.8304937881346626,2.5414106842748256,0.09255102040816326,0.03693877551020408,196,50
CCRCC,shipped,hoptimus1,random,scaled,2,0,0,spot,INT12,0.8922772277227723,1.7190556581786671,2.275955940236236,0.06049504950495049,0.04722772277227723,202,50
CCRCC,shipped,hoptimus1,random,scaled,2,0,0,spot,INT13,0.9033821138211383,1.5541948375651558,1.9516384147976154,0.07131707317073172,0.025300813008130082,615,50
CCRCC,shipped,hoptimus1,random,scaled,2,0,0,spot,INT14,0.911901081916538,1.4391436962908282,1.800301651366066,0.07857805255023184,0.009520865533230293,647,50
CCRCC,shipped,hoptimus1,random,scaled,2,0,0,spot,INT15,0.8988953488372092,1.476009811489199,1.9443775348738022,0.08424418604651163,0.01686046511627907,688,50
CCRCC,shipped,hoptimus1,random,scaled,2,0,0,spot,INT16,0.897649667405765,1.44665500041374,1.9099562460491297,0.09467849223946785,0.0076718403547671845,451,50
CCRCC,shipped,hoptimus1,random,scaled,2,0,0,spot,INT17,0.9033935018050542,1.247827679550105,1.7152488692392138,0.08765342960288809,0.008953068592057762,554,50
CCRCC,shipped,hoptimus1,random,scaled,2,0,0,spot,INT18,0.8927195467422097,1.557112832621152,2.050254389831109,0.08141643059490083,0.025864022662889518,706,50
CCRCC,shipped,hoptimus1,random,scaled,2,0,0,spot,INT19,0.8904084321475625,1.166707737937104,1.7011826385112678,0.10476943346508565,0.004822134387351779,759,50
CCRCC,shipped,hoptimus1,random,scaled,2,0,0,spot,INT2,0.8875354107648725,1.5867652150051674,2.1159898760903584,0.08753541076487252,0.024929178470254956,353,50
CCRCC,shipped,hoptimus1,random,scaled,2,0,0,spot,INT20,0.9034293552812072,1.2222878623906177,1.697866924274915,0.09039780521262003,0.006172839506172839,729,50
CCRCC,shipped,hoptimus1,random,scaled,2,0,0,spot,INT21,0.9052708638360175,1.5566246786620903,1.9624044040974196,0.07077598828696925,0.02395314787701318,683,50
CCRCC,shipped,hoptimus1,random,scaled,2,0,0,spot,INT22,0.8975187969924812,1.5567734518430174,2.028783409349962,0.08857142857142856,0.013909774436090226,532,50
CCRCC,shipped,hoptimus1,random,scaled,2,0,0,spot,INT23,0.8909917355371901,1.6323642991245186,2.092102009479356,0.0684297520661157,0.040578512396694216,726,50
CCRCC,shipped,hoptimus1,random,scaled,2,0,0,spot,INT24,0.8940117994100295,1.4614516644820787,1.989713998626297,0.09693215339233038,0.009056047197640117,678,50
CCRCC,shipped,hoptimus1,random,scaled,2,0,0,spot,INT3,0.9139333333333333,1.6253584485073216,2.0039756494009215,0.06646666666666666,0.0196,300,50
CCRCC,shipped,hoptimus1,random,scaled,2,0,0,spot,INT4,0.9472,1.720009708720251,1.9534608846141304,0.0334,0.0194,200,50
CCRCC,shipped,hoptimus1,random,scaled,2,0,0,spot,INT5,0.8962745098039215,2.6010237178986824,3.1466631034606563,0.09107843137254902,0.01264705882352941,204,50
CCRCC,shipped,hoptimus1,random,scaled,2,0,0,spot,INT6,0.9211538461538461,1.7628368501105636,2.14902929173843,0.06161538461538462,0.01723076923076923,260,50
CCRCC,shipped,hoptimus1,random,scaled,2,0,0,spot,INT7,0.8989473684210526,1.667449541898787,2.1756384624936462,0.0856140350877193,0.01543859649122807,342,50
CCRCC,shipped,hoptimus1,random,scaled,2,0,0,spot,INT8,0.8733584905660378,1.9513097888485094,2.641012198297954,0.09373584905660377,0.03290566037735849,265,50
CCRCC,shipped,hoptimus1,random,scaled,2,0,0,spot,INT9,0.9036885245901639,1.7072479275518324,2.151164238991228,0.07188524590163935,0.024426229508196718,244,50
CCRCC,shipped,hoptimus1,random,scaled,2,1,0,spot,INT1,0.9439490445859873,1.68815731401482,1.8935741091163403,0.030828025477707004,0.025222929936305732,157,50
CCRCC,shipped,hoptimus1,random,scaled,2,1,0,spot,INT10,0.884983164983165,1.6744674434984668,2.3216041775736276,0.10296296296296296,0.012053872053872055,297,50
CCRCC,shipped,hoptimus1,random,scaled,2,1,0,spot,INT11,0.8779,1.8429158261155985,2.5622300727808014,0.091,0.031100000000000003,200,50
CCRCC,shipped,hoptimus1,random,scaled,2,1,0,spot,INT12,0.8966824644549763,1.72994996046384,2.2364227441767137,0.04710900473933649,0.0562085308056872,211,50
CCRCC,shipped,hoptimus1,random,scaled,2,1,0,spot,INT13,0.9045662100456621,1.5779602635792604,1.9697511248687585,0.07375951293759513,0.02167427701674277,657,50
CCRCC,shipped,hoptimus1,random,scaled,2,1,0,spot,INT14,0.9156739811912226,1.4491409930246897,1.7867975949788437,0.0728526645768025,0.011473354231974922,638,50
CCRCC,shipped,hoptimus1,random,scaled,2,1,0,spot,INT15,0.9061777150916783,1.4940382737473996,1.903747080025974,0.07489421720733427,0.018928067700987306,709,50
CCRCC,shipped,hoptimus1,random,scaled,2,1,0,spot,INT16,0.89696261682243,1.447544226374534,1.9298701551567152,0.09289719626168225,0.01014018691588785,428,50
CCRCC,shipped,hoptimus1,random,scaled,2,1,0,spot,INT17,0.8983712121212122,1.2501439036740387,1.7523192323548102,0.0959090909090909,0.00571969696969697,528,50
CCRCC,shipped,hoptimus1,random,scaled,2,1,0,spot,INT18,0.894874651810585,1.5719404346268109,2.0565453905442297,0.08033426183844011,0.02479108635097493,718,50
CCRCC,shipped,hoptimus1,random,scaled,2,1,0,spot,INT19,0.896470588235294,1.1650048060811486,1.664599987651027,0.0986764705882353,0.0048529411764705885,680,50
CCRCC,shipped,hoptimus1,random,scaled,2,1,0,spot,INT2,0.9009523809523808,1.5898070895943746,2.0241647727232146,0.07084656084656085,0.0282010582010582,378,50
CCRCC,shipped,hoptimus1,random,scaled,2,1,0,spot,INT20,0.8953566433566433,1.212922415159231,1.7293877712553762,0.09958041958041958,0.005062937062937063,715,50
CCRCC,shipped,hoptimus1,random,scaled,2,1,0,spot,INT21,0.898981612446959,1.558184140747747,1.9864402110323536,0.07567185289957566,0.025346534653465348,707,50
CCRCC,shipped,hoptimus1,random,scaled,2,1,0,spot,INT22,0.8983063063063064,1.5473514678640772,2.005886723899915,0.08594594594594594,0.01574774774774775,555,50
CCRCC,shipped,hoptimus1,random,scaled,2,1,0,spot,INT23,0.8926961483594864,1.643299932524414,2.0888709506421668,0.062054208273894434,0.045249643366619116,701,50
CCRCC,shipped,hoptimus1,random,scaled,2,1,0,spot,INT24,0.8960808709175738,1.4427742980902099,1.9715361751759124,0.09421461897356143,0.009704510108864696,643,50
CCRCC,shipped,hoptimus1,random,scaled,2,1,0,spot,INT3,0.9213548387096775,1.608438907344398,1.959286533995877,0.06367741935483871,0.01496774193548387,310,50
CCRCC,shipped,hoptimus1,random,scaled,2,1,0,spot,INT4,0.9468478260869566,1.7074115157087124,1.9143888128321822,0.03326086956521739,0.019891304347826086,184,50
CCRCC,shipped,hoptimus1,random,scaled,2,1,0,spot,INT5,0.8674157303370786,2.580568878840294,3.292306380612999,0.12314606741573034,0.00943820224719101,178,50
CCRCC,shipped,hoptimus1,random,scaled,2,1,0,spot,INT6,0.91816,1.7706523359589665,2.1820966692226933,0.0692,0.01264,250,50
CCRCC,shipped,hoptimus1,random,scaled,2,1,0,spot,INT7,0.9054054054054055,1.6819021358822892,2.143193664455473,0.0765945945945946,0.018000000000000002,370,50
CCRCC,shipped,hoptimus1,random,scaled,2,1,0,spot,INT8,0.8675087719298246,1.9527090132772478,2.695961946480421,0.09810526315789474,0.0343859649122807,285,50
CCRCC,shipped,hoptimus1,random,scaled,2,1,0,spot,INT9,0.9150972762645915,1.732399026457606,2.132292587953259,0.060155642023346306,0.024747081712062257,257,50
CCRCC,shipped,hoptimus1,random,scaled,2,2,0,spot,INT1,0.9465359477124182,1.6643353442478992,1.8766599114841591,0.03503267973856209,0.018431372549019606,153,50
CCRCC,shipped,hoptimus1,random,scaled,2,2,0,spot,INT10,0.8865017667844524,1.670295814674813,2.350418625776541,0.09964664310954063,0.013851590106007068,283,50
CCRCC,shipped,hoptimus1,random,scaled,2,2,0,spot,INT11,0.8911965811965813,1.8442396935695482,2.413368827371562,0.08017094017094017,0.02863247863247863,234,50
CCRCC,shipped,hoptimus1,random,scaled,2,2,0,spot,INT12,0.8879130434782608,1.7324935382273303,2.25657860546535,0.052173913043478265,0.05991304347826087,230,50
CCRCC,shipped,hoptimus1,random,scaled,2,2,0,spot,INT13,0.9015831987075928,1.558891036812,1.9778621077006286,0.07922455573505655,0.019192245557350565,619,50
CCRCC,shipped,hoptimus1,random,scaled,2,2,0,spot,INT14,0.9150759878419453,1.4427714067253052,1.7873764979848483,0.0757142857142857,0.009209726443768997,658,50
CCRCC,shipped,hoptimus1,random,scaled,2,2,0,spot,INT15,0.901313269493844,1.4877183688224271,1.9356859410384961,0.08008207934336525,0.018604651162790697,731,50
CCRCC,shipped,hoptimus1,random,scaled,2,2,0,spot,INT16,0.8944920993227992,1.4510461213402925,1.93148309050502,0.09733634311512417,0.00817155756207675,443,50
CCRCC,shipped,hoptimus1,random,scaled,2,2,0,spot,INT17,0.8996850393700787,1.2527954853372274,1.7469914859338516,0.09476377952755906,0.005551181102362205,508,50
CCRCC,shipped,hoptimus1,random,scaled,2,2,0,spot,INT18,0.8973291925465838,1.5756067664761897,2.067992656341031,0.07785714285714286,0.02481366459627329,644,50
CCRCC,shipped,hoptimus1,random,scaled,2,2,0,spot,INT19,0.8952380952380952,1.156258357408931,1.665690692708659,0.09966386554621849,0.005098039215686274,714,50
CCRCC,shipped,hoptimus1,random,scaled,2,2,0,spot,INT2,0.9019786096256684,1.5653366597736964,2.0147083301890745,0.07647058823529412,0.021550802139037435,374,50
CCRCC,shipped,hoptimus1,random,scaled,2,2,0,spot,INT20,0.9053665283540802,1.2188474293830023,1.6675359529795402,0.087551867219917,0.007081604426002767,723,50
CCRCC,shipped,hoptimus1,random,scaled,2,2,0,spot,INT21,0.9023947368421052,1.5707873445819587,1.9758045399514066,0.07126315789473683,0.026342105263157896,760,50
CCRCC,shipped,hoptimus1,random,scaled,2,2,0,spot,INT22,0.9022550831792977,1.5440088234568927,1.987000545457517,0.08325323475046212,0.014491682070240295,541,50
CCRCC,shipped,hoptimus1,random,scaled,2,2,0,spot,INT23,0.8868872180451127,1.6316574926662306,2.089200343617331,0.07148872180451128,0.04162406015037594,665,50
CCRCC,shipped,hoptimus1,random,scaled,2,2,0,spot,INT24,0.8893525179856115,1.444069811844383,2.00760810371534,0.10195683453237411,0.00869064748201439,695,50
CCRCC,shipped,hoptimus1,random,scaled,2,2,0,spot,INT3,0.9139716312056737,1.617749449023768,1.9849158144741699,0.0700709219858156,0.015957446808510637,282,50
CCRCC,shipped,hoptimus1,random,scaled,2,2,0,spot,INT4,0.955223880597015,1.7330271196218896,1.9092963844740631,0.0272636815920398,0.017512437810945275,201,50
CCRCC,shipped,hoptimus1,random,scaled,2,2,0,spot,INT5,0.8977011494252873,2.6099673697654806,3.1727413586392315,0.09310344827586206,0.009195402298850575,174,50
CCRCC,shipped,hoptimus1,random,scaled,2,2,0,spot,INT6,0.9146774193548387,1.7565531918087314,2.1808179873002884,0.07008064516129033,0.015241935483870967,248,50
CCRCC,shipped,hoptimus1,random,scaled,2,2,0,spot,INT7,0.9015686274509804,1.6685845307585532,2.162845285046046,0.08168067226890756,0.016750700280112045,357,50
CCRCC,shipped,hoptimus1,random,scaled,2,2,0,spot,INT8,0.8664310954063604,1.9499860717202895,2.6523069001120807,0.09936395759717315,0.03420494699646643,283,50
CCRCC,shipped,hoptimus1,random,scaled,2,2,0,spot,INT9,0.9018644067796611,1.7173607299186562,2.19875299668099,0.07330508474576272,0.024830508474576272,236,50
CCRCC,shipped,hoptimus1,random,scaled,2,3,0,spot,INT1,0.9414473684210526,1.6475272984475515,1.8753487347677555,0.039342105263157894,0.019210526315789473,152,50
CCRCC,shipped,hoptimus1,random,scaled,2,3,0,spot,INT10,0.8720430107526882,1.7330323153123783,2.4671372747173224,0.11405017921146954,0.013906810035842295,279,50
CCRCC,shipped,hoptimus1,random,scaled,2,3,0,spot,INT11,0.8705714285714286,1.834133681610564,2.6183857598908156,0.10304761904761905,0.02638095238095238,210,50
CCRCC,shipped,hoptimus1,random,scaled,2,3,0,spot,INT12,0.8893203883495145,1.725543881683612,2.238399483155244,0.05776699029126213,0.0529126213592233,206,50
CCRCC,shipped,hoptimus1,random,scaled,2,3,0,spot,INT13,0.9046486486486487,1.5675000745361,1.9698034422223034,0.07369369369369369,0.021657657657657658,555,50
CCRCC,shipped,hoptimus1,random,scaled,2,3,0,spot,INT14,0.9148307692307692,1.4505235572811934,1.8109668891650268,0.07581538461538462,0.009353846153846154,650,50
CCRCC,shipped,hoptimus1,random,scaled,2,3,0,spot,INT15,0.9022465753424658,1.49250323107808,1.9448969901120814,0.08186301369863014,0.01589041095890411,730,50
CCRCC,shipped,hoptimus1,random,scaled,2,3,0,spot,INT16,0.902355460385439,1.4724695869622721,1.9098785964388363,0.08937901498929335,0.008265524625267666,467,50
CCRCC,shipped,hoptimus1,random,scaled,2,3,0,spot,INT17,0.8869709543568465,1.225456642355545,1.8185992709384182,0.10564315352697096,0.007385892116182572,482,50
CCRCC,shipped,hoptimus1,random,scaled,2,3,0,spot,INT18,0.894074074074074,1.5704675852269199,2.074265525677963,0.08079561042524006,0.025130315500685868,729,50
CCRCC,shipped,hoptimus1,random,scaled,2,3,0,spot,INT19,0.8968302945301542,1.1690988205379806,1.6599542133882952,0.0973913043478261,0.0057784011220196356,713,50
CCRCC,shipped,hoptimus1,random,scaled,2,3,0,spot,INT2,0.9074114441416894,1.5908111063383243,2.0221451277824105,0.07177111716621253,0.020817438692098095,367,50
CCRCC,shipped,hoptimus1,random,scaled,2,3,0,spot,INT20,0.9002182810368349,1.2235118572906758,1.7076196996264519,0.09274215552523873,0.00703956343792633,733,50
CCRCC,shipped,hoptimus1,random,scaled,2,3,0,spot,INT21,0.900911528150134,1.5647136926618155,1.9886895203097448,0.07584450402144773,0.02324396782841823,746,50
CCRCC,shipped,hoptimus1,random,scaled,2,3,0,spot,INT22,0.9002862254025046,1.5475428597051444,2.006392930958739,0.08504472271914132,0.014669051878354204,559,50
CCRCC,shipped,hoptimus1,random,scaled,2,3,0,spot,INT23,0.8839764359351989,1.6364074428653685,2.1320858680064902,0.07387334315169367,0.042150220913107515,679,50
CCRCC,shipped,hoptimus1,random,scaled,2,3,0,spot,INT24,0.8877064220183486,1.444178971525503,2.013463505880474,0.10152905198776759,0.010764525993883792,654,50
CCRCC,shipped,hoptimus1,random,scaled,2,3,0,spot,INT3,0.927109634551495,1.6395326064297775,1.9282516921109536,0.05574750830564784,0.01714285714285714,301,50
CCRCC,shipped,hoptimus1,random,scaled,2,3,0,spot,INT4,0.9518781725888326,1.7209393492877931,1.9176460728837461,0.023553299492385785,0.024568527918781724,197,50
CCRCC,shipped,hoptimus1,random,scaled,2,3,0,spot,INT5,0.887017543859649,2.5893991424615628,3.167226874367862,0.10222222222222221,0.010760233918128654,171,50
CCRCC,shipped,hoptimus1,random,scaled,2,3,0,spot,INT6,0.9143083003952569,1.7666356632154028,2.1906128831208864,0.07059288537549407,0.01509881422924901,253,50
CCRCC,shipped,hoptimus1,random,scaled,2,3,0,spot,INT7,0.9033333333333333,1.696479467250498,2.1806529923953204,0.08037037037037037,0.016296296296296295,378,50
CCRCC,shipped,hoptimus1,random,scaled,2,3,0,spot,INT8,0.8664214046822742,1.9612421885474223,2.731806380766597,0.10441471571906355,0.029163879598662207,299,50
CCRCC,shipped,hoptimus1,random,scaled,2,3,0,spot,INT9,0.9130894308943089,1.7211682492762705,2.118374991420516,0.058373983739837404,0.028536585365853656,246,50
CCRCC,shipped,hoptimus1,random,scaled,2,4,0,spot,INT1,0.9396052631578946,1.652108291052818,1.8908196154653223,0.035,0.02539473684210526,152,50
CCRCC,shipped,hoptimus1,random,scaled,2,4,0,spot,INT10,0.8911486486486487,1.7770629093726464,2.3492821518417744,0.09324324324324325,0.01560810810810811,296,50
CCRCC,shipped,hoptimus1,random,scaled,2,4,0,spot,INT11,0.8855339805825243,1.842256665862421,2.44711816383588,0.07524271844660194,0.03922330097087379,206,50
CCRCC,shipped,hoptimus1,random,scaled,2,4,0,spot,INT12,0.8860194174757281,1.7117559397647581,2.2589259231963474,0.05330097087378641,0.06067961165048544,206,50
CCRCC,shipped,hoptimus1,random,scaled,2,4,0,spot,INT13,0.9021639344262294,1.5617886642232026,1.9693960226076634,0.07881967213114754,0.019016393442622948,610,50
CCRCC,shipped,hoptimus1,random,scaled,2,4,0,spot,INT14,0.9145762711864407,1.4301194970472577,1.7860546548569944,0.07679506933744222,0.008628659476117103,649,50
CCRCC,shipped,hoptimus1,random,scaled,2,4,0,spot,INT15,0.90079561042524,1.4794749367348217,1.9263295148889694,0.08131687242798354,0.017887517146776406,729,50
CCRCC,shipped,hoptimus1,random,scaled,2,4,0,spot,INT16,0.8977911646586345,1.4562962483527873,1.938518357043361,0.09180722891566266,0.010401606425702812,498,50
CCRCC,shipped,hoptimus1,random,scaled,2,4,0,spot,INT17,0.8978986866791745,1.2479586053025047,1.767631464519756,0.09590994371482177,0.006191369606003753,533,50
CCRCC,shipped,hoptimus1,random,scaled,2,4,0,spot,INT18,0.894682422451994,1.56146560829656,2.061835733284547,0.07672082717872969,0.02859675036927622,677,50
CCRCC,shipped,hoptimus1,random,scaled,2,4,0,spot,INT19,0.8937777777777778,1.158139874824094,1.685973291702192,0.10053333333333332,0.005688888888888889,675,50
CCRCC,shipped,hoptimus1,random,scaled,2,4,0,spot,INT2,0.8967263427109974,1.560868431677018,2.030650617770753,0.07498721227621483,0.028286445012787723,391,50
CCRCC,shipped,hoptimus1,random,scaled,2,4,0,spot,INT20,0.8965092989985693,1.2044855134418357,1.7109289397213334,0.0961659513590844,0.0073247496423462085,699,50
CCRCC,shipped,hoptimus1,random,scaled,2,4,0,spot,INT21,0.8946551724137932,1.5164246095039045,1.9912137416158604,0.07933908045977012,0.026005747126436784,696,50
CCRCC,shipped,hoptimus1,random,scaled,2,4,0,spot,INT22,0.9003960396039603,1.5376571781858177,1.9860666850186377,0.08366336633663365,0.01594059405940594,606,50
CCRCC,shipped,hoptimus1,random,scaled,2,4,0,spot,INT23,0.8887704918032787,1.6285469511303823,2.0809302203326645,0.07117486338797814,0.04005464480874317,732,50
CCRCC,shipped,hoptimus1,random,scaled,2,4,0,spot,INT24,0.8926447574334898,1.444473423914188,1.9855660089251292,0.09602503912363067,0.0113302034428795,639,50
CCRCC,shipped,hoptimus1,random,scaled,2,4,0,spot,INT3,0.9155471698113208,1.609702168276084,1.9754636226730928,0.06641509433962264,0.018037735849056605,265,50
CCRCC,shipped,hoptimus1,random,scaled,2,4,0,spot,INT4,0.9473684210526315,1.7465857067753126,1.9701192163472905,0.03357894736842105,0.019052631578947366,190,50
CCRCC,shipped,hoptimus1,random,scaled,2,4,0,spot,INT5,0.8440476190476189,2.4913544682900075,3.393639796279238,0.14238095238095239,0.01357142857142857,168,50
CCRCC,shipped,hoptimus1,random,scaled,2,4,0,spot,INT6,0.9174193548387096,1.7349898906604821,2.148823914728302,0.0696774193548387,0.012903225806451613,248,50
CCRCC,shipped,hoptimus1,random,scaled,2,4,0,spot,INT7,0.9012464589235128,1.6856814444447092,2.173895551212479,0.08,0.018753541076487253,353,50
CCRCC,shipped,hoptimus1,random,scaled,2,4,0,spot,INT8,0.8774912891986062,1.9432941531629426,2.5633788767785206,0.0883623693379791,0.03414634146341464,287,50
CCRCC,shipped,hoptimus1,random,scaled,2,4,0,spot,INT9,0.9056573705179283,1.7083188508437632,2.145916648968012,0.06,0.034342629482071715,251,50
CCRCC,shipped,hoptimus1,random,scaled,3,0,0,spot,INT1,0.9346,1.66613214681905,1.9290025955030776,0.0356,0.0298,100,50
CCRCC,shipped,hoptimus1,random,scaled,3,0,0,spot,INT10,0.8784390243902439,1.7517120630597747,2.5114069700521493,0.10673170731707318,0.014829268292682926,205,50
CCRCC,shipped,hoptimus1,random,scaled,3,0,0,spot,INT11,0.8909352517985611,1.863633384283351,2.4565668833305927,0.08187050359712231,0.027194244604316548,139,50
CCRCC,shipped,hoptimus1,random,scaled,3,0,0,spot,INT12,0.8804878048780488,1.7043923673219497,2.3114351157014226,0.06861788617886179,0.05089430894308943,123,50
CCRCC,shipped,hoptimus1,random,scaled,3,0,0,spot,INT13,0.9057560975609756,1.5848824873692624,1.977568379329489,0.07146341463414635,0.02278048780487805,410,50
CCRCC,shipped,hoptimus1,random,scaled,3,0,0,spot,INT14,0.9162869198312237,1.4488033906177638,1.790922917206009,0.07219409282700422,0.011518987341772152,474,50
CCRCC,shipped,hoptimus1,random,scaled,3,0,0,spot,INT15,0.8985599999999999,1.4753734976680273,1.9362425032836175,0.08292,0.018520000000000002,500,50
CCRCC,shipped,hoptimus1,random,scaled,3,0,0,spot,INT16,0.894074074074074,1.4395954829638444,1.9097531532848897,0.0958922558922559,0.010033670033670035,297,50
CCRCC,shipped,hoptimus1,random,scaled,3,0,0,spot,INT17,0.9020231213872831,1.247923245987964,1.7226902672359214,0.09023121387283237,0.007745664739884393,346,50
CCRCC,shipped,hoptimus1,random,scaled,3,0,0,spot,INT18,0.8913877551020408,1.553291841799105,2.0485061436624785,0.08314285714285714,0.02546938775510204,490,50
CCRCC,shipped,hoptimus1,random,scaled,3,0,0,spot,INT19,0.8987891440501043,1.161225930012492,1.6482383171625696,0.09553235908141962,0.0056784968684759915,479,50
CCRCC,shipped,hoptimus1,random,scaled,3,0,0,spot,INT2,0.8979338842975207,1.567891728206073,2.0619000980144566,0.0768595041322314,0.025206611570247936,242,50
CCRCC,shipped,hoptimus1,random,scaled,3,0,0,spot,INT20,0.909086859688196,1.2389085491634555,1.6769570551181912,0.08227171492204899,0.00864142538975501,449,50
CCRCC,shipped,hoptimus1,random,scaled,3,0,0,spot,INT21,0.8980408163265307,1.569013552131134,2.0014090160201876,0.0756734693877551,0.026285714285714287,490,50
CCRCC,shipped,hoptimus1,random,scaled,3,0,0,spot,INT22,0.898243626062323,1.5558337037606893,2.02183656043259,0.08577903682719548,0.015977337110481587,353,50
CCRCC,shipped,hoptimus1,random,scaled,3,0,0,spot,INT23,0.8825850340136054,1.63102126791891,2.121412090124525,0.07115646258503401,0.04625850340136054,441,50
CCRCC,shipped,hoptimus1,random,scaled,3,0,0,spot,INT24,0.8967058823529412,1.4536864617518739,1.9625188878537916,0.0916235294117647,0.011670588235294117,425,50
CCRCC,shipped,hoptimus1,random,scaled,3,0,0,spot,INT3,0.9225806451612902,1.6061506803579606,1.924767333910909,0.05849462365591398,0.0189247311827957,186,50
CCRCC,shipped,hoptimus1,random,scaled,3,0,0,spot,INT4,0.9526315789473684,1.7405410180065,1.9398182994268536,0.027819548872180452,0.019548872180451128,133,50
CCRCC,shipped,hoptimus1,random,scaled,3,0,0,spot,INT5,0.8652252252252253,2.5164095929490116,3.3251825719623906,0.10990990990990991,0.024864864864864864,111,50
CCRCC,shipped,hoptimus1,random,scaled,3,0,0,spot,INT6,0.9141714285714286,1.746610223786795,2.170739708707841,0.06594285714285714,0.019885714285714288,175,50
CCRCC,shipped,hoptimus1,random,scaled,3,0,0,spot,INT7,0.9047321428571429,1.690700642648838,2.142875762881847,0.07785714285714286,0.017410714285714286,224,50
CCRCC,shipped,hoptimus1,random,scaled,3,0,0,spot,INT8,0.8795375722543352,1.9371721356232072,2.546191572261784,0.08358381502890173,0.036878612716763,173,50
CCRCC,shipped,hoptimus1,random,scaled,3,0,0,spot,INT9,0.9061146496815288,1.7217700962436995,2.163690881563816,0.06445859872611465,0.029426751592356686,157,50
CCRCC,shipped,hoptimus1,random,scaled,3,1,0,spot,INT1,0.9498245614035088,1.6840765334292558,1.8872438083999554,0.03087719298245614,0.019298245614035085,114,50
CCRCC,shipped,hoptimus1,random,scaled,3,1,0,spot,INT10,0.8894117647058823,1.7339971295328684,2.286974191687559,0.09196078431372548,0.018627450980392157,204,50
CCRCC,shipped,hoptimus1,random,scaled,3,1,0,spot,INT11,0.8580152671755725,1.8200648724089867,2.6811671790510645,0.11526717557251909,0.0267175572519084,131,50
CCRCC,shipped,hoptimus1,random,scaled,3,1,0,spot,INT12,0.9048920863309352,1.7483242239944885,2.1773680727401032,0.03741007194244605,0.0576978417266187,139,50
CCRCC,shipped,hoptimus1,random,scaled,3,1,0,spot,INT13,0.9014761904761904,1.5600847531920967,1.983971799646629,0.07733333333333334,0.02119047619047619,420,50
CCRCC,shipped,hoptimus1,random,scaled,3,1,0,spot,INT14,0.9168224299065421,1.4564798155686411,1.8039269897953019,0.07383177570093458,0.009345794392523364,428,50
CCRCC,shipped,hoptimus1,random,scaled,3,1,0,spot,INT15,0.8984381778741866,1.461844215730234,1.9466880833935631,0.08607375271149674,0.015488069414316703,461,50
CCRCC,shipped,hoptimus1,random,scaled,3,1,0,spot,INT16,0.9004026845637584,1.4620820095531064,1.9002633016236898,0.09026845637583893,0.009328859060402685,298,50
CCRCC,shipped,hoptimus1,random,scaled,3,1,0,spot,INT17,0.8980357142857143,1.2435032666434847,1.7325104221319274,0.09434523809523811,0.007619047619047619,336,50
CCRCC,shipped,hoptimus1,random,scaled,3,1,0,spot,INT18,0.8892243186582809,1.5642734732926191,2.089460634565683,0.08222222222222221,0.028553459119496853,477,50
CCRCC,shipped,hoptimus1,random,scaled,3,1,0,spot,INT19,0.8851694915254237,1.1659633235743985,1.7337968555035699,0.10805084745762712,0.006779661016949152,472,50
CCRCC,shipped,hoptimus1,random,scaled,3,1,0,spot,INT2,0.8996707818930041,1.5734396444030887,2.029574422671516,0.07909465020576131,0.02123456790123457,243,50
CCRCC,shipped,hoptimus1,random,scaled,3,1,0,spot,INT20,0.9050955414012739,1.2051583976767244,1.6660561045897901,0.08976645435244163,0.005138004246284501,471,50
CCRCC,shipped,hoptimus1,random,scaled,3,1,0,spot,INT21,0.9009181636726546,1.5471830490853626,1.9618765816608879,0.07345309381237525,0.02562874251497006,501,50
CCRCC,shipped,hoptimus1,random,scaled,3,1,0,spot,INT22,0.8998918918918919,1.5531489556091969,1.9889511400106252,0.08518918918918919,0.01491891891891892,370,50
CCRCC,shipped,hoptimus1,random,scaled,3,1,0,spot,INT23,0.8884210526315789,1.6236620031057531,2.0771759412109976,0.07178947368421053,0.03978947368421053,475,50
CCRCC,shipped,hoptimus1,random,scaled,3,1,0,spot,INT24,0.8962100456621005,1.4557771878724746,1.9662923173900004,0.09406392694063927,0.009726027397260273,438,50
CCRCC,shipped,hoptimus1,random,scaled,3,1,0,spot,INT3,0.8987709497206704,1.6328148826618933,2.1173631915247384,0.0805586592178771,0.020670391061452516,179,50
CCRCC,shipped,hoptimus1,random,scaled,3,1,0,spot,INT4,0.9518110236220473,1.7745141216947535,1.9630823698051614,0.025354330708661416,0.02283464566929134,127,50
CCRCC,shipped,hoptimus1,random,scaled,3,1,0,spot,INT5,0.9132758620689656,2.616190785781303,3.038999304288836,0.07741379310344827,0.009310344827586206,116,50
CCRCC,shipped,hoptimus1,random,scaled,3,1,0,spot,INT6,0.9197575757575757,1.7830864910001958,2.1765575456697537,0.05963636363636364,0.020606060606060607,165,50
CCRCC,shipped,hoptimus1,random,scaled,3,1,0,spot,INT7,0.9025,1.677027627821382,2.16748211983272,0.07796296296296296,0.019537037037037037,216,50
CCRCC,shipped,hoptimus1,random,scaled,3,1,0,spot,INT8,0.8814973262032086,1.9623724399967202,2.550173691740206,0.08171122994652408,0.03679144385026738,187,50
CCRCC,shipped,hoptimus1,random,scaled,3,1,0,spot,INT9,0.9037662337662337,1.7416752491538856,2.1982055173161483,0.0638961038961039,0.03233766233766234,154,50
CCRCC,shipped,hoptimus1,random,scaled,3,2,0,spot,INT1,0.9472897196261683,1.6471232589430864,1.8478535976596842,0.03532710280373832,0.017383177570093458,107,50
CCRCC,shipped,hoptimus1,random,scaled,3,2,0,spot,INT10,0.8897826086956522,1.6994361222440566,2.314054254812089,0.09608695652173913,0.014130434782608696,184,50
CCRCC,shipped,hoptimus1,random,scaled,3,2,0,spot,INT11,0.8526114649681529,1.8072478202210212,2.723101116266095,0.12178343949044584,0.025605095541401272,157,50
CCRCC,shipped,hoptimus1,random,scaled,3,2,0,spot,INT12,0.891186440677966,1.7048615910233063,2.2200722610732813,0.05254237288135594,0.05627118644067797,118,50
CCRCC,shipped,hoptimus1,random,scaled,3,2,0,spot,INT13,0.9060911270983213,1.565764820995916,1.9654425988743744,0.06935251798561151,0.024556354916067145,417,50
CCRCC,shipped,hoptimus1,random,scaled,3,2,0,spot,INT14,0.9132407407407408,1.44244485749702,1.796770074127215,0.07421296296296295,0.012546296296296298,432,50
CCRCC,shipped,hoptimus1,random,scaled,3,2,0,spot,INT15,0.9084123711340206,1.4832367096010584,1.8819886914717867,0.07505154639175257,0.016536082474226804,485,50
CCRCC,shipped,hoptimus1,random,scaled,3,2,0,spot,INT16,0.8976615384615384,1.4512936243673205,1.901008655914363,0.09347692307692307,0.008861538461538462,325,50
CCRCC,shipped,hoptimus1,random,scaled,3,2,0,spot,INT17,0.8900649350649351,1.2305499140489793,1.7647831006847319,0.10331168831168831,0.006623376623376623,308,50
CCRCC,shipped,hoptimus1,random,scaled,3,2,0,spot,INT18,0.8937731958762886,1.5582554247353508,2.048831572187,0.08156701030927835,0.024659793814432993,485,50
CCRCC,shipped,hoptimus1,random,scaled,3,2,0,spot,INT19,0.8916228070175438,1.1721859889231157,1.6751775684904269,0.10201754385964913,0.006359649122807017,456,50
CCRCC,shipped,hoptimus1,random,scaled,3,2,0,spot,INT2,0.8984070796460177,1.5657046621185338,2.0046073735724623,0.07371681415929204,0.027876106194690265,226,50
CCRCC,shipped,hoptimus1,random,scaled,3,2,0,spot,INT20,0.9006995884773663,1.1998018764144038,1.6964549143860088,0.0919753086419753,0.007325102880658436,486,50
CCRCC,shipped,hoptimus1,random,scaled,3,2,0,spot,INT21,0.9023091976516633,1.5591474358334434,1.9861119921376766,0.07338551859099804,0.02430528375733855,511,50
CCRCC,shipped,hoptimus1,random,scaled,3,2,0,spot,INT22,0.8914438502673796,1.526767271735764,2.046292305004593,0.09454545454545454,0.014010695187165776,374,50
CCRCC,shipped,hoptimus1,random,scaled,3,2,0,spot,INT23,0.8844597701149425,1.6283609329414395,2.120682124849217,0.07572413793103448,0.03981609195402299,435,50
CCRCC,shipped,hoptimus1,random,scaled,3,2,0,spot,INT24,0.8937585421412301,1.4383213151845289,1.9718174022038455,0.09949886104783599,0.006742596810933941,439,50
CCRCC,shipped,hoptimus1,random,scaled,3,2,0,spot,INT3,0.913010752688172,1.5761969210448836,1.9639327994278393,0.06838709677419355,0.01860215053763441,186,50
CCRCC,shipped,hoptimus1,random,scaled,3,2,0,spot,INT4,0.9414925373134327,1.76246681609606,1.9930108366505865,0.02761194029850746,0.0308955223880597,134,50
CCRCC,shipped,hoptimus1,random,scaled,3,2,0,spot,INT5,0.8515094339622642,2.500899548357446,3.3982881785677512,0.12679245283018867,0.02169811320754717,106,50
CCRCC,shipped,hoptimus1,random,scaled,3,2,0,spot,INT6,0.9113375796178345,1.7221574684590322,2.144320258446682,0.07261146496815286,0.01605095541401274,157,50
CCRCC,shipped,hoptimus1,random,scaled,3,2,0,spot,INT7,0.9017721518987343,1.6764079728418193,2.185309442533952,0.08379746835443039,0.014430379746835443,237,50
CCRCC,shipped,hoptimus1,random,scaled,3,2,0,spot,INT8,0.8682653061224489,1.975848343339497,2.7343586954796195,0.10204081632653061,0.029693877551020407,196,50
CCRCC,shipped,hoptimus1,random,scaled,3,2,0,spot,INT9,0.9083229813664596,1.6964731769238537,2.158143373796342,0.06521739130434782,0.026459627329192544,161,50
CCRCC,shipped,hoptimus1,random,scaled,3,3,0,spot,INT1,0.9461818181818182,1.6990307625918006,1.8951777858458647,0.03,0.023818181818181818,110,50
CCRCC,shipped,hoptimus1,random,scaled,3,3,0,spot,INT10,0.8776842105263158,1.7395191137298531,2.4571376158818827,0.10273684210526315,0.01957894736842105,190,50
CCRCC,shipped,hoptimus1,random,scaled,3,3,0,spot,INT11,0.8625210084033614,1.805311532919744,2.6414916208451347,0.10789915966386555,0.02957983193277311,119,50
CCRCC,shipped,hoptimus1,random,scaled,3,3,0,spot,INT12,0.8867153284671532,1.695147374721858,2.229441321622447,0.06072992700729927,0.052554744525547446,137,50
CCRCC,shipped,hoptimus1,random,scaled,3,3,0,spot,INT13,0.9065137614678899,1.5834167375771075,1.9674176765218434,0.07279816513761468,0.020688073394495413,436,50
CCRCC,shipped,hoptimus1,random,scaled,3,3,0,spot,INT14,0.9135172413793103,1.435176500206364,1.7977727587385712,0.07719540229885057,0.00928735632183908,435,50
CCRCC,shipped,hoptimus1,random,scaled,3,3,0,spot,INT15,0.89775,1.4749732552297052,1.9242104513716058,0.084,0.01825,480,50
CCRCC,shipped,hoptimus1,random,scaled,3,3,0,spot,INT16,0.9029518072289158,1.4662292426496817,1.8991375694329466,0.08765060240963855,0.009397590361445784,332,50
CCRCC,shipped,hoptimus1,random,scaled,3,3,0,spot,INT17,0.8988854489164086,1.2226808268391975,1.7499881947952307,0.0941795665634675,0.006934984520123839,323,50
CCRCC,shipped,hoptimus1,random,scaled,3,3,0,spot,INT18,0.8976694915254236,1.5544876541936097,2.013104726629955,0.07317796610169491,0.029152542372881354,472,50
CCRCC,shipped,hoptimus1,random,scaled,3,3,0,spot,INT19,0.8994335511982571,1.178430131507945,1.6803149237621888,0.09468409586056645,0.0058823529411764705,459,50
CCRCC,shipped,hoptimus1,random,scaled,3,3,0,spot,INT2,0.9041558441558442,1.5726749147430041,2.0168042710026355,0.07428571428571429,0.021558441558441558,231,50
CCRCC,shipped,hoptimus1,random,scaled,3,3,0,spot,INT20,0.9096230598669623,1.2353327946715154,1.667226270312355,0.08363636363636363,0.006740576496674058,451,50
CCRCC,shipped,hoptimus1,random,scaled,3,3,0,spot,INT21,0.9060240963855422,1.5637999850988826,1.9737955634113427,0.07172690763052209,0.022248995983935746,498,50
CCRCC,shipped,hoptimus1,random,scaled,3,3,0,spot,INT22,0.8953142857142857,1.5251934374525644,2.026739742700485,0.08817142857142857,0.016514285714285714,350,50
CCRCC,shipped,hoptimus1,random,scaled,3,3,0,spot,INT23,0.8838054968287526,1.624025208429694,2.103669886809904,0.07454545454545455,0.04164904862579281,473,50
CCRCC,shipped,hoptimus1,random,scaled,3,3,0,spot,INT24,0.8982254196642685,1.4539469059898362,1.986676267097434,0.09237410071942445,0.009400479616306955,417,50
CCRCC,shipped,hoptimus1,random,scaled,3,3,0,spot,INT3,0.9225570776255708,1.658718367466535,1.9914970035570965,0.06036529680365296,0.017077625570776255,219,50
CCRCC,shipped,hoptimus1,random,scaled,3,3,0,spot,INT4,0.9523456790123457,1.8028130315661146,2.0059960970301045,0.025061728395061728,0.02259259259259259,162,50
CCRCC,shipped,hoptimus1,random,scaled,3,3,0,spot,INT5,0.8941880341880342,2.580325469840553,3.1795521417211017,0.08888888888888889,0.016923076923076926,117,50
CCRCC,shipped,hoptimus1,random,scaled,3,3,0,spot,INT6,0.9134246575342466,1.7116413013225433,2.1532932159419893,0.0710958904109589,0.01547945205479452,146,50
CCRCC,shipped,hoptimus1,random,scaled,3,3,0,spot,INT7,0.8927426160337553,1.6861851656593665,2.227290609306604,0.08995780590717299,0.01729957805907173,237,50
CCRCC,shipped,hoptimus1,random,scaled,3,3,0,spot,INT8,0.8890322580645161,1.967505545564338,2.50954114453149,0.07483870967741935,0.03612903225806451,186,50
CCRCC,shipped,hoptimus1,random,scaled,3,3,0,spot,INT9,0.9046478873239436,1.720223489808569,2.1827054321725985,0.06295774647887324,0.0323943661971831,142,50
CCRCC,shipped,hoptimus1,random,scaled,3,4,0,spot,INT1,0.9508571428571428,1.7285164063728493,1.9263611237004385,0.025904761904761906,0.023238095238095238,105,50
CCRCC,shipped,hoptimus1,random,scaled,3,4,0,spot,INT10,0.8858378378378379,1.802546199167123,2.423487394388852,0.09697297297297298,0.017189189189189193,185,50
CCRCC,shipped,hoptimus1,random,scaled,3,4,0,spot,INT11,0.87875,1.819420757287362,2.5081850435797746,0.08796875,0.03328125,128,50
CCRCC,shipped,hoptimus1,random,scaled,3,4,0,spot,INT12,0.8973611111111112,1.7342417647212016,2.2364208599515454,0.05125,0.051388888888888894,144,50
CCRCC,shipped,hoptimus1,random,scaled,3,4,0,spot,INT13,0.9006635071090048,1.575020537171417,2.010868186063103,0.0766350710900474,0.02270142180094787,422,50
CCRCC,shipped,hoptimus1,random,scaled,3,4,0,spot,INT14,0.9115505617977528,1.434900757894795,1.8061361536922629,0.07910112359550561,0.009348314606741574,445,50
CCRCC,shipped,hoptimus1,random,scaled,3,4,0,spot,INT15,0.9076826722338204,1.4895946170715226,1.8935523001074313,0.0731106471816284,0.019206680584551147,479,50
CCRCC,shipped,hoptimus1,random,scaled,3,4,0,spot,INT16,0.907051282051282,1.475223099908691,1.8908205677908159,0.08185897435897437,0.01108974358974359,312,50
CCRCC,shipped,hoptimus1,random,scaled,3,4,0,spot,INT17,0.89289972899729,1.233211462557379,1.7692784361584304,0.10184281842818428,0.005257452574525745,369,50
CCRCC,shipped,hoptimus1,random,scaled,3,4,0,spot,INT18,0.8862931034482758,1.5570534592352752,2.1031042373001982,0.08512931034482758,0.028577586206896554,464,50
CCRCC,shipped,hoptimus1,random,scaled,3,4,0,spot,INT19,0.8966390041493776,1.1801605766499228,1.6715317865340669,0.09813278008298756,0.0052282157676348555,482,50
CCRCC,shipped,hoptimus1,random,scaled,3,4,0,spot,INT2,0.9114876033057852,1.5766550464441718,1.9428093264252886,0.06355371900826447,0.024958677685950413,242,50
CCRCC,shipped,hoptimus1,random,scaled,3,4,0,spot,INT20,0.9078079331941545,1.2241206581608919,1.6716192517159982,0.08743215031315239,0.004759916492693111,479,50
CCRCC,shipped,hoptimus1,random,scaled,3,4,0,spot,INT21,0.896150234741784,1.5424484260077722,1.989356524624791,0.08061032863849765,0.02323943661971831,426,50
CCRCC,shipped,hoptimus1,random,scaled,3,4,0,spot,INT22,0.8957142857142857,1.5493127645575697,2.0354071465271755,0.0904945054945055,0.01379120879120879,364,50
CCRCC,shipped,hoptimus1,random,scaled,3,4,0,spot,INT23,0.891628959276018,1.6478241233702318,2.096823149158267,0.06773755656108597,0.04063348416289592,442,50
CCRCC,shipped,hoptimus1,random,scaled,3,4,0,spot,INT24,0.8994456289978677,1.4372763257183914,1.9506672990281937,0.09036247334754798,0.01019189765458422,469,50
CCRCC,shipped,hoptimus1,random,scaled,3,4,0,spot,INT3,0.9228292682926829,1.6415814676086844,1.9798941380178618,0.05912195121951219,0.01804878048780488,205,50
CCRCC,shipped,hoptimus1,random,scaled,3,4,0,spot,INT4,0.9577777777777777,1.7071667033376627,1.8578831109981102,0.022222222222222223,0.02,126,50
CCRCC,shipped,hoptimus1,random,scaled,3,4,0,spot,INT5,0.8553448275862068,2.531864933917783,3.3799617710677436,0.13086206896551725,0.013793103448275864,116,50
CCRCC,shipped,hoptimus1,random,scaled,3,4,0,spot,INT6,0.9107142857142857,1.7704549925392326,2.1908837560930428,0.06985714285714285,0.019428571428571427,140,50
CCRCC,shipped,hoptimus1,random,scaled,3,4,0,spot,INT7,0.9060606060606061,1.6940897413933533,2.1516682531987215,0.07896103896103895,0.01497835497835498,231,50
CCRCC,shipped,hoptimus1,random,scaled,3,4,0,spot,INT8,0.8934408602150538,1.9773882943643974,2.477915694521438,0.07365591397849462,0.032903225806451615,186,50
CCRCC,shipped,hoptimus1,random,scaled,3,4,0,spot,INT9,0.9023602484472051,1.7355565650066085,2.2151292083402643,0.07043478260869565,0.027204968944099378,161,50
CCRCC,shipped,hoptimus1,random,scaled,4,0,0,spot,INT1,0.9465137614678899,1.6915686552070495,1.8994131635166196,0.03357798165137615,0.019908256880733947,218,50
CCRCC,shipped,hoptimus1,random,scaled,4,0,0,spot,INT10,0.8924455205811138,1.7609798102278862,2.3534892181315654,0.09104116222760292,0.01651331719128329,413,50
CCRCC,shipped,hoptimus1,random,scaled,4,0,0,spot,INT11,0.8934384858044164,1.8743341057296679,2.4340580848137714,0.07558359621451104,0.030977917981072554,317,50
CCRCC,shipped,hoptimus1,random,scaled,4,0,0,spot,INT12,0.9030201342281878,1.7361264969121513,2.1963635972714304,0.049664429530201344,0.047315436241610734,298,50
CCRCC,shipped,hoptimus1,random,scaled,4,0,0,spot,INT13,0.9048499399759904,1.567389198734762,1.9648094101768325,0.07464585834333733,0.020504201680672268,833,50
CCRCC,shipped,hoptimus1,random,scaled,4,0,0,spot,INT14,0.9124611973392461,1.4410970428991368,1.8111166690517706,0.07818181818181819,0.009356984478935699,902,50
CCRCC,shipped,hoptimus1,random,scaled,4,0,0,spot,INT15,0.9017982017982018,1.4816252401607,1.9144641120359396,0.08113886113886114,0.017062937062937062,1001,50
CCRCC,shipped,hoptimus1,random,scaled,4,0,0,spot,INT16,0.897286432160804,1.4571128635138297,1.9336257926603508,0.09336683417085427,0.009346733668341708,597,50
CCRCC,shipped,hoptimus1,random,scaled,4,0,0,spot,INT17,0.8943820224719101,1.2337657656590768,1.75350068178195,0.10039325842696628,0.005224719101123595,712,50
CCRCC,shipped,hoptimus1,random,scaled,4,0,0,spot,INT18,0.8913793103448276,1.5698511243592754,2.092004160704791,0.08133874239350913,0.027281947261663286,986,50
CCRCC,shipped,hoptimus1,random,scaled,4,0,0,spot,INT19,0.8912627291242363,1.1567631029248622,1.6787787210663385,0.10301425661914461,0.0057230142566191446,982,50
CCRCC,shipped,hoptimus1,random,scaled,4,0,0,spot,INT2,0.9047953216374269,1.58325708693893,2.0153132203470903,0.07352826510721247,0.021676413255360624,513,50
CCRCC,shipped,hoptimus1,random,scaled,4,0,0,spot,INT20,0.9069844357976653,1.2308671026201516,1.6857579070781465,0.08607003891050584,0.006945525291828794,1028,50
CCRCC,shipped,hoptimus1,random,scaled,4,0,0,spot,INT21,0.9033771486349848,1.556145324717139,1.966145789997451,0.07249747219413549,0.024125379170879677,989,50
CCRCC,shipped,hoptimus1,random,scaled,4,0,0,spot,INT22,0.898313878080415,1.5496320978888238,2.0259262803304035,0.0864591439688716,0.015226977950713361,771,50
CCRCC,shipped,hoptimus1,random,scaled,4,0,0,spot,INT23,0.887936170212766,1.6296766871849748,2.0930237115150674,0.07589361702127659,0.03617021276595745,940,50
CCRCC,shipped,hoptimus1,random,scaled,4,0,0,spot,INT24,0.8955630630630631,1.4342313159355147,1.9489434880902081,0.0931981981981982,0.011238738738738738,888,50
CCRCC,shipped,hoptimus1,random,scaled,4,0,0,spot,INT3,0.9231449631449631,1.644173849060897,1.9729345300510455,0.060786240786240786,0.01606879606879607,407,50
CCRCC,shipped,hoptimus1,random,scaled,4,0,0,spot,INT4,0.9602985074626866,1.7255437335118047,1.8722948929509042,0.02388059701492537,0.015820895522388058,268,50
CCRCC,shipped,hoptimus1,random,scaled,4,0,0,spot,INT5,0.8513242009132419,2.578300457897114,3.4633195303895015,0.14036529680365295,0.008310502283105023,219,50
CCRCC,shipped,hoptimus1,random,scaled,4,0,0,spot,INT6,0.9130275229357798,1.7283007998714661,2.165768678226942,0.07259938837920489,0.014373088685015292,327,50
CCRCC,shipped,hoptimus1,random,scaled,4,0,0,spot,INT7,0.9009090909090909,1.6889228928161528,2.178060193804035,0.08063636363636364,0.018454545454545456,440,50
CCRCC,shipped,hoptimus1,random,scaled,4,0,0,spot,INT8,0.8691383812010445,1.954878627502299,2.641427883047417,0.09389033942558747,0.03697127937336815,383,50
CCRCC,shipped,hoptimus1,random,scaled,4,0,0,spot,INT9,0.9096835443037975,1.7287608096161466,2.127968799954614,0.0629746835443038,0.027341772151898733,316,50
CCRCC,shipped,hoptimus1,random,scaled,4,1,0,spot,INT1,0.9451401869158879,1.6740451377095227,1.8883074535455497,0.033831775700934576,0.02102803738317757,214,50
CCRCC,shipped,hoptimus1,random,scaled,4,1,0,spot,INT10,0.8805263157894737,1.7146726660716218,2.3805357317704328,0.10205263157894738,0.017421052631578945,380,50
CCRCC,shipped,hoptimus1,random,scaled,4,1,0,spot,INT11,0.8942574257425743,1.8417433914358705,2.402537125028256,0.07155115511551155,0.03419141914191419,303,50
CCRCC,shipped,hoptimus1,random,scaled,4,1,0,spot,INT12,0.8997802197802197,1.730277047737478,2.2241402396248495,0.05194139194139194,0.048278388278388276,273,50
CCRCC,shipped,hoptimus1,random,scaled,4,1,0,spot,INT13,0.9044245810055865,1.5689001029330478,1.962931898136981,0.07322905027932962,0.022346368715083796,895,50
CCRCC,shipped,hoptimus1,random,scaled,4,1,0,spot,INT14,0.9159020044543431,1.4355318714575898,1.788134240108389,0.07478841870824054,0.009309576837416482,898,50
CCRCC,shipped,hoptimus1,random,scaled,4,1,0,spot,INT15,0.9058799171842651,1.4833097374361952,1.8969868745927758,0.07486542443064181,0.01925465838509317,966,50
CCRCC,shipped,hoptimus1,random,scaled,4,1,0,spot,INT16,0.8987955625990491,1.4550982344333234,1.9167037235541997,0.09131537242472267,0.009889064976228209,631,50
CCRCC,shipped,hoptimus1,random,scaled,4,1,0,spot,INT17,0.8907797537619699,1.225174483131436,1.7700839888336546,0.10238030095759233,0.0068399452804377555,731,50
CCRCC,shipped,hoptimus1,random,scaled,4,1,0,spot,INT18,0.8955215311004784,1.5622370617952854,2.051319876542612,0.07814354066985646,0.026334928229665072,1045,50
CCRCC,shipped,hoptimus1,random,scaled,4,1,0,spot,INT19,0.8904123711340206,1.1600471405691624,1.6914860139758878,0.10451546391752578,0.005072164948453608,970,50
CCRCC,shipped,hoptimus1,random,scaled,4,1,0,spot,INT2,0.9056548856548856,1.5990489659091276,2.027317562851246,0.06773388773388773,0.026611226611226613,481,50
CCRCC,shipped,hoptimus1,random,scaled,4,1,0,spot,INT20,0.8984830339321357,1.2148958032902812,1.7287727940126931,0.09451097804391217,0.007005988023952096,1002,50
CCRCC,shipped,hoptimus1,random,scaled,4,1,0,spot,INT21,0.9012108559498957,1.5565594624501435,1.982506068523521,0.07252609603340292,0.02626304801670146,958,50
CCRCC,shipped,hoptimus1,random,scaled,4,1,0,spot,INT22,0.8974969021065675,1.5503868438713122,2.0199115516255053,0.08565055762081783,0.01685254027261462,807,50
CCRCC,shipped,hoptimus1,random,scaled,4,1,0,spot,INT23,0.8912595837897043,1.640951461001819,2.088766559178433,0.06792990142387734,0.0408105147864184,913,50
CCRCC,shipped,hoptimus1,random,scaled,4,1,0,spot,INT24,0.8969611307420494,1.461286070498152,1.9816443377451882,0.09519434628975265,0.00784452296819788,849,50
CCRCC,shipped,hoptimus1,random,scaled,4,1,0,spot,INT3,0.9229999999999999,1.63505776656906,1.9672462576930259,0.05863157894736842,0.01836842105263158,380,50
CCRCC,shipped,hoptimus1,random,scaled,4,1,0,spot,INT4,0.9504,1.7388867810900772,1.9379775650825308,0.0282,0.021400000000000002,300,50
CCRCC,shipped,hoptimus1,random,scaled,4,1,0,spot,INT5,0.854581673306773,2.527827119766688,3.35573564220869,0.13410358565737052,0.011314741035856573,251,50
CCRCC,shipped,hoptimus1,random,scaled,4,1,0,spot,INT6,0.922296072507553,1.7539838309505507,2.1161804738657803,0.06525679758308157,0.01244712990936556,331,50
CCRCC,shipped,hoptimus1,random,scaled,4,1,0,spot,INT7,0.9043404255319148,1.6816312486485208,2.181538616357899,0.07872340425531915,0.016936170212765958,470,50
CCRCC,shipped,hoptimus1,random,scaled,4,1,0,spot,INT8,0.8854038997214485,1.9404418526207647,2.5181198414604173,0.07816155988857938,0.036434540389972146,359,50
CCRCC,shipped,hoptimus1,random,scaled,4,1,0,spot,INT9,0.912434017595308,1.732394950077607,2.129494742103352,0.06023460410557185,0.027331378299120235,341,50
CCRCC,shipped,hoptimus1,random,scaled,4,2,0,spot,INT1,0.9416901408450704,1.6765467029358156,1.8894861061925783,0.03427230046948357,0.02403755868544601,213,50
CCRCC,shipped,hoptimus1,random,scaled,4,2,0,spot,INT10,0.8728909952606635,1.7016262337159354,2.4356794941337467,0.11364928909952607,0.013459715639810427,422,50
CCRCC,shipped,hoptimus1,random,scaled,4,2,0,spot,INT11,0.8953548387096774,1.8519377159074595,2.4178636174837633,0.07393548387096774,0.030709677419354837,310,50
CCRCC,shipped,hoptimus1,random,scaled,4,2,0,spot,INT12,0.8942335766423358,1.710680695742678,2.2149410000119794,0.057007299270072996,0.04875912408759124,274,50
CCRCC,shipped,hoptimus1,random,scaled,4,2,0,spot,INT13,0.9082075471698112,1.5863380801334328,1.9596330412143574,0.06702830188679246,0.024764150943396224,848,50
CCRCC,shipped,hoptimus1,random,scaled,4,2,0,spot,INT14,0.916773428232503,1.4381409875766684,1.7850059369976492,0.07297746144721233,0.010249110320284699,843,50
CCRCC,shipped,hoptimus1,random,scaled,4,2,0,spot,INT15,0.9065204386839482,1.4973078638041175,1.9035212320126285,0.07531405782652044,0.018165503489531405,1003,50
CCRCC,shipped,hoptimus1,random,scaled,4,2,0,spot,INT16,0.9037083993660856,1.4597771527342744,1.8961864124271122,0.08646592709984152,0.0098256735340729,631,50
CCRCC,shipped,hoptimus1,random,scaled,4,2,0,spot,INT17,0.8906628242074928,1.218836166756403,1.7732152657948077,0.10440922190201729,0.004927953890489913,694,50
CCRCC,shipped,hoptimus1,random,scaled,4,2,0,spot,INT18,0.8914054600606672,1.5530120860317256,2.0714061033746605,0.08179979777553084,0.026794742163801823,989,50
CCRCC,shipped,hoptimus1,random,scaled,4,2,0,spot,INT19,0.8957245632065777,1.163630669818466,1.6576154229249385,0.09790339157245632,0.006372045220966085,973,50
CCRCC,shipped,hoptimus1,random,scaled,4,2,0,spot,INT2,0.9081980198019802,1.5801366132708663,1.9944035479657998,0.07322772277227724,0.018574257425742577,505,50
CCRCC,shipped,hoptimus1,random,scaled,4,2,0,spot,INT20,0.9016492693110648,1.2076894574298582,1.6848638608900266,0.0924008350730689,0.0059498956158663885,958,50
CCRCC,shipped,hoptimus1,random,scaled,4,2,0,spot,INT21,0.8997200000000001,1.5627832807097926,2.0133732460955844,0.07302,0.02726,1000,50
CCRCC,shipped,hoptimus1,random,scaled,4,2,0,spot,INT22,0.9041743725231176,1.5433434668195878,1.9735156353585805,0.08245706737120212,0.013368560105680317,757,50
CCRCC,shipped,hoptimus1,random,scaled,4,2,0,spot,INT23,0.8910075839653304,1.6339038809191169,2.078951786564868,0.07022751895991332,0.03876489707475623,923,50
CCRCC,shipped,hoptimus1,random,scaled,4,2,0,spot,INT24,0.8864737406216505,1.4300546304532327,2.0266542093721056,0.10467309753483386,0.00885316184351554,933,50
CCRCC,shipped,hoptimus1,random,scaled,4,2,0,spot,INT3,0.91715,1.6134133039800818,1.9917481423036296,0.06875,0.014100000000000001,400,50
CCRCC,shipped,hoptimus1,random,scaled,4,2,0,spot,INT4,0.9521830985915493,1.732308367443161,1.9444757876906056,0.03161971830985916,0.01619718309859155,284,50
CCRCC,shipped,hoptimus1,random,scaled,4,2,0,spot,INT5,0.8753448275862068,2.5960290041163296,3.3080778309364063,0.11301724137931034,0.011637931034482758,232,50
CCRCC,shipped,hoptimus1,random,scaled,4,2,0,spot,INT6,0.9203115264797508,1.7548260681734655,2.153718704131677,0.06467289719626168,0.01501557632398754,321,50
CCRCC,shipped,hoptimus1,random,scaled,4,2,0,spot,INT7,0.9073727087576374,1.6979088934281434,2.140126534918859,0.07812627291242363,0.0145010183299389,491,50
CCRCC,shipped,hoptimus1,random,scaled,4,2,0,spot,INT8,0.8853431372549019,1.965971739732261,2.5376639437279764,0.08181372549019608,0.03284313725490196,408,50
CCRCC,shipped,hoptimus1,random,scaled,4,2,0,spot,INT9,0.9079761904761905,1.7194712045406442,2.1489524252641483,0.065,0.027023809523809526,336,50
CCRCC,shipped,hoptimus1,random,scaled,4,3,0,spot,INT1,0.9425,1.6528242116314802,1.8865119877902985,0.03625,0.02125,192,50
CCRCC,shipped,hoptimus1,random,scaled,4,3,0,spot,INT10,0.8792991913746632,1.7225077095924697,2.4258951391709873,0.10997304582210242,0.010727762803234502,371,50
CCRCC,shipped,hoptimus1,random,scaled,4,3,0,spot,INT11,0.8789078498293516,1.824280238587075,2.513954251362481,0.09037542662116041,0.030716723549488054,293,50
CCRCC,shipped,hoptimus1,random,scaled,4,3,0,spot,INT12,0.8903157894736842,1.7061668676840467,2.2127339971225393,0.05726315789473684,0.05242105263157895,285,50
CCRCC,shipped,hoptimus1,random,scaled,4,3,0,spot,INT13,0.9033260393873086,1.5527218235342384,1.9387731354059607,0.07479212253829322,0.02188183807439825,914,50
CCRCC,shipped,hoptimus1,random,scaled,4,3,0,spot,INT14,0.9146832579185521,1.4368247393001286,1.7955351088355676,0.0748868778280543,0.010429864253393666,884,50
CCRCC,shipped,hoptimus1,random,scaled,4,3,0,spot,INT15,0.903766364551863,1.4813126378238854,1.8953061143318477,0.07703927492447131,0.01919436052366566,993,50
CCRCC,shipped,hoptimus1,random,scaled,4,3,0,spot,INT16,0.9026517571884984,1.4539157597094987,1.888294024783803,0.08517571884984027,0.012172523961661342,626,50
CCRCC,shipped,hoptimus1,random,scaled,4,3,0,spot,INT17,0.8869760900140647,1.2118573327622082,1.7824723597229748,0.1069479606188467,0.0060759493670886075,711,50
CCRCC,shipped,hoptimus1,random,scaled,4,3,0,spot,INT18,0.8944841269841269,1.5597718434034615,2.0502855806211624,0.07722222222222222,0.028293650793650794,1008,50
CCRCC,shipped,hoptimus1,random,scaled,4,3,0,spot,INT19,0.8935056876938987,1.1639024231686086,1.673023681411559,0.10031023784901758,0.006184074457083764,967,50
CCRCC,shipped,hoptimus1,random,scaled,4,3,0,spot,INT2,0.903687374749499,1.589319049240724,2.0322229758103485,0.07094188376753507,0.025370741482965933,499,50
CCRCC,shipped,hoptimus1,random,scaled,4,3,0,spot,INT20,0.9008713692946059,1.22561594648425,1.7011300809654892,0.0908091286307054,0.008319502074688796,964,50
CCRCC,shipped,hoptimus1,random,scaled,4,3,0,spot,INT21,0.8991215526046987,1.546090663451531,1.9742093441510309,0.07477017364657815,0.026108273748723185,979,50
CCRCC,shipped,hoptimus1,random,scaled,4,3,0,spot,INT22,0.9012041884816755,1.557355734896567,1.9936719189848247,0.08327225130890054,0.015523560209424083,764,50
CCRCC,shipped,hoptimus1,random,scaled,4,3,0,spot,INT23,0.885927552140505,1.6256849965754605,2.1068255034959336,0.0721185510428101,0.04195389681668496,911,50
CCRCC,shipped,hoptimus1,random,scaled,4,3,0,spot,INT24,0.8848504983388704,1.4346270912031565,2.040854539357601,0.10640088593576966,0.008748615725359912,903,50
CCRCC,shipped,hoptimus1,random,scaled,4,3,0,spot,INT3,0.9162836185819071,1.6215741686155483,1.9988810318515495,0.06723716381418093,0.01647921760391198,409,50
CCRCC,shipped,hoptimus1,random,scaled,4,3,0,spot,INT4,0.9526760563380282,1.7379649633421306,1.9227056568176877,0.030704225352112674,0.016619718309859154,284,50
CCRCC,shipped,hoptimus1,random,scaled,4,3,0,spot,INT5,0.8793073593073594,2.584191865958818,3.2825553841265656,0.1103030303030303,0.010389610389610388,231,50
CCRCC,shipped,hoptimus1,random,scaled,4,3,0,spot,INT6,0.9144788732394367,1.7570992480788445,2.202307959308728,0.07115492957746479,0.01436619718309859,355,50
CCRCC,shipped,hoptimus1,random,scaled,4,3,0,spot,INT7,0.904809619238477,1.696199552837485,2.1542777905181736,0.08100200400801602,0.014188376753507015,499,50
CCRCC,shipped,hoptimus1,random,scaled,4,3,0,spot,INT8,0.867412935323383,1.9419190127662818,2.640110976987768,0.09014925373134329,0.04243781094527363,402,50
CCRCC,shipped,hoptimus1,random,scaled,4,3,0,spot,INT9,0.9023684210526316,1.7036167060503413,2.18242924460535,0.07125,0.02638157894736842,304,50
CCRCC,shipped,hoptimus1,random,scaled,4,4,0,spot,INT1,0.9358415841584159,1.6892035633790539,1.9586995462247987,0.042772277227722776,0.021386138613861388,202,50
CCRCC,shipped,hoptimus1,random,scaled,4,4,0,spot,INT10,0.8831058823529412,1.7379494094664898,2.4062995970714534,0.1024470588235294,0.014447058823529414,425,50
CCRCC,shipped,hoptimus1,random,scaled,4,4,0,spot,INT11,0.8877702702702703,1.8563835069195682,2.4873923273190486,0.08297297297297299,0.02925675675675676,296,50
CCRCC,shipped,hoptimus1,random,scaled,4,4,0,spot,INT12,0.8901083032490975,1.7033679887306044,2.215742222932187,0.054296028880866425,0.0555956678700361,277,50
CCRCC,shipped,hoptimus1,random,scaled,4,4,0,spot,INT13,0.9013594470046082,1.5498676493901848,1.9712481874331054,0.078963133640553,0.01967741935483871,868,50
CCRCC,shipped,hoptimus1,random,scaled,4,4,0,spot,INT14,0.9179431072210066,1.435471329319126,1.7826300841624623,0.07210065645514224,0.009956236323851203,914,50
CCRCC,shipped,hoptimus1,random,scaled,4,4,0,spot,INT15,0.9002700096432015,1.476762544196476,1.9145419734876723,0.08270009643201544,0.01702989392478303,1037,50
CCRCC,shipped,hoptimus1,random,scaled,4,4,0,spot,INT16,0.8987337662337663,1.4645444307281386,1.9141313081266795,0.09087662337662337,0.010389610389610388,616,50
CCRCC,shipped,hoptimus1,random,scaled,4,4,0,spot,INT17,0.8961959654178675,1.218548786493889,1.7297097506421224,0.09824207492795389,0.005561959654178674,694,50
CCRCC,shipped,hoptimus1,random,scaled,4,4,0,spot,INT18,0.8928205128205129,1.5571130914845706,2.0525068552412913,0.0789948717948718,0.028184615384615384,975,50
CCRCC,shipped,hoptimus1,random,scaled,4,4,0,spot,INT19,0.89318359375,1.1604977767935565,1.6748820381339005,0.10015625,0.00666015625,1024,50
CCRCC,shipped,hoptimus1,random,scaled,4,4,0,spot,INT2,0.9016460905349795,1.6189866448040624,2.064454472700615,0.07506172839506173,0.023292181069958846,486,50
CCRCC,shipped,hoptimus1,random,scaled,4,4,0,spot,INT20,0.90577685088634,1.2208190629980102,1.6835355611934588,0.08882168925964545,0.005401459854014599,959,50
CCRCC,shipped,hoptimus1,random,scaled,4,4,0,spot,INT21,0.9021369294605809,1.5422192789080507,1.9531324716415395,0.07257261410788382,0.02529045643153527,964,50
CCRCC,shipped,hoptimus1,random,scaled,4,4,0,spot,INT22,0.9038829787234043,1.5433047674473044,1.990392796319021,0.08271276595744681,0.013404255319148937,752,50
CCRCC,shipped,hoptimus1,random,scaled,4,4,0,spot,INT23,0.8913292433537832,1.6410425100310697,2.0874139311587756,0.06746421267893661,0.041206543967280164,978,50
CCRCC,shipped,hoptimus1,random,scaled,4,4,0,spot,INT24,0.8886549707602339,1.4477060013446077,2.02802023338404,0.10222222222222221,0.009122807017543859,855,50
CCRCC,shipped,hoptimus1,random,scaled,4,4,0,spot,INT3,0.9175835475578407,1.617509221878998,1.9781495647325031,0.06652956298200513,0.015886889460154242,389,50
CCRCC,shipped,hoptimus1,random,scaled,4,4,0,spot,INT4,0.9602941176470589,1.7801024269963777,1.9214408956189317,0.02095588235294118,0.01875,272,50
CCRCC,shipped,hoptimus1,random,scaled,4,4,0,spot,INT5,0.8720816326530613,2.6023454810891047,3.3232595140667094,0.11616326530612245,0.011755102040816328,245,50
CCRCC,shipped,hoptimus1,random,scaled,4,4,0,spot,INT6,0.9181710914454277,1.745505417944751,2.1432343721439486,0.06713864306784662,0.014690265486725664,339,50
CCRCC,shipped,hoptimus1,random,scaled,4,4,0,spot,INT7,0.8961666666666666,1.690474798841172,2.2046703744283316,0.08966666666666667,0.014166666666666668,480,50
CCRCC,shipped,hoptimus1,random,scaled,4,4,0,spot,INT8,0.8808970976253298,1.9697863202300387,2.589409867374678,0.08348284960422163,0.035620052770448545,379,50
CCRCC,shipped,hoptimus1,random,scaled,4,4,0,spot,INT9,0.912608695652174,1.7215130553417919,2.1266282415311677,0.06385093167701864,0.023540372670807455,322,50
CCRCC,shipped,hoptimus1,random,scaled,5,0,0,spot,INT1,0.9430204081632653,1.6792589547798675,1.9047622367746178,0.036408163265306125,0.02057142857142857,245,50
CCRCC,shipped,hoptimus1,random,scaled,5,0,0,spot,INT10,0.8798190045248869,1.708155530540397,2.3915067747244376,0.10760180995475115,0.012579185520361991,442,50
CCRCC,shipped,hoptimus1,random,scaled,5,0,0,spot,INT11,0.8759393939393939,1.8338733397640175,2.512476761415001,0.09078787878787878,0.03327272727272727,330,50
CCRCC,shipped,hoptimus1,random,scaled,5,0,0,spot,INT12,0.9001315789473684,1.7360480943789227,2.183888969292859,0.05052631578947368,0.049342105263157895,304,50
CCRCC,shipped,hoptimus1,random,scaled,5,0,0,spot,INT13,0.9028377065111759,1.570072766714205,1.9847821931197895,0.07784256559766764,0.019319727891156463,1029,50
CCRCC,shipped,hoptimus1,random,scaled,5,0,0,spot,INT14,0.911137487636004,1.4327146411669411,1.8068522425780622,0.07881305637982196,0.010049455984174085,1011,50
CCRCC,shipped,hoptimus1,random,scaled,5,0,0,spot,INT15,0.9027580225498698,1.4916542770367307,1.9263284191319414,0.0806244579358196,0.016617519514310494,1153,50
CCRCC,shipped,hoptimus1,random,scaled,5,0,0,spot,INT16,0.9010650887573965,1.455032474243684,1.8990455145973113,0.09068047337278105,0.008254437869822485,676,50
CCRCC,shipped,hoptimus1,random,scaled,5,0,0,spot,INT17,0.8917258261933904,1.2223256047307078,1.7648728375249885,0.10239902080783354,0.00587515299877601,817,50
CCRCC,shipped,hoptimus1,random,scaled,5,0,0,spot,INT18,0.8992488262910798,1.569734052631767,2.0337148401757,0.0755868544600939,0.02516431924882629,1065,50
CCRCC,shipped,hoptimus1,random,scaled,5,0,0,spot,INT19,0.8888396811337467,1.1614768955663515,1.7010106044197126,0.10565101860053144,0.0055093002657218785,1129,50
CCRCC,shipped,hoptimus1,random,scaled,5,0,0,spot,INT2,0.9033695652173912,1.5993518775172404,2.041979186126314,0.07460144927536233,0.022028985507246378,552,50
CCRCC,shipped,hoptimus1,random,scaled,5,0,0,spot,INT20,0.902711234911792,1.2219007022385153,1.7013158320336097,0.09147632311977716,0.005812441968430826,1077,50
CCRCC,shipped,hoptimus1,random,scaled,5,0,0,spot,INT21,0.8987758775877588,1.5462790228417547,1.991674434910953,0.07717371737173717,0.024050405040504052,1111,50
CCRCC,shipped,hoptimus1,random,scaled,5,0,0,spot,INT22,0.9025828571428572,1.5572037567506605,1.995001642802815,0.08452571428571427,0.012891428571428571,875,50
CCRCC,shipped,hoptimus1,random,scaled,5,0,0,spot,INT23,0.8892093023255814,1.634075105398204,2.0922323735990265,0.07376744186046512,0.037023255813953486,1075,50
CCRCC,shipped,hoptimus1,random,scaled,5,0,0,spot,INT24,0.8941831916902738,1.4437833628185743,1.976979033861802,0.09660056657223796,0.009216241737488197,1059,50
CCRCC,shipped,hoptimus1,random,scaled,5,0,0,spot,INT3,0.9126096997690532,1.584537730443283,1.9706748603565354,0.07094688221709007,0.016443418013856813,433,50
CCRCC,shipped,hoptimus1,random,scaled,5,0,0,spot,INT4,0.949198606271777,1.7186133033820854,1.920315875814601,0.030662020905923345,0.02013937282229965,287,50
CCRCC,shipped,hoptimus1,random,scaled,5,0,0,spot,INT5,0.872406015037594,2.613051271406103,3.292853584437391,0.11488721804511277,0.012706766917293232,266,50
CCRCC,shipped,hoptimus1,random,scaled,5,0,0,spot,INT6,0.9144444444444444,1.7373483034775064,2.1541336351210627,0.07253968253968254,0.013015873015873014,378,50
CCRCC,shipped,hoptimus1,random,scaled,5,0,0,spot,INT7,0.8979536679536679,1.6736317121893967,2.1870677687216205,0.0871042471042471,0.014942084942084941,518,50
CCRCC,shipped,hoptimus1,random,scaled,5,0,0,spot,INT8,0.8682488479262673,1.9302508515743326,2.665125165325785,0.09267281105990782,0.03907834101382488,434,50
CCRCC,shipped,hoptimus1,random,scaled,5,0,0,spot,INT9,0.9100515463917526,1.7295123106759422,2.1586131049388935,0.06510309278350515,0.024845360824742268,388,50
CCRCC,shipped,hoptimus1,random,scaled,5,1,0,spot,INT1,0.9419090909090909,1.6850195602857059,1.8981292552249676,0.03218181818181818,0.02590909090909091,220,50
CCRCC,shipped,hoptimus1,random,scaled,5,1,0,spot,INT10,0.8697582417582417,1.694736331593189,2.4725905340101364,0.11068131868131868,0.019560439560439558,455,50
CCRCC,shipped,hoptimus1,random,scaled,5,1,0,spot,INT11,0.8844910179640719,1.8481226488325035,2.5109104790523777,0.08359281437125748,0.03191616766467066,334,50
CCRCC,shipped,hoptimus1,random,scaled,5,1,0,spot,INT12,0.889080459770115,1.7187442524572127,2.235945028976697,0.05482758620689656,0.056091954022988506,348,50
CCRCC,shipped,hoptimus1,random,scaled,5,1,0,spot,INT13,0.9057731958762887,1.5800856346408982,1.9761879208773436,0.07230927835051547,0.02191752577319588,970,50
CCRCC,shipped,hoptimus1,random,scaled,5,1,0,spot,INT14,0.9147,1.43579469097922,1.7901561508535468,0.07518,0.01012,1000,50
CCRCC,shipped,hoptimus1,random,scaled,5,1,0,spot,INT15,0.8989014821272886,1.477717092194768,1.9306945754371247,0.08284219703574543,0.018256320836966,1147,50
CCRCC,shipped,hoptimus1,random,scaled,5,1,0,spot,INT16,0.8964102564102564,1.4397358016869795,1.9199390903429936,0.09495726495726496,0.008632478632478633,702,50
CCRCC,shipped,hoptimus1,random,scaled,5,1,0,spot,INT17,0.89005,1.2257210411317745,1.777029248429357,0.10464999999999999,0.0053,800,50
CCRCC,shipped,hoptimus1,random,scaled,5,1,0,spot,INT18,0.8882542524619517,1.5648163330817833,2.1041971574915665,0.08273948075201432,0.02900626678603402,1117,50
CCRCC,shipped,hoptimus1,random,scaled,5,1,0,spot,INT19,0.8959223300970873,1.1689908750252704,1.6605352257737218,0.0981288614298323,0.005948808473080318,1133,50
CCRCC,shipped,hoptimus1,random,scaled,5,1,0,spot,INT2,0.9082312925170067,1.6017951670092887,2.0123822442948893,0.06853741496598639,0.023231292517006806,588,50
CCRCC,shipped,hoptimus1,random,scaled,5,1,0,spot,INT20,0.9019611470860315,1.217575440304595,1.6911596660239814,0.09171137835337649,0.006327474560592045,1081,50
CCRCC,shipped,hoptimus1,random,scaled,5,1,0,spot,INT21,0.8995044247787611,1.5507799706260805,1.9950962894011963,0.07492035398230089,0.025575221238938056,1130,50
CCRCC,shipped,hoptimus1,random,scaled,5,1,0,spot,INT22,0.8975238095238095,1.554989222965844,2.0314617591695394,0.08747619047619049,0.015,840,50
CCRCC,shipped,hoptimus1,random,scaled,5,1,0,spot,INT23,0.8888760806916427,1.633219776772489,2.0833795771252346,0.06929875120076849,0.04182516810758886,1041,50
CCRCC,shipped,hoptimus1,random,scaled,5,1,0,spot,INT24,0.890617529880478,1.4542542784323431,1.9984508237557463,0.09778884462151394,0.01159362549800797,1004,50
CCRCC,shipped,hoptimus1,random,scaled,5,1,0,spot,INT3,0.9236991869918699,1.6241484121446563,1.9609162162010472,0.06073170731707317,0.015569105691056911,492,50
CCRCC,shipped,hoptimus1,random,scaled,5,1,0,spot,INT4,0.9562987012987013,1.7376507666883585,1.9030466868748217,0.026493506493506493,0.017207792207792207,308,50
CCRCC,shipped,hoptimus1,random,scaled,5,1,0,spot,INT5,0.8631007751937985,2.5769863384143226,3.3479760203639177,0.12093023255813953,0.015968992248062017,258,50
CCRCC,shipped,hoptimus1,random,scaled,5,1,0,spot,INT6,0.9247184986595174,1.7763976545311846,2.130632578889635,0.05892761394101877,0.016353887399463807,373,50
CCRCC,shipped,hoptimus1,random,scaled,5,1,0,spot,INT7,0.9030947775628627,1.6858522334631727,2.1622479782825454,0.07961315280464216,0.017292069632495164,517,50
CCRCC,shipped,hoptimus1,random,scaled,5,1,0,spot,INT8,0.8757377049180327,1.9530616450383462,2.6023103000714776,0.09330210772833723,0.030960187353629976,427,50
CCRCC,shipped,hoptimus1,random,scaled,5,1,0,spot,INT9,0.9061246612466125,1.7195479269166554,2.15445963549111,0.06411924119241191,0.02975609756097561,369,50
CCRCC,shipped,hoptimus1,random,scaled,5,2,0,spot,INT1,0.9408730158730159,1.6939784289003201,1.9271238881098933,0.03333333333333333,0.025793650793650792,252,50
CCRCC,shipped,hoptimus1,random,scaled,5,2,0,spot,INT10,0.8856967213114754,1.7587171703768076,2.3858675451012354,0.09745901639344262,0.016844262295081968,488,50
CCRCC,shipped,hoptimus1,random,scaled,5,2,0,spot,INT11,0.8801801801801801,1.8460546450887623,2.504740045173625,0.08654654654654655,0.03327327327327327,333,50
CCRCC,shipped,hoptimus1,random,scaled,5,2,0,spot,INT12,0.8917538461538461,1.707015886610788,2.2276359955813145,0.054092307692307696,0.05415384615384616,325,50
CCRCC,shipped,hoptimus1,random,scaled,5,2,0,spot,INT13,0.8993018480492814,1.5548632034641179,1.9816186974864705,0.08067761806981519,0.020020533880903493,974,50
CCRCC,shipped,hoptimus1,random,scaled,5,2,0,spot,INT14,0.9110358180058082,1.4390171713620088,1.8190284162661234,0.07938044530493707,0.009583736689254599,1033,50
CCRCC,shipped,hoptimus1,random,scaled,5,2,0,spot,INT15,0.9073427230046949,1.4915715773707339,1.8860651495633451,0.07468544600938967,0.017971830985915493,1065,50
CCRCC,shipped,hoptimus1,random,scaled,5,2,0,spot,INT16,0.9024788732394365,1.4691609994183037,1.9022871265641286,0.08847887323943661,0.00904225352112676,710,50
CCRCC,shipped,hoptimus1,random,scaled,5,2,0,spot,INT17,0.8859351620947631,1.2205494178504015,1.806403464610267,0.10870324189526186,0.005361596009975062,802,50
CCRCC,shipped,hoptimus1,random,scaled,5,2,0,spot,INT18,0.8995868544600938,1.556718996410035,2.0078658351373626,0.07329577464788732,0.02711737089201878,1065,50
CCRCC,shipped,hoptimus1,random,scaled,5,2,0,spot,INT19,0.8955178571428571,1.1731782214478932,1.6762237545695282,0.09769642857142857,0.006785714285714286,1120,50
CCRCC,shipped,hoptimus1,random,scaled,5,2,0,spot,INT2,0.9027843803056027,1.594587689804425,2.039132128866079,0.06899830220713073,0.028217317487266556,589,50
CCRCC,shipped,hoptimus1,random,scaled,5,2,0,spot,INT20,0.9034514925373135,1.2257542369637624,1.6909740281720187,0.09095149253731342,0.005597014925373134,1072,50
CCRCC,shipped,hoptimus1,random,scaled,5,2,0,spot,INT21,0.899587982832618,1.5436059113293852,1.9783495625518805,0.07383690987124464,0.026575107296137337,1165,50
CCRCC,shipped,hoptimus1,random,scaled,5,2,0,spot,INT22,0.8999520383693046,1.5528683350668053,2.012960369816657,0.08448441247002397,0.015563549160671463,834,50
CCRCC,shipped,hoptimus1,random,scaled,5,2,0,spot,INT23,0.8906390977443608,1.6334102525730894,2.0800072724286736,0.06776315789473684,0.04159774436090226,1064,50
CCRCC,shipped,hoptimus1,random,scaled,5,2,0,spot,INT24,0.8918055555555555,1.4292676818897463,1.9831262976124564,0.09807539682539682,0.010119047619047618,1008,50
CCRCC,shipped,hoptimus1,random,scaled,5,2,0,spot,INT3,0.9194954128440367,1.6127371219584388,1.9697882406328677,0.06201834862385321,0.018486238532110094,436,50
CCRCC,shipped,hoptimus1,random,scaled,5,2,0,spot,INT4,0.9465762711864407,1.6938707186060293,1.9175749180981734,0.035322033898305086,0.018101694915254235,295,50
CCRCC,shipped,hoptimus1,random,scaled,5,2,0,spot,INT5,0.8706779661016949,2.5590619973808884,3.247544134138051,0.12016949152542372,0.009152542372881356,236,50
CCRCC,shipped,hoptimus1,random,scaled,5,2,0,spot,INT6,0.9183202099737532,1.7730190149569032,2.1730092348476777,0.06792650918635171,0.013753280839895013,381,50
CCRCC,shipped,hoptimus1,random,scaled,5,2,0,spot,INT7,0.9014028776978417,1.6785377615753885,2.162981828112082,0.08258992805755395,0.01600719424460432,556,50
CCRCC,shipped,hoptimus1,random,scaled,5,2,0,spot,INT8,0.8749553571428571,1.9584469708496355,2.6371141776271485,0.0865625,0.038482142857142854,448,50
CCRCC,shipped,hoptimus1,random,scaled,5,2,0,spot,INT9,0.9089330024813895,1.7212889515659549,2.1228982625290205,0.05875930521091812,0.03230769230769231,403,50
CCRCC,shipped,hoptimus1,random,scaled,5,3,0,spot,INT1,0.942767857142857,1.6681836657276827,1.8906466298068596,0.03705357142857143,0.020178571428571428,224,50
CCRCC,shipped,hoptimus1,random,scaled,5,3,0,spot,INT10,0.8910377358490567,1.6968500041879644,2.321284285210248,0.0963679245283019,0.012594339622641509,424,50
CCRCC,shipped,hoptimus1,random,scaled,5,3,0,spot,INT11,0.8685620915032679,1.844539194809273,2.6178738792599647,0.09549019607843137,0.03594771241830066,306,50
CCRCC,shipped,hoptimus1,random,scaled,5,3,0,spot,INT12,0.893782991202346,1.7359649159630357,2.2502434948169188,0.053137829912023454,0.0530791788856305,341,50
CCRCC,shipped,hoptimus1,random,scaled,5,3,0,spot,INT13,0.9062662662662663,1.5820626651647,1.9702771619592618,0.07471471471471472,0.01901901901901902,999,50
CCRCC,shipped,hoptimus1,random,scaled,5,3,0,spot,INT14,0.9144976525821596,1.441811097165423,1.796323936941905,0.07603755868544601,0.009464788732394366,1065,50
CCRCC,shipped,hoptimus1,random,scaled,5,3,0,spot,INT15,0.9023747680890538,1.4871874709751283,1.9235473447887301,0.08077922077922078,0.016846011131725416,1078,50
CCRCC,shipped,hoptimus1,random,scaled,5,3,0,spot,INT16,0.9016208791208791,1.4534217376607794,1.8879620437701343,0.08958791208791209,0.008791208791208791,728,50
CCRCC,shipped,hoptimus1,random,scaled,5,3,0,spot,INT17,0.8960951188986234,1.2241488030325336,1.7339277359993917,0.09814768460575721,0.005757196495619525,799,50
CCRCC,shipped,hoptimus1,random,scaled,5,3,0,spot,INT18,0.8905075187969925,1.5757314042576656,2.096259349082052,0.0819548872180451,0.027537593984962406,1064,50
CCRCC,shipped,hoptimus1,random,scaled,5,3,0,spot,INT19,0.893681592039801,1.1726644930580228,1.684414968924083,0.10059701492537312,0.005721393034825871,1206,50
CCRCC,shipped,hoptimus1,random,scaled,5,3,0,spot,INT2,0.9043510054844607,1.5981102967886724,2.0283021531738603,0.07093235831809871,0.02471663619744059,547,50
CCRCC,shipped,hoptimus1,random,scaled,5,3,0,spot,INT20,0.9035045871559633,1.2144607770536457,1.6904525611171035,0.09091743119266056,0.005577981651376147,1090,50
CCRCC,shipped,hoptimus1,random,scaled,5,3,0,spot,INT21,0.8976221198156682,1.5481106882347668,1.9894406439292056,0.07751152073732719,0.024866359447004608,1085,50
CCRCC,shipped,hoptimus1,random,scaled,5,3,0,spot,INT22,0.9030751708428246,1.5593682831913187,2.007009089183197,0.08239179954441914,0.014533029612756265,878,50
CCRCC,shipped,hoptimus1,random,scaled,5,3,0,spot,INT23,0.8876086956521739,1.6408825407522485,2.1196950161262764,0.07409420289855072,0.03829710144927536,1104,50
CCRCC,shipped,hoptimus1,random,scaled,5,3,0,spot,INT24,0.8877137176938369,1.4549174840929304,2.0406484977557326,0.10178926441351889,0.010497017892644137,1006,50
CCRCC,shipped,hoptimus1,random,scaled,5,3,0,spot,INT3,0.9252863436123349,1.6414874562019222,1.9537123598782598,0.058325991189427315,0.016387665198237887,454,50
CCRCC,shipped,hoptimus1,random,scaled,5,3,0,spot,INT4,0.9533993399339934,1.7540699958705832,1.9271061047497835,0.022904290429042903,0.023696369636963695,303,50
CCRCC,shipped,hoptimus1,random,scaled,5,3,0,spot,INT5,0.8828464419475656,2.5913178125462855,3.196693553350151,0.10794007490636703,0.009213483146067417,267,50
CCRCC,shipped,hoptimus1,random,scaled,5,3,0,spot,INT6,0.918781163434903,1.7607708959196577,2.1904055163500558,0.06781163434903047,0.013407202216066482,361,50
CCRCC,shipped,hoptimus1,random,scaled,5,3,0,spot,INT7,0.9016796875,1.6809347736953708,2.18777220293887,0.0822265625,0.01609375,512,50
CCRCC,shipped,hoptimus1,random,scaled,5,3,0,spot,INT8,0.866903073286052,1.9315289991450695,2.6389105179332777,0.09574468085106384,0.03735224586288416,423,50
CCRCC,shipped,hoptimus1,random,scaled,5,3,0,spot,INT9,0.8973333333333333,1.7412298530297396,2.2514795052070995,0.06907692307692308,0.03358974358974359,390,50
CCRCC,shipped,hoptimus1,random,scaled,5,4,0,spot,INT1,0.9424291497975709,1.669606743753583,1.8941877366419388,0.03368421052631579,0.02388663967611336,247,50
CCRCC,shipped,hoptimus1,random,scaled,5,4,0,spot,INT10,0.8739630390143738,1.698250693027556,2.4272984946009166,0.1142094455852156,0.011827515400410677,487,50
CCRCC,shipped,hoptimus1,random,scaled,5,4,0,spot,INT11,0.8895541401273885,1.8359838647811406,2.4157257897397098,0.07859872611464967,0.03184713375796178,314,50
CCRCC,shipped,hoptimus1,random,scaled,5,4,0,spot,INT12,0.8994019933554818,1.7137004329301104,2.1762958928790628,0.052159468438538206,0.04843853820598007,301,50
CCRCC,shipped,hoptimus1,random,scaled,5,4,0,spot,INT13,0.9006137566137566,1.5729240539786065,1.9869359158429998,0.07894179894179894,0.020444444444444442,945,50
CCRCC,shipped,hoptimus1,random,scaled,5,4,0,spot,INT14,0.909942748091603,1.4413887550708373,1.8220102118261456,0.08080152671755725,0.009255725190839696,1048,50
CCRCC,shipped,hoptimus1,random,scaled,5,4,0,spot,INT15,0.9014146772767462,1.4849033507916227,1.9243194894077744,0.08175066312997348,0.016834659593280284,1131,50
CCRCC,shipped,hoptimus1,random,scaled,5,4,0,spot,INT16,0.8982210242587602,1.452399875287426,1.905370622038844,0.09237196765498652,0.009407008086253369,742,50
CCRCC,shipped,hoptimus1,random,scaled,5,4,0,spot,INT17,0.888,1.2211419997577564,1.7848805084048252,0.1061840490797546,0.005815950920245398,815,50
CCRCC,shipped,hoptimus1,random,scaled,5,4,0,spot,INT18,0.9006660499537467,1.573877234787582,2.034698473855139,0.07361702127659575,0.025716928769657726,1081,50
CCRCC,shipped,hoptimus1,random,scaled,5,4,0,spot,INT19,0.8938938053097345,1.173613764359637,1.6760442855691358,0.1,0.006106194690265486,1130,50
CCRCC,shipped,hoptimus1,random,scaled,5,4,0,spot,INT2,0.9078647686832739,1.5817722920312258,1.9853476904744645,0.070711743772242,0.021423487544483987,562,50
CCRCC,shipped,hoptimus1,random,scaled,5,4,0,spot,INT20,0.9004982206405694,1.2254383406401923,1.7121180093796484,0.09147686832740214,0.00802491103202847,1124,50
CCRCC,shipped,hoptimus1,random,scaled,5,4,0,spot,INT21,0.9020769919427036,1.5508956814747592,1.968342289929694,0.07056401074306178,0.027358997314234555,1117,50
CCRCC,shipped,hoptimus1,random,scaled,5,4,0,spot,INT22,0.8992618223760093,1.549223161279813,2.0123229033556043,0.0877508650519031,0.01298731257208766,867,50
CCRCC,shipped,hoptimus1,random,scaled,5,4,0,spot,INT23,0.8880221811460258,1.6324071755414398,2.085533821185636,0.07160813308687615,0.040369685767097964,1082,50
CCRCC,shipped,hoptimus1,random,scaled,5,4,0,spot,INT24,0.8888866799204771,1.4314650997801117,2.0032870329452432,0.10333996023856859,0.007773359840954275,1006,50
CCRCC,shipped,hoptimus1,random,scaled,5,4,0,spot,INT3,0.9233039647577093,1.654232260227894,1.9670704304947026,0.056035242290748896,0.02066079295154185,454,50
CCRCC,shipped,hoptimus1,random,scaled,5,4,0,spot,INT4,0.9534065934065934,1.7489485648921432,1.941247137268752,0.028131868131868135,0.018461538461538463,273,50
CCRCC,shipped,hoptimus1,random,scaled,5,4,0,spot,INT5,0.8735177865612649,2.547959568081337,3.3114188862143434,0.11098814229249011,0.01549407114624506,253,50
CCRCC,shipped,hoptimus1,random,scaled,5,4,0,spot,INT6,0.9222598870056496,1.747780344088456,2.112908009439797,0.06192090395480226,0.015819209039548022,354,50
CCRCC,shipped,hoptimus1,random,scaled,5,4,0,spot,INT7,0.9045149253731343,1.685772841893624,2.162063959745372,0.07958955223880597,0.0158955223880597,536,50
CCRCC,shipped,hoptimus1,random,scaled,5,4,0,spot,INT8,0.8658604651162791,1.936228716817709,2.6854101358119333,0.09948837209302326,0.03465116279069767,430,50
CCRCC,shipped,hoptimus1,random,scaled,5,4,0,spot,INT9,0.9107042253521126,1.7382585461287468,2.1623062209279795,0.058422535211267605,0.030873239436619716,355,50
COAD,shipped,hoptimus1,donor,abs,COAD_Oliveira_P1,-1,0,donor,TENX149,0.893182320441989,3.4137283128390634,4.4252731202184155,0.026176795580110497,0.08064088397790055,3620,50
COAD,shipped,hoptimus1,donor,abs,COAD_Oliveira_P1,-1,1,donor,TENX149,0.9037127071823204,3.205681635497423,4.1516327207228905,0.034933701657458564,0.061353591160220995,3620,50
COAD,shipped,hoptimus1,donor,abs,COAD_Oliveira_P1,-1,2,donor,TENX149,0.8902154696132597,3.4427030114211057,4.484942927079673,0.026933701657458564,0.08285082872928178,3620,50
COAD,shipped,hoptimus1,donor,abs,COAD_Oliveira_P2,-1,0,donor,TENX148,0.8291768033946252,2.9563122395185757,5.582980959763835,0.13532673267326734,0.035496463932107494,3535,50
COAD,shipped,hoptimus1,donor,abs,COAD_Oliveira_P2,-1,1,donor,TENX148,0.8344724186704384,3.128916521716923,6.046208186586426,0.1472984441301273,0.01822913719943423,3535,50
COAD,shipped,hoptimus1,donor,abs,COAD_Oliveira_P2,-1,2,donor,TENX148,0.8306421499292785,3.101970317769306,6.055566531169307,0.1511683168316832,0.01818953323903819,3535,50
COAD,shipped,hoptimus1,donor,abs,COAD_Oliveira_P5,-1,0,donor,TENX147,0.8987942639742463,3.625426954363351,5.003955112436639,0.08237050043898156,0.018835235586772022,3417,50
COAD,shipped,hoptimus1,donor,abs,COAD_Oliveira_P5,-1,1,donor,TENX147,0.873854258121159,3.079488119438445,4.646087422322484,0.07714369329821481,0.049002048580626276,3417,50
COAD,shipped,hoptimus1,donor,abs,COAD_Oliveira_P5,-1,2,donor,TENX147,0.8973251390108282,3.6227000856388205,4.997553631187289,0.08166227685103893,0.021012584138132864,3417,50
COAD,shipped,hoptimus1,donor,abs,COAD_donor_TENX111,-1,0,donor,TENX111,0.8786414648552865,3.1055313256483346,4.924130357194676,0.06797794841504233,0.05338058672967119,5079,50
COAD,shipped,hoptimus1,donor,abs,COAD_donor_TENX111,-1,1,donor,TENX111,0.8365189998031108,3.013700342222327,5.532401854461581,0.05811380192951368,0.10536719826737548,5079,50
COAD,shipped,hoptimus1,donor,abs,COAD_donor_TENX111,-1,2,donor,TENX111,0.8496830084662335,3.051300746084925,5.334119117971283,0.05697578263437685,0.09334120889938964,5079,50
COAD,shipped,hoptimus1,donor,scaled,COAD_Oliveira_P1,-1,0,donor,TENX149,0.9243204419889502,4.217493345539352,4.934725638387384,0.02023756906077348,0.055441988950276244,3620,50
COAD,shipped,hoptimus1,donor,scaled,COAD_Oliveira_P1,-1,1,donor,TENX149,0.9274033149171271,4.285827428824284,5.000504165956653,0.022220994475138124,0.05037569060773481,3620,50
COAD,shipped,hoptimus1,donor,scaled,COAD_Oliveira_P1,-1,2,donor,TENX149,0.9276243093922651,4.1134472584824,4.77072550030885,0.02395027624309392,0.04842541436464089,3620,50
COAD,shipped,hoptimus1,donor,scaled,COAD_Oliveira_P2,-1,0,donor,TENX148,0.7909193776520509,2.851802435296384,5.9285161164402815,0.16996322489391796,0.039117397454031116,3535,50
COAD,shipped,hoptimus1,donor,scaled,COAD_Oliveira_P2,-1,1,donor,TENX148,0.8477284299858557,4.0957219367197775,6.570794047240679,0.1436888260254597,0.008582743988684582,3535,50
COAD,shipped,hoptimus1,donor,scaled,COAD_Oliveira_P2,-1,2,donor,TENX148,0.8842602545968883,5.424434658408331,6.8991539716810255,0.10910325318246111,0.006636492220650636,3535,50
COAD,shipped,hoptimus1,donor,scaled,COAD_Oliveira_P5,-1,0,donor,TENX147,0.8591278899619549,3.595897796480151,5.333663606373336,0.10996780801872989,0.03090430201931519,3417,50
COAD,shipped,hoptimus1,donor,scaled,COAD_Oliveira_P5,-1,1,donor,TENX147,0.8442727538776705,3.2048655900759258,5.011717299106725,0.09642961662276851,0.059297629499561015,3417,50
COAD,shipped,hoptimus1,donor,scaled,COAD_Oliveira_P5,-1,2,donor,TENX147,0.8454960491659351,3.515937460475251,5.3735474751914944,0.11589113257243194,0.038612818261633014,3417,50
COAD,shipped,hoptimus1,donor,scaled,COAD_donor_TENX111,-1,0,donor,TENX111,0.8483520378027172,3.2673222468636864,5.050605729291171,0.0878046859618035,0.06384327623547943,5079,50
COAD,shipped,hoptimus1,donor,scaled,COAD_donor_TENX111,-1,1,donor,TENX111,0.8785823981098642,5.785891817382066,7.4346973647035925,0.05160070880094507,0.06981689308919078,5079,50
COAD,shipped,hoptimus1,donor,scaled,COAD_donor_TENX111,-1,2,donor,TENX111,0.8957432565465644,5.6356340601711,7.044508308747856,0.048682811577082104,0.055573931876353615,5079,50
COAD,shipped,hoptimus1,patient,abs,0,-1,0,block,TENX147,0.6185659935616037,1.86689993441902,11.691187712985922,0.3113491366695932,0.07008486976880304,3417,50
COAD,shipped,hoptimus1,patient,abs,0,-1,0,block,TENX148,0.5764413012729844,1.8668999344190202,12.516721698844256,0.36202545968882605,0.06153323903818953,3535,50
COAD,shipped,hoptimus1,patient,abs,0,-1,0,block,TENX149,0.6670165745856353,1.8668999344190202,9.483463429795515,0.24670165745856354,0.0862817679558011,3620,50
COAD,shipped,hoptimus1,patient,abs,0,-1,1,block,TENX147,0.6221597892888499,1.8459353109984398,11.678706231447029,0.2999941469124963,0.07784606379865379,3417,50
COAD,shipped,hoptimus1,patient,abs,0,-1,1,block,TENX148,0.5821442715700141,1.8459353109984389,12.38908441736434,0.3547949080622348,0.06306082036775106,3535,50
COAD,shipped,hoptimus1,patient,abs,0,-1,1,block,TENX149,0.6669613259668509,1.8459353109984389,9.594373145976348,0.2333370165745856,0.09970165745856355,3620,50
COAD,shipped,hoptimus1,patient,abs,0,-1,2,block,TENX147,0.610582382206614,1.8528450829429204,11.975098218684339,0.30873865964296165,0.08067895815042435,3417,50
COAD,shipped,hoptimus1,patient,abs,0,-1,2,block,TENX148,0.5561188118811882,1.8528450829429193,13.208168279690014,0.3755530410183876,0.06832814710042433,3535,50
COAD,shipped,hoptimus1,patient,abs,0,-1,2,block,TENX149,0.6549502762430939,1.8528450829429186,9.996179500918144,0.24720441988950279,0.09784530386740332,3620,50
COAD,shipped,hoptimus1,patient,abs,1,-1,0,slide,TENX111,0.877078164993109,3.027389868670819,4.8905041581075315,0.06913565662531995,0.053786178381571174,5079,50
COAD,shipped,hoptimus1,patient,abs,1,-1,1,slide,TENX111,0.8349517621579051,3.0551657368843137,5.585308546392566,0.054798188619807044,0.11025004922228784,5079,50
COAD,shipped,hoptimus1,patient,abs,1,-1,2,slide,TENX111,0.8645126993502658,3.0303892051088197,5.009501614781201,0.0750147666863556,0.060472533963378615,5079,50
COAD,shipped,hoptimus1,patient,scaled,0,-1,0,block,TENX147,0.5446532045654082,1.6241610117754863,13.11437029939532,0.3594907813871817,0.09585601404741001,3417,50
COAD,shipped,hoptimus1,patient,scaled,0,-1,0,block,TENX148,0.5384837340876945,1.7310582180827943,13.62302847537362,0.3950438472418671,0.06647241867043847,3535,50
COAD,shipped,hoptimus1,patient,scaled,0,-1,0,block,TENX149,0.6249116022099447,1.732849464699392,10.405490353644382,0.2741049723756906,0.10098342541436464,3620,50
COAD,shipped,hoptimus1,patient,scaled,0,-1,1,block,TENX147,0.5537196371085747,1.642236365929653,12.846617197052677,0.3489961954931226,0.0972841673983026,3417,50
COAD,shipped,hoptimus1,patient,scaled,0,-1,1,block,TENX148,0.5429024045261669,1.740137987789447,13.261410756755394,0.39332956152758136,0.06376803394625177,3535,50
COAD,shipped,hoptimus1,patient,scaled,0,-1,1,block,TENX149,0.6458342541436464,1.8179809294831117,10.027014490580783,0.2561602209944751,0.09800552486187845,3620,50
COAD,shipped,hoptimus1,patient,scaled,0,-1,2,block,TENX147,0.5546268656716418,1.7695373938096208,12.916454059286634,0.3442903131401815,0.10108282118817677,3417,50
COAD,shipped,hoptimus1,patient,scaled,0,-1,2,block,TENX148,0.526981612446959,1.8216511602788716,13.909672048313471,0.3975785007072136,0.07543988684582743,3535,50
COAD,shipped,hoptimus1,patient,scaled,0,-1,2,block,TENX149,0.631475138121547,1.879356322491037,10.389792561665093,0.26431491712707184,0.1042099447513812,3620,50
COAD,shipped,hoptimus1,patient,scaled,1,-1,0,slide,TENX111,0.8790509942902146,3.384041543223586,4.865896017237486,0.072309509746013,0.0486394959637724,5079,50
COAD,shipped,hoptimus1,patient,scaled,1,-1,1,slide,TENX111,0.8976491435321914,4.555530987163892,6.051790353509693,0.04577278991927545,0.056578066548533174,5079,50
COAD,shipped,hoptimus1,patient,scaled,1,-1,2,slide,TENX111,0.8722346918684781,3.5838980751677787,5.149634816124279,0.07249852333136445,0.05526678480015751,5079,50
COAD,shipped,hoptimus1,random,abs,0,0,0,spot,TENX111,0.9355801749271138,2.156691561082647,2.5467103042232373,0.038717201166180756,0.025702623906705538,3430,50
COAD,shipped,hoptimus1,random,abs,0,0,0,spot,TENX147,0.862998684787374,2.1566915610826296,3.6363215808082474,0.07635247698377905,0.060648838228847,2281,50
COAD,shipped,hoptimus1,random,abs,0,0,0,spot,TENX148,0.8959820334830543,2.156691561082632,2.854475114196033,0.052805226623111476,0.051212739893834215,2449,50
COAD,shipped,hoptimus1,random,abs,0,0,0,spot,TENX149,0.9135323383084577,2.156691561082631,2.770368039531951,0.04362354892205638,0.04284411276948591,2412,50
COAD,shipped,hoptimus1,random,abs,0,1,0,spot,TENX111,0.9277468502783475,2.091700076531453,2.526962226218315,0.044904775857017284,0.02734837386463522,3413,50
COAD,shipped,hoptimus1,random,abs,0,1,0,spot,TENX147,0.8508255319148936,2.0917000765314535,3.6484646174509527,0.08377021276595745,0.06540425531914894,2350,50
COAD,shipped,hoptimus1,random,abs,0,1,0,spot,TENX148,0.8884436946436103,2.0917000765314535,2.8399272749752837,0.05628848587094053,0.05526781948544918,2371,50
COAD,shipped,hoptimus1,random,abs,0,1,0,spot,TENX149,0.9016324856439705,2.091700076531453,2.790409785383527,0.04861361771944216,0.049753896636587365,2438,50
COAD,shipped,hoptimus1,random,abs,0,2,0,spot,TENX111,0.9322225475841874,2.129860624882737,2.539186246281225,0.04004099560761347,0.027736456808199122,3415,50
COAD,shipped,hoptimus1,random,abs,0,2,0,spot,TENX147,0.8575404255319148,2.1298606248827308,3.5969776493140286,0.07553191489361702,0.06692765957446808,2350,50
COAD,shipped,hoptimus1,random,abs,0,2,0,spot,TENX148,0.8919562473706353,2.1298606248827316,2.8515823553740556,0.05804795961295751,0.04999579301640724,2377,50
COAD,shipped,hoptimus1,random,abs,0,2,0,spot,TENX149,0.9100905349794239,2.129860624882733,2.742969440789796,0.04502880658436214,0.04488065843621399,2430,50
COAD,shipped,hoptimus1,random,abs,0,3,0,spot,TENX111,0.9292684348586419,2.1109712759931005,2.542443972542416,0.044505974934421454,0.026225590206936756,3431,50
COAD,shipped,hoptimus1,random,abs,0,3,0,spot,TENX147,0.8554517942066581,2.1109712759930734,3.5929458353558266,0.07664504971897969,0.0679031560743623,2313,50
COAD,shipped,hoptimus1,random,abs,0,3,0,spot,TENX148,0.8887044025157231,2.1109712759930757,2.8554739729173826,0.05943815513626834,0.05185744234800839,2385,50
COAD,shipped,hoptimus1,random,abs,0,3,0,spot,TENX149,0.902734343020876,2.110971275993078,2.7881454227004037,0.04776094965206713,0.0495047073270569,2443,50
COAD,shipped,hoptimus1,random,abs,0,4,0,spot,TENX111,0.9291070915877117,2.1108680033019067,2.5393578034541235,0.0431237438989377,0.02776916451335056,3483,50
COAD,shipped,hoptimus1,random,abs,0,4,0,spot,TENX147,0.8568351648351649,2.1108680033018987,3.554101800562602,0.07694945054945056,0.06621538461538462,2275,50
COAD,shipped,hoptimus1,random,abs,0,4,0,spot,TENX148,0.888,2.1108680033018974,2.8560570735500685,0.05569166666666667,0.056308333333333335,2400,50
COAD,shipped,hoptimus1,random,abs,0,4,0,spot,TENX149,0.906072908036454,2.110868003301897,2.768005118512571,0.05015741507870754,0.043769676884838446,2414,50
COAD,shipped,hoptimus1,random,abs,1,0,0,spot,TENX111,0.9291104100946371,2.101654443596954,2.5282661415190333,0.04422712933753943,0.026662460567823346,1585,50
COAD,shipped,hoptimus1,random,abs,1,0,0,spot,TENX147,0.8505647263249348,2.1016544435969484,3.659847364120836,0.07961772371850565,0.0698175499565595,1151,50
COAD,shipped,hoptimus1,random,abs,1,0,0,spot,TENX148,0.8855039439088519,2.1016544435969484,2.91009872392265,0.05882559158632779,0.055670464504820334,1141,50
COAD,shipped,hoptimus1,random,abs,1,0,0,spot,TENX149,0.9062396006655574,2.101654443596949,2.7547007231387606,0.04728785357737105,0.04647254575707155,1202,50
COAD,shipped,hoptimus1,random,abs,1,1,0,spot,TENX111,0.9327855477855478,2.1247634447439894,2.5275508911858147,0.041013986013986016,0.0262004662004662,1716,50
COAD,shipped,hoptimus1,random,abs,1,1,0,spot,TENX147,0.8538786279683377,2.124763444743992,3.6471677328057837,0.08341248900615655,0.06270888302550572,1137,50
COAD,shipped,hoptimus1,random,abs,1,1,0,spot,TENX148,0.8912997347480106,2.124763444743992,2.8734380533296773,0.05607427055702918,0.05262599469496022,1131,50
COAD,shipped,hoptimus1,random,abs,1,1,0,spot,TENX149,0.9107579908675799,2.1247634447439925,2.7344482806735964,0.04279452054794521,0.04644748858447489,1095,50
COAD,shipped,hoptimus1,random,abs,1,2,0,spot,TENX111,0.9347766749379653,2.132355805634866,2.526092411268947,0.040012406947890815,0.02521091811414392,1612,50
COAD,shipped,hoptimus1,random,abs,1,2,0,spot,TENX147,0.857490974729242,2.1323558056348633,3.5972702607422353,0.08167870036101084,0.060830324909747296,1108,50
COAD,shipped,hoptimus1,random,abs,1,2,0,spot,TENX148,0.8893584260051326,2.132355805634864,2.8887018576784267,0.05777587681779298,0.05286569717707442,1169,50
COAD,shipped,hoptimus1,random,abs,1,2,0,spot,TENX149,0.9112773109243697,2.1323558056348637,2.732072031346978,0.04413445378151261,0.04458823529411765,1190,50
COAD,shipped,hoptimus1,random,abs,1,3,0,spot,TENX111,0.9329419035846724,2.125466285488141,2.527672433543483,0.04196538936959209,0.025092707045735473,1618,50
COAD,shipped,hoptimus1,random,abs,1,3,0,spot,TENX147,0.8602739726027397,2.125466285488145,3.5669173934924094,0.07342465753424658,0.0663013698630137,1095,50
COAD,shipped,hoptimus1,random,abs,1,3,0,spot,TENX148,0.8888501742160279,2.125466285488145,2.876813025835733,0.05642857142857143,0.0547212543554007,1148,50
COAD,shipped,hoptimus1,random,abs,1,3,0,spot,TENX149,0.9099178981937602,2.125466285488145,2.753936553455242,0.047192118226600986,0.042889983579638746,1218,50
COAD,shipped,hoptimus1,random,abs,1,4,0,spot,TENX111,0.9343730505302559,2.1245576326563564,2.5273175772272456,0.04078602620087336,0.024840923268870867,1603,50
COAD,shipped,hoptimus1,random,abs,1,4,0,spot,TENX147,0.8602504472271915,2.1245576326563596,3.5677675313311936,0.0758139534883721,0.0639355992844365,1118,50
COAD,shipped,hoptimus1,random,abs,1,4,0,spot,TENX148,0.8868197879858657,2.1245576326563596,2.8999879646265043,0.05969964664310954,0.05348056537102473,1132,50
COAD,shipped,hoptimus1,random,abs,1,4,0,spot,TENX149,0.9069820554649266,2.1245576326563596,2.7790498496961438,0.04646003262642741,0.046557911908646006,1226,50
COAD,shipped,hoptimus1,random,scaled,0,0,0,spot,TENX111,0.9066297376093294,2.0803996893263577,2.590264908393248,0.06223906705539359,0.03113119533527697,3430,50
COAD,shipped,hoptimus1,random,scaled,0,0,0,spot,TENX147,0.8907233669443226,2.435942989590856,3.386566602503223,0.07266988163086366,0.03660675142481368,2281,50
COAD,shipped,hoptimus1,random,scaled,0,0,0,spot,TENX148,0.9016496529195589,2.2839195246135,2.870081134703556,0.05403838301347488,0.04431196406696611,2449,50
COAD,shipped,hoptimus1,random,scaled,0,0,0,spot,TENX149,0.9042786069651741,2.183500657658188,2.7673333291155244,0.05474295190713101,0.04097844112769486,2412,50
COAD,shipped,hoptimus1,random,scaled,0,1,0,spot,TENX111,0.9032932903603867,2.0696144002907464,2.6101099135811823,0.06602402578376794,0.0306826838558453,3413,50
COAD,shipped,hoptimus1,random,scaled,0,1,0,spot,TENX147,0.8937106382978723,2.4772186701684364,3.385743447181218,0.07022127659574467,0.03606808510638298,2350,50
COAD,shipped,hoptimus1,random,scaled,0,1,0,spot,TENX148,0.9015520877266977,2.2801254366337536,2.8633361990111954,0.0532686630113876,0.04517924926191481,2371,50
COAD,shipped,hoptimus1,random,scaled,0,1,0,spot,TENX149,0.9021575061525842,2.204480708873332,2.78977889142526,0.05695652173913044,0.04088597210828548,2438,50
COAD,shipped,hoptimus1,random,scaled,0,2,0,spot,TENX111,0.9059150805270864,2.0801816071479857,2.5989371770871985,0.06139385065885798,0.03269106881405563,3415,50
COAD,shipped,hoptimus1,random,scaled,0,2,0,spot,TENX147,0.898936170212766,2.4906164361840455,3.3222786030906133,0.06397446808510639,0.03708936170212766,2350,50
COAD,shipped,hoptimus1,random,scaled,0,2,0,spot,TENX148,0.9006983592763989,2.2910421415033837,2.883749048624259,0.05703828355069415,0.04226335717290702,2377,50
COAD,shipped,hoptimus1,random,scaled,0,2,0,spot,TENX149,0.9031522633744856,2.1800876033364367,2.7481947496270673,0.05488888888888889,0.04195884773662551,2430,50
COAD,shipped,hoptimus1,random,scaled,0,3,0,spot,TENX111,0.9045351209559895,2.0643731394116918,2.5993720919553582,0.0657359370445934,0.02972894199941708,3431,50
COAD,shipped,hoptimus1,random,scaled,0,3,0,spot,TENX147,0.8940250756593169,2.4439462519724997,3.3131342796038297,0.06658884565499351,0.03938607868568958,2313,50
COAD,shipped,hoptimus1,random,scaled,0,3,0,spot,TENX148,0.8953123689727464,2.2433749797855587,2.8743187875002083,0.05968134171907757,0.0450062893081761,2385,50
COAD,shipped,hoptimus1,random,scaled,0,3,0,spot,TENX149,0.8971264838313548,2.173953158905071,2.7934805915373806,0.05861645517805976,0.044257060990585344,2443,50
COAD,shipped,hoptimus1,random,scaled,0,4,0,spot,TENX111,0.8990180878552971,2.0577004445720513,2.6109297237558082,0.06746482917025552,0.03351708297444731,3483,50
COAD,shipped,hoptimus1,random,scaled,0,4,0,spot,TENX147,0.8943208791208791,2.4589406037981534,3.276712449549883,0.06726153846153847,0.03841758241758242,2275,50
COAD,shipped,hoptimus1,random,scaled,0,4,0,spot,TENX148,0.8951166666666667,2.263999208497231,2.888756571165779,0.05743333333333333,0.04745,2400,50
COAD,shipped,hoptimus1,random,scaled,0,4,0,spot,TENX149,0.9007456503728253,2.192083656782315,2.785896304842794,0.05934548467274234,0.03990886495443248,2414,50
COAD,shipped,hoptimus1,random,scaled,1,0,0,spot,TENX111,0.8990410094637223,2.0441282905104052,2.607819986111956,0.0675205047318612,0.033438485804416405,1585,50
COAD,shipped,hoptimus1,random,scaled,1,0,0,spot,TENX147,0.8882536924413553,2.4459947459774947,3.3965906211290258,0.07079061685490878,0.04095569070373588,1151,50
COAD,shipped,hoptimus1,random,scaled,1,0,0,spot,TENX148,0.8904995617879053,2.2502738678893555,2.918124491440834,0.0596669588080631,0.049833479404031544,1141,50
COAD,shipped,hoptimus1,random,scaled,1,0,0,spot,TENX149,0.9010815307820299,2.172223982125505,2.770413688587235,0.056755407653910156,0.0421630615640599,1202,50
COAD,shipped,hoptimus1,random,scaled,1,1,0,spot,TENX111,0.9003729603729603,2.042520226068818,2.592231490224848,0.06623543123543124,0.033391608391608395,1716,50
COAD,shipped,hoptimus1,random,scaled,1,1,0,spot,TENX147,0.8946877748460862,2.4612116732216567,3.3268316401531526,0.07004397537379067,0.035268249780123134,1137,50
COAD,shipped,hoptimus1,random,scaled,1,1,0,spot,TENX148,0.89289124668435,2.229261982954691,2.8816953045382108,0.05801945181255526,0.04908930150309461,1131,50
COAD,shipped,hoptimus1,random,scaled,1,1,0,spot,TENX149,0.9008219178082192,2.1525934962551005,2.752035431285248,0.05691324200913242,0.0422648401826484,1095,50
COAD,shipped,hoptimus1,random,scaled,1,2,0,spot,TENX111,0.908014888337469,2.085711709361109,2.593394482183982,0.06150124069478908,0.030483870967741935,1612,50
COAD,shipped,hoptimus1,random,scaled,1,2,0,spot,TENX147,0.8965884476534296,2.5128116010805837,3.338330427506926,0.06879061371841155,0.03462093862815884,1108,50
COAD,shipped,hoptimus1,random,scaled,1,2,0,spot,TENX148,0.897005988023952,2.2924047707915545,2.933950764446559,0.0578956372968349,0.045098374679213,1169,50
COAD,shipped,hoptimus1,random,scaled,1,2,0,spot,TENX149,0.9070924369747899,2.2178909533335975,2.7438739838879753,0.05405042016806723,0.038857142857142854,1190,50
COAD,shipped,hoptimus1,random,scaled,1,3,0,spot,TENX111,0.9028182941903584,2.053959133041662,2.5922706047735478,0.06715698393077874,0.030024721878862796,1618,50
COAD,shipped,hoptimus1,random,scaled,1,3,0,spot,TENX147,0.8910319634703197,2.428041884120894,3.311968422652848,0.06991780821917808,0.03905022831050228,1095,50
COAD,shipped,hoptimus1,random,scaled,1,3,0,spot,TENX148,0.8943379790940766,2.2620996197422603,2.886088485077677,0.05735191637630663,0.048310104529616725,1148,50
COAD,shipped,hoptimus1,random,scaled,1,3,0,spot,TENX149,0.9098029556650247,2.1999435487209733,2.731317272490689,0.05366174055829229,0.036535303776683084,1218,50
COAD,shipped,hoptimus1,random,scaled,1,4,0,spot,TENX111,0.9090580162195883,2.0625079740150163,2.5746986355706003,0.06252027448533998,0.02842170929507174,1603,50
COAD,shipped,hoptimus1,random,scaled,1,4,0,spot,TENX147,0.899051878354204,2.476320403382783,3.3224795010026087,0.06561717352415027,0.0353309481216458,1118,50
COAD,shipped,hoptimus1,random,scaled,1,4,0,spot,TENX148,0.8932332155477032,2.280585885397373,2.9365877331625114,0.06167844522968198,0.04508833922261484,1132,50
COAD,shipped,hoptimus1,random,scaled,1,4,0,spot,TENX149,0.9041761827079935,2.1836451772953005,2.7803358364777555,0.05546492659053834,0.04035889070146819,1226,50
HCC,shipped,hoptimus1,donor,abs,CHC20,-1,0,block,NCBI642,0.7999175682637815,1.7371909337564275,3.37116541471312,0.10220504894384337,0.09787738279237507,1941,50
HCC,shipped,hoptimus1,donor,abs,CHC20,-1,1,block,NCBI642,0.8045131375579598,1.70341534719058,3.438887490773242,0.10848016486347245,0.08700669757856774,1941,50
HCC,shipped,hoptimus1,donor,abs,CHC20,-1,2,block,NCBI642,0.7929417825862957,1.7066484219416367,3.5152776495885583,0.11351880473982483,0.09353941267387944,1941,50
HCC,shipped,hoptimus1,donor,abs,CHC23,-1,0,block,NCBI643,0.7428824833702882,1.5084520693011223,4.254190020620286,0.20973835920177383,0.04737915742793792,2255,50
HCC,shipped,hoptimus1,donor,abs,CHC23,-1,1,block,NCBI643,0.7077782705099779,1.39222441606238,4.350808759743498,0.20456762749445676,0.0876541019955654,2255,50
HCC,shipped,hoptimus1,donor,abs,CHC23,-1,2,block,NCBI643,0.7235210643015522,1.4309963259425627,4.265976118589709,0.20086031042128602,0.07561862527716186,2255,50
HCC,shipped,hoptimus1,donor,scaled,CHC20,-1,0,block,NCBI642,0.81510561566203,5.793879490146038,7.628605400868288,0.11977331272539928,0.06512107161257083,1941,50
HCC,shipped,hoptimus1,donor,scaled,CHC20,-1,1,block,NCBI642,0.7510149407521896,5.496461072222494,7.996877015565315,0.1551365275631118,0.0938485316846986,1941,50
HCC,shipped,hoptimus1,donor,scaled,CHC20,-1,2,block,NCBI642,0.7648634724368882,2.740006925548653,5.109073053740891,0.15433281813498195,0.08080370942812984,1941,50
HCC,shipped,hoptimus1,donor,scaled,CHC23,-1,0,block,NCBI643,0.7868824833702882,3.8321976069234545,6.244428736455383,0.16830155210643016,0.0448159645232816,2255,50
HCC,shipped,hoptimus1,donor,scaled,CHC23,-1,1,block,NCBI643,0.7798492239467849,2.5348978629803627,4.976340275008507,0.16923281596452328,0.050917960088691795,2255,50
HCC,shipped,hoptimus1,donor,scaled,CHC23,-1,2,block,NCBI643,0.8013569844789358,3.023151957937417,5.038482611929423,0.15909534368070954,0.039547671840354764,2255,50
HCC,shipped,hoptimus1,patient,abs,0,-1,0,block,NCBI643,0.7627849223946785,1.5699151144627306,3.9120623729455613,0.1743059866962306,0.06290909090909091,2255,50
HCC,shipped,hoptimus1,patient,abs,0,-1,1,block,NCBI643,0.7454190687361419,1.4875128739404866,4.159753440530593,0.2050820399113082,0.049498891352549895,2255,50
HCC,shipped,hoptimus1,patient,abs,0,-1,2,block,NCBI643,0.7325144124168514,1.4592253436450435,4.269028220740467,0.2150953436807095,0.05239024390243903,2255,50
HCC,shipped,hoptimus1,patient,abs,1,-1,0,block,NCBI642,0.8015558990211231,1.7035755595656314,3.474733000900136,0.1143946419371458,0.08404945904173106,1941,50
HCC,shipped,hoptimus1,patient,abs,1,-1,1,block,NCBI642,0.8044307058217413,1.7456461705503257,3.520701294166668,0.10087583719732096,0.09469345698093766,1941,50
HCC,shipped,hoptimus1,patient,abs,1,-1,2,block,NCBI642,0.7819062339000515,1.6669609466370547,3.525095982021976,0.10475012879958784,0.11334363730036064,1941,50
HCC,shipped,hoptimus1,patient,scaled,0,-1,0,block,NCBI643,0.820940133037694,3.615729620993002,5.528329443797687,0.1441330376940133,0.034926829268292686,2255,50
HCC,shipped,hoptimus1,patient,scaled,0,-1,1,block,NCBI643,0.7512372505543238,2.1580668534775014,4.7719959516883,0.19596452328159647,0.05279822616407983,2255,50
HCC,shipped,hoptimus1,patient,scaled,0,-1,2,block,NCBI643,0.7448159645232816,2.545015462170572,5.480513595405576,0.21120177383592018,0.04398226164079823,2255,50
HCC,shipped,hoptimus1,patient,scaled,1,-1,0,block,NCBI642,0.7517465224111283,2.3058081705346907,4.7658818758676125,0.17002575991756827,0.07822771767130346,1941,50
HCC,shipped,hoptimus1,patient,scaled,1,-1,1,block,NCBI642,0.737300360638846,2.613837302423725,5.54227744161571,0.152715095311695,0.10998454404945905,1941,50
HCC,shipped,hoptimus1,patient,scaled,1,-1,2,block,NCBI642,0.742225656877898,2.8341324818639198,5.4270806335204655,0.15133436373003606,0.10643997939206594,1941,50
HCC,shipped,hoptimus1,random,abs,0,0,0,spot,NCBI642,0.9188315481986368,1.6031201825410115,2.0665104575172926,0.06428432327166504,0.01688412852969815,1027,50
HCC,shipped,hoptimus1,random,abs,0,0,0,spot,NCBI643,0.8892833876221498,1.6031201825410102,2.2321114551396106,0.07913680781758957,0.031579804560260584,1228,50
HCC,shipped,hoptimus1,random,abs,0,1,0,spot,NCBI642,0.9174976122254059,1.6017489447041982,2.0571494777549355,0.06632282712511939,0.01617956064947469,1047,50
HCC,shipped,hoptimus1,random,abs,0,1,0,spot,NCBI643,0.8874834437086092,1.601748944704196,2.2591579278802385,0.08048013245033113,0.032036423841059605,1208,50
HCC,shipped,hoptimus1,random,abs,0,2,0,spot,NCBI642,0.9202137998056366,1.6048444226447065,2.0299917332557142,0.06112730806608358,0.018658892128279883,1029,50
HCC,shipped,hoptimus1,random,abs,0,2,0,spot,NCBI643,0.8878140293637847,1.604844422644707,2.2381678347507714,0.07691680261011419,0.035269168026101146,1226,50
HCC,shipped,hoptimus1,random,abs,0,3,0,spot,NCBI642,0.918030888030888,1.5893521705467983,2.033369326859413,0.06231660231660231,0.019652509652509653,1036,50
HCC,shipped,hoptimus1,random,abs,0,3,0,spot,NCBI643,0.8861853978671042,1.5893521705467968,2.2251849497763048,0.07663658736669401,0.037178014766201806,1219,50
HCC,shipped,hoptimus1,random,abs,0,4,0,spot,NCBI642,0.9175478927203065,1.5770317616249065,2.0118516546921734,0.06254789272030652,0.01990421455938697,1044,50
HCC,shipped,hoptimus1,random,abs,0,4,0,spot,NCBI643,0.8834186622625928,1.577031761624906,2.255193912538428,0.08364987613542527,0.032931461601981835,1211,50
HCC,shipped,hoptimus1,random,abs,1,0,0,spot,NCBI642,0.9140298507462687,1.5700036117990448,2.0273236923768616,0.06564867967853043,0.020321469575200916,871,50
HCC,shipped,hoptimus1,random,abs,1,0,0,spot,NCBI643,0.880411214953271,1.570003611799047,2.247584947865326,0.08463551401869158,0.034953271028037386,1070,50
HCC,shipped,hoptimus1,random,abs,1,1,0,spot,NCBI642,0.914046822742475,1.6025191465675592,2.061632666559779,0.0660200668896321,0.019933110367892977,897,50
HCC,shipped,hoptimus1,random,abs,1,1,0,spot,NCBI643,0.8878544061302682,1.6025191465675577,2.2635476334611684,0.0825478927203065,0.029597701149425285,1044,50
HCC,shipped,hoptimus1,random,abs,1,2,0,spot,NCBI642,0.9215181518151815,1.6070784361447716,2.0212772509626378,0.059471947194719474,0.019009900990099013,909,50
HCC,shipped,hoptimus1,random,abs,1,2,0,spot,NCBI643,0.8900775193798449,1.6070784361447696,2.246047557891473,0.07699612403100775,0.03292635658914729,1032,50
HCC,shipped,hoptimus1,random,abs,1,3,0,spot,NCBI642,0.9182099447513812,1.585528928632821,2.025516197032203,0.06280662983425414,0.01898342541436464,905,50
HCC,shipped,hoptimus1,random,abs,1,3,0,spot,NCBI643,0.8855791505791505,1.585528928632821,2.2485099282544003,0.08366795366795367,0.03075289575289575,1036,50
HCC,shipped,hoptimus1,random,abs,1,4,0,spot,NCBI642,0.921025641025641,1.583742903005513,1.9885139677601325,0.05948717948717949,0.019487179487179488,897,50
HCC,shipped,hoptimus1,random,abs,1,4,0,spot,NCBI643,0.8865900383141763,1.5837429030055126,2.219804333994622,0.07735632183908046,0.03605363984674329,1044,50
HCC,shipped,hoptimus1,random,scaled,0,0,0,spot,NCBI642,0.8829016553067186,1.8550060459438855,2.6068172723624308,0.09725413826679649,0.019844206426484906,1027,50
HCC,shipped,hoptimus1,random,scaled,0,0,0,spot,NCBI643,0.9119381107491855,2.267321536840987,2.8271607719602723,0.07412052117263843,0.013941368078175895,1228,50
HCC,shipped,hoptimus1,random,scaled,0,1,0,spot,NCBI642,0.8772492836676217,1.851099586810872,2.6060043298753284,0.10366762177650429,0.019083094555873925,1047,50
HCC,shipped,hoptimus1,random,scaled,0,1,0,spot,NCBI643,0.9145860927152317,2.2669518687790235,2.822384268512956,0.07087748344370862,0.014536423841059602,1208,50
HCC,shipped,hoptimus1,random,scaled,0,2,0,spot,NCBI642,0.893488824101069,1.937214601776087,2.5897212407847285,0.0880466472303207,0.0184645286686103,1029,50
HCC,shipped,hoptimus1,random,scaled,0,2,0,spot,NCBI643,0.9143393148450245,2.287633344929163,2.85382089593115,0.07150081566068515,0.014159869494290376,1226,50
HCC,shipped,hoptimus1,random,scaled,0,3,0,spot,NCBI642,0.8789382239382239,1.8813560068471509,2.6208172855674743,0.10042471042471042,0.02063706563706564,1036,50
HCC,shipped,hoptimus1,random,scaled,0,3,0,spot,NCBI643,0.9149958982772765,2.2948664187180077,2.8480715074935343,0.07031993437243642,0.01468416735028712,1219,50
HCC,shipped,hoptimus1,random,scaled,0,4,0,spot,NCBI642,0.8861494252873564,1.88276476743357,2.568979038532446,0.0964367816091954,0.017413793103448275,1044,50
HCC,shipped,hoptimus1,random,scaled,0,4,0,spot,NCBI643,0.9141370767960363,2.2766816376475165,2.8411539311103575,0.07271676300578035,0.01314616019818332,1211,50
HCC,shipped,hoptimus1,random,scaled,1,0,0,spot,NCBI642,0.8911595866819748,1.942702548229027,2.61838595634652,0.09072330654420206,0.018117106773823194,871,50
HCC,shipped,hoptimus1,random,scaled,1,0,0,spot,NCBI643,0.9180560747663552,2.3705947052959586,2.8924200006710334,0.06841121495327103,0.013532710280373832,1070,50
HCC,shipped,hoptimus1,random,scaled,1,1,0,spot,NCBI642,0.8779264214046824,1.936818675808763,2.7029103496950158,0.1021850613154961,0.019888517279821626,897,50
HCC,shipped,hoptimus1,random,scaled,1,1,0,spot,NCBI643,0.907911877394636,2.29808806337166,2.8978567132176005,0.07795019157088123,0.014137931034482758,1044,50
HCC,shipped,hoptimus1,random,scaled,1,2,0,spot,NCBI642,0.8903190319031903,1.8951219446798415,2.5377010192475438,0.09104510451045104,0.018635863586358638,909,50
HCC,shipped,hoptimus1,random,scaled,1,2,0,spot,NCBI643,0.908953488372093,2.234000682473474,2.8169824602517775,0.07457364341085271,0.016472868217054265,1032,50
HCC,shipped,hoptimus1,random,scaled,1,3,0,spot,NCBI642,0.8922872928176795,2.5072200854434077,3.1534433728032583,0.09040883977900553,0.017303867403314917,905,50
HCC,shipped,hoptimus1,random,scaled,1,3,0,spot,NCBI643,0.9141698841698842,2.9438773494205246,3.4973617732593345,0.07372586872586873,0.012104247104247103,1036,50
HCC,shipped,hoptimus1,random,scaled,1,4,0,spot,NCBI642,0.885886287625418,1.8259321041240317,2.4996790995316154,0.09467112597547381,0.01944258639910814,897,50
HCC,shipped,hoptimus1,random,scaled,1,4,0,spot,NCBI643,0.9109578544061303,2.2087685926510026,2.7753531383123398,0.07302681992337165,0.016015325670498085,1044,50
IDC,audited,hoptimus1,donor,abs,IDC_JanesickSample1,-1,0,donor,TENX95,0.8864175257731959,4.958770449230929,8.009236342893232,0.08120360824742268,0.032378865979381444,7760,50
IDC,audited,hoptimus1,donor,abs,IDC_JanesickSample1,-1,0,donor,TENX99,0.8778083907326237,4.958770449231328,6.823085237870573,0.03643562448822311,0.08575598477915322,20761,50
IDC,audited,hoptimus1,donor,abs,NCBI783,-1,0,donor,NCBI783,0.8587487520798669,4.452734921892519,6.287215877579988,0.04804658901830283,0.09320465890183029,3005,50
IDC,audited,hoptimus1,donor,abs,NCBI785,-1,0,donor,NCBI785,0.6917655860349128,3.7057836584589428,8.288433872647088,0.27651870324189526,0.03171571072319202,4010,50
IDC,audited,hoptimus1,donor,scaled,IDC_JanesickSample1,-1,0,donor,TENX95,0.8792010309278351,11.286302702799633,14.137041294816623,0.09629123711340207,0.024507731958762883,7760,50
IDC,audited,hoptimus1,donor,scaled,IDC_JanesickSample1,-1,0,donor,TENX99,0.8814989644044121,11.652294154846336,13.850281604303198,0.038791002360194594,0.07971003323539329,20761,50
IDC,audited,hoptimus1,donor,scaled,NCBI783,-1,0,donor,NCBI783,0.7707820299500833,33.20011370964949,36.457333890691594,0.08527787021630616,0.14394009983361067,3005,50
IDC,audited,hoptimus1,donor,scaled,NCBI785,-1,0,donor,NCBI785,0.7469975062344141,4.845835380794969,9.215270408713577,0.23235411471321699,0.02064837905236908,4010,50
IDC,audited,hoptimus1,patient,abs,0,-1,0,patient,TENX99,0.8405423630846299,3.6841358105833693,6.337936393927039,0.03462453639034729,0.12483310052502289,20761,50
IDC,audited,hoptimus1,patient,abs,0,-1,1,patient,TENX99,0.8372814411637205,3.612494694260687,6.535734574437962,0.03759934492558162,0.12511921391069794,20761,50
IDC,audited,hoptimus1,patient,abs,0,-1,2,patient,TENX99,0.8247791532199799,3.8731163815848855,6.22848964735132,0.038090650739367085,0.13713019604065313,20761,50
IDC,audited,hoptimus1,patient,abs,1,-1,0,patient,TENX95,0.8242731958762888,3.7377063321768595,6.942107591191164,0.1512757731958763,0.024451030927835054,7760,50
IDC,audited,hoptimus1,patient,abs,1,-1,1,patient,TENX95,0.8282628865979382,3.782385917649198,6.949325087832051,0.14420618556701031,0.027530927835051545,7760,50
IDC,audited,hoptimus1,patient,abs,1,-1,2,patient,TENX95,0.8986907216494845,4.902296359885366,7.442174863232084,0.08781701030927834,0.013492268041237114,7760,50
IDC,audited,hoptimus1,patient,abs,2,-1,0,patient,NCBI785,0.6328229426433915,3.763640702722734,9.9143720314193,0.3556159600997506,0.011561097256857856,4010,50
IDC,audited,hoptimus1,patient,abs,2,-1,1,patient,NCBI785,0.6949476309226932,3.7159649155816807,8.089598697184599,0.2852069825436409,0.019845386533665837,4010,50
IDC,audited,hoptimus1,patient,abs,2,-1,2,patient,NCBI785,0.7003790523690774,3.663737990807592,7.854585353661174,0.26851870324189525,0.031102244389027433,4010,50
IDC,audited,hoptimus1,patient,abs,3,-1,0,patient,NCBI783,0.9305956738768719,4.586329876414101,5.664548327293191,0.04780033277870216,0.02160399334442596,3005,50
IDC,audited,hoptimus1,patient,abs,3,-1,1,patient,NCBI783,0.8431414309484192,3.6279537393410966,5.797958560133753,0.06191014975041598,0.09494841930116472,3005,50
IDC,audited,hoptimus1,patient,abs,3,-1,2,patient,NCBI783,0.8599068219633943,3.7860632343757654,5.661173585291128,0.08213643926788686,0.0579567387687188,3005,50
IDC,audited,hoptimus1,patient,scaled,0,-1,0,patient,TENX99,0.8508289581426713,4.498537643812399,7.814861085210363,0.03647512162227253,0.1126959202350561,20761,50
IDC,audited,hoptimus1,patient,scaled,0,-1,1,patient,TENX99,0.8443533548480323,4.119402247318955,7.523278216465051,0.03823322575983816,0.11741341939212947,20761,50
IDC,audited,hoptimus1,patient,scaled,0,-1,2,patient,TENX99,0.842868840614614,4.48418883523285,6.71761754890343,0.04108761620345841,0.11604354318192765,20761,50
IDC,audited,hoptimus1,patient,scaled,1,-1,0,patient,TENX95,0.8729664948453609,5.2971518049590705,6.968667628727107,0.10796907216494846,0.019064432989690724,7760,50
IDC,audited,hoptimus1,patient,scaled,1,-1,1,patient,TENX95,0.8685231958762887,6.177921360108578,8.935296206816737,0.11143556701030928,0.020041237113402062,7760,50
IDC,audited,hoptimus1,patient,scaled,1,-1,2,patient,TENX95,0.9037113402061856,16.132986894519984,18.452392454412237,0.07685051546391752,0.019438144329896906,7760,50
IDC,audited,hoptimus1,patient,scaled,2,-1,0,patient,NCBI785,0.65,4.653979852521937,10.687966842123053,0.34251870324189526,0.007481296758104739,4010,50
IDC,audited,hoptimus1,patient,scaled,2,-1,1,patient,NCBI785,0.7795561097256858,6.386118261666664,9.93492512639131,0.2075062344139651,0.012937655860349126,4010,50
IDC,audited,hoptimus1,patient,scaled,2,-1,2,patient,NCBI785,0.7734763092269327,16.143963007604444,19.457593053572758,0.20124688279301747,0.025276807980049876,4010,50
IDC,audited,hoptimus1,patient,scaled,3,-1,0,patient,NCBI783,0.9094043261231282,5.560251893172901,6.7121670368340505,0.0677603993344426,0.022835274542429285,3005,50
IDC,audited,hoptimus1,patient,scaled,3,-1,1,patient,NCBI783,0.8325058236272878,5.0234505385251405,7.317910883413334,0.07785690515806988,0.08963727121464225,3005,50
IDC,audited,hoptimus1,patient,scaled,3,-1,2,patient,NCBI783,0.8308019966722129,4.282024582532057,6.44142507403056,0.10409983361064892,0.06509816971713811,3005,50
IDC,audited,hoptimus1,random,abs,0,0,0,spot,NCBI783,0.8618119658119658,2.136842345014449,3.186526054586046,0.061321937321937324,0.07686609686609686,1755,50
IDC,audited,hoptimus1,random,abs,0,0,0,spot,NCBI785,0.8464563526361278,2.136842345014454,3.4234768296582003,0.07560069144338807,0.07794295592048402,2314,50
IDC,audited,hoptimus1,random,abs,0,0,0,spot,TENX95,0.9002933450087567,2.136842345014442,2.829565096406224,0.05569614711033275,0.04401050788091068,4568,50
IDC,audited,hoptimus1,random,abs,0,0,0,spot,TENX99,0.9189656878917849,2.136842345014516,2.6585999178775324,0.04490762124711316,0.03612669086110195,12124,50
IDC,audited,hoptimus1,random,abs,0,1,0,spot,NCBI783,0.8605892351274789,2.116019277602577,3.218701559110552,0.06869121813031161,0.07071954674220964,1765,50
IDC,audited,hoptimus1,random,abs,0,1,0,spot,NCBI785,0.8401827676240208,2.116019277602578,3.478275029762416,0.08037423846823324,0.07944299390774587,2298,50
IDC,audited,hoptimus1,random,abs,0,1,0,spot,TENX95,0.8968693693693693,2.116019277602617,2.8395735369249477,0.05903603603603604,0.0440945945945946,4440,50
IDC,audited,hoptimus1,random,abs,0,1,0,spot,TENX99,0.9177027247511829,2.116019277602522,2.6481723166516242,0.04474955131342797,0.03754772393538913,12258,50
IDC,audited,hoptimus1,random,abs,0,2,0,spot,NCBI783,0.8595734870317002,2.1302176374810435,3.210897449603431,0.06665129682997117,0.07377521613832853,1735,50
IDC,audited,hoptimus1,random,abs,0,2,0,spot,NCBI785,0.8436441038739889,2.1302176374810453,3.476908858835692,0.08304810557684121,0.07330779054916986,2349,50
IDC,audited,hoptimus1,random,abs,0,2,0,spot,TENX95,0.899787798408488,2.1302176374810347,2.8207890407833904,0.05608311229000885,0.0441290893015031,4524,50
IDC,audited,hoptimus1,random,abs,0,2,0,spot,TENX99,0.9187114292767218,2.1302176374809756,2.650160056464731,0.044505883320990695,0.036782687402287496,12153,50
IDC,audited,hoptimus1,random,abs,0,3,0,spot,NCBI783,0.8640993788819875,2.1139478110850622,3.1440145965567736,0.0689553924336533,0.06694522868435912,1771,50
IDC,audited,hoptimus1,random,abs,0,3,0,spot,NCBI785,0.839071906354515,2.113947811085052,3.5515484069015093,0.075,0.08592809364548495,2392,50
IDC,audited,hoptimus1,random,abs,0,3,0,spot,TENX95,0.898883495145631,2.113947811085059,2.816047154856278,0.057007943512797886,0.04410856134157105,4532,50
IDC,audited,hoptimus1,random,abs,0,3,0,spot,TENX99,0.9176893751035969,2.1139478110851386,2.649109836424797,0.04534559920437593,0.036965025692027184,12066,50
IDC,audited,hoptimus1,random,abs,0,4,0,spot,NCBI783,0.8646198830409356,2.121965127486054,3.1640554999341215,0.06723976608187135,0.06814035087719299,1710,50
IDC,audited,hoptimus1,random,abs,0,4,0,spot,NCBI785,0.83715374841169,2.121965127486066,3.534074350727549,0.09179161372299874,0.07105463786531131,2361,50
IDC,audited,hoptimus1,random,abs,0,4,0,spot,TENX95,0.9002038103677448,2.1219651274860603,2.809086794390031,0.05509968985378822,0.04469649977846699,4514,50
IDC,audited,hoptimus1,random,abs,0,4,0,spot,TENX99,0.9176773981603153,2.1219651274860256,2.654102496887171,0.04504270696452037,0.03727989487516426,12176,50
IDC,audited,hoptimus1,random,abs,1,0,0,spot,NCBI783,0.857588424437299,2.1088562733746787,3.263023141089534,0.06919614147909968,0.07321543408360129,622,50
IDC,audited,hoptimus1,random,abs,1,0,0,spot,NCBI785,0.8356643356643356,2.1088562733746756,3.519263081846695,0.09041958041958041,0.07391608391608391,858,50
IDC,audited,hoptimus1,random,abs,1,0,0,spot,TENX95,0.898326458456099,2.1088562733746845,2.793854535735832,0.05627578078962876,0.045397760754272244,1697,50
IDC,audited,hoptimus1,random,abs,1,0,0,spot,TENX99,0.914588697359808,2.1088562733747103,2.660425723285895,0.0455509491599389,0.03986035348025311,4583,50
IDC,audited,hoptimus1,random,abs,1,1,0,spot,NCBI783,0.8564809384164223,2.1057781926597667,3.208408490859737,0.06897360703812316,0.07454545454545454,682,50
IDC,audited,hoptimus1,random,abs,1,1,0,spot,NCBI785,0.8441223103057758,2.1057781926597703,3.415497354980228,0.07594563986409966,0.07993204983012457,883,50
IDC,audited,hoptimus1,random,abs,1,1,0,spot,TENX95,0.8962471131639722,2.105778192659777,2.818157084426596,0.05797921478060046,0.04577367205542725,1732,50
IDC,audited,hoptimus1,random,abs,1,1,0,spot,TENX99,0.9163074165359624,2.1057781926597534,2.65218657510687,0.04629621330943312,0.03739637015460453,4463,50
IDC,audited,hoptimus1,random,abs,1,2,0,spot,NCBI783,0.8519260400616332,2.1201721058061636,3.332316799296366,0.07007704160246533,0.07799691833590139,649,50
IDC,audited,hoptimus1,random,abs,1,2,0,spot,NCBI785,0.8417848970251717,2.120172105806166,3.5305913945600453,0.08267734553775745,0.07553775743707095,874,50
IDC,audited,hoptimus1,random,abs,1,2,0,spot,TENX95,0.8986154741128562,2.1201721058061698,2.815615215684305,0.057230948225712626,0.04415357766143106,1719,50
IDC,audited,hoptimus1,random,abs,1,2,0,spot,TENX99,0.9182957060646304,2.1201721058061733,2.6442201760136808,0.04496679946879151,0.03673749446657813,4518,50
IDC,audited,hoptimus1,random,abs,1,3,0,spot,NCBI783,0.8629733959311424,2.1280496220188954,3.22902521037873,0.07029733959311424,0.06672926447574336,639,50
IDC,audited,hoptimus1,random,abs,1,3,0,spot,NCBI785,0.8424611973392462,2.1280496220188927,3.508608302070263,0.07915742793791575,0.07838137472283814,902,50
IDC,audited,hoptimus1,random,abs,1,3,0,spot,TENX95,0.9037166085946573,2.128049622018896,2.784723291063749,0.054564459930313586,0.04171893147502904,1722,50
IDC,audited,hoptimus1,random,abs,1,3,0,spot,TENX99,0.9187903046475427,2.1280496220188847,2.6550923735447554,0.04467867467200356,0.036531020680453635,4497,50
IDC,audited,hoptimus1,random,abs,1,4,0,spot,NCBI783,0.8602616279069767,2.1204687349330684,3.191815178109264,0.06691860465116278,0.07281976744186046,688,50
IDC,audited,hoptimus1,random,abs,1,4,0,spot,NCBI785,0.8375461454940282,2.1204687349330715,3.4677799462896535,0.08110749185667751,0.08134636264929425,921,50
IDC,audited,hoptimus1,random,abs,1,4,0,spot,TENX95,0.8991710449503795,2.120468734933058,2.8255892996524947,0.056765907764156444,0.04406304728546409,1713,50
IDC,audited,hoptimus1,random,abs,1,4,0,spot,TENX99,0.9181388012618297,2.1204687349330418,2.648336910214054,0.04366831906264083,0.03819287967552951,4438,50
IDC,audited,hoptimus1,random,abs,2,0,0,spot,NCBI783,0.858,2.124594858216927,3.210890247867447,0.06223529411764706,0.07976470588235295,340,50
IDC,audited,hoptimus1,random,abs,2,0,0,spot,NCBI785,0.8433920704845815,2.124594858216926,3.501446038739462,0.07850220264317181,0.07810572687224669,454,50
IDC,audited,hoptimus1,random,abs,2,0,0,spot,TENX95,0.8974614472123369,2.1245948582169207,2.847395278029142,0.06102016607354686,0.04151838671411626,843,50
IDC,audited,hoptimus1,random,abs,2,0,0,spot,TENX99,0.9181626632954066,2.12459485821692,2.6415292703383666,0.043919089759797726,0.03791824694479562,2373,50
IDC,audited,hoptimus1,random,abs,2,1,0,spot,NCBI783,0.8529813664596273,2.1156976379687693,3.229238603168292,0.06440993788819876,0.08260869565217391,322,50
IDC,audited,hoptimus1,random,abs,2,1,0,spot,NCBI785,0.8342857142857143,2.115697637968768,3.556899905667299,0.08434968017057569,0.08136460554371001,469,50
IDC,audited,hoptimus1,random,abs,2,1,0,spot,TENX95,0.8911875693673695,2.1156976379687698,2.882210667632319,0.05793562708102109,0.050876803551609326,901,50
IDC,audited,hoptimus1,random,abs,2,1,0,spot,TENX99,0.9190250215703192,2.1156976379687737,2.6429954978391903,0.04443485763589301,0.036540120793787746,2318,50
IDC,audited,hoptimus1,random,abs,2,2,0,spot,NCBI783,0.8550146627565982,2.1184208282713985,3.230632866149423,0.073841642228739,0.07114369501466275,341,50
IDC,audited,hoptimus1,random,abs,2,2,0,spot,NCBI785,0.8506278026905829,2.118420828271397,3.2774439462957887,0.07896860986547086,0.07040358744394619,446,50
IDC,audited,hoptimus1,random,abs,2,2,0,spot,TENX95,0.8964678899082569,2.1184208282713985,2.859046147573466,0.056651376146788994,0.04688073394495414,872,50
IDC,audited,hoptimus1,random,abs,2,2,0,spot,TENX99,0.9176945980433858,2.1184208282713937,2.6579473764534276,0.044780944279030205,0.03752445767758401,2351,50
IDC,audited,hoptimus1,random,abs,2,3,0,spot,NCBI783,0.8545454545454545,2.1137962027301773,3.265294818456083,0.06821114369501466,0.07724340175953079,341,50
IDC,audited,hoptimus1,random,abs,2,3,0,spot,NCBI785,0.8407488986784141,2.1137962027301787,3.4285814263766365,0.08744493392070485,0.07180616740088105,454,50
IDC,audited,hoptimus1,random,abs,2,3,0,spot,TENX95,0.9017321016166282,2.1137962027301795,2.778642520587472,0.05704387990762125,0.04122401847575058,866,50
IDC,audited,hoptimus1,random,abs,2,3,0,spot,TENX99,0.9161345253299277,2.113796202730185,2.6635353234262866,0.04481907194550873,0.03904640272456364,2349,50
IDC,audited,hoptimus1,random,abs,2,4,0,spot,NCBI783,0.8658709677419355,2.117839680224446,3.146844770130431,0.06277419354838709,0.07135483870967742,310,50
IDC,audited,hoptimus1,random,abs,2,4,0,spot,NCBI785,0.8347806004618937,2.117839680224445,3.5061536900719528,0.09524249422632794,0.06997690531177829,433,50
IDC,audited,hoptimus1,random,abs,2,4,0,spot,TENX95,0.8971821305841924,2.117839680224448,2.833449533439608,0.05715922107674685,0.045658648339060706,873,50
IDC,audited,hoptimus1,random,abs,2,4,0,spot,TENX99,0.9176524644945698,2.1178396802244563,2.6390848180096613,0.044945697577276525,0.037401837928153714,2394,50
IDC,audited,hoptimus1,random,abs,3,0,0,spot,NCBI783,0.8528624535315985,2.1116491527150045,3.320652927594488,0.07799256505576208,0.0691449814126394,269,50
IDC,audited,hoptimus1,random,abs,3,0,0,spot,NCBI785,0.8377708978328173,2.1116491527150045,3.6482024246233866,0.08241486068111455,0.07981424148606811,323,50
IDC,audited,hoptimus1,random,abs,3,0,0,spot,TENX95,0.8994705882352941,2.1116491527150063,2.8013584802547165,0.05773529411764706,0.04279411764705882,680,50
IDC,audited,hoptimus1,random,abs,3,0,0,spot,TENX99,0.91733410271206,2.111649152715009,2.655731185538732,0.044073860357761105,0.03859203693017888,1733,50
IDC,audited,hoptimus1,random,abs,3,1,0,spot,NCBI783,0.8567441860465117,2.113262684129628,3.268002372189091,0.06736434108527133,0.07589147286821706,258,50
IDC,audited,hoptimus1,random,abs,3,1,0,spot,NCBI785,0.8411221122112211,2.1132626841296283,3.4673702945374067,0.08171617161716173,0.07716171617161716,303,50
IDC,audited,hoptimus1,random,abs,3,1,0,spot,TENX95,0.8996656534954407,2.113262684129631,2.817101845383014,0.058571428571428566,0.041762917933130694,658,50
IDC,audited,hoptimus1,random,abs,3,1,0,spot,TENX99,0.9166181410974243,2.1132626841296287,2.6565184511918876,0.04712206047032475,0.03625979843225084,1786,50
IDC,audited,hoptimus1,random,abs,3,2,0,spot,NCBI783,0.8521705426356588,2.120401531746818,3.2790736066030415,0.06953488372093024,0.07829457364341086,258,50
IDC,audited,hoptimus1,random,abs,3,2,0,spot,NCBI785,0.8385301837270341,2.120401531746818,3.585948834999308,0.07349081364829396,0.08797900262467191,381,50
IDC,audited,hoptimus1,random,abs,3,2,0,spot,TENX95,0.9019334389857369,2.1204015317468166,2.789268066197116,0.05556259904912837,0.04250396196513471,631,50
IDC,audited,hoptimus1,random,abs,3,2,0,spot,TENX99,0.9189740634005764,2.120401531746806,2.6380821773029624,0.04429971181556196,0.03672622478386167,1735,50
IDC,audited,hoptimus1,random,abs,3,3,0,spot,NCBI783,0.857542372881356,2.12728727423963,3.2438745773723445,0.06033898305084746,0.0821186440677966,236,50
IDC,audited,hoptimus1,random,abs,3,3,0,spot,NCBI785,0.8419498607242341,2.12728727423963,3.3921744299759626,0.08807799442896937,0.06997214484679666,359,50
IDC,audited,hoptimus1,random,abs,3,3,0,spot,TENX95,0.8999714285714286,2.1272872742396323,2.8337374101730175,0.05794285714285714,0.04208571428571428,700,50
IDC,audited,hoptimus1,random,abs,3,3,0,spot,TENX99,0.918748538011696,2.127287274239637,2.654582932293022,0.04435087719298246,0.036900584795321635,1710,50
IDC,audited,hoptimus1,random,abs,3,4,0,spot,NCBI783,0.8705882352941177,2.134855583900336,3.1151737587138855,0.06525490196078432,0.06415686274509805,255,50
IDC,audited,hoptimus1,random,abs,3,4,0,spot,NCBI785,0.8474202898550725,2.1348555839003365,3.307503015417504,0.0790144927536232,0.07356521739130435,345,50
IDC,audited,hoptimus1,random,abs,3,4,0,spot,TENX95,0.900228013029316,2.134855583900334,2.847310367045892,0.06045602605863192,0.03931596091205212,614,50
IDC,audited,hoptimus1,random,abs,3,4,0,spot,TENX99,0.9189614740368509,2.1348555839003316,2.6616682134170566,0.046376326074818536,0.034662199888330546,1791,50
IDC,audited,hoptimus1,random,scaled,0,0,0,spot,NCBI783,0.8824501424501424,2.3744319267547387,3.15893599858327,0.05875783475783476,0.058792022792022794,1755,50
IDC,audited,hoptimus1,random,scaled,0,0,0,spot,NCBI785,0.8888245462402766,2.5242981175074646,3.3523503225222244,0.05694900605012965,0.054226447709593784,2314,50
IDC,audited,hoptimus1,random,scaled,0,0,0,spot,TENX95,0.8987872154115587,2.237515107545873,2.859695314730254,0.05555166374781086,0.045661120840630474,4568,50
IDC,audited,hoptimus1,random,scaled,0,0,0,spot,TENX99,0.9039524909270868,2.1368172001380477,2.6840567612202695,0.060044539755856156,0.03600296931705708,12124,50
IDC,audited,hoptimus1,random,scaled,0,1,0,spot,NCBI783,0.8869008498583569,2.349323498535251,3.132114148869232,0.061529745042492916,0.05156940509915014,1765,50
IDC,audited,hoptimus1,random,scaled,0,1,0,spot,NCBI785,0.8907310704960836,2.522892989902695,3.36087105330325,0.056718885987815486,0.05255004351610096,2298,50
IDC,audited,hoptimus1,random,scaled,0,1,0,spot,TENX95,0.8951936936936937,2.2061935843783855,2.8572045869763674,0.05848648648648649,0.046319819819819814,4440,50
IDC,audited,hoptimus1,random,scaled,0,1,0,spot,TENX99,0.9071137216511665,2.138221139079698,2.671766698553345,0.0572148800783162,0.03567139827051721,12258,50
IDC,audited,hoptimus1,random,scaled,0,2,0,spot,NCBI783,0.8904553314121038,2.410931920765125,3.1301487984859544,0.05659942363112392,0.05294524495677234,1735,50
IDC,audited,hoptimus1,random,scaled,0,2,0,spot,NCBI785,0.8923627075351213,2.52798279809258,3.350392292117216,0.05825457641549596,0.04938271604938271,2349,50
IDC,audited,hoptimus1,random,scaled,0,2,0,spot,TENX95,0.8967550839964633,2.1876404940029923,2.8245933536179617,0.056971706454465074,0.04627320954907162,4524,50
IDC,audited,hoptimus1,random,scaled,0,2,0,spot,TENX99,0.9056101374146301,2.1360043753164066,2.677332219075311,0.05889245453797416,0.03549740804739571,12153,50
IDC,audited,hoptimus1,random,scaled,0,3,0,spot,NCBI783,0.889158667419537,2.3618800648780467,3.073885770035871,0.06263128176171655,0.04821005081874647,1771,50
IDC,audited,hoptimus1,random,scaled,0,3,0,spot,NCBI785,0.8764882943143814,2.4414635576247226,3.455615596861474,0.06123745819397994,0.0622742474916388,2392,50
IDC,audited,hoptimus1,random,scaled,0,3,0,spot,TENX95,0.9009311562224184,2.216617929132374,2.828282587951889,0.05554721977052074,0.0435216240070609,4532,50
IDC,audited,hoptimus1,random,scaled,0,3,0,spot,TENX99,0.9061727167246809,2.131740008770585,2.6759797824494753,0.059035305818000997,0.03479197745731808,12066,50
IDC,audited,hoptimus1,random,scaled,0,4,0,spot,NCBI783,0.884421052631579,2.356695306980926,3.1492785617480132,0.06452631578947368,0.05105263157894737,1710,50
IDC,audited,hoptimus1,random,scaled,0,4,0,spot,NCBI785,0.8838204150783566,2.5114843362720887,3.4573180777693255,0.06721728081321474,0.04896230410842863,2361,50
IDC,audited,hoptimus1,random,scaled,0,4,0,spot,TENX95,0.901311475409836,2.2306542006067316,2.8407088428398457,0.05443952148870181,0.04424900310146212,4514,50
IDC,audited,hoptimus1,random,scaled,0,4,0,spot,TENX99,0.9067624835742444,2.1517145603012584,2.6903124456479213,0.058060118265440205,0.03517739816031538,12176,50
IDC,audited,hoptimus1,random,scaled,1,0,0,spot,NCBI783,0.8830868167202572,2.3246935489292575,3.1294205353207603,0.06366559485530547,0.0532475884244373,622,50
IDC,audited,hoptimus1,random,scaled,1,0,0,spot,NCBI785,0.8778321678321679,2.4366700790061033,3.401898154799116,0.0700932400932401,0.05207459207459207,858,50
IDC,audited,hoptimus1,random,scaled,1,0,0,spot,TENX95,0.8952975839717148,2.1743259898203595,2.8031173157720923,0.058067177371832646,0.04663523865645256,1697,50
IDC,audited,hoptimus1,random,scaled,1,0,0,spot,TENX99,0.9031158629718524,2.1179954632386866,2.6833222711434934,0.05874754527602008,0.03813659175212743,4583,50
IDC,audited,hoptimus1,random,scaled,1,1,0,spot,NCBI783,0.888475073313783,2.363527368412643,3.1171942088614855,0.05929618768328446,0.052228739002932546,682,50
IDC,audited,hoptimus1,random,scaled,1,1,0,spot,NCBI785,0.8819026047565118,2.4378920076300994,3.29232849131553,0.06058890147225368,0.05750849377123443,883,50
IDC,audited,hoptimus1,random,scaled,1,1,0,spot,TENX95,0.8946997690531178,2.207421624251728,2.853107022634078,0.0588568129330254,0.04644341801385681,1732,50
IDC,audited,hoptimus1,random,scaled,1,1,0,spot,TENX99,0.903997311225633,2.12541678918867,2.680338539142929,0.05999103741877661,0.03601165135559041,4463,50
IDC,audited,hoptimus1,random,scaled,1,2,0,spot,NCBI783,0.8808320493066256,2.363182067279947,3.2111485016163654,0.06055469953775038,0.05861325115562404,649,50
IDC,audited,hoptimus1,random,scaled,1,2,0,spot,NCBI785,0.8897482837528604,2.498910487759849,3.3908571932839164,0.05814645308924485,0.05210526315789474,874,50
IDC,audited,hoptimus1,random,scaled,1,2,0,spot,TENX95,0.8977079697498546,2.205567214748675,2.8186550203369616,0.05852239674229203,0.0437696335078534,1719,50
IDC,audited,hoptimus1,random,scaled,1,2,0,spot,TENX99,0.9055688357680389,2.133542772312738,2.6710557093504956,0.059265161575918546,0.0351660026560425,4518,50
IDC,audited,hoptimus1,random,scaled,1,3,0,spot,NCBI783,0.8936776212832551,2.3910736279873253,3.109859342909542,0.059123630672926454,0.04719874804381846,639,50
IDC,audited,hoptimus1,random,scaled,1,3,0,spot,NCBI785,0.8854767184035477,2.494723330054053,3.419640305374555,0.05862527716186253,0.0558980044345898,902,50
IDC,audited,hoptimus1,random,scaled,1,3,0,spot,TENX95,0.9005574912891986,2.215109020294914,2.822173922435963,0.0572938443670151,0.0421486643437863,1722,50
IDC,audited,hoptimus1,random,scaled,1,3,0,spot,TENX99,0.9045274627529465,2.125738925294772,2.6800730160269133,0.060035579275072276,0.03543695797198132,4497,50
IDC,audited,hoptimus1,random,scaled,1,4,0,spot,NCBI783,0.8906976744186046,2.387790563887116,3.1185218391858114,0.058197674418604656,0.0511046511627907,688,50
IDC,audited,hoptimus1,random,scaled,1,4,0,spot,NCBI785,0.8972204125950054,2.6032438919848073,3.3641356547158385,0.05163952225841476,0.0511400651465798,921,50
IDC,audited,hoptimus1,random,scaled,1,4,0,spot,TENX95,0.9013776999416229,2.2417317836856614,2.8480655364668017,0.05333333333333333,0.04528896672504378,1713,50
IDC,audited,hoptimus1,random,scaled,1,4,0,spot,TENX99,0.901203244704822,2.1100522757959475,2.6770423886430894,0.05988733663812528,0.038909418657052726,4438,50
IDC,audited,hoptimus1,random,scaled,2,0,0,spot,NCBI783,0.8822941176470589,2.372771794383704,3.148908832451281,0.06052941176470588,0.057176470588235294,340,50
IDC,audited,hoptimus1,random,scaled,2,0,0,spot,NCBI785,0.8862995594713656,2.4838432337319043,3.3815541656891974,0.057400881057268725,0.05629955947136564,454,50
IDC,audited,hoptimus1,random,scaled,2,0,0,spot,TENX95,0.8985053380782918,2.2482204399714965,2.875956625222112,0.05862396204033215,0.04287069988137603,843,50
IDC,audited,hoptimus1,random,scaled,2,0,0,spot,TENX99,0.9057058575642647,2.147233507278658,2.681394868634837,0.05920775389801938,0.03508638853771597,2373,50
IDC,audited,hoptimus1,random,scaled,2,1,0,spot,NCBI783,0.8908695652173912,2.404905491175556,3.172536394533314,0.05391304347826087,0.05521739130434782,322,50
IDC,audited,hoptimus1,random,scaled,2,1,0,spot,NCBI785,0.8887846481876331,2.5338011726920286,3.3660853015839693,0.05773987206823028,0.05347547974413646,469,50
IDC,audited,hoptimus1,random,scaled,2,1,0,spot,TENX95,0.8943840177580467,2.2474898507984,2.8965272987616464,0.056004439511653716,0.04961154273029967,901,50
IDC,audited,hoptimus1,random,scaled,2,1,0,spot,TENX99,0.9045729076790336,2.1165474038095096,2.6574479714099497,0.05941328731665228,0.036013805004314066,2318,50
IDC,audited,hoptimus1,random,scaled,2,2,0,spot,NCBI783,0.8961290322580645,2.42509699663818,3.1338355337463857,0.05923753665689149,0.04463343108504399,341,50
IDC,audited,hoptimus1,random,scaled,2,2,0,spot,NCBI785,0.896322869955157,2.5039116326681223,3.256423923638133,0.05721973094170403,0.046457399103139015,446,50
IDC,audited,hoptimus1,random,scaled,2,2,0,spot,TENX95,0.8997247706422019,2.2343507227320734,2.862633415342288,0.05532110091743119,0.044954128440366975,872,50
IDC,audited,hoptimus1,random,scaled,2,2,0,spot,TENX99,0.9055210548702679,2.1294235281427634,2.680532738198053,0.05946405784772438,0.035014887282007655,2351,50
IDC,audited,hoptimus1,random,scaled,2,3,0,spot,NCBI783,0.8870381231671555,2.387536144268227,3.1744972081131544,0.0619941348973607,0.05096774193548387,341,50
IDC,audited,hoptimus1,random,scaled,2,3,0,spot,NCBI785,0.888898678414097,2.519088018391315,3.400631679886298,0.061541850220264316,0.04955947136563877,454,50
IDC,audited,hoptimus1,random,scaled,2,3,0,spot,TENX95,0.9019630484988452,2.2208507368594455,2.8071740924540656,0.05489607390300231,0.043140877598152425,866,50
IDC,audited,hoptimus1,random,scaled,2,3,0,spot,TENX99,0.9037633035334184,2.1315799792168746,2.6881783657303244,0.05747977862920392,0.03875691783737761,2349,50
IDC,audited,hoptimus1,random,scaled,2,4,0,spot,NCBI783,0.876258064516129,2.300402287472158,3.124980635730749,0.06387096774193549,0.05987096774193548,310,50
IDC,audited,hoptimus1,random,scaled,2,4,0,spot,NCBI785,0.8888683602771362,2.555598851673852,3.3903441756989774,0.06295612009237876,0.048175519630484984,433,50
IDC,audited,hoptimus1,random,scaled,2,4,0,spot,TENX95,0.8979610538373425,2.2163909960674966,2.8471215972579786,0.05408934707903781,0.047949599083619704,873,50
IDC,audited,hoptimus1,random,scaled,2,4,0,spot,TENX99,0.9052548036758563,2.1279612475970877,2.665777783232963,0.058237259816207185,0.03650793650793651,2394,50
IDC,audited,hoptimus1,random,scaled,3,0,0,spot,NCBI783,0.8802230483271376,2.3778602950874883,3.2333076569616903,0.07107806691449814,0.048698884758364314,269,50
IDC,audited,hoptimus1,random,scaled,3,0,0,spot,NCBI785,0.8840247678018577,2.4904855114982114,3.509612635877937,0.05931888544891641,0.056656346749226004,323,50
IDC,audited,hoptimus1,random,scaled,3,0,0,spot,TENX95,0.8986176470588235,2.2191898192753743,2.85026646895617,0.056558823529411766,0.044823529411764707,680,50
IDC,audited,hoptimus1,random,scaled,3,0,0,spot,TENX99,0.9043623773802655,2.1257013714570037,2.683885089410536,0.05802654356607039,0.03761107905366416,1733,50
IDC,audited,hoptimus1,random,scaled,3,1,0,spot,NCBI783,0.8872868217054264,2.374610218917237,3.206073436716318,0.05782945736434108,0.054883720930232555,258,50
IDC,audited,hoptimus1,random,scaled,3,1,0,spot,NCBI785,0.8905610561056106,2.5248615261005294,3.3273582528307277,0.05762376237623762,0.051815181518151815,303,50
IDC,audited,hoptimus1,random,scaled,3,1,0,spot,TENX95,0.896838905775076,2.197376267109846,2.835769997876435,0.058419452887538,0.044741641337386014,658,50
IDC,audited,hoptimus1,random,scaled,3,1,0,spot,TENX99,0.9016909294512878,2.1203179155327816,2.6959351712880784,0.061847704367301234,0.03646136618141097,1786,50
IDC,audited,hoptimus1,random,scaled,3,2,0,spot,NCBI783,0.8893023255813953,2.4114559651224314,3.154991641546772,0.05992248062015504,0.050775193798449615,258,50
IDC,audited,hoptimus1,random,scaled,3,2,0,spot,NCBI785,0.8850918635170604,2.515996351394401,3.4889575519090177,0.05517060367454068,0.05973753280839895,381,50
IDC,audited,hoptimus1,random,scaled,3,2,0,spot,TENX95,0.9004754358161648,2.1972294963092383,2.7936493862537564,0.05828843106180666,0.04123613312202853,631,50
IDC,audited,hoptimus1,random,scaled,3,2,0,spot,TENX99,0.905164265129683,2.1222198765113327,2.6751782803949857,0.05878962536023055,0.03604610951008645,1735,50
IDC,audited,hoptimus1,random,scaled,3,3,0,spot,NCBI783,0.8864406779661017,2.3803379681911605,3.173045595972515,0.05567796610169491,0.05788135593220339,236,50
IDC,audited,hoptimus1,random,scaled,3,3,0,spot,NCBI785,0.8826183844011142,2.48954786974673,3.3322614372521597,0.0652924791086351,0.0520891364902507,359,50
IDC,audited,hoptimus1,random,scaled,3,3,0,spot,TENX95,0.9016857142857142,2.2228710086873305,2.8358633730228586,0.0558,0.04251428571428572,700,50
IDC,audited,hoptimus1,random,scaled,3,3,0,spot,TENX99,0.9063040935672515,2.1367275626732085,2.680413925343587,0.05825730994152047,0.03543859649122807,1710,50
IDC,audited,hoptimus1,random,scaled,3,4,0,spot,NCBI783,0.8927843137254903,2.3649465308238855,3.0922333183741713,0.058666666666666666,0.048549019607843136,255,50
IDC,audited,hoptimus1,random,scaled,3,4,0,spot,NCBI785,0.8950724637681159,2.5617349361274564,3.3126336085501578,0.05147826086956522,0.05344927536231884,345,50
IDC,audited,hoptimus1,random,scaled,3,4,0,spot,TENX95,0.8933876221498371,2.205429276910079,2.8723305723843366,0.06263843648208468,0.043973941368078175,614,50
IDC,audited,hoptimus1,random,scaled,3,4,0,spot,TENX99,0.9060748185371301,2.1486120657918013,2.702940578147996,0.05976549413735343,0.03415968732551647,1791,50
IDC,shipped,hoptimus1,donor,abs,IDC_shipped_patient_1,-1,0,donor,TENX99,0.9093386638408555,4.668934860146913,6.460187945184185,0.016868166273300903,0.07379316988584365,20761,50
IDC,shipped,hoptimus1,donor,abs,IDC_shipped_patient_1,-1,1,donor,TENX99,0.8173980058764029,3.7879813932842943,6.142144348508703,0.040133904917874864,0.1424680892057223,20761,50
IDC,shipped,hoptimus1,donor,abs,IDC_shipped_patient_1,-1,2,donor,TENX99,0.8287067096960647,3.5318329959767247,6.54843356677213,0.039369972544675114,0.13192331775926017,20761,50
IDC,shipped,hoptimus1,donor,abs,IDC_shipped_patient_2,-1,0,donor,TENX95,0.9021159793814434,4.984877654603545,7.567738907262088,0.0856958762886598,0.012188144329896908,7760,50
IDC,shipped,hoptimus1,donor,abs,IDC_shipped_patient_2,-1,1,donor,TENX95,0.8248092783505154,3.6749245228213767,6.852536809658339,0.14722680412371134,0.027963917525773194,7760,50
IDC,shipped,hoptimus1,donor,abs,IDC_shipped_patient_2,-1,2,donor,TENX95,0.893610824742268,4.9084780930840175,7.58541627164284,0.0910979381443299,0.015291237113402063,7760,50
IDC,shipped,hoptimus1,donor,abs,NCBI783,-1,0,donor,NCBI783,0.9343227953410981,4.517659987719208,5.529415833537092,0.04230282861896839,0.02337437603993344,3005,50
IDC,shipped,hoptimus1,donor,abs,NCBI783,-1,1,donor,NCBI783,0.8624891846921797,3.7367586986937296,5.692785791023189,0.08312146422628952,0.054389351081530785,3005,50
IDC,shipped,hoptimus1,donor,abs,NCBI783,-1,2,donor,NCBI783,0.8621031613976706,3.7361116923902817,5.676722659495763,0.08437936772046589,0.05351747088186356,3005,50
IDC,shipped,hoptimus1,donor,abs,NCBI785,-1,0,donor,NCBI785,0.6887481296758104,3.5975656645330725,8.134731011792283,0.2788229426433915,0.032428927680798005,4010,50
IDC,shipped,hoptimus1,donor,abs,NCBI785,-1,1,donor,NCBI785,0.6394713216957606,3.60083072801726,9.463856962048427,0.3395511221945137,0.020977556109725685,4010,50
IDC,shipped,hoptimus1,donor,abs,NCBI785,-1,2,donor,NCBI785,0.6332269326683292,3.5862606914081976,9.43825154531914,0.3455461346633416,0.02122693266832918,4010,50
IDC,shipped,hoptimus1,donor,scaled,IDC_shipped_patient_1,-1,0,donor,TENX99,0.9111642021097249,6.132817449776391,8.40461643870056,0.01139347815615818,0.07744231973411686,20761,50
IDC,shipped,hoptimus1,donor,scaled,IDC_shipped_patient_1,-1,1,donor,TENX99,0.8193603390973461,3.9140862934783858,6.2221894849274,0.04482154038822792,0.1358181205144261,20761,50
IDC,shipped,hoptimus1,donor,scaled,IDC_shipped_patient_1,-1,2,donor,TENX99,0.860551996531959,4.189916365331656,7.281548565196208,0.04132845238668658,0.09811955108135446,20761,50
IDC,shipped,hoptimus1,donor,scaled,IDC_shipped_patient_2,-1,0,donor,TENX95,0.8981159793814433,5.742854885527291,8.394606149400305,0.08642268041237113,0.015461340206185567,7760,50
IDC,shipped,hoptimus1,donor,scaled,IDC_shipped_patient_2,-1,1,donor,TENX95,0.8565231958762887,4.252864472566378,6.583824100711801,0.12268298969072164,0.020793814432989693,7760,50
IDC,shipped,hoptimus1,donor,scaled,IDC_shipped_patient_2,-1,2,donor,TENX95,0.9024123711340206,5.6741567574534155,7.979920048096305,0.08465721649484535,0.01293041237113402,7760,50
IDC,shipped,hoptimus1,donor,scaled,NCBI783,-1,0,donor,NCBI783,0.920991680532446,4.93495172313844,6.115335031627914,0.05287188019966722,0.026136439267886856,3005,50
IDC,shipped,hoptimus1,donor,scaled,NCBI783,-1,1,donor,NCBI783,0.8205524126455908,3.426261861653758,5.732467946446632,0.10786023294509152,0.0715873544093178,3005,50
IDC,shipped,hoptimus1,donor,scaled,NCBI783,-1,2,donor,NCBI783,0.8378502495840265,3.6819614017673366,5.826457101791106,0.09994675540765391,0.062202995008319474,3005,50
IDC,shipped,hoptimus1,donor,scaled,NCBI785,-1,0,donor,NCBI785,0.7195311720698254,4.262571074575076,8.404517840870895,0.2529576059850374,0.02751122194513716,4010,50
IDC,shipped,hoptimus1,donor,scaled,NCBI785,-1,1,donor,NCBI785,0.6557256857855361,4.47880220471865,10.134842155844089,0.32521695760598507,0.019057356608478803,4010,50
IDC,shipped,hoptimus1,donor,scaled,NCBI785,-1,2,donor,NCBI785,0.6482493765586035,4.656513498998694,10.310980236247127,0.33338154613466336,0.018369077306733168,4010,50
IDC,shipped,hoptimus1,patient,abs,0,-1,0,patient,TENX99,0.834573479119503,3.5889436536722212,6.540974992027272,0.037946149029430186,0.12748037185106692,20761,50
IDC,shipped,hoptimus1,patient,abs,0,-1,1,patient,TENX99,0.835322961321709,3.5417815189851747,6.459540607976521,0.040016376860459515,0.12466066181783152,20761,50
IDC,shipped,hoptimus1,patient,abs,0,-1,2,patient,TENX99,0.8173980058764029,3.7879813932842943,6.142144348508703,0.040133904917874864,0.1424680892057223,20761,50
IDC,shipped,hoptimus1,patient,abs,1,-1,0,patient,TENX95,0.8265773195876288,3.715375530380427,6.764571538871117,0.14584278350515464,0.027579896907216496,7760,50
IDC,shipped,hoptimus1,patient,abs,1,-1,1,patient,TENX95,0.8318298969072165,3.670696755182662,6.759423388395438,0.14324742268041238,0.024922680412371133,7760,50
IDC,shipped,hoptimus1,patient,abs,1,-1,2,patient,TENX95,0.8955592783505155,4.923321894416847,7.622707664938839,0.09111082474226803,0.013329896907216494,7760,50
IDC,shipped,hoptimus1,patient,abs,2,-1,0,patient,NCBI785,0.6302044887780549,3.630911285907357,9.955633844076765,0.35932169576059847,0.010473815461346634,4010,50
IDC,shipped,hoptimus1,patient,abs,2,-1,1,patient,NCBI785,0.6764937655860349,3.6114795907867308,8.279059141170631,0.2934064837905237,0.030099750623441394,4010,50
IDC,shipped,hoptimus1,patient,abs,2,-1,2,patient,NCBI785,0.6747281795511222,3.5774793195670584,8.389530682548303,0.29923192019950123,0.02603990024937656,4010,50
IDC,shipped,hoptimus1,patient,abs,3,-1,0,patient,NCBI783,0.9349950083194676,4.642032595651979,5.643859359161706,0.04238269550748752,0.022622296173044926,3005,50
IDC,shipped,hoptimus1,patient,abs,3,-1,1,patient,NCBI783,0.8329517470881863,3.5601026712402146,5.906605510497906,0.06690848585690516,0.1001397670549085,3005,50
IDC,shipped,hoptimus1,patient,abs,3,-1,2,patient,NCBI783,0.8638535773710483,3.7355896829746125,5.657321024247938,0.0823361064891847,0.05381031613976705,3005,50
IDC,shipped,hoptimus1,patient,scaled,0,-1,0,patient,TENX99,0.8666605654833581,4.445182020620566,7.339888798351508,0.03783729107461105,0.09550214344203073,20761,50
IDC,shipped,hoptimus1,patient,scaled,0,-1,1,patient,TENX99,0.8511719088675882,4.040318857268713,7.2915241597998515,0.041915129329030396,0.10691296180338133,20761,50
IDC,shipped,hoptimus1,patient,scaled,0,-1,2,patient,TENX99,0.8193603390973461,3.9140862934783858,6.2221894849274,0.04482154038822792,0.1358181205144261,20761,50
IDC,shipped,hoptimus1,patient,scaled,1,-1,0,patient,TENX95,0.8605979381443299,4.492474091346631,6.558254459065738,0.11829896907216496,0.021103092783505153,7760,50
IDC,shipped,hoptimus1,patient,scaled,1,-1,1,patient,TENX95,0.8486958762886598,4.287798448518162,6.705170239689931,0.1292061855670103,0.0220979381443299,7760,50
IDC,shipped,hoptimus1,patient,scaled,1,-1,2,patient,TENX95,0.887770618556701,6.02493525501796,8.835116537184456,0.0974278350515464,0.014801546391752579,7760,50
IDC,shipped,hoptimus1,patient,scaled,2,-1,0,patient,NCBI785,0.6727630922693266,4.1768788656828715,9.610608899197079,0.3214064837905237,0.005830423940149626,4010,50
IDC,shipped,hoptimus1,patient,scaled,2,-1,1,patient,NCBI785,0.7208877805486285,4.142938520352038,8.27675013043083,0.25981047381546135,0.019301745635910222,4010,50
IDC,shipped,hoptimus1,patient,scaled,2,-1,2,patient,NCBI785,0.6981845386533666,3.982406754676366,8.573373171112525,0.2836907730673317,0.018124688279301745,4010,50
IDC,shipped,hoptimus1,patient,scaled,3,-1,0,patient,NCBI783,0.9109351081530782,4.779366094620342,6.06611653754823,0.06548419301164725,0.02358069883527454,3005,50
IDC,shipped,hoptimus1,patient,scaled,3,-1,1,patient,NCBI783,0.8385757071547421,4.3513588381460515,6.592140431414261,0.07734442595673877,0.08407986688851914,3005,50
IDC,shipped,hoptimus1,patient,scaled,3,-1,2,patient,NCBI783,0.8225158069883527,3.5889109934150385,5.9653905653754835,0.10716139767054908,0.07032279534109817,3005,50
IDC,shipped,hoptimus1,random,abs,0,0,0,spot,NCBI783,0.8626666666666667,2.0779716423324484,3.135083612172339,0.06592592592592593,0.0714074074074074,1755,50
IDC,shipped,hoptimus1,random,abs,0,0,0,spot,NCBI785,0.8468020743301642,2.0779716423324484,3.3625719529270874,0.07270527225583406,0.08049265341400172,2314,50
IDC,shipped,hoptimus1,random,abs,0,0,0,spot,TENX95,0.9008406304728547,2.0779716423324452,2.7621232197081116,0.057263572679509635,0.04189579684763573,4568,50
IDC,shipped,hoptimus1,random,abs,0,0,0,spot,TENX99,0.9174645331573739,2.0779716423324652,2.6051334034517617,0.04558066644671726,0.03695480039590894,12124,50
IDC,shipped,hoptimus1,random,abs,0,1,0,spot,NCBI783,0.8615864022662889,2.068090248583839,3.1270336623117054,0.06971104815864022,0.06870254957507081,1765,50
IDC,shipped,hoptimus1,random,abs,0,1,0,spot,NCBI785,0.8422889469103567,2.0680902485838404,3.4005146594274125,0.07643167972149696,0.08127937336814622,2298,50
IDC,shipped,hoptimus1,random,abs,0,1,0,spot,TENX95,0.9002702702702703,2.068090248583856,2.7591473989869666,0.056891891891891894,0.042837837837837844,4440,50
IDC,shipped,hoptimus1,random,abs,0,1,0,spot,TENX99,0.9162767172458802,2.068090248583812,2.606593916813958,0.04580355686082559,0.037919725893294176,12258,50
IDC,shipped,hoptimus1,random,abs,0,2,0,spot,NCBI783,0.8646340057636887,2.0807753162210774,3.0998742882813275,0.06673198847262247,0.06863400576368876,1735,50
IDC,shipped,hoptimus1,random,abs,0,2,0,spot,NCBI785,0.8449127288207748,2.0807753162210725,3.366098147147278,0.07888463175819498,0.07620263942103023,2349,50
IDC,shipped,hoptimus1,random,abs,0,2,0,spot,TENX95,0.8991467727674625,2.080775316221058,2.7752801146081323,0.05638815207780725,0.044465075154730326,4524,50
IDC,shipped,hoptimus1,random,abs,0,2,0,spot,TENX99,0.9183312762280919,2.0807753162210427,2.596970545218454,0.04549329383691269,0.03617542993499547,12153,50
IDC,shipped,hoptimus1,random,abs,0,3,0,spot,NCBI783,0.8592885375494071,2.0638300972216803,3.130469541739271,0.06715979672501411,0.07355166572557877,1771,50
IDC,shipped,hoptimus1,random,abs,0,3,0,spot,NCBI785,0.8395735785953177,2.063830097221674,3.453144562395461,0.08114548494983279,0.0792809364548495,2392,50
IDC,shipped,hoptimus1,random,abs,0,3,0,spot,TENX95,0.8987819947043247,2.0638300972216608,2.7617641398742063,0.057263901147396296,0.043954104148278904,4532,50
IDC,shipped,hoptimus1,random,abs,0,3,0,spot,TENX99,0.9163533896900381,2.063830097221593,2.596582445781885,0.04560251947621415,0.03804409083374772,12066,50
IDC,shipped,hoptimus1,random,abs,0,4,0,spot,NCBI783,0.8634035087719298,2.077427517825453,3.11498608505955,0.06435087719298245,0.07224561403508772,1710,50
IDC,shipped,hoptimus1,random,abs,0,4,0,spot,NCBI785,0.841414654807285,2.0774275178254644,3.3957098707290108,0.08071156289707751,0.07787378229563745,2361,50
IDC,shipped,hoptimus1,random,abs,0,4,0,spot,TENX95,0.8992379264510412,2.0774275178254857,2.7691551322187262,0.05786885245901639,0.0428932210899424,4514,50
IDC,shipped,hoptimus1,random,abs,0,4,0,spot,TENX99,0.9177480289093299,2.0774275178254795,2.604028258631093,0.04576708278580814,0.036484888304862025,12176,50
IDC,shipped,hoptimus1,random,abs,1,0,0,spot,NCBI783,0.8569453376205787,2.0582851084293226,3.157578108559809,0.07061093247588424,0.07244372990353698,622,50
IDC,shipped,hoptimus1,random,abs,1,0,0,spot,NCBI785,0.8347086247086247,2.0582851084293203,3.4565123625035206,0.08564102564102564,0.07965034965034964,858,50
IDC,shipped,hoptimus1,random,abs,1,0,0,spot,TENX95,0.8983028874484384,2.058285108429322,2.735698872619901,0.058456098998232175,0.043241013553329405,1697,50
IDC,shipped,hoptimus1,random,abs,1,0,0,spot,TENX99,0.9141261182631465,2.058285108429306,2.6100070525189847,0.04708269692341261,0.038791184813440974,4583,50
IDC,shipped,hoptimus1,random,abs,1,1,0,spot,NCBI783,0.8536656891495601,2.0620917093827473,3.1520009992732283,0.07099706744868035,0.07533724340175954,682,50
IDC,shipped,hoptimus1,random,abs,1,1,0,spot,NCBI785,0.8426500566251416,2.0620917093827513,3.341405188065632,0.08079275198187995,0.07655719139297848,883,50
IDC,shipped,hoptimus1,random,abs,1,1,0,spot,TENX95,0.8991224018475751,2.06209170938274,2.7409144508903585,0.05587759815242494,0.045,1732,50
IDC,shipped,hoptimus1,random,abs,1,1,0,spot,TENX99,0.9154514900291284,2.062091709382741,2.6016049232549614,0.04685637463589514,0.03769213533497647,4463,50
IDC,shipped,hoptimus1,random,abs,1,2,0,spot,NCBI783,0.8582742681047766,2.064262003318661,3.1591546885284374,0.07380585516178736,0.06791987673343605,649,50
IDC,shipped,hoptimus1,random,abs,1,2,0,spot,NCBI785,0.838421052631579,2.0642620033186603,3.4528254202827577,0.07521739130434782,0.08636155606407322,874,50
IDC,shipped,hoptimus1,random,abs,1,2,0,spot,TENX95,0.8997789412449099,2.0642620033186536,2.74844132041778,0.05554392088423502,0.04467713787085515,1719,50
IDC,shipped,hoptimus1,random,abs,1,2,0,spot,TENX99,0.9170562195661798,2.0642620033186714,2.5973244988430935,0.04566179725542275,0.037281983178397524,4518,50
IDC,shipped,hoptimus1,random,abs,1,3,0,spot,NCBI783,0.8652269170579029,2.077038875885825,3.1145392874999867,0.06873239436619719,0.06604068857589984,639,50
IDC,shipped,hoptimus1,random,abs,1,3,0,spot,NCBI785,0.8408647450110865,2.0770388758858256,3.4378644257946904,0.08388026607538804,0.0752549889135255,902,50
IDC,shipped,hoptimus1,random,abs,1,3,0,spot,TENX95,0.9031939605110337,2.077038875885821,2.729443541837523,0.05490127758420441,0.04190476190476191,1722,50
IDC,shipped,hoptimus1,random,abs,1,3,0,spot,TENX99,0.918163219924394,2.0770388758858327,2.602012075986616,0.04548810317989771,0.036348676895708254,4497,50
IDC,shipped,hoptimus1,random,abs,1,4,0,spot,NCBI783,0.8599127906976745,2.073099810088224,3.126206918198505,0.06886627906976744,0.07122093023255814,688,50
IDC,shipped,hoptimus1,random,abs,1,4,0,spot,NCBI785,0.8441042345276872,2.0730998100882245,3.3601873984661847,0.08147665580890337,0.07441910966340934,921,50
IDC,shipped,hoptimus1,random,abs,1,4,0,spot,TENX95,0.9016112084063047,2.073099810088225,2.752670806974613,0.05605370694687682,0.04233508464681845,1713,50
IDC,shipped,hoptimus1,random,abs,1,4,0,spot,TENX99,0.9174853537629564,2.0730998100882463,2.595268740756653,0.04457413249211356,0.03794051374493015,4438,50
IDC,shipped,hoptimus1,random,abs,2,0,0,spot,NCBI783,0.8588823529411765,2.064562322553509,3.1077135091261625,0.07123529411764706,0.06988235294117646,340,50
IDC,shipped,hoptimus1,random,abs,2,0,0,spot,NCBI785,0.8436563876651982,2.0645623225535075,3.384194797314542,0.07819383259911894,0.07814977973568282,454,50
IDC,shipped,hoptimus1,random,abs,2,0,0,spot,TENX95,0.8973665480427045,2.0645623225535124,2.7791150036559493,0.06002372479240806,0.042609727164887305,843,50
IDC,shipped,hoptimus1,random,abs,2,0,0,spot,TENX99,0.9161314791403287,2.064562322553522,2.5974651236539397,0.045031605562579013,0.03883691529709229,2373,50
IDC,shipped,hoptimus1,random,abs,2,1,0,spot,NCBI783,0.8592546583850931,2.0642910193032464,3.1085342755086356,0.06204968944099379,0.07869565217391304,322,50
IDC,shipped,hoptimus1,random,abs,2,1,0,spot,NCBI785,0.8305756929637527,2.0642910193032473,3.550343367907629,0.08021321961620469,0.08921108742004265,469,50
IDC,shipped,hoptimus1,random,abs,2,1,0,spot,TENX95,0.8936958934517203,2.0642910193032393,2.8078269439819623,0.05671476137624861,0.049589345172031084,901,50
IDC,shipped,hoptimus1,random,abs,2,1,0,spot,TENX99,0.9168507333908542,2.064291019303252,2.59406051979501,0.04587575496117343,0.03727351164797239,2318,50
IDC,shipped,hoptimus1,random,abs,2,2,0,spot,NCBI783,0.8530791788856306,2.0716171720830774,3.2073083133835665,0.06991202346041056,0.07700879765395895,341,50
IDC,shipped,hoptimus1,random,abs,2,2,0,spot,NCBI785,0.8507174887892377,2.0716171720830765,3.221122178516229,0.08121076233183856,0.06807174887892377,446,50
IDC,shipped,hoptimus1,random,abs,2,2,0,spot,TENX95,0.8977752293577982,2.071617172083073,2.7864449071533257,0.05853211009174312,0.043692660550458715,872,50
IDC,shipped,hoptimus1,random,abs,2,2,0,spot,TENX99,0.9170905997447895,2.0716171720830996,2.6069639638103985,0.04543598468736707,0.03747341556784347,2351,50
IDC,shipped,hoptimus1,random,abs,2,3,0,spot,NCBI783,0.8597653958944281,2.0646300334077123,3.125564978306762,0.06392961876832844,0.0763049853372434,341,50
IDC,shipped,hoptimus1,random,abs,2,3,0,spot,NCBI785,0.8419823788546256,2.0646300334077092,3.355835147833172,0.07823788546255507,0.07977973568281939,454,50
IDC,shipped,hoptimus1,random,abs,2,3,0,spot,TENX95,0.9033949191685912,2.0646300334077083,2.7144484834899036,0.05549653579676674,0.041108545034642036,866,50
IDC,shipped,hoptimus1,random,abs,2,3,0,spot,TENX99,0.9163984674329503,2.064630033407733,2.603810774931078,0.046053639846743294,0.037547892720306515,2349,50
IDC,shipped,hoptimus1,random,abs,2,4,0,spot,NCBI783,0.8676774193548387,2.063485186880351,3.0508225340777897,0.06580645161290323,0.06651612903225806,310,50
IDC,shipped,hoptimus1,random,abs,2,4,0,spot,NCBI785,0.8361662817551964,2.063485186880351,3.43448076495424,0.0841108545034642,0.0797228637413395,433,50
IDC,shipped,hoptimus1,random,abs,2,4,0,spot,TENX95,0.8963802978235968,2.06348518688035,2.7706502999944034,0.058098510882016036,0.04552119129438717,873,50
IDC,shipped,hoptimus1,random,abs,2,4,0,spot,TENX99,0.9173684210526315,2.063485186880362,2.5793979595449916,0.04499582289055973,0.03763575605680868,2394,50
IDC,shipped,hoptimus1,random,abs,3,0,0,spot,NCBI783,0.857546468401487,2.0611303964076826,3.1965918985942703,0.0737546468401487,0.06869888475836432,269,50
IDC,shipped,hoptimus1,random,abs,3,0,0,spot,NCBI785,0.8388235294117646,2.0611303964076813,3.57403797239811,0.08619195046439629,0.07498452012383901,323,50
IDC,shipped,hoptimus1,random,abs,3,0,0,spot,TENX95,0.9021764705882354,2.0611303964076826,2.7232220931741375,0.05794117647058823,0.03988235294117647,680,50
IDC,shipped,hoptimus1,random,abs,3,0,0,spot,TENX99,0.9170571263704558,2.0611303964076777,2.601829435008457,0.04574725908828621,0.037195614541257936,1733,50
IDC,shipped,hoptimus1,random,abs,3,1,0,spot,NCBI783,0.8627906976744185,2.067071934094445,3.1169948216031633,0.06844961240310077,0.06875968992248062,258,50
IDC,shipped,hoptimus1,random,abs,3,1,0,spot,NCBI785,0.8442244224422443,2.067071934094445,3.359662059613675,0.07828382838283829,0.0774917491749175,303,50
IDC,shipped,hoptimus1,random,abs,3,1,0,spot,TENX95,0.8992705167173253,2.0670719340944474,2.760843322445583,0.05759878419452887,0.043130699088145895,658,50
IDC,shipped,hoptimus1,random,abs,3,1,0,spot,TENX99,0.9177715565509519,2.0670719340944292,2.6012842841835195,0.04511758118701008,0.03711086226203807,1786,50
IDC,shipped,hoptimus1,random,abs,3,2,0,spot,NCBI783,0.852248062015504,2.069489584860967,3.2080603302002135,0.06930232558139535,0.07844961240310078,258,50
IDC,shipped,hoptimus1,random,abs,3,2,0,spot,NCBI785,0.8379002624671916,2.0694895848609685,3.542341941863232,0.07889763779527559,0.08320209973753281,381,50
IDC,shipped,hoptimus1,random,abs,3,2,0,spot,TENX95,0.9028209191759113,2.069489584860966,2.7274451554198613,0.05664025356576862,0.04053882725832013,631,50
IDC,shipped,hoptimus1,random,abs,3,2,0,spot,TENX99,0.9193314121037465,2.0694895848609676,2.583790553153589,0.04456484149855908,0.03610374639769452,1735,50
IDC,shipped,hoptimus1,random,abs,3,3,0,spot,NCBI783,0.8635593220338983,2.0716047451275914,3.108675144351504,0.059322033898305086,0.07711864406779662,236,50
IDC,shipped,hoptimus1,random,abs,3,3,0,spot,NCBI785,0.8449025069637882,2.0716047451275896,3.266713290342332,0.07933147632311978,0.07576601671309192,359,50
IDC,shipped,hoptimus1,random,abs,3,3,0,spot,TENX95,0.8981714285714285,2.0716047451275936,2.784453475324258,0.056799999999999996,0.045028571428571425,700,50
IDC,shipped,hoptimus1,random,abs,3,3,0,spot,TENX99,0.9170877192982456,2.0716047451275865,2.600774080068866,0.04568421052631579,0.037228070175438596,1710,50
IDC,shipped,hoptimus1,random,abs,3,4,0,spot,NCBI783,0.8717647058823529,2.076807792440884,3.063208191772148,0.06619607843137254,0.06203921568627451,255,50
IDC,shipped,hoptimus1,random,abs,3,4,0,spot,NCBI785,0.8479420289855072,2.076807792440884,3.255103600078505,0.07669565217391304,0.0753623188405797,345,50
IDC,shipped,hoptimus1,random,abs,3,4,0,spot,TENX95,0.8997719869706841,2.076807792440882,2.7620363832280335,0.06130293159609121,0.038925081433224755,614,50
IDC,shipped,hoptimus1,random,abs,3,4,0,spot,TENX99,0.9170407593523171,2.0768077924408805,2.6119700356236963,0.04606365159128978,0.03689558905639308,1791,50
IDC,shipped,hoptimus1,random,scaled,0,0,0,spot,NCBI783,0.8849230769230769,2.1912355347481496,2.9332218684144715,0.06168660968660968,0.053390313390313394,1755,50
IDC,shipped,hoptimus1,random,scaled,0,0,0,spot,NCBI785,0.8897407087294728,2.3319092369172862,3.130199342068837,0.05577355229040622,0.054485738980121,2314,50
IDC,shipped,hoptimus1,random,scaled,0,0,0,spot,TENX95,0.9000218914185639,2.06848925682275,2.645256329784308,0.05740805604203152,0.04257005253940456,4568,50
IDC,shipped,hoptimus1,random,scaled,0,0,0,spot,TENX99,0.9015423952490927,1.9639346667062663,2.5108713824578883,0.06206202573408116,0.03639557901682613,12124,50
IDC,shipped,hoptimus1,random,scaled,0,1,0,spot,NCBI783,0.8940849858356941,2.2314786569326253,2.908527564013242,0.060883852691218134,0.04503116147308781,1765,50
IDC,shipped,hoptimus1,random,scaled,0,1,0,spot,NCBI785,0.8916536118363794,2.3449266222925327,3.125959838268215,0.054177545691906005,0.05416884247171454,2298,50
IDC,shipped,hoptimus1,random,scaled,0,1,0,spot,TENX95,0.8963783783783783,2.0490582116542333,2.6495559425438215,0.058684684684684685,0.04493693693693694,4440,50
IDC,shipped,hoptimus1,random,scaled,0,1,0,spot,TENX99,0.9035503344754445,1.9770197078445428,2.5182222810419628,0.06176211453744493,0.03468755098711046,12258,50
IDC,shipped,hoptimus1,random,scaled,0,2,0,spot,NCBI783,0.891193083573487,2.2078137243925102,2.8975037020745544,0.06056484149855908,0.04824207492795389,1735,50
IDC,shipped,hoptimus1,random,scaled,0,2,0,spot,NCBI785,0.8928309919114517,2.344522999610364,3.112127721488686,0.05616858237547893,0.05100042571306939,2349,50
IDC,shipped,hoptimus1,random,scaled,0,2,0,spot,TENX95,0.8949292661361626,2.0446101922246163,2.6560104926144454,0.05815649867374005,0.04691423519009726,4524,50
IDC,shipped,hoptimus1,random,scaled,0,2,0,spot,TENX99,0.9036040483831153,1.9740881184191061,2.5062843594503144,0.06182835513864889,0.034567596478235825,12153,50
IDC,shipped,hoptimus1,random,scaled,0,3,0,spot,NCBI783,0.8988594014680972,2.260424966367586,2.890061589928015,0.055945793337097684,0.0451948051948052,1771,50
IDC,shipped,hoptimus1,random,scaled,0,3,0,spot,NCBI785,0.8878929765886288,2.33909828815073,3.1785790153706843,0.05888795986622074,0.053219063545150505,2392,50
IDC,shipped,hoptimus1,random,scaled,0,3,0,spot,TENX95,0.9011959399823478,2.078048928626142,2.6501180907549604,0.05514121800529567,0.043662842012356574,4532,50
IDC,shipped,hoptimus1,random,scaled,0,3,0,spot,TENX99,0.9027780540361345,1.9716553658925642,2.51267339810364,0.06087850157467264,0.03634344438919277,12066,50
IDC,shipped,hoptimus1,random,scaled,0,4,0,spot,NCBI783,0.8938947368421053,2.2397454451175243,2.9161309933719037,0.056947368421052635,0.0491578947368421,1710,50
IDC,shipped,hoptimus1,random,scaled,0,4,0,spot,NCBI785,0.8930199068191444,2.368866233548529,3.1422137654350717,0.057213045319779755,0.04976704786107582,2361,50
IDC,shipped,hoptimus1,random,scaled,0,4,0,spot,TENX95,0.9008817013735047,2.0757263755405946,2.652552262345327,0.05637571998227736,0.04274257864421799,4514,50
IDC,shipped,hoptimus1,random,scaled,0,4,0,spot,TENX99,0.9038600525624179,1.975839025776988,2.5085844081780193,0.060476346911957954,0.03566360052562418,12176,50
IDC,shipped,hoptimus1,random,scaled,1,0,0,spot,NCBI783,0.8893569131832797,2.217647155668339,2.9206977134304544,0.06067524115755627,0.04996784565916399,622,50
IDC,shipped,hoptimus1,random,scaled,1,0,0,spot,NCBI785,0.8841958041958042,2.3375802300318727,3.162973810932213,0.06195804195804196,0.05384615384615385,858,50
IDC,shipped,hoptimus1,random,scaled,1,0,0,spot,TENX95,0.8998232174425457,2.0577177231161357,2.6309944292197214,0.058467884502062466,0.041708898055391866,1697,50
IDC,shipped,hoptimus1,random,scaled,1,0,0,spot,TENX99,0.9018459524329042,1.969089138246091,2.5233343337996788,0.06214706524110844,0.03600698232598734,4583,50
IDC,shipped,hoptimus1,random,scaled,1,1,0,spot,NCBI783,0.8916715542521995,2.253992000680918,2.9363362406332136,0.05829912023460411,0.05002932551319648,682,50
IDC,shipped,hoptimus1,random,scaled,1,1,0,spot,NCBI785,0.8972593431483579,2.3940876101220705,3.0864680667460265,0.05420158550396376,0.048539071347678375,883,50
IDC,shipped,hoptimus1,random,scaled,1,1,0,spot,TENX95,0.8970323325635104,2.055630450349457,2.6392886935777278,0.05757505773672055,0.045392609699769056,1732,50
IDC,shipped,hoptimus1,random,scaled,1,1,0,spot,TENX99,0.900869370378669,1.9563089184948461,2.5090458001148592,0.06318171633430428,0.035948913287026665,4463,50
IDC,shipped,hoptimus1,random,scaled,1,2,0,spot,NCBI783,0.8899845916795069,2.2218280550959424,2.9361788837787124,0.061694915254237294,0.04832049306625578,649,50
IDC,shipped,hoptimus1,random,scaled,1,2,0,spot,NCBI785,0.8900686498855834,2.353771619693343,3.145366511382922,0.053249427917620135,0.05668192219679634,874,50
IDC,shipped,hoptimus1,random,scaled,1,2,0,spot,TENX95,0.8989528795811519,2.0512769048023203,2.6331429588924435,0.05570680628272252,0.04534031413612565,1719,50
IDC,shipped,hoptimus1,random,scaled,1,2,0,spot,TENX99,0.9034882691456397,1.9717083479563495,2.5103312116548544,0.060664010624169984,0.035847720230190346,4518,50
IDC,shipped,hoptimus1,random,scaled,1,3,0,spot,NCBI783,0.898716744913928,2.2408712426488098,2.89149509259255,0.055805946791862286,0.045477308294209706,639,50
IDC,shipped,hoptimus1,random,scaled,1,3,0,spot,NCBI785,0.888869179600887,2.334319492375397,3.1733708831482943,0.06004434589800444,0.05108647450110865,902,50
IDC,shipped,hoptimus1,random,scaled,1,3,0,spot,TENX95,0.9014866434378629,2.0611075563936767,2.621765323074156,0.05631823461091754,0.042195121951219515,1722,50
IDC,shipped,hoptimus1,random,scaled,1,3,0,spot,TENX99,0.9026417611741161,1.9654914025767978,2.509830086502929,0.06258839226150767,0.03476984656437625,4497,50
IDC,shipped,hoptimus1,random,scaled,1,4,0,spot,NCBI783,0.8920930232558139,2.2217098703625764,2.9133303405116093,0.06075581395348837,0.04715116279069767,688,50
IDC,shipped,hoptimus1,random,scaled,1,4,0,spot,NCBI785,0.8913355048859934,2.345926077961545,3.121602089042462,0.05893593919652552,0.049728555917481,921,50
IDC,shipped,hoptimus1,random,scaled,1,4,0,spot,TENX95,0.898096906012843,2.051439798632668,2.638099404056884,0.05650904845300642,0.045394045534150614,1713,50
IDC,shipped,hoptimus1,random,scaled,1,4,0,spot,TENX99,0.9026498422712933,1.9692419971736366,2.504280472844468,0.06079315006759802,0.03655700766110861,4438,50
IDC,shipped,hoptimus1,random,scaled,2,0,0,spot,NCBI783,0.884,2.202210231323455,2.9199005343697695,0.06476470588235295,0.05123529411764705,340,50
IDC,shipped,hoptimus1,random,scaled,2,0,0,spot,NCBI785,0.8908370044052863,2.3501161502924686,3.1416601943975326,0.05766519823788546,0.05149779735682819,454,50
IDC,shipped,hoptimus1,random,scaled,2,0,0,spot,TENX95,0.8974139976275208,2.0770976647524475,2.6778901962941073,0.05919335705812574,0.0433926453143535,843,50
IDC,shipped,hoptimus1,random,scaled,2,0,0,spot,TENX99,0.90393594605984,1.9764620473807368,2.503690225936222,0.0609102402022756,0.03515381373788454,2373,50
IDC,shipped,hoptimus1,random,scaled,2,1,0,spot,NCBI783,0.8922981366459628,2.2031926368288897,2.8749080417535544,0.05571428571428571,0.05198757763975156,322,50
IDC,shipped,hoptimus1,random,scaled,2,1,0,spot,NCBI785,0.8836673773987207,2.353951419864945,3.1966491501195895,0.0549680170575693,0.06136460554371002,469,50
IDC,shipped,hoptimus1,random,scaled,2,1,0,spot,TENX95,0.8987791342952275,2.0870066726194865,2.6807717442157504,0.05496115427302997,0.04625971143174251,901,50
IDC,shipped,hoptimus1,random,scaled,2,1,0,spot,TENX99,0.9017515099223469,1.9549588910457054,2.502953245988733,0.06221742881794651,0.03603106125970665,2318,50
IDC,shipped,hoptimus1,random,scaled,2,2,0,spot,NCBI783,0.8854545454545455,2.2435415276641812,2.9764352246629597,0.06363636363636363,0.05090909090909091,341,50
IDC,shipped,hoptimus1,random,scaled,2,2,0,spot,NCBI785,0.8965470852017937,2.342314125424601,3.0545610782260404,0.057399103139013447,0.046053811659192825,446,50
IDC,shipped,hoptimus1,random,scaled,2,2,0,spot,TENX95,0.9026605504587155,2.088610612898232,2.6673014730896996,0.05587155963302752,0.04146788990825688,872,50
IDC,shipped,hoptimus1,random,scaled,2,2,0,spot,TENX99,0.9026371756699276,1.97653020249204,2.5258366098306992,0.062143768609102513,0.0352190557209698,2351,50
IDC,shipped,hoptimus1,random,scaled,2,3,0,spot,NCBI783,0.893900293255132,2.20982909958182,2.872623628035837,0.055425219941348976,0.05067448680351906,341,50
IDC,shipped,hoptimus1,random,scaled,2,3,0,spot,NCBI785,0.8941850220264317,2.368317006178714,3.101621215496353,0.05524229074889868,0.05057268722466961,454,50
IDC,shipped,hoptimus1,random,scaled,2,3,0,spot,TENX95,0.9039953810623557,2.063603606262904,2.6114094888602444,0.05445727482678984,0.041547344110854506,866,50
IDC,shipped,hoptimus1,random,scaled,2,3,0,spot,TENX99,0.903005534269902,1.9704197369602727,2.514530660671176,0.06126011068539804,0.03573435504469987,2349,50
IDC,shipped,hoptimus1,random,scaled,2,4,0,spot,NCBI783,0.8944516129032258,2.2150766301291696,2.859226865006444,0.05812903225806451,0.04741935483870968,310,50
IDC,shipped,hoptimus1,random,scaled,2,4,0,spot,NCBI785,0.8914549653579676,2.391881094618532,3.1488720545695723,0.05542725173210162,0.053117782909930716,433,50
IDC,shipped,hoptimus1,random,scaled,2,4,0,spot,TENX95,0.8985108820160366,2.062488326853698,2.655473628472198,0.05665521191294388,0.044833906071019475,873,50
IDC,shipped,hoptimus1,random,scaled,2,4,0,spot,TENX99,0.9014954051796157,1.9498668751602473,2.4920177920528954,0.06164578111946532,0.03685881370091896,2394,50
IDC,shipped,hoptimus1,random,scaled,3,0,0,spot,NCBI783,0.8878810408921933,2.218577454932033,2.9670163403827017,0.06468401486988848,0.04743494423791821,269,50
IDC,shipped,hoptimus1,random,scaled,3,0,0,spot,NCBI785,0.8939938080495357,2.404535496760159,3.238163427762395,0.05944272445820434,0.046563467492260056,323,50
IDC,shipped,hoptimus1,random,scaled,3,0,0,spot,TENX95,0.8987647058823529,2.0537658305503728,2.629154725530171,0.058852941176470594,0.04238235294117647,680,50
IDC,shipped,hoptimus1,random,scaled,3,0,0,spot,TENX99,0.9026197345643393,1.9638887601092698,2.508888269873315,0.0620196191575303,0.03536064627813041,1733,50
IDC,shipped,hoptimus1,random,scaled,3,1,0,spot,NCBI783,0.8881395348837209,2.211805715219376,2.9181436562426892,0.06263565891472868,0.04922480620155038,258,50
IDC,shipped,hoptimus1,random,scaled,3,1,0,spot,NCBI785,0.903894389438944,2.4145313209622965,3.077242633076872,0.051749174917491744,0.044356435643564354,303,50
IDC,shipped,hoptimus1,random,scaled,3,1,0,spot,TENX95,0.8986018237082066,2.077338526170587,2.6663108781116507,0.05683890577507599,0.04455927051671733,658,50
IDC,shipped,hoptimus1,random,scaled,3,1,0,spot,TENX99,0.9018701007838746,1.9690185182205815,2.519270582004432,0.062508398656215,0.03562150055991042,1786,50
IDC,shipped,hoptimus1,random,scaled,3,2,0,spot,NCBI783,0.8905426356589148,2.266520125599132,2.974882712124071,0.05953488372093023,0.04992248062015504,258,50
IDC,shipped,hoptimus1,random,scaled,3,2,0,spot,NCBI785,0.8831496062992126,2.3252348401012437,3.272873220089163,0.05942257217847769,0.05742782152230971,381,50
IDC,shipped,hoptimus1,random,scaled,3,2,0,spot,TENX95,0.8982884310618067,2.04502630686999,2.609761106699492,0.05955625990491284,0.042155309033280505,631,50
IDC,shipped,hoptimus1,random,scaled,3,2,0,spot,TENX99,0.9059365994236311,1.9780253320453667,2.5025840981727527,0.0605878962536023,0.033475504322766574,1735,50
IDC,shipped,hoptimus1,random,scaled,3,3,0,spot,NCBI783,0.8990677966101696,2.2576169442342113,2.897432495487746,0.05110169491525424,0.04983050847457627,236,50
IDC,shipped,hoptimus1,random,scaled,3,3,0,spot,NCBI785,0.893983286908078,2.3506488396515595,3.040796123317583,0.05554317548746518,0.050473537604456824,359,50
IDC,shipped,hoptimus1,random,scaled,3,3,0,spot,TENX95,0.9005142857142857,2.0744148044642277,2.665947963617267,0.056600000000000004,0.042885714285714284,700,50
IDC,shipped,hoptimus1,random,scaled,3,3,0,spot,TENX99,0.9026549707602339,1.9609490211684715,2.505706610517857,0.06133333333333334,0.036011695906432745,1710,50
IDC,shipped,hoptimus1,random,scaled,3,4,0,spot,NCBI783,0.8900392156862744,2.196430414572032,2.904212581829293,0.06376470588235293,0.04619607843137254,255,50
IDC,shipped,hoptimus1,random,scaled,3,4,0,spot,NCBI785,0.9025507246376812,2.3955295045649403,3.0518693656414397,0.04817391304347826,0.049275362318840575,345,50
IDC,shipped,hoptimus1,random,scaled,3,4,0,spot,TENX95,0.8933550488599349,2.046485139007852,2.659037764668263,0.06420195439739414,0.042442996742671005,614,50
IDC,shipped,hoptimus1,random,scaled,3,4,0,spot,TENX99,0.9023785594639865,1.977548297614056,2.5282535132487625,0.06222222222222222,0.03539921831379118,1791,50
LUNG,shipped,hoptimus1,donor,abs,LUNG_hest_patient_1,-1,0,block,TENX141,0.6136725935009197,1.982115533754979,8.626008282257077,0.2940588595953403,0.09226854690374005,3262,50
LUNG,shipped,hoptimus1,donor,abs,LUNG_hest_patient_1,-1,1,block,TENX141,0.6056591048436542,1.9867814230649383,9.089439785480064,0.3062109135499693,0.08812998160637646,3262,50
LUNG,shipped,hoptimus1,donor,abs,LUNG_hest_patient_1,-1,2,block,TENX141,0.6085530349478847,2.0205044420738445,8.784211999617119,0.31003065603923974,0.08141630901287554,3262,50
LUNG,shipped,hoptimus1,donor,abs,LUNG_hest_patient_2,-1,0,block,TENX118,0.5749485596707818,2.029298096154171,8.57681315163324,0.12703703703703703,0.29801440329218104,1944,50
LUNG,shipped,hoptimus1,donor,abs,LUNG_hest_patient_2,-1,1,block,TENX118,0.5817695473251029,2.0649140873319,8.16600816886318,0.13359053497942386,0.28463991769547325,1944,50
LUNG,shipped,hoptimus1,donor,abs,LUNG_hest_patient_2,-1,2,block,TENX118,0.5876543209876544,1.9843883415954844,8.28029453885688,0.13169753086419753,0.28064814814814815,1944,50
LUNG,shipped,hoptimus1,donor,scaled,LUNG_hest_patient_1,-1,0,block,TENX141,0.640797057020233,2.463129676682572,9.012065322498996,0.2665542611894543,0.0926486817903127,3262,50
LUNG,shipped,hoptimus1,donor,scaled,LUNG_hest_patient_1,-1,1,block,TENX141,0.6442121397915389,2.514025242103637,9.365526215184662,0.27221949724095645,0.0835683629675046,3262,50
LUNG,shipped,hoptimus1,donor,scaled,LUNG_hest_patient_1,-1,2,block,TENX141,0.6166217044757817,2.333849266892385,9.155654550080175,0.2828326180257511,0.1005456774984672,3262,50
LUNG,shipped,hoptimus1,donor,scaled,LUNG_hest_patient_2,-1,0,block,TENX118,0.5861008230452674,2.457311290002262,9.289977191172614,0.12965020576131686,0.28424897119341563,1944,50
LUNG,shipped,hoptimus1,donor,scaled,LUNG_hest_patient_2,-1,1,block,TENX118,0.5596399176954733,2.2270084026595223,9.595095029949498,0.14377572016460907,0.2965843621399177,1944,50
LUNG,shipped,hoptimus1,donor,scaled,LUNG_hest_patient_2,-1,2,block,TENX118,0.5784156378600823,2.226988549688566,8.88722378268659,0.13498971193415638,0.2865946502057613,1944,50
LUNG,shipped,hoptimus1,patient,abs,0,-1,0,block,TENX141,0.6437952176578786,2.150354036697383,8.532074690248,0.2809687308399755,0.07523605150214592,3262,50
LUNG,shipped,hoptimus1,patient,abs,0,-1,1,block,TENX141,0.620104230533415,2.0689632406775065,8.626506383562067,0.2991722869405273,0.08072348252605764,3262,50
LUNG,shipped,hoptimus1,patient,abs,0,-1,2,block,TENX141,0.6112017167381975,2.0241235309178762,8.619133718181146,0.30536480686695283,0.08343347639484978,3262,50
LUNG,shipped,hoptimus1,patient,abs,1,-1,0,block,TENX118,0.5764094650205762,2.080976299014472,8.782924044911251,0.12203703703703704,0.30155349794238684,1944,50
LUNG,shipped,hoptimus1,patient,abs,1,-1,1,block,TENX118,0.5767592592592592,2.063190920387858,8.032637467007936,0.13320987654320987,0.2900308641975309,1944,50
LUNG,shipped,hoptimus1,patient,abs,1,-1,2,block,TENX118,0.5815534979423869,1.9857488910929908,8.300087529647293,0.15333333333333335,0.2651131687242798,1944,50
LUNG,shipped,hoptimus1,patient,scaled,0,-1,0,block,TENX141,0.6744389944819129,2.947286448828866,8.607665120007253,0.24472103004291845,0.08083997547516861,3262,50
LUNG,shipped,hoptimus1,patient,scaled,0,-1,1,block,TENX141,0.5891968117719191,2.1841419638866553,9.811697157976392,0.3098405885959534,0.10096259963212754,3262,50
LUNG,shipped,hoptimus1,patient,scaled,0,-1,2,block,TENX141,0.6304966278356836,2.4372877922821576,9.194109981093476,0.28816676885346415,0.08133660331085224,3262,50
LUNG,shipped,hoptimus1,patient,scaled,1,-1,0,block,TENX118,0.577798353909465,2.4721354936513187,9.825284360861545,0.1174074074074074,0.30479423868312755,1944,50
LUNG,shipped,hoptimus1,patient,scaled,1,-1,1,block,TENX118,0.6154526748971193,2.645476190744554,8.834362511458345,0.11545267489711934,0.26909465020576134,1944,50
LUNG,shipped,hoptimus1,patient,scaled,1,-1,2,block,TENX118,0.6003395061728395,2.458458212449059,8.499934771116015,0.14602880658436213,0.2536316872427984,1944,50
LUNG,shipped,hoptimus1,random,abs,0,0,0,spot,TENX118,0.8987999999999999,2.035631713252246,2.6960379983034772,0.047792,0.053408,1250,50
LUNG,shipped,hoptimus1,random,abs,0,0,0,spot,TENX141,0.9068290258449303,2.0356317132522457,2.578816778798884,0.04434393638170974,0.048827037773359845,2012,50
LUNG,shipped,hoptimus1,random,abs,0,1,0,spot,TENX118,0.8949486977111286,2.018207550786814,2.691094796185719,0.0531965272296764,0.051854775059194946,1267,50
LUNG,shipped,hoptimus1,random,abs,0,1,0,spot,TENX141,0.9006416040100251,2.018207550786811,2.607712105175896,0.04837092731829574,0.0509874686716792,1995,50
LUNG,shipped,hoptimus1,random,abs,0,2,0,spot,TENX118,0.8895722356739306,1.9653224511016303,2.6921370052873748,0.053494753833736884,0.05693301049233253,1239,50
LUNG,shipped,hoptimus1,random,abs,0,2,0,spot,TENX141,0.8947899159663865,1.9653224511016283,2.589701775109,0.05030153237765694,0.0549085516559565,2023,50
LUNG,shipped,hoptimus1,random,abs,0,3,0,spot,TENX118,0.8994319131161237,2.025755535663852,2.683885625953605,0.05039264828738513,0.05017543859649123,1197,50
LUNG,shipped,hoptimus1,random,abs,0,3,0,spot,TENX141,0.9034673123486683,2.025755535663859,2.6014348060409818,0.04585956416464891,0.05067312348668281,2065,50
LUNG,shipped,hoptimus1,random,abs,0,4,0,spot,TENX118,0.8974117647058822,2.0322516329666955,2.6903057981878074,0.048201680672268904,0.05438655462184874,1190,50
LUNG,shipped,hoptimus1,random,abs,0,4,0,spot,TENX141,0.9049324324324324,2.0322516329666906,2.581560900921279,0.044787644787644784,0.050279922779922784,2072,50
LUNG,shipped,hoptimus1,random,abs,1,0,0,spot,TENX118,0.8942134831460674,2.0124132672022075,2.7020732869238397,0.05294943820224719,0.05283707865168539,712,50
LUNG,shipped,hoptimus1,random,abs,1,0,0,spot,TENX141,0.9023701298701299,2.0124132672022044,2.5828006150366396,0.0450487012987013,0.05258116883116883,1232,50
LUNG,shipped,hoptimus1,random,abs,1,1,0,spot,TENX118,0.8938705035971224,1.9961108858925376,2.6711086689869035,0.053755395683453236,0.052374100719424464,695,50
LUNG,shipped,hoptimus1,random,abs,1,1,0,spot,TENX141,0.899103282626101,1.9961108858925427,2.5971344053690415,0.04927141713370697,0.05162530024019216,1249,50
LUNG,shipped,hoptimus1,random,abs,1,2,0,spot,TENX118,0.8971794871794871,2.032823503433381,2.706652072447761,0.0472934472934473,0.05552706552706553,702,50
LUNG,shipped,hoptimus1,random,abs,1,2,0,spot,TENX141,0.9015619967793882,2.032823503433378,2.5971016191421734,0.04843800322061192,0.05,1242,50
LUNG,shipped,hoptimus1,random,abs,1,3,0,spot,TENX118,0.8933510638297872,1.9993325672884863,2.682655278452351,0.05382978723404255,0.05281914893617021,752,50
LUNG,shipped,hoptimus1,random,abs,1,3,0,spot,TENX141,0.9014093959731544,1.9993325672884887,2.565760609628732,0.045922818791946304,0.052667785234899324,1192,50
LUNG,shipped,hoptimus1,random,abs,1,4,0,spot,TENX118,0.8942382271468143,2.0120164642491556,2.6952716810914046,0.05218836565096953,0.05357340720221607,722,50
LUNG,shipped,hoptimus1,random,abs,1,4,0,spot,TENX141,0.9033878887070377,2.0120164642491565,2.5662669630963846,0.04456628477905074,0.05204582651391162,1222,50
LUNG,shipped,hoptimus1,random,scaled,0,0,0,spot,TENX118,0.90264,2.489503524827468,3.1253349065639093,0.045759999999999995,0.0516,1250,50
LUNG,shipped,hoptimus1,random,scaled,0,0,0,spot,TENX141,0.9045029821073558,2.4414048455838664,3.0234577368640743,0.04714711729622266,0.048349900596421476,2012,50
LUNG,shipped,hoptimus1,random,scaled,0,1,0,spot,TENX118,0.898752959747435,2.4896723168191017,3.150445732904584,0.04876085240726125,0.05248618784530387,1267,50
LUNG,shipped,hoptimus1,random,scaled,0,1,0,spot,TENX141,0.8973834586466165,2.4057293892167553,3.049829063421285,0.05093734335839599,0.051679197994987464,1995,50
LUNG,shipped,hoptimus1,random,scaled,0,2,0,spot,TENX118,0.8928006456820016,2.436977204646555,3.160361077783853,0.05112187247780468,0.056077481840193705,1239,50
LUNG,shipped,hoptimus1,random,scaled,0,2,0,spot,TENX141,0.900731586752348,2.411356934459622,3.0397419895775823,0.04897676717745922,0.050291646070192784,2023,50
LUNG,shipped,hoptimus1,random,scaled,0,3,0,spot,TENX118,0.902890559732665,2.4868557554054544,3.110012084861323,0.04890559732664996,0.04820384294068505,1197,50
LUNG,shipped,hoptimus1,random,scaled,0,3,0,spot,TENX141,0.897501210653753,2.4023506710398017,3.02862434099253,0.0493365617433414,0.053162227602905565,2065,50
LUNG,shipped,hoptimus1,random,scaled,0,4,0,spot,TENX118,0.9004201680672268,2.4952169158575583,3.1424926960585164,0.046991596638655465,0.052588235294117644,1190,50
LUNG,shipped,hoptimus1,random,scaled,0,4,0,spot,TENX141,0.9036776061776063,2.483649606645963,3.078197290906628,0.04572393822393822,0.050598455598455605,2072,50
LUNG,shipped,hoptimus1,random,scaled,1,0,0,spot,TENX118,0.9008707865168539,2.485844440447856,3.1445428615569004,0.04949438202247191,0.04963483146067416,712,50
LUNG,shipped,hoptimus1,random,scaled,1,0,0,spot,TENX141,0.9001623376623377,2.436241153085212,3.043013825492265,0.04737012987012987,0.05246753246753246,1232,50
LUNG,shipped,hoptimus1,random,scaled,1,1,0,spot,TENX118,0.9064172661870503,2.511055342907611,3.100294795013167,0.04633093525179856,0.047251798561151075,695,50
LUNG,shipped,hoptimus1,random,scaled,1,1,0,spot,TENX141,0.9017934347477983,2.45213809143357,3.055574861587555,0.048518815052041635,0.04968775020016013,1249,50
LUNG,shipped,hoptimus1,random,scaled,1,2,0,spot,TENX118,0.9022222222222223,2.53917369052315,3.1672388370017033,0.045954415954415954,0.05182336182336182,702,50
LUNG,shipped,hoptimus1,random,scaled,1,2,0,spot,TENX141,0.9010144927536231,2.4858953243233337,3.1112831943641504,0.050096618357487924,0.04888888888888889,1242,50
LUNG,shipped,hoptimus1,random,scaled,1,3,0,spot,TENX118,0.8937765957446808,2.4327246521181096,3.1153607862500325,0.05303191489361702,0.05319148936170213,752,50
LUNG,shipped,hoptimus1,random,scaled,1,3,0,spot,TENX141,0.9008557046979866,2.396355602433195,2.992408248163706,0.04577181208053691,0.053372483221476516,1192,50
LUNG,shipped,hoptimus1,random,scaled,1,4,0,spot,TENX118,0.8963434903047092,2.4499958951544953,3.117896304610418,0.04933518005540166,0.0543213296398892,722,50
LUNG,shipped,hoptimus1,random,scaled,1,4,0,spot,TENX141,0.9013256955810146,2.403376799709109,3.0213220561539513,0.04556464811783961,0.05310965630114566,1222,50
LYMPH_IDC,shipped,hoptimus1,donor,abs,Patient_3,-1,0,donor,NCBI684,0.9083854166666667,2.2631319590539407,3.327637375245588,0.08261217948717949,0.009002403846153846,4992,50
LYMPH_IDC,shipped,hoptimus1,donor,abs,Patient_3,-1,1,donor,NCBI684,0.9238100961538461,2.5787976107959656,3.468541712556274,0.07159855769230769,0.004591346153846154,4992,50
LYMPH_IDC,shipped,hoptimus1,donor,abs,Patient_3,-1,2,donor,NCBI684,0.9372355769230769,2.9016857763711648,3.6507567494846422,0.055488782051282055,0.007275641025641025,4992,50
LYMPH_IDC,shipped,hoptimus1,donor,abs,Patient_6,-1,0,donor,NCBI683,0.9059134615384616,2.982084655693032,4.332854036082728,0.0744951923076923,0.019591346153846154,4992,50
LYMPH_IDC,shipped,hoptimus1,donor,abs,Patient_6,-1,1,donor,NCBI683,0.9063982371794872,2.981923718882293,4.3325760020683495,0.07451923076923078,0.01908253205128205,4992,50
LYMPH_IDC,shipped,hoptimus1,donor,abs,Patient_6,-1,2,donor,NCBI683,0.6676722756410257,1.9829197067586437,5.022822934582092,0.08282852564102564,0.24949919871794873,4992,50
LYMPH_IDC,shipped,hoptimus1,donor,abs,Patient_7,-1,0,donor,NCBI682,0.6219286287089014,1.6715965147913843,6.951657821289862,0.34310745789895747,0.03496391339214114,4988,50
LYMPH_IDC,shipped,hoptimus1,donor,abs,Patient_7,-1,1,donor,NCBI682,0.64943865276664,1.8793795437935608,6.9716593696174485,0.3405733761026463,0.009987971130713712,4988,50
LYMPH_IDC,shipped,hoptimus1,donor,abs,Patient_7,-1,2,donor,NCBI682,0.6071291098636729,1.7542594341932927,7.5227757545096186,0.3684001603849238,0.024470729751403367,4988,50
LYMPH_IDC,shipped,hoptimus1,donor,abs,Patient_8,-1,0,donor,NCBI681,0.9040024038461538,2.7332684402189913,3.916718603258967,0.07681490384615385,0.019182692307692307,4992,50
LYMPH_IDC,shipped,hoptimus1,donor,abs,Patient_8,-1,1,donor,NCBI681,0.8898557692307691,2.9582849189968266,4.117917762020594,0.07231570512820512,0.03782852564102564,4992,50
LYMPH_IDC,shipped,hoptimus1,donor,abs,Patient_8,-1,2,donor,NCBI681,0.9040024038461538,2.7332684402189913,3.916718603258967,0.07681490384615385,0.019182692307692307,4992,50
LYMPH_IDC,shipped,hoptimus1,donor,scaled,Patient_3,-1,0,donor,NCBI684,0.8515665064102563,2.4284923519409567,3.717461805284935,0.1402003205128205,0.008233173076923077,4992,50
LYMPH_IDC,shipped,hoptimus1,donor,scaled,Patient_3,-1,1,donor,NCBI684,0.8422075320512821,2.806866836982412,4.134052993041155,0.1417948717948718,0.015997596153846154,4992,50
LYMPH_IDC,shipped,hoptimus1,donor,scaled,Patient_3,-1,2,donor,NCBI684,0.8633934294871795,2.17729264347248,3.301037061132133,0.12487179487179487,0.011734775641025642,4992,50
LYMPH_IDC,shipped,hoptimus1,donor,scaled,Patient_6,-1,0,donor,NCBI683,0.888633814102564,3.579919505349901,4.654770990530777,0.07522836538461539,0.03613782051282051,4992,50
LYMPH_IDC,shipped,hoptimus1,donor,scaled,Patient_6,-1,1,donor,NCBI683,0.8891266025641026,3.575584690542545,4.650161766263603,0.07518830128205128,0.03568509615384616,4992,50
LYMPH_IDC,shipped,hoptimus1,donor,scaled,Patient_6,-1,2,donor,NCBI683,0.6897596153846153,3.852980130493226,7.196494624654784,0.044987980769230766,0.26525240384615384,4992,50
LYMPH_IDC,shipped,hoptimus1,donor,scaled,Patient_7,-1,0,donor,NCBI682,0.7821331194867682,4.222544089909356,6.835652569051079,0.1952927024859663,0.022574178027265437,4988,50
LYMPH_IDC,shipped,hoptimus1,donor,scaled,Patient_7,-1,1,donor,NCBI682,0.6203047313552527,2.103586997757967,7.673624423264943,0.3581756214915798,0.021519647153167606,4988,50
LYMPH_IDC,shipped,hoptimus1,donor,scaled,Patient_7,-1,2,donor,NCBI682,0.6137931034482759,2.1372825936314372,7.7597925358603606,0.37046912590216524,0.015737770649558943,4988,50
LYMPH_IDC,shipped,hoptimus1,donor,scaled,Patient_8,-1,0,donor,NCBI681,0.8757051282051281,3.4430479979072617,4.806411645566155,0.09385016025641026,0.03044471153846154,4992,50
LYMPH_IDC,shipped,hoptimus1,donor,scaled,Patient_8,-1,1,donor,NCBI681,0.896338141025641,7.000444982544138,8.02175642092952,0.06915865384615384,0.03450320512820513,4992,50
LYMPH_IDC,shipped,hoptimus1,donor,scaled,Patient_8,-1,2,donor,NCBI681,0.8757051282051281,3.4430479979072617,4.806411645566155,0.09385016025641026,0.03044471153846154,4992,50
LYMPH_IDC,shipped,hoptimus1,patient,abs,0,-1,0,patient,NCBI684,0.9238100961538461,2.5787976107959656,3.468541712556274,0.07159855769230769,0.004591346153846154,4992,50
LYMPH_IDC,shipped,hoptimus1,patient,abs,0,-1,1,patient,NCBI684,0.9083854166666667,2.2631319590539407,3.327637375245588,0.08261217948717949,0.009002403846153846,4992,50
LYMPH_IDC,shipped,hoptimus1,patient,abs,0,-1,2,patient,NCBI684,0.9238100961538461,2.5787976107959656,3.468541712556274,0.07159855769230769,0.004591346153846154,4992,50
LYMPH_IDC,shipped,hoptimus1,patient,abs,1,-1,0,patient,NCBI683,0.9064503205128205,2.982470125429179,4.332820643756676,0.07442708333333334,0.019122596153846153,4992,50
LYMPH_IDC,shipped,hoptimus1,patient,abs,1,-1,1,patient,NCBI683,0.6966907051282051,2.300050799236134,4.748611616299093,0.07238782051282051,0.23092147435897437,4992,50
LYMPH_IDC,shipped,hoptimus1,patient,abs,1,-1,2,patient,NCBI683,0.6676722756410257,1.9829197067586437,5.022822934582092,0.08282852564102564,0.24949919871794873,4992,50
LYMPH_IDC,shipped,hoptimus1,patient,abs,2,-1,0,patient,NCBI682,0.6497634322373698,1.88023211737159,6.962275153810233,0.3401804330392943,0.010056134723336005,4988,50
LYMPH_IDC,shipped,hoptimus1,patient,abs,2,-1,1,patient,NCBI682,0.6498636728147553,1.8802109094400856,6.962797472756692,0.34007618283881313,0.010060144346431434,4988,50
LYMPH_IDC,shipped,hoptimus1,patient,abs,2,-1,2,patient,NCBI682,0.6216439454691259,1.671618803457784,6.954614005124923,0.34331595829991984,0.03504009623095429,4988,50
LYMPH_IDC,shipped,hoptimus1,patient,abs,3,-1,0,patient,NCBI681,0.9040024038461538,2.7332684402189913,3.916718603258967,0.07681490384615385,0.019182692307692307,4992,50
LYMPH_IDC,shipped,hoptimus1,patient,abs,3,-1,1,patient,NCBI681,0.9040024038461538,2.7332684402189913,3.916718603258967,0.07681490384615385,0.019182692307692307,4992,50
LYMPH_IDC,shipped,hoptimus1,patient,abs,3,-1,2,patient,NCBI681,0.9040024038461538,2.7332684402189913,3.916718603258967,0.07681490384615385,0.019182692307692307,4992,50
LYMPH_IDC,shipped,hoptimus1,patient,scaled,0,-1,0,patient,NCBI684,0.8422075320512821,2.806866836982412,4.134052993041155,0.1417948717948718,0.015997596153846154,4992,50
LYMPH_IDC,shipped,hoptimus1,patient,scaled,0,-1,1,patient,NCBI684,0.8515665064102563,2.4284923519409567,3.717461805284935,0.1402003205128205,0.008233173076923077,4992,50
LYMPH_IDC,shipped,hoptimus1,patient,scaled,0,-1,2,patient,NCBI684,0.8422075320512821,2.806866836982412,4.134052993041155,0.1417948717948718,0.015997596153846154,4992,50
LYMPH_IDC,shipped,hoptimus1,patient,scaled,1,-1,0,patient,NCBI683,0.888770032051282,3.5749767664802374,4.651353147881195,0.0752323717948718,0.03599759615384615,4992,50
LYMPH_IDC,shipped,hoptimus1,patient,scaled,1,-1,1,patient,NCBI683,0.699354967948718,2.2833628906539225,5.530348158069216,0.07941907051282052,0.22122596153846152,4992,50
LYMPH_IDC,shipped,hoptimus1,patient,scaled,1,-1,2,patient,NCBI683,0.6897596153846153,3.852980130493226,7.196494624654784,0.044987980769230766,0.26525240384615384,4992,50
LYMPH_IDC,shipped,hoptimus1,patient,scaled,2,-1,0,patient,NCBI682,0.6207377706495589,2.102266341217147,7.660312522314914,0.35765838011226947,0.021603849238171616,4988,50
LYMPH_IDC,shipped,hoptimus1,patient,scaled,2,-1,1,patient,NCBI682,0.6205733761026463,2.0938525044932716,7.653589323993502,0.35752606255012026,0.02190056134723336,4988,50
LYMPH_IDC,shipped,hoptimus1,patient,scaled,2,-1,2,patient,NCBI682,0.7820609462710505,4.215668704148791,6.833273013957904,0.19524057738572573,0.022698476343223736,4988,50
LYMPH_IDC,shipped,hoptimus1,patient,scaled,3,-1,0,patient,NCBI681,0.8757051282051281,3.4430479979072617,4.806411645566155,0.09385016025641026,0.03044471153846154,4992,50
LYMPH_IDC,shipped,hoptimus1,patient,scaled,3,-1,1,patient,NCBI681,0.8757051282051281,3.4430479979072617,4.806411645566155,0.09385016025641026,0.03044471153846154,4992,50
LYMPH_IDC,shipped,hoptimus1,patient,scaled,3,-1,2,patient,NCBI681,0.8757051282051281,3.4430479979072617,4.806411645566155,0.09385016025641026,0.03044471153846154,4992,50
LYMPH_IDC,shipped,hoptimus1,random,abs,0,0,0,spot,NCBI681,0.9077388535031846,1.4895561334269984,1.941251164192909,0.06808917197452229,0.024171974522292996,1256,50
LYMPH_IDC,shipped,hoptimus1,random,abs,0,0,0,spot,NCBI682,0.8324837662337663,1.4895561334269984,2.424467673590905,0.09939935064935065,0.06811688311688312,1232,50
LYMPH_IDC,shipped,hoptimus1,random,abs,0,0,0,spot,NCBI683,0.9257977883096367,1.4895561334269984,1.817795180320305,0.05287519747235387,0.02132701421800948,1266,50
LYMPH_IDC,shipped,hoptimus1,random,abs,0,0,0,spot,NCBI684,0.9302907915993538,1.4895561334269984,1.812661187526845,0.05413570274636511,0.0155735056542811,1238,50
LYMPH_IDC,shipped,hoptimus1,random,abs,0,1,0,spot,NCBI681,0.9093700787401575,1.4952967594437376,1.9263753712834852,0.06782677165354331,0.02280314960629921,1270,50
LYMPH_IDC,shipped,hoptimus1,random,abs,0,1,0,spot,NCBI682,0.8374501992031873,1.4952967594437376,2.3708891675811956,0.10065338645418327,0.061896414342629484,1255,50
LYMPH_IDC,shipped,hoptimus1,random,abs,0,1,0,spot,NCBI683,0.927557003257329,1.4952967594437376,1.8212761978685512,0.05260586319218241,0.0198371335504886,1228,50
LYMPH_IDC,shipped,hoptimus1,random,abs,0,1,0,spot,NCBI684,0.9371751412429379,1.4952967594437376,1.7753419561514139,0.047425343018563354,0.01539951573849879,1239,50
LYMPH_IDC,shipped,hoptimus1,random,abs,0,2,0,spot,NCBI681,0.9078870967741934,1.4964190611860828,1.947778826102226,0.06919354838709676,0.022919354838709678,1240,50
LYMPH_IDC,shipped,hoptimus1,random,abs,0,2,0,spot,NCBI682,0.8301251956181533,1.4964190611860833,2.4201006484287872,0.10284820031298905,0.06702660406885759,1278,50
LYMPH_IDC,shipped,hoptimus1,random,abs,0,2,0,spot,NCBI683,0.9251581508515815,1.4964190611860828,1.8330959142923025,0.05274939172749391,0.022092457420924572,1233,50
LYMPH_IDC,shipped,hoptimus1,random,abs,0,2,0,spot,NCBI684,0.9319580983078163,1.4964190611860828,1.816139427900226,0.05315068493150685,0.014891216760676873,1241,50
LYMPH_IDC,shipped,hoptimus1,random,abs,0,3,0,spot,NCBI681,0.9095721077654517,1.502383452742308,1.9358637998973394,0.06754358161648177,0.022884310618066558,1262,50
LYMPH_IDC,shipped,hoptimus1,random,abs,0,3,0,spot,NCBI682,0.8355884773662551,1.502383452742307,2.389220665750503,0.09631275720164609,0.06809876543209877,1215,50
LYMPH_IDC,shipped,hoptimus1,random,abs,0,3,0,spot,NCBI683,0.9294867807153966,1.5023834527423083,1.8091863311248202,0.05166407465007776,0.01884914463452566,1286,50
LYMPH_IDC,shipped,hoptimus1,random,abs,0,3,0,spot,NCBI684,0.9337672904800651,1.5023834527423074,1.8079188874385397,0.05243287225386493,0.013799837266069976,1229,50
LYMPH_IDC,shipped,hoptimus1,random,abs,0,4,0,spot,NCBI681,0.9096084828711257,1.5046249431416892,1.9422529144029133,0.06745513866231648,0.02293637846655791,1226,50
LYMPH_IDC,shipped,hoptimus1,random,abs,0,4,0,spot,NCBI682,0.8365365853658537,1.5046249431416892,2.394214887451666,0.10152845528455284,0.0619349593495935,1230,50
LYMPH_IDC,shipped,hoptimus1,random,abs,0,4,0,spot,NCBI683,0.9286212121212121,1.5046249431416903,1.8144379297795388,0.05142424242424243,0.019954545454545454,1320,50
LYMPH_IDC,shipped,hoptimus1,random,abs,0,4,0,spot,NCBI684,0.9339638157894737,1.5046249431416887,1.8127912217873676,0.05162828947368421,0.014407894736842106,1216,50
LYMPH_IDC,shipped,hoptimus1,random,abs,1,0,0,spot,NCBI681,0.9112560386473431,1.4929798098968954,1.9330259653989272,0.06666666666666667,0.022077294685990338,1242,50
LYMPH_IDC,shipped,hoptimus1,random,abs,1,0,0,spot,NCBI682,0.8346031746031746,1.4929798098968954,2.396132050286249,0.09733333333333333,0.06806349206349206,1260,50
LYMPH_IDC,shipped,hoptimus1,random,abs,1,0,0,spot,NCBI683,0.9271790808240887,1.4929798098968954,1.8131866954548468,0.051727416798732176,0.02109350237717908,1262,50
LYMPH_IDC,shipped,hoptimus1,random,abs,1,0,0,spot,NCBI684,0.933257328990228,1.4929798098968954,1.8059183230120504,0.05087947882736156,0.015863192182410425,1228,50
LYMPH_IDC,shipped,hoptimus1,random,abs,1,1,0,spot,NCBI681,0.9086490683229813,1.4942746898519115,1.940929458324699,0.06972049689440993,0.021630434782608697,1288,50
LYMPH_IDC,shipped,hoptimus1,random,abs,1,1,0,spot,NCBI682,0.8337808641975308,1.4942746898519115,2.404413985690824,0.10246913580246914,0.06375,1296,50
LYMPH_IDC,shipped,hoptimus1,random,abs,1,1,0,spot,NCBI683,0.9285738396624472,1.4942746898519106,1.799165919883545,0.05127426160337553,0.020151898734177217,1185,50
LYMPH_IDC,shipped,hoptimus1,random,abs,1,1,0,spot,NCBI684,0.9313491414554375,1.4942746898519113,1.8087871689817516,0.05363859362224039,0.015012264922322159,1223,50
LYMPH_IDC,shipped,hoptimus1,random,abs,1,2,0,spot,NCBI681,0.9083346741753822,1.4997975703301438,1.9371694223944262,0.06872083668543846,0.022944489139179406,1243,50
LYMPH_IDC,shipped,hoptimus1,random,abs,1,2,0,spot,NCBI682,0.8347166799680766,1.499797570330144,2.4640752113568967,0.0984197924980048,0.0668635275339186,1253,50
LYMPH_IDC,shipped,hoptimus1,random,abs,1,2,0,spot,NCBI683,0.9285303514376997,1.499797570330144,1.8156648529137782,0.053338658146964854,0.018130990415335464,1252,50
LYMPH_IDC,shipped,hoptimus1,random,abs,1,2,0,spot,NCBI684,0.9342443729903538,1.4997975703301438,1.8055227547382626,0.05146302250803859,0.014292604501607718,1244,50
LYMPH_IDC,shipped,hoptimus1,random,abs,1,3,0,spot,NCBI681,0.9049644268774704,1.4871418603439395,1.9542461518000998,0.07101976284584981,0.02401581027667984,1265,50
LYMPH_IDC,shipped,hoptimus1,random,abs,1,3,0,spot,NCBI682,0.8300412201154164,1.4871418603439401,2.4519729650292392,0.09765869744435285,0.07230008244023084,1213,50
LYMPH_IDC,shipped,hoptimus1,random,abs,1,3,0,spot,NCBI683,0.9256156862745099,1.4871418603439395,1.8073327201013871,0.05454117647058823,0.01984313725490196,1275,50
LYMPH_IDC,shipped,hoptimus1,random,abs,1,3,0,spot,NCBI684,0.9306698950766747,1.4871418603439397,1.801617840829179,0.054059725585149314,0.015270379338175948,1239,50
LYMPH_IDC,shipped,hoptimus1,random,abs,1,4,0,spot,NCBI681,0.9080290791599355,1.4962737453258959,1.9496821105642803,0.06838449111470113,0.02358642972536349,1238,50
LYMPH_IDC,shipped,hoptimus1,random,abs,1,4,0,spot,NCBI682,0.8348207171314741,1.4962737453258959,2.418421886813699,0.10074900398406374,0.06443027888446215,1255,50
LYMPH_IDC,shipped,hoptimus1,random,abs,1,4,0,spot,NCBI683,0.9261978740801308,1.4962737453258959,1.8249088019110031,0.05197056418642682,0.02183156173344235,1223,50
LYMPH_IDC,shipped,hoptimus1,random,abs,1,4,0,spot,NCBI684,0.9310971786833856,1.4962737453258959,1.8148919361353586,0.0535423197492163,0.01536050156739812,1276,50
LYMPH_IDC,shipped,hoptimus1,random,abs,2,0,0,spot,NCBI681,0.9101435406698565,1.508752845815234,1.9520415744763087,0.06698564593301436,0.022870813397129187,1254,50
LYMPH_IDC,shipped,hoptimus1,random,abs,2,0,0,spot,NCBI682,0.8408796680497926,1.508752845815234,2.3636764308500546,0.09895435684647304,0.06016597510373444,1205,50
LYMPH_IDC,shipped,hoptimus1,random,abs,2,0,0,spot,NCBI683,0.9306499608457323,1.5087528458152344,1.819215219360442,0.05126076742364918,0.018089271730618636,1277,50
LYMPH_IDC,shipped,hoptimus1,random,abs,2,0,0,spot,NCBI684,0.9360223642172524,1.508752845815234,1.7987631794843018,0.049888178913738014,0.014089456869009585,1252,50
LYMPH_IDC,shipped,hoptimus1,random,abs,2,1,0,spot,NCBI681,0.9088744939271255,1.503130493220634,1.9518766871516329,0.06926315789473685,0.021862348178137654,1235,50
LYMPH_IDC,shipped,hoptimus1,random,abs,2,1,0,spot,NCBI682,0.8336370777690495,1.503130493220634,2.4072483079923774,0.1031107619795758,0.06325216025137471,1273,50
LYMPH_IDC,shipped,hoptimus1,random,abs,2,1,0,spot,NCBI683,0.928881469115192,1.5031304932206337,1.8122858739135612,0.05285475792988314,0.018263772954924876,1198,50
LYMPH_IDC,shipped,hoptimus1,random,abs,2,1,0,spot,NCBI684,0.9334009360374416,1.503130493220634,1.8156575784355218,0.0514040561622465,0.015195007800312013,1282,50
LYMPH_IDC,shipped,hoptimus1,random,abs,2,2,0,spot,NCBI681,0.9107201309328968,1.4909890279659785,1.9273741902223944,0.06703764320785598,0.022242225859247136,1222,50
LYMPH_IDC,shipped,hoptimus1,random,abs,2,2,0,spot,NCBI682,0.8315213946117274,1.4909890279659792,2.4374796744616405,0.10421553090332805,0.06426307448494453,1262,50
LYMPH_IDC,shipped,hoptimus1,random,abs,2,2,0,spot,NCBI683,0.9268128425998434,1.4909890279659792,1.820245662754855,0.0535317149569303,0.019655442443226312,1277,50
LYMPH_IDC,shipped,hoptimus1,random,abs,2,2,0,spot,NCBI684,0.9362021189894051,1.4909890279659785,1.7880534130247603,0.04971475142624286,0.014083129584352079,1227,50
LYMPH_IDC,shipped,hoptimus1,random,abs,2,3,0,spot,NCBI681,0.9063961813842483,1.4808410765154911,1.9387105026343177,0.06779634049323786,0.02580747812251392,1257,50
LYMPH_IDC,shipped,hoptimus1,random,abs,2,3,0,spot,NCBI682,0.8249159327461969,1.4808410765154911,2.451757851958855,0.1078302642113691,0.06725380304243395,1249,50
LYMPH_IDC,shipped,hoptimus1,random,abs,2,3,0,spot,NCBI683,0.9263502454991817,1.4808410765154911,1.7970158107649832,0.053240589198036,0.020409165302782327,1222,50
LYMPH_IDC,shipped,hoptimus1,random,abs,2,3,0,spot,NCBI684,0.9315714285714286,1.4808410765154911,1.7961572002134008,0.05274603174603174,0.015682539682539683,1260,50
LYMPH_IDC,shipped,hoptimus1,random,abs,2,4,0,spot,NCBI681,0.9088818897637795,1.4874352828753987,1.9370301909507088,0.06837795275590551,0.022740157480314962,1270,50
LYMPH_IDC,shipped,hoptimus1,random,abs,2,4,0,spot,NCBI682,0.8270540098199674,1.4874352828753987,2.445799226898718,0.10594108019639935,0.06700490998363338,1222,50
LYMPH_IDC,shipped,hoptimus1,random,abs,2,4,0,spot,NCBI683,0.9255485893416927,1.4874352828753987,1.8098584046508805,0.053557993730407524,0.020893416927899686,1276,50
LYMPH_IDC,shipped,hoptimus1,random,abs,2,4,0,spot,NCBI684,0.9304426229508196,1.4874352828753987,1.8096868842716043,0.05477049180327869,0.014786885245901639,1220,50
LYMPH_IDC,shipped,hoptimus1,random,abs,3,0,0,spot,NCBI681,0.9046239113222486,1.4852675596824676,1.9572988449966866,0.07038796516231195,0.024988123515439428,1263,50
LYMPH_IDC,shipped,hoptimus1,random,abs,3,0,0,spot,NCBI682,0.828449111470113,1.4852675596824676,2.4346694952907244,0.10492730210016156,0.06662358642972536,1238,50
LYMPH_IDC,shipped,hoptimus1,random,abs,3,0,0,spot,NCBI683,0.928196981731533,1.4852675596824676,1.7959030111900156,0.05150119142176331,0.020301826846703733,1259,50
LYMPH_IDC,shipped,hoptimus1,random,abs,3,0,0,spot,NCBI684,0.9347240259740259,1.4852675596824676,1.7825659391745952,0.049935064935064936,0.015340909090909089,1232,50
LYMPH_IDC,shipped,hoptimus1,random,abs,3,1,0,spot,NCBI681,0.9058080808080808,1.4938349991944575,1.949418824666217,0.07,0.02419191919191919,1188,50
LYMPH_IDC,shipped,hoptimus1,random,abs,3,1,0,spot,NCBI682,0.8327914110429449,1.4938349991944582,2.4084131481026163,0.09544478527607363,0.0717638036809816,1304,50
LYMPH_IDC,shipped,hoptimus1,random,abs,3,1,0,spot,NCBI683,0.9264972200158855,1.493834999194458,1.8186333062220157,0.05393169181890389,0.019571088165210485,1259,50
LYMPH_IDC,shipped,hoptimus1,random,abs,3,1,0,spot,NCBI684,0.9307010475423045,1.4938349991944577,1.809403053639047,0.05255439161966156,0.016744560838033842,1241,50
LYMPH_IDC,shipped,hoptimus1,random,abs,3,2,0,spot,NCBI681,0.9086073957513768,1.4937634413995493,1.9368447439631304,0.06796223446105429,0.023430369787568846,1271,50
LYMPH_IDC,shipped,hoptimus1,random,abs,3,2,0,spot,NCBI682,0.8356872427983539,1.49376344139955,2.3940548344032275,0.10273251028806583,0.061580246913580244,1215,50
LYMPH_IDC,shipped,hoptimus1,random,abs,3,2,0,spot,NCBI683,0.9259057071960298,1.49376344139955,1.8227293122015693,0.054292803970223326,0.019801488833746897,1209,50
LYMPH_IDC,shipped,hoptimus1,random,abs,3,2,0,spot,NCBI684,0.9325520431765613,1.4937634413995493,1.8030194830926263,0.05116422513492675,0.01628373168851195,1297,50
LYMPH_IDC,shipped,hoptimus1,random,abs,3,3,0,spot,NCBI681,0.9093709677419355,1.4989723616598105,1.948114548840949,0.0692258064516129,0.021403225806451612,1240,50
LYMPH_IDC,shipped,hoptimus1,random,abs,3,3,0,spot,NCBI682,0.8345341614906832,1.4989723616598105,2.423639967135586,0.10118012422360248,0.0642857142857143,1288,50
LYMPH_IDC,shipped,hoptimus1,random,abs,3,3,0,spot,NCBI683,0.9276848090982941,1.4989723616598105,1.8177377279940894,0.052331437855402105,0.01998375304630382,1231,50
LYMPH_IDC,shipped,hoptimus1,random,abs,3,3,0,spot,NCBI684,0.9350040551500406,1.4989723616598105,1.8006721731252722,0.05065693430656935,0.014339010543390105,1233,50
LYMPH_IDC,shipped,hoptimus1,random,abs,3,4,0,spot,NCBI681,0.9083779264214047,1.496106633159742,1.9500135601710413,0.0688963210702341,0.022725752508361206,1196,50
LYMPH_IDC,shipped,hoptimus1,random,abs,3,4,0,spot,NCBI682,0.8351876019575856,1.4961066331597426,2.4152779121919665,0.09807504078303425,0.0667373572593801,1226,50
LYMPH_IDC,shipped,hoptimus1,random,abs,3,4,0,spot,NCBI683,0.924437450826121,1.4961066331597428,1.8287545863990824,0.05641227380015736,0.01915027537372148,1271,50
LYMPH_IDC,shipped,hoptimus1,random,abs,3,4,0,spot,NCBI684,0.9322247882986914,1.496106633159743,1.8166438575162362,0.051732101616628175,0.016043110084680522,1299,50
LYMPH_IDC,shipped,hoptimus1,random,scaled,0,0,0,spot,NCBI681,0.9078343949044586,1.4660124763833062,1.8942182494023525,0.08257961783439491,0.009585987261146497,1256,50
LYMPH_IDC,shipped,hoptimus1,random,scaled,0,0,0,spot,NCBI682,0.9080844155844155,1.7929371685651279,2.28092583784064,0.0651461038961039,0.02676948051948052,1232,50
LYMPH_IDC,shipped,hoptimus1,random,scaled,0,0,0,spot,NCBI683,0.9041864139020537,1.3080611966381037,1.741693909777203,0.07995260663507109,0.015860979462875197,1266,50
LYMPH_IDC,shipped,hoptimus1,random,scaled,0,0,0,spot,NCBI684,0.8848465266558967,1.1597278209051696,1.597162228839471,0.10080775444264944,0.014345718901453959,1238,50
LYMPH_IDC,shipped,hoptimus1,random,scaled,0,1,0,spot,NCBI681,0.9072283464566929,1.4554340652794557,1.8806462731139004,0.08140157480314962,0.011370078740157481,1270,50
LYMPH_IDC,shipped,hoptimus1,random,scaled,0,1,0,spot,NCBI682,0.9102310756972112,1.7623596298073958,2.225561072617858,0.06661354581673307,0.023155378486055776,1255,50
LYMPH_IDC,shipped,hoptimus1,random,scaled,0,1,0,spot,NCBI683,0.9005863192182411,1.2678232846902049,1.7196011003586917,0.08441368078175897,0.015,1228,50
LYMPH_IDC,shipped,hoptimus1,random,scaled,0,1,0,spot,NCBI684,0.8900403551251008,1.1275940237811775,1.5346918051724228,0.09560936238902341,0.014350282485875707,1239,50
LYMPH_IDC,shipped,hoptimus1,random,scaled,0,2,0,spot,NCBI681,0.9033870967741936,1.448885738758462,1.9031611650685578,0.08596774193548389,0.01064516129032258,1240,50
LYMPH_IDC,shipped,hoptimus1,random,scaled,0,2,0,spot,NCBI682,0.904319248826291,1.7661349239774338,2.261047864763893,0.06888888888888889,0.026791862284820032,1278,50
LYMPH_IDC,shipped,hoptimus1,random,scaled,0,2,0,spot,NCBI683,0.9003568532035685,1.2720877587162003,1.7351364957909865,0.08314679643146797,0.016496350364963504,1233,50
LYMPH_IDC,shipped,hoptimus1,random,scaled,0,2,0,spot,NCBI684,0.8893473005640612,1.1657072100181305,1.5962114809649055,0.09863013698630137,0.012022562449637389,1241,50
LYMPH_IDC,shipped,hoptimus1,random,scaled,0,3,0,spot,NCBI681,0.9056101426307448,1.4495912498686494,1.8946940301725663,0.08448494453248812,0.009904912836767038,1262,50
LYMPH_IDC,shipped,hoptimus1,random,scaled,0,3,0,spot,NCBI682,0.9056131687242798,1.7541718408806517,2.244902691766333,0.06620576131687243,0.028181069958847737,1215,50
LYMPH_IDC,shipped,hoptimus1,random,scaled,0,3,0,spot,NCBI683,0.902099533437014,1.2663438308604393,1.7160566457550257,0.08253499222395023,0.015365474339035769,1286,50
LYMPH_IDC,shipped,hoptimus1,random,scaled,0,3,0,spot,NCBI684,0.8882994304312448,1.127574270101097,1.550961488380385,0.09949552481692432,0.012205044751830756,1229,50
LYMPH_IDC,shipped,hoptimus1,random,scaled,0,4,0,spot,NCBI681,0.9041109298531811,1.427649014709788,1.8784784554937142,0.08497553017944534,0.010913539967373573,1226,50
LYMPH_IDC,shipped,hoptimus1,random,scaled,0,4,0,spot,NCBI682,0.9044390243902438,1.754132268934371,2.2426942574127793,0.07047154471544716,0.025089430894308942,1230,50
LYMPH_IDC,shipped,hoptimus1,random,scaled,0,4,0,spot,NCBI683,0.901090909090909,1.269974150933097,1.7201383786922344,0.08362121212121211,0.015287878787878788,1320,50
LYMPH_IDC,shipped,hoptimus1,random,scaled,0,4,0,spot,NCBI684,0.8875986842105263,1.124647172439976,1.5717384623722268,0.09794407894736842,0.014457236842105264,1216,50
LYMPH_IDC,shipped,hoptimus1,random,scaled,1,0,0,spot,NCBI681,0.9063285024154589,1.4427355704870268,1.8824003738091255,0.08338164251207729,0.010289855072463766,1242,50
LYMPH_IDC,shipped,hoptimus1,random,scaled,1,0,0,spot,NCBI682,0.9065873015873016,1.7644020347076812,2.25298234590668,0.06571428571428571,0.027698412698412698,1260,50
LYMPH_IDC,shipped,hoptimus1,random,scaled,1,0,0,spot,NCBI683,0.9017908082408874,1.2807338420246739,1.7255293554151347,0.08174326465927101,0.016465927099841522,1262,50
LYMPH_IDC,shipped,hoptimus1,random,scaled,1,0,0,spot,NCBI684,0.8880944625407166,1.1422366450781825,1.570909949706584,0.09767100977198696,0.014234527687296416,1228,50
LYMPH_IDC,shipped,hoptimus1,random,scaled,1,1,0,spot,NCBI681,0.903136645962733,1.4450008030731243,1.8991892631044167,0.08555900621118012,0.011304347826086955,1288,50
LYMPH_IDC,shipped,hoptimus1,random,scaled,1,1,0,spot,NCBI682,0.9093518518518519,1.7831602427754867,2.2532792679076037,0.06682098765432098,0.02382716049382716,1296,50
LYMPH_IDC,shipped,hoptimus1,random,scaled,1,1,0,spot,NCBI683,0.9059240506329114,1.2845298607798663,1.7000776795556487,0.07846413502109705,0.015611814345991562,1185,50
LYMPH_IDC,shipped,hoptimus1,random,scaled,1,1,0,spot,NCBI684,0.8907767784137367,1.1606131092199157,1.5787555243456404,0.09762878168438266,0.011594439901880622,1223,50
LYMPH_IDC,shipped,hoptimus1,random,scaled,1,2,0,spot,NCBI681,0.9038938053097345,1.4491430973976087,1.901968406997063,0.08532582461786001,0.01078037007240547,1243,50
LYMPH_IDC,shipped,hoptimus1,random,scaled,1,2,0,spot,NCBI682,0.9015323224261772,1.7607516926891806,2.2943187270633456,0.06919393455706305,0.02927374301675978,1253,50
LYMPH_IDC,shipped,hoptimus1,random,scaled,1,2,0,spot,NCBI683,0.9033226837060703,1.2900668482617175,1.7336345303364957,0.08295527156549522,0.013722044728434503,1252,50
LYMPH_IDC,shipped,hoptimus1,random,scaled,1,2,0,spot,NCBI684,0.8851607717041801,1.1431852078296552,1.5894749795530831,0.102524115755627,0.012315112540192925,1244,50
LYMPH_IDC,shipped,hoptimus1,random,scaled,1,3,0,spot,NCBI681,0.9046482213438735,1.4607235604400315,1.8984747729297715,0.0847905138339921,0.010561264822134386,1265,50
LYMPH_IDC,shipped,hoptimus1,random,scaled,1,3,0,spot,NCBI682,0.9054410552349546,1.7619180321894743,2.275758159509246,0.06600164880461665,0.02855729596042869,1213,50
LYMPH_IDC,shipped,hoptimus1,random,scaled,1,3,0,spot,NCBI683,0.9007529411764706,1.273823944254798,1.7241065090460967,0.08465882352941177,0.014588235294117647,1275,50
LYMPH_IDC,shipped,hoptimus1,random,scaled,1,3,0,spot,NCBI684,0.8853107344632768,1.1504807441791143,1.594183647714107,0.09966101694915254,0.01502824858757062,1239,50
LYMPH_IDC,shipped,hoptimus1,random,scaled,1,4,0,spot,NCBI681,0.9026494345718902,1.4495265024278197,1.911270985425987,0.08618739903069468,0.011163166397415185,1238,50
LYMPH_IDC,shipped,hoptimus1,random,scaled,1,4,0,spot,NCBI682,0.9081593625498008,1.7811666227046021,2.269049069062933,0.06645418326693227,0.025386454183266932,1255,50
LYMPH_IDC,shipped,hoptimus1,random,scaled,1,4,0,spot,NCBI683,0.9043499591169257,1.2882152236777662,1.7307840611937795,0.07991823385118561,0.015731807031888798,1223,50
LYMPH_IDC,shipped,hoptimus1,random,scaled,1,4,0,spot,NCBI684,0.8877742946708465,1.157630759258646,1.5790150734674364,0.09727272727272726,0.014952978056426331,1276,50
LYMPH_IDC,shipped,hoptimus1,random,scaled,2,0,0,spot,NCBI681,0.9051674641148325,1.4576843430346351,1.910351661928843,0.08446570972886763,0.01036682615629984,1254,50
LYMPH_IDC,shipped,hoptimus1,random,scaled,2,0,0,spot,NCBI682,0.9080829875518672,1.7632726415708686,2.2280128008634317,0.06816597510373444,0.02375103734439834,1205,50
LYMPH_IDC,shipped,hoptimus1,random,scaled,2,0,0,spot,NCBI683,0.9007987470634299,1.270485222191027,1.7209594486680313,0.08443226311667973,0.014768989819890367,1277,50
LYMPH_IDC,shipped,hoptimus1,random,scaled,2,0,0,spot,NCBI684,0.8849361022364218,1.1256878970814386,1.5663288643792928,0.10148562300319489,0.013578274760383386,1252,50
LYMPH_IDC,shipped,hoptimus1,random,scaled,2,1,0,spot,NCBI681,0.9072226720647774,1.47797814630463,1.9179020553681365,0.08207287449392713,0.010704453441295548,1235,50
LYMPH_IDC,shipped,hoptimus1,random,scaled,2,1,0,spot,NCBI682,0.9109819324430479,1.7956265457985685,2.2655577735975276,0.06571877454831107,0.023299293008641007,1273,50
LYMPH_IDC,shipped,hoptimus1,random,scaled,2,1,0,spot,NCBI683,0.9018530884808014,1.2807978034118117,1.7283160072739767,0.08398998330550919,0.014156928213689482,1198,50
LYMPH_IDC,shipped,hoptimus1,random,scaled,2,1,0,spot,NCBI684,0.8843057722308891,1.1399659011086467,1.5734256915518958,0.10149765990639625,0.01419656786271451,1282,50
LYMPH_IDC,shipped,hoptimus1,random,scaled,2,2,0,spot,NCBI681,0.9064320785597382,1.4369745071790698,1.8701389190602558,0.08212765957446809,0.011440261865793782,1222,50
LYMPH_IDC,shipped,hoptimus1,random,scaled,2,2,0,spot,NCBI682,0.9036608557844691,1.7651877083402792,2.2700306237154275,0.0707606973058637,0.025578446909667197,1262,50
LYMPH_IDC,shipped,hoptimus1,random,scaled,2,2,0,spot,NCBI683,0.9050274079874707,1.2859064268333524,1.7319459128809291,0.08084573218480814,0.014126859827721222,1277,50
LYMPH_IDC,shipped,hoptimus1,random,scaled,2,2,0,spot,NCBI684,0.8878728606356968,1.1248717873054634,1.5341307691369173,0.09841890790546047,0.013708231458842706,1227,50
LYMPH_IDC,shipped,hoptimus1,random,scaled,2,3,0,spot,NCBI681,0.9061893396976929,1.4434636642496006,1.869518536379582,0.08116149562450278,0.012649164677804296,1257,50
LYMPH_IDC,shipped,hoptimus1,random,scaled,2,3,0,spot,NCBI682,0.9035868694955965,1.7658778662150736,2.269032553686043,0.07032826261008808,0.026084867894315453,1249,50
LYMPH_IDC,shipped,hoptimus1,random,scaled,2,3,0,spot,NCBI683,0.8958428805237315,1.2665971161220224,1.724521432625756,0.0862847790507365,0.017872340425531916,1222,50
LYMPH_IDC,shipped,hoptimus1,random,scaled,2,3,0,spot,NCBI684,0.8883333333333333,1.1293148169909817,1.5650411333659215,0.09687301587301586,0.014793650793650795,1260,50
LYMPH_IDC,shipped,hoptimus1,random,scaled,2,4,0,spot,NCBI681,0.9075275590551181,1.4441585271816226,1.8857763938866177,0.08256692913385827,0.009905511811023622,1270,50
LYMPH_IDC,shipped,hoptimus1,random,scaled,2,4,0,spot,NCBI682,0.9045826513911621,1.752528384302334,2.2569869146526953,0.06919803600654664,0.026219312602291326,1222,50
LYMPH_IDC,shipped,hoptimus1,random,scaled,2,4,0,spot,NCBI683,0.9028526645768025,1.2747690839390604,1.717107730928937,0.0816771159874608,0.015470219435736676,1276,50
LYMPH_IDC,shipped,hoptimus1,random,scaled,2,4,0,spot,NCBI684,0.8848688524590165,1.1547065026519496,1.6107158641312387,0.10075409836065574,0.01437704918032787,1220,50
LYMPH_IDC,shipped,hoptimus1,random,scaled,3,0,0,spot,NCBI681,0.9038004750593823,1.4373778895427025,1.9081482537746732,0.08476642913697546,0.011433095803642122,1263,50
LYMPH_IDC,shipped,hoptimus1,random,scaled,3,0,0,spot,NCBI682,0.9033764135702747,1.7679711219532441,2.26076853539506,0.06919224555735057,0.0274313408723748,1238,50
LYMPH_IDC,shipped,hoptimus1,random,scaled,3,0,0,spot,NCBI683,0.9025099285146942,1.2654636642505885,1.69656907000159,0.08252581413820492,0.014964257347100874,1259,50
LYMPH_IDC,shipped,hoptimus1,random,scaled,3,0,0,spot,NCBI684,0.8909253246753246,1.13902425177141,1.5470614664271156,0.0963474025974026,0.012727272727272728,1232,50
LYMPH_IDC,shipped,hoptimus1,random,scaled,3,1,0,spot,NCBI681,0.906010101010101,1.4745024288758575,1.9136727851384472,0.08326599326599327,0.010723905723905724,1188,50
LYMPH_IDC,shipped,hoptimus1,random,scaled,3,1,0,spot,NCBI682,0.9099846625766871,1.7945123830093836,2.2667914609763007,0.062453987730061354,0.027561349693251535,1304,50
LYMPH_IDC,shipped,hoptimus1,random,scaled,3,1,0,spot,NCBI683,0.903669579030977,1.2839450969097088,1.7255488177255278,0.08184273232724384,0.01448768864177919,1259,50
LYMPH_IDC,shipped,hoptimus1,random,scaled,3,1,0,spot,NCBI684,0.8869460112812249,1.181996170111397,1.6014726312542678,0.09929089443996776,0.013763094278807413,1241,50
LYMPH_IDC,shipped,hoptimus1,random,scaled,3,2,0,spot,NCBI681,0.9032572777340677,1.4350667247110005,1.8930549801933947,0.08607395751376869,0.010668764752163652,1271,50
LYMPH_IDC,shipped,hoptimus1,random,scaled,3,2,0,spot,NCBI682,0.9095473251028807,1.7796896433896239,2.245815226522194,0.06814814814814815,0.022304526748971192,1215,50
LYMPH_IDC,shipped,hoptimus1,random,scaled,3,2,0,spot,NCBI683,0.9005624483043837,1.2807167143728222,1.7349732298895313,0.08357320099255583,0.01586435070306038,1209,50
LYMPH_IDC,shipped,hoptimus1,random,scaled,3,2,0,spot,NCBI684,0.8906399383191982,1.1691881235147705,1.5753010967798082,0.09514263685427911,0.014217424826522744,1297,50
LYMPH_IDC,shipped,hoptimus1,random,scaled,3,3,0,spot,NCBI681,0.9009354838709678,1.4292387826958617,1.899756674549075,0.0882258064516129,0.010838709677419355,1240,50
LYMPH_IDC,shipped,hoptimus1,random,scaled,3,3,0,spot,NCBI682,0.9043012422360249,1.7501907573682178,2.256670225720617,0.06916149068322981,0.02653726708074534,1288,50
LYMPH_IDC,shipped,hoptimus1,random,scaled,3,3,0,spot,NCBI683,0.9013160032493908,1.2719564952593487,1.7239590493763937,0.08337936636880584,0.015304630381803413,1231,50
LYMPH_IDC,shipped,hoptimus1,random,scaled,3,3,0,spot,NCBI684,0.8872830494728305,1.1184359885920905,1.559352580339462,0.09793998377939983,0.014776966747769666,1233,50
LYMPH_IDC,shipped,hoptimus1,random,scaled,3,4,0,spot,NCBI681,0.9034113712374583,1.4518645335223417,1.9065427185034303,0.08580267558528427,0.010785953177257526,1196,50
LYMPH_IDC,shipped,hoptimus1,random,scaled,3,4,0,spot,NCBI682,0.9104241435562805,1.775984642255262,2.249594271972836,0.06430668841761827,0.025269168026101144,1226,50
LYMPH_IDC,shipped,hoptimus1,random,scaled,3,4,0,spot,NCBI683,0.8966797797010229,1.274088307419225,1.7546782896096855,0.08845003933910307,0.014870180959874114,1271,50
LYMPH_IDC,shipped,hoptimus1,random,scaled,3,4,0,spot,NCBI684,0.891501154734411,1.1515786277566613,1.5837159523310924,0.09494996150885296,0.01354888375673595,1299,50
PAAD,shipped,hoptimus1,donor,abs,TENX116,-1,0,donor,TENX116,0.9107064676616915,3.0482006072058976,4.009845677575275,0.04020895522388059,0.04908457711442786,2010,50
PAAD,shipped,hoptimus1,donor,abs,TENX126,-1,0,donor,TENX126,0.9228908252178369,3.583518075194163,4.125306929714175,0.047483341875961045,0.02962583290620195,1951,50
PAAD,shipped,hoptimus1,donor,abs,TENX140,-1,0,donor,TENX140,0.8496731301939059,2.711342617992139,4.284601203531331,0.10209418282548477,0.048232686980609424,3610,50
PAAD,shipped,hoptimus1,donor,scaled,TENX116,-1,0,donor,TENX116,0.9117512437810946,16.788127550663898,17.806151170945135,0.043641791044776126,0.04460696517412935,2010,50
PAAD,shipped,hoptimus1,donor,scaled,TENX126,-1,0,donor,TENX126,0.8769554074833418,12.467687122150217,13.68908505277922,0.07187083546899026,0.05117375704766786,1951,50
PAAD,shipped,hoptimus1,donor,scaled,TENX140,-1,0,donor,TENX140,0.8300498614958448,8.071139035616358,10.212920287357573,0.11315789473684211,0.05679224376731302,3610,50
PAAD,shipped,hoptimus1,patient,abs,0,-1,0,patient,TENX116,0.8267960199004974,3.12921949875013,4.811716555939424,0.13166169154228854,0.04154228855721393,2010,50
PAAD,shipped,hoptimus1,patient,abs,1,-1,0,patient,TENX140,0.8496731301939059,2.711342617992139,4.284601203531331,0.10209418282548477,0.048232686980609424,3610,50
PAAD,shipped,hoptimus1,patient,abs,2,-1,0,patient,TENX126,0.9254946181445414,3.558276843182301,4.114368545403723,0.05051768323936443,0.02398769861609431,1951,50
PAAD,shipped,hoptimus1,patient,scaled,0,-1,0,patient,TENX116,0.8405970149253732,4.480117976329068,6.74979805113423,0.12433830845771145,0.035064676616915424,2010,50
PAAD,shipped,hoptimus1,patient,scaled,1,-1,0,patient,TENX140,0.8300498614958448,8.071139035616358,10.212920287357573,0.11315789473684211,0.05679224376731302,3610,50
PAAD,shipped,hoptimus1,patient,scaled,2,-1,0,patient,TENX126,0.879917990773962,11.624374596993587,12.716432095399604,0.06746283956945157,0.05261916965658637,1951,50
PAAD,shipped,hoptimus1,random,abs,0,0,0,spot,TENX116,0.8606998158379373,1.9983242459445976,3.2799967361642177,0.06777163904235728,0.07152854511970534,543,50
PAAD,shipped,hoptimus1,random,abs,0,0,0,spot,TENX126,0.8938666666666667,1.9983242459445976,2.6665578893532866,0.05592380952380952,0.05020952380952381,525,50
PAAD,shipped,hoptimus1,random,abs,0,0,0,spot,TENX140,0.9278131634819533,1.9983242459445987,2.3992418467384304,0.04176220806794055,0.030424628450106156,942,50
PAAD,shipped,hoptimus1,random,abs,0,1,0,spot,TENX116,0.858552380952381,1.9939522753436136,3.3170718289456094,0.068,0.07344761904761904,525,50
PAAD,shipped,hoptimus1,random,abs,0,1,0,spot,TENX126,0.8911244979919678,1.9939522753436136,2.6628503684314073,0.06369477911646587,0.045180722891566265,498,50
PAAD,shipped,hoptimus1,random,abs,0,1,0,spot,TENX140,0.9292806484295846,1.9939522753436096,2.3775425702507285,0.04249240121580547,0.02822695035460993,987,50
PAAD,shipped,hoptimus1,random,abs,0,2,0,spot,TENX116,0.8646529080675422,1.9776683248888525,3.196885667875129,0.06945590994371482,0.06589118198874297,533,50
PAAD,shipped,hoptimus1,random,abs,0,2,0,spot,TENX126,0.891047619047619,1.9776683248888522,2.692073416504863,0.05961904761904762,0.04933333333333333,525,50
PAAD,shipped,hoptimus1,random,abs,0,2,0,spot,TENX140,0.9263655462184874,1.977668324888854,2.3835173570581345,0.04390756302521009,0.029726890756302523,952,50
PAAD,shipped,hoptimus1,random,abs,0,3,0,spot,TENX116,0.8597026022304832,1.959404298524589,3.155510953289274,0.07189591078066915,0.06840148698884758,538,50
PAAD,shipped,hoptimus1,random,abs,0,3,0,spot,TENX126,0.8865497076023391,1.9594042985245899,2.728818832556712,0.062729044834308,0.05072124756335282,513,50
PAAD,shipped,hoptimus1,random,abs,0,3,0,spot,TENX140,0.9210636079249218,1.95940429852459,2.405167045579958,0.04312825860271116,0.03580813347236705,959,50
PAAD,shipped,hoptimus1,random,abs,0,4,0,spot,TENX116,0.863065953654189,1.990253565456558,3.3518670410210456,0.06467023172905526,0.0722638146167558,561,50
PAAD,shipped,hoptimus1,random,abs,0,4,0,spot,TENX126,0.8939961013645223,1.9902535654565583,2.682380233515293,0.05528265107212475,0.05072124756335282,513,50
PAAD,shipped,hoptimus1,random,abs,0,4,0,spot,TENX140,0.93,1.990253565456552,2.3876001620058633,0.0394017094017094,0.0305982905982906,936,50
PAAD,shipped,hoptimus1,random,abs,1,0,0,spot,TENX116,0.860188679245283,1.993523225446302,3.407155182197144,0.06218029350104822,0.07763102725366876,954,50
PAAD,shipped,hoptimus1,random,abs,1,0,0,spot,TENX126,0.8936067297581494,1.993523225446302,2.738498560885286,0.05667718191377498,0.04971608832807571,951,50
PAAD,shipped,hoptimus1,random,abs,1,0,0,spot,TENX140,0.927941348973607,1.993523225446302,2.3893188106473655,0.04070381231671554,0.03135483870967742,1705,50
PAAD,shipped,hoptimus1,random,abs,1,1,0,spot,TENX116,0.8574306269270298,1.9742826823888933,3.3757423641651174,0.06752312435765673,0.07504624871531346,973,50
PAAD,shipped,hoptimus1,random,abs,1,1,0,spot,TENX126,0.8876220806794055,1.974282682388894,2.725768346869025,0.061295116772823774,0.0510828025477707,942,50
PAAD,shipped,hoptimus1,random,abs,1,1,0,spot,TENX140,0.9287315634218289,1.9742826823889001,2.3710262101986235,0.04012979351032448,0.031138643067846607,1695,50
PAAD,shipped,hoptimus1,random,abs,1,2,0,spot,TENX116,0.8618297872340426,1.9758126901110962,3.4172815670590655,0.061446808510638294,0.07672340425531915,940,50
PAAD,shipped,hoptimus1,random,abs,1,2,0,spot,TENX126,0.8937242128121606,1.9758126901110957,2.6516793068207174,0.06178067318132465,0.04449511400651466,921,50
PAAD,shipped,hoptimus1,random,abs,1,2,0,spot,TENX140,0.9253973699256719,1.9758126901111035,2.3777425939115204,0.04482561463693539,0.029777015437392796,1749,50
PAAD,shipped,hoptimus1,random,abs,1,3,0,spot,TENX116,0.8589132706374086,1.9798910091339474,3.308778914069269,0.07155694879832811,0.06952978056426332,957,50
PAAD,shipped,hoptimus1,random,abs,1,3,0,spot,TENX126,0.8895596133190118,1.9798910091339474,2.711004274110766,0.06208378088077336,0.04835660580021482,931,50
PAAD,shipped,hoptimus1,random,abs,1,3,0,spot,TENX140,0.9265156794425087,1.97989100913396,2.3844319952292548,0.0432288037166086,0.030255516840882696,1722,50
PAAD,shipped,hoptimus1,random,abs,1,4,0,spot,TENX116,0.8734267241379311,2.0314196738679993,3.1624931982844116,0.06426724137931035,0.06230603448275862,928,50
PAAD,shipped,hoptimus1,random,abs,1,4,0,spot,TENX126,0.8984210526315789,2.0314196738679993,2.672516550971516,0.05541052631578947,0.04616842105263158,950,50
PAAD,shipped,hoptimus1,random,abs,1,4,0,spot,TENX140,0.9313163972286373,2.031419673868001,2.400696666833724,0.038394919168591224,0.03028868360277136,1732,50
PAAD,shipped,hoptimus1,random,abs,2,0,0,spot,TENX116,0.8544506517690875,2.0125456551149763,3.410085541788286,0.07083798882681563,0.07471135940409684,537,50
PAAD,shipped,hoptimus1,random,abs,2,0,0,spot,TENX126,0.8922745098039216,2.0125456551149767,2.7676245733066076,0.05882352941176471,0.048901960784313726,510,50
PAAD,shipped,hoptimus1,random,abs,2,0,0,spot,TENX140,0.9303318584070798,2.012545655114976,2.3868015059683554,0.04201327433628319,0.02765486725663717,904,50
PAAD,shipped,hoptimus1,random,abs,2,1,0,spot,TENX116,0.8526129666011788,1.9896432025135928,3.411579055951386,0.07528487229862475,0.07210216110019646,509,50
PAAD,shipped,hoptimus1,random,abs,2,1,0,spot,TENX126,0.8879238095238096,1.9896432025135928,2.717655245052516,0.062285714285714285,0.04979047619047619,525,50
PAAD,shipped,hoptimus1,random,abs,2,1,0,spot,TENX140,0.9292257360959651,1.9896432025135962,2.3750303303054525,0.0420937840785169,0.028680479825517993,917,50
PAAD,shipped,hoptimus1,random,abs,2,2,0,spot,TENX116,0.8546693386773546,1.9532794182863409,3.3380020622133095,0.07519038076152304,0.07014028056112225,499,50
PAAD,shipped,hoptimus1,random,abs,2,2,0,spot,TENX126,0.8897683397683397,1.9532794182863407,2.6631741786859635,0.06223938223938224,0.047992277992277996,518,50
PAAD,shipped,hoptimus1,random,abs,2,2,0,spot,TENX140,0.9239186295503212,1.9532794182863389,2.3789719993559184,0.04342612419700214,0.032655246252676656,934,50
PAAD,shipped,hoptimus1,random,abs,2,3,0,spot,TENX116,0.8582462686567165,1.9623040814093355,3.339786810352269,0.07007462686567165,0.07167910447761194,536,50
PAAD,shipped,hoptimus1,random,abs,2,3,0,spot,TENX126,0.8905756929637526,1.9623040814093347,2.6403072421696745,0.06034115138592751,0.04908315565031983,469,50
PAAD,shipped,hoptimus1,random,abs,2,3,0,spot,TENX140,0.9248625792811839,1.962304081409343,2.3689218600190323,0.04137420718816068,0.03376321353065539,946,50
PAAD,shipped,hoptimus1,random,abs,2,4,0,spot,TENX116,0.8637999999999999,1.975472228254848,3.2984266938894957,0.06268,0.07352,500,50
PAAD,shipped,hoptimus1,random,abs,2,4,0,spot,TENX126,0.8962271805273834,1.9754722282548476,2.6391197436327043,0.055010141987829615,0.04876267748478701,493,50
PAAD,shipped,hoptimus1,random,abs,2,4,0,spot,TENX140,0.9280167014613778,1.97547222825485,2.3779981806896253,0.04271398747390396,0.029269311064718164,958,50
PAAD,shipped,hoptimus1,random,scaled,0,0,0,spot,TENX116,0.921657458563536,2.665692769664306,3.278569473774658,0.03569060773480663,0.04265193370165746,543,50
PAAD,shipped,hoptimus1,random,scaled,0,0,0,spot,TENX126,0.9134095238095239,2.3442299178267705,2.911171386927301,0.047733333333333336,0.038857142857142854,525,50
PAAD,shipped,hoptimus1,random,scaled,0,0,0,spot,TENX140,0.88276008492569,1.9425886687156113,2.659970430370273,0.06774946921443738,0.04949044585987261,942,50
PAAD,shipped,hoptimus1,random,scaled,0,1,0,spot,TENX116,0.9161523809523809,2.5877962878125125,3.310838143016675,0.040304761904761906,0.04354285714285714,525,50
PAAD,shipped,hoptimus1,random,scaled,0,1,0,spot,TENX126,0.9180722891566265,2.3990089529688996,2.905835453441895,0.04895582329317269,0.03297188755020081,498,50
PAAD,shipped,hoptimus1,random,scaled,0,1,0,spot,TENX140,0.8828368794326241,1.9285034366316536,2.60149777410467,0.06950354609929078,0.0476595744680851,987,50
PAAD,shipped,hoptimus1,random,scaled,0,2,0,spot,TENX116,0.9230393996247654,2.663879837459513,3.3089957672345975,0.03879924953095685,0.03816135084427767,533,50
PAAD,shipped,hoptimus1,random,scaled,0,2,0,spot,TENX126,0.9064761904761904,2.3189589655264755,2.92941616884913,0.05108571428571428,0.04243809523809523,525,50
PAAD,shipped,hoptimus1,random,scaled,0,2,0,spot,TENX140,0.8811344537815126,1.9453015058732925,2.660823731075953,0.07088235294117647,0.047983193277310925,952,50
PAAD,shipped,hoptimus1,random,scaled,0,3,0,spot,TENX116,0.9247211895910781,2.669962869560473,3.215664604477546,0.037918215613382905,0.037360594795539034,538,50
PAAD,shipped,hoptimus1,random,scaled,0,3,0,spot,TENX126,0.9123586744639376,2.369844260558108,2.9516430586307187,0.04920077972709551,0.03844054580896686,513,50
PAAD,shipped,hoptimus1,random,scaled,0,3,0,spot,TENX140,0.8781230448383733,1.9574886321841327,2.7020660836902253,0.06761209593326382,0.054264859228362876,959,50
PAAD,shipped,hoptimus1,random,scaled,0,4,0,spot,TENX116,0.9111229946524064,2.5620155439818966,3.4104616886559467,0.0409982174688057,0.04787878787878788,561,50
PAAD,shipped,hoptimus1,random,scaled,0,4,0,spot,TENX126,0.9163352826510721,2.3318526947934908,2.884068011881085,0.047251461988304086,0.03641325536062378,513,50
PAAD,shipped,hoptimus1,random,scaled,0,4,0,spot,TENX140,0.8827350427350428,1.9387725813863625,2.6336975261609314,0.06688034188034188,0.05038461538461538,936,50
PAAD,shipped,hoptimus1,random,scaled,1,0,0,spot,TENX116,0.90853249475891,2.6151991379967376,3.4067052311763515,0.03974842767295597,0.051719077568134174,954,50
PAAD,shipped,hoptimus1,random,scaled,1,0,0,spot,TENX126,0.9078443743427971,2.316902172328399,2.9678765034797703,0.051104100946372244,0.041051524710830706,951,50
PAAD,shipped,hoptimus1,random,scaled,1,0,0,spot,TENX140,0.880316715542522,1.9373835091523781,2.6412535224206777,0.06954838709677419,0.05013489736070381,1705,50
PAAD,shipped,hoptimus1,random,scaled,1,1,0,spot,TENX116,0.91327852004111,2.5826740957701135,3.3671729299344175,0.04145940390544707,0.04526207605344296,973,50
PAAD,shipped,hoptimus1,random,scaled,1,1,0,spot,TENX126,0.9103821656050956,2.317933031077573,2.912746393029008,0.051443736730360935,0.03817409766454352,942,50
PAAD,shipped,hoptimus1,random,scaled,1,1,0,spot,TENX140,0.8865014749262536,1.9369131053285549,2.602395321445406,0.06753982300884956,0.04595870206489676,1695,50
PAAD,shipped,hoptimus1,random,scaled,1,2,0,spot,TENX116,0.9137234042553192,2.553722212411864,3.394947015804769,0.03795744680851064,0.04831914893617022,940,50
PAAD,shipped,hoptimus1,random,scaled,1,2,0,spot,TENX126,0.9159609120521172,2.327848322013034,2.869294881145542,0.05116178067318133,0.032877307274701416,921,50
PAAD,shipped,hoptimus1,random,scaled,1,2,0,spot,TENX140,0.8853630646083477,1.950500177312116,2.6133858152106044,0.07061177815894797,0.0440251572327044,1749,50
PAAD,shipped,hoptimus1,random,scaled,1,3,0,spot,TENX116,0.9147126436781609,2.586000903399149,3.3502070228133065,0.04037617554858934,0.044911180773249744,957,50
PAAD,shipped,hoptimus1,random,scaled,1,3,0,spot,TENX126,0.908077336197637,2.3218207570686435,2.9301295867352417,0.05291084854994629,0.03901181525241676,931,50
PAAD,shipped,hoptimus1,random,scaled,1,3,0,spot,TENX140,0.8799651567944251,1.9206223284166704,2.6148047232773446,0.07077816492450639,0.04925667828106852,1722,50
PAAD,shipped,hoptimus1,random,scaled,1,4,0,spot,TENX116,0.9254956896551724,2.71828152161935,3.2701172465447144,0.03875,0.03575431034482759,928,50
PAAD,shipped,hoptimus1,random,scaled,1,4,0,spot,TENX126,0.9154105263157895,2.3975966814076894,2.9549454169777776,0.048168421052631576,0.036421052631578944,950,50
PAAD,shipped,hoptimus1,random,scaled,1,4,0,spot,TENX140,0.8767090069284065,1.9544920783415825,2.693035349232726,0.06793302540415704,0.055357967667436496,1732,50
PAAD,shipped,hoptimus1,random,scaled,2,0,0,spot,TENX116,0.9170949720670392,2.7254360531574617,3.4443976860747676,0.038472998137802604,0.044432029795158284,537,50
PAAD,shipped,hoptimus1,random,scaled,2,0,0,spot,TENX126,0.907843137254902,2.3555236842751834,3.0411399556761514,0.05121568627450981,0.04094117647058823,510,50
PAAD,shipped,hoptimus1,random,scaled,2,0,0,spot,TENX140,0.8832522123893806,1.9663327196772806,2.6467542264871975,0.07086283185840708,0.04588495575221239,904,50
PAAD,shipped,hoptimus1,random,scaled,2,1,0,spot,TENX116,0.9132023575638507,2.706261585963775,3.4043128670862233,0.04141453831041257,0.04538310412573674,509,50
PAAD,shipped,hoptimus1,random,scaled,2,1,0,spot,TENX126,0.9082666666666667,2.3281285370807945,2.9620748958535894,0.04994285714285715,0.04179047619047619,525,50
PAAD,shipped,hoptimus1,random,scaled,2,1,0,spot,TENX140,0.8764013086150491,1.9350466477272652,2.6667581536655898,0.07341330425299891,0.05018538713195202,917,50
PAAD,shipped,hoptimus1,random,scaled,2,2,0,spot,TENX116,0.9127454909819639,2.605872872079965,3.4164903526215884,0.04292585170340681,0.044328657314629254,499,50
PAAD,shipped,hoptimus1,random,scaled,2,2,0,spot,TENX126,0.913088803088803,2.3129483937554243,2.865394389825358,0.05115830115830116,0.03575289575289575,518,50
PAAD,shipped,hoptimus1,random,scaled,2,2,0,spot,TENX140,0.879678800856531,1.9048714976481893,2.6114601690572137,0.07029978586723769,0.05002141327623126,934,50
PAAD,shipped,hoptimus1,random,scaled,2,3,0,spot,TENX116,0.9214179104477611,2.651384319123577,3.3882428491773924,0.03828358208955224,0.04029850746268657,536,50
PAAD,shipped,hoptimus1,random,scaled,2,3,0,spot,TENX126,0.9161620469083155,2.358375783447931,2.8841022485181025,0.04968017057569297,0.03415778251599147,469,50
PAAD,shipped,hoptimus1,random,scaled,2,3,0,spot,TENX140,0.8836575052854123,1.9562420597636971,2.6266177456928053,0.06433403805496829,0.05200845665961945,946,50
PAAD,shipped,hoptimus1,random,scaled,2,4,0,spot,TENX116,0.9116,2.626430386578296,3.425080151271962,0.03948,0.048920000000000005,500,50
PAAD,shipped,hoptimus1,random,scaled,2,4,0,spot,TENX126,0.92052738336714,2.367843712313754,2.858905359757368,0.04474645030425964,0.0347261663286004,493,50
PAAD,shipped,hoptimus1,random,scaled,2,4,0,spot,TENX140,0.891106471816284,1.9641511367919942,2.606217717086467,0.06425887265135699,0.04463465553235908,958,50
PRAD,shipped,hoptimus1,donor,abs,PRAD_patient1,-1,0,slide,MEND154,0.8233845029239767,1.9409059325083882,3.346368199493939,0.13812134502923976,0.03849415204678363,2736,50
PRAD,shipped,hoptimus1,donor,abs,PRAD_patient1,-1,0,slide,MEND156,0.7164940911648847,1.9409059325083837,5.399400099426009,0.20731570061902083,0.07619020821609454,3554,50
PRAD,shipped,hoptimus1,donor,abs,PRAD_patient1,-1,0,slide,MEND157,0.8349529780564263,1.940905932508384,3.294059940626726,0.12306583072100313,0.04198119122257053,3190,50
PRAD,shipped,hoptimus1,donor,abs,PRAD_patient1,-1,0,slide,MEND158,0.8348059508408796,1.9409059325083848,3.1862843940843355,0.0458150064683053,0.11937904269081502,3092,50
PRAD,shipped,hoptimus1,donor,abs,PRAD_patient1,-1,0,slide,MEND159,0.6957624481327801,1.940905932508382,4.08877404673484,0.04206950207468879,0.2621680497925311,3856,50
PRAD,shipped,hoptimus1,donor,abs,PRAD_patient1,-1,0,slide,MEND160,0.8664133366021083,1.9409059325083802,2.7538726095886346,0.017298357440549153,0.11628830595734248,4079,50
PRAD,shipped,hoptimus1,donor,abs,PRAD_patient1,-1,0,slide,MEND161,0.7345657657657658,1.9409059325083877,4.542675547933836,0.22291171171171173,0.042522522522522525,2775,50
PRAD,shipped,hoptimus1,donor,abs,PRAD_patient1,-1,0,slide,MEND162,0.9590801073208125,1.9409059325083897,2.280267874890955,0.012832502874664621,0.028087389804522803,2609,50
PRAD,shipped,hoptimus1,donor,abs,PRAD_patient1,-1,1,slide,MEND154,0.8468201754385964,2.119845483417742,3.3761323122142297,0.12804093567251462,0.025138888888888888,2736,50
PRAD,shipped,hoptimus1,donor,abs,PRAD_patient1,-1,1,slide,MEND156,0.7584186831738886,2.1198454834177487,5.350889767742592,0.19858187957231288,0.04299943725379854,3554,50
PRAD,shipped,hoptimus1,donor,abs,PRAD_patient1,-1,1,slide,MEND157,0.8625830721003135,2.1198454834177456,3.2766776467413155,0.11458307210031349,0.02283385579937304,3190,50
PRAD,shipped,hoptimus1,donor,abs,PRAD_patient1,-1,1,slide,MEND158,0.8721798188874514,2.1198454834177447,3.1320967029144464,0.03577619663648124,0.09204398447606728,3092,50
PRAD,shipped,hoptimus1,donor,abs,PRAD_patient1,-1,1,slide,MEND159,0.7900311203319502,2.1198454834177487,3.5623175042562916,0.04010892116182573,0.16985995850622404,3856,50
PRAD,shipped,hoptimus1,donor,abs,PRAD_patient1,-1,1,slide,MEND160,0.9013091443981368,2.119845483417747,2.7687957696424395,0.014356459916646237,0.08433439568521697,4079,50
PRAD,shipped,hoptimus1,donor,abs,PRAD_patient1,-1,1,slide,MEND161,0.7728576576576576,2.119845483417742,4.309899794680246,0.1995027027027027,0.02763963963963964,2775,50
PRAD,shipped,hoptimus1,donor,abs,PRAD_patient1,-1,1,slide,MEND162,0.9707397470295132,2.1198454834177416,2.3228219908389005,0.01266385588348026,0.016596397087006515,2609,50
PRAD,shipped,hoptimus1,donor,abs,PRAD_patient1,-1,2,slide,MEND154,0.7105774853801169,1.5775069533077086,4.409168638994584,0.24959795321637426,0.03982456140350877,2736,50
PRAD,shipped,hoptimus1,donor,abs,PRAD_patient1,-1,2,slide,MEND156,0.6509904333145751,1.5775069533077046,7.380317793955364,0.2824760832864378,0.06653348339898706,3554,50
PRAD,shipped,hoptimus1,donor,abs,PRAD_patient1,-1,2,slide,MEND157,0.7381442006269593,1.577506953307707,3.848176144011384,0.18733542319749216,0.07452037617554859,3190,50
PRAD,shipped,hoptimus1,donor,abs,PRAD_patient1,-1,2,slide,MEND158,0.7741979301423026,1.5775069533077075,3.285328231711436,0.10229624838292367,0.12350582147477361,3092,50
PRAD,shipped,hoptimus1,donor,abs,PRAD_patient1,-1,2,slide,MEND159,0.8401452282157676,1.5775069533077024,3.1480798999909028,0.11223029045643154,0.04762448132780083,3856,50
PRAD,shipped,hoptimus1,donor,abs,PRAD_patient1,-1,2,slide,MEND160,0.8044422652610934,1.577506953307701,2.8398945294670086,0.0592939445942633,0.1362637901446433,4079,50
PRAD,shipped,hoptimus1,donor,abs,PRAD_patient1,-1,2,slide,MEND161,0.6414918918918918,1.5775069533077086,5.790517240368676,0.3054918918918919,0.053016216216216216,2775,50
PRAD,shipped,hoptimus1,donor,abs,PRAD_patient1,-1,2,slide,MEND162,0.9272364890762745,1.5775069533077077,2.074492665995448,0.02601763127635109,0.04674587964737447,2609,50
PRAD,shipped,hoptimus1,donor,abs,PRAD_patient2,-1,0,slide,MEND139,0.9439263803680982,2.7851755008161616,3.0340547176815793,0.03350226727127234,0.0225713523606295,3749,50
PRAD,shipped,hoptimus1,donor,abs,PRAD_patient2,-1,0,slide,MEND140,0.9344082687338501,2.7851755008161705,3.188475723469768,0.06506459948320413,0.0005271317829457365,1935,50
PRAD,shipped,hoptimus1,donor,abs,PRAD_patient2,-1,0,slide,MEND141,0.9540914158305462,2.785175500816172,3.077888750445476,0.04569676700111483,0.00021181716833890748,1794,50
PRAD,shipped,hoptimus1,donor,abs,PRAD_patient2,-1,0,slide,MEND142,0.968214881548215,2.7851755008161625,2.956079674560463,0.03038371705038372,0.0014014014014014015,2997,50
PRAD,shipped,hoptimus1,donor,abs,PRAD_patient2,-1,0,slide,MEND143,0.9786582809224319,2.7851755008161616,2.873027410193195,0.018825995807127884,0.0025157232704402514,3816,50
PRAD,shipped,hoptimus1,donor,abs,PRAD_patient2,-1,0,slide,MEND144,0.9842808051055474,2.7851755008161625,2.8458007535306358,0.013652430044182621,0.0020667648502700046,4074,50
PRAD,shipped,hoptimus1,donor,abs,PRAD_patient2,-1,0,slide,MEND145,0.9478984485190409,2.7851755008161723,3.1381147111244427,0.051495063469675605,0.0006064880112834979,1418,50
PRAD,shipped,hoptimus1,donor,abs,PRAD_patient2,-1,0,slide,MEND146,0.9767413441955193,2.7851755008161705,2.9232858331058162,0.02243380855397149,0.0008248472505091649,1964,50
PRAD,shipped,hoptimus1,donor,abs,PRAD_patient2,-1,0,slide,MEND147,0.9698158458244112,2.7851755008161665,2.939221889914588,0.027383297644539614,0.0028008565310492506,2335,50
PRAD,shipped,hoptimus1,donor,abs,PRAD_patient2,-1,0,slide,MEND148,0.9896999387630129,2.7851755008161723,2.848498475842879,0.008524188609920392,0.0017758726270667483,1633,50
PRAD,shipped,hoptimus1,donor,abs,PRAD_patient2,-1,0,slide,MEND149,0.9748460291734198,2.7851755008161714,2.9250046654798156,0.02278768233387358,0.002366288492706645,1851,50
PRAD,shipped,hoptimus1,donor,abs,PRAD_patient2,-1,0,slide,MEND150,0.9223872073101086,2.785175500816172,3.508676601650403,0.07551113649343233,0.002101656196459166,1751,50
PRAD,shipped,hoptimus1,donor,abs,PRAD_patient2,-1,0,slide,MEND151,0.9803384615384616,2.7851755008161656,2.8782215993395983,0.013584615384615384,0.006076923076923076,2600,50
PRAD,shipped,hoptimus1,donor,abs,PRAD_patient2,-1,0,slide,MEND152,0.9608630759247242,2.785175500816162,3.0300676241268008,0.024529526281635305,0.014607397793640493,3082,50
PRAD,shipped,hoptimus1,donor,abs,PRAD_patient2,-1,0,slide,MEND153,0.9450879120879121,2.7851755008161714,3.1457661129227033,0.04006593406593407,0.014846153846153847,1820,50
PRAD,shipped,hoptimus1,donor,abs,PRAD_patient2,-1,1,slide,MEND139,0.8218191517738063,2.119450990071195,3.1723954860547257,0.10683915710856227,0.07134169111763136,3749,50
PRAD,shipped,hoptimus1,donor,abs,PRAD_patient2,-1,1,slide,MEND140,0.8461912144702842,2.119450990071234,3.11564567780583,0.14816537467700258,0.0056434108527131785,1935,50
PRAD,shipped,hoptimus1,donor,abs,PRAD_patient2,-1,1,slide,MEND141,0.9347937569676701,2.1194509900712344,2.5141545171241155,0.06229654403567447,0.0029096989966555186,1794,50
PRAD,shipped,hoptimus1,donor,abs,PRAD_patient2,-1,1,slide,MEND142,0.9175709042375709,2.1194509900712077,2.5677808965877773,0.07501501501501502,0.007414080747414081,2997,50
PRAD,shipped,hoptimus1,donor,abs,PRAD_patient2,-1,1,slide,MEND143,0.9189203354297694,2.1194509900711953,2.501520660110894,0.07233228511530398,0.008747379454926624,3816,50
PRAD,shipped,hoptimus1,donor,abs,PRAD_patient2,-1,1,slide,MEND144,0.9250957290132549,2.1194509900711953,2.4626682325130496,0.0710162002945508,0.0038880706921944038,4074,50
PRAD,shipped,hoptimus1,donor,abs,PRAD_patient2,-1,1,slide,MEND145,0.8624964739069111,2.119450990071231,3.0993527504169003,0.1338645980253879,0.0036389280677009872,1418,50
PRAD,shipped,hoptimus1,donor,abs,PRAD_patient2,-1,1,slide,MEND146,0.9114052953156824,2.119450990071234,2.6443030440345807,0.08566191446028514,0.0029327902240325865,1964,50
PRAD,shipped,hoptimus1,donor,abs,PRAD_patient2,-1,1,slide,MEND147,0.9039571734475375,2.1194509900712273,2.6268628884030396,0.08540471092077087,0.010638115631691649,2335,50
PRAD,shipped,hoptimus1,donor,abs,PRAD_patient2,-1,1,slide,MEND148,0.9677648499693815,2.1194509900712326,2.289102840211125,0.024935701163502758,0.007299448867115738,1633,50
PRAD,shipped,hoptimus1,donor,abs,PRAD_patient2,-1,1,slide,MEND149,0.9428200972447326,2.1194509900712344,2.4189861882707446,0.049097784981091304,0.00808211777417612,1851,50
PRAD,shipped,hoptimus1,donor,abs,PRAD_patient2,-1,1,slide,MEND150,0.866556253569389,2.1194509900712335,3.1618213333145713,0.1123472301541976,0.021096516276413478,1751,50
PRAD,shipped,hoptimus1,donor,abs,PRAD_patient2,-1,1,slide,MEND151,0.9257461538461539,2.1194509900712206,2.471100101935662,0.03236153846153846,0.041892307692307694,2600,50
PRAD,shipped,hoptimus1,donor,abs,PRAD_patient2,-1,1,slide,MEND152,0.8769500324464633,2.119450990071206,2.8907477604210254,0.0627644386761843,0.06028552887735237,3082,50
PRAD,shipped,hoptimus1,donor,abs,PRAD_patient2,-1,1,slide,MEND153,0.8584175824175824,2.1194509900712344,3.046591752622007,0.08057142857142857,0.06101098901098901,1820,50
PRAD,shipped,hoptimus1,donor,abs,PRAD_patient2,-1,2,slide,MEND139,0.943873032808749,2.9771031633384006,3.2416424677184548,0.04447586022939451,0.011651106961856495,3749,50
PRAD,shipped,hoptimus1,donor,abs,PRAD_patient2,-1,2,slide,MEND140,0.9416950904392765,2.9771031633383895,3.33508525704244,0.057291989664082686,0.0010129198966408268,1935,50
PRAD,shipped,hoptimus1,donor,abs,PRAD_patient2,-1,2,slide,MEND141,0.961304347826087,2.977103163338391,3.2251276410239837,0.038528428093645484,0.00016722408026755852,1794,50
PRAD,shipped,hoptimus1,donor,abs,PRAD_patient2,-1,2,slide,MEND142,0.968335001668335,2.9771031633383824,3.162182412688409,0.03059059059059059,0.0010744077410744079,2997,50
PRAD,shipped,hoptimus1,donor,abs,PRAD_patient2,-1,2,slide,MEND143,0.9878249475890984,2.9771031633384024,3.032884788785138,0.012070230607966456,0.00010482180293501049,3816,50
PRAD,shipped,hoptimus1,donor,abs,PRAD_patient2,-1,2,slide,MEND144,0.9903092783505154,2.9771031633384086,3.0196795178431146,0.00946980854197349,0.00022091310751104563,4074,50
PRAD,shipped,hoptimus1,donor,abs,PRAD_patient2,-1,2,slide,MEND145,0.9657968970380818,2.977103163338392,3.219797657531678,0.03382228490832158,0.00038081805359661494,1418,50
PRAD,shipped,hoptimus1,donor,abs,PRAD_patient2,-1,2,slide,MEND146,0.9836456211812628,2.9771031633383895,3.075481785128024,0.015274949083503055,0.0010794297352342158,1964,50
PRAD,shipped,hoptimus1,donor,abs,PRAD_patient2,-1,2,slide,MEND147,0.9782955032119915,2.97710316333838,3.0780409546297967,0.01907494646680942,0.0026295503211991433,2335,50
PRAD,shipped,hoptimus1,donor,abs,PRAD_patient2,-1,2,slide,MEND148,0.9886221677893449,2.9771031633383926,3.051955130889387,0.009112063686466627,0.00226576852418861,1633,50
PRAD,shipped,hoptimus1,donor,abs,PRAD_patient2,-1,2,slide,MEND149,0.9675526742301459,2.97710316333839,3.172134279879604,0.03180983252296057,0.0006374932468935711,1851,50
PRAD,shipped,hoptimus1,donor,abs,PRAD_patient2,-1,2,slide,MEND150,0.9223186750428327,2.977103163338392,3.6867398079200813,0.07572815533980583,0.0019531696173615077,1751,50
PRAD,shipped,hoptimus1,donor,abs,PRAD_patient2,-1,2,slide,MEND151,0.9760538461538463,2.9771031633383784,3.093318931415849,0.020392307692307692,0.003553846153846154,2600,50
PRAD,shipped,hoptimus1,donor,abs,PRAD_patient2,-1,2,slide,MEND152,0.9616742375081117,2.977103163338384,3.1740784195824343,0.02242699545749513,0.01589876703439325,3082,50
PRAD,shipped,hoptimus1,donor,abs,PRAD_patient2,-1,2,slide,MEND153,0.9423186813186812,2.9771031633383904,3.245273863065957,0.02012087912087912,0.03756043956043956,1820,50
PRAD,shipped,hoptimus1,donor,scaled,PRAD_patient1,-1,0,slide,MEND154,0.7629678362573099,1.665591000931648,3.6850505429219997,0.1882894736842105,0.04874269005847953,2736,50
PRAD,shipped,hoptimus1,donor,scaled,PRAD_patient1,-1,0,slide,MEND156,0.648199212155318,1.723366102531039,5.903502727318624,0.23855936972425437,0.11324141812042768,3554,50
PRAD,shipped,hoptimus1,donor,scaled,PRAD_patient1,-1,0,slide,MEND157,0.7499686520376175,1.5522943409006729,3.641778012520149,0.18295297805642632,0.06707836990595611,3190,50
PRAD,shipped,hoptimus1,donor,scaled,PRAD_patient1,-1,0,slide,MEND158,0.8174062095730918,1.7428313934913209,3.0506348568567514,0.06872574385510996,0.11386804657179819,3092,50
PRAD,shipped,hoptimus1,donor,scaled,PRAD_patient1,-1,0,slide,MEND159,0.6277748962655602,1.7470119341905908,4.414592170883796,0.058630705394190866,0.313594398340249,3856,50
PRAD,shipped,hoptimus1,donor,scaled,PRAD_patient1,-1,0,slide,MEND160,0.8669575876440304,1.8292941473585977,2.6102909868783466,0.02769796518754597,0.10534444716842364,4079,50
PRAD,shipped,hoptimus1,donor,scaled,PRAD_patient1,-1,0,slide,MEND161,0.6751711711711712,1.6279781288922637,4.9158202684180266,0.26359639639639637,0.06123243243243244,2775,50
PRAD,shipped,hoptimus1,donor,scaled,PRAD_patient1,-1,0,slide,MEND162,0.9266768876964355,1.5189074064709558,2.009242384932919,0.030095822154082023,0.04322729014948256,2609,50
PRAD,shipped,hoptimus1,donor,scaled,PRAD_patient1,-1,1,slide,MEND154,0.7489766081871345,1.670008717137909,3.7830214291412303,0.21253654970760233,0.03848684210526315,2736,50
PRAD,shipped,hoptimus1,donor,scaled,PRAD_patient1,-1,1,slide,MEND156,0.684839617332583,1.8243611562799442,5.73463357035524,0.245740011254924,0.06942037141249296,3554,50
PRAD,shipped,hoptimus1,donor,scaled,PRAD_patient1,-1,1,slide,MEND157,0.753667711598746,1.586143514902461,3.656956036354693,0.19922884012539185,0.04710344827586207,3190,50
PRAD,shipped,hoptimus1,donor,scaled,PRAD_patient1,-1,1,slide,MEND158,0.8513065976714101,1.8793381048318074,2.9522901467380036,0.0598124191461837,0.08888098318240621,3092,50
PRAD,shipped,hoptimus1,donor,scaled,PRAD_patient1,-1,1,slide,MEND159,0.7258558091286307,1.9003385978671057,3.7363109312863285,0.060010373443983404,0.2141338174273859,3856,50
PRAD,shipped,hoptimus1,donor,scaled,PRAD_patient1,-1,1,slide,MEND160,0.8933905368962981,1.9592068555766156,2.598492723067946,0.02690855601863202,0.07970090708506987,4079,50
PRAD,shipped,hoptimus1,donor,scaled,PRAD_patient1,-1,1,slide,MEND161,0.7175351351351351,1.7856749584654488,4.575856609289617,0.244590990990991,0.03787387387387387,2775,50
PRAD,shipped,hoptimus1,donor,scaled,PRAD_patient1,-1,1,slide,MEND162,0.9319279417401303,1.4362105526873592,1.8302395092788422,0.048056726715216554,0.020015331544653122,2609,50
PRAD,shipped,hoptimus1,donor,scaled,PRAD_patient1,-1,2,slide,MEND154,0.7025877192982456,1.5264358361802908,4.474872479291096,0.26608187134502925,0.031330409356725146,2736,50
PRAD,shipped,hoptimus1,donor,scaled,PRAD_patient1,-1,2,slide,MEND156,0.685891952729319,1.7268149451172252,6.92740315389953,0.2680585256049522,0.04604952166572875,3554,50
PRAD,shipped,hoptimus1,donor,scaled,PRAD_patient1,-1,2,slide,MEND157,0.7291849529780565,1.5204919533005656,3.8468900065035405,0.20642006269592475,0.06439498432601881,3190,50
PRAD,shipped,hoptimus1,donor,scaled,PRAD_patient1,-1,2,slide,MEND158,0.8532341526520052,1.7959423322165498,2.9030089562848165,0.0880595084087969,0.05870633893919793,3092,50
PRAD,shipped,hoptimus1,donor,scaled,PRAD_patient1,-1,2,slide,MEND159,0.8594761410788382,1.7527330296501649,3.1557963437556147,0.11491182572614107,0.025612033195020745,3856,50
PRAD,shipped,hoptimus1,donor,scaled,PRAD_patient1,-1,2,slide,MEND160,0.8834763422407452,1.8479196336341714,2.619103719275576,0.051615592056876686,0.06490806570237803,4079,50
PRAD,shipped,hoptimus1,donor,scaled,PRAD_patient1,-1,2,slide,MEND161,0.6676828828828829,1.644859502356692,5.353748699348931,0.28820900900900903,0.04410810810810811,2775,50
PRAD,shipped,hoptimus1,donor,scaled,PRAD_patient1,-1,2,slide,MEND162,0.8879800689919509,1.283789306084445,1.9895773473419747,0.045588348026063624,0.06643158298198544,2609,50
PRAD,shipped,hoptimus1,donor,scaled,PRAD_patient2,-1,0,slide,MEND139,0.9473566284342492,5.562210835354706,5.9061098815935615,0.047751400373432916,0.004891971192317951,3749,50
PRAD,shipped,hoptimus1,donor,scaled,PRAD_patient2,-1,0,slide,MEND140,0.8554418604651163,4.334682436024799,5.433242589043021,0.144031007751938,0.0005271317829457365,1935,50
PRAD,shipped,hoptimus1,donor,scaled,PRAD_patient2,-1,0,slide,MEND141,0.8757971014492754,4.146159492180951,5.027036746910487,0.12390189520624303,0.00030100334448160534,1794,50
PRAD,shipped,hoptimus1,donor,scaled,PRAD_patient2,-1,0,slide,MEND142,0.9184451117784451,4.59991301469857,5.128429582581065,0.08074074074074074,0.0008141474808141475,2997,50
PRAD,shipped,hoptimus1,donor,scaled,PRAD_patient2,-1,0,slide,MEND143,0.8733228511530399,2.2549486365566027,3.0189090210395664,0.11631027253668763,0.010366876310272537,3816,50
PRAD,shipped,hoptimus1,donor,scaled,PRAD_patient2,-1,0,slide,MEND144,0.8951202749140893,2.602574437570636,3.244144379729155,0.09917034855179185,0.005709376534118802,4074,50
PRAD,shipped,hoptimus1,donor,scaled,PRAD_patient2,-1,0,slide,MEND145,0.8412411847672778,2.816865010927541,4.108014085398162,0.1532581100141044,0.005500705218617772,1418,50
PRAD,shipped,hoptimus1,donor,scaled,PRAD_patient2,-1,0,slide,MEND146,0.8743075356415478,2.414291042347568,3.2858822402277053,0.11892057026476578,0.0067718940936863535,1964,50
PRAD,shipped,hoptimus1,donor,scaled,PRAD_patient2,-1,0,slide,MEND147,0.9442826552462527,4.465156303154186,4.815446053448714,0.054012847965738756,0.0017044967880085653,2335,50
PRAD,shipped,hoptimus1,donor,scaled,PRAD_patient2,-1,0,slide,MEND148,0.9488058787507654,4.2048157489777225,4.510720023962554,0.04968769136558482,0.0015064298836497245,1633,50
PRAD,shipped,hoptimus1,donor,scaled,PRAD_patient2,-1,0,slide,MEND149,0.9120259319286872,4.9321385078357665,5.537820033946734,0.08716369529983792,0.0008103727714748785,1851,50
PRAD,shipped,hoptimus1,donor,scaled,PRAD_patient2,-1,0,slide,MEND150,0.9005139920045688,5.766955834083511,6.687513854339592,0.09925756710451171,0.0002284408909194746,1751,50
PRAD,shipped,hoptimus1,donor,scaled,PRAD_patient2,-1,0,slide,MEND151,0.9815230769230768,6.156246422460551,6.250847848532008,0.01760769230769231,0.0008692307692307693,2600,50
PRAD,shipped,hoptimus1,donor,scaled,PRAD_patient2,-1,0,slide,MEND152,0.9723101881894874,5.134030204371998,5.297505470574779,0.023244646333549644,0.004445165476963011,3082,50
PRAD,shipped,hoptimus1,donor,scaled,PRAD_patient2,-1,0,slide,MEND153,0.9666043956043956,4.6778071434995505,4.897746047746855,0.027813186813186813,0.005582417582417582,1820,50
PRAD,shipped,hoptimus1,donor,scaled,PRAD_patient2,-1,1,slide,MEND139,0.8258628967724726,2.272840436406511,3.6057199805085047,0.14448652974126433,0.029650573486263,3749,50
PRAD,shipped,hoptimus1,donor,scaled,PRAD_patient2,-1,1,slide,MEND140,0.7624082687338501,1.8536752073743532,3.8395611828668383,0.2348010335917313,0.0027906976744186047,1935,50
PRAD,shipped,hoptimus1,donor,scaled,PRAD_patient2,-1,1,slide,MEND141,0.8731549609810478,1.7899994851728034,2.5577994755305506,0.12091415830546266,0.005930880713489409,1794,50
PRAD,shipped,hoptimus1,donor,scaled,PRAD_patient2,-1,1,slide,MEND142,0.8477277277277276,1.9385260685578287,3.0017891092918942,0.14986986986986986,0.0024024024024024023,2997,50
PRAD,shipped,hoptimus1,donor,scaled,PRAD_patient2,-1,1,slide,MEND143,0.7259329140461216,1.1572415242235932,3.3279514931677796,0.24920859538784068,0.02485849056603773,3816,50
PRAD,shipped,hoptimus1,donor,scaled,PRAD_patient2,-1,1,slide,MEND144,0.7497005400098183,1.216577787692592,3.1463432426430895,0.24444771723122238,0.005851742758959254,4074,50
PRAD,shipped,hoptimus1,donor,scaled,PRAD_patient2,-1,1,slide,MEND145,0.6668124118476727,1.2110519738227814,4.525363925462191,0.3247249647390691,0.00846262341325811,1418,50
PRAD,shipped,hoptimus1,donor,scaled,PRAD_patient2,-1,1,slide,MEND146,0.6938798370672097,1.098997929535856,3.5686499816442914,0.29723014256619146,0.008890020366598778,1964,50
PRAD,shipped,hoptimus1,donor,scaled,PRAD_patient2,-1,1,slide,MEND147,0.8406423982869379,1.913945456608273,3.0363270566517713,0.15403854389721627,0.005319057815845824,2335,50
PRAD,shipped,hoptimus1,donor,scaled,PRAD_patient2,-1,1,slide,MEND148,0.8977464788732393,1.7158936204984432,2.325125483646934,0.09853031230863442,0.003723208818126148,1633,50
PRAD,shipped,hoptimus1,donor,scaled,PRAD_patient2,-1,1,slide,MEND149,0.8790275526742302,1.8706342607259319,2.668690163293716,0.11797947055645597,0.0029929767693138844,1851,50
PRAD,shipped,hoptimus1,donor,scaled,PRAD_patient2,-1,1,slide,MEND150,0.8914905768132496,2.6647221827284198,3.491222523624586,0.10581382067390063,0.0026956025128498,1751,50
PRAD,shipped,hoptimus1,donor,scaled,PRAD_patient2,-1,1,slide,MEND151,0.9598153846153846,2.7279580253331317,2.9310785331585287,0.03516153846153846,0.0050230769230769235,2600,50
PRAD,shipped,hoptimus1,donor,scaled,PRAD_patient2,-1,1,slide,MEND152,0.9125632706035043,2.4524820194283015,3.004847152187351,0.06340687865022712,0.024029850746268656,3082,50
PRAD,shipped,hoptimus1,donor,scaled,PRAD_patient2,-1,1,slide,MEND153,0.9116373626373627,2.55072185672607,3.142785632762632,0.06654945054945055,0.021813186813186815,1820,50
PRAD,shipped,hoptimus1,donor,scaled,PRAD_patient2,-1,2,slide,MEND139,0.8085942918111496,2.0356903618022004,3.5605990500103193,0.16560149373166178,0.02580421445718858,3749,50
PRAD,shipped,hoptimus1,donor,scaled,PRAD_patient2,-1,2,slide,MEND140,0.7260981912144703,1.5742848188261525,3.7434942082870943,0.26733850129198966,0.006563307493540052,1935,50
PRAD,shipped,hoptimus1,donor,scaled,PRAD_patient2,-1,2,slide,MEND141,0.8330100334448161,1.6069563825062352,2.775744249516019,0.16558528428093644,0.0014046822742474914,1794,50
PRAD,shipped,hoptimus1,donor,scaled,PRAD_patient2,-1,2,slide,MEND142,0.8310377043710377,1.7023020146122536,2.867474310221049,0.16732065398732066,0.0016416416416416416,2997,50
PRAD,shipped,hoptimus1,donor,scaled,PRAD_patient2,-1,2,slide,MEND143,0.9107756813417192,1.6141716946493392,2.093286881193958,0.08567610062893082,0.003548218029350105,3816,50
PRAD,shipped,hoptimus1,donor,scaled,PRAD_patient2,-1,2,slide,MEND144,0.9195139911634758,1.6812720799152032,2.114884424706022,0.07876779577810505,0.001718213058419244,4074,50
PRAD,shipped,hoptimus1,donor,scaled,PRAD_patient2,-1,2,slide,MEND145,0.8802256699576868,1.6964472724381687,2.5223844467567673,0.11424541607898447,0.005528913963328632,1418,50
PRAD,shipped,hoptimus1,donor,scaled,PRAD_patient2,-1,2,slide,MEND146,0.9117209775967413,1.6490877675070754,2.180144237054153,0.08578411405295316,0.0024949083503054987,1964,50
PRAD,shipped,hoptimus1,donor,scaled,PRAD_patient2,-1,2,slide,MEND147,0.9320513918629549,2.2578858246236475,2.63012655322976,0.06736616702355461,0.000582441113490364,2335,50
PRAD,shipped,hoptimus1,donor,scaled,PRAD_patient2,-1,2,slide,MEND148,0.9319044703000613,1.608452156223314,1.9846258695638206,0.06717697489283528,0.0009185548071034905,1633,50
PRAD,shipped,hoptimus1,donor,scaled,PRAD_patient2,-1,2,slide,MEND149,0.7441491085899514,1.3377578016989708,3.3920387083470445,0.2498757428417072,0.005975148568341438,1851,50
PRAD,shipped,hoptimus1,donor,scaled,PRAD_patient2,-1,2,slide,MEND150,0.7549171901770417,1.9537696983480026,4.249884696516537,0.241736150770988,0.0033466590519703027,1751,50
PRAD,shipped,hoptimus1,donor,scaled,PRAD_patient2,-1,2,slide,MEND151,0.8760153846153846,2.0661745085142216,2.929688429507882,0.122,0.0019846153846153846,2600,50
PRAD,shipped,hoptimus1,donor,scaled,PRAD_patient2,-1,2,slide,MEND152,0.9388319273199222,2.620095919467285,3.0207665525518594,0.054516547696301106,0.006651524983776769,3082,50
PRAD,shipped,hoptimus1,donor,scaled,PRAD_patient2,-1,2,slide,MEND153,0.9447032967032968,2.6893400627063464,3.010566473232466,0.038967032967032966,0.01632967032967033,1820,50
PRAD,shipped,hoptimus1,patient,abs,0,-1,0,slide,MEND154,0.7427485380116958,1.8299079843487076,4.48782321404434,0.23934210526315788,0.017909356725146198,2736,50
PRAD,shipped,hoptimus1,patient,abs,0,-1,0,slide,MEND156,0.6950309510410804,1.8299079843487056,6.91300932518603,0.26402363534046147,0.040945413618458076,3554,50
PRAD,shipped,hoptimus1,patient,abs,0,-1,0,slide,MEND157,0.794307210031348,1.8299079843487065,3.727978219877744,0.17265830721003134,0.03303448275862069,3190,50
PRAD,shipped,hoptimus1,patient,abs,0,-1,0,slide,MEND158,0.8551617076326002,1.8299079843487058,3.0692962897618083,0.09038163001293661,0.054456662354463135,3092,50
PRAD,shipped,hoptimus1,patient,abs,0,-1,0,slide,MEND159,0.8815197095435684,1.829907984348707,2.9739373201842163,0.07231846473029045,0.046161825726141074,3856,50
PRAD,shipped,hoptimus1,patient,abs,0,-1,0,slide,MEND160,0.9021573915175288,1.8299079843487092,2.5340506444103763,0.04782054425104192,0.05002206423142927,4079,50
PRAD,shipped,hoptimus1,patient,abs,0,-1,0,slide,MEND161,0.676418018018018,1.8299079843487072,5.776041942874633,0.2949117117117117,0.02867027027027027,2775,50
PRAD,shipped,hoptimus1,patient,abs,0,-1,0,slide,MEND162,0.9531391337677271,1.8299079843487087,2.202371732219123,0.021019547719432735,0.025841318512840168,2609,50
PRAD,shipped,hoptimus1,patient,abs,0,-1,1,slide,MEND154,0.8261038011695906,1.8955509990703834,3.251198765688591,0.11804093567251461,0.055855263157894734,2736,50
PRAD,shipped,hoptimus1,patient,abs,0,-1,1,slide,MEND156,0.7214068655036578,1.8955509990703892,6.101812614197882,0.209893078221722,0.06870005627462014,3554,50
PRAD,shipped,hoptimus1,patient,abs,0,-1,1,slide,MEND157,0.8255485893416927,1.8955509990703874,3.301169486237098,0.11137931034482758,0.06307210031347962,3190,50
PRAD,shipped,hoptimus1,patient,abs,0,-1,1,slide,MEND158,0.8296377749029754,1.8955509990703872,3.2208135301782397,0.05448900388098318,0.1158732212160414,3092,50
PRAD,shipped,hoptimus1,patient,abs,0,-1,1,slide,MEND159,0.8420695020746888,1.8955509990703903,3.13284062159036,0.05611514522821577,0.10181535269709543,3856,50
PRAD,shipped,hoptimus1,patient,abs,0,-1,1,slide,MEND160,0.8727727384162784,1.8955509990703912,2.7220548633751367,0.02551605785731797,0.10171120372640352,4079,50
PRAD,shipped,hoptimus1,patient,abs,0,-1,1,slide,MEND161,0.7364756756756756,1.895550999070384,4.453147653788162,0.2025009009009009,0.06102342342342342,2775,50
PRAD,shipped,hoptimus1,patient,abs,0,-1,1,slide,MEND162,0.9531391337677272,1.8955509990703823,2.2869528147087586,0.014656956688386355,0.03220390954388654,2609,50
PRAD,shipped,hoptimus1,patient,abs,0,-1,2,slide,MEND154,0.7614473684210527,1.7173023522132298,3.7344238611078366,0.18460526315789472,0.053947368421052626,2736,50
PRAD,shipped,hoptimus1,patient,abs,0,-1,2,slide,MEND156,0.668823860438942,1.7173023522132325,6.431548435475759,0.22695554305008442,0.10422059651097354,3554,50
PRAD,shipped,hoptimus1,patient,abs,0,-1,2,slide,MEND157,0.7633667711598746,1.717302352213233,3.496792980084075,0.13307836990595612,0.10355485893416928,3190,50
PRAD,shipped,hoptimus1,patient,abs,0,-1,2,slide,MEND158,0.7743143596377748,1.717302352213233,3.2418641158263783,0.07157179818887452,0.15411384217335058,3092,50
PRAD,shipped,hoptimus1,patient,abs,0,-1,2,slide,MEND159,0.795539419087137,1.7173023522132331,3.137186849731837,0.059128630705394196,0.1453319502074689,3856,50
PRAD,shipped,hoptimus1,patient,abs,0,-1,2,slide,MEND160,0.7902672223584212,1.7173023522132325,2.957875037219771,0.03575876440303996,0.17397401323853884,4079,50
PRAD,shipped,hoptimus1,patient,abs,0,-1,2,slide,MEND161,0.6873945945945945,1.7173023522132305,4.653386572221613,0.2322018018018018,0.0804036036036036,2775,50
PRAD,shipped,hoptimus1,patient,abs,0,-1,2,slide,MEND162,0.9397087006515906,1.7173023522132271,2.1112112570348494,0.021211192027596783,0.03908010732081257,2609,50
PRAD,shipped,hoptimus1,patient,abs,1,-1,0,slide,MEND139,0.9658949053080822,2.984888444939574,3.1447405741527383,0.03231795145372099,0.0017871432381968524,3749,50
PRAD,shipped,hoptimus1,patient,abs,1,-1,0,slide,MEND140,0.9526511627906977,2.9848884449395725,3.2648793424586695,0.04731782945736434,3.1007751937984497e-05,1935,50
PRAD,shipped,hoptimus1,patient,abs,1,-1,0,slide,MEND141,0.9685395763656633,2.9848884449395716,3.1862328017017676,0.031426978818283165,3.3444816053511705e-05,1794,50
PRAD,shipped,hoptimus1,patient,abs,1,-1,0,slide,MEND142,0.9782515849182516,2.9848884449395796,3.106321188561881,0.021628294961628294,0.00012012012012012012,2997,50
PRAD,shipped,hoptimus1,patient,abs,1,-1,0,slide,MEND143,0.9910796645702306,2.984888444939574,3.0205732219624988,0.008878406708595387,4.19287211740042e-05,3816,50
PRAD,shipped,hoptimus1,patient,abs,1,-1,0,slide,MEND144,0.9945311732940598,2.984888444939573,3.004526177355154,0.005414825724104074,5.400098183603338e-05,4074,50
PRAD,shipped,hoptimus1,patient,abs,1,-1,0,slide,MEND145,0.9678279266572638,2.984888444939567,3.1921851656735565,0.03215796897038082,1.4104372355430183e-05,1418,50
PRAD,shipped,hoptimus1,patient,abs,1,-1,0,slide,MEND146,0.9872708757637474,2.9848884449395725,3.0573411931649055,0.012637474541751528,9.164969450101833e-05,1964,50
PRAD,shipped,hoptimus1,patient,abs,1,-1,0,slide,MEND147,0.9867323340471091,2.9848884449395734,3.0463310960452374,0.013010706638115632,0.0002569593147751606,2335,50
PRAD,shipped,hoptimus1,patient,abs,1,-1,0,slide,MEND148,0.9945254133496632,2.9848884449395694,3.020098544089172,0.005180649112063686,0.00029393753827311697,1633,50
PRAD,shipped,hoptimus1,patient,abs,1,-1,0,slide,MEND149,0.9813722312263642,2.9848884449395725,3.0926879340010305,0.018519719070772555,0.00010804970286331712,1851,50
PRAD,shipped,hoptimus1,patient,abs,1,-1,0,slide,MEND150,0.9274585950885208,2.984888444939571,3.6971700242900636,0.07248429468874928,5.711022272986865e-05,1751,50
PRAD,shipped,hoptimus1,patient,abs,1,-1,0,slide,MEND151,0.9883153846153846,2.9848884449395774,3.0485976925522262,0.0106,0.0010846153846153846,2600,50
PRAD,shipped,hoptimus1,patient,abs,1,-1,0,slide,MEND152,0.9755872809863725,2.984888444939579,3.1364964811294866,0.019214795587280988,0.005197923426346528,3082,50
PRAD,shipped,hoptimus1,patient,abs,1,-1,0,slide,MEND153,0.9666593406593407,2.9848884449395716,3.206932081508843,0.0263956043956044,0.006945054945054945,1820,50
PRAD,shipped,hoptimus1,patient,abs,1,-1,1,slide,MEND139,0.906855161376367,2.644278582198672,3.104489637861886,0.0360949586556415,0.05704987996799146,3749,50
PRAD,shipped,hoptimus1,patient,abs,1,-1,1,slide,MEND140,0.9404857881136951,2.644278582198666,2.978012137717207,0.056144702842377256,0.003369509043927648,1935,50
PRAD,shipped,hoptimus1,patient,abs,1,-1,1,slide,MEND141,0.96835005574136,2.644278582198666,2.826739901741036,0.030836120401337794,0.0008138238573021183,1794,50
PRAD,shipped,hoptimus1,patient,abs,1,-1,1,slide,MEND142,0.9702902902902903,2.6442785821986643,2.7869229956576946,0.026112779446112778,0.0035969302635969302,2997,50
PRAD,shipped,hoptimus1,patient,abs,1,-1,1,slide,MEND143,0.9776939203354297,2.6442785821986723,2.7321476269916656,0.013322851153039833,0.008983228511530399,3816,50
PRAD,shipped,hoptimus1,patient,abs,1,-1,1,slide,MEND144,0.9825724104074619,2.644278582198674,2.718611834299341,0.015272459499263622,0.0021551300932744232,4074,50
PRAD,shipped,hoptimus1,patient,abs,1,-1,1,slide,MEND145,0.9515373765867419,2.64427858219867,2.955598387454667,0.046755994358251056,0.0017066290550070524,1418,50
PRAD,shipped,hoptimus1,patient,abs,1,-1,1,slide,MEND146,0.9721486761710794,2.644278582198666,2.8193157893101426,0.027016293279022406,0.000835030549898167,1964,50
PRAD,shipped,hoptimus1,patient,abs,1,-1,1,slide,MEND147,0.9699014989293362,2.644278582198666,2.7837681554434073,0.021815845824411137,0.008282655246252678,2335,50
PRAD,shipped,hoptimus1,patient,abs,1,-1,1,slide,MEND148,0.985793018983466,2.6442785821986674,2.7280813874502146,0.009761175750153093,0.004445805266380894,1633,50
PRAD,shipped,hoptimus1,patient,abs,1,-1,1,slide,MEND149,0.9764019448946516,2.644278582198666,2.7701381543045938,0.02057266342517558,0.00302539168017288,1851,50
PRAD,shipped,hoptimus1,patient,abs,1,-1,1,slide,MEND150,0.9361736150770988,2.644278582198666,3.1050151267813613,0.05179897201599086,0.012027412906910338,1751,50
PRAD,shipped,hoptimus1,patient,abs,1,-1,1,slide,MEND151,0.9668000000000001,2.6442785821986643,2.7833937872644237,0.011446153846153845,0.021753846153846155,2600,50
PRAD,shipped,hoptimus1,patient,abs,1,-1,1,slide,MEND152,0.931959766385464,2.6442785821986643,3.0201549106510073,0.021933809214795586,0.046106424399740435,3082,50
PRAD,shipped,hoptimus1,patient,abs,1,-1,1,slide,MEND153,0.9137252747252746,2.644278582198666,3.1314437398138306,0.024362637362637364,0.06191208791208792,1820,50
PRAD,shipped,hoptimus1,patient,abs,1,-1,2,slide,MEND139,0.8900133368898373,2.3873780472578847,2.9463181652893917,0.05547079221125634,0.054515870898906374,3749,50
PRAD,shipped,hoptimus1,patient,abs,1,-1,2,slide,MEND140,0.922015503875969,2.387378047257883,2.8500093657663466,0.07533850129198966,0.0026459948320413434,1935,50
PRAD,shipped,hoptimus1,patient,abs,1,-1,2,slide,MEND141,0.9604570791527313,2.387378047257883,2.609515436671629,0.03908584169453735,0.00045707915273132666,1794,50
PRAD,shipped,hoptimus1,patient,abs,1,-1,2,slide,MEND142,0.9630296963630297,2.387378047257881,2.5699475493016375,0.034721388054721386,0.0022489155822489155,2997,50
PRAD,shipped,hoptimus1,patient,abs,1,-1,2,slide,MEND143,0.9738364779874213,2.387378047257885,2.4993236509071988,0.02592243186582809,0.00024109014675052412,3816,50
PRAD,shipped,hoptimus1,patient,abs,1,-1,2,slide,MEND144,0.9755424644084438,2.3873780472578856,2.4898036271235937,0.024099165439371625,0.00035837015218458514,4074,50
PRAD,shipped,hoptimus1,patient,abs,1,-1,2,slide,MEND145,0.9297179125528914,2.387378047257885,2.8611260558871243,0.07,0.00028208744710860365,1418,50
PRAD,shipped,hoptimus1,patient,abs,1,-1,2,slide,MEND146,0.9661710794297352,2.3873780472578834,2.5930490610851007,0.0325050916496945,0.0013238289205702647,1964,50
PRAD,shipped,hoptimus1,patient,abs,1,-1,2,slide,MEND147,0.9650535331905782,2.3873780472578843,2.54482712661089,0.031049250535331904,0.003897216274089936,2335,50
PRAD,shipped,hoptimus1,patient,abs,1,-1,2,slide,MEND148,0.9848867115737906,2.387378047257884,2.46943127555706,0.010753214941824862,0.004360073484384569,1633,50
PRAD,shipped,hoptimus1,patient,abs,1,-1,2,slide,MEND149,0.9708049702863317,2.387378047257883,2.5373996840108326,0.026850351161534305,0.0023446785521339815,1851,50
PRAD,shipped,hoptimus1,patient,abs,1,-1,2,slide,MEND150,0.9187892632781268,2.387378047257883,3.0604314999199755,0.06908052541404912,0.012130211307824101,1751,50
PRAD,shipped,hoptimus1,patient,abs,1,-1,2,slide,MEND151,0.9637307692307693,2.387378047257883,2.5486025055298756,0.020246153846153848,0.01602307692307692,2600,50
PRAD,shipped,hoptimus1,patient,abs,1,-1,2,slide,MEND152,0.9266125892277742,2.3873780472578803,2.8095952766038796,0.04882543802725503,0.024561972744970798,3082,50
PRAD,shipped,hoptimus1,patient,abs,1,-1,2,slide,MEND153,0.9193516483516484,2.387378047257883,2.8403344905036305,0.052000000000000005,0.02864835164835165,1820,50
PRAD,shipped,hoptimus1,patient,scaled,0,-1,0,slide,MEND154,0.7061111111111111,1.6721127771927804,4.726474600774811,0.27842105263157896,0.015467836257309941,2736,50
PRAD,shipped,hoptimus1,patient,scaled,0,-1,0,slide,MEND156,0.7260664040517726,1.9981043436659953,6.371907670823854,0.24783905458638153,0.02609454136184581,3554,50
PRAD,shipped,hoptimus1,patient,scaled,0,-1,0,slide,MEND157,0.7733479623824451,1.7144796439002519,3.7188187647949347,0.19746081504702193,0.02919122257053292,3190,50
PRAD,shipped,hoptimus1,patient,scaled,0,-1,0,slide,MEND158,0.8968111254851229,2.0055346316247027,2.8646438123357836,0.0804915912031048,0.022697283311772315,3092,50
PRAD,shipped,hoptimus1,patient,scaled,0,-1,0,slide,MEND159,0.8995902489626556,2.0665781060044597,3.0227550489026385,0.07560165975103735,0.024808091286307055,3856,50
PRAD,shipped,hoptimus1,patient,scaled,0,-1,0,slide,MEND160,0.9336307918607502,2.0200283021996874,2.479756024083948,0.04502083844079431,0.021348369698455504,4079,50
PRAD,shipped,hoptimus1,patient,scaled,0,-1,0,slide,MEND161,0.6743639639639639,1.78165163942286,5.492142502612117,0.30153513513513513,0.024100900900900904,2775,50
PRAD,shipped,hoptimus1,patient,scaled,0,-1,0,slide,MEND162,0.9170716749712534,1.4227424309617596,1.9923547374097257,0.05103871215024913,0.03188961287849751,2609,50
PRAD,shipped,hoptimus1,patient,scaled,0,-1,1,slide,MEND154,0.8302777777777777,1.901153929953997,3.254338629121946,0.12852339181286548,0.04119883040935672,2736,50
PRAD,shipped,hoptimus1,patient,scaled,0,-1,1,slide,MEND156,0.7467529544175576,1.977176113887833,5.8218424497374075,0.20484524479459765,0.04840180078784468,3554,50
PRAD,shipped,hoptimus1,patient,scaled,0,-1,1,slide,MEND157,0.8217617554858934,1.830804305454512,3.2547590173151644,0.1260564263322884,0.052181818181818176,3190,50
PRAD,shipped,hoptimus1,patient,scaled,0,-1,1,slide,MEND158,0.8733829236739975,1.9469076243596626,2.8282866869741614,0.06,0.0666170763260026,3092,50
PRAD,shipped,hoptimus1,patient,scaled,0,-1,1,slide,MEND159,0.8670072614107883,1.881988963641152,3.0117597717351474,0.07020746887966806,0.06278526970954357,3856,50
PRAD,shipped,hoptimus1,patient,scaled,0,-1,1,slide,MEND160,0.9186025986761461,2.020753415007937,2.537925775810658,0.02752145133611179,0.05387594998774209,4079,50
PRAD,shipped,hoptimus1,patient,scaled,0,-1,1,slide,MEND161,0.7534198198198199,1.8816432491933728,4.274129182363776,0.1940972972972973,0.05248288288288288,2775,50
PRAD,shipped,hoptimus1,patient,scaled,0,-1,1,slide,MEND162,0.8905021080873898,1.3380557053530322,2.0157909980281876,0.047642775009582215,0.06185511690302798,2609,50
PRAD,shipped,hoptimus1,patient,scaled,0,-1,2,slide,MEND154,0.8089181286549707,1.8832268529128697,3.557812268369147,0.1617982456140351,0.029283625730994148,2736,50
PRAD,shipped,hoptimus1,patient,scaled,0,-1,2,slide,MEND156,0.7629712999437254,2.0643397196715783,5.695315709534061,0.18341586944288124,0.05361283061339336,3554,50
PRAD,shipped,hoptimus1,patient,scaled,0,-1,2,slide,MEND157,0.8202758620689656,1.8454913252950678,3.20728533038346,0.11947335423197492,0.06025078369905956,3190,50
PRAD,shipped,hoptimus1,patient,scaled,0,-1,2,slide,MEND158,0.8957697283311772,2.0658759054568474,2.849209451051552,0.04986416558861578,0.054366106080206984,3092,50
PRAD,shipped,hoptimus1,patient,scaled,0,-1,2,slide,MEND159,0.8921213692946058,2.0791535082411836,3.00656050092648,0.05241701244813278,0.05546161825726141,3856,50
PRAD,shipped,hoptimus1,patient,scaled,0,-1,2,slide,MEND160,0.9227310615346899,2.1770079771226634,2.6727952949551876,0.023064476587398873,0.05420446187791125,4079,50
PRAD,shipped,hoptimus1,patient,scaled,0,-1,2,slide,MEND161,0.7919711711711712,2.0427534570777772,3.9319750052643383,0.16776936936936937,0.040259459459459454,2775,50
PRAD,shipped,hoptimus1,patient,scaled,0,-1,2,slide,MEND162,0.9033269451897279,1.3658643041464726,2.0058656060298987,0.03899578382522039,0.057677270985051744,2609,50
PRAD,shipped,hoptimus1,patient,scaled,1,-1,0,slide,MEND139,0.9173539610562816,2.912926823930007,3.536584227157954,0.08037343291544412,0.0022726060282742063,3749,50
PRAD,shipped,hoptimus1,patient,scaled,1,-1,0,slide,MEND140,0.8549664082687339,2.257526083949209,3.3532968872588413,0.144671834625323,0.0003617571059431524,1935,50
PRAD,shipped,hoptimus1,patient,scaled,1,-1,0,slide,MEND141,0.9097993311036789,2.262365956841289,2.872332155532972,0.09011148272017837,8.918617614269788e-05,1794,50
PRAD,shipped,hoptimus1,patient,scaled,1,-1,0,slide,MEND142,0.9105505505505505,2.3405343417143047,2.941992765846187,0.08934934934934935,0.0001001001001001001,2997,50
PRAD,shipped,hoptimus1,patient,scaled,1,-1,0,slide,MEND143,0.9399056603773585,2.1373327643567936,2.4391196418613488,0.059895178197065,0.0001991614255765199,3816,50
PRAD,shipped,hoptimus1,patient,scaled,1,-1,0,slide,MEND144,0.9440009818360333,2.0803042092798942,2.373521787819451,0.055724104074619536,0.000274914089347079,4074,50
PRAD,shipped,hoptimus1,patient,scaled,1,-1,0,slide,MEND145,0.8991678420310296,2.124671165602271,2.871475364801822,0.10047954866008463,0.0003526093088857546,1418,50
PRAD,shipped,hoptimus1,patient,scaled,1,-1,0,slide,MEND146,0.9257433808553971,1.9641989721483741,2.420044735863049,0.07367617107942974,0.000580448065173116,1964,50
PRAD,shipped,hoptimus1,patient,scaled,1,-1,0,slide,MEND147,0.9638029978586724,2.7363071501093263,2.935665250151071,0.036068522483940046,0.0001284796573875803,2335,50
PRAD,shipped,hoptimus1,patient,scaled,1,-1,0,slide,MEND148,0.9590079608083282,2.019809887808444,2.2373755462966374,0.04047764849969382,0.0005143906919779547,1633,50
PRAD,shipped,hoptimus1,patient,scaled,1,-1,0,slide,MEND149,0.8923933009184225,2.011890083028295,2.7757544410487283,0.10720691518098326,0.00039978390059427333,1851,50
PRAD,shipped,hoptimus1,patient,scaled,1,-1,0,slide,MEND150,0.863038263849229,2.6276602441717607,4.002232145393086,0.13681324957167332,0.0001484865790976585,1751,50
PRAD,shipped,hoptimus1,patient,scaled,1,-1,0,slide,MEND151,0.9763692307692309,2.9637203671827974,3.0962294219306643,0.023292307692307692,0.00033846153846153846,2600,50
PRAD,shipped,hoptimus1,patient,scaled,1,-1,0,slide,MEND152,0.978754055807917,3.3435879639968813,3.463804611510751,0.020668397144711227,0.0005775470473718365,3082,50
PRAD,shipped,hoptimus1,patient,scaled,1,-1,0,slide,MEND153,0.9818681318681318,3.5645807659339415,3.6643034080331263,0.01668131868131868,0.0014505494505494504,1820,50
PRAD,shipped,hoptimus1,patient,scaled,1,-1,1,slide,MEND139,0.9561483062149907,3.447390740277592,3.7397457415078765,0.040928247532675384,0.0029234462523339555,3749,50
PRAD,shipped,hoptimus1,patient,scaled,1,-1,1,slide,MEND140,0.9176227390180878,2.723431001934139,3.2732440636860507,0.082015503875969,0.0003617571059431524,1935,50
PRAD,shipped,hoptimus1,patient,scaled,1,-1,1,slide,MEND141,0.9580379041248607,2.6333873314267113,2.885151130772832,0.04090301003344481,0.0010590858416945374,1794,50
PRAD,shipped,hoptimus1,patient,scaled,1,-1,1,slide,MEND142,0.9611878545211878,2.861247609645365,3.08809783469397,0.038251584918251584,0.0005605605605605605,2997,50
PRAD,shipped,hoptimus1,patient,scaled,1,-1,1,slide,MEND143,0.9384591194968553,2.3808476991117753,2.8384040117298097,0.02893081761006289,0.032610062893081763,3816,50
PRAD,shipped,hoptimus1,patient,scaled,1,-1,1,slide,MEND144,0.9519194894452626,2.4095549301207875,2.7155079116064997,0.0432793323514973,0.004801178203240058,4074,50
PRAD,shipped,hoptimus1,patient,scaled,1,-1,1,slide,MEND145,0.9211706629055008,2.427374048660828,3.005297521742157,0.07150916784203103,0.007320169252468266,1418,50
PRAD,shipped,hoptimus1,patient,scaled,1,-1,1,slide,MEND146,0.9224847250509165,2.1534035806618075,2.693030849358936,0.07216904276985743,0.005346232179226069,1964,50
PRAD,shipped,hoptimus1,patient,scaled,1,-1,1,slide,MEND147,0.9724453961456102,3.1594375011938816,3.3091449578212813,0.026689507494646682,0.0008650963597430407,2335,50
PRAD,shipped,hoptimus1,patient,scaled,1,-1,1,slide,MEND148,0.9682057562767912,2.5575914030350617,2.7244325004859435,0.031622780159216164,0.00017146356399265158,1633,50
PRAD,shipped,hoptimus1,patient,scaled,1,-1,1,slide,MEND149,0.9563803349540788,2.680815635503897,2.9360153488203498,0.043155051323608855,0.00046461372231226366,1851,50
PRAD,shipped,hoptimus1,patient,scaled,1,-1,1,slide,MEND150,0.9649571673329526,3.5413815881270407,3.742307603656711,0.03476870359794403,0.0002741290691033695,1751,50
PRAD,shipped,hoptimus1,patient,scaled,1,-1,1,slide,MEND151,0.9869692307692307,3.64533752709089,3.709277395656287,0.012838461538461538,0.00019230769230769228,2600,50
PRAD,shipped,hoptimus1,patient,scaled,1,-1,1,slide,MEND152,0.9848929266709929,3.8635231756996546,3.946712428550021,0.013880597014925373,0.0012264763140817652,3082,50
PRAD,shipped,hoptimus1,patient,scaled,1,-1,1,slide,MEND153,0.9886703296703296,4.1267747535549475,4.185958940330775,0.008296703296703296,0.0030329670329670333,1820,50
PRAD,shipped,hoptimus1,patient,scaled,1,-1,2,slide,MEND139,0.8958548946385703,2.650546265503869,3.3647918321387698,0.08502000533475593,0.01912510002667378,3749,50
PRAD,shipped,hoptimus1,patient,scaled,1,-1,2,slide,MEND140,0.8601033591731266,2.153773861831114,3.1397659990480364,0.1377467700258398,0.002149870801033592,1935,50
PRAD,shipped,hoptimus1,patient,scaled,1,-1,2,slide,MEND141,0.9339464882943144,2.2407635838000393,2.620048087629478,0.0659308807134894,0.0001226309921962096,1794,50
PRAD,shipped,hoptimus1,patient,scaled,1,-1,2,slide,MEND142,0.9265331998665332,2.376116827971588,2.8067922881021623,0.07327327327327328,0.00019352686019352686,2997,50
PRAD,shipped,hoptimus1,patient,scaled,1,-1,2,slide,MEND143,0.9120230607966456,1.9126538072120836,2.4263046051492365,0.08780922431865829,0.0001677148846960168,3816,50
PRAD,shipped,hoptimus1,patient,scaled,1,-1,2,slide,MEND144,0.9164997545409916,1.9383393133633768,2.4282570662089795,0.08324987727049583,0.0002503681885125184,4074,50
PRAD,shipped,hoptimus1,patient,scaled,1,-1,2,slide,MEND145,0.8711847672778562,2.0185985954759587,3.008642791565352,0.12849083215796897,0.0003244005641748942,1418,50
PRAD,shipped,hoptimus1,patient,scaled,1,-1,2,slide,MEND146,0.904979633401222,1.8759997623418014,2.5050580940122806,0.09468431771894094,0.0003360488798370672,1964,50
PRAD,shipped,hoptimus1,patient,scaled,1,-1,2,slide,MEND147,0.9488565310492505,2.594337025339476,2.8754967807899536,0.05107494646680943,6.852248394004283e-05,2335,50
PRAD,shipped,hoptimus1,patient,scaled,1,-1,2,slide,MEND148,0.9538395590936927,1.9448680814176458,2.1952057885219736,0.04570728720146969,0.00045315370483772196,1633,50
PRAD,shipped,hoptimus1,patient,scaled,1,-1,2,slide,MEND149,0.9031658562938952,1.9668163356543424,2.5778272198081855,0.09480280929227444,0.002031334413830362,1851,50
PRAD,shipped,hoptimus1,patient,scaled,1,-1,2,slide,MEND150,0.9173843517989719,2.7649005429470117,3.460733106792741,0.08094802969731582,0.0016676185037121643,1751,50
PRAD,shipped,hoptimus1,patient,scaled,1,-1,2,slide,MEND151,0.9673538461538462,2.8494449882051907,3.0324521643135154,0.0319,0.0007461538461538462,2600,50
PRAD,shipped,hoptimus1,patient,scaled,1,-1,2,slide,MEND152,0.9613303049967554,3.139811523396615,3.396358966736326,0.038306294613887085,0.0003634003893575601,3082,50
PRAD,shipped,hoptimus1,patient,scaled,1,-1,2,slide,MEND153,0.9647032967032968,3.2591698064521806,3.496897839122489,0.034318681318681314,0.000978021978021978,1820,50
PRAD,shipped,hoptimus1,random,abs,0,0,0,spot,MEND139,0.8917388493859082,1.8325847462490956,2.252258140186788,0.062107304460245635,0.04615384615384615,1547,50
PRAD,shipped,hoptimus1,random,abs,0,0,0,spot,MEND140,0.9107874015748031,1.8325847462490947,2.2287919515054204,0.07333333333333333,0.015879265091863517,762,50
PRAD,shipped,hoptimus1,random,abs,0,0,0,spot,MEND141,0.9285753052917233,1.8325847462490952,2.215862540439615,0.06830393487109905,0.003120759837177747,737,50
PRAD,shipped,hoptimus1,random,abs,0,0,0,spot,MEND142,0.9448788368336025,1.832584746249093,2.063167619397579,0.042035541195476575,0.01308562197092084,1238,50
PRAD,shipped,hoptimus1,random,abs,0,0,0,spot,MEND143,0.9653746770025841,1.8325847462490956,1.9616935775183473,0.03127906976744186,0.00334625322997416,1548,50
PRAD,shipped,hoptimus1,random,abs,0,0,0,spot,MEND144,0.9689838337182448,1.8325847462490956,1.955465872118871,0.028106235565819863,0.002909930715935335,1732,50
PRAD,shipped,hoptimus1,random,abs,0,0,0,spot,MEND145,0.9319727891156462,1.832584746249096,2.2105664751110186,0.06261904761904762,0.005408163265306121,588,50
PRAD,shipped,hoptimus1,random,abs,0,0,0,spot,MEND146,0.9542465753424658,1.8325847462490943,2.07956457103099,0.03531755915317559,0.010435865504358655,803,50
PRAD,shipped,hoptimus1,random,abs,0,0,0,spot,MEND147,0.9319712525667352,1.8325847462490938,2.137173179733353,0.04763860369609857,0.020390143737166327,974,50
PRAD,shipped,hoptimus1,random,abs,0,0,0,spot,MEND148,0.9707042253521126,1.832584746249096,1.9782342969602797,0.022472613458528953,0.006823161189358372,639,50
PRAD,shipped,hoptimus1,random,abs,0,0,0,spot,MEND149,0.9520711562897077,1.8325847462490943,2.046338799441804,0.036747141041931386,0.011181702668360865,787,50
PRAD,shipped,hoptimus1,random,abs,0,0,0,spot,MEND150,0.8892263610315186,1.8325847462490956,2.3572209221568676,0.07882521489971346,0.03194842406876791,698,50
PRAD,shipped,hoptimus1,random,abs,0,0,0,spot,MEND151,0.934681861348528,1.8325847462490932,2.094394627827973,0.040949667616334284,0.0243684710351377,1053,50
PRAD,shipped,hoptimus1,random,abs,0,0,0,spot,MEND152,0.9004728132387707,1.832584746249093,2.307731045645223,0.05738376674546888,0.04214342001576044,1269,50
PRAD,shipped,hoptimus1,random,abs,0,0,0,spot,MEND153,0.8963951935914553,1.832584746249095,2.287423491334836,0.06723631508678238,0.03636849132176235,749,50
PRAD,shipped,hoptimus1,random,abs,0,0,0,spot,MEND154,0.8463359442993909,1.8325847462490927,2.8487726602628127,0.08165361183637947,0.07201044386422976,1149,50
PRAD,shipped,hoptimus1,random,abs,0,0,0,spot,MEND156,0.7438853948287911,1.832584746249094,4.2438680295033,0.16114605171208943,0.0949685534591195,1431,50
PRAD,shipped,hoptimus1,random,abs,0,0,0,spot,MEND157,0.8390229459659512,1.8325847462490936,2.8267552578363286,0.08814211695040709,0.07283493708364175,1351,50
PRAD,shipped,hoptimus1,random,abs,0,0,0,spot,MEND158,0.8615455950540958,1.832584746249093,2.696533840059165,0.09200927357032457,0.046445131375579596,1294,50
PRAD,shipped,hoptimus1,random,abs,0,0,0,spot,MEND159,0.890775,1.8325847462490956,2.6811317346637855,0.0784125,0.030812500000000003,1600,50
PRAD,shipped,hoptimus1,random,abs,0,0,0,spot,MEND160,0.9214244016345593,1.8325847462490956,2.2778285664905256,0.05109165207238762,0.027483946293053126,1713,50
PRAD,shipped,hoptimus1,random,abs,0,0,0,spot,MEND161,0.7933333333333333,1.8325847462490927,3.156812228467025,0.12160206718346254,0.08506459948320413,1161,50
PRAD,shipped,hoptimus1,random,abs,0,0,0,spot,MEND162,0.9726029962546816,1.8325847462490932,1.958777472054963,0.023277153558052436,0.004119850187265918,1068,50
PRAD,shipped,hoptimus1,random,abs,0,1,0,spot,MEND139,0.8885362694300518,1.8275344213542317,2.2630732694608637,0.0594300518134715,0.05203367875647668,1544,50
PRAD,shipped,hoptimus1,random,abs,0,1,0,spot,MEND140,0.9131218274111675,1.82753442135423,2.2318081280659356,0.07055837563451776,0.016319796954314722,788,50
PRAD,shipped,hoptimus1,random,abs,0,1,0,spot,MEND141,0.9326694329183955,1.8275344213542295,2.1804585677419404,0.0637344398340249,0.0035961272475795295,723,50
PRAD,shipped,hoptimus1,random,abs,0,1,0,spot,MEND142,0.9399370574350905,1.8275344213542304,2.077623082988083,0.04541306058221872,0.014649881982690795,1271,50
PRAD,shipped,hoptimus1,random,abs,0,1,0,spot,MEND143,0.9663363914373089,1.8275344213542317,1.9534354874239273,0.030262996941896027,0.003400611620795107,1635,50
PRAD,shipped,hoptimus1,random,abs,0,1,0,spot,MEND144,0.9691016548463357,1.827534421354231,1.949847464707053,0.028215130023640664,0.002683215130023641,1692,50
PRAD,shipped,hoptimus1,random,abs,0,1,0,spot,MEND145,0.9300884955752212,1.8275344213542284,2.1990039459129798,0.0639646017699115,0.005946902654867256,565,50
PRAD,shipped,hoptimus1,random,abs,0,1,0,spot,MEND146,0.9530120481927711,1.82753442135423,2.0800269648910885,0.03650602409638554,0.010481927710843372,830,50
PRAD,shipped,hoptimus1,random,abs,0,1,0,spot,MEND147,0.9322727272727274,1.8275344213542306,2.1282460133762497,0.04964876033057851,0.018078512396694214,968,50
PRAD,shipped,hoptimus1,random,abs,0,1,0,spot,MEND148,0.970801815431165,1.8275344213542288,1.9496590481887364,0.02172465960665658,0.007473524962178517,661,50
PRAD,shipped,hoptimus1,random,abs,0,1,0,spot,MEND149,0.9521774193548387,1.8275344213542297,2.03920335270736,0.03456989247311828,0.01325268817204301,744,50
PRAD,shipped,hoptimus1,random,abs,0,1,0,spot,MEND150,0.8876536312849161,1.8275344213542295,2.3470406337010914,0.08,0.0323463687150838,716,50
PRAD,shipped,hoptimus1,random,abs,0,1,0,spot,MEND151,0.9307552320291174,1.82753442135423,2.0977570352793875,0.039035486806187444,0.030209281164695175,1099,50
PRAD,shipped,hoptimus1,random,abs,0,1,0,spot,MEND152,0.8932438831886346,1.8275344213542304,2.350100023733757,0.0632991318074191,0.043456985003946326,1267,50
PRAD,shipped,hoptimus1,random,abs,0,1,0,spot,MEND153,0.8909907529722589,1.82753442135423,2.3303269042268426,0.0679788639365918,0.04103038309114927,757,50
PRAD,shipped,hoptimus1,random,abs,0,1,0,spot,MEND154,0.8398236331569664,1.8275344213542295,2.873032697321006,0.08569664902998236,0.07447971781305114,1134,50
PRAD,shipped,hoptimus1,random,abs,0,1,0,spot,MEND156,0.7307607192254495,1.8275344213542315,4.447837116020631,0.18096818810511756,0.08827109266943292,1446,50
PRAD,shipped,hoptimus1,random,abs,0,1,0,spot,MEND157,0.836027397260274,1.8275344213542306,2.848431182295221,0.09018264840182648,0.07378995433789953,1314,50
PRAD,shipped,hoptimus1,random,abs,0,1,0,spot,MEND158,0.8628571428571429,1.8275344213542304,2.6933684664828714,0.08596546310832025,0.051177394034536895,1274,50
PRAD,shipped,hoptimus1,random,abs,0,1,0,spot,MEND159,0.8913307493540051,1.8275344213542317,2.649138719737019,0.0753359173126615,0.03333333333333333,1548,50
PRAD,shipped,hoptimus1,random,abs,0,1,0,spot,MEND160,0.9154732510288066,1.827534421354231,2.297161989552379,0.049406231628453846,0.03512051734273956,1701,50
PRAD,shipped,hoptimus1,random,abs,0,1,0,spot,MEND161,0.7918458781362007,1.8275344213542297,3.1769296303651386,0.10670250896057348,0.1014516129032258,1116,50
PRAD,shipped,hoptimus1,random,abs,0,1,0,spot,MEND162,0.9724590163934427,1.82753442135423,1.9605330572118789,0.02429872495446266,0.0032422586520947177,1098,50
PRAD,shipped,hoptimus1,random,abs,0,2,0,spot,MEND139,0.8893181818181819,1.820696288132111,2.2410155765712507,0.060467914438502676,0.05021390374331551,1496,50
PRAD,shipped,hoptimus1,random,abs,0,2,0,spot,MEND140,0.9073621103117506,1.8206962881321087,2.240588770094044,0.0738369304556355,0.01880095923261391,834,50
PRAD,shipped,hoptimus1,random,abs,0,2,0,spot,MEND141,0.9369958275382476,1.820696288132108,2.1406466455348045,0.05813630041724618,0.004867872044506259,719,50
PRAD,shipped,hoptimus1,random,abs,0,2,0,spot,MEND142,0.9396251018744907,1.8206962881321112,2.0770524579789846,0.04585167074164629,0.01452322738386308,1227,50
PRAD,shipped,hoptimus1,random,abs,0,2,0,spot,MEND143,0.9667468354430381,1.820696288132111,1.9413003668455246,0.030126582278481015,0.0031265822784810127,1580,50
PRAD,shipped,hoptimus1,random,abs,0,2,0,spot,MEND144,0.9675059665871122,1.8206962881321107,1.9559179629200452,0.02860381861575179,0.003890214797136038,1676,50
PRAD,shipped,hoptimus1,random,abs,0,2,0,spot,MEND145,0.9238898450946644,1.820696288132108,2.2524815242581013,0.07053356282271946,0.005576592082616179,581,50
PRAD,shipped,hoptimus1,random,abs,0,2,0,spot,MEND146,0.9579443772672309,1.8206962881321087,2.0295498051000695,0.0339782345828295,0.008077388149939541,827,50
PRAD,shipped,hoptimus1,random,abs,0,2,0,spot,MEND147,0.9329424083769634,1.8206962881321092,2.1172150163359844,0.049340314136125656,0.017717277486910994,955,50
PRAD,shipped,hoptimus1,random,abs,0,2,0,spot,MEND148,0.9699843014128728,1.8206962881321085,1.9796921830542262,0.022260596546310834,0.007755102040816326,637,50
PRAD,shipped,hoptimus1,random,abs,0,2,0,spot,MEND149,0.951358629130967,1.8206962881321085,2.0281614620509854,0.03503059975520196,0.013610771113831088,817,50
PRAD,shipped,hoptimus1,random,abs,0,2,0,spot,MEND150,0.8912408759124087,1.820696288132108,2.3138629373270887,0.07652554744525547,0.03223357664233577,685,50
PRAD,shipped,hoptimus1,random,abs,0,2,0,spot,MEND151,0.9328727272727272,1.820696288132111,2.084745236480701,0.042199999999999994,0.02492727272727273,1100,50
PRAD,shipped,hoptimus1,random,abs,0,2,0,spot,MEND152,0.8963931888544892,1.8206962881321112,2.327501965944972,0.055913312693498446,0.04769349845201238,1292,50
PRAD,shipped,hoptimus1,random,abs,0,2,0,spot,MEND153,0.8957880434782609,1.820696288132108,2.313342832007726,0.06019021739130435,0.044021739130434785,736,50
PRAD,shipped,hoptimus1,random,abs,0,2,0,spot,MEND154,0.8430373001776199,1.8206962881321112,2.8786003172133627,0.07474245115452931,0.0822202486678508,1126,50
PRAD,shipped,hoptimus1,random,abs,0,2,0,spot,MEND156,0.7325283522348233,1.820696288132111,4.371602031234245,0.17064709806537692,0.09682454969979987,1499,50
PRAD,shipped,hoptimus1,random,abs,0,2,0,spot,MEND157,0.8301327433628319,1.8206962881321112,2.8808710895609972,0.0833480825958702,0.08651917404129794,1356,50
PRAD,shipped,hoptimus1,random,abs,0,2,0,spot,MEND158,0.8616905901116428,1.8206962881321112,2.7053682406409445,0.08971291866028708,0.04859649122807017,1254,50
PRAD,shipped,hoptimus1,random,abs,0,2,0,spot,MEND159,0.8920281509916826,1.820696288132111,2.6323237006147595,0.07413947536788228,0.03383237364043506,1563,50
PRAD,shipped,hoptimus1,random,abs,0,2,0,spot,MEND160,0.9151153163808398,1.8206962881321107,2.285915729440879,0.04968657599053814,0.03519810762862212,1691,50
PRAD,shipped,hoptimus1,random,abs,0,2,0,spot,MEND161,0.78,1.8206962881321112,3.2726395656588947,0.11727112676056338,0.10272887323943662,1136,50
PRAD,shipped,hoptimus1,random,abs,0,2,0,spot,MEND162,0.9690398550724637,1.820696288132111,1.9782116166550523,0.02693840579710145,0.004021739130434783,1104,50
PRAD,shipped,hoptimus1,random,abs,0,3,0,spot,MEND139,0.8877953253316488,1.8164467425018085,2.243226606222792,0.05800379027163613,0.054200884396715096,1583,50
PRAD,shipped,hoptimus1,random,abs,0,3,0,spot,MEND140,0.9070052083333333,1.8164467425018171,2.2667925625469634,0.0790625,0.013932291666666667,768,50
PRAD,shipped,hoptimus1,random,abs,0,3,0,spot,MEND141,0.9303448275862068,1.8164467425018171,2.193019645270718,0.06559681697612732,0.0040583554376657826,754,50
PRAD,shipped,hoptimus1,random,abs,0,3,0,spot,MEND142,0.9400641539695269,1.8164467425018105,2.065359118097256,0.045196471531676025,0.014739374498797113,1247,50
PRAD,shipped,hoptimus1,random,abs,0,3,0,spot,MEND143,0.9653618628067967,1.8164467425018083,1.9459549612509874,0.029968533668974198,0.004669603524229075,1589,50
PRAD,shipped,hoptimus1,random,abs,0,3,0,spot,MEND144,0.9689200732153752,1.816446742501808,1.9431433286079796,0.028297742525930446,0.0027821842586943256,1639,50
PRAD,shipped,hoptimus1,random,abs,0,3,0,spot,MEND145,0.9329999999999999,1.8164467425018167,2.1738964914020684,0.06236666666666666,0.004633333333333333,600,50
PRAD,shipped,hoptimus1,random,abs,0,3,0,spot,MEND146,0.953969465648855,1.8164467425018171,2.0743616640047713,0.037099236641221375,0.008931297709923664,786,50
PRAD,shipped,hoptimus1,random,abs,0,3,0,spot,MEND147,0.9238646288209607,1.816446742501816,2.173167806595986,0.05576419213973799,0.020371179039301312,916,50
PRAD,shipped,hoptimus1,random,abs,0,3,0,spot,MEND148,0.968859649122807,1.8164467425018171,1.985104738709326,0.023625730994152043,0.007514619883040935,684,50
PRAD,shipped,hoptimus1,random,abs,0,3,0,spot,MEND149,0.95046875,1.8164467425018171,2.028983956346333,0.03536458333333334,0.014166666666666668,768,50
PRAD,shipped,hoptimus1,random,abs,0,3,0,spot,MEND150,0.8906878306878306,1.8164467425018171,2.313350373009147,0.0793121693121693,0.03,756,50
PRAD,shipped,hoptimus1,random,abs,0,3,0,spot,MEND151,0.9332830188679244,1.8164467425018134,2.0811465428177702,0.0460188679245283,0.02069811320754717,1060,50
PRAD,shipped,hoptimus1,random,abs,0,3,0,spot,MEND152,0.8959308719560094,1.8164467425018105,2.3105266953466255,0.06224666142969364,0.041822466614296935,1273,50
PRAD,shipped,hoptimus1,random,abs,0,3,0,spot,MEND153,0.8910990502035279,1.8164467425018171,2.313169034579188,0.06412483039348711,0.04477611940298507,737,50
PRAD,shipped,hoptimus1,random,abs,0,3,0,spot,MEND154,0.8433157894736842,1.8164467425018116,2.7785694440025126,0.08542105263157895,0.07126315789473685,1140,50
PRAD,shipped,hoptimus1,random,abs,0,3,0,spot,MEND156,0.7285492227979274,1.8164467425018085,4.375409944228618,0.17256476683937824,0.0988860103626943,1544,50
PRAD,shipped,hoptimus1,random,abs,0,3,0,spot,MEND157,0.8342465753424658,1.8164467425018103,2.8371678044839577,0.08821917808219178,0.07753424657534247,1314,50
PRAD,shipped,hoptimus1,random,abs,0,3,0,spot,MEND158,0.8564566929133858,1.8164467425018105,2.6986819245168396,0.08365354330708662,0.059889763779527566,1270,50
PRAD,shipped,hoptimus1,random,abs,0,3,0,spot,MEND159,0.8932229299363057,1.8164467425018085,2.663060955280638,0.07578343949044586,0.030993630573248408,1570,50
PRAD,shipped,hoptimus1,random,abs,0,3,0,spot,MEND160,0.9155461677730838,1.816446742501808,2.309409795230737,0.05375980687990344,0.030694025347012675,1657,50
PRAD,shipped,hoptimus1,random,abs,0,3,0,spot,MEND161,0.7825202520252026,1.8164467425018123,3.2218875159375413,0.12505850585058506,0.09242124212421242,1111,50
PRAD,shipped,hoptimus1,random,abs,0,3,0,spot,MEND162,0.9727644444444445,1.816446742501812,1.9379657564714377,0.023004444444444445,0.004231111111111111,1125,50
PRAD,shipped,hoptimus1,random,abs,0,4,0,spot,MEND139,0.8893639344262296,1.8422907587920196,2.2605120751592755,0.05683934426229508,0.053796721311475414,1525,50
PRAD,shipped,hoptimus1,random,abs,0,4,0,spot,MEND140,0.9149870801033592,1.8422907587920239,2.2328958967602035,0.07051679586563307,0.014496124031007751,774,50
PRAD,shipped,hoptimus1,random,abs,0,4,0,spot,MEND141,0.9318684210526316,1.8422907587920239,2.2083837114674014,0.06368421052631579,0.004447368421052631,760,50
PRAD,shipped,hoptimus1,random,abs,0,4,0,spot,MEND142,0.9428087167070218,1.842290758792023,2.075592843343051,0.04132364810330912,0.015867635189669087,1239,50
PRAD,shipped,hoptimus1,random,abs,0,4,0,spot,MEND143,0.9665554842847979,1.8422907587920196,1.9622440666461514,0.03035279025016036,0.003091725465041693,1559,50
PRAD,shipped,hoptimus1,random,abs,0,4,0,spot,MEND144,0.9707719714964371,1.8422907587920192,1.9627180107826867,0.026045130641330166,0.003182897862232779,1684,50
PRAD,shipped,hoptimus1,random,abs,0,4,0,spot,MEND145,0.927895652173913,1.8422907587920223,2.2459796659211615,0.06525217391304347,0.006852173913043479,575,50
PRAD,shipped,hoptimus1,random,abs,0,4,0,spot,MEND146,0.9621813725490196,1.8422907587920239,2.0295850691341166,0.031200980392156862,0.006617647058823529,816,50
PRAD,shipped,hoptimus1,random,abs,0,4,0,spot,MEND147,0.9314016736401673,1.8422907587920243,2.1531211554898304,0.04920502092050209,0.019393305439330544,956,50
PRAD,shipped,hoptimus1,random,abs,0,4,0,spot,MEND148,0.9716715542521994,1.8422907587920232,1.982394281277482,0.01941348973607038,0.008914956011730205,682,50
PRAD,shipped,hoptimus1,random,abs,0,4,0,spot,MEND149,0.9538461538461539,1.8422907587920239,2.0330638895838833,0.03327935222672065,0.012874493927125506,741,50
PRAD,shipped,hoptimus1,random,abs,0,4,0,spot,MEND150,0.8920612813370474,1.8422907587920236,2.333807294464047,0.08075208913649025,0.027186629526462395,718,50
PRAD,shipped,hoptimus1,random,abs,0,4,0,spot,MEND151,0.9379602888086643,1.8422907587920243,2.084422068663201,0.04009025270758123,0.021949458483754514,1108,50
PRAD,shipped,hoptimus1,random,abs,0,4,0,spot,MEND152,0.8998468606431852,1.842290758792022,2.3176016933395487,0.0658499234303216,0.03430321592649311,1306,50
PRAD,shipped,hoptimus1,random,abs,0,4,0,spot,MEND153,0.8938866930171279,1.8422907587920239,2.3200038540093924,0.06872200263504612,0.03739130434782609,759,50
PRAD,shipped,hoptimus1,random,abs,0,4,0,spot,MEND154,0.8378496503496504,1.842290758792024,2.891629759264674,0.0833916083916084,0.07875874125874126,1144,50
PRAD,shipped,hoptimus1,random,abs,0,4,0,spot,MEND156,0.7322176308539945,1.8422907587920196,4.388446408291511,0.1774380165289256,0.09034435261707989,1452,50
PRAD,shipped,hoptimus1,random,abs,0,4,0,spot,MEND157,0.8408136094674556,1.8422907587920212,2.8074062766884964,0.07585798816568047,0.08332840236686391,1352,50
PRAD,shipped,hoptimus1,random,abs,0,4,0,spot,MEND158,0.8602091713596138,1.842290758792023,2.7362931763879406,0.09314561544650041,0.04664521319388576,1243,50
PRAD,shipped,hoptimus1,random,abs,0,4,0,spot,MEND159,0.8939002557544756,1.8422907587920196,2.665789665389575,0.07419437340153452,0.03190537084398977,1564,50
PRAD,shipped,hoptimus1,random,abs,0,4,0,spot,MEND160,0.9204324956165985,1.842290758792019,2.301283800375749,0.05311513734658095,0.026452367036820572,1711,50
PRAD,shipped,hoptimus1,random,abs,0,4,0,spot,MEND161,0.7862610229276896,1.842290758792024,3.2344458989937817,0.13338624338624339,0.080352733686067,1134,50
PRAD,shipped,hoptimus1,random,abs,0,4,0,spot,MEND162,0.9728007346189165,1.8422907587920243,1.9769861078037914,0.02367309458218549,0.0035261707988980717,1089,50
PRAD,shipped,hoptimus1,random,abs,1,0,0,spot,MEND139,0.8899771793701506,1.8260597781933035,2.238168123073576,0.05671382930168873,0.05330899132816065,2191,50
PRAD,shipped,hoptimus1,random,abs,1,0,0,spot,MEND140,0.9119099099099099,1.8260597781933186,2.2152762411488225,0.06931531531531532,0.018774774774774773,1110,50
PRAD,shipped,hoptimus1,random,abs,1,0,0,spot,MEND141,0.9327255813953488,1.8260597781933188,2.189984875388488,0.06377674418604651,0.003497674418604651,1075,50
PRAD,shipped,hoptimus1,random,abs,1,0,0,spot,MEND142,0.9420160366552119,1.8260597781933094,2.0683000920946553,0.044238258877434135,0.013745704467353952,1746,50
PRAD,shipped,hoptimus1,random,abs,1,0,0,spot,MEND143,0.9659038290293855,1.826059778193303,1.9535604817555645,0.030525378450578806,0.003570792520035619,2246,50
PRAD,shipped,hoptimus1,random,abs,1,0,0,spot,MEND144,0.9691487603305785,1.8260597781933012,1.949672608335767,0.027735537190082645,0.003115702479338843,2420,50
PRAD,shipped,hoptimus1,random,abs,1,0,0,spot,MEND145,0.9267554479418887,1.8260597781933208,2.2423455787814404,0.07031476997578692,0.002929782082324455,826,50
PRAD,shipped,hoptimus1,random,abs,1,0,0,spot,MEND146,0.9569659982563208,1.8260597781933183,2.0642214046821055,0.03609415867480384,0.006939843068875327,1147,50
PRAD,shipped,hoptimus1,random,abs,1,0,0,spot,MEND147,0.9310693641618496,1.8260597781933148,2.136335314198387,0.049754335260115606,0.019176300578034683,1384,50
PRAD,shipped,hoptimus1,random,abs,1,0,0,spot,MEND148,0.971404435058078,1.8260597781933203,1.9678863037860634,0.02221752903907075,0.006378035902851109,947,50
PRAD,shipped,hoptimus1,random,abs,1,0,0,spot,MEND149,0.9502894491129785,1.8260597781933188,2.0363504956110403,0.036601307189542485,0.01310924369747899,1071,50
PRAD,shipped,hoptimus1,random,abs,1,0,0,spot,MEND150,0.884896755162242,1.8260597781933194,2.369056489962985,0.08340216322517208,0.031701081612586036,1017,50
PRAD,shipped,hoptimus1,random,abs,1,0,0,spot,MEND151,0.9336125654450262,1.8260597781933134,2.091005809976784,0.04031413612565445,0.02607329842931937,1528,50
PRAD,shipped,hoptimus1,random,abs,1,0,0,spot,MEND152,0.8967681239623686,1.8260597781933083,2.326571229643654,0.05946873270614278,0.04376314333148865,1807,50
PRAD,shipped,hoptimus1,random,abs,1,0,0,spot,MEND153,0.8955345316934721,1.8260597781933192,2.2978169248064586,0.06327341532639545,0.041192052980132454,1057,50
PRAD,shipped,hoptimus1,random,abs,1,0,0,spot,MEND154,0.8366475462077757,1.8260597781933128,2.9514157457154466,0.08323773103887827,0.08011472275334608,1569,50
PRAD,shipped,hoptimus1,random,abs,1,0,0,spot,MEND156,0.73287109375,1.8260597781933052,4.212322784494972,0.160556640625,0.106572265625,2048,50
PRAD,shipped,hoptimus1,random,abs,1,0,0,spot,MEND157,0.8327865404837014,1.8260597781933072,2.861430348852939,0.07953732912723449,0.08767613038906415,1902,50
PRAD,shipped,hoptimus1,random,abs,1,0,0,spot,MEND158,0.8569742489270387,1.8260597781933077,2.73953674373013,0.08645922746781115,0.056566523605150215,1864,50
PRAD,shipped,hoptimus1,random,abs,1,0,0,spot,MEND159,0.896811076373381,1.8260597781933032,2.6062635948326873,0.07114783385439928,0.03204108977221974,2239,50
PRAD,shipped,hoptimus1,random,abs,1,0,0,spot,MEND160,0.9151105651105651,1.826059778193301,2.288418037392133,0.05067977067977068,0.03420966420966421,2442,50
PRAD,shipped,hoptimus1,random,abs,1,0,0,spot,MEND161,0.7819259259259259,1.8260597781933117,3.2606858242398475,0.1268641975308642,0.09120987654320988,1620,50
PRAD,shipped,hoptimus1,random,abs,1,0,0,spot,MEND162,0.9689827255278312,1.8260597781933128,1.9794129078809748,0.028214971209213055,0.002802303262955854,1563,50
PRAD,shipped,hoptimus1,random,abs,1,1,0,spot,MEND139,0.8890124023886082,1.8192835916832653,2.251056126527114,0.06608176389526872,0.044905833716123104,2177,50
PRAD,shipped,hoptimus1,random,abs,1,1,0,spot,MEND140,0.9080457746478874,1.8192835916832635,2.2514946513238194,0.0766725352112676,0.01528169014084507,1136,50
PRAD,shipped,hoptimus1,random,abs,1,1,0,spot,MEND141,0.9302943969610636,1.8192835916832626,2.1927978560001273,0.06564102564102564,0.004064577397910731,1053,50
PRAD,shipped,hoptimus1,random,abs,1,1,0,spot,MEND142,0.9395019807583475,1.819283591683267,2.0751279116416907,0.04596491228070176,0.014533106960950764,1767,50
PRAD,shipped,hoptimus1,random,abs,1,1,0,spot,MEND143,0.9630952380952381,1.8192835916832653,1.9577129842643024,0.03378205128205128,0.0031227106227106225,2184,50
PRAD,shipped,hoptimus1,random,abs,1,1,0,spot,MEND144,0.9674111250522793,1.819283591683263,1.9527605764006353,0.029786700125470515,0.0028021748222501045,2391,50
PRAD,shipped,hoptimus1,random,abs,1,1,0,spot,MEND145,0.9261630695443646,1.8192835916832604,2.2259609537465743,0.06949640287769784,0.004340527577937649,834,50
PRAD,shipped,hoptimus1,random,abs,1,1,0,spot,MEND146,0.9538368055555556,1.8192835916832635,2.064870024172009,0.03864583333333334,0.007517361111111112,1152,50
PRAD,shipped,hoptimus1,random,abs,1,1,0,spot,MEND147,0.9346288209606987,1.8192835916832641,2.1001676942489693,0.04409024745269287,0.021280931586608442,1374,50
PRAD,shipped,hoptimus1,random,abs,1,1,0,spot,MEND148,0.968345626975764,1.8192835916832613,1.9754633919438245,0.023393045310853528,0.008261327713382508,949,50
PRAD,shipped,hoptimus1,random,abs,1,1,0,spot,MEND149,0.9483454545454545,1.8192835916832633,2.0386922184249796,0.03883636363636364,0.012818181818181817,1100,50
PRAD,shipped,hoptimus1,random,abs,1,1,0,spot,MEND150,0.8813518518518518,1.819283591683263,2.3803091422436378,0.08855555555555555,0.03009259259259259,1080,50
PRAD,shipped,hoptimus1,random,abs,1,1,0,spot,MEND151,0.9345921052631578,1.8192835916832653,2.0716104487513163,0.04332894736842105,0.022078947368421052,1520,50
PRAD,shipped,hoptimus1,random,abs,1,1,0,spot,MEND152,0.8944396551724139,1.8192835916832673,2.3262595279194467,0.06126077586206897,0.04429956896551724,1856,50
PRAD,shipped,hoptimus1,random,abs,1,1,0,spot,MEND153,0.8933208606173995,1.819283591683263,2.30845522452195,0.06392890551917679,0.04275023386342376,1069,50
PRAD,shipped,hoptimus1,random,abs,1,1,0,spot,MEND154,0.8396693202694427,1.8192835916832657,2.860267108291304,0.08745866503368034,0.07287201469687692,1633,50
PRAD,shipped,hoptimus1,random,abs,1,1,0,spot,MEND156,0.733159420289855,1.8192835916832664,4.546156724308194,0.18095652173913046,0.08588405797101449,2070,50
PRAD,shipped,hoptimus1,random,abs,1,1,0,spot,MEND157,0.8323258306538049,1.8192835916832673,2.8523910074722862,0.08767416934619505,0.08,1866,50
PRAD,shipped,hoptimus1,random,abs,1,1,0,spot,MEND158,0.8590824685963955,1.8192835916832673,2.6910208941367704,0.08920808301474605,0.05170944838885855,1831,50
PRAD,shipped,hoptimus1,random,abs,1,1,0,spot,MEND159,0.8980564263322884,1.8192835916832644,2.5784723570558,0.07252127183161666,0.029422301836094938,2233,50
PRAD,shipped,hoptimus1,random,abs,1,1,0,spot,MEND160,0.9184492875104777,1.819283591683263,2.2755901624791495,0.049639564124057005,0.031911148365465214,2386,50
PRAD,shipped,hoptimus1,random,abs,1,1,0,spot,MEND161,0.7737307928703134,1.8192835916832657,3.304098140380384,0.13829133374308544,0.08797787338660111,1627,50
PRAD,shipped,hoptimus1,random,abs,1,1,0,spot,MEND162,0.9692488569562377,1.8192835916832653,1.9736971250455166,0.02713259307642064,0.0036185499673416065,1531,50
PRAD,shipped,hoptimus1,random,abs,1,2,0,spot,MEND139,0.8946146872166818,1.8317273050038407,2.236306069367391,0.0643155031731641,0.04106980961015412,2206,50
PRAD,shipped,hoptimus1,random,abs,1,2,0,spot,MEND140,0.9090697674418604,1.8317273050038463,2.2639163989484485,0.07456171735241503,0.016368515205724507,1118,50
PRAD,shipped,hoptimus1,random,abs,1,2,0,spot,MEND141,0.9309833024118739,1.8317273050038463,2.1898854896353597,0.06504638218923933,0.0039703153988868275,1078,50
PRAD,shipped,hoptimus1,random,abs,1,2,0,spot,MEND142,0.9410391061452513,1.8317273050038432,2.0727298942506063,0.04469273743016759,0.014268156424581005,1790,50
PRAD,shipped,hoptimus1,random,abs,1,2,0,spot,MEND143,0.9671142730102268,1.8317273050038407,1.9535599747209762,0.02945309026233882,0.0034326367274344154,2249,50
PRAD,shipped,hoptimus1,random,abs,1,2,0,spot,MEND144,0.9693668763102725,1.831727305003841,1.9552355836051047,0.027815513626834383,0.0028176100628930817,2385,50
PRAD,shipped,hoptimus1,random,abs,1,2,0,spot,MEND145,0.9318984280532043,1.831727305003842,2.190941314478501,0.06324062877871825,0.004860943168077388,827,50
PRAD,shipped,hoptimus1,random,abs,1,2,0,spot,MEND146,0.954906937394247,1.8317273050038465,2.068152423818748,0.03763113367174281,0.007461928934010153,1182,50
PRAD,shipped,hoptimus1,random,abs,1,2,0,spot,MEND147,0.9336703296703297,1.831727305003847,2.1335122589525524,0.049684981684981686,0.016644688644688644,1365,50
PRAD,shipped,hoptimus1,random,abs,1,2,0,spot,MEND148,0.9728749999999999,1.8317273050038443,1.958580921428342,0.021083333333333332,0.0060416666666666665,960,50
PRAD,shipped,hoptimus1,random,abs,1,2,0,spot,MEND149,0.9509433962264151,1.8317273050038463,2.0399045738118136,0.034377358490566036,0.014679245283018868,1060,50
PRAD,shipped,hoptimus1,random,abs,1,2,0,spot,MEND150,0.8832695984703633,1.831727305003846,2.3872347211269354,0.08816443594646271,0.028565965583173994,1046,50
PRAD,shipped,hoptimus1,random,abs,1,2,0,spot,MEND151,0.9348034643570952,1.8317273050038463,2.086451670523148,0.04482345103264491,0.020373084610259825,1501,50
PRAD,shipped,hoptimus1,random,abs,1,2,0,spot,MEND152,0.9013340683572215,1.831727305003843,2.3092061175501146,0.056979051819184126,0.04168687982359427,1814,50
PRAD,shipped,hoptimus1,random,abs,1,2,0,spot,MEND153,0.8887663551401869,1.8317273050038463,2.3418629586988504,0.07151401869158878,0.039719626168224303,1070,50
PRAD,shipped,hoptimus1,random,abs,1,2,0,spot,MEND154,0.8435178351783518,1.831727305003845,2.8366318524194427,0.08167281672816727,0.07480934809348094,1626,50
PRAD,shipped,hoptimus1,random,abs,1,2,0,spot,MEND156,0.7376310679611651,1.8317273050038412,4.254234553440392,0.17189320388349516,0.0904757281553398,2060,50
PRAD,shipped,hoptimus1,random,abs,1,2,0,spot,MEND157,0.8351957104557641,1.8317273050038423,2.851455669610374,0.08168364611260052,0.0831206434316354,1865,50
PRAD,shipped,hoptimus1,random,abs,1,2,0,spot,MEND158,0.8561800219538968,1.831727305003843,2.7265098983455487,0.09245883644346872,0.05136114160263447,1822,50
PRAD,shipped,hoptimus1,random,abs,1,2,0,spot,MEND159,0.8987773315484159,1.8317273050038407,2.5986383580243095,0.07000446229361892,0.031218206157965195,2241,50
PRAD,shipped,hoptimus1,random,abs,1,2,0,spot,MEND160,0.9181963087248322,1.831727305003841,2.2921069469327806,0.05010906040268456,0.031694630872483226,2384,50
PRAD,shipped,hoptimus1,random,abs,1,2,0,spot,MEND161,0.7831329690346084,1.8317273050038445,3.2791451190894128,0.12843958712811174,0.08842744383727989,1647,50
PRAD,shipped,hoptimus1,random,abs,1,2,0,spot,MEND162,0.9732370321733421,1.831727305003846,1.9573898302059853,0.023217334208798426,0.003545633617859488,1523,50
PRAD,shipped,hoptimus1,random,abs,1,3,0,spot,MEND139,0.8848044178554992,1.8197651368547754,2.264165255758824,0.05953060285319834,0.05566497929130235,2173,50
PRAD,shipped,hoptimus1,random,abs,1,3,0,spot,MEND140,0.9058771929824562,1.8197651368547825,2.260419045334152,0.07649122807017544,0.017631578947368422,1140,50
PRAD,shipped,hoptimus1,random,abs,1,3,0,spot,MEND141,0.9333206470028544,1.819765136854785,2.159918760226889,0.062378686964795434,0.004300666032350142,1051,50
PRAD,shipped,hoptimus1,random,abs,1,3,0,spot,MEND142,0.9404391891891892,1.8197651368547756,2.0663211199786473,0.04421171171171172,0.0153490990990991,1776,50
PRAD,shipped,hoptimus1,random,abs,1,3,0,spot,MEND143,0.9651691474966171,1.8197651368547754,1.9490653793199613,0.030879566982408662,0.0039512855209742894,2217,50
PRAD,shipped,hoptimus1,random,abs,1,3,0,spot,MEND144,0.9678367003367003,1.8197651368547756,1.95428674167707,0.02861111111111111,0.0035521885521885522,2376,50
PRAD,shipped,hoptimus1,random,abs,1,3,0,spot,MEND145,0.9229611650485436,1.819765136854789,2.2576591473989454,0.07152912621359224,0.0055097087378640774,824,50
PRAD,shipped,hoptimus1,random,abs,1,3,0,spot,MEND146,0.9566498316498318,1.819765136854781,2.0385650954195573,0.03521885521885522,0.008131313131313132,1188,50
PRAD,shipped,hoptimus1,random,abs,1,3,0,spot,MEND147,0.9296536796536796,1.819765136854777,2.1331255582862596,0.04932178932178933,0.021024531024531026,1386,50
PRAD,shipped,hoptimus1,random,abs,1,3,0,spot,MEND148,0.9670092497430628,1.8197651368547867,1.9819467452255524,0.02378211716341213,0.00920863309352518,973,50
PRAD,shipped,hoptimus1,random,abs,1,3,0,spot,MEND149,0.9489245283018868,1.8197651368547847,2.0471820414734974,0.036037735849056604,0.015037735849056605,1060,50
PRAD,shipped,hoptimus1,random,abs,1,3,0,spot,MEND150,0.8855290753098188,1.819765136854785,2.3502996860630567,0.081163012392755,0.03330791229742612,1049,50
PRAD,shipped,hoptimus1,random,abs,1,3,0,spot,MEND151,0.9317563188593648,1.819765136854776,2.0909213813111025,0.04200907323395982,0.026234607906675308,1543,50
PRAD,shipped,hoptimus1,random,abs,1,3,0,spot,MEND152,0.8891130820399112,1.8197651368547756,2.3728093214665065,0.0626718403547672,0.0482150776053215,1804,50
PRAD,shipped,hoptimus1,random,abs,1,3,0,spot,MEND153,0.8910662824207494,1.819765136854785,2.327995616192829,0.061556195965417865,0.04737752161383285,1041,50
PRAD,shipped,hoptimus1,random,abs,1,3,0,spot,MEND154,0.8405742211362248,1.8197651368547756,2.8860706828148888,0.07628588882101404,0.08313989004276115,1637,50
PRAD,shipped,hoptimus1,random,abs,1,3,0,spot,MEND156,0.7278970373967946,1.8197651368547754,4.201277973635393,0.16644973288003886,0.1056532297231666,2059,50
PRAD,shipped,hoptimus1,random,abs,1,3,0,spot,MEND157,0.828263852242744,1.8197651368547756,2.905277924204034,0.08943535620052771,0.08230079155672824,1895,50
PRAD,shipped,hoptimus1,random,abs,1,3,0,spot,MEND158,0.8549145063430779,1.8197651368547756,2.7355864644356838,0.09129619415333702,0.05378929950358522,1813,50
PRAD,shipped,hoptimus1,random,abs,1,3,0,spot,MEND159,0.8964732142857144,1.8197651368547754,2.603416908330884,0.07255357142857143,0.030973214285714284,2240,50
PRAD,shipped,hoptimus1,random,abs,1,3,0,spot,MEND160,0.9140427314620863,1.8197651368547756,2.3158682794526104,0.05610389610389611,0.029853372434017596,2387,50
PRAD,shipped,hoptimus1,random,abs,1,3,0,spot,MEND161,0.7821467556094602,1.8197651368547756,3.273274248072768,0.12300788356579746,0.09484536082474226,1649,50
PRAD,shipped,hoptimus1,random,abs,1,3,0,spot,MEND162,0.96777633289987,1.819765136854776,1.9776210161396879,0.02673602080624187,0.005487646293888166,1538,50
PRAD,shipped,hoptimus1,random,abs,1,4,0,spot,MEND139,0.8933876074174582,1.8350822263248654,2.246858448124983,0.061121664405246495,0.045490728177295346,2211,50
PRAD,shipped,hoptimus1,random,abs,1,4,0,spot,MEND140,0.9133863837312113,1.8350822263248483,2.2327498623667537,0.0703448275862069,0.016268788682581786,1131,50
PRAD,shipped,hoptimus1,random,abs,1,4,0,spot,MEND141,0.9340625,1.8350822263248485,2.185063066764037,0.0619140625,0.0040234375,1024,50
PRAD,shipped,hoptimus1,random,abs,1,4,0,spot,MEND142,0.942672064777328,1.8350822263248596,2.076959262122445,0.043423944476576055,0.01390399074609601,1729,50
PRAD,shipped,hoptimus1,random,abs,1,4,0,spot,MEND143,0.9668192219679633,1.8350822263248656,1.9569904376374903,0.029675057208237984,0.003505720823798627,2185,50
PRAD,shipped,hoptimus1,random,abs,1,4,0,spot,MEND144,0.968030112923463,1.8350822263248678,1.9651110933417075,0.028916771225428694,0.003053115851108323,2391,50
PRAD,shipped,hoptimus1,random,abs,1,4,0,spot,MEND145,0.9240816326530613,1.8350822263248516,2.2680116915408264,0.07092436974789916,0.004993997599039616,833,50
PRAD,shipped,hoptimus1,random,abs,1,4,0,spot,MEND146,0.9533275862068966,1.8350822263248485,2.096684110069296,0.03779310344827586,0.008879310344827586,1160,50
PRAD,shipped,hoptimus1,random,abs,1,4,0,spot,MEND147,0.9314865844815085,1.8350822263248534,2.1411265415370253,0.0503118201595359,0.018201595358955765,1379,50
PRAD,shipped,hoptimus1,random,abs,1,4,0,spot,MEND148,0.9733121019108281,1.8350822263248496,1.9585405840244468,0.019575371549893843,0.007112526539278131,942,50
PRAD,shipped,hoptimus1,random,abs,1,4,0,spot,MEND149,0.9543977591036414,1.8350822263248483,2.0195607745880615,0.0353874883286648,0.010214752567693743,1071,50
PRAD,shipped,hoptimus1,random,abs,1,4,0,spot,MEND150,0.8966404715127702,1.835082226324849,2.299755358433869,0.07461689587426326,0.0287426326129666,1018,50
PRAD,shipped,hoptimus1,random,abs,1,4,0,spot,MEND151,0.9375,1.8350822263248572,2.0811623829583126,0.04062176165803109,0.02187823834196891,1544,50
PRAD,shipped,hoptimus1,random,abs,1,4,0,spot,MEND152,0.897011621472053,1.8350822263248603,2.3440850713452885,0.059435528500276696,0.04355285002767017,1807,50
PRAD,shipped,hoptimus1,random,abs,1,4,0,spot,MEND153,0.89,1.8350822263248483,2.3477689708923166,0.06846435100548447,0.04153564899451554,1094,50
PRAD,shipped,hoptimus1,random,abs,1,4,0,spot,MEND154,0.850120481927711,1.8350822263248574,2.7811172082168905,0.08169942929613189,0.06818008877615726,1577,50
PRAD,shipped,hoptimus1,random,abs,1,4,0,spot,MEND156,0.7356178707224335,1.8350822263248645,4.399068690820811,0.17519961977186313,0.08918250950570343,2104,50
PRAD,shipped,hoptimus1,random,abs,1,4,0,spot,MEND157,0.8316826411075613,1.8350822263248614,2.9022805129497398,0.08340788072417465,0.08490947816826411,1878,50
PRAD,shipped,hoptimus1,random,abs,1,4,0,spot,MEND158,0.8647142079477409,1.8350822263248612,2.6818732190755257,0.07997822536744692,0.05530756668481219,1837,50
PRAD,shipped,hoptimus1,random,abs,1,4,0,spot,MEND159,0.8980907127429806,1.8350822263248672,2.6543744639772044,0.07489416846652268,0.027015118790496763,2315,50
PRAD,shipped,hoptimus1,random,abs,1,4,0,spot,MEND160,0.919072039072039,1.8350822263248685,2.2841933945768136,0.04724460724460724,0.03368335368335368,2457,50
PRAD,shipped,hoptimus1,random,abs,1,4,0,spot,MEND161,0.7856112469437653,1.835082226324858,3.252963770952099,0.13185819070904647,0.08253056234718827,1636,50
PRAD,shipped,hoptimus1,random,abs,1,4,0,spot,MEND162,0.9734759358288769,1.8350822263248563,1.9655501450859176,0.022419786096256687,0.00410427807486631,1496,50
PRAD,shipped,hoptimus1,random,scaled,0,0,0,spot,MEND139,0.9076276664511959,1.8442023208452232,2.2776089679425904,0.06491273432449902,0.027459599224305107,1547,50
PRAD,shipped,hoptimus1,random,scaled,0,0,0,spot,MEND140,0.8798162729658793,1.6092086106949923,2.183253296708143,0.10727034120734907,0.012913385826771652,762,50
PRAD,shipped,hoptimus1,random,scaled,0,0,0,spot,MEND141,0.8841248303934871,1.433628481610569,2.034718427990669,0.11245590230664858,0.003419267299864315,737,50
PRAD,shipped,hoptimus1,random,scaled,0,0,0,spot,MEND142,0.9202746365105008,1.615109913543763,1.9612228535861291,0.06441033925686591,0.01531502423263328,1238,50
PRAD,shipped,hoptimus1,random,scaled,0,0,0,spot,MEND143,0.9046640826873384,1.330248153437783,1.7639771772711577,0.08909560723514211,0.00624031007751938,1548,50
PRAD,shipped,hoptimus1,random,scaled,0,0,0,spot,MEND144,0.901674364896074,1.2659036590242347,1.7668837413899456,0.09412240184757506,0.004203233256351039,1732,50
PRAD,shipped,hoptimus1,random,scaled,0,0,0,spot,MEND145,0.871360544217687,1.3405795444414144,2.067925874765127,0.12418367346938776,0.00445578231292517,588,50
PRAD,shipped,hoptimus1,random,scaled,0,0,0,spot,MEND146,0.8917559153175592,1.2661220745422548,1.8635986400574551,0.10017434620174345,0.008069738480697385,803,50
PRAD,shipped,hoptimus1,random,scaled,0,0,0,spot,MEND147,0.9056262833675565,1.6112937208300366,2.103460349180866,0.082217659137577,0.01215605749486653,974,50
PRAD,shipped,hoptimus1,random,scaled,0,0,0,spot,MEND148,0.8867605633802818,1.0125591534685092,1.5958467315701481,0.10575899843505476,0.007480438184663537,639,50
PRAD,shipped,hoptimus1,random,scaled,0,0,0,spot,MEND149,0.906861499364676,1.4488625038137934,1.885816286220488,0.08216010165184244,0.010978398983481576,787,50
PRAD,shipped,hoptimus1,random,scaled,0,0,0,spot,MEND150,0.873323782234957,1.710262070488028,2.3834534673091285,0.10234957020057306,0.02432664756446991,698,50
PRAD,shipped,hoptimus1,random,scaled,0,0,0,spot,MEND151,0.9129154795821462,1.6230261013665626,2.0288056152739866,0.07080721747388413,0.01627730294396961,1053,50
PRAD,shipped,hoptimus1,random,scaled,0,0,0,spot,MEND152,0.9032781717888101,1.7877707184959457,2.2937126980250917,0.0700709219858156,0.02665090622537431,1269,50
PRAD,shipped,hoptimus1,random,scaled,0,0,0,spot,MEND153,0.8990921228304406,1.7925868031196006,2.2600239180047,0.07113484646194927,0.02977303070761015,749,50
PRAD,shipped,hoptimus1,random,scaled,0,0,0,spot,MEND154,0.88147954743255,1.8877563871765315,2.572871012181162,0.08290687554395125,0.035613577023498696,1149,50
PRAD,shipped,hoptimus1,random,scaled,0,0,0,spot,MEND156,0.9151642208245981,2.4303129060157183,2.905604743548854,0.06709993011879804,0.017735849056603775,1431,50
PRAD,shipped,hoptimus1,random,scaled,0,0,0,spot,MEND157,0.9169948186528498,2.0763408738134426,2.524728918910607,0.06978534418948927,0.013219837157660992,1351,50
PRAD,shipped,hoptimus1,random,scaled,0,0,0,spot,MEND158,0.8926275115919629,1.8704803959639245,2.5316831902869623,0.1034466769706337,0.0039258114374034,1294,50
PRAD,shipped,hoptimus1,random,scaled,0,0,0,spot,MEND159,0.877675,1.7851898879581347,2.6815750952816946,0.11602499999999999,0.0063,1600,50
PRAD,shipped,hoptimus1,random,scaled,0,0,0,spot,MEND160,0.9116403969643899,1.7135617507397654,2.235753775570578,0.08265032107413894,0.005709281961471103,1713,50
PRAD,shipped,hoptimus1,random,scaled,0,0,0,spot,MEND161,0.9125064599483204,2.1726215612694655,2.658019564618216,0.06999138673557279,0.017502153316106807,1161,50
PRAD,shipped,hoptimus1,random,scaled,0,0,0,spot,MEND162,0.8821348314606742,0.9799138146096124,1.5454686436259302,0.10840823970037454,0.009456928838951311,1068,50
PRAD,shipped,hoptimus1,random,scaled,0,1,0,spot,MEND139,0.8979663212435233,1.816605197027107,2.2962557552900047,0.06505181347150259,0.03698186528497409,1544,50
PRAD,shipped,hoptimus1,random,scaled,0,1,0,spot,MEND140,0.8965228426395939,1.6744524808262873,2.1755002820795437,0.09058375634517767,0.012893401015228427,788,50
PRAD,shipped,hoptimus1,random,scaled,0,1,0,spot,MEND141,0.8832918395573998,1.4080948096912211,2.0096404583321017,0.11128630705394191,0.0054218533886583676,723,50
PRAD,shipped,hoptimus1,random,scaled,0,1,0,spot,MEND142,0.9138473642800945,1.605748649599212,1.989176620810839,0.06986624704956727,0.016286388670338315,1271,50
PRAD,shipped,hoptimus1,random,scaled,0,1,0,spot,MEND143,0.9082201834862386,1.342444698713791,1.755829635766239,0.0840611620795107,0.007718654434250765,1635,50
PRAD,shipped,hoptimus1,random,scaled,0,1,0,spot,MEND144,0.9031914893617021,1.2687711874587715,1.7524643865974587,0.09299054373522458,0.003817966903073286,1692,50
PRAD,shipped,hoptimus1,random,scaled,0,1,0,spot,MEND145,0.8716106194690265,1.3323619221217557,2.061896804489291,0.12389380530973451,0.004495575221238938,565,50
PRAD,shipped,hoptimus1,random,scaled,0,1,0,spot,MEND146,0.8925542168674698,1.263686964403955,1.8653041935277144,0.10096385542168675,0.006481927710843374,830,50
PRAD,shipped,hoptimus1,random,scaled,0,1,0,spot,MEND147,0.8973140495867769,1.6121938488842622,2.163458283647042,0.09307851239669422,0.009607438016528925,968,50
PRAD,shipped,hoptimus1,random,scaled,0,1,0,spot,MEND148,0.8942208774583963,1.0335480917677908,1.5868898072228959,0.09830559757942511,0.007473524962178517,661,50
PRAD,shipped,hoptimus1,random,scaled,0,1,0,spot,MEND149,0.9060483870967743,1.4502053845164766,1.889017021629237,0.08228494623655914,0.011666666666666667,744,50
PRAD,shipped,hoptimus1,random,scaled,0,1,0,spot,MEND150,0.879804469273743,1.7415618921451554,2.3539328396671317,0.09636871508379889,0.0238268156424581,716,50
PRAD,shipped,hoptimus1,random,scaled,0,1,0,spot,MEND151,0.9130118289353958,1.6665252666284491,2.0621484824325838,0.0686442220200182,0.018343949044585986,1099,50
PRAD,shipped,hoptimus1,random,scaled,0,1,0,spot,MEND152,0.9046566692975533,1.8402901485742023,2.335250786228386,0.07191791633780584,0.023425414364640886,1267,50
PRAD,shipped,hoptimus1,random,scaled,0,1,0,spot,MEND153,0.8952443857331572,1.7974256107351314,2.302913465382316,0.07165125495376486,0.03310435931307794,757,50
PRAD,shipped,hoptimus1,random,scaled,0,1,0,spot,MEND154,0.8864550264550265,1.9348048626892378,2.5978341756900103,0.08068783068783068,0.032857142857142856,1134,50
PRAD,shipped,hoptimus1,random,scaled,0,1,0,spot,MEND156,0.9180359612724758,2.5309068543884288,3.0125086586745327,0.06669432918395574,0.015269709543568464,1446,50
PRAD,shipped,hoptimus1,random,scaled,0,1,0,spot,MEND157,0.9213089802130898,2.1016636124645447,2.509791688886039,0.06569254185692541,0.012998477929984778,1314,50
PRAD,shipped,hoptimus1,random,scaled,0,1,0,spot,MEND158,0.8970643642072215,1.8868855226258419,2.5009345012611077,0.09718995290423862,0.005745682888540032,1274,50
PRAD,shipped,hoptimus1,random,scaled,0,1,0,spot,MEND159,0.8873772609819122,1.8225315931224364,2.621712915009706,0.10696382428940568,0.00565891472868217,1548,50
PRAD,shipped,hoptimus1,random,scaled,0,1,0,spot,MEND160,0.9138036449147561,1.752695477863516,2.232106159115858,0.07760141093474426,0.008594944150499707,1701,50
PRAD,shipped,hoptimus1,random,scaled,0,1,0,spot,MEND161,0.9188351254480287,2.205809105843894,2.6783548734948868,0.05989247311827957,0.021272401433691756,1116,50
PRAD,shipped,hoptimus1,random,scaled,0,1,0,spot,MEND162,0.8871220400728598,0.9832895965739324,1.5335562280153399,0.10145719489981785,0.011420765027322404,1098,50
PRAD,shipped,hoptimus1,random,scaled,0,2,0,spot,MEND139,0.9092647058823529,1.8525400115516024,2.256840218206355,0.06088235294117647,0.02985294117647059,1496,50
PRAD,shipped,hoptimus1,random,scaled,0,2,0,spot,MEND140,0.8921342925659472,1.6817403936514623,2.192999774493998,0.09510791366906474,0.01275779376498801,834,50
PRAD,shipped,hoptimus1,random,scaled,0,2,0,spot,MEND141,0.8993324061196105,1.4630548037463742,1.9626258417736722,0.09538247566063979,0.005285118219749652,719,50
PRAD,shipped,hoptimus1,random,scaled,0,2,0,spot,MEND142,0.9153545232273838,1.6039515153332906,1.982809795514197,0.06925835370823145,0.015387123064384677,1227,50
PRAD,shipped,hoptimus1,random,scaled,0,2,0,spot,MEND143,0.9072025316455696,1.3292049902087857,1.7515056602143177,0.08712658227848101,0.0056708860759493674,1580,50
PRAD,shipped,hoptimus1,random,scaled,0,2,0,spot,MEND144,0.9033532219570405,1.2683667527705327,1.7565355595406593,0.09206443914081146,0.004582338902147971,1676,50
PRAD,shipped,hoptimus1,random,scaled,0,2,0,spot,MEND145,0.8637521514629948,1.3082232942722636,2.1109048392774783,0.131118760757315,0.005129087779690189,581,50
PRAD,shipped,hoptimus1,random,scaled,0,2,0,spot,MEND146,0.8918742442563483,1.246500921008333,1.8498249014850456,0.10067714631197099,0.007448609431680774,827,50
PRAD,shipped,hoptimus1,random,scaled,0,2,0,spot,MEND147,0.8989738219895288,1.595882090112714,2.1317206389353047,0.09189528795811519,0.009130890052356021,955,50
PRAD,shipped,hoptimus1,random,scaled,0,2,0,spot,MEND148,0.9021350078492936,1.0480083219148721,1.5859898475274332,0.09007849293563579,0.007786499215070643,637,50
PRAD,shipped,hoptimus1,random,scaled,0,2,0,spot,MEND149,0.9161811505507955,1.4864588521632154,1.877797503811944,0.07238678090575275,0.011432068543451652,817,50
PRAD,shipped,hoptimus1,random,scaled,0,2,0,spot,MEND150,0.8758540145985401,1.6964207944976035,2.333349386598013,0.10312408759124088,0.02102189781021898,685,50
PRAD,shipped,hoptimus1,random,scaled,0,2,0,spot,MEND151,0.912309090909091,1.632698459520227,2.0387806572000016,0.07361818181818182,0.014072727272727271,1100,50
PRAD,shipped,hoptimus1,random,scaled,0,2,0,spot,MEND152,0.9030495356037151,1.803505309568378,2.315496419581025,0.06922600619195046,0.027724458204334366,1292,50
PRAD,shipped,hoptimus1,random,scaled,0,2,0,spot,MEND153,0.9001086956521739,1.8069114666063841,2.2875451540433014,0.06448369565217392,0.035407608695652175,736,50
PRAD,shipped,hoptimus1,random,scaled,0,2,0,spot,MEND154,0.8909058614564832,1.927435107947346,2.554232695668711,0.06792184724689165,0.041172291296625224,1126,50
PRAD,shipped,hoptimus1,random,scaled,0,2,0,spot,MEND156,0.912368245496998,2.453753073503046,2.940715067443085,0.06987324883255504,0.017758505670446966,1499,50
PRAD,shipped,hoptimus1,random,scaled,0,2,0,spot,MEND157,0.917212389380531,2.0866460916606133,2.5143538929630207,0.0658849557522124,0.016902654867256638,1356,50
PRAD,shipped,hoptimus1,random,scaled,0,2,0,spot,MEND158,0.8955342902711324,1.87221311256497,2.498809277658114,0.09858054226475278,0.005885167464114832,1254,50
PRAD,shipped,hoptimus1,random,scaled,0,2,0,spot,MEND159,0.8873064619321818,1.8077729041612398,2.6252811508660328,0.10835572616762637,0.004337811900191939,1563,50
PRAD,shipped,hoptimus1,random,scaled,0,2,0,spot,MEND160,0.9163690124186872,1.750635356422313,2.219750055593801,0.07554109994086339,0.008089887640449439,1691,50
PRAD,shipped,hoptimus1,random,scaled,0,2,0,spot,MEND161,0.9197887323943662,2.2422945404316614,2.655418107281171,0.06047535211267606,0.019735915492957744,1136,50
PRAD,shipped,hoptimus1,random,scaled,0,2,0,spot,MEND162,0.878840579710145,0.9643765718397088,1.5592223977790272,0.10784420289855072,0.013315217391304347,1104,50
PRAD,shipped,hoptimus1,random,scaled,0,3,0,spot,MEND139,0.9074036639292483,1.8399177521484582,2.264760159914071,0.05915350600126343,0.03344283006948831,1583,50
PRAD,shipped,hoptimus1,random,scaled,0,3,0,spot,MEND140,0.8829427083333333,1.6367117045133688,2.2401638093668907,0.10557291666666666,0.011484375,768,50
PRAD,shipped,hoptimus1,random,scaled,0,3,0,spot,MEND141,0.8858620689655173,1.433205410531263,2.0062500429441097,0.10639257294429708,0.007745358090185676,754,50
PRAD,shipped,hoptimus1,random,scaled,0,3,0,spot,MEND142,0.9160384923817161,1.600192771947776,1.981576187295247,0.06898155573376102,0.014979951884522856,1247,50
PRAD,shipped,hoptimus1,random,scaled,0,3,0,spot,MEND143,0.9078665827564507,1.3345118782891263,1.740597250627242,0.08500943989930775,0.007123977344241662,1589,50
PRAD,shipped,hoptimus1,random,scaled,0,3,0,spot,MEND144,0.9038804148871263,1.2683944607983026,1.7473526928753507,0.09161683953630263,0.00450274557657108,1639,50
PRAD,shipped,hoptimus1,random,scaled,0,3,0,spot,MEND145,0.8759,1.3283334126884268,2.0070709628525805,0.11886666666666666,0.005233333333333333,600,50
PRAD,shipped,hoptimus1,random,scaled,0,3,0,spot,MEND146,0.891526717557252,1.2716565662113501,1.9045619621029843,0.10111959287531808,0.007353689567430025,786,50
PRAD,shipped,hoptimus1,random,scaled,0,3,0,spot,MEND147,0.8942139737991266,1.6102681422835432,2.183785164650634,0.09482532751091703,0.010960698689956331,916,50
PRAD,shipped,hoptimus1,random,scaled,0,3,0,spot,MEND148,0.8949415204678363,1.0271217746750172,1.5884749333296808,0.09675438596491227,0.008304093567251461,684,50
PRAD,shipped,hoptimus1,random,scaled,0,3,0,spot,MEND149,0.9046354166666667,1.4408822960003937,1.8927200170698288,0.08255208333333335,0.0128125,768,50
PRAD,shipped,hoptimus1,random,scaled,0,3,0,spot,MEND150,0.887089947089947,1.7421923289966839,2.3052094168690935,0.09124338624338624,0.021666666666666664,756,50
PRAD,shipped,hoptimus1,random,scaled,0,3,0,spot,MEND151,0.9036792452830188,1.576704922990085,2.037182516557559,0.08060377358490566,0.01571698113207547,1060,50
PRAD,shipped,hoptimus1,random,scaled,0,3,0,spot,MEND152,0.8990887666928515,1.789003328545933,2.3228001088857733,0.07479968578161823,0.026111547525530243,1273,50
PRAD,shipped,hoptimus1,random,scaled,0,3,0,spot,MEND153,0.8870284938941656,1.7559888433883821,2.312522567629388,0.07413839891451832,0.03883310719131614,737,50
PRAD,shipped,hoptimus1,random,scaled,0,3,0,spot,MEND154,0.8915964912280703,1.9271230888036317,2.5217134894738638,0.0785438596491228,0.029859649122807017,1140,50
PRAD,shipped,hoptimus1,random,scaled,0,3,0,spot,MEND156,0.9224740932642487,2.5298485357491263,2.962409673203802,0.06178756476683937,0.01573834196891192,1544,50
PRAD,shipped,hoptimus1,random,scaled,0,3,0,spot,MEND157,0.9189041095890411,2.0709500160251406,2.5041989045081086,0.06785388127853881,0.01324200913242009,1314,50
PRAD,shipped,hoptimus1,random,scaled,0,3,0,spot,MEND158,0.9054488188976377,1.9481549983137865,2.5045292350357897,0.08971653543307086,0.004834645669291339,1270,50
PRAD,shipped,hoptimus1,random,scaled,0,3,0,spot,MEND159,0.8863949044585988,1.8049548780106588,2.651349522787462,0.10861146496815287,0.004993630573248408,1570,50
PRAD,shipped,hoptimus1,random,scaled,0,3,0,spot,MEND160,0.9182498491249246,1.7505836366667527,2.2198919212119286,0.07554616777308389,0.006203983101991551,1657,50
PRAD,shipped,hoptimus1,random,scaled,0,3,0,spot,MEND161,0.9208280828082809,2.2104915997804317,2.6114891561990317,0.062106210621062106,0.017065706570657063,1111,50
PRAD,shipped,hoptimus1,random,scaled,0,3,0,spot,MEND162,0.8771022222222222,0.9454734052198164,1.5251142121917007,0.10949333333333333,0.013404444444444446,1125,50
PRAD,shipped,hoptimus1,random,scaled,0,4,0,spot,MEND139,0.9030426229508197,1.851382920477665,2.3084227132393957,0.06230819672131147,0.03464918032786885,1525,50
PRAD,shipped,hoptimus1,random,scaled,0,4,0,spot,MEND140,0.8863049095607235,1.640271158790553,2.1816350607993713,0.0992764857881137,0.01441860465116279,774,50
PRAD,shipped,hoptimus1,random,scaled,0,4,0,spot,MEND141,0.8878157894736841,1.4409720848868064,2.029100504068286,0.10528947368421053,0.0068947368421052625,760,50
PRAD,shipped,hoptimus1,random,scaled,0,4,0,spot,MEND142,0.9156900726392252,1.607161672871208,1.9883093556637186,0.06748991121872477,0.016820016142050042,1239,50
PRAD,shipped,hoptimus1,random,scaled,0,4,0,spot,MEND143,0.9051186658114176,1.3332170663679113,1.7687998841219754,0.08794098781270045,0.006940346375881975,1559,50
PRAD,shipped,hoptimus1,random,scaled,0,4,0,spot,MEND144,0.9090617577197149,1.2921499466941777,1.7451808300031564,0.0867458432304038,0.004192399049881235,1684,50
PRAD,shipped,hoptimus1,random,scaled,0,4,0,spot,MEND145,0.8732521739130434,1.3573799403250906,2.0823525215088896,0.1216,0.005147826086956522,575,50
PRAD,shipped,hoptimus1,random,scaled,0,4,0,spot,MEND146,0.8957352941176471,1.263561487745054,1.833574317730721,0.0983578431372549,0.005906862745098039,816,50
PRAD,shipped,hoptimus1,random,scaled,0,4,0,spot,MEND147,0.8973430962343096,1.61722675801778,2.156932479954564,0.09257322175732219,0.0100836820083682,956,50
PRAD,shipped,hoptimus1,random,scaled,0,4,0,spot,MEND148,0.9010557184750734,1.0610046485852878,1.5848369732894263,0.09096774193548386,0.007976539589442815,682,50
PRAD,shipped,hoptimus1,random,scaled,0,4,0,spot,MEND149,0.9100944669365723,1.4718647309602035,1.8828751370153125,0.07786774628879892,0.01203778677462888,741,50
PRAD,shipped,hoptimus1,random,scaled,0,4,0,spot,MEND150,0.8811699164345405,1.743715365348571,2.342635546476408,0.09818941504178273,0.02064066852367688,718,50
PRAD,shipped,hoptimus1,random,scaled,0,4,0,spot,MEND151,0.9125631768953069,1.6191997444223991,2.0322880559408727,0.07193140794223826,0.015505415162454874,1108,50
PRAD,shipped,hoptimus1,random,scaled,0,4,0,spot,MEND152,0.8968606431852986,1.7841471158293694,2.322706958173982,0.08234303215926493,0.020796324655436446,1306,50
PRAD,shipped,hoptimus1,random,scaled,0,4,0,spot,MEND153,0.8923847167325428,1.7925386711696694,2.3183187571244352,0.07718050065876153,0.030434782608695653,759,50
PRAD,shipped,hoptimus1,random,scaled,0,4,0,spot,MEND154,0.8867832167832168,1.9455190346669142,2.5831556384993446,0.07940559440559442,0.03381118881118881,1144,50
PRAD,shipped,hoptimus1,random,scaled,0,4,0,spot,MEND156,0.9244214876033058,2.545213771017934,2.957071264331015,0.060785123966942155,0.014793388429752065,1452,50
PRAD,shipped,hoptimus1,random,scaled,0,4,0,spot,MEND157,0.9212721893491124,2.107590985171168,2.5282548430111116,0.06218934911242604,0.016538461538461537,1352,50
PRAD,shipped,hoptimus1,random,scaled,0,4,0,spot,MEND158,0.8974577634754626,1.9126519472870311,2.5388824204672398,0.09913113435237329,0.003411102172164119,1243,50
PRAD,shipped,hoptimus1,random,scaled,0,4,0,spot,MEND159,0.8830562659846547,1.8044409617681796,2.6580579198893775,0.1112148337595908,0.005728900255754475,1564,50
PRAD,shipped,hoptimus1,random,scaled,0,4,0,spot,MEND160,0.9136411455289304,1.7334238007070084,2.249591313968777,0.08030391583869083,0.006054938632378726,1711,50
PRAD,shipped,hoptimus1,random,scaled,0,4,0,spot,MEND161,0.9194532627865961,2.2768637363673325,2.6932706773889015,0.06788359788359788,0.012663139329805997,1134,50
PRAD,shipped,hoptimus1,random,scaled,0,4,0,spot,MEND162,0.8813406795224976,0.9620337677803406,1.5472587526015231,0.10824609733700642,0.01041322314049587,1089,50
PRAD,shipped,hoptimus1,random,scaled,1,0,0,spot,MEND139,0.9066179826563213,1.840738833130075,2.260161453871771,0.059269739844819716,0.034112277498858964,2191,50
PRAD,shipped,hoptimus1,random,scaled,1,0,0,spot,MEND140,0.8904144144144144,1.6517180376823353,2.1743402866787385,0.09390990990990991,0.015675675675675675,1110,50
PRAD,shipped,hoptimus1,random,scaled,1,0,0,spot,MEND141,0.8884651162790698,1.4329238858683673,1.9997576192524176,0.10476279069767441,0.006772093023255814,1075,50
PRAD,shipped,hoptimus1,random,scaled,1,0,0,spot,MEND142,0.9128407789232531,1.588698453557613,1.9765945951002553,0.07130584192439862,0.015853379152348225,1746,50
PRAD,shipped,hoptimus1,random,scaled,1,0,0,spot,MEND143,0.9050133570792519,1.3270579347466431,1.7578059341205927,0.08763134461264471,0.007355298308103295,2246,50
PRAD,shipped,hoptimus1,random,scaled,1,0,0,spot,MEND144,0.9004132231404958,1.2527981220224937,1.7574412911902715,0.09521487603305784,0.004371900826446281,2420,50
PRAD,shipped,hoptimus1,random,scaled,1,0,0,spot,MEND145,0.8653995157384987,1.3229650994013078,2.0998575948899703,0.13159806295399515,0.0030024213075060535,826,50
PRAD,shipped,hoptimus1,random,scaled,1,0,0,spot,MEND146,0.8928160418482999,1.2458837497945814,1.8595120495287123,0.10149956408020926,0.005684394071490846,1147,50
PRAD,shipped,hoptimus1,random,scaled,1,0,0,spot,MEND147,0.9023410404624278,1.6124128884802522,2.1168680985992423,0.08628612716763005,0.011372832369942196,1384,50
PRAD,shipped,hoptimus1,random,scaled,1,0,0,spot,MEND148,0.9018373812038014,1.0487267596465815,1.5681654553326103,0.09022175290390708,0.007940865892291447,947,50
PRAD,shipped,hoptimus1,random,scaled,1,0,0,spot,MEND149,0.9007282913165267,1.429511601047459,1.8970883870742652,0.08778711484593839,0.011484593837535015,1071,50
PRAD,shipped,hoptimus1,random,scaled,1,0,0,spot,MEND150,0.8775024582104228,1.7273567246669836,2.3464604070918136,0.09795476892822025,0.02454277286135693,1017,50
PRAD,shipped,hoptimus1,random,scaled,1,0,0,spot,MEND151,0.9095287958115184,1.6102797582042612,2.0389108065103976,0.0725130890052356,0.01795811518324607,1528,50
PRAD,shipped,hoptimus1,random,scaled,1,0,0,spot,MEND152,0.8969784172661871,1.7695868792722809,2.299534457745571,0.07453237410071942,0.028489208633093524,1807,50
PRAD,shipped,hoptimus1,random,scaled,1,0,0,spot,MEND153,0.8884200567644277,1.7385345965160215,2.278014294919185,0.0751182592242195,0.036461684011352885,1057,50
PRAD,shipped,hoptimus1,random,scaled,1,0,0,spot,MEND154,0.8752071383046527,1.9002623695170757,2.6194689586536497,0.08448693435309114,0.040305927342256215,1569,50
PRAD,shipped,hoptimus1,random,scaled,1,0,0,spot,MEND156,0.923330078125,2.4746338596256523,2.8843136163557865,0.057626953125,0.01904296875,2048,50
PRAD,shipped,hoptimus1,random,scaled,1,0,0,spot,MEND157,0.9136382754994743,2.0702276573614493,2.5367961584236345,0.06933753943217666,0.01702418506834911,1902,50
PRAD,shipped,hoptimus1,random,scaled,1,0,0,spot,MEND158,0.9002789699570816,1.9065319146361646,2.500194563004664,0.09504291845493562,0.004678111587982833,1864,50
PRAD,shipped,hoptimus1,random,scaled,1,0,0,spot,MEND159,0.8893166592228674,1.7917881072782402,2.5866312071967394,0.10445734702992407,0.006225993747208575,2239,50
PRAD,shipped,hoptimus1,random,scaled,1,0,0,spot,MEND160,0.9039557739557739,1.6940478165110187,2.226506403900431,0.08673218673218674,0.009312039312039312,2442,50
PRAD,shipped,hoptimus1,random,scaled,1,0,0,spot,MEND161,0.9222222222222223,2.2451923050884806,2.655126141353477,0.06391358024691357,0.013864197530864198,1620,50
PRAD,shipped,hoptimus1,random,scaled,1,0,0,spot,MEND162,0.8770057581573896,0.958564501668854,1.5742676469948451,0.1126039667306462,0.010390275111964171,1563,50
PRAD,shipped,hoptimus1,random,scaled,1,1,0,spot,MEND139,0.9004501607717041,1.8206626040028977,2.2787556483202884,0.07016077170418006,0.029389067524115756,2177,50
PRAD,shipped,hoptimus1,random,scaled,1,1,0,spot,MEND140,0.8863028169014084,1.6483473985035983,2.201542302260949,0.10029929577464788,0.013397887323943663,1136,50
PRAD,shipped,hoptimus1,random,scaled,1,1,0,spot,MEND141,0.8861158594491928,1.43259528296807,2.0099665154757105,0.10856600189933524,0.005318138651471985,1053,50
PRAD,shipped,hoptimus1,random,scaled,1,1,0,spot,MEND142,0.9132541029994341,1.5869583124429694,1.9773654555140638,0.07181663837011884,0.014929258630447084,1767,50
PRAD,shipped,hoptimus1,random,scaled,1,1,0,spot,MEND143,0.8988553113553114,1.3067695517044433,1.7754680490494181,0.09502747252747254,0.006117216117216117,2184,50
PRAD,shipped,hoptimus1,random,scaled,1,1,0,spot,MEND144,0.8957172731074864,1.2412949038536099,1.7700957941657736,0.10028439983270598,0.003998327059807612,2391,50
PRAD,shipped,hoptimus1,random,scaled,1,1,0,spot,MEND145,0.8619904076738609,1.2948260352690726,2.093447839433165,0.13278177458033574,0.005227817745803357,834,50
PRAD,shipped,hoptimus1,random,scaled,1,1,0,spot,MEND146,0.89015625,1.2676036149995205,1.8765425532314166,0.10402777777777779,0.005815972222222222,1152,50
PRAD,shipped,hoptimus1,random,scaled,1,1,0,spot,MEND147,0.9044541484716158,1.6044060307648602,2.1211054780370975,0.08436681222707425,0.011179039301310043,1374,50
PRAD,shipped,hoptimus1,random,scaled,1,1,0,spot,MEND148,0.8972602739726028,1.0509516526434772,1.596788614285124,0.09626975763962065,0.006469968387776606,949,50
PRAD,shipped,hoptimus1,random,scaled,1,1,0,spot,MEND149,0.8971454545454546,1.4118122866146305,1.911927863635335,0.09096363636363636,0.011890909090909093,1100,50
PRAD,shipped,hoptimus1,random,scaled,1,1,0,spot,MEND150,0.8770185185185185,1.7383533215477007,2.3648175208314863,0.10148148148148149,0.0215,1080,50
PRAD,shipped,hoptimus1,random,scaled,1,1,0,spot,MEND151,0.9082236842105263,1.5877159116428337,2.01601756938409,0.07568421052631578,0.016092105263157894,1520,50
PRAD,shipped,hoptimus1,random,scaled,1,1,0,spot,MEND152,0.8973814655172414,1.7929105643889576,2.3243393534040804,0.07604525862068966,0.02657327586206897,1856,50
PRAD,shipped,hoptimus1,random,scaled,1,1,0,spot,MEND153,0.8919176800748363,1.776420440744229,2.312954506748787,0.0706267539756782,0.0374555659494855,1069,50
PRAD,shipped,hoptimus1,random,scaled,1,1,0,spot,MEND154,0.8780404164115125,1.884352217423813,2.574154372825347,0.08483772198407838,0.037121861604409064,1633,50
PRAD,shipped,hoptimus1,random,scaled,1,1,0,spot,MEND156,0.9095169082125604,2.4871240581271206,3.0143040356075472,0.07479227053140097,0.015690821256038646,2070,50
PRAD,shipped,hoptimus1,random,scaled,1,1,0,spot,MEND157,0.9184673097534833,2.0811114705883296,2.5138164487926202,0.06745980707395498,0.01407288317256163,1866,50
PRAD,shipped,hoptimus1,random,scaled,1,1,0,spot,MEND158,0.9055051884216276,1.9166875294035781,2.4677016781435883,0.08964500273074823,0.004849808847624249,1831,50
PRAD,shipped,hoptimus1,random,scaled,1,1,0,spot,MEND159,0.8959695476936856,1.8169834955126558,2.5370785567782708,0.09909538737124944,0.004935064935064935,2233,50
PRAD,shipped,hoptimus1,random,scaled,1,1,0,spot,MEND160,0.9146353730092204,1.7250303113676422,2.2099325414761424,0.07846605196982397,0.006898575020955574,2386,50
PRAD,shipped,hoptimus1,random,scaled,1,1,0,spot,MEND161,0.9116410571604179,2.2175932350124663,2.693806388895864,0.07266133988936693,0.01569760295021512,1627,50
PRAD,shipped,hoptimus1,random,scaled,1,1,0,spot,MEND162,0.8689483997387328,0.927774913374592,1.5759432775840059,0.11919007184846504,0.011861528412802089,1531,50
PRAD,shipped,hoptimus1,random,scaled,1,2,0,spot,MEND139,0.9018585675430644,1.8185139777300676,2.268594612875071,0.07051677243880326,0.027624660018132366,2206,50
PRAD,shipped,hoptimus1,random,scaled,1,2,0,spot,MEND140,0.8894633273703042,1.6714391474243107,2.224710869310344,0.09810375670840787,0.012432915921288014,1118,50
PRAD,shipped,hoptimus1,random,scaled,1,2,0,spot,MEND141,0.8886456400742115,1.4327467445519724,1.9921365288082749,0.10545454545454545,0.005899814471243043,1078,50
PRAD,shipped,hoptimus1,random,scaled,1,2,0,spot,MEND142,0.9166368715083799,1.6118813464745108,1.9828942278824613,0.06963128491620112,0.013731843575418994,1790,50
PRAD,shipped,hoptimus1,random,scaled,1,2,0,spot,MEND143,0.9051044908848377,1.3268582546260617,1.7602394079340358,0.08829702089817698,0.006598488216985327,2249,50
PRAD,shipped,hoptimus1,random,scaled,1,2,0,spot,MEND144,0.8995639412997903,1.2599319157248805,1.7611609807389268,0.09623480083857443,0.00420125786163522,2385,50
PRAD,shipped,hoptimus1,random,scaled,1,2,0,spot,MEND145,0.8779201934703749,1.3453464727823918,2.0100319096394097,0.11758162031438936,0.004498186215235792,827,50
PRAD,shipped,hoptimus1,random,scaled,1,2,0,spot,MEND146,0.8861928934010151,1.2430087634316376,1.8959671480705946,0.10786802030456853,0.005939086294416244,1182,50
PRAD,shipped,hoptimus1,random,scaled,1,2,0,spot,MEND147,0.8988571428571429,1.594690020506914,2.1314872496835924,0.09097435897435897,0.010168498168498168,1365,50
PRAD,shipped,hoptimus1,random,scaled,1,2,0,spot,MEND148,0.8987291666666667,1.0389717955048874,1.5611897744480745,0.094125,0.007145833333333334,960,50
PRAD,shipped,hoptimus1,random,scaled,1,2,0,spot,MEND149,0.9046603773584906,1.4460453111259435,1.910777933406998,0.08275471698113207,0.012584905660377359,1060,50
PRAD,shipped,hoptimus1,random,scaled,1,2,0,spot,MEND150,0.8696558317399617,1.715976102254436,2.406274282753084,0.10919694072657744,0.0211472275334608,1046,50
PRAD,shipped,hoptimus1,random,scaled,1,2,0,spot,MEND151,0.9038241172551632,1.5877329569383574,2.044328264215232,0.08202531645569619,0.014150566289140574,1501,50
PRAD,shipped,hoptimus1,random,scaled,1,2,0,spot,MEND152,0.8997133406835722,1.7751667057763112,2.300019594778828,0.07263506063947078,0.027651598676957004,1814,50
PRAD,shipped,hoptimus1,random,scaled,1,2,0,spot,MEND153,0.8874766355140187,1.7838539208291515,2.3396374089578815,0.0782803738317757,0.03424299065420561,1070,50
PRAD,shipped,hoptimus1,random,scaled,1,2,0,spot,MEND154,0.8922017220172203,1.9444593001480128,2.5436213947052373,0.07516605166051661,0.03263222632226322,1626,50
PRAD,shipped,hoptimus1,random,scaled,1,2,0,spot,MEND156,0.9249805825242718,2.5135428666989608,2.921820850796503,0.061475728155339804,0.01354368932038835,2060,50
PRAD,shipped,hoptimus1,random,scaled,1,2,0,spot,MEND157,0.9207292225201072,2.1188636434364616,2.5491764696067944,0.06418230563002682,0.015088471849865953,1865,50
PRAD,shipped,hoptimus1,random,scaled,1,2,0,spot,MEND158,0.891953896816685,1.8961499718489736,2.5485820395562913,0.10383095499451153,0.004215148188803513,1822,50
PRAD,shipped,hoptimus1,random,scaled,1,2,0,spot,MEND159,0.8918072289156627,1.8136551821675144,2.600569406365326,0.10306113342257922,0.005131637661758144,2241,50
PRAD,shipped,hoptimus1,random,scaled,1,2,0,spot,MEND160,0.9166778523489932,1.7413562551449282,2.198112512614,0.07553691275167786,0.007785234899328859,2384,50
PRAD,shipped,hoptimus1,random,scaled,1,2,0,spot,MEND161,0.9182149362477232,2.2624109397311942,2.6923387531312044,0.06816029143897996,0.013624772313296904,1647,50
PRAD,shipped,hoptimus1,random,scaled,1,2,0,spot,MEND162,0.8772816808929744,0.9569614678947121,1.5224646873104501,0.1108338804990151,0.011884438608010505,1523,50
PRAD,shipped,hoptimus1,random,scaled,1,3,0,spot,MEND139,0.9052830188679245,1.854012514520202,2.287273748144794,0.061224114127933736,0.03349286700414174,2173,50
PRAD,shipped,hoptimus1,random,scaled,1,3,0,spot,MEND140,0.888280701754386,1.667853549333519,2.212596621316244,0.09835087719298245,0.013368421052631578,1140,50
PRAD,shipped,hoptimus1,random,scaled,1,3,0,spot,MEND141,0.8952045670789723,1.4545988309731104,1.9760449478907856,0.09994291151284491,0.004852521408182683,1051,50
PRAD,shipped,hoptimus1,random,scaled,1,3,0,spot,MEND142,0.9162387387387387,1.6074943412029468,1.977528920906649,0.06739864864864865,0.016362612612612612,1776,50
PRAD,shipped,hoptimus1,random,scaled,1,3,0,spot,MEND143,0.906278755074425,1.3410905592581577,1.7636923003142562,0.0862787550744249,0.007442489851150203,2217,50
PRAD,shipped,hoptimus1,random,scaled,1,3,0,spot,MEND144,0.8991329966329967,1.2551122185599959,1.7672830762861544,0.09626262626262626,0.004604377104377104,2376,50
PRAD,shipped,hoptimus1,random,scaled,1,3,0,spot,MEND145,0.8688349514563107,1.3433670478792654,2.0877545184024986,0.12604368932038834,0.00512135922330097,824,50
PRAD,shipped,hoptimus1,random,scaled,1,3,0,spot,MEND146,0.8997138047138047,1.287079849410344,1.8287073645605816,0.09471380471380471,0.005572390572390572,1188,50
PRAD,shipped,hoptimus1,random,scaled,1,3,0,spot,MEND147,0.8998845598845598,1.6118643988743637,2.140859157663238,0.08906204906204905,0.011053391053391053,1386,50
PRAD,shipped,hoptimus1,random,scaled,1,3,0,spot,MEND148,0.8930524152106887,1.0595391295662768,1.622820191933974,0.09893114080164439,0.008016443987667009,973,50
PRAD,shipped,hoptimus1,random,scaled,1,3,0,spot,MEND149,0.9102075471698113,1.481564140821462,1.9000123054394393,0.07773584905660377,0.012056603773584907,1060,50
PRAD,shipped,hoptimus1,random,scaled,1,3,0,spot,MEND150,0.8787797902764538,1.7394200400584328,2.3582974211757857,0.09912297426120115,0.02209723546234509,1049,50
PRAD,shipped,hoptimus1,random,scaled,1,3,0,spot,MEND151,0.9150745301360985,1.653532468467951,2.0733413169229986,0.07104342190537913,0.013882047958522358,1543,50
PRAD,shipped,hoptimus1,random,scaled,1,3,0,spot,MEND152,0.8914634146341462,1.784176048561345,2.37077083172811,0.07902439024390244,0.029512195121951218,1804,50
PRAD,shipped,hoptimus1,random,scaled,1,3,0,spot,MEND153,0.8970605187319884,1.795130169385816,2.3163397850221736,0.06528338136407301,0.03765609990393852,1041,50
PRAD,shipped,hoptimus1,random,scaled,1,3,0,spot,MEND154,0.8902382406841783,1.9549122552325735,2.5800916271174703,0.071435552840562,0.03832620647525962,1637,50
PRAD,shipped,hoptimus1,random,scaled,1,3,0,spot,MEND156,0.9220203982515784,2.509351541488736,2.9372466414879455,0.061971830985915494,0.01600777076250607,2059,50
PRAD,shipped,hoptimus1,random,scaled,1,3,0,spot,MEND157,0.913825857519789,2.077104475602864,2.53821976030752,0.06878100263852244,0.017393139841688655,1895,50
PRAD,shipped,hoptimus1,random,scaled,1,3,0,spot,MEND158,0.8953888582460011,1.9256305062935106,2.57431205939266,0.10065085493656921,0.003960286817429675,1813,50
PRAD,shipped,hoptimus1,random,scaled,1,3,0,spot,MEND159,0.8968125,1.8458146909200368,2.587131911397602,0.09942857142857144,0.0037589285714285715,2240,50
PRAD,shipped,hoptimus1,random,scaled,1,3,0,spot,MEND160,0.9096522832006703,1.7369539224286012,2.2512121797936,0.083963133640553,0.006384583158776708,2387,50
PRAD,shipped,hoptimus1,random,scaled,1,3,0,spot,MEND161,0.9199393571861734,2.255722682817772,2.659120862391993,0.0627531837477259,0.017307459066100667,1649,50
PRAD,shipped,hoptimus1,random,scaled,1,3,0,spot,MEND162,0.8712873862158648,0.9662428943819381,1.5924616430197722,0.11543563068920676,0.01327698309492848,1538,50
PRAD,shipped,hoptimus1,random,scaled,1,4,0,spot,MEND139,0.9097874265038445,1.8702843954491761,2.287766637096935,0.06256897331524197,0.02764360018091361,2211,50
PRAD,shipped,hoptimus1,random,scaled,1,4,0,spot,MEND140,0.8912290008841732,1.6661420166354075,2.18840264606179,0.0938815207780725,0.0148894783377542,1131,50
PRAD,shipped,hoptimus1,random,scaled,1,4,0,spot,MEND141,0.89544921875,1.4675507949861748,1.9982800932377205,0.09810546875,0.0064453125,1024,50
PRAD,shipped,hoptimus1,random,scaled,1,4,0,spot,MEND142,0.9172238288027762,1.6152784278179064,1.9836477409777837,0.06779641411220359,0.014979757085020242,1729,50
PRAD,shipped,hoptimus1,random,scaled,1,4,0,spot,MEND143,0.9057208237986271,1.3309526841266122,1.7507291836202459,0.08787185354691075,0.006407322654462243,2185,50
PRAD,shipped,hoptimus1,random,scaled,1,4,0,spot,MEND144,0.9015223755750732,1.2673124341213375,1.7659851024664133,0.09422835633626098,0.00424926808866583,2391,50
PRAD,shipped,hoptimus1,random,scaled,1,4,0,spot,MEND145,0.8658823529411765,1.3574839743536435,2.130682235224566,0.129171668667467,0.004945978391356543,833,50
PRAD,shipped,hoptimus1,random,scaled,1,4,0,spot,MEND146,0.889551724137931,1.2844947154223956,1.9208324879432936,0.10403448275862068,0.006413793103448275,1160,50
PRAD,shipped,hoptimus1,random,scaled,1,4,0,spot,MEND147,0.9047425670775925,1.6351972792217269,2.12232893273924,0.08519216823785351,0.010065264684554025,1379,50
PRAD,shipped,hoptimus1,random,scaled,1,4,0,spot,MEND148,0.8950530785562633,1.0286080128663821,1.575968043413392,0.09647558386411889,0.008471337579617834,942,50
PRAD,shipped,hoptimus1,random,scaled,1,4,0,spot,MEND149,0.9077871148459384,1.4523855023946843,1.8877344971908452,0.08246498599439776,0.009747899159663865,1071,50
PRAD,shipped,hoptimus1,random,scaled,1,4,0,spot,MEND150,0.8889194499017683,1.749287185179389,2.312790551070982,0.09157170923379175,0.019508840864440078,1018,50
PRAD,shipped,hoptimus1,random,scaled,1,4,0,spot,MEND151,0.911580310880829,1.6164169094232441,2.0310800347271436,0.0727461139896373,0.015673575129533678,1544,50
PRAD,shipped,hoptimus1,random,scaled,1,4,0,spot,MEND152,0.899136690647482,1.81355642076299,2.3610624478134468,0.07328168234643055,0.02758162700608744,1807,50
PRAD,shipped,hoptimus1,random,scaled,1,4,0,spot,MEND153,0.8887568555758684,1.7837433942231382,2.3522755295762168,0.07597806215722121,0.03526508226691042,1094,50
PRAD,shipped,hoptimus1,random,scaled,1,4,0,spot,MEND154,0.8902346227013317,1.9405591682419117,2.562123329084338,0.07732403297400127,0.03244134432466709,1577,50
PRAD,shipped,hoptimus1,random,scaled,1,4,0,spot,MEND156,0.9238688212927757,2.5571882876966514,2.9978656688514875,0.062024714828897334,0.014106463878326996,2104,50
PRAD,shipped,hoptimus1,random,scaled,1,4,0,spot,MEND157,0.9153141640042598,2.080990415652216,2.5482324787544615,0.06714589989350372,0.017539936102236423,1878,50
PRAD,shipped,hoptimus1,random,scaled,1,4,0,spot,MEND158,0.9032553075666848,1.9054510318108047,2.470751941177719,0.09000544365813827,0.006739248775176919,1837,50
PRAD,shipped,hoptimus1,random,scaled,1,4,0,spot,MEND159,0.8848466522678186,1.797983749968567,2.657417088159463,0.10972786177105831,0.00542548596112311,2315,50
PRAD,shipped,hoptimus1,random,scaled,1,4,0,spot,MEND160,0.9181115181115181,1.751610350033483,2.195237545346272,0.0734065934065934,0.008481888481888482,2457,50
PRAD,shipped,hoptimus1,random,scaled,1,4,0,spot,MEND161,0.9165158924205379,2.2414792351728368,2.7065156504718777,0.06894865525672372,0.014535452322738387,1636,50
PRAD,shipped,hoptimus1,random,scaled,1,4,0,spot,MEND162,0.8753074866310161,0.9764699568994627,1.5275750966908745,0.10661764705882354,0.018074866310160427,1496,50
READ,shipped,hoptimus1,donor,abs,READ_specimen1,-1,0,slide,ZEN48,0.9043438155136267,2.040572419877054,2.728547660901109,0.04254088050314465,0.053115303983228515,2385,50
READ,shipped,hoptimus1,donor,abs,READ_specimen1,-1,0,slide,ZEN49,0.9023150249659555,2.0405724198770563,2.751491178613888,0.04752610077167499,0.0501588742623695,2203,50
READ,shipped,hoptimus1,donor,abs,READ_specimen7,-1,0,slide,ZEN36,0.7279716144293318,1.2821052735202416,3.9152586353393883,0.23530455351862803,0.03672383205204021,1691,50
READ,shipped,hoptimus1,donor,abs,READ_specimen7,-1,0,slide,ZEN40,0.8119360902255639,1.2821052735202374,2.4861729617754555,0.11797932330827068,0.07008458646616542,2128,50
READ,shipped,hoptimus1,donor,scaled,READ_specimen1,-1,0,slide,ZEN48,0.8397316561844863,16.449557416378873,17.62442835272174,0.11527044025157233,0.0449979035639413,2385,50
READ,shipped,hoptimus1,donor,scaled,READ_specimen1,-1,0,slide,ZEN49,0.8312482977757604,17.034995259047925,18.32327316444697,0.12129822968679074,0.047453472537448936,2203,50
READ,shipped,hoptimus1,donor,scaled,READ_specimen7,-1,0,slide,ZEN36,0.8187699586043762,2.8029968540417123,4.554016773829141,0.16460082791247782,0.01662921348314607,1691,50
READ,shipped,hoptimus1,donor,scaled,READ_specimen7,-1,0,slide,ZEN40,0.8493045112781955,3.3119015006346944,4.227839302031955,0.08853383458646617,0.06216165413533835,2128,50
READ,shipped,hoptimus1,patient,abs,0,-1,0,slide,ZEN48,0.9043438155136267,2.040572419877054,2.728547660901109,0.04254088050314465,0.053115303983228515,2385,50
READ,shipped,hoptimus1,patient,abs,0,-1,0,slide,ZEN49,0.9023150249659555,2.0405724198770563,2.751491178613888,0.04752610077167499,0.0501588742623695,2203,50
READ,shipped,hoptimus1,patient,abs,1,-1,0,slide,ZEN36,0.7288941454760497,1.28161016833906,3.98502842281571,0.2392548787699586,0.03185097575399172,1691,50
READ,shipped,hoptimus1,patient,abs,1,-1,0,slide,ZEN40,0.8171146616541354,1.2816101683390593,2.5290131179025686,0.12280075187969924,0.060084586466165414,2128,50
READ,shipped,hoptimus1,patient,scaled,0,-1,0,slide,ZEN48,0.8397316561844863,16.449557416378873,17.62442835272174,0.11527044025157233,0.0449979035639413,2385,50
READ,shipped,hoptimus1,patient,scaled,0,-1,0,slide,ZEN49,0.8312482977757604,17.034995259047925,18.32327316444697,0.12129822968679074,0.047453472537448936,2203,50
READ,shipped,hoptimus1,patient,scaled,1,-1,0,slide,ZEN36,0.8199172087522176,3.3086415010713823,5.054977216859428,0.16250739207569484,0.017575399172087523,1691,50
READ,shipped,hoptimus1,patient,scaled,1,-1,0,slide,ZEN40,0.8430169172932331,3.597054669603661,4.588670995315763,0.09681390977443609,0.060169172932330824,2128,50
READ,shipped,hoptimus1,random,abs,0,0,0,spot,ZEN36,0.8548546824542518,1.419327635141695,2.23760357237074,0.10053821313240043,0.044607104413347684,929,50
READ,shipped,hoptimus1,random,abs,0,0,0,spot,ZEN40,0.9088740617180985,1.4193276351416886,1.9159767353505475,0.07134278565471226,0.019783152627189323,1199,50
READ,shipped,hoptimus1,random,abs,0,0,0,spot,ZEN48,0.9155695208169677,1.4193276351416884,1.8565181132401622,0.0684367635506677,0.015993715632364493,1273,50
READ,shipped,hoptimus1,random,abs,0,0,0,spot,ZEN49,0.9118955349620893,1.419327635141689,1.8562828367234891,0.06781802864363944,0.02028643639427127,1187,50
READ,shipped,hoptimus1,random,abs,0,1,0,spot,ZEN36,0.8533760683760684,1.42032860499679,2.281806946095123,0.10427350427350428,0.04235042735042735,936,50
READ,shipped,hoptimus1,random,abs,0,1,0,spot,ZEN40,0.9088813559322034,1.4203286049967878,1.9278512592638228,0.07245762711864406,0.018661016949152544,1180,50
READ,shipped,hoptimus1,random,abs,0,1,0,spot,ZEN48,0.9181674565560821,1.4203286049967871,1.8344249591533959,0.06371248025276462,0.018120063191153238,1266,50
READ,shipped,hoptimus1,random,abs,0,1,0,spot,ZEN49,0.9093200663349917,1.4203286049967878,1.8693350507766513,0.07182421227197347,0.018855721393034826,1206,50
READ,shipped,hoptimus1,random,abs,0,2,0,spot,ZEN36,0.8506170212765958,1.4166603355314709,2.2857700088834165,0.10646808510638298,0.04291489361702127,940,50
READ,shipped,hoptimus1,random,abs,0,2,0,spot,ZEN40,0.9104669603524229,1.41666033553147,1.9095698082318757,0.07074889867841411,0.018784140969162998,1135,50
READ,shipped,hoptimus1,random,abs,0,2,0,spot,ZEN48,0.9169751693002257,1.4166603355314704,1.8318804745495103,0.06854778028592927,0.014477050413844996,1329,50
READ,shipped,hoptimus1,random,abs,0,2,0,spot,ZEN49,0.9085304054054055,1.41666033553147,1.8624147749020568,0.06959459459459459,0.021875,1184,50
READ,shipped,hoptimus1,random,abs,0,3,0,spot,ZEN36,0.8454584681769148,1.407199279352898,2.378054071518055,0.11486515641855448,0.03967637540453075,927,50
READ,shipped,hoptimus1,random,abs,0,3,0,spot,ZEN40,0.9072478632478632,1.407199279352901,1.9142143553451154,0.07290598290598291,0.019846153846153847,1170,50
READ,shipped,hoptimus1,random,abs,0,3,0,spot,ZEN48,0.9143183549124143,1.4071992793529,1.8415198018651875,0.06997715156130997,0.015704493526275703,1313,50
READ,shipped,hoptimus1,random,abs,0,3,0,spot,ZEN49,0.9061460101867573,1.407199279352901,1.8581154610733193,0.07436332767402376,0.019490662139219014,1178,50
READ,shipped,hoptimus1,random,abs,0,4,0,spot,ZEN36,0.8582056892778993,1.4299882546544647,2.2596551009650576,0.10107221006564551,0.04072210065645514,914,50
READ,shipped,hoptimus1,random,abs,0,4,0,spot,ZEN40,0.9091623036649215,1.429988254654464,1.939372052678995,0.07294938917975567,0.01788830715532286,1146,50
READ,shipped,hoptimus1,random,abs,0,4,0,spot,ZEN48,0.9186435568952525,1.429988254654463,1.8351762099454967,0.06522984174830444,0.016126601356443105,1327,50
READ,shipped,hoptimus1,random,abs,0,4,0,spot,ZEN49,0.9112905911740217,1.4299882546544638,1.8680775391186117,0.0680932556203164,0.020616153205661947,1201,50
READ,shipped,hoptimus1,random,abs,1,0,0,spot,ZEN36,0.8485612366230677,1.41831143740621,2.3291790149622726,0.10594530321046375,0.04549346016646849,841,50
READ,shipped,hoptimus1,random,abs,1,0,0,spot,ZEN40,0.9124835164835164,1.4183114374062098,1.893129358325345,0.0663956043956044,0.02112087912087912,910,50
READ,shipped,hoptimus1,random,abs,1,0,0,spot,ZEN48,0.9182209737827715,1.4183114374062091,1.8332793267790677,0.06322097378277154,0.018558052434456927,1068,50
READ,shipped,hoptimus1,random,abs,1,0,0,spot,ZEN49,0.90584,1.4183114374062094,1.897561822147594,0.07378,0.02038,1000,50
READ,shipped,hoptimus1,random,abs,1,1,0,spot,ZEN36,0.8529595827900913,1.4232871451536153,2.2905607583652987,0.10242503259452412,0.04461538461538462,767,50
READ,shipped,hoptimus1,random,abs,1,1,0,spot,ZEN40,0.9091683991683992,1.4232871451536164,1.926108700936897,0.07230769230769231,0.018523908523908526,962,50
READ,shipped,hoptimus1,random,abs,1,1,0,spot,ZEN48,0.9232022471910112,1.4232871451536169,1.8198627431043415,0.06088014981273408,0.01591760299625468,1068,50
READ,shipped,hoptimus1,random,abs,1,1,0,spot,ZEN49,0.9122896281800391,1.4232871451536167,1.8529605128249267,0.06737769080234833,0.020332681017612524,1022,50
READ,shipped,hoptimus1,random,abs,1,2,0,spot,ZEN36,0.8623624161073826,1.4449544261498173,2.2223305483104423,0.09277852348993289,0.04485906040268456,745,50
READ,shipped,hoptimus1,random,abs,1,2,0,spot,ZEN40,0.9114375,1.4449544261498197,1.9330284426749555,0.07085416666666668,0.017708333333333333,960,50
READ,shipped,hoptimus1,random,abs,1,2,0,spot,ZEN48,0.9208553230209282,1.4449544261498215,1.8581023736438917,0.06285714285714286,0.016287534121929025,1099,50
READ,shipped,hoptimus1,random,abs,1,2,0,spot,ZEN49,0.9109556650246305,1.4449544261498206,1.899491931013475,0.06695566502463053,0.022088669950738916,1015,50
READ,shipped,hoptimus1,random,abs,1,3,0,spot,ZEN36,0.857017310252996,1.4298195465369437,2.245830842910728,0.10087882822902797,0.042103861517976036,751,50
READ,shipped,hoptimus1,random,abs,1,3,0,spot,ZEN40,0.9133133732534929,1.429819546536941,1.9013833595720018,0.06666666666666667,0.020019960079840318,1002,50
READ,shipped,hoptimus1,random,abs,1,3,0,spot,ZEN48,0.9187913125590179,1.42981954653694,1.8405708581448166,0.06451369216241738,0.016694995278564682,1059,50
READ,shipped,hoptimus1,random,abs,1,3,0,spot,ZEN49,0.9114995034756703,1.429819546536941,1.8697498909995116,0.07072492552135054,0.01777557100297915,1007,50
READ,shipped,hoptimus1,random,abs,1,4,0,spot,ZEN36,0.8472659176029963,1.4238426642413415,2.326365943932923,0.10654182272159801,0.04619225967540574,801,50
READ,shipped,hoptimus1,random,abs,1,4,0,spot,ZEN40,0.9095879396984924,1.4238426642413404,1.8982475710073072,0.06681407035175879,0.023597989949748745,995,50
READ,shipped,hoptimus1,random,abs,1,4,0,spot,ZEN48,0.9199810785241249,1.4238426642413406,1.829127280033317,0.06533585619678335,0.01468306527909177,1057,50
READ,shipped,hoptimus1,random,abs,1,4,0,spot,ZEN49,0.9087163561076604,1.4238426642413404,1.8770652981370934,0.07484472049689442,0.016438923395445136,966,50
READ,shipped,hoptimus1,random,scaled,0,0,0,spot,ZEN36,0.922389666307858,1.9327732015740338,2.372633171039252,0.07059203444564047,0.007018299246501615,929,50
READ,shipped,hoptimus1,random,scaled,0,0,0,spot,ZEN40,0.9025854879065888,1.5543734270025467,2.075407029399926,0.09272727272727273,0.004687239366138449,1199,50
READ,shipped,hoptimus1,random,scaled,0,0,0,spot,ZEN48,0.886331500392773,1.436861093652366,2.062028277078887,0.10738413197172035,0.006284367635506677,1273,50
READ,shipped,hoptimus1,random,scaled,0,0,0,spot,ZEN49,0.8924010109519798,1.524226580901284,2.1120230558059365,0.09925863521482729,0.008340353833192923,1187,50
READ,shipped,hoptimus1,random,scaled,0,1,0,spot,ZEN36,0.9216880341880342,1.9669591450208515,2.416942996409334,0.07181623931623932,0.006495726495726496,936,50
READ,shipped,hoptimus1,random,scaled,0,1,0,spot,ZEN40,0.905542372881356,1.6023280600638188,2.1055097250496404,0.09028813559322034,0.004169491525423729,1180,50
READ,shipped,hoptimus1,random,scaled,0,1,0,spot,ZEN48,0.8926382306477093,1.4813312109425507,2.0537638158671188,0.10074249605055292,0.006619273301737757,1266,50
READ,shipped,hoptimus1,random,scaled,0,1,0,spot,ZEN49,0.8848424543946932,1.5136574003458962,2.173182503787864,0.10767827529021559,0.007479270315091211,1206,50
READ,shipped,hoptimus1,random,scaled,0,2,0,spot,ZEN36,0.9229787234042552,1.996975159964066,2.4413329827296666,0.0716595744680851,0.005361702127659574,940,50
READ,shipped,hoptimus1,random,scaled,0,2,0,spot,ZEN40,0.9098678414096917,1.6125535024872752,2.0832409037029356,0.0853920704845815,0.0047400881057268725,1135,50
READ,shipped,hoptimus1,random,scaled,0,2,0,spot,ZEN48,0.8924303987960873,1.4802631114269906,2.0468063981765456,0.10192626034612491,0.0056433408577878106,1329,50
READ,shipped,hoptimus1,random,scaled,0,2,0,spot,ZEN49,0.8929391891891892,1.5477184568747808,2.1360066711087358,0.09954391891891891,0.007516891891891892,1184,50
READ,shipped,hoptimus1,random,scaled,0,3,0,spot,ZEN36,0.9174541531823085,1.985848700723619,2.475879498106733,0.07732470334412082,0.0052211434735706585,927,50
READ,shipped,hoptimus1,random,scaled,0,3,0,spot,ZEN40,0.911948717948718,1.6214075048406897,2.075026036619426,0.08335042735042736,0.004700854700854701,1170,50
READ,shipped,hoptimus1,random,scaled,0,3,0,spot,ZEN48,0.8858339680121858,1.4647872373705355,2.074536359450248,0.10775323686214776,0.006412795125666413,1313,50
READ,shipped,hoptimus1,random,scaled,0,3,0,spot,ZEN49,0.8865874363327674,1.527486714306427,2.156791157025875,0.10585738539898132,0.007555178268251274,1178,50
READ,shipped,hoptimus1,random,scaled,0,4,0,spot,ZEN36,0.9199124726477024,1.9485744116270869,2.4154183810359298,0.07468271334792123,0.005404814004376367,914,50
READ,shipped,hoptimus1,random,scaled,0,4,0,spot,ZEN40,0.9035776614310645,1.5777239139169037,2.0901590309265257,0.0913438045375218,0.005078534031413613,1146,50
READ,shipped,hoptimus1,random,scaled,0,4,0,spot,ZEN48,0.88827430293896,1.454018816554985,2.0511648932603923,0.1050037678975132,0.006721929163526752,1327,50
READ,shipped,hoptimus1,random,scaled,0,4,0,spot,ZEN49,0.8863946711074105,1.5154817428080465,2.1429554501093104,0.10489592006661116,0.00870940882597835,1201,50
READ,shipped,hoptimus1,random,scaled,1,0,0,spot,ZEN36,0.9238049940546967,2.0708125146590812,2.515848899270963,0.07153388822829965,0.004661117717003567,841,50
READ,shipped,hoptimus1,random,scaled,1,0,0,spot,ZEN40,0.9177802197802198,1.6915881002374578,2.1159836967026284,0.07815384615384616,0.004065934065934066,910,50
READ,shipped,hoptimus1,random,scaled,1,0,0,spot,ZEN48,0.8997191011235955,1.553019742851243,2.0789873899025477,0.09299625468164795,0.0072846441947565545,1068,50
READ,shipped,hoptimus1,random,scaled,1,0,0,spot,ZEN49,0.88524,1.5767505526481285,2.229934275669219,0.10692,0.00784,1000,50
READ,shipped,hoptimus1,random,scaled,1,1,0,spot,ZEN36,0.9227640156453716,1.9736766879103504,2.4197620616014786,0.07074315514993482,0.006492829204693611,767,50
READ,shipped,hoptimus1,random,scaled,1,1,0,spot,ZEN40,0.9104158004158005,1.6018601181324075,2.058316607630753,0.08459459459459459,0.00498960498960499,962,50
READ,shipped,hoptimus1,random,scaled,1,1,0,spot,ZEN48,0.8956554307116105,1.4844074797815872,2.0431352018154976,0.09775280898876405,0.006591760299625469,1068,50
READ,shipped,hoptimus1,random,scaled,1,1,0,spot,ZEN49,0.8927788649706457,1.5541927683497494,2.1433993475585735,0.09986301369863013,0.00735812133072407,1022,50
READ,shipped,hoptimus1,random,scaled,1,2,0,spot,ZEN36,0.9306577181208054,2.008126966678029,2.396294609480083,0.06324832214765101,0.006093959731543625,745,50
READ,shipped,hoptimus1,random,scaled,1,2,0,spot,ZEN40,0.906125,1.6134158253788542,2.1021468818103473,0.08970833333333333,0.004166666666666667,960,50
READ,shipped,hoptimus1,random,scaled,1,2,0,spot,ZEN48,0.8872247497725205,1.4622413434084414,2.0644173423265326,0.10507734303912647,0.007697907188353048,1099,50
READ,shipped,hoptimus1,random,scaled,1,2,0,spot,ZEN49,0.888847290640394,1.5336934142837826,2.15560602714962,0.10088669950738917,0.010266009852216748,1015,50
READ,shipped,hoptimus1,random,scaled,1,3,0,spot,ZEN36,0.9189613848202397,1.9347285314705616,2.3824658279212945,0.07395472703062583,0.007083888149134488,751,50
READ,shipped,hoptimus1,random,scaled,1,3,0,spot,ZEN40,0.9109580838323353,1.5900031104659045,2.0585264144370665,0.08411177644710578,0.004930139720558882,1002,50
READ,shipped,hoptimus1,random,scaled,1,3,0,spot,ZEN48,0.888989612842304,1.4399239890844666,2.0297922939198343,0.10298394711992445,0.008026440037771483,1059,50
READ,shipped,hoptimus1,random,scaled,1,3,0,spot,ZEN49,0.883296921549156,1.4788037922334667,2.1295266156460007,0.10764647467725919,0.009056603773584906,1007,50
READ,shipped,hoptimus1,random,scaled,1,4,0,spot,ZEN36,0.9188764044943821,1.9519626782684907,2.434508349530994,0.0745318352059925,0.006591760299625469,801,50
READ,shipped,hoptimus1,random,scaled,1,4,0,spot,ZEN40,0.9091658291457287,1.568671635317013,2.041559147015347,0.08574874371859297,0.005085427135678392,995,50
READ,shipped,hoptimus1,random,scaled,1,4,0,spot,ZEN48,0.8904068117313151,1.4555413577753655,2.04149616996026,0.10315988647114475,0.006433301797540208,1057,50
READ,shipped,hoptimus1,random,scaled,1,4,0,spot,ZEN49,0.8842028985507246,1.4978165462304602,2.1374821488312894,0.10908902691511388,0.006708074534161491,966,50
SKCM,shipped,hoptimus1,donor,abs,SKCM_hest_patient_1,-1,0,block,TENX117,0.6536426914153133,2.244309179520183,6.810260725711492,0.06081979891724672,0.28553750966744007,1293,50
SKCM,shipped,hoptimus1,donor,abs,SKCM_hest_patient_1,-1,1,block,TENX117,0.6631709203402939,2.2967939221703237,6.294677313918556,0.08069605568445475,0.25613302397525134,1293,50
SKCM,shipped,hoptimus1,donor,abs,SKCM_hest_patient_1,-1,2,block,TENX117,0.6186233565351895,2.210409700264926,7.702079406860322,0.08583139984532095,0.2955452436194896,1293,50
SKCM,shipped,hoptimus1,donor,abs,SKCM_hest_patient_2,-1,0,block,TENX115,0.6731533601378519,2.1608138024435437,6.9658427296770284,0.20481332567489946,0.1220333141872487,1741,50
SKCM,shipped,hoptimus1,donor,abs,SKCM_hest_patient_2,-1,1,block,TENX115,0.6979781734635268,2.248528704843036,6.772284201931152,0.16861573808156233,0.13340608845491098,1741,50
SKCM,shipped,hoptimus1,donor,abs,SKCM_hest_patient_2,-1,2,block,TENX115,0.6449626651349799,2.167614953199855,7.525714936709317,0.17569213095921885,0.17934520390580125,1741,50
SKCM,shipped,hoptimus1,donor,scaled,SKCM_hest_patient_1,-1,0,block,TENX117,0.6412993039443156,2.985238573806383,8.751166219966347,0.07500386697602475,0.2836968290796597,1293,50
SKCM,shipped,hoptimus1,donor,scaled,SKCM_hest_patient_1,-1,1,block,TENX117,0.7481825212683682,6.0326050475808755,10.173048601304401,0.06530549110595514,0.18651198762567675,1293,50
SKCM,shipped,hoptimus1,donor,scaled,SKCM_hest_patient_1,-1,2,block,TENX117,0.6041763341067286,2.4970790197392527,8.875913027545991,0.10043310131477184,0.2953905645784996,1293,50
SKCM,shipped,hoptimus1,donor,scaled,SKCM_hest_patient_2,-1,0,block,TENX115,0.6869730040206778,3.436825778628282,8.925929744296567,0.17704767375071795,0.13597932222860426,1741,50
SKCM,shipped,hoptimus1,donor,scaled,SKCM_hest_patient_2,-1,1,block,TENX115,0.7271682940838599,7.337423123618583,11.64345149147797,0.15473865594485928,0.11809304997128088,1741,50
SKCM,shipped,hoptimus1,donor,scaled,SKCM_hest_patient_2,-1,2,block,TENX115,0.702263067202757,5.6821839488370305,11.02651033624246,0.1590924755887421,0.13864445720850088,1741,50
SKCM,shipped,hoptimus1,patient,abs,0,-1,0,block,TENX117,0.6176488785769528,2.177936784297435,7.687980339722944,0.10167053364269142,0.28068058778035576,1293,50
SKCM,shipped,hoptimus1,patient,abs,0,-1,1,block,TENX117,0.6491724671307039,2.242376078098117,6.701099004202888,0.08751740139211137,0.26331013147718485,1293,50
SKCM,shipped,hoptimus1,patient,abs,0,-1,2,block,TENX117,0.6526372776488786,2.3730383238459494,7.005558342401223,0.05681361175560712,0.2905491105955143,1293,50
SKCM,shipped,hoptimus1,patient,abs,1,-1,0,block,TENX115,0.704882251579552,2.3316153825820787,6.757586692908819,0.18137851809304997,0.11373923032739805,1741,50
SKCM,shipped,hoptimus1,patient,abs,1,-1,1,block,TENX115,0.6953015508328546,2.3969112936261454,6.893009682065463,0.15205054566341183,0.1526479035037335,1741,50
SKCM,shipped,hoptimus1,patient,abs,1,-1,2,block,TENX115,0.752027570361861,2.6553985455053377,6.516189541852129,0.1471912693854107,0.10078116025272832,1741,50
SKCM,shipped,hoptimus1,patient,scaled,0,-1,0,block,TENX117,0.645800464037123,2.7708128323281525,8.220154078950697,0.09121423047177107,0.26298530549110594,1293,50
SKCM,shipped,hoptimus1,patient,scaled,0,-1,1,block,TENX117,0.7265119876256767,4.212493295519729,8.373493511854228,0.07410672853828305,0.1993812838360402,1293,50
SKCM,shipped,hoptimus1,patient,scaled,0,-1,2,block,TENX117,0.7178190255220417,4.669078306608921,10.038073709447085,0.04762567672080433,0.23455529775715392,1293,50
SKCM,shipped,hoptimus1,patient,scaled,1,-1,0,block,TENX115,0.6938081562320505,4.041212640920019,9.262608394526243,0.17825387708213672,0.12793796668581275,1741,50
SKCM,shipped,hoptimus1,patient,scaled,1,-1,1,block,TENX115,0.6697874784606548,5.066614154242748,10.841292801133394,0.1547616312464101,0.17545089029293512,1741,50
SKCM,shipped,hoptimus1,patient,scaled,1,-1,2,block,TENX115,0.7394715680643309,5.885250289901669,9.826910119270636,0.14333141872487076,0.1171970132107984,1741,50
SKCM,shipped,hoptimus1,random,abs,0,0,0,spot,TENX115,0.8935694822888283,2.126389514020207,2.815237455847041,0.05583106267029973,0.05059945504087193,734,50
SKCM,shipped,hoptimus1,random,abs,0,0,0,spot,TENX117,0.9027191413237925,2.1263895140202083,2.9368252403199664,0.05069767441860465,0.04658318425760286,559,50
SKCM,shipped,hoptimus1,random,abs,0,1,0,spot,TENX115,0.9067127071823206,2.2041539331808533,2.792776515109544,0.046353591160220996,0.04693370165745856,724,50
SKCM,shipped,hoptimus1,random,abs,0,1,0,spot,TENX117,0.9083655536028119,2.2041539331808555,2.9966053151573817,0.04650263620386643,0.04513181019332162,569,50
SKCM,shipped,hoptimus1,random,abs,0,2,0,spot,TENX115,0.8980327868852459,2.151432854074461,2.846320508581434,0.05133879781420765,0.050628415300546445,732,50
SKCM,shipped,hoptimus1,random,abs,0,2,0,spot,TENX117,0.9050623885918003,2.151432854074463,3.007148917446111,0.05115864527629234,0.04377896613190731,561,50
SKCM,shipped,hoptimus1,random,abs,0,3,0,spot,TENX115,0.8943878954607978,2.149325588119222,2.856173271714606,0.051774415405777166,0.053837689133425036,727,50
SKCM,shipped,hoptimus1,random,abs,0,3,0,spot,TENX117,0.9086925795053005,2.149325588119221,2.9644880091082397,0.05544169611307421,0.03586572438162544,566,50
SKCM,shipped,hoptimus1,random,abs,0,4,0,spot,TENX115,0.8946070460704607,2.1413467319057724,2.852191864856477,0.05281842818428184,0.05257452574525745,738,50
SKCM,shipped,hoptimus1,random,abs,0,4,0,spot,TENX117,0.9102342342342342,2.1413467319057737,2.9067159400164995,0.04389189189189189,0.04587387387387388,555,50
SKCM,shipped,hoptimus1,random,abs,1,0,0,spot,TENX115,0.8873786407766989,2.1215228577094987,2.875778528497145,0.05386407766990291,0.05875728155339806,1030,50
SKCM,shipped,hoptimus1,random,abs,1,0,0,spot,TENX117,0.9074824191279888,2.1215228577095,2.843417385876344,0.04922644163150492,0.04329113924050633,711,50
SKCM,shipped,hoptimus1,random,abs,1,1,0,spot,TENX115,0.903740157480315,2.2300287914032797,2.881640793542262,0.046791338582677165,0.04946850393700787,1016,50
SKCM,shipped,hoptimus1,random,abs,1,1,0,spot,TENX117,0.918896551724138,2.2300287914032735,2.900505456027848,0.04162758620689656,0.039475862068965514,725,50
SKCM,shipped,hoptimus1,random,abs,1,2,0,spot,TENX115,0.8972200000000001,2.170745068507014,2.854460228222153,0.05418,0.048600000000000004,1000,50
SKCM,shipped,hoptimus1,random,abs,1,2,0,spot,TENX117,0.9088798920377867,2.1707450685070113,2.966001051281129,0.05549257759784076,0.03562753036437247,741,50
SKCM,shipped,hoptimus1,random,abs,1,3,0,spot,TENX115,0.8887087087087088,2.1376324670984785,2.890993769711218,0.05621621621621622,0.05507507507507507,999,50
SKCM,shipped,hoptimus1,random,abs,1,3,0,spot,TENX117,0.9056603773584905,2.137632467098477,2.878074657457187,0.05218328840970351,0.04215633423180593,742,50
SKCM,shipped,hoptimus1,random,abs,1,4,0,spot,TENX115,0.8976134122287968,2.1593616753342046,2.850908154781095,0.04765285996055227,0.05473372781065088,1014,50
SKCM,shipped,hoptimus1,random,abs,1,4,0,spot,TENX117,0.9057221458046767,2.1593616753342038,3.028510178777146,0.045942228335625855,0.04833562585969739,727,50
SKCM,shipped,hoptimus1,random,scaled,0,0,0,spot,TENX115,0.8956675749318801,3.094620197531219,3.900560412935824,0.05465940054495913,0.04967302452316076,734,50
SKCM,shipped,hoptimus1,random,scaled,0,0,0,spot,TENX117,0.9067262969588551,3.0364353316691357,3.6972524726177864,0.05033989266547406,0.04293381037567084,559,50
SKCM,shipped,hoptimus1,random,scaled,0,1,0,spot,TENX115,0.9077900552486188,3.1567064953083612,3.860800250796247,0.04497237569060774,0.047237569060773484,724,50
SKCM,shipped,hoptimus1,random,scaled,0,1,0,spot,TENX117,0.9057644991212653,2.998780516133447,3.7465777937755154,0.04794376098418278,0.04629173989455184,569,50
SKCM,shipped,hoptimus1,random,scaled,0,2,0,spot,TENX115,0.893224043715847,3.1376251646502955,3.978874496203923,0.05278688524590164,0.05398907103825137,732,50
SKCM,shipped,hoptimus1,random,scaled,0,2,0,spot,TENX117,0.9090909090909091,3.157070780384795,3.841442201098545,0.046060606060606066,0.044848484848484846,561,50
SKCM,shipped,hoptimus1,random,scaled,0,3,0,spot,TENX115,0.900907840440165,3.2514255318404657,4.029786906298682,0.04927097661623108,0.049821182943603846,727,50
SKCM,shipped,hoptimus1,random,scaled,0,3,0,spot,TENX117,0.9073144876325088,3.0934019216693605,3.8101145700962693,0.05250883392226149,0.04017667844522968,566,50
SKCM,shipped,hoptimus1,random,scaled,0,4,0,spot,TENX115,0.8905420054200541,3.0373796856342272,3.8979628152360037,0.058048780487804874,0.05140921409214092,738,50
SKCM,shipped,hoptimus1,random,scaled,0,4,0,spot,TENX117,0.9070270270270271,2.9690618611095014,3.6483220180152096,0.051567567567567564,0.04140540540540541,555,50
SKCM,shipped,hoptimus1,random,scaled,1,0,0,spot,TENX115,0.8936504854368933,3.2277679727385573,4.084702062885791,0.05209708737864077,0.05425242718446602,1030,50
SKCM,shipped,hoptimus1,random,scaled,1,0,0,spot,TENX117,0.9124050632911392,3.2067724504989474,3.83397644990576,0.04852320675105485,0.039071729957805904,711,50
SKCM,shipped,hoptimus1,random,scaled,1,1,0,spot,TENX115,0.8916732283464568,3.1301343321594204,4.0049095933924725,0.05352362204724409,0.054803149606299215,1016,50
SKCM,shipped,hoptimus1,random,scaled,1,1,0,spot,TENX117,0.9186206896551724,3.081055264469856,3.699184199142601,0.041958620689655175,0.03942068965517241,725,50
SKCM,shipped,hoptimus1,random,scaled,1,2,0,spot,TENX115,0.89872,3.2086483334544234,4.038332391606735,0.05264,0.048639999999999996,1000,50
SKCM,shipped,hoptimus1,random,scaled,1,2,0,spot,TENX117,0.90582995951417,3.0816094034884656,3.8078733741930266,0.05568151147098516,0.038488529014844806,741,50
SKCM,shipped,hoptimus1,random,scaled,1,3,0,spot,TENX115,0.8872272272272272,2.968552162495454,3.8451815984871023,0.05451451451451452,0.058258258258258255,999,50
SKCM,shipped,hoptimus1,random,scaled,1,3,0,spot,TENX117,0.9080053908355795,2.9135898590237677,3.536294753417132,0.04814016172506738,0.0438544474393531,742,50
SKCM,shipped,hoptimus1,random,scaled,1,4,0,spot,TENX115,0.8976331360946745,3.121433425509995,3.9595226284959284,0.05080867850098619,0.05155818540433925,1014,50
SKCM,shipped,hoptimus1,random,scaled,1,4,0,spot,TENX117,0.9045116918844566,3.0477516859510745,3.8218088552908,0.048390646492434665,0.04709766162310866,727,50
