vtag,arm,G,part,regime,budget,cost,n_L,m,estimand,population,target,interval,n_draws,n_genes,emp_var_median,est_var_over_emp_var_median,coverage_median,coverage_mean,coverage_min,width_ratio_median,emp_var_ratio_median,lambda_median,lambda_frac_zero,lambda_se_median,lambda_raw_mean_median,lambda_raw_mean_se_median,estimator
ACS_STATES,package,51,masking,A,,unit,4,25,theta3,donor,design,textbook_t|fpc|lin,2,1,0.8812343067899064,1.40350114284253,0.5,0.5,0.5,,,0.0,1.0,,,,r4_classical
ACS_STATES,package,51,masking,A,,unit,4,25,theta3,donor,design,textbook_t|fpc|lin|xf,2,1,0.8812343067899064,1.40350114284253,0.5,0.5,0.5,,,0.0,1.0,,,,r4_classical
ACS_STATES,package,51,masking,A,,unit,4,25,theta3,donor,design,textbook_t|fpc|lin,2,1,0.8812343067899064,1.40350114284253,0.5,0.5,0.5,,,0.0,1.0,,,,r4_ppi
ACS_STATES,package,51,masking,A,,unit,4,25,theta3,donor,design,textbook_t|fpc|lin|xf,2,1,0.8812343067899064,1.40350114284253,0.5,0.5,0.5,,,0.0,1.0,,,,r4_ppi
ACS_STATES,package,51,masking,A,,unit,4,25,theta3,donor,design,textbook_t|fpc|lin,2,1,0.05303456388699378,0.12872008108799254,1.0,1.0,1.0,,,0.0,1.0,,,,P_classical
ACS_STATES,package,51,masking,A,,unit,4,25,theta3,donor,design,textbook_t|fpc|lin|xf,2,1,0.05303456388699378,0.12872008108799254,1.0,1.0,1.0,,,0.0,1.0,,,,P_classical
ACS_STATES,package,51,masking,A,,unit,4,25,theta3,donor,design,textbook_t|fpc|lin,2,1,0.015290423223145132,0.4621982164133376,0.5,0.5,0.5,,,0.8732056666608276,0.0,,,,P_ppi
ACS_STATES,package,51,masking,A,,unit,4,25,theta3,donor,design,textbook_t|fpc|lin|xf,2,1,0.015290423223145132,0.4621982164133376,0.5,0.5,0.5,,,0.8732056666608276,0.0,,,,P_ppi
ACS_STATES,package,51,masking,A,,unit,4,25,theta3,donor,design,textbook_t|fpc|lin,2,1,0.0593172372362169,0.06815677230849168,0.0,0.0,0.0,,,0.0,1.0,,,,C_classical
ACS_STATES,package,51,masking,A,,unit,4,25,theta3,donor,design,textbook_t|fpc|lin|xf,2,1,0.0593172372362169,0.06815677230849168,0.0,0.0,0.0,,,0.0,1.0,,,,C_classical
ACS_STATES,package,51,masking,A,,unit,4,25,theta3,donor,design,textbook_t|fpc|lin,2,1,0.015535882944292648,0.4799947880910634,0.5,0.5,0.5,,,0.9104861884086839,0.0,,,,C_ppi
ACS_STATES,package,51,masking,A,,unit,4,25,theta3,donor,design,textbook_t|fpc|lin|xf,2,1,0.015535882944292648,0.4799947880910634,0.5,0.5,0.5,,,0.9104861884086839,0.0,,,,C_ppi
ACS_STATES,package,51,masking,A,,unit,4,25,theta2,donor,design,textbook_t|fpc|lin,2,1,6.911904959185945e-05,262.6531477123617,1.0,1.0,1.0,,,0.0,1.0,,,,r4_classical
ACS_STATES,package,51,masking,A,,unit,4,25,theta2,donor,design,textbook_t|fpc|lin|xf,2,1,6.911904959185945e-05,262.6531477123617,1.0,1.0,1.0,,,0.0,1.0,,,,r4_classical
ACS_STATES,package,51,masking,A,,unit,4,25,theta2,donor,design,textbook_t|fpc|lin,2,1,6.911904959185945e-05,262.6531477123617,1.0,1.0,1.0,,,0.0,1.0,,,,r4_ppi
ACS_STATES,package,51,masking,A,,unit,4,25,theta2,donor,design,textbook_t|fpc|lin|xf,2,1,6.911904959185945e-05,262.6531477123617,1.0,1.0,1.0,,,0.0,1.0,,,,r4_ppi
ACS_STATES,package,51,masking,A,,unit,4,25,theta2,donor,design,textbook_t|fpc|lin,2,1,6.911904959185945e-05,262.6531477123617,1.0,1.0,1.0,,,0.0,1.0,,,,P_classical
ACS_STATES,package,51,masking,A,,unit,4,25,theta2,donor,design,textbook_t|fpc|lin|xf,2,1,6.911904959185945e-05,262.6531477123617,1.0,1.0,1.0,,,0.0,1.0,,,,P_classical
ACS_STATES,package,51,masking,A,,unit,4,25,theta2,donor,design,textbook_t|fpc|lin,2,1,0.0058550185115199185,1.0743660200778562,0.5,0.5,0.5,,,0.9121580914108331,0.0,,,,P_ppi
ACS_STATES,package,51,masking,A,,unit,4,25,theta2,donor,design,textbook_t|fpc|lin|xf,2,1,0.0058550185115199185,1.0743660200778562,0.5,0.5,0.5,,,0.9121580914108331,0.0,,,,P_ppi
ACS_STATES,package,51,masking,A,,unit,4,25,theta2,donor,design,textbook_t|fpc|lin,2,1,6.911904959185945e-05,262.6531477123617,1.0,1.0,1.0,,,0.0,1.0,,,,C_classical
ACS_STATES,package,51,masking,A,,unit,4,25,theta2,donor,design,textbook_t|fpc|lin|xf,2,1,6.911904959185945e-05,262.6531477123617,1.0,1.0,1.0,,,0.0,1.0,,,,C_classical
ACS_STATES,package,51,masking,A,,unit,4,25,theta2,donor,design,textbook_t|fpc|lin,2,1,0.005678402701913683,1.1055555870912475,0.5,0.5,0.5,,,0.9154406600788707,0.0,,,,C_ppi
ACS_STATES,package,51,masking,A,,unit,4,25,theta2,donor,design,textbook_t|fpc|lin|xf,2,1,0.005678402701913683,1.1055555870912475,0.5,0.5,0.5,,,0.9154406600788707,0.0,,,,C_ppi
ACS_STATES,package,51,masking,A,,unit,4,50,theta3,donor,design,textbook_t|fpc|lin,2,1,0.5009283078594182,1.247393343353986,1.0,1.0,1.0,,,0.0,1.0,,,,r4_classical
ACS_STATES,package,51,masking,A,,unit,4,50,theta3,donor,design,textbook_t|fpc|lin|xf,2,1,0.5009283078594182,1.247393343353986,1.0,1.0,1.0,,,0.0,1.0,,,,r4_classical
ACS_STATES,package,51,masking,A,,unit,4,50,theta3,donor,design,textbook_t|fpc|lin,2,1,0.5009283078594182,1.247393343353986,1.0,1.0,1.0,,,0.0,1.0,,,,r4_ppi
ACS_STATES,package,51,masking,A,,unit,4,50,theta3,donor,design,textbook_t|fpc|lin|xf,2,1,0.5009283078594182,1.247393343353986,1.0,1.0,1.0,,,0.0,1.0,,,,r4_ppi
ACS_STATES,package,51,masking,A,,unit,4,50,theta3,donor,design,textbook_t|fpc|lin,2,1,0.00010944774208514627,128.8089249414656,1.0,1.0,1.0,,,0.0,1.0,,,,P_classical
ACS_STATES,package,51,masking,A,,unit,4,50,theta3,donor,design,textbook_t|fpc|lin|xf,2,1,0.00010944774208514627,128.8089249414656,1.0,1.0,1.0,,,0.0,1.0,,,,P_classical
ACS_STATES,package,51,masking,A,,unit,4,50,theta3,donor,design,textbook_t|fpc|lin,2,1,5.5664543733312834e-06,1025.392640855545,1.0,1.0,1.0,,,0.948814016505727,0.0,,,,P_ppi
ACS_STATES,package,51,masking,A,,unit,4,50,theta3,donor,design,textbook_t|fpc|lin|xf,2,1,5.5664543733312834e-06,1025.392640855545,1.0,1.0,1.0,,,0.948814016505727,0.0,,,,P_ppi
ACS_STATES,package,51,masking,A,,unit,4,50,theta3,donor,design,textbook_t|fpc|lin,2,1,0.00018037051918602605,58.5234828428916,1.0,1.0,1.0,,,0.0,1.0,,,,C_classical
ACS_STATES,package,51,masking,A,,unit,4,50,theta3,donor,design,textbook_t|fpc|lin|xf,2,1,0.00018037051918602605,58.5234828428916,1.0,1.0,1.0,,,0.0,1.0,,,,C_classical
ACS_STATES,package,51,masking,A,,unit,4,50,theta3,donor,design,textbook_t|fpc|lin,2,1,8.900552341082081e-08,60873.976610971855,1.0,1.0,1.0,,,0.9403883518329927,0.0,,,,C_ppi
ACS_STATES,package,51,masking,A,,unit,4,50,theta3,donor,design,textbook_t|fpc|lin|xf,2,1,8.900552341082081e-08,60873.976610971855,1.0,1.0,1.0,,,0.9403883518329927,0.0,,,,C_ppi
ACS_STATES,package,51,masking,A,,unit,4,50,theta2,donor,design,textbook_t|fpc|lin,2,1,0.017828096544752026,0.24457243004052778,1.0,1.0,1.0,,,0.0,1.0,,,,r4_classical
ACS_STATES,package,51,masking,A,,unit,4,50,theta2,donor,design,textbook_t|fpc|lin|xf,2,1,0.017828096544752026,0.24457243004052778,1.0,1.0,1.0,,,0.0,1.0,,,,r4_classical
ACS_STATES,package,51,masking,A,,unit,4,50,theta2,donor,design,textbook_t|fpc|lin,2,1,0.017828096544752026,0.24457243004052778,1.0,1.0,1.0,,,0.0,1.0,,,,r4_ppi
ACS_STATES,package,51,masking,A,,unit,4,50,theta2,donor,design,textbook_t|fpc|lin|xf,2,1,0.017828096544752026,0.24457243004052778,1.0,1.0,1.0,,,0.0,1.0,,,,r4_ppi
ACS_STATES,package,51,masking,A,,unit,4,50,theta2,donor,design,textbook_t|fpc|lin,2,1,0.017828096544752026,0.24457243004052778,1.0,1.0,1.0,,,0.0,1.0,,,,P_classical
ACS_STATES,package,51,masking,A,,unit,4,50,theta2,donor,design,textbook_t|fpc|lin|xf,2,1,0.017828096544752026,0.24457243004052778,1.0,1.0,1.0,,,0.0,1.0,,,,P_classical
ACS_STATES,package,51,masking,A,,unit,4,50,theta2,donor,design,textbook_t|fpc|lin,2,1,0.006655394141091436,0.6864389099658487,0.5,0.5,0.5,,,0.9901844516661407,0.0,,,,P_ppi
ACS_STATES,package,51,masking,A,,unit,4,50,theta2,donor,design,textbook_t|fpc|lin|xf,2,1,0.006655394141091436,0.6864389099658487,0.5,0.5,0.5,,,0.9901844516661407,0.0,,,,P_ppi
ACS_STATES,package,51,masking,A,,unit,4,50,theta2,donor,design,textbook_t|fpc|lin,2,1,0.017828096544752026,0.24457243004052778,1.0,1.0,1.0,,,0.0,1.0,,,,C_classical
ACS_STATES,package,51,masking,A,,unit,4,50,theta2,donor,design,textbook_t|fpc|lin|xf,2,1,0.017828096544752026,0.24457243004052778,1.0,1.0,1.0,,,0.0,1.0,,,,C_classical
ACS_STATES,package,51,masking,A,,unit,4,50,theta2,donor,design,textbook_t|fpc|lin,2,1,0.0066588122273727925,0.6860456281595109,0.5,0.5,0.5,,,0.9903877598984592,0.0,,,,C_ppi
ACS_STATES,package,51,masking,A,,unit,4,50,theta2,donor,design,textbook_t|fpc|lin|xf,2,1,0.0066588122273727925,0.6860456281595109,0.5,0.5,0.5,,,0.9903877598984592,0.0,,,,C_ppi
ACS_STATES,package,51,masking,A,,unit,4,100,theta3,donor,design,textbook_t|fpc|lin,2,1,0.16158767572377133,0.4977115308757254,1.0,1.0,1.0,,,0.0,1.0,,,,r4_classical
ACS_STATES,package,51,masking,A,,unit,4,100,theta3,donor,design,textbook_t|fpc|lin|xf,2,1,0.16158767572377133,0.4977115308757254,1.0,1.0,1.0,,,0.0,1.0,,,,r4_classical
ACS_STATES,package,51,masking,A,,unit,4,100,theta3,donor,design,textbook_t|fpc|lin,2,1,0.16158767572377133,0.4977115308757254,1.0,1.0,1.0,,,0.0,1.0,,,,r4_ppi
ACS_STATES,package,51,masking,A,,unit,4,100,theta3,donor,design,textbook_t|fpc|lin|xf,2,1,0.16158767572377133,0.4977115308757254,1.0,1.0,1.0,,,0.0,1.0,,,,r4_ppi
ACS_STATES,package,51,masking,A,,unit,4,100,theta3,donor,design,textbook_t|fpc|lin,2,1,0.00034108917527136506,5.077444669442993,1.0,1.0,1.0,,,0.0,1.0,,,,P_classical
ACS_STATES,package,51,masking,A,,unit,4,100,theta3,donor,design,textbook_t|fpc|lin|xf,2,1,0.00034108917527136506,5.077444669442993,1.0,1.0,1.0,,,0.0,1.0,,,,P_classical
ACS_STATES,package,51,masking,A,,unit,4,100,theta3,donor,design,textbook_t|fpc|lin,2,1,1.8662963406143806e-06,623.1418094680205,1.0,1.0,1.0,,,0.9386866324141825,0.0,,,,P_ppi
ACS_STATES,package,51,masking,A,,unit,4,100,theta3,donor,design,textbook_t|fpc|lin|xf,2,1,1.8662963406143806e-06,623.1418094680205,1.0,1.0,1.0,,,0.9386866324141825,0.0,,,,P_ppi
ACS_STATES,package,51,masking,A,,unit,4,100,theta3,donor,design,textbook_t|fpc|lin,2,1,0.0010977159862864535,1.8779498371745484,1.0,1.0,1.0,,,0.0,1.0,,,,C_classical
ACS_STATES,package,51,masking,A,,unit,4,100,theta3,donor,design,textbook_t|fpc|lin|xf,2,1,0.0010977159862864535,1.8779498371745484,1.0,1.0,1.0,,,0.0,1.0,,,,C_classical
ACS_STATES,package,51,masking,A,,unit,4,100,theta3,donor,design,textbook_t|fpc|lin,2,1,1.0793077175058279e-06,1101.2715434890472,1.0,1.0,1.0,,,0.925173507188022,0.0,,,,C_ppi
ACS_STATES,package,51,masking,A,,unit,4,100,theta3,donor,design,textbook_t|fpc|lin|xf,2,1,1.0793077175058279e-06,1101.2715434890472,1.0,1.0,1.0,,,0.925173507188022,0.0,,,,C_ppi
ACS_STATES,package,51,masking,A,,unit,4,100,theta2,donor,design,textbook_t|fpc|lin,2,1,0.0031819541342830286,2.5937921896619525,1.0,1.0,1.0,,,0.0,1.0,,,,r4_classical
ACS_STATES,package,51,masking,A,,unit,4,100,theta2,donor,design,textbook_t|fpc|lin|xf,2,1,0.0031819541342830286,2.5937921896619525,1.0,1.0,1.0,,,0.0,1.0,,,,r4_classical
ACS_STATES,package,51,masking,A,,unit,4,100,theta2,donor,design,textbook_t|fpc|lin,2,1,0.0031819541342830286,2.5937921896619525,1.0,1.0,1.0,,,0.0,1.0,,,,r4_ppi
ACS_STATES,package,51,masking,A,,unit,4,100,theta2,donor,design,textbook_t|fpc|lin|xf,2,1,0.0031819541342830286,2.5937921896619525,1.0,1.0,1.0,,,0.0,1.0,,,,r4_ppi
ACS_STATES,package,51,masking,A,,unit,4,100,theta2,donor,design,textbook_t|fpc|lin,2,1,0.0031819541342830286,2.5937921896619525,1.0,1.0,1.0,,,0.0,1.0,,,,P_classical
ACS_STATES,package,51,masking,A,,unit,4,100,theta2,donor,design,textbook_t|fpc|lin|xf,2,1,0.0031819541342830286,2.5937921896619525,1.0,1.0,1.0,,,0.0,1.0,,,,P_classical
ACS_STATES,package,51,masking,A,,unit,4,100,theta2,donor,design,textbook_t|fpc|lin,2,1,0.004657271107755191,1.1369963225071693,1.0,1.0,1.0,,,0.9787504758411809,0.0,,,,P_ppi
ACS_STATES,package,51,masking,A,,unit,4,100,theta2,donor,design,textbook_t|fpc|lin|xf,2,1,0.004657271107755191,1.1369963225071693,1.0,1.0,1.0,,,0.9787504758411809,0.0,,,,P_ppi
ACS_STATES,package,51,masking,A,,unit,4,100,theta2,donor,design,textbook_t|fpc|lin,2,1,0.0031819541342830286,2.5937921896619525,1.0,1.0,1.0,,,0.0,1.0,,,,C_classical
ACS_STATES,package,51,masking,A,,unit,4,100,theta2,donor,design,textbook_t|fpc|lin|xf,2,1,0.0031819541342830286,2.5937921896619525,1.0,1.0,1.0,,,0.0,1.0,,,,C_classical
ACS_STATES,package,51,masking,A,,unit,4,100,theta2,donor,design,textbook_t|fpc|lin,2,1,0.004643141803479955,1.1413276531661127,1.0,1.0,1.0,,,0.9765934304871391,0.0,,,,C_ppi
ACS_STATES,package,51,masking,A,,unit,4,100,theta2,donor,design,textbook_t|fpc|lin|xf,2,1,0.004643141803479955,1.1413276531661127,1.0,1.0,1.0,,,0.9765934304871391,0.0,,,,C_ppi
ACS_STATES,package,51,masking,A,,unit,4,200,theta3,donor,design,textbook_t|fpc|lin,2,1,0.2233362810358232,0.26868018929798604,0.5,0.5,0.5,,,0.0,1.0,,,,r4_classical
ACS_STATES,package,51,masking,A,,unit,4,200,theta3,donor,design,textbook_t|fpc|lin|xf,2,1,0.2233362810358232,0.26868018929798604,0.5,0.5,0.5,,,0.0,1.0,,,,r4_classical
ACS_STATES,package,51,masking,A,,unit,4,200,theta3,donor,design,textbook_t|fpc|lin,2,1,0.2233362810358232,0.26868018929798604,0.5,0.5,0.5,,,0.0,1.0,,,,r4_ppi
ACS_STATES,package,51,masking,A,,unit,4,200,theta3,donor,design,textbook_t|fpc|lin|xf,2,1,0.2233362810358232,0.26868018929798604,0.5,0.5,0.5,,,0.0,1.0,,,,r4_ppi
ACS_STATES,package,51,masking,A,,unit,4,200,theta3,donor,design,textbook_t|fpc|lin,2,1,0.0029852826259869885,1.2761978411970525,1.0,1.0,1.0,,,0.0,1.0,,,,P_classical
ACS_STATES,package,51,masking,A,,unit,4,200,theta3,donor,design,textbook_t|fpc|lin|xf,2,1,0.0029852826259869885,1.2761978411970525,1.0,1.0,1.0,,,0.0,1.0,,,,P_classical
ACS_STATES,package,51,masking,A,,unit,4,200,theta3,donor,design,textbook_t|fpc|lin,2,1,0.004141978336119002,0.4177734906683627,1.0,1.0,1.0,,,0.9447891709048689,0.0,,,,P_ppi
ACS_STATES,package,51,masking,A,,unit,4,200,theta3,donor,design,textbook_t|fpc|lin|xf,2,1,0.004141978336119002,0.4177734906683627,1.0,1.0,1.0,,,0.9447891709048689,0.0,,,,P_ppi
ACS_STATES,package,51,masking,A,,unit,4,200,theta3,donor,design,textbook_t|fpc|lin,2,1,0.0014956309521135345,2.6278752747184906,1.0,1.0,1.0,,,0.0,1.0,,,,C_classical
ACS_STATES,package,51,masking,A,,unit,4,200,theta3,donor,design,textbook_t|fpc|lin|xf,2,1,0.0014956309521135345,2.6278752747184906,1.0,1.0,1.0,,,0.0,1.0,,,,C_classical
ACS_STATES,package,51,masking,A,,unit,4,200,theta3,donor,design,textbook_t|fpc|lin,2,1,0.003979742241011969,0.41652809287485215,1.0,1.0,1.0,,,0.9452231248248693,0.0,,,,C_ppi
ACS_STATES,package,51,masking,A,,unit,4,200,theta3,donor,design,textbook_t|fpc|lin|xf,2,1,0.003979742241011969,0.41652809287485215,1.0,1.0,1.0,,,0.9452231248248693,0.0,,,,C_ppi
ACS_STATES,package,51,masking,A,,unit,4,200,theta2,donor,design,textbook_t|fpc|lin,2,1,0.00019008128406564014,4.629624994605558,1.0,1.0,1.0,,,0.0,1.0,,,,r4_classical
ACS_STATES,package,51,masking,A,,unit,4,200,theta2,donor,design,textbook_t|fpc|lin|xf,2,1,0.00019008128406564014,4.629624994605558,1.0,1.0,1.0,,,0.0,1.0,,,,r4_classical
ACS_STATES,package,51,masking,A,,unit,4,200,theta2,donor,design,textbook_t|fpc|lin,2,1,0.00019008128406564014,4.629624994605558,1.0,1.0,1.0,,,0.0,1.0,,,,r4_ppi
ACS_STATES,package,51,masking,A,,unit,4,200,theta2,donor,design,textbook_t|fpc|lin|xf,2,1,0.00019008128406564014,4.629624994605558,1.0,1.0,1.0,,,0.0,1.0,,,,r4_ppi
ACS_STATES,package,51,masking,A,,unit,4,200,theta2,donor,design,textbook_t|fpc|lin,2,1,0.00019008128406564014,4.629624994605558,1.0,1.0,1.0,,,0.0,1.0,,,,P_classical
ACS_STATES,package,51,masking,A,,unit,4,200,theta2,donor,design,textbook_t|fpc|lin|xf,2,1,0.00019008128406564014,4.629624994605558,1.0,1.0,1.0,,,0.0,1.0,,,,P_classical
ACS_STATES,package,51,masking,A,,unit,4,200,theta2,donor,design,textbook_t|fpc|lin,2,1,0.0006469406156266324,0.46474749153618666,0.0,0.0,0.0,,,0.9164672065930111,0.0,,,,P_ppi
ACS_STATES,package,51,masking,A,,unit,4,200,theta2,donor,design,textbook_t|fpc|lin|xf,2,1,0.0006469406156266324,0.46474749153618666,0.0,0.0,0.0,,,0.9164672065930111,0.0,,,,P_ppi
ACS_STATES,package,51,masking,A,,unit,4,200,theta2,donor,design,textbook_t|fpc|lin,2,1,0.00019008128406564014,4.629624994605558,1.0,1.0,1.0,,,0.0,1.0,,,,C_classical
ACS_STATES,package,51,masking,A,,unit,4,200,theta2,donor,design,textbook_t|fpc|lin|xf,2,1,0.00019008128406564014,4.629624994605558,1.0,1.0,1.0,,,0.0,1.0,,,,C_classical
ACS_STATES,package,51,masking,A,,unit,4,200,theta2,donor,design,textbook_t|fpc|lin,2,1,0.0006467331661065223,0.46419920754303706,0.0,0.0,0.0,,,0.9164264179180138,0.0,,,,C_ppi
ACS_STATES,package,51,masking,A,,unit,4,200,theta2,donor,design,textbook_t|fpc|lin|xf,2,1,0.0006467331661065223,0.46419920754303706,0.0,0.0,0.0,,,0.9164264179180138,0.0,,,,C_ppi
ACS_STATES,package,51,masking,A,,unit,4,500,theta3,donor,design,textbook_t|fpc|lin,2,1,0.05670572118805115,1.1685157022607708,1.0,1.0,1.0,,,0.0,1.0,,,,r4_classical
ACS_STATES,package,51,masking,A,,unit,4,500,theta3,donor,design,textbook_t|fpc|lin|xf,2,1,0.05670572118805115,1.1685157022607708,1.0,1.0,1.0,,,0.0,1.0,,,,r4_classical
ACS_STATES,package,51,masking,A,,unit,4,500,theta3,donor,design,textbook_t|fpc|lin,2,1,0.05670572118805115,1.1685157022607708,1.0,1.0,1.0,,,0.0,1.0,,,,r4_ppi
ACS_STATES,package,51,masking,A,,unit,4,500,theta3,donor,design,textbook_t|fpc|lin|xf,2,1,0.05670572118805115,1.1685157022607708,1.0,1.0,1.0,,,0.0,1.0,,,,r4_ppi
ACS_STATES,package,51,masking,A,,unit,4,500,theta3,donor,design,textbook_t|fpc|lin,2,1,0.00028816953082063377,5.497682716326446,1.0,1.0,1.0,,,0.0,1.0,,,,P_classical
ACS_STATES,package,51,masking,A,,unit,4,500,theta3,donor,design,textbook_t|fpc|lin|xf,2,1,0.00028816953082063377,5.497682716326446,1.0,1.0,1.0,,,0.0,1.0,,,,P_classical
ACS_STATES,package,51,masking,A,,unit,4,500,theta3,donor,design,textbook_t|fpc|lin,2,1,0.0001795481877600709,3.3765627329032015,1.0,1.0,1.0,,,0.9805914760860368,0.0,,,,P_ppi
ACS_STATES,package,51,masking,A,,unit,4,500,theta3,donor,design,textbook_t|fpc|lin|xf,2,1,0.0001795481877600709,3.3765627329032015,1.0,1.0,1.0,,,0.9805914760860368,0.0,,,,P_ppi
ACS_STATES,package,51,masking,A,,unit,4,500,theta3,donor,design,textbook_t|fpc|lin,2,1,0.00040337795786017546,3.308809529768453,1.0,1.0,1.0,,,0.0,1.0,,,,C_classical
ACS_STATES,package,51,masking,A,,unit,4,500,theta3,donor,design,textbook_t|fpc|lin|xf,2,1,0.00040337795786017546,3.308809529768453,1.0,1.0,1.0,,,0.0,1.0,,,,C_classical
ACS_STATES,package,51,masking,A,,unit,4,500,theta3,donor,design,textbook_t|fpc|lin,2,1,9.806006196688959e-05,6.459544707003461,1.0,1.0,1.0,,,0.9744499586537763,0.0,,,,C_ppi
ACS_STATES,package,51,masking,A,,unit,4,500,theta3,donor,design,textbook_t|fpc|lin|xf,2,1,9.806006196688959e-05,6.459544707003461,1.0,1.0,1.0,,,0.9744499586537763,0.0,,,,C_ppi
ACS_STATES,package,51,masking,A,,unit,4,500,theta2,donor,design,textbook_t|fpc|lin,2,1,0.010163928972512283,0.18351625584148729,0.5,0.5,0.5,,,0.0,1.0,,,,r4_classical
ACS_STATES,package,51,masking,A,,unit,4,500,theta2,donor,design,textbook_t|fpc|lin|xf,2,1,0.010163928972512283,0.18351625584148729,0.5,0.5,0.5,,,0.0,1.0,,,,r4_classical
ACS_STATES,package,51,masking,A,,unit,4,500,theta2,donor,design,textbook_t|fpc|lin,2,1,0.010163928972512283,0.18351625584148729,0.5,0.5,0.5,,,0.0,1.0,,,,r4_ppi
ACS_STATES,package,51,masking,A,,unit,4,500,theta2,donor,design,textbook_t|fpc|lin|xf,2,1,0.010163928972512283,0.18351625584148729,0.5,0.5,0.5,,,0.0,1.0,,,,r4_ppi
ACS_STATES,package,51,masking,A,,unit,4,500,theta2,donor,design,textbook_t|fpc|lin,2,1,0.010163928972512283,0.18351625584148729,0.5,0.5,0.5,,,0.0,1.0,,,,P_classical
ACS_STATES,package,51,masking,A,,unit,4,500,theta2,donor,design,textbook_t|fpc|lin|xf,2,1,0.010163928972512283,0.18351625584148729,0.5,0.5,0.5,,,0.0,1.0,,,,P_classical
ACS_STATES,package,51,masking,A,,unit,4,500,theta2,donor,design,textbook_t|fpc|lin,2,1,0.0073168007692710505,0.13651172309441478,0.5,0.5,0.5,,,0.9735739285564993,0.0,,,,P_ppi
ACS_STATES,package,51,masking,A,,unit,4,500,theta2,donor,design,textbook_t|fpc|lin|xf,2,1,0.0073168007692710505,0.13651172309441478,0.5,0.5,0.5,,,0.9735739285564993,0.0,,,,P_ppi
ACS_STATES,package,51,masking,A,,unit,4,500,theta2,donor,design,textbook_t|fpc|lin,2,1,0.010163928972512283,0.18351625584148729,0.5,0.5,0.5,,,0.0,1.0,,,,C_classical
ACS_STATES,package,51,masking,A,,unit,4,500,theta2,donor,design,textbook_t|fpc|lin|xf,2,1,0.010163928972512283,0.18351625584148729,0.5,0.5,0.5,,,0.0,1.0,,,,C_classical
ACS_STATES,package,51,masking,A,,unit,4,500,theta2,donor,design,textbook_t|fpc|lin,2,1,0.007315027113079467,0.1365345829921835,0.5,0.5,0.5,,,0.9733664059363012,0.0,,,,C_ppi
ACS_STATES,package,51,masking,A,,unit,4,500,theta2,donor,design,textbook_t|fpc|lin|xf,2,1,0.007315027113079467,0.1365345829921835,0.5,0.5,0.5,,,0.9733664059363012,0.0,,,,C_ppi
ACS_STATES,package,51,masking,A,,unit,4,all,theta3,donor,design,textbook_t|fpc|lin,2,1,6.45452565143471e-07,1744.3854063647054,1.0,1.0,1.0,,,0.0,1.0,,,,r4_classical
ACS_STATES,package,51,masking,A,,unit,4,all,theta3,donor,design,textbook_t|fpc|lin|xf,2,1,6.45452565143471e-07,1744.3854063647054,1.0,1.0,1.0,,,0.0,1.0,,,,r4_classical
ACS_STATES,package,51,masking,A,,unit,4,all,theta3,donor,design,textbook_t|fpc|lin,2,1,6.45452565143471e-07,1744.3854063647054,1.0,1.0,1.0,,,0.0,1.0,,,,r4_ppi
ACS_STATES,package,51,masking,A,,unit,4,all,theta3,donor,design,textbook_t|fpc|lin|xf,2,1,6.45452565143471e-07,1744.3854063647054,1.0,1.0,1.0,,,0.0,1.0,,,,r4_ppi
ACS_STATES,package,51,masking,A,,unit,4,all,theta3,donor,design,textbook_t|fpc|lin,2,1,6.454525651418942e-07,1744.3854063692393,1.0,1.0,1.0,,,0.0,1.0,,,,P_classical
ACS_STATES,package,51,masking,A,,unit,4,all,theta3,donor,design,textbook_t|fpc|lin|xf,2,1,6.454525651418942e-07,1744.3854063692393,1.0,1.0,1.0,,,0.0,1.0,,,,P_classical
ACS_STATES,package,51,masking,A,,unit,4,all,theta3,donor,design,textbook_t|fpc|lin,2,1,6.454525651440386e-07,1744.385406363197,1.0,1.0,1.0,,,0.9486937961859824,0.0,,,,P_ppi
ACS_STATES,package,51,masking,A,,unit,4,all,theta3,donor,design,textbook_t|fpc|lin|xf,2,1,6.454525651440386e-07,1744.385406363197,1.0,1.0,1.0,,,0.9486937961859824,0.0,,,,P_ppi
ACS_STATES,package,51,masking,A,,unit,4,all,theta3,donor,design,textbook_t|fpc|lin,2,1,6.454525651436602e-07,1744.3854063641957,1.0,1.0,1.0,,,0.0,1.0,,,,C_classical
ACS_STATES,package,51,masking,A,,unit,4,all,theta3,donor,design,textbook_t|fpc|lin|xf,2,1,6.454525651436602e-07,1744.3854063641957,1.0,1.0,1.0,,,0.0,1.0,,,,C_classical
ACS_STATES,package,51,masking,A,,unit,4,all,theta3,donor,design,textbook_t|fpc|lin,2,1,6.454525651460568e-07,1744.3854063574524,1.0,1.0,1.0,,,0.9469301346335659,0.0,,,,C_ppi
ACS_STATES,package,51,masking,A,,unit,4,all,theta3,donor,design,textbook_t|fpc|lin|xf,2,1,6.454525651460568e-07,1744.3854063574524,1.0,1.0,1.0,,,0.9469301346335659,0.0,,,,C_ppi
ACS_STATES,package,51,masking,A,,unit,4,all,theta2,donor,design,textbook_t|fpc|lin,2,1,0.002062228954907946,0.4034079487577938,0.5,0.5,0.5,,,0.0,1.0,,,,r4_classical
ACS_STATES,package,51,masking,A,,unit,4,all,theta2,donor,design,textbook_t|fpc|lin|xf,2,1,0.002062228954907946,0.4034079487577938,0.5,0.5,0.5,,,0.0,1.0,,,,r4_classical
ACS_STATES,package,51,masking,A,,unit,4,all,theta2,donor,design,textbook_t|fpc|lin,2,1,0.002062228954907946,0.4034079487577938,0.5,0.5,0.5,,,0.0,1.0,,,,r4_ppi
ACS_STATES,package,51,masking,A,,unit,4,all,theta2,donor,design,textbook_t|fpc|lin|xf,2,1,0.002062228954907946,0.4034079487577938,0.5,0.5,0.5,,,0.0,1.0,,,,r4_ppi
ACS_STATES,package,51,masking,A,,unit,4,all,theta2,donor,design,textbook_t|fpc|lin,2,1,0.002062228954907946,0.4034079487577938,0.5,0.5,0.5,,,0.0,1.0,,,,P_classical
ACS_STATES,package,51,masking,A,,unit,4,all,theta2,donor,design,textbook_t|fpc|lin|xf,2,1,0.002062228954907946,0.4034079487577938,0.5,0.5,0.5,,,0.0,1.0,,,,P_classical
ACS_STATES,package,51,masking,A,,unit,4,all,theta2,donor,design,textbook_t|fpc|lin,2,1,0.00206222895490806,0.4034079487576678,0.5,0.5,0.5,,,0.9536607793604446,0.0,,,,P_ppi
ACS_STATES,package,51,masking,A,,unit,4,all,theta2,donor,design,textbook_t|fpc|lin|xf,2,1,0.00206222895490806,0.4034079487576678,0.5,0.5,0.5,,,0.9536607793604446,0.0,,,,P_ppi
ACS_STATES,package,51,masking,A,,unit,4,all,theta2,donor,design,textbook_t|fpc|lin,2,1,0.002062228954907946,0.4034079487577938,0.5,0.5,0.5,,,0.0,1.0,,,,C_classical
ACS_STATES,package,51,masking,A,,unit,4,all,theta2,donor,design,textbook_t|fpc|lin|xf,2,1,0.002062228954907946,0.4034079487577938,0.5,0.5,0.5,,,0.0,1.0,,,,C_classical
ACS_STATES,package,51,masking,A,,unit,4,all,theta2,donor,design,textbook_t|fpc|lin,2,1,0.00206222895490806,0.40340794875767005,0.5,0.5,0.5,,,0.9540007082226449,0.0,,,,C_ppi
ACS_STATES,package,51,masking,A,,unit,4,all,theta2,donor,design,textbook_t|fpc|lin|xf,2,1,0.00206222895490806,0.40340794875767005,0.5,0.5,0.5,,,0.9540007082226449,0.0,,,,C_ppi
ACS_STATES,package,51,masking,A,,unit,6,25,theta3,donor,design,textbook_t|fpc|lin,2,1,0.10007224529757494,4.779430576028188,1.0,1.0,1.0,,,0.0,1.0,,,,r4_classical
ACS_STATES,package,51,masking,A,,unit,6,25,theta3,donor,design,textbook_t|fpc|lin|xf,2,1,0.10007224529757494,4.779430576028188,1.0,1.0,1.0,,,0.0,1.0,,,,r4_classical
ACS_STATES,package,51,masking,A,,unit,6,25,theta3,donor,design,textbook_t|fpc|lin,2,1,0.0033524168397667973,1.8104257372588801,1.0,1.0,1.0,,,0.9767433274116648,0.0,,,,r4_ppi
ACS_STATES,package,51,masking,A,,unit,6,25,theta3,donor,design,textbook_t|fpc|lin|xf,2,1,0.0033524168397667973,1.810431037409021,1.0,1.0,1.0,,,0.9767433274116648,0.0,,,,r4_ppi
ACS_STATES,package,51,masking,A,,unit,6,25,theta3,donor,design,textbook_t|fpc|lin,2,1,0.0010187809061732054,14.711745039006686,1.0,1.0,1.0,,,0.0,1.0,,,,P_classical
ACS_STATES,package,51,masking,A,,unit,6,25,theta3,donor,design,textbook_t|fpc|lin|xf,2,1,0.0010187809061732054,14.711745039006686,1.0,1.0,1.0,,,0.0,1.0,,,,P_classical
ACS_STATES,package,51,masking,A,,unit,6,25,theta3,donor,design,textbook_t|fpc|lin,2,1,0.0025615751345787496,1.788176546774755,1.0,1.0,1.0,,,0.9281690537274372,0.0,,,,P_ppi
ACS_STATES,package,51,masking,A,,unit,6,25,theta3,donor,design,textbook_t|fpc|lin|xf,2,1,0.0025615751345787496,1.7899174340955055,1.0,1.0,1.0,,,0.9281690537274372,0.0,,,,P_ppi
ACS_STATES,package,51,masking,A,,unit,6,25,theta3,donor,design,textbook_t|fpc|lin,2,1,0.0008920067443517118,16.02842896268621,1.0,1.0,1.0,,,0.0,1.0,,,,C_classical
ACS_STATES,package,51,masking,A,,unit,6,25,theta3,donor,design,textbook_t|fpc|lin|xf,2,1,0.0008920067443517118,16.02842896268621,1.0,1.0,1.0,,,0.0,1.0,,,,C_classical
ACS_STATES,package,51,masking,A,,unit,6,25,theta3,donor,design,textbook_t|fpc|lin,2,1,0.0021383186175943955,2.193750844893469,1.0,1.0,1.0,,,0.9259153411144988,0.0,,,,C_ppi
ACS_STATES,package,51,masking,A,,unit,6,25,theta3,donor,design,textbook_t|fpc|lin|xf,2,1,0.0021383186175943955,2.1963322062077264,1.0,1.0,1.0,,,0.9259153411144988,0.0,,,,C_ppi
ACS_STATES,package,51,masking,A,,unit,6,25,theta2,donor,design,textbook_t|fpc|lin,2,1,0.00016806169658541083,46.24539378812395,1.0,1.0,1.0,,,0.0,1.0,,,,r4_classical
ACS_STATES,package,51,masking,A,,unit,6,25,theta2,donor,design,textbook_t|fpc|lin|xf,2,1,0.00016806169658541083,46.24539378812395,1.0,1.0,1.0,,,0.0,1.0,,,,r4_classical
ACS_STATES,package,51,masking,A,,unit,6,25,theta2,donor,design,textbook_t|fpc|lin,2,1,0.000645827699168525,6.170308763183463,1.0,1.0,1.0,,,0.8845431207885337,0.0,,,,r4_ppi
ACS_STATES,package,51,masking,A,,unit,6,25,theta2,donor,design,textbook_t|fpc|lin|xf,2,1,0.000645827699168525,6.1719018239015355,1.0,1.0,1.0,,,0.8845431207885337,0.0,,,,r4_ppi
ACS_STATES,package,51,masking,A,,unit,6,25,theta2,donor,design,textbook_t|fpc|lin,2,1,0.00016806169658541083,46.24539378812395,1.0,1.0,1.0,,,0.0,1.0,,,,P_classical
ACS_STATES,package,51,masking,A,,unit,6,25,theta2,donor,design,textbook_t|fpc|lin|xf,2,1,0.00016806169658541083,46.24539378812395,1.0,1.0,1.0,,,0.0,1.0,,,,P_classical
ACS_STATES,package,51,masking,A,,unit,6,25,theta2,donor,design,textbook_t|fpc|lin,2,1,0.0012288771863958505,3.179090133106877,1.0,1.0,1.0,,,0.9862713600374683,0.0,,,,P_ppi
ACS_STATES,package,51,masking,A,,unit,6,25,theta2,donor,design,textbook_t|fpc|lin|xf,2,1,0.0012288771863958505,3.1830155058576466,1.0,1.0,1.0,,,0.9862713600374683,0.0,,,,P_ppi
ACS_STATES,package,51,masking,A,,unit,6,25,theta2,donor,design,textbook_t|fpc|lin,2,1,0.00016806169658541083,46.24539378812395,1.0,1.0,1.0,,,0.0,1.0,,,,C_classical
ACS_STATES,package,51,masking,A,,unit,6,25,theta2,donor,design,textbook_t|fpc|lin|xf,2,1,0.00016806169658541083,46.24539378812395,1.0,1.0,1.0,,,0.0,1.0,,,,C_classical
ACS_STATES,package,51,masking,A,,unit,6,25,theta2,donor,design,textbook_t|fpc|lin,2,1,0.0012296108148994974,3.1784736846905752,1.0,1.0,1.0,,,0.9857139366823162,0.0,,,,C_ppi
ACS_STATES,package,51,masking,A,,unit,6,25,theta2,donor,design,textbook_t|fpc|lin|xf,2,1,0.0012296108148994974,3.1823967154276738,1.0,1.0,1.0,,,0.9857139366823162,0.0,,,,C_ppi
ACS_STATES,package,51,masking,A,,unit,6,50,theta3,donor,design,textbook_t|fpc|lin,2,1,0.12631564992874084,3.72779979137545,1.0,1.0,1.0,,,0.0,1.0,,,,r4_classical
ACS_STATES,package,51,masking,A,,unit,6,50,theta3,donor,design,textbook_t|fpc|lin|xf,2,1,0.12631564992874084,3.72779979137545,1.0,1.0,1.0,,,0.0,1.0,,,,r4_classical
ACS_STATES,package,51,masking,A,,unit,6,50,theta3,donor,design,textbook_t|fpc|lin,2,1,0.002287974158952121,1.228552008993763,1.0,1.0,1.0,,,0.9622146312708371,0.0,,,,r4_ppi
ACS_STATES,package,51,masking,A,,unit,6,50,theta3,donor,design,textbook_t|fpc|lin|xf,2,1,0.002287974158952121,1.228571788945904,1.0,1.0,1.0,,,0.9622146312708371,0.0,,,,r4_ppi
ACS_STATES,package,51,masking,A,,unit,6,50,theta3,donor,design,textbook_t|fpc|lin,2,1,0.03429377010846315,0.17214327775014243,0.5,0.5,0.5,,,0.0,1.0,,,,P_classical
ACS_STATES,package,51,masking,A,,unit,6,50,theta3,donor,design,textbook_t|fpc|lin|xf,2,1,0.03429377010846315,0.17214327775014243,0.5,0.5,0.5,,,0.0,1.0,,,,P_classical
ACS_STATES,package,51,masking,A,,unit,6,50,theta3,donor,design,textbook_t|fpc|lin,2,1,0.002912673472930124,0.5449479410716503,1.0,1.0,1.0,,,0.947395926426789,0.0,,,,P_ppi
ACS_STATES,package,51,masking,A,,unit,6,50,theta3,donor,design,textbook_t|fpc|lin|xf,2,1,0.002912673472930124,0.5449479410716503,1.0,1.0,1.0,,,0.947395926426789,0.0,,,,P_ppi
ACS_STATES,package,51,masking,A,,unit,6,50,theta3,donor,design,textbook_t|fpc|lin,2,1,0.039515895449619545,0.17161613140319687,1.0,1.0,1.0,,,0.0,1.0,,,,C_classical
ACS_STATES,package,51,masking,A,,unit,6,50,theta3,donor,design,textbook_t|fpc|lin|xf,2,1,0.039515895449619545,0.17161613140319687,1.0,1.0,1.0,,,0.0,1.0,,,,C_classical
ACS_STATES,package,51,masking,A,,unit,6,50,theta3,donor,design,textbook_t|fpc|lin,2,1,0.003837362887336452,0.39087686487775297,1.0,1.0,1.0,,,0.9704202599086476,0.0,,,,C_ppi
ACS_STATES,package,51,masking,A,,unit,6,50,theta3,donor,design,textbook_t|fpc|lin|xf,2,1,0.003837362887336452,0.39087686487775297,1.0,1.0,1.0,,,0.9704202599086476,0.0,,,,C_ppi
ACS_STATES,package,51,masking,A,,unit,6,50,theta2,donor,design,textbook_t|fpc|lin,2,1,0.00138568901665721,9.744781551537379,1.0,1.0,1.0,,,0.0,1.0,,,,r4_classical
ACS_STATES,package,51,masking,A,,unit,6,50,theta2,donor,design,textbook_t|fpc|lin|xf,2,1,0.00138568901665721,9.744781551537379,1.0,1.0,1.0,,,0.0,1.0,,,,r4_classical
ACS_STATES,package,51,masking,A,,unit,6,50,theta2,donor,design,textbook_t|fpc|lin,2,1,0.013190966838648035,0.6094796896781788,1.0,1.0,1.0,,,0.75,0.0,,,,r4_ppi
ACS_STATES,package,51,masking,A,,unit,6,50,theta2,donor,design,textbook_t|fpc|lin|xf,2,1,0.013190966838648035,0.6099520458735452,1.0,1.0,1.0,,,0.75,0.0,,,,r4_ppi
ACS_STATES,package,51,masking,A,,unit,6,50,theta2,donor,design,textbook_t|fpc|lin,2,1,0.00138568901665721,9.744781551537379,1.0,1.0,1.0,,,0.0,1.0,,,,P_classical
ACS_STATES,package,51,masking,A,,unit,6,50,theta2,donor,design,textbook_t|fpc|lin|xf,2,1,0.00138568901665721,9.744781551537379,1.0,1.0,1.0,,,0.0,1.0,,,,P_classical
ACS_STATES,package,51,masking,A,,unit,6,50,theta2,donor,design,textbook_t|fpc|lin,2,1,0.007054670387266432,0.5515942287807074,1.0,1.0,1.0,,,0.9236692889250664,0.0,,,,P_ppi
ACS_STATES,package,51,masking,A,,unit,6,50,theta2,donor,design,textbook_t|fpc|lin|xf,2,1,0.007054670387266432,0.5516865290509214,1.0,1.0,1.0,,,0.9236692889250664,0.0,,,,P_ppi
ACS_STATES,package,51,masking,A,,unit,6,50,theta2,donor,design,textbook_t|fpc|lin,2,1,0.00138568901665721,9.744781551537379,1.0,1.0,1.0,,,0.0,1.0,,,,C_classical
ACS_STATES,package,51,masking,A,,unit,6,50,theta2,donor,design,textbook_t|fpc|lin|xf,2,1,0.00138568901665721,9.744781551537379,1.0,1.0,1.0,,,0.0,1.0,,,,C_classical
ACS_STATES,package,51,masking,A,,unit,6,50,theta2,donor,design,textbook_t|fpc|lin,2,1,0.006959517336688762,0.5630953723035026,1.0,1.0,1.0,,,0.9178562733145943,0.0,,,,C_ppi
ACS_STATES,package,51,masking,A,,unit,6,50,theta2,donor,design,textbook_t|fpc|lin|xf,2,1,0.006959517336688762,0.5632025363336833,1.0,1.0,1.0,,,0.9178562733145943,0.0,,,,C_ppi
ACS_STATES,package,51,masking,A,,unit,6,100,theta3,donor,design,textbook_t|fpc|lin,2,1,0.0026537125780766264,63.654082467231945,1.0,1.0,1.0,,,0.0,1.0,,,,r4_classical
ACS_STATES,package,51,masking,A,,unit,6,100,theta3,donor,design,textbook_t|fpc|lin|xf,2,1,0.0026537125780766264,63.654082467231945,1.0,1.0,1.0,,,0.0,1.0,,,,r4_classical
ACS_STATES,package,51,masking,A,,unit,6,100,theta3,donor,design,textbook_t|fpc|lin,2,1,0.0009868639309175333,1.2063275938267222,1.0,1.0,1.0,,,0.985388258421318,0.0,,,,r4_ppi
ACS_STATES,package,51,masking,A,,unit,6,100,theta3,donor,design,textbook_t|fpc|lin|xf,2,1,0.0009868639309175333,1.2063292915453308,1.0,1.0,1.0,,,0.985388258421318,0.0,,,,r4_ppi
ACS_STATES,package,51,masking,A,,unit,6,100,theta3,donor,design,textbook_t|fpc|lin,2,1,1.1834206110551507e-05,157.92817694478023,1.0,1.0,1.0,,,0.0,1.0,,,,P_classical
ACS_STATES,package,51,masking,A,,unit,6,100,theta3,donor,design,textbook_t|fpc|lin|xf,2,1,1.1834206110551507e-05,157.92817694478023,1.0,1.0,1.0,,,0.0,1.0,,,,P_classical
ACS_STATES,package,51,masking,A,,unit,6,100,theta3,donor,design,textbook_t|fpc|lin,2,1,0.000715019537119584,1.4986789506165024,1.0,1.0,1.0,,,0.9125563487157166,0.0,,,,P_ppi
ACS_STATES,package,51,masking,A,,unit,6,100,theta3,donor,design,textbook_t|fpc|lin|xf,2,1,0.000715019537119584,1.4993509496415982,1.0,1.0,1.0,,,0.9125563487157166,0.0,,,,P_ppi
ACS_STATES,package,51,masking,A,,unit,6,100,theta3,donor,design,textbook_t|fpc|lin,2,1,4.290977876645086e-06,564.1850453612572,1.0,1.0,1.0,,,0.0,1.0,,,,C_classical
ACS_STATES,package,51,masking,A,,unit,6,100,theta3,donor,design,textbook_t|fpc|lin|xf,2,1,4.290977876645086e-06,564.1850453612572,1.0,1.0,1.0,,,0.0,1.0,,,,C_classical
ACS_STATES,package,51,masking,A,,unit,6,100,theta3,donor,design,textbook_t|fpc|lin,2,1,0.0009393796400410047,1.0718625563133106,1.0,1.0,1.0,,,0.9227960262654797,0.0,,,,C_ppi
ACS_STATES,package,51,masking,A,,unit,6,100,theta3,donor,design,textbook_t|fpc|lin|xf,2,1,0.0009393796400410047,1.072237362086164,1.0,1.0,1.0,,,0.9227960262654797,0.0,,,,C_ppi
ACS_STATES,package,51,masking,A,,unit,6,100,theta2,donor,design,textbook_t|fpc|lin,2,1,0.011188310094070845,0.15450890509545148,0.5,0.5,0.5,,,0.0,1.0,,,,r4_classical
ACS_STATES,package,51,masking,A,,unit,6,100,theta2,donor,design,textbook_t|fpc|lin|xf,2,1,0.011188310094070845,0.15450890509545148,0.5,0.5,0.5,,,0.0,1.0,,,,r4_classical
ACS_STATES,package,51,masking,A,,unit,6,100,theta2,donor,design,textbook_t|fpc|lin,2,1,0.004638233832984295,0.2647764158437781,0.5,0.5,0.5,,,0.5112005666692718,0.0,,,,r4_ppi
ACS_STATES,package,51,masking,A,,unit,6,100,theta2,donor,design,textbook_t|fpc|lin|xf,2,1,0.004638233832984295,0.2660031548130054,0.5,0.5,0.5,,,0.5112005666692718,0.0,,,,r4_ppi
ACS_STATES,package,51,masking,A,,unit,6,100,theta2,donor,design,textbook_t|fpc|lin,2,1,0.011188310094070845,0.15450890509545148,0.5,0.5,0.5,,,0.0,1.0,,,,P_classical
ACS_STATES,package,51,masking,A,,unit,6,100,theta2,donor,design,textbook_t|fpc|lin|xf,2,1,0.011188310094070845,0.15450890509545148,0.5,0.5,0.5,,,0.0,1.0,,,,P_classical
ACS_STATES,package,51,masking,A,,unit,6,100,theta2,donor,design,textbook_t|fpc|lin,2,1,0.002832709538864061,0.35751189966374797,1.0,1.0,1.0,,,0.9269714745727702,0.0,,,,P_ppi
ACS_STATES,package,51,masking,A,,unit,6,100,theta2,donor,design,textbook_t|fpc|lin|xf,2,1,0.002832709538864061,0.35859334493141193,1.0,1.0,1.0,,,0.9269714745727702,0.0,,,,P_ppi
ACS_STATES,package,51,masking,A,,unit,6,100,theta2,donor,design,textbook_t|fpc|lin,2,1,0.011188310094070845,0.15450890509545148,0.5,0.5,0.5,,,0.0,1.0,,,,C_classical
ACS_STATES,package,51,masking,A,,unit,6,100,theta2,donor,design,textbook_t|fpc|lin|xf,2,1,0.011188310094070845,0.15450890509545148,0.5,0.5,0.5,,,0.0,1.0,,,,C_classical
ACS_STATES,package,51,masking,A,,unit,6,100,theta2,donor,design,textbook_t|fpc|lin,2,1,0.0028245892355088856,0.3587527159056055,1.0,1.0,1.0,,,0.9281697506880981,0.0,,,,C_ppi
ACS_STATES,package,51,masking,A,,unit,6,100,theta2,donor,design,textbook_t|fpc|lin|xf,2,1,0.0028245892355088856,0.35983257789986023,1.0,1.0,1.0,,,0.9281697506880981,0.0,,,,C_ppi
ACS_STATES,package,51,masking,A,,unit,6,200,theta3,donor,design,textbook_t|fpc|lin,2,1,0.01327887035792448,11.933713078724292,1.0,1.0,1.0,,,0.0,1.0,,,,r4_classical
ACS_STATES,package,51,masking,A,,unit,6,200,theta3,donor,design,textbook_t|fpc|lin|xf,2,1,0.01327887035792448,11.933713078724292,1.0,1.0,1.0,,,0.0,1.0,,,,r4_classical
ACS_STATES,package,51,masking,A,,unit,6,200,theta3,donor,design,textbook_t|fpc|lin,2,1,0.006021366830557181,1.355408231703967,1.0,1.0,1.0,,,0.8172361083194386,0.0,,,,r4_ppi
ACS_STATES,package,51,masking,A,,unit,6,200,theta3,donor,design,textbook_t|fpc|lin|xf,2,1,0.006021366830557181,1.3555535763169682,1.0,1.0,1.0,,,0.8172361083194386,0.0,,,,r4_ppi
ACS_STATES,package,51,masking,A,,unit,6,200,theta3,donor,design,textbook_t|fpc|lin,2,1,0.0010642854790278232,2.337668422030001,1.0,1.0,1.0,,,0.0,1.0,,,,P_classical
ACS_STATES,package,51,masking,A,,unit,6,200,theta3,donor,design,textbook_t|fpc|lin|xf,2,1,0.0010642854790278232,2.337668422030001,1.0,1.0,1.0,,,0.0,1.0,,,,P_classical
ACS_STATES,package,51,masking,A,,unit,6,200,theta3,donor,design,textbook_t|fpc|lin,2,1,0.0001545967770648,6.777785081161086,1.0,1.0,1.0,,,0.9484501425141572,0.0,,,,P_ppi
ACS_STATES,package,51,masking,A,,unit,6,200,theta3,donor,design,textbook_t|fpc|lin|xf,2,1,0.0001545967770648,6.795020999329141,1.0,1.0,1.0,,,0.9484501425141572,0.0,,,,P_ppi
ACS_STATES,package,51,masking,A,,unit,6,200,theta3,donor,design,textbook_t|fpc|lin,2,1,0.0027894070070663057,1.064477903262931,1.0,1.0,1.0,,,0.0,1.0,,,,C_classical
ACS_STATES,package,51,masking,A,,unit,6,200,theta3,donor,design,textbook_t|fpc|lin|xf,2,1,0.0027894070070663057,1.064477903262931,1.0,1.0,1.0,,,0.0,1.0,,,,C_classical
ACS_STATES,package,51,masking,A,,unit,6,200,theta3,donor,design,textbook_t|fpc|lin,2,1,0.0006011576888204043,1.9093838131056269,1.0,1.0,1.0,,,0.9646127083695872,0.0,,,,C_ppi
ACS_STATES,package,51,masking,A,,unit,6,200,theta3,donor,design,textbook_t|fpc|lin|xf,2,1,0.0006011576888204043,1.916106861798184,1.0,1.0,1.0,,,0.9646127083695872,0.0,,,,C_ppi
ACS_STATES,package,51,masking,A,,unit,6,200,theta2,donor,design,textbook_t|fpc|lin,2,1,0.0002515594984395686,12.856525102503769,1.0,1.0,1.0,,,0.0,1.0,,,,r4_classical
ACS_STATES,package,51,masking,A,,unit,6,200,theta2,donor,design,textbook_t|fpc|lin|xf,2,1,0.0002515594984395686,12.856525102503769,1.0,1.0,1.0,,,0.0,1.0,,,,r4_classical
ACS_STATES,package,51,masking,A,,unit,6,200,theta2,donor,design,textbook_t|fpc|lin,2,1,1.4781118877005644e-05,84.37122138095218,1.0,1.0,1.0,,,0.781696333008837,0.0,,,,r4_ppi
ACS_STATES,package,51,masking,A,,unit,6,200,theta2,donor,design,textbook_t|fpc|lin|xf,2,1,1.4781118877005644e-05,84.38699357655753,1.0,1.0,1.0,,,0.781696333008837,0.0,,,,r4_ppi
ACS_STATES,package,51,masking,A,,unit,6,200,theta2,donor,design,textbook_t|fpc|lin,2,1,0.0002515594984395686,12.856525102503769,1.0,1.0,1.0,,,0.0,1.0,,,,P_classical
ACS_STATES,package,51,masking,A,,unit,6,200,theta2,donor,design,textbook_t|fpc|lin|xf,2,1,0.0002515594984395686,12.856525102503769,1.0,1.0,1.0,,,0.0,1.0,,,,P_classical
ACS_STATES,package,51,masking,A,,unit,6,200,theta2,donor,design,textbook_t|fpc|lin,2,1,0.0002525550794625595,6.215566077234741,1.0,1.0,1.0,,,0.975813489336177,0.0,,,,P_ppi
ACS_STATES,package,51,masking,A,,unit,6,200,theta2,donor,design,textbook_t|fpc|lin|xf,2,1,0.0002525550794625595,6.2627894426926405,1.0,1.0,1.0,,,0.975813489336177,0.0,,,,P_ppi
ACS_STATES,package,51,masking,A,,unit,6,200,theta2,donor,design,textbook_t|fpc|lin,2,1,0.0002515594984395686,12.856525102503769,1.0,1.0,1.0,,,0.0,1.0,,,,C_classical
ACS_STATES,package,51,masking,A,,unit,6,200,theta2,donor,design,textbook_t|fpc|lin|xf,2,1,0.0002515594984395686,12.856525102503769,1.0,1.0,1.0,,,0.0,1.0,,,,C_classical
ACS_STATES,package,51,masking,A,,unit,6,200,theta2,donor,design,textbook_t|fpc|lin,2,1,0.00025040642282955555,6.285821404711153,1.0,1.0,1.0,,,0.9751435058748426,0.0,,,,C_ppi
ACS_STATES,package,51,masking,A,,unit,6,200,theta2,donor,design,textbook_t|fpc|lin|xf,2,1,0.00025040642282955555,6.3335659085077864,1.0,1.0,1.0,,,0.9751435058748426,0.0,,,,C_ppi
ACS_STATES,package,51,masking,A,,unit,6,500,theta3,donor,design,textbook_t|fpc|lin,2,1,0.01762226957252778,0.9930945023021172,1.0,1.0,1.0,,,0.0,1.0,,,,r4_classical
ACS_STATES,package,51,masking,A,,unit,6,500,theta3,donor,design,textbook_t|fpc|lin|xf,2,1,0.01762226957252778,0.9930945023021172,1.0,1.0,1.0,,,0.0,1.0,,,,r4_classical
ACS_STATES,package,51,masking,A,,unit,6,500,theta3,donor,design,textbook_t|fpc|lin,2,1,0.005119790145000233,0.7821452236928486,1.0,1.0,1.0,,,0.8122360586906185,0.0,,,,r4_ppi
ACS_STATES,package,51,masking,A,,unit,6,500,theta3,donor,design,textbook_t|fpc|lin|xf,2,1,0.005119790145000233,0.7824281377546412,1.0,1.0,1.0,,,0.8122360586906185,0.0,,,,r4_ppi
ACS_STATES,package,51,masking,A,,unit,6,500,theta3,donor,design,textbook_t|fpc|lin,2,1,0.00011197274318864685,8.576815552580971,1.0,1.0,1.0,,,0.0,1.0,,,,P_classical
ACS_STATES,package,51,masking,A,,unit,6,500,theta3,donor,design,textbook_t|fpc|lin|xf,2,1,0.00011197274318864685,8.576815552580971,1.0,1.0,1.0,,,0.0,1.0,,,,P_classical
ACS_STATES,package,51,masking,A,,unit,6,500,theta3,donor,design,textbook_t|fpc|lin,2,1,1.0039523638469793e-06,260.538634762145,1.0,1.0,1.0,,,0.9852350150663434,0.0,,,,P_ppi
ACS_STATES,package,51,masking,A,,unit,6,500,theta3,donor,design,textbook_t|fpc|lin|xf,2,1,1.0039523638469793e-06,260.89758427244806,1.0,1.0,1.0,,,0.9852350150663434,0.0,,,,P_ppi
ACS_STATES,package,51,masking,A,,unit,6,500,theta3,donor,design,textbook_t|fpc|lin,2,1,0.0002580994903432558,4.15648078954621,1.0,1.0,1.0,,,0.0,1.0,,,,C_classical
ACS_STATES,package,51,masking,A,,unit,6,500,theta3,donor,design,textbook_t|fpc|lin|xf,2,1,0.0002580994903432558,4.15648078954621,1.0,1.0,1.0,,,0.0,1.0,,,,C_classical
ACS_STATES,package,51,masking,A,,unit,6,500,theta3,donor,design,textbook_t|fpc|lin,2,1,5.191061530635122e-07,517.2854394525538,1.0,1.0,1.0,,,0.9867348348935362,0.0,,,,C_ppi
ACS_STATES,package,51,masking,A,,unit,6,500,theta3,donor,design,textbook_t|fpc|lin|xf,2,1,5.191061530635122e-07,518.0527805279557,1.0,1.0,1.0,,,0.9867348348935362,0.0,,,,C_ppi
ACS_STATES,package,51,masking,A,,unit,6,500,theta2,donor,design,textbook_t|fpc|lin,2,1,0.0016152569457630532,0.7561969098452348,0.5,0.5,0.5,,,0.0,1.0,,,,r4_classical
ACS_STATES,package,51,masking,A,,unit,6,500,theta2,donor,design,textbook_t|fpc|lin|xf,2,1,0.0016152569457630532,0.7561969098452348,0.5,0.5,0.5,,,0.0,1.0,,,,r4_classical
ACS_STATES,package,51,masking,A,,unit,6,500,theta2,donor,design,textbook_t|fpc|lin,2,1,0.0024710393641938916,0.5483407499162122,0.5,0.5,0.5,,,0.5156976215541489,0.0,,,,r4_ppi
ACS_STATES,package,51,masking,A,,unit,6,500,theta2,donor,design,textbook_t|fpc|lin|xf,2,1,0.0024710393641938916,0.550016711139394,0.5,0.5,0.5,,,0.5156976215541489,0.0,,,,r4_ppi
ACS_STATES,package,51,masking,A,,unit,6,500,theta2,donor,design,textbook_t|fpc|lin,2,1,0.0016152569457630532,0.7561969098452348,0.5,0.5,0.5,,,0.0,1.0,,,,P_classical
ACS_STATES,package,51,masking,A,,unit,6,500,theta2,donor,design,textbook_t|fpc|lin|xf,2,1,0.0016152569457630532,0.7561969098452348,0.5,0.5,0.5,,,0.0,1.0,,,,P_classical
ACS_STATES,package,51,masking,A,,unit,6,500,theta2,donor,design,textbook_t|fpc|lin,2,1,0.0014546642322759446,1.1609872753572565,0.5,0.5,0.5,,,0.9649200944428632,0.0,,,,P_ppi
ACS_STATES,package,51,masking,A,,unit,6,500,theta2,donor,design,textbook_t|fpc|lin|xf,2,1,0.0014546642322759446,1.1653796544352926,0.5,0.5,0.5,,,0.9649200944428632,0.0,,,,P_ppi
ACS_STATES,package,51,masking,A,,unit,6,500,theta2,donor,design,textbook_t|fpc|lin,2,1,0.0016152569457630532,0.7561969098452348,0.5,0.5,0.5,,,0.0,1.0,,,,C_classical
ACS_STATES,package,51,masking,A,,unit,6,500,theta2,donor,design,textbook_t|fpc|lin|xf,2,1,0.0016152569457630532,0.7561969098452348,0.5,0.5,0.5,,,0.0,1.0,,,,C_classical
ACS_STATES,package,51,masking,A,,unit,6,500,theta2,donor,design,textbook_t|fpc|lin,2,1,0.0014556329046593694,1.1605585482436431,0.5,0.5,0.5,,,0.9651775904609831,0.0,,,,C_ppi
ACS_STATES,package,51,masking,A,,unit,6,500,theta2,donor,design,textbook_t|fpc|lin|xf,2,1,0.0014556329046593694,1.164948672002993,0.5,0.5,0.5,,,0.9651775904609831,0.0,,,,C_ppi
ACS_STATES,package,51,masking,A,,unit,6,all,theta3,donor,design,textbook_t|fpc|lin,2,1,6.885319277386336e-05,5.14624520159746,1.0,1.0,1.0,,,0.0,1.0,,,,r4_classical
ACS_STATES,package,51,masking,A,,unit,6,all,theta3,donor,design,textbook_t|fpc|lin|xf,2,1,6.885319277386336e-05,5.14624520159746,1.0,1.0,1.0,,,0.0,1.0,,,,r4_classical
ACS_STATES,package,51,masking,A,,unit,6,all,theta3,donor,design,textbook_t|fpc|lin,2,1,7.441897247203078e-05,1.9829276292486748,1.0,1.0,1.0,,,0.8757877375390428,0.0,,,,r4_ppi
ACS_STATES,package,51,masking,A,,unit,6,all,theta3,donor,design,textbook_t|fpc|lin|xf,2,1,7.441897247203078e-05,1.984868247581413,1.0,1.0,1.0,,,0.8757877375390428,0.0,,,,r4_ppi
ACS_STATES,package,51,masking,A,,unit,6,all,theta3,donor,design,textbook_t|fpc|lin,2,1,6.885319277379104e-05,5.146245201603234,1.0,1.0,1.0,,,0.0,1.0,,,,P_classical
ACS_STATES,package,51,masking,A,,unit,6,all,theta3,donor,design,textbook_t|fpc|lin|xf,2,1,6.885319277379104e-05,5.146245201603234,1.0,1.0,1.0,,,0.0,1.0,,,,P_classical
ACS_STATES,package,51,masking,A,,unit,6,all,theta3,donor,design,textbook_t|fpc|lin,2,1,7.441897247205719e-05,1.9829276292481237,1.0,1.0,1.0,,,0.9973398360464707,0.0,,,,P_ppi
ACS_STATES,package,51,masking,A,,unit,6,all,theta3,donor,design,textbook_t|fpc|lin|xf,2,1,7.441897247205719e-05,1.9848682475808626,1.0,1.0,1.0,,,0.9973398360464707,0.0,,,,P_ppi
ACS_STATES,package,51,masking,A,,unit,6,all,theta3,donor,design,textbook_t|fpc|lin,2,1,6.88531927738627e-05,5.146245201597494,1.0,1.0,1.0,,,0.0,1.0,,,,C_classical
ACS_STATES,package,51,masking,A,,unit,6,all,theta3,donor,design,textbook_t|fpc|lin|xf,2,1,6.88531927738627e-05,5.146245201597494,1.0,1.0,1.0,,,0.0,1.0,,,,C_classical
ACS_STATES,package,51,masking,A,,unit,6,all,theta3,donor,design,textbook_t|fpc|lin,2,1,7.44189724719942e-05,1.9829276292488203,1.0,1.0,1.0,,,0.9970164377461372,0.0,,,,C_ppi
ACS_STATES,package,51,masking,A,,unit,6,all,theta3,donor,design,textbook_t|fpc|lin|xf,2,1,7.44189724719942e-05,1.9848682475815542,1.0,1.0,1.0,,,0.9970164377461372,0.0,,,,C_ppi
ACS_STATES,package,51,masking,A,,unit,6,all,theta2,donor,design,textbook_t|fpc|lin,2,1,0.009125772062136132,0.1929286367033631,0.5,0.5,0.5,,,0.0,1.0,,,,r4_classical
ACS_STATES,package,51,masking,A,,unit,6,all,theta2,donor,design,textbook_t|fpc|lin|xf,2,1,0.009125772062136132,0.1929286367033631,0.5,0.5,0.5,,,0.0,1.0,,,,r4_classical
ACS_STATES,package,51,masking,A,,unit,6,all,theta2,donor,design,textbook_t|fpc|lin,2,1,0.0034099514056447743,0.3410776134128308,1.0,1.0,1.0,,,0.39286243214079164,0.0,,,,r4_ppi
ACS_STATES,package,51,masking,A,,unit,6,all,theta2,donor,design,textbook_t|fpc|lin|xf,2,1,0.0034099514056447743,0.345721375373513,1.0,1.0,1.0,,,0.39286243214079164,0.0,,,,r4_ppi
ACS_STATES,package,51,masking,A,,unit,6,all,theta2,donor,design,textbook_t|fpc|lin,2,1,0.009125772062136132,0.1929286367033631,0.5,0.5,0.5,,,0.0,1.0,,,,P_classical
ACS_STATES,package,51,masking,A,,unit,6,all,theta2,donor,design,textbook_t|fpc|lin|xf,2,1,0.009125772062136132,0.1929286367033631,0.5,0.5,0.5,,,0.0,1.0,,,,P_classical
ACS_STATES,package,51,masking,A,,unit,6,all,theta2,donor,design,textbook_t|fpc|lin,2,1,0.0034099514056529895,0.34107761341203124,1.0,1.0,1.0,,,0.9916280817144352,0.0,,,,P_ppi
ACS_STATES,package,51,masking,A,,unit,6,all,theta2,donor,design,textbook_t|fpc|lin|xf,2,1,0.0034099514056529895,0.3457213753726988,1.0,1.0,1.0,,,0.9916280817144352,0.0,,,,P_ppi
ACS_STATES,package,51,masking,A,,unit,6,all,theta2,donor,design,textbook_t|fpc|lin,2,1,0.009125772062136132,0.1929286367033631,0.5,0.5,0.5,,,0.0,1.0,,,,C_classical
ACS_STATES,package,51,masking,A,,unit,6,all,theta2,donor,design,textbook_t|fpc|lin|xf,2,1,0.009125772062136132,0.1929286367033631,0.5,0.5,0.5,,,0.0,1.0,,,,C_classical
ACS_STATES,package,51,masking,A,,unit,6,all,theta2,donor,design,textbook_t|fpc|lin,2,1,0.0034099514056528425,0.3410776134120492,1.0,1.0,1.0,,,0.991866694126311,0.0,,,,C_ppi
ACS_STATES,package,51,masking,A,,unit,6,all,theta2,donor,design,textbook_t|fpc|lin|xf,2,1,0.0034099514056528425,0.3457213753727169,1.0,1.0,1.0,,,0.991866694126311,0.0,,,,C_ppi
ACS_STATES,package,51,masking,A,,unit,8,25,theta3,donor,design,textbook_t|fpc|lin,2,1,0.17570279073550774,3.3940402788116946,1.0,1.0,1.0,,,0.0,1.0,,,,r4_classical
ACS_STATES,package,51,masking,A,,unit,8,25,theta3,donor,design,textbook_t|fpc|lin|xf,2,1,0.17570279073550774,3.3940402788116946,1.0,1.0,1.0,,,0.0,1.0,,,,r4_classical
ACS_STATES,package,51,masking,A,,unit,8,25,theta3,donor,design,textbook_t|fpc|lin,2,1,7.536376297442624e-05,72.33408821506039,1.0,1.0,1.0,,,0.9575463223583685,0.0,,,,r4_ppi
ACS_STATES,package,51,masking,A,,unit,8,25,theta3,donor,design,textbook_t|fpc|lin|xf,2,1,7.536376297442624e-05,72.33545332978309,1.0,1.0,1.0,,,0.9575463223583685,0.0,,,,r4_ppi
ACS_STATES,package,51,masking,A,,unit,8,25,theta3,donor,design,textbook_t|fpc|lin,2,1,0.002857264290892317,3.2844035934645017,1.0,1.0,1.0,,,0.0,1.0,,,,P_classical
ACS_STATES,package,51,masking,A,,unit,8,25,theta3,donor,design,textbook_t|fpc|lin|xf,2,1,0.002857264290892317,3.2844035934645017,1.0,1.0,1.0,,,0.0,1.0,,,,P_classical
ACS_STATES,package,51,masking,A,,unit,8,25,theta3,donor,design,textbook_t|fpc|lin,2,1,0.0025447099780094248,1.4712381865702995,1.0,1.0,1.0,,,0.9759971788656984,0.0,,,,P_ppi
ACS_STATES,package,51,masking,A,,unit,8,25,theta3,donor,design,textbook_t|fpc|lin|xf,2,1,0.0025447099780094248,1.471617259669505,1.0,1.0,1.0,,,0.9759971788656984,0.0,,,,P_ppi
ACS_STATES,package,51,masking,A,,unit,8,25,theta3,donor,design,textbook_t|fpc|lin,2,1,0.0004509080263130545,21.9078610369016,1.0,1.0,1.0,,,0.0,1.0,,,,C_classical
ACS_STATES,package,51,masking,A,,unit,8,25,theta3,donor,design,textbook_t|fpc|lin|xf,2,1,0.0004509080263130545,21.9078610369016,1.0,1.0,1.0,,,0.0,1.0,,,,C_classical
ACS_STATES,package,51,masking,A,,unit,8,25,theta3,donor,design,textbook_t|fpc|lin,2,1,0.002853591382029216,1.0043515664646172,1.0,1.0,1.0,,,0.9483429394929408,0.0,,,,C_ppi
ACS_STATES,package,51,masking,A,,unit,8,25,theta3,donor,design,textbook_t|fpc|lin|xf,2,1,0.002853591382029216,1.00468960753946,1.0,1.0,1.0,,,0.9483429394929408,0.0,,,,C_ppi
ACS_STATES,package,51,masking,A,,unit,8,25,theta2,donor,design,textbook_t|fpc|lin,2,1,9.511061131161038e-07,9567.60507228196,1.0,1.0,1.0,,,0.0,1.0,,,,r4_classical
ACS_STATES,package,51,masking,A,,unit,8,25,theta2,donor,design,textbook_t|fpc|lin|xf,2,1,9.511061131161038e-07,9567.60507228196,1.0,1.0,1.0,,,0.0,1.0,,,,r4_classical
ACS_STATES,package,51,masking,A,,unit,8,25,theta2,donor,design,textbook_t|fpc|lin,2,1,0.002003948177788298,2.497049666631636,1.0,1.0,1.0,,,0.8256592181333744,0.0,,,,r4_ppi
ACS_STATES,package,51,masking,A,,unit,8,25,theta2,donor,design,textbook_t|fpc|lin|xf,2,1,0.002003948177788298,2.4978524329427843,1.0,1.0,1.0,,,0.8256592181333744,0.0,,,,r4_ppi
ACS_STATES,package,51,masking,A,,unit,8,25,theta2,donor,design,textbook_t|fpc|lin,2,1,9.511061131161038e-07,9567.60507228196,1.0,1.0,1.0,,,0.0,1.0,,,,P_classical
ACS_STATES,package,51,masking,A,,unit,8,25,theta2,donor,design,textbook_t|fpc|lin|xf,2,1,9.511061131161038e-07,9567.60507228196,1.0,1.0,1.0,,,0.0,1.0,,,,P_classical
ACS_STATES,package,51,masking,A,,unit,8,25,theta2,donor,design,textbook_t|fpc|lin,2,1,0.0005698742717429637,6.644864348312592,1.0,1.0,1.0,,,0.9019265602483368,0.0,,,,P_ppi
ACS_STATES,package,51,masking,A,,unit,8,25,theta2,donor,design,textbook_t|fpc|lin|xf,2,1,0.0005698742717429637,6.6452734443837285,1.0,1.0,1.0,,,0.9019265602483368,0.0,,,,P_ppi
ACS_STATES,package,51,masking,A,,unit,8,25,theta2,donor,design,textbook_t|fpc|lin,2,1,9.511061131161038e-07,9567.60507228196,1.0,1.0,1.0,,,0.0,1.0,,,,C_classical
ACS_STATES,package,51,masking,A,,unit,8,25,theta2,donor,design,textbook_t|fpc|lin|xf,2,1,9.511061131161038e-07,9567.60507228196,1.0,1.0,1.0,,,0.0,1.0,,,,C_classical
ACS_STATES,package,51,masking,A,,unit,8,25,theta2,donor,design,textbook_t|fpc|lin,2,1,0.0005388324081338929,7.037575113426652,1.0,1.0,1.0,,,0.8856815602801829,0.0,,,,C_ppi
ACS_STATES,package,51,masking,A,,unit,8,25,theta2,donor,design,textbook_t|fpc|lin|xf,2,1,0.0005388324081338929,7.038099769578245,1.0,1.0,1.0,,,0.8856815602801829,0.0,,,,C_ppi
ACS_STATES,package,51,masking,A,,unit,8,50,theta3,donor,design,textbook_t|fpc|lin,2,1,0.23537813876837071,0.9034278419312999,1.0,1.0,1.0,,,0.0,1.0,,,,r4_classical
ACS_STATES,package,51,masking,A,,unit,8,50,theta3,donor,design,textbook_t|fpc|lin|xf,2,1,0.23537813876837071,0.9034278419312999,1.0,1.0,1.0,,,0.0,1.0,,,,r4_classical
ACS_STATES,package,51,masking,A,,unit,8,50,theta3,donor,design,textbook_t|fpc|lin,2,1,0.0006346604817844871,1.4730392082592478,1.0,1.0,1.0,,,0.9893167357702658,0.0,,,,r4_ppi
ACS_STATES,package,51,masking,A,,unit,8,50,theta3,donor,design,textbook_t|fpc|lin|xf,2,1,0.0006346604817844871,1.4730459871298585,1.0,1.0,1.0,,,0.9893167357702658,0.0,,,,r4_ppi
ACS_STATES,package,51,masking,A,,unit,8,50,theta3,donor,design,textbook_t|fpc|lin,2,1,0.0004292674283410395,7.792395011053014,1.0,1.0,1.0,,,0.0,1.0,,,,P_classical
ACS_STATES,package,51,masking,A,,unit,8,50,theta3,donor,design,textbook_t|fpc|lin|xf,2,1,0.0004292674283410395,7.792395011053014,1.0,1.0,1.0,,,0.0,1.0,,,,P_classical
ACS_STATES,package,51,masking,A,,unit,8,50,theta3,donor,design,textbook_t|fpc|lin,2,1,0.0002869404775871162,3.6704857519311527,1.0,1.0,1.0,,,0.9801685266584184,0.0,,,,P_ppi
ACS_STATES,package,51,masking,A,,unit,8,50,theta3,donor,design,textbook_t|fpc|lin|xf,2,1,0.0002869404775871162,3.6810207286559056,1.0,1.0,1.0,,,0.9801685266584184,0.0,,,,P_ppi
ACS_STATES,package,51,masking,A,,unit,8,50,theta3,donor,design,textbook_t|fpc|lin,2,1,0.00014537735222602076,23.64120552031239,0.5,0.5,0.5,,,0.0,1.0,,,,C_classical
ACS_STATES,package,51,masking,A,,unit,8,50,theta3,donor,design,textbook_t|fpc|lin|xf,2,1,0.00014537735222602076,23.64120552031239,0.5,0.5,0.5,,,0.0,1.0,,,,C_classical
ACS_STATES,package,51,masking,A,,unit,8,50,theta3,donor,design,textbook_t|fpc|lin,2,1,0.00035932669549897344,2.934197085138721,1.0,1.0,1.0,,,0.9832163902070414,0.0,,,,C_ppi
ACS_STATES,package,51,masking,A,,unit,8,50,theta3,donor,design,textbook_t|fpc|lin|xf,2,1,0.00035932669549897344,2.9434135258140373,1.0,1.0,1.0,,,0.9832163902070414,0.0,,,,C_ppi
ACS_STATES,package,51,masking,A,,unit,8,50,theta2,donor,design,textbook_t|fpc|lin,2,1,2.821987470794314e-07,15874.021631077154,1.0,1.0,1.0,,,0.0,1.0,,,,r4_classical
ACS_STATES,package,51,masking,A,,unit,8,50,theta2,donor,design,textbook_t|fpc|lin|xf,2,1,2.821987470794314e-07,15874.021631077154,1.0,1.0,1.0,,,0.0,1.0,,,,r4_classical
ACS_STATES,package,51,masking,A,,unit,8,50,theta2,donor,design,textbook_t|fpc|lin,2,1,0.00026234728004855375,9.778713234090144,1.0,1.0,1.0,,,0.47490235297237204,0.0,,,,r4_ppi
ACS_STATES,package,51,masking,A,,unit,8,50,theta2,donor,design,textbook_t|fpc|lin|xf,2,1,0.00026234728004855375,9.786164217552692,1.0,1.0,1.0,,,0.47490235297237204,0.0,,,,r4_ppi
ACS_STATES,package,51,masking,A,,unit,8,50,theta2,donor,design,textbook_t|fpc|lin,2,1,2.821987470794314e-07,15874.021631077154,1.0,1.0,1.0,,,0.0,1.0,,,,P_classical
ACS_STATES,package,51,masking,A,,unit,8,50,theta2,donor,design,textbook_t|fpc|lin|xf,2,1,2.821987470794314e-07,15874.021631077154,1.0,1.0,1.0,,,0.0,1.0,,,,P_classical
ACS_STATES,package,51,masking,A,,unit,8,50,theta2,donor,design,textbook_t|fpc|lin,2,1,0.00010514639992286108,18.38140425066368,1.0,1.0,1.0,,,0.9846441764321184,0.0,,,,P_ppi
ACS_STATES,package,51,masking,A,,unit,8,50,theta2,donor,design,textbook_t|fpc|lin|xf,2,1,0.00010514639992286108,18.390858355038183,1.0,1.0,1.0,,,0.9846441764321184,0.0,,,,P_ppi
ACS_STATES,package,51,masking,A,,unit,8,50,theta2,donor,design,textbook_t|fpc|lin,2,1,2.821987470794314e-07,15874.021631077154,1.0,1.0,1.0,,,0.0,1.0,,,,C_classical
ACS_STATES,package,51,masking,A,,unit,8,50,theta2,donor,design,textbook_t|fpc|lin|xf,2,1,2.821987470794314e-07,15874.021631077154,1.0,1.0,1.0,,,0.0,1.0,,,,C_classical
ACS_STATES,package,51,masking,A,,unit,8,50,theta2,donor,design,textbook_t|fpc|lin,2,1,0.00010524293887255226,18.327771237792163,1.0,1.0,1.0,,,0.985949126055835,0.0,,,,C_ppi
ACS_STATES,package,51,masking,A,,unit,8,50,theta2,donor,design,textbook_t|fpc|lin|xf,2,1,0.00010524293887255226,18.337216669952486,1.0,1.0,1.0,,,0.985949126055835,0.0,,,,C_ppi
ACS_STATES,package,51,masking,A,,unit,8,100,theta3,donor,design,textbook_t|fpc|lin,2,1,0.26317526351162535,0.2323376168037467,0.5,0.5,0.5,,,0.0,1.0,,,,r4_classical
ACS_STATES,package,51,masking,A,,unit,8,100,theta3,donor,design,textbook_t|fpc|lin|xf,2,1,0.26317526351162535,0.2323376168037467,0.5,0.5,0.5,,,0.0,1.0,,,,r4_classical
ACS_STATES,package,51,masking,A,,unit,8,100,theta3,donor,design,textbook_t|fpc|lin,2,1,0.0002488295742777471,9.184589810923182,1.0,1.0,1.0,,,0.9221052704016196,0.0,,,,r4_ppi
ACS_STATES,package,51,masking,A,,unit,8,100,theta3,donor,design,textbook_t|fpc|lin|xf,2,1,0.0002488295742777471,9.184998502902417,1.0,1.0,1.0,,,0.9221052704016196,0.0,,,,r4_ppi
ACS_STATES,package,51,masking,A,,unit,8,100,theta3,donor,design,textbook_t|fpc|lin,2,1,0.0032056560008194655,0.6406021267088355,1.0,1.0,1.0,,,0.0,1.0,,,,P_classical
ACS_STATES,package,51,masking,A,,unit,8,100,theta3,donor,design,textbook_t|fpc|lin|xf,2,1,0.0032056560008194655,0.6406021267088355,1.0,1.0,1.0,,,0.0,1.0,,,,P_classical
ACS_STATES,package,51,masking,A,,unit,8,100,theta3,donor,design,textbook_t|fpc|lin,2,1,4.6737462640636504e-05,25.573956986776643,1.0,1.0,1.0,,,0.9708598216329841,0.0,,,,P_ppi
ACS_STATES,package,51,masking,A,,unit,8,100,theta3,donor,design,textbook_t|fpc|lin|xf,2,1,4.6737462640636504e-05,25.641580696035707,1.0,1.0,1.0,,,0.9708598216329841,0.0,,,,P_ppi
ACS_STATES,package,51,masking,A,,unit,8,100,theta3,donor,design,textbook_t|fpc|lin,2,1,0.0060555478388317095,0.32284347468637886,1.0,1.0,1.0,,,0.0,1.0,,,,C_classical
ACS_STATES,package,51,masking,A,,unit,8,100,theta3,donor,design,textbook_t|fpc|lin|xf,2,1,0.0060555478388317095,0.32284347468637886,1.0,1.0,1.0,,,0.0,1.0,,,,C_classical
ACS_STATES,package,51,masking,A,,unit,8,100,theta3,donor,design,textbook_t|fpc|lin,2,1,7.934479916858651e-05,15.951482931453853,1.0,1.0,1.0,,,0.9689406960034158,0.0,,,,C_ppi
ACS_STATES,package,51,masking,A,,unit,8,100,theta3,donor,design,textbook_t|fpc|lin|xf,2,1,7.934479916858651e-05,15.971795557941523,1.0,1.0,1.0,,,0.9689406960034158,0.0,,,,C_ppi
ACS_STATES,package,51,masking,A,,unit,8,100,theta2,donor,design,textbook_t|fpc|lin,2,1,0.008226593222281923,0.37354564687331565,0.5,0.5,0.5,,,0.0,1.0,,,,r4_classical
ACS_STATES,package,51,masking,A,,unit,8,100,theta2,donor,design,textbook_t|fpc|lin|xf,2,1,0.008226593222281923,0.37354564687331565,0.5,0.5,0.5,,,0.0,1.0,,,,r4_classical
ACS_STATES,package,51,masking,A,,unit,8,100,theta2,donor,design,textbook_t|fpc|lin,2,1,0.004418677200350916,0.4468147064101972,0.5,0.5,0.5,,,0.9006419734004318,0.0,,,,r4_ppi
ACS_STATES,package,51,masking,A,,unit,8,100,theta2,donor,design,textbook_t|fpc|lin|xf,2,1,0.004418677200350916,0.4469544514149682,0.5,0.5,0.5,,,0.9006419734004318,0.0,,,,r4_ppi
ACS_STATES,package,51,masking,A,,unit,8,100,theta2,donor,design,textbook_t|fpc|lin,2,1,0.008226593222281923,0.37354564687331565,0.5,0.5,0.5,,,0.0,1.0,,,,P_classical
ACS_STATES,package,51,masking,A,,unit,8,100,theta2,donor,design,textbook_t|fpc|lin|xf,2,1,0.008226593222281923,0.37354564687331565,0.5,0.5,0.5,,,0.0,1.0,,,,P_classical
ACS_STATES,package,51,masking,A,,unit,8,100,theta2,donor,design,textbook_t|fpc|lin,2,1,0.0031917642252013733,0.6190838736198724,1.0,1.0,1.0,,,0.9874389361528724,0.0,,,,P_ppi
ACS_STATES,package,51,masking,A,,unit,8,100,theta2,donor,design,textbook_t|fpc|lin|xf,2,1,0.0031917642252013733,0.6203086924914685,1.0,1.0,1.0,,,0.9874389361528724,0.0,,,,P_ppi
ACS_STATES,package,51,masking,A,,unit,8,100,theta2,donor,design,textbook_t|fpc|lin,2,1,0.008226593222281923,0.37354564687331565,0.5,0.5,0.5,,,0.0,1.0,,,,C_classical
ACS_STATES,package,51,masking,A,,unit,8,100,theta2,donor,design,textbook_t|fpc|lin|xf,2,1,0.008226593222281923,0.37354564687331565,0.5,0.5,0.5,,,0.0,1.0,,,,C_classical
ACS_STATES,package,51,masking,A,,unit,8,100,theta2,donor,design,textbook_t|fpc|lin,2,1,0.003198047277302652,0.6175790141829814,1.0,1.0,1.0,,,0.9862451322979207,0.0,,,,C_ppi
ACS_STATES,package,51,masking,A,,unit,8,100,theta2,donor,design,textbook_t|fpc|lin|xf,2,1,0.003198047277302652,0.6188014267109192,1.0,1.0,1.0,,,0.9862451322979207,0.0,,,,C_ppi
ACS_STATES,package,51,masking,A,,unit,8,200,theta3,donor,design,textbook_t|fpc|lin,2,1,0.0034280150361760786,18.088775437495592,1.0,1.0,1.0,,,0.0,1.0,,,,r4_classical
ACS_STATES,package,51,masking,A,,unit,8,200,theta3,donor,design,textbook_t|fpc|lin|xf,2,1,0.0034280150361760786,18.088775437495592,1.0,1.0,1.0,,,0.0,1.0,,,,r4_classical
ACS_STATES,package,51,masking,A,,unit,8,200,theta3,donor,design,textbook_t|fpc|lin,2,1,0.0006174137732418939,1.0835616934458308,1.0,1.0,1.0,,,0.9268154016665031,0.0,,,,r4_ppi
ACS_STATES,package,51,masking,A,,unit,8,200,theta3,donor,design,textbook_t|fpc|lin|xf,2,1,0.0006174137732418939,1.0835761572280114,1.0,1.0,1.0,,,0.9268154016665031,0.0,,,,r4_ppi
ACS_STATES,package,51,masking,A,,unit,8,200,theta3,donor,design,textbook_t|fpc|lin,2,1,0.003013794325608764,0.6458914439207825,1.0,1.0,1.0,,,0.0,1.0,,,,P_classical
ACS_STATES,package,51,masking,A,,unit,8,200,theta3,donor,design,textbook_t|fpc|lin|xf,2,1,0.003013794325608764,0.6458914439207825,1.0,1.0,1.0,,,0.0,1.0,,,,P_classical
ACS_STATES,package,51,masking,A,,unit,8,200,theta3,donor,design,textbook_t|fpc|lin,2,1,0.0011166498898343077,0.4993102615026318,1.0,1.0,1.0,,,0.9723052622718337,0.0,,,,P_ppi
ACS_STATES,package,51,masking,A,,unit,8,200,theta3,donor,design,textbook_t|fpc|lin|xf,2,1,0.0011166498898343077,0.4993102615026318,1.0,1.0,1.0,,,0.9723052622718337,0.0,,,,P_ppi
ACS_STATES,package,51,masking,A,,unit,8,200,theta3,donor,design,textbook_t|fpc|lin,2,1,0.002887288166478453,0.5570293952167854,1.0,1.0,1.0,,,0.0,1.0,,,,C_classical
ACS_STATES,package,51,masking,A,,unit,8,200,theta3,donor,design,textbook_t|fpc|lin|xf,2,1,0.002887288166478453,0.5570293952167854,1.0,1.0,1.0,,,0.0,1.0,,,,C_classical
ACS_STATES,package,51,masking,A,,unit,8,200,theta3,donor,design,textbook_t|fpc|lin,2,1,0.0011697125544225702,0.44865664880063727,1.0,1.0,1.0,,,0.972920647054945,0.0,,,,C_ppi
ACS_STATES,package,51,masking,A,,unit,8,200,theta3,donor,design,textbook_t|fpc|lin|xf,2,1,0.0011697125544225702,0.44865664880063727,1.0,1.0,1.0,,,0.972920647054945,0.0,,,,C_ppi
ACS_STATES,package,51,masking,A,,unit,8,200,theta2,donor,design,textbook_t|fpc|lin,2,1,0.0013579518582964615,2.3693790058729136,0.5,0.5,0.5,,,0.0,1.0,,,,r4_classical
ACS_STATES,package,51,masking,A,,unit,8,200,theta2,donor,design,textbook_t|fpc|lin|xf,2,1,0.0013579518582964615,2.3693790058729136,0.5,0.5,0.5,,,0.0,1.0,,,,r4_classical
ACS_STATES,package,51,masking,A,,unit,8,200,theta2,donor,design,textbook_t|fpc|lin,2,1,0.00038394368527090505,2.9376650688805404,1.0,1.0,1.0,,,0.9088025336211504,0.0,,,,r4_ppi
ACS_STATES,package,51,masking,A,,unit,8,200,theta2,donor,design,textbook_t|fpc|lin|xf,2,1,0.00038394368527090505,2.9406003226230943,1.0,1.0,1.0,,,0.9088025336211504,0.0,,,,r4_ppi
ACS_STATES,package,51,masking,A,,unit,8,200,theta2,donor,design,textbook_t|fpc|lin,2,1,0.0013579518582964615,2.3693790058729136,0.5,0.5,0.5,,,0.0,1.0,,,,P_classical
ACS_STATES,package,51,masking,A,,unit,8,200,theta2,donor,design,textbook_t|fpc|lin|xf,2,1,0.0013579518582964615,2.3693790058729136,0.5,0.5,0.5,,,0.0,1.0,,,,P_classical
ACS_STATES,package,51,masking,A,,unit,8,200,theta2,donor,design,textbook_t|fpc|lin,2,1,3.4594905192332495e-05,30.035737204055465,1.0,1.0,1.0,,,0.9827401058293356,0.0,,,,P_ppi
ACS_STATES,package,51,masking,A,,unit,8,200,theta2,donor,design,textbook_t|fpc|lin|xf,2,1,3.4594905192332495e-05,30.060959821488428,1.0,1.0,1.0,,,0.9827401058293356,0.0,,,,P_ppi
ACS_STATES,package,51,masking,A,,unit,8,200,theta2,donor,design,textbook_t|fpc|lin,2,1,0.0013579518582964615,2.3693790058729136,0.5,0.5,0.5,,,0.0,1.0,,,,C_classical
ACS_STATES,package,51,masking,A,,unit,8,200,theta2,donor,design,textbook_t|fpc|lin|xf,2,1,0.0013579518582964615,2.3693790058729136,0.5,0.5,0.5,,,0.0,1.0,,,,C_classical
ACS_STATES,package,51,masking,A,,unit,8,200,theta2,donor,design,textbook_t|fpc|lin,2,1,3.4960640612002434e-05,29.81538753967886,1.0,1.0,1.0,,,0.9812457391695325,0.0,,,,C_ppi
ACS_STATES,package,51,masking,A,,unit,8,200,theta2,donor,design,textbook_t|fpc|lin|xf,2,1,3.4960640612002434e-05,29.840196530117236,1.0,1.0,1.0,,,0.9812457391695325,0.0,,,,C_ppi
ACS_STATES,package,51,masking,A,,unit,8,500,theta3,donor,design,textbook_t|fpc|lin,2,1,0.04249295541254412,0.8007139612483855,1.0,1.0,1.0,,,0.0,1.0,,,,r4_classical
ACS_STATES,package,51,masking,A,,unit,8,500,theta3,donor,design,textbook_t|fpc|lin|xf,2,1,0.04249295541254412,0.8007139612483855,1.0,1.0,1.0,,,0.0,1.0,,,,r4_classical
ACS_STATES,package,51,masking,A,,unit,8,500,theta3,donor,design,textbook_t|fpc|lin,2,1,0.00034823989586928373,0.6495872346735831,1.0,1.0,1.0,,,0.9821161024025291,0.0,,,,r4_ppi
ACS_STATES,package,51,masking,A,,unit,8,500,theta3,donor,design,textbook_t|fpc|lin|xf,2,1,0.00034823989586928373,0.6495980947693742,1.0,1.0,1.0,,,0.9821161024025291,0.0,,,,r4_ppi
ACS_STATES,package,51,masking,A,,unit,8,500,theta3,donor,design,textbook_t|fpc|lin,2,1,0.001268592886655236,0.5849293185376584,1.0,1.0,1.0,,,0.0,1.0,,,,P_classical
ACS_STATES,package,51,masking,A,,unit,8,500,theta3,donor,design,textbook_t|fpc|lin|xf,2,1,0.001268592886655236,0.5849293185376584,1.0,1.0,1.0,,,0.0,1.0,,,,P_classical
ACS_STATES,package,51,masking,A,,unit,8,500,theta3,donor,design,textbook_t|fpc|lin,2,1,0.00018636305083558836,1.3279281693008225,1.0,1.0,1.0,,,0.9831127987559423,0.0,,,,P_ppi
ACS_STATES,package,51,masking,A,,unit,8,500,theta3,donor,design,textbook_t|fpc|lin|xf,2,1,0.00018636305083558836,1.3347416455807852,1.0,1.0,1.0,,,0.9831127987559423,0.0,,,,P_ppi
ACS_STATES,package,51,masking,A,,unit,8,500,theta3,donor,design,textbook_t|fpc|lin,2,1,0.0011876788106260725,0.668796578300425,1.0,1.0,1.0,,,0.0,1.0,,,,C_classical
ACS_STATES,package,51,masking,A,,unit,8,500,theta3,donor,design,textbook_t|fpc|lin|xf,2,1,0.0011876788106260725,0.668796578300425,1.0,1.0,1.0,,,0.0,1.0,,,,C_classical
ACS_STATES,package,51,masking,A,,unit,8,500,theta3,donor,design,textbook_t|fpc|lin,2,1,0.00023090979081376073,1.1014090932954455,1.0,1.0,1.0,,,0.98476499715412,0.0,,,,C_ppi
ACS_STATES,package,51,masking,A,,unit,8,500,theta3,donor,design,textbook_t|fpc|lin|xf,2,1,0.00023090979081376073,1.1065547218938352,1.0,1.0,1.0,,,0.98476499715412,0.0,,,,C_ppi
ACS_STATES,package,51,masking,A,,unit,8,500,theta2,donor,design,textbook_t|fpc|lin,2,1,0.0009697559817236586,2.182283254730559,1.0,1.0,1.0,,,0.0,1.0,,,,r4_classical
ACS_STATES,package,51,masking,A,,unit,8,500,theta2,donor,design,textbook_t|fpc|lin|xf,2,1,0.0009697559817236586,2.182283254730559,1.0,1.0,1.0,,,0.0,1.0,,,,r4_classical
ACS_STATES,package,51,masking,A,,unit,8,500,theta2,donor,design,textbook_t|fpc|lin,2,1,0.0007565669452753637,2.169825245475543,1.0,1.0,1.0,,,0.7743546093003952,0.0,,,,r4_ppi
ACS_STATES,package,51,masking,A,,unit,8,500,theta2,donor,design,textbook_t|fpc|lin|xf,2,1,0.0007565669452753637,2.1970599241404867,1.0,1.0,1.0,,,0.7743546093003952,0.0,,,,r4_ppi
ACS_STATES,package,51,masking,A,,unit,8,500,theta2,donor,design,textbook_t|fpc|lin,2,1,0.0009697559817236586,2.182283254730559,1.0,1.0,1.0,,,0.0,1.0,,,,P_classical
ACS_STATES,package,51,masking,A,,unit,8,500,theta2,donor,design,textbook_t|fpc|lin|xf,2,1,0.0009697559817236586,2.182283254730559,1.0,1.0,1.0,,,0.0,1.0,,,,P_classical
ACS_STATES,package,51,masking,A,,unit,8,500,theta2,donor,design,textbook_t|fpc|lin,2,1,0.0005463968568311885,3.881426703435327,1.0,1.0,1.0,,,0.999227328019533,0.0,,,,P_ppi
ACS_STATES,package,51,masking,A,,unit,8,500,theta2,donor,design,textbook_t|fpc|lin|xf,2,1,0.0005463968568311885,3.9277168451408926,1.0,1.0,1.0,,,0.999227328019533,0.0,,,,P_ppi
ACS_STATES,package,51,masking,A,,unit,8,500,theta2,donor,design,textbook_t|fpc|lin,2,1,0.0009697559817236586,2.182283254730559,1.0,1.0,1.0,,,0.0,1.0,,,,C_classical
ACS_STATES,package,51,masking,A,,unit,8,500,theta2,donor,design,textbook_t|fpc|lin|xf,2,1,0.0009697559817236586,2.182283254730559,1.0,1.0,1.0,,,0.0,1.0,,,,C_classical
ACS_STATES,package,51,masking,A,,unit,8,500,theta2,donor,design,textbook_t|fpc|lin,2,1,0.0005444145715434821,3.894724143781107,1.0,1.0,1.0,,,0.9978391394242061,0.0,,,,C_ppi
ACS_STATES,package,51,masking,A,,unit,8,500,theta2,donor,design,textbook_t|fpc|lin|xf,2,1,0.0005444145715434821,3.9411828340003705,1.0,1.0,1.0,,,0.9978391394242061,0.0,,,,C_ppi
ACS_STATES,package,51,masking,A,,unit,8,all,theta3,donor,design,textbook_t|fpc|lin,2,1,0.0001438393834901221,1.8495750168606864,1.0,1.0,1.0,,,0.0,1.0,,,,r4_classical
ACS_STATES,package,51,masking,A,,unit,8,all,theta3,donor,design,textbook_t|fpc|lin|xf,2,1,0.0001438393834901221,1.8495750168606864,1.0,1.0,1.0,,,0.0,1.0,,,,r4_classical
ACS_STATES,package,51,masking,A,,unit,8,all,theta3,donor,design,textbook_t|fpc|lin,2,1,3.358801824706626e-05,4.06138691064554,1.0,1.0,1.0,,,0.7108875814427975,0.0,,,,r4_ppi
ACS_STATES,package,51,masking,A,,unit,8,all,theta3,donor,design,textbook_t|fpc|lin|xf,2,1,3.358801824706626e-05,4.14695376594694,1.0,1.0,1.0,,,0.7108875814427975,0.0,,,,r4_ppi
ACS_STATES,package,51,masking,A,,unit,8,all,theta3,donor,design,textbook_t|fpc|lin,2,1,0.00014383938349032924,1.8495750168580136,1.0,1.0,1.0,,,0.0,1.0,,,,P_classical
ACS_STATES,package,51,masking,A,,unit,8,all,theta3,donor,design,textbook_t|fpc|lin|xf,2,1,0.00014383938349032924,1.8495750168580136,1.0,1.0,1.0,,,0.0,1.0,,,,P_classical
ACS_STATES,package,51,masking,A,,unit,8,all,theta3,donor,design,textbook_t|fpc|lin,2,1,3.3588018247065355e-05,4.061386910645554,1.0,1.0,1.0,,,0.9924448452014936,0.0,,,,P_ppi
ACS_STATES,package,51,masking,A,,unit,8,all,theta3,donor,design,textbook_t|fpc|lin|xf,2,1,3.3588018247065355e-05,4.1469537659469475,1.0,1.0,1.0,,,0.9924448452014936,0.0,,,,P_ppi
ACS_STATES,package,51,masking,A,,unit,8,all,theta3,donor,design,textbook_t|fpc|lin,2,1,0.0001438393834901221,1.84957501686069,1.0,1.0,1.0,,,0.0,1.0,,,,C_classical
ACS_STATES,package,51,masking,A,,unit,8,all,theta3,donor,design,textbook_t|fpc|lin|xf,2,1,0.0001438393834901221,1.84957501686069,1.0,1.0,1.0,,,0.0,1.0,,,,C_classical
ACS_STATES,package,51,masking,A,,unit,8,all,theta3,donor,design,textbook_t|fpc|lin,2,1,3.358801824701121e-05,4.061386910653966,1.0,1.0,1.0,,,0.9906985235884416,0.0,,,,C_ppi
ACS_STATES,package,51,masking,A,,unit,8,all,theta3,donor,design,textbook_t|fpc|lin|xf,2,1,3.358801824701121e-05,4.146953765955673,1.0,1.0,1.0,,,0.9906985235884416,0.0,,,,C_ppi
ACS_STATES,package,51,masking,A,,unit,8,all,theta2,donor,design,textbook_t|fpc|lin,2,1,0.0014494423674695663,1.6942153355059426,1.0,1.0,1.0,,,0.0,1.0,,,,r4_classical
ACS_STATES,package,51,masking,A,,unit,8,all,theta2,donor,design,textbook_t|fpc|lin|xf,2,1,0.0014494423674695663,1.6942153355059426,1.0,1.0,1.0,,,0.0,1.0,,,,r4_classical
ACS_STATES,package,51,masking,A,,unit,8,all,theta2,donor,design,textbook_t|fpc|lin,2,1,0.0001577679053078787,13.863070508048246,1.0,1.0,1.0,,,0.75,0.0,,,,r4_ppi
ACS_STATES,package,51,masking,A,,unit,8,all,theta2,donor,design,textbook_t|fpc|lin|xf,2,1,0.0001577679053078787,13.97602048090115,1.0,1.0,1.0,,,0.75,0.0,,,,r4_ppi
ACS_STATES,package,51,masking,A,,unit,8,all,theta2,donor,design,textbook_t|fpc|lin,2,1,0.0014494423674695663,1.6942153355059426,1.0,1.0,1.0,,,0.0,1.0,,,,P_classical
ACS_STATES,package,51,masking,A,,unit,8,all,theta2,donor,design,textbook_t|fpc|lin|xf,2,1,0.0014494423674695663,1.6942153355059426,1.0,1.0,1.0,,,0.0,1.0,,,,P_classical
ACS_STATES,package,51,masking,A,,unit,8,all,theta2,donor,design,textbook_t|fpc|lin,2,1,0.0001577679053078787,13.863070508048338,1.0,1.0,1.0,,,0.9945436196222766,0.0,,,,P_ppi
ACS_STATES,package,51,masking,A,,unit,8,all,theta2,donor,design,textbook_t|fpc|lin|xf,2,1,0.0001577679053078787,13.97602048090124,1.0,1.0,1.0,,,0.9945436196222766,0.0,,,,P_ppi
ACS_STATES,package,51,masking,A,,unit,8,all,theta2,donor,design,textbook_t|fpc|lin,2,1,0.0014494423674695663,1.6942153355059426,1.0,1.0,1.0,,,0.0,1.0,,,,C_classical
ACS_STATES,package,51,masking,A,,unit,8,all,theta2,donor,design,textbook_t|fpc|lin|xf,2,1,0.0014494423674695663,1.6942153355059426,1.0,1.0,1.0,,,0.0,1.0,,,,C_classical
ACS_STATES,package,51,masking,A,,unit,8,all,theta2,donor,design,textbook_t|fpc|lin,2,1,0.0001577679053078787,13.863070508048278,1.0,1.0,1.0,,,0.9939700040430667,0.0,,,,C_ppi
ACS_STATES,package,51,masking,A,,unit,8,all,theta2,donor,design,textbook_t|fpc|lin|xf,2,1,0.0001577679053078787,13.976020480901182,1.0,1.0,1.0,,,0.9939700040430667,0.0,,,,C_ppi
ACS_STATES,package,51,masking,A,,unit,12,25,theta3,donor,design,textbook_t|fpc|lin,2,1,4.23171482476073e-05,12272.232902322909,1.0,1.0,1.0,,,0.0,1.0,,,,r4_classical
ACS_STATES,package,51,masking,A,,unit,12,25,theta3,donor,design,textbook_t|fpc|lin|xf,2,1,4.23171482476073e-05,12272.232902322909,1.0,1.0,1.0,,,0.0,1.0,,,,r4_classical
ACS_STATES,package,51,masking,A,,unit,12,25,theta3,donor,design,textbook_t|fpc|lin,2,1,0.002697598494742512,0.6456018587928368,1.0,1.0,1.0,,,0.9944949563634944,0.0,,,,r4_ppi
ACS_STATES,package,51,masking,A,,unit,12,25,theta3,donor,design,textbook_t|fpc|lin|xf,2,1,0.002697598494742512,0.6456027433850862,1.0,1.0,1.0,,,0.9944949563634944,0.0,,,,r4_ppi
ACS_STATES,package,51,masking,A,,unit,12,25,theta3,donor,design,textbook_t|fpc|lin,2,1,0.004791359560085145,0.8051842925338853,1.0,1.0,1.0,,,0.0,1.0,,,,P_classical
ACS_STATES,package,51,masking,A,,unit,12,25,theta3,donor,design,textbook_t|fpc|lin|xf,2,1,0.004791359560085145,0.8051842925338853,1.0,1.0,1.0,,,0.0,1.0,,,,P_classical
ACS_STATES,package,51,masking,A,,unit,12,25,theta3,donor,design,textbook_t|fpc|lin,2,1,0.0031684920022035127,0.5324756713436504,1.0,1.0,1.0,,,0.925776736065579,0.0,,,,P_ppi
ACS_STATES,package,51,masking,A,,unit,12,25,theta3,donor,design,textbook_t|fpc|lin|xf,2,1,0.0031684920022035127,0.5331387646836148,1.0,1.0,1.0,,,0.925776736065579,0.0,,,,P_ppi
ACS_STATES,package,51,masking,A,,unit,12,25,theta3,donor,design,textbook_t|fpc|lin,2,1,0.004751497654936203,0.8819409051597794,1.0,1.0,1.0,,,0.0,1.0,,,,C_classical
ACS_STATES,package,51,masking,A,,unit,12,25,theta3,donor,design,textbook_t|fpc|lin|xf,2,1,0.004751497654936203,0.8819409051597794,1.0,1.0,1.0,,,0.0,1.0,,,,C_classical
ACS_STATES,package,51,masking,A,,unit,12,25,theta3,donor,design,textbook_t|fpc|lin,2,1,0.0018350584524341022,1.2215720182488248,1.0,1.0,1.0,,,0.9424339367657358,0.0,,,,C_ppi
ACS_STATES,package,51,masking,A,,unit,12,25,theta3,donor,design,textbook_t|fpc|lin|xf,2,1,0.0018350584524341022,1.223299478875674,1.0,1.0,1.0,,,0.9424339367657358,0.0,,,,C_ppi
ACS_STATES,package,51,masking,A,,unit,12,25,theta2,donor,design,textbook_t|fpc|lin,2,1,0.005574100895389345,0.7390096458052999,1.0,1.0,1.0,,,0.0,1.0,,,,r4_classical
ACS_STATES,package,51,masking,A,,unit,12,25,theta2,donor,design,textbook_t|fpc|lin|xf,2,1,0.005574100895389345,0.7390096458052999,1.0,1.0,1.0,,,0.0,1.0,,,,r4_classical
ACS_STATES,package,51,masking,A,,unit,12,25,theta2,donor,design,textbook_t|fpc|lin,2,1,1.6663603778308508e-05,168.0012294086846,1.0,1.0,1.0,,,0.7706369725407888,0.0,,,,r4_ppi
ACS_STATES,package,51,masking,A,,unit,12,25,theta2,donor,design,textbook_t|fpc|lin|xf,2,1,1.6663603778308508e-05,168.07054556829107,1.0,1.0,1.0,,,0.7706369725407888,0.0,,,,r4_ppi
ACS_STATES,package,51,masking,A,,unit,12,25,theta2,donor,design,textbook_t|fpc|lin,2,1,0.005574100895389345,0.7390096458052999,1.0,1.0,1.0,,,0.0,1.0,,,,P_classical
ACS_STATES,package,51,masking,A,,unit,12,25,theta2,donor,design,textbook_t|fpc|lin|xf,2,1,0.005574100895389345,0.7390096458052999,1.0,1.0,1.0,,,0.0,1.0,,,,P_classical
ACS_STATES,package,51,masking,A,,unit,12,25,theta2,donor,design,textbook_t|fpc|lin,2,1,0.00036019334251123983,7.4609452541038,1.0,1.0,1.0,,,0.943450184429636,0.0,,,,P_ppi
ACS_STATES,package,51,masking,A,,unit,12,25,theta2,donor,design,textbook_t|fpc|lin|xf,2,1,0.00036019334251123983,7.462567198070695,1.0,1.0,1.0,,,0.943450184429636,0.0,,,,P_ppi
ACS_STATES,package,51,masking,A,,unit,12,25,theta2,donor,design,textbook_t|fpc|lin,2,1,0.005574100895389345,0.7390096458052999,1.0,1.0,1.0,,,0.0,1.0,,,,C_classical
ACS_STATES,package,51,masking,A,,unit,12,25,theta2,donor,design,textbook_t|fpc|lin|xf,2,1,0.005574100895389345,0.7390096458052999,1.0,1.0,1.0,,,0.0,1.0,,,,C_classical
ACS_STATES,package,51,masking,A,,unit,12,25,theta2,donor,design,textbook_t|fpc|lin,2,1,0.00035841513681282117,7.511710235412801,1.0,1.0,1.0,,,0.9478170446816784,0.0,,,,C_ppi
ACS_STATES,package,51,masking,A,,unit,12,25,theta2,donor,design,textbook_t|fpc|lin|xf,2,1,0.00035841513681282117,7.513417765383815,1.0,1.0,1.0,,,0.9478170446816784,0.0,,,,C_ppi
ACS_STATES,package,51,masking,A,,unit,12,50,theta3,donor,design,textbook_t|fpc|lin,2,1,0.03371614955555077,5.923738045944321,1.0,1.0,1.0,,,0.0,1.0,,,,r4_classical
ACS_STATES,package,51,masking,A,,unit,12,50,theta3,donor,design,textbook_t|fpc|lin|xf,2,1,0.03371614955555077,5.923738045944321,1.0,1.0,1.0,,,0.0,1.0,,,,r4_classical
ACS_STATES,package,51,masking,A,,unit,12,50,theta3,donor,design,textbook_t|fpc|lin,2,1,0.0003427899745180638,3.482826200617053,1.0,1.0,1.0,,,0.9945288109143487,0.0,,,,r4_ppi
ACS_STATES,package,51,masking,A,,unit,12,50,theta3,donor,design,textbook_t|fpc|lin|xf,2,1,0.0003427899745180638,3.482828483161735,1.0,1.0,1.0,,,0.9945288109143487,0.0,,,,r4_ppi
ACS_STATES,package,51,masking,A,,unit,12,50,theta3,donor,design,textbook_t|fpc|lin,2,1,0.0017146817145947632,1.1505932215428696,1.0,1.0,1.0,,,0.0,1.0,,,,P_classical
ACS_STATES,package,51,masking,A,,unit,12,50,theta3,donor,design,textbook_t|fpc|lin|xf,2,1,0.0017146817145947632,1.1505932215428696,1.0,1.0,1.0,,,0.0,1.0,,,,P_classical
ACS_STATES,package,51,masking,A,,unit,12,50,theta3,donor,design,textbook_t|fpc|lin,2,1,2.6567983858582327e-05,42.85898568497317,1.0,1.0,1.0,,,0.9812786854150221,0.0,,,,P_ppi
ACS_STATES,package,51,masking,A,,unit,12,50,theta3,donor,design,textbook_t|fpc|lin|xf,2,1,2.6567983858582327e-05,42.98791207920602,1.0,1.0,1.0,,,0.9812786854150221,0.0,,,,P_ppi
ACS_STATES,package,51,masking,A,,unit,12,50,theta3,donor,design,textbook_t|fpc|lin,2,1,0.0020351704427884506,1.1104189554356092,1.0,1.0,1.0,,,0.0,1.0,,,,C_classical
ACS_STATES,package,51,masking,A,,unit,12,50,theta3,donor,design,textbook_t|fpc|lin|xf,2,1,0.0020351704427884506,1.1104189554356092,1.0,1.0,1.0,,,0.0,1.0,,,,C_classical
ACS_STATES,package,51,masking,A,,unit,12,50,theta3,donor,design,textbook_t|fpc|lin,2,1,5.7112438058479215e-06,183.48451835141333,1.0,1.0,1.0,,,0.9799712237296601,0.0,,,,C_ppi
ACS_STATES,package,51,masking,A,,unit,12,50,theta3,donor,design,textbook_t|fpc|lin|xf,2,1,5.7112438058479215e-06,184.14057852200767,1.0,1.0,1.0,,,0.9799712237296601,0.0,,,,C_ppi
ACS_STATES,package,51,masking,A,,unit,12,50,theta2,donor,design,textbook_t|fpc|lin,2,1,0.00014323183158831198,31.96437472125525,1.0,1.0,1.0,,,0.0,1.0,,,,r4_classical
ACS_STATES,package,51,masking,A,,unit,12,50,theta2,donor,design,textbook_t|fpc|lin|xf,2,1,0.00014323183158831198,31.96437472125525,1.0,1.0,1.0,,,0.0,1.0,,,,r4_classical
ACS_STATES,package,51,masking,A,,unit,12,50,theta2,donor,design,textbook_t|fpc|lin,2,1,3.6405594905036705e-06,289.62565107076654,1.0,1.0,1.0,,,1.0,0.0,,,,r4_ppi
ACS_STATES,package,51,masking,A,,unit,12,50,theta2,donor,design,textbook_t|fpc|lin|xf,2,1,3.6405594905036705e-06,289.62565107076654,1.0,1.0,1.0,,,1.0,0.0,,,,r4_ppi
ACS_STATES,package,51,masking,A,,unit,12,50,theta2,donor,design,textbook_t|fpc|lin,2,1,0.00014323183158831198,31.96437472125525,1.0,1.0,1.0,,,0.0,1.0,,,,P_classical
ACS_STATES,package,51,masking,A,,unit,12,50,theta2,donor,design,textbook_t|fpc|lin|xf,2,1,0.00014323183158831198,31.96437472125525,1.0,1.0,1.0,,,0.0,1.0,,,,P_classical
ACS_STATES,package,51,masking,A,,unit,12,50,theta2,donor,design,textbook_t|fpc|lin,2,1,0.00012797273535097503,12.090163113957983,1.0,1.0,1.0,,,0.9885228202354718,0.0,,,,P_ppi
ACS_STATES,package,51,masking,A,,unit,12,50,theta2,donor,design,textbook_t|fpc|lin|xf,2,1,0.00012797273535097503,12.1899170429973,1.0,1.0,1.0,,,0.9885228202354718,0.0,,,,P_ppi
ACS_STATES,package,51,masking,A,,unit,12,50,theta2,donor,design,textbook_t|fpc|lin,2,1,0.00014323183158831198,31.96437472125525,1.0,1.0,1.0,,,0.0,1.0,,,,C_classical
ACS_STATES,package,51,masking,A,,unit,12,50,theta2,donor,design,textbook_t|fpc|lin|xf,2,1,0.00014323183158831198,31.96437472125525,1.0,1.0,1.0,,,0.0,1.0,,,,C_classical
ACS_STATES,package,51,masking,A,,unit,12,50,theta2,donor,design,textbook_t|fpc|lin,2,1,0.00013050127451416486,11.78867449384833,1.0,1.0,1.0,,,0.9829093961094685,0.0,,,,C_ppi
ACS_STATES,package,51,masking,A,,unit,12,50,theta2,donor,design,textbook_t|fpc|lin|xf,2,1,0.00013050127451416486,11.886495631677773,1.0,1.0,1.0,,,0.9829093961094685,0.0,,,,C_ppi
ACS_STATES,package,51,masking,A,,unit,12,100,theta3,donor,design,textbook_t|fpc|lin,2,1,0.0018163718974833032,36.178923639031865,1.0,1.0,1.0,,,0.0,1.0,,,,r4_classical
ACS_STATES,package,51,masking,A,,unit,12,100,theta3,donor,design,textbook_t|fpc|lin|xf,2,1,0.0018163718974833032,36.178923639031865,1.0,1.0,1.0,,,0.0,1.0,,,,r4_classical
ACS_STATES,package,51,masking,A,,unit,12,100,theta3,donor,design,textbook_t|fpc|lin,2,1,0.0005344149382082329,0.6304941241902546,1.0,1.0,1.0,,,0.9849615305187007,0.0,,,,r4_ppi
ACS_STATES,package,51,masking,A,,unit,12,100,theta3,donor,design,textbook_t|fpc|lin|xf,2,1,0.0005344149382082329,0.6305029523797484,1.0,1.0,1.0,,,0.9849615305187007,0.0,,,,r4_ppi
ACS_STATES,package,51,masking,A,,unit,12,100,theta3,donor,design,textbook_t|fpc|lin,2,1,4.174252393221994e-05,23.822313506531987,1.0,1.0,1.0,,,0.0,1.0,,,,P_classical
ACS_STATES,package,51,masking,A,,unit,12,100,theta3,donor,design,textbook_t|fpc|lin|xf,2,1,4.174252393221994e-05,23.822313506531987,1.0,1.0,1.0,,,0.0,1.0,,,,P_classical
ACS_STATES,package,51,masking,A,,unit,12,100,theta3,donor,design,textbook_t|fpc|lin,2,1,0.0001654369773163278,2.1543416971533547,1.0,1.0,1.0,,,0.9935826303968016,0.0,,,,P_ppi
ACS_STATES,package,51,masking,A,,unit,12,100,theta3,donor,design,textbook_t|fpc|lin|xf,2,1,0.0001654369773163278,2.1683100143242977,1.0,1.0,1.0,,,0.9935826303968016,0.0,,,,P_ppi
ACS_STATES,package,51,masking,A,,unit,12,100,theta3,donor,design,textbook_t|fpc|lin,2,1,0.0001248599391127275,9.989989531768037,1.0,1.0,1.0,,,0.0,1.0,,,,C_classical
ACS_STATES,package,51,masking,A,,unit,12,100,theta3,donor,design,textbook_t|fpc|lin|xf,2,1,0.0001248599391127275,9.989989531768037,1.0,1.0,1.0,,,0.0,1.0,,,,C_classical
ACS_STATES,package,51,masking,A,,unit,12,100,theta3,donor,design,textbook_t|fpc|lin,2,1,0.00019185268733639614,1.9398338043628383,1.0,1.0,1.0,,,0.9914195468823488,0.0,,,,C_ppi
ACS_STATES,package,51,masking,A,,unit,12,100,theta3,donor,design,textbook_t|fpc|lin|xf,2,1,0.00019185268733639614,1.9541775303426696,1.0,1.0,1.0,,,0.9914195468823488,0.0,,,,C_ppi
ACS_STATES,package,51,masking,A,,unit,12,100,theta2,donor,design,textbook_t|fpc|lin,2,1,0.0005541589200830448,2.85451618360394,1.0,1.0,1.0,,,0.0,1.0,,,,r4_classical
ACS_STATES,package,51,masking,A,,unit,12,100,theta2,donor,design,textbook_t|fpc|lin|xf,2,1,0.0005541589200830448,2.85451618360394,1.0,1.0,1.0,,,0.0,1.0,,,,r4_classical
ACS_STATES,package,51,masking,A,,unit,12,100,theta2,donor,design,textbook_t|fpc|lin,2,1,0.0021594851002780624,0.3115146926555069,1.0,1.0,1.0,,,0.8818128041086717,0.0,,,,r4_ppi
ACS_STATES,package,51,masking,A,,unit,12,100,theta2,donor,design,textbook_t|fpc|lin|xf,2,1,0.0021594851002780624,0.31211025927472863,1.0,1.0,1.0,,,0.8818128041086717,0.0,,,,r4_ppi
ACS_STATES,package,51,masking,A,,unit,12,100,theta2,donor,design,textbook_t|fpc|lin,2,1,0.0005541589200830448,2.85451618360394,1.0,1.0,1.0,,,0.0,1.0,,,,P_classical
ACS_STATES,package,51,masking,A,,unit,12,100,theta2,donor,design,textbook_t|fpc|lin|xf,2,1,0.0005541589200830448,2.85451618360394,1.0,1.0,1.0,,,0.0,1.0,,,,P_classical
ACS_STATES,package,51,masking,A,,unit,12,100,theta2,donor,design,textbook_t|fpc|lin,2,1,0.002376467067010565,0.24891057365624428,1.0,1.0,1.0,,,0.9615913630740389,0.0,,,,P_ppi
ACS_STATES,package,51,masking,A,,unit,12,100,theta2,donor,design,textbook_t|fpc|lin|xf,2,1,0.002376467067010565,0.2489451877190398,1.0,1.0,1.0,,,0.9615913630740389,0.0,,,,P_ppi
ACS_STATES,package,51,masking,A,,unit,12,100,theta2,donor,design,textbook_t|fpc|lin,2,1,0.0005541589200830448,2.85451618360394,1.0,1.0,1.0,,,0.0,1.0,,,,C_classical
ACS_STATES,package,51,masking,A,,unit,12,100,theta2,donor,design,textbook_t|fpc|lin|xf,2,1,0.0005541589200830448,2.85451618360394,1.0,1.0,1.0,,,0.0,1.0,,,,C_classical
ACS_STATES,package,51,masking,A,,unit,12,100,theta2,donor,design,textbook_t|fpc|lin,2,1,0.0023686130918352515,0.24960590239004005,1.0,1.0,1.0,,,0.9607621926772154,0.0,,,,C_ppi
ACS_STATES,package,51,masking,A,,unit,12,100,theta2,donor,design,textbook_t|fpc|lin|xf,2,1,0.0023686130918352515,0.24964057998243305,1.0,1.0,1.0,,,0.9607621926772154,0.0,,,,C_ppi
ACS_STATES,package,51,masking,A,,unit,12,200,theta3,donor,design,textbook_t|fpc|lin,2,1,0.016093250788087383,3.107654462959124,1.0,1.0,1.0,,,0.0,1.0,,,,r4_classical
ACS_STATES,package,51,masking,A,,unit,12,200,theta3,donor,design,textbook_t|fpc|lin|xf,2,1,0.016093250788087383,3.107654462959124,1.0,1.0,1.0,,,0.0,1.0,,,,r4_classical
ACS_STATES,package,51,masking,A,,unit,12,200,theta3,donor,design,textbook_t|fpc|lin,2,1,0.00014747867568300514,2.530298474450806,0.5,0.5,0.5,,,0.9969589920906321,0.0,,,,r4_ppi
ACS_STATES,package,51,masking,A,,unit,12,200,theta3,donor,design,textbook_t|fpc|lin|xf,2,1,0.00014747867568300514,2.5303038838361243,0.5,0.5,0.5,,,0.9969589920906321,0.0,,,,r4_ppi
ACS_STATES,package,51,masking,A,,unit,12,200,theta3,donor,design,textbook_t|fpc|lin,2,1,8.669618471897657e-07,1008.1623074267941,1.0,1.0,1.0,,,0.0,1.0,,,,P_classical
ACS_STATES,package,51,masking,A,,unit,12,200,theta3,donor,design,textbook_t|fpc|lin|xf,2,1,8.669618471897657e-07,1008.1623074267941,1.0,1.0,1.0,,,0.0,1.0,,,,P_classical
ACS_STATES,package,51,masking,A,,unit,12,200,theta3,donor,design,textbook_t|fpc|lin,2,1,0.00024181013751575398,1.4338758142158556,0.5,0.5,0.5,,,0.9631831758656508,0.0,,,,P_ppi
ACS_STATES,package,51,masking,A,,unit,12,200,theta3,donor,design,textbook_t|fpc|lin|xf,2,1,0.00024181013751575398,1.43408474791686,0.5,0.5,0.5,,,0.9631831758656508,0.0,,,,P_ppi
ACS_STATES,package,51,masking,A,,unit,12,200,theta3,donor,design,textbook_t|fpc|lin,2,1,6.111802615328133e-05,12.619655260269097,1.0,1.0,1.0,,,0.0,1.0,,,,C_classical
ACS_STATES,package,51,masking,A,,unit,12,200,theta3,donor,design,textbook_t|fpc|lin|xf,2,1,6.111802615328133e-05,12.619655260269097,1.0,1.0,1.0,,,0.0,1.0,,,,C_classical
ACS_STATES,package,51,masking,A,,unit,12,200,theta3,donor,design,textbook_t|fpc|lin,2,1,0.00012352431205961994,2.730913607296549,0.5,0.5,0.5,,,0.9496784998374836,0.0,,,,C_ppi
ACS_STATES,package,51,masking,A,,unit,12,200,theta3,donor,design,textbook_t|fpc|lin|xf,2,1,0.00012352431205961994,2.731023720508244,0.5,0.5,0.5,,,0.9496784998374836,0.0,,,,C_ppi
ACS_STATES,package,51,masking,A,,unit,12,200,theta2,donor,design,textbook_t|fpc|lin,2,1,0.004309649920151349,0.5869133706061809,1.0,1.0,1.0,,,0.0,1.0,,,,r4_classical
ACS_STATES,package,51,masking,A,,unit,12,200,theta2,donor,design,textbook_t|fpc|lin|xf,2,1,0.004309649920151349,0.5869133706061809,1.0,1.0,1.0,,,0.0,1.0,,,,r4_classical
ACS_STATES,package,51,masking,A,,unit,12,200,theta2,donor,design,textbook_t|fpc|lin,2,1,0.000737959852833806,1.1456899538215082,1.0,1.0,1.0,,,1.0,0.0,,,,r4_ppi
ACS_STATES,package,51,masking,A,,unit,12,200,theta2,donor,design,textbook_t|fpc|lin|xf,2,1,0.000737959852833806,1.1456899538215082,1.0,1.0,1.0,,,1.0,0.0,,,,r4_ppi
ACS_STATES,package,51,masking,A,,unit,12,200,theta2,donor,design,textbook_t|fpc|lin,2,1,0.004309649920151349,0.5869133706061809,1.0,1.0,1.0,,,0.0,1.0,,,,P_classical
ACS_STATES,package,51,masking,A,,unit,12,200,theta2,donor,design,textbook_t|fpc|lin|xf,2,1,0.004309649920151349,0.5869133706061809,1.0,1.0,1.0,,,0.0,1.0,,,,P_classical
ACS_STATES,package,51,masking,A,,unit,12,200,theta2,donor,design,textbook_t|fpc|lin,2,1,0.0007232701833287383,1.171301677866906,1.0,1.0,1.0,,,0.9951883590384468,0.0,,,,P_ppi
ACS_STATES,package,51,masking,A,,unit,12,200,theta2,donor,design,textbook_t|fpc|lin|xf,2,1,0.0007232701833287383,1.171301677866906,1.0,1.0,1.0,,,0.9951883590384468,0.0,,,,P_ppi
ACS_STATES,package,51,masking,A,,unit,12,200,theta2,donor,design,textbook_t|fpc|lin,2,1,0.004309649920151349,0.5869133706061809,1.0,1.0,1.0,,,0.0,1.0,,,,C_classical
ACS_STATES,package,51,masking,A,,unit,12,200,theta2,donor,design,textbook_t|fpc|lin|xf,2,1,0.004309649920151349,0.5869133706061809,1.0,1.0,1.0,,,0.0,1.0,,,,C_classical
ACS_STATES,package,51,masking,A,,unit,12,200,theta2,donor,design,textbook_t|fpc|lin,2,1,0.0007209010739904957,1.1773382727345938,1.0,1.0,1.0,,,0.9922040167734617,0.0,,,,C_ppi
ACS_STATES,package,51,masking,A,,unit,12,200,theta2,donor,design,textbook_t|fpc|lin|xf,2,1,0.0007209010739904957,1.1773382727345938,1.0,1.0,1.0,,,0.9922040167734617,0.0,,,,C_ppi
ACS_STATES,package,51,masking,A,,unit,12,500,theta3,donor,design,textbook_t|fpc|lin,2,1,0.0008674019690684623,11.002604603736293,1.0,1.0,1.0,,,0.0,1.0,,,,r4_classical
ACS_STATES,package,51,masking,A,,unit,12,500,theta3,donor,design,textbook_t|fpc|lin|xf,2,1,0.0008674019690684623,11.002604603736293,1.0,1.0,1.0,,,0.0,1.0,,,,r4_classical
ACS_STATES,package,51,masking,A,,unit,12,500,theta3,donor,design,textbook_t|fpc|lin,2,1,0.00018203808743132784,1.2806215645315104,1.0,1.0,1.0,,,0.9321367956829463,0.0,,,,r4_ppi
ACS_STATES,package,51,masking,A,,unit,12,500,theta3,donor,design,textbook_t|fpc|lin|xf,2,1,0.00018203808743132784,1.2811552416847136,1.0,1.0,1.0,,,0.9321367956829463,0.0,,,,r4_ppi
ACS_STATES,package,51,masking,A,,unit,12,500,theta3,donor,design,textbook_t|fpc|lin,2,1,0.00037997872296581357,1.0089556886623028,0.5,0.5,0.5,,,0.0,1.0,,,,P_classical
ACS_STATES,package,51,masking,A,,unit,12,500,theta3,donor,design,textbook_t|fpc|lin|xf,2,1,0.00037997872296581357,1.0089556886623028,0.5,0.5,0.5,,,0.0,1.0,,,,P_classical
ACS_STATES,package,51,masking,A,,unit,12,500,theta3,donor,design,textbook_t|fpc|lin,2,1,6.34231522981792e-05,2.291742954102391,1.0,1.0,1.0,,,0.9957877864273799,0.0,,,,P_ppi
ACS_STATES,package,51,masking,A,,unit,12,500,theta3,donor,design,textbook_t|fpc|lin|xf,2,1,6.34231522981792e-05,2.3105731955983426,1.0,1.0,1.0,,,0.9957877864273799,0.0,,,,P_ppi
ACS_STATES,package,51,masking,A,,unit,12,500,theta3,donor,design,textbook_t|fpc|lin,2,1,0.0003715057420264922,1.068536784582485,0.5,0.5,0.5,,,0.0,1.0,,,,C_classical
ACS_STATES,package,51,masking,A,,unit,12,500,theta3,donor,design,textbook_t|fpc|lin|xf,2,1,0.0003715057420264922,1.068536784582485,0.5,0.5,0.5,,,0.0,1.0,,,,C_classical
ACS_STATES,package,51,masking,A,,unit,12,500,theta3,donor,design,textbook_t|fpc|lin,2,1,9.150191184492543e-05,1.565282245745367,1.0,1.0,1.0,,,0.9949484266352455,0.0,,,,C_ppi
ACS_STATES,package,51,masking,A,,unit,12,500,theta3,donor,design,textbook_t|fpc|lin|xf,2,1,9.150191184492543e-05,1.5766862296135702,1.0,1.0,1.0,,,0.9949484266352455,0.0,,,,C_ppi
ACS_STATES,package,51,masking,A,,unit,12,500,theta2,donor,design,textbook_t|fpc|lin,2,1,8.169137877564208e-05,9.671792158621704,1.0,1.0,1.0,,,0.0,1.0,,,,r4_classical
ACS_STATES,package,51,masking,A,,unit,12,500,theta2,donor,design,textbook_t|fpc|lin|xf,2,1,8.169137877564208e-05,9.671792158621704,1.0,1.0,1.0,,,0.0,1.0,,,,r4_classical
ACS_STATES,package,51,masking,A,,unit,12,500,theta2,donor,design,textbook_t|fpc|lin,2,1,9.044382627339564e-06,55.677870372148746,1.0,1.0,1.0,,,0.8045483688290564,0.0,,,,r4_ppi
ACS_STATES,package,51,masking,A,,unit,12,500,theta2,donor,design,textbook_t|fpc|lin|xf,2,1,9.044382627339564e-06,56.04925865583588,1.0,1.0,1.0,,,0.8045483688290564,0.0,,,,r4_ppi
ACS_STATES,package,51,masking,A,,unit,12,500,theta2,donor,design,textbook_t|fpc|lin,2,1,8.169137877564208e-05,9.671792158621704,1.0,1.0,1.0,,,0.0,1.0,,,,P_classical
ACS_STATES,package,51,masking,A,,unit,12,500,theta2,donor,design,textbook_t|fpc|lin|xf,2,1,8.169137877564208e-05,9.671792158621704,1.0,1.0,1.0,,,0.0,1.0,,,,P_classical
ACS_STATES,package,51,masking,A,,unit,12,500,theta2,donor,design,textbook_t|fpc|lin,2,1,6.3956632816930454e-06,75.53890948664377,1.0,1.0,1.0,,,0.9836778396218702,0.0,,,,P_ppi
ACS_STATES,package,51,masking,A,,unit,12,500,theta2,donor,design,textbook_t|fpc|lin|xf,2,1,6.3956632816930454e-06,75.81792185983872,1.0,1.0,1.0,,,0.9836778396218702,0.0,,,,P_ppi
ACS_STATES,package,51,masking,A,,unit,12,500,theta2,donor,design,textbook_t|fpc|lin,2,1,8.169137877564208e-05,9.671792158621704,1.0,1.0,1.0,,,0.0,1.0,,,,C_classical
ACS_STATES,package,51,masking,A,,unit,12,500,theta2,donor,design,textbook_t|fpc|lin|xf,2,1,8.169137877564208e-05,9.671792158621704,1.0,1.0,1.0,,,0.0,1.0,,,,C_classical
ACS_STATES,package,51,masking,A,,unit,12,500,theta2,donor,design,textbook_t|fpc|lin,2,1,6.2989091683995515e-06,76.70256029133971,1.0,1.0,1.0,,,0.9839887157877287,0.0,,,,C_ppi
ACS_STATES,package,51,masking,A,,unit,12,500,theta2,donor,design,textbook_t|fpc|lin|xf,2,1,6.2989091683995515e-06,76.98595933046099,1.0,1.0,1.0,,,0.9839887157877287,0.0,,,,C_ppi
ACS_STATES,package,51,masking,A,,unit,12,all,theta3,donor,design,textbook_t|fpc|lin,2,1,3.205493330662278e-05,5.5340054898334285,1.0,1.0,1.0,,,0.0,1.0,,,,r4_classical
ACS_STATES,package,51,masking,A,,unit,12,all,theta3,donor,design,textbook_t|fpc|lin|xf,2,1,3.205493330662278e-05,5.5340054898334285,1.0,1.0,1.0,,,0.0,1.0,,,,r4_classical
ACS_STATES,package,51,masking,A,,unit,12,all,theta3,donor,design,textbook_t|fpc|lin,2,1,1.4450564770848987e-06,40.21054348217099,1.0,1.0,1.0,,,0.8375836651503922,0.0,,,,r4_ppi
ACS_STATES,package,51,masking,A,,unit,12,all,theta3,donor,design,textbook_t|fpc|lin|xf,2,1,1.4450564770848987e-06,40.57690669975704,1.0,1.0,1.0,,,0.8375836651503922,0.0,,,,r4_ppi
ACS_STATES,package,51,masking,A,,unit,12,all,theta3,donor,design,textbook_t|fpc|lin,2,1,3.205493330663033e-05,5.5340054898325555,1.0,1.0,1.0,,,0.0,1.0,,,,P_classical
ACS_STATES,package,51,masking,A,,unit,12,all,theta3,donor,design,textbook_t|fpc|lin|xf,2,1,3.205493330663033e-05,5.5340054898325555,1.0,1.0,1.0,,,0.0,1.0,,,,P_classical
ACS_STATES,package,51,masking,A,,unit,12,all,theta3,donor,design,textbook_t|fpc|lin,2,1,1.4450564770884848e-06,40.210543482071465,1.0,1.0,1.0,,,1.0,0.0,,,,P_ppi
ACS_STATES,package,51,masking,A,,unit,12,all,theta3,donor,design,textbook_t|fpc|lin|xf,2,1,1.4450564770884848e-06,40.576906699656476,1.0,1.0,1.0,,,1.0,0.0,,,,P_ppi
ACS_STATES,package,51,masking,A,,unit,12,all,theta3,donor,design,textbook_t|fpc|lin,2,1,3.2054933306621896e-05,5.534005489833603,1.0,1.0,1.0,,,0.0,1.0,,,,C_classical
ACS_STATES,package,51,masking,A,,unit,12,all,theta3,donor,design,textbook_t|fpc|lin|xf,2,1,3.2054933306621896e-05,5.534005489833603,1.0,1.0,1.0,,,0.0,1.0,,,,C_classical
ACS_STATES,package,51,masking,A,,unit,12,all,theta3,donor,design,textbook_t|fpc|lin,2,1,1.4450564770843324e-06,40.21054348218725,1.0,1.0,1.0,,,0.9992352828226501,0.0,,,,C_ppi
ACS_STATES,package,51,masking,A,,unit,12,all,theta3,donor,design,textbook_t|fpc|lin|xf,2,1,1.4450564770843324e-06,40.57690669977341,1.0,1.0,1.0,,,0.9992352828226501,0.0,,,,C_ppi
ACS_STATES,package,51,masking,A,,unit,12,all,theta2,donor,design,textbook_t|fpc|lin,2,1,0.0032392221891455303,0.25364785333269074,1.0,1.0,1.0,,,0.0,1.0,,,,r4_classical
ACS_STATES,package,51,masking,A,,unit,12,all,theta2,donor,design,textbook_t|fpc|lin|xf,2,1,0.0032392221891455303,0.25364785333269074,1.0,1.0,1.0,,,0.0,1.0,,,,r4_classical
ACS_STATES,package,51,masking,A,,unit,12,all,theta2,donor,design,textbook_t|fpc|lin,2,1,0.0011665137326023793,0.3570898030765955,1.0,1.0,1.0,,,0.9655103481409,0.0,,,,r4_ppi
ACS_STATES,package,51,masking,A,,unit,12,all,theta2,donor,design,textbook_t|fpc|lin|xf,2,1,0.0011665137326023793,0.35722764803471596,1.0,1.0,1.0,,,0.9655103481409,0.0,,,,r4_ppi
ACS_STATES,package,51,masking,A,,unit,12,all,theta2,donor,design,textbook_t|fpc|lin,2,1,0.0032392221891455303,0.25364785333269074,1.0,1.0,1.0,,,0.0,1.0,,,,P_classical
ACS_STATES,package,51,masking,A,,unit,12,all,theta2,donor,design,textbook_t|fpc|lin|xf,2,1,0.0032392221891455303,0.25364785333269074,1.0,1.0,1.0,,,0.0,1.0,,,,P_classical
ACS_STATES,package,51,masking,A,,unit,12,all,theta2,donor,design,textbook_t|fpc|lin,2,1,0.0011665137326028084,0.3570898030764385,1.0,1.0,1.0,,,0.9941977934745796,0.0,,,,P_ppi
ACS_STATES,package,51,masking,A,,unit,12,all,theta2,donor,design,textbook_t|fpc|lin|xf,2,1,0.0011665137326028084,0.3572276480345584,1.0,1.0,1.0,,,0.9941977934745796,0.0,,,,P_ppi
ACS_STATES,package,51,masking,A,,unit,12,all,theta2,donor,design,textbook_t|fpc|lin,2,1,0.0032392221891455303,0.25364785333269074,1.0,1.0,1.0,,,0.0,1.0,,,,C_classical
ACS_STATES,package,51,masking,A,,unit,12,all,theta2,donor,design,textbook_t|fpc|lin|xf,2,1,0.0032392221891455303,0.25364785333269074,1.0,1.0,1.0,,,0.0,1.0,,,,C_classical
ACS_STATES,package,51,masking,A,,unit,12,all,theta2,donor,design,textbook_t|fpc|lin,2,1,0.0011665137326028084,0.35708980307644017,1.0,1.0,1.0,,,0.9945690589716175,0.0,,,,C_ppi
ACS_STATES,package,51,masking,A,,unit,12,all,theta2,donor,design,textbook_t|fpc|lin|xf,2,1,0.0011665137326028084,0.3572276480345601,1.0,1.0,1.0,,,0.9945690589716175,0.0,,,,C_ppi
ACS_STATES,package,51,masking,A,,unit,16,25,theta3,donor,design,textbook_t|fpc|lin,2,1,0.03191034491160272,7.288630178721895,1.0,1.0,1.0,,,0.0,1.0,,,,r4_classical
ACS_STATES,package,51,masking,A,,unit,16,25,theta3,donor,design,textbook_t|fpc|lin|xf,2,1,0.03191034491160272,7.288630178721895,1.0,1.0,1.0,,,0.0,1.0,,,,r4_classical
ACS_STATES,package,51,masking,A,,unit,16,25,theta3,donor,design,textbook_t|fpc|lin,2,1,0.001324949589641807,1.3834740546862387,1.0,1.0,1.0,,,0.979218635657932,0.0,,,,r4_ppi
ACS_STATES,package,51,masking,A,,unit,16,25,theta3,donor,design,textbook_t|fpc|lin|xf,2,1,0.001324949589641807,1.383482261757026,1.0,1.0,1.0,,,0.979218635657932,0.0,,,,r4_ppi
ACS_STATES,package,51,masking,A,,unit,16,25,theta3,donor,design,textbook_t|fpc|lin,2,1,0.0003227038835396978,14.59931590152256,1.0,1.0,1.0,,,0.0,1.0,,,,P_classical
ACS_STATES,package,51,masking,A,,unit,16,25,theta3,donor,design,textbook_t|fpc|lin|xf,2,1,0.0003227038835396978,14.59931590152256,1.0,1.0,1.0,,,0.0,1.0,,,,P_classical
ACS_STATES,package,51,masking,A,,unit,16,25,theta3,donor,design,textbook_t|fpc|lin,2,1,0.0011630275940706343,1.2482392727573837,1.0,1.0,1.0,,,1.0,0.0,,,,P_ppi
ACS_STATES,package,51,masking,A,,unit,16,25,theta3,donor,design,textbook_t|fpc|lin|xf,2,1,0.0011630275940706343,1.2483028820875846,1.0,1.0,1.0,,,1.0,0.0,,,,P_ppi
ACS_STATES,package,51,masking,A,,unit,16,25,theta3,donor,design,textbook_t|fpc|lin,2,1,0.0003244202169251152,14.984853533845355,1.0,1.0,1.0,,,0.0,1.0,,,,C_classical
ACS_STATES,package,51,masking,A,,unit,16,25,theta3,donor,design,textbook_t|fpc|lin|xf,2,1,0.0003244202169251152,14.984853533845355,1.0,1.0,1.0,,,0.0,1.0,,,,C_classical
ACS_STATES,package,51,masking,A,,unit,16,25,theta3,donor,design,textbook_t|fpc|lin,2,1,0.0008076491482985634,1.887251450609436,1.0,1.0,1.0,,,0.9905757620436111,0.0,,,,C_ppi
ACS_STATES,package,51,masking,A,,unit,16,25,theta3,donor,design,textbook_t|fpc|lin|xf,2,1,0.0008076491482985634,1.887251450609436,1.0,1.0,1.0,,,0.9905757620436111,0.0,,,,C_ppi
ACS_STATES,package,51,masking,A,,unit,16,25,theta2,donor,design,textbook_t|fpc|lin,2,1,0.01477725416192088,0.2803066923059296,0.5,0.5,0.5,,,0.0,1.0,,,,r4_classical
ACS_STATES,package,51,masking,A,,unit,16,25,theta2,donor,design,textbook_t|fpc|lin|xf,2,1,0.01477725416192088,0.2803066923059296,0.5,0.5,0.5,,,0.0,1.0,,,,r4_classical
ACS_STATES,package,51,masking,A,,unit,16,25,theta2,donor,design,textbook_t|fpc|lin,2,1,0.009252089402783208,0.11664813378611738,0.5,0.5,0.5,,,1.0,0.0,,,,r4_ppi
ACS_STATES,package,51,masking,A,,unit,16,25,theta2,donor,design,textbook_t|fpc|lin|xf,2,1,0.009252089402783208,0.11664813378611738,0.5,0.5,0.5,,,1.0,0.0,,,,r4_ppi
ACS_STATES,package,51,masking,A,,unit,16,25,theta2,donor,design,textbook_t|fpc|lin,2,1,0.01477725416192088,0.2803066923059296,0.5,0.5,0.5,,,0.0,1.0,,,,P_classical
ACS_STATES,package,51,masking,A,,unit,16,25,theta2,donor,design,textbook_t|fpc|lin|xf,2,1,0.01477725416192088,0.2803066923059296,0.5,0.5,0.5,,,0.0,1.0,,,,P_classical
ACS_STATES,package,51,masking,A,,unit,16,25,theta2,donor,design,textbook_t|fpc|lin,2,1,0.010166365577886508,0.11410222006400057,0.5,0.5,0.5,,,0.9800250376736974,0.0,,,,P_ppi
ACS_STATES,package,51,masking,A,,unit,16,25,theta2,donor,design,textbook_t|fpc|lin|xf,2,1,0.010166365577886508,0.11487692092745982,0.5,0.5,0.5,,,0.9800250376736974,0.0,,,,P_ppi
ACS_STATES,package,51,masking,A,,unit,16,25,theta2,donor,design,textbook_t|fpc|lin,2,1,0.01477725416192088,0.2803066923059296,0.5,0.5,0.5,,,0.0,1.0,,,,C_classical
ACS_STATES,package,51,masking,A,,unit,16,25,theta2,donor,design,textbook_t|fpc|lin|xf,2,1,0.01477725416192088,0.2803066923059296,0.5,0.5,0.5,,,0.0,1.0,,,,C_classical
ACS_STATES,package,51,masking,A,,unit,16,25,theta2,donor,design,textbook_t|fpc|lin,2,1,0.010396950055899756,0.11220527788447986,0.5,0.5,0.5,,,0.9751648818566263,0.0,,,,C_ppi
ACS_STATES,package,51,masking,A,,unit,16,25,theta2,donor,design,textbook_t|fpc|lin|xf,2,1,0.010396950055899756,0.11296279736366228,0.5,0.5,0.5,,,0.9751648818566263,0.0,,,,C_ppi
ACS_STATES,package,51,masking,A,,unit,16,50,theta3,donor,design,textbook_t|fpc|lin,2,1,0.07939222909163304,1.7341292452925878,1.0,1.0,1.0,,,0.0,1.0,,,,r4_classical
ACS_STATES,package,51,masking,A,,unit,16,50,theta3,donor,design,textbook_t|fpc|lin|xf,2,1,0.07939222909163304,1.7341292452925878,1.0,1.0,1.0,,,0.0,1.0,,,,r4_classical
ACS_STATES,package,51,masking,A,,unit,16,50,theta3,donor,design,textbook_t|fpc|lin,2,1,0.00024713051651057804,4.038037284847175,1.0,1.0,1.0,,,0.9765295669561465,0.0,,,,r4_ppi
ACS_STATES,package,51,masking,A,,unit,16,50,theta3,donor,design,textbook_t|fpc|lin|xf,2,1,0.00024713051651057804,4.038069935850423,1.0,1.0,1.0,,,0.9765295669561465,0.0,,,,r4_ppi
ACS_STATES,package,51,masking,A,,unit,16,50,theta3,donor,design,textbook_t|fpc|lin,2,1,0.0004674578683509068,4.168283537765849,1.0,1.0,1.0,,,0.0,1.0,,,,P_classical
ACS_STATES,package,51,masking,A,,unit,16,50,theta3,donor,design,textbook_t|fpc|lin|xf,2,1,0.0004674578683509068,4.168283537765849,1.0,1.0,1.0,,,0.0,1.0,,,,P_classical
ACS_STATES,package,51,masking,A,,unit,16,50,theta3,donor,design,textbook_t|fpc|lin,2,1,0.0007462567047609769,1.111458831942009,0.5,0.5,0.5,,,0.9510262845878227,0.0,,,,P_ppi
ACS_STATES,package,51,masking,A,,unit,16,50,theta3,donor,design,textbook_t|fpc|lin|xf,2,1,0.0007462567047609769,1.1138801900476711,0.5,0.5,0.5,,,0.9510262845878227,0.0,,,,P_ppi
ACS_STATES,package,51,masking,A,,unit,16,50,theta3,donor,design,textbook_t|fpc|lin,2,1,0.001738486106530319,1.1049261046735386,1.0,1.0,1.0,,,0.0,1.0,,,,C_classical
ACS_STATES,package,51,masking,A,,unit,16,50,theta3,donor,design,textbook_t|fpc|lin|xf,2,1,0.001738486106530319,1.1049261046735386,1.0,1.0,1.0,,,0.0,1.0,,,,C_classical
ACS_STATES,package,51,masking,A,,unit,16,50,theta3,donor,design,textbook_t|fpc|lin,2,1,0.0013698214653702226,0.5877989995080004,0.5,0.5,0.5,,,0.9370845251221949,0.0,,,,C_ppi
ACS_STATES,package,51,masking,A,,unit,16,50,theta3,donor,design,textbook_t|fpc|lin|xf,2,1,0.0013698214653702226,0.5888243088406132,0.5,0.5,0.5,,,0.9370845251221949,0.0,,,,C_ppi
ACS_STATES,package,51,masking,A,,unit,16,50,theta2,donor,design,textbook_t|fpc|lin,2,1,0.001177517202136491,1.9341999865583797,1.0,1.0,1.0,,,0.0,1.0,,,,r4_classical
ACS_STATES,package,51,masking,A,,unit,16,50,theta2,donor,design,textbook_t|fpc|lin|xf,2,1,0.001177517202136491,1.9341999865583797,1.0,1.0,1.0,,,0.0,1.0,,,,r4_classical
ACS_STATES,package,51,masking,A,,unit,16,50,theta2,donor,design,textbook_t|fpc|lin,2,1,6.229537053620803e-05,17.659144772540603,1.0,1.0,1.0,,,0.7996469135649641,0.0,,,,r4_ppi
ACS_STATES,package,51,masking,A,,unit,16,50,theta2,donor,design,textbook_t|fpc|lin|xf,2,1,6.229537053620803e-05,17.743383513414738,1.0,1.0,1.0,,,0.7996469135649641,0.0,,,,r4_ppi
ACS_STATES,package,51,masking,A,,unit,16,50,theta2,donor,design,textbook_t|fpc|lin,2,1,0.001177517202136491,1.9341999865583797,1.0,1.0,1.0,,,0.0,1.0,,,,P_classical
ACS_STATES,package,51,masking,A,,unit,16,50,theta2,donor,design,textbook_t|fpc|lin|xf,2,1,0.001177517202136491,1.9341999865583797,1.0,1.0,1.0,,,0.0,1.0,,,,P_classical
ACS_STATES,package,51,masking,A,,unit,16,50,theta2,donor,design,textbook_t|fpc|lin,2,1,0.0005379386498596905,1.658875488709508,1.0,1.0,1.0,,,0.9754357433342848,0.0,,,,P_ppi
ACS_STATES,package,51,masking,A,,unit,16,50,theta2,donor,design,textbook_t|fpc|lin|xf,2,1,0.0005379386498596905,1.658875488709508,1.0,1.0,1.0,,,0.9754357433342848,0.0,,,,P_ppi
ACS_STATES,package,51,masking,A,,unit,16,50,theta2,donor,design,textbook_t|fpc|lin,2,1,0.001177517202136491,1.9341999865583797,1.0,1.0,1.0,,,0.0,1.0,,,,C_classical
ACS_STATES,package,51,masking,A,,unit,16,50,theta2,donor,design,textbook_t|fpc|lin|xf,2,1,0.001177517202136491,1.9341999865583797,1.0,1.0,1.0,,,0.0,1.0,,,,C_classical
ACS_STATES,package,51,masking,A,,unit,16,50,theta2,donor,design,textbook_t|fpc|lin,2,1,0.0005456295316828628,1.633100317078734,1.0,1.0,1.0,,,0.977230826714849,0.0,,,,C_ppi
ACS_STATES,package,51,masking,A,,unit,16,50,theta2,donor,design,textbook_t|fpc|lin|xf,2,1,0.0005456295316828628,1.633100317078734,1.0,1.0,1.0,,,0.977230826714849,0.0,,,,C_ppi
ACS_STATES,package,51,masking,A,,unit,16,100,theta3,donor,design,textbook_t|fpc|lin,2,1,0.004709020723077596,8.376669953890296,1.0,1.0,1.0,,,0.0,1.0,,,,r4_classical
ACS_STATES,package,51,masking,A,,unit,16,100,theta3,donor,design,textbook_t|fpc|lin|xf,2,1,0.004709020723077596,8.376669953890296,1.0,1.0,1.0,,,0.0,1.0,,,,r4_classical
ACS_STATES,package,51,masking,A,,unit,16,100,theta3,donor,design,textbook_t|fpc|lin,2,1,0.0008160329564990208,0.4944201808685847,0.5,0.5,0.5,,,0.9620114109890291,0.0,,,,r4_ppi
ACS_STATES,package,51,masking,A,,unit,16,100,theta3,donor,design,textbook_t|fpc|lin|xf,2,1,0.0008160329564990208,0.49443317287304284,0.5,0.5,0.5,,,0.9620114109890291,0.0,,,,r4_ppi
ACS_STATES,package,51,masking,A,,unit,16,100,theta3,donor,design,textbook_t|fpc|lin,2,1,0.002372659332531375,0.37465420486695267,0.5,0.5,0.5,,,0.0,1.0,,,,P_classical
ACS_STATES,package,51,masking,A,,unit,16,100,theta3,donor,design,textbook_t|fpc|lin|xf,2,1,0.002372659332531375,0.37465420486695267,0.5,0.5,0.5,,,0.0,1.0,,,,P_classical
ACS_STATES,package,51,masking,A,,unit,16,100,theta3,donor,design,textbook_t|fpc|lin,2,1,0.0010824972581846884,0.32133810262837564,0.5,0.5,0.5,,,0.961315709610689,0.0,,,,P_ppi
ACS_STATES,package,51,masking,A,,unit,16,100,theta3,donor,design,textbook_t|fpc|lin|xf,2,1,0.0010824972581846884,0.3213645642796864,0.5,0.5,0.5,,,0.961315709610689,0.0,,,,P_ppi
ACS_STATES,package,51,masking,A,,unit,16,100,theta3,donor,design,textbook_t|fpc|lin,2,1,0.003021207436676252,0.3537190816327119,0.5,0.5,0.5,,,0.0,1.0,,,,C_classical
ACS_STATES,package,51,masking,A,,unit,16,100,theta3,donor,design,textbook_t|fpc|lin|xf,2,1,0.003021207436676252,0.3537190816327119,0.5,0.5,0.5,,,0.0,1.0,,,,C_classical
ACS_STATES,package,51,masking,A,,unit,16,100,theta3,donor,design,textbook_t|fpc|lin,2,1,0.001186184119215677,0.31058430987668495,0.5,0.5,0.5,,,0.9571180867330873,0.0,,,,C_ppi
ACS_STATES,package,51,masking,A,,unit,16,100,theta3,donor,design,textbook_t|fpc|lin|xf,2,1,0.001186184119215677,0.3107751609050014,0.5,0.5,0.5,,,0.9571180867330873,0.0,,,,C_ppi
ACS_STATES,package,51,masking,A,,unit,16,100,theta2,donor,design,textbook_t|fpc|lin,2,1,0.0011693577216731373,0.8467071740776811,0.5,0.5,0.5,,,0.0,1.0,,,,r4_classical
ACS_STATES,package,51,masking,A,,unit,16,100,theta2,donor,design,textbook_t|fpc|lin|xf,2,1,0.0011693577216731373,0.8467071740776811,0.5,0.5,0.5,,,0.0,1.0,,,,r4_classical
ACS_STATES,package,51,masking,A,,unit,16,100,theta2,donor,design,textbook_t|fpc|lin,2,1,8.590928659687067e-05,6.952942096925106,1.0,1.0,1.0,,,0.8226507043630855,0.0,,,,r4_ppi
ACS_STATES,package,51,masking,A,,unit,16,100,theta2,donor,design,textbook_t|fpc|lin|xf,2,1,8.590928659687067e-05,6.987855010763219,1.0,1.0,1.0,,,0.8226507043630855,0.0,,,,r4_ppi
ACS_STATES,package,51,masking,A,,unit,16,100,theta2,donor,design,textbook_t|fpc|lin,2,1,0.0011693577216731373,0.8467071740776811,0.5,0.5,0.5,,,0.0,1.0,,,,P_classical
ACS_STATES,package,51,masking,A,,unit,16,100,theta2,donor,design,textbook_t|fpc|lin|xf,2,1,0.0011693577216731373,0.8467071740776811,0.5,0.5,0.5,,,0.0,1.0,,,,P_classical
ACS_STATES,package,51,masking,A,,unit,16,100,theta2,donor,design,textbook_t|fpc|lin,2,1,0.00039491176501877686,1.2849892050864506,1.0,1.0,1.0,,,0.9985551030939782,0.0,,,,P_ppi
ACS_STATES,package,51,masking,A,,unit,16,100,theta2,donor,design,textbook_t|fpc|lin|xf,2,1,0.00039491176501877686,1.292457922177405,1.0,1.0,1.0,,,0.9985551030939782,0.0,,,,P_ppi
ACS_STATES,package,51,masking,A,,unit,16,100,theta2,donor,design,textbook_t|fpc|lin,2,1,0.0011693577216731373,0.8467071740776811,0.5,0.5,0.5,,,0.0,1.0,,,,C_classical
ACS_STATES,package,51,masking,A,,unit,16,100,theta2,donor,design,textbook_t|fpc|lin|xf,2,1,0.0011693577216731373,0.8467071740776811,0.5,0.5,0.5,,,0.0,1.0,,,,C_classical
ACS_STATES,package,51,masking,A,,unit,16,100,theta2,donor,design,textbook_t|fpc|lin,2,1,0.00039490352588016455,1.284968516766692,1.0,1.0,1.0,,,0.998590059671291,0.0,,,,C_ppi
ACS_STATES,package,51,masking,A,,unit,16,100,theta2,donor,design,textbook_t|fpc|lin|xf,2,1,0.00039490352588016455,1.2924356927014822,1.0,1.0,1.0,,,0.998590059671291,0.0,,,,C_ppi
ACS_STATES,package,51,masking,A,,unit,16,200,theta3,donor,design,textbook_t|fpc|lin,2,1,0.00046499114534868274,72.20437778481677,1.0,1.0,1.0,,,0.0,1.0,,,,r4_classical
ACS_STATES,package,51,masking,A,,unit,16,200,theta3,donor,design,textbook_t|fpc|lin|xf,2,1,0.00046499114534868274,72.20437778481677,1.0,1.0,1.0,,,0.0,1.0,,,,r4_classical
ACS_STATES,package,51,masking,A,,unit,16,200,theta3,donor,design,textbook_t|fpc|lin,2,1,0.00012440267352654418,5.662147548493194,1.0,1.0,1.0,,,0.9596536799510427,0.0,,,,r4_ppi
ACS_STATES,package,51,masking,A,,unit,16,200,theta3,donor,design,textbook_t|fpc|lin|xf,2,1,0.00012440267352654418,5.6625709814066205,1.0,1.0,1.0,,,0.9596536799510427,0.0,,,,r4_ppi
ACS_STATES,package,51,masking,A,,unit,16,200,theta3,donor,design,textbook_t|fpc|lin,2,1,0.00016480305199904674,4.549648103672072,1.0,1.0,1.0,,,0.0,1.0,,,,P_classical
ACS_STATES,package,51,masking,A,,unit,16,200,theta3,donor,design,textbook_t|fpc|lin|xf,2,1,0.00016480305199904674,4.549648103672072,1.0,1.0,1.0,,,0.0,1.0,,,,P_classical
ACS_STATES,package,51,masking,A,,unit,16,200,theta3,donor,design,textbook_t|fpc|lin,2,1,3.878199476167333e-07,814.8152707981233,1.0,1.0,1.0,,,0.991099361958182,0.0,,,,P_ppi
ACS_STATES,package,51,masking,A,,unit,16,200,theta3,donor,design,textbook_t|fpc|lin|xf,2,1,3.878199476167333e-07,820.0302951650797,1.0,1.0,1.0,,,0.991099361958182,0.0,,,,P_ppi
ACS_STATES,package,51,masking,A,,unit,16,200,theta3,donor,design,textbook_t|fpc|lin,2,1,0.00018631402862626263,4.396210241118333,1.0,1.0,1.0,,,0.0,1.0,,,,C_classical
ACS_STATES,package,51,masking,A,,unit,16,200,theta3,donor,design,textbook_t|fpc|lin|xf,2,1,0.00018631402862626263,4.396210241118333,1.0,1.0,1.0,,,0.0,1.0,,,,C_classical
ACS_STATES,package,51,masking,A,,unit,16,200,theta3,donor,design,textbook_t|fpc|lin,2,1,4.5709053686435346e-11,6801351.620758709,1.0,1.0,1.0,,,0.9926894629227518,0.0,,,,C_ppi
ACS_STATES,package,51,masking,A,,unit,16,200,theta3,donor,design,textbook_t|fpc|lin|xf,2,1,4.5709053686435346e-11,6845598.664040054,1.0,1.0,1.0,,,0.9926894629227518,0.0,,,,C_ppi
ACS_STATES,package,51,masking,A,,unit,16,200,theta2,donor,design,textbook_t|fpc|lin,2,1,0.0033522146654162625,0.4156026154831629,1.0,1.0,1.0,,,0.0,1.0,,,,r4_classical
ACS_STATES,package,51,masking,A,,unit,16,200,theta2,donor,design,textbook_t|fpc|lin|xf,2,1,0.0033522146654162625,0.4156026154831629,1.0,1.0,1.0,,,0.0,1.0,,,,r4_classical
ACS_STATES,package,51,masking,A,,unit,16,200,theta2,donor,design,textbook_t|fpc|lin,2,1,0.0022094660889017646,0.2605319618325583,0.5,0.5,0.5,,,0.9850705411395135,0.0,,,,r4_ppi
ACS_STATES,package,51,masking,A,,unit,16,200,theta2,donor,design,textbook_t|fpc|lin|xf,2,1,0.0022094660889017646,0.260550283682337,0.5,0.5,0.5,,,0.9850705411395135,0.0,,,,r4_ppi
ACS_STATES,package,51,masking,A,,unit,16,200,theta2,donor,design,textbook_t|fpc|lin,2,1,0.0033522146654162625,0.4156026154831629,1.0,1.0,1.0,,,0.0,1.0,,,,P_classical
ACS_STATES,package,51,masking,A,,unit,16,200,theta2,donor,design,textbook_t|fpc|lin|xf,2,1,0.0033522146654162625,0.4156026154831629,1.0,1.0,1.0,,,0.0,1.0,,,,P_classical
ACS_STATES,package,51,masking,A,,unit,16,200,theta2,donor,design,textbook_t|fpc|lin,2,1,0.002195052913289589,0.2616222635084351,0.5,0.5,0.5,,,0.9911262565532213,0.0,,,,P_ppi
ACS_STATES,package,51,masking,A,,unit,16,200,theta2,donor,design,textbook_t|fpc|lin|xf,2,1,0.002195052913289589,0.2616222635084351,0.5,0.5,0.5,,,0.9911262565532213,0.0,,,,P_ppi
ACS_STATES,package,51,masking,A,,unit,16,200,theta2,donor,design,textbook_t|fpc|lin,2,1,0.0033522146654162625,0.4156026154831629,1.0,1.0,1.0,,,0.0,1.0,,,,C_classical
ACS_STATES,package,51,masking,A,,unit,16,200,theta2,donor,design,textbook_t|fpc|lin|xf,2,1,0.0033522146654162625,0.4156026154831629,1.0,1.0,1.0,,,0.0,1.0,,,,C_classical
ACS_STATES,package,51,masking,A,,unit,16,200,theta2,donor,design,textbook_t|fpc|lin,2,1,0.0021961486619942305,0.2614919770385578,0.5,0.5,0.5,,,0.989465933128109,0.0,,,,C_ppi
ACS_STATES,package,51,masking,A,,unit,16,200,theta2,donor,design,textbook_t|fpc|lin|xf,2,1,0.0021961486619942305,0.2614919770385578,0.5,0.5,0.5,,,0.989465933128109,0.0,,,,C_ppi
ACS_STATES,package,51,masking,A,,unit,16,500,theta3,donor,design,textbook_t|fpc|lin,2,1,0.00047343461048755196,27.994886505270294,1.0,1.0,1.0,,,0.0,1.0,,,,r4_classical
ACS_STATES,package,51,masking,A,,unit,16,500,theta3,donor,design,textbook_t|fpc|lin|xf,2,1,0.00047343461048755196,27.994886505270294,1.0,1.0,1.0,,,0.0,1.0,,,,r4_classical
ACS_STATES,package,51,masking,A,,unit,16,500,theta3,donor,design,textbook_t|fpc|lin,2,1,3.135017002502131e-05,2.855244332326768,1.0,1.0,1.0,,,0.9852067107355953,0.0,,,,r4_ppi
ACS_STATES,package,51,masking,A,,unit,16,500,theta3,donor,design,textbook_t|fpc|lin|xf,2,1,3.135017002502131e-05,2.8552444251727875,1.0,1.0,1.0,,,0.9852067107355953,0.0,,,,r4_ppi
ACS_STATES,package,51,masking,A,,unit,16,500,theta3,donor,design,textbook_t|fpc|lin,2,1,1.5997140660550467e-05,19.178183263965593,1.0,1.0,1.0,,,0.0,1.0,,,,P_classical
ACS_STATES,package,51,masking,A,,unit,16,500,theta3,donor,design,textbook_t|fpc|lin|xf,2,1,1.5997140660550467e-05,19.178183263965593,1.0,1.0,1.0,,,0.0,1.0,,,,P_classical
ACS_STATES,package,51,masking,A,,unit,16,500,theta3,donor,design,textbook_t|fpc|lin,2,1,3.241022844071536e-05,3.063663552691669,1.0,1.0,1.0,,,0.9903206613460315,0.0,,,,P_ppi
ACS_STATES,package,51,masking,A,,unit,16,500,theta3,donor,design,textbook_t|fpc|lin|xf,2,1,3.241022844071536e-05,3.114659347491956,1.0,1.0,1.0,,,0.9903206613460315,0.0,,,,P_ppi
ACS_STATES,package,51,masking,A,,unit,16,500,theta3,donor,design,textbook_t|fpc|lin,2,1,1.2335666323553645e-05,27.635333275503037,1.0,1.0,1.0,,,0.0,1.0,,,,C_classical
ACS_STATES,package,51,masking,A,,unit,16,500,theta3,donor,design,textbook_t|fpc|lin|xf,2,1,1.2335666323553645e-05,27.635333275503037,1.0,1.0,1.0,,,0.0,1.0,,,,C_classical
ACS_STATES,package,51,masking,A,,unit,16,500,theta3,donor,design,textbook_t|fpc|lin,2,1,2.496480107099228e-05,3.976493751131419,1.0,1.0,1.0,,,0.9905304035352336,0.0,,,,C_ppi
ACS_STATES,package,51,masking,A,,unit,16,500,theta3,donor,design,textbook_t|fpc|lin|xf,2,1,2.496480107099228e-05,4.033964122539005,1.0,1.0,1.0,,,0.9905304035352336,0.0,,,,C_ppi
ACS_STATES,package,51,masking,A,,unit,16,500,theta2,donor,design,textbook_t|fpc|lin,2,1,4.5567797798305716e-05,20.22027649178428,1.0,1.0,1.0,,,0.0,1.0,,,,r4_classical
ACS_STATES,package,51,masking,A,,unit,16,500,theta2,donor,design,textbook_t|fpc|lin|xf,2,1,4.5567797798305716e-05,20.22027649178428,1.0,1.0,1.0,,,0.0,1.0,,,,r4_classical
ACS_STATES,package,51,masking,A,,unit,16,500,theta2,donor,design,textbook_t|fpc|lin,2,1,0.00039410702579264784,1.045986930267645,1.0,1.0,1.0,,,0.8882057127249334,0.0,,,,r4_ppi
ACS_STATES,package,51,masking,A,,unit,16,500,theta2,donor,design,textbook_t|fpc|lin|xf,2,1,0.00039410702579264784,1.0460058462181212,1.0,1.0,1.0,,,0.8882057127249334,0.0,,,,r4_ppi
ACS_STATES,package,51,masking,A,,unit,16,500,theta2,donor,design,textbook_t|fpc|lin,2,1,4.5567797798305716e-05,20.22027649178428,1.0,1.0,1.0,,,0.0,1.0,,,,P_classical
ACS_STATES,package,51,masking,A,,unit,16,500,theta2,donor,design,textbook_t|fpc|lin|xf,2,1,4.5567797798305716e-05,20.22027649178428,1.0,1.0,1.0,,,0.0,1.0,,,,P_classical
ACS_STATES,package,51,masking,A,,unit,16,500,theta2,donor,design,textbook_t|fpc|lin,2,1,0.00032994955354837907,1.314649317955831,1.0,1.0,1.0,,,0.9889812776359651,0.0,,,,P_ppi
ACS_STATES,package,51,masking,A,,unit,16,500,theta2,donor,design,textbook_t|fpc|lin|xf,2,1,0.00032994955354837907,1.3178938249054772,1.0,1.0,1.0,,,0.9889812776359651,0.0,,,,P_ppi
ACS_STATES,package,51,masking,A,,unit,16,500,theta2,donor,design,textbook_t|fpc|lin,2,1,4.5567797798305716e-05,20.22027649178428,1.0,1.0,1.0,,,0.0,1.0,,,,C_classical
ACS_STATES,package,51,masking,A,,unit,16,500,theta2,donor,design,textbook_t|fpc|lin|xf,2,1,4.5567797798305716e-05,20.22027649178428,1.0,1.0,1.0,,,0.0,1.0,,,,C_classical
ACS_STATES,package,51,masking,A,,unit,16,500,theta2,donor,design,textbook_t|fpc|lin,2,1,0.0003294486320308797,1.316849518733752,1.0,1.0,1.0,,,0.9887791788990299,0.0,,,,C_ppi
ACS_STATES,package,51,masking,A,,unit,16,500,theta2,donor,design,textbook_t|fpc|lin|xf,2,1,0.0003294486320308797,1.320098958905718,1.0,1.0,1.0,,,0.9887791788990299,0.0,,,,C_ppi
ACS_STATES,package,51,masking,A,,unit,16,all,theta3,donor,design,textbook_t|fpc|lin,2,1,3.253460838797368e-05,3.1615938136945387,1.0,1.0,1.0,,,0.0,1.0,,,,r4_classical
ACS_STATES,package,51,masking,A,,unit,16,all,theta3,donor,design,textbook_t|fpc|lin|xf,2,1,3.253460838797368e-05,3.1615938136945387,1.0,1.0,1.0,,,0.0,1.0,,,,r4_classical
ACS_STATES,package,51,masking,A,,unit,16,all,theta3,donor,design,textbook_t|fpc|lin,2,1,2.682397225750464e-06,9.180893515191357,1.0,1.0,1.0,,,0.8681984422543805,0.0,,,,r4_ppi
ACS_STATES,package,51,masking,A,,unit,16,all,theta3,donor,design,textbook_t|fpc|lin|xf,2,1,2.682397225750464e-06,9.228877827569303,1.0,1.0,1.0,,,0.8681984422543805,0.0,,,,r4_ppi
ACS_STATES,package,51,masking,A,,unit,16,all,theta3,donor,design,textbook_t|fpc|lin,2,1,3.2534608388030096e-05,3.1615938136895774,1.0,1.0,1.0,,,0.0,1.0,,,,P_classical
ACS_STATES,package,51,masking,A,,unit,16,all,theta3,donor,design,textbook_t|fpc|lin|xf,2,1,3.2534608388030096e-05,3.1615938136895774,1.0,1.0,1.0,,,0.0,1.0,,,,P_classical
ACS_STATES,package,51,masking,A,,unit,16,all,theta3,donor,design,textbook_t|fpc|lin,2,1,2.682397225750978e-06,9.180893515189634,1.0,1.0,1.0,,,0.9955379527465171,0.0,,,,P_ppi
ACS_STATES,package,51,masking,A,,unit,16,all,theta3,donor,design,textbook_t|fpc|lin|xf,2,1,2.682397225750978e-06,9.228877827567564,1.0,1.0,1.0,,,0.9955379527465171,0.0,,,,P_ppi
ACS_STATES,package,51,masking,A,,unit,16,all,theta3,donor,design,textbook_t|fpc|lin,2,1,3.2534608387974125e-05,3.161593813694496,1.0,1.0,1.0,,,0.0,1.0,,,,C_classical
ACS_STATES,package,51,masking,A,,unit,16,all,theta3,donor,design,textbook_t|fpc|lin|xf,2,1,3.2534608387974125e-05,3.161593813694496,1.0,1.0,1.0,,,0.0,1.0,,,,C_classical
ACS_STATES,package,51,masking,A,,unit,16,all,theta3,donor,design,textbook_t|fpc|lin,2,1,2.68239722576615e-06,9.180893515135622,1.0,1.0,1.0,,,0.9950338048432484,0.0,,,,C_ppi
ACS_STATES,package,51,masking,A,,unit,16,all,theta3,donor,design,textbook_t|fpc|lin|xf,2,1,2.68239722576615e-06,9.228877827513372,1.0,1.0,1.0,,,0.9950338048432484,0.0,,,,C_ppi
ACS_STATES,package,51,masking,A,,unit,16,all,theta2,donor,design,textbook_t|fpc|lin,2,1,0.0025561588170907373,0.19064233941375047,1.0,1.0,1.0,,,0.0,1.0,,,,r4_classical
ACS_STATES,package,51,masking,A,,unit,16,all,theta2,donor,design,textbook_t|fpc|lin|xf,2,1,0.0025561588170907373,0.19064233941375047,1.0,1.0,1.0,,,0.0,1.0,,,,r4_classical
ACS_STATES,package,51,masking,A,,unit,16,all,theta2,donor,design,textbook_t|fpc|lin,2,1,0.0010416565279672706,0.2884893789902593,1.0,1.0,1.0,,,0.8946927361015045,0.0,,,,r4_ppi
ACS_STATES,package,51,masking,A,,unit,16,all,theta2,donor,design,textbook_t|fpc|lin|xf,2,1,0.0010416565279672706,0.2893229551239212,1.0,1.0,1.0,,,0.8946927361015045,0.0,,,,r4_ppi
ACS_STATES,package,51,masking,A,,unit,16,all,theta2,donor,design,textbook_t|fpc|lin,2,1,0.0025561588170907373,0.19064233941375047,1.0,1.0,1.0,,,0.0,1.0,,,,P_classical
ACS_STATES,package,51,masking,A,,unit,16,all,theta2,donor,design,textbook_t|fpc|lin|xf,2,1,0.0025561588170907373,0.19064233941375047,1.0,1.0,1.0,,,0.0,1.0,,,,P_classical
ACS_STATES,package,51,masking,A,,unit,16,all,theta2,donor,design,textbook_t|fpc|lin,2,1,0.0010416565279679193,0.2884893789900673,1.0,1.0,1.0,,,1.0,0.0,,,,P_ppi
ACS_STATES,package,51,masking,A,,unit,16,all,theta2,donor,design,textbook_t|fpc|lin|xf,2,1,0.0010416565279679193,0.2893229551237279,1.0,1.0,1.0,,,1.0,0.0,,,,P_ppi
ACS_STATES,package,51,masking,A,,unit,16,all,theta2,donor,design,textbook_t|fpc|lin,2,1,0.0025561588170907373,0.19064233941375047,1.0,1.0,1.0,,,0.0,1.0,,,,C_classical
ACS_STATES,package,51,masking,A,,unit,16,all,theta2,donor,design,textbook_t|fpc|lin|xf,2,1,0.0025561588170907373,0.19064233941375047,1.0,1.0,1.0,,,0.0,1.0,,,,C_classical
ACS_STATES,package,51,masking,A,,unit,16,all,theta2,donor,design,textbook_t|fpc|lin,2,1,0.0010416565279679193,0.2884893789900673,1.0,1.0,1.0,,,1.0,0.0,,,,C_ppi
ACS_STATES,package,51,masking,A,,unit,16,all,theta2,donor,design,textbook_t|fpc|lin|xf,2,1,0.0010416565279679193,0.2893229551237279,1.0,1.0,1.0,,,1.0,0.0,,,,C_ppi
