vtag,arm,G,part,regime,budget,cost,n_L,m,estimand,population,target,interval,n_draws,n_genes,emp_var_median,est_var_over_emp_var_median,coverage_median,coverage_mean,coverage_min,width_ratio_median,emp_var_ratio_median,lambda_median,lambda_frac_zero,lambda_se_median,lambda_raw_mean_median,lambda_raw_mean_se_median,estimator,m_median
ACS_STATES,package,51,regcomp,A,2400.0,unit,4,600,theta3,donor,design,textbook_t|fpc|lin,2,1,0.00414106684397392,11.712986072648706,1.0,1.0,1.0,,,0.0,1.0,,,,r4_classical,
ACS_STATES,package,51,regcomp,A,2400.0,unit,4,600,theta3,donor,design,textbook_t|fpc|lin|xf,2,1,0.00414106684397392,11.712986072648706,1.0,1.0,1.0,,,0.0,1.0,,,,r4_classical,
ACS_STATES,package,51,regcomp,A,2400.0,unit,4,600,theta3,donor,design,textbook_t|fpc|lin,2,1,0.00414106684397392,11.712986072648706,1.0,1.0,1.0,,,0.0,1.0,,,,r4_ppi,
ACS_STATES,package,51,regcomp,A,2400.0,unit,4,600,theta3,donor,design,textbook_t|fpc|lin|xf,2,1,0.00414106684397392,11.712986072648706,1.0,1.0,1.0,,,0.0,1.0,,,,r4_ppi,
ACS_STATES,package,51,regcomp,A,2400.0,unit,4,600,theta3,donor,design,textbook_t|fpc|lin,2,1,0.00034572469484240475,3.0966447553576506,1.0,1.0,1.0,,,0.0,1.0,,,,P_classical,
ACS_STATES,package,51,regcomp,A,2400.0,unit,4,600,theta3,donor,design,textbook_t|fpc|lin|xf,2,1,0.00034572469484240475,3.0966447553576506,1.0,1.0,1.0,,,0.0,1.0,,,,P_classical,
ACS_STATES,package,51,regcomp,A,2400.0,unit,4,600,theta3,donor,design,textbook_t|fpc|lin,2,1,0.0003449115910372445,3.0312234222787855,1.0,1.0,1.0,,,0.9763768744812349,0.0,,,,P_ppi,
ACS_STATES,package,51,regcomp,A,2400.0,unit,4,600,theta3,donor,design,textbook_t|fpc|lin|xf,2,1,0.0003449115910372445,3.0312234222787855,1.0,1.0,1.0,,,0.9763768744812349,0.0,,,,P_ppi,
ACS_STATES,package,51,regcomp,A,2400.0,unit,4,600,theta3,donor,design,textbook_t|fpc|lin,2,1,0.00048132656672703625,2.2583927551076965,1.0,1.0,1.0,,,0.0,1.0,,,,C_classical,
ACS_STATES,package,51,regcomp,A,2400.0,unit,4,600,theta3,donor,design,textbook_t|fpc|lin|xf,2,1,0.00048132656672703625,2.2583927551076965,1.0,1.0,1.0,,,0.0,1.0,,,,C_classical,
ACS_STATES,package,51,regcomp,A,2400.0,unit,4,600,theta3,donor,design,textbook_t|fpc|lin,2,1,0.0003676898148062321,2.8598525807524617,1.0,1.0,1.0,,,0.9732873322783704,0.0,,,,C_ppi,
ACS_STATES,package,51,regcomp,A,2400.0,unit,4,600,theta3,donor,design,textbook_t|fpc|lin|xf,2,1,0.0003676898148062321,2.8598525807524617,1.0,1.0,1.0,,,0.9732873322783704,0.0,,,,C_ppi,
ACS_STATES,package,51,regcomp,A,2400.0,unit,4,600,theta2,donor,design,textbook_t|fpc|lin,2,1,0.018668123000667673,0.23063257930295772,0.5,0.5,0.5,,,0.0,1.0,,,,r4_classical,
ACS_STATES,package,51,regcomp,A,2400.0,unit,4,600,theta2,donor,design,textbook_t|fpc|lin|xf,2,1,0.018668123000667673,0.23063257930295772,0.5,0.5,0.5,,,0.0,1.0,,,,r4_classical,
ACS_STATES,package,51,regcomp,A,2400.0,unit,4,600,theta2,donor,design,textbook_t|fpc|lin,2,1,0.018668123000667673,0.23063257930295772,0.5,0.5,0.5,,,0.0,1.0,,,,r4_ppi,
ACS_STATES,package,51,regcomp,A,2400.0,unit,4,600,theta2,donor,design,textbook_t|fpc|lin|xf,2,1,0.018668123000667673,0.23063257930295772,0.5,0.5,0.5,,,0.0,1.0,,,,r4_ppi,
ACS_STATES,package,51,regcomp,A,2400.0,unit,4,600,theta2,donor,design,textbook_t|fpc|lin,2,1,0.018668123000667673,0.23063257930295772,0.5,0.5,0.5,,,0.0,1.0,,,,P_classical,
ACS_STATES,package,51,regcomp,A,2400.0,unit,4,600,theta2,donor,design,textbook_t|fpc|lin|xf,2,1,0.018668123000667673,0.23063257930295772,0.5,0.5,0.5,,,0.0,1.0,,,,P_classical,
ACS_STATES,package,51,regcomp,A,2400.0,unit,4,600,theta2,donor,design,textbook_t|fpc|lin,2,1,0.01059707643451599,0.35771847006525037,1.0,1.0,1.0,,,0.9786266758049191,0.0,,,,P_ppi,
ACS_STATES,package,51,regcomp,A,2400.0,unit,4,600,theta2,donor,design,textbook_t|fpc|lin|xf,2,1,0.01059707643451599,0.35771847006525037,1.0,1.0,1.0,,,0.9786266758049191,0.0,,,,P_ppi,
ACS_STATES,package,51,regcomp,A,2400.0,unit,4,600,theta2,donor,design,textbook_t|fpc|lin,2,1,0.018668123000667673,0.23063257930295772,0.5,0.5,0.5,,,0.0,1.0,,,,C_classical,
ACS_STATES,package,51,regcomp,A,2400.0,unit,4,600,theta2,donor,design,textbook_t|fpc|lin|xf,2,1,0.018668123000667673,0.23063257930295772,0.5,0.5,0.5,,,0.0,1.0,,,,C_classical,
ACS_STATES,package,51,regcomp,A,2400.0,unit,4,600,theta2,donor,design,textbook_t|fpc|lin,2,1,0.010593933462229801,0.3577296017445873,1.0,1.0,1.0,,,0.9777754265705405,0.0,,,,C_ppi,
ACS_STATES,package,51,regcomp,A,2400.0,unit,4,600,theta2,donor,design,textbook_t|fpc|lin|xf,2,1,0.010593933462229801,0.3577296017445873,1.0,1.0,1.0,,,0.9777754265705405,0.0,,,,C_ppi,
ACS_STATES,package,51,regcomp,A,2400.0,unit,6,400,theta3,donor,design,textbook_t|fpc|lin,2,1,0.027355258560826184,2.483867408079882,0.5,0.5,0.5,,,0.0,1.0,,,,r4_classical,
ACS_STATES,package,51,regcomp,A,2400.0,unit,6,400,theta3,donor,design,textbook_t|fpc|lin|xf,2,1,0.027355258560826184,2.483867408079882,0.5,0.5,0.5,,,0.0,1.0,,,,r4_classical,
ACS_STATES,package,51,regcomp,A,2400.0,unit,6,400,theta3,donor,design,textbook_t|fpc|lin,2,1,0.000498194139828911,0.788699832812663,1.0,1.0,1.0,,,0.9627410248189487,0.0,,,,r4_ppi,
ACS_STATES,package,51,regcomp,A,2400.0,unit,6,400,theta3,donor,design,textbook_t|fpc|lin|xf,2,1,0.000498194139828911,0.7887374421330696,1.0,1.0,1.0,,,0.9627410248189487,0.0,,,,r4_ppi,
ACS_STATES,package,51,regcomp,A,2400.0,unit,6,400,theta3,donor,design,textbook_t|fpc|lin,2,1,0.0005376798939029082,1.6009702456604658,1.0,1.0,1.0,,,0.0,1.0,,,,P_classical,
ACS_STATES,package,51,regcomp,A,2400.0,unit,6,400,theta3,donor,design,textbook_t|fpc|lin|xf,2,1,0.0005376798939029082,1.6009702456604658,1.0,1.0,1.0,,,0.0,1.0,,,,P_classical,
ACS_STATES,package,51,regcomp,A,2400.0,unit,6,400,theta3,donor,design,textbook_t|fpc|lin,2,1,0.0002310591981817738,1.1703427180273955,1.0,1.0,1.0,,,0.983912940931363,0.0,,,,P_ppi,
ACS_STATES,package,51,regcomp,A,2400.0,unit,6,400,theta3,donor,design,textbook_t|fpc|lin|xf,2,1,0.0002310591981817738,1.1724608947607835,1.0,1.0,1.0,,,0.983912940931363,0.0,,,,P_ppi,
ACS_STATES,package,51,regcomp,A,2400.0,unit,6,400,theta3,donor,design,textbook_t|fpc|lin,2,1,0.0003471080017647364,2.38548845478775,1.0,1.0,1.0,,,0.0,1.0,,,,C_classical,
ACS_STATES,package,51,regcomp,A,2400.0,unit,6,400,theta3,donor,design,textbook_t|fpc|lin|xf,2,1,0.0003471080017647364,2.38548845478775,1.0,1.0,1.0,,,0.0,1.0,,,,C_classical,
ACS_STATES,package,51,regcomp,A,2400.0,unit,6,400,theta3,donor,design,textbook_t|fpc|lin,2,1,0.0003206715542496429,0.7769993898482491,1.0,1.0,1.0,,,0.9865995713379174,0.0,,,,C_ppi,
ACS_STATES,package,51,regcomp,A,2400.0,unit,6,400,theta3,donor,design,textbook_t|fpc|lin|xf,2,1,0.0003206715542496429,0.7786816277257324,1.0,1.0,1.0,,,0.9865995713379174,0.0,,,,C_ppi,
ACS_STATES,package,51,regcomp,A,2400.0,unit,6,400,theta2,donor,design,textbook_t|fpc|lin,2,1,0.00289127779685738,1.167530763921018,1.0,1.0,1.0,,,0.0,1.0,,,,r4_classical,
ACS_STATES,package,51,regcomp,A,2400.0,unit,6,400,theta2,donor,design,textbook_t|fpc|lin|xf,2,1,0.00289127779685738,1.167530763921018,1.0,1.0,1.0,,,0.0,1.0,,,,r4_classical,
ACS_STATES,package,51,regcomp,A,2400.0,unit,6,400,theta2,donor,design,textbook_t|fpc|lin,2,1,0.0012830391308181885,1.3320228035935522,1.0,1.0,1.0,,,0.5485838203393234,0.0,,,,r4_ppi,
ACS_STATES,package,51,regcomp,A,2400.0,unit,6,400,theta2,donor,design,textbook_t|fpc|lin|xf,2,1,0.0012830391308181885,1.3322164621750079,1.0,1.0,1.0,,,0.5485838203393234,0.0,,,,r4_ppi,
ACS_STATES,package,51,regcomp,A,2400.0,unit,6,400,theta2,donor,design,textbook_t|fpc|lin,2,1,0.00289127779685738,1.167530763921018,1.0,1.0,1.0,,,0.0,1.0,,,,P_classical,
ACS_STATES,package,51,regcomp,A,2400.0,unit,6,400,theta2,donor,design,textbook_t|fpc|lin|xf,2,1,0.00289127779685738,1.167530763921018,1.0,1.0,1.0,,,0.0,1.0,,,,P_classical,
ACS_STATES,package,51,regcomp,A,2400.0,unit,6,400,theta2,donor,design,textbook_t|fpc|lin,2,1,0.001492390036803512,1.4342775361109577,1.0,1.0,1.0,,,0.9938767428548629,0.0,,,,P_ppi,
ACS_STATES,package,51,regcomp,A,2400.0,unit,6,400,theta2,donor,design,textbook_t|fpc|lin|xf,2,1,0.001492390036803512,1.4386860376864867,1.0,1.0,1.0,,,0.9938767428548629,0.0,,,,P_ppi,
ACS_STATES,package,51,regcomp,A,2400.0,unit,6,400,theta2,donor,design,textbook_t|fpc|lin,2,1,0.00289127779685738,1.167530763921018,1.0,1.0,1.0,,,0.0,1.0,,,,C_classical,
ACS_STATES,package,51,regcomp,A,2400.0,unit,6,400,theta2,donor,design,textbook_t|fpc|lin|xf,2,1,0.00289127779685738,1.167530763921018,1.0,1.0,1.0,,,0.0,1.0,,,,C_classical,
ACS_STATES,package,51,regcomp,A,2400.0,unit,6,400,theta2,donor,design,textbook_t|fpc|lin,2,1,0.0014918429949974982,1.4360198435694236,1.0,1.0,1.0,,,0.9949669219864985,0.0,,,,C_ppi,
ACS_STATES,package,51,regcomp,A,2400.0,unit,6,400,theta2,donor,design,textbook_t|fpc|lin|xf,2,1,0.0014918429949974982,1.4404299616921847,1.0,1.0,1.0,,,0.9949669219864985,0.0,,,,C_ppi,
ACS_STATES,package,51,regcomp,A,2400.0,unit,8,300,theta3,donor,design,textbook_t|fpc|lin,2,1,0.018598792284103632,2.629840847508228,1.0,1.0,1.0,,,0.0,1.0,,,,r4_classical,
ACS_STATES,package,51,regcomp,A,2400.0,unit,8,300,theta3,donor,design,textbook_t|fpc|lin|xf,2,1,0.018598792284103632,2.629840847508228,1.0,1.0,1.0,,,0.0,1.0,,,,r4_classical,
ACS_STATES,package,51,regcomp,A,2400.0,unit,8,300,theta3,donor,design,textbook_t|fpc|lin,2,1,0.00027021770536574835,1.2132586956093216,1.0,1.0,1.0,,,0.999959443566361,0.0,,,,r4_ppi,
ACS_STATES,package,51,regcomp,A,2400.0,unit,8,300,theta3,donor,design,textbook_t|fpc|lin|xf,2,1,0.00027021770536574835,1.2132586956768954,1.0,1.0,1.0,,,0.999959443566361,0.0,,,,r4_ppi,
ACS_STATES,package,51,regcomp,A,2400.0,unit,8,300,theta3,donor,design,textbook_t|fpc|lin,2,1,0.0003887363216338908,1.8738879067499057,1.0,1.0,1.0,,,0.0,1.0,,,,P_classical,
ACS_STATES,package,51,regcomp,A,2400.0,unit,8,300,theta3,donor,design,textbook_t|fpc|lin|xf,2,1,0.0003887363216338908,1.8738879067499057,1.0,1.0,1.0,,,0.0,1.0,,,,P_classical,
ACS_STATES,package,51,regcomp,A,2400.0,unit,8,300,theta3,donor,design,textbook_t|fpc|lin,2,1,0.0006684803963777033,0.5095236271613464,0.5,0.5,0.5,,,0.9868568023945574,0.0,,,,P_ppi,
ACS_STATES,package,51,regcomp,A,2400.0,unit,8,300,theta3,donor,design,textbook_t|fpc|lin|xf,2,1,0.0006684803963777033,0.512919952511356,0.5,0.5,0.5,,,0.9868568023945574,0.0,,,,P_ppi,
ACS_STATES,package,51,regcomp,A,2400.0,unit,8,300,theta3,donor,design,textbook_t|fpc|lin,2,1,0.0005708704190594039,1.4162628247443563,1.0,1.0,1.0,,,0.0,1.0,,,,C_classical,
ACS_STATES,package,51,regcomp,A,2400.0,unit,8,300,theta3,donor,design,textbook_t|fpc|lin|xf,2,1,0.0005708704190594039,1.4162628247443563,1.0,1.0,1.0,,,0.0,1.0,,,,C_classical,
ACS_STATES,package,51,regcomp,A,2400.0,unit,8,300,theta3,donor,design,textbook_t|fpc|lin,2,1,0.0006230502140593657,0.566838986582901,0.5,0.5,0.5,,,0.9841526122612452,0.0,,,,C_ppi,
ACS_STATES,package,51,regcomp,A,2400.0,unit,8,300,theta3,donor,design,textbook_t|fpc|lin|xf,2,1,0.0006230502140593657,0.5704829575903257,0.5,0.5,0.5,,,0.9841526122612452,0.0,,,,C_ppi,
ACS_STATES,package,51,regcomp,A,2400.0,unit,8,300,theta2,donor,design,textbook_t|fpc|lin,2,1,0.00011510362737444311,18.636249630186022,1.0,1.0,1.0,,,0.0,1.0,,,,r4_classical,
ACS_STATES,package,51,regcomp,A,2400.0,unit,8,300,theta2,donor,design,textbook_t|fpc|lin|xf,2,1,0.00011510362737444311,18.636249630186022,1.0,1.0,1.0,,,0.0,1.0,,,,r4_classical,
ACS_STATES,package,51,regcomp,A,2400.0,unit,8,300,theta2,donor,design,textbook_t|fpc|lin,2,1,0.000553179654979633,1.9588317146892509,1.0,1.0,1.0,,,0.9400962281320493,0.0,,,,r4_ppi,
ACS_STATES,package,51,regcomp,A,2400.0,unit,8,300,theta2,donor,design,textbook_t|fpc|lin|xf,2,1,0.000553179654979633,1.959090922472519,1.0,1.0,1.0,,,0.9400962281320493,0.0,,,,r4_ppi,
ACS_STATES,package,51,regcomp,A,2400.0,unit,8,300,theta2,donor,design,textbook_t|fpc|lin,2,1,0.00011510362737444311,18.636249630186022,1.0,1.0,1.0,,,0.0,1.0,,,,P_classical,
ACS_STATES,package,51,regcomp,A,2400.0,unit,8,300,theta2,donor,design,textbook_t|fpc|lin|xf,2,1,0.00011510362737444311,18.636249630186022,1.0,1.0,1.0,,,0.0,1.0,,,,P_classical,
ACS_STATES,package,51,regcomp,A,2400.0,unit,8,300,theta2,donor,design,textbook_t|fpc|lin,2,1,0.00041557980497561976,2.779741457139683,1.0,1.0,1.0,,,0.9789627691495077,0.0,,,,P_ppi,
ACS_STATES,package,51,regcomp,A,2400.0,unit,8,300,theta2,donor,design,textbook_t|fpc|lin|xf,2,1,0.00041557980497561976,2.785750862249506,1.0,1.0,1.0,,,0.9789627691495077,0.0,,,,P_ppi,
ACS_STATES,package,51,regcomp,A,2400.0,unit,8,300,theta2,donor,design,textbook_t|fpc|lin,2,1,0.00011510362737444311,18.636249630186022,1.0,1.0,1.0,,,0.0,1.0,,,,C_classical,
ACS_STATES,package,51,regcomp,A,2400.0,unit,8,300,theta2,donor,design,textbook_t|fpc|lin|xf,2,1,0.00011510362737444311,18.636249630186022,1.0,1.0,1.0,,,0.0,1.0,,,,C_classical,
ACS_STATES,package,51,regcomp,A,2400.0,unit,8,300,theta2,donor,design,textbook_t|fpc|lin,2,1,0.00041524527876721787,2.7818775848713875,1.0,1.0,1.0,,,0.9791803108146396,0.0,,,,C_ppi,
ACS_STATES,package,51,regcomp,A,2400.0,unit,8,300,theta2,donor,design,textbook_t|fpc|lin|xf,2,1,0.00041524527876721787,2.787891831224709,1.0,1.0,1.0,,,0.9791803108146396,0.0,,,,C_ppi,
ACS_STATES,package,51,regcomp,A,2400.0,unit,12,200,theta3,donor,design,textbook_t|fpc|lin,2,1,0.071628320684713,0.6237027665727373,1.0,1.0,1.0,,,0.0,1.0,,,,r4_classical,
ACS_STATES,package,51,regcomp,A,2400.0,unit,12,200,theta3,donor,design,textbook_t|fpc|lin|xf,2,1,0.071628320684713,0.6237027665727373,1.0,1.0,1.0,,,0.0,1.0,,,,r4_classical,
ACS_STATES,package,51,regcomp,A,2400.0,unit,12,200,theta3,donor,design,textbook_t|fpc|lin,2,1,0.0006737994463677005,0.732148742878649,1.0,1.0,1.0,,,0.988344343268289,0.0,,,,r4_ppi,
ACS_STATES,package,51,regcomp,A,2400.0,unit,12,200,theta3,donor,design,textbook_t|fpc|lin|xf,2,1,0.0006737994463677005,0.7321525462456382,1.0,1.0,1.0,,,0.988344343268289,0.0,,,,r4_ppi,
ACS_STATES,package,51,regcomp,A,2400.0,unit,12,200,theta3,donor,design,textbook_t|fpc|lin,2,1,0.000407817957384828,2.4228230852299775,1.0,1.0,1.0,,,0.0,1.0,,,,P_classical,
ACS_STATES,package,51,regcomp,A,2400.0,unit,12,200,theta3,donor,design,textbook_t|fpc|lin|xf,2,1,0.000407817957384828,2.4228230852299775,1.0,1.0,1.0,,,0.0,1.0,,,,P_classical,
ACS_STATES,package,51,regcomp,A,2400.0,unit,12,200,theta3,donor,design,textbook_t|fpc|lin,2,1,0.0002669332038501512,1.805501187396198,1.0,1.0,1.0,,,0.991808570365704,0.0,,,,P_ppi,
ACS_STATES,package,51,regcomp,A,2400.0,unit,12,200,theta3,donor,design,textbook_t|fpc|lin|xf,2,1,0.0002669332038501512,1.8117208953264592,1.0,1.0,1.0,,,0.991808570365704,0.0,,,,P_ppi,
ACS_STATES,package,51,regcomp,A,2400.0,unit,12,200,theta3,donor,design,textbook_t|fpc|lin,2,1,0.001103397392260183,0.8588929217047085,1.0,1.0,1.0,,,0.0,1.0,,,,C_classical,
ACS_STATES,package,51,regcomp,A,2400.0,unit,12,200,theta3,donor,design,textbook_t|fpc|lin|xf,2,1,0.001103397392260183,0.8588929217047085,1.0,1.0,1.0,,,0.0,1.0,,,,C_classical,
ACS_STATES,package,51,regcomp,A,2400.0,unit,12,200,theta3,donor,design,textbook_t|fpc|lin,2,1,0.0002194193558881778,2.152323820432069,1.0,1.0,1.0,,,0.9920272288812515,0.0,,,,C_ppi,
ACS_STATES,package,51,regcomp,A,2400.0,unit,12,200,theta3,donor,design,textbook_t|fpc|lin|xf,2,1,0.0002194193558881778,2.159890366045679,1.0,1.0,1.0,,,0.9920272288812515,0.0,,,,C_ppi,
ACS_STATES,package,51,regcomp,A,2400.0,unit,12,200,theta2,donor,design,textbook_t|fpc|lin,2,1,0.0002131070111747698,6.78793153760625,1.0,1.0,1.0,,,0.0,1.0,,,,r4_classical,
ACS_STATES,package,51,regcomp,A,2400.0,unit,12,200,theta2,donor,design,textbook_t|fpc|lin|xf,2,1,0.0002131070111747698,6.78793153760625,1.0,1.0,1.0,,,0.0,1.0,,,,r4_classical,
ACS_STATES,package,51,regcomp,A,2400.0,unit,12,200,theta2,donor,design,textbook_t|fpc|lin,2,1,0.00010916561836495668,7.001579485142586,1.0,1.0,1.0,,,0.8226808349189862,0.0,,,,r4_ppi,
ACS_STATES,package,51,regcomp,A,2400.0,unit,12,200,theta2,donor,design,textbook_t|fpc|lin|xf,2,1,0.00010916561836495668,7.016908246819709,1.0,1.0,1.0,,,0.8226808349189862,0.0,,,,r4_ppi,
ACS_STATES,package,51,regcomp,A,2400.0,unit,12,200,theta2,donor,design,textbook_t|fpc|lin,2,1,0.0002131070111747698,6.78793153760625,1.0,1.0,1.0,,,0.0,1.0,,,,P_classical,
ACS_STATES,package,51,regcomp,A,2400.0,unit,12,200,theta2,donor,design,textbook_t|fpc|lin|xf,2,1,0.0002131070111747698,6.78793153760625,1.0,1.0,1.0,,,0.0,1.0,,,,P_classical,
ACS_STATES,package,51,regcomp,A,2400.0,unit,12,200,theta2,donor,design,textbook_t|fpc|lin,2,1,4.4583261690794e-07,1843.4902305492499,1.0,1.0,1.0,,,0.9814077011849768,0.0,,,,P_ppi,
ACS_STATES,package,51,regcomp,A,2400.0,unit,12,200,theta2,donor,design,textbook_t|fpc|lin|xf,2,1,4.4583261690794e-07,1871.9237727035543,1.0,1.0,1.0,,,0.9814077011849768,0.0,,,,P_ppi,
ACS_STATES,package,51,regcomp,A,2400.0,unit,12,200,theta2,donor,design,textbook_t|fpc|lin,2,1,0.0002131070111747698,6.78793153760625,1.0,1.0,1.0,,,0.0,1.0,,,,C_classical,
ACS_STATES,package,51,regcomp,A,2400.0,unit,12,200,theta2,donor,design,textbook_t|fpc|lin|xf,2,1,0.0002131070111747698,6.78793153760625,1.0,1.0,1.0,,,0.0,1.0,,,,C_classical,
ACS_STATES,package,51,regcomp,A,2400.0,unit,12,200,theta2,donor,design,textbook_t|fpc|lin,2,1,4.551468726347154e-07,1805.886766099174,1.0,1.0,1.0,,,0.9824559552114539,0.0,,,,C_ppi,
ACS_STATES,package,51,regcomp,A,2400.0,unit,12,200,theta2,donor,design,textbook_t|fpc|lin|xf,2,1,4.551468726347154e-07,1833.7384361177649,1.0,1.0,1.0,,,0.9824559552114539,0.0,,,,C_ppi,
ACS_STATES,package,51,regcomp,B,2400.0,unit,51,prop,theta3,donor,design,regB_t,2,1,0.06514846662280929,1.8490153805630793,1.0,1.0,1.0,,,0.0,1.0,,,,r4_classical,32.0
ACS_STATES,package,51,regcomp,B,2400.0,unit,51,prop,theta3,donor,design,regB_t,2,1,0.0009690649170759126,0.9430000713205244,0.5,0.5,0.5,,,1.0,0.0,,,,r4_ppi,32.0
ACS_STATES,package,51,regcomp,B,2400.0,unit,51,prop,theta3,donor,design,regB_t,2,1,0.0007326240561379803,2.5007808630529627,1.0,1.0,1.0,,,0.0,1.0,,,,P_classical,32.0
ACS_STATES,package,51,regcomp,B,2400.0,unit,51,prop,theta3,donor,design,regB_t,2,1,0.0009613961020157036,0.9324057607608965,0.5,0.5,0.5,,,1.0,0.0,,,,P_ppi,32.0
ACS_STATES,package,51,regcomp,B,2400.0,unit,51,prop,theta3,donor,design,regB_t,2,1,0.00029111750080746594,5.957640365299753,1.0,1.0,1.0,,,0.0,1.0,,,,C_classical,32.0
ACS_STATES,package,51,regcomp,B,2400.0,unit,51,prop,theta3,donor,design,regB_t,2,1,0.0029297892276280643,0.29391261133378055,0.5,0.5,0.5,,,0.9861617726039652,0.0,,,,C_ppi,32.0
ACS_STATES,package,51,regcomp,B,2400.0,unit,51,prop,theta2,donor,design,regB_t,2,1,0.00172427812636382,1.06997575560787,1.0,1.0,1.0,,,0.0,1.0,,,,r4_classical,32.0
ACS_STATES,package,51,regcomp,B,2400.0,unit,51,prop,theta2,donor,design,regB_t,2,1,3.3478629884934135e-05,19.954225437809054,1.0,1.0,1.0,,,0.9951076086406236,0.0,,,,r4_ppi,32.0
ACS_STATES,package,51,regcomp,B,2400.0,unit,51,prop,theta2,donor,design,regB_t,2,1,0.00172427812636382,1.06997575560787,1.0,1.0,1.0,,,0.0,1.0,,,,P_classical,32.0
ACS_STATES,package,51,regcomp,B,2400.0,unit,51,prop,theta2,donor,design,regB_t,2,1,3.347732607655632e-05,19.95673341210697,1.0,1.0,1.0,,,0.9938836892416988,0.0,,,,P_ppi,32.0
ACS_STATES,package,51,regcomp,B,2400.0,unit,51,prop,theta2,donor,design,regB_t,2,1,0.00172427812636382,1.06997575560787,1.0,1.0,1.0,,,0.0,1.0,,,,C_classical,32.0
ACS_STATES,package,51,regcomp,B,2400.0,unit,51,prop,theta2,donor,design,regB_t,2,1,3.3478629884934135e-05,19.954225437809054,1.0,1.0,1.0,,,0.9951076086406223,0.0,,,,C_ppi,32.0
ACS_STATES,package,51,regcomp,B,1930.0,cd_cs_10_vs_A_nL4_B2400,51,prop,theta3,donor,design,regB_t,2,1,0.037344364300567395,3.825760296539072,1.0,1.0,1.0,,,0.0,1.0,,,,r4_classical,25.0
ACS_STATES,package,51,regcomp,B,1930.0,cd_cs_10_vs_A_nL4_B2400,51,prop,theta3,donor,design,regB_t,2,1,0.0017691953258268838,0.4648451598896917,1.0,1.0,1.0,,,0.9979352896985172,0.0,,,,r4_ppi,25.0
ACS_STATES,package,51,regcomp,B,1930.0,cd_cs_10_vs_A_nL4_B2400,51,prop,theta3,donor,design,regB_t,2,1,0.0013109064262933146,1.8127110232735675,1.0,1.0,1.0,,,0.0,1.0,,,,P_classical,25.0
ACS_STATES,package,51,regcomp,B,1930.0,cd_cs_10_vs_A_nL4_B2400,51,prop,theta3,donor,design,regB_t,2,1,0.001431735417800672,0.5849950858318664,1.0,1.0,1.0,,,0.9678917863801366,0.0,,,,P_ppi,25.0
ACS_STATES,package,51,regcomp,B,1930.0,cd_cs_10_vs_A_nL4_B2400,51,prop,theta3,donor,design,regB_t,2,1,0.0016608123943529307,1.6250491152914264,1.0,1.0,1.0,,,0.0,1.0,,,,C_classical,25.0
ACS_STATES,package,51,regcomp,B,1930.0,cd_cs_10_vs_A_nL4_B2400,51,prop,theta3,donor,design,regB_t,2,1,0.001578056782395555,0.6058897938112279,1.0,1.0,1.0,,,0.9664862957728391,0.0,,,,C_ppi,25.0
ACS_STATES,package,51,regcomp,B,1930.0,cd_cs_10_vs_A_nL4_B2400,51,prop,theta2,donor,design,regB_t,2,1,0.001453452500797593,1.5972246342995557,1.0,1.0,1.0,,,0.0,1.0,,,,r4_classical,25.0
ACS_STATES,package,51,regcomp,B,1930.0,cd_cs_10_vs_A_nL4_B2400,51,prop,theta2,donor,design,regB_t,2,1,2.7381513729940103e-05,34.762278735463724,1.0,1.0,1.0,,,0.9986267562537583,0.0,,,,r4_ppi,25.0
ACS_STATES,package,51,regcomp,B,1930.0,cd_cs_10_vs_A_nL4_B2400,51,prop,theta2,donor,design,regB_t,2,1,0.001453452500797593,1.5972246342995557,1.0,1.0,1.0,,,0.0,1.0,,,,P_classical,25.0
ACS_STATES,package,51,regcomp,B,1930.0,cd_cs_10_vs_A_nL4_B2400,51,prop,theta2,donor,design,regB_t,2,1,2.6173526638770507e-05,36.34308320501586,1.0,1.0,1.0,,,1.0,0.0,,,,P_ppi,25.0
ACS_STATES,package,51,regcomp,B,1930.0,cd_cs_10_vs_A_nL4_B2400,51,prop,theta2,donor,design,regB_t,2,1,0.001453452500797593,1.5972246342995557,1.0,1.0,1.0,,,0.0,1.0,,,,C_classical,25.0
ACS_STATES,package,51,regcomp,B,1930.0,cd_cs_10_vs_A_nL4_B2400,51,prop,theta2,donor,design,regB_t,2,1,2.738151372995325e-05,34.762278735447175,1.0,1.0,1.0,,,0.9986267562537645,0.0,,,,C_ppi,25.0
ACS_STATES,package,51,regcomp,B,1950.0,cd_cs_10_vs_A_nL6_B2400,51,prop,theta3,donor,design,regB_t,2,1,0.30254292639792546,0.42580378507138883,1.0,1.0,1.0,,,0.0,1.0,,,,r4_classical,26.0
ACS_STATES,package,51,regcomp,B,1950.0,cd_cs_10_vs_A_nL6_B2400,51,prop,theta3,donor,design,regB_t,2,1,0.0001557670433475457,3.996237334592333,1.0,1.0,1.0,,,1.0,0.0,,,,r4_ppi,26.0
ACS_STATES,package,51,regcomp,B,1950.0,cd_cs_10_vs_A_nL6_B2400,51,prop,theta3,donor,design,regB_t,2,1,2.7702245935540152e-05,81.11404778293749,1.0,1.0,1.0,,,0.0,1.0,,,,P_classical,26.0
ACS_STATES,package,51,regcomp,B,1950.0,cd_cs_10_vs_A_nL6_B2400,51,prop,theta3,donor,design,regB_t,2,1,0.00011496695943205554,5.524186007910095,1.0,1.0,1.0,,,0.9780683115399951,0.0,,,,P_ppi,26.0
ACS_STATES,package,51,regcomp,B,1950.0,cd_cs_10_vs_A_nL6_B2400,51,prop,theta3,donor,design,regB_t,2,1,0.0012505187774815183,1.7356936233809557,1.0,1.0,1.0,,,0.0,1.0,,,,C_classical,26.0
ACS_STATES,package,51,regcomp,B,1950.0,cd_cs_10_vs_A_nL6_B2400,51,prop,theta3,donor,design,regB_t,2,1,1.725788819779037e-05,38.8986200453285,1.0,1.0,1.0,,,0.9736771667417676,0.0,,,,C_ppi,26.0
ACS_STATES,package,51,regcomp,B,1950.0,cd_cs_10_vs_A_nL6_B2400,51,prop,theta2,donor,design,regB_t,2,1,0.00040087714967069614,4.658152468573388,1.0,1.0,1.0,,,0.0,1.0,,,,r4_classical,26.0
ACS_STATES,package,51,regcomp,B,1950.0,cd_cs_10_vs_A_nL6_B2400,51,prop,theta2,donor,design,regB_t,2,1,5.966086427464564e-06,123.48834935355464,1.0,1.0,1.0,,,1.0,0.0,,,,r4_ppi,26.0
ACS_STATES,package,51,regcomp,B,1950.0,cd_cs_10_vs_A_nL6_B2400,51,prop,theta2,donor,design,regB_t,2,1,0.00040087714967069614,4.658152468573388,1.0,1.0,1.0,,,0.0,1.0,,,,P_classical,26.0
ACS_STATES,package,51,regcomp,B,1950.0,cd_cs_10_vs_A_nL6_B2400,51,prop,theta2,donor,design,regB_t,2,1,6.848285489516123e-06,107.5856741375428,1.0,1.0,1.0,,,1.0,0.0,,,,P_ppi,26.0
ACS_STATES,package,51,regcomp,B,1950.0,cd_cs_10_vs_A_nL6_B2400,51,prop,theta2,donor,design,regB_t,2,1,0.00040087714967069614,4.658152468573388,1.0,1.0,1.0,,,0.0,1.0,,,,C_classical,26.0
ACS_STATES,package,51,regcomp,B,1950.0,cd_cs_10_vs_A_nL6_B2400,51,prop,theta2,donor,design,regB_t,2,1,5.966086427464564e-06,123.48834935355464,1.0,1.0,1.0,,,1.0,0.0,,,,C_ppi,26.0
ACS_STATES,package,51,regcomp,B,1970.0,cd_cs_10_vs_A_nL8_B2400,51,prop,theta3,donor,design,regB_t,2,1,0.0005370989049970701,248.76507706252494,1.0,1.0,1.0,,,0.0,1.0,,,,r4_classical,26.0
ACS_STATES,package,51,regcomp,B,1970.0,cd_cs_10_vs_A_nL8_B2400,51,prop,theta3,donor,design,regB_t,2,1,0.0003492571645725474,1.9519690476604257,1.0,1.0,1.0,,,0.9969397161812799,0.0,,,,r4_ppi,26.0
ACS_STATES,package,51,regcomp,B,1970.0,cd_cs_10_vs_A_nL8_B2400,51,prop,theta3,donor,design,regB_t,2,1,0.0010879134404433882,1.7867853262187703,1.0,1.0,1.0,,,0.0,1.0,,,,P_classical,26.0
ACS_STATES,package,51,regcomp,B,1970.0,cd_cs_10_vs_A_nL8_B2400,51,prop,theta3,donor,design,regB_t,2,1,0.00034915969753627894,1.947091064973389,1.0,1.0,1.0,,,0.9879546952285361,0.0,,,,P_ppi,26.0
ACS_STATES,package,51,regcomp,B,1970.0,cd_cs_10_vs_A_nL8_B2400,51,prop,theta3,donor,design,regB_t,2,1,0.0018443152658796807,1.1587474971523966,1.0,1.0,1.0,,,0.0,1.0,,,,C_classical,26.0
ACS_STATES,package,51,regcomp,B,1970.0,cd_cs_10_vs_A_nL8_B2400,51,prop,theta3,donor,design,regB_t,2,1,0.0007866965447138963,0.9444620700538683,1.0,1.0,1.0,,,0.9882640317486013,0.0,,,,C_ppi,26.0
ACS_STATES,package,51,regcomp,B,1970.0,cd_cs_10_vs_A_nL8_B2400,51,prop,theta2,donor,design,regB_t,2,1,0.0010924384421743313,1.901737477395678,1.0,1.0,1.0,,,0.0,1.0,,,,r4_classical,26.0
ACS_STATES,package,51,regcomp,B,1970.0,cd_cs_10_vs_A_nL8_B2400,51,prop,theta2,donor,design,regB_t,2,1,0.00023007119832335615,3.816037438632536,1.0,1.0,1.0,,,0.9867001397125092,0.0,,,,r4_ppi,26.0
ACS_STATES,package,51,regcomp,B,1970.0,cd_cs_10_vs_A_nL8_B2400,51,prop,theta2,donor,design,regB_t,2,1,0.0010924384421743313,1.901737477395678,1.0,1.0,1.0,,,0.0,1.0,,,,P_classical,26.0
ACS_STATES,package,51,regcomp,B,1970.0,cd_cs_10_vs_A_nL8_B2400,51,prop,theta2,donor,design,regB_t,2,1,0.00023095881267760964,3.801631726864968,1.0,1.0,1.0,,,0.9842015143756346,0.0,,,,P_ppi,26.0
ACS_STATES,package,51,regcomp,B,1970.0,cd_cs_10_vs_A_nL8_B2400,51,prop,theta2,donor,design,regB_t,2,1,0.0010924384421743313,1.901737477395678,1.0,1.0,1.0,,,0.0,1.0,,,,C_classical,26.0
ACS_STATES,package,51,regcomp,B,1970.0,cd_cs_10_vs_A_nL8_B2400,51,prop,theta2,donor,design,regB_t,2,1,0.00023007119832335615,3.8160374386325366,1.0,1.0,1.0,,,0.9867001397125073,0.0,,,,C_ppi,26.0
ACS_STATES,package,51,regcomp,B,2010.0,cd_cs_10_vs_A_nL12_B2400,51,prop,theta3,donor,design,regB_t,2,1,0.00014756984353130772,873.0715122015472,1.0,1.0,1.0,,,0.0,1.0,,,,r4_classical,27.0
ACS_STATES,package,51,regcomp,B,2010.0,cd_cs_10_vs_A_nL12_B2400,51,prop,theta3,donor,design,regB_t,2,1,2.704698852026113e-05,36.45772556879528,1.0,1.0,1.0,,,1.0,0.0,,,,r4_ppi,27.0
ACS_STATES,package,51,regcomp,B,2010.0,cd_cs_10_vs_A_nL12_B2400,51,prop,theta3,donor,design,regB_t,2,1,3.906742568810448e-06,645.1888575332965,1.0,1.0,1.0,,,0.0,1.0,,,,P_classical,27.0
ACS_STATES,package,51,regcomp,B,2010.0,cd_cs_10_vs_A_nL12_B2400,51,prop,theta3,donor,design,regB_t,2,1,3.075537394442339e-05,32.02282841126269,1.0,1.0,1.0,,,0.9992003931437884,0.0,,,,P_ppi,27.0
ACS_STATES,package,51,regcomp,B,2010.0,cd_cs_10_vs_A_nL12_B2400,51,prop,theta3,donor,design,regB_t,2,1,5.573926807069088e-05,45.50438064106599,1.0,1.0,1.0,,,0.0,1.0,,,,C_classical,27.0
ACS_STATES,package,51,regcomp,B,2010.0,cd_cs_10_vs_A_nL12_B2400,51,prop,theta3,donor,design,regB_t,2,1,6.860533185349732e-06,128.05702096775755,1.0,1.0,1.0,,,0.989883758563097,0.0,,,,C_ppi,27.0
ACS_STATES,package,51,regcomp,B,2010.0,cd_cs_10_vs_A_nL12_B2400,51,prop,theta2,donor,design,regB_t,2,1,0.0010375618274121175,1.7008323460957446,1.0,1.0,1.0,,,0.0,1.0,,,,r4_classical,27.0
ACS_STATES,package,51,regcomp,B,2010.0,cd_cs_10_vs_A_nL12_B2400,51,prop,theta2,donor,design,regB_t,2,1,0.0003029046086403239,2.2950379210881353,1.0,1.0,1.0,,,0.9955472282619993,0.0,,,,r4_ppi,27.0
ACS_STATES,package,51,regcomp,B,2010.0,cd_cs_10_vs_A_nL12_B2400,51,prop,theta2,donor,design,regB_t,2,1,0.0010375618274121175,1.7008323460957446,1.0,1.0,1.0,,,0.0,1.0,,,,P_classical,27.0
ACS_STATES,package,51,regcomp,B,2010.0,cd_cs_10_vs_A_nL12_B2400,51,prop,theta2,donor,design,regB_t,2,1,0.0002980302194605183,2.331008211857158,1.0,1.0,1.0,,,0.9992694356676086,0.0,,,,P_ppi,27.0
ACS_STATES,package,51,regcomp,B,2010.0,cd_cs_10_vs_A_nL12_B2400,51,prop,theta2,donor,design,regB_t,2,1,0.0010375618274121175,1.7008323460957446,1.0,1.0,1.0,,,0.0,1.0,,,,C_classical,27.0
ACS_STATES,package,51,regcomp,B,2010.0,cd_cs_10_vs_A_nL12_B2400,51,prop,theta2,donor,design,regB_t,2,1,0.0003029046086403239,2.2950379210881375,1.0,1.0,1.0,,,0.995547228261985,0.0,,,,C_ppi,27.0
ACS_STATES,package,51,regcomp,A,4800.0,unit,4,1200,theta3,donor,design,textbook_t|fpc|lin,2,1,0.0027034224859445286,21.368895544242992,1.0,1.0,1.0,,,0.0,1.0,,,,r4_classical,
ACS_STATES,package,51,regcomp,A,4800.0,unit,4,1200,theta3,donor,design,textbook_t|fpc|lin|xf,2,1,0.0027034224859445286,21.368895544242992,1.0,1.0,1.0,,,0.0,1.0,,,,r4_classical,
ACS_STATES,package,51,regcomp,A,4800.0,unit,4,1200,theta3,donor,design,textbook_t|fpc|lin,2,1,0.0027034224859445286,21.368895544242992,1.0,1.0,1.0,,,0.0,1.0,,,,r4_ppi,
ACS_STATES,package,51,regcomp,A,4800.0,unit,4,1200,theta3,donor,design,textbook_t|fpc|lin|xf,2,1,0.0027034224859445286,21.368895544242992,1.0,1.0,1.0,,,0.0,1.0,,,,r4_ppi,
ACS_STATES,package,51,regcomp,A,4800.0,unit,4,1200,theta3,donor,design,textbook_t|fpc|lin,2,1,5.337762503207137e-05,13.685672034247393,1.0,1.0,1.0,,,0.0,1.0,,,,P_classical,
ACS_STATES,package,51,regcomp,A,4800.0,unit,4,1200,theta3,donor,design,textbook_t|fpc|lin|xf,2,1,5.337762503207137e-05,13.685672034247393,1.0,1.0,1.0,,,0.0,1.0,,,,P_classical,
ACS_STATES,package,51,regcomp,A,4800.0,unit,4,1200,theta3,donor,design,textbook_t|fpc|lin,2,1,5.787467513087003e-06,60.567319060628,1.0,1.0,1.0,,,0.9865867522913513,0.0,,,,P_ppi,
ACS_STATES,package,51,regcomp,A,4800.0,unit,4,1200,theta3,donor,design,textbook_t|fpc|lin|xf,2,1,5.787467513087003e-06,60.567319060628,1.0,1.0,1.0,,,0.9865867522913513,0.0,,,,P_ppi,
ACS_STATES,package,51,regcomp,A,4800.0,unit,4,1200,theta3,donor,design,textbook_t|fpc|lin,2,1,0.00012577179078145732,7.566474102963904,1.0,1.0,1.0,,,0.0,1.0,,,,C_classical,
ACS_STATES,package,51,regcomp,A,4800.0,unit,4,1200,theta3,donor,design,textbook_t|fpc|lin|xf,2,1,0.00012577179078145732,7.566474102963904,1.0,1.0,1.0,,,0.0,1.0,,,,C_classical,
ACS_STATES,package,51,regcomp,A,4800.0,unit,4,1200,theta3,donor,design,textbook_t|fpc|lin,2,1,3.9659451207848775e-06,100.30814986037869,1.0,1.0,1.0,,,0.9897841421914816,0.0,,,,C_ppi,
ACS_STATES,package,51,regcomp,A,4800.0,unit,4,1200,theta3,donor,design,textbook_t|fpc|lin|xf,2,1,3.9659451207848775e-06,100.30814986037869,1.0,1.0,1.0,,,0.9897841421914816,0.0,,,,C_ppi,
ACS_STATES,package,51,regcomp,A,4800.0,unit,4,1200,theta2,donor,design,textbook_t|fpc|lin,2,1,0.00196316832119815,0.1839939907850812,0.5,0.5,0.5,,,0.0,1.0,,,,r4_classical,
ACS_STATES,package,51,regcomp,A,4800.0,unit,4,1200,theta2,donor,design,textbook_t|fpc|lin|xf,2,1,0.00196316832119815,0.1839939907850812,0.5,0.5,0.5,,,0.0,1.0,,,,r4_classical,
ACS_STATES,package,51,regcomp,A,4800.0,unit,4,1200,theta2,donor,design,textbook_t|fpc|lin,2,1,0.00196316832119815,0.1839939907850812,0.5,0.5,0.5,,,0.0,1.0,,,,r4_ppi,
ACS_STATES,package,51,regcomp,A,4800.0,unit,4,1200,theta2,donor,design,textbook_t|fpc|lin|xf,2,1,0.00196316832119815,0.1839939907850812,0.5,0.5,0.5,,,0.0,1.0,,,,r4_ppi,
ACS_STATES,package,51,regcomp,A,4800.0,unit,4,1200,theta2,donor,design,textbook_t|fpc|lin,2,1,0.00196316832119815,0.1839939907850812,0.5,0.5,0.5,,,0.0,1.0,,,,P_classical,
ACS_STATES,package,51,regcomp,A,4800.0,unit,4,1200,theta2,donor,design,textbook_t|fpc|lin|xf,2,1,0.00196316832119815,0.1839939907850812,0.5,0.5,0.5,,,0.0,1.0,,,,P_classical,
ACS_STATES,package,51,regcomp,A,4800.0,unit,4,1200,theta2,donor,design,textbook_t|fpc|lin,2,1,0.0014140551099757791,0.3949669842423397,0.5,0.5,0.5,,,0.9780555665767658,0.0,,,,P_ppi,
ACS_STATES,package,51,regcomp,A,4800.0,unit,4,1200,theta2,donor,design,textbook_t|fpc|lin|xf,2,1,0.0014140551099757791,0.3949669842423397,0.5,0.5,0.5,,,0.9780555665767658,0.0,,,,P_ppi,
ACS_STATES,package,51,regcomp,A,4800.0,unit,4,1200,theta2,donor,design,textbook_t|fpc|lin,2,1,0.00196316832119815,0.1839939907850812,0.5,0.5,0.5,,,0.0,1.0,,,,C_classical,
ACS_STATES,package,51,regcomp,A,4800.0,unit,4,1200,theta2,donor,design,textbook_t|fpc|lin|xf,2,1,0.00196316832119815,0.1839939907850812,0.5,0.5,0.5,,,0.0,1.0,,,,C_classical,
ACS_STATES,package,51,regcomp,A,4800.0,unit,4,1200,theta2,donor,design,textbook_t|fpc|lin,2,1,0.0014140496958589118,0.39495426820630897,0.5,0.5,0.5,,,0.9781646903658587,0.0,,,,C_ppi,
ACS_STATES,package,51,regcomp,A,4800.0,unit,4,1200,theta2,donor,design,textbook_t|fpc|lin|xf,2,1,0.0014140496958589118,0.39495426820630897,0.5,0.5,0.5,,,0.9781646903658587,0.0,,,,C_ppi,
ACS_STATES,package,51,regcomp,A,4800.0,unit,6,800,theta3,donor,design,textbook_t|fpc|lin,2,1,0.09137588918766114,0.2031188575480248,0.5,0.5,0.5,,,0.0,1.0,,,,r4_classical,
ACS_STATES,package,51,regcomp,A,4800.0,unit,6,800,theta3,donor,design,textbook_t|fpc|lin|xf,2,1,0.09137588918766114,0.2031188575480248,0.5,0.5,0.5,,,0.0,1.0,,,,r4_classical,
ACS_STATES,package,51,regcomp,A,4800.0,unit,6,800,theta3,donor,design,textbook_t|fpc|lin,2,1,5.4085461397934556e-05,2.5925055260851115,1.0,1.0,1.0,,,0.9972390507928538,0.0,,,,r4_ppi,
ACS_STATES,package,51,regcomp,A,4800.0,unit,6,800,theta3,donor,design,textbook_t|fpc|lin|xf,2,1,5.4085461397934556e-05,2.5925060192147007,1.0,1.0,1.0,,,0.9972390507928538,0.0,,,,r4_ppi,
ACS_STATES,package,51,regcomp,A,4800.0,unit,6,800,theta3,donor,design,textbook_t|fpc|lin,2,1,0.00021481640861818047,3.4746953331365473,1.0,1.0,1.0,,,0.0,1.0,,,,P_classical,
ACS_STATES,package,51,regcomp,A,4800.0,unit,6,800,theta3,donor,design,textbook_t|fpc|lin|xf,2,1,0.00021481640861818047,3.4746953331365473,1.0,1.0,1.0,,,0.0,1.0,,,,P_classical,
ACS_STATES,package,51,regcomp,A,4800.0,unit,6,800,theta3,donor,design,textbook_t|fpc|lin,2,1,0.00010840097725312515,1.185790554498295,1.0,1.0,1.0,,,0.9756690544309863,0.0,,,,P_ppi,
ACS_STATES,package,51,regcomp,A,4800.0,unit,6,800,theta3,donor,design,textbook_t|fpc|lin|xf,2,1,0.00010840097725312515,1.1878078596025334,1.0,1.0,1.0,,,0.9756690544309863,0.0,,,,P_ppi,
ACS_STATES,package,51,regcomp,A,4800.0,unit,6,800,theta3,donor,design,textbook_t|fpc|lin,2,1,5.9662215206554805e-05,12.272708663407743,1.0,1.0,1.0,,,0.0,1.0,,,,C_classical,
ACS_STATES,package,51,regcomp,A,4800.0,unit,6,800,theta3,donor,design,textbook_t|fpc|lin|xf,2,1,5.9662215206554805e-05,12.272708663407743,1.0,1.0,1.0,,,0.0,1.0,,,,C_classical,
ACS_STATES,package,51,regcomp,A,4800.0,unit,6,800,theta3,donor,design,textbook_t|fpc|lin,2,1,8.287055115626132e-05,1.521444387687699,1.0,1.0,1.0,,,0.9801189362746738,0.0,,,,C_ppi,
ACS_STATES,package,51,regcomp,A,4800.0,unit,6,800,theta3,donor,design,textbook_t|fpc|lin|xf,2,1,8.287055115626132e-05,1.524083176034899,1.0,1.0,1.0,,,0.9801189362746738,0.0,,,,C_ppi,
ACS_STATES,package,51,regcomp,A,4800.0,unit,6,800,theta2,donor,design,textbook_t|fpc|lin,2,1,0.0013355939799701733,1.691164339536619,1.0,1.0,1.0,,,0.0,1.0,,,,r4_classical,
ACS_STATES,package,51,regcomp,A,4800.0,unit,6,800,theta2,donor,design,textbook_t|fpc|lin|xf,2,1,0.0013355939799701733,1.691164339536619,1.0,1.0,1.0,,,0.0,1.0,,,,r4_classical,
ACS_STATES,package,51,regcomp,A,4800.0,unit,6,800,theta2,donor,design,textbook_t|fpc|lin,2,1,0.0001290394145585099,8.512913781320192,1.0,1.0,1.0,,,0.6858575988677287,0.0,,,,r4_ppi,
ACS_STATES,package,51,regcomp,A,4800.0,unit,6,800,theta2,donor,design,textbook_t|fpc|lin|xf,2,1,0.0001290394145585099,8.513416507733798,1.0,1.0,1.0,,,0.6858575988677287,0.0,,,,r4_ppi,
ACS_STATES,package,51,regcomp,A,4800.0,unit,6,800,theta2,donor,design,textbook_t|fpc|lin,2,1,0.0013355939799701733,1.691164339536619,1.0,1.0,1.0,,,0.0,1.0,,,,P_classical,
ACS_STATES,package,51,regcomp,A,4800.0,unit,6,800,theta2,donor,design,textbook_t|fpc|lin|xf,2,1,0.0013355939799701733,1.691164339536619,1.0,1.0,1.0,,,0.0,1.0,,,,P_classical,
ACS_STATES,package,51,regcomp,A,4800.0,unit,6,800,theta2,donor,design,textbook_t|fpc|lin,2,1,5.697696585919195e-07,2516.8685629460465,1.0,1.0,1.0,,,0.985861942882913,0.0,,,,P_ppi,
ACS_STATES,package,51,regcomp,A,4800.0,unit,6,800,theta2,donor,design,textbook_t|fpc|lin|xf,2,1,5.697696585919195e-07,2520.21296003133,1.0,1.0,1.0,,,0.985861942882913,0.0,,,,P_ppi,
ACS_STATES,package,51,regcomp,A,4800.0,unit,6,800,theta2,donor,design,textbook_t|fpc|lin,2,1,0.0013355939799701733,1.691164339536619,1.0,1.0,1.0,,,0.0,1.0,,,,C_classical,
ACS_STATES,package,51,regcomp,A,4800.0,unit,6,800,theta2,donor,design,textbook_t|fpc|lin|xf,2,1,0.0013355939799701733,1.691164339536619,1.0,1.0,1.0,,,0.0,1.0,,,,C_classical,
ACS_STATES,package,51,regcomp,A,4800.0,unit,6,800,theta2,donor,design,textbook_t|fpc|lin,2,1,5.650554598736793e-07,2537.983896243841,1.0,1.0,1.0,,,0.9857509256134251,0.0,,,,C_ppi,
ACS_STATES,package,51,regcomp,A,4800.0,unit,6,800,theta2,donor,design,textbook_t|fpc|lin|xf,2,1,5.650554598736793e-07,2541.3561952849013,1.0,1.0,1.0,,,0.9857509256134251,0.0,,,,C_ppi,
ACS_STATES,package,51,regcomp,A,4800.0,unit,8,600,theta3,donor,design,textbook_t|fpc|lin,2,1,4.371897595775023e-06,3705.8598700822013,1.0,1.0,1.0,,,0.0,1.0,,,,r4_classical,
ACS_STATES,package,51,regcomp,A,4800.0,unit,8,600,theta3,donor,design,textbook_t|fpc|lin|xf,2,1,4.371897595775023e-06,3705.8598700822013,1.0,1.0,1.0,,,0.0,1.0,,,,r4_classical,
ACS_STATES,package,51,regcomp,A,4800.0,unit,8,600,theta3,donor,design,textbook_t|fpc|lin,2,1,9.895079628851452e-05,3.181842879966039,1.0,1.0,1.0,,,0.9935293529648856,0.0,,,,r4_ppi,
ACS_STATES,package,51,regcomp,A,4800.0,unit,8,600,theta3,donor,design,textbook_t|fpc|lin|xf,2,1,9.895079628851452e-05,3.181860262128569,1.0,1.0,1.0,,,0.9935293529648856,0.0,,,,r4_ppi,
ACS_STATES,package,51,regcomp,A,4800.0,unit,8,600,theta3,donor,design,textbook_t|fpc|lin,2,1,8.592360978434744e-06,106.98578210542668,1.0,1.0,1.0,,,0.0,1.0,,,,P_classical,
ACS_STATES,package,51,regcomp,A,4800.0,unit,8,600,theta3,donor,design,textbook_t|fpc|lin|xf,2,1,8.592360978434744e-06,106.98578210542668,1.0,1.0,1.0,,,0.0,1.0,,,,P_classical,
ACS_STATES,package,51,regcomp,A,4800.0,unit,8,600,theta3,donor,design,textbook_t|fpc|lin,2,1,5.18100011153882e-05,6.48661708874076,1.0,1.0,1.0,,,0.9992252856986725,0.0,,,,P_ppi,
ACS_STATES,package,51,regcomp,A,4800.0,unit,8,600,theta3,donor,design,textbook_t|fpc|lin|xf,2,1,5.18100011153882e-05,6.513722176169366,1.0,1.0,1.0,,,0.9992252856986725,0.0,,,,P_ppi,
ACS_STATES,package,51,regcomp,A,4800.0,unit,8,600,theta3,donor,design,textbook_t|fpc|lin,2,1,2.6632189416212717e-06,319.1152798873931,1.0,1.0,1.0,,,0.0,1.0,,,,C_classical,
ACS_STATES,package,51,regcomp,A,4800.0,unit,8,600,theta3,donor,design,textbook_t|fpc|lin|xf,2,1,2.6632189416212717e-06,319.1152798873931,1.0,1.0,1.0,,,0.0,1.0,,,,C_classical,
ACS_STATES,package,51,regcomp,A,4800.0,unit,8,600,theta3,donor,design,textbook_t|fpc|lin,2,1,6.921681949101423e-05,4.303865359842444,1.0,1.0,1.0,,,0.998207269728527,0.0,,,,C_ppi,
ACS_STATES,package,51,regcomp,A,4800.0,unit,8,600,theta3,donor,design,textbook_t|fpc|lin|xf,2,1,6.921681949101423e-05,4.309977841163168,1.0,1.0,1.0,,,0.998207269728527,0.0,,,,C_ppi,
ACS_STATES,package,51,regcomp,A,4800.0,unit,8,600,theta2,donor,design,textbook_t|fpc|lin,2,1,0.0006406316541402043,6.251546294973143,1.0,1.0,1.0,,,0.0,1.0,,,,r4_classical,
ACS_STATES,package,51,regcomp,A,4800.0,unit,8,600,theta2,donor,design,textbook_t|fpc|lin|xf,2,1,0.0006406316541402043,6.251546294973143,1.0,1.0,1.0,,,0.0,1.0,,,,r4_classical,
ACS_STATES,package,51,regcomp,A,4800.0,unit,8,600,theta2,donor,design,textbook_t|fpc|lin,2,1,0.0014675257737886461,1.0271932580281615,1.0,1.0,1.0,,,0.9688054559604589,0.0,,,,r4_ppi,
ACS_STATES,package,51,regcomp,A,4800.0,unit,8,600,theta2,donor,design,textbook_t|fpc|lin|xf,2,1,0.0014675257737886461,1.0274512378348108,1.0,1.0,1.0,,,0.9688054559604589,0.0,,,,r4_ppi,
ACS_STATES,package,51,regcomp,A,4800.0,unit,8,600,theta2,donor,design,textbook_t|fpc|lin,2,1,0.0006406316541402043,6.251546294973143,1.0,1.0,1.0,,,0.0,1.0,,,,P_classical,
ACS_STATES,package,51,regcomp,A,4800.0,unit,8,600,theta2,donor,design,textbook_t|fpc|lin|xf,2,1,0.0006406316541402043,6.251546294973143,1.0,1.0,1.0,,,0.0,1.0,,,,P_classical,
ACS_STATES,package,51,regcomp,A,4800.0,unit,8,600,theta2,donor,design,textbook_t|fpc|lin,2,1,0.0014970856939710549,1.086581455914543,1.0,1.0,1.0,,,0.9846258993930754,0.0,,,,P_ppi,
ACS_STATES,package,51,regcomp,A,4800.0,unit,8,600,theta2,donor,design,textbook_t|fpc|lin|xf,2,1,0.0014970856939710549,1.0877824625825334,1.0,1.0,1.0,,,0.9846258993930754,0.0,,,,P_ppi,
ACS_STATES,package,51,regcomp,A,4800.0,unit,8,600,theta2,donor,design,textbook_t|fpc|lin,2,1,0.0006406316541402043,6.251546294973143,1.0,1.0,1.0,,,0.0,1.0,,,,C_classical,
ACS_STATES,package,51,regcomp,A,4800.0,unit,8,600,theta2,donor,design,textbook_t|fpc|lin|xf,2,1,0.0006406316541402043,6.251546294973143,1.0,1.0,1.0,,,0.0,1.0,,,,C_classical,
ACS_STATES,package,51,regcomp,A,4800.0,unit,8,600,theta2,donor,design,textbook_t|fpc|lin,2,1,0.0014970836351903259,1.0865803671779346,1.0,1.0,1.0,,,0.9846648047739003,0.0,,,,C_ppi,
ACS_STATES,package,51,regcomp,A,4800.0,unit,8,600,theta2,donor,design,textbook_t|fpc|lin|xf,2,1,0.0014970836351903259,1.0877813754975425,1.0,1.0,1.0,,,0.9846648047739003,0.0,,,,C_ppi,
ACS_STATES,package,51,regcomp,A,4800.0,unit,12,400,theta3,donor,design,textbook_t|fpc|lin,2,1,0.0010784243998887813,19.327055835653628,1.0,1.0,1.0,,,0.0,1.0,,,,r4_classical,
ACS_STATES,package,51,regcomp,A,4800.0,unit,12,400,theta3,donor,design,textbook_t|fpc|lin|xf,2,1,0.0010784243998887813,19.327055835653628,1.0,1.0,1.0,,,0.0,1.0,,,,r4_classical,
ACS_STATES,package,51,regcomp,A,4800.0,unit,12,400,theta3,donor,design,textbook_t|fpc|lin,2,1,0.00013143989016536564,1.2036981942731126,1.0,1.0,1.0,,,0.9907832170248603,0.0,,,,r4_ppi,
ACS_STATES,package,51,regcomp,A,4800.0,unit,12,400,theta3,donor,design,textbook_t|fpc|lin|xf,2,1,0.00013143989016536564,1.2037126018346829,1.0,1.0,1.0,,,0.9907832170248603,0.0,,,,r4_ppi,
ACS_STATES,package,51,regcomp,A,4800.0,unit,12,400,theta3,donor,design,textbook_t|fpc|lin,2,1,2.0947395252758754e-06,225.26039940156542,1.0,1.0,1.0,,,0.0,1.0,,,,P_classical,
ACS_STATES,package,51,regcomp,A,4800.0,unit,12,400,theta3,donor,design,textbook_t|fpc|lin|xf,2,1,2.0947395252758754e-06,225.26039940156542,1.0,1.0,1.0,,,0.0,1.0,,,,P_classical,
ACS_STATES,package,51,regcomp,A,4800.0,unit,12,400,theta3,donor,design,textbook_t|fpc|lin,2,1,0.00021668043144404037,0.7417765383938038,1.0,1.0,1.0,,,0.9587456934138401,0.0,,,,P_ppi,
ACS_STATES,package,51,regcomp,A,4800.0,unit,12,400,theta3,donor,design,textbook_t|fpc|lin|xf,2,1,0.00021668043144404037,0.7482066613061903,1.0,1.0,1.0,,,0.9587456934138401,0.0,,,,P_ppi,
ACS_STATES,package,51,regcomp,A,4800.0,unit,12,400,theta3,donor,design,textbook_t|fpc|lin,2,1,1.0552441374896516e-05,42.35291105804382,1.0,1.0,1.0,,,0.0,1.0,,,,C_classical,
ACS_STATES,package,51,regcomp,A,4800.0,unit,12,400,theta3,donor,design,textbook_t|fpc|lin|xf,2,1,1.0552441374896516e-05,42.35291105804382,1.0,1.0,1.0,,,0.0,1.0,,,,C_classical,
ACS_STATES,package,51,regcomp,A,4800.0,unit,12,400,theta3,donor,design,textbook_t|fpc|lin,2,1,0.00020850448238200157,0.7116681556524816,1.0,1.0,1.0,,,0.9568110729927204,0.0,,,,C_ppi,
ACS_STATES,package,51,regcomp,A,4800.0,unit,12,400,theta3,donor,design,textbook_t|fpc|lin|xf,2,1,0.00020850448238200157,0.7183504912038104,1.0,1.0,1.0,,,0.9568110729927204,0.0,,,,C_ppi,
ACS_STATES,package,51,regcomp,A,4800.0,unit,12,400,theta2,donor,design,textbook_t|fpc|lin,2,1,0.0007428487995885853,2.396849827064601,1.0,1.0,1.0,,,0.0,1.0,,,,r4_classical,
ACS_STATES,package,51,regcomp,A,4800.0,unit,12,400,theta2,donor,design,textbook_t|fpc|lin|xf,2,1,0.0007428487995885853,2.396849827064601,1.0,1.0,1.0,,,0.0,1.0,,,,r4_classical,
ACS_STATES,package,51,regcomp,A,4800.0,unit,12,400,theta2,donor,design,textbook_t|fpc|lin,2,1,0.0016303457479051073,0.5567771782419012,1.0,1.0,1.0,,,0.8397090041113091,0.0,,,,r4_ppi,
ACS_STATES,package,51,regcomp,A,4800.0,unit,12,400,theta2,donor,design,textbook_t|fpc|lin|xf,2,1,0.0016303457479051073,0.5613886048713271,1.0,1.0,1.0,,,0.8397090041113091,0.0,,,,r4_ppi,
ACS_STATES,package,51,regcomp,A,4800.0,unit,12,400,theta2,donor,design,textbook_t|fpc|lin,2,1,0.0007428487995885853,2.396849827064601,1.0,1.0,1.0,,,0.0,1.0,,,,P_classical,
ACS_STATES,package,51,regcomp,A,4800.0,unit,12,400,theta2,donor,design,textbook_t|fpc|lin|xf,2,1,0.0007428487995885853,2.396849827064601,1.0,1.0,1.0,,,0.0,1.0,,,,P_classical,
ACS_STATES,package,51,regcomp,A,4800.0,unit,12,400,theta2,donor,design,textbook_t|fpc|lin,2,1,0.0018365344244793058,0.4466481319161008,1.0,1.0,1.0,,,0.9679661803178313,0.0,,,,P_ppi,
ACS_STATES,package,51,regcomp,A,4800.0,unit,12,400,theta2,donor,design,textbook_t|fpc|lin|xf,2,1,0.0018365344244793058,0.44975905380889664,1.0,1.0,1.0,,,0.9679661803178313,0.0,,,,P_ppi,
ACS_STATES,package,51,regcomp,A,4800.0,unit,12,400,theta2,donor,design,textbook_t|fpc|lin,2,1,0.0007428487995885853,2.396849827064601,1.0,1.0,1.0,,,0.0,1.0,,,,C_classical,
ACS_STATES,package,51,regcomp,A,4800.0,unit,12,400,theta2,donor,design,textbook_t|fpc|lin|xf,2,1,0.0007428487995885853,2.396849827064601,1.0,1.0,1.0,,,0.0,1.0,,,,C_classical,
ACS_STATES,package,51,regcomp,A,4800.0,unit,12,400,theta2,donor,design,textbook_t|fpc|lin,2,1,0.0018356801340327373,0.44549965125994784,1.0,1.0,1.0,,,0.967425654908725,0.0,,,,C_ppi,
ACS_STATES,package,51,regcomp,A,4800.0,unit,12,400,theta2,donor,design,textbook_t|fpc|lin|xf,2,1,0.0018356801340327373,0.44857610167893724,1.0,1.0,1.0,,,0.967425654908725,0.0,,,,C_ppi,
ACS_STATES,package,51,regcomp,B,4800.0,unit,51,prop,theta3,donor,design,regB_t,2,1,0.02767265789400803,2.064595721366258,1.0,1.0,1.0,,,0.0,1.0,,,,r4_classical,63.0
ACS_STATES,package,51,regcomp,B,4800.0,unit,51,prop,theta3,donor,design,regB_t,2,1,0.0004979220164551574,0.7458450028839733,0.5,0.5,0.5,,,0.9976608717217612,0.0,,,,r4_ppi,63.0
ACS_STATES,package,51,regcomp,B,4800.0,unit,51,prop,theta3,donor,design,regB_t,2,1,0.00044989206395350397,2.064065639203405,1.0,1.0,1.0,,,0.0,1.0,,,,P_classical,63.0
ACS_STATES,package,51,regcomp,B,4800.0,unit,51,prop,theta3,donor,design,regB_t,2,1,0.0005047407097243974,0.736100204492679,0.5,0.5,0.5,,,1.0,0.0,,,,P_ppi,63.0
ACS_STATES,package,51,regcomp,B,4800.0,unit,51,prop,theta3,donor,design,regB_t,2,1,0.00122975360683664,0.7791656923002032,1.0,1.0,1.0,,,0.0,1.0,,,,C_classical,63.0
ACS_STATES,package,51,regcomp,B,4800.0,unit,51,prop,theta3,donor,design,regB_t,2,1,0.0005112534763319484,0.7480487592046964,0.5,0.5,0.5,,,1.0,0.0,,,,C_ppi,63.0
ACS_STATES,package,51,regcomp,B,4800.0,unit,51,prop,theta2,donor,design,regB_t,2,1,1.6380014904048728e-06,550.705214191953,0.0,0.0,0.0,,,0.0,1.0,,,,r4_classical,63.0
ACS_STATES,package,51,regcomp,B,4800.0,unit,51,prop,theta2,donor,design,regB_t,2,1,0.0003652592085116006,0.9392763283197387,1.0,1.0,1.0,,,0.9989642784320476,0.0,,,,r4_ppi,63.0
ACS_STATES,package,51,regcomp,B,4800.0,unit,51,prop,theta2,donor,design,regB_t,2,1,1.6380014904048728e-06,550.705214191953,0.0,0.0,0.0,,,0.0,1.0,,,,P_classical,63.0
ACS_STATES,package,51,regcomp,B,4800.0,unit,51,prop,theta2,donor,design,regB_t,2,1,0.0003656640705661733,0.938145130449511,1.0,1.0,1.0,,,0.9996373478168089,0.0,,,,P_ppi,63.0
ACS_STATES,package,51,regcomp,B,4800.0,unit,51,prop,theta2,donor,design,regB_t,2,1,1.6380014904048728e-06,550.705214191953,0.0,0.0,0.0,,,0.0,1.0,,,,C_classical,63.0
ACS_STATES,package,51,regcomp,B,4800.0,unit,51,prop,theta2,donor,design,regB_t,2,1,0.0003652592085116006,0.9392763283197382,1.0,1.0,1.0,,,0.9989642784320554,0.0,,,,C_ppi,63.0
ACS_STATES,package,51,regcomp,B,4330.0,cd_cs_10_vs_A_nL4_B4800,51,prop,theta3,donor,design,regB_t,2,1,0.14392135978779086,0.4233973864807606,1.0,1.0,1.0,,,0.0,1.0,,,,r4_classical,57.0
ACS_STATES,package,51,regcomp,B,4330.0,cd_cs_10_vs_A_nL4_B4800,51,prop,theta3,donor,design,regB_t,2,1,0.00047488036833280925,0.9719034930312004,0.5,0.5,0.5,,,1.0,0.0,,,,r4_ppi,57.0
ACS_STATES,package,51,regcomp,B,4330.0,cd_cs_10_vs_A_nL4_B4800,51,prop,theta3,donor,design,regB_t,2,1,0.0019398555154468255,0.5815599339269031,0.5,0.5,0.5,,,0.0,1.0,,,,P_classical,57.0
ACS_STATES,package,51,regcomp,B,4330.0,cd_cs_10_vs_A_nL4_B4800,51,prop,theta3,donor,design,regB_t,2,1,0.0005679053353262862,0.8217269503653771,0.5,0.5,0.5,,,0.9862860307603596,0.0,,,,P_ppi,57.0
ACS_STATES,package,51,regcomp,B,4330.0,cd_cs_10_vs_A_nL4_B4800,51,prop,theta3,donor,design,regB_t,2,1,0.0036747448140194328,0.3474335918788023,0.5,0.5,0.5,,,0.0,1.0,,,,C_classical,57.0
ACS_STATES,package,51,regcomp,B,4330.0,cd_cs_10_vs_A_nL4_B4800,51,prop,theta3,donor,design,regB_t,2,1,0.0008571661380049962,0.6000668648181918,0.5,0.5,0.5,,,0.9874143652187874,0.0,,,,C_ppi,57.0
ACS_STATES,package,51,regcomp,B,4330.0,cd_cs_10_vs_A_nL4_B4800,51,prop,theta2,donor,design,regB_t,2,1,2.0750144041570487e-05,44.73226255783627,1.0,1.0,1.0,,,0.0,1.0,,,,r4_classical,57.0
ACS_STATES,package,51,regcomp,B,4330.0,cd_cs_10_vs_A_nL4_B4800,51,prop,theta2,donor,design,regB_t,2,1,0.0008174225338312986,0.4495979090434669,1.0,1.0,1.0,,,1.0,0.0,,,,r4_ppi,57.0
ACS_STATES,package,51,regcomp,B,4330.0,cd_cs_10_vs_A_nL4_B4800,51,prop,theta2,donor,design,regB_t,2,1,2.0750144041570487e-05,44.73226255783627,1.0,1.0,1.0,,,0.0,1.0,,,,P_classical,57.0
ACS_STATES,package,51,regcomp,B,4330.0,cd_cs_10_vs_A_nL4_B4800,51,prop,theta2,donor,design,regB_t,2,1,0.0008174225338312986,0.4495979090434669,1.0,1.0,1.0,,,1.0,0.0,,,,P_ppi,57.0
ACS_STATES,package,51,regcomp,B,4330.0,cd_cs_10_vs_A_nL4_B4800,51,prop,theta2,donor,design,regB_t,2,1,2.0750144041570487e-05,44.73226255783627,1.0,1.0,1.0,,,0.0,1.0,,,,C_classical,57.0
ACS_STATES,package,51,regcomp,B,4330.0,cd_cs_10_vs_A_nL4_B4800,51,prop,theta2,donor,design,regB_t,2,1,0.0008174225338312986,0.4495979090434669,1.0,1.0,1.0,,,1.0,0.0,,,,C_ppi,57.0
ACS_STATES,package,51,regcomp,B,4350.0,cd_cs_10_vs_A_nL6_B4800,51,prop,theta3,donor,design,regB_t,2,1,0.05208784057870512,1.1974772908554654,1.0,1.0,1.0,,,0.0,1.0,,,,r4_classical,57.0
ACS_STATES,package,51,regcomp,B,4350.0,cd_cs_10_vs_A_nL6_B4800,51,prop,theta3,donor,design,regB_t,2,1,1.1060815049064446e-06,299.5547270937601,1.0,1.0,1.0,,,1.0,0.0,,,,r4_ppi,57.0
ACS_STATES,package,51,regcomp,B,4350.0,cd_cs_10_vs_A_nL6_B4800,51,prop,theta3,donor,design,regB_t,2,1,3.7735206441146886e-06,217.3145168116267,1.0,1.0,1.0,,,0.0,1.0,,,,P_classical,57.0
ACS_STATES,package,51,regcomp,B,4350.0,cd_cs_10_vs_A_nL6_B4800,51,prop,theta3,donor,design,regB_t,2,1,3.3762209157810894e-06,97.36833043377108,1.0,1.0,1.0,,,0.9696368457567128,0.0,,,,P_ppi,57.0
ACS_STATES,package,51,regcomp,B,4350.0,cd_cs_10_vs_A_nL6_B4800,51,prop,theta3,donor,design,regB_t,2,1,7.839523811734141e-06,112.5457607780927,1.0,1.0,1.0,,,0.0,1.0,,,,C_classical,57.0
ACS_STATES,package,51,regcomp,B,4350.0,cd_cs_10_vs_A_nL6_B4800,51,prop,theta3,donor,design,regB_t,2,1,1.7202823390081922e-05,20.642174014265837,1.0,1.0,1.0,,,0.9642708139481158,0.0,,,,C_ppi,57.0
ACS_STATES,package,51,regcomp,B,4350.0,cd_cs_10_vs_A_nL6_B4800,51,prop,theta2,donor,design,regB_t,2,1,0.0011601517742000985,0.7023096654357877,1.0,1.0,1.0,,,0.0,1.0,,,,r4_classical,57.0
ACS_STATES,package,51,regcomp,B,4350.0,cd_cs_10_vs_A_nL6_B4800,51,prop,theta2,donor,design,regB_t,2,1,0.0004987707710125276,0.5909928742288126,1.0,1.0,1.0,,,0.984841218039896,0.0,,,,r4_ppi,57.0
ACS_STATES,package,51,regcomp,B,4350.0,cd_cs_10_vs_A_nL6_B4800,51,prop,theta2,donor,design,regB_t,2,1,0.0011601517742000985,0.7023096654357877,1.0,1.0,1.0,,,0.0,1.0,,,,P_classical,57.0
ACS_STATES,package,51,regcomp,B,4350.0,cd_cs_10_vs_A_nL6_B4800,51,prop,theta2,donor,design,regB_t,2,1,0.0004976021447082932,0.5924498038296133,1.0,1.0,1.0,,,0.984434626794409,0.0,,,,P_ppi,57.0
ACS_STATES,package,51,regcomp,B,4350.0,cd_cs_10_vs_A_nL6_B4800,51,prop,theta2,donor,design,regB_t,2,1,0.0011601517742000985,0.7023096654357877,1.0,1.0,1.0,,,0.0,1.0,,,,C_classical,57.0
ACS_STATES,package,51,regcomp,B,4350.0,cd_cs_10_vs_A_nL6_B4800,51,prop,theta2,donor,design,regB_t,2,1,0.0004987707710125276,0.5909928742288123,1.0,1.0,1.0,,,0.984841218039891,0.0,,,,C_ppi,57.0
ACS_STATES,package,51,regcomp,B,4370.0,cd_cs_10_vs_A_nL8_B4800,51,prop,theta3,donor,design,regB_t,2,1,0.0007746578777719526,77.37497552386074,1.0,1.0,1.0,,,0.0,1.0,,,,r4_classical,58.0
ACS_STATES,package,51,regcomp,B,4370.0,cd_cs_10_vs_A_nL8_B4800,51,prop,theta3,donor,design,regB_t,2,1,0.0006481811251312156,0.518738171860644,0.5,0.5,0.5,,,1.0,0.0,,,,r4_ppi,58.0
ACS_STATES,package,51,regcomp,B,4370.0,cd_cs_10_vs_A_nL8_B4800,51,prop,theta3,donor,design,regB_t,2,1,0.0010835115913913117,0.8949676186220294,1.0,1.0,1.0,,,0.0,1.0,,,,P_classical,58.0
ACS_STATES,package,51,regcomp,B,4370.0,cd_cs_10_vs_A_nL8_B4800,51,prop,theta3,donor,design,regB_t,2,1,0.0006518309687029523,0.5207854383611501,0.5,0.5,0.5,,,0.9926492927453016,0.0,,,,P_ppi,58.0
ACS_STATES,package,51,regcomp,B,4370.0,cd_cs_10_vs_A_nL8_B4800,51,prop,theta3,donor,design,regB_t,2,1,0.0011591157360891866,0.8964527160668433,1.0,1.0,1.0,,,0.0,1.0,,,,C_classical,58.0
ACS_STATES,package,51,regcomp,B,4370.0,cd_cs_10_vs_A_nL8_B4800,51,prop,theta3,donor,design,regB_t,2,1,0.0008014972102865739,0.42100900286399495,0.5,0.5,0.5,,,0.9972248963393868,0.0,,,,C_ppi,58.0
ACS_STATES,package,51,regcomp,B,4370.0,cd_cs_10_vs_A_nL8_B4800,51,prop,theta2,donor,design,regB_t,2,1,6.767738887109389e-05,13.487636442575152,1.0,1.0,1.0,,,0.0,1.0,,,,r4_classical,58.0
ACS_STATES,package,51,regcomp,B,4370.0,cd_cs_10_vs_A_nL8_B4800,51,prop,theta2,donor,design,regB_t,2,1,0.00024393765862696027,1.511699224777169,1.0,1.0,1.0,,,0.9667962055209032,0.0,,,,r4_ppi,58.0
ACS_STATES,package,51,regcomp,B,4370.0,cd_cs_10_vs_A_nL8_B4800,51,prop,theta2,donor,design,regB_t,2,1,6.767738887109389e-05,13.487636442575152,1.0,1.0,1.0,,,0.0,1.0,,,,P_classical,58.0
ACS_STATES,package,51,regcomp,B,4370.0,cd_cs_10_vs_A_nL8_B4800,51,prop,theta2,donor,design,regB_t,2,1,0.00024326561894959237,1.5164758528651419,1.0,1.0,1.0,,,0.9706445634094474,0.0,,,,P_ppi,58.0
ACS_STATES,package,51,regcomp,B,4370.0,cd_cs_10_vs_A_nL8_B4800,51,prop,theta2,donor,design,regB_t,2,1,6.767738887109389e-05,13.487636442575152,1.0,1.0,1.0,,,0.0,1.0,,,,C_classical,58.0
ACS_STATES,package,51,regcomp,B,4370.0,cd_cs_10_vs_A_nL8_B4800,51,prop,theta2,donor,design,regB_t,2,1,0.0002439376586269995,1.511699224776926,1.0,1.0,1.0,,,0.9667962055209025,0.0,,,,C_ppi,58.0
ACS_STATES,package,51,regcomp,B,4410.0,cd_cs_10_vs_A_nL12_B4800,51,prop,theta3,donor,design,regB_t,2,1,0.09580589289770312,0.5788155308774612,0.5,0.5,0.5,,,0.0,1.0,,,,r4_classical,58.0
ACS_STATES,package,51,regcomp,B,4410.0,cd_cs_10_vs_A_nL12_B4800,51,prop,theta3,donor,design,regB_t,2,1,4.958934626101953e-06,65.95783541808036,1.0,1.0,1.0,,,0.9993383268664751,0.0,,,,r4_ppi,58.0
ACS_STATES,package,51,regcomp,B,4410.0,cd_cs_10_vs_A_nL12_B4800,51,prop,theta3,donor,design,regB_t,2,1,2.1997037103799074e-05,42.35445948057691,1.0,1.0,1.0,,,0.0,1.0,,,,P_classical,58.0
ACS_STATES,package,51,regcomp,B,4410.0,cd_cs_10_vs_A_nL12_B4800,51,prop,theta3,donor,design,regB_t,2,1,9.761534200783264e-06,33.64898397589959,1.0,1.0,1.0,,,1.0,0.0,,,,P_ppi,58.0
ACS_STATES,package,51,regcomp,B,4410.0,cd_cs_10_vs_A_nL12_B4800,51,prop,theta3,donor,design,regB_t,2,1,2.1801863044549756e-05,47.79516812964507,1.0,1.0,1.0,,,0.0,1.0,,,,C_classical,58.0
ACS_STATES,package,51,regcomp,B,4410.0,cd_cs_10_vs_A_nL12_B4800,51,prop,theta3,donor,design,regB_t,2,1,6.05529890386805e-06,57.01372138849331,1.0,1.0,1.0,,,0.9946447846774773,0.0,,,,C_ppi,58.0
ACS_STATES,package,51,regcomp,B,4410.0,cd_cs_10_vs_A_nL12_B4800,51,prop,theta2,donor,design,regB_t,2,1,0.0003658102233745646,2.3032949033211656,1.0,1.0,1.0,,,0.0,1.0,,,,r4_classical,58.0
ACS_STATES,package,51,regcomp,B,4410.0,cd_cs_10_vs_A_nL12_B4800,51,prop,theta2,donor,design,regB_t,2,1,9.298126284280835e-06,34.55947764641585,1.0,1.0,1.0,,,1.0,0.0,,,,r4_ppi,58.0
ACS_STATES,package,51,regcomp,B,4410.0,cd_cs_10_vs_A_nL12_B4800,51,prop,theta2,donor,design,regB_t,2,1,0.0003658102233745646,2.3032949033211656,1.0,1.0,1.0,,,0.0,1.0,,,,P_classical,58.0
ACS_STATES,package,51,regcomp,B,4410.0,cd_cs_10_vs_A_nL12_B4800,51,prop,theta2,donor,design,regB_t,2,1,9.298126284280835e-06,34.55947764641585,1.0,1.0,1.0,,,1.0,0.0,,,,P_ppi,58.0
ACS_STATES,package,51,regcomp,B,4410.0,cd_cs_10_vs_A_nL12_B4800,51,prop,theta2,donor,design,regB_t,2,1,0.0003658102233745646,2.3032949033211656,1.0,1.0,1.0,,,0.0,1.0,,,,C_classical,58.0
ACS_STATES,package,51,regcomp,B,4410.0,cd_cs_10_vs_A_nL12_B4800,51,prop,theta2,donor,design,regB_t,2,1,9.298126284280835e-06,34.55947764641585,1.0,1.0,1.0,,,1.0,0.0,,,,C_ppi,58.0
ACS_STATES,package,51,regcomp,B,100.0,cd_cs_100_vs_A_nL4_B4800,51,prop,theta3,donor,design,regB_t,2,1,0.012716951983416266,25.928779421984043,1.0,1.0,1.0,,,0.0,1.0,,,,r4_classical,1.0
ACS_STATES,package,51,regcomp,B,100.0,cd_cs_100_vs_A_nL4_B4800,51,prop,theta3,donor,design,regB_t,2,1,0.012185657189380474,0.17444580935655676,0.5,0.5,0.5,,,1.0,0.0,,,,r4_ppi,1.0
ACS_STATES,package,51,regcomp,B,100.0,cd_cs_100_vs_A_nL4_B4800,51,prop,theta3,donor,design,regB_t,2,1,0.00018810866345670836,37.801753163178326,1.0,1.0,1.0,,,0.0,1.0,,,,P_classical,1.0
ACS_STATES,package,51,regcomp,B,100.0,cd_cs_100_vs_A_nL4_B4800,51,prop,theta3,donor,design,regB_t,2,1,0.01134908422193359,0.19253934280700985,0.5,0.5,0.5,,,1.0,0.0,,,,P_ppi,1.0
ACS_STATES,package,51,regcomp,B,100.0,cd_cs_100_vs_A_nL4_B4800,51,prop,theta3,donor,design,regB_t,2,1,0.010964227446395382,0.7420164319293883,0.5,0.5,0.5,,,0.0,1.0,,,,C_classical,1.0
ACS_STATES,package,51,regcomp,B,100.0,cd_cs_100_vs_A_nL4_B4800,51,prop,theta3,donor,design,regB_t,2,1,0.018044536217514832,0.13351827731983756,0.0,0.0,0.0,,,1.0,0.0,,,,C_ppi,1.0
ACS_STATES,package,51,regcomp,B,100.0,cd_cs_100_vs_A_nL4_B4800,51,prop,theta2,donor,design,regB_t,2,1,0.0018791101699998012,3.718539452193639,0.5,0.5,0.5,,,0.0,1.0,,,,r4_classical,1.0
ACS_STATES,package,51,regcomp,B,100.0,cd_cs_100_vs_A_nL4_B4800,51,prop,theta2,donor,design,regB_t,2,1,0.013241634867854617,0.2178884079704385,0.5,0.5,0.5,,,0.9398242079061412,0.0,,,,r4_ppi,1.0
ACS_STATES,package,51,regcomp,B,100.0,cd_cs_100_vs_A_nL4_B4800,51,prop,theta2,donor,design,regB_t,2,1,0.0018791101699998012,3.718539452193639,0.5,0.5,0.5,,,0.0,1.0,,,,P_classical,1.0
ACS_STATES,package,51,regcomp,B,100.0,cd_cs_100_vs_A_nL4_B4800,51,prop,theta2,donor,design,regB_t,2,1,0.013660316560919324,0.20760570109408147,0.5,0.5,0.5,,,0.9097079336623748,0.0,,,,P_ppi,1.0
ACS_STATES,package,51,regcomp,B,100.0,cd_cs_100_vs_A_nL4_B4800,51,prop,theta2,donor,design,regB_t,2,1,0.0018791101699998012,3.718539452193639,0.5,0.5,0.5,,,0.0,1.0,,,,C_classical,1.0
ACS_STATES,package,51,regcomp,B,100.0,cd_cs_100_vs_A_nL4_B4800,51,prop,theta2,donor,design,regB_t,2,1,0.013241634867854329,0.21788840797044637,0.5,0.5,0.5,,,0.9398242079061422,0.0,,,,C_ppi,1.0
ACS_STATES,package,51,regcomp,B,300.0,cd_cs_100_vs_A_nL6_B4800,51,prop,theta3,donor,design,regB_t,2,1,3.6368555937800333,0.07709750760426665,0.5,0.5,0.5,,,0.0,1.0,,,,r4_classical,4.0
ACS_STATES,package,51,regcomp,B,300.0,cd_cs_100_vs_A_nL6_B4800,51,prop,theta3,donor,design,regB_t,2,1,0.000774629844080613,2.5952543877178544,1.0,1.0,1.0,,,0.9915856052453652,0.0,,,,r4_ppi,4.0
ACS_STATES,package,51,regcomp,B,300.0,cd_cs_100_vs_A_nL6_B4800,51,prop,theta3,donor,design,regB_t,2,1,0.025195747090788617,0.16374309269241477,0.0,0.0,0.0,,,0.0,1.0,,,,P_classical,4.0
ACS_STATES,package,51,regcomp,B,300.0,cd_cs_100_vs_A_nL6_B4800,51,prop,theta3,donor,design,regB_t,2,1,0.0037226431969716732,0.557319380910422,1.0,1.0,1.0,,,0.9422405371941391,0.0,,,,P_ppi,4.0
ACS_STATES,package,51,regcomp,B,300.0,cd_cs_100_vs_A_nL6_B4800,51,prop,theta3,donor,design,regB_t,2,1,0.0024128266090146493,2.2536173408255817,0.0,0.0,0.0,,,0.0,1.0,,,,C_classical,4.0
ACS_STATES,package,51,regcomp,B,300.0,cd_cs_100_vs_A_nL6_B4800,51,prop,theta3,donor,design,regB_t,2,1,0.001336028488865363,1.7815016449060397,1.0,1.0,1.0,,,0.9587581523562985,0.0,,,,C_ppi,4.0
ACS_STATES,package,51,regcomp,B,300.0,cd_cs_100_vs_A_nL6_B4800,51,prop,theta2,donor,design,regB_t,2,1,0.030467833456638976,0.10383713373813694,0.0,0.0,0.0,,,0.0,1.0,,,,r4_classical,4.0
ACS_STATES,package,51,regcomp,B,300.0,cd_cs_100_vs_A_nL6_B4800,51,prop,theta2,donor,design,regB_t,2,1,0.00398663177969956,0.4465904338783056,0.5,0.5,0.5,,,0.982327445009705,0.0,,,,r4_ppi,4.0
ACS_STATES,package,51,regcomp,B,300.0,cd_cs_100_vs_A_nL6_B4800,51,prop,theta2,donor,design,regB_t,2,1,0.030467833456638976,0.10383713373813694,0.0,0.0,0.0,,,0.0,1.0,,,,P_classical,4.0
ACS_STATES,package,51,regcomp,B,300.0,cd_cs_100_vs_A_nL6_B4800,51,prop,theta2,donor,design,regB_t,2,1,0.003803918949106136,0.4679278959694577,0.5,0.5,0.5,,,0.9674316391144854,0.0,,,,P_ppi,4.0
ACS_STATES,package,51,regcomp,B,300.0,cd_cs_100_vs_A_nL6_B4800,51,prop,theta2,donor,design,regB_t,2,1,0.030467833456638976,0.10383713373813694,0.0,0.0,0.0,,,0.0,1.0,,,,C_classical,4.0
ACS_STATES,package,51,regcomp,B,300.0,cd_cs_100_vs_A_nL6_B4800,51,prop,theta2,donor,design,regB_t,2,1,0.00398663177969956,0.4465904338783042,0.5,0.5,0.5,,,0.9823274450097029,0.0,,,,C_ppi,4.0
ACS_STATES,package,51,regcomp,B,500.0,cd_cs_100_vs_A_nL8_B4800,51,prop,theta3,donor,design,regB_t,2,1,3.508817281745304,0.09008683999169288,0.0,0.0,0.0,,,0.0,1.0,,,,r4_classical,7.0
ACS_STATES,package,51,regcomp,B,500.0,cd_cs_100_vs_A_nL8_B4800,51,prop,theta3,donor,design,regB_t,2,1,0.00623185590281674,0.1994156068706259,0.5,0.5,0.5,,,0.9988873677521017,0.0,,,,r4_ppi,7.0
ACS_STATES,package,51,regcomp,B,500.0,cd_cs_100_vs_A_nL8_B4800,51,prop,theta3,donor,design,regB_t,2,1,1.0251148742162146e-06,4035.313762601267,1.0,1.0,1.0,,,0.0,1.0,,,,P_classical,7.0
ACS_STATES,package,51,regcomp,B,500.0,cd_cs_100_vs_A_nL8_B4800,51,prop,theta3,donor,design,regB_t,2,1,0.006513213410726018,0.20289673488754947,0.5,0.5,0.5,,,0.9953685041812192,0.0,,,,P_ppi,7.0
ACS_STATES,package,51,regcomp,B,500.0,cd_cs_100_vs_A_nL8_B4800,51,prop,theta3,donor,design,regB_t,2,1,0.01137033325154538,0.5871816943236572,0.5,0.5,0.5,,,0.0,1.0,,,,C_classical,7.0
ACS_STATES,package,51,regcomp,B,500.0,cd_cs_100_vs_A_nL8_B4800,51,prop,theta3,donor,design,regB_t,2,1,0.005637505381117569,0.3759202093190544,1.0,1.0,1.0,,,0.9827059431931009,0.0,,,,C_ppi,7.0
ACS_STATES,package,51,regcomp,B,500.0,cd_cs_100_vs_A_nL8_B4800,51,prop,theta2,donor,design,regB_t,2,1,0.0003789139787844731,11.36927515249595,1.0,1.0,1.0,,,0.0,1.0,,,,r4_classical,7.0
ACS_STATES,package,51,regcomp,B,500.0,cd_cs_100_vs_A_nL8_B4800,51,prop,theta2,donor,design,regB_t,2,1,0.009236019156884889,0.17502333246240875,0.5,0.5,0.5,,,1.0,0.0,,,,r4_ppi,7.0
ACS_STATES,package,51,regcomp,B,500.0,cd_cs_100_vs_A_nL8_B4800,51,prop,theta2,donor,design,regB_t,2,1,0.0003789139787844731,11.36927515249595,1.0,1.0,1.0,,,0.0,1.0,,,,P_classical,7.0
ACS_STATES,package,51,regcomp,B,500.0,cd_cs_100_vs_A_nL8_B4800,51,prop,theta2,donor,design,regB_t,2,1,0.009236019156884889,0.17502333246240875,0.5,0.5,0.5,,,1.0,0.0,,,,P_ppi,7.0
ACS_STATES,package,51,regcomp,B,500.0,cd_cs_100_vs_A_nL8_B4800,51,prop,theta2,donor,design,regB_t,2,1,0.0003789139787844731,11.36927515249595,1.0,1.0,1.0,,,0.0,1.0,,,,C_classical,7.0
ACS_STATES,package,51,regcomp,B,500.0,cd_cs_100_vs_A_nL8_B4800,51,prop,theta2,donor,design,regB_t,2,1,0.009236019156884889,0.17502333246240875,0.5,0.5,0.5,,,1.0,0.0,,,,C_ppi,7.0
ACS_STATES,package,51,regcomp,B,900.0,cd_cs_100_vs_A_nL12_B4800,51,prop,theta3,donor,design,regB_t,2,1,0.2911200064965451,1.2396845067100288,0.5,0.5,0.5,,,0.0,1.0,,,,r4_classical,12.0
ACS_STATES,package,51,regcomp,B,900.0,cd_cs_100_vs_A_nL12_B4800,51,prop,theta3,donor,design,regB_t,2,1,3.4512897432049274e-06,467.28196987894034,1.0,1.0,1.0,,,0.9982778136403605,0.0,,,,r4_ppi,12.0
ACS_STATES,package,51,regcomp,B,900.0,cd_cs_100_vs_A_nL12_B4800,51,prop,theta3,donor,design,regB_t,2,1,0.003028576727424417,1.365207774930067,1.0,1.0,1.0,,,0.0,1.0,,,,P_classical,12.0
ACS_STATES,package,51,regcomp,B,900.0,cd_cs_100_vs_A_nL12_B4800,51,prop,theta3,donor,design,regB_t,2,1,1.9479906726758744e-05,82.57067665608014,1.0,1.0,1.0,,,1.0,0.0,,,,P_ppi,12.0
ACS_STATES,package,51,regcomp,B,900.0,cd_cs_100_vs_A_nL12_B4800,51,prop,theta3,donor,design,regB_t,2,1,0.008568809204918756,0.7107883929708201,0.5,0.5,0.5,,,0.0,1.0,,,,C_classical,12.0
ACS_STATES,package,51,regcomp,B,900.0,cd_cs_100_vs_A_nL12_B4800,51,prop,theta3,donor,design,regB_t,2,1,0.00010110277101164724,20.5516240551583,1.0,1.0,1.0,,,1.0,0.0,,,,C_ppi,12.0
ACS_STATES,package,51,regcomp,B,900.0,cd_cs_100_vs_A_nL12_B4800,51,prop,theta2,donor,design,regB_t,2,1,0.007082405917367318,0.6813865662515123,1.0,1.0,1.0,,,0.0,1.0,,,,r4_classical,12.0
ACS_STATES,package,51,regcomp,B,900.0,cd_cs_100_vs_A_nL12_B4800,51,prop,theta2,donor,design,regB_t,2,1,0.0024941286387253313,1.1817663880662368,1.0,1.0,1.0,,,0.9632141140794839,0.0,,,,r4_ppi,12.0
ACS_STATES,package,51,regcomp,B,900.0,cd_cs_100_vs_A_nL12_B4800,51,prop,theta2,donor,design,regB_t,2,1,0.007082405917367318,0.6813865662515123,1.0,1.0,1.0,,,0.0,1.0,,,,P_classical,12.0
ACS_STATES,package,51,regcomp,B,900.0,cd_cs_100_vs_A_nL12_B4800,51,prop,theta2,donor,design,regB_t,2,1,0.002517568271295705,1.1708221461962744,1.0,1.0,1.0,,,0.9584825220592812,0.0,,,,P_ppi,12.0
ACS_STATES,package,51,regcomp,B,900.0,cd_cs_100_vs_A_nL12_B4800,51,prop,theta2,donor,design,regB_t,2,1,0.007082405917367318,0.6813865662515123,1.0,1.0,1.0,,,0.0,1.0,,,,C_classical,12.0
ACS_STATES,package,51,regcomp,B,900.0,cd_cs_100_vs_A_nL12_B4800,51,prop,theta2,donor,design,regB_t,2,1,0.0024941286387252055,1.1817663880662965,1.0,1.0,1.0,,,0.9632141140794936,0.0,,,,C_ppi,12.0
ACS_STATES,package,51,regcomp,A,9600.0,unit,4,2400,theta3,donor,design,textbook_t|fpc|lin,2,1,0.010045178279062848,0.8364087487964663,1.0,1.0,1.0,,,0.0,1.0,,,,r4_classical,
ACS_STATES,package,51,regcomp,A,9600.0,unit,4,2400,theta3,donor,design,textbook_t|fpc|lin|xf,2,1,0.010045178279062848,0.8364087487964663,1.0,1.0,1.0,,,0.0,1.0,,,,r4_classical,
ACS_STATES,package,51,regcomp,A,9600.0,unit,4,2400,theta3,donor,design,textbook_t|fpc|lin,2,1,0.010045178279062848,0.8364087487964663,1.0,1.0,1.0,,,0.0,1.0,,,,r4_ppi,
ACS_STATES,package,51,regcomp,A,9600.0,unit,4,2400,theta3,donor,design,textbook_t|fpc|lin|xf,2,1,0.010045178279062848,0.8364087487964663,1.0,1.0,1.0,,,0.0,1.0,,,,r4_ppi,
ACS_STATES,package,51,regcomp,A,9600.0,unit,4,2400,theta3,donor,design,textbook_t|fpc|lin,2,1,1.5688558373080476e-06,796.9186464551723,1.0,1.0,1.0,,,0.0,1.0,,,,P_classical,
ACS_STATES,package,51,regcomp,A,9600.0,unit,4,2400,theta3,donor,design,textbook_t|fpc|lin|xf,2,1,1.5688558373080476e-06,796.9186464551723,1.0,1.0,1.0,,,0.0,1.0,,,,P_classical,
ACS_STATES,package,51,regcomp,A,9600.0,unit,4,2400,theta3,donor,design,textbook_t|fpc|lin,2,1,3.402302611719123e-07,3133.1004892767546,1.0,1.0,1.0,,,0.9899191860001831,0.0,,,,P_ppi,
ACS_STATES,package,51,regcomp,A,9600.0,unit,4,2400,theta3,donor,design,textbook_t|fpc|lin|xf,2,1,3.402302611719123e-07,3133.1004892767546,1.0,1.0,1.0,,,0.9899191860001831,0.0,,,,P_ppi,
ACS_STATES,package,51,regcomp,A,9600.0,unit,4,2400,theta3,donor,design,textbook_t|fpc|lin,2,1,4.0527479148167865e-09,320106.07207576506,1.0,1.0,1.0,,,0.0,1.0,,,,C_classical,
ACS_STATES,package,51,regcomp,A,9600.0,unit,4,2400,theta3,donor,design,textbook_t|fpc|lin|xf,2,1,4.0527479148167865e-09,320106.07207576506,1.0,1.0,1.0,,,0.0,1.0,,,,C_classical,
ACS_STATES,package,51,regcomp,A,9600.0,unit,4,2400,theta3,donor,design,textbook_t|fpc|lin,2,1,4.386450658788846e-06,242.34737634371967,1.0,1.0,1.0,,,0.9862119141239367,0.0,,,,C_ppi,
ACS_STATES,package,51,regcomp,A,9600.0,unit,4,2400,theta3,donor,design,textbook_t|fpc|lin|xf,2,1,4.386450658788846e-06,242.34737634371967,1.0,1.0,1.0,,,0.9862119141239367,0.0,,,,C_ppi,
ACS_STATES,package,51,regcomp,A,9600.0,unit,4,2400,theta2,donor,design,textbook_t|fpc|lin,2,1,0.0008219336827787779,7.337148179595865,1.0,1.0,1.0,,,0.0,1.0,,,,r4_classical,
ACS_STATES,package,51,regcomp,A,9600.0,unit,4,2400,theta2,donor,design,textbook_t|fpc|lin|xf,2,1,0.0008219336827787779,7.337148179595865,1.0,1.0,1.0,,,0.0,1.0,,,,r4_classical,
ACS_STATES,package,51,regcomp,A,9600.0,unit,4,2400,theta2,donor,design,textbook_t|fpc|lin,2,1,0.0008219336827787779,7.337148179595865,1.0,1.0,1.0,,,0.0,1.0,,,,r4_ppi,
ACS_STATES,package,51,regcomp,A,9600.0,unit,4,2400,theta2,donor,design,textbook_t|fpc|lin|xf,2,1,0.0008219336827787779,7.337148179595865,1.0,1.0,1.0,,,0.0,1.0,,,,r4_ppi,
ACS_STATES,package,51,regcomp,A,9600.0,unit,4,2400,theta2,donor,design,textbook_t|fpc|lin,2,1,0.0008219336827787779,7.337148179595865,1.0,1.0,1.0,,,0.0,1.0,,,,P_classical,
ACS_STATES,package,51,regcomp,A,9600.0,unit,4,2400,theta2,donor,design,textbook_t|fpc|lin|xf,2,1,0.0008219336827787779,7.337148179595865,1.0,1.0,1.0,,,0.0,1.0,,,,P_classical,
ACS_STATES,package,51,regcomp,A,9600.0,unit,4,2400,theta2,donor,design,textbook_t|fpc|lin,2,1,0.0012888086771842492,5.171391013456058,1.0,1.0,1.0,,,0.9828542453369401,0.0,,,,P_ppi,
ACS_STATES,package,51,regcomp,A,9600.0,unit,4,2400,theta2,donor,design,textbook_t|fpc|lin|xf,2,1,0.0012888086771842492,5.171391013456058,1.0,1.0,1.0,,,0.9828542453369401,0.0,,,,P_ppi,
ACS_STATES,package,51,regcomp,A,9600.0,unit,4,2400,theta2,donor,design,textbook_t|fpc|lin,2,1,0.0008219336827787779,7.337148179595865,1.0,1.0,1.0,,,0.0,1.0,,,,C_classical,
ACS_STATES,package,51,regcomp,A,9600.0,unit,4,2400,theta2,donor,design,textbook_t|fpc|lin|xf,2,1,0.0008219336827787779,7.337148179595865,1.0,1.0,1.0,,,0.0,1.0,,,,C_classical,
ACS_STATES,package,51,regcomp,A,9600.0,unit,4,2400,theta2,donor,design,textbook_t|fpc|lin,2,1,0.0012879605929958214,5.174591879896278,1.0,1.0,1.0,,,0.9821428414642105,0.0,,,,C_ppi,
ACS_STATES,package,51,regcomp,A,9600.0,unit,4,2400,theta2,donor,design,textbook_t|fpc|lin|xf,2,1,0.0012879605929958214,5.174591879896278,1.0,1.0,1.0,,,0.9821428414642105,0.0,,,,C_ppi,
ACS_STATES,package,51,regcomp,A,9600.0,unit,6,1600,theta3,donor,design,textbook_t|fpc|lin,2,1,0.0013646017514886235,2.716371396622221,1.0,1.0,1.0,,,0.0,1.0,,,,r4_classical,
ACS_STATES,package,51,regcomp,A,9600.0,unit,6,1600,theta3,donor,design,textbook_t|fpc|lin|xf,2,1,0.0013646017514886235,2.716371396622221,1.0,1.0,1.0,,,0.0,1.0,,,,r4_classical,
ACS_STATES,package,51,regcomp,A,9600.0,unit,6,1600,theta3,donor,design,textbook_t|fpc|lin,2,1,0.0007048474202071851,2.8678127553742065,1.0,1.0,1.0,,,0.693109932500227,0.0,,,,r4_ppi,
ACS_STATES,package,51,regcomp,A,9600.0,unit,6,1600,theta3,donor,design,textbook_t|fpc|lin|xf,2,1,0.0007048474202071851,2.871142196421341,1.0,1.0,1.0,,,0.693109932500227,0.0,,,,r4_ppi,
ACS_STATES,package,51,regcomp,A,9600.0,unit,6,1600,theta3,donor,design,textbook_t|fpc|lin,2,1,0.003215135598832596,0.16660787623846599,0.5,0.5,0.5,,,0.0,1.0,,,,P_classical,
ACS_STATES,package,51,regcomp,A,9600.0,unit,6,1600,theta3,donor,design,textbook_t|fpc|lin|xf,2,1,0.003215135598832596,0.16660787623846599,0.5,0.5,0.5,,,0.0,1.0,,,,P_classical,
ACS_STATES,package,51,regcomp,A,9600.0,unit,6,1600,theta3,donor,design,textbook_t|fpc|lin,2,1,0.0002890493742369505,0.9337846366114498,1.0,1.0,1.0,,,0.967694551543034,0.0,,,,P_ppi,
ACS_STATES,package,51,regcomp,A,9600.0,unit,6,1600,theta3,donor,design,textbook_t|fpc|lin|xf,2,1,0.0002890493742369505,0.9480533331061172,1.0,1.0,1.0,,,0.967694551543034,0.0,,,,P_ppi,
ACS_STATES,package,51,regcomp,A,9600.0,unit,6,1600,theta3,donor,design,textbook_t|fpc|lin,2,1,0.0034919856081481156,0.161513431804184,0.5,0.5,0.5,,,0.0,1.0,,,,C_classical,
ACS_STATES,package,51,regcomp,A,9600.0,unit,6,1600,theta3,donor,design,textbook_t|fpc|lin|xf,2,1,0.0034919856081481156,0.161513431804184,0.5,0.5,0.5,,,0.0,1.0,,,,C_classical,
ACS_STATES,package,51,regcomp,A,9600.0,unit,6,1600,theta3,donor,design,textbook_t|fpc|lin,2,1,0.00032713090031089714,0.8159262850496022,1.0,1.0,1.0,,,0.9681923891703803,0.0,,,,C_ppi,
ACS_STATES,package,51,regcomp,A,9600.0,unit,6,1600,theta3,donor,design,textbook_t|fpc|lin|xf,2,1,0.00032713090031089714,0.8293790378122444,1.0,1.0,1.0,,,0.9681923891703803,0.0,,,,C_ppi,
ACS_STATES,package,51,regcomp,A,9600.0,unit,6,1600,theta2,donor,design,textbook_t|fpc|lin,2,1,0.001766171917186463,3.3373146577171604,1.0,1.0,1.0,,,0.0,1.0,,,,r4_classical,
ACS_STATES,package,51,regcomp,A,9600.0,unit,6,1600,theta2,donor,design,textbook_t|fpc|lin|xf,2,1,0.001766171917186463,3.3373146577171604,1.0,1.0,1.0,,,0.0,1.0,,,,r4_classical,
ACS_STATES,package,51,regcomp,A,9600.0,unit,6,1600,theta2,donor,design,textbook_t|fpc|lin,2,1,0.0010314277006335346,1.7674292064418478,1.0,1.0,1.0,,,1.0,0.0,,,,r4_ppi,
ACS_STATES,package,51,regcomp,A,9600.0,unit,6,1600,theta2,donor,design,textbook_t|fpc|lin|xf,2,1,0.0010314277006335346,1.7674292064418478,1.0,1.0,1.0,,,1.0,0.0,,,,r4_ppi,
ACS_STATES,package,51,regcomp,A,9600.0,unit,6,1600,theta2,donor,design,textbook_t|fpc|lin,2,1,0.001766171917186463,3.3373146577171604,1.0,1.0,1.0,,,0.0,1.0,,,,P_classical,
ACS_STATES,package,51,regcomp,A,9600.0,unit,6,1600,theta2,donor,design,textbook_t|fpc|lin|xf,2,1,0.001766171917186463,3.3373146577171604,1.0,1.0,1.0,,,0.0,1.0,,,,P_classical,
ACS_STATES,package,51,regcomp,A,9600.0,unit,6,1600,theta2,donor,design,textbook_t|fpc|lin,2,1,0.0010565662561970598,1.7221638300579332,1.0,1.0,1.0,,,0.9820701692725013,0.0,,,,P_ppi,
ACS_STATES,package,51,regcomp,A,9600.0,unit,6,1600,theta2,donor,design,textbook_t|fpc|lin|xf,2,1,0.0010565662561970598,1.7221638300579332,1.0,1.0,1.0,,,0.9820701692725013,0.0,,,,P_ppi,
ACS_STATES,package,51,regcomp,A,9600.0,unit,6,1600,theta2,donor,design,textbook_t|fpc|lin,2,1,0.001766171917186463,3.3373146577171604,1.0,1.0,1.0,,,0.0,1.0,,,,C_classical,
ACS_STATES,package,51,regcomp,A,9600.0,unit,6,1600,theta2,donor,design,textbook_t|fpc|lin|xf,2,1,0.001766171917186463,3.3373146577171604,1.0,1.0,1.0,,,0.0,1.0,,,,C_classical,
ACS_STATES,package,51,regcomp,A,9600.0,unit,6,1600,theta2,donor,design,textbook_t|fpc|lin,2,1,0.0010545855927897255,1.726515560435795,1.0,1.0,1.0,,,0.9802664042394811,0.0,,,,C_ppi,
ACS_STATES,package,51,regcomp,A,9600.0,unit,6,1600,theta2,donor,design,textbook_t|fpc|lin|xf,2,1,0.0010545855927897255,1.726515560435795,1.0,1.0,1.0,,,0.9802664042394811,0.0,,,,C_ppi,
ACS_STATES,package,51,regcomp,A,9600.0,unit,8,1200,theta3,donor,design,textbook_t|fpc|lin,2,1,0.012572389585582188,0.816497591155014,1.0,1.0,1.0,,,0.0,1.0,,,,r4_classical,
ACS_STATES,package,51,regcomp,A,9600.0,unit,8,1200,theta3,donor,design,textbook_t|fpc|lin|xf,2,1,0.012572389585582188,0.816497591155014,1.0,1.0,1.0,,,0.0,1.0,,,,r4_classical,
ACS_STATES,package,51,regcomp,A,9600.0,unit,8,1200,theta3,donor,design,textbook_t|fpc|lin,2,1,0.0001676728110458789,0.5966516606116642,0.5,0.5,0.5,,,0.9781124632662104,0.0,,,,r4_ppi,
ACS_STATES,package,51,regcomp,A,9600.0,unit,8,1200,theta3,donor,design,textbook_t|fpc|lin|xf,2,1,0.0001676728110458789,0.5968045591458717,0.5,0.5,0.5,,,0.9781124632662104,0.0,,,,r4_ppi,
ACS_STATES,package,51,regcomp,A,9600.0,unit,8,1200,theta3,donor,design,textbook_t|fpc|lin,2,1,0.0004094845437111761,0.606129139118128,1.0,1.0,1.0,,,0.0,1.0,,,,P_classical,
ACS_STATES,package,51,regcomp,A,9600.0,unit,8,1200,theta3,donor,design,textbook_t|fpc|lin|xf,2,1,0.0004094845437111761,0.606129139118128,1.0,1.0,1.0,,,0.0,1.0,,,,P_classical,
ACS_STATES,package,51,regcomp,A,9600.0,unit,8,1200,theta3,donor,design,textbook_t|fpc|lin,2,1,0.0001236154822939254,0.8682503217792811,0.5,0.5,0.5,,,0.9765276617173607,0.0,,,,P_ppi,
ACS_STATES,package,51,regcomp,A,9600.0,unit,8,1200,theta3,donor,design,textbook_t|fpc|lin|xf,2,1,0.0001236154822939254,0.87275071224295,0.5,0.5,0.5,,,0.9765276617173607,0.0,,,,P_ppi,
ACS_STATES,package,51,regcomp,A,9600.0,unit,8,1200,theta3,donor,design,textbook_t|fpc|lin,2,1,0.0003590686139145405,0.73631142079153,1.0,1.0,1.0,,,0.0,1.0,,,,C_classical,
ACS_STATES,package,51,regcomp,A,9600.0,unit,8,1200,theta3,donor,design,textbook_t|fpc|lin|xf,2,1,0.0003590686139145405,0.73631142079153,1.0,1.0,1.0,,,0.0,1.0,,,,C_classical,
ACS_STATES,package,51,regcomp,A,9600.0,unit,8,1200,theta3,donor,design,textbook_t|fpc|lin,2,1,0.00013882388609927666,0.7512281749597309,0.5,0.5,0.5,,,0.97458088295414,0.0,,,,C_ppi,
ACS_STATES,package,51,regcomp,A,9600.0,unit,8,1200,theta3,donor,design,textbook_t|fpc|lin|xf,2,1,0.00013882388609927666,0.75540575292966,0.5,0.5,0.5,,,0.97458088295414,0.0,,,,C_ppi,
ACS_STATES,package,51,regcomp,A,9600.0,unit,8,1200,theta2,donor,design,textbook_t|fpc|lin,2,1,0.00033829791391048943,3.4276674089124763,0.5,0.5,0.5,,,0.0,1.0,,,,r4_classical,
ACS_STATES,package,51,regcomp,A,9600.0,unit,8,1200,theta2,donor,design,textbook_t|fpc|lin|xf,2,1,0.00033829791391048943,3.4276674089124763,0.5,0.5,0.5,,,0.0,1.0,,,,r4_classical,
ACS_STATES,package,51,regcomp,A,9600.0,unit,8,1200,theta2,donor,design,textbook_t|fpc|lin,2,1,0.0002527510770821013,4.524605105630128,1.0,1.0,1.0,,,0.5655498400164269,0.0,,,,r4_ppi,
ACS_STATES,package,51,regcomp,A,9600.0,unit,8,1200,theta2,donor,design,textbook_t|fpc|lin|xf,2,1,0.0002527510770821013,4.552975554231932,1.0,1.0,1.0,,,0.5655498400164269,0.0,,,,r4_ppi,
ACS_STATES,package,51,regcomp,A,9600.0,unit,8,1200,theta2,donor,design,textbook_t|fpc|lin,2,1,0.00033829791391048943,3.4276674089124763,0.5,0.5,0.5,,,0.0,1.0,,,,P_classical,
ACS_STATES,package,51,regcomp,A,9600.0,unit,8,1200,theta2,donor,design,textbook_t|fpc|lin|xf,2,1,0.00033829791391048943,3.4276674089124763,0.5,0.5,0.5,,,0.0,1.0,,,,P_classical,
ACS_STATES,package,51,regcomp,A,9600.0,unit,8,1200,theta2,donor,design,textbook_t|fpc|lin,2,1,0.000134217760393474,8.275035077676087,1.0,1.0,1.0,,,0.977310210240656,0.0,,,,P_ppi,
ACS_STATES,package,51,regcomp,A,9600.0,unit,8,1200,theta2,donor,design,textbook_t|fpc|lin|xf,2,1,0.000134217760393474,8.348416179065111,1.0,1.0,1.0,,,0.977310210240656,0.0,,,,P_ppi,
ACS_STATES,package,51,regcomp,A,9600.0,unit,8,1200,theta2,donor,design,textbook_t|fpc|lin,2,1,0.00033829791391048943,3.4276674089124763,0.5,0.5,0.5,,,0.0,1.0,,,,C_classical,
ACS_STATES,package,51,regcomp,A,9600.0,unit,8,1200,theta2,donor,design,textbook_t|fpc|lin|xf,2,1,0.00033829791391048943,3.4276674089124763,0.5,0.5,0.5,,,0.0,1.0,,,,C_classical,
ACS_STATES,package,51,regcomp,A,9600.0,unit,8,1200,theta2,donor,design,textbook_t|fpc|lin,2,1,0.00013463334697610865,8.246818575716278,1.0,1.0,1.0,,,0.9775032002545276,0.0,,,,C_ppi,
ACS_STATES,package,51,regcomp,A,9600.0,unit,8,1200,theta2,donor,design,textbook_t|fpc|lin|xf,2,1,0.00013463334697610865,8.319887489363754,1.0,1.0,1.0,,,0.9775032002545276,0.0,,,,C_ppi,
ACS_STATES,package,51,regcomp,A,9600.0,unit,12,800,theta3,donor,design,textbook_t|fpc|lin,2,1,0.00707309507715044,1.3670737672705382,1.0,1.0,1.0,,,0.0,1.0,,,,r4_classical,
ACS_STATES,package,51,regcomp,A,9600.0,unit,12,800,theta3,donor,design,textbook_t|fpc|lin|xf,2,1,0.00707309507715044,1.3670737672705382,1.0,1.0,1.0,,,0.0,1.0,,,,r4_classical,
ACS_STATES,package,51,regcomp,A,9600.0,unit,12,800,theta3,donor,design,textbook_t|fpc|lin,2,1,4.21216362052152e-06,44.77525501888042,1.0,1.0,1.0,,,0.9661506124430846,0.0,,,,r4_ppi,
ACS_STATES,package,51,regcomp,A,9600.0,unit,12,800,theta3,donor,design,textbook_t|fpc|lin|xf,2,1,4.21216362052152e-06,44.777765984893406,1.0,1.0,1.0,,,0.9661506124430846,0.0,,,,r4_ppi,
ACS_STATES,package,51,regcomp,A,9600.0,unit,12,800,theta3,donor,design,textbook_t|fpc|lin,2,1,0.00012852703952393843,3.024598949767395,1.0,1.0,1.0,,,0.0,1.0,,,,P_classical,
ACS_STATES,package,51,regcomp,A,9600.0,unit,12,800,theta3,donor,design,textbook_t|fpc|lin|xf,2,1,0.00012852703952393843,3.024598949767395,1.0,1.0,1.0,,,0.0,1.0,,,,P_classical,
ACS_STATES,package,51,regcomp,A,9600.0,unit,12,800,theta3,donor,design,textbook_t|fpc|lin,2,1,3.5894304290716274e-05,4.455473225333629,1.0,1.0,1.0,,,0.9846895281346395,0.0,,,,P_ppi,
ACS_STATES,package,51,regcomp,A,9600.0,unit,12,800,theta3,donor,design,textbook_t|fpc|lin|xf,2,1,3.5894304290716274e-05,4.455473225333629,1.0,1.0,1.0,,,0.9846895281346395,0.0,,,,P_ppi,
ACS_STATES,package,51,regcomp,A,9600.0,unit,12,800,theta3,donor,design,textbook_t|fpc|lin,2,1,0.000195520673872627,2.1195138986914372,1.0,1.0,1.0,,,0.0,1.0,,,,C_classical,
ACS_STATES,package,51,regcomp,A,9600.0,unit,12,800,theta3,donor,design,textbook_t|fpc|lin|xf,2,1,0.000195520673872627,2.1195138986914372,1.0,1.0,1.0,,,0.0,1.0,,,,C_classical,
ACS_STATES,package,51,regcomp,A,9600.0,unit,12,800,theta3,donor,design,textbook_t|fpc|lin,2,1,4.789563944668736e-05,3.139154061294959,1.0,1.0,1.0,,,0.9836586312289837,0.0,,,,C_ppi,
ACS_STATES,package,51,regcomp,A,9600.0,unit,12,800,theta3,donor,design,textbook_t|fpc|lin|xf,2,1,4.789563944668736e-05,3.139154061294959,1.0,1.0,1.0,,,0.9836586312289837,0.0,,,,C_ppi,
ACS_STATES,package,51,regcomp,A,9600.0,unit,12,800,theta2,donor,design,textbook_t|fpc|lin,2,1,0.0001564053655941879,6.250377353948103,1.0,1.0,1.0,,,0.0,1.0,,,,r4_classical,
ACS_STATES,package,51,regcomp,A,9600.0,unit,12,800,theta2,donor,design,textbook_t|fpc|lin|xf,2,1,0.0001564053655941879,6.250377353948103,1.0,1.0,1.0,,,0.0,1.0,,,,r4_classical,
ACS_STATES,package,51,regcomp,A,9600.0,unit,12,800,theta2,donor,design,textbook_t|fpc|lin,2,1,1.1669691255114653e-09,612855.9136644409,1.0,1.0,1.0,,,0.75,0.0,,,,r4_ppi,
ACS_STATES,package,51,regcomp,A,9600.0,unit,12,800,theta2,donor,design,textbook_t|fpc|lin|xf,2,1,1.1669691255114653e-09,617629.0171718438,1.0,1.0,1.0,,,0.75,0.0,,,,r4_ppi,
ACS_STATES,package,51,regcomp,A,9600.0,unit,12,800,theta2,donor,design,textbook_t|fpc|lin,2,1,0.0001564053655941879,6.250377353948103,1.0,1.0,1.0,,,0.0,1.0,,,,P_classical,
ACS_STATES,package,51,regcomp,A,9600.0,unit,12,800,theta2,donor,design,textbook_t|fpc|lin|xf,2,1,0.0001564053655941879,6.250377353948103,1.0,1.0,1.0,,,0.0,1.0,,,,P_classical,
ACS_STATES,package,51,regcomp,A,9600.0,unit,12,800,theta2,donor,design,textbook_t|fpc|lin,2,1,2.335792893580323e-05,28.452162863147272,1.0,1.0,1.0,,,0.9920669275847671,0.0,,,,P_ppi,
ACS_STATES,package,51,regcomp,A,9600.0,unit,12,800,theta2,donor,design,textbook_t|fpc|lin|xf,2,1,2.335792893580323e-05,28.578812918328282,1.0,1.0,1.0,,,0.9920669275847671,0.0,,,,P_ppi,
ACS_STATES,package,51,regcomp,A,9600.0,unit,12,800,theta2,donor,design,textbook_t|fpc|lin,2,1,0.0001564053655941879,6.250377353948103,1.0,1.0,1.0,,,0.0,1.0,,,,C_classical,
ACS_STATES,package,51,regcomp,A,9600.0,unit,12,800,theta2,donor,design,textbook_t|fpc|lin|xf,2,1,0.0001564053655941879,6.250377353948103,1.0,1.0,1.0,,,0.0,1.0,,,,C_classical,
ACS_STATES,package,51,regcomp,A,9600.0,unit,12,800,theta2,donor,design,textbook_t|fpc|lin,2,1,2.3591337673615203e-05,28.163709484821833,1.0,1.0,1.0,,,0.9908120122497663,0.0,,,,C_ppi,
ACS_STATES,package,51,regcomp,A,9600.0,unit,12,800,theta2,donor,design,textbook_t|fpc|lin|xf,2,1,2.3591337673615203e-05,28.289276115251127,1.0,1.0,1.0,,,0.9908120122497663,0.0,,,,C_ppi,
ACS_STATES,package,51,regcomp,B,9600.0,unit,51,prop,theta3,donor,design,regB_t,2,1,0.03890132098237134,0.676189840505801,1.0,1.0,1.0,,,0.0,1.0,,,,r4_classical,127.0
ACS_STATES,package,51,regcomp,B,9600.0,unit,51,prop,theta3,donor,design,regB_t,2,1,4.095161644236175e-05,4.071133132909479,1.0,1.0,1.0,,,0.9997425216330648,0.0,,,,r4_ppi,127.0
ACS_STATES,package,51,regcomp,B,9600.0,unit,51,prop,theta3,donor,design,regB_t,2,1,0.00017421173290741793,2.4449441735982744,1.0,1.0,1.0,,,0.0,1.0,,,,P_classical,127.0
ACS_STATES,package,51,regcomp,B,9600.0,unit,51,prop,theta3,donor,design,regB_t,2,1,4.0433251353287885e-05,4.121860048369782,1.0,1.0,1.0,,,0.9953881814827066,0.0,,,,P_ppi,127.0
ACS_STATES,package,51,regcomp,B,9600.0,unit,51,prop,theta3,donor,design,regB_t,2,1,0.00044682369344660033,1.0533983705977163,1.0,1.0,1.0,,,0.0,1.0,,,,C_classical,127.0
ACS_STATES,package,51,regcomp,B,9600.0,unit,51,prop,theta3,donor,design,regB_t,2,1,1.502673075114808e-06,113.07047163340691,1.0,1.0,1.0,,,0.9922409036492147,0.0,,,,C_ppi,127.0
ACS_STATES,package,51,regcomp,B,9600.0,unit,51,prop,theta2,donor,design,regB_t,2,1,0.0007923254829215103,0.438322920402736,0.5,0.5,0.5,,,0.0,1.0,,,,r4_classical,127.0
ACS_STATES,package,51,regcomp,B,9600.0,unit,51,prop,theta2,donor,design,regB_t,2,1,8.958567671996617e-06,15.111023237394015,0.5,0.5,0.5,,,0.9899841150777053,0.0,,,,r4_ppi,127.0
ACS_STATES,package,51,regcomp,B,9600.0,unit,51,prop,theta2,donor,design,regB_t,2,1,0.0007923254829215103,0.438322920402736,0.5,0.5,0.5,,,0.0,1.0,,,,P_classical,127.0
ACS_STATES,package,51,regcomp,B,9600.0,unit,51,prop,theta2,donor,design,regB_t,2,1,8.961288243283438e-06,15.10676559435658,0.5,0.5,0.5,,,0.9903226499516444,0.0,,,,P_ppi,127.0
ACS_STATES,package,51,regcomp,B,9600.0,unit,51,prop,theta2,donor,design,regB_t,2,1,0.0007923254829215103,0.438322920402736,0.5,0.5,0.5,,,0.0,1.0,,,,C_classical,127.0
ACS_STATES,package,51,regcomp,B,9600.0,unit,51,prop,theta2,donor,design,regB_t,2,1,8.958567671996617e-06,15.11102323739402,0.5,0.5,0.5,,,0.989984115077708,0.0,,,,C_ppi,127.0
ACS_STATES,package,51,regcomp,B,9130.0,cd_cs_10_vs_A_nL4_B9600,51,prop,theta3,donor,design,regB_t,2,1,0.0028000742728460735,10.278776432903198,1.0,1.0,1.0,,,0.0,1.0,,,,r4_classical,121.0
ACS_STATES,package,51,regcomp,B,9130.0,cd_cs_10_vs_A_nL4_B9600,51,prop,theta3,donor,design,regB_t,2,1,5.6151017175688983e-05,2.853635427980965,0.5,0.5,0.5,,,1.0,0.0,,,,r4_ppi,121.0
ACS_STATES,package,51,regcomp,B,9130.0,cd_cs_10_vs_A_nL4_B9600,51,prop,theta3,donor,design,regB_t,2,1,0.00021202502203171642,2.3642044368667685,1.0,1.0,1.0,,,0.0,1.0,,,,P_classical,121.0
ACS_STATES,package,51,regcomp,B,9130.0,cd_cs_10_vs_A_nL4_B9600,51,prop,theta3,donor,design,regB_t,2,1,5.2163809723578764e-05,3.0777719815059874,0.5,0.5,0.5,,,1.0,0.0,,,,P_ppi,121.0
ACS_STATES,package,51,regcomp,B,9130.0,cd_cs_10_vs_A_nL4_B9600,51,prop,theta3,donor,design,regB_t,2,1,0.0002416350687601382,2.205761459152227,1.0,1.0,1.0,,,0.0,1.0,,,,C_classical,121.0
ACS_STATES,package,51,regcomp,B,9130.0,cd_cs_10_vs_A_nL4_B9600,51,prop,theta3,donor,design,regB_t,2,1,8.572382107757069e-05,1.9389345258246233,0.5,0.5,0.5,,,1.0,0.0,,,,C_ppi,121.0
ACS_STATES,package,51,regcomp,B,9130.0,cd_cs_10_vs_A_nL4_B9600,51,prop,theta2,donor,design,regB_t,2,1,0.0003746107655822825,1.176047915132902,1.0,1.0,1.0,,,0.0,1.0,,,,r4_classical,121.0
ACS_STATES,package,51,regcomp,B,9130.0,cd_cs_10_vs_A_nL4_B9600,51,prop,theta2,donor,design,regB_t,2,1,0.00010324003275738474,1.5713502631599336,1.0,1.0,1.0,,,0.9980345625420601,0.0,,,,r4_ppi,121.0
ACS_STATES,package,51,regcomp,B,9130.0,cd_cs_10_vs_A_nL4_B9600,51,prop,theta2,donor,design,regB_t,2,1,0.0003746107655822825,1.176047915132902,1.0,1.0,1.0,,,0.0,1.0,,,,P_classical,121.0
ACS_STATES,package,51,regcomp,B,9130.0,cd_cs_10_vs_A_nL4_B9600,51,prop,theta2,donor,design,regB_t,2,1,0.0001033704347712559,1.5693621894033065,1.0,1.0,1.0,,,0.9978109555132204,0.0,,,,P_ppi,121.0
ACS_STATES,package,51,regcomp,B,9130.0,cd_cs_10_vs_A_nL4_B9600,51,prop,theta2,donor,design,regB_t,2,1,0.0003746107655822825,1.176047915132902,1.0,1.0,1.0,,,0.0,1.0,,,,C_classical,121.0
ACS_STATES,package,51,regcomp,B,9130.0,cd_cs_10_vs_A_nL4_B9600,51,prop,theta2,donor,design,regB_t,2,1,0.0001032400327574358,1.571350263159157,1.0,1.0,1.0,,,0.9980345625420617,0.0,,,,C_ppi,121.0
ACS_STATES,package,51,regcomp,B,9150.0,cd_cs_10_vs_A_nL6_B9600,51,prop,theta3,donor,design,regB_t,2,1,0.09700427394267631,0.29356857226864924,0.5,0.5,0.5,,,0.0,1.0,,,,r4_classical,121.0
ACS_STATES,package,51,regcomp,B,9150.0,cd_cs_10_vs_A_nL6_B9600,51,prop,theta3,donor,design,regB_t,2,1,8.71619345839673e-05,1.7337250252479373,0.5,0.5,0.5,,,1.0,0.0,,,,r4_ppi,121.0
ACS_STATES,package,51,regcomp,B,9150.0,cd_cs_10_vs_A_nL6_B9600,51,prop,theta3,donor,design,regB_t,2,1,0.0009017687800983381,0.49947575911260117,0.5,0.5,0.5,,,0.0,1.0,,,,P_classical,121.0
ACS_STATES,package,51,regcomp,B,9150.0,cd_cs_10_vs_A_nL6_B9600,51,prop,theta3,donor,design,regB_t,2,1,0.00010753015380842808,1.4126129703469301,0.5,0.5,0.5,,,0.9970333871853515,0.0,,,,P_ppi,121.0
ACS_STATES,package,51,regcomp,B,9150.0,cd_cs_10_vs_A_nL6_B9600,51,prop,theta3,donor,design,regB_t,2,1,0.0012954010204552855,0.3638296613719625,1.0,1.0,1.0,,,0.0,1.0,,,,C_classical,121.0
ACS_STATES,package,51,regcomp,B,9150.0,cd_cs_10_vs_A_nL6_B9600,51,prop,theta3,donor,design,regB_t,2,1,4.042241404135532e-05,3.781093597708967,1.0,1.0,1.0,,,0.9941431709097402,0.0,,,,C_ppi,121.0
ACS_STATES,package,51,regcomp,B,9150.0,cd_cs_10_vs_A_nL6_B9600,51,prop,theta2,donor,design,regB_t,2,1,0.000724519624583944,0.550834265571923,0.5,0.5,0.5,,,0.0,1.0,,,,r4_classical,121.0
ACS_STATES,package,51,regcomp,B,9150.0,cd_cs_10_vs_A_nL6_B9600,51,prop,theta2,donor,design,regB_t,2,1,0.00027122182689592037,0.5570588980254231,1.0,1.0,1.0,,,1.0,0.0,,,,r4_ppi,121.0
ACS_STATES,package,51,regcomp,B,9150.0,cd_cs_10_vs_A_nL6_B9600,51,prop,theta2,donor,design,regB_t,2,1,0.000724519624583944,0.550834265571923,0.5,0.5,0.5,,,0.0,1.0,,,,P_classical,121.0
ACS_STATES,package,51,regcomp,B,9150.0,cd_cs_10_vs_A_nL6_B9600,51,prop,theta2,donor,design,regB_t,2,1,0.0002725490680964867,0.5543919648619091,1.0,1.0,1.0,,,1.0,0.0,,,,P_ppi,121.0
ACS_STATES,package,51,regcomp,B,9150.0,cd_cs_10_vs_A_nL6_B9600,51,prop,theta2,donor,design,regB_t,2,1,0.000724519624583944,0.550834265571923,0.5,0.5,0.5,,,0.0,1.0,,,,C_classical,121.0
ACS_STATES,package,51,regcomp,B,9150.0,cd_cs_10_vs_A_nL6_B9600,51,prop,theta2,donor,design,regB_t,2,1,0.00027122182689592037,0.5570588980254232,1.0,1.0,1.0,,,1.0,0.0,,,,C_ppi,121.0
ACS_STATES,package,51,regcomp,B,9170.0,cd_cs_10_vs_A_nL8_B9600,51,prop,theta3,donor,design,regB_t,2,1,1.2525375055366929e-05,2208.2898481963603,1.0,1.0,1.0,,,0.0,1.0,,,,r4_classical,121.0
ACS_STATES,package,51,regcomp,B,9170.0,cd_cs_10_vs_A_nL8_B9600,51,prop,theta3,donor,design,regB_t,2,1,2.0620017675907605e-05,8.552821902853195,1.0,1.0,1.0,,,0.9991922780117091,0.0,,,,r4_ppi,121.0
ACS_STATES,package,51,regcomp,B,9170.0,cd_cs_10_vs_A_nL8_B9600,51,prop,theta3,donor,design,regB_t,2,1,0.00010639331591361048,4.604981211804475,1.0,1.0,1.0,,,0.0,1.0,,,,P_classical,121.0
ACS_STATES,package,51,regcomp,B,9170.0,cd_cs_10_vs_A_nL8_B9600,51,prop,theta3,donor,design,regB_t,2,1,1.724409177039791e-05,10.276038842371921,1.0,1.0,1.0,,,1.0,0.0,,,,P_ppi,121.0
ACS_STATES,package,51,regcomp,B,9170.0,cd_cs_10_vs_A_nL8_B9600,51,prop,theta3,donor,design,regB_t,2,1,2.9319700790226354e-05,17.609320672848952,1.0,1.0,1.0,,,0.0,1.0,,,,C_classical,121.0
ACS_STATES,package,51,regcomp,B,9170.0,cd_cs_10_vs_A_nL8_B9600,51,prop,theta3,donor,design,regB_t,2,1,1.4506513355935282e-05,12.626840934507923,1.0,1.0,1.0,,,1.0,0.0,,,,C_ppi,121.0
ACS_STATES,package,51,regcomp,B,9170.0,cd_cs_10_vs_A_nL8_B9600,51,prop,theta2,donor,design,regB_t,2,1,9.091710441508342e-05,4.545214958294497,1.0,1.0,1.0,,,0.0,1.0,,,,r4_classical,121.0
ACS_STATES,package,51,regcomp,B,9170.0,cd_cs_10_vs_A_nL8_B9600,51,prop,theta2,donor,design,regB_t,2,1,0.000171330221420978,0.9196554604300201,1.0,1.0,1.0,,,0.9837094592856241,0.0,,,,r4_ppi,121.0
ACS_STATES,package,51,regcomp,B,9170.0,cd_cs_10_vs_A_nL8_B9600,51,prop,theta2,donor,design,regB_t,2,1,9.091710441508342e-05,4.545214958294497,1.0,1.0,1.0,,,0.0,1.0,,,,P_classical,121.0
ACS_STATES,package,51,regcomp,B,9170.0,cd_cs_10_vs_A_nL8_B9600,51,prop,theta2,donor,design,regB_t,2,1,0.00017168167483831714,0.917782005805287,1.0,1.0,1.0,,,0.9835223790041525,0.0,,,,P_ppi,121.0
ACS_STATES,package,51,regcomp,B,9170.0,cd_cs_10_vs_A_nL8_B9600,51,prop,theta2,donor,design,regB_t,2,1,9.091710441508342e-05,4.545214958294497,1.0,1.0,1.0,,,0.0,1.0,,,,C_classical,121.0
ACS_STATES,package,51,regcomp,B,9170.0,cd_cs_10_vs_A_nL8_B9600,51,prop,theta2,donor,design,regB_t,2,1,0.00017133022142101087,0.9196554604298435,1.0,1.0,1.0,,,0.9837094592856273,0.0,,,,C_ppi,121.0
ACS_STATES,package,51,regcomp,B,9210.0,cd_cs_10_vs_A_nL12_B9600,51,prop,theta3,donor,design,regB_t,2,1,0.04229217708132094,0.6560644284024615,1.0,1.0,1.0,,,0.0,1.0,,,,r4_classical,122.0
ACS_STATES,package,51,regcomp,B,9210.0,cd_cs_10_vs_A_nL12_B9600,51,prop,theta3,donor,design,regB_t,2,1,0.00011282742005643806,1.6646775167144987,1.0,1.0,1.0,,,1.0,0.0,,,,r4_ppi,122.0
ACS_STATES,package,51,regcomp,B,9210.0,cd_cs_10_vs_A_nL12_B9600,51,prop,theta3,donor,design,regB_t,2,1,0.000994645393033864,0.4951757991585734,1.0,1.0,1.0,,,0.0,1.0,,,,P_classical,122.0
ACS_STATES,package,51,regcomp,B,9210.0,cd_cs_10_vs_A_nL12_B9600,51,prop,theta3,donor,design,regB_t,2,1,0.000110315138795259,1.7055190149224924,1.0,1.0,1.0,,,0.9856526332999567,0.0,,,,P_ppi,122.0
ACS_STATES,package,51,regcomp,B,9210.0,cd_cs_10_vs_A_nL12_B9600,51,prop,theta3,donor,design,regB_t,2,1,0.0002805360188816248,1.872344372394922,1.0,1.0,1.0,,,0.0,1.0,,,,C_classical,122.0
ACS_STATES,package,51,regcomp,B,9210.0,cd_cs_10_vs_A_nL12_B9600,51,prop,theta3,donor,design,regB_t,2,1,3.827320739140978e-05,5.132560768139361,1.0,1.0,1.0,,,0.9880859830364146,0.0,,,,C_ppi,122.0
ACS_STATES,package,51,regcomp,B,9210.0,cd_cs_10_vs_A_nL12_B9600,51,prop,theta2,donor,design,regB_t,2,1,0.0004152241922571851,0.8558408343487229,1.0,1.0,1.0,,,0.0,1.0,,,,r4_classical,122.0
ACS_STATES,package,51,regcomp,B,9210.0,cd_cs_10_vs_A_nL12_B9600,51,prop,theta2,donor,design,regB_t,2,1,9.800039534922107e-06,14.543625424549061,1.0,1.0,1.0,,,0.995537917106619,0.0,,,,r4_ppi,122.0
ACS_STATES,package,51,regcomp,B,9210.0,cd_cs_10_vs_A_nL12_B9600,51,prop,theta2,donor,design,regB_t,2,1,0.0004152241922571851,0.8558408343487229,1.0,1.0,1.0,,,0.0,1.0,,,,P_classical,122.0
ACS_STATES,package,51,regcomp,B,9210.0,cd_cs_10_vs_A_nL12_B9600,51,prop,theta2,donor,design,regB_t,2,1,9.454422150988179e-06,15.080341692277463,1.0,1.0,1.0,,,0.9984134187444142,0.0,,,,P_ppi,122.0
ACS_STATES,package,51,regcomp,B,9210.0,cd_cs_10_vs_A_nL12_B9600,51,prop,theta2,donor,design,regB_t,2,1,0.0004152241922571851,0.8558408343487229,1.0,1.0,1.0,,,0.0,1.0,,,,C_classical,122.0
ACS_STATES,package,51,regcomp,B,9210.0,cd_cs_10_vs_A_nL12_B9600,51,prop,theta2,donor,design,regB_t,2,1,9.800039534922107e-06,14.543625424549061,1.0,1.0,1.0,,,0.9955379171066199,0.0,,,,C_ppi,122.0
ACS_STATES,package,51,regcomp,B,4900.0,cd_cs_100_vs_A_nL4_B9600,51,prop,theta3,donor,design,regB_t,2,1,0.0013319456896906563,42.015634618563595,1.0,1.0,1.0,,,0.0,1.0,,,,r4_classical,65.0
ACS_STATES,package,51,regcomp,B,4900.0,cd_cs_100_vs_A_nL4_B9600,51,prop,theta3,donor,design,regB_t,2,1,5.4803468441158575e-05,6.313326884603901,1.0,1.0,1.0,,,0.9967429690605694,0.0,,,,r4_ppi,65.0
ACS_STATES,package,51,regcomp,B,4900.0,cd_cs_100_vs_A_nL4_B9600,51,prop,theta3,donor,design,regB_t,2,1,7.163924479419691e-06,112.21280597051354,1.0,1.0,1.0,,,0.0,1.0,,,,P_classical,65.0
ACS_STATES,package,51,regcomp,B,4900.0,cd_cs_100_vs_A_nL4_B9600,51,prop,theta3,donor,design,regB_t,2,1,6.333960447945686e-05,5.467069393908118,1.0,1.0,1.0,,,0.9762362689090278,0.0,,,,P_ppi,65.0
ACS_STATES,package,51,regcomp,B,4900.0,cd_cs_100_vs_A_nL4_B9600,51,prop,theta3,donor,design,regB_t,2,1,8.430030426182127e-05,10.606864451645587,1.0,1.0,1.0,,,0.0,1.0,,,,C_classical,65.0
ACS_STATES,package,51,regcomp,B,4900.0,cd_cs_100_vs_A_nL4_B9600,51,prop,theta3,donor,design,regB_t,2,1,0.0001073699706816548,3.4984093253727364,1.0,1.0,1.0,,,0.9823916784391589,0.0,,,,C_ppi,65.0
ACS_STATES,package,51,regcomp,B,4900.0,cd_cs_100_vs_A_nL4_B9600,51,prop,theta2,donor,design,regB_t,2,1,0.0008860249863223832,0.9726011364800176,1.0,1.0,1.0,,,0.0,1.0,,,,r4_classical,65.0
ACS_STATES,package,51,regcomp,B,4900.0,cd_cs_100_vs_A_nL4_B9600,51,prop,theta2,donor,design,regB_t,2,1,9.40952934742491e-05,3.3118825590230645,1.0,1.0,1.0,,,0.9913278073767893,0.0,,,,r4_ppi,65.0
ACS_STATES,package,51,regcomp,B,4900.0,cd_cs_100_vs_A_nL4_B9600,51,prop,theta2,donor,design,regB_t,2,1,0.0008860249863223832,0.9726011364800176,1.0,1.0,1.0,,,0.0,1.0,,,,P_classical,65.0
ACS_STATES,package,51,regcomp,B,4900.0,cd_cs_100_vs_A_nL4_B9600,51,prop,theta2,donor,design,regB_t,2,1,9.373933187265717e-05,3.324855161788365,1.0,1.0,1.0,,,0.9926049157124766,0.0,,,,P_ppi,65.0
ACS_STATES,package,51,regcomp,B,4900.0,cd_cs_100_vs_A_nL4_B9600,51,prop,theta2,donor,design,regB_t,2,1,0.0008860249863223832,0.9726011364800176,1.0,1.0,1.0,,,0.0,1.0,,,,C_classical,65.0
ACS_STATES,package,51,regcomp,B,4900.0,cd_cs_100_vs_A_nL4_B9600,51,prop,theta2,donor,design,regB_t,2,1,9.40952934742491e-05,3.311882559023066,1.0,1.0,1.0,,,0.9913278073767856,0.0,,,,C_ppi,65.0
ACS_STATES,package,51,regcomp,B,5100.0,cd_cs_100_vs_A_nL6_B9600,51,prop,theta3,donor,design,regB_t,2,1,0.005794370040710555,8.785871179129527,1.0,1.0,1.0,,,0.0,1.0,,,,r4_classical,67.0
ACS_STATES,package,51,regcomp,B,5100.0,cd_cs_100_vs_A_nL6_B9600,51,prop,theta3,donor,design,regB_t,2,1,0.0010449954777283872,0.3097870114247196,0.5,0.5,0.5,,,1.0,0.0,,,,r4_ppi,67.0
ACS_STATES,package,51,regcomp,B,5100.0,cd_cs_100_vs_A_nL6_B9600,51,prop,theta3,donor,design,regB_t,2,1,0.004785364663863164,0.19354293149305085,0.5,0.5,0.5,,,0.0,1.0,,,,P_classical,67.0
ACS_STATES,package,51,regcomp,B,5100.0,cd_cs_100_vs_A_nL6_B9600,51,prop,theta3,donor,design,regB_t,2,1,0.0010702413600543529,0.30494199124444393,0.5,0.5,0.5,,,1.0,0.0,,,,P_ppi,67.0
ACS_STATES,package,51,regcomp,B,5100.0,cd_cs_100_vs_A_nL6_B9600,51,prop,theta3,donor,design,regB_t,2,1,0.004757820721871818,0.21853163122619304,0.5,0.5,0.5,,,0.0,1.0,,,,C_classical,67.0
ACS_STATES,package,51,regcomp,B,5100.0,cd_cs_100_vs_A_nL6_B9600,51,prop,theta3,donor,design,regB_t,2,1,0.0007639126104622315,0.45372846213742973,0.5,0.5,0.5,,,1.0,0.0,,,,C_ppi,67.0
ACS_STATES,package,51,regcomp,B,5100.0,cd_cs_100_vs_A_nL6_B9600,51,prop,theta2,donor,design,regB_t,2,1,7.423333904093804e-05,10.312125022069745,1.0,1.0,1.0,,,0.0,1.0,,,,r4_classical,67.0
ACS_STATES,package,51,regcomp,B,5100.0,cd_cs_100_vs_A_nL6_B9600,51,prop,theta2,donor,design,regB_t,2,1,4.966635360913204e-05,5.9539076380408895,1.0,1.0,1.0,,,1.0,0.0,,,,r4_ppi,67.0
ACS_STATES,package,51,regcomp,B,5100.0,cd_cs_100_vs_A_nL6_B9600,51,prop,theta2,donor,design,regB_t,2,1,7.423333904093804e-05,10.312125022069745,1.0,1.0,1.0,,,0.0,1.0,,,,P_classical,67.0
ACS_STATES,package,51,regcomp,B,5100.0,cd_cs_100_vs_A_nL6_B9600,51,prop,theta2,donor,design,regB_t,2,1,4.9556132179410535e-05,5.967416661516386,1.0,1.0,1.0,,,1.0,0.0,,,,P_ppi,67.0
ACS_STATES,package,51,regcomp,B,5100.0,cd_cs_100_vs_A_nL6_B9600,51,prop,theta2,donor,design,regB_t,2,1,7.423333904093804e-05,10.312125022069745,1.0,1.0,1.0,,,0.0,1.0,,,,C_classical,67.0
ACS_STATES,package,51,regcomp,B,5100.0,cd_cs_100_vs_A_nL6_B9600,51,prop,theta2,donor,design,regB_t,2,1,4.966635360913204e-05,5.953907638040893,1.0,1.0,1.0,,,1.0,0.0,,,,C_ppi,67.0
ACS_STATES,package,51,regcomp,B,5300.0,cd_cs_100_vs_A_nL8_B9600,51,prop,theta3,donor,design,regB_t,2,1,0.014833656093471814,3.2935278864757116,1.0,1.0,1.0,,,0.0,1.0,,,,r4_classical,70.0
ACS_STATES,package,51,regcomp,B,5300.0,cd_cs_100_vs_A_nL8_B9600,51,prop,theta3,donor,design,regB_t,2,1,0.0008498902282667492,0.33240254166579075,1.0,1.0,1.0,,,0.9993995323681013,0.0,,,,r4_ppi,70.0
ACS_STATES,package,51,regcomp,B,5300.0,cd_cs_100_vs_A_nL8_B9600,51,prop,theta3,donor,design,regB_t,2,1,0.0003378716290580459,2.2032078732108147,1.0,1.0,1.0,,,0.0,1.0,,,,P_classical,70.0
ACS_STATES,package,51,regcomp,B,5300.0,cd_cs_100_vs_A_nL8_B9600,51,prop,theta3,donor,design,regB_t,2,1,0.0008475625454173497,0.3336729380080012,1.0,1.0,1.0,,,0.999042838393772,0.0,,,,P_ppi,70.0
ACS_STATES,package,51,regcomp,B,5300.0,cd_cs_100_vs_A_nL8_B9600,51,prop,theta3,donor,design,regB_t,2,1,0.00023929581763549516,3.469694550841527,1.0,1.0,1.0,,,0.0,1.0,,,,C_classical,70.0
ACS_STATES,package,51,regcomp,B,5300.0,cd_cs_100_vs_A_nL8_B9600,51,prop,theta3,donor,design,regB_t,2,1,0.0008637433650524217,0.3396171229249961,1.0,1.0,1.0,,,0.9955157470872522,0.0,,,,C_ppi,70.0
ACS_STATES,package,51,regcomp,B,5300.0,cd_cs_100_vs_A_nL8_B9600,51,prop,theta2,donor,design,regB_t,2,1,2.6918745586373855e-05,28.771131725448928,0.5,0.5,0.5,,,0.0,1.0,,,,r4_classical,70.0
ACS_STATES,package,51,regcomp,B,5300.0,cd_cs_100_vs_A_nL8_B9600,51,prop,theta2,donor,design,regB_t,2,1,0.00014566352108633213,2.09195180718757,1.0,1.0,1.0,,,0.9888512083861437,0.0,,,,r4_ppi,70.0
ACS_STATES,package,51,regcomp,B,5300.0,cd_cs_100_vs_A_nL8_B9600,51,prop,theta2,donor,design,regB_t,2,1,2.6918745586373855e-05,28.771131725448928,0.5,0.5,0.5,,,0.0,1.0,,,,P_classical,70.0
ACS_STATES,package,51,regcomp,B,5300.0,cd_cs_100_vs_A_nL8_B9600,51,prop,theta2,donor,design,regB_t,2,1,0.0001478509660778534,2.060769054465055,1.0,1.0,1.0,,,0.9897405730661222,0.0,,,,P_ppi,70.0
ACS_STATES,package,51,regcomp,B,5300.0,cd_cs_100_vs_A_nL8_B9600,51,prop,theta2,donor,design,regB_t,2,1,2.6918745586373855e-05,28.771131725448928,0.5,0.5,0.5,,,0.0,1.0,,,,C_classical,70.0
ACS_STATES,package,51,regcomp,B,5300.0,cd_cs_100_vs_A_nL8_B9600,51,prop,theta2,donor,design,regB_t,2,1,0.00014566352108633213,2.0919518071875696,1.0,1.0,1.0,,,0.9888512083861462,0.0,,,,C_ppi,70.0
ACS_STATES,package,51,regcomp,B,5700.0,cd_cs_100_vs_A_nL12_B9600,51,prop,theta3,donor,design,regB_t,2,1,0.001787630026720432,25.689349606856318,1.0,1.0,1.0,,,0.0,1.0,,,,r4_classical,75.0
ACS_STATES,package,51,regcomp,B,5700.0,cd_cs_100_vs_A_nL12_B9600,51,prop,theta3,donor,design,regB_t,2,1,0.0014225239509464004,0.20712703425857715,0.5,0.5,0.5,,,1.0,0.0,,,,r4_ppi,75.0
ACS_STATES,package,51,regcomp,B,5700.0,cd_cs_100_vs_A_nL12_B9600,51,prop,theta3,donor,design,regB_t,2,1,0.004958553575276322,0.17014968518375553,0.5,0.5,0.5,,,0.0,1.0,,,,P_classical,75.0
ACS_STATES,package,51,regcomp,B,5700.0,cd_cs_100_vs_A_nL12_B9600,51,prop,theta3,donor,design,regB_t,2,1,0.0014850388583388314,0.19935967266670276,0.5,0.5,0.5,,,0.9824776318497317,0.0,,,,P_ppi,75.0
ACS_STATES,package,51,regcomp,B,5700.0,cd_cs_100_vs_A_nL12_B9600,51,prop,theta3,donor,design,regB_t,2,1,0.00586859408340892,0.15531416617804455,0.0,0.0,0.0,,,0.0,1.0,,,,C_classical,75.0
ACS_STATES,package,51,regcomp,B,5700.0,cd_cs_100_vs_A_nL12_B9600,51,prop,theta3,donor,design,regB_t,2,1,0.001711053224836461,0.18127120508618208,0.5,0.5,0.5,,,0.9903818194080862,0.0,,,,C_ppi,75.0
ACS_STATES,package,51,regcomp,B,5700.0,cd_cs_100_vs_A_nL12_B9600,51,prop,theta2,donor,design,regB_t,2,1,0.0016307557951594637,0.4226734453177154,1.0,1.0,1.0,,,0.0,1.0,,,,r4_classical,75.0
ACS_STATES,package,51,regcomp,B,5700.0,cd_cs_100_vs_A_nL12_B9600,51,prop,theta2,donor,design,regB_t,2,1,0.0006542689118982763,0.41557017721605327,1.0,1.0,1.0,,,1.0,0.0,,,,r4_ppi,75.0
ACS_STATES,package,51,regcomp,B,5700.0,cd_cs_100_vs_A_nL12_B9600,51,prop,theta2,donor,design,regB_t,2,1,0.0016307557951594637,0.4226734453177154,1.0,1.0,1.0,,,0.0,1.0,,,,P_classical,75.0
ACS_STATES,package,51,regcomp,B,5700.0,cd_cs_100_vs_A_nL12_B9600,51,prop,theta2,donor,design,regB_t,2,1,0.0006540329953799873,0.41570683261278124,1.0,1.0,1.0,,,1.0,0.0,,,,P_ppi,75.0
ACS_STATES,package,51,regcomp,B,5700.0,cd_cs_100_vs_A_nL12_B9600,51,prop,theta2,donor,design,regB_t,2,1,0.0016307557951594637,0.4226734453177154,1.0,1.0,1.0,,,0.0,1.0,,,,C_classical,75.0
ACS_STATES,package,51,regcomp,B,5700.0,cd_cs_100_vs_A_nL12_B9600,51,prop,theta2,donor,design,regB_t,2,1,0.0006542689118982763,0.41557017721605327,1.0,1.0,1.0,,,1.0,0.0,,,,C_ppi,75.0
